Timestamp,GPS_Time,Latitude,Longitude,Altitude(m),Speed(m/s),Climb(m/s),Heading(deg),Loss_Rate(%),Avg_Ping(ms),Dist_to_Arm_Pt(m),Flight_Dist(m),WP_Speed(m/s),WP_Radius(m),WP_Accel(m/s2),Network,Band,Signal_dBm,RSRP,RSRQ,SNR,RSSI,Jitter(ms),Cell_ID,PCI
2026-06-10 16:01:42.559,2026-06-10 16:03:38.873,22.6613554,114.5003668,0.0,0.0,-0.00,166.2,41.2,20.3,0.0,0.00,10.0,2.0,2.5,NR5G-SA,n79,-102,-102,-10,16,-82,5.0,C3228E001,568
2026-06-10 16:01:42.759,2026-06-10 16:03:39.073,22.6613554,114.5003668,0.0,0.0,-0.00,166.2,41.2,20.3,0.0,0.00,10.0,2.0,2.5,NR5G-SA,n79,-102,-102,-10,16,-82,6.7,C3228E001,568
2026-06-10 16:01:42.959,2026-06-10 16:03:39.073,22.6613554,114.5003668,0.0,0.0,-0.00,166.2,41.2,20.3,0.0,0.00,10.0,2.0,2.5,NR5G-SA,n79,-102,-102,-10,16,-82,13.5,C3228E001,568
2026-06-10 16:01:43.160,2026-06-10 16:03:39.473,22.6613554,114.5003668,0.0,0.0,-0.00,166.2,41.2,20.3,0.0,0.00,10.0,2.0,2.5,NR5G-SA,n79,-102,-102,-10,16,-82,10.9,C3228E001,568
2026-06-10 16:01:43.360,2026-06-10 16:03:39.673,22.6613554,114.5003668,0.0,0.0,-0.00,166.2,28.8,19.8,0.0,0.00,10.0,2.0,2.5,NR5G-SA,n79,-102,-102,-10,16,-82,8.8,C3228E001,568
2026-06-10 16:01:43.560,2026-06-10 16:03:39.873,22.6613554,114.5003668,0.0,0.0,-0.00,166.2,28.8,19.8,0.0,0.00,10.0,2.0,2.5,NR5G-SA,n79,-101,-101,-10,16,-81,4.4,C3228E001,568
2026-06-10 16:01:43.760,2026-06-10 16:03:40.073,22.6613554,114.5003668,0.0,0.0,-0.00,166.2,28.8,19.8,0.0,0.00,10.0,2.0,2.5,NR5G-SA,n79,-101,-101,-10,16,-81,5.4,C3228E001,568
2026-06-10 16:01:43.961,2026-06-10 16:03:40.073,22.6613554,114.5003668,0.0,0.0,-0.00,166.2,28.8,19.8,0.0,0.00,10.0,2.0,2.5,NR5G-SA,n79,-101,-101,-10,16,-81,13.7,C3228E001,568
2026-06-10 16:01:44.161,2026-06-10 16:03:40.473,22.6613554,114.5003668,0.0,0.0,-0.00,166.2,28.8,19.8,0.0,0.00,10.0,2.0,2.5,NR5G-SA,n79,-103,-103,-10,16,-83,10.2,C3228E001,568
2026-06-10 16:01:44.362,2026-06-10 16:03:40.673,22.6613554,114.5003668,0.0,0.0,-0.00,166.2,34.3,19.8,0.0,0.00,10.0,2.0,2.5,NR5G-SA,n79,-103,-103,-10,16,-83,9.1,C3228E001,568
2026-06-10 16:01:44.562,2026-06-10 16:03:40.873,22.6613554,114.5003668,0.0,0.0,0.00,166.1,34.3,19.8,0.0,0.00,10.0,2.0,2.5,NR5G-SA,n79,-103,-103,-10,16,-83,5.6,C3228E001,568
2026-06-10 16:01:44.762,2026-06-10 16:03:40.873,22.6613554,114.5003668,0.0,0.0,0.04,166.3,34.3,19.8,0.0,0.00,10.0,2.0,2.5,NR5G-SA,n79,-103,-103,-11,15,-83,7.9,C3228E001,568
2026-06-10 16:01:44.963,2026-06-10 16:03:41.073,22.6613555,114.5003667,0.1,0.1,0.33,167.0,34.3,19.8,0.0,0.02,10.0,2.0,2.5,NR5G-SA,n79,-103,-103,-11,15,-83,14.9,C3228E001,568
2026-06-10 16:01:45.163,2026-06-10 16:03:41.473,22.6613555,114.5003667,0.1,0.1,0.33,167.0,34.3,19.8,0.0,0.02,10.0,2.0,2.5,NR5G-SA,n79,-97,-97,-10,14,-77,11.8,C3228E001,568
2026-06-10 16:01:45.363,2026-06-10 16:03:41.673,22.6613556,114.5003667,0.2,0.1,0.52,167.6,38.0,19.6,0.0,0.03,10.0,2.0,2.5,NR5G-SA,n79,-97,-97,-10,14,-77,9.8,C3228E001,568
2026-06-10 16:01:45.564,2026-06-10 16:03:41.873,22.6613558,114.5003668,0.3,0.1,0.70,167.9,38.0,19.6,0.0,0.05,10.0,2.0,2.5,NR5G-SA,n79,-97,-97,-10,14,-77,5.7,C3228E001,568
2026-06-10 16:01:45.764,2026-06-10 16:03:42.073,22.6613560,114.5003670,0.6,0.1,0.91,168.1,38.0,19.6,0.1,0.08,10.0,2.0,2.5,NR5G-SA,n79,-101,-101,-10,15,-81,5.9,C3228E001,568
2026-06-10 16:01:45.964,2026-06-10 16:03:42.073,22.6613560,114.5003674,0.8,0.1,1.14,168.2,38.0,19.6,0.1,0.12,10.0,2.0,2.5,NR5G-SA,n79,-101,-101,-10,15,-81,12.3,C3228E001,568
2026-06-10 16:01:46.164,2026-06-10 16:03:42.473,22.6613560,114.5003674,0.8,0.1,1.14,168.2,38.0,19.6,0.1,0.12,10.0,2.0,2.5,NR5G-SA,n79,-101,-101,-10,15,-81,6.3,C3228E001,568
2026-06-10 16:01:46.365,2026-06-10 16:03:42.673,22.6613559,114.5003677,1.2,0.1,1.42,168.2,24.3,19.9,0.1,0.15,10.0,2.0,2.5,NR5G-SA,n79,-100,-100,-11,14,-80,5.0,C3228E001,568
2026-06-10 16:01:46.565,2026-06-10 16:03:42.873,22.6613558,114.5003678,1.6,0.1,1.69,168.2,24.3,19.9,0.1,0.17,10.0,2.0,2.5,NR5G-SA,n79,-100,-100,-11,14,-80,6.3,C3228E001,568
2026-06-10 16:01:46.765,2026-06-10 16:03:43.073,22.6613558,114.5003678,2.0,0.0,1.96,168.1,24.3,19.9,0.1,0.17,10.0,2.0,2.5,NR5G-SA,n79,-100,-100,-11,14,-80,8.8,C3228E001,568
2026-06-10 16:01:46.966,2026-06-10 16:03:43.073,22.6613557,114.5003677,2.6,0.0,2.22,167.8,24.3,19.9,0.1,0.19,10.0,2.0,2.5,NR5G-SA,n79,-98,-98,-10,15,-78,14.1,C3228E001,568
2026-06-10 16:01:47.166,2026-06-10 16:03:43.473,22.6613557,114.5003677,2.6,0.0,2.22,167.8,24.3,19.9,0.1,0.19,10.0,2.0,2.5,NR5G-SA,n79,-98,-98,-10,15,-78,9.8,C3228E001,568
2026-06-10 16:01:47.366,2026-06-10 16:03:43.673,22.6613557,114.5003676,3.2,0.0,2.42,167.8,0.0,19.9,0.1,0.20,10.0,2.0,2.5,NR5G-SA,n79,-98,-98,-10,15,-78,6.3,C3228E001,568
2026-06-10 16:01:47.567,2026-06-10 16:03:43.873,22.6613557,114.5003675,3.8,0.0,2.49,167.8,0.0,20.5,0.1,0.21,10.0,2.0,2.5,NR5G-SA,n79,-98,-98,-10,15,-78,5.3,C3228E001,568
2026-06-10 16:01:47.767,2026-06-10 16:03:43.873,22.6613557,114.5003674,4.5,0.1,2.48,167.8,0.0,20.5,0.1,0.22,10.0,2.0,2.5,NR5G-SA,n79,-96,-96,-10,14,-76,11.5,C3228E001,568
2026-06-10 16:01:47.967,2026-06-10 16:03:44.073,22.6613556,114.5003673,5.1,0.0,2.46,167.8,0.0,20.5,0.1,0.23,10.0,2.0,2.5,NR5G-SA,n79,-90,-90,-10,15,-70,14.3,C3228E001,568
2026-06-10 16:01:48.168,2026-06-10 16:03:44.473,22.6613556,114.5003673,5.1,0.0,2.46,167.8,0.0,20.5,0.1,0.23,10.0,2.0,2.5,NR5G-SA,n79,-90,-90,-10,15,-70,8.1,C3228E001,568
2026-06-10 16:01:48.368,2026-06-10 16:03:44.673,22.6613555,114.5003673,5.7,0.0,2.45,167.8,7.8,20.5,0.1,0.24,10.0,2.0,2.5,NR5G-SA,n79,-90,-90,-10,15,-70,7.1,C3228E001,568
2026-06-10 16:01:48.568,2026-06-10 16:03:44.873,22.6613555,114.5003672,6.3,0.0,2.46,167.8,7.8,21.4,0.0,0.25,10.0,2.0,2.5,NR5G-SA,n79,-83,-83,-10,17,-63,6.3,C3228E001,568
2026-06-10 16:01:48.769,2026-06-10 16:03:45.073,22.6613554,114.5003672,6.9,0.0,2.46,167.8,7.8,21.4,0.0,0.26,10.0,2.0,2.5,NR5G-SA,n79,-83,-83,-10,17,-63,7.9,C3228E001,568
2026-06-10 16:01:48.969,2026-06-10 16:03:45.473,22.6613554,114.5003671,7.5,0.0,2.46,167.7,7.8,21.4,0.0,0.27,10.0,2.0,2.5,NR5G-SA,n79,-83,-83,-10,17,-63,8.9,C3228E001,568
2026-06-10 16:01:49.169,2026-06-10 16:03:45.473,22.6613554,114.5003671,7.5,0.0,2.46,167.7,7.8,21.4,0.0,0.27,10.0,2.0,2.5,NR5G-SA,n79,-78,-78,-10,21,-58,11.2,C3228E001,568
2026-06-10 16:01:49.370,2026-06-10 16:03:45.673,22.6613554,114.5003670,8.2,0.0,2.46,167.4,0.0,21.4,0.0,0.28,10.0,2.0,2.5,NR5G-SA,n79,-78,-78,-10,21,-58,10.7,C3228E001,568
2026-06-10 16:01:49.570,2026-06-10 16:03:45.873,22.6613553,114.5003669,8.8,0.0,2.48,167.2,0.0,22.5,0.0,0.30,10.0,2.0,2.5,NR5G-SA,n79,-76,-76,-10,23,-56,6.1,C3228E001,568
2026-06-10 16:01:49.770,2026-06-10 16:03:46.073,22.6613553,114.5003669,9.4,0.0,2.49,167.0,0.0,22.5,0.0,0.30,10.0,2.0,2.5,NR5G-SA,n79,-76,-76,-10,23,-56,8.2,C3228E001,568
2026-06-10 16:01:49.970,2026-06-10 16:03:46.073,22.6613553,114.5003668,10.0,0.0,2.51,166.9,0.0,22.5,0.0,0.31,10.0,2.0,2.5,NR5G-SA,n79,-76,-76,-10,23,-56,12.7,C3228E001,568
2026-06-10 16:01:50.171,2026-06-10 16:03:46.473,22.6613553,114.5003668,10.0,0.0,2.51,166.9,0.0,22.5,0.0,0.31,10.0,2.0,2.5,NR5G-SA,n79,-75,-75,-10,23,-55,10.3,C3228E001,568
2026-06-10 16:01:50.371,2026-06-10 16:03:46.673,22.6613553,114.5003668,10.6,0.0,2.52,166.8,11.1,22.5,0.0,0.31,10.0,2.0,2.5,NR5G-SA,n79,-75,-75,-10,23,-55,5.5,C3228E001,568
2026-06-10 16:01:50.571,2026-06-10 16:03:46.873,22.6613553,114.5003668,11.3,0.0,2.52,166.7,11.1,23.0,0.0,0.31,10.0,2.0,2.5,NR5G-SA,n79,-75,-75,-10,23,-55,5.3,C3228E001,568
2026-06-10 16:01:50.772,2026-06-10 16:03:47.073,22.6613554,114.5003668,11.9,0.0,2.52,166.7,11.1,23.0,0.0,0.32,10.0,2.0,2.5,NR5G-SA,n79,-73,-73,-10,22,-53,7.5,C3228E001,568
2026-06-10 16:01:50.972,2026-06-10 16:03:47.073,22.6613554,114.5003668,12.5,0.0,2.51,166.6,11.1,23.0,0.0,0.32,10.0,2.0,2.5,NR5G-SA,n79,-73,-73,-10,22,-53,9.5,C3228E001,568
2026-06-10 16:01:51.172,2026-06-10 16:03:47.473,22.6613554,114.5003668,12.5,0.0,2.51,166.6,11.1,23.0,0.0,0.32,10.0,2.0,2.5,NR5G-SA,n79,-73,-73,-10,22,-53,12.0,C3228E001,568
2026-06-10 16:01:51.373,2026-06-10 16:03:47.673,22.6613555,114.5003667,13.1,0.0,2.51,166.6,45.0,23.0,0.0,0.34,10.0,2.0,2.5,NR5G-SA,n79,-70,-70,-10,22,-50,9.0,C3228E001,568
2026-06-10 16:01:51.573,2026-06-10 16:03:47.873,22.6613555,114.5003667,13.8,0.0,2.52,166.6,45.0,22.6,0.0,0.34,10.0,2.0,2.5,NR5G-SA,n79,-70,-70,-10,22,-50,4.7,C3228E001,568
2026-06-10 16:01:51.773,2026-06-10 16:03:48.073,22.6613555,114.5003666,14.4,0.0,2.51,166.5,45.0,22.6,0.0,0.35,10.0,2.0,2.5,NR5G-SA,n79,-70,-70,-10,22,-50,6.2,C3228E001,568
2026-06-10 16:01:51.973,2026-06-10 16:03:48.073,22.6613555,114.5003666,15.0,0.0,2.53,166.6,45.0,22.6,0.0,0.35,10.0,2.0,2.5,NR5G-SA,n79,-72,-72,-10,21,-52,9.7,C3228E001,568
2026-06-10 16:01:52.174,2026-06-10 16:03:48.473,22.6613555,114.5003666,15.0,0.0,2.53,166.6,45.0,22.6,0.0,0.35,10.0,2.0,2.5,NR5G-SA,n79,-72,-72,-10,21,-52,10.3,C3228E001,568
2026-06-10 16:01:52.374,2026-06-10 16:03:48.673,22.6613555,114.5003665,15.6,0.0,2.53,166.7,25.2,22.6,0.0,0.36,10.0,2.0,2.5,NR5G-SA,n79,-70,-70,-10,21,-50,5.0,C3228E001,568
2026-06-10 16:01:52.574,2026-06-10 16:03:48.873,22.6613555,114.5003665,16.2,0.0,2.52,166.8,25.2,20.9,0.0,0.36,10.0,2.0,2.5,NR5G-SA,n79,-70,-70,-10,21,-50,4.7,C3228E001,568
2026-06-10 16:01:52.774,2026-06-10 16:03:49.073,22.6613555,114.5003666,16.9,0.0,2.52,166.8,25.2,20.9,0.0,0.37,10.0,2.0,2.5,NR5G-SA,n79,-70,-70,-10,21,-50,7.4,C3228E001,568
2026-06-10 16:01:52.975,2026-06-10 16:03:49.073,22.6613555,114.5003665,17.5,0.0,2.52,167.0,25.2,20.9,0.0,0.38,10.0,2.0,2.5,NR5G-SA,n79,-68,-68,-10,22,-48,12.4,C3228E001,568
2026-06-10 16:01:53.175,2026-06-10 16:03:49.473,22.6613555,114.5003665,17.5,0.0,2.52,167.0,25.2,20.9,0.0,0.38,10.0,2.0,2.5,NR5G-SA,n79,-68,-68,-10,22,-48,10.4,C3228E001,568
2026-06-10 16:01:53.375,2026-06-10 16:03:49.673,22.6613554,114.5003665,18.1,0.0,2.53,167.0,37.2,20.9,0.0,0.39,10.0,2.0,2.5,NR5G-SA,n79,-68,-68,-10,22,-48,8.9,C3228E001,568
2026-06-10 16:01:53.576,2026-06-10 16:03:49.873,22.6613554,114.5003665,18.7,0.0,2.54,167.0,37.2,19.9,0.0,0.39,10.0,2.0,2.5,NR5G-SA,n79,-70,-70,-10,25,-50,5.1,C3228E001,568
2026-06-10 16:01:53.776,2026-06-10 16:03:50.073,22.6613555,114.5003665,19.4,0.0,2.53,166.9,37.2,19.9,0.0,0.40,10.0,2.0,2.5,NR5G-SA,n79,-70,-70,-10,25,-50,8.9,C3228E001,568
2026-06-10 16:01:53.977,2026-06-10 16:03:50.073,22.6613554,114.5003665,20.0,0.0,2.52,166.9,37.2,19.9,0.0,0.41,10.0,2.0,2.5,NR5G-SA,n79,-70,-70,-10,25,-50,12.8,C3228E001,568
2026-06-10 16:01:54.177,2026-06-10 16:03:50.473,22.6613554,114.5003665,20.0,0.0,2.52,166.9,37.2,19.9,0.0,0.41,10.0,2.0,2.5,NR5G-SA,n79,-69,-69,-10,27,-49,11.2,C3228E001,568
2026-06-10 16:01:54.377,2026-06-10 16:03:50.673,22.6613555,114.5003665,20.6,0.0,2.52,166.9,33.8,19.9,0.0,0.42,10.0,2.0,2.5,NR5G-SA,n79,-69,-69,-10,27,-49,8.0,C3228E001,568
2026-06-10 16:01:54.578,2026-06-10 16:03:50.873,22.6613555,114.5003665,21.2,0.0,2.51,166.9,33.8,19.3,0.0,0.42,10.0,2.0,2.5,NR5G-SA,n79,-69,-69,-10,28,-49,5.4,C3228E001,568
2026-06-10 16:01:54.778,2026-06-10 16:03:51.073,22.6613555,114.5003665,21.9,0.0,2.53,167.0,33.8,19.3,0.0,0.42,10.0,2.0,2.5,NR5G-SA,n79,-69,-69,-10,28,-49,5.3,C3228E001,568
2026-06-10 16:01:54.978,2026-06-10 16:03:51.073,22.6613556,114.5003665,22.5,0.1,2.52,167.1,33.8,19.3,0.0,0.43,10.0,2.0,2.5,NR5G-SA,n79,-69,-69,-10,28,-49,11.2,C3228E001,568
2026-06-10 16:01:55.179,2026-06-10 16:03:51.473,22.6613556,114.5003665,22.5,0.1,2.52,167.1,33.8,19.3,0.0,0.43,10.0,2.0,2.5,NR5G-SA,n79,-66,-66,-10,27,-46,9.6,C3228E001,568
2026-06-10 16:01:55.379,2026-06-10 16:03:51.673,22.6613557,114.5003665,23.1,0.1,2.52,167.3,29.6,19.3,0.0,0.44,10.0,2.0,2.5,NR5G-SA,n79,-66,-66,-10,27,-46,7.7,C3228E001,568
2026-06-10 16:01:55.579,2026-06-10 16:03:51.873,22.6613558,114.5003665,23.7,0.1,2.51,167.3,29.6,18.8,0.1,0.46,10.0,2.0,2.5,NR5G-SA,n79,-66,-66,-10,27,-46,5.7,C3228E001,568
2026-06-10 16:01:55.780,2026-06-10 16:03:52.073,22.6613560,114.5003664,24.4,0.1,2.50,167.5,29.6,18.8,0.1,0.48,10.0,2.0,2.5,NR5G-SA,n79,-67,-67,-10,28,-47,6.3,C3228E001,568
2026-06-10 16:01:55.980,2026-06-10 16:03:52.073,22.6613560,114.5003662,25.0,0.0,2.52,167.3,29.6,18.8,0.1,0.50,10.0,2.0,2.5,NR5G-SA,n79,-67,-67,-10,28,-47,12.2,C3228E001,568
2026-06-10 16:01:56.180,2026-06-10 16:03:52.473,22.6613560,114.5003662,25.0,0.0,2.52,167.3,29.6,18.8,0.1,0.50,10.0,2.0,2.5,NR5G-SA,n79,-67,-67,-10,28,-47,9.7,C3228E001,568
2026-06-10 16:01:56.381,2026-06-10 16:03:52.673,22.6613560,114.5003661,25.6,0.0,2.51,167.1,42.9,18.8,0.1,0.51,10.0,2.0,2.5,NR5G-SA,n79,-66,-66,-10,29,-46,6.6,C3228E001,568
2026-06-10 16:01:56.581,2026-06-10 16:03:52.873,22.6613560,114.5003661,26.3,0.0,2.50,166.9,42.9,18.8,0.1,0.51,10.0,2.0,2.5,NR5G-SA,n79,-66,-66,-10,29,-46,6.8,C3228E001,568
2026-06-10 16:01:56.781,2026-06-10 16:03:53.073,22.6613560,114.5003661,26.9,0.0,2.52,166.8,42.9,18.7,0.1,0.51,10.0,2.0,2.5,NR5G-SA,n79,-65,-65,-10,29,-45,6.1,C3228E001,568
2026-06-10 16:01:56.982,2026-06-10 16:03:53.073,22.6613559,114.5003660,27.5,0.0,2.52,166.8,42.9,18.7,0.1,0.53,10.0,2.0,2.5,NR5G-SA,n79,-65,-65,-10,29,-45,10.5,C3228E001,568
2026-06-10 16:01:57.182,2026-06-10 16:03:53.473,22.6613559,114.5003660,27.5,0.0,2.52,166.8,42.9,18.7,0.1,0.53,10.0,2.0,2.5,NR5G-SA,n79,-65,-65,-10,29,-45,9.0,C3228E001,568
2026-06-10 16:01:57.382,2026-06-10 16:03:53.673,22.6613559,114.5003660,28.1,0.0,2.51,166.9,14.9,18.7,0.1,0.53,10.0,2.0,2.5,NR5G-SA,n79,-65,-65,-10,29,-45,6.4,C3228E001,568
2026-06-10 16:01:57.583,2026-06-10 16:03:53.873,22.6613559,114.5003660,28.8,0.0,2.52,166.9,14.9,18.7,0.1,0.53,10.0,2.0,2.5,NR5G-SA,n79,-65,-65,-10,29,-45,5.2,C3228E001,568
2026-06-10 16:01:57.783,2026-06-10 16:03:54.073,22.6613559,114.5003661,29.4,0.0,2.50,167.0,14.9,19.3,0.1,0.54,10.0,2.0,2.5,NR5G-SA,n79,-65,-65,-10,29,-45,7.3,C3228E001,568
2026-06-10 16:01:57.983,2026-06-10 16:03:54.073,22.6613559,114.5003662,30.0,0.0,2.52,167.0,14.9,19.3,0.1,0.55,10.0,2.0,2.5,NR5G-SA,n79,-67,-67,-10,28,-47,9.3,C3228E001,568
2026-06-10 16:01:58.184,2026-06-10 16:03:54.473,22.6613559,114.5003662,30.0,0.0,2.52,167.0,14.9,19.3,0.1,0.55,10.0,2.0,2.5,NR5G-SA,n79,-67,-67,-10,28,-47,10.0,C3228E001,568
2026-06-10 16:01:58.384,2026-06-10 16:03:54.673,22.6613559,114.5003663,30.6,0.0,2.50,167.0,0.0,19.3,0.1,0.56,10.0,2.0,2.5,NR5G-SA,n79,-67,-67,-10,28,-47,5.9,C3228E001,568
2026-06-10 16:01:58.584,2026-06-10 16:03:54.873,22.6613558,114.5003663,31.3,0.0,2.48,167.0,0.0,19.3,0.1,0.57,10.0,2.0,2.5,NR5G-SA,n79,-65,-65,-10,27,-45,5.7,C3228E001,568
2026-06-10 16:01:58.785,2026-06-10 16:03:55.073,22.6613558,114.5003663,31.9,0.0,2.50,167.0,0.0,19.3,0.1,0.57,10.0,2.0,2.5,NR5G-SA,n79,-65,-65,-10,27,-45,6.5,C3228E001,568
2026-06-10 16:01:58.985,2026-06-10 16:03:55.073,22.6613557,114.5003663,32.5,0.0,2.50,167.0,0.0,19.3,0.1,0.58,10.0,2.0,2.5,NR5G-SA,n79,-64,-64,-10,25,-44,9.1,C3228E001,568
2026-06-10 16:01:59.185,2026-06-10 16:03:55.473,22.6613557,114.5003663,32.5,0.0,2.50,167.0,0.0,19.3,0.1,0.58,10.0,2.0,2.5,NR5G-SA,n79,-64,-64,-10,25,-44,6.8,C3228E001,568
2026-06-10 16:01:59.386,2026-06-10 16:03:55.673,22.6613557,114.5003663,33.1,0.0,2.50,166.9,2.5,19.3,0.1,0.58,10.0,2.0,2.5,NR5G-SA,n79,-64,-64,-10,25,-44,9.4,C3228E001,568
2026-06-10 16:01:59.586,2026-06-10 16:03:55.873,22.6613557,114.5003663,33.8,0.0,2.50,166.9,2.5,19.3,0.1,0.58,10.0,2.0,2.5,NR5G-SA,n79,-66,-66,-10,23,-46,4.9,C3228E001,568
2026-06-10 16:01:59.786,2026-06-10 16:03:56.073,22.6613556,114.5003663,34.4,0.0,2.51,166.9,2.5,19.9,0.1,0.59,10.0,2.0,2.5,NR5G-SA,n79,-66,-66,-10,23,-46,8.8,C3228E001,568
2026-06-10 16:01:59.987,2026-06-10 16:03:56.073,22.6613556,114.5003663,35.0,0.0,2.50,166.9,2.5,19.9,0.1,0.59,10.0,2.0,2.5,NR5G-SA,n79,-66,-66,-10,23,-46,9.8,C3228E001,568
2026-06-10 16:02:00.187,2026-06-10 16:03:56.473,22.6613556,114.5003663,35.0,0.0,2.50,166.9,2.5,19.9,0.1,0.59,10.0,2.0,2.5,NR5G-SA,n79,-67,-67,-10,21,-47,10.7,C3228E001,568
2026-06-10 16:02:00.387,2026-06-10 16:03:56.673,22.6613557,114.5003664,35.6,0.0,2.49,166.9,0.0,19.9,0.1,0.60,10.0,2.0,2.5,NR5G-SA,n79,-67,-67,-10,21,-47,8.2,C3228E001,568
2026-06-10 16:02:00.588,2026-06-10 16:03:56.873,22.6613557,114.5003664,36.3,0.0,2.50,166.9,0.0,19.9,0.1,0.60,10.0,2.0,2.5,NR5G-SA,n79,-67,-67,-10,21,-47,6.2,C3228E001,568
2026-06-10 16:02:00.788,2026-06-10 16:03:57.073,22.6613557,114.5003664,36.9,0.0,2.49,166.9,0.0,20.2,0.1,0.60,10.0,2.0,2.5,NR5G-SA,n79,-66,-66,-10,21,-46,6.8,C3228E001,568
2026-06-10 16:02:00.988,2026-06-10 16:03:57.073,22.6613556,114.5003664,37.5,0.0,2.50,166.8,0.0,20.2,0.0,0.62,10.0,2.0,2.5,NR5G-SA,n79,-66,-66,-10,21,-46,8.3,C3228E001,568
2026-06-10 16:02:01.188,2026-06-10 16:03:57.473,22.6613556,114.5003664,37.5,0.0,2.50,166.8,0.0,20.2,0.0,0.62,10.0,2.0,2.5,NR5G-SA,n79,-67,-67,-10,22,-47,11.9,C3228E001,568
2026-06-10 16:02:01.389,2026-06-10 16:03:57.673,22.6613556,114.5003664,38.1,0.0,2.50,166.8,18.8,20.2,0.0,0.62,10.0,2.0,2.5,NR5G-SA,n79,-67,-67,-10,22,-47,10.2,C3228E001,568
2026-06-10 16:02:01.589,2026-06-10 16:03:57.873,22.6613555,114.5003664,38.8,0.0,2.48,166.8,18.8,20.2,0.0,0.63,10.0,2.0,2.5,NR5G-SA,n79,-67,-67,-10,22,-47,6.8,C3228E001,568
2026-06-10 16:02:01.789,2026-06-10 16:03:58.073,22.6613555,114.5003664,39.4,0.0,2.48,166.8,18.8,20.8,0.0,0.63,10.0,2.0,2.5,NR5G-SA,n79,-67,-67,-10,22,-47,5.9,C3228E001,568
2026-06-10 16:02:01.990,2026-06-10 16:03:58.073,22.6613555,114.5003664,40.0,0.0,2.48,166.7,18.8,20.8,0.0,0.63,10.0,2.0,2.5,NR5G-SA,n79,-68,-68,-10,22,-48,8.8,C3228E001,568
2026-06-10 16:02:02.190,2026-06-10 16:03:58.473,22.6613555,114.5003664,40.0,0.0,2.48,166.7,18.8,20.8,0.0,0.63,10.0,2.0,2.5,NR5G-SA,n79,-68,-68,-10,22,-48,9.8,C3228E001,568
2026-06-10 16:02:02.390,2026-06-10 16:03:58.673,22.6613555,114.5003664,40.6,0.0,2.47,166.7,40.9,20.8,0.0,0.63,10.0,2.0,2.5,NR5G-SA,n79,-68,-68,-10,21,-48,8.2,C3228E001,568
2026-06-10 16:02:02.591,2026-06-10 16:03:58.873,22.6613555,114.5003664,41.3,0.0,2.47,166.7,40.9,20.8,0.0,0.63,10.0,2.0,2.5,NR5G-SA,n79,-68,-68,-10,21,-48,6.0,C3228E001,568
2026-06-10 16:02:02.791,2026-06-10 16:03:59.073,22.6613555,114.5003665,41.9,0.0,2.49,166.7,40.9,20.8,0.0,0.64,10.0,2.0,2.5,NR5G-SA,n79,-68,-68,-10,21,-48,6.4,C3228E001,568
2026-06-10 16:02:02.991,2026-06-10 16:03:59.073,22.6613555,114.5003665,42.5,0.0,2.50,166.7,40.9,20.8,0.0,0.64,10.0,2.0,2.5,NR5G-SA,n79,-68,-68,-10,21,-48,9.7,C3228E001,568
2026-06-10 16:02:03.191,2026-06-10 16:03:59.473,22.6613555,114.5003665,42.5,0.0,2.50,166.7,40.9,20.8,0.0,0.64,10.0,2.0,2.5,NR5G-SA,n79,-68,-68,-10,21,-48,10.0,C3228E001,568
2026-06-10 16:02:03.392,2026-06-10 16:03:59.673,22.6613555,114.5003666,43.1,0.0,2.49,166.6,32.5,20.8,0.0,0.65,10.0,2.0,2.5,NR5G-SA,n79,-71,-71,-10,20,-51,9.0,C3228E001,568
2026-06-10 16:02:03.592,2026-06-10 16:03:59.873,22.6613555,114.5003666,43.8,0.0,2.50,166.6,32.5,20.8,0.0,0.65,10.0,2.0,2.5,NR5G-SA,n79,-71,-71,-10,20,-51,5.9,C3228E001,568
2026-06-10 16:02:03.792,2026-06-10 16:04:00.073,22.6613555,114.5003666,44.4,0.0,2.48,166.6,32.5,22.2,0.0,0.65,10.0,2.0,2.5,NR5G-SA,n79,-71,-71,-10,20,-51,5.5,C3228E001,568
2026-06-10 16:02:03.993,2026-06-10 16:04:00.073,22.6613555,114.5003666,45.0,0.0,2.47,166.6,32.5,22.2,0.0,0.65,10.0,2.0,2.5,NR5G-SA,n79,-72,-72,-10,22,-52,10.9,C3228E001,568
2026-06-10 16:02:04.193,2026-06-10 16:04:00.473,22.6613555,114.5003666,45.0,0.0,2.47,166.6,32.5,22.2,0.0,0.65,10.0,2.0,2.5,NR5G-SA,n79,-72,-72,-10,22,-52,10.1,C3228E001,568
2026-06-10 16:02:04.393,2026-06-10 16:04:00.673,22.6613555,114.5003666,45.7,0.0,2.49,166.6,31.4,22.2,0.0,0.65,10.0,2.0,2.5,NR5G-SA,n79,-72,-72,-10,22,-52,9.7,C3228E001,568
2026-06-10 16:02:04.594,2026-06-10 16:04:00.873,22.6613555,114.5003666,46.3,0.0,2.47,166.6,31.4,22.2,0.0,0.65,10.0,2.0,2.5,NR5G-SA,n79,-74,-74,-10,23,-54,5.2,C3228E001,568
2026-06-10 16:02:04.794,2026-06-10 16:04:01.073,22.6613555,114.5003666,46.9,0.0,2.49,166.6,31.4,22.2,0.0,0.65,10.0,2.0,2.5,NR5G-SA,n79,-74,-74,-10,23,-54,7.1,C3228E001,568
2026-06-10 16:02:04.994,2026-06-10 16:04:01.073,22.6613555,114.5003666,47.5,0.0,2.47,166.6,31.4,21.9,0.0,0.65,10.0,2.0,2.5,NR5G-SA,n79,-74,-74,-10,23,-54,11.2,C3228E001,568
2026-06-10 16:02:05.195,2026-06-10 16:04:01.473,22.6613555,114.5003666,47.5,0.0,2.47,166.6,31.4,21.9,0.0,0.65,10.0,2.0,2.5,NR5G-SA,n79,-75,-75,-10,23,-55,11.6,C3228E001,568
2026-06-10 16:02:05.395,2026-06-10 16:04:01.673,22.6613555,114.5003666,48.2,0.0,2.47,166.6,39.9,21.9,0.0,0.65,10.0,2.0,2.5,NR5G-SA,n79,-75,-75,-10,23,-55,9.0,C3228E001,568
2026-06-10 16:02:05.595,2026-06-10 16:04:01.873,22.6613554,114.5003666,48.8,0.0,2.48,166.6,39.9,21.9,0.0,0.66,10.0,2.0,2.5,NR5G-SA,n79,-75,-75,-10,25,-55,8.3,C3228E001,568
2026-06-10 16:02:05.795,2026-06-10 16:04:02.073,22.6613554,114.5003666,49.4,0.0,2.48,166.6,39.9,21.9,0.0,0.66,10.0,2.0,2.5,NR5G-SA,n79,-75,-75,-10,25,-55,6.2,C3228E001,568
2026-06-10 16:02:05.996,2026-06-10 16:04:02.073,22.6613555,114.5003666,50.0,0.0,2.50,166.5,39.9,21.6,0.0,0.67,10.0,2.0,2.5,NR5G-SA,n79,-75,-75,-10,25,-55,7.6,C3228E001,568
2026-06-10 16:02:06.196,2026-06-10 16:04:02.473,22.6613555,114.5003666,50.0,0.0,2.50,166.5,39.9,21.6,0.0,0.67,10.0,2.0,2.5,NR5G-SA,n79,-75,-75,-10,24,-55,12.5,C3228E001,568
2026-06-10 16:02:06.396,2026-06-10 16:04:02.673,22.6613555,114.5003666,50.6,0.0,2.49,166.4,39.9,21.6,0.0,0.67,10.0,2.0,2.5,NR5G-SA,n79,-75,-75,-10,24,-55,8.6,C3228E001,568
2026-06-10 16:02:06.597,2026-06-10 16:04:02.873,22.6613555,114.5003666,51.3,0.0,2.47,166.5,21.2,21.6,0.0,0.67,10.0,2.0,2.5,NR5G-SA,n79,-75,-75,-10,24,-55,6.0,C3228E001,568
2026-06-10 16:02:06.797,2026-06-10 16:04:03.073,22.6613554,114.5003666,51.9,0.0,2.49,166.5,21.2,21.6,0.0,0.68,10.0,2.0,2.5,NR5G-SA,n79,-75,-75,-10,24,-55,5.5,C3228E001,568
2026-06-10 16:02:06.997,2026-06-10 16:04:03.073,22.6613554,114.5003666,52.5,0.0,2.49,166.5,21.2,21.0,0.0,0.68,10.0,2.0,2.5,NR5G-SA,n79,-75,-75,-10,24,-55,8.7,C3228E001,568
2026-06-10 16:02:07.198,2026-06-10 16:04:03.473,22.6613554,114.5003666,52.5,0.0,2.49,166.5,21.2,21.0,0.0,0.68,10.0,2.0,2.5,NR5G-SA,n79,-75,-75,-10,24,-55,12.6,C3228E001,568
2026-06-10 16:02:07.398,2026-06-10 16:04:03.673,22.6613554,114.5003666,53.1,0.0,2.50,166.4,21.2,21.0,0.0,0.68,10.0,2.0,2.5,NR5G-SA,n79,-75,-75,-10,23,-55,9.9,C3228E001,568
2026-06-10 16:02:07.598,2026-06-10 16:04:03.873,22.6613553,114.5003666,53.8,0.0,2.49,166.4,0.0,21.0,0.0,0.69,10.0,2.0,2.5,NR5G-SA,n79,-75,-75,-10,23,-55,6.5,C3228E001,568
2026-06-10 16:02:07.799,2026-06-10 16:04:04.073,22.6613553,114.5003666,54.4,0.0,2.48,166.4,0.0,21.0,0.0,0.69,10.0,2.0,2.5,NR5G-SA,n79,-75,-75,-10,23,-55,6.0,C3228E001,568
2026-06-10 16:02:07.999,2026-06-10 16:04:04.073,22.6613553,114.5003666,55.0,0.0,2.49,166.4,0.0,21.9,0.0,0.69,10.0,2.0,2.5,NR5G-SA,n79,-75,-75,-10,22,-55,9.2,C3228E001,568
2026-06-10 16:02:08.199,2026-06-10 16:04:04.473,22.6613553,114.5003666,55.0,0.0,2.49,166.4,0.0,21.9,0.0,0.69,10.0,2.0,2.5,NR5G-SA,n79,-75,-75,-10,22,-55,13.0,C3228E001,568
2026-06-10 16:02:08.400,2026-06-10 16:04:04.673,22.6613553,114.5003666,55.6,0.0,2.49,166.5,0.0,21.9,0.0,0.69,10.0,2.0,2.5,NR5G-SA,n79,-75,-75,-10,20,-55,10.2,C3228E001,568
2026-06-10 16:02:08.600,2026-06-10 16:04:04.873,22.6613553,114.5003666,56.3,0.0,2.48,166.5,7.6,21.9,0.0,0.69,10.0,2.0,2.5,NR5G-SA,n79,-75,-75,-10,20,-55,6.5,C3228E001,568
2026-06-10 16:02:08.801,2026-06-10 16:04:05.073,22.6613553,114.5003666,56.9,0.0,2.47,166.5,7.6,21.9,0.0,0.69,10.0,2.0,2.5,NR5G-SA,n79,-75,-75,-10,20,-55,8.0,C3228E001,568
2026-06-10 16:02:09.001,2026-06-10 16:04:05.473,22.6613553,114.5003666,57.5,0.0,2.49,166.4,7.6,21.1,0.0,0.69,10.0,2.0,2.5,NR5G-SA,n79,-75,-75,-10,18,-55,9.8,C3228E001,568
2026-06-10 16:02:09.201,2026-06-10 16:04:05.473,22.6613553,114.5003666,57.5,0.0,2.49,166.4,7.6,21.1,0.0,0.69,10.0,2.0,2.5,NR5G-SA,n79,-75,-75,-10,18,-55,13.5,C3228E001,568
2026-06-10 16:02:09.401,2026-06-10 16:04:05.673,22.6613552,114.5003666,58.1,0.0,2.48,166.4,7.6,21.1,0.0,0.70,10.0,2.0,2.5,NR5G-SA,n79,-75,-75,-10,18,-55,9.9,C3228E001,568
2026-06-10 16:02:09.602,2026-06-10 16:04:05.873,22.6613552,114.5003666,58.8,0.0,2.48,166.4,0.0,21.1,0.0,0.70,10.0,2.0,2.5,NR5G-SA,n79,-75,-75,-10,18,-55,5.5,C3228E001,568
2026-06-10 16:02:09.802,2026-06-10 16:04:06.073,22.6613552,114.5003666,59.4,0.0,2.49,166.5,0.0,21.1,0.0,0.70,10.0,2.0,2.5,NR5G-SA,n79,-75,-75,-10,18,-55,7.4,C3228E001,568
2026-06-10 16:02:10.002,2026-06-10 16:04:06.073,22.6613552,114.5003665,60.0,0.0,2.50,166.5,0.0,20.9,0.0,0.71,10.0,2.0,2.5,NR5G-SA,n79,-75,-75,-10,18,-55,10.2,C3228E001,568
2026-06-10 16:02:10.203,2026-06-10 16:04:06.473,22.6613552,114.5003665,60.0,0.0,2.50,166.5,0.0,20.9,0.0,0.71,10.0,2.0,2.5,NR5G-SA,n79,-75,-75,-10,17,-55,12.2,C3228E001,568
2026-06-10 16:02:10.403,2026-06-10 16:04:06.673,22.6613552,114.5003665,60.7,0.0,2.49,166.4,0.0,20.9,0.0,0.71,10.0,2.0,2.5,NR5G-SA,n79,-75,-75,-10,17,-55,8.6,C3228E001,568
2026-06-10 16:02:10.603,2026-06-10 16:04:06.873,22.6613552,114.5003665,61.3,0.0,2.48,166.4,11.0,20.9,0.0,0.71,10.0,2.0,2.5,NR5G-SA,n79,-75,-75,-10,18,-55,6.2,C3228E001,568
2026-06-10 16:02:10.804,2026-06-10 16:04:07.073,22.6613552,114.5003665,61.9,0.0,2.49,166.4,11.0,20.9,0.0,0.71,10.0,2.0,2.5,NR5G-SA,n79,-75,-75,-10,18,-55,5.1,C3228E001,568
2026-06-10 16:02:11.004,2026-06-10 16:04:07.073,22.6613553,114.5003665,62.5,0.0,2.50,166.3,11.0,20.9,0.0,0.72,10.0,2.0,2.5,NR5G-SA,n79,-75,-75,-10,18,-55,7.7,C3228E001,568
2026-06-10 16:02:11.205,2026-06-10 16:04:07.473,22.6613554,114.5003665,63.2,0.0,2.50,166.3,11.0,20.9,0.0,0.74,10.0,2.0,2.5,NR5G-SA,n79,-75,-75,-10,21,-55,10.8,C3228E001,568
2026-06-10 16:02:11.405,2026-06-10 16:04:07.673,22.6613554,114.5003665,63.2,0.0,2.49,166.3,11.0,20.9,0.0,0.74,10.0,2.0,2.5,NR5G-SA,n79,-75,-75,-10,21,-55,8.4,C3228E001,568
2026-06-10 16:02:11.605,2026-06-10 16:04:07.873,22.6613554,114.5003666,63.8,0.0,2.49,166.3,44.8,20.9,0.0,0.75,10.0,2.0,2.5,NR5G-SA,n79,-75,-75,-10,21,-55,5.1,C3228E001,568
2026-06-10 16:02:11.806,2026-06-10 16:04:08.073,22.6613555,114.5003666,64.4,0.0,2.47,166.2,44.8,20.9,0.0,0.76,10.0,2.0,2.5,NR5G-SA,n79,-75,-75,-10,21,-55,6.3,C3228E001,568
2026-06-10 16:02:12.006,2026-06-10 16:04:08.473,22.6613555,114.5003666,65.0,0.0,2.47,166.2,44.8,22.2,0.0,0.76,10.0,2.0,2.5,NR5G-SA,n79,-75,-75,-10,21,-55,10.2,C3228E001,568
2026-06-10 16:02:12.206,2026-06-10 16:04:08.473,22.6613555,114.5003666,65.6,0.0,2.47,166.3,44.8,22.2,0.0,0.76,10.0,2.0,2.5,NR5G-SA,n79,-75,-75,-10,21,-55,13.4,C3228E001,568
2026-06-10 16:02:12.407,2026-06-10 16:04:08.673,22.6613555,114.5003666,65.6,0.0,2.47,166.3,44.8,22.2,0.0,0.76,10.0,2.0,2.5,NR5G-SA,n79,-75,-75,-10,21,-55,9.5,C3228E001,568
2026-06-10 16:02:12.607,2026-06-10 16:04:08.873,22.6613555,114.5003666,66.3,0.0,2.48,166.3,25.3,22.2,0.0,0.76,10.0,2.0,2.5,NR5G-SA,n79,-75,-75,-10,21,-55,6.0,C3228E001,568
2026-06-10 16:02:12.807,2026-06-10 16:04:09.073,22.6613555,114.5003666,66.9,0.0,2.49,166.3,25.3,22.2,0.0,0.76,10.0,2.0,2.5,NR5G-SA,n79,-75,-75,-10,21,-55,6.7,C3228E001,568
2026-06-10 16:02:13.008,2026-06-10 16:04:09.473,22.6613555,114.5003667,67.5,0.0,2.49,166.4,25.3,22.2,0.0,0.77,10.0,2.0,2.5,NR5G-SA,n79,-75,-75,-10,21,-55,7.0,C3228E001,568
2026-06-10 16:02:13.208,2026-06-10 16:04:09.473,22.6613555,114.5003667,68.1,0.0,2.50,166.5,25.3,22.5,0.0,0.77,10.0,2.0,2.5,NR5G-SA,n79,-75,-75,-10,21,-55,11.5,C3228E001,568
2026-06-10 16:02:13.408,2026-06-10 16:04:09.673,22.6613555,114.5003667,68.1,0.0,2.50,166.5,25.3,22.5,0.0,0.77,10.0,2.0,2.5,NR5G-SA,n79,-75,-75,-10,22,-55,9.3,C3228E001,568
2026-06-10 16:02:13.609,2026-06-10 16:04:09.873,22.6613555,114.5003667,68.8,0.0,2.50,166.5,37.4,22.5,0.0,0.77,10.0,2.0,2.5,NR5G-SA,n79,-75,-75,-10,22,-55,5.7,C3228E001,568
2026-06-10 16:02:13.809,2026-06-10 16:04:10.073,22.6613555,114.5003667,69.4,0.0,2.50,166.4,37.4,22.5,0.0,0.77,10.0,2.0,2.5,NR5G-SA,n79,-75,-75,-10,22,-55,5.9,C3228E001,568
2026-06-10 16:02:14.009,2026-06-10 16:04:10.473,22.6613555,114.5003667,70.0,0.0,2.50,166.4,37.4,22.5,0.0,0.77,10.0,2.0,2.5,NR5G-SA,n79,-75,-75,-10,21,-55,7.9,C3228E001,568
2026-06-10 16:02:14.210,2026-06-10 16:04:10.473,22.6613555,114.5003667,70.6,0.0,2.51,166.4,37.4,22.2,0.0,0.77,10.0,2.0,2.5,NR5G-SA,n79,-75,-75,-10,21,-55,11.5,C3228E001,568
2026-06-10 16:02:14.410,2026-06-10 16:04:10.673,22.6613555,114.5003667,70.6,0.0,2.51,166.4,37.4,22.2,0.0,0.77,10.0,2.0,2.5,NR5G-SA,n79,-75,-75,-10,21,-55,9.5,C3228E001,568
2026-06-10 16:02:14.611,2026-06-10 16:04:10.873,22.6613555,114.5003667,71.3,0.0,2.50,166.3,35.8,22.2,0.0,0.77,10.0,2.0,2.5,NR5G-SA,n79,-75,-75,-10,21,-55,5.9,C3228E001,568
2026-06-10 16:02:14.811,2026-06-10 16:04:11.073,22.6613555,114.5003667,71.9,0.0,2.50,166.3,35.8,22.2,0.0,0.77,10.0,2.0,2.5,NR5G-SA,n79,-75,-75,-10,21,-55,5.8,C3228E001,568
2026-06-10 16:02:15.011,2026-06-10 16:04:11.473,22.6613555,114.5003667,72.5,0.0,2.50,166.3,35.8,22.2,0.0,0.77,10.0,2.0,2.5,NR5G-SA,n79,-75,-75,-10,19,-55,7.5,C3228E001,568
2026-06-10 16:02:15.212,2026-06-10 16:04:11.473,22.6613555,114.5003667,73.1,0.0,2.50,166.2,35.8,21.2,0.0,0.77,10.0,2.0,2.5,NR5G-SA,n79,-75,-75,-10,19,-55,13.5,C3228E001,568
2026-06-10 16:02:15.412,2026-06-10 16:04:11.673,22.6613555,114.5003667,73.1,0.0,2.50,166.2,35.8,21.2,0.0,0.77,10.0,2.0,2.5,NR5G-SA,n79,-75,-75,-10,19,-55,10.5,C3228E001,568
2026-06-10 16:02:15.612,2026-06-10 16:04:11.873,22.6613556,114.5003668,73.8,0.0,2.50,166.2,27.6,21.2,0.0,0.78,10.0,2.0,2.5,NR5G-SA,n79,-75,-75,-10,19,-55,6.0,C3228E001,568
2026-06-10 16:02:15.813,2026-06-10 16:04:12.073,22.6613556,114.5003668,74.4,0.0,2.51,166.3,27.6,21.2,0.0,0.78,10.0,2.0,2.5,NR5G-SA,n79,-75,-75,-10,19,-55,6.5,C3228E001,568
2026-06-10 16:02:16.013,2026-06-10 16:04:12.473,22.6613556,114.5003668,75.0,0.0,2.51,166.3,27.6,21.2,0.0,0.78,10.0,2.0,2.5,NR5G-SA,n79,-75,-75,-10,19,-55,6.4,C3228E001,568
2026-06-10 16:02:16.213,2026-06-10 16:04:12.473,22.6613556,114.5003668,75.6,0.0,2.51,166.4,27.6,22.2,0.0,0.78,10.0,2.0,2.5,NR5G-SA,n79,-75,-75,-10,17,-55,12.2,C3228E001,568
2026-06-10 16:02:16.413,2026-06-10 16:04:12.673,22.6613556,114.5003668,75.6,0.0,2.51,166.4,27.6,22.2,0.0,0.78,10.0,2.0,2.5,NR5G-SA,n79,-75,-75,-10,17,-55,11.9,C3228E001,568
2026-06-10 16:02:16.614,2026-06-10 16:04:12.873,22.6613556,114.5003668,76.3,0.0,2.50,166.5,43.5,22.2,0.0,0.78,10.0,2.0,2.5,NR5G-SA,n79,-75,-75,-10,17,-55,6.9,C3228E001,568
2026-06-10 16:02:16.814,2026-06-10 16:04:13.073,22.6613556,114.5003667,76.9,0.0,2.50,166.5,43.5,22.2,0.0,0.79,10.0,2.0,2.5,NR5G-SA,n79,-75,-75,-10,16,-55,5.7,C3228E001,568
2026-06-10 16:02:17.014,2026-06-10 16:04:13.473,22.6613555,114.5003667,77.5,0.0,2.50,166.4,43.5,22.2,0.0,0.80,10.0,2.0,2.5,NR5G-SA,n79,-75,-75,-10,16,-55,6.6,C3228E001,568
2026-06-10 16:02:17.215,2026-06-10 16:04:13.473,22.6613555,114.5003666,78.1,0.0,2.51,166.3,43.5,20.4,0.0,0.81,10.0,2.0,2.5,NR5G-SA,n79,-75,-75,-10,17,-55,13.7,C3228E001,568
2026-06-10 16:02:17.415,2026-06-10 16:04:13.673,22.6613555,114.5003666,78.1,0.0,2.51,166.3,43.5,20.4,0.0,0.81,10.0,2.0,2.5,NR5G-SA,n79,-75,-75,-10,17,-55,9.7,C3228E001,568
2026-06-10 16:02:17.615,2026-06-10 16:04:13.873,22.6613555,114.5003666,78.8,0.0,2.50,166.3,15.3,20.4,0.0,0.81,10.0,2.0,2.5,NR5G-SA,n79,-75,-75,-10,17,-55,6.5,C3228E001,568
2026-06-10 16:02:17.815,2026-06-10 16:04:14.073,22.6613555,114.5003667,79.4,0.0,2.50,166.3,15.3,20.4,0.0,0.82,10.0,2.0,2.5,NR5G-SA,n79,-75,-75,-10,17,-55,5.9,C3228E001,568
2026-06-10 16:02:18.016,2026-06-10 16:04:14.473,22.6613555,114.5003667,80.0,0.0,2.49,166.3,15.3,20.4,0.0,0.82,10.0,2.0,2.5,NR5G-SA,n79,-75,-75,-10,17,-55,8.0,C3228E001,568
2026-06-10 16:02:18.216,2026-06-10 16:04:14.473,22.6613555,114.5003667,80.6,0.0,2.49,166.3,15.3,29.0,0.0,0.82,10.0,2.0,2.5,NR5G-SA,n79,-75,-75,-10,17,-55,11.5,C3228E001,568
2026-06-10 16:02:18.416,2026-06-10 16:04:14.673,22.6613555,114.5003667,80.6,0.0,2.49,166.3,15.3,29.0,0.0,0.82,10.0,2.0,2.5,NR5G-SA,n79,-75,-75,-10,16,-55,9.6,C3228E001,568
2026-06-10 16:02:18.617,2026-06-10 16:04:14.873,22.6613555,114.5003667,81.3,0.0,2.47,166.3,0.0,29.0,0.0,0.82,10.0,2.0,2.5,NR5G-SA,n79,-75,-75,-10,16,-55,5.5,C3228E001,568
2026-06-10 16:02:18.817,2026-06-10 16:04:15.073,22.6613556,114.5003667,81.9,0.0,2.48,166.3,0.0,29.0,0.0,0.84,10.0,2.0,2.5,NR5G-SA,n79,-75,-75,-10,16,-55,5.7,C3228E001,568
2026-06-10 16:02:19.018,2026-06-10 16:04:15.473,22.6613555,114.5003667,82.5,0.0,2.47,166.2,0.0,29.0,0.0,0.85,10.0,2.0,2.5,NR5G-SA,n79,-44,-44,-10,20,-24,6.3,C3228E001,568
2026-06-10 16:02:19.218,2026-06-10 16:04:15.473,22.6613555,114.5003667,83.1,0.0,2.49,166.2,0.0,29.0,0.0,0.85,10.0,2.0,2.5,NR5G-SA,n79,-44,-44,-10,20,-24,10.3,C3228E001,568
2026-06-10 16:02:19.418,2026-06-10 16:04:15.673,22.6613555,114.5003667,83.1,0.0,2.49,166.2,0.0,29.0,0.0,0.85,10.0,2.0,2.5,NR5G-SA,n79,-44,-44,-10,20,-24,9.3,C3228E001,568
2026-06-10 16:02:19.619,2026-06-10 16:04:15.873,22.6613555,114.5003667,83.8,0.0,2.49,166.1,2.4,29.0,0.0,0.85,10.0,2.0,2.5,NR5G-SA,n79,-44,-44,-10,20,-24,6.4,C3228E001,568
2026-06-10 16:02:19.819,2026-06-10 16:04:16.073,22.6613554,114.5003667,84.4,0.0,2.50,166.2,2.4,29.0,0.0,0.86,10.0,2.0,2.5,NR5G-SA,n79,-44,-44,-10,20,-24,6.0,C3228E001,568
2026-06-10 16:02:20.019,2026-06-10 16:04:16.473,22.6613553,114.5003667,85.0,0.0,2.50,166.3,2.4,29.0,0.0,0.87,10.0,2.0,2.5,NR5G-SA,n79,-44,-44,-10,21,-24,5.9,C3228E001,568
2026-06-10 16:02:20.220,2026-06-10 16:04:16.473,22.6613553,114.5003667,85.6,0.0,2.48,166.2,2.4,29.0,0.0,0.87,10.0,2.0,2.5,NR5G-SA,n79,-44,-44,-10,21,-24,11.2,C3228E001,568
2026-06-10 16:02:20.420,2026-06-10 16:04:16.673,22.6613553,114.5003667,85.6,0.0,2.48,166.2,2.4,30.0,0.0,0.87,10.0,2.0,2.5,NR5G-SA,n79,-44,-44,-10,21,-24,11.9,C3228E001,568
2026-06-10 16:02:20.620,2026-06-10 16:04:16.873,22.6613554,114.5003667,86.3,0.0,2.50,166.2,0.0,30.0,0.0,0.88,10.0,2.0,2.5,NR5G-SA,n79,-44,-44,-10,22,-24,10.6,C3228E001,568
2026-06-10 16:02:20.821,2026-06-10 16:04:17.073,22.6613554,114.5003668,86.9,0.0,2.50,166.2,0.0,30.0,0.0,0.89,10.0,2.0,2.5,NR5G-SA,n79,-44,-44,-10,22,-24,8.6,C3228E001,568
2026-06-10 16:02:21.021,2026-06-10 16:04:17.073,22.6613555,114.5003668,87.5,0.0,2.48,166.3,0.0,30.0,0.0,0.90,10.0,2.0,2.5,NR5G-SA,n79,-44,-44,-10,22,-24,9.1,C3228E001,568
2026-06-10 16:02:21.221,2026-06-10 16:04:17.473,22.6613555,114.5003669,88.2,0.0,2.48,166.4,0.0,30.0,0.0,0.91,10.0,2.0,2.5,NR5G-SA,n79,-44,-44,-10,22,-24,9.8,C3228E001,568
2026-06-10 16:02:21.421,2026-06-10 16:04:17.673,22.6613555,114.5003669,88.2,0.0,2.48,166.4,0.0,32.0,0.0,0.91,10.0,2.0,2.5,NR5G-SA,n79,-44,-44,-10,22,-24,9.7,C3228E001,568
2026-06-10 16:02:21.622,2026-06-10 16:04:17.873,22.6613554,114.5003668,88.8,0.0,2.49,166.4,18.0,32.0,0.0,0.93,10.0,2.0,2.5,NR5G-SA,n79,-44,-44,-10,22,-24,11.3,C3228E001,568
2026-06-10 16:02:21.822,2026-06-10 16:04:18.073,22.6613554,114.5003668,89.4,0.0,2.49,166.3,18.0,32.0,0.0,0.93,10.0,2.0,2.5,NR5G-SA,n79,-44,-44,-10,20,-24,7.4,C3228E001,568
2026-06-10 16:02:22.022,2026-06-10 16:04:18.473,22.6613555,114.5003669,90.0,0.0,2.49,166.3,18.0,32.0,0.0,0.94,10.0,2.0,2.5,NR5G-SA,n79,-44,-44,-10,20,-24,7.9,C3228E001,568
2026-06-10 16:02:22.223,2026-06-10 16:04:18.473,22.6613555,114.5003669,90.6,0.0,2.51,166.3,18.0,32.0,0.0,0.94,10.0,2.0,2.5,NR5G-SA,n79,-80,-80,-10,26,-60,11.4,C3228E001,568
2026-06-10 16:02:22.423,2026-06-10 16:04:18.673,22.6613555,114.5003669,90.6,0.0,2.51,166.3,18.0,31.5,0.0,0.94,10.0,2.0,2.5,NR5G-SA,n79,-80,-80,-10,26,-60,11.1,C3228E001,568
2026-06-10 16:02:22.623,2026-06-10 16:04:18.873,22.6613556,114.5003669,91.3,0.0,2.50,166.3,42.9,31.5,0.0,0.95,10.0,2.0,2.5,NR5G-SA,n79,-80,-80,-10,26,-60,10.4,C3228E001,568
2026-06-10 16:02:22.823,2026-06-10 16:04:19.073,22.6613557,114.5003669,91.9,0.0,2.51,166.4,42.9,31.5,0.0,0.96,10.0,2.0,2.5,NR5G-SA,n79,-78,-78,-10,28,-58,7.8,C3228E001,568
2026-06-10 16:02:23.024,2026-06-10 16:04:19.073,22.6613557,114.5003669,92.5,0.0,2.51,166.4,42.9,31.5,0.0,0.96,10.0,2.0,2.5,NR5G-SA,n79,-78,-78,-10,28,-58,8.3,C3228E001,568
2026-06-10 16:02:23.224,2026-06-10 16:04:19.473,22.6613557,114.5003669,93.1,0.0,2.51,166.4,42.9,31.5,0.0,0.96,10.0,2.0,2.5,NR5G-SA,n79,-78,-78,-10,28,-58,10.8,C3228E001,568
2026-06-10 16:02:23.425,2026-06-10 16:04:19.673,22.6613557,114.5003669,93.1,0.0,2.51,166.4,42.9,23.4,0.0,0.96,10.0,2.0,2.5,NR5G-SA,n79,-77,-77,-10,28,-57,9.9,C3228E001,568
2026-06-10 16:02:23.625,2026-06-10 16:04:19.873,22.6613557,114.5003669,93.8,0.0,2.51,166.4,31.4,23.4,0.0,0.96,10.0,2.0,2.5,NR5G-SA,n79,-77,-77,-10,28,-57,10.5,C3228E001,568
2026-06-10 16:02:23.826,2026-06-10 16:04:20.073,22.6613557,114.5003668,94.4,0.0,2.50,166.4,31.4,23.4,0.0,0.97,10.0,2.0,2.5,NR5G-SA,n79,-77,-77,-10,28,-57,9.0,C3228E001,568
2026-06-10 16:02:24.026,2026-06-10 16:04:20.473,22.6613557,114.5003667,95.0,0.0,2.49,166.5,31.4,23.4,0.0,0.99,10.0,2.0,2.5,NR5G-SA,n79,-79,-79,-10,27,-59,7.3,C3228E001,568
2026-06-10 16:02:24.226,2026-06-10 16:04:20.473,22.6613557,114.5003667,95.6,0.0,2.49,166.5,31.4,23.4,0.0,0.99,10.0,2.0,2.5,NR5G-SA,n79,-79,-79,-10,27,-59,10.3,C3228E001,568
2026-06-10 16:02:24.426,2026-06-10 16:04:20.673,22.6613557,114.5003667,95.6,0.0,2.49,166.5,31.4,23.1,0.0,0.99,10.0,2.0,2.5,NR5G-SA,n79,-77,-77,-10,21,-57,8.4,C3228E001,568
2026-06-10 16:02:24.627,2026-06-10 16:04:20.873,22.6613556,114.5003667,96.3,0.0,2.50,166.4,31.7,23.1,0.0,1.00,10.0,2.0,2.5,NR5G-SA,n79,-77,-77,-10,21,-57,9.6,C3228E001,568
2026-06-10 16:02:24.827,2026-06-10 16:04:21.073,22.6613555,114.5003667,96.9,0.0,2.50,166.3,31.7,23.1,0.0,1.01,10.0,2.0,2.5,NR5G-SA,n79,-77,-77,-10,21,-57,6.4,C3228E001,568
2026-06-10 16:02:25.027,2026-06-10 16:04:21.473,22.6613555,114.5003667,97.5,0.0,2.50,166.2,31.7,23.1,0.0,1.01,10.0,2.0,2.5,NR5G-SA,n79,-77,-77,-10,20,-57,6.1,C3228E001,568
2026-06-10 16:02:25.228,2026-06-10 16:04:21.473,22.6613555,114.5003667,98.1,0.0,2.49,166.2,31.7,23.1,0.0,1.01,10.0,2.0,2.5,NR5G-SA,n79,-77,-77,-10,20,-57,10.4,C3228E001,568
2026-06-10 16:02:25.428,2026-06-10 16:04:21.673,22.6613555,114.5003667,98.1,0.0,2.49,166.2,31.7,22.1,0.0,1.01,10.0,2.0,2.5,NR5G-SA,n79,-77,-77,-10,20,-57,12.4,C3228E001,568
2026-06-10 16:02:25.628,2026-06-10 16:04:21.873,22.6613555,114.5003667,98.7,0.0,2.50,166.2,40.7,22.1,0.0,1.01,10.0,2.0,2.5,NR5G-SA,n79,-77,-77,-10,18,-57,10.7,C3228E001,568
2026-06-10 16:02:25.829,2026-06-10 16:04:22.073,22.6613555,114.5003667,99.4,0.0,2.50,166.2,40.7,22.1,0.0,1.01,10.0,2.0,2.5,NR5G-SA,n79,-77,-77,-10,18,-57,9.3,C3228E001,568
2026-06-10 16:02:26.029,2026-06-10 16:04:22.473,22.6613555,114.5003667,100.0,0.0,2.51,166.2,40.7,22.1,0.0,1.01,10.0,2.0,2.5,NR5G-SA,n79,-77,-77,-10,18,-57,7.3,C3228E001,568
2026-06-10 16:02:26.229,2026-06-10 16:04:22.473,22.6613555,114.5003667,100.6,0.0,2.52,166.2,40.7,22.1,0.0,1.01,10.0,2.0,2.5,NR5G-SA,n79,-77,-77,-10,29,-57,9.7,C3228E001,568
2026-06-10 16:02:26.430,2026-06-10 16:04:22.673,22.6613555,114.5003667,100.6,0.0,2.52,166.2,40.7,20.1,0.0,1.01,10.0,2.0,2.5,NR5G-SA,n79,-77,-77,-10,29,-57,12.1,C3228E001,568
2026-06-10 16:02:26.630,2026-06-10 16:04:22.873,22.6613555,114.5003667,101.3,0.0,2.52,166.2,20.9,20.1,0.0,1.01,10.0,2.0,2.5,NR5G-SA,n79,-76,-76,-10,29,-56,9.2,C3228E001,568
2026-06-10 16:02:26.830,2026-06-10 16:04:23.073,22.6613555,114.5003667,101.9,0.0,2.52,166.2,20.9,20.1,0.0,1.01,10.0,2.0,2.5,NR5G-SA,n79,-76,-76,-10,29,-56,6.4,C3228E001,568
2026-06-10 16:02:27.030,2026-06-10 16:04:23.473,22.6613555,114.5003668,102.5,0.0,2.50,166.2,20.9,20.1,0.0,1.02,10.0,2.0,2.5,NR5G-SA,n79,-76,-76,-10,29,-56,6.2,C3228E001,568
2026-06-10 16:02:27.231,2026-06-10 16:04:23.473,22.6613555,114.5003668,103.1,0.0,2.51,166.3,20.9,20.1,0.0,1.02,10.0,2.0,2.5,NR5G-SA,n79,-77,-77,-10,22,-57,10.2,C3228E001,568
2026-06-10 16:02:27.431,2026-06-10 16:04:23.673,22.6613555,114.5003668,103.1,0.0,2.51,166.3,20.9,20.3,0.0,1.02,10.0,2.0,2.5,NR5G-SA,n79,-77,-77,-10,22,-57,11.3,C3228E001,568
2026-06-10 16:02:27.631,2026-06-10 16:04:23.873,22.6613555,114.5003668,103.8,0.0,2.50,166.4,0.0,20.3,0.0,1.02,10.0,2.0,2.5,NR5G-SA,n79,-77,-77,-10,22,-57,10.7,C3228E001,568
2026-06-10 16:02:27.832,2026-06-10 16:04:24.073,22.6613555,114.5003668,104.4,0.0,2.48,166.5,0.0,20.3,0.0,1.02,10.0,2.0,2.5,NR5G-SA,n79,-77,-77,-10,22,-57,8.2,C3228E001,568
2026-06-10 16:02:28.032,2026-06-10 16:04:24.473,22.6613555,114.5003669,105.0,0.0,2.48,166.6,0.0,20.3,0.0,1.03,10.0,2.0,2.5,NR5G-SA,n79,-77,-77,-10,22,-57,8.6,C3228E001,568
2026-06-10 16:02:28.232,2026-06-10 16:04:24.473,22.6613555,114.5003669,105.7,0.0,2.48,166.7,0.0,20.3,0.0,1.03,10.0,2.0,2.5,NR5G-SA,n79,-77,-77,-10,22,-57,9.1,C3228E001,568
2026-06-10 16:02:28.432,2026-06-10 16:04:24.673,22.6613555,114.5003669,105.7,0.0,2.48,166.7,0.0,19.6,0.0,1.03,10.0,2.0,2.5,NR5G-SA,n79,-77,-77,-10,18,-57,10.9,C3228E001,568
2026-06-10 16:02:28.633,2026-06-10 16:04:24.873,22.6613555,114.5003668,106.3,0.0,2.47,166.6,6.6,19.6,0.0,1.04,10.0,2.0,2.5,NR5G-SA,n79,-77,-77,-10,18,-57,9.1,C3228E001,568
2026-06-10 16:02:28.833,2026-06-10 16:04:25.073,22.6613555,114.5003668,106.9,0.0,2.47,166.5,6.6,19.6,0.0,1.04,10.0,2.0,2.5,NR5G-SA,n79,-77,-77,-10,18,-57,5.7,C3228E001,568
2026-06-10 16:02:29.033,2026-06-10 16:04:25.473,22.6613554,114.5003667,107.5,0.0,2.48,166.4,6.6,19.6,0.0,1.05,10.0,2.0,2.5,NR5G-SA,n79,-77,-77,-10,18,-57,6.4,C3228E001,568
2026-06-10 16:02:29.234,2026-06-10 16:04:25.473,22.6613553,114.5003666,108.2,0.0,2.46,166.3,6.6,19.6,0.0,1.07,10.0,2.0,2.5,NR5G-SA,n79,-77,-77,-10,18,-57,10.0,C3228E001,568
2026-06-10 16:02:29.434,2026-06-10 16:04:25.673,22.6613553,114.5003666,108.2,0.0,2.46,166.3,6.6,19.6,0.0,1.07,10.0,2.0,2.5,NR5G-SA,n79,-77,-77,-10,18,-57,8.8,C3228E001,568
2026-06-10 16:02:29.634,2026-06-10 16:04:25.873,22.6613552,114.5003666,108.8,0.0,2.46,166.3,0.0,20.5,0.0,1.08,10.0,2.0,2.5,NR5G-SA,n79,-77,-77,-10,18,-57,9.1,C3228E001,568
2026-06-10 16:02:29.835,2026-06-10 16:04:26.073,22.6613552,114.5003667,109.4,0.0,2.47,166.2,0.0,20.5,0.0,1.09,10.0,2.0,2.5,NR5G-SA,n79,-77,-77,-10,18,-57,6.8,C3228E001,568
2026-06-10 16:02:30.035,2026-06-10 16:04:26.473,22.6613552,114.5003667,110.0,0.0,2.48,166.2,0.0,20.5,0.0,1.09,10.0,2.0,2.5,NR5G-SA,n79,-78,-78,-10,28,-58,6.6,C3228E001,568
2026-06-10 16:02:30.236,2026-06-10 16:04:26.473,22.6613552,114.5003667,110.6,0.0,2.49,166.2,0.0,20.5,0.0,1.09,10.0,2.0,2.5,NR5G-SA,n79,-78,-78,-10,28,-58,11.1,C3228E001,568
2026-06-10 16:02:30.436,2026-06-10 16:04:26.673,22.6613552,114.5003667,110.6,0.0,2.49,166.2,0.0,20.5,0.0,1.09,10.0,2.0,2.5,NR5G-SA,n79,-78,-78,-10,28,-58,11.4,C3228E001,568
2026-06-10 16:02:30.636,2026-06-10 16:04:26.873,22.6613552,114.5003668,111.3,0.0,2.51,166.2,12.8,21.4,0.0,1.10,10.0,2.0,2.5,NR5G-SA,n79,-77,-77,-10,26,-57,8.6,C3228E001,568
2026-06-10 16:02:30.837,2026-06-10 16:04:27.073,22.6613553,114.5003668,111.9,0.0,2.52,166.2,12.8,21.4,0.0,1.11,10.0,2.0,2.5,NR5G-SA,n79,-77,-77,-10,26,-57,6.4,C3228E001,568
2026-06-10 16:02:31.037,2026-06-10 16:04:27.473,22.6613554,114.5003669,112.5,0.0,2.51,166.2,12.8,21.4,0.0,1.13,10.0,2.0,2.5,NR5G-SA,n79,-80,-80,-10,28,-60,6.9,C3228E001,568
2026-06-10 16:02:31.237,2026-06-10 16:04:27.473,22.6613554,114.5003669,113.1,0.0,2.50,166.2,12.8,21.4,0.0,1.13,10.0,2.0,2.5,NR5G-SA,n79,-80,-80,-10,28,-60,11.1,C3228E001,568
2026-06-10 16:02:31.438,2026-06-10 16:04:27.673,22.6613554,114.5003669,113.1,0.0,2.50,166.2,12.8,21.4,0.0,1.13,10.0,2.0,2.5,NR5G-SA,n79,-80,-80,-10,28,-60,11.9,C3228E001,568
2026-06-10 16:02:31.638,2026-06-10 16:04:27.873,22.6613554,114.5003669,113.8,0.0,2.48,166.2,100.0,20.3,0.0,1.13,10.0,2.0,2.5,NR5G-SA,n79,-81,-81,-10,26,-61,11.3,C3228E001,568
2026-06-10 16:02:31.838,2026-06-10 16:04:28.073,22.6613554,114.5003668,114.4,0.0,2.48,166.2,100.0,20.3,0.0,1.14,10.0,2.0,2.5,NR5G-SA,n79,-81,-81,-10,26,-61,5.2,C3228E001,568
2026-06-10 16:02:32.038,2026-06-10 16:04:28.473,22.6613554,114.5003668,115.0,0.0,2.48,166.2,100.0,20.3,0.0,1.14,10.0,2.0,2.5,NR5G-SA,n79,-81,-81,-10,26,-61,8.6,C3228E001,568
2026-06-10 16:02:32.239,2026-06-10 16:04:28.473,22.6613554,114.5003667,115.6,0.1,2.48,166.1,100.0,20.3,0.0,1.15,10.0,2.0,2.5,NR5G-SA,n79,-80,-80,-10,20,-60,9.1,C3228E001,568
2026-06-10 16:02:32.439,2026-06-10 16:04:28.673,22.6613554,114.5003667,115.6,0.1,2.48,166.1,100.0,20.3,0.0,1.15,10.0,2.0,2.5,NR5G-SA,n79,-80,-80,-10,20,-60,10.5,C3228E001,568
2026-06-10 16:02:32.639,2026-06-10 16:04:28.873,22.6613554,114.5003666,116.3,0.1,2.49,166.1,36.8,20.6,0.0,1.16,10.0,2.0,2.5,NR5G-SA,n79,-80,-80,-10,20,-60,9.8,C3228E001,568
2026-06-10 16:02:32.840,2026-06-10 16:04:29.073,22.6613554,114.5003665,116.9,0.0,2.49,166.2,36.8,20.6,0.0,1.17,10.0,2.0,2.5,NR5G-SA,n79,-83,-83,-10,19,-63,6.5,C3228E001,568
2026-06-10 16:02:33.040,2026-06-10 16:04:29.473,22.6613554,114.5003665,117.5,0.0,2.51,166.2,36.8,20.6,0.0,1.17,10.0,2.0,2.5,NR5G-SA,n79,-83,-83,-10,19,-63,6.3,C3228E001,568
2026-06-10 16:02:33.240,2026-06-10 16:04:29.473,22.6613554,114.5003665,118.1,0.0,2.51,166.3,36.8,20.6,0.0,1.17,10.0,2.0,2.5,NR5G-SA,n79,-81,-81,-10,19,-61,7.4,C3228E001,568
2026-06-10 16:02:33.441,2026-06-10 16:04:29.673,22.6613554,114.5003665,118.1,0.0,2.51,166.3,36.8,20.6,0.0,1.17,10.0,2.0,2.5,NR5G-SA,n79,-81,-81,-10,19,-61,11.0,C3228E001,568
2026-06-10 16:02:33.641,2026-06-10 16:04:29.873,22.6613554,114.5003665,118.8,0.0,2.50,166.3,36.7,19.2,0.0,1.17,10.0,2.0,2.5,NR5G-SA,n79,-81,-81,-10,19,-61,9.6,C3228E001,568
2026-06-10 16:02:33.841,2026-06-10 16:04:30.073,22.6613555,114.5003665,119.4,0.0,2.48,166.3,36.7,19.2,0.0,1.18,10.0,2.0,2.5,NR5G-SA,n79,-79,-79,-10,19,-59,9.8,C3228E001,568
2026-06-10 16:02:34.042,2026-06-10 16:04:30.473,22.6613555,114.5003666,120.0,0.0,2.48,166.4,36.7,19.2,0.0,1.19,10.0,2.0,2.5,NR5G-SA,n79,-79,-79,-10,19,-59,5.9,C3228E001,568
2026-06-10 16:02:34.242,2026-06-10 16:04:30.673,22.6613555,114.5003667,120.6,0.0,2.49,166.6,36.7,19.2,0.0,1.20,10.0,2.0,2.5,NR5G-SA,n79,-79,-79,-10,19,-59,6.3,C3228E001,568
2026-06-10 16:02:34.442,2026-06-10 16:04:30.673,22.6613555,114.5003667,120.6,0.0,2.49,166.6,36.7,19.2,0.0,1.20,10.0,2.0,2.5,NR5G-SA,n79,-81,-81,-10,30,-61,10.9,C3228E001,568
2026-06-10 16:02:34.643,2026-06-10 16:04:30.873,22.6613555,114.5003667,121.3,0.0,2.50,166.6,0.0,17.7,0.0,1.20,10.0,2.0,2.5,NR5G-SA,n79,-81,-81,-10,30,-61,7.1,C3228E001,568
2026-06-10 16:02:34.843,2026-06-10 16:04:31.073,22.6613555,114.5003667,121.9,0.0,2.50,166.5,0.0,17.7,0.0,1.20,10.0,2.0,2.5,NR5G-SA,n79,-81,-81,-10,30,-61,7.4,C3228E001,568
2026-06-10 16:02:35.043,2026-06-10 16:04:31.473,22.6613556,114.5003668,122.5,0.0,2.51,166.4,0.0,17.7,0.0,1.21,10.0,2.0,2.5,NR5G-SA,n79,-79,-79,-10,33,-59,6.7,C3228E001,568
2026-06-10 16:02:35.244,2026-06-10 16:04:31.473,22.6613556,114.5003668,123.1,0.0,2.51,166.3,0.0,17.7,0.0,1.21,10.0,2.0,2.5,NR5G-SA,n79,-79,-79,-10,33,-59,9.4,C3228E001,568
2026-06-10 16:02:35.444,2026-06-10 16:04:31.673,22.6613556,114.5003668,123.1,0.0,2.51,166.3,0.0,17.7,0.0,1.21,10.0,2.0,2.5,NR5G-SA,n79,-78,-78,-10,33,-58,11.3,C3228E001,568
2026-06-10 16:02:35.644,2026-06-10 16:04:31.873,22.6613556,114.5003668,123.8,0.0,2.50,166.3,26.2,17.9,0.0,1.21,10.0,2.0,2.5,NR5G-SA,n79,-78,-78,-10,33,-58,10.3,C3228E001,568
2026-06-10 16:02:35.845,2026-06-10 16:04:32.073,22.6613557,114.5003668,124.4,0.0,2.50,166.2,26.2,17.9,0.0,1.23,10.0,2.0,2.5,NR5G-SA,n79,-78,-78,-10,33,-58,7.4,C3228E001,568
2026-06-10 16:02:36.045,2026-06-10 16:04:32.473,22.6613557,114.5003668,125.0,0.0,2.50,166.1,26.2,17.9,0.0,1.23,10.0,2.0,2.5,NR5G-SA,n79,-75,-75,-10,33,-55,5.3,C3228E001,568
2026-06-10 16:02:36.245,2026-06-10 16:04:32.473,22.6613557,114.5003668,125.6,0.0,2.50,166.1,26.2,17.9,0.0,1.23,10.0,2.0,2.5,NR5G-SA,n79,-75,-75,-10,33,-55,9.3,C3228E001,568
2026-06-10 16:02:36.446,2026-06-10 16:04:32.673,22.6613557,114.5003668,125.6,0.0,2.50,166.1,26.2,17.9,0.0,1.23,10.0,2.0,2.5,NR5G-SA,n79,-75,-75,-10,33,-55,10.1,C3228E001,568
2026-06-10 16:02:36.646,2026-06-10 16:04:32.873,22.6613557,114.5003668,126.3,0.0,2.51,166.1,43.2,18.9,0.0,1.23,10.0,2.0,2.5,NR5G-SA,n79,-78,-78,-10,30,-58,9.0,C3228E001,568
2026-06-10 16:02:36.846,2026-06-10 16:04:33.073,22.6613557,114.5003668,126.9,0.0,2.50,166.1,43.2,18.9,0.0,1.23,10.0,2.0,2.5,NR5G-SA,n79,-78,-78,-10,30,-58,6.6,C3228E001,568
2026-06-10 16:02:37.046,2026-06-10 16:04:33.473,22.6613556,114.5003667,127.5,0.0,2.50,166.1,43.2,18.9,0.0,1.24,10.0,2.0,2.5,NR5G-SA,n79,-78,-78,-10,30,-58,6.7,C3228E001,568
2026-06-10 16:02:37.247,2026-06-10 16:04:33.473,22.6613556,114.5003668,128.1,0.0,2.51,166.1,43.2,18.9,0.0,1.25,10.0,2.0,2.5,NR5G-SA,n79,-76,-76,-10,31,-56,9.9,C3228E001,568
2026-06-10 16:02:37.447,2026-06-10 16:04:33.673,22.6613556,114.5003668,128.1,0.0,2.51,166.1,43.2,18.9,0.0,1.25,10.0,2.0,2.5,NR5G-SA,n79,-76,-76,-10,31,-56,10.5,C3228E001,568
2026-06-10 16:02:37.648,2026-06-10 16:04:33.873,22.6613555,114.5003668,128.7,0.0,2.50,166.1,14.6,19.3,0.0,1.26,10.0,2.0,2.5,NR5G-SA,n79,-76,-76,-10,31,-56,9.3,C3228E001,568
2026-06-10 16:02:37.848,2026-06-10 16:04:34.073,22.6613555,114.5003668,129.4,0.0,2.51,166.1,14.6,19.3,0.0,1.26,10.0,2.0,2.5,NR5G-SA,n79,-78,-78,-10,32,-58,6.0,C3228E001,568
2026-06-10 16:02:38.048,2026-06-10 16:04:34.473,22.6613555,114.5003668,130.0,0.0,2.52,166.0,14.6,19.3,0.0,1.26,10.0,2.0,2.5,NR5G-SA,n79,-78,-78,-10,32,-58,6.6,C3228E001,568
2026-06-10 16:02:38.249,2026-06-10 16:04:34.473,22.6613555,114.5003668,130.6,0.0,2.52,166.1,14.6,19.3,0.0,1.26,10.0,2.0,2.5,NR5G-SA,n79,-77,-77,-10,32,-57,9.2,C3228E001,568
2026-06-10 16:02:38.449,2026-06-10 16:04:34.673,22.6613555,114.5003668,130.6,0.0,2.52,166.1,14.6,19.3,0.0,1.26,10.0,2.0,2.5,NR5G-SA,n79,-77,-77,-10,32,-57,11.2,C3228E001,568
2026-06-10 16:02:38.649,2026-06-10 16:04:34.873,22.6613555,114.5003668,131.2,0.0,2.51,166.1,2.3,19.3,0.0,1.26,10.0,2.0,2.5,NR5G-SA,n79,-77,-77,-10,32,-57,9.6,C3228E001,568
2026-06-10 16:02:38.849,2026-06-10 16:04:35.073,22.6613555,114.5003668,131.9,0.0,2.52,166.2,2.3,20.5,0.0,1.26,10.0,2.0,2.5,NR5G-SA,n79,-76,-76,-10,33,-56,6.6,C3228E001,568
2026-06-10 16:02:39.050,2026-06-10 16:04:35.473,22.6613555,114.5003668,132.5,0.0,2.50,166.2,2.3,20.5,0.0,1.26,10.0,2.0,2.5,NR5G-SA,n79,-76,-76,-10,33,-56,6.5,C3228E001,568
2026-06-10 16:02:39.250,2026-06-10 16:04:35.473,22.6613555,114.5003668,133.1,0.0,2.51,166.2,2.3,20.5,0.0,1.26,10.0,2.0,2.5,NR5G-SA,n79,-76,-76,-10,33,-56,7.7,C3228E001,568
2026-06-10 16:02:39.450,2026-06-10 16:04:35.673,22.6613555,114.5003668,133.7,0.0,2.51,166.2,2.3,20.5,0.0,1.26,10.0,2.0,2.5,NR5G-SA,n79,-77,-77,-10,33,-57,11.0,C3228E001,568
2026-06-10 16:02:39.651,2026-06-10 16:04:35.873,22.6613555,114.5003668,133.7,0.0,2.52,166.2,2.3,20.5,0.0,1.26,10.0,2.0,2.5,NR5G-SA,n79,-77,-77,-10,33,-57,9.7,C3228E001,568
2026-06-10 16:02:39.851,2026-06-10 16:04:36.073,22.6613555,114.5003668,134.4,0.0,2.52,166.2,0.0,22.4,0.0,1.26,10.0,2.0,2.5,NR5G-SA,n79,-77,-77,-10,33,-57,9.5,C3228E001,568
2026-06-10 16:02:40.051,2026-06-10 16:04:36.473,22.6613555,114.5003668,135.0,0.0,2.52,166.2,0.0,22.4,0.0,1.26,10.0,2.0,2.5,NR5G-SA,n79,-79,-79,-10,32,-59,5.4,C3228E001,568
2026-06-10 16:02:40.251,2026-06-10 16:04:36.473,22.6613555,114.5003667,135.6,0.0,2.51,166.2,0.0,22.4,0.0,1.27,10.0,2.0,2.5,NR5G-SA,n79,-79,-79,-10,32,-59,7.9,C3228E001,568
2026-06-10 16:02:40.452,2026-06-10 16:04:36.673,22.6613555,114.5003667,135.6,0.0,2.51,166.2,0.0,22.4,0.0,1.27,10.0,2.0,2.5,NR5G-SA,n79,-77,-77,-10,22,-57,11.1,C3228E001,568
2026-06-10 16:02:40.652,2026-06-10 16:04:36.873,22.6613555,114.5003667,136.3,0.0,2.50,166.2,0.0,22.4,0.0,1.27,10.0,2.0,2.5,NR5G-SA,n79,-77,-77,-10,22,-57,8.7,C3228E001,568
2026-06-10 16:02:40.852,2026-06-10 16:04:37.073,22.6613555,114.5003667,136.9,0.0,2.49,166.2,19.3,22.3,0.0,1.27,10.0,2.0,2.5,NR5G-SA,n79,-77,-77,-10,22,-57,6.1,C3228E001,568
2026-06-10 16:02:41.052,2026-06-10 16:04:37.473,22.6613555,114.5003666,137.5,0.0,2.50,166.1,19.3,22.3,0.0,1.28,10.0,2.0,2.5,NR5G-SA,n79,-77,-77,-10,22,-57,6.3,C3228E001,568
2026-06-10 16:02:41.253,2026-06-10 16:04:37.673,22.6613555,114.5003666,138.1,0.0,2.50,166.2,19.3,22.3,0.0,1.28,10.0,2.0,2.5,NR5G-SA,n79,-77,-77,-10,22,-57,6.9,C3228E001,568
2026-06-10 16:02:41.453,2026-06-10 16:04:37.673,22.6613555,114.5003666,138.1,0.0,2.50,166.2,19.3,22.3,0.0,1.28,10.0,2.0,2.5,NR5G-SA,n79,-77,-77,-10,22,-57,10.2,C3228E001,568
2026-06-10 16:02:41.653,2026-06-10 16:04:37.873,22.6613555,114.5003666,138.8,0.0,2.51,166.2,19.3,22.3,0.0,1.28,10.0,2.0,2.5,NR5G-SA,n79,-77,-77,-10,21,-57,9.4,C3228E001,568
2026-06-10 16:02:41.854,2026-06-10 16:04:38.073,22.6613555,114.5003666,139.4,0.0,2.51,166.2,41.3,21.8,0.0,1.28,10.0,2.0,2.5,NR5G-SA,n79,-77,-77,-10,21,-57,6.8,C3228E001,568
2026-06-10 16:02:42.054,2026-06-10 16:04:38.473,22.6613555,114.5003666,140.0,0.0,2.50,166.2,41.3,21.8,0.0,1.28,10.0,2.0,2.5,NR5G-SA,n79,-77,-77,-10,21,-57,6.5,C3228E001,568
2026-06-10 16:02:42.254,2026-06-10 16:04:38.673,22.6613555,114.5003666,140.6,0.0,2.49,166.1,41.3,21.8,0.0,1.28,10.0,2.0,2.5,NR5G-SA,n79,-78,-78,-10,30,-58,7.3,C3228E001,568
2026-06-10 16:02:42.454,2026-06-10 16:04:38.673,22.6613555,114.5003666,140.6,0.0,2.49,166.1,41.3,21.8,0.0,1.28,10.0,2.0,2.5,NR5G-SA,n79,-78,-78,-10,30,-58,10.7,C3228E001,568
2026-06-10 16:02:42.655,2026-06-10 16:04:38.873,22.6613555,114.5003666,141.3,0.0,2.50,166.0,41.3,21.8,0.0,1.28,10.0,2.0,2.5,NR5G-SA,n79,-78,-78,-10,27,-58,8.7,C3228E001,568
2026-06-10 16:02:42.855,2026-06-10 16:04:39.073,22.6613555,114.5003666,141.9,0.0,2.49,166.0,31.1,26.4,0.0,1.28,10.0,2.0,2.5,NR5G-SA,n79,-78,-78,-10,27,-58,6.3,C3228E001,568
2026-06-10 16:02:43.055,2026-06-10 16:04:39.473,22.6613555,114.5003666,142.5,0.0,2.49,166.1,31.1,26.4,0.0,1.28,10.0,2.0,2.5,NR5G-SA,n79,-78,-78,-10,27,-58,6.3,C3228E001,568
2026-06-10 16:02:43.256,2026-06-10 16:04:39.473,22.6613555,114.5003665,143.1,0.0,2.49,166.1,31.1,26.4,0.0,1.29,10.0,2.0,2.5,NR5G-SA,n79,-78,-78,-10,29,-58,6.4,C3228E001,568
2026-06-10 16:02:43.456,2026-06-10 16:04:39.673,22.6613555,114.5003665,143.1,0.0,2.49,166.1,31.1,26.4,0.0,1.29,10.0,2.0,2.5,NR5G-SA,n79,-78,-78,-10,29,-58,10.0,C3228E001,568
2026-06-10 16:02:43.656,2026-06-10 16:04:39.873,22.6613555,114.5003665,143.8,0.0,2.50,166.1,31.1,26.4,0.0,1.29,10.0,2.0,2.5,NR5G-SA,n79,-78,-78,-10,29,-58,8.8,C3228E001,568
2026-06-10 16:02:43.857,2026-06-10 16:04:40.073,22.6613555,114.5003665,144.4,0.0,2.50,166.0,32.8,25.4,0.0,1.29,10.0,2.0,2.5,NR5G-SA,n79,-78,-78,-10,29,-58,7.3,C3228E001,568
2026-06-10 16:02:44.057,2026-06-10 16:04:40.473,22.6613554,114.5003665,145.0,0.0,2.50,166.1,32.8,25.4,0.0,1.30,10.0,2.0,2.5,NR5G-SA,n79,-78,-78,-10,29,-58,6.4,C3228E001,568
2026-06-10 16:02:44.257,2026-06-10 16:04:40.673,22.6613554,114.5003664,145.6,0.0,2.49,166.2,32.8,25.4,0.0,1.31,10.0,2.0,2.5,NR5G-SA,n79,-78,-78,-10,29,-58,8.2,C3228E001,568
2026-06-10 16:02:44.458,2026-06-10 16:04:40.673,22.6613554,114.5003664,146.3,0.0,2.50,166.2,32.8,25.4,0.0,1.31,10.0,2.0,2.5,NR5G-SA,n79,-78,-78,-10,28,-58,10.0,C3228E001,568
2026-06-10 16:02:44.658,2026-06-10 16:04:40.873,22.6613554,114.5003664,146.3,0.0,2.50,166.2,32.8,25.4,0.0,1.31,10.0,2.0,2.5,NR5G-SA,n79,-78,-78,-10,28,-58,9.4,C3228E001,568
2026-06-10 16:02:44.859,2026-06-10 16:04:41.073,22.6613554,114.5003664,146.9,0.0,2.51,166.2,40.1,24.5,0.0,1.31,10.0,2.0,2.5,NR5G-SA,n79,-78,-78,-10,27,-58,6.9,C3228E001,568
2026-06-10 16:02:45.059,2026-06-10 16:04:41.473,22.6613553,114.5003664,147.5,0.0,2.51,166.2,40.1,24.5,0.0,1.33,10.0,2.0,2.5,NR5G-SA,n79,-78,-78,-10,27,-58,6.8,C3228E001,568
2026-06-10 16:02:45.259,2026-06-10 16:04:41.673,22.6613553,114.5003665,148.1,0.1,2.51,166.2,40.1,24.5,0.0,1.34,10.0,2.0,2.5,NR5G-SA,n79,-78,-78,-10,27,-58,6.5,C3228E001,568
2026-06-10 16:02:45.460,2026-06-10 16:04:41.673,22.6613553,114.5003666,148.8,0.1,2.51,166.2,40.1,24.5,0.0,1.35,10.0,2.0,2.5,NR5G-SA,n79,-78,-78,-10,26,-58,9.8,C3228E001,568
2026-06-10 16:02:45.660,2026-06-10 16:04:41.873,22.6613553,114.5003666,148.8,0.0,2.51,166.2,40.1,24.5,0.0,1.35,10.0,2.0,2.5,NR5G-SA,n79,-78,-78,-10,26,-58,10.4,C3228E001,568
2026-06-10 16:02:45.860,2026-06-10 16:04:42.073,22.6613554,114.5003666,149.4,0.0,2.50,166.1,21.4,24.5,0.0,1.36,10.0,2.0,2.5,NR5G-SA,n79,-78,-78,-10,26,-58,7.0,C3228E001,568
2026-06-10 16:02:46.061,2026-06-10 16:04:42.473,22.6613554,114.5003667,150.0,0.0,2.50,166.1,21.4,24.0,0.0,1.37,10.0,2.0,2.5,NR5G-SA,n79,-78,-78,-10,25,-58,6.1,C3228E001,568
2026-06-10 16:02:46.261,2026-06-10 16:04:42.673,22.6613553,114.5003667,150.7,0.0,2.49,166.0,21.4,24.0,0.0,1.38,10.0,2.0,2.5,NR5G-SA,n79,-78,-78,-10,25,-58,4.8,C3228E001,568
2026-06-10 16:02:46.461,2026-06-10 16:04:42.673,22.6613553,114.5003667,151.3,0.0,2.49,166.1,21.4,24.0,0.0,1.38,10.0,2.0,2.5,NR5G-SA,n79,-78,-78,-10,25,-58,9.2,C3228E001,568
2026-06-10 16:02:46.661,2026-06-10 16:04:42.873,22.6613553,114.5003667,151.3,0.0,2.49,166.1,21.4,24.0,0.0,1.38,10.0,2.0,2.5,NR5G-SA,n79,-78,-78,-10,24,-58,8.9,C3228E001,568
2026-06-10 16:02:46.862,2026-06-10 16:04:43.073,22.6613553,114.5003667,151.9,0.0,2.50,166.1,0.0,24.0,0.0,1.38,10.0,2.0,2.5,NR5G-SA,n79,-78,-78,-10,24,-58,6.7,C3228E001,568
2026-06-10 16:02:47.062,2026-06-10 16:04:43.473,22.6613554,114.5003667,152.5,0.0,2.49,166.2,0.0,23.6,0.0,1.39,10.0,2.0,2.5,NR5G-SA,n79,-78,-78,-10,23,-58,6.9,C3228E001,568
2026-06-10 16:02:47.263,2026-06-10 16:04:43.473,22.6613554,114.5003667,153.2,0.0,2.49,166.3,0.0,23.6,0.0,1.39,10.0,2.0,2.5,NR5G-SA,n79,-78,-78,-10,23,-58,8.4,C3228E001,568
2026-06-10 16:02:47.463,2026-06-10 16:04:43.673,22.6613554,114.5003667,153.8,0.0,2.48,166.4,0.0,23.6,0.0,1.39,10.0,2.0,2.5,NR5G-SA,n79,-78,-78,-10,23,-58,9.7,C3228E001,568
2026-06-10 16:02:47.663,2026-06-10 16:04:43.873,22.6613554,114.5003667,153.8,0.0,2.48,166.4,0.0,23.6,0.0,1.39,10.0,2.0,2.5,NR5G-SA,n79,-78,-78,-10,23,-58,8.6,C3228E001,568
2026-06-10 16:02:47.863,2026-06-10 16:04:44.073,22.6613554,114.5003667,154.4,0.0,2.48,166.5,6.2,23.6,0.0,1.39,10.0,2.0,2.5,NR5G-SA,n79,-78,-78,-10,23,-58,6.4,C3228E001,568
2026-06-10 16:02:48.064,2026-06-10 16:04:44.473,22.6613554,114.5003668,155.0,0.0,2.49,166.5,6.2,18.0,0.0,1.40,10.0,2.0,2.5,NR5G-SA,n79,-78,-78,-10,23,-58,6.6,C3228E001,568
2026-06-10 16:02:48.264,2026-06-10 16:04:44.673,22.6613554,114.5003668,155.6,0.0,2.48,166.4,6.2,18.0,0.0,1.40,10.0,2.0,2.5,NR5G-SA,n79,-84,-84,-10,26,-64,5.8,C3228E001,568
2026-06-10 16:02:48.464,2026-06-10 16:04:44.673,22.6613555,114.5003668,156.3,0.0,2.49,166.3,6.2,18.0,0.0,1.41,10.0,2.0,2.5,NR5G-SA,n79,-84,-84,-10,26,-64,9.6,C3228E001,568
2026-06-10 16:02:48.665,2026-06-10 16:04:44.873,22.6613555,114.5003668,156.3,0.0,2.49,166.3,6.2,18.0,0.0,1.41,10.0,2.0,2.5,NR5G-SA,n79,-84,-84,-10,26,-64,9.0,C3228E001,568
2026-06-10 16:02:48.865,2026-06-10 16:04:45.073,22.6613555,114.5003668,156.9,0.0,2.50,166.3,0.0,18.0,0.0,1.41,10.0,2.0,2.5,NR5G-SA,n79,-84,-84,-10,25,-64,6.4,C3228E001,568
2026-06-10 16:02:49.066,2026-06-10 16:04:45.473,22.6613555,114.5003668,157.5,0.0,2.50,166.2,0.0,20.4,0.0,1.41,10.0,2.0,2.5,NR5G-SA,n79,-84,-84,-10,25,-64,7.0,C3228E001,568
2026-06-10 16:02:49.266,2026-06-10 16:04:45.673,22.6613555,114.5003668,158.1,0.0,2.48,166.2,0.0,20.4,0.0,1.41,10.0,2.0,2.5,NR5G-SA,n79,-84,-84,-10,25,-64,7.0,C3228E001,568
2026-06-10 16:02:49.466,2026-06-10 16:04:45.673,22.6613555,114.5003668,158.8,0.0,2.48,166.2,0.0,20.4,0.0,1.41,10.0,2.0,2.5,NR5G-SA,n79,-84,-84,-10,25,-64,10.3,C3228E001,568
2026-06-10 16:02:49.666,2026-06-10 16:04:45.873,22.6613555,114.5003668,158.8,0.0,2.48,166.2,0.0,20.4,0.0,1.41,10.0,2.0,2.5,NR5G-SA,n79,-84,-84,-10,25,-64,9.8,C3228E001,568
2026-06-10 16:02:49.867,2026-06-10 16:04:46.073,22.6613555,114.5003667,159.4,0.0,2.49,166.3,12.2,20.4,0.0,1.42,10.0,2.0,2.5,NR5G-SA,n79,-84,-84,-10,24,-64,6.2,C3228E001,568
2026-06-10 16:02:50.067,2026-06-10 16:04:46.473,22.6613555,114.5003667,160.0,0.0,2.50,166.3,12.2,23.9,0.0,1.42,10.0,2.0,2.5,NR5G-SA,n79,-84,-84,-10,24,-64,6.7,C3228E001,568
2026-06-10 16:02:50.267,2026-06-10 16:04:46.673,22.6613555,114.5003667,160.7,0.0,2.49,166.3,12.2,23.9,0.0,1.42,10.0,2.0,2.5,NR5G-SA,n79,-84,-84,-10,24,-64,7.1,C3228E001,568
2026-06-10 16:02:50.467,2026-06-10 16:04:46.673,22.6613555,114.5003666,161.3,0.0,2.49,166.4,12.2,23.9,0.0,1.43,10.0,2.0,2.5,NR5G-SA,n79,-84,-84,-10,24,-64,8.8,C3228E001,568
2026-06-10 16:02:50.668,2026-06-10 16:04:46.873,22.6613555,114.5003666,161.3,0.0,2.49,166.4,12.2,23.9,0.0,1.43,10.0,2.0,2.5,NR5G-SA,n79,-84,-84,-10,24,-64,11.2,C3228E001,568
2026-06-10 16:02:50.868,2026-06-10 16:04:47.073,22.6613555,114.5003665,161.9,0.0,2.48,166.4,44.3,23.9,0.0,1.44,10.0,2.0,2.5,NR5G-SA,n79,-84,-84,-10,24,-64,5.7,C3228E001,568
2026-06-10 16:02:51.068,2026-06-10 16:04:47.473,22.6613555,114.5003665,162.5,0.0,2.49,166.3,44.3,25.4,0.0,1.44,10.0,2.0,2.5,NR5G-SA,n79,-84,-84,-10,23,-64,6.2,C3228E001,568
2026-06-10 16:02:51.269,2026-06-10 16:04:47.673,22.6613555,114.5003665,163.1,0.0,2.49,166.3,44.3,25.4,0.0,1.44,10.0,2.0,2.5,NR5G-SA,n79,-84,-84,-10,23,-64,7.1,C3228E001,568
2026-06-10 16:02:51.469,2026-06-10 16:04:47.673,22.6613555,114.5003664,163.8,0.0,2.50,166.2,44.3,25.4,0.0,1.45,10.0,2.0,2.5,NR5G-SA,n79,-84,-84,-10,23,-64,11.6,C3228E001,568
2026-06-10 16:02:51.669,2026-06-10 16:04:47.873,22.6613555,114.5003664,163.8,0.0,2.50,166.2,44.3,25.4,0.0,1.45,10.0,2.0,2.5,NR5G-SA,n79,-84,-84,-10,23,-64,11.9,C3228E001,568
2026-06-10 16:02:51.870,2026-06-10 16:04:48.073,22.6613555,114.5003664,164.4,0.0,2.50,166.1,26.2,25.4,0.0,1.45,10.0,2.0,2.5,NR5G-SA,n79,-84,-84,-10,23,-64,8.1,C3228E001,568
2026-06-10 16:02:52.070,2026-06-10 16:04:48.473,22.6613555,114.5003665,165.0,0.0,2.50,166.2,26.2,25.8,0.0,1.46,10.0,2.0,2.5,NR5G-SA,n79,-84,-84,-10,23,-64,6.5,C3228E001,568
2026-06-10 16:02:52.270,2026-06-10 16:04:48.673,22.6613555,114.5003665,165.6,0.0,2.50,166.2,26.2,25.8,0.0,1.46,10.0,2.0,2.5,NR5G-SA,n79,-84,-84,-10,23,-64,7.2,C3228E001,568
2026-06-10 16:02:52.470,2026-06-10 16:04:48.673,22.6613555,114.5003666,166.3,0.0,2.49,166.3,26.2,25.8,0.0,1.47,10.0,2.0,2.5,NR5G-SA,n79,-84,-84,-10,23,-64,8.9,C3228E001,568
2026-06-10 16:02:52.671,2026-06-10 16:04:48.873,22.6613555,114.5003666,166.3,0.0,2.49,166.3,26.2,25.8,0.0,1.47,10.0,2.0,2.5,NR5G-SA,n79,-84,-84,-10,23,-64,9.2,C3228E001,568
2026-06-10 16:02:52.871,2026-06-10 16:04:49.073,22.6613555,114.5003666,166.9,0.0,2.50,166.3,35.5,25.8,0.0,1.47,10.0,2.0,2.5,NR5G-SA,n79,-84,-84,-10,23,-64,10.1,C3228E001,568
2026-06-10 16:02:53.071,2026-06-10 16:04:49.473,22.6613555,114.5003666,167.5,0.0,2.50,166.3,35.5,26.7,0.0,1.47,10.0,2.0,2.5,NR5G-SA,n79,-84,-84,-10,23,-64,6.9,C3228E001,568
2026-06-10 16:02:53.272,2026-06-10 16:04:49.673,22.6613555,114.5003666,168.2,0.0,2.49,166.2,35.5,26.7,0.0,1.47,10.0,2.0,2.5,NR5G-SA,n79,-84,-84,-10,25,-64,6.0,C3228E001,568
2026-06-10 16:02:53.472,2026-06-10 16:04:49.673,22.6613554,114.5003665,168.8,0.0,2.49,166.2,35.5,26.7,0.0,1.49,10.0,2.0,2.5,NR5G-SA,n79,-84,-84,-10,25,-64,9.4,C3228E001,568
2026-06-10 16:02:53.672,2026-06-10 16:04:49.873,22.6613554,114.5003665,168.8,0.0,2.49,166.2,35.5,26.7,0.0,1.49,10.0,2.0,2.5,NR5G-SA,n79,-84,-84,-10,25,-64,11.1,C3228E001,568
2026-06-10 16:02:53.873,2026-06-10 16:04:50.073,22.6613554,114.5003664,169.4,0.0,2.48,166.2,37.1,26.7,0.0,1.50,10.0,2.0,2.5,NR5G-SA,n79,-84,-84,-10,26,-64,7.8,C3228E001,568
2026-06-10 16:02:54.073,2026-06-10 16:04:50.473,22.6613554,114.5003664,170.0,0.0,2.49,166.3,37.1,26.7,0.0,1.50,10.0,2.0,2.5,NR5G-SA,n79,-84,-84,-10,26,-64,7.3,C3228E001,568
2026-06-10 16:02:54.273,2026-06-10 16:04:50.673,22.6613554,114.5003664,170.6,0.0,2.49,166.3,37.1,25.9,0.0,1.50,10.0,2.0,2.5,NR5G-SA,n79,-84,-84,-10,26,-64,6.3,C3228E001,568
2026-06-10 16:02:54.474,2026-06-10 16:04:50.673,22.6613554,114.5003665,171.3,0.0,2.49,166.2,37.1,25.9,0.0,1.51,10.0,2.0,2.5,NR5G-SA,n79,-84,-84,-10,26,-64,6.4,C3228E001,568
2026-06-10 16:02:54.674,2026-06-10 16:04:50.873,22.6613554,114.5003665,171.3,0.0,2.49,166.2,37.1,25.9,0.0,1.51,10.0,2.0,2.5,NR5G-SA,n79,-84,-84,-10,26,-64,11.7,C3228E001,568
2026-06-10 16:02:54.874,2026-06-10 16:04:51.074,22.6613554,114.5003667,171.9,0.0,2.50,166.0,26.3,25.9,0.0,1.53,10.0,2.0,2.5,NR5G-SA,n79,-84,-84,-10,27,-64,8.8,C3228E001,568
2026-06-10 16:02:55.074,2026-06-10 16:04:51.474,22.6613554,114.5003668,172.5,0.0,2.48,166.0,26.3,25.9,0.0,1.54,10.0,2.0,2.5,NR5G-SA,n79,-84,-84,-10,27,-64,6.6,C3228E001,568
2026-06-10 16:02:55.275,2026-06-10 16:04:51.674,22.6613554,114.5003668,173.1,0.0,2.49,166.0,26.3,21.8,0.0,1.54,10.0,2.0,2.5,NR5G-SA,n79,-84,-84,-10,27,-64,8.5,C3228E001,568
2026-06-10 16:02:55.475,2026-06-10 16:04:51.674,22.6613554,114.5003669,173.8,0.0,2.50,166.1,26.3,21.8,0.0,1.55,10.0,2.0,2.5,NR5G-SA,n79,-84,-84,-10,28,-64,11.1,C3228E001,568
2026-06-10 16:02:55.675,2026-06-10 16:04:51.874,22.6613554,114.5003669,173.8,0.0,2.50,166.1,26.3,21.8,0.0,1.55,10.0,2.0,2.5,NR5G-SA,n79,-84,-84,-10,28,-64,6.8,C3228E001,568
2026-06-10 16:02:55.876,2026-06-10 16:04:52.074,22.6613554,114.5003669,174.4,0.0,2.51,166.2,44.6,21.8,0.0,1.55,10.0,2.0,2.5,NR5G-SA,n79,-84,-84,-10,28,-64,6.0,C3228E001,568
2026-06-10 16:02:56.076,2026-06-10 16:04:52.474,22.6613555,114.5003669,175.0,0.0,2.50,166.2,44.6,21.8,0.0,1.56,10.0,2.0,2.5,NR5G-SA,n79,-84,-84,-10,28,-64,7.1,C3228E001,568
2026-06-10 16:02:56.276,2026-06-10 16:04:52.674,22.6613555,114.5003669,175.6,0.0,2.51,166.2,44.6,21.4,0.0,1.56,10.0,2.0,2.5,NR5G-SA,n79,-84,-84,-10,28,-64,6.2,C3228E001,568
2026-06-10 16:02:56.476,2026-06-10 16:04:52.674,22.6613555,114.5003669,176.2,0.0,2.50,166.2,44.6,21.4,0.0,1.56,10.0,2.0,2.5,NR5G-SA,n79,-83,-83,-10,29,-63,8.7,C3228E001,568
2026-06-10 16:02:56.677,2026-06-10 16:04:52.874,22.6613555,114.5003669,176.2,0.0,2.50,166.2,44.6,21.4,0.0,1.56,10.0,2.0,2.5,NR5G-SA,n79,-83,-83,-10,29,-63,11.0,C3228E001,568
2026-06-10 16:02:56.877,2026-06-10 16:04:53.074,22.6613555,114.5003669,176.9,0.0,2.51,166.2,13.0,21.4,0.0,1.56,10.0,2.0,2.5,NR5G-SA,n79,-83,-83,-10,29,-63,9.1,C3228E001,568
2026-06-10 16:02:57.077,2026-06-10 16:04:53.474,22.6613556,114.5003669,177.5,0.0,2.51,166.2,13.0,21.4,0.0,1.57,10.0,2.0,2.5,NR5G-SA,n79,-84,-84,-10,28,-64,7.2,C3228E001,568
2026-06-10 16:02:57.278,2026-06-10 16:04:53.674,22.6613556,114.5003668,178.1,0.0,2.52,166.2,13.0,20.2,0.0,1.58,10.0,2.0,2.5,NR5G-SA,n79,-84,-84,-10,28,-64,7.4,C3228E001,568
2026-06-10 16:02:57.478,2026-06-10 16:04:53.674,22.6613556,114.5003668,178.7,0.0,2.51,166.2,13.0,20.2,0.0,1.58,10.0,2.0,2.5,NR5G-SA,n79,-84,-84,-10,28,-64,9.2,C3228E001,568
2026-06-10 16:02:57.678,2026-06-10 16:04:53.874,22.6613556,114.5003668,178.7,0.0,2.51,166.2,13.0,20.2,0.0,1.58,10.0,2.0,2.5,NR5G-SA,n79,-84,-84,-10,27,-64,11.5,C3228E001,568
2026-06-10 16:02:57.879,2026-06-10 16:04:54.074,22.6613556,114.5003667,179.4,0.0,2.52,166.1,0.0,20.2,0.0,1.59,10.0,2.0,2.5,NR5G-SA,n79,-84,-84,-10,27,-64,5.9,C3228E001,568
2026-06-10 16:02:58.079,2026-06-10 16:04:54.474,22.6613556,114.5003667,180.0,0.0,2.52,166.0,0.0,20.2,0.0,1.59,10.0,2.0,2.5,NR5G-SA,n79,-84,-84,-10,27,-64,6.2,C3228E001,568
2026-06-10 16:02:58.279,2026-06-10 16:04:54.674,22.6613556,114.5003667,180.6,0.0,2.52,166.0,0.0,20.8,0.0,1.59,10.0,2.0,2.5,NR5G-SA,n79,-84,-84,-10,25,-64,6.2,C3228E001,568
2026-06-10 16:02:58.479,2026-06-10 16:04:54.674,22.6613556,114.5003667,181.3,0.0,2.52,166.0,0.0,20.8,0.0,1.59,10.0,2.0,2.5,NR5G-SA,n79,-84,-84,-10,25,-64,8.6,C3228E001,568
2026-06-10 16:02:58.680,2026-06-10 16:04:54.874,22.6613556,114.5003667,181.3,0.0,2.52,166.0,0.0,20.8,0.0,1.59,10.0,2.0,2.5,NR5G-SA,n79,-84,-84,-10,24,-64,12.0,C3228E001,568
2026-06-10 16:02:58.880,2026-06-10 16:04:55.074,22.6613556,114.5003667,181.9,0.0,2.51,166.1,3.7,20.8,0.0,1.59,10.0,2.0,2.5,NR5G-SA,n79,-84,-84,-10,24,-64,9.1,C3228E001,568
2026-06-10 16:02:59.081,2026-06-10 16:04:55.474,22.6613556,114.5003668,182.5,0.0,2.51,166.1,3.7,20.8,0.0,1.60,10.0,2.0,2.5,NR5G-SA,n79,-84,-84,-10,24,-64,8.4,C3228E001,568
2026-06-10 16:02:59.281,2026-06-10 16:04:55.674,22.6613556,114.5003668,183.1,0.0,2.50,166.2,3.7,19.6,0.0,1.60,10.0,2.0,2.5,NR5G-SA,n79,-83,-83,-10,24,-63,7.4,C3228E001,568
2026-06-10 16:02:59.481,2026-06-10 16:04:55.674,22.6613556,114.5003668,183.8,0.0,2.51,166.2,3.7,19.6,0.0,1.60,10.0,2.0,2.5,NR5G-SA,n79,-83,-83,-10,24,-63,7.6,C3228E001,568
2026-06-10 16:02:59.682,2026-06-10 16:04:55.874,22.6613556,114.5003668,183.8,0.0,2.51,166.2,3.7,19.6,0.0,1.60,10.0,2.0,2.5,NR5G-SA,n79,-83,-83,-10,24,-63,13.2,C3228E001,568
2026-06-10 16:02:59.882,2026-06-10 16:04:56.074,22.6613556,114.5003668,184.4,0.0,2.52,166.3,0.0,19.6,0.0,1.60,10.0,2.0,2.5,NR5G-SA,n79,-83,-83,-10,23,-63,7.1,C3228E001,568
2026-06-10 16:03:00.082,2026-06-10 16:04:56.474,22.6613556,114.5003668,185.0,0.0,2.52,166.3,0.0,19.6,0.0,1.60,10.0,2.0,2.5,NR5G-SA,n79,-83,-83,-10,23,-63,7.1,C3228E001,568
2026-06-10 16:03:00.283,2026-06-10 16:04:56.674,22.6613556,114.5003668,185.6,0.0,2.52,166.3,0.0,20.1,0.0,1.60,10.0,2.0,2.5,NR5G-SA,n79,-83,-83,-10,23,-63,7.2,C3228E001,568
2026-06-10 16:03:00.483,2026-06-10 16:04:56.674,22.6613556,114.5003668,186.3,0.0,2.51,166.2,0.0,20.1,0.0,1.60,10.0,2.0,2.5,NR5G-SA,n79,-83,-83,-10,24,-63,9.1,C3228E001,568
2026-06-10 16:03:00.683,2026-06-10 16:04:56.874,22.6613556,114.5003668,186.3,0.0,2.51,166.2,0.0,20.1,0.0,1.60,10.0,2.0,2.5,NR5G-SA,n79,-83,-83,-10,24,-63,10.2,C3228E001,568
2026-06-10 16:03:00.884,2026-06-10 16:04:57.074,22.6613556,114.5003668,186.9,0.0,2.52,166.2,20.3,20.1,0.0,1.60,10.0,2.0,2.5,NR5G-SA,n79,-83,-83,-10,24,-63,6.9,C3228E001,568
2026-06-10 16:03:01.084,2026-06-10 16:04:57.474,22.6613556,114.5003668,187.5,0.0,2.51,166.2,20.3,20.1,0.0,1.60,10.0,2.0,2.5,NR5G-SA,n79,-83,-83,-10,24,-63,5.9,C3228E001,568
2026-06-10 16:03:01.284,2026-06-10 16:04:57.674,22.6613556,114.5003668,188.1,0.0,2.50,166.2,20.3,20.8,0.0,1.60,10.0,2.0,2.5,NR5G-SA,n79,-83,-83,-10,24,-63,7.2,C3228E001,568
2026-06-10 16:03:01.485,2026-06-10 16:04:57.674,22.6613556,114.5003668,188.8,0.0,2.50,166.2,20.3,20.8,0.0,1.60,10.0,2.0,2.5,NR5G-SA,n79,-84,-84,-10,22,-64,8.5,C3228E001,568
2026-06-10 16:03:01.685,2026-06-10 16:04:57.874,22.6613556,114.5003668,188.8,0.0,2.50,166.2,20.3,20.8,0.0,1.60,10.0,2.0,2.5,NR5G-SA,n79,-84,-84,-10,22,-64,11.3,C3228E001,568
2026-06-10 16:03:01.885,2026-06-10 16:04:58.074,22.6613556,114.5003668,189.4,0.0,2.50,166.2,38.2,20.8,0.0,1.60,10.0,2.0,2.5,NR5G-SA,n79,-84,-84,-10,22,-64,9.0,C3228E001,568
2026-06-10 16:03:02.085,2026-06-10 16:04:58.474,22.6613556,114.5003668,190.0,0.0,2.50,166.2,38.2,20.8,0.0,1.60,10.0,2.0,2.5,NR5G-SA,n79,-83,-83,-10,21,-63,7.2,C3228E001,568
2026-06-10 16:03:02.286,2026-06-10 16:04:58.674,22.6613556,114.5003668,190.6,0.0,2.51,166.3,38.2,21.5,0.0,1.60,10.0,2.0,2.5,NR5G-SA,n79,-83,-83,-10,21,-63,7.1,C3228E001,568
2026-06-10 16:03:02.486,2026-06-10 16:04:58.674,22.6613555,114.5003668,191.3,0.0,2.51,166.4,38.2,21.5,0.0,1.61,10.0,2.0,2.5,NR5G-SA,n79,-83,-83,-10,21,-63,8.4,C3228E001,568
2026-06-10 16:03:02.686,2026-06-10 16:04:58.874,22.6613555,114.5003668,191.3,0.0,2.51,166.4,38.2,21.5,0.0,1.61,10.0,2.0,2.5,NR5G-SA,n79,-84,-84,-10,21,-64,9.9,C3228E001,568
2026-06-10 16:03:02.887,2026-06-10 16:04:59.074,22.6613555,114.5003668,191.9,0.0,2.51,166.6,33.9,21.5,0.0,1.61,10.0,2.0,2.5,NR5G-SA,n79,-84,-84,-10,21,-64,7.1,C3228E001,568
2026-06-10 16:03:03.087,2026-06-10 16:04:59.474,22.6613555,114.5003668,192.5,0.0,2.50,166.7,33.9,21.5,0.0,1.61,10.0,2.0,2.5,NR5G-SA,n79,-84,-84,-10,21,-64,6.6,C3228E001,568
2026-06-10 16:03:03.287,2026-06-10 16:04:59.674,22.6613555,114.5003667,193.1,0.0,2.49,166.7,33.9,21.5,0.0,1.62,10.0,2.0,2.5,NR5G-SA,n79,-84,-84,-10,21,-64,6.0,C3228E001,568
2026-06-10 16:03:03.488,2026-06-10 16:04:59.674,22.6613555,114.5003666,193.8,0.0,2.49,166.5,33.9,21.1,0.0,1.63,10.0,2.0,2.5,NR5G-SA,n79,-84,-84,-10,21,-64,6.8,C3228E001,568
2026-06-10 16:03:03.688,2026-06-10 16:04:59.874,22.6613555,114.5003666,193.8,0.0,2.49,166.5,33.9,21.1,0.0,1.63,10.0,2.0,2.5,NR5G-SA,n79,-84,-84,-10,20,-64,12.6,C3228E001,568
2026-06-10 16:03:03.888,2026-06-10 16:05:00.074,22.6613555,114.5003665,194.4,0.0,2.47,166.3,32.0,21.1,0.0,1.64,10.0,2.0,2.5,NR5G-SA,n79,-84,-84,-10,20,-64,7.5,C3228E001,568
2026-06-10 16:03:04.089,2026-06-10 16:05:00.474,22.6613555,114.5003665,195.0,0.0,2.36,166.0,32.0,21.1,0.0,1.64,10.0,2.0,2.5,NR5G-SA,n79,-84,-84,-10,20,-64,6.3,C3228E001,568
2026-06-10 16:03:04.289,2026-06-10 16:05:00.674,22.6613555,114.5003665,195.6,0.0,2.22,165.8,32.0,21.1,0.0,1.64,10.0,2.0,2.5,NR5G-SA,n79,-84,-84,-10,19,-64,6.4,C3228E001,568
2026-06-10 16:03:04.489,2026-06-10 16:05:00.674,22.6613555,114.5003665,196.1,0.0,2.08,165.8,32.0,22.2,0.0,1.64,10.0,2.0,2.5,NR5G-SA,n79,-84,-84,-10,19,-64,7.7,C3228E001,568
2026-06-10 16:03:04.690,2026-06-10 16:05:00.874,22.6613555,114.5003665,196.1,0.0,2.08,165.8,32.0,22.2,0.0,1.64,10.0,2.0,2.5,NR5G-SA,n79,-84,-84,-10,19,-64,9.1,C3228E001,568
2026-06-10 16:03:04.890,2026-06-10 16:05:01.074,22.6613555,114.5003666,196.6,0.0,1.93,165.8,40.9,22.2,0.0,1.65,10.0,2.0,2.5,NR5G-SA,n79,-84,-84,-10,19,-64,6.8,C3228E001,568
2026-06-10 16:03:05.090,2026-06-10 16:05:01.474,22.6613555,114.5003667,197.0,0.0,1.79,165.8,40.9,22.2,0.0,1.66,10.0,2.0,2.5,NR5G-SA,n79,-84,-84,-10,19,-64,7.1,C3228E001,568
2026-06-10 16:03:05.291,2026-06-10 16:05:01.674,22.6613556,114.5003667,197.4,0.0,1.67,165.8,40.9,22.2,0.0,1.68,10.0,2.0,2.5,NR5G-SA,n79,-84,-84,-10,18,-64,7.5,C3228E001,568
2026-06-10 16:03:05.491,2026-06-10 16:05:01.674,22.6613556,114.5003668,197.8,0.0,1.54,165.8,40.9,21.6,0.0,1.69,10.0,2.0,2.5,NR5G-SA,n79,-84,-84,-10,18,-64,7.6,C3228E001,568
2026-06-10 16:03:05.691,2026-06-10 16:05:01.874,22.6613556,114.5003668,197.8,0.0,1.54,165.8,40.9,21.6,0.0,1.69,10.0,2.0,2.5,NR5G-SA,n79,-84,-84,-10,18,-64,11.6,C3228E001,568
2026-06-10 16:03:05.892,2026-06-10 16:05:02.074,22.6613556,114.5003668,198.2,0.0,1.40,165.7,20.5,21.6,0.0,1.69,10.0,2.0,2.5,NR5G-SA,n79,-83,-83,-10,20,-63,5.6,C3228E001,568
2026-06-10 16:03:06.092,2026-06-10 16:05:02.474,22.6613557,114.5003668,198.5,0.0,1.26,165.7,20.5,21.6,0.0,1.70,10.0,2.0,2.5,NR5G-SA,n79,-83,-83,-10,20,-63,6.9,C3228E001,568
2026-06-10 16:03:06.292,2026-06-10 16:05:02.674,22.6613557,114.5003669,198.8,0.0,1.14,165.7,20.5,21.6,0.0,1.71,10.0,2.0,2.5,NR5G-SA,n79,-83,-83,-10,20,-63,6.1,C3228E001,568
2026-06-10 16:03:06.493,2026-06-10 16:05:02.674,22.6613558,114.5003669,199.1,0.0,1.01,165.7,20.5,20.4,0.0,1.72,10.0,2.0,2.5,NR5G-SA,n79,-84,-84,-10,20,-64,7.6,C3228E001,568
2026-06-10 16:03:06.693,2026-06-10 16:05:02.874,22.6613558,114.5003669,199.1,0.0,1.01,165.7,20.5,20.4,0.0,1.72,10.0,2.0,2.5,NR5G-SA,n79,-84,-84,-10,20,-64,11.2,C3228E001,568
2026-06-10 16:03:06.893,2026-06-10 16:05:03.074,22.6613558,114.5003669,199.3,0.0,0.87,165.8,0.0,20.4,0.0,1.72,10.0,2.0,2.5,NR5G-SA,n79,-84,-84,-10,20,-64,7.6,C3228E001,568
2026-06-10 16:03:07.094,2026-06-10 16:05:03.473,22.6613558,114.5003669,199.5,0.0,0.72,165.9,0.0,20.4,0.0,1.72,10.0,2.0,2.5,NR5G-SA,n79,-84,-84,-10,19,-64,6.7,C3228E001,568
2026-06-10 16:03:07.294,2026-06-10 16:05:03.673,22.6613558,114.5003669,199.7,0.0,0.58,165.9,0.0,20.4,0.0,1.72,10.0,2.0,2.5,NR5G-SA,n79,-84,-84,-10,19,-64,7.5,C3228E001,568
2026-06-10 16:03:07.495,2026-06-10 16:05:03.673,22.6613558,114.5003669,199.8,0.0,0.42,165.9,0.0,20.8,0.0,1.72,10.0,2.0,2.5,NR5G-SA,n79,-84,-84,-10,19,-64,10.7,C3228E001,568
2026-06-10 16:03:07.695,2026-06-10 16:05:03.873,22.6613558,114.5003669,199.8,0.0,0.42,165.9,0.0,20.8,0.0,1.72,10.0,2.0,2.5,NR5G-SA,n79,-84,-84,-10,19,-64,11.4,C3228E001,568
2026-06-10 16:03:07.895,2026-06-10 16:05:04.073,22.6613558,114.5003669,199.8,0.0,0.25,165.9,4.7,20.8,0.0,1.72,10.0,2.0,2.5,NR5G-SA,n79,-84,-84,-10,19,-64,7.4,C3228E001,568
2026-06-10 16:03:08.096,2026-06-10 16:05:04.473,22.6613558,114.5003669,199.9,0.0,0.05,165.9,4.7,20.8,0.0,1.72,10.0,2.0,2.5,NR5G-SA,n79,-84,-84,-10,19,-64,6.4,C3228E001,568
2026-06-10 16:03:08.296,2026-06-10 16:05:04.673,22.6613557,114.5003668,199.9,0.0,-0.02,165.9,4.7,20.8,0.0,1.73,10.0,2.0,2.5,NR5G-SA,n79,-84,-84,-10,19,-64,7.3,C3228E001,568
2026-06-10 16:03:08.496,2026-06-10 16:05:04.673,22.6613558,114.5003669,199.8,0.1,-0.04,166.0,4.7,21.0,0.0,1.75,10.0,2.0,2.5,NR5G-SA,n79,-84,-84,-10,19,-64,8.1,C3228E001,568
2026-06-10 16:03:08.697,2026-06-10 16:05:04.873,22.6613558,114.5003669,199.8,0.1,-0.04,166.0,4.7,21.0,0.0,1.75,10.0,2.0,2.5,NR5G-SA,n79,-84,-84,-10,20,-64,11.8,C3228E001,568
2026-06-10 16:03:08.897,2026-06-10 16:05:05.073,22.6613560,114.5003672,199.8,0.3,-0.02,166.1,0.0,21.0,0.1,1.79,10.0,2.0,2.5,NR5G-SA,n79,-84,-84,-10,20,-64,7.3,C3228E001,568
2026-06-10 16:03:09.097,2026-06-10 16:05:05.473,22.6613564,114.5003679,199.8,0.4,0.04,166.1,0.0,21.0,0.2,1.87,10.0,2.0,2.5,NR5G-SA,n79,-84,-84,-10,20,-64,6.3,C3228E001,568
2026-06-10 16:03:09.298,2026-06-10 16:05:05.673,22.6613571,114.5003691,199.8,0.6,0.06,165.9,0.0,21.0,0.3,2.02,10.0,2.0,2.5,NR5G-SA,n79,-84,-84,-10,20,-64,5.7,C3228E001,568
2026-06-10 16:03:09.498,2026-06-10 16:05:05.673,22.6613581,114.5003707,199.8,0.9,0.06,164.8,0.0,21.0,0.5,2.22,10.0,2.0,2.5,NR5G-SA,n79,-84,-84,-10,20,-64,8.2,C3228E001,568
2026-06-10 16:03:09.698,2026-06-10 16:05:05.873,22.6613581,114.5003707,199.8,0.9,0.06,164.8,0.0,21.0,0.5,2.22,10.0,2.0,2.5,NR5G-SA,n79,-84,-84,-10,20,-64,12.5,C3228E001,568
2026-06-10 16:03:09.899,2026-06-10 16:05:06.073,22.6613594,114.5003729,199.9,1.2,0.08,156.5,3.1,21.0,0.8,2.48,10.0,2.0,2.5,NR5G-SA,n79,-84,-84,-10,19,-64,6.3,C3228E001,568
2026-06-10 16:03:10.099,2026-06-10 16:05:06.473,22.6613610,114.5003758,199.9,1.5,0.06,141.6,3.1,21.0,1.1,2.83,10.0,2.0,2.5,NR5G-SA,n79,-84,-84,-10,19,-64,7.1,C3228E001,568
2026-06-10 16:03:10.299,2026-06-10 16:05:06.673,22.6613631,114.5003795,199.9,1.9,0.02,125.7,3.1,21.0,1.6,3.28,10.0,2.0,2.5,NR5G-SA,n79,-84,-84,-10,20,-64,6.7,C3228E001,568
2026-06-10 16:03:10.499,2026-06-10 16:05:06.673,22.6613659,114.5003841,199.9,2.3,-0.02,109.9,3.1,20.5,2.1,3.84,10.0,2.0,2.5,NR5G-SA,n79,-84,-84,-10,20,-64,7.7,C3228E001,568
2026-06-10 16:03:10.700,2026-06-10 16:05:06.873,22.6613695,114.5003895,199.9,2.8,-0.04,94.7,3.1,20.5,2.8,4.53,10.0,2.0,2.5,NR5G-SA,n79,-84,-84,-10,20,-64,9.3,C3228E001,568
2026-06-10 16:03:10.900,2026-06-10 16:05:07.073,22.6613695,114.5003895,199.9,2.8,-0.04,94.7,0.0,20.5,2.8,4.53,10.0,2.0,2.5,NR5G-SA,n79,-84,-84,-10,17,-64,7.5,C3228E001,568
2026-06-10 16:03:11.100,2026-06-10 16:05:07.473,22.6613739,114.5003957,199.9,3.3,-0.01,79.6,0.0,20.5,3.6,5.33,10.0,2.0,2.5,NR5G-SA,n79,-84,-84,-10,17,-64,5.4,C3228E001,568
2026-06-10 16:03:11.301,2026-06-10 16:05:07.673,22.6613789,114.5004029,199.9,3.8,0.01,64.3,0.0,20.5,4.5,6.26,10.0,2.0,2.5,NR5G-SA,n79,-84,-84,-10,17,-64,6.6,C3228E001,568
2026-06-10 16:03:11.501,2026-06-10 16:05:07.673,22.6613844,114.5004110,199.9,4.3,-0.01,54.6,0.0,20.5,5.6,7.29,10.0,2.0,2.5,NR5G-SA,n79,-89,-89,-10,14,-69,9.8,C3228E001,568
2026-06-10 16:03:11.701,2026-06-10 16:05:07.873,22.6613904,114.5004202,199.9,4.9,-0.03,52.4,0.0,20.6,6.7,8.45,10.0,2.0,2.5,NR5G-SA,n79,-89,-89,-10,14,-69,10.6,C3228E001,568
2026-06-10 16:03:11.901,2026-06-10 16:05:08.073,22.6613904,114.5004202,199.9,4.9,-0.03,52.4,0.0,20.6,6.7,8.45,10.0,2.0,2.5,NR5G-SA,n79,-89,-89,-10,14,-69,9.0,C3228E001,568
2026-06-10 16:03:12.101,2026-06-10 16:05:08.473,22.6613969,114.5004304,199.9,5.5,0.02,52.9,15.4,20.6,8.0,9.72,10.0,2.0,2.5,NR5G-SA,n79,-91,-91,-10,14,-71,6.8,C3228E001,568
2026-06-10 16:03:12.302,2026-06-10 16:05:08.673,22.6614041,114.5004420,199.9,6.1,-0.04,53.9,15.4,20.6,9.4,11.16,10.0,2.0,2.5,NR5G-SA,n79,-91,-91,-10,14,-71,6.4,C3228E001,568
2026-06-10 16:03:12.502,2026-06-10 16:05:08.673,22.6614120,114.5004551,199.9,6.8,-0.01,54.8,15.4,20.6,11.0,12.76,10.0,2.0,2.5,NR5G-SA,n79,-93,-93,-10,13,-73,6.9,C3228E001,568
2026-06-10 16:03:12.702,2026-06-10 16:05:08.873,22.6614207,114.5004695,199.9,6.8,-0.01,55.4,15.4,20.1,12.8,14.53,10.0,2.0,2.5,NR5G-SA,n79,-93,-93,-10,13,-73,9.3,C3228E001,568
2026-06-10 16:03:12.903,2026-06-10 16:05:09.073,22.6614207,114.5004695,199.9,7.4,0.00,55.4,15.4,20.1,12.8,14.53,10.0,2.0,2.5,NR5G-SA,n79,-93,-93,-10,13,-73,5.5,C3228E001,568
2026-06-10 16:03:13.103,2026-06-10 16:05:09.473,22.6614302,114.5004852,200.0,8.0,-0.03,55.7,43.2,20.1,14.7,16.46,10.0,2.0,2.5,NR5G-SA,n79,-91,-91,-10,12,-71,5.6,C3228E001,568
2026-06-10 16:03:13.303,2026-06-10 16:05:09.673,22.6614407,114.5005021,200.0,8.7,-0.08,55.6,43.2,20.1,16.8,18.55,10.0,2.0,2.5,NR5G-SA,n79,-91,-91,-10,12,-71,5.5,C3228E001,568
2026-06-10 16:03:13.504,2026-06-10 16:05:09.873,22.6614520,114.5005201,200.0,9.3,-0.11,55.6,43.2,20.1,19.1,20.79,10.0,2.0,2.5,NR5G-SA,n79,-91,-91,-10,12,-71,8.4,C3228E001,568
2026-06-10 16:03:13.704,2026-06-10 16:05:09.873,22.6614520,114.5005201,200.0,9.3,-0.11,55.6,43.2,19.3,19.1,20.79,10.0,2.0,2.5,NR5G-SA,n79,-92,-92,-10,13,-72,13.0,C3228E001,568
2026-06-10 16:03:13.905,2026-06-10 16:05:10.073,22.6614641,114.5005393,200.0,9.9,-0.06,55.6,43.2,19.3,21.5,23.18,10.0,2.0,2.5,NR5G-SA,n79,-92,-92,-10,13,-72,8.3,C3228E001,568
2026-06-10 16:03:14.105,2026-06-10 16:05:10.473,22.6614770,114.5005598,199.9,10.5,-0.12,55.5,25.0,19.3,24.0,25.73,10.0,2.0,2.5,NR5G-SA,n79,-92,-92,-10,13,-72,6.6,C3228E001,568
2026-06-10 16:03:14.305,2026-06-10 16:05:10.673,22.6614906,114.5005816,199.9,11.1,-0.12,55.4,25.0,19.3,26.7,28.43,10.0,2.0,2.5,NR5G-SA,n79,-92,-92,-10,13,-72,6.0,C3228E001,568
2026-06-10 16:03:14.506,2026-06-10 16:05:10.873,22.6615051,114.5006046,199.9,11.7,-0.09,55.5,25.0,19.3,29.6,31.29,10.0,2.0,2.5,NR5G-SA,n79,-92,-92,-10,13,-72,6.7,C3228E001,568
2026-06-10 16:03:14.706,2026-06-10 16:05:10.873,22.6615202,114.5006288,199.9,11.7,-0.09,55.6,25.0,20.9,32.6,34.29,10.0,2.0,2.5,NR5G-SA,n79,-92,-92,-10,13,-72,12.3,C3228E001,568
2026-06-10 16:03:14.906,2026-06-10 16:05:11.073,22.6615202,114.5006288,199.9,12.3,-0.03,55.6,25.0,20.9,32.6,34.29,10.0,2.0,2.5,NR5G-SA,n79,-92,-92,-10,13,-72,6.0,C3228E001,568
2026-06-10 16:03:15.107,2026-06-10 16:05:11.473,22.6615362,114.5006541,199.9,12.8,0.03,55.5,37.8,20.9,35.7,37.44,10.0,2.0,2.5,NR5G-SA,n79,-92,-92,-10,13,-72,7.7,C3228E001,568
2026-06-10 16:03:15.307,2026-06-10 16:05:11.673,22.6615527,114.5006802,199.9,13.3,0.01,55.4,37.8,20.9,39.0,40.69,10.0,2.0,2.5,NR5G-SA,n79,-91,-91,-10,13,-71,7.1,C3228E001,568
2026-06-10 16:03:15.508,2026-06-10 16:05:11.673,22.6615698,114.5007072,200.0,13.7,-0.04,55.2,37.8,20.9,42.3,44.06,10.0,2.0,2.5,NR5G-SA,n79,-91,-91,-10,13,-71,7.7,C3228E001,568
2026-06-10 16:03:15.708,2026-06-10 16:05:11.873,22.6615698,114.5007072,200.0,13.7,-0.04,55.2,37.8,25.3,42.3,44.06,10.0,2.0,2.5,NR5G-SA,n79,-91,-91,-10,13,-71,10.7,C3228E001,568
2026-06-10 16:03:15.908,2026-06-10 16:05:12.073,22.6615873,114.5007349,200.0,14.1,-0.07,55.1,37.8,25.3,45.8,47.51,10.0,2.0,2.5,NR5G-SA,n79,-91,-91,-10,13,-71,5.5,C3228E001,568
2026-06-10 16:03:16.108,2026-06-10 16:05:12.473,22.6616053,114.5007631,200.0,14.3,-0.03,55.2,32.3,25.3,49.3,51.03,10.0,2.0,2.5,NR5G-SA,n79,-91,-91,-10,13,-71,6.7,C3228E001,568
2026-06-10 16:03:16.309,2026-06-10 16:05:12.673,22.6616236,114.5007919,200.0,14.6,-0.01,55.4,32.3,25.3,52.9,54.62,10.0,2.0,2.5,NR5G-SA,n79,-91,-91,-10,13,-71,6.4,C3228E001,568
2026-06-10 16:03:16.509,2026-06-10 16:05:12.673,22.6616421,114.5008211,200.0,14.8,-0.02,55.5,32.3,25.3,56.5,58.26,10.0,2.0,2.5,NR5G-SA,n79,-94,-94,-10,16,-74,6.9,C3228E001,568
2026-06-10 16:03:16.709,2026-06-10 16:05:12.873,22.6616608,114.5008507,200.0,14.8,-0.02,55.7,32.3,25.2,60.2,61.94,10.0,2.0,2.5,NR5G-SA,n79,-94,-94,-10,16,-74,11.9,C3228E001,568
2026-06-10 16:03:16.909,2026-06-10 16:05:13.073,22.6616608,114.5008507,200.0,14.9,-0.04,55.7,32.3,25.2,60.2,61.94,10.0,2.0,2.5,NR5G-SA,n79,-96,-96,-10,17,-76,5.3,C3228E001,568
2026-06-10 16:03:17.110,2026-06-10 16:05:13.473,22.6616795,114.5008802,200.0,15.0,-0.02,55.8,31.7,25.2,63.9,65.62,10.0,2.0,2.5,NR5G-SA,n79,-96,-96,-10,17,-76,5.4,C3228E001,568
2026-06-10 16:03:17.310,2026-06-10 16:05:13.673,22.6616983,114.5009100,200.0,14.9,0.01,55.8,31.7,25.2,67.6,69.33,10.0,2.0,2.5,NR5G-SA,n79,-96,-96,-10,17,-76,6.3,C3228E001,568
2026-06-10 16:03:17.510,2026-06-10 16:05:13.873,22.6617171,114.5009400,200.0,14.9,-0.01,55.9,31.7,25.2,71.3,73.05,10.0,2.0,2.5,NR5G-SA,n79,-92,-92,-10,18,-72,6.3,C3228E001,568
2026-06-10 16:03:17.710,2026-06-10 16:05:13.873,22.6617360,114.5009700,200.0,15.1,-0.09,55.9,31.7,26.6,75.1,76.79,10.0,2.0,2.5,NR5G-SA,n79,-92,-92,-10,18,-72,11.8,C3228E001,568
2026-06-10 16:03:17.911,2026-06-10 16:05:14.073,22.6617360,114.5009700,200.0,15.1,-0.09,55.9,31.7,26.6,75.1,76.79,10.0,2.0,2.5,NR5G-SA,n79,-92,-92,-10,18,-72,6.9,C3228E001,568
2026-06-10 16:03:18.111,2026-06-10 16:05:14.473,22.6617549,114.5010001,200.0,15.1,-0.10,55.9,38.1,26.6,78.8,80.53,10.0,2.0,2.5,NR5G-SA,n79,-90,-90,-10,29,-70,6.9,C3228E001,568
2026-06-10 16:03:18.311,2026-06-10 16:05:14.673,22.6617739,114.5010301,200.0,15.0,-0.07,55.9,38.1,26.6,82.5,84.26,10.0,2.0,2.5,NR5G-SA,n79,-90,-90,-10,29,-70,5.9,C3228E001,568
2026-06-10 16:03:18.511,2026-06-10 16:05:14.673,22.6617931,114.5010602,200.0,15.1,-0.08,55.9,38.1,26.6,86.3,88.02,10.0,2.0,2.5,NR5G-SA,n79,-90,-90,-10,29,-70,6.4,C3228E001,568
2026-06-10 16:03:18.712,2026-06-10 16:05:14.873,22.6618124,114.5010904,200.0,15.1,-0.08,55.9,38.1,26.5,90.1,91.80,10.0,2.0,2.5,NR5G-SA,n79,-92,-92,-10,27,-72,11.0,C3228E001,568
2026-06-10 16:03:18.912,2026-06-10 16:05:15.073,22.6618124,114.5010904,200.0,15.1,-0.06,55.9,38.1,26.5,90.1,91.80,10.0,2.0,2.5,NR5G-SA,n79,-92,-92,-10,27,-72,4.8,C3228E001,568
2026-06-10 16:03:19.112,2026-06-10 16:05:15.473,22.6618316,114.5011207,200.0,15.1,-0.05,55.8,24.7,26.5,93.8,95.57,10.0,2.0,2.5,NR5G-SA,n79,-97,-97,-10,26,-77,5.2,C3228E001,568
2026-06-10 16:03:19.313,2026-06-10 16:05:15.673,22.6618507,114.5011511,200.0,15.1,-0.05,55.8,24.7,26.5,97.6,99.35,10.0,2.0,2.5,NR5G-SA,n79,-97,-97,-10,26,-77,4.3,C3228E001,568
2026-06-10 16:03:19.513,2026-06-10 16:05:15.673,22.6618699,114.5011816,200.0,15.0,-0.06,55.7,24.7,26.5,101.4,103.14,10.0,2.0,2.5,NR5G-SA,n79,-97,-97,-10,26,-77,7.4,C3228E001,568
2026-06-10 16:03:19.713,2026-06-10 16:05:15.873,22.6618699,114.5011816,200.0,15.0,-0.06,55.7,24.7,26.5,101.4,103.14,10.0,2.0,2.5,NR5G-SA,n79,-97,-97,-10,24,-77,11.4,C3228E001,568
2026-06-10 16:03:19.914,2026-06-10 16:05:16.073,22.6618890,114.5012119,200.0,15.0,-0.03,55.6,24.7,24.0,105.2,106.91,10.0,2.0,2.5,NR5G-SA,n79,-97,-97,-10,24,-77,5.0,C3228E001,568
2026-06-10 16:03:20.114,2026-06-10 16:05:16.473,22.6619081,114.5012422,200.0,15.0,-0.04,55.5,43.2,24.0,109.0,110.68,10.0,2.0,2.5,NR5G-SA,n79,-97,-97,-10,24,-77,5.9,C3228E001,568
2026-06-10 16:03:20.314,2026-06-10 16:05:16.673,22.6619272,114.5012725,200.0,15.0,-0.06,55.4,43.2,24.0,112.7,114.45,10.0,2.0,2.5,NR5G-SA,n79,-98,-98,-11,18,-78,6.1,C3228E001,568
2026-06-10 16:03:20.514,2026-06-10 16:05:16.673,22.6619462,114.5013028,200.0,15.0,-0.02,55.4,43.2,24.0,116.5,118.21,10.0,2.0,2.5,NR5G-SA,n79,-98,-98,-11,18,-78,6.7,C3228E001,568
2026-06-10 16:03:20.715,2026-06-10 16:05:16.873,22.6619652,114.5013331,200.0,14.9,-0.05,55.4,43.2,24.0,120.3,121.98,10.0,2.0,2.5,NR5G-SA,n79,-98,-98,-11,18,-78,10.6,C3228E001,568
2026-06-10 16:03:20.915,2026-06-10 16:05:17.073,22.6619652,114.5013331,200.0,14.9,-0.05,55.4,43.2,20.1,120.3,121.98,10.0,2.0,2.5,NR5G-SA,n79,-98,-98,-10,17,-78,10.2,C3228E001,568
2026-06-10 16:03:21.115,2026-06-10 16:05:17.473,22.6619841,114.5013633,200.0,14.9,-0.07,55.4,15.4,20.1,124.0,125.73,10.0,2.0,2.5,NR5G-SA,n79,-98,-98,-10,17,-78,6.4,C3228E001,568
2026-06-10 16:03:21.316,2026-06-10 16:05:17.673,22.6620030,114.5013936,200.0,14.9,-0.01,55.4,15.4,20.1,127.8,129.48,10.0,2.0,2.5,NR5G-SA,n79,-98,-98,-10,17,-78,6.1,C3228E001,568
2026-06-10 16:03:21.516,2026-06-10 16:05:17.873,22.6620221,114.5014240,200.0,15.0,-0.06,55.5,15.4,20.1,131.5,133.26,10.0,2.0,2.5,NR5G-SA,n79,-97,-97,-10,16,-77,5.5,C3228E001,568
2026-06-10 16:03:21.716,2026-06-10 16:05:17.873,22.6620411,114.5014543,200.0,15.0,-0.05,55.6,15.4,20.1,135.3,137.02,10.0,2.0,2.5,NR5G-SA,n79,-97,-97,-10,16,-77,10.9,C3228E001,568
2026-06-10 16:03:21.917,2026-06-10 16:05:18.073,22.6620411,114.5014543,200.0,15.0,-0.05,55.6,15.4,21.1,135.3,137.02,10.0,2.0,2.5,NR5G-SA,n79,-98,-98,-10,17,-78,6.5,C3228E001,568
2026-06-10 16:03:22.117,2026-06-10 16:05:18.473,22.6620600,114.5014846,200.0,15.0,-0.07,55.7,0.0,21.1,139.1,140.78,10.0,2.0,2.5,NR5G-SA,n79,-98,-98,-10,17,-78,7.1,C3228E001,568
2026-06-10 16:03:22.318,2026-06-10 16:05:18.673,22.6620789,114.5015147,200.0,14.9,-0.04,55.7,0.0,21.1,142.8,144.52,10.0,2.0,2.5,NR5G-SA,n79,-98,-98,-10,17,-78,6.2,C3228E001,568
2026-06-10 16:03:22.518,2026-06-10 16:05:18.873,22.6620979,114.5015449,200.0,15.0,-0.12,55.7,0.0,21.1,146.6,148.27,10.0,2.0,2.5,NR5G-SA,n79,-44,-44,-10,18,-24,6.3,C3228E001,568
2026-06-10 16:03:22.718,2026-06-10 16:05:18.873,22.6621168,114.5015750,200.0,14.9,-0.09,55.8,0.0,21.1,150.3,152.01,10.0,2.0,2.5,NR5G-SA,n79,-44,-44,-10,18,-24,10.4,C3228E001,568
2026-06-10 16:03:22.919,2026-06-10 16:05:19.073,22.6621168,114.5015750,200.0,14.9,-0.09,55.8,0.0,20.9,150.3,152.01,10.0,2.0,2.5,NR5G-SA,n79,-44,-44,-10,18,-24,6.9,C3228E001,568
2026-06-10 16:03:23.119,2026-06-10 16:05:19.473,22.6621357,114.5016052,200.0,14.9,-0.09,55.8,3.8,20.9,154.0,155.76,10.0,2.0,2.5,NR5G-SA,n79,-44,-44,-10,17,-24,6.6,C3228E001,568
2026-06-10 16:03:23.319,2026-06-10 16:05:19.673,22.6621547,114.5016354,200.0,15.0,-0.10,55.8,3.8,20.9,157.8,159.52,10.0,2.0,2.5,NR5G-SA,n79,-44,-44,-10,17,-24,7.2,C3228E001,568
2026-06-10 16:03:23.520,2026-06-10 16:05:19.873,22.6621738,114.5016657,200.0,14.9,-0.06,55.8,3.8,20.9,161.6,163.29,10.0,2.0,2.5,NR5G-SA,n79,-44,-44,-10,17,-24,5.9,C3228E001,568
2026-06-10 16:03:23.720,2026-06-10 16:05:19.873,22.6621928,114.5016958,200.0,15.0,-0.02,55.8,3.8,20.9,165.3,167.03,10.0,2.0,2.5,NR5G-SA,n79,-44,-44,-10,16,-24,9.6,C3228E001,568
2026-06-10 16:03:23.920,2026-06-10 16:05:20.073,22.6621928,114.5016958,200.0,15.0,-0.02,55.8,3.8,22.0,165.3,167.03,10.0,2.0,2.5,NR5G-SA,n79,-44,-44,-10,16,-24,11.1,C3228E001,568
2026-06-10 16:03:24.121,2026-06-10 16:05:20.473,22.6622119,114.5017258,200.0,15.0,-0.07,55.7,0.0,22.0,169.1,170.78,10.0,2.0,2.5,NR5G-SA,n79,-44,-44,-10,17,-24,6.9,C3228E001,568
2026-06-10 16:03:24.321,2026-06-10 16:05:20.673,22.6622310,114.5017560,200.0,15.0,-0.07,55.7,0.0,22.0,172.8,174.54,10.0,2.0,2.5,NR5G-SA,n79,-44,-44,-10,17,-24,6.3,C3228E001,568
2026-06-10 16:03:24.521,2026-06-10 16:05:20.873,22.6622500,114.5017862,200.0,15.0,-0.09,55.7,0.0,22.0,176.6,178.29,10.0,2.0,2.5,NR5G-SA,n79,-44,-44,-10,17,-24,6.1,C3228E001,568
2026-06-10 16:03:24.722,2026-06-10 16:05:20.873,22.6622690,114.5018164,200.0,15.0,-0.09,55.7,0.0,22.0,180.3,182.05,10.0,2.0,2.5,NR5G-SA,n79,-44,-44,-10,19,-24,10.6,C3228E001,568
2026-06-10 16:03:24.922,2026-06-10 16:05:21.073,22.6622690,114.5018164,200.0,15.0,-0.09,55.7,0.0,23.4,180.3,182.05,10.0,2.0,2.5,NR5G-SA,n79,-44,-44,-10,19,-24,6.6,C3228E001,568
2026-06-10 16:03:25.122,2026-06-10 16:05:21.473,22.6622880,114.5018467,200.0,15.0,-0.13,55.7,8.8,23.4,184.1,185.81,10.0,2.0,2.5,NR5G-SA,n79,-44,-44,-10,19,-24,11.9,C3228E001,568
2026-06-10 16:03:25.322,2026-06-10 16:05:21.673,22.6623070,114.5018768,200.0,14.9,-0.06,55.7,8.8,23.4,187.8,189.56,10.0,2.0,2.5,NR5G-SA,n79,-44,-44,-10,20,-24,7.1,C3228E001,568
2026-06-10 16:03:25.523,2026-06-10 16:05:21.873,22.6623259,114.5019069,200.0,14.9,-0.09,55.7,8.8,23.4,191.6,193.30,10.0,2.0,2.5,NR5G-SA,n79,-44,-44,-10,20,-24,6.4,C3228E001,568
2026-06-10 16:03:25.723,2026-06-10 16:05:21.873,22.6623449,114.5019372,200.0,14.9,-0.09,55.7,8.8,23.4,195.3,197.06,10.0,2.0,2.5,NR5G-SA,n79,-44,-44,-10,20,-24,9.6,C3228E001,568
2026-06-10 16:03:25.923,2026-06-10 16:05:22.073,22.6623449,114.5019372,200.0,14.9,-0.09,55.7,8.8,26.0,195.3,197.06,10.0,2.0,2.5,NR5G-SA,n79,-44,-44,-10,22,-24,10.4,C3228E001,568
2026-06-10 16:03:26.123,2026-06-10 16:05:22.473,22.6623640,114.5019673,200.0,15.0,-0.10,55.7,0.0,26.0,199.1,200.81,10.0,2.0,2.5,NR5G-SA,n79,-44,-44,-10,22,-24,10.8,C3228E001,568
2026-06-10 16:03:26.323,2026-06-10 16:05:22.673,22.6623830,114.5019975,200.0,15.0,-0.08,55.5,0.0,26.0,202.8,204.57,10.0,2.0,2.5,NR5G-SA,n79,-44,-44,-10,22,-24,6.9,C3228E001,568
2026-06-10 16:03:26.524,2026-06-10 16:05:22.873,22.6624020,114.5020276,200.0,14.9,-0.10,55.3,0.0,26.0,206.6,208.31,10.0,2.0,2.5,NR5G-SA,n79,-44,-44,-10,22,-24,4.6,C3228E001,568
2026-06-10 16:03:26.724,2026-06-10 16:05:22.873,22.6624210,114.5020577,200.0,15.0,-0.08,55.3,0.0,26.0,210.3,212.06,10.0,2.0,2.5,NR5G-SA,n79,-44,-44,-10,22,-24,10.4,C3228E001,568
2026-06-10 16:03:26.925,2026-06-10 16:05:23.073,22.6624210,114.5020577,200.0,15.0,-0.08,55.3,0.0,24.5,210.3,212.06,10.0,2.0,2.5,NR5G-SA,n79,-44,-44,-10,23,-24,10.8,C3228E001,568
2026-06-10 16:03:27.125,2026-06-10 16:05:23.473,22.6624400,114.5020878,200.0,14.9,-0.12,55.4,18.8,24.5,214.1,215.81,10.0,2.0,2.5,NR5G-SA,n79,-44,-44,-10,23,-24,9.9,C3228E001,568
2026-06-10 16:03:27.325,2026-06-10 16:05:23.673,22.6624588,114.5021180,200.0,15.0,-0.08,55.5,18.8,24.5,217.8,219.55,10.0,2.0,2.5,NR5G-SA,n79,-44,-44,-10,23,-24,7.1,C3228E001,568
2026-06-10 16:03:27.526,2026-06-10 16:05:23.873,22.6624777,114.5021483,200.0,14.9,-0.11,55.6,18.8,24.5,221.6,223.31,10.0,2.0,2.5,NR5G-SA,n79,-44,-44,-10,23,-24,6.3,C3228E001,568
2026-06-10 16:03:27.726,2026-06-10 16:05:23.873,22.6624966,114.5021785,200.0,15.0,-0.04,55.6,18.8,24.5,225.3,227.05,10.0,2.0,2.5,NR5G-SA,n79,-44,-44,-10,23,-24,7.4,C3228E001,568
2026-06-10 16:03:27.926,2026-06-10 16:05:24.073,22.6624966,114.5021785,200.0,15.0,-0.04,55.6,18.8,24.5,225.3,227.05,10.0,2.0,2.5,NR5G-SA,n79,-44,-44,-10,23,-24,9.5,C3228E001,568
2026-06-10 16:03:28.127,2026-06-10 16:05:24.473,22.6625156,114.5022088,200.0,15.0,-0.11,55.6,41.4,24.2,229.1,230.82,10.0,2.0,2.5,NR5G-SA,n79,-44,-44,-10,23,-24,9.5,C3228E001,568
2026-06-10 16:03:28.327,2026-06-10 16:05:24.673,22.6625346,114.5022391,200.0,14.9,-0.07,55.6,41.4,24.2,232.9,234.58,10.0,2.0,2.5,NR5G-SA,n79,-44,-44,-10,23,-24,5.8,C3228E001,568
2026-06-10 16:03:28.527,2026-06-10 16:05:24.873,22.6625536,114.5022693,200.0,15.0,-0.12,55.5,41.4,24.2,236.6,238.34,10.0,2.0,2.5,NR5G-SA,n79,-44,-44,-10,21,-24,5.9,C3228E001,568
2026-06-10 16:03:28.728,2026-06-10 16:05:24.873,22.6625726,114.5022995,200.0,15.0,-0.04,55.6,41.4,24.2,240.4,242.09,10.0,2.0,2.5,NR5G-SA,n79,-44,-44,-10,21,-24,9.1,C3228E001,568
2026-06-10 16:03:28.928,2026-06-10 16:05:25.073,22.6625726,114.5022995,200.0,15.0,-0.04,55.6,41.4,24.2,240.4,242.09,10.0,2.0,2.5,NR5G-SA,n79,-44,-44,-10,21,-24,10.5,C3228E001,568
2026-06-10 16:03:29.128,2026-06-10 16:05:25.473,22.6625916,114.5023296,200.0,15.0,-0.05,55.6,27.0,24.0,244.1,245.84,10.0,2.0,2.5,NR5G-SA,n79,-44,-44,-10,21,-24,10.0,C3228E001,568
2026-06-10 16:03:29.328,2026-06-10 16:05:25.673,22.6626106,114.5023598,200.0,14.9,-0.07,55.5,27.0,24.0,247.9,249.59,10.0,2.0,2.5,NR5G-SA,n79,-44,-44,-10,21,-24,6.3,C3228E001,568
2026-06-10 16:03:29.529,2026-06-10 16:05:25.873,22.6626296,114.5023901,200.0,14.9,-0.06,55.4,27.0,24.0,251.6,253.35,10.0,2.0,2.5,NR5G-SA,n79,-44,-44,-10,21,-24,5.6,C3228E001,568
2026-06-10 16:03:29.729,2026-06-10 16:05:25.873,22.6626486,114.5024202,200.0,15.0,-0.11,55.4,27.0,24.0,255.4,257.10,10.0,2.0,2.5,NR5G-SA,n79,-44,-44,-10,20,-24,14.5,C3228E001,568
2026-06-10 16:03:29.929,2026-06-10 16:05:26.073,22.6626486,114.5024202,200.0,15.0,-0.11,55.4,27.0,24.0,255.4,257.10,10.0,2.0,2.5,NR5G-SA,n79,-44,-44,-10,20,-24,11.9,C3228E001,568
2026-06-10 16:03:30.130,2026-06-10 16:05:26.473,22.6626676,114.5024503,200.0,14.9,-0.08,55.5,36.2,22.5,259.1,260.85,10.0,2.0,2.5,NR5G-SA,n79,-44,-44,-10,20,-24,9.2,C3228E001,568
2026-06-10 16:03:30.330,2026-06-10 16:05:26.673,22.6626865,114.5024804,200.0,15.0,-0.06,55.5,36.2,22.5,262.9,264.59,10.0,2.0,2.5,NR5G-SA,n79,-44,-44,-10,20,-24,5.6,C3228E001,568
2026-06-10 16:03:30.530,2026-06-10 16:05:26.873,22.6627053,114.5025104,200.0,15.0,-0.11,55.5,36.2,22.5,266.6,268.31,10.0,2.0,2.5,NR5G-SA,n79,-44,-44,-10,20,-24,6.2,C3228E001,568
2026-06-10 16:03:30.730,2026-06-10 16:05:26.873,22.6627243,114.5025406,200.0,14.9,-0.01,55.4,36.2,22.5,270.3,272.07,10.0,2.0,2.5,NR5G-SA,n79,-44,-44,-10,18,-24,10.4,C3228E001,568
2026-06-10 16:03:30.931,2026-06-10 16:05:27.073,22.6627243,114.5025406,200.0,14.9,-0.01,55.4,36.2,22.5,270.3,272.07,10.0,2.0,2.5,NR5G-SA,n79,-44,-44,-10,18,-24,11.1,C3228E001,568
2026-06-10 16:03:31.131,2026-06-10 16:05:27.473,22.6627433,114.5025707,200.0,15.0,-0.08,55.4,0.0,20.5,274.1,275.81,10.0,2.0,2.5,NR5G-SA,n79,-44,-44,-10,18,-24,11.1,C3228E001,568
2026-06-10 16:03:31.331,2026-06-10 16:05:27.673,22.6627623,114.5026009,200.0,15.0,-0.07,55.4,0.0,20.5,277.8,279.57,10.0,2.0,2.5,NR5G-SA,n79,-99,-99,-11,19,-79,6.5,C3228E001,568
2026-06-10 16:03:31.531,2026-06-10 16:05:27.873,22.6627813,114.5026312,200.0,15.0,-0.10,55.6,0.0,20.5,281.6,283.33,10.0,2.0,2.5,NR5G-SA,n79,-99,-99,-11,19,-79,6.2,C3228E001,568
2026-06-10 16:03:31.732,2026-06-10 16:05:27.873,22.6628002,114.5026613,200.0,15.0,-0.05,55.5,0.0,20.5,285.3,287.07,10.0,2.0,2.5,NR5G-SA,n79,-99,-99,-11,19,-79,9.0,C3228E001,568
2026-06-10 16:03:31.932,2026-06-10 16:05:28.073,22.6628002,114.5026613,200.0,15.0,-0.05,55.5,0.0,20.5,285.3,287.07,10.0,2.0,2.5,NR5G-SA,n79,-92,-92,-10,18,-72,10.3,C3228E001,568
2026-06-10 16:03:32.132,2026-06-10 16:05:28.473,22.6628191,114.5026915,200.0,15.0,-0.06,55.6,31.0,21.0,289.1,290.82,10.0,2.0,2.5,NR5G-SA,n79,-92,-92,-10,18,-72,10.9,C3228E001,568
2026-06-10 16:03:32.332,2026-06-10 16:05:28.673,22.6628380,114.5027215,200.0,15.0,-0.08,55.6,31.0,21.0,292.8,294.55,10.0,2.0,2.5,NR5G-SA,n79,-92,-92,-10,18,-72,5.8,C3228E001,568
2026-06-10 16:03:32.533,2026-06-10 16:05:28.873,22.6628569,114.5027516,200.0,15.0,-0.03,55.5,31.0,21.0,296.6,298.29,10.0,2.0,2.5,NR5G-SA,n79,-90,-90,-10,20,-70,5.7,C3228E001,568
2026-06-10 16:03:32.733,2026-06-10 16:05:28.873,22.6628759,114.5027819,200.0,15.0,-0.02,55.5,31.0,21.0,300.3,302.05,10.0,2.0,2.5,NR5G-SA,n79,-90,-90,-10,20,-70,7.5,C3228E001,568
2026-06-10 16:03:32.933,2026-06-10 16:05:29.073,22.6628759,114.5027819,200.0,15.0,-0.02,55.5,31.0,21.0,300.3,302.05,10.0,2.0,2.5,NR5G-SA,n79,-90,-90,-10,20,-70,9.9,C3228E001,568
2026-06-10 16:03:33.134,2026-06-10 16:05:29.473,22.6628950,114.5028121,200.0,15.0,-0.05,55.5,39.9,19.7,304.1,305.81,10.0,2.0,2.5,NR5G-SA,n79,-90,-90,-10,22,-70,7.3,C3228E001,568
2026-06-10 16:03:33.334,2026-06-10 16:05:29.673,22.6629141,114.5028424,200.0,15.1,-0.10,55.5,39.9,19.7,307.9,309.58,10.0,2.0,2.5,NR5G-SA,n79,-90,-90,-10,22,-70,8.8,C3228E001,568
2026-06-10 16:03:33.534,2026-06-10 16:05:29.873,22.6629332,114.5028726,200.0,15.0,-0.10,55.7,39.9,19.7,311.6,313.34,10.0,2.0,2.5,NR5G-SA,n79,-86,-86,-10,24,-66,7.2,C3228E001,568
2026-06-10 16:03:33.734,2026-06-10 16:05:29.873,22.6629522,114.5029029,200.0,15.0,-0.03,55.7,39.9,19.7,315.4,317.11,10.0,2.0,2.5,NR5G-SA,n79,-86,-86,-10,24,-66,9.2,C3228E001,568
2026-06-10 16:03:33.935,2026-06-10 16:05:30.073,22.6629522,114.5029029,200.0,15.0,-0.03,55.7,39.9,19.7,315.4,317.11,10.0,2.0,2.5,NR5G-SA,n79,-86,-86,-10,24,-66,10.6,C3228E001,568
2026-06-10 16:03:34.135,2026-06-10 16:05:30.473,22.6629712,114.5029332,200.0,15.0,-0.10,55.7,21.5,18.9,319.1,320.87,10.0,2.0,2.5,NR5G-SA,n79,-86,-86,-10,25,-66,9.4,C3228E001,568
2026-06-10 16:03:34.335,2026-06-10 16:05:30.673,22.6629903,114.5029635,200.0,14.9,-0.03,55.7,21.5,18.9,322.9,324.64,10.0,2.0,2.5,NR5G-SA,n79,-86,-86,-10,25,-66,5.9,C3228E001,568
2026-06-10 16:03:34.536,2026-06-10 16:05:30.873,22.6630093,114.5029936,200.0,14.9,-0.08,55.7,21.5,18.9,326.7,328.39,10.0,2.0,2.5,NR5G-SA,n79,-86,-86,-10,25,-66,6.8,C3228E001,568
2026-06-10 16:03:34.736,2026-06-10 16:05:30.873,22.6630283,114.5030238,200.0,15.0,-0.13,55.8,21.5,18.9,330.4,332.14,10.0,2.0,2.5,NR5G-SA,n79,-88,-88,-10,26,-68,8.7,C3228E001,568
2026-06-10 16:03:34.936,2026-06-10 16:05:31.073,22.6630283,114.5030238,200.0,15.0,-0.13,55.8,21.5,18.9,330.4,332.14,10.0,2.0,2.5,NR5G-SA,n79,-88,-88,-10,26,-68,11.2,C3228E001,568
2026-06-10 16:03:35.137,2026-06-10 16:05:31.473,22.6630474,114.5030540,200.0,14.9,-0.09,55.8,0.0,18.8,334.2,335.90,10.0,2.0,2.5,NR5G-SA,n79,-88,-88,-10,26,-68,9.3,C3228E001,568
2026-06-10 16:03:35.337,2026-06-10 16:05:31.673,22.6630664,114.5030841,200.0,14.9,-0.07,55.8,0.0,18.8,337.9,339.65,10.0,2.0,2.5,NR5G-SA,n79,-91,-91,-10,26,-71,6.7,C3228E001,568
2026-06-10 16:03:35.537,2026-06-10 16:05:31.873,22.6630853,114.5031142,200.0,14.9,-0.07,55.8,0.0,18.8,341.7,343.39,10.0,2.0,2.5,NR5G-SA,n79,-91,-91,-10,26,-71,7.5,C3228E001,568
2026-06-10 16:03:35.737,2026-06-10 16:05:31.873,22.6631043,114.5031443,200.0,14.9,-0.06,55.7,0.0,18.8,345.4,347.13,10.0,2.0,2.5,NR5G-SA,n79,-90,-90,-10,25,-70,8.6,C3228E001,568
2026-06-10 16:03:35.938,2026-06-10 16:05:32.073,22.6631043,114.5031443,200.0,14.9,-0.06,55.7,0.0,18.8,345.4,347.13,10.0,2.0,2.5,NR5G-SA,n79,-90,-90,-10,25,-70,13.7,C3228E001,568
2026-06-10 16:03:36.138,2026-06-10 16:05:32.473,22.6631233,114.5031743,200.0,15.0,-0.10,55.8,12.1,18.8,349.1,350.87,10.0,2.0,2.5,NR5G-SA,n79,-90,-90,-10,25,-70,7.8,C3228E001,568
2026-06-10 16:03:36.338,2026-06-10 16:05:32.673,22.6631422,114.5032043,200.0,14.9,-0.05,55.8,12.1,19.0,352.9,354.60,10.0,2.0,2.5,NR5G-SA,n79,-91,-91,-10,25,-71,6.4,C3228E001,568
2026-06-10 16:03:36.538,2026-06-10 16:05:32.873,22.6631612,114.5032344,200.0,14.9,-0.07,55.9,12.1,19.0,356.6,358.35,10.0,2.0,2.5,NR5G-SA,n79,-91,-91,-10,25,-71,7.1,C3228E001,568
2026-06-10 16:03:36.739,2026-06-10 16:05:32.873,22.6631801,114.5032644,200.0,15.0,-0.07,55.8,12.1,19.0,360.4,362.08,10.0,2.0,2.5,NR5G-SA,n79,-91,-91,-10,25,-71,9.3,C3228E001,568
2026-06-10 16:03:36.939,2026-06-10 16:05:33.073,22.6631801,114.5032644,200.0,15.0,-0.07,55.8,12.1,19.0,360.4,362.08,10.0,2.0,2.5,NR5G-SA,n79,-80,-80,-10,25,-60,10.7,C3228E001,568
2026-06-10 16:03:37.139,2026-06-10 16:05:33.473,22.6631991,114.5032945,200.0,14.9,-0.03,55.8,0.0,19.0,364.1,365.83,10.0,2.0,2.5,NR5G-SA,n79,-80,-80,-10,25,-60,10.4,C3228E001,568
2026-06-10 16:03:37.340,2026-06-10 16:05:33.673,22.6632181,114.5033246,200.0,15.0,-0.10,55.8,0.0,18.0,367.9,369.57,10.0,2.0,2.5,NR5G-SA,n79,-80,-80,-10,25,-60,6.8,C3228E001,568
2026-06-10 16:03:37.540,2026-06-10 16:05:33.873,22.6632371,114.5033548,200.0,15.0,-0.10,55.9,0.0,18.0,371.6,373.33,10.0,2.0,2.5,NR5G-SA,n79,-79,-79,-10,24,-59,6.0,C3228E001,568
2026-06-10 16:03:37.741,2026-06-10 16:05:33.873,22.6632561,114.5033850,200.0,15.0,-0.11,56.0,0.0,18.0,375.4,377.08,10.0,2.0,2.5,NR5G-SA,n79,-79,-79,-10,24,-59,9.1,C3228E001,568
2026-06-10 16:03:37.941,2026-06-10 16:05:34.073,22.6632561,114.5033850,200.0,15.0,-0.11,56.0,0.0,18.0,375.4,377.08,10.0,2.0,2.5,NR5G-SA,n79,-79,-79,-10,24,-59,11.2,C3228E001,568
2026-06-10 16:03:38.141,2026-06-10 16:05:34.473,22.6632750,114.5034152,200.0,14.9,-0.08,56.0,0.0,18.0,379.1,380.83,10.0,2.0,2.5,NR5G-SA,n79,-79,-79,-10,24,-59,8.6,C3228E001,568
2026-06-10 16:03:38.342,2026-06-10 16:05:34.673,22.6632940,114.5034452,200.0,14.9,-0.01,55.9,0.0,19.3,382.8,384.57,10.0,2.0,2.5,NR5G-SA,n79,-79,-79,-10,24,-59,8.6,C3228E001,568
2026-06-10 16:03:38.542,2026-06-10 16:05:34.873,22.6633129,114.5034752,200.0,14.9,-0.05,55.8,0.0,19.3,386.6,388.30,10.0,2.0,2.5,NR5G-SA,n79,-80,-80,-10,24,-60,5.7,C3228E001,568
2026-06-10 16:03:38.742,2026-06-10 16:05:34.873,22.6633319,114.5035052,200.0,14.9,-0.04,55.7,0.0,19.3,390.3,392.04,10.0,2.0,2.5,NR5G-SA,n79,-80,-80,-10,24,-60,7.0,C3228E001,568
2026-06-10 16:03:38.943,2026-06-10 16:05:35.073,22.6633319,114.5035052,200.0,14.9,-0.04,55.7,0.0,19.3,390.3,392.04,10.0,2.0,2.5,NR5G-SA,n79,-80,-80,-10,24,-60,14.1,C3228E001,568
2026-06-10 16:03:39.143,2026-06-10 16:05:35.473,22.6633510,114.5035354,200.0,15.0,-0.06,55.7,0.0,19.3,394.1,395.80,10.0,2.0,2.5,NR5G-SA,n79,-79,-79,-10,24,-59,6.0,C3228E001,568
2026-06-10 16:03:39.343,2026-06-10 16:05:35.673,22.6633700,114.5035655,200.0,15.0,-0.06,55.7,0.0,19.5,397.8,399.55,10.0,2.0,2.5,NR5G-SA,n79,-79,-79,-10,24,-59,5.7,C3228E001,568
2026-06-10 16:03:39.543,2026-06-10 16:05:35.873,22.6633890,114.5035956,200.0,15.0,-0.08,55.7,0.0,19.5,401.6,403.29,10.0,2.0,2.5,NR5G-SA,n79,-79,-79,-10,24,-59,5.4,C3228E001,568
2026-06-10 16:03:39.744,2026-06-10 16:05:35.873,22.6634080,114.5036259,200.0,15.0,-0.05,55.8,0.0,19.5,405.3,407.05,10.0,2.0,2.5,NR5G-SA,n79,-79,-79,-10,23,-59,8.5,C3228E001,568
2026-06-10 16:03:39.944,2026-06-10 16:05:36.073,22.6634080,114.5036259,200.0,15.0,-0.05,55.8,0.0,19.5,405.3,407.05,10.0,2.0,2.5,NR5G-SA,n79,-79,-79,-10,23,-59,15.9,C3228E001,568
2026-06-10 16:03:40.144,2026-06-10 16:05:36.473,22.6634270,114.5036560,200.0,14.9,-0.04,55.8,11.1,19.5,409.1,410.80,10.0,2.0,2.5,NR5G-SA,n79,-78,-78,-10,27,-58,12.1,C3228E001,568
2026-06-10 16:03:40.345,2026-06-10 16:05:36.673,22.6634460,114.5036862,200.0,15.0,-0.04,55.9,11.1,20.3,412.8,414.56,10.0,2.0,2.5,NR5G-SA,n79,-78,-78,-10,27,-58,6.7,C3228E001,568
2026-06-10 16:03:40.545,2026-06-10 16:05:36.873,22.6634650,114.5037164,200.0,15.0,-0.03,55.9,11.1,20.3,416.6,418.31,10.0,2.0,2.5,NR5G-SA,n79,-78,-78,-10,27,-58,6.0,C3228E001,568
2026-06-10 16:03:40.745,2026-06-10 16:05:37.073,22.6634840,114.5037466,200.0,15.0,-0.08,56.0,11.1,20.3,420.3,422.06,10.0,2.0,2.5,NR5G-SA,n79,-80,-80,-10,26,-60,7.7,C3228E001,568
2026-06-10 16:03:40.946,2026-06-10 16:05:37.073,22.6634840,114.5037466,200.0,15.0,-0.08,56.0,11.1,20.3,420.3,422.06,10.0,2.0,2.5,NR5G-SA,n79,-80,-80,-10,26,-60,15.3,C3228E001,568
2026-06-10 16:03:41.146,2026-06-10 16:05:37.473,22.6635029,114.5037767,200.0,15.0,-0.04,56.0,0.0,20.3,424.1,425.80,10.0,2.0,2.5,NR5G-SA,n79,-80,-80,-10,26,-60,11.0,C3228E001,568
2026-06-10 16:03:41.346,2026-06-10 16:05:37.673,22.6635218,114.5038068,199.9,15.0,-0.04,55.9,0.0,20.9,427.8,429.54,10.0,2.0,2.5,NR5G-SA,n79,-80,-80,-10,27,-60,6.2,C3228E001,568
2026-06-10 16:03:41.547,2026-06-10 16:05:37.873,22.6635408,114.5038369,200.0,15.0,-0.00,55.9,0.0,20.9,431.6,433.29,10.0,2.0,2.5,NR5G-SA,n79,-80,-80,-10,27,-60,5.3,C3228E001,568
2026-06-10 16:03:41.747,2026-06-10 16:05:37.873,22.6635599,114.5038670,200.0,14.9,-0.01,55.9,0.0,20.9,435.3,437.04,10.0,2.0,2.5,NR5G-SA,n79,-80,-80,-10,27,-60,8.9,C3228E001,568
2026-06-10 16:03:41.948,2026-06-10 16:05:38.073,22.6635599,114.5038670,200.0,14.9,-0.01,55.9,0.0,20.9,435.3,437.04,10.0,2.0,2.5,NR5G-SA,n79,-80,-80,-10,29,-60,15.4,C3228E001,568
2026-06-10 16:03:42.148,2026-06-10 16:05:38.473,22.6635790,114.5038971,200.0,15.0,-0.00,55.9,21.0,20.9,439.1,440.80,10.0,2.0,2.5,NR5G-SA,n79,-80,-80,-10,29,-60,9.3,C3228E001,568
2026-06-10 16:03:42.348,2026-06-10 16:05:38.673,22.6635981,114.5039272,200.0,15.0,-0.01,55.9,21.0,21.7,442.8,444.55,10.0,2.0,2.5,NR5G-SA,n79,-79,-79,-10,29,-59,6.1,C3228E001,568
2026-06-10 16:03:42.548,2026-06-10 16:05:38.873,22.6636171,114.5039573,200.0,15.0,-0.06,55.9,21.0,21.7,446.6,448.29,10.0,2.0,2.5,NR5G-SA,n79,-79,-79,-10,29,-59,6.4,C3228E001,568
2026-06-10 16:03:42.749,2026-06-10 16:05:38.873,22.6636361,114.5039874,200.0,15.0,-0.03,55.9,21.0,21.7,450.3,452.04,10.0,2.0,2.5,NR5G-SA,n79,-79,-79,-10,29,-59,8.2,C3228E001,568
2026-06-10 16:03:42.949,2026-06-10 16:05:39.073,22.6636361,114.5039874,200.0,15.0,-0.03,55.9,21.0,21.7,450.3,452.04,10.0,2.0,2.5,NR5G-SA,n79,-80,-80,-10,29,-60,14.6,C3228E001,568
2026-06-10 16:03:43.149,2026-06-10 16:05:39.473,22.6636551,114.5040177,200.0,15.0,-0.04,56.0,40.8,21.7,454.1,455.80,10.0,2.0,2.5,NR5G-SA,n79,-80,-80,-10,29,-60,9.3,C3228E001,568
2026-06-10 16:03:43.350,2026-06-10 16:05:39.673,22.6636741,114.5040479,200.0,15.0,0.02,56.0,40.8,20.2,457.8,459.56,10.0,2.0,2.5,NR5G-SA,n79,-80,-80,-10,29,-60,6.4,C3228E001,568
2026-06-10 16:03:43.550,2026-06-10 16:05:39.873,22.6636930,114.5040782,200.0,15.0,-0.05,56.0,40.8,20.2,461.6,463.32,10.0,2.0,2.5,NR5G-SA,n79,-81,-81,-10,29,-61,5.5,C3228E001,568
2026-06-10 16:03:43.750,2026-06-10 16:05:40.073,22.6637120,114.5041085,200.0,15.0,-0.04,56.0,40.8,20.2,465.4,467.08,10.0,2.0,2.5,NR5G-SA,n79,-81,-81,-10,29,-61,6.9,C3228E001,568
2026-06-10 16:03:43.951,2026-06-10 16:05:40.073,22.6637120,114.5041085,200.0,15.0,-0.04,56.0,40.8,20.2,465.4,467.08,10.0,2.0,2.5,NR5G-SA,n79,-81,-81,-10,29,-61,14.9,C3228E001,568
2026-06-10 16:03:44.151,2026-06-10 16:05:40.473,22.6637310,114.5041387,200.0,15.0,-0.03,56.0,28.3,20.2,469.1,470.83,10.0,2.0,2.5,NR5G-SA,n79,-82,-82,-10,29,-62,9.7,C3228E001,568
2026-06-10 16:03:44.352,2026-06-10 16:05:40.673,22.6637500,114.5041689,200.0,15.0,-0.05,55.9,28.3,20.9,472.9,474.59,10.0,2.0,2.5,NR5G-SA,n79,-82,-82,-10,29,-62,6.1,C3228E001,568
2026-06-10 16:03:44.552,2026-06-10 16:05:40.873,22.6637690,114.5041989,200.0,15.0,-0.05,55.8,28.3,20.9,476.6,478.33,10.0,2.0,2.5,NR5G-SA,n79,-82,-82,-10,29,-62,5.5,C3228E001,568
2026-06-10 16:03:44.753,2026-06-10 16:05:40.873,22.6637880,114.5042290,200.0,14.9,0.01,55.8,28.3,20.9,480.3,482.07,10.0,2.0,2.5,NR5G-SA,n79,-82,-82,-10,29,-62,6.9,C3228E001,568
2026-06-10 16:03:44.953,2026-06-10 16:05:41.073,22.6638070,114.5042591,200.0,15.0,-0.04,55.8,28.3,20.9,484.1,485.82,10.0,2.0,2.5,NR5G-SA,n79,-82,-82,-10,29,-62,12.2,C3228E001,568
2026-06-10 16:03:45.153,2026-06-10 16:05:41.473,22.6638070,114.5042591,200.0,15.0,-0.04,55.8,36.2,20.9,484.1,485.82,10.0,2.0,2.5,NR5G-SA,n79,-81,-81,-10,29,-61,6.6,C3228E001,568
2026-06-10 16:03:45.354,2026-06-10 16:05:41.673,22.6638260,114.5042891,200.0,14.9,0.02,55.7,36.2,19.7,487.8,489.56,10.0,2.0,2.5,NR5G-SA,n79,-81,-81,-10,29,-61,6.6,C3228E001,568
2026-06-10 16:03:45.554,2026-06-10 16:05:41.873,22.6638448,114.5043190,200.0,14.9,-0.06,55.7,36.2,19.7,491.5,493.27,10.0,2.0,2.5,NR5G-SA,n79,-81,-81,-10,29,-61,5.3,C3228E001,568
2026-06-10 16:03:45.754,2026-06-10 16:05:42.073,22.6638638,114.5043491,200.0,14.9,0.00,55.7,36.2,19.7,495.3,497.02,10.0,2.0,2.5,NR5G-SA,n79,-83,-83,-10,28,-63,5.0,C3228E001,568
2026-06-10 16:03:45.954,2026-06-10 16:05:42.073,22.6638827,114.5043792,200.0,14.9,0.00,55.8,36.2,19.7,499.0,500.76,10.0,2.0,2.5,NR5G-SA,n79,-83,-83,-10,28,-63,12.3,C3228E001,568
2026-06-10 16:03:46.155,2026-06-10 16:05:42.473,22.6638827,114.5043792,200.0,15.0,-0.02,55.8,0.0,19.7,499.0,500.76,10.0,2.0,2.5,NR5G-SA,n79,-83,-83,-10,28,-63,8.4,C3228E001,568
2026-06-10 16:03:46.355,2026-06-10 16:05:42.673,22.6639017,114.5044093,200.0,15.1,-0.02,55.8,0.0,19.7,502.8,504.50,10.0,2.0,2.5,NR5G-SA,n79,-82,-82,-10,22,-62,5.3,C3228E001,568
2026-06-10 16:03:46.555,2026-06-10 16:05:42.873,22.6639206,114.5044394,200.0,15.0,-0.03,55.7,0.0,19.0,506.5,508.24,10.0,2.0,2.5,NR5G-SA,n79,-82,-82,-10,22,-62,5.5,C3228E001,568
2026-06-10 16:03:46.756,2026-06-10 16:05:43.073,22.6639396,114.5044696,200.0,15.1,-0.07,55.8,0.0,19.0,510.3,512.00,10.0,2.0,2.5,NR5G-SA,n79,-84,-84,-10,21,-64,6.8,C3228E001,568
2026-06-10 16:03:46.956,2026-06-10 16:05:43.073,22.6639587,114.5044999,200.0,15.1,-0.07,55.8,0.0,19.0,514.0,515.77,10.0,2.0,2.5,NR5G-SA,n79,-84,-84,-10,21,-64,14.7,C3228E001,568
2026-06-10 16:03:47.156,2026-06-10 16:05:43.473,22.6639587,114.5044999,200.0,15.0,-0.00,55.8,27.7,19.0,514.0,515.77,10.0,2.0,2.5,NR5G-SA,n79,-84,-84,-10,21,-64,7.6,C3228E001,568
2026-06-10 16:03:47.357,2026-06-10 16:05:43.673,22.6639776,114.5045302,199.9,15.0,-0.03,55.9,27.7,19.0,517.8,519.53,10.0,2.0,2.5,NR5G-SA,n79,-85,-85,-10,22,-65,6.2,C3228E001,568
2026-06-10 16:03:47.557,2026-06-10 16:05:43.873,22.6639966,114.5045605,199.9,15.0,-0.03,55.9,27.7,19.4,521.6,523.29,10.0,2.0,2.5,NR5G-SA,n79,-85,-85,-10,22,-65,4.7,C3228E001,568
2026-06-10 16:03:47.757,2026-06-10 16:05:43.873,22.6640156,114.5045907,200.0,15.0,0.02,55.9,27.7,19.4,525.3,527.04,10.0,2.0,2.5,NR5G-SA,n79,-85,-85,-10,22,-65,8.2,C3228E001,568
2026-06-10 16:03:47.958,2026-06-10 16:05:44.073,22.6640346,114.5046208,200.0,15.1,-0.02,55.8,27.7,19.4,529.1,530.79,10.0,2.0,2.5,NR5G-SA,n79,-86,-86,-10,21,-66,11.7,C3228E001,568
2026-06-10 16:03:48.158,2026-06-10 16:05:44.473,22.6640346,114.5046208,200.0,15.1,-0.02,55.8,27.7,19.4,529.1,530.79,10.0,2.0,2.5,NR5G-SA,n79,-86,-86,-10,21,-66,10.2,C3228E001,568
2026-06-10 16:03:48.358,2026-06-10 16:05:44.673,22.6640536,114.5046511,200.0,15.0,0.01,55.8,39.4,19.4,532.8,534.55,10.0,2.0,2.5,NR5G-SA,n79,-86,-86,-10,21,-66,7.6,C3228E001,568
2026-06-10 16:03:48.559,2026-06-10 16:05:44.873,22.6640726,114.5046811,200.0,15.0,-0.03,55.8,39.4,21.4,536.6,538.29,10.0,2.0,2.5,NR5G-SA,n79,-86,-86,-10,21,-66,6.0,C3228E001,568
2026-06-10 16:03:48.759,2026-06-10 16:05:45.073,22.6640916,114.5047112,200.0,15.0,-0.04,55.9,39.4,21.4,540.3,542.04,10.0,2.0,2.5,NR5G-SA,n79,-86,-86,-10,21,-66,6.8,C3228E001,568
2026-06-10 16:03:48.960,2026-06-10 16:05:45.073,22.6641105,114.5047412,200.0,15.0,-0.10,55.9,39.4,21.4,544.0,545.77,10.0,2.0,2.5,NR5G-SA,n79,-87,-87,-10,21,-67,12.9,C3228E001,568
2026-06-10 16:03:49.160,2026-06-10 16:05:45.473,22.6641105,114.5047412,200.0,15.0,-0.10,55.9,39.4,21.4,544.0,545.77,10.0,2.0,2.5,NR5G-SA,n79,-87,-87,-10,21,-67,8.8,C3228E001,568
2026-06-10 16:03:49.360,2026-06-10 16:05:45.673,22.6641294,114.5047714,200.0,15.0,-0.04,56.0,0.0,21.4,547.8,549.52,10.0,2.0,2.5,NR5G-SA,n79,-87,-87,-10,21,-67,7.2,C3228E001,568
2026-06-10 16:03:49.561,2026-06-10 16:05:45.873,22.6641483,114.5048016,200.0,15.0,-0.11,56.1,0.0,21.5,551.5,553.26,10.0,2.0,2.5,NR5G-SA,n79,-87,-87,-10,20,-67,5.4,C3228E001,568
2026-06-10 16:03:49.761,2026-06-10 16:05:46.073,22.6641672,114.5048318,199.9,15.0,-0.08,56.2,0.0,21.5,555.3,557.01,10.0,2.0,2.5,NR5G-SA,n79,-87,-87,-10,20,-67,6.4,C3228E001,568
2026-06-10 16:03:49.961,2026-06-10 16:05:46.073,22.6641861,114.5048620,199.9,14.9,-0.07,56.3,0.0,21.5,559.0,560.76,10.0,2.0,2.5,NR5G-SA,n79,-87,-87,-10,20,-67,11.8,C3228E001,568
2026-06-10 16:03:50.162,2026-06-10 16:05:46.473,22.6641861,114.5048620,199.9,14.9,-0.07,56.3,0.0,21.5,559.0,560.76,10.0,2.0,2.5,NR5G-SA,n79,-87,-87,-10,20,-67,10.5,C3228E001,568
2026-06-10 16:03:50.362,2026-06-10 16:05:46.673,22.6642050,114.5048922,199.9,14.9,-0.01,56.4,44.2,21.5,562.8,564.51,10.0,2.0,2.5,NR5G-SA,n79,-87,-87,-10,20,-67,6.8,C3228E001,568
2026-06-10 16:03:50.562,2026-06-10 16:05:46.873,22.6642240,114.5049223,199.9,15.0,-0.05,56.4,44.2,21.4,566.5,568.26,10.0,2.0,2.5,NR5G-SA,n79,-87,-87,-10,20,-67,6.2,C3228E001,568
2026-06-10 16:03:50.762,2026-06-10 16:05:47.073,22.6642431,114.5049524,199.9,15.0,-0.06,56.3,44.2,21.4,570.3,572.01,10.0,2.0,2.5,NR5G-SA,n79,-87,-87,-10,19,-67,4.6,C3228E001,568
2026-06-10 16:03:50.963,2026-06-10 16:05:47.073,22.6642621,114.5049825,199.9,15.0,-0.01,56.3,44.2,21.4,574.0,575.75,10.0,2.0,2.5,NR5G-SA,n79,-87,-87,-10,19,-67,8.3,C3228E001,568
2026-06-10 16:03:51.163,2026-06-10 16:05:47.473,22.6642621,114.5049825,199.9,15.0,-0.01,56.3,44.2,21.4,574.0,575.75,10.0,2.0,2.5,NR5G-SA,n79,-87,-87,-10,19,-67,9.7,C3228E001,568
2026-06-10 16:03:51.363,2026-06-10 16:05:47.673,22.6642811,114.5050126,199.9,15.0,-0.03,56.2,0.0,21.4,577.8,579.50,10.0,2.0,2.5,NR5G-SA,n79,-87,-87,-10,17,-67,7.0,C3228E001,568
2026-06-10 16:03:51.564,2026-06-10 16:05:47.873,22.6643001,114.5050427,199.9,15.0,0.01,56.2,0.0,20.9,581.5,583.25,10.0,2.0,2.5,NR5G-SA,n79,-87,-87,-10,17,-67,5.6,C3228E001,568
2026-06-10 16:03:51.764,2026-06-10 16:05:48.073,22.6643191,114.5050728,199.9,15.0,-0.03,56.2,0.0,20.9,585.3,586.99,10.0,2.0,2.5,NR5G-SA,n79,-87,-87,-10,17,-67,9.2,C3228E001,568
2026-06-10 16:03:51.964,2026-06-10 16:05:48.073,22.6643381,114.5051029,199.9,15.0,-0.04,56.1,0.0,20.9,589.0,590.74,10.0,2.0,2.5,NR5G-SA,n79,-87,-87,-10,17,-67,12.1,C3228E001,568
2026-06-10 16:03:52.165,2026-06-10 16:05:48.473,22.6643381,114.5051029,199.9,15.0,-0.04,56.1,0.0,20.9,589.0,590.74,10.0,2.0,2.5,NR5G-SA,n79,-87,-87,-10,17,-67,10.1,C3228E001,568
2026-06-10 16:03:52.365,2026-06-10 16:05:48.673,22.6643571,114.5051331,199.9,15.0,0.00,56.1,0.0,20.9,592.8,594.49,10.0,2.0,2.5,NR5G-SA,n79,-87,-87,-10,16,-67,6.6,C3228E001,568
2026-06-10 16:03:52.565,2026-06-10 16:05:48.873,22.6643761,114.5051633,200.0,15.0,0.07,56.2,0.0,20.5,596.5,598.25,10.0,2.0,2.5,NR5G-SA,n79,-87,-87,-10,16,-67,5.2,C3228E001,568
2026-06-10 16:03:52.765,2026-06-10 16:05:48.873,22.6643952,114.5051935,200.0,15.0,-0.00,56.1,0.0,20.5,600.3,602.01,10.0,2.0,2.5,NR5G-SA,n79,-87,-87,-10,16,-67,8.6,C3228E001,568
2026-06-10 16:03:52.966,2026-06-10 16:05:49.073,22.6644144,114.5052237,200.0,15.0,-0.04,56.1,0.0,20.5,604.1,605.78,10.0,2.0,2.5,NR5G-SA,n79,-91,-91,-10,15,-71,11.9,C3228E001,568
2026-06-10 16:03:53.166,2026-06-10 16:05:49.473,22.6644144,114.5052237,200.0,15.0,-0.04,56.1,0.0,20.5,604.1,605.78,10.0,2.0,2.5,NR5G-SA,n79,-91,-91,-10,15,-71,10.8,C3228E001,568
2026-06-10 16:03:53.366,2026-06-10 16:05:49.673,22.6644335,114.5052539,200.0,15.0,-0.02,56.1,0.0,20.5,607.8,609.54,10.0,2.0,2.5,NR5G-SA,n79,-91,-91,-10,15,-71,6.6,C3228E001,568
2026-06-10 16:03:53.567,2026-06-10 16:05:49.873,22.6644525,114.5052839,200.0,15.0,-0.01,56.0,0.0,18.7,611.6,613.28,10.0,2.0,2.5,NR5G-SA,n79,-90,-90,-10,14,-70,5.9,C3228E001,568
2026-06-10 16:03:53.767,2026-06-10 16:05:50.073,22.6644716,114.5053139,200.0,15.0,-0.03,56.0,0.0,18.7,615.3,617.02,10.0,2.0,2.5,NR5G-SA,n79,-90,-90,-10,14,-70,6.8,C3228E001,568
2026-06-10 16:03:53.967,2026-06-10 16:05:50.073,22.6644906,114.5053440,200.0,15.0,-0.01,56.0,0.0,18.7,619.0,620.77,10.0,2.0,2.5,NR5G-SA,n79,-91,-91,-10,14,-71,10.3,C3228E001,568
2026-06-10 16:03:54.167,2026-06-10 16:05:50.473,22.6644906,114.5053440,200.0,15.0,-0.01,56.0,0.0,18.7,619.0,620.77,10.0,2.0,2.5,NR5G-SA,n79,-91,-91,-10,14,-71,10.6,C3228E001,568
2026-06-10 16:03:54.368,2026-06-10 16:05:50.673,22.6645095,114.5053742,200.0,15.0,-0.04,55.9,0.0,18.7,622.8,624.51,10.0,2.0,2.5,NR5G-SA,n79,-91,-91,-10,14,-71,6.8,C3228E001,568
2026-06-10 16:03:54.568,2026-06-10 16:05:50.873,22.6645284,114.5054043,200.0,15.0,0.01,55.7,0.0,18.7,626.5,628.25,10.0,2.0,2.5,NR5G-SA,n79,-91,-91,-10,14,-71,5.6,C3228E001,568
2026-06-10 16:03:54.768,2026-06-10 16:05:51.073,22.6645474,114.5054345,200.0,14.9,0.00,55.6,0.0,18.0,630.3,632.01,10.0,2.0,2.5,NR5G-SA,n79,-91,-91,-10,14,-71,6.1,C3228E001,568
2026-06-10 16:03:54.969,2026-06-10 16:05:51.073,22.6645664,114.5054646,200.0,15.0,-0.02,55.6,0.0,18.0,634.0,635.75,10.0,2.0,2.5,NR5G-SA,n79,-91,-91,-10,14,-71,12.9,C3228E001,568
2026-06-10 16:03:55.169,2026-06-10 16:05:51.473,22.6645664,114.5054646,200.0,15.0,-0.02,55.6,0.0,18.0,634.0,635.75,10.0,2.0,2.5,NR5G-SA,n79,-91,-91,-10,15,-71,10.0,C3228E001,568
2026-06-10 16:03:55.369,2026-06-10 16:05:51.673,22.6645854,114.5054947,200.0,15.0,0.04,55.6,0.0,18.0,637.8,639.50,10.0,2.0,2.5,NR5G-SA,n79,-91,-91,-10,15,-71,7.4,C3228E001,568
2026-06-10 16:03:55.569,2026-06-10 16:05:51.873,22.6646044,114.5055249,200.0,15.0,-0.01,55.6,0.0,18.0,641.5,643.26,10.0,2.0,2.5,NR5G-SA,n79,-91,-91,-10,15,-71,6.9,C3228E001,568
2026-06-10 16:03:55.770,2026-06-10 16:05:52.073,22.6646233,114.5055551,200.0,15.0,0.01,55.6,0.0,18.0,645.3,647.00,10.0,2.0,2.5,NR5G-SA,n79,-92,-92,-10,15,-72,6.7,C3228E001,568
2026-06-10 16:03:55.970,2026-06-10 16:05:52.073,22.6646423,114.5055855,200.0,15.0,-0.02,55.7,0.0,18.0,649.1,650.78,10.0,2.0,2.5,NR5G-SA,n79,-92,-92,-10,15,-72,11.7,C3228E001,568
2026-06-10 16:03:56.170,2026-06-10 16:05:52.473,22.6646423,114.5055855,200.0,15.0,-0.02,55.7,0.0,18.0,649.1,650.78,10.0,2.0,2.5,NR5G-SA,n79,-91,-91,-10,16,-71,10.1,C3228E001,568
2026-06-10 16:03:56.371,2026-06-10 16:05:52.673,22.6646612,114.5056158,200.0,15.0,0.03,55.7,0.0,18.0,652.8,654.53,10.0,2.0,2.5,NR5G-SA,n79,-91,-91,-10,16,-71,5.7,C3228E001,568
2026-06-10 16:03:56.571,2026-06-10 16:05:52.873,22.6646802,114.5056461,200.0,15.0,-0.04,55.7,0.0,18.0,656.6,658.30,10.0,2.0,2.5,NR5G-SA,n79,-91,-91,-10,16,-71,6.2,C3228E001,568
2026-06-10 16:03:56.771,2026-06-10 16:05:53.073,22.6646992,114.5056763,200.0,15.0,-0.04,55.8,0.0,20.4,660.3,662.05,10.0,2.0,2.5,NR5G-SA,n79,-89,-89,-10,16,-69,6.2,C3228E001,568
2026-06-10 16:03:56.972,2026-06-10 16:05:53.073,22.6647182,114.5057065,200.0,15.0,0.05,55.7,0.0,20.4,664.1,665.80,10.0,2.0,2.5,NR5G-SA,n79,-89,-89,-10,16,-69,13.0,C3228E001,568
2026-06-10 16:03:57.172,2026-06-10 16:05:53.473,22.6647182,114.5057065,200.0,15.0,0.05,55.7,0.0,20.4,664.1,665.80,10.0,2.0,2.5,NR5G-SA,n79,-89,-89,-10,16,-69,11.5,C3228E001,568
2026-06-10 16:03:57.372,2026-06-10 16:05:53.673,22.6647372,114.5057367,200.0,15.0,0.02,55.7,10.1,20.4,667.8,669.56,10.0,2.0,2.5,NR5G-SA,n79,-92,-92,-11,15,-72,7.4,C3228E001,568
2026-06-10 16:03:57.572,2026-06-10 16:05:53.873,22.6647562,114.5057669,200.0,15.0,0.02,55.5,10.1,20.4,671.6,673.31,10.0,2.0,2.5,NR5G-SA,n79,-92,-92,-11,15,-72,5.9,C3228E001,568
2026-06-10 16:03:57.773,2026-06-10 16:05:54.073,22.6647752,114.5057970,200.0,14.9,-0.02,55.5,10.1,20.7,675.3,677.06,10.0,2.0,2.5,NR5G-SA,n79,-92,-92,-11,15,-72,7.0,C3228E001,568
2026-06-10 16:03:57.973,2026-06-10 16:05:54.073,22.6647943,114.5058273,200.0,15.0,-0.01,55.5,10.1,20.7,679.1,680.83,10.0,2.0,2.5,NR5G-SA,n79,-89,-89,-11,14,-69,11.2,C3228E001,568
2026-06-10 16:03:58.173,2026-06-10 16:05:54.473,22.6647943,114.5058273,200.0,15.0,-0.01,55.5,10.1,20.7,679.1,680.83,10.0,2.0,2.5,NR5G-SA,n79,-89,-89,-11,14,-69,9.6,C3228E001,568
2026-06-10 16:03:58.374,2026-06-10 16:05:54.673,22.6648133,114.5058574,200.0,15.0,-0.07,55.5,0.0,20.7,682.9,684.58,10.0,2.0,2.5,NR5G-SA,n79,-93,-93,-11,13,-73,6.2,C3228E001,568
2026-06-10 16:03:58.574,2026-06-10 16:05:54.873,22.6648322,114.5058875,200.0,15.0,-0.06,55.6,0.0,20.7,686.6,688.32,10.0,2.0,2.5,NR5G-SA,n79,-93,-93,-11,13,-73,6.0,C3228E001,568
2026-06-10 16:03:58.775,2026-06-10 16:05:55.073,22.6648512,114.5059177,200.0,14.9,-0.00,55.6,0.0,22.6,690.3,692.07,10.0,2.0,2.5,NR5G-SA,n79,-93,-93,-11,13,-73,5.1,C3228E001,568
2026-06-10 16:03:58.975,2026-06-10 16:05:55.473,22.6648701,114.5059478,200.0,14.9,0.00,55.6,0.0,22.6,694.1,695.81,10.0,2.0,2.5,NR5G-SA,n79,-88,-88,-11,12,-68,7.0,C3228E001,568
2026-06-10 16:03:59.175,2026-06-10 16:05:55.473,22.6648701,114.5059478,200.0,14.9,0.00,55.6,0.0,22.6,694.1,695.81,10.0,2.0,2.5,NR5G-SA,n79,-88,-88,-11,12,-68,11.2,C3228E001,568
2026-06-10 16:03:59.376,2026-06-10 16:05:55.673,22.6648889,114.5059779,200.0,15.0,0.01,55.7,0.0,22.6,697.8,699.54,10.0,2.0,2.5,NR5G-SA,n79,-88,-88,-11,12,-68,6.5,C3228E001,568
2026-06-10 16:03:59.576,2026-06-10 16:05:55.873,22.6649077,114.5060079,200.0,15.0,-0.10,55.7,0.0,22.6,701.5,703.27,10.0,2.0,2.5,NR5G-SA,n79,-90,-90,-11,12,-70,5.3,C3228E001,568
2026-06-10 16:03:59.776,2026-06-10 16:05:56.073,22.6649266,114.5060380,200.0,14.9,0.02,55.8,0.0,23.2,705.3,707.01,10.0,2.0,2.5,NR5G-SA,n79,-90,-90,-11,12,-70,5.4,C3228E001,568
2026-06-10 16:03:59.977,2026-06-10 16:05:56.073,22.6649454,114.5060680,200.0,15.0,-0.06,55.9,0.0,23.2,709.0,710.73,10.0,2.0,2.5,NR5G-SA,n79,-90,-90,-11,12,-70,10.9,C3228E001,568
2026-06-10 16:04:00.177,2026-06-10 16:05:56.473,22.6649454,114.5060680,200.0,15.0,-0.06,55.9,0.0,23.2,709.0,710.73,10.0,2.0,2.5,NR5G-SA,n79,-88,-88,-10,21,-68,10.6,C3228E001,568
2026-06-10 16:04:00.377,2026-06-10 16:05:56.673,22.6649643,114.5060980,200.0,15.0,-0.03,55.9,0.0,23.2,712.7,714.47,10.0,2.0,2.5,NR5G-SA,n79,-88,-88,-10,21,-68,5.7,C3228E001,568
2026-06-10 16:04:00.578,2026-06-10 16:05:56.873,22.6649833,114.5061281,200.0,15.0,-0.01,55.9,0.0,23.2,716.5,718.21,10.0,2.0,2.5,NR5G-SA,n79,-89,-89,-11,23,-69,5.4,C3228E001,568
2026-06-10 16:04:00.778,2026-06-10 16:05:57.073,22.6650022,114.5061582,200.0,15.0,-0.02,55.9,0.0,25.4,720.2,721.95,10.0,2.0,2.5,NR5G-SA,n79,-89,-89,-11,23,-69,6.2,C3228E001,568
2026-06-10 16:04:00.978,2026-06-10 16:05:57.073,22.6650212,114.5061884,200.0,15.0,-0.04,56.0,0.0,25.4,724.0,725.71,10.0,2.0,2.5,NR5G-SA,n79,-89,-89,-11,23,-69,10.0,C3228E001,568
2026-06-10 16:04:01.178,2026-06-10 16:05:57.473,22.6650212,114.5061884,200.0,15.0,-0.04,56.0,0.0,25.4,724.0,725.71,10.0,2.0,2.5,NR5G-SA,n79,-89,-89,-10,23,-69,8.8,C3228E001,568
2026-06-10 16:04:01.379,2026-06-10 16:05:57.673,22.6650402,114.5062185,200.0,15.0,-0.03,56.0,0.0,25.4,727.7,729.45,10.0,2.0,2.5,NR5G-SA,n79,-89,-89,-10,23,-69,6.5,C3228E001,568
2026-06-10 16:04:01.579,2026-06-10 16:05:57.873,22.6650593,114.5062486,199.9,15.0,-0.04,56.0,0.0,25.4,731.5,733.20,10.0,2.0,2.5,NR5G-SA,n79,-89,-89,-10,23,-69,5.0,C3228E001,568
2026-06-10 16:04:01.779,2026-06-10 16:05:58.073,22.6650784,114.5062787,199.9,15.0,-0.02,56.1,0.0,23.1,735.2,736.96,10.0,2.0,2.5,NR5G-SA,n79,-90,-90,-10,23,-70,9.0,C3228E001,568
2026-06-10 16:04:01.979,2026-06-10 16:05:58.073,22.6650974,114.5063088,199.9,15.0,-0.01,56.0,0.0,23.1,739.0,740.70,10.0,2.0,2.5,NR5G-SA,n79,-90,-90,-10,23,-70,11.2,C3228E001,568
2026-06-10 16:04:02.180,2026-06-10 16:05:58.473,22.6650974,114.5063088,199.9,15.0,-0.01,56.0,0.0,23.1,739.0,740.70,10.0,2.0,2.5,NR5G-SA,n79,-90,-90,-10,23,-70,11.2,C3228E001,568
2026-06-10 16:04:02.380,2026-06-10 16:05:58.673,22.6651164,114.5063390,199.9,15.0,-0.02,56.0,0.0,23.1,742.7,744.46,10.0,2.0,2.5,NR5G-SA,n79,-89,-89,-10,23,-69,7.4,C3228E001,568
2026-06-10 16:04:02.580,2026-06-10 16:05:58.873,22.6651354,114.5063691,199.9,15.0,-0.03,56.0,0.0,23.1,746.5,748.20,10.0,2.0,2.5,NR5G-SA,n79,-89,-89,-10,23,-69,5.4,C3228E001,568
2026-06-10 16:04:02.781,2026-06-10 16:05:59.073,22.6651543,114.5063992,199.9,15.0,0.00,56.0,0.0,22.0,750.2,751.94,10.0,2.0,2.5,NR5G-SA,n79,-90,-90,-11,23,-70,6.3,C3228E001,568
2026-06-10 16:04:02.981,2026-06-10 16:05:59.073,22.6651734,114.5064295,199.9,15.0,0.01,56.0,0.0,22.0,754.0,755.71,10.0,2.0,2.5,NR5G-SA,n79,-90,-90,-11,23,-70,10.1,C3228E001,568
2026-06-10 16:04:03.181,2026-06-10 16:05:59.473,22.6651734,114.5064295,199.9,15.0,0.01,56.0,0.0,22.0,754.0,755.71,10.0,2.0,2.5,NR5G-SA,n79,-90,-90,-11,23,-70,8.1,C3228E001,568
2026-06-10 16:04:03.381,2026-06-10 16:05:59.673,22.6651925,114.5064596,199.9,15.0,0.01,56.1,0.0,22.0,757.7,759.47,10.0,2.0,2.5,NR5G-SA,n79,-91,-91,-11,23,-71,6.8,C3228E001,568
2026-06-10 16:04:03.582,2026-06-10 16:05:59.873,22.6652115,114.5064897,199.9,15.0,0.04,56.1,0.0,22.0,761.5,763.21,10.0,2.0,2.5,NR5G-SA,n79,-91,-91,-11,23,-71,5.7,C3228E001,568
2026-06-10 16:04:03.782,2026-06-10 16:06:00.073,22.6652305,114.5065200,199.9,15.0,-0.02,56.2,0.0,22.0,765.3,766.98,10.0,2.0,2.5,NR5G-SA,n79,-91,-91,-11,23,-71,5.9,C3228E001,568
2026-06-10 16:04:03.982,2026-06-10 16:06:00.073,22.6652495,114.5065502,199.9,15.0,0.03,56.2,0.0,20.0,769.0,770.73,10.0,2.0,2.5,NR5G-SA,n79,-88,-88,-10,23,-68,11.1,C3228E001,568
2026-06-10 16:04:04.183,2026-06-10 16:06:00.473,22.6652495,114.5065502,199.9,15.0,0.03,56.2,0.0,20.0,769.0,770.73,10.0,2.0,2.5,NR5G-SA,n79,-88,-88,-10,23,-68,9.6,C3228E001,568
2026-06-10 16:04:04.383,2026-06-10 16:06:00.673,22.6652685,114.5065803,200.0,15.0,-0.01,56.2,0.0,20.0,772.8,774.48,10.0,2.0,2.5,NR5G-SA,n79,-88,-88,-10,23,-68,8.5,C3228E001,568
2026-06-10 16:04:04.583,2026-06-10 16:06:00.873,22.6652875,114.5066105,200.0,15.0,-0.01,56.1,0.0,20.0,776.5,778.23,10.0,2.0,2.5,NR5G-SA,n79,-90,-90,-10,10,-70,5.8,C3228E001,568
2026-06-10 16:04:04.784,2026-06-10 16:06:01.073,22.6653066,114.5066408,200.0,15.0,-0.01,56.2,0.0,20.0,780.3,782.00,10.0,2.0,2.5,NR5G-SA,n79,-90,-90,-10,10,-70,6.3,C3228E001,568
2026-06-10 16:04:04.984,2026-06-10 16:06:01.073,22.6653256,114.5066710,200.0,15.0,-0.07,56.1,0.0,19.4,784.0,785.75,10.0,2.0,2.5,NR5G-SA,n79,-90,-90,-11,10,-70,9.6,C3228E001,568
2026-06-10 16:04:05.185,2026-06-10 16:06:01.473,22.6653256,114.5066710,200.0,15.0,-0.07,56.1,0.0,19.4,784.0,785.75,10.0,2.0,2.5,NR5G-SA,n79,-90,-90,-11,10,-70,12.4,C3228E001,568
2026-06-10 16:04:05.385,2026-06-10 16:06:01.673,22.6653447,114.5067011,200.0,15.0,-0.04,56.1,0.0,19.4,787.8,789.51,10.0,2.0,2.5,NR5G-SA,n79,-90,-90,-11,10,-70,8.3,C3228E001,568
2026-06-10 16:04:05.585,2026-06-10 16:06:01.873,22.6653637,114.5067313,200.0,15.0,0.03,56.0,0.0,19.4,791.5,793.26,10.0,2.0,2.5,NR5G-SA,n79,-89,-89,-10,10,-69,4.2,C3228E001,568
2026-06-10 16:04:05.786,2026-06-10 16:06:02.073,22.6653826,114.5067614,200.0,14.9,-0.01,55.8,0.0,19.4,795.3,797.00,10.0,2.0,2.5,NR5G-SA,n79,-89,-89,-10,10,-69,6.5,C3228E001,568
2026-06-10 16:04:05.986,2026-06-10 16:06:02.073,22.6654016,114.5067915,200.0,15.0,-0.04,55.6,0.0,18.3,799.0,800.75,10.0,2.0,2.5,NR5G-SA,n79,-89,-89,-10,10,-69,7.8,C3228E001,568
2026-06-10 16:04:06.186,2026-06-10 16:06:02.473,22.6654016,114.5067915,200.0,15.0,-0.04,55.6,0.0,18.3,799.0,800.75,10.0,2.0,2.5,NR5G-SA,n79,-89,-89,-11,10,-69,10.4,C3228E001,568
2026-06-10 16:04:06.386,2026-06-10 16:06:02.673,22.6654206,114.5068215,200.0,15.0,-0.00,55.5,0.0,18.3,802.8,804.49,10.0,2.0,2.5,NR5G-SA,n79,-89,-89,-11,10,-69,9.2,C3228E001,568
2026-06-10 16:04:06.587,2026-06-10 16:06:02.873,22.6654397,114.5068517,200.0,15.0,-0.03,55.4,0.0,18.3,806.5,808.25,10.0,2.0,2.5,NR5G-SA,n79,-89,-89,-11,10,-69,4.9,C3228E001,568
2026-06-10 16:04:06.787,2026-06-10 16:06:03.073,22.6654587,114.5068818,199.9,15.0,-0.01,55.5,0.0,18.3,810.3,811.99,10.0,2.0,2.5,NR5G-SA,n79,-88,-88,-10,11,-68,5.0,C3228E001,568
2026-06-10 16:04:06.988,2026-06-10 16:06:03.473,22.6654777,114.5069120,199.9,15.0,0.03,55.6,0.0,17.9,814.0,815.75,10.0,2.0,2.5,NR5G-SA,n79,-88,-88,-10,11,-68,6.8,C3228E001,568
2026-06-10 16:04:07.188,2026-06-10 16:06:03.473,22.6654777,114.5069120,199.9,15.0,0.03,55.6,0.0,17.9,814.0,815.75,10.0,2.0,2.5,NR5G-SA,n79,-88,-88,-10,11,-68,12.7,C3228E001,568
2026-06-10 16:04:07.388,2026-06-10 16:06:03.673,22.6654966,114.5069422,200.0,15.0,-0.01,55.7,0.0,17.9,817.8,819.50,10.0,2.0,2.5,NR5G-SA,n79,-90,-90,-10,10,-70,9.6,C3228E001,568
2026-06-10 16:04:07.589,2026-06-10 16:06:03.873,22.6655157,114.5069725,200.0,15.0,0.05,55.8,0.0,17.9,821.5,823.26,10.0,2.0,2.5,NR5G-SA,n79,-90,-90,-10,10,-70,6.4,C3228E001,568
2026-06-10 16:04:07.789,2026-06-10 16:06:04.073,22.6655346,114.5070027,200.0,15.0,-0.01,55.7,0.0,17.9,825.3,827.01,10.0,2.0,2.5,NR5G-SA,n79,-91,-91,-10,10,-71,5.4,C3228E001,568
2026-06-10 16:04:07.989,2026-06-10 16:06:04.073,22.6655535,114.5070328,200.0,15.0,-0.01,55.6,0.0,18.3,829.0,830.75,10.0,2.0,2.5,NR5G-SA,n79,-91,-91,-10,10,-71,11.2,C3228E001,568
2026-06-10 16:04:08.190,2026-06-10 16:06:04.473,22.6655535,114.5070328,200.0,15.0,-0.01,55.6,0.0,18.3,829.0,830.75,10.0,2.0,2.5,NR5G-SA,n79,-91,-91,-10,10,-71,11.4,C3228E001,568
2026-06-10 16:04:08.390,2026-06-10 16:06:04.673,22.6655725,114.5070631,200.0,15.0,-0.02,55.5,0.0,18.3,832.8,834.52,10.0,2.0,2.5,NR5G-SA,n79,-89,-89,-10,10,-69,9.0,C3228E001,568
2026-06-10 16:04:08.590,2026-06-10 16:06:04.873,22.6655913,114.5070934,200.0,15.0,-0.05,55.4,0.0,18.3,836.5,838.27,10.0,2.0,2.5,NR5G-SA,n79,-89,-89,-10,10,-69,5.2,C3228E001,568
2026-06-10 16:04:08.791,2026-06-10 16:06:05.073,22.6656103,114.5071238,200.0,15.0,-0.04,55.5,0.0,18.3,840.3,842.04,10.0,2.0,2.5,NR5G-SA,n79,-89,-89,-10,10,-69,6.9,C3228E001,568
2026-06-10 16:04:08.991,2026-06-10 16:06:05.073,22.6656292,114.5071539,200.0,15.0,-0.05,55.5,0.0,18.2,844.1,845.78,10.0,2.0,2.5,NR5G-SA,n79,-89,-89,-10,10,-69,11.0,C3228E001,568
2026-06-10 16:04:09.191,2026-06-10 16:06:05.473,22.6656292,114.5071539,200.0,15.0,-0.05,55.5,0.0,18.2,844.1,845.78,10.0,2.0,2.5,NR5G-SA,n79,-89,-89,-10,10,-69,10.9,C3228E001,568
2026-06-10 16:04:09.392,2026-06-10 16:06:05.673,22.6656482,114.5071840,200.0,14.9,0.01,55.5,0.0,18.2,847.8,849.52,10.0,2.0,2.5,NR5G-SA,n79,-89,-89,-10,10,-69,9.4,C3228E001,568
2026-06-10 16:04:09.592,2026-06-10 16:06:05.873,22.6656673,114.5072141,200.0,15.0,-0.01,55.5,0.0,18.2,851.6,853.28,10.0,2.0,2.5,NR5G-SA,n79,-90,-90,-10,10,-70,6.0,C3228E001,568
2026-06-10 16:04:09.792,2026-06-10 16:06:06.073,22.6656863,114.5072443,200.0,15.0,-0.01,55.6,0.0,18.2,855.3,857.03,10.0,2.0,2.5,NR5G-SA,n79,-90,-90,-10,10,-70,6.4,C3228E001,568
2026-06-10 16:04:09.993,2026-06-10 16:06:06.073,22.6657052,114.5072744,200.0,15.0,0.08,55.6,0.0,20.2,859.0,860.77,10.0,2.0,2.5,NR5G-SA,n79,-88,-88,-10,10,-68,9.2,C3228E001,568
2026-06-10 16:04:10.193,2026-06-10 16:06:06.473,22.6657052,114.5072744,200.0,15.0,0.08,55.6,0.0,20.2,859.0,860.77,10.0,2.0,2.5,NR5G-SA,n79,-88,-88,-10,10,-68,13.0,C3228E001,568
2026-06-10 16:04:10.393,2026-06-10 16:06:06.673,22.6657242,114.5073045,200.0,15.0,-0.04,55.5,0.0,20.2,862.8,864.52,10.0,2.0,2.5,NR5G-SA,n79,-88,-88,-10,10,-68,8.6,C3228E001,568
2026-06-10 16:04:10.593,2026-06-10 16:06:06.873,22.6657432,114.5073345,200.0,15.0,-0.09,55.5,0.0,20.2,866.5,868.26,10.0,2.0,2.5,NR5G-SA,n79,-91,-91,-11,9,-71,6.1,C3228E001,568
2026-06-10 16:04:10.794,2026-06-10 16:06:07.073,22.6657621,114.5073646,200.0,15.0,-0.08,55.6,0.0,20.2,870.3,871.99,10.0,2.0,2.5,NR5G-SA,n79,-91,-91,-11,9,-71,4.8,C3228E001,568
2026-06-10 16:04:10.994,2026-06-10 16:06:07.073,22.6657811,114.5073949,200.0,15.0,-0.02,55.8,0.0,19.6,874.0,875.76,10.0,2.0,2.5,NR5G-SA,n79,-91,-91,-11,9,-71,8.8,C3228E001,568
2026-06-10 16:04:11.194,2026-06-10 16:06:07.473,22.6657811,114.5073949,200.0,15.0,-0.02,55.8,0.0,19.6,874.0,875.76,10.0,2.0,2.5,NR5G-SA,n79,-89,-89,-11,9,-69,11.1,C3228E001,568
2026-06-10 16:04:11.394,2026-06-10 16:06:07.673,22.6657999,114.5074251,200.0,14.9,0.01,55.8,0.0,19.6,877.8,879.50,10.0,2.0,2.5,NR5G-SA,n79,-89,-89,-11,9,-69,8.8,C3228E001,568
2026-06-10 16:04:11.594,2026-06-10 16:06:07.873,22.6658189,114.5074553,200.0,15.0,-0.02,55.8,0.0,19.6,881.5,883.25,10.0,2.0,2.5,NR5G-SA,n79,-89,-89,-11,9,-69,4.6,C3228E001,568
2026-06-10 16:04:11.795,2026-06-10 16:06:08.073,22.6658379,114.5074855,200.0,14.9,0.02,55.7,0.0,19.6,885.3,887.01,10.0,2.0,2.5,NR5G-SA,n79,-90,-90,-11,9,-70,6.5,C3228E001,568
2026-06-10 16:04:11.995,2026-06-10 16:06:08.073,22.6658569,114.5075157,200.0,15.0,0.06,55.7,0.0,20.3,889.0,890.76,10.0,2.0,2.5,NR5G-SA,n79,-90,-90,-11,9,-70,8.6,C3228E001,568
2026-06-10 16:04:12.195,2026-06-10 16:06:08.473,22.6658569,114.5075157,200.0,15.0,0.06,55.7,0.0,20.3,889.0,890.76,10.0,2.0,2.5,NR5G-SA,n79,-91,-91,-11,23,-71,10.4,C3228E001,568
2026-06-10 16:04:12.395,2026-06-10 16:06:08.673,22.6658759,114.5075459,200.0,15.0,-0.01,55.7,0.0,20.3,892.8,894.52,10.0,2.0,2.5,NR5G-SA,n79,-91,-91,-11,23,-71,8.6,C3228E001,568
2026-06-10 16:04:12.596,2026-06-10 16:06:08.873,22.6658948,114.5075760,200.0,15.0,-0.08,55.7,0.0,20.3,896.5,898.26,10.0,2.0,2.5,NR5G-SA,n79,-91,-91,-11,23,-71,5.4,C3228E001,568
2026-06-10 16:04:12.796,2026-06-10 16:06:09.073,22.6659138,114.5076060,200.0,15.0,0.01,55.8,0.0,20.3,900.3,902.00,10.0,2.0,2.5,NR5G-SA,n79,-90,-90,-11,23,-70,6.1,C3228E001,568
2026-06-10 16:04:12.996,2026-06-10 16:06:09.073,22.6659328,114.5076360,200.0,15.0,-0.03,55.8,0.0,20.3,904.0,905.73,10.0,2.0,2.5,NR5G-SA,n79,-90,-90,-11,23,-70,8.8,C3228E001,568
2026-06-10 16:04:13.196,2026-06-10 16:06:09.473,22.6659328,114.5076360,200.0,15.0,-0.03,55.8,0.0,21.2,904.0,905.73,10.0,2.0,2.5,NR5G-SA,n79,-90,-90,-11,23,-70,12.7,C3228E001,568
2026-06-10 16:04:13.397,2026-06-10 16:06:09.673,22.6659519,114.5076662,200.0,15.0,-0.00,55.6,0.0,21.2,907.8,909.49,10.0,2.0,2.5,NR5G-SA,n79,-90,-90,-11,22,-70,9.1,C3228E001,568
2026-06-10 16:04:13.597,2026-06-10 16:06:09.873,22.6659709,114.5076963,200.0,15.0,-0.06,55.4,0.0,21.2,911.5,913.24,10.0,2.0,2.5,NR5G-SA,n79,-90,-90,-11,22,-70,5.9,C3228E001,568
2026-06-10 16:04:13.797,2026-06-10 16:06:10.073,22.6659899,114.5077265,200.0,15.0,0.00,55.3,0.0,21.2,915.3,917.00,10.0,2.0,2.5,NR5G-SA,n79,-90,-90,-11,22,-70,5.4,C3228E001,568
2026-06-10 16:04:13.998,2026-06-10 16:06:10.073,22.6660090,114.5077568,200.0,15.0,-0.04,55.1,0.0,21.2,919.0,920.76,10.0,2.0,2.5,NR5G-SA,n79,-91,-91,-11,21,-71,8.6,C3228E001,568
2026-06-10 16:04:14.198,2026-06-10 16:06:10.473,22.6660090,114.5077568,200.0,15.0,-0.04,55.1,0.0,21.8,919.0,920.76,10.0,2.0,2.5,NR5G-SA,n79,-91,-91,-11,21,-71,11.4,C3228E001,568
2026-06-10 16:04:14.398,2026-06-10 16:06:10.673,22.6660280,114.5077871,200.0,15.0,-0.00,55.3,0.0,21.8,922.8,924.53,10.0,2.0,2.5,NR5G-SA,n79,-91,-91,-11,22,-71,10.7,C3228E001,568
2026-06-10 16:04:14.599,2026-06-10 16:06:10.873,22.6660470,114.5078173,200.0,15.0,-0.05,55.3,0.0,21.8,926.6,928.28,10.0,2.0,2.5,NR5G-SA,n79,-91,-91,-11,22,-71,4.9,C3228E001,568
2026-06-10 16:04:14.799,2026-06-10 16:06:11.073,22.6660660,114.5078475,200.0,14.9,-0.05,55.3,0.0,21.8,930.3,932.04,10.0,2.0,2.5,NR5G-SA,n79,-91,-91,-11,22,-71,6.8,C3228E001,568
2026-06-10 16:04:14.999,2026-06-10 16:06:11.073,22.6660850,114.5078775,200.0,15.0,0.01,55.2,0.0,21.8,934.1,935.78,10.0,2.0,2.5,NR5G-SA,n79,-90,-90,-11,22,-70,7.0,C3228E001,568
2026-06-10 16:04:15.200,2026-06-10 16:06:11.473,22.6660850,114.5078775,200.0,15.0,0.01,55.2,0.0,20.4,934.1,935.78,10.0,2.0,2.5,NR5G-SA,n79,-90,-90,-11,22,-70,11.0,C3228E001,568
2026-06-10 16:04:15.400,2026-06-10 16:06:11.673,22.6661040,114.5079076,200.0,15.0,-0.03,55.1,0.0,20.4,937.8,939.52,10.0,2.0,2.5,NR5G-SA,n79,-90,-90,-11,22,-70,8.8,C3228E001,568
2026-06-10 16:04:15.600,2026-06-10 16:06:11.873,22.6661230,114.5079377,200.0,15.0,-0.02,55.1,0.0,20.4,941.5,943.27,10.0,2.0,2.5,NR5G-SA,n79,-91,-91,-11,23,-71,5.3,C3228E001,568
2026-06-10 16:04:15.800,2026-06-10 16:06:12.073,22.6661421,114.5079680,200.0,15.0,-0.01,55.1,0.0,20.4,945.3,947.04,10.0,2.0,2.5,NR5G-SA,n79,-91,-91,-11,23,-71,5.0,C3228E001,568
2026-06-10 16:04:16.001,2026-06-10 16:06:12.073,22.6661612,114.5079983,200.0,15.0,0.02,55.1,0.0,20.4,949.1,950.81,10.0,2.0,2.5,NR5G-SA,n79,-91,-91,-11,23,-71,10.7,C3228E001,568
2026-06-10 16:04:16.201,2026-06-10 16:06:12.473,22.6661612,114.5079983,200.0,15.0,0.02,55.1,0.0,19.8,949.1,950.81,10.0,2.0,2.5,NR5G-SA,n79,-91,-91,-11,23,-71,12.1,C3228E001,568
2026-06-10 16:04:16.401,2026-06-10 16:06:12.673,22.6661802,114.5080285,200.0,15.0,-0.02,55.2,0.0,19.8,952.8,954.56,10.0,2.0,2.5,NR5G-SA,n79,-91,-91,-11,23,-71,8.5,C3228E001,568
2026-06-10 16:04:16.601,2026-06-10 16:06:12.873,22.6661992,114.5080587,200.0,15.0,-0.03,55.1,0.0,19.8,956.6,958.32,10.0,2.0,2.5,NR5G-SA,n79,-92,-92,-11,23,-72,4.5,C3228E001,568
2026-06-10 16:04:16.802,2026-06-10 16:06:13.073,22.6662182,114.5080890,200.0,15.0,-0.05,55.1,0.0,19.8,960.4,962.08,10.0,2.0,2.5,NR5G-SA,n79,-92,-92,-11,23,-72,4.6,C3228E001,568
2026-06-10 16:04:17.002,2026-06-10 16:06:13.473,22.6662372,114.5081191,200.0,15.0,-0.07,55.1,0.0,19.8,964.1,965.82,10.0,2.0,2.5,NR5G-SA,n79,-92,-92,-11,23,-72,6.6,C3228E001,568
2026-06-10 16:04:17.202,2026-06-10 16:06:13.473,22.6662562,114.5081492,200.0,14.9,-0.03,55.2,0.0,19.2,967.8,969.57,10.0,2.0,2.5,NR5G-SA,n79,-92,-92,-11,24,-72,11.9,C3228E001,568
2026-06-10 16:04:17.403,2026-06-10 16:06:13.673,22.6662562,114.5081492,200.0,14.9,-0.03,55.2,0.0,19.2,967.8,969.57,10.0,2.0,2.5,NR5G-SA,n79,-92,-92,-11,24,-72,8.5,C3228E001,568
2026-06-10 16:04:17.603,2026-06-10 16:06:13.873,22.6662751,114.5081793,200.0,15.0,-0.07,55.5,0.0,19.2,971.6,973.31,10.0,2.0,2.5,NR5G-SA,n79,-92,-92,-11,24,-72,6.3,C3228E001,568
2026-06-10 16:04:17.803,2026-06-10 16:06:14.073,22.6662941,114.5082095,200.0,14.9,-0.09,55.8,0.0,19.2,975.3,977.07,10.0,2.0,2.5,NR5G-SA,n79,-91,-91,-11,24,-71,5.6,C3228E001,568
2026-06-10 16:04:18.003,2026-06-10 16:06:14.473,22.6663130,114.5082396,200.0,15.0,-0.03,56.0,0.0,19.2,979.1,980.80,10.0,2.0,2.5,NR5G-SA,n79,-91,-91,-11,24,-71,8.4,C3228E001,568
2026-06-10 16:04:18.204,2026-06-10 16:06:14.473,22.6663320,114.5082698,200.0,14.9,0.00,56.2,0.0,18.7,982.8,984.56,10.0,2.0,2.5,NR5G-SA,n79,-91,-91,-11,24,-71,9.9,C3228E001,568
2026-06-10 16:04:18.404,2026-06-10 16:06:14.673,22.6663320,114.5082698,200.0,14.9,0.00,56.2,0.0,18.7,982.8,984.56,10.0,2.0,2.5,NR5G-SA,n79,-92,-92,-11,23,-72,8.5,C3228E001,568
2026-06-10 16:04:18.604,2026-06-10 16:06:14.873,22.6663509,114.5082998,200.0,14.9,-0.01,56.1,0.0,18.7,986.6,988.29,10.0,2.0,2.5,NR5G-SA,n79,-92,-92,-11,23,-72,6.3,C3228E001,568
2026-06-10 16:04:18.805,2026-06-10 16:06:15.073,22.6663699,114.5083297,200.0,15.0,-0.05,56.2,0.0,18.7,990.3,992.02,10.0,2.0,2.5,NR5G-SA,n79,-92,-92,-11,23,-72,6.1,C3228E001,568
2026-06-10 16:04:19.005,2026-06-10 16:06:15.073,22.6663889,114.5083597,200.0,15.0,-0.01,56.1,0.0,18.7,994.0,995.76,10.0,2.0,2.5,NR5G-SA,n79,-85,-85,-10,28,-65,12.4,C3228E004,569
2026-06-10 16:04:19.205,2026-06-10 16:06:15.473,22.6664079,114.5083898,200.0,15.0,-0.04,56.1,0.0,19.7,997.8,999.50,10.0,2.0,2.5,NR5G-SA,n79,-85,-85,-10,28,-65,11.1,C3228E004,569
2026-06-10 16:04:19.406,2026-06-10 16:06:15.673,22.6664079,114.5083898,200.0,15.0,-0.04,56.1,0.0,19.7,997.8,999.50,10.0,2.0,2.5,NR5G-SA,n79,-87,-87,-10,28,-67,8.7,C3228E004,569
2026-06-10 16:04:19.606,2026-06-10 16:06:15.873,22.6664271,114.5084201,200.0,15.0,0.01,56.1,0.0,19.7,1001.6,1003.28,10.0,2.0,2.5,NR5G-SA,n79,-87,-87,-10,28,-67,5.7,C3228E004,569
2026-06-10 16:04:19.806,2026-06-10 16:06:16.073,22.6664461,114.5084503,200.0,15.0,0.04,56.1,0.0,19.7,1005.3,1007.03,10.0,2.0,2.5,NR5G-SA,n79,-87,-87,-10,28,-67,5.6,C3228E004,569
2026-06-10 16:04:20.007,2026-06-10 16:06:16.473,22.6664653,114.5084806,200.0,15.0,0.04,56.0,0.0,19.7,1009.1,1010.81,10.0,2.0,2.5,NR5G-SA,n79,-86,-86,-10,30,-66,8.1,C3228E004,569
2026-06-10 16:04:20.207,2026-06-10 16:06:16.473,22.6664844,114.5085108,200.0,15.0,-0.02,55.8,0.0,18.7,1012.8,1014.57,10.0,2.0,2.5,NR5G-SA,n79,-86,-86,-10,30,-66,11.4,C3228E004,569
2026-06-10 16:04:20.408,2026-06-10 16:06:16.673,22.6664844,114.5085108,200.0,15.0,-0.02,55.8,0.0,18.7,1012.8,1014.57,10.0,2.0,2.5,NR5G-SA,n79,-86,-86,-10,30,-66,8.7,C3228E004,569
2026-06-10 16:04:20.608,2026-06-10 16:06:16.873,22.6665035,114.5085409,200.0,15.0,-0.02,55.8,0.0,18.7,1016.6,1018.32,10.0,2.0,2.5,NR5G-SA,n79,-89,-89,-10,29,-69,5.6,C3228E004,569
2026-06-10 16:04:20.808,2026-06-10 16:06:17.073,22.6665225,114.5085710,200.0,15.0,-0.04,55.7,0.0,18.7,1020.3,1022.07,10.0,2.0,2.5,NR5G-SA,n79,-89,-89,-10,29,-69,5.6,C3228E004,569
2026-06-10 16:04:21.009,2026-06-10 16:06:17.473,22.6665415,114.5086012,200.0,14.9,0.03,55.6,0.0,18.7,1024.1,1025.82,10.0,2.0,2.5,NR5G-SA,n79,-89,-89,-10,29,-69,8.7,C3228E004,569
2026-06-10 16:04:21.209,2026-06-10 16:06:17.473,22.6665604,114.5086313,200.0,15.0,0.04,55.6,0.0,18.9,1027.8,1029.56,10.0,2.0,2.5,NR5G-SA,n79,-89,-89,-10,31,-69,11.8,C3228E004,569
2026-06-10 16:04:21.409,2026-06-10 16:06:17.673,22.6665604,114.5086313,200.0,15.0,0.04,55.6,0.0,18.9,1027.8,1029.56,10.0,2.0,2.5,NR5G-SA,n79,-89,-89,-10,31,-69,9.1,C3228E004,569
2026-06-10 16:04:21.610,2026-06-10 16:06:17.873,22.6665793,114.5086615,200.0,15.0,0.03,55.6,0.0,18.9,1031.6,1033.31,10.0,2.0,2.5,NR5G-SA,n79,-89,-89,-10,29,-69,4.8,C3228E004,569
2026-06-10 16:04:21.810,2026-06-10 16:06:18.073,22.6665982,114.5086918,200.0,15.0,-0.01,55.5,0.0,18.9,1035.3,1037.07,10.0,2.0,2.5,NR5G-SA,n79,-89,-89,-10,29,-69,5.4,C3228E004,569
2026-06-10 16:04:22.010,2026-06-10 16:06:18.073,22.6666171,114.5087219,200.0,14.9,-0.03,55.4,0.0,18.9,1039.1,1040.81,10.0,2.0,2.5,NR5G-SA,n79,-89,-89,-10,29,-69,8.6,C3228E004,569
2026-06-10 16:04:22.211,2026-06-10 16:06:18.473,22.6666361,114.5087519,200.0,15.0,-0.03,55.5,0.0,18.9,1042.8,1044.55,10.0,2.0,2.5,NR5G-SA,n79,-89,-89,-10,28,-69,10.3,C3228E004,569
2026-06-10 16:04:22.411,2026-06-10 16:06:18.673,22.6666361,114.5087519,200.0,15.0,-0.03,55.5,0.0,18.4,1042.8,1044.55,10.0,2.0,2.5,NR5G-SA,n79,-89,-89,-10,28,-69,8.8,C3228E004,569
2026-06-10 16:04:22.611,2026-06-10 16:06:18.873,22.6666550,114.5087821,200.0,15.0,-0.02,55.5,0.0,18.4,1046.6,1048.29,10.0,2.0,2.5,NR5G-SA,n79,-89,-89,-10,28,-69,6.4,C3228E004,569
2026-06-10 16:04:22.812,2026-06-10 16:06:19.073,22.6666740,114.5088123,200.0,15.0,0.03,55.6,0.0,18.4,1050.3,1052.05,10.0,2.0,2.5,NR5G-SA,n79,-44,-44,-10,29,-24,5.4,C3228E004,569
2026-06-10 16:04:23.012,2026-06-10 16:06:19.073,22.6666930,114.5088425,200.0,15.0,-0.01,55.5,0.0,18.4,1054.1,1055.80,10.0,2.0,2.5,NR5G-SA,n79,-44,-44,-10,29,-24,8.4,C3228E004,569
2026-06-10 16:04:23.212,2026-06-10 16:06:19.473,22.6667121,114.5088728,200.0,15.0,-0.03,55.5,0.0,18.4,1057.8,1059.57,10.0,2.0,2.5,NR5G-SA,n79,-44,-44,-10,29,-24,12.1,C3228E004,569
2026-06-10 16:04:23.413,2026-06-10 16:06:19.673,22.6667121,114.5088728,200.0,15.0,-0.03,55.5,0.0,17.9,1057.8,1059.57,10.0,2.0,2.5,NR5G-SA,n79,-44,-44,-10,27,-24,8.4,C3228E004,569
2026-06-10 16:04:23.613,2026-06-10 16:06:19.873,22.6667312,114.5089031,200.0,15.1,-0.05,55.3,0.0,17.9,1061.6,1063.34,10.0,2.0,2.5,NR5G-SA,n79,-44,-44,-10,27,-24,5.2,C3228E004,569
2026-06-10 16:04:23.814,2026-06-10 16:06:20.073,22.6667503,114.5089333,200.0,15.0,-0.00,55.2,0.0,17.9,1065.4,1067.10,10.0,2.0,2.5,NR5G-SA,n79,-44,-44,-10,26,-24,5.4,C3228E004,569
2026-06-10 16:04:24.014,2026-06-10 16:06:20.473,22.6667694,114.5089634,200.0,15.0,0.00,55.2,0.0,17.9,1069.1,1070.86,10.0,2.0,2.5,NR5G-SA,n79,-44,-44,-10,26,-24,6.5,C3228E004,569
2026-06-10 16:04:24.214,2026-06-10 16:06:20.473,22.6667885,114.5089937,200.0,15.0,-0.01,55.2,0.0,17.9,1072.9,1074.63,10.0,2.0,2.5,NR5G-SA,n79,-44,-44,-10,26,-24,10.4,C3228E004,569
2026-06-10 16:04:24.414,2026-06-10 16:06:20.673,22.6667885,114.5089937,200.0,15.0,-0.01,55.2,0.0,17.3,1072.9,1074.63,10.0,2.0,2.5,NR5G-SA,n79,-44,-44,-10,27,-24,9.1,C3228E004,569
2026-06-10 16:04:24.615,2026-06-10 16:06:20.873,22.6668075,114.5090238,200.0,15.0,-0.03,55.2,0.0,17.3,1076.6,1078.37,10.0,2.0,2.5,NR5G-SA,n79,-44,-44,-10,27,-24,5.9,C3228E004,569
2026-06-10 16:04:24.815,2026-06-10 16:06:21.073,22.6668264,114.5090539,200.0,14.9,-0.01,55.3,0.0,17.3,1080.4,1082.11,10.0,2.0,2.5,NR5G-SA,n79,-44,-44,-10,27,-24,5.7,C3228E004,569
2026-06-10 16:04:25.015,2026-06-10 16:06:21.473,22.6668452,114.5090840,200.0,15.0,-0.05,55.1,0.0,17.3,1084.1,1085.85,10.0,2.0,2.5,NR5G-SA,n79,-44,-44,-10,26,-24,7.3,C3228E004,569
2026-06-10 16:04:25.215,2026-06-10 16:06:21.473,22.6668642,114.5091141,200.0,15.0,-0.07,55.2,0.0,17.3,1087.9,1089.59,10.0,2.0,2.5,NR5G-SA,n79,-44,-44,-10,26,-24,11.1,C3228E004,569
2026-06-10 16:04:25.415,2026-06-10 16:06:21.673,22.6668642,114.5091141,200.0,15.0,-0.07,55.2,0.0,17.9,1087.9,1089.59,10.0,2.0,2.5,NR5G-SA,n79,-44,-44,-10,26,-24,8.8,C3228E004,569
2026-06-10 16:04:25.616,2026-06-10 16:06:21.873,22.6668831,114.5091442,200.0,15.0,0.03,55.3,0.0,17.9,1091.6,1093.33,10.0,2.0,2.5,NR5G-SA,n79,-44,-44,-10,25,-24,5.8,C3228E004,569
2026-06-10 16:04:25.816,2026-06-10 16:06:22.073,22.6669021,114.5091743,200.0,15.0,0.00,55.4,0.0,17.9,1095.4,1097.08,10.0,2.0,2.5,NR5G-SA,n79,-44,-44,-10,25,-24,4.6,C3228E004,569
2026-06-10 16:04:26.016,2026-06-10 16:06:22.473,22.6669210,114.5092046,200.0,15.0,0.02,55.5,0.0,17.9,1099.1,1100.83,10.0,2.0,2.5,NR5G-SA,n79,-44,-44,-10,22,-24,6.2,C3228E004,569
2026-06-10 16:04:26.217,2026-06-10 16:06:22.473,22.6669399,114.5092349,200.0,15.0,-0.01,55.5,0.0,17.9,1102.9,1104.59,10.0,2.0,2.5,NR5G-SA,n79,-44,-44,-10,22,-24,12.5,C3228E004,569
2026-06-10 16:04:26.417,2026-06-10 16:06:22.673,22.6669399,114.5092349,200.0,15.0,-0.01,55.5,0.0,17.6,1102.9,1104.59,10.0,2.0,2.5,NR5G-SA,n79,-44,-44,-10,22,-24,10.8,C3228E004,569
2026-06-10 16:04:26.617,2026-06-10 16:06:22.873,22.6669589,114.5092652,200.0,15.0,-0.02,55.5,0.0,17.6,1106.6,1108.35,10.0,2.0,2.5,NR5G-SA,n79,-83,-83,-10,21,-63,5.3,C3228E004,569
2026-06-10 16:04:26.818,2026-06-10 16:06:23.073,22.6669778,114.5092955,200.0,15.0,-0.04,55.6,0.0,17.6,1110.4,1112.11,10.0,2.0,2.5,NR5G-SA,n79,-83,-83,-10,21,-63,6.7,C3228E004,569
2026-06-10 16:04:27.018,2026-06-10 16:06:23.473,22.6669968,114.5093258,200.0,15.0,-0.03,55.6,0.0,17.6,1114.1,1115.87,10.0,2.0,2.5,NR5G-SA,n79,-83,-83,-10,21,-63,5.9,C3228E004,569
2026-06-10 16:04:27.219,2026-06-10 16:06:23.473,22.6670157,114.5093561,200.0,14.9,-0.05,55.7,0.0,17.6,1117.9,1119.63,10.0,2.0,2.5,NR5G-SA,n79,-90,-90,-10,25,-70,12.2,C3228E004,569
2026-06-10 16:04:27.419,2026-06-10 16:06:23.673,22.6670157,114.5093561,200.0,14.9,-0.05,55.7,0.0,19.7,1117.9,1119.63,10.0,2.0,2.5,NR5G-SA,n79,-90,-90,-10,25,-70,9.8,C3228E004,569
2026-06-10 16:04:27.619,2026-06-10 16:06:23.873,22.6670347,114.5093864,200.0,14.9,0.02,55.8,0.0,19.7,1121.7,1123.39,10.0,2.0,2.5,NR5G-SA,n79,-90,-90,-10,25,-70,7.0,C3228E004,569
2026-06-10 16:04:27.820,2026-06-10 16:06:24.073,22.6670536,114.5094164,200.0,14.9,-0.04,56.0,0.0,19.7,1125.4,1127.13,10.0,2.0,2.5,NR5G-SA,n79,-44,-44,-10,28,-24,7.6,C3228E004,569
2026-06-10 16:04:28.020,2026-06-10 16:06:24.473,22.6670726,114.5094465,200.0,14.9,-0.04,56.1,0.0,19.7,1129.1,1130.87,10.0,2.0,2.5,NR5G-SA,n79,-44,-44,-10,28,-24,7.1,C3228E004,569
2026-06-10 16:04:28.220,2026-06-10 16:06:24.473,22.6670915,114.5094765,200.0,14.9,0.01,56.0,0.0,19.7,1132.9,1134.60,10.0,2.0,2.5,NR5G-SA,n79,-44,-44,-10,30,-24,12.1,C3228E004,569
2026-06-10 16:04:28.420,2026-06-10 16:06:24.673,22.6670915,114.5094765,200.0,14.9,0.01,56.0,0.0,19.5,1132.9,1134.60,10.0,2.0,2.5,NR5G-SA,n79,-44,-44,-10,30,-24,9.0,C3228E004,569
2026-06-10 16:04:28.621,2026-06-10 16:06:24.873,22.6671106,114.5095066,200.0,15.0,-0.02,56.1,0.0,19.5,1136.6,1138.36,10.0,2.0,2.5,NR5G-SA,n79,-44,-44,-10,30,-24,5.0,C3228E004,569
2026-06-10 16:04:28.821,2026-06-10 16:06:25.073,22.6671296,114.5095366,200.0,14.9,-0.01,56.1,0.0,19.5,1140.4,1142.09,10.0,2.0,2.5,NR5G-SA,n79,-44,-44,-10,31,-24,6.6,C3228E004,569
2026-06-10 16:04:29.022,2026-06-10 16:06:25.073,22.6671486,114.5095666,200.0,14.9,-0.03,56.1,0.0,19.5,1144.1,1145.83,10.0,2.0,2.5,NR5G-SA,n79,-44,-44,-10,31,-24,7.6,C3228E004,569
2026-06-10 16:04:29.222,2026-06-10 16:06:25.473,22.6671676,114.5095967,200.0,14.9,-0.01,56.3,0.0,19.5,1147.9,1149.58,10.0,2.0,2.5,NR5G-SA,n79,-44,-44,-10,31,-24,8.7,C3228E004,569
2026-06-10 16:04:29.422,2026-06-10 16:06:25.673,22.6671676,114.5095967,200.0,14.9,-0.01,56.3,0.0,19.9,1147.9,1149.58,10.0,2.0,2.5,NR5G-SA,n79,-44,-44,-10,32,-24,10.0,C3228E004,569
2026-06-10 16:04:29.623,2026-06-10 16:06:25.873,22.6671866,114.5096268,200.0,15.0,-0.03,56.3,0.0,19.9,1151.6,1153.32,10.0,2.0,2.5,NR5G-SA,n79,-44,-44,-10,32,-24,7.7,C3228E004,569
2026-06-10 16:04:29.823,2026-06-10 16:06:26.073,22.6672056,114.5096570,200.0,15.0,0.01,56.2,0.0,19.9,1155.4,1157.08,10.0,2.0,2.5,NR5G-SA,n79,-44,-44,-10,32,-24,5.0,C3228E004,569
2026-06-10 16:04:30.023,2026-06-10 16:06:26.473,22.6672247,114.5096871,200.0,15.0,-0.03,56.2,0.0,19.9,1159.1,1160.83,10.0,2.0,2.5,NR5G-SA,n79,-44,-44,-10,32,-24,5.8,C3228E004,569
2026-06-10 16:04:30.224,2026-06-10 16:06:26.473,22.6672437,114.5097173,200.0,15.0,-0.02,56.3,0.0,19.9,1162.9,1164.58,10.0,2.0,2.5,NR5G-SA,n79,-44,-44,-10,32,-24,10.8,C3228E004,569
2026-06-10 16:04:30.424,2026-06-10 16:06:26.673,22.6672437,114.5097173,200.0,15.0,-0.02,56.3,0.0,20.7,1162.9,1164.58,10.0,2.0,2.5,NR5G-SA,n79,-44,-44,-10,32,-24,9.2,C3228E004,569
2026-06-10 16:04:30.624,2026-06-10 16:06:26.873,22.6672627,114.5097476,200.0,15.0,0.02,56.4,0.0,20.7,1166.6,1168.35,10.0,2.0,2.5,NR5G-SA,n79,-44,-44,-10,30,-24,10.2,C3228E004,569
2026-06-10 16:04:30.825,2026-06-10 16:06:27.073,22.6672817,114.5097779,200.0,15.1,0.00,56.5,0.0,20.7,1170.4,1172.11,10.0,2.0,2.5,NR5G-SA,n79,-44,-44,-10,30,-24,6.9,C3228E004,569
2026-06-10 16:04:31.025,2026-06-10 16:06:27.473,22.6673007,114.5098082,200.0,15.0,0.06,56.5,0.0,20.7,1174.1,1175.87,10.0,2.0,2.5,NR5G-SA,n79,-76,-76,-10,28,-56,6.6,C3228E004,569
2026-06-10 16:04:31.225,2026-06-10 16:06:27.473,22.6673198,114.5098385,200.0,15.1,-0.03,56.3,0.0,20.7,1177.9,1179.64,10.0,2.0,2.5,NR5G-SA,n79,-76,-76,-10,28,-56,11.4,C3228E004,569
2026-06-10 16:04:31.426,2026-06-10 16:06:27.673,22.6673198,114.5098385,200.0,15.1,-0.03,56.3,0.0,20.7,1177.9,1179.64,10.0,2.0,2.5,NR5G-SA,n79,-76,-76,-10,28,-56,10.4,C3228E004,569
2026-06-10 16:04:31.626,2026-06-10 16:06:27.873,22.6673389,114.5098687,200.0,15.0,-0.02,56.3,0.0,22.9,1181.7,1183.40,10.0,2.0,2.5,NR5G-SA,n79,-75,-75,-10,29,-55,9.9,C3228E004,569
2026-06-10 16:04:31.826,2026-06-10 16:06:28.073,22.6673580,114.5098991,200.0,15.0,0.01,56.1,0.0,22.9,1185.5,1187.18,10.0,2.0,2.5,NR5G-SA,n79,-75,-75,-10,29,-55,5.3,C3228E004,569
2026-06-10 16:04:32.026,2026-06-10 16:06:28.473,22.6673769,114.5099293,200.0,15.0,-0.02,56.0,0.0,22.9,1189.2,1190.93,10.0,2.0,2.5,NR5G-SA,n79,-75,-75,-10,29,-55,6.5,C3228E004,569
2026-06-10 16:04:32.227,2026-06-10 16:06:28.473,22.6673959,114.5099595,200.0,15.0,-0.01,55.9,0.0,22.9,1193.0,1194.68,10.0,2.0,2.5,NR5G-SA,n79,-75,-75,-10,29,-55,11.7,C3228E004,569
2026-06-10 16:04:32.427,2026-06-10 16:06:28.673,22.6673959,114.5099595,200.0,15.0,-0.01,55.9,0.0,22.9,1193.0,1194.68,10.0,2.0,2.5,NR5G-SA,n79,-75,-75,-10,29,-55,10.2,C3228E004,569
2026-06-10 16:04:32.627,2026-06-10 16:06:28.873,22.6674149,114.5099897,200.0,15.0,-0.04,55.8,0.0,22.0,1196.7,1198.44,10.0,2.0,2.5,NR5G-SA,n79,-75,-75,-10,29,-55,10.6,C3228E004,569
2026-06-10 16:04:32.828,2026-06-10 16:06:29.073,22.6674339,114.5100197,200.0,15.0,-0.02,55.7,0.0,22.0,1200.5,1202.18,10.0,2.0,2.5,NR5G-SA,n79,-75,-75,-10,28,-55,5.0,C3228E004,569
2026-06-10 16:04:33.028,2026-06-10 16:06:29.473,22.6674530,114.5100499,200.0,15.0,-0.03,55.5,0.0,22.0,1204.2,1205.94,10.0,2.0,2.5,NR5G-SA,n79,-75,-75,-10,28,-55,6.6,C3228E004,569
2026-06-10 16:04:33.228,2026-06-10 16:06:29.473,22.6674721,114.5100800,200.0,14.9,-0.01,55.4,0.0,22.0,1208.0,1209.69,10.0,2.0,2.5,NR5G-SA,n79,-76,-76,-10,28,-56,9.8,C3228E004,569
2026-06-10 16:04:33.429,2026-06-10 16:06:29.673,22.6674721,114.5100800,200.0,14.9,-0.01,55.4,0.0,22.0,1208.0,1209.69,10.0,2.0,2.5,NR5G-SA,n79,-76,-76,-10,28,-56,9.2,C3228E004,569
2026-06-10 16:04:33.629,2026-06-10 16:06:29.873,22.6674912,114.5101102,200.0,15.0,0.00,55.3,0.0,23.5,1211.7,1213.45,10.0,2.0,2.5,NR5G-SA,n79,-76,-76,-10,28,-56,9.6,C3228E004,569
2026-06-10 16:04:33.829,2026-06-10 16:06:30.073,22.6675103,114.5101403,200.0,14.9,0.02,55.3,0.0,23.5,1215.5,1217.20,10.0,2.0,2.5,NR5G-SA,n79,-76,-76,-10,28,-56,6.6,C3228E004,569
2026-06-10 16:04:34.030,2026-06-10 16:06:30.473,22.6675293,114.5101704,200.0,15.0,0.00,55.2,0.0,23.5,1219.2,1220.95,10.0,2.0,2.5,NR5G-SA,n79,-76,-76,-10,28,-56,6.6,C3228E004,569
2026-06-10 16:04:34.230,2026-06-10 16:06:30.473,22.6675484,114.5102006,200.0,14.9,-0.02,55.3,0.0,23.5,1223.0,1224.71,10.0,2.0,2.5,NR5G-SA,n79,-76,-76,-10,28,-56,10.3,C3228E004,569
2026-06-10 16:04:34.430,2026-06-10 16:06:30.673,22.6675484,114.5102006,200.0,14.9,-0.02,55.3,0.0,23.5,1223.0,1224.71,10.0,2.0,2.5,NR5G-SA,n79,-78,-78,-10,27,-58,11.2,C3228E004,569
2026-06-10 16:04:34.630,2026-06-10 16:06:30.873,22.6675673,114.5102307,200.0,14.9,-0.03,55.4,0.0,23.1,1226.7,1228.45,10.0,2.0,2.5,NR5G-SA,n79,-78,-78,-10,27,-58,10.2,C3228E004,569
2026-06-10 16:04:34.831,2026-06-10 16:06:31.073,22.6675862,114.5102609,200.0,14.9,-0.05,55.4,0.0,23.1,1230.5,1232.20,10.0,2.0,2.5,NR5G-SA,n79,-78,-78,-10,27,-58,6.5,C3228E004,569
2026-06-10 16:04:35.031,2026-06-10 16:06:31.473,22.6676050,114.5102912,200.0,15.0,-0.03,55.5,0.0,23.1,1234.2,1235.95,10.0,2.0,2.5,NR5G-SA,n79,-77,-77,-10,33,-57,6.9,C3228E004,569
2026-06-10 16:04:35.231,2026-06-10 16:06:31.473,22.6676240,114.5103214,200.0,14.9,-0.04,55.5,0.0,23.1,1238.0,1239.70,10.0,2.0,2.5,NR5G-SA,n79,-77,-77,-10,33,-57,9.3,C3228E004,569
2026-06-10 16:04:35.432,2026-06-10 16:06:31.673,22.6676240,114.5103214,200.0,14.9,-0.04,55.5,0.0,23.1,1238.0,1239.70,10.0,2.0,2.5,NR5G-SA,n79,-76,-76,-10,33,-56,11.0,C3228E004,569
2026-06-10 16:04:35.632,2026-06-10 16:06:31.873,22.6676430,114.5103514,200.0,15.0,-0.06,55.5,0.0,22.3,1241.7,1243.44,10.0,2.0,2.5,NR5G-SA,n79,-76,-76,-10,33,-56,9.0,C3228E004,569
2026-06-10 16:04:35.832,2026-06-10 16:06:32.073,22.6676620,114.5103813,200.0,15.0,-0.01,55.5,0.0,22.3,1245.4,1247.17,10.0,2.0,2.5,NR5G-SA,n79,-76,-76,-10,33,-56,6.7,C3228E004,569
2026-06-10 16:04:36.033,2026-06-10 16:06:32.473,22.6676810,114.5104113,200.0,14.9,0.05,55.4,0.0,22.3,1249.2,1250.91,10.0,2.0,2.5,NR5G-SA,n79,-75,-75,-10,32,-55,5.8,C3228E004,569
2026-06-10 16:04:36.233,2026-06-10 16:06:32.473,22.6676999,114.5104412,200.0,15.0,-0.00,55.4,0.0,22.3,1252.9,1254.63,10.0,2.0,2.5,NR5G-SA,n79,-75,-75,-10,32,-55,8.6,C3228E004,569
2026-06-10 16:04:36.433,2026-06-10 16:06:32.673,22.6676999,114.5104412,200.0,15.0,-0.00,55.4,0.0,22.3,1252.9,1254.63,10.0,2.0,2.5,NR5G-SA,n79,-75,-75,-10,32,-55,9.7,C3228E004,569
2026-06-10 16:04:36.634,2026-06-10 16:06:32.873,22.6677188,114.5104711,200.0,15.0,-0.04,55.5,0.0,22.4,1256.6,1258.35,10.0,2.0,2.5,NR5G-SA,n79,-78,-78,-10,29,-58,8.7,C3228E004,569
2026-06-10 16:04:36.834,2026-06-10 16:06:33.073,22.6677378,114.5105012,200.0,15.0,-0.03,55.5,0.0,22.4,1260.4,1262.10,10.0,2.0,2.5,NR5G-SA,n79,-78,-78,-10,29,-58,6.2,C3228E004,569
2026-06-10 16:04:37.034,2026-06-10 16:06:33.473,22.6677569,114.5105315,200.0,15.0,0.01,55.5,0.0,22.4,1264.1,1265.87,10.0,2.0,2.5,NR5G-SA,n79,-78,-78,-10,29,-58,6.4,C3228E004,569
2026-06-10 16:04:37.234,2026-06-10 16:06:33.473,22.6677759,114.5105617,200.0,15.1,-0.04,55.6,0.0,22.4,1267.9,1269.62,10.0,2.0,2.5,NR5G-SA,n79,-79,-79,-10,23,-59,10.3,C3228E004,569
2026-06-10 16:04:37.435,2026-06-10 16:06:33.673,22.6677759,114.5105617,200.0,15.1,-0.04,55.6,0.0,22.4,1267.9,1269.62,10.0,2.0,2.5,NR5G-SA,n79,-79,-79,-10,23,-59,9.9,C3228E004,569
2026-06-10 16:04:37.635,2026-06-10 16:06:33.873,22.6677949,114.5105920,200.0,15.0,-0.05,55.5,0.0,21.3,1271.7,1273.39,10.0,2.0,2.5,NR5G-SA,n79,-79,-79,-10,23,-59,9.5,C3228E004,569
2026-06-10 16:04:37.835,2026-06-10 16:06:34.073,22.6678139,114.5106222,200.0,15.0,-0.05,55.7,0.0,21.3,1275.4,1277.14,10.0,2.0,2.5,NR5G-SA,n79,-79,-79,-10,23,-59,7.5,C3228E004,569
2026-06-10 16:04:38.036,2026-06-10 16:06:34.473,22.6678328,114.5106525,200.0,15.0,-0.07,55.6,0.0,21.3,1279.2,1280.90,10.0,2.0,2.5,NR5G-SA,n79,-79,-79,-10,23,-59,5.4,C3228E004,569
2026-06-10 16:04:38.236,2026-06-10 16:06:34.473,22.6678518,114.5106827,200.0,15.0,-0.04,55.6,0.0,21.3,1282.9,1284.65,10.0,2.0,2.5,NR5G-SA,n79,-80,-80,-10,23,-60,7.6,C3228E004,569
2026-06-10 16:04:38.436,2026-06-10 16:06:34.673,22.6678518,114.5106827,200.0,15.0,-0.04,55.6,0.0,21.3,1282.9,1284.65,10.0,2.0,2.5,NR5G-SA,n79,-80,-80,-10,23,-60,12.8,C3228E004,569
2026-06-10 16:04:38.637,2026-06-10 16:06:34.873,22.6678708,114.5107130,200.0,15.0,0.02,55.8,0.0,20.9,1286.7,1288.42,10.0,2.0,2.5,NR5G-SA,n79,-80,-80,-10,23,-60,7.6,C3228E004,569
2026-06-10 16:04:38.837,2026-06-10 16:06:35.073,22.6678898,114.5107432,200.0,15.0,0.01,55.8,0.0,20.9,1290.4,1292.17,10.0,2.0,2.5,NR5G-SA,n79,-81,-81,-10,24,-61,6.6,C3228E004,569
2026-06-10 16:04:39.038,2026-06-10 16:06:35.473,22.6679088,114.5107734,200.0,15.0,0.01,55.7,0.0,20.9,1294.2,1295.93,10.0,2.0,2.5,NR5G-SA,n79,-81,-81,-10,24,-61,6.3,C3228E004,569
2026-06-10 16:04:39.238,2026-06-10 16:06:35.473,22.6679279,114.5108036,200.0,15.0,-0.04,55.7,0.0,20.9,1298.0,1299.69,10.0,2.0,2.5,NR5G-SA,n79,-81,-81,-10,24,-61,6.3,C3228E004,569
2026-06-10 16:04:39.438,2026-06-10 16:06:35.673,22.6679279,114.5108036,200.0,15.0,-0.04,55.7,0.0,20.9,1298.0,1299.69,10.0,2.0,2.5,NR5G-SA,n79,-82,-82,-10,22,-62,11.0,C3228E004,569
2026-06-10 16:04:39.639,2026-06-10 16:06:35.873,22.6679470,114.5108338,200.0,15.0,0.05,55.7,0.0,20.9,1301.7,1303.45,10.0,2.0,2.5,NR5G-SA,n79,-82,-82,-10,22,-62,9.6,C3228E004,569
2026-06-10 16:04:39.839,2026-06-10 16:06:36.073,22.6679659,114.5108640,200.0,15.0,0.01,55.6,0.0,21.0,1305.5,1307.20,10.0,2.0,2.5,NR5G-SA,n79,-82,-82,-10,22,-62,5.6,C3228E004,569
2026-06-10 16:04:40.039,2026-06-10 16:06:36.473,22.6679848,114.5108942,200.0,15.0,0.01,55.6,0.0,21.0,1309.2,1310.94,10.0,2.0,2.5,NR5G-SA,n79,-82,-82,-10,22,-62,5.4,C3228E004,569
2026-06-10 16:04:40.240,2026-06-10 16:06:36.473,22.6680037,114.5109244,200.0,15.0,0.01,55.6,0.0,21.0,1313.0,1314.69,10.0,2.0,2.5,NR5G-SA,n79,-82,-82,-10,22,-62,6.5,C3228E004,569
2026-06-10 16:04:40.440,2026-06-10 16:06:36.673,22.6680037,114.5109244,200.0,15.0,0.01,55.6,0.0,21.0,1313.0,1314.69,10.0,2.0,2.5,NR5G-SA,n79,-83,-83,-10,21,-63,10.1,C3228E004,569
2026-06-10 16:04:40.640,2026-06-10 16:06:36.873,22.6680226,114.5109546,200.0,15.0,0.00,55.8,0.0,21.0,1316.7,1318.44,10.0,2.0,2.5,NR5G-SA,n79,-83,-83,-10,21,-63,8.9,C3228E004,569
2026-06-10 16:04:40.840,2026-06-10 16:06:37.073,22.6680416,114.5109848,200.0,15.0,-0.05,55.9,0.0,23.3,1320.5,1322.19,10.0,2.0,2.5,NR5G-SA,n79,-83,-83,-10,21,-63,6.4,C3228E004,569
2026-06-10 16:04:41.041,2026-06-10 16:06:37.473,22.6680607,114.5110152,200.0,15.1,-0.07,56.1,0.0,23.3,1324.2,1325.97,10.0,2.0,2.5,NR5G-SA,n79,-83,-83,-10,18,-63,7.1,C3228E004,569
2026-06-10 16:04:41.241,2026-06-10 16:06:37.473,22.6680798,114.5110454,200.0,15.0,-0.03,56.2,0.0,23.3,1328.0,1329.73,10.0,2.0,2.5,NR5G-SA,n79,-83,-83,-10,18,-63,9.2,C3228E004,569
2026-06-10 16:04:41.441,2026-06-10 16:06:37.673,22.6680798,114.5110454,200.0,15.0,-0.03,56.2,0.0,23.3,1328.0,1329.73,10.0,2.0,2.5,NR5G-SA,n79,-83,-83,-10,18,-63,11.4,C3228E004,569
2026-06-10 16:04:41.642,2026-06-10 16:06:37.873,22.6680988,114.5110755,200.0,15.1,-0.03,56.2,0.0,23.3,1331.8,1333.48,10.0,2.0,2.5,NR5G-SA,n79,-83,-83,-10,16,-63,9.9,C3228E004,569
2026-06-10 16:04:41.842,2026-06-10 16:06:38.073,22.6681179,114.5111056,200.0,15.0,0.01,56.3,0.0,21.6,1335.5,1337.23,10.0,2.0,2.5,NR5G-SA,n79,-83,-83,-10,16,-63,6.7,C3228E004,569
2026-06-10 16:04:42.043,2026-06-10 16:06:38.473,22.6681369,114.5111357,200.0,15.1,-0.06,56.2,0.0,21.6,1339.3,1340.98,10.0,2.0,2.5,NR5G-SA,n79,-83,-83,-10,16,-63,5.9,C3228E004,569
2026-06-10 16:04:42.243,2026-06-10 16:06:38.473,22.6681558,114.5111659,200.0,15.0,-0.00,56.3,0.0,21.6,1343.0,1344.73,10.0,2.0,2.5,NR5G-SA,n79,-83,-83,-10,16,-63,9.4,C3228E004,569
2026-06-10 16:04:42.443,2026-06-10 16:06:38.673,22.6681558,114.5111659,200.0,15.0,-0.00,56.3,0.0,21.6,1343.0,1344.73,10.0,2.0,2.5,NR5G-SA,n79,-83,-83,-10,16,-63,10.2,C3228E004,569
2026-06-10 16:04:42.644,2026-06-10 16:06:38.873,22.6681749,114.5111962,200.0,15.0,0.06,56.2,0.0,21.6,1346.8,1348.50,10.0,2.0,2.5,NR5G-SA,n79,-83,-83,-10,16,-63,10.3,C3228E004,569
2026-06-10 16:04:42.844,2026-06-10 16:06:39.073,22.6681940,114.5112264,200.0,15.1,-0.03,56.1,0.0,22.9,1350.5,1352.26,10.0,2.0,2.5,NR5G-SA,n79,-83,-83,-10,16,-63,6.2,C3228E004,569
2026-06-10 16:04:43.044,2026-06-10 16:06:39.473,22.6682131,114.5112565,200.0,15.0,-0.01,56.1,0.0,22.9,1354.3,1356.01,10.0,2.0,2.5,NR5G-SA,n79,-83,-83,-10,16,-63,6.6,C3228E004,569
2026-06-10 16:04:43.245,2026-06-10 16:06:39.473,22.6682320,114.5112867,200.0,15.0,-0.02,56.1,0.0,22.9,1358.0,1359.76,10.0,2.0,2.5,NR5G-SA,n79,-83,-83,-10,15,-63,8.1,C3228E004,569
2026-06-10 16:04:43.445,2026-06-10 16:06:39.673,22.6682320,114.5112867,200.0,15.0,-0.02,56.1,0.0,22.9,1358.0,1359.76,10.0,2.0,2.5,NR5G-SA,n79,-83,-83,-10,15,-63,10.7,C3228E004,569
2026-06-10 16:04:43.645,2026-06-10 16:06:39.873,22.6682509,114.5113168,200.0,15.0,0.00,56.1,0.0,22.9,1361.8,1363.50,10.0,2.0,2.5,NR5G-SA,n79,-83,-83,-10,15,-63,9.5,C3228E004,569
2026-06-10 16:04:43.846,2026-06-10 16:06:40.073,22.6682698,114.5113470,200.0,15.0,0.02,56.1,0.0,22.1,1365.5,1367.25,10.0,2.0,2.5,NR5G-SA,n79,-83,-83,-10,15,-63,8.0,C3228E004,569
2026-06-10 16:04:44.046,2026-06-10 16:06:40.473,22.6682888,114.5113772,200.0,15.0,0.06,56.0,0.0,22.1,1369.3,1371.00,10.0,2.0,2.5,NR5G-SA,n79,-83,-83,-10,15,-63,6.0,C3228E004,569
2026-06-10 16:04:44.246,2026-06-10 16:06:40.473,22.6683078,114.5114075,200.0,15.0,-0.00,55.9,0.0,22.1,1373.0,1374.76,10.0,2.0,2.5,NR5G-SA,n79,-83,-83,-10,16,-63,6.5,C3228E004,569
2026-06-10 16:04:44.447,2026-06-10 16:06:40.673,22.6683078,114.5114075,200.0,15.0,-0.00,55.9,0.0,22.1,1373.0,1374.76,10.0,2.0,2.5,NR5G-SA,n79,-83,-83,-10,16,-63,9.2,C3228E004,569
2026-06-10 16:04:44.647,2026-06-10 16:06:40.873,22.6683267,114.5114378,200.0,15.0,-0.00,55.8,0.0,22.1,1376.8,1378.52,10.0,2.0,2.5,NR5G-SA,n79,-83,-83,-10,16,-63,9.6,C3228E004,569
2026-06-10 16:04:44.847,2026-06-10 16:06:41.073,22.6683457,114.5114680,200.0,15.0,-0.00,55.9,0.0,21.1,1380.5,1382.27,10.0,2.0,2.5,NR5G-SA,n79,-83,-83,-10,17,-63,6.5,C3228E004,569
2026-06-10 16:04:45.048,2026-06-10 16:06:41.473,22.6683648,114.5114984,200.0,15.1,0.06,55.8,0.0,21.1,1384.3,1386.05,10.0,2.0,2.5,NR5G-SA,n79,-83,-83,-10,17,-63,5.1,C3228E004,569
2026-06-10 16:04:45.248,2026-06-10 16:06:41.473,22.6683838,114.5115286,200.0,15.0,0.02,55.7,0.0,21.1,1388.1,1389.81,10.0,2.0,2.5,NR5G-SA,n79,-83,-83,-10,17,-63,8.7,C3228E004,569
2026-06-10 16:04:45.448,2026-06-10 16:06:41.673,22.6684029,114.5115588,200.0,15.0,0.02,55.6,0.0,21.1,1391.8,1393.57,10.0,2.0,2.5,NR5G-SA,n79,-83,-83,-10,18,-63,9.8,C3228E004,569
2026-06-10 16:04:45.648,2026-06-10 16:06:41.873,22.6684029,114.5115588,200.0,14.9,-0.01,55.6,0.0,21.1,1391.8,1393.57,10.0,2.0,2.5,NR5G-SA,n79,-83,-83,-10,18,-63,10.6,C3228E004,569
2026-06-10 16:04:45.849,2026-06-10 16:06:42.073,22.6684221,114.5115890,200.0,14.9,0.00,55.6,0.0,17.9,1395.6,1397.34,10.0,2.0,2.5,NR5G-SA,n79,-83,-83,-10,18,-63,8.5,C3228E004,569
2026-06-10 16:04:46.049,2026-06-10 16:06:42.473,22.6684413,114.5116190,200.0,14.9,0.03,55.5,0.0,17.9,1399.4,1401.09,10.0,2.0,2.5,NR5G-SA,n79,-83,-83,-10,19,-63,5.5,C3228E004,569
2026-06-10 16:04:46.249,2026-06-10 16:06:42.473,22.6684604,114.5116491,200.0,15.0,-0.03,55.4,0.0,17.9,1403.1,1404.84,10.0,2.0,2.5,NR5G-SA,n79,-83,-83,-10,19,-63,7.1,C3228E004,569
2026-06-10 16:04:46.450,2026-06-10 16:06:42.673,22.6684794,114.5116792,200.0,15.0,-0.03,55.4,0.0,17.9,1406.9,1408.58,10.0,2.0,2.5,NR5G-SA,n79,-83,-83,-10,19,-63,10.9,C3228E004,569
2026-06-10 16:04:46.650,2026-06-10 16:06:42.873,22.6684794,114.5116792,200.0,14.9,-0.01,55.4,0.0,17.9,1406.9,1408.58,10.0,2.0,2.5,NR5G-SA,n79,-83,-83,-10,19,-63,10.6,C3228E004,569
2026-06-10 16:04:46.850,2026-06-10 16:06:43.073,22.6684984,114.5117093,200.0,15.0,-0.02,55.4,0.0,17.6,1410.6,1412.33,10.0,2.0,2.5,NR5G-SA,n79,-83,-83,-10,19,-63,6.5,C3228E004,569
2026-06-10 16:04:47.051,2026-06-10 16:06:43.473,22.6685173,114.5117395,200.0,15.0,0.01,55.5,0.0,17.6,1414.4,1416.08,10.0,2.0,2.5,NR5G-SA,n79,-83,-83,-10,20,-63,5.2,C3228E004,569
2026-06-10 16:04:47.251,2026-06-10 16:06:43.473,22.6685363,114.5117696,200.0,15.0,-0.03,55.6,0.0,17.6,1418.1,1419.82,10.0,2.0,2.5,NR5G-SA,n79,-83,-83,-10,20,-63,8.6,C3228E004,569
2026-06-10 16:04:47.452,2026-06-10 16:06:43.673,22.6685363,114.5117696,200.0,15.0,-0.03,55.6,0.0,17.6,1418.1,1419.82,10.0,2.0,2.5,NR5G-SA,n79,-83,-83,-10,20,-63,11.5,C3228E004,569
2026-06-10 16:04:47.652,2026-06-10 16:06:43.873,22.6685552,114.5117997,200.0,15.0,-0.05,55.5,0.0,17.6,1421.8,1423.56,10.0,2.0,2.5,NR5G-SA,n79,-83,-83,-10,20,-63,8.1,C3228E004,569
2026-06-10 16:04:47.852,2026-06-10 16:06:44.073,22.6685742,114.5118299,200.0,15.0,-0.02,55.4,0.0,16.3,1425.6,1427.32,10.0,2.0,2.5,NR5G-SA,n79,-83,-83,-10,20,-63,6.4,C3228E004,569
2026-06-10 16:04:48.052,2026-06-10 16:06:44.473,22.6685931,114.5118599,200.0,15.0,0.00,55.4,0.0,16.3,1429.3,1431.05,10.0,2.0,2.5,NR5G-SA,n79,-83,-83,-10,20,-63,5.7,C3228E004,569
2026-06-10 16:04:48.253,2026-06-10 16:06:44.473,22.6686121,114.5118900,200.0,15.0,0.01,55.4,0.0,16.3,1433.1,1434.80,10.0,2.0,2.5,NR5G-SA,n79,-83,-83,-10,20,-63,7.5,C3228E004,569
2026-06-10 16:04:48.453,2026-06-10 16:06:44.673,22.6686311,114.5119202,200.0,15.0,0.01,55.1,0.0,16.3,1436.8,1438.55,10.0,2.0,2.5,NR5G-SA,n79,-83,-83,-10,20,-63,10.0,C3228E004,569
2026-06-10 16:04:48.653,2026-06-10 16:06:44.873,22.6686311,114.5119202,200.0,15.0,0.03,55.1,0.0,16.3,1436.8,1438.55,10.0,2.0,2.5,NR5G-SA,n79,-83,-83,-10,20,-63,9.6,C3228E004,569
2026-06-10 16:04:48.854,2026-06-10 16:06:45.073,22.6686502,114.5119503,200.0,15.0,0.10,54.9,0.0,15.8,1440.6,1442.30,10.0,2.0,2.5,NR5G-SA,n79,-83,-83,-10,20,-63,6.4,C3228E004,569
2026-06-10 16:04:49.054,2026-06-10 16:06:45.473,22.6686693,114.5119805,200.0,14.9,0.08,54.9,0.0,15.8,1444.3,1446.06,10.0,2.0,2.5,NR5G-SA,n79,-83,-83,-10,20,-63,5.1,C3228E004,569
2026-06-10 16:04:49.254,2026-06-10 16:06:45.473,22.6686883,114.5120105,200.0,15.0,0.04,54.9,0.0,15.8,1448.1,1449.80,10.0,2.0,2.5,NR5G-SA,n79,-83,-83,-10,20,-63,7.1,C3228E004,569
2026-06-10 16:04:49.454,2026-06-10 16:06:45.673,22.6686883,114.5120105,200.0,15.0,0.04,54.9,0.0,15.8,1448.1,1449.80,10.0,2.0,2.5,NR5G-SA,n79,-83,-83,-10,20,-63,11.1,C3228E004,569
2026-06-10 16:04:49.655,2026-06-10 16:06:45.873,22.6687072,114.5120406,200.0,14.9,0.09,55.0,0.0,15.8,1451.8,1453.54,10.0,2.0,2.5,NR5G-SA,n79,-83,-83,-10,20,-63,9.4,C3228E004,569
2026-06-10 16:04:49.855,2026-06-10 16:06:46.073,22.6687261,114.5120707,200.0,14.9,0.03,55.1,0.0,15.8,1455.6,1457.28,10.0,2.0,2.5,NR5G-SA,n79,-83,-83,-10,21,-63,6.1,C3228E004,569
2026-06-10 16:04:50.055,2026-06-10 16:06:46.473,22.6687450,114.5121009,200.0,15.0,-0.02,55.2,0.0,16.6,1459.3,1461.03,10.0,2.0,2.5,NR5G-SA,n79,-83,-83,-10,21,-63,5.1,C3228E004,569
2026-06-10 16:04:50.255,2026-06-10 16:06:46.473,22.6687639,114.5121310,200.0,15.0,-0.02,55.2,0.0,16.6,1463.0,1464.77,10.0,2.0,2.5,NR5G-SA,n79,-83,-83,-10,21,-63,7.3,C3228E004,569
2026-06-10 16:04:50.456,2026-06-10 16:06:46.673,22.6687829,114.5121612,200.0,15.0,-0.05,55.3,0.0,16.6,1466.8,1468.52,10.0,2.0,2.5,NR5G-SA,n79,-83,-83,-10,21,-63,8.7,C3228E004,569
2026-06-10 16:04:50.656,2026-06-10 16:06:46.873,22.6687829,114.5121612,200.0,15.0,-0.05,55.3,0.0,16.6,1466.8,1468.52,10.0,2.0,2.5,NR5G-SA,n79,-83,-83,-10,21,-63,9.2,C3228E004,569
2026-06-10 16:04:50.856,2026-06-10 16:06:47.073,22.6688018,114.5121913,200.0,15.1,-0.05,55.4,0.0,16.6,1470.5,1472.26,10.0,2.0,2.5,NR5G-SA,n79,-83,-83,-10,21,-63,8.0,C3228E004,569
2026-06-10 16:04:51.056,2026-06-10 16:06:47.473,22.6688209,114.5122214,200.0,15.0,0.01,55.4,0.0,18.0,1474.3,1476.02,10.0,2.0,2.5,NR5G-SA,n79,-83,-83,-10,20,-63,6.7,C3228E004,569
2026-06-10 16:04:51.257,2026-06-10 16:06:47.673,22.6688399,114.5122517,200.0,15.0,0.04,55.5,0.0,18.0,1478.1,1479.78,10.0,2.0,2.5,NR5G-SA,n79,-83,-83,-10,20,-63,7.7,C3228E004,569
2026-06-10 16:04:51.457,2026-06-10 16:06:47.673,22.6688589,114.5122819,200.0,15.0,0.04,55.7,0.0,18.0,1481.8,1483.53,10.0,2.0,2.5,NR5G-SA,n79,-83,-83,-10,19,-63,10.5,C3228E004,569
2026-06-10 16:04:51.657,2026-06-10 16:06:47.873,22.6688589,114.5122819,200.0,14.9,0.10,55.7,0.0,18.0,1481.8,1483.53,10.0,2.0,2.5,NR5G-SA,n79,-83,-83,-10,19,-63,10.1,C3228E004,569
2026-06-10 16:04:51.858,2026-06-10 16:06:48.073,22.6688777,114.5123120,200.0,14.9,0.09,55.8,0.0,18.0,1485.5,1487.27,10.0,2.0,2.5,NR5G-SA,n79,-83,-83,-10,19,-63,7.2,C3228E004,569
2026-06-10 16:04:52.058,2026-06-10 16:06:48.473,22.6688963,114.5123417,200.0,14.7,0.12,55.8,0.0,18.9,1489.2,1490.95,10.0,2.0,2.5,NR5G-SA,n79,-83,-83,-10,17,-63,5.3,C3228E004,569
2026-06-10 16:04:52.258,2026-06-10 16:06:48.673,22.6689145,114.5123709,200.1,14.4,0.07,55.5,0.0,18.9,1492.8,1494.57,10.0,2.0,2.5,NR5G-SA,n79,-83,-83,-10,17,-63,8.0,C3228E004,569
2026-06-10 16:04:52.459,2026-06-10 16:06:48.673,22.6689324,114.5123994,200.1,14.4,0.07,55.5,0.0,18.9,1496.4,1498.12,10.0,2.0,2.5,NR5G-SA,n79,-83,-83,-10,17,-63,9.8,C3228E004,569
2026-06-10 16:04:52.659,2026-06-10 16:06:48.873,22.6689324,114.5123994,200.1,14.0,0.10,55.5,0.0,18.9,1496.4,1498.12,10.0,2.0,2.5,NR5G-SA,n79,-83,-83,-10,16,-63,9.7,C3228E004,569
2026-06-10 16:04:52.859,2026-06-10 16:06:49.073,22.6689500,114.5124271,200.1,13.7,0.05,55.5,0.0,18.9,1499.8,1501.57,10.0,2.0,2.5,NR5G-SA,n79,-83,-83,-10,16,-63,7.3,C3228E004,569
2026-06-10 16:04:53.060,2026-06-10 16:06:49.473,22.6689670,114.5124539,200.1,13.2,-0.04,55.6,0.0,20.0,1503.2,1504.91,10.0,2.0,2.5,NR5G-SA,n79,-83,-83,-10,16,-63,5.3,C3228E004,569
2026-06-10 16:04:53.260,2026-06-10 16:06:49.673,22.6689833,114.5124795,200.1,12.6,-0.01,55.6,0.0,20.0,1506.4,1508.11,10.0,2.0,2.5,NR5G-SA,n79,-83,-83,-10,17,-63,5.1,C3228E004,569
2026-06-10 16:04:53.460,2026-06-10 16:06:49.673,22.6689988,114.5125040,200.1,12.2,-0.04,55.5,0.0,20.0,1509.4,1511.16,10.0,2.0,2.5,NR5G-SA,n79,-83,-83,-10,17,-63,8.8,C3228E004,569
2026-06-10 16:04:53.661,2026-06-10 16:06:49.873,22.6689988,114.5125040,200.1,12.2,-0.04,55.5,0.0,20.0,1509.4,1511.16,10.0,2.0,2.5,NR5G-SA,n79,-83,-83,-10,18,-63,7.4,C3228E004,569
2026-06-10 16:04:53.861,2026-06-10 16:06:50.073,22.6690135,114.5125272,200.1,11.4,0.03,55.6,0.0,20.0,1512.3,1514.05,10.0,2.0,2.5,NR5G-SA,n79,-83,-83,-10,18,-63,6.4,C3228E004,569
2026-06-10 16:04:54.061,2026-06-10 16:06:50.473,22.6690275,114.5125494,200.1,10.8,-0.05,55.7,0.0,20.9,1515.1,1516.81,10.0,2.0,2.5,NR5G-SA,n79,-83,-83,-10,18,-63,4.2,C3228E004,569
2026-06-10 16:04:54.262,2026-06-10 16:06:50.473,22.6690407,114.5125703,200.1,10.3,-0.10,55.8,0.0,20.9,1517.7,1519.41,10.0,2.0,2.5,NR5G-SA,n79,-83,-83,-10,17,-63,7.7,C3228E004,569
2026-06-10 16:04:54.462,2026-06-10 16:06:50.673,22.6690531,114.5125903,200.0,9.6,-0.07,55.7,0.0,20.9,1520.2,1521.89,10.0,2.0,2.5,NR5G-SA,n79,-83,-83,-10,17,-63,10.1,C3228E004,569
2026-06-10 16:04:54.662,2026-06-10 16:06:50.873,22.6690531,114.5125903,200.0,9.6,-0.07,55.7,0.0,20.9,1520.2,1521.89,10.0,2.0,2.5,NR5G-SA,n79,-83,-83,-10,17,-63,9.5,C3228E004,569
2026-06-10 16:04:54.862,2026-06-10 16:06:51.073,22.6690647,114.5126090,200.0,9.1,-0.08,55.7,0.0,20.9,1522.5,1524.20,10.0,2.0,2.5,NR5G-SA,n79,-83,-83,-10,17,-63,8.0,C3228E004,569
2026-06-10 16:04:55.063,2026-06-10 16:06:51.473,22.6690756,114.5126264,200.0,8.4,-0.06,55.4,0.0,21.2,1524.6,1526.36,10.0,2.0,2.5,NR5G-SA,n79,-83,-83,-10,17,-63,5.3,C3228E004,569
2026-06-10 16:04:55.263,2026-06-10 16:06:51.673,22.6690857,114.5126427,200.0,7.8,-0.07,55.2,0.0,21.2,1526.7,1528.38,10.0,2.0,2.5,NR5G-SA,n79,-83,-83,-10,17,-63,5.6,C3228E004,569
2026-06-10 16:04:55.463,2026-06-10 16:06:51.673,22.6690952,114.5126577,200.0,7.2,-0.05,55.5,0.0,21.2,1528.5,1530.25,10.0,2.0,2.5,NR5G-SA,n79,-86,-86,-10,17,-66,9.2,C3228E004,569
2026-06-10 16:04:55.664,2026-06-10 16:06:51.873,22.6690952,114.5126577,200.0,7.2,-0.05,55.5,0.0,21.2,1528.5,1530.25,10.0,2.0,2.5,NR5G-SA,n79,-86,-86,-10,17,-66,10.2,C3228E004,569
2026-06-10 16:04:55.864,2026-06-10 16:06:52.073,22.6691037,114.5126716,200.0,6.6,-0.06,56.4,0.0,21.2,1530.2,1531.96,10.0,2.0,2.5,NR5G-SA,n79,-88,-88,-10,17,-68,7.4,C3228E004,569
2026-06-10 16:04:56.064,2026-06-10 16:06:52.473,22.6691112,114.5126846,200.0,6.1,-0.05,58.3,0.0,21.4,1531.8,1533.53,10.0,2.0,2.5,NR5G-SA,n79,-88,-88,-10,17,-68,5.9,C3228E004,569
2026-06-10 16:04:56.265,2026-06-10 16:06:52.673,22.6691177,114.5126968,200.0,5.6,-0.02,61.1,0.0,21.4,1533.3,1534.98,10.0,2.0,2.5,NR5G-SA,n79,-88,-88,-10,17,-68,6.2,C3228E004,569
2026-06-10 16:04:56.465,2026-06-10 16:06:52.673,22.6691230,114.5127086,200.0,5.1,0.01,65.0,0.0,21.4,1534.6,1536.33,10.0,2.0,2.5,NR5G-SA,n79,-91,-91,-10,16,-71,8.0,C3228E004,569
2026-06-10 16:04:56.665,2026-06-10 16:06:52.873,22.6691230,114.5127086,200.0,5.1,0.01,65.0,0.0,21.4,1534.6,1536.33,10.0,2.0,2.5,NR5G-SA,n79,-91,-91,-10,16,-71,7.6,C3228E004,569
2026-06-10 16:04:56.866,2026-06-10 16:06:53.073,22.6691271,114.5127199,200.0,4.8,0.00,70.1,0.0,21.4,1535.8,1537.58,10.0,2.0,2.5,NR5G-SA,n79,-91,-91,-10,16,-71,5.7,C3228E004,569
2026-06-10 16:04:57.066,2026-06-10 16:06:53.473,22.6691299,114.5127310,200.0,4.6,-0.04,76.6,0.0,20.7,1536.9,1538.76,10.0,2.0,2.5,NR5G-SA,n79,-88,-88,-10,16,-68,4.3,C3228E004,569
2026-06-10 16:04:57.266,2026-06-10 16:06:53.673,22.6691312,114.5127420,200.0,4.4,0.00,84.4,0.0,20.7,1537.9,1539.90,10.0,2.0,2.5,NR5G-SA,n79,-88,-88,-10,16,-68,5.3,C3228E004,569
2026-06-10 16:04:57.467,2026-06-10 16:06:53.673,22.6691310,114.5127528,200.0,4.3,0.04,92.4,0.0,20.7,1538.8,1541.01,10.0,2.0,2.5,NR5G-SA,n79,-88,-88,-10,16,-68,8.6,C3228E004,569
2026-06-10 16:04:57.667,2026-06-10 16:06:53.873,22.6691310,114.5127528,200.0,4.3,0.04,92.4,0.0,20.7,1538.8,1541.01,10.0,2.0,2.5,NR5G-SA,n79,-90,-90,-10,18,-70,8.3,C3228E004,569
2026-06-10 16:04:57.867,2026-06-10 16:06:54.073,22.6691295,114.5127636,200.0,4.4,0.01,99.9,0.0,20.7,1539.7,1542.13,10.0,2.0,2.5,NR5G-SA,n79,-90,-90,-10,18,-70,5.4,C3228E004,569
2026-06-10 16:04:58.068,2026-06-10 16:06:54.473,22.6691267,114.5127746,200.0,4.7,0.01,106.8,0.0,19.6,1540.4,1543.30,10.0,2.0,2.5,NR5G-SA,n79,-87,-87,-10,20,-67,6.2,C3228E004,569
2026-06-10 16:04:58.268,2026-06-10 16:06:54.673,22.6691228,114.5127861,200.0,5.0,-0.02,112.3,0.0,19.6,1541.2,1544.56,10.0,2.0,2.5,NR5G-SA,n79,-87,-87,-10,20,-67,6.9,C3228E004,569
2026-06-10 16:04:58.468,2026-06-10 16:06:54.673,22.6691178,114.5127981,200.0,5.4,-0.06,116.3,0.0,19.6,1541.9,1545.91,10.0,2.0,2.5,NR5G-SA,n79,-87,-87,-10,20,-67,8.9,C3228E004,569
2026-06-10 16:04:58.669,2026-06-10 16:06:54.873,22.6691178,114.5127981,200.0,5.4,-0.06,116.3,0.0,19.6,1541.9,1545.91,10.0,2.0,2.5,NR5G-SA,n79,-86,-86,-10,15,-66,10.6,C3228E004,569
2026-06-10 16:04:58.869,2026-06-10 16:06:55.073,22.6691118,114.5128106,200.0,5.9,-0.01,119.2,0.0,19.6,1542.6,1547.36,10.0,2.0,2.5,NR5G-SA,n79,-86,-86,-10,15,-66,7.8,C3228E004,569
2026-06-10 16:04:59.069,2026-06-10 16:06:55.473,22.6691047,114.5128239,200.0,6.4,-0.05,121.0,0.0,19.6,1543.2,1548.94,10.0,2.0,2.5,NR5G-SA,n79,-86,-86,-10,15,-66,6.4,C3228E004,569
2026-06-10 16:04:59.269,2026-06-10 16:06:55.673,22.6690968,114.5128381,200.0,6.9,-0.04,122.2,0.0,19.2,1544.0,1550.64,10.0,2.0,2.5,NR5G-SA,n79,-86,-86,-10,15,-66,5.5,C3228E004,569
2026-06-10 16:04:59.470,2026-06-10 16:06:55.673,22.6690881,114.5128532,200.0,7.6,-0.01,122.7,0.0,19.2,1544.7,1552.47,10.0,2.0,2.5,NR5G-SA,n79,-86,-86,-10,15,-66,9.9,C3228E004,569
2026-06-10 16:04:59.670,2026-06-10 16:06:55.873,22.6690881,114.5128532,200.0,7.6,-0.01,122.7,0.0,19.2,1544.7,1552.47,10.0,2.0,2.5,NR5G-SA,n79,-86,-86,-10,15,-66,8.5,C3228E004,569
2026-06-10 16:04:59.870,2026-06-10 16:06:56.073,22.6690787,114.5128696,200.0,8.2,0.02,122.9,0.0,19.2,1545.5,1554.45,10.0,2.0,2.5,NR5G-SA,n79,-86,-86,-10,15,-66,5.9,C3228E004,569
2026-06-10 16:05:00.071,2026-06-10 16:06:56.473,22.6690685,114.5128874,200.0,8.8,0.01,122.7,0.0,19.2,1546.4,1556.61,10.0,2.0,2.5,NR5G-SA,n79,-86,-86,-10,15,-66,5.5,C3228E004,569
2026-06-10 16:05:00.271,2026-06-10 16:06:56.673,22.6690576,114.5129065,200.0,9.5,-0.02,122.3,0.0,19.7,1547.4,1558.91,10.0,2.0,2.5,NR5G-SA,n79,-86,-86,-10,16,-66,6.8,C3228E004,569
2026-06-10 16:05:00.471,2026-06-10 16:06:56.673,22.6690460,114.5129269,200.0,10.1,-0.04,122.0,0.0,19.7,1548.4,1561.37,10.0,2.0,2.5,NR5G-SA,n79,-86,-86,-10,16,-66,7.8,C3228E004,569
2026-06-10 16:05:00.672,2026-06-10 16:06:56.873,22.6690460,114.5129269,200.0,10.1,-0.04,122.0,0.0,19.7,1548.4,1561.37,10.0,2.0,2.5,NR5G-SA,n79,-86,-86,-10,16,-66,9.0,C3228E004,569
2026-06-10 16:05:00.872,2026-06-10 16:06:57.073,22.6690335,114.5129486,200.0,10.7,-0.06,121.8,0.0,19.7,1549.5,1564.00,10.0,2.0,2.5,NR5G-SA,n79,-86,-86,-10,15,-66,7.3,C3228E004,569
2026-06-10 16:05:01.072,2026-06-10 16:06:57.473,22.6690203,114.5129714,200.0,11.4,-0.01,121.7,0.0,19.7,1550.6,1566.77,10.0,2.0,2.5,NR5G-SA,n79,-86,-86,-10,15,-66,5.4,C3228E004,569
2026-06-10 16:05:01.273,2026-06-10 16:06:57.673,22.6690063,114.5129955,200.0,12.0,-0.06,121.6,0.0,19.1,1551.9,1569.69,10.0,2.0,2.5,NR5G-SA,n79,-86,-86,-10,15,-66,6.9,C3228E004,569
2026-06-10 16:05:01.473,2026-06-10 16:06:57.673,22.6689915,114.5130208,199.9,12.6,0.01,121.7,0.0,19.1,1553.1,1572.77,10.0,2.0,2.5,NR5G-SA,n79,-86,-86,-10,16,-66,8.0,C3228E004,569
2026-06-10 16:05:01.673,2026-06-10 16:06:57.873,22.6689915,114.5130208,199.9,12.6,0.01,121.7,0.0,19.1,1553.1,1572.77,10.0,2.0,2.5,NR5G-SA,n79,-86,-86,-10,16,-66,9.9,C3228E004,569
2026-06-10 16:05:01.874,2026-06-10 16:06:58.073,22.6689761,114.5130472,200.0,13.1,0.05,121.7,0.0,19.1,1554.5,1575.98,10.0,2.0,2.5,NR5G-SA,n79,-86,-86,-10,16,-66,7.3,C3228E004,569
2026-06-10 16:05:02.074,2026-06-10 16:06:58.473,22.6689600,114.5130747,200.0,13.6,0.04,121.6,0.0,19.1,1555.8,1579.32,10.0,2.0,2.5,NR5G-SA,n79,-86,-86,-10,15,-66,4.8,C3228E004,569
2026-06-10 16:05:02.274,2026-06-10 16:06:58.673,22.6689436,114.5131031,200.0,14.0,0.12,121.5,0.0,18.9,1557.3,1582.76,10.0,2.0,2.5,NR5G-SA,n79,-86,-86,-10,15,-66,4.5,C3228E004,569
2026-06-10 16:05:02.474,2026-06-10 16:06:58.673,22.6689268,114.5131322,200.0,14.3,0.08,121.5,0.0,18.9,1558.8,1586.29,10.0,2.0,2.5,NR5G-SA,n79,-86,-86,-10,14,-66,6.4,C3228E004,569
2026-06-10 16:05:02.675,2026-06-10 16:06:58.873,22.6689268,114.5131322,200.0,14.3,0.08,121.5,0.0,18.9,1558.8,1586.29,10.0,2.0,2.5,NR5G-SA,n79,-86,-86,-10,14,-66,7.5,C3228E004,569
2026-06-10 16:05:02.875,2026-06-10 16:06:59.073,22.6689097,114.5131619,200.0,14.6,0.02,121.6,0.0,18.9,1560.3,1589.89,10.0,2.0,2.5,NR5G-SA,n79,-86,-86,-10,14,-66,4.6,C3228E004,569
2026-06-10 16:05:03.076,2026-06-10 16:06:59.473,22.6688925,114.5131920,200.0,14.8,0.06,121.8,0.0,18.9,1561.9,1593.52,10.0,2.0,2.5,NR5G-SA,n79,-86,-86,-10,14,-66,5.9,C3228E004,569
2026-06-10 16:05:03.276,2026-06-10 16:06:59.673,22.6688750,114.5132223,200.0,15.0,0.02,122.0,0.0,20.4,1563.5,1597.19,10.0,2.0,2.5,NR5G-SA,n79,-86,-86,-10,14,-66,5.4,C3228E004,569
2026-06-10 16:05:03.476,2026-06-10 16:06:59.673,22.6688573,114.5132529,200.0,15.1,0.02,122.4,0.0,20.4,1565.1,1600.90,10.0,2.0,2.5,NR5G-SA,n79,-86,-86,-10,14,-66,8.1,C3228E004,569
2026-06-10 16:05:03.677,2026-06-10 16:06:59.873,22.6688573,114.5132529,200.0,15.1,0.02,122.4,0.0,20.4,1565.1,1600.90,10.0,2.0,2.5,NR5G-SA,n79,-86,-86,-10,15,-66,8.5,C3228E004,569
2026-06-10 16:05:03.877,2026-06-10 16:07:00.073,22.6688396,114.5132838,200.0,15.1,0.06,122.5,0.0,20.4,1566.7,1604.64,10.0,2.0,2.5,NR5G-SA,n79,-86,-86,-10,15,-66,6.6,C3228E004,569
2026-06-10 16:05:04.077,2026-06-10 16:07:00.473,22.6688217,114.5133148,200.0,15.2,0.01,122.5,0.0,20.4,1568.4,1608.40,10.0,2.0,2.5,NR5G-SA,n79,-86,-86,-10,15,-66,5.9,C3228E004,569
2026-06-10 16:05:04.278,2026-06-10 16:07:00.673,22.6688038,114.5133457,200.0,15.2,-0.04,122.6,0.0,21.7,1570.0,1612.14,10.0,2.0,2.5,NR5G-SA,n79,-86,-86,-10,13,-66,5.3,C3228E004,569
2026-06-10 16:05:04.478,2026-06-10 16:07:00.673,22.6687860,114.5133767,200.0,15.2,-0.04,122.6,0.0,21.7,1571.7,1615.89,10.0,2.0,2.5,NR5G-SA,n79,-86,-86,-10,13,-66,8.3,C3228E004,569
2026-06-10 16:05:04.678,2026-06-10 16:07:00.873,22.6687860,114.5133767,200.0,15.1,-0.01,122.6,0.0,21.7,1571.7,1615.89,10.0,2.0,2.5,NR5G-SA,n79,-86,-86,-10,13,-66,9.1,C3228E004,569
2026-06-10 16:05:04.878,2026-06-10 16:07:01.073,22.6687682,114.5134079,200.0,15.2,-0.09,122.6,0.0,21.7,1573.4,1619.66,10.0,2.0,2.5,NR5G-SA,n79,-86,-86,-10,14,-66,6.8,C3228E004,569
2026-06-10 16:05:05.079,2026-06-10 16:07:01.473,22.6687504,114.5134393,200.0,15.2,0.02,122.7,0.0,21.7,1575.1,1623.45,10.0,2.0,2.5,NR5G-SA,n79,-86,-86,-10,14,-66,5.9,C3228E004,569
2026-06-10 16:05:05.279,2026-06-10 16:07:01.673,22.6687325,114.5134707,200.0,15.2,0.01,122.7,0.0,21.3,1576.8,1627.24,10.0,2.0,2.5,NR5G-SA,n79,-86,-86,-10,16,-66,4.9,C3228E004,569
2026-06-10 16:05:05.480,2026-06-10 16:07:01.673,22.6687147,114.5135021,200.0,15.2,0.10,122.8,0.0,21.3,1578.5,1631.02,10.0,2.0,2.5,NR5G-SA,n79,-86,-86,-10,16,-66,6.5,C3228E004,569
2026-06-10 16:05:05.680,2026-06-10 16:07:01.873,22.6687147,114.5135021,200.0,15.2,0.10,122.8,0.0,21.3,1578.5,1631.02,10.0,2.0,2.5,NR5G-SA,n79,-86,-86,-10,16,-66,6.6,C3228E004,569
2026-06-10 16:05:05.881,2026-06-10 16:07:02.073,22.6686968,114.5135335,200.0,15.2,0.04,122.8,0.0,21.3,1580.2,1634.82,10.0,2.0,2.5,NR5G-SA,n79,-86,-86,-10,17,-66,6.9,C3228E004,569
2026-06-10 16:05:06.081,2026-06-10 16:07:02.473,22.6686790,114.5135648,200.0,15.2,0.05,122.8,0.0,21.3,1582.0,1638.59,10.0,2.0,2.5,NR5G-SA,n79,-86,-86,-10,17,-66,7.2,C3228E004,569
2026-06-10 16:05:06.281,2026-06-10 16:07:02.673,22.6686610,114.5135962,200.0,15.1,0.03,122.8,0.0,21.7,1583.7,1642.39,10.0,2.0,2.5,NR5G-SA,n79,-86,-86,-10,17,-66,4.9,C3228E004,569
2026-06-10 16:05:06.482,2026-06-10 16:07:02.673,22.6686432,114.5136274,200.0,15.1,0.05,122.8,0.0,21.7,1585.5,1646.16,10.0,2.0,2.5,NR5G-SA,n79,-86,-86,-10,17,-66,7.4,C3228E004,569
2026-06-10 16:05:06.682,2026-06-10 16:07:02.873,22.6686432,114.5136274,200.0,15.1,0.05,122.8,0.0,21.7,1585.5,1646.16,10.0,2.0,2.5,NR5G-SA,n79,-86,-86,-10,17,-66,9.4,C3228E004,569
2026-06-10 16:05:06.882,2026-06-10 16:07:03.073,22.6686253,114.5136587,200.0,15.1,-0.01,122.8,0.0,21.7,1587.2,1649.94,10.0,2.0,2.5,NR5G-SA,n79,-86,-86,-10,17,-66,5.9,C3228E004,569
2026-06-10 16:05:07.083,2026-06-10 16:07:03.473,22.6686073,114.5136900,200.0,15.1,0.01,122.7,0.0,21.7,1588.9,1653.73,10.0,2.0,2.5,NR5G-SA,n79,-86,-86,-10,16,-66,5.0,C3228E004,569
2026-06-10 16:05:07.283,2026-06-10 16:07:03.673,22.6685894,114.5137213,200.0,15.1,-0.00,122.7,0.0,21.7,1590.7,1657.51,10.0,2.0,2.5,NR5G-SA,n79,-86,-86,-10,16,-66,6.7,C3228E004,569
2026-06-10 16:05:07.484,2026-06-10 16:07:03.673,22.6685717,114.5137527,200.0,15.1,0.03,122.7,0.0,23.1,1592.5,1661.29,10.0,2.0,2.5,NR5G-SA,n79,-86,-86,-10,16,-66,9.6,C3228E004,569
2026-06-10 16:05:07.684,2026-06-10 16:07:03.873,22.6685717,114.5137527,200.0,15.1,0.03,122.7,0.0,23.1,1592.5,1661.29,10.0,2.0,2.5,NR5G-SA,n79,-86,-86,-10,16,-66,8.2,C3228E004,569
2026-06-10 16:05:07.884,2026-06-10 16:07:04.073,22.6685540,114.5137840,200.0,15.0,0.02,122.8,0.0,23.1,1594.3,1665.06,10.0,2.0,2.5,NR5G-SA,n79,-86,-86,-10,16,-66,4.9,C3228E004,569
2026-06-10 16:05:08.085,2026-06-10 16:07:04.473,22.6685362,114.5138153,200.0,15.0,-0.00,122.8,0.0,23.1,1596.1,1668.84,10.0,2.0,2.5,NR5G-SA,n79,-86,-86,-10,20,-66,5.0,C3228E004,569
2026-06-10 16:05:08.285,2026-06-10 16:07:04.673,22.6685185,114.5138465,200.0,15.0,0.08,122.8,0.0,23.1,1597.9,1672.60,10.0,2.0,2.5,NR5G-SA,n79,-86,-86,-10,20,-66,4.7,C3228E004,569
2026-06-10 16:05:08.485,2026-06-10 16:07:04.673,22.6685008,114.5138777,200.0,15.0,0.07,122.7,0.0,22.3,1599.7,1676.36,10.0,2.0,2.5,NR5G-SA,n79,-86,-86,-10,20,-66,6.7,C3228E004,569
2026-06-10 16:05:08.686,2026-06-10 16:07:04.873,22.6685008,114.5138777,200.0,15.0,0.07,122.7,0.0,22.3,1599.7,1676.36,10.0,2.0,2.5,NR5G-SA,n79,-85,-85,-10,21,-65,14.6,C3228E004,569
2026-06-10 16:05:08.886,2026-06-10 16:07:05.073,22.6684832,114.5139088,200.0,15.0,0.04,122.7,0.0,22.3,1601.5,1680.11,10.0,2.0,2.5,NR5G-SA,n79,-85,-85,-10,21,-65,5.7,C3228E004,569
2026-06-10 16:05:09.086,2026-06-10 16:07:05.473,22.6684654,114.5139400,200.0,15.0,0.04,122.6,0.0,22.3,1603.3,1683.88,10.0,2.0,2.5,NR5G-SA,n79,-85,-85,-10,21,-65,6.0,C3228E004,569
2026-06-10 16:05:09.287,2026-06-10 16:07:05.673,22.6684477,114.5139709,200.0,15.0,0.02,122.7,0.0,22.3,1605.1,1687.61,10.0,2.0,2.5,NR5G-SA,n79,-85,-85,-10,22,-65,4.6,C3228E004,569
2026-06-10 16:05:09.487,2026-06-10 16:07:05.673,22.6684300,114.5140020,200.0,14.9,0.07,122.7,0.0,20.1,1606.9,1691.37,10.0,2.0,2.5,NR5G-SA,n79,-85,-85,-10,22,-65,5.8,C3228E004,569
2026-06-10 16:05:09.688,2026-06-10 16:07:05.873,22.6684300,114.5140020,200.0,14.9,0.07,122.7,0.0,20.1,1606.9,1691.37,10.0,2.0,2.5,NR5G-SA,n79,-85,-85,-10,19,-65,11.6,C3228E004,569
2026-06-10 16:05:09.888,2026-06-10 16:07:06.073,22.6684124,114.5140331,200.0,14.9,-0.02,122.7,0.0,20.1,1608.7,1695.11,10.0,2.0,2.5,NR5G-SA,n79,-85,-85,-10,19,-65,6.2,C3228E004,569
2026-06-10 16:05:10.088,2026-06-10 16:07:06.473,22.6683946,114.5140642,200.0,15.0,0.00,122.7,0.0,20.1,1610.5,1698.87,10.0,2.0,2.5,NR5G-SA,n79,-85,-85,-10,19,-65,4.2,C3228E004,569
2026-06-10 16:05:10.288,2026-06-10 16:07:06.673,22.6683769,114.5140952,200.0,15.0,0.00,122.7,0.0,20.1,1612.3,1702.62,10.0,2.0,2.5,NR5G-SA,n79,-85,-85,-10,18,-65,4.4,C3228E004,569
2026-06-10 16:05:10.489,2026-06-10 16:07:06.673,22.6683591,114.5141263,200.0,15.0,0.03,122.7,0.0,19.0,1614.2,1706.38,10.0,2.0,2.5,NR5G-SA,n79,-85,-85,-10,18,-65,6.5,C3228E004,569
2026-06-10 16:05:10.689,2026-06-10 16:07:06.873,22.6683591,114.5141263,200.0,15.0,0.03,122.7,0.0,19.0,1614.2,1706.38,10.0,2.0,2.5,NR5G-SA,n79,-85,-85,-10,18,-65,13.4,C3228E004,569
2026-06-10 16:05:10.889,2026-06-10 16:07:07.073,22.6683413,114.5141573,200.0,15.0,-0.01,122.7,0.0,19.0,1616.0,1710.13,10.0,2.0,2.5,NR5G-SA,n79,-85,-85,-10,19,-65,6.9,C3228E004,569
2026-06-10 16:05:11.090,2026-06-10 16:07:07.473,22.6683236,114.5141883,200.0,15.0,0.02,122.9,0.0,19.0,1617.9,1713.87,10.0,2.0,2.5,NR5G-SA,n79,-85,-85,-10,19,-65,6.0,C3228E004,569
2026-06-10 16:05:11.290,2026-06-10 16:07:07.673,22.6683057,114.5142194,200.0,15.0,-0.00,123.1,0.0,19.0,1619.7,1717.64,10.0,2.0,2.5,NR5G-SA,n79,-85,-85,-10,19,-65,5.2,C3228E004,569
2026-06-10 16:05:11.490,2026-06-10 16:07:07.673,22.6682879,114.5142505,200.0,15.0,0.01,123.3,0.0,19.6,1621.6,1721.40,10.0,2.0,2.5,NR5G-SA,n79,-85,-85,-10,19,-65,5.3,C3228E004,569
2026-06-10 16:05:11.691,2026-06-10 16:07:07.873,22.6682879,114.5142505,200.0,15.0,0.01,123.3,0.0,19.6,1621.6,1721.40,10.0,2.0,2.5,NR5G-SA,n79,-85,-85,-10,19,-65,13.3,C3228E004,569
2026-06-10 16:05:11.891,2026-06-10 16:07:08.073,22.6682703,114.5142816,200.0,15.0,0.00,123.3,0.0,19.6,1623.5,1725.14,10.0,2.0,2.5,NR5G-SA,n79,-85,-85,-10,20,-65,6.6,C3228E004,569
2026-06-10 16:05:12.091,2026-06-10 16:07:08.473,22.6682527,114.5143127,200.0,14.9,0.00,123.2,0.0,19.6,1625.3,1728.89,10.0,2.0,2.5,NR5G-SA,n79,-85,-85,-10,20,-65,4.9,C3228E004,569
2026-06-10 16:05:12.292,2026-06-10 16:07:08.673,22.6682350,114.5143438,200.0,14.9,-0.02,123.0,0.0,19.6,1627.2,1732.65,10.0,2.0,2.5,NR5G-SA,n79,-85,-85,-10,20,-65,5.5,C3228E004,569
2026-06-10 16:05:12.492,2026-06-10 16:07:08.673,22.6682175,114.5143751,200.0,15.0,-0.03,122.7,0.0,18.0,1629.2,1736.40,10.0,2.0,2.5,NR5G-SA,n79,-85,-85,-10,19,-65,6.9,C3228E004,569
2026-06-10 16:05:12.692,2026-06-10 16:07:08.873,22.6682175,114.5143751,200.0,15.0,-0.03,122.7,0.0,18.0,1629.2,1736.40,10.0,2.0,2.5,NR5G-SA,n79,-85,-85,-10,19,-65,14.5,C3228E004,569
2026-06-10 16:05:12.893,2026-06-10 16:07:09.073,22.6681999,114.5144063,200.0,15.0,0.03,122.4,0.0,18.0,1631.1,1740.16,10.0,2.0,2.5,NR5G-SA,n79,-85,-85,-10,19,-65,7.7,C3228E004,569
2026-06-10 16:05:13.093,2026-06-10 16:07:09.473,22.6681822,114.5144373,200.0,15.0,0.01,122.2,0.0,18.0,1633.0,1743.91,10.0,2.0,2.5,NR5G-SA,n79,-85,-85,-10,18,-65,5.1,C3228E004,569
2026-06-10 16:05:13.293,2026-06-10 16:07:09.673,22.6681644,114.5144684,200.0,15.0,-0.03,122.3,0.0,18.0,1634.9,1747.66,10.0,2.0,2.5,NR5G-SA,n79,-85,-85,-10,18,-65,5.8,C3228E004,569
2026-06-10 16:05:13.494,2026-06-10 16:07:09.673,22.6681467,114.5144995,200.0,14.9,0.06,122.4,0.0,17.5,1636.8,1751.42,10.0,2.0,2.5,NR5G-SA,n79,-85,-85,-10,18,-65,6.9,C3228E004,569
2026-06-10 16:05:13.694,2026-06-10 16:07:09.873,22.6681467,114.5144995,200.0,14.9,0.06,122.4,0.0,17.5,1636.8,1751.42,10.0,2.0,2.5,NR5G-SA,n79,-85,-85,-10,18,-65,11.0,C3228E004,569
2026-06-10 16:05:13.895,2026-06-10 16:07:10.073,22.6681290,114.5145306,200.0,15.0,0.01,122.4,0.0,17.5,1638.7,1755.17,10.0,2.0,2.5,NR5G-SA,n79,-85,-85,-10,18,-65,5.3,C3228E004,569
2026-06-10 16:05:14.095,2026-06-10 16:07:10.473,22.6681113,114.5145617,200.0,15.0,-0.02,122.3,0.0,17.5,1640.7,1758.92,10.0,2.0,2.5,NR5G-SA,n79,-85,-85,-10,18,-65,5.3,C3228E004,569
2026-06-10 16:05:14.295,2026-06-10 16:07:10.673,22.6680936,114.5145929,200.0,14.9,0.04,122.3,0.0,17.5,1642.6,1762.69,10.0,2.0,2.5,NR5G-SA,n79,-85,-85,-10,18,-65,5.3,C3228E004,569
2026-06-10 16:05:14.496,2026-06-10 16:07:10.673,22.6680758,114.5146239,200.0,15.0,-0.03,122.2,0.0,17.7,1644.5,1766.44,10.0,2.0,2.5,NR5G-SA,n79,-85,-85,-10,18,-65,6.8,C3228E004,569
2026-06-10 16:05:14.696,2026-06-10 16:07:10.873,22.6680758,114.5146239,200.0,15.0,-0.03,122.2,0.0,17.7,1644.5,1766.44,10.0,2.0,2.5,NR5G-SA,n79,-87,-87,-10,20,-67,12.4,C3228E004,569
2026-06-10 16:05:14.896,2026-06-10 16:07:11.073,22.6680580,114.5146549,200.0,14.9,0.03,122.2,0.0,17.7,1646.5,1770.19,10.0,2.0,2.5,NR5G-SA,n79,-87,-87,-10,20,-67,7.3,C3228E004,569
2026-06-10 16:05:15.097,2026-06-10 16:07:11.473,22.6680403,114.5146859,200.0,15.0,-0.03,122.2,0.0,17.7,1648.4,1773.93,10.0,2.0,2.5,NR5G-SA,n79,-87,-87,-10,20,-67,6.2,C3228E004,569
2026-06-10 16:05:15.297,2026-06-10 16:07:11.673,22.6680225,114.5147170,200.0,15.0,-0.03,122.4,0.0,17.7,1650.4,1777.69,10.0,2.0,2.5,NR5G-SA,n79,-87,-87,-10,19,-67,5.5,C3228E004,569
2026-06-10 16:05:15.497,2026-06-10 16:07:11.673,22.6680049,114.5147481,200.0,15.0,0.03,122.2,0.0,17.7,1652.4,1781.44,10.0,2.0,2.5,NR5G-SA,n79,-87,-87,-10,19,-67,5.9,C3228E004,569
2026-06-10 16:05:15.698,2026-06-10 16:07:11.873,22.6680049,114.5147481,200.0,15.0,0.03,122.2,0.0,17.7,1652.4,1781.44,10.0,2.0,2.5,NR5G-SA,n79,-87,-87,-10,19,-67,10.0,C3228E004,569
2026-06-10 16:05:15.898,2026-06-10 16:07:12.073,22.6679873,114.5147792,200.0,14.9,0.07,122.1,0.0,17.7,1654.3,1785.19,10.0,2.0,2.5,NR5G-SA,n79,-87,-87,-10,20,-67,6.3,C3228E004,569
2026-06-10 16:05:16.098,2026-06-10 16:07:12.473,22.6679697,114.5148103,200.0,15.0,-0.03,122.0,0.0,17.7,1656.3,1788.93,10.0,2.0,2.5,NR5G-SA,n79,-87,-87,-10,20,-67,5.3,C3228E004,569
2026-06-10 16:05:16.299,2026-06-10 16:07:12.673,22.6679520,114.5148415,200.0,15.0,0.01,121.9,0.0,17.7,1658.3,1792.70,10.0,2.0,2.5,NR5G-SA,n79,-88,-88,-10,19,-68,4.3,C3228E004,569
2026-06-10 16:05:16.499,2026-06-10 16:07:12.673,22.6679344,114.5148725,200.0,15.0,0.02,122.0,0.0,15.7,1660.3,1796.44,10.0,2.0,2.5,NR5G-SA,n79,-88,-88,-10,19,-68,6.2,C3228E004,569
2026-06-10 16:05:16.699,2026-06-10 16:07:12.873,22.6679167,114.5149036,200.0,15.1,-0.04,122.1,0.0,15.7,1662.3,1800.19,10.0,2.0,2.5,NR5G-SA,n79,-88,-88,-10,19,-68,11.8,C3228E004,569
2026-06-10 16:05:16.900,2026-06-10 16:07:13.073,22.6679167,114.5149036,200.0,15.1,-0.04,122.1,0.0,15.7,1662.3,1800.19,10.0,2.0,2.5,NR5G-SA,n79,-88,-88,-10,19,-68,9.8,C3228E004,569
2026-06-10 16:05:17.100,2026-06-10 16:07:13.473,22.6678990,114.5149347,200.0,14.9,0.02,122.3,0.0,15.7,1664.3,1803.94,10.0,2.0,2.5,NR5G-SA,n79,-88,-88,-10,19,-68,6.7,C3228E004,569
2026-06-10 16:05:17.300,2026-06-10 16:07:13.673,22.6678813,114.5149656,200.0,15.0,-0.02,122.4,0.0,15.7,1666.3,1807.68,10.0,2.0,2.5,NR5G-SA,n79,-88,-88,-10,19,-68,6.2,C3228E004,569
2026-06-10 16:05:17.501,2026-06-10 16:07:13.873,22.6678636,114.5149964,200.0,15.0,0.01,122.4,0.0,15.7,1668.3,1811.41,10.0,2.0,2.5,NR5G-SA,n79,-89,-89,-10,19,-69,6.6,C3228E004,569
2026-06-10 16:05:17.701,2026-06-10 16:07:13.873,22.6678458,114.5150275,200.0,15.0,-0.03,122.5,0.0,16.8,1670.3,1815.16,10.0,2.0,2.5,NR5G-SA,n79,-89,-89,-10,19,-69,11.7,C3228E004,569
2026-06-10 16:05:17.901,2026-06-10 16:07:14.073,22.6678458,114.5150275,200.0,15.0,-0.03,122.5,0.0,16.8,1670.3,1815.16,10.0,2.0,2.5,NR5G-SA,n79,-89,-89,-10,19,-69,8.8,C3228E004,569
2026-06-10 16:05:18.102,2026-06-10 16:07:14.473,22.6678280,114.5150586,200.0,15.0,-0.03,122.5,0.0,16.8,1672.4,1818.92,10.0,2.0,2.5,NR5G-SA,n79,-88,-88,-10,19,-68,6.3,C3228E004,569
2026-06-10 16:05:18.302,2026-06-10 16:07:14.673,22.6678104,114.5150896,200.0,15.0,-0.03,122.5,0.0,16.8,1674.4,1822.66,10.0,2.0,2.5,NR5G-SA,n79,-88,-88,-10,19,-68,5.3,C3228E004,569
2026-06-10 16:05:18.502,2026-06-10 16:07:14.673,22.6677927,114.5151207,200.0,15.1,-0.07,122.6,0.0,16.8,1676.4,1826.42,10.0,2.0,2.5,NR5G-SA,n79,-88,-88,-10,19,-68,6.7,C3228E004,569
2026-06-10 16:05:18.703,2026-06-10 16:07:14.873,22.6677750,114.5151518,200.0,15.1,-0.07,122.7,0.0,18.2,1678.5,1830.17,10.0,2.0,2.5,NR5G-SA,n79,-88,-88,-10,18,-68,12.8,C3228E004,569
2026-06-10 16:05:18.903,2026-06-10 16:07:15.073,22.6677750,114.5151518,200.0,15.1,-0.07,122.7,0.0,18.2,1678.5,1830.17,10.0,2.0,2.5,NR5G-SA,n79,-88,-88,-10,18,-68,6.0,C3228E004,569
2026-06-10 16:05:19.103,2026-06-10 16:07:15.473,22.6677575,114.5151829,200.0,15.1,-0.02,122.6,0.0,18.2,1680.6,1833.91,10.0,2.0,2.5,NR5G-SA,n79,-88,-88,-10,17,-68,6.0,C3228E004,569
2026-06-10 16:05:19.304,2026-06-10 16:07:15.673,22.6677398,114.5152141,200.0,15.1,-0.05,122.7,0.0,18.2,1682.6,1837.67,10.0,2.0,2.5,NR5G-SA,n79,-88,-88,-10,17,-68,5.1,C3228E004,569
2026-06-10 16:05:19.504,2026-06-10 16:07:15.873,22.6677222,114.5152452,200.0,15.0,-0.02,122.7,0.0,18.2,1684.7,1841.42,10.0,2.0,2.5,NR5G-SA,n79,-88,-88,-10,17,-68,6.2,C3228E004,569
2026-06-10 16:05:19.704,2026-06-10 16:07:15.873,22.6677046,114.5152765,200.0,15.0,0.10,122.6,0.0,18.9,1686.8,1845.19,10.0,2.0,2.5,NR5G-SA,n79,-88,-88,-10,18,-68,11.9,C3228E004,569
2026-06-10 16:05:19.905,2026-06-10 16:07:16.073,22.6677046,114.5152765,200.0,15.0,0.10,122.6,0.0,18.9,1686.8,1845.19,10.0,2.0,2.5,NR5G-SA,n79,-88,-88,-10,18,-68,6.9,C3228E004,569
2026-06-10 16:05:20.105,2026-06-10 16:07:16.473,22.6676870,114.5153076,200.0,15.0,0.02,122.4,0.0,18.9,1688.9,1848.93,10.0,2.0,2.5,NR5G-SA,n79,-88,-88,-10,18,-68,6.1,C3228E004,569
2026-06-10 16:05:20.305,2026-06-10 16:07:16.673,22.6676694,114.5153386,200.0,15.0,0.03,122.3,0.0,18.9,1691.0,1852.67,10.0,2.0,2.5,NR5G-SA,n79,-90,-90,-10,16,-70,5.4,C3228E004,569
2026-06-10 16:05:20.506,2026-06-10 16:07:16.673,22.6676517,114.5153698,200.0,15.0,0.03,122.1,0.0,18.9,1693.0,1856.43,10.0,2.0,2.5,NR5G-SA,n79,-90,-90,-10,16,-70,8.7,C3228E004,569
2026-06-10 16:05:20.706,2026-06-10 16:07:16.873,22.6676341,114.5154009,200.0,15.0,0.03,121.9,0.0,19.8,1695.1,1860.18,10.0,2.0,2.5,NR5G-SA,n79,-90,-90,-10,16,-70,10.4,C3228E004,569
2026-06-10 16:05:20.906,2026-06-10 16:07:17.073,22.6676341,114.5154009,200.0,15.0,0.01,121.9,0.0,19.8,1695.1,1860.18,10.0,2.0,2.5,NR5G-SA,n79,-89,-89,-10,26,-69,5.8,C3228E004,569
2026-06-10 16:05:21.107,2026-06-10 16:07:17.473,22.6676164,114.5154321,200.0,15.0,0.00,121.7,0.0,19.8,1697.3,1863.94,10.0,2.0,2.5,NR5G-SA,n79,-89,-89,-10,26,-69,6.9,C3228E004,569
2026-06-10 16:05:21.307,2026-06-10 16:07:17.673,22.6675986,114.5154631,200.1,15.0,-0.01,121.5,0.0,19.8,1699.4,1867.69,10.0,2.0,2.5,NR5G-SA,n79,-89,-89,-10,23,-69,6.0,C3228E004,569
2026-06-10 16:05:21.507,2026-06-10 16:07:17.873,22.6675809,114.5154942,200.1,15.0,-0.02,121.3,0.0,19.8,1701.5,1871.45,10.0,2.0,2.5,NR5G-SA,n79,-89,-89,-10,23,-69,5.7,C3228E004,569
2026-06-10 16:05:21.708,2026-06-10 16:07:17.873,22.6675631,114.5155252,200.1,15.0,-0.07,121.2,0.0,19.9,1703.6,1875.20,10.0,2.0,2.5,NR5G-SA,n79,-89,-89,-10,23,-69,11.0,C3228E004,569
2026-06-10 16:05:21.908,2026-06-10 16:07:18.073,22.6675631,114.5155252,200.1,15.0,-0.07,121.2,0.0,19.9,1703.6,1875.20,10.0,2.0,2.5,NR5G-SA,n79,-89,-89,-10,22,-69,6.9,C3228E004,569
2026-06-10 16:05:22.109,2026-06-10 16:07:18.473,22.6675452,114.5155563,200.0,15.0,-0.05,121.4,0.0,19.9,1705.7,1878.96,10.0,2.0,2.5,NR5G-SA,n79,-89,-89,-10,22,-69,5.2,C3228E004,569
2026-06-10 16:05:22.309,2026-06-10 16:07:18.673,22.6675274,114.5155874,200.0,15.0,-0.11,121.7,0.0,19.9,1707.8,1882.72,10.0,2.0,2.5,NR5G-SA,n79,-89,-89,-10,22,-69,6.0,C3228E004,569
2026-06-10 16:05:22.509,2026-06-10 16:07:18.673,22.6675097,114.5156183,200.0,15.0,-0.04,122.0,0.0,19.9,1709.9,1886.46,10.0,2.0,2.5,NR5G-SA,n79,-89,-89,-10,22,-69,5.6,C3228E004,569
2026-06-10 16:05:22.710,2026-06-10 16:07:18.873,22.6674920,114.5156494,200.0,15.0,-0.04,122.1,0.0,19.0,1712.1,1890.21,10.0,2.0,2.5,NR5G-SA,n79,-89,-89,-10,22,-69,8.9,C3228E004,569
2026-06-10 16:05:22.910,2026-06-10 16:07:19.073,22.6674920,114.5156494,200.0,15.0,-0.06,122.1,0.0,19.0,1712.1,1890.21,10.0,2.0,2.5,NR5G-SA,n79,-89,-89,-10,22,-69,6.4,C3228E004,569
2026-06-10 16:05:23.110,2026-06-10 16:07:19.473,22.6674743,114.5156804,200.0,15.1,-0.03,122.2,0.0,19.0,1714.2,1893.96,10.0,2.0,2.5,NR5G-SA,n79,-89,-89,-10,21,-69,7.4,C3228E004,569
2026-06-10 16:05:23.311,2026-06-10 16:07:19.673,22.6674566,114.5157116,200.0,15.0,0.04,122.2,0.0,19.0,1716.4,1897.72,10.0,2.0,2.5,NR5G-SA,n79,-89,-89,-10,21,-69,6.4,C3228E004,569
2026-06-10 16:05:23.511,2026-06-10 16:07:19.873,22.6674389,114.5157429,200.0,14.9,0.05,122.2,0.0,19.0,1718.5,1901.49,10.0,2.0,2.5,NR5G-SA,n79,-89,-89,-10,20,-69,7.9,C3228E004,569
2026-06-10 16:05:23.712,2026-06-10 16:07:19.873,22.6674212,114.5157740,200.0,15.0,-0.00,122.2,0.0,17.7,1720.7,1905.24,10.0,2.0,2.5,NR5G-SA,n79,-89,-89,-10,20,-69,11.8,C3228E004,569
2026-06-10 16:05:23.912,2026-06-10 16:07:20.073,22.6674212,114.5157740,200.0,15.0,-0.00,122.2,0.0,17.7,1720.7,1905.24,10.0,2.0,2.5,NR5G-SA,n79,-89,-89,-10,20,-69,6.1,C3228E004,569
2026-06-10 16:05:24.112,2026-06-10 16:07:20.473,22.6674036,114.5158050,200.0,15.0,-0.04,122.3,0.0,17.7,1722.9,1908.98,10.0,2.0,2.5,NR5G-SA,n79,-89,-89,-10,19,-69,5.8,C3228E004,569
2026-06-10 16:05:24.313,2026-06-10 16:07:20.673,22.6673860,114.5158361,200.0,14.9,-0.01,122.2,0.0,17.7,1725.0,1912.73,10.0,2.0,2.5,NR5G-SA,n79,-89,-89,-10,19,-69,5.7,C3228E004,569
2026-06-10 16:05:24.513,2026-06-10 16:07:20.873,22.6673684,114.5158671,200.0,15.0,-0.02,122.0,0.0,17.7,1727.2,1916.47,10.0,2.0,2.5,NR5G-SA,n79,-89,-89,-10,19,-69,5.8,C3228E004,569
2026-06-10 16:05:24.713,2026-06-10 16:07:20.873,22.6673508,114.5158981,200.0,14.9,-0.03,122.0,0.0,17.5,1729.4,1920.21,10.0,2.0,2.5,NR5G-SA,n79,-91,-91,-10,16,-71,13.6,C3228E004,569
2026-06-10 16:05:24.913,2026-06-10 16:07:21.073,22.6673508,114.5158981,200.0,14.9,-0.03,122.0,0.0,17.5,1729.4,1920.21,10.0,2.0,2.5,NR5G-SA,n79,-91,-91,-10,16,-71,7.7,C3228E004,569
2026-06-10 16:05:25.114,2026-06-10 16:07:21.473,22.6673332,114.5159292,200.0,15.0,-0.06,122.0,0.0,17.5,1731.6,1923.95,10.0,2.0,2.5,NR5G-SA,n79,-91,-91,-10,16,-71,7.7,C3228E004,569
2026-06-10 16:05:25.314,2026-06-10 16:07:21.673,22.6673156,114.5159603,200.0,15.0,-0.06,122.0,0.0,17.5,1733.8,1927.70,10.0,2.0,2.5,NR5G-SA,n79,-90,-90,-10,15,-70,5.4,C3228E004,569
2026-06-10 16:05:25.514,2026-06-10 16:07:21.873,22.6672979,114.5159913,200.0,15.0,-0.02,122.0,0.0,17.5,1736.0,1931.45,10.0,2.0,2.5,NR5G-SA,n79,-90,-90,-10,15,-70,7.2,C3228E004,569
2026-06-10 16:05:25.714,2026-06-10 16:07:21.873,22.6672802,114.5160223,200.0,15.0,-0.03,122.1,0.0,17.4,1738.2,1935.19,10.0,2.0,2.5,NR5G-SA,n79,-92,-92,-10,15,-72,10.2,C3228E004,569
2026-06-10 16:05:25.915,2026-06-10 16:07:22.073,22.6672802,114.5160223,200.0,15.0,-0.03,122.1,0.0,17.4,1738.2,1935.19,10.0,2.0,2.5,NR5G-SA,n79,-92,-92,-10,15,-72,7.6,C3228E004,569
2026-06-10 16:05:26.115,2026-06-10 16:07:22.473,22.6672625,114.5160534,200.0,15.0,-0.00,122.1,0.0,17.4,1740.4,1938.94,10.0,2.0,2.5,NR5G-SA,n79,-92,-92,-10,15,-72,9.7,C3228E004,569
2026-06-10 16:05:26.315,2026-06-10 16:07:22.673,22.6672448,114.5160844,200.0,15.0,0.01,122.1,0.0,17.4,1742.6,1942.69,10.0,2.0,2.5,NR5G-SA,n79,-90,-90,-10,13,-70,6.5,C3228E004,569
2026-06-10 16:05:26.516,2026-06-10 16:07:22.873,22.6672272,114.5161154,200.0,15.0,0.01,122.1,0.0,17.4,1744.8,1946.43,10.0,2.0,2.5,NR5G-SA,n79,-90,-90,-10,13,-70,6.1,C3228E004,569
2026-06-10 16:05:26.716,2026-06-10 16:07:22.873,22.6672095,114.5161462,200.0,15.0,0.03,122.2,0.0,17.4,1747.0,1950.16,10.0,2.0,2.5,NR5G-SA,n79,-90,-90,-10,13,-70,9.2,C3228E004,569
2026-06-10 16:05:26.916,2026-06-10 16:07:23.073,22.6672095,114.5161462,200.0,15.0,0.03,122.2,0.0,17.9,1747.0,1950.16,10.0,2.0,2.5,NR5G-SA,n79,-91,-91,-10,13,-71,6.8,C3228E004,569
2026-06-10 16:05:27.116,2026-06-10 16:07:23.473,22.6671917,114.5161771,200.0,15.0,0.02,122.2,0.0,17.9,1749.2,1953.90,10.0,2.0,2.5,NR5G-SA,n79,-91,-91,-10,13,-71,10.4,C3228E004,569
2026-06-10 16:05:27.317,2026-06-10 16:07:23.673,22.6671740,114.5162081,200.0,15.0,-0.03,122.1,0.0,17.9,1751.4,1957.64,10.0,2.0,2.5,NR5G-SA,n79,-91,-91,-10,13,-71,7.0,C3228E004,569
2026-06-10 16:05:27.517,2026-06-10 16:07:23.873,22.6671563,114.5162393,200.0,15.0,0.02,122.0,0.0,17.9,1753.7,1961.40,10.0,2.0,2.5,NR5G-SA,n79,-91,-91,-10,13,-71,6.4,C3228E004,569
2026-06-10 16:05:27.717,2026-06-10 16:07:23.873,22.6671386,114.5162706,200.0,15.0,0.00,121.8,0.0,17.9,1756.0,1965.17,10.0,2.0,2.5,NR5G-SA,n79,-91,-91,-10,13,-71,11.7,C3228E004,569
2026-06-10 16:05:27.918,2026-06-10 16:07:24.073,22.6671386,114.5162706,200.0,15.0,0.00,121.8,0.0,18.0,1756.0,1965.17,10.0,2.0,2.5,NR5G-SA,n79,-92,-92,-10,12,-72,10.7,C3228E004,569
2026-06-10 16:05:28.118,2026-06-10 16:07:24.473,22.6671208,114.5163018,200.0,15.0,0.02,121.8,0.0,18.0,1758.2,1968.94,10.0,2.0,2.5,NR5G-SA,n79,-92,-92,-10,12,-72,9.8,C3228E004,569
2026-06-10 16:05:28.318,2026-06-10 16:07:24.673,22.6671032,114.5163330,200.0,15.0,-0.04,121.8,0.0,18.0,1760.5,1972.70,10.0,2.0,2.5,NR5G-SA,n79,-92,-92,-10,12,-72,7.9,C3228E004,569
2026-06-10 16:05:28.519,2026-06-10 16:07:24.873,22.6670855,114.5163642,200.0,15.0,0.06,121.7,0.0,18.0,1762.8,1976.46,10.0,2.0,2.5,NR5G-SA,n79,-91,-91,-10,13,-71,6.3,C3228E004,569
2026-06-10 16:05:28.719,2026-06-10 16:07:24.873,22.6670679,114.5163953,200.0,15.0,0.00,121.5,0.0,18.0,1765.0,1980.21,10.0,2.0,2.5,NR5G-SA,n79,-91,-91,-10,13,-71,8.6,C3228E004,569
2026-06-10 16:05:28.919,2026-06-10 16:07:25.073,22.6670679,114.5163953,200.0,15.0,0.00,121.5,0.0,18.3,1765.0,1980.21,10.0,2.0,2.5,NR5G-SA,n79,-91,-91,-10,13,-71,10.0,C3228E004,569
2026-06-10 16:05:29.120,2026-06-10 16:07:25.473,22.6670502,114.5164265,200.0,15.0,-0.00,121.4,0.0,18.3,1767.3,1983.97,10.0,2.0,2.5,NR5G-SA,n79,-94,-94,-10,13,-74,10.9,C3228E004,569
2026-06-10 16:05:29.320,2026-06-10 16:07:25.673,22.6670325,114.5164576,200.0,15.0,-0.02,121.4,0.0,18.3,1769.6,1987.72,10.0,2.0,2.5,NR5G-SA,n79,-94,-94,-10,13,-74,8.6,C3228E004,569
2026-06-10 16:05:29.521,2026-06-10 16:07:25.873,22.6670148,114.5164888,200.0,15.1,-0.03,121.5,0.0,18.3,1771.9,1991.49,10.0,2.0,2.5,NR5G-SA,n79,-94,-94,-10,13,-74,6.1,C3228E004,569
2026-06-10 16:05:29.721,2026-06-10 16:07:25.873,22.6669971,114.5165200,200.0,15.0,0.02,121.4,0.0,18.3,1774.2,1995.25,10.0,2.0,2.5,NR5G-SA,n79,-94,-94,-10,13,-74,9.4,C3228E004,569
2026-06-10 16:05:29.921,2026-06-10 16:07:26.073,22.6669971,114.5165200,200.0,15.0,0.02,121.4,0.0,18.5,1774.2,1995.25,10.0,2.0,2.5,NR5G-SA,n79,-94,-94,-10,13,-74,11.3,C3228E004,569
2026-06-10 16:05:30.121,2026-06-10 16:07:26.473,22.6669794,114.5165511,200.0,15.0,0.01,121.4,0.0,18.5,1776.5,1999.00,10.0,2.0,2.5,NR5G-SA,n79,-94,-94,-10,12,-74,11.2,C3228E004,569
2026-06-10 16:05:30.322,2026-06-10 16:07:26.673,22.6669618,114.5165821,200.0,15.0,-0.01,121.3,0.0,18.5,1778.8,2002.74,10.0,2.0,2.5,NR5G-SA,n79,-94,-94,-10,12,-74,7.3,C3228E004,569
2026-06-10 16:05:30.522,2026-06-10 16:07:26.873,22.6669442,114.5166131,200.0,15.0,-0.05,121.2,0.0,18.5,1781.1,2006.48,10.0,2.0,2.5,NR5G-SA,n79,-94,-94,-10,12,-74,5.3,C3228E004,569
2026-06-10 16:05:30.722,2026-06-10 16:07:26.873,22.6669266,114.5166441,200.0,15.0,-0.08,121.3,0.0,18.5,1783.4,2010.22,10.0,2.0,2.5,NR5G-SA,n79,-95,-95,-10,21,-75,8.6,C3228E004,569
2026-06-10 16:05:30.923,2026-06-10 16:07:27.073,22.6669266,114.5166441,200.0,15.0,-0.08,121.3,0.0,17.9,1783.4,2010.22,10.0,2.0,2.5,NR5G-SA,n79,-95,-95,-10,21,-75,10.5,C3228E004,569
2026-06-10 16:05:31.123,2026-06-10 16:07:27.473,22.6669089,114.5166752,200.0,14.9,-0.01,121.3,0.0,17.9,1785.7,2013.97,10.0,2.0,2.5,NR5G-SA,n79,-95,-95,-10,21,-75,6.4,C3228E004,569
2026-06-10 16:05:31.323,2026-06-10 16:07:27.673,22.6668912,114.5167062,200.0,15.0,-0.04,121.4,0.0,17.9,1788.0,2017.72,10.0,2.0,2.5,NR5G-SA,n79,-93,-93,-10,19,-73,7.4,C3228E004,569
2026-06-10 16:05:31.524,2026-06-10 16:07:27.873,22.6668735,114.5167372,200.0,14.9,-0.03,121.6,0.0,17.9,1790.3,2021.46,10.0,2.0,2.5,NR5G-SA,n79,-93,-93,-10,19,-73,5.1,C3228E004,569
2026-06-10 16:05:31.724,2026-06-10 16:07:27.873,22.6668558,114.5167682,200.0,14.9,-0.03,121.8,0.0,17.9,1792.6,2025.21,10.0,2.0,2.5,NR5G-SA,n79,-93,-93,-10,19,-73,11.8,C3228E004,569
2026-06-10 16:05:31.924,2026-06-10 16:07:28.073,22.6668558,114.5167682,200.0,14.9,-0.03,121.8,0.0,17.4,1792.6,2025.21,10.0,2.0,2.5,NR5G-SA,n79,-93,-93,-10,19,-73,11.6,C3228E004,569
2026-06-10 16:05:32.125,2026-06-10 16:07:28.473,22.6668381,114.5167992,200.0,15.0,-0.06,122.0,0.0,17.4,1794.9,2028.95,10.0,2.0,2.5,NR5G-SA,n79,-93,-93,-10,19,-73,6.9,C3228E004,569
2026-06-10 16:05:32.325,2026-06-10 16:07:28.673,22.6668205,114.5168302,200.0,14.9,0.02,122.0,0.0,17.4,1797.3,2032.69,10.0,2.0,2.5,NR5G-SA,n79,-93,-93,-10,20,-73,8.2,C3228E004,569
2026-06-10 16:05:32.525,2026-06-10 16:07:28.873,22.6668028,114.5168613,200.0,15.0,-0.02,121.9,0.0,17.4,1799.6,2036.44,10.0,2.0,2.5,NR5G-SA,n79,-93,-93,-10,20,-73,5.7,C3228E004,569
2026-06-10 16:05:32.726,2026-06-10 16:07:28.873,22.6667851,114.5168924,200.0,15.0,-0.02,122.0,0.0,17.4,1802.0,2040.20,10.0,2.0,2.5,NR5G-SA,n79,-93,-93,-10,20,-73,8.9,C3228E004,569
2026-06-10 16:05:32.926,2026-06-10 16:07:29.073,22.6667851,114.5168924,200.0,15.0,-0.02,122.0,0.0,18.9,1802.0,2040.20,10.0,2.0,2.5,NR5G-SA,n79,-93,-93,-10,20,-73,10.6,C3228E004,569
2026-06-10 16:05:33.126,2026-06-10 16:07:29.473,22.6667674,114.5169235,200.0,15.0,-0.01,121.9,0.0,18.9,1804.3,2043.95,10.0,2.0,2.5,NR5G-SA,n79,-93,-93,-10,20,-73,6.1,C3228E004,569
2026-06-10 16:05:33.327,2026-06-10 16:07:29.673,22.6667498,114.5169546,200.0,15.0,-0.05,121.8,0.0,18.9,1806.7,2047.70,10.0,2.0,2.5,NR5G-SA,n79,-93,-93,-10,20,-73,9.6,C3228E004,569
2026-06-10 16:05:33.527,2026-06-10 16:07:29.873,22.6667322,114.5169856,200.0,15.0,-0.01,121.8,0.0,18.9,1809.0,2051.44,10.0,2.0,2.5,NR5G-SA,n79,-93,-93,-10,20,-73,5.7,C3228E004,569
2026-06-10 16:05:33.728,2026-06-10 16:07:29.873,22.6667145,114.5170167,200.0,15.0,-0.06,121.8,0.0,18.9,1811.4,2055.19,10.0,2.0,2.5,NR5G-SA,n79,-93,-93,-10,20,-73,10.4,C3228E004,569
2026-06-10 16:05:33.928,2026-06-10 16:07:30.073,22.6667145,114.5170167,200.0,15.0,-0.06,121.8,0.0,18.8,1811.4,2055.19,10.0,2.0,2.5,NR5G-SA,n79,-93,-93,-10,20,-73,11.3,C3228E004,569
2026-06-10 16:05:34.128,2026-06-10 16:07:30.473,22.6666969,114.5170477,200.0,15.0,-0.02,121.9,0.0,18.8,1813.8,2058.93,10.0,2.0,2.5,NR5G-SA,n79,-93,-93,-10,20,-73,5.9,C3228E004,569
2026-06-10 16:05:34.328,2026-06-10 16:07:30.673,22.6666793,114.5170788,200.0,15.0,-0.03,121.8,0.0,18.8,1816.1,2062.68,10.0,2.0,2.5,NR5G-SA,n79,-93,-93,-10,20,-73,7.3,C3228E004,569
2026-06-10 16:05:34.529,2026-06-10 16:07:30.873,22.6666617,114.5171098,200.0,15.0,0.00,121.7,0.0,18.8,1818.5,2066.41,10.0,2.0,2.5,NR5G-SA,n79,-93,-93,-10,20,-73,6.5,C3228E004,569
2026-06-10 16:05:34.729,2026-06-10 16:07:30.873,22.6666440,114.5171408,200.0,15.0,-0.00,121.7,0.0,18.8,1820.9,2070.16,10.0,2.0,2.5,NR5G-SA,n79,-93,-93,-10,21,-73,10.9,C3228E004,569
2026-06-10 16:05:34.929,2026-06-10 16:07:31.074,22.6666440,114.5171408,200.0,15.0,-0.00,121.7,0.0,20.3,1820.9,2070.16,10.0,2.0,2.5,NR5G-SA,n79,-93,-93,-10,21,-73,10.6,C3228E004,569
2026-06-10 16:05:35.129,2026-06-10 16:07:31.474,22.6666264,114.5171718,200.0,15.0,-0.04,121.9,0.0,20.3,1823.3,2073.90,10.0,2.0,2.5,NR5G-SA,n79,-93,-93,-10,19,-73,11.4,C3228E004,569
2026-06-10 16:05:35.330,2026-06-10 16:07:31.674,22.6666087,114.5172029,200.0,15.1,-0.03,122.0,0.0,20.3,1825.7,2077.65,10.0,2.0,2.5,NR5G-SA,n79,-93,-93,-10,19,-73,8.1,C3228E004,569
2026-06-10 16:05:35.530,2026-06-10 16:07:31.874,22.6665909,114.5172340,200.0,15.0,-0.07,122.2,0.0,20.3,1828.1,2081.41,10.0,2.0,2.5,NR5G-SA,n79,-93,-93,-10,19,-73,5.7,C3228E004,569
2026-06-10 16:05:35.730,2026-06-10 16:07:31.874,22.6665731,114.5172651,200.0,15.0,0.00,122.3,0.0,20.3,1830.5,2085.17,10.0,2.0,2.5,NR5G-SA,n79,-93,-93,-10,20,-73,8.8,C3228E004,569
2026-06-10 16:05:35.930,2026-06-10 16:07:32.074,22.6665731,114.5172651,200.0,15.0,0.00,122.3,0.0,20.3,1830.5,2085.17,10.0,2.0,2.5,NR5G-SA,n79,-93,-93,-10,20,-73,11.1,C3228E004,569
2026-06-10 16:05:36.131,2026-06-10 16:07:32.474,22.6665554,114.5172961,200.0,15.0,-0.02,122.5,0.0,20.3,1832.8,2088.91,10.0,2.0,2.5,NR5G-SA,n79,-93,-93,-10,20,-73,5.9,C3228E004,569
2026-06-10 16:05:36.331,2026-06-10 16:07:32.674,22.6665377,114.5173270,200.0,15.0,-0.06,122.4,0.0,20.3,1835.2,2092.65,10.0,2.0,2.5,NR5G-SA,n79,-93,-93,-10,20,-73,6.9,C3228E004,569
2026-06-10 16:05:36.532,2026-06-10 16:07:32.874,22.6665200,114.5173582,200.0,15.0,-0.00,122.4,0.0,20.3,1837.7,2096.41,10.0,2.0,2.5,NR5G-SA,n79,-93,-93,-10,20,-73,5.3,C3228E004,569
2026-06-10 16:05:36.732,2026-06-10 16:07:32.874,22.6665023,114.5173895,200.0,15.0,0.01,122.3,0.0,20.3,1840.1,2100.18,10.0,2.0,2.5,NR5G-SA,n79,-93,-93,-10,20,-73,8.7,C3228E004,569
2026-06-10 16:05:36.932,2026-06-10 16:07:33.074,22.6665023,114.5173895,200.0,15.0,0.01,122.3,0.0,20.3,1840.1,2100.18,10.0,2.0,2.5,NR5G-SA,n79,-93,-93,-10,20,-73,11.2,C3228E004,569
2026-06-10 16:05:37.133,2026-06-10 16:07:33.474,22.6664847,114.5174207,200.0,15.0,0.01,122.2,100.0,20.8,1842.5,2103.94,10.0,2.0,2.5,NR5G-SA,n79,-93,-93,-10,20,-73,11.1,C3228E004,569
2026-06-10 16:05:37.333,2026-06-10 16:07:33.674,22.6664671,114.5174519,200.0,15.1,0.05,122.1,100.0,20.8,1845.0,2107.70,10.0,2.0,2.5,NR5G-SA,n79,-93,-93,-10,19,-73,7.0,C3228E004,569
2026-06-10 16:05:37.533,2026-06-10 16:07:33.874,22.6664494,114.5174830,200.0,15.0,-0.00,122.2,100.0,20.8,1847.4,2111.45,10.0,2.0,2.5,NR5G-SA,n79,-93,-93,-10,19,-73,5.7,C3228E004,569
2026-06-10 16:05:37.733,2026-06-10 16:07:33.874,22.6664317,114.5175141,200.0,15.0,-0.00,122.3,100.0,20.8,1849.9,2115.20,10.0,2.0,2.5,NR5G-SA,n79,-93,-93,-10,19,-73,8.3,C3228E004,569
2026-06-10 16:05:37.934,2026-06-10 16:07:34.074,22.6664317,114.5175141,200.0,15.0,-0.00,122.3,100.0,20.8,1849.9,2115.20,10.0,2.0,2.5,NR5G-SA,n79,-93,-93,-10,21,-73,10.6,C3228E004,569
2026-06-10 16:05:38.134,2026-06-10 16:07:34.474,22.6664139,114.5175452,200.0,15.0,-0.04,122.2,0.0,21.7,1852.3,2118.96,10.0,2.0,2.5,NR5G-SA,n79,-93,-93,-10,21,-73,6.5,C3228E004,569
2026-06-10 16:05:38.334,2026-06-10 16:07:34.674,22.6663963,114.5175764,200.0,15.0,-0.01,122.0,0.0,21.7,1854.8,2122.72,10.0,2.0,2.5,NR5G-SA,n79,-93,-93,-10,21,-73,8.0,C3228E004,569
2026-06-10 16:05:38.535,2026-06-10 16:07:34.874,22.6663786,114.5176076,200.0,15.0,0.04,121.8,0.0,21.7,1857.2,2126.48,10.0,2.0,2.5,NR5G-SA,n79,-93,-93,-10,21,-73,5.3,C3228E004,569
2026-06-10 16:05:38.735,2026-06-10 16:07:34.874,22.6663610,114.5176387,200.0,15.0,0.02,121.6,0.0,21.7,1859.7,2130.23,10.0,2.0,2.5,NR5G-SA,n79,-93,-93,-10,21,-73,8.9,C3228E004,569
2026-06-10 16:05:38.935,2026-06-10 16:07:35.074,22.6663610,114.5176387,200.0,15.0,0.02,121.6,0.0,21.7,1859.7,2130.23,10.0,2.0,2.5,NR5G-SA,n79,-93,-93,-10,21,-73,10.2,C3228E004,569
2026-06-10 16:05:39.136,2026-06-10 16:07:35.474,22.6663434,114.5176697,200.0,15.0,0.02,121.5,0.0,22.8,1862.1,2133.97,10.0,2.0,2.5,NR5G-SA,n79,-92,-92,-10,16,-72,10.0,C3228E004,569
2026-06-10 16:05:39.336,2026-06-10 16:07:35.674,22.6663258,114.5177007,200.0,14.9,-0.00,121.3,0.0,22.8,1864.6,2137.71,10.0,2.0,2.5,NR5G-SA,n79,-92,-92,-10,16,-72,5.1,C3228E004,569
2026-06-10 16:05:39.536,2026-06-10 16:07:35.874,22.6663082,114.5177316,200.0,15.0,-0.01,121.3,0.0,22.8,1867.0,2141.44,10.0,2.0,2.5,NR5G-SA,n79,-92,-92,-10,16,-72,5.4,C3228E004,569
2026-06-10 16:05:39.737,2026-06-10 16:07:35.874,22.6662905,114.5177626,200.0,15.0,0.01,121.3,0.0,22.8,1869.5,2145.18,10.0,2.0,2.5,NR5G-SA,n79,-92,-92,-10,16,-72,8.6,C3228E004,569
2026-06-10 16:05:39.937,2026-06-10 16:07:36.074,22.6662905,114.5177626,200.0,15.0,0.01,121.3,0.0,22.8,1869.5,2145.18,10.0,2.0,2.5,NR5G-SA,n79,-92,-92,-10,16,-72,11.1,C3228E004,569
2026-06-10 16:05:40.138,2026-06-10 16:07:36.474,22.6662727,114.5177938,200.0,15.0,0.03,121.2,0.0,24.7,1872.0,2148.95,10.0,2.0,2.5,NR5G-SA,n79,-92,-92,-10,16,-72,9.7,C3228E004,569
2026-06-10 16:05:40.338,2026-06-10 16:07:36.674,22.6662550,114.5178250,200.0,15.0,-0.04,121.2,0.0,24.7,1874.5,2152.71,10.0,2.0,2.5,NR5G-SA,n79,-92,-92,-10,16,-72,6.2,C3228E004,569
2026-06-10 16:05:40.538,2026-06-10 16:07:36.874,22.6662373,114.5178562,200.0,15.0,-0.02,121.2,0.0,24.7,1877.0,2156.47,10.0,2.0,2.5,NR5G-SA,n79,-92,-92,-10,16,-72,5.3,C3228E004,569
2026-06-10 16:05:40.739,2026-06-10 16:07:36.874,22.6662196,114.5178873,200.0,15.0,-0.01,121.1,0.0,24.7,1879.5,2160.23,10.0,2.0,2.5,NR5G-SA,n79,-92,-92,-10,17,-72,7.0,C3228E004,569
2026-06-10 16:05:40.939,2026-06-10 16:07:37.074,22.6662196,114.5178873,200.0,15.0,-0.01,121.1,0.0,24.7,1879.5,2160.23,10.0,2.0,2.5,NR5G-SA,n79,-92,-92,-10,17,-72,15.6,C3228E004,569
2026-06-10 16:05:41.139,2026-06-10 16:07:37.474,22.6662019,114.5179183,200.0,15.0,-0.00,121.2,0.0,26.8,1881.9,2163.97,10.0,2.0,2.5,NR5G-SA,n79,-92,-92,-10,17,-72,10.1,C3228E004,569
2026-06-10 16:05:41.340,2026-06-10 16:07:37.674,22.6661841,114.5179493,200.0,14.9,-0.02,121.2,0.0,26.8,1884.4,2167.72,10.0,2.0,2.5,NR5G-SA,n79,-92,-92,-10,15,-72,5.6,C3228E004,569
2026-06-10 16:05:41.540,2026-06-10 16:07:37.874,22.6661664,114.5179803,200.0,15.0,-0.02,121.2,0.0,26.8,1886.9,2171.47,10.0,2.0,2.5,NR5G-SA,n79,-92,-92,-10,15,-72,5.3,C3228E004,569
2026-06-10 16:05:41.741,2026-06-10 16:07:37.874,22.6661487,114.5180114,200.0,14.9,-0.02,121.0,0.0,26.8,1889.4,2175.22,10.0,2.0,2.5,NR5G-SA,n79,-93,-93,-10,15,-73,9.4,C3228E004,569
2026-06-10 16:05:41.941,2026-06-10 16:07:38.074,22.6661487,114.5180114,200.0,14.9,-0.02,121.0,0.0,26.8,1889.4,2175.22,10.0,2.0,2.5,NR5G-SA,n79,-93,-93,-10,15,-73,16.6,C3228E004,569
2026-06-10 16:05:42.141,2026-06-10 16:07:38.474,22.6661311,114.5180424,200.0,15.0,-0.00,121.0,0.0,26.7,1891.9,2178.96,10.0,2.0,2.5,NR5G-SA,n79,-93,-93,-10,15,-73,9.6,C3228E004,569
2026-06-10 16:05:42.342,2026-06-10 16:07:38.674,22.6661134,114.5180734,200.0,15.0,-0.01,121.0,0.0,26.7,1894.4,2182.70,10.0,2.0,2.5,NR5G-SA,n79,-93,-93,-10,15,-73,6.2,C3228E004,569
2026-06-10 16:05:42.542,2026-06-10 16:07:38.874,22.6660957,114.5181045,200.0,14.9,0.06,120.9,0.0,26.7,1897.0,2186.46,10.0,2.0,2.5,NR5G-SA,n79,-93,-93,-10,15,-73,5.7,C3228E004,569
2026-06-10 16:05:42.743,2026-06-10 16:07:38.874,22.6660780,114.5181356,200.0,14.9,0.01,120.8,0.0,26.7,1899.5,2190.21,10.0,2.0,2.5,NR5G-SA,n79,-93,-93,-10,15,-73,9.7,C3228E004,569
2026-06-10 16:05:42.943,2026-06-10 16:07:39.074,22.6660780,114.5181356,200.0,14.9,0.01,120.8,0.0,26.7,1899.5,2190.21,10.0,2.0,2.5,NR5G-SA,n79,-94,-94,-10,13,-74,16.2,C3228E004,569
2026-06-10 16:05:43.143,2026-06-10 16:07:39.474,22.6660603,114.5181667,200.0,15.0,-0.05,120.8,0.0,24.9,1902.0,2193.96,10.0,2.0,2.5,NR5G-SA,n79,-94,-94,-10,13,-74,11.0,C3228E004,569
2026-06-10 16:05:43.343,2026-06-10 16:07:39.674,22.6660426,114.5181977,200.0,14.9,-0.04,120.9,0.0,24.9,1904.5,2197.71,10.0,2.0,2.5,NR5G-SA,n79,-94,-94,-10,13,-74,7.1,C3228E004,569
2026-06-10 16:05:43.544,2026-06-10 16:07:39.874,22.6660249,114.5182288,200.0,14.9,-0.01,121.0,0.0,24.9,1907.1,2201.46,10.0,2.0,2.5,NR5G-SA,n79,-94,-94,-10,12,-74,5.0,C3228E004,569
2026-06-10 16:05:43.744,2026-06-10 16:07:39.874,22.6660074,114.5182598,200.0,15.0,0.01,120.9,0.0,24.9,1909.6,2205.19,10.0,2.0,2.5,NR5G-SA,n79,-94,-94,-10,12,-74,9.3,C3228E004,569
2026-06-10 16:05:43.945,2026-06-10 16:07:40.074,22.6660074,114.5182598,200.0,15.0,0.01,120.9,0.0,24.9,1909.6,2205.19,10.0,2.0,2.5,NR5G-SA,n79,-94,-94,-10,14,-74,16.1,C3228E004,569
2026-06-10 16:05:44.145,2026-06-10 16:07:40.474,22.6659898,114.5182908,200.0,15.0,-0.02,120.8,0.0,24.9,1912.1,2208.93,10.0,2.0,2.5,NR5G-SA,n79,-94,-94,-10,14,-74,11.8,C3228E004,569
2026-06-10 16:05:44.345,2026-06-10 16:07:40.674,22.6659722,114.5183219,200.0,15.0,-0.03,120.8,0.0,23.8,1914.7,2212.68,10.0,2.0,2.5,NR5G-SA,n79,-94,-94,-10,14,-74,7.4,C3228E004,569
2026-06-10 16:05:44.546,2026-06-10 16:07:40.874,22.6659546,114.5183530,200.0,15.0,-0.02,120.8,0.0,23.8,1917.2,2216.43,10.0,2.0,2.5,NR5G-SA,n79,-94,-94,-10,15,-74,6.3,C3228E004,569
2026-06-10 16:05:44.746,2026-06-10 16:07:40.874,22.6659369,114.5183842,200.0,15.0,0.01,120.8,0.0,23.8,1919.8,2220.19,10.0,2.0,2.5,NR5G-SA,n79,-94,-94,-10,15,-74,6.2,C3228E004,569
2026-06-10 16:05:44.947,2026-06-10 16:07:41.074,22.6659369,114.5183842,200.0,15.0,0.01,120.8,0.0,23.8,1919.8,2220.19,10.0,2.0,2.5,NR5G-SA,n79,-94,-94,-10,15,-74,13.8,C3228E004,569
2026-06-10 16:05:45.147,2026-06-10 16:07:41.474,22.6659192,114.5184153,200.0,15.0,0.03,120.8,0.0,23.8,1922.4,2223.94,10.0,2.0,2.5,NR5G-SA,n79,-95,-95,-10,21,-75,9.5,C3228E004,569
2026-06-10 16:05:45.347,2026-06-10 16:07:41.674,22.6659015,114.5184463,200.0,14.9,0.06,120.8,0.0,20.8,1924.9,2227.69,10.0,2.0,2.5,NR5G-SA,n79,-95,-95,-10,21,-75,7.6,C3228E004,569
2026-06-10 16:05:45.548,2026-06-10 16:07:41.874,22.6658838,114.5184773,200.0,14.9,0.05,120.9,0.0,20.8,1927.5,2231.43,10.0,2.0,2.5,NR5G-SA,n79,-95,-95,-10,21,-75,7.5,C3228E004,569
2026-06-10 16:05:45.748,2026-06-10 16:07:41.874,22.6658662,114.5185082,200.0,15.0,-0.03,121.1,0.0,20.8,1930.0,2235.16,10.0,2.0,2.5,NR5G-SA,n79,-95,-95,-10,21,-75,7.3,C3228E004,569
2026-06-10 16:05:45.948,2026-06-10 16:07:42.074,22.6658662,114.5185082,200.0,15.0,-0.03,121.1,0.0,20.8,1930.0,2235.16,10.0,2.0,2.5,NR5G-SA,n79,-95,-95,-10,21,-75,13.7,C3228E004,569
2026-06-10 16:05:46.148,2026-06-10 16:07:42.474,22.6658484,114.5185392,200.0,15.0,-0.03,121.1,0.0,20.8,1932.6,2238.91,10.0,2.0,2.5,NR5G-SA,n79,-94,-94,-10,20,-74,11.1,C3228E004,569
2026-06-10 16:05:46.349,2026-06-10 16:07:42.674,22.6658306,114.5185702,200.0,15.0,0.01,121.2,0.0,19.6,1935.1,2242.66,10.0,2.0,2.5,NR5G-SA,n79,-94,-94,-10,20,-74,8.3,C3228E004,569
2026-06-10 16:05:46.549,2026-06-10 16:07:42.874,22.6658128,114.5186013,200.0,15.0,0.02,121.1,0.0,19.6,1937.7,2246.42,10.0,2.0,2.5,NR5G-SA,n79,-94,-94,-10,20,-74,4.9,C3228E004,569
2026-06-10 16:05:46.749,2026-06-10 16:07:42.874,22.6657951,114.5186324,200.0,15.0,-0.01,121.2,0.0,19.6,1940.3,2250.18,10.0,2.0,2.5,NR5G-SA,n79,-95,-95,-10,19,-75,7.6,C3228E004,569
2026-06-10 16:05:46.950,2026-06-10 16:07:43.074,22.6657951,114.5186324,200.0,15.0,-0.01,121.2,0.0,19.6,1940.3,2250.18,10.0,2.0,2.5,NR5G-SA,n79,-95,-95,-10,19,-75,11.0,C3228E004,569
2026-06-10 16:05:47.150,2026-06-10 16:07:43.474,22.6657775,114.5186635,200.0,15.0,0.02,121.2,0.0,19.6,1942.9,2253.92,10.0,2.0,2.5,NR5G-SA,n79,-95,-95,-10,19,-75,10.4,C3228E004,569
2026-06-10 16:05:47.350,2026-06-10 16:07:43.674,22.6657599,114.5186946,200.0,15.0,-0.00,121.2,0.0,20.0,1945.5,2257.67,10.0,2.0,2.5,NR5G-SA,n79,-95,-95,-10,18,-75,5.8,C3228E004,569
2026-06-10 16:05:47.551,2026-06-10 16:07:43.874,22.6657422,114.5187258,200.0,15.0,0.01,121.2,0.0,20.0,1948.1,2261.43,10.0,2.0,2.5,NR5G-SA,n79,-95,-95,-10,18,-75,5.7,C3228E004,569
2026-06-10 16:05:47.751,2026-06-10 16:07:43.874,22.6657245,114.5187568,200.0,15.0,0.01,121.3,0.0,20.0,1950.7,2265.18,10.0,2.0,2.5,NR5G-SA,n79,-95,-95,-10,18,-75,7.3,C3228E004,569
2026-06-10 16:05:47.951,2026-06-10 16:07:44.074,22.6657069,114.5187878,200.0,15.0,0.01,121.4,0.0,20.0,1953.3,2268.92,10.0,2.0,2.5,NR5G-SA,n79,-94,-94,-10,19,-74,13.8,C3228E004,569
2026-06-10 16:05:48.152,2026-06-10 16:07:44.474,22.6657069,114.5187878,200.0,15.0,-0.03,121.4,0.0,20.0,1953.3,2268.92,10.0,2.0,2.5,NR5G-SA,n79,-94,-94,-10,19,-74,8.9,C3228E004,569
2026-06-10 16:05:48.352,2026-06-10 16:07:44.674,22.6656892,114.5188188,200.0,15.0,-0.00,121.5,0.0,19.6,1955.9,2272.66,10.0,2.0,2.5,NR5G-SA,n79,-94,-94,-10,18,-74,6.1,C3228E004,569
2026-06-10 16:05:48.552,2026-06-10 16:07:44.874,22.6656713,114.5188500,200.0,15.0,-0.02,121.5,0.0,19.6,1958.5,2276.44,10.0,2.0,2.5,NR5G-SA,n79,-94,-94,-10,18,-74,5.3,C3228E004,569
2026-06-10 16:05:48.753,2026-06-10 16:07:44.874,22.6656537,114.5188811,200.0,15.0,0.02,121.6,0.0,19.6,1961.1,2280.18,10.0,2.0,2.5,NR5G-SA,n79,-94,-94,-10,18,-74,8.7,C3228E004,569
2026-06-10 16:05:48.953,2026-06-10 16:07:45.074,22.6656361,114.5189122,200.0,15.0,0.02,121.7,0.0,19.6,1963.7,2283.93,10.0,2.0,2.5,NR5G-SA,n79,-93,-93,-10,18,-73,13.4,C3228E004,569
2026-06-10 16:05:49.153,2026-06-10 16:07:45.474,22.6656361,114.5189122,200.0,15.0,-0.02,121.7,0.0,19.6,1963.7,2283.93,10.0,2.0,2.5,NR5G-SA,n79,-93,-93,-10,18,-73,9.4,C3228E004,569
2026-06-10 16:05:49.353,2026-06-10 16:07:45.674,22.6656184,114.5189432,200.0,15.0,-0.03,121.8,0.0,19.0,1966.4,2287.68,10.0,2.0,2.5,NR5G-SA,n79,-93,-93,-10,18,-73,5.5,C3228E004,569
2026-06-10 16:05:49.554,2026-06-10 16:07:45.874,22.6656007,114.5189742,200.0,14.9,0.03,121.9,0.0,19.0,1969.0,2291.42,10.0,2.0,2.5,NR5G-SA,n79,-93,-93,-10,18,-73,6.1,C3228E004,569
2026-06-10 16:05:49.754,2026-06-10 16:07:46.074,22.6655830,114.5190053,200.0,15.0,0.01,122.0,0.0,19.0,1971.6,2295.17,10.0,2.0,2.5,NR5G-SA,n79,-93,-93,-10,18,-73,8.1,C3228E004,569
2026-06-10 16:05:49.955,2026-06-10 16:07:46.074,22.6655653,114.5190365,200.0,15.0,0.01,122.0,0.0,19.0,1974.3,2298.94,10.0,2.0,2.5,NR5G-SA,n79,-93,-93,-10,18,-73,14.0,C3228E004,569
2026-06-10 16:05:50.155,2026-06-10 16:07:46.474,22.6655653,114.5190365,200.0,15.0,0.04,122.0,0.0,19.0,1974.3,2298.94,10.0,2.0,2.5,NR5G-SA,n79,-94,-94,-10,18,-74,9.1,C3228E004,569
2026-06-10 16:05:50.355,2026-06-10 16:07:46.674,22.6655477,114.5190674,200.0,14.9,0.02,122.0,0.0,19.3,1976.9,2302.67,10.0,2.0,2.5,NR5G-SA,n79,-94,-94,-10,18,-74,6.1,C3228E004,569
2026-06-10 16:05:50.556,2026-06-10 16:07:46.874,22.6655300,114.5190985,200.0,15.0,0.05,122.1,0.0,19.3,1979.5,2306.42,10.0,2.0,2.5,NR5G-SA,n79,-94,-94,-10,18,-74,4.8,C3228E004,569
2026-06-10 16:05:50.756,2026-06-10 16:07:46.874,22.6655123,114.5191296,200.0,15.0,0.00,122.1,0.0,19.3,1982.2,2310.17,10.0,2.0,2.5,NR5G-SA,n79,-95,-95,-10,18,-75,8.4,C3228E004,569
2026-06-10 16:05:50.956,2026-06-10 16:07:47.074,22.6654947,114.5191607,200.0,14.9,0.05,121.9,0.0,19.3,1984.8,2313.92,10.0,2.0,2.5,NR5G-SA,n79,-95,-95,-10,18,-75,8.2,C3228E004,569
2026-06-10 16:05:51.157,2026-06-10 16:07:47.474,22.6654947,114.5191607,200.0,14.9,0.05,121.9,0.0,19.3,1984.8,2313.92,10.0,2.0,2.5,NR5G-SA,n79,-94,-94,-10,19,-74,5.7,C3228E004,569
2026-06-10 16:05:51.357,2026-06-10 16:07:47.674,22.6654770,114.5191916,200.0,14.9,0.01,121.8,0.0,18.7,1987.4,2317.66,10.0,2.0,2.5,NR5G-SA,n79,-94,-94,-10,19,-74,5.9,C3228E004,569
2026-06-10 16:05:51.558,2026-06-10 16:07:47.874,22.6654594,114.5192225,200.0,14.9,0.02,121.7,0.0,18.7,1990.1,2321.39,10.0,2.0,2.5,NR5G-SA,n79,-94,-94,-10,19,-74,5.4,C3228E004,569
2026-06-10 16:05:51.758,2026-06-10 16:07:48.074,22.6654417,114.5192535,200.0,15.0,-0.01,121.8,0.0,18.7,1992.7,2325.13,10.0,2.0,2.5,NR5G-SA,n79,-94,-94,-10,19,-74,7.2,C3228E004,569
2026-06-10 16:05:51.958,2026-06-10 16:07:48.074,22.6654240,114.5192846,200.0,15.0,-0.04,121.8,0.0,18.7,1995.4,2328.89,10.0,2.0,2.5,NR5G-SA,n79,-94,-94,-10,19,-74,12.0,C3228E004,569
2026-06-10 16:05:52.159,2026-06-10 16:07:48.474,22.6654240,114.5192846,200.0,15.0,-0.04,121.8,0.0,18.7,1995.4,2328.89,10.0,2.0,2.5,NR5G-SA,n79,-94,-94,-10,19,-74,11.3,C3228E004,569
2026-06-10 16:05:52.359,2026-06-10 16:07:48.674,22.6654064,114.5193158,200.0,15.0,-0.01,121.9,0.0,18.7,1998.1,2332.64,10.0,2.0,2.5,NR5G-SA,n79,-94,-94,-10,18,-74,6.8,C3228E004,569
2026-06-10 16:05:52.560,2026-06-10 16:07:48.874,22.6653887,114.5193469,200.0,15.0,0.02,122.0,0.0,18.7,2000.7,2336.40,10.0,2.0,2.5,NR5G-SA,n79,-94,-94,-10,18,-74,5.9,C3228E004,569
2026-06-10 16:05:52.760,2026-06-10 16:07:49.074,22.6653710,114.5193781,200.0,15.0,0.04,122.0,0.0,18.7,2003.4,2340.16,10.0,2.0,2.5,NR5G-SA,n79,-94,-94,-10,18,-74,7.3,C3228E004,569
2026-06-10 16:05:52.960,2026-06-10 16:07:49.074,22.6653533,114.5194092,200.0,15.0,0.01,121.9,0.0,18.7,2006.1,2343.91,10.0,2.0,2.5,NR5G-SA,n79,-97,-97,-10,16,-77,11.9,C3228E004,569
2026-06-10 16:05:53.161,2026-06-10 16:07:49.474,22.6653533,114.5194092,200.0,15.0,0.01,121.9,0.0,18.7,2006.1,2343.91,10.0,2.0,2.5,NR5G-SA,n79,-97,-97,-10,16,-77,10.4,C3228E004,569
2026-06-10 16:05:53.361,2026-06-10 16:07:49.674,22.6653354,114.5194402,200.0,14.9,-0.03,121.9,0.0,19.6,2008.8,2347.67,10.0,2.0,2.5,NR5G-SA,n79,-105,-105,-11,18,-85,5.5,C3228E004,569
2026-06-10 16:05:53.561,2026-06-10 16:07:49.874,22.6653177,114.5194712,200.0,15.0,0.06,122.0,0.0,19.6,2011.4,2351.41,10.0,2.0,2.5,NR5G-SA,n79,-105,-105,-11,18,-85,5.5,C3228E004,569
2026-06-10 16:05:53.763,2026-06-10 16:07:50.074,22.6652999,114.5195024,200.0,15.0,0.01,121.8,0.0,19.6,2014.1,2355.18,10.0,2.0,2.5,NR5G-SA,n79,-105,-105,-11,18,-85,6.9,C3228E004,569
2026-06-10 16:05:53.963,2026-06-10 16:07:50.074,22.6652822,114.5195337,200.0,15.0,0.03,121.5,0.0,19.6,2016.8,2358.95,10.0,2.0,2.5,NR5G-SA,n79,-96,-96,-11,18,-76,11.1,C3228E004,569
2026-06-10 16:05:54.164,2026-06-10 16:07:50.474,22.6652822,114.5195337,200.0,15.0,0.03,121.5,0.0,19.6,2016.8,2358.95,10.0,2.0,2.5,NR5G-SA,n79,-96,-96,-11,18,-76,9.7,C3228E004,569
2026-06-10 16:05:54.364,2026-06-10 16:07:50.674,22.6652644,114.5195650,200.0,15.0,-0.01,121.3,0.0,19.6,2019.6,2362.73,10.0,2.0,2.5,NR5G-SA,n79,-96,-96,-11,18,-76,7.7,C3228E004,569
2026-06-10 16:05:54.564,2026-06-10 16:07:50.874,22.6652467,114.5195961,200.0,15.0,-0.04,121.4,0.0,20.9,2022.2,2366.48,10.0,2.0,2.5,NR5G-SA,n79,-97,-97,-11,17,-77,4.8,C3228E004,569
2026-06-10 16:05:54.764,2026-06-10 16:07:51.074,22.6652291,114.5196271,200.0,14.9,0.01,121.5,0.0,20.9,2024.9,2370.22,10.0,2.0,2.5,NR5G-SA,n79,-97,-97,-11,17,-77,8.1,C3228E004,569
2026-06-10 16:05:54.965,2026-06-10 16:07:51.074,22.6652114,114.5196581,200.0,15.0,-0.01,121.5,0.0,20.9,2027.6,2373.96,10.0,2.0,2.5,NR5G-SA,n79,-97,-97,-11,17,-77,12.2,C3228E004,569
2026-06-10 16:05:55.165,2026-06-10 16:07:51.474,22.6652114,114.5196581,200.0,15.0,-0.01,121.5,0.0,20.9,2027.6,2373.96,10.0,2.0,2.5,NR5G-SA,n79,-97,-97,-11,16,-77,11.5,C3228E004,569
2026-06-10 16:05:55.365,2026-06-10 16:07:51.674,22.6651935,114.5196892,200.0,15.0,0.01,121.5,0.0,20.9,2030.3,2377.73,10.0,2.0,2.5,NR5G-SA,n79,-97,-97,-11,16,-77,6.5,C3228E004,569
2026-06-10 16:05:55.566,2026-06-10 16:07:51.874,22.6651758,114.5197203,200.0,14.9,0.03,121.5,0.0,19.5,2033.0,2381.48,10.0,2.0,2.5,NR5G-SA,n79,-96,-96,-11,16,-76,5.3,C3228E004,569
2026-06-10 16:05:55.766,2026-06-10 16:07:52.074,22.6651582,114.5197515,200.0,14.9,-0.01,121.5,0.0,19.5,2035.8,2385.24,10.0,2.0,2.5,NR5G-SA,n79,-96,-96,-11,16,-76,5.9,C3228E004,569
2026-06-10 16:05:55.966,2026-06-10 16:07:52.074,22.6651406,114.5197826,200.0,15.0,0.01,121.5,0.0,19.5,2038.5,2388.99,10.0,2.0,2.5,NR5G-SA,n79,-96,-96,-11,16,-76,11.0,C3228E004,569
2026-06-10 16:05:56.167,2026-06-10 16:07:52.474,22.6651406,114.5197826,200.0,15.0,0.01,121.5,0.0,19.5,2038.5,2388.99,10.0,2.0,2.5,NR5G-SA,n79,-98,-98,-11,16,-78,10.6,C3228E004,569
2026-06-10 16:05:56.367,2026-06-10 16:07:52.674,22.6651230,114.5198136,200.0,14.9,0.01,121.5,0.0,19.5,2041.2,2392.73,10.0,2.0,2.5,NR5G-SA,n79,-98,-98,-11,16,-78,6.4,C3228E004,569
2026-06-10 16:05:56.568,2026-06-10 16:07:52.874,22.6651054,114.5198445,200.0,14.9,-0.08,121.7,0.0,19.8,2043.9,2396.46,10.0,2.0,2.5,NR5G-SA,n79,-98,-98,-11,16,-78,5.7,C3228E004,569
2026-06-10 16:05:56.768,2026-06-10 16:07:53.074,22.6650879,114.5198755,200.0,14.9,-0.05,121.8,0.0,19.8,2046.6,2400.19,10.0,2.0,2.5,NR5G-SA,n79,-97,-97,-10,15,-77,6.7,C3228E004,569
2026-06-10 16:05:56.968,2026-06-10 16:07:53.074,22.6650704,114.5199064,200.0,14.9,-0.01,121.9,0.0,19.8,2049.3,2403.91,10.0,2.0,2.5,NR5G-SA,n79,-97,-97,-10,15,-77,10.5,C3228E004,569
2026-06-10 16:05:57.168,2026-06-10 16:07:53.474,22.6650704,114.5199064,200.0,14.9,-0.01,121.9,0.0,19.8,2049.3,2403.91,10.0,2.0,2.5,NR5G-SA,n79,-97,-97,-10,15,-77,10.4,C3228E004,569
2026-06-10 16:05:57.369,2026-06-10 16:07:53.674,22.6650528,114.5199374,200.0,15.0,-0.03,121.9,0.0,19.8,2052.1,2407.65,10.0,2.0,2.5,NR5G-SA,n79,-96,-96,-10,15,-76,6.7,C3228E004,569
2026-06-10 16:05:57.569,2026-06-10 16:07:53.874,22.6650352,114.5199686,200.0,15.0,-0.00,121.9,0.0,18.8,2054.8,2411.41,10.0,2.0,2.5,NR5G-SA,n79,-96,-96,-10,15,-76,5.3,C3228E004,569
2026-06-10 16:05:57.770,2026-06-10 16:07:54.074,22.6650175,114.5199997,200.0,15.0,0.03,121.8,0.0,18.8,2057.6,2415.16,10.0,2.0,2.5,NR5G-SA,n79,-97,-97,-10,15,-77,7.1,C3228E004,569
2026-06-10 16:05:57.970,2026-06-10 16:07:54.074,22.6649998,114.5200309,200.0,14.9,-0.02,121.8,0.0,18.8,2060.3,2418.92,10.0,2.0,2.5,NR5G-SA,n79,-97,-97,-10,15,-77,11.1,C3228E004,569
2026-06-10 16:05:58.170,2026-06-10 16:07:54.474,22.6649998,114.5200309,200.0,14.9,-0.02,121.8,0.0,18.8,2060.3,2418.92,10.0,2.0,2.5,NR5G-SA,n79,-97,-97,-10,15,-77,9.4,C3228E004,569
2026-06-10 16:05:58.371,2026-06-10 16:07:54.674,22.6649821,114.5200619,200.0,14.9,-0.02,121.8,0.0,18.8,2063.0,2422.67,10.0,2.0,2.5,NR5G-SA,n79,-98,-98,-10,15,-78,5.4,C3228E004,569
2026-06-10 16:05:58.571,2026-06-10 16:07:54.874,22.6649644,114.5200930,200.0,15.0,0.02,121.8,0.0,18.1,2065.8,2426.42,10.0,2.0,2.5,NR5G-SA,n79,-98,-98,-10,15,-78,4.0,C3228E004,569
2026-06-10 16:05:58.772,2026-06-10 16:07:55.074,22.6649468,114.5201241,200.1,14.9,-0.04,121.6,0.0,18.1,2068.6,2430.17,10.0,2.0,2.5,NR5G-SA,n79,-98,-98,-10,15,-78,4.9,C3228E004,569
2026-06-10 16:05:58.972,2026-06-10 16:07:55.074,22.6649292,114.5201551,200.1,15.0,-0.03,121.5,0.0,18.1,2071.3,2433.91,10.0,2.0,2.5,NR5G-SA,n79,-101,-101,-10,9,-81,10.0,C3228E004,569
2026-06-10 16:05:59.172,2026-06-10 16:07:55.474,22.6649292,114.5201551,200.1,15.0,-0.03,121.5,0.0,18.1,2071.3,2433.91,10.0,2.0,2.5,NR5G-SA,n79,-101,-101,-10,9,-81,8.3,C3228E004,569
2026-06-10 16:05:59.373,2026-06-10 16:07:55.674,22.6649116,114.5201861,200.0,15.0,-0.02,121.5,0.0,18.1,2074.1,2437.65,10.0,2.0,2.5,NR5G-SA,n79,-101,-101,-10,9,-81,7.9,C3228E004,569
2026-06-10 16:05:59.573,2026-06-10 16:07:55.874,22.6648940,114.5202173,200.0,15.0,-0.07,121.5,0.0,17.0,2076.8,2441.40,10.0,2.0,2.5,NR5G-SA,n79,-98,-98,-10,9,-78,6.2,C3228E004,569
2026-06-10 16:05:59.773,2026-06-10 16:07:55.874,22.6648763,114.5202483,200.0,15.0,-0.05,121.6,0.0,17.0,2079.6,2445.15,10.0,2.0,2.5,NR5G-SA,n79,-98,-98,-10,9,-78,8.3,C3228E004,569
2026-06-10 16:05:59.974,2026-06-10 16:07:56.074,22.6648587,114.5202793,200.0,15.0,-0.04,121.7,0.0,17.0,2082.3,2448.89,10.0,2.0,2.5,NR5G-SA,n79,-104,-104,-10,8,-84,9.6,C3228E004,569
2026-06-10 16:06:00.174,2026-06-10 16:07:56.474,22.6648587,114.5202793,200.0,15.0,-0.04,121.7,0.0,17.0,2082.3,2448.89,10.0,2.0,2.5,NR5G-SA,n79,-104,-104,-10,8,-84,9.1,C3228E004,569
2026-06-10 16:06:00.375,2026-06-10 16:07:56.674,22.6648409,114.5203104,200.0,14.9,0.02,121.8,0.0,17.0,2085.1,2452.65,10.0,2.0,2.5,NR5G-SA,n79,-104,-104,-10,8,-84,6.7,C3228E004,569
2026-06-10 16:06:00.575,2026-06-10 16:07:56.874,22.6648233,114.5203415,200.0,15.0,-0.01,121.8,0.0,17.4,2087.9,2456.39,10.0,2.0,2.5,NR5G-SA,n79,-105,-105,-11,8,-85,4.7,C3228E004,569
2026-06-10 16:06:00.775,2026-06-10 16:07:57.074,22.6648056,114.5203726,200.0,15.0,0.00,121.8,0.0,17.4,2090.7,2460.15,10.0,2.0,2.5,NR5G-SA,n79,-105,-105,-11,8,-85,5.5,C3228E004,569
2026-06-10 16:06:00.976,2026-06-10 16:07:57.074,22.6647879,114.5204036,200.0,15.0,-0.01,121.8,0.0,17.4,2093.4,2463.89,10.0,2.0,2.5,NR5G-SA,n79,-105,-105,-11,8,-85,10.8,C3228E004,569
2026-06-10 16:06:01.176,2026-06-10 16:07:57.474,22.6647879,114.5204036,200.0,15.0,-0.01,121.8,0.0,17.4,2093.4,2463.89,10.0,2.0,2.5,NR5G-SA,n79,-100,-100,-10,7,-80,10.9,C3228E004,569
2026-06-10 16:06:01.376,2026-06-10 16:07:57.674,22.6647702,114.5204347,200.0,15.0,0.02,121.8,0.0,17.4,2096.2,2467.65,10.0,2.0,2.5,NR5G-SA,n79,-100,-100,-10,7,-80,7.7,C3228E004,569
2026-06-10 16:06:01.577,2026-06-10 16:07:57.874,22.6647525,114.5204658,200.0,15.0,-0.02,121.8,0.0,16.2,2099.0,2471.40,10.0,2.0,2.5,NR5G-SA,n79,-100,-100,-10,7,-80,5.1,C3228E004,569
2026-06-10 16:06:01.777,2026-06-10 16:07:58.074,22.6647348,114.5204970,200.0,15.1,-0.01,121.7,0.0,16.2,2101.8,2475.16,10.0,2.0,2.5,NR5G-SA,n79,-100,-100,-10,7,-80,7.3,C3228E004,569
2026-06-10 16:06:01.977,2026-06-10 16:07:58.074,22.6647170,114.5205282,200.0,15.0,0.01,121.6,0.0,16.2,2104.6,2478.93,10.0,2.0,2.5,NR5G-SA,n79,-100,-100,-10,7,-80,12.4,C3228E004,569
2026-06-10 16:06:02.177,2026-06-10 16:07:58.474,22.6647170,114.5205282,200.0,15.0,0.01,121.6,0.0,16.2,2104.6,2478.93,10.0,2.0,2.5,NR5G-SA,n79,-100,-100,-10,7,-80,9.7,C3228E004,569
2026-06-10 16:06:02.378,2026-06-10 16:07:58.674,22.6646993,114.5205594,200.0,15.0,0.01,121.5,0.0,16.2,2107.4,2482.69,10.0,2.0,2.5,NR5G-SA,n79,-100,-100,-10,7,-80,6.4,C3228E004,569
2026-06-10 16:06:02.578,2026-06-10 16:07:58.874,22.6646816,114.5205906,200.0,15.0,-0.07,121.7,0.0,16.4,2110.2,2486.45,10.0,2.0,2.5,NR5G-SA,n79,-100,-100,-10,7,-80,5.7,C3228E004,569
2026-06-10 16:06:02.778,2026-06-10 16:07:58.874,22.6646639,114.5206217,200.0,15.0,-0.05,121.8,0.0,16.4,2113.0,2490.21,10.0,2.0,2.5,NR5G-SA,n79,-102,-102,-10,7,-82,7.7,C3228E004,569
2026-06-10 16:06:02.978,2026-06-10 16:07:59.074,22.6646462,114.5206527,200.0,14.9,-0.02,121.8,0.0,16.4,2115.8,2493.95,10.0,2.0,2.5,NR5G-SA,n79,-102,-102,-10,7,-82,7.2,C3228E004,569
2026-06-10 16:06:03.179,2026-06-10 16:07:59.474,22.6646462,114.5206527,200.0,14.9,-0.02,121.8,0.0,16.4,2115.8,2493.95,10.0,2.0,2.5,NR5G-SA,n79,-102,-102,-10,7,-82,8.0,C3228E004,569
2026-06-10 16:06:03.379,2026-06-10 16:07:59.674,22.6646285,114.5206838,200.0,14.9,-0.06,121.8,0.0,16.4,2118.6,2497.71,10.0,2.0,2.5,NR5G-SA,n79,-103,-103,-11,8,-83,5.4,C3228E004,569
2026-06-10 16:06:03.580,2026-06-10 16:07:59.874,22.6646108,114.5207147,200.0,14.9,-0.00,121.8,0.0,16.3,2121.4,2501.44,10.0,2.0,2.5,NR5G-SA,n79,-103,-103,-11,8,-83,4.8,C3228E004,569
2026-06-10 16:06:03.780,2026-06-10 16:08:00.074,22.6645932,114.5207454,200.0,14.9,0.04,121.9,0.0,16.3,2124.2,2505.15,10.0,2.0,2.5,NR5G-SA,n79,-103,-103,-11,8,-83,5.7,C3228E004,569
2026-06-10 16:06:03.980,2026-06-10 16:08:00.074,22.6645759,114.5207759,200.0,14.6,0.11,121.8,0.0,16.3,2126.9,2508.83,10.0,2.0,2.5,NR5G-SA,n79,-99,-99,-10,7,-79,9.8,C3228E004,569
2026-06-10 16:06:04.180,2026-06-10 16:08:00.474,22.6645759,114.5207759,200.0,14.6,0.11,121.8,0.0,16.3,2126.9,2508.83,10.0,2.0,2.5,NR5G-SA,n79,-99,-99,-10,7,-79,9.6,C3228E004,569
2026-06-10 16:06:04.381,2026-06-10 16:08:00.674,22.6645588,114.5208059,200.0,14.5,0.08,121.5,0.0,16.3,2129.7,2512.45,10.0,2.0,2.5,NR5G-SA,n79,-99,-99,-10,7,-79,5.9,C3228E004,569
2026-06-10 16:06:04.581,2026-06-10 16:08:00.874,22.6645420,114.5208355,200.0,14.2,0.09,121.2,0.0,16.3,2132.3,2516.02,10.0,2.0,2.5,NR5G-SA,n79,-99,-99,-10,7,-79,4.0,C3228E004,569
2026-06-10 16:06:04.781,2026-06-10 16:08:01.074,22.6645256,114.5208644,200.1,13.8,0.01,121.0,0.0,17.3,2135.0,2519.51,10.0,2.0,2.5,NR5G-SA,n79,-99,-99,-10,7,-79,5.4,C3228E004,569
2026-06-10 16:06:04.982,2026-06-10 16:08:01.074,22.6645097,114.5208925,200.1,13.4,0.02,120.9,0.0,17.3,2137.5,2522.89,10.0,2.0,2.5,NR5G-SA,n79,-97,-97,-10,6,-77,9.3,C3228E004,569
2026-06-10 16:06:05.182,2026-06-10 16:08:01.474,22.6645097,114.5208925,200.1,13.4,0.02,120.9,0.0,17.3,2137.5,2522.89,10.0,2.0,2.5,NR5G-SA,n79,-97,-97,-10,6,-77,9.3,C3228E004,569
2026-06-10 16:06:05.382,2026-06-10 16:08:01.674,22.6644944,114.5209195,200.1,12.9,0.03,120.8,0.0,17.3,2140.0,2526.15,10.0,2.0,2.5,NR5G-SA,n79,-97,-97,-10,6,-77,9.2,C3228E004,569
2026-06-10 16:06:05.583,2026-06-10 16:08:01.874,22.6644796,114.5209454,200.1,12.4,-0.04,120.6,0.0,17.3,2142.3,2529.28,10.0,2.0,2.5,NR5G-SA,n79,-94,-94,-10,7,-74,4.1,C3228E004,569
2026-06-10 16:06:05.783,2026-06-10 16:08:02.074,22.6644654,114.5209701,200.1,11.8,0.01,120.5,0.0,18.7,2144.6,2532.27,10.0,2.0,2.5,NR5G-SA,n79,-94,-94,-10,7,-74,5.2,C3228E004,569
2026-06-10 16:06:05.983,2026-06-10 16:08:02.074,22.6644519,114.5209936,200.1,11.2,-0.00,120.5,0.0,18.7,2146.7,2535.11,10.0,2.0,2.5,NR5G-SA,n79,-94,-94,-10,7,-74,8.2,C3228E004,569
2026-06-10 16:06:06.184,2026-06-10 16:08:02.474,22.6644519,114.5209936,200.1,11.2,-0.00,120.5,0.0,18.7,2146.7,2535.11,10.0,2.0,2.5,NR5G-SA,n79,-95,-95,-10,8,-75,10.6,C3228E004,569
2026-06-10 16:06:06.384,2026-06-10 16:08:02.674,22.6644392,114.5210156,200.0,10.5,-0.02,120.3,0.0,18.7,2148.7,2537.78,10.0,2.0,2.5,NR5G-SA,n79,-95,-95,-10,8,-75,8.8,C3228E004,569
2026-06-10 16:06:06.585,2026-06-10 16:08:02.874,22.6644272,114.5210366,200.0,9.9,-0.07,120.1,0.0,18.7,2150.6,2540.31,10.0,2.0,2.5,NR5G-SA,n79,-95,-95,-10,8,-75,5.7,C3228E004,569
2026-06-10 16:06:06.785,2026-06-10 16:08:03.074,22.6644159,114.5210565,200.0,9.4,-0.08,119.8,0.0,20.0,2152.5,2542.71,10.0,2.0,2.5,NR5G-SA,n79,-95,-95,-10,7,-75,7.0,C3228E004,569
2026-06-10 16:06:06.985,2026-06-10 16:08:03.074,22.6644054,114.5210752,200.0,8.7,-0.06,119.3,0.0,20.0,2154.2,2544.96,10.0,2.0,2.5,NR5G-SA,n79,-95,-95,-10,7,-75,10.2,C3228E004,569
2026-06-10 16:06:07.186,2026-06-10 16:08:03.474,22.6644054,114.5210752,200.0,8.7,-0.06,119.3,0.0,20.0,2154.2,2544.96,10.0,2.0,2.5,NR5G-SA,n79,-97,-97,-10,8,-77,10.8,C3228E004,569
2026-06-10 16:06:07.386,2026-06-10 16:08:03.674,22.6643956,114.5210926,200.0,8.1,-0.07,119.1,0.0,20.0,2155.8,2547.06,10.0,2.0,2.5,NR5G-SA,n79,-97,-97,-10,8,-77,7.6,C3228E004,569
2026-06-10 16:06:07.586,2026-06-10 16:08:03.874,22.6643865,114.5211086,200.0,7.4,-0.06,119.0,0.0,20.0,2157.2,2548.99,10.0,2.0,2.5,NR5G-SA,n79,-97,-97,-10,8,-77,7.0,C3228E004,569
2026-06-10 16:06:07.787,2026-06-10 16:08:04.074,22.6643780,114.5211231,200.0,6.8,-0.05,119.3,0.0,21.3,2158.6,2550.75,10.0,2.0,2.5,NR5G-SA,n79,-95,-95,-10,6,-75,6.4,C3228E004,569
2026-06-10 16:06:07.987,2026-06-10 16:08:04.074,22.6643702,114.5211364,200.0,6.2,-0.11,120.4,0.0,21.3,2159.8,2552.37,10.0,2.0,2.5,NR5G-SA,n79,-95,-95,-10,6,-75,8.7,C3228E004,569
2026-06-10 16:06:08.188,2026-06-10 16:08:04.474,22.6643702,114.5211364,200.0,6.2,-0.11,120.4,0.0,21.3,2159.8,2552.37,10.0,2.0,2.5,NR5G-SA,n79,-95,-95,-10,6,-75,10.8,C3228E004,569
2026-06-10 16:06:08.388,2026-06-10 16:08:04.674,22.6643627,114.5211483,200.0,5.6,-0.10,122.5,0.0,21.3,2160.9,2553.85,10.0,2.0,2.5,NR5G-SA,n79,-96,-96,-10,6,-76,8.5,C3228E004,569
2026-06-10 16:06:08.588,2026-06-10 16:08:04.874,22.6643555,114.5211586,200.0,5.1,-0.10,125.7,0.0,21.3,2161.8,2555.18,10.0,2.0,2.5,NR5G-SA,n79,-96,-96,-10,6,-76,3.9,C3228E004,569
2026-06-10 16:06:08.789,2026-06-10 16:08:05.074,22.6643484,114.5211675,199.9,4.5,-0.07,130.3,0.0,23.0,2162.6,2556.39,10.0,2.0,2.5,NR5G-SA,n79,-96,-96,-10,6,-76,6.0,C3228E004,569
2026-06-10 16:06:08.989,2026-06-10 16:08:05.074,22.6643412,114.5211748,199.9,4.1,0.03,136.5,0.0,23.0,2163.2,2557.49,10.0,2.0,2.5,NR5G-SA,n79,-101,-101,-11,6,-81,8.4,C3228E004,569
2026-06-10 16:06:09.189,2026-06-10 16:08:05.474,22.6643412,114.5211748,199.9,4.1,0.03,136.5,0.0,23.0,2163.2,2557.49,10.0,2.0,2.5,NR5G-SA,n79,-101,-101,-11,6,-81,14.8,C3228E004,569
2026-06-10 16:06:09.390,2026-06-10 16:08:05.674,22.6643338,114.5211806,200.0,3.9,0.04,144.7,0.0,23.0,2163.6,2558.50,10.0,2.0,2.5,NR5G-SA,n79,-44,-44,-11,8,-24,8.6,C3228E004,569
2026-06-10 16:06:09.590,2026-06-10 16:08:05.874,22.6643260,114.5211852,200.0,3.8,0.02,154.3,0.0,23.0,2164.0,2559.49,10.0,2.0,2.5,NR5G-SA,n79,-44,-44,-11,8,-24,5.0,C3228E004,569
2026-06-10 16:06:09.791,2026-06-10 16:08:06.074,22.6643176,114.5211883,200.0,3.8,-0.00,164.5,0.0,23.9,2164.1,2560.48,10.0,2.0,2.5,NR5G-SA,n79,-44,-44,-11,8,-24,6.2,C3228E004,569
2026-06-10 16:06:09.991,2026-06-10 16:08:06.474,22.6643087,114.5211899,200.0,4.0,-0.01,174.2,0.0,23.9,2164.2,2561.48,10.0,2.0,2.5,NR5G-SA,n79,-101,-101,-11,10,-81,6.5,C3228E004,569
2026-06-10 16:06:10.191,2026-06-10 16:08:06.474,22.6643087,114.5211899,200.0,4.0,-0.01,174.2,0.0,23.9,2164.2,2561.48,10.0,2.0,2.5,NR5G-SA,n79,-101,-101,-11,10,-81,14.2,C3228E004,569
2026-06-10 16:06:10.392,2026-06-10 16:08:06.674,22.6642989,114.5211900,200.0,4.3,-0.01,182.4,0.0,23.9,2164.0,2562.57,10.0,2.0,2.5,NR5G-SA,n79,-101,-101,-11,10,-81,7.3,C3228E004,569
2026-06-10 16:06:10.592,2026-06-10 16:08:06.874,22.6642883,114.5211888,200.0,4.7,-0.02,188.5,0.0,23.9,2163.7,2563.76,10.0,2.0,2.5,NR5G-SA,n79,-106,-106,-11,3,-86,4.9,C3228E004,569
2026-06-10 16:06:10.792,2026-06-10 16:08:07.074,22.6642771,114.5211865,200.0,5.1,0.02,192.7,0.0,23.9,2163.3,2565.03,10.0,2.0,2.5,NR5G-SA,n79,-106,-106,-11,3,-86,3.6,C3228E004,569
2026-06-10 16:06:10.993,2026-06-10 16:08:07.074,22.6642771,114.5211865,200.0,5.1,0.02,192.7,0.0,23.9,2163.3,2565.03,10.0,2.0,2.5,NR5G-SA,n79,-106,-106,-11,3,-86,33.1,C3228E004,569
2026-06-10 16:06:11.193,2026-06-10 16:08:07.074,22.6642771,114.5211865,200.0,5.1,0.02,192.7,0.0,23.9,2163.3,2565.03,10.0,2.0,2.5,NR5G-SA,n79,-106,-106,-11,3,-86,33.1,C3228E004,569
2026-06-10 16:06:11.393,2026-06-10 16:08:07.074,22.6642771,114.5211865,200.0,5.1,0.02,192.7,0.0,124.5,2163.3,2565.03,10.0,2.0,2.5,NR5G-SA,n79,-106,-106,-11,3,-86,33.1,C3228E004,569
2026-06-10 16:06:11.594,2026-06-10 16:08:07.674,22.6642520,114.5211793,200.0,6.2,-0.01,196.9,1.3,124.5,2162.1,2567.92,10.0,2.0,2.5,NR5G-SA,n79,-105,-105,-11,5,-85,3.1,C3228E004,569
2026-06-10 16:06:11.794,2026-06-10 16:08:07.874,22.6642379,114.5211747,200.0,6.7,-0.01,197.5,1.3,124.5,2161.4,2569.56,10.0,2.0,2.5,NR5G-SA,n79,-105,-105,-11,5,-85,4.3,C3228E004,569
2026-06-10 16:06:11.994,2026-06-10 16:08:07.874,22.6642225,114.5211696,200.0,7.4,-0.04,197.6,1.3,124.5,2160.7,2571.35,10.0,2.0,2.5,NR5G-SA,n79,-106,-106,-11,7,-86,12.7,C3228E004,569
2026-06-10 16:06:12.194,2026-06-10 16:08:08.474,22.6641874,114.5211578,200.0,8.7,0.01,197.1,1.3,124.5,2158.9,2575.44,10.0,2.0,2.5,NR5G-SA,n79,-101,-101,-11,10,-81,2.9,C3228E004,569
2026-06-10 16:06:12.395,2026-06-10 16:08:08.674,22.6641874,114.5211578,200.0,8.7,0.01,197.1,1.3,124.9,2158.9,2575.44,10.0,2.0,2.5,NR5G-SA,n79,-101,-101,-11,10,-81,7.6,C3228E004,569
2026-06-10 16:06:12.595,2026-06-10 16:08:08.874,22.6641679,114.5211511,200.0,9.4,-0.00,196.8,0.0,124.9,2157.9,2577.72,10.0,2.0,2.5,NR5G-SA,n79,-101,-101,-11,10,-81,5.1,C3228E004,569
2026-06-10 16:06:12.796,2026-06-10 16:08:09.074,22.6641470,114.5211439,200.0,10.0,-0.02,196.6,0.0,124.9,2156.8,2580.16,10.0,2.0,2.5,NR5G-SA,n79,-107,-107,-11,7,-87,6.1,C3228E004,569
2026-06-10 16:06:12.996,2026-06-10 16:08:09.074,22.6641248,114.5211360,200.0,10.7,-0.02,196.6,0.0,124.9,2155.7,2582.76,10.0,2.0,2.5,NR5G-SA,n79,-107,-107,-11,7,-87,7.2,C3228E004,569
2026-06-10 16:06:13.196,2026-06-10 16:08:09.474,22.6641248,114.5211360,200.0,10.7,-0.02,196.6,0.0,124.9,2155.7,2582.76,10.0,2.0,2.5,NR5G-SA,n79,-107,-107,-11,7,-87,12.4,C3228E004,569
2026-06-10 16:06:13.397,2026-06-10 16:08:09.674,22.6641012,114.5211278,200.0,11.3,0.03,196.6,0.0,124.9,2154.5,2585.52,10.0,2.0,2.5,NR5G-SA,n79,-106,-106,-11,6,-86,8.3,C3228E004,569
2026-06-10 16:06:13.597,2026-06-10 16:08:09.874,22.6640763,114.5211189,200.0,12.0,-0.01,196.4,0.0,124.9,2153.2,2588.44,10.0,2.0,2.5,NR5G-SA,n79,-106,-106,-11,6,-86,5.3,C3228E004,569
2026-06-10 16:06:13.798,2026-06-10 16:08:10.074,22.6640500,114.5211096,199.9,12.5,0.02,196.3,0.0,124.9,2151.8,2591.52,10.0,2.0,2.5,NR5G-SA,n79,-107,-107,-11,6,-87,5.3,C3228E004,569
2026-06-10 16:06:13.998,2026-06-10 16:08:10.474,22.6640225,114.5211000,200.0,13.1,0.04,196.2,0.0,124.9,2150.4,2594.74,10.0,2.0,2.5,NR5G-SA,n79,-107,-107,-11,6,-87,6.4,C3228E004,569
2026-06-10 16:06:14.198,2026-06-10 16:08:10.474,22.6639939,114.5210901,200.0,13.1,0.04,196.2,0.0,124.9,2149.0,2598.08,10.0,2.0,2.5,NR5G-SA,n79,-107,-107,-11,6,-87,13.0,C3228E004,569
2026-06-10 16:06:14.398,2026-06-10 16:08:10.674,22.6639939,114.5210901,200.0,13.6,0.03,196.2,0.0,124.5,2149.0,2598.08,10.0,2.0,2.5,NR5G-SA,n79,-113,-113,-11,7,-93,10.3,C3228E004,569
2026-06-10 16:06:14.599,2026-06-10 16:08:10.874,22.6639644,114.5210800,200.0,14.0,0.09,196.2,0.0,124.5,2147.5,2601.52,10.0,2.0,2.5,NR5G-SA,n79,-113,-113,-11,7,-93,5.3,C3228E004,569
2026-06-10 16:06:14.799,2026-06-10 16:08:11.074,22.6639342,114.5210696,200.0,14.3,0.08,196.3,0.0,124.5,2146.0,2605.05,10.0,2.0,2.5,NR5G-SA,n79,-113,-113,-11,7,-93,3.8,C3228E004,569
2026-06-10 16:06:15.000,2026-06-10 16:08:11.074,22.6639033,114.5210591,200.0,14.6,0.04,196.4,0.0,124.5,2144.4,2608.65,10.0,2.0,2.5,NR5G-SA,n79,-105,-105,-11,7,-85,6.2,C3228E004,569
2026-06-10 16:06:15.200,2026-06-10 16:08:11.474,22.6639033,114.5210591,200.0,14.6,0.04,196.4,0.0,124.5,2144.4,2608.65,10.0,2.0,2.5,NR5G-SA,n79,-105,-105,-11,7,-85,13.9,C3228E004,569
2026-06-10 16:06:15.400,2026-06-10 16:08:11.674,22.6638720,114.5210485,200.0,14.8,0.07,196.5,0.0,124.6,2142.9,2612.30,10.0,2.0,2.5,NR5G-SA,n79,-105,-105,-11,7,-85,6.3,C3228E004,569
2026-06-10 16:06:15.601,2026-06-10 16:08:11.874,22.6638404,114.5210377,200.0,14.9,0.07,196.6,0.0,124.6,2141.4,2615.99,10.0,2.0,2.5,NR5G-SA,n79,-105,-105,-11,7,-85,4.7,C3228E004,569
2026-06-10 16:06:15.801,2026-06-10 16:08:12.074,22.6638084,114.5210269,200.0,15.1,0.06,196.7,0.0,124.6,2139.8,2619.72,10.0,2.0,2.5,NR5G-SA,n79,-105,-105,-11,7,-85,5.6,C3228E004,569
2026-06-10 16:06:16.001,2026-06-10 16:08:12.074,22.6637762,114.5210161,200.0,15.1,0.09,196.8,0.0,124.6,2138.2,2623.48,10.0,2.0,2.5,NR5G-SA,n79,-105,-105,-11,8,-85,8.7,C3228E004,569
2026-06-10 16:06:16.201,2026-06-10 16:08:12.474,22.6637440,114.5210054,200.0,15.1,0.09,196.8,0.0,124.6,2136.7,2627.23,10.0,2.0,2.5,NR5G-SA,n79,-105,-105,-11,8,-85,12.8,C3228E004,569
2026-06-10 16:06:16.402,2026-06-10 16:08:12.674,22.6637440,114.5210054,200.0,15.1,0.05,196.8,0.0,22.4,2136.7,2627.23,10.0,2.0,2.5,NR5G-SA,n79,-105,-105,-11,8,-85,8.3,C3228E004,569
2026-06-10 16:06:16.602,2026-06-10 16:08:12.874,22.6637119,114.5209947,200.0,15.1,0.02,196.8,4.5,22.4,2135.2,2630.96,10.0,2.0,2.5,NR5G-SA,n79,-107,-107,-11,9,-87,4.9,C3228E004,569
2026-06-10 16:06:16.802,2026-06-10 16:08:13.074,22.6636796,114.5209840,200.0,15.2,0.02,196.9,4.5,22.4,2133.6,2634.72,10.0,2.0,2.5,NR5G-SA,n79,-107,-107,-11,9,-87,5.1,C3228E004,569
2026-06-10 16:06:17.003,2026-06-10 16:08:13.474,22.6636471,114.5209732,200.0,15.2,-0.00,197.0,4.5,22.4,2132.1,2638.51,10.0,2.0,2.5,NR5G-SA,n79,-107,-107,-11,9,-87,6.4,C3228E004,569
2026-06-10 16:06:17.203,2026-06-10 16:08:13.474,22.6636146,114.5209624,200.0,15.2,0.04,197.0,4.5,22.4,2130.6,2642.29,10.0,2.0,2.5,NR5G-SA,n79,-104,-104,-11,8,-84,11.4,C3228E004,569
2026-06-10 16:06:17.403,2026-06-10 16:08:13.674,22.6636146,114.5209624,200.0,15.2,0.04,197.0,4.5,22.4,2130.6,2642.29,10.0,2.0,2.5,NR5G-SA,n79,-104,-104,-11,8,-84,7.7,C3228E004,569
2026-06-10 16:06:17.604,2026-06-10 16:08:13.874,22.6635821,114.5209516,200.0,15.1,0.01,196.9,0.0,22.5,2129.0,2646.08,10.0,2.0,2.5,NR5G-SA,n79,-104,-104,-11,8,-84,4.3,C3228E004,569
2026-06-10 16:06:17.804,2026-06-10 16:08:14.074,22.6635496,114.5209408,200.0,15.2,0.01,197.0,0.0,22.5,2127.5,2649.86,10.0,2.0,2.5,NR5G-SA,n79,-106,-106,-11,6,-86,7.3,C3228E004,569
2026-06-10 16:06:18.004,2026-06-10 16:08:14.074,22.6635170,114.5209301,200.0,15.2,0.06,197.0,0.0,22.5,2126.0,2653.65,10.0,2.0,2.5,NR5G-SA,n79,-106,-106,-11,6,-86,7.5,C3228E004,569
2026-06-10 16:06:18.205,2026-06-10 16:08:14.474,22.6634844,114.5209193,200.0,15.1,0.06,196.9,0.0,22.5,2124.5,2657.45,10.0,2.0,2.5,NR5G-SA,n79,-105,-105,-11,7,-85,10.3,C3228E004,569
2026-06-10 16:06:18.405,2026-06-10 16:08:14.674,22.6634844,114.5209193,200.0,15.1,0.06,196.9,0.0,22.5,2124.5,2657.45,10.0,2.0,2.5,NR5G-SA,n79,-105,-105,-11,7,-85,8.6,C3228E004,569
2026-06-10 16:06:18.605,2026-06-10 16:08:14.874,22.6634519,114.5209086,200.0,15.1,0.05,196.9,0.0,21.6,2123.0,2661.23,10.0,2.0,2.5,NR5G-SA,n79,-105,-105,-11,7,-85,5.7,C3228E004,569
2026-06-10 16:06:18.806,2026-06-10 16:08:15.074,22.6634194,114.5208978,200.0,15.1,0.00,196.8,0.0,21.6,2121.5,2665.01,10.0,2.0,2.5,NR5G-SA,n79,-106,-106,-11,7,-86,3.8,C3228E004,569
2026-06-10 16:06:19.006,2026-06-10 16:08:15.074,22.6633870,114.5208870,199.9,15.1,0.00,196.8,0.0,21.6,2120.0,2668.79,10.0,2.0,2.5,NR5G-SA,n79,-106,-106,-11,7,-86,10.3,C3228E004,569
2026-06-10 16:06:19.206,2026-06-10 16:08:15.474,22.6633870,114.5208870,199.9,15.1,0.00,196.8,0.0,21.6,2120.0,2668.79,10.0,2.0,2.5,NR5G-SA,n79,-106,-106,-11,7,-86,7.1,C3228E004,569
2026-06-10 16:06:19.407,2026-06-10 16:08:15.674,22.6633544,114.5208763,199.9,15.1,0.06,196.8,0.0,21.6,2118.6,2672.58,10.0,2.0,2.5,NR5G-SA,n79,-103,-103,-10,11,-83,2.2,C3228E004,569
2026-06-10 16:06:19.607,2026-06-10 16:08:15.874,22.6633220,114.5208656,199.9,15.0,0.07,197.0,42.5,21.3,2117.1,2676.35,10.0,2.0,2.5,NR5G-SA,n79,-103,-103,-10,11,-83,2.6,C3228E004,569
2026-06-10 16:06:19.807,2026-06-10 16:08:16.074,22.6632897,114.5208549,199.9,14.9,0.05,197.0,42.5,21.3,2115.6,2680.11,10.0,2.0,2.5,NR5G-SA,n79,-103,-103,-10,11,-83,3.4,C3228E004,569
2026-06-10 16:06:20.008,2026-06-10 16:08:16.474,22.6632574,114.5208440,199.9,14.9,0.03,197.0,42.5,21.3,2114.1,2683.87,10.0,2.0,2.5,NR5G-SA,n79,-98,-98,-10,11,-78,6.0,C3228E004,569
2026-06-10 16:06:20.208,2026-06-10 16:08:16.474,22.6632253,114.5208334,199.9,15.0,0.04,196.9,42.5,21.3,2112.7,2687.61,10.0,2.0,2.5,NR5G-SA,n79,-98,-98,-10,11,-78,10.8,C3228E004,569
2026-06-10 16:06:20.409,2026-06-10 16:08:16.674,22.6632253,114.5208334,199.9,15.0,0.04,196.9,42.5,21.3,2112.7,2687.61,10.0,2.0,2.5,NR5G-SA,n79,-98,-98,-10,11,-78,8.8,C3228E004,569
2026-06-10 16:06:20.609,2026-06-10 16:08:16.874,22.6631931,114.5208227,199.9,15.0,-0.03,196.8,67.1,20.3,2111.3,2691.36,10.0,2.0,2.5,NR5G-SA,n79,-100,-100,-10,10,-80,4.2,C3228E004,569
2026-06-10 16:06:20.809,2026-06-10 16:08:17.074,22.6631608,114.5208121,199.9,14.9,0.04,196.8,67.1,20.3,2109.8,2695.12,10.0,2.0,2.5,NR5G-SA,n79,-100,-100,-10,10,-80,5.2,C3228E004,569
2026-06-10 16:06:21.010,2026-06-10 16:08:17.474,22.6631285,114.5208014,199.9,15.0,-0.00,196.6,67.1,20.3,2108.4,2698.88,10.0,2.0,2.5,NR5G-SA,n79,-103,-103,-11,11,-83,6.7,C3228E004,569
2026-06-10 16:06:21.210,2026-06-10 16:08:17.474,22.6630961,114.5207908,199.9,14.9,0.04,196.5,67.1,20.3,2107.0,2702.64,10.0,2.0,2.5,NR5G-SA,n79,-103,-103,-11,11,-83,9.1,C3228E004,569
2026-06-10 16:06:21.410,2026-06-10 16:08:17.674,22.6630961,114.5207908,199.9,14.9,0.04,196.5,67.1,20.3,2107.0,2702.64,10.0,2.0,2.5,NR5G-SA,n79,-103,-103,-11,11,-83,7.7,C3228E004,569
2026-06-10 16:06:21.611,2026-06-10 16:08:17.874,22.6630638,114.5207801,199.9,15.0,0.04,196.4,18.7,21.8,2105.6,2706.40,10.0,2.0,2.5,NR5G-SA,n79,-103,-103,-11,10,-83,4.6,C3228E004,569
2026-06-10 16:06:21.811,2026-06-10 16:08:18.074,22.6630315,114.5207692,199.9,15.0,0.02,196.3,18.7,21.8,2104.1,2710.17,10.0,2.0,2.5,NR5G-SA,n79,-103,-103,-11,10,-83,4.3,C3228E004,569
2026-06-10 16:06:22.011,2026-06-10 16:08:18.474,22.6629992,114.5207585,200.0,14.9,0.02,196.3,18.7,21.8,2102.7,2713.93,10.0,2.0,2.5,NR5G-SA,n79,-103,-103,-11,10,-83,5.6,C3228E004,569
2026-06-10 16:06:22.212,2026-06-10 16:08:18.474,22.6629669,114.5207476,200.0,14.9,0.07,196.4,18.7,21.8,2101.3,2717.69,10.0,2.0,2.5,NR5G-SA,n79,-105,-105,-11,12,-85,10.0,C3228E004,569
2026-06-10 16:06:22.412,2026-06-10 16:08:18.674,22.6629669,114.5207476,200.0,14.9,0.07,196.4,18.7,21.8,2101.3,2717.69,10.0,2.0,2.5,NR5G-SA,n79,-105,-105,-11,12,-85,9.3,C3228E004,569
2026-06-10 16:06:22.612,2026-06-10 16:08:18.874,22.6629346,114.5207368,200.0,15.0,0.03,196.4,0.0,20.2,2099.9,2721.46,10.0,2.0,2.5,NR5G-SA,n79,-105,-105,-11,12,-85,4.6,C3228E004,569
2026-06-10 16:06:22.813,2026-06-10 16:08:19.074,22.6629024,114.5207261,200.0,15.0,0.00,196.4,0.0,20.2,2098.5,2725.21,10.0,2.0,2.5,NR5G-SA,n79,-105,-105,-11,12,-85,4.8,C3228E004,569
2026-06-10 16:06:23.013,2026-06-10 16:08:19.474,22.6628701,114.5207154,200.0,14.9,-0.02,196.3,0.0,20.2,2097.1,2728.97,10.0,2.0,2.5,NR5G-SA,n79,-105,-105,-11,12,-85,6.8,C3228E004,569
2026-06-10 16:06:23.213,2026-06-10 16:08:19.474,22.6628379,114.5207048,200.0,14.9,0.03,196.4,0.0,20.2,2095.7,2732.71,10.0,2.0,2.5,NR5G-SA,n79,-105,-105,-11,13,-85,9.8,C3228E004,569
2026-06-10 16:06:23.414,2026-06-10 16:08:19.674,22.6628379,114.5207048,200.0,14.9,0.03,196.4,0.0,20.2,2095.7,2732.71,10.0,2.0,2.5,NR5G-SA,n79,-105,-105,-11,13,-85,7.8,C3228E004,569
2026-06-10 16:06:23.614,2026-06-10 16:08:19.874,22.6628058,114.5206942,200.0,14.8,0.07,196.3,7.5,19.7,2094.4,2736.45,10.0,2.0,2.5,NR5G-SA,n79,-105,-105,-11,13,-85,4.6,C3228E004,569
2026-06-10 16:06:23.815,2026-06-10 16:08:20.074,22.6627738,114.5206835,200.0,14.9,0.01,196.3,7.5,19.7,2093.0,2740.18,10.0,2.0,2.5,NR5G-SA,n79,-103,-103,-11,14,-83,4.8,C3228E004,569
2026-06-10 16:06:24.015,2026-06-10 16:08:20.074,22.6627416,114.5206728,200.0,14.9,-0.01,196.3,7.5,19.7,2091.6,2743.93,10.0,2.0,2.5,NR5G-SA,n79,-103,-103,-11,14,-83,7.5,C3228E004,569
2026-06-10 16:06:24.215,2026-06-10 16:08:20.474,22.6627095,114.5206620,200.0,15.0,0.03,196.4,7.5,19.7,2090.3,2747.67,10.0,2.0,2.5,NR5G-SA,n79,-103,-103,-11,14,-83,8.8,C3228E004,569
2026-06-10 16:06:24.416,2026-06-10 16:08:20.674,22.6627095,114.5206620,200.0,15.0,0.03,196.4,7.5,19.7,2090.3,2747.67,10.0,2.0,2.5,NR5G-SA,n79,-108,-108,-11,14,-88,8.2,C3228E004,569
2026-06-10 16:06:24.616,2026-06-10 16:08:20.874,22.6626773,114.5206512,200.0,15.0,0.01,196.4,0.0,22.8,2088.9,2751.42,10.0,2.0,2.5,NR5G-SA,n79,-108,-108,-11,14,-88,8.5,C3228E004,569
2026-06-10 16:06:24.816,2026-06-10 16:08:20.874,22.6626450,114.5206403,200.0,14.9,0.07,196.4,0.0,22.8,2087.5,2755.19,10.0,2.0,2.5,NR5G-SA,n79,-108,-108,-11,14,-88,13.9,C3228E004,569
2026-06-10 16:06:25.017,2026-06-10 16:08:21.074,22.6626127,114.5206295,200.0,14.9,0.11,196.5,0.0,22.8,2086.2,2758.95,10.0,2.0,2.5,NR5G-SA,n79,-111,-111,-11,13,-91,7.9,C3228E001,568
2026-06-10 16:06:25.217,2026-06-10 16:08:21.474,22.6625805,114.5206187,200.0,14.9,0.08,196.5,0.0,22.8,2084.8,2762.70,10.0,2.0,2.5,NR5G-SA,n79,-111,-111,-11,13,-91,9.2,C3228E001,568
2026-06-10 16:06:25.417,2026-06-10 16:08:21.674,22.6625805,114.5206187,200.0,14.9,0.08,196.5,0.0,22.8,2084.8,2762.70,10.0,2.0,2.5,NR5G-SA,n79,-108,-108,-11,13,-88,7.6,C3228E001,568
2026-06-10 16:06:25.618,2026-06-10 16:08:21.874,22.6625483,114.5206079,200.0,15.0,0.02,196.6,6.0,22.8,2083.5,2766.45,10.0,2.0,2.5,NR5G-SA,n79,-108,-108,-11,13,-88,5.9,C3228E001,568
2026-06-10 16:06:25.818,2026-06-10 16:08:22.074,22.6625160,114.5205971,200.0,15.0,0.03,196.7,6.0,30.7,2082.2,2770.22,10.0,2.0,2.5,NR5G-SA,n79,-108,-108,-11,13,-88,6.9,C3228E001,568
2026-06-10 16:06:26.018,2026-06-10 16:08:22.074,22.6624837,114.5205863,200.0,14.9,0.01,196.6,6.0,30.7,2080.8,2773.98,10.0,2.0,2.5,NR5G-SA,n79,-108,-108,-11,17,-88,8.4,C3228E004,569
2026-06-10 16:06:26.219,2026-06-10 16:08:22.474,22.6624515,114.5205755,200.0,14.9,0.03,196.6,6.0,30.7,2079.5,2777.73,10.0,2.0,2.5,NR5G-SA,n79,-108,-108,-11,17,-88,9.2,C3228E004,569
2026-06-10 16:06:26.419,2026-06-10 16:08:22.674,22.6624515,114.5205755,200.0,14.9,0.03,196.6,6.0,30.7,2079.5,2777.73,10.0,2.0,2.5,NR5G-SA,n79,-108,-108,-11,17,-88,7.6,C3228E004,569
2026-06-10 16:06:26.619,2026-06-10 16:08:22.874,22.6624192,114.5205649,200.0,15.0,-0.03,196.7,0.0,30.7,2078.2,2781.49,10.0,2.0,2.5,NR5G-SA,n79,-109,-109,-11,15,-89,4.5,C3228E004,569
2026-06-10 16:06:26.820,2026-06-10 16:08:23.074,22.6623869,114.5205541,200.0,15.0,-0.02,196.7,0.0,30.1,2076.9,2785.25,10.0,2.0,2.5,NR5G-SA,n79,-109,-109,-11,15,-89,5.4,C3228E004,569
2026-06-10 16:06:27.020,2026-06-10 16:08:23.474,22.6623548,114.5205434,200.0,15.0,-0.05,196.8,0.0,30.1,2075.6,2788.99,10.0,2.0,2.5,NR5G-SA,n79,-109,-109,-11,15,-89,7.7,C3228E004,569
2026-06-10 16:06:27.220,2026-06-10 16:08:23.474,22.6623225,114.5205327,200.0,14.9,-0.00,196.8,0.0,30.1,2074.3,2792.75,10.0,2.0,2.5,NR5G-SA,n79,-112,-112,-11,14,-92,10.9,C3228E004,569
2026-06-10 16:06:27.421,2026-06-10 16:08:23.674,22.6623225,114.5205327,200.0,14.9,-0.00,196.8,0.0,30.1,2074.3,2792.75,10.0,2.0,2.5,NR5G-SA,n79,-112,-112,-11,14,-92,8.1,C3228E004,569
2026-06-10 16:06:27.621,2026-06-10 16:08:23.874,22.6622903,114.5205220,200.0,14.9,0.04,196.8,17.6,30.1,2073.1,2796.50,10.0,2.0,2.5,NR5G-SA,n79,-104,-104,-11,14,-84,7.6,C3228E004,569
2026-06-10 16:06:27.821,2026-06-10 16:08:24.074,22.6622582,114.5205113,200.0,14.9,0.05,196.9,17.6,30.8,2071.8,2800.24,10.0,2.0,2.5,NR5G-SA,n79,-104,-104,-11,14,-84,5.6,C3228E004,569
2026-06-10 16:06:28.022,2026-06-10 16:08:24.074,22.6622260,114.5205006,200.0,14.9,0.03,196.8,17.6,30.8,2070.5,2803.99,10.0,2.0,2.5,NR5G-SA,n79,-104,-104,-11,14,-84,8.4,C3228E004,569
2026-06-10 16:06:28.222,2026-06-10 16:08:24.474,22.6621937,114.5204898,200.0,14.9,0.02,196.8,17.6,30.8,2069.2,2807.75,10.0,2.0,2.5,NR5G-SA,n79,-107,-107,-11,16,-87,8.8,C3228E004,569
2026-06-10 16:06:28.422,2026-06-10 16:08:24.674,22.6621937,114.5204898,200.0,14.9,0.02,196.8,17.6,30.8,2069.2,2807.75,10.0,2.0,2.5,NR5G-SA,n79,-107,-107,-11,16,-87,7.8,C3228E004,569
2026-06-10 16:06:28.623,2026-06-10 16:08:24.874,22.6621615,114.5204791,200.0,15.0,0.00,196.8,42.0,30.8,2068.0,2811.50,10.0,2.0,2.5,NR5G-SA,n79,-107,-107,-11,16,-87,9.2,C3228E004,569
2026-06-10 16:06:28.823,2026-06-10 16:08:25.074,22.6621293,114.5204684,200.0,14.9,0.04,196.9,42.0,30.8,2066.7,2815.25,10.0,2.0,2.5,NR5G-SA,n79,-105,-105,-11,17,-85,6.5,C3228E004,569
2026-06-10 16:06:29.024,2026-06-10 16:08:25.074,22.6620971,114.5204577,200.0,15.0,-0.04,196.8,42.0,30.8,2065.5,2819.00,10.0,2.0,2.5,NR5G-SA,n79,-105,-105,-11,17,-85,7.7,C3228E004,569
2026-06-10 16:06:29.224,2026-06-10 16:08:25.474,22.6620648,114.5204470,200.0,15.0,-0.02,196.8,42.0,30.8,2064.3,2822.76,10.0,2.0,2.5,NR5G-SA,n79,-105,-105,-11,17,-85,8.2,C3228E004,569
2026-06-10 16:06:29.425,2026-06-10 16:08:25.674,22.6620648,114.5204470,200.0,15.0,-0.02,196.8,42.0,30.8,2064.3,2822.76,10.0,2.0,2.5,NR5G-SA,n79,-108,-108,-11,17,-88,9.8,C3228E004,569
2026-06-10 16:06:29.625,2026-06-10 16:08:25.874,22.6620327,114.5204364,200.0,15.0,-0.06,196.8,25.9,30.8,2063.0,2826.49,10.0,2.0,2.5,NR5G-SA,n79,-108,-108,-11,17,-88,3.9,C3228E004,569
2026-06-10 16:06:29.825,2026-06-10 16:08:26.074,22.6620004,114.5204257,200.0,14.9,0.04,196.8,25.9,27.3,2061.8,2830.25,10.0,2.0,2.5,NR5G-SA,n79,-44,-44,-11,17,-24,5.2,C3228E001,568
2026-06-10 16:06:30.026,2026-06-10 16:08:26.074,22.6620004,114.5204257,200.0,14.9,0.04,196.8,25.9,27.3,2061.8,2830.25,10.0,2.0,2.5,NR5G-SA,n79,-44,-44,-11,17,-24,5.2,C3228E001,568
2026-06-10 16:06:30.226,2026-06-10 16:08:26.474,22.6619360,114.5204043,200.0,15.0,-0.03,196.9,25.9,27.3,2059.4,2837.75,10.0,2.0,2.5,NR5G-SA,n79,-44,-44,-11,17,-24,9.0,C3228E001,568
2026-06-10 16:06:30.426,2026-06-10 16:08:26.674,22.6619360,114.5204043,200.0,15.0,-0.03,196.9,25.9,27.3,2059.4,2837.75,10.0,2.0,2.5,NR5G-SA,n79,-109,-109,-11,13,-89,10.0,C3228E001,568
2026-06-10 16:06:30.627,2026-06-10 16:08:26.874,22.6619039,114.5203936,200.0,15.0,0.01,197.0,37.2,27.3,2058.2,2841.49,10.0,2.0,2.5,NR5G-SA,n79,-109,-109,-11,13,-89,7.6,C3228E001,568
2026-06-10 16:06:30.827,2026-06-10 16:08:26.874,22.6618717,114.5203828,200.0,14.9,0.08,197.2,37.2,27.3,2057.0,2845.24,10.0,2.0,2.5,NR5G-SA,n79,-109,-109,-11,13,-89,9.2,C3228E001,568
2026-06-10 16:06:31.027,2026-06-10 16:08:27.074,22.6618397,114.5203720,200.0,14.9,0.08,197.3,37.2,27.5,2055.7,2848.97,10.0,2.0,2.5,NR5G-SA,n79,-108,-108,-19,8,-88,19.4,C3228E004,569
2026-06-10 16:06:31.228,2026-06-10 16:08:27.474,22.6618075,114.5203613,200.0,14.9,0.02,197.4,37.2,27.5,2054.6,2852.72,10.0,2.0,2.5,NR5G-SA,n79,-108,-108,-19,8,-88,9.9,C3228E004,569
2026-06-10 16:06:31.428,2026-06-10 16:08:27.674,22.6618075,114.5203613,200.0,14.9,0.02,197.4,37.2,27.5,2054.6,2852.72,10.0,2.0,2.5,NR5G-SA,n79,-108,-108,-19,8,-88,9.8,C3228E004,569
2026-06-10 16:06:31.628,2026-06-10 16:08:27.874,22.6617751,114.5203506,200.0,15.0,0.03,197.4,33.2,27.5,2053.4,2856.49,10.0,2.0,2.5,NR5G-SA,n79,-110,-110,-20,7,-90,6.7,C3228E004,569
2026-06-10 16:06:31.829,2026-06-10 16:08:28.074,22.6617430,114.5203398,200.0,15.0,0.01,197.4,33.2,27.5,2052.2,2860.23,10.0,2.0,2.5,NR5G-SA,n79,-110,-110,-20,7,-90,6.8,C3228E004,569
2026-06-10 16:06:32.029,2026-06-10 16:08:28.474,22.6617107,114.5203291,200.0,14.9,-0.05,197.5,33.2,28.9,2051.0,2863.99,10.0,2.0,2.5,NR5G-SA,n79,-109,-109,-20,7,-89,6.0,C3228E004,569
2026-06-10 16:06:32.229,2026-06-10 16:08:28.474,22.6616784,114.5203183,200.0,15.0,-0.04,197.5,33.2,28.9,2049.8,2867.76,10.0,2.0,2.5,NR5G-SA,n79,-109,-109,-20,7,-89,10.4,C3228E004,569
2026-06-10 16:06:32.430,2026-06-10 16:08:28.674,22.6616784,114.5203183,200.0,15.0,-0.04,197.5,33.2,28.9,2049.8,2867.76,10.0,2.0,2.5,NR5G-SA,n79,-109,-109,-20,7,-89,10.1,C3228E004,569
2026-06-10 16:06:32.630,2026-06-10 16:08:28.874,22.6616462,114.5203076,200.0,14.9,-0.02,197.5,29.7,28.9,2048.7,2871.51,10.0,2.0,2.5,NR5G-SA,n79,-108,-108,-11,8,-88,8.4,C3228E004,569
2026-06-10 16:06:32.830,2026-06-10 16:08:29.074,22.6616140,114.5202969,200.0,15.0,-0.03,197.5,29.7,28.9,2047.5,2875.25,10.0,2.0,2.5,NR5G-SA,n79,-108,-108,-11,8,-88,6.7,C3228E004,569
2026-06-10 16:06:33.031,2026-06-10 16:08:29.474,22.6615817,114.5202862,200.0,14.9,0.02,197.4,29.7,29.3,2046.4,2879.01,10.0,2.0,2.5,NR5G-SA,n79,-108,-108,-11,8,-88,4.5,C3228E004,569
2026-06-10 16:06:33.231,2026-06-10 16:08:29.474,22.6615817,114.5202862,200.0,14.9,0.02,197.4,29.7,29.3,2046.4,2879.01,10.0,2.0,2.5,NR5G-SA,n79,-101,-101,-11,17,-81,9.0,C3228E001,568
2026-06-10 16:06:33.431,2026-06-10 16:08:29.674,22.6615494,114.5202756,200.0,15.0,-0.04,197.2,29.7,29.3,2045.3,2882.77,10.0,2.0,2.5,NR5G-SA,n79,-101,-101,-11,17,-81,9.0,C3228E001,568
2026-06-10 16:06:33.632,2026-06-10 16:08:29.874,22.6615171,114.5202650,200.0,14.9,0.01,197.1,39.5,29.3,2044.1,2886.53,10.0,2.0,2.5,NR5G-SA,n79,-101,-101,-11,17,-81,8.5,C3228E001,568
2026-06-10 16:06:33.832,2026-06-10 16:08:30.074,22.6614851,114.5202544,200.0,14.9,0.04,197.3,39.5,29.3,2043.0,2890.25,10.0,2.0,2.5,NR5G-SA,n79,-103,-103,-11,16,-83,6.4,C3228E001,568
2026-06-10 16:06:34.032,2026-06-10 16:08:30.474,22.6614529,114.5202437,200.0,14.9,0.02,197.4,39.5,29.4,2041.9,2894.00,10.0,2.0,2.5,NR5G-SA,n79,-103,-103,-11,16,-83,5.1,C3228E001,568
2026-06-10 16:06:34.233,2026-06-10 16:08:30.674,22.6614207,114.5202329,200.0,14.9,0.01,197.4,39.5,29.4,2040.8,2897.75,10.0,2.0,2.5,NR5G-SA,n79,-104,-104,-11,16,-84,6.1,C3228E001,568
2026-06-10 16:06:34.433,2026-06-10 16:08:30.674,22.6614207,114.5202329,200.0,14.9,0.01,197.4,39.5,29.4,2040.8,2897.75,10.0,2.0,2.5,NR5G-SA,n79,-104,-104,-11,16,-84,11.3,C3228E001,568
2026-06-10 16:06:34.634,2026-06-10 16:08:30.874,22.6613884,114.5202221,200.0,15.0,-0.03,197.4,23.0,29.4,2039.6,2901.52,10.0,2.0,2.5,NR5G-SA,n79,-104,-104,-11,16,-84,8.5,C3228E001,568
2026-06-10 16:06:34.834,2026-06-10 16:08:31.074,22.6613563,114.5202114,200.0,14.9,0.03,197.5,23.0,29.4,2038.5,2905.26,10.0,2.0,2.5,NR5G-SA,n79,-106,-106,-11,16,-86,5.8,C3228E001,568
2026-06-10 16:06:35.034,2026-06-10 16:08:31.474,22.6613241,114.5202007,200.0,14.9,-0.00,197.5,23.0,29.3,2037.4,2909.01,10.0,2.0,2.5,NR5G-SA,n79,-106,-106,-11,16,-86,5.9,C3228E001,568
2026-06-10 16:06:35.235,2026-06-10 16:08:31.474,22.6612919,114.5201900,200.0,15.0,-0.00,197.4,23.0,29.3,2036.4,2912.75,10.0,2.0,2.5,NR5G-SA,n79,-106,-106,-11,16,-86,9.9,C3228E001,568
2026-06-10 16:06:35.435,2026-06-10 16:08:31.674,22.6612919,114.5201900,200.0,15.0,-0.00,197.4,23.0,29.3,2036.4,2912.75,10.0,2.0,2.5,NR5G-SA,n79,-106,-106,-11,17,-86,10.3,C3228E001,568
2026-06-10 16:06:35.635,2026-06-10 16:08:31.874,22.6612596,114.5201793,200.0,14.9,0.02,197.4,0.0,29.3,2035.3,2916.51,10.0,2.0,2.5,NR5G-SA,n79,-106,-106,-11,17,-86,9.2,C3228E001,568
2026-06-10 16:06:35.836,2026-06-10 16:08:32.074,22.6612273,114.5201685,200.0,15.0,-0.01,197.4,0.0,29.3,2034.2,2920.28,10.0,2.0,2.5,NR5G-SA,n79,-106,-106,-11,17,-86,5.4,C3228E001,568
2026-06-10 16:06:36.036,2026-06-10 16:08:32.074,22.6612273,114.5201685,200.0,15.0,-0.01,197.4,0.0,29.3,2034.2,2920.28,10.0,2.0,2.5,NR5G-SA,n79,-106,-106,-11,17,-86,5.4,C3228E001,568
2026-06-10 16:06:36.236,2026-06-10 16:08:32.474,22.6611948,114.5201578,200.0,14.9,0.04,197.3,0.0,39.2,2033.1,2924.06,10.0,2.0,2.5,NR5G-SA,n79,-106,-106,-11,17,-86,9.8,C3228E001,568
2026-06-10 16:06:36.437,2026-06-10 16:08:32.674,22.6611625,114.5201471,200.0,15.0,0.02,197.3,0.0,39.2,2032.1,2927.82,10.0,2.0,2.5,NR5G-SA,n79,-101,-101,-11,18,-81,10.4,C3228E001,568
2026-06-10 16:06:36.637,2026-06-10 16:08:32.874,22.6611302,114.5201364,200.0,14.9,-0.05,197.3,11.7,39.2,2031.0,2931.58,10.0,2.0,2.5,NR5G-SA,n79,-105,-105,-11,11,-85,9.5,C3228E004,569
2026-06-10 16:06:36.838,2026-06-10 16:08:33.074,22.6610981,114.5201256,200.0,14.9,-0.07,197.2,11.7,39.2,2029.9,2935.32,10.0,2.0,2.5,NR5G-SA,n79,-105,-105,-11,11,-85,6.6,C3228E004,569
2026-06-10 16:06:37.038,2026-06-10 16:08:33.474,22.6610659,114.5201148,200.0,14.9,-0.06,197.2,11.7,39.2,2028.9,2939.07,10.0,2.0,2.5,NR5G-SA,n79,-105,-105,-11,11,-85,5.6,C3228E004,569
2026-06-10 16:06:37.238,2026-06-10 16:08:33.474,22.6610338,114.5201041,200.0,14.9,-0.04,197.2,11.7,37.5,2027.8,2942.81,10.0,2.0,2.5,NR5G-SA,n79,-105,-105,-11,11,-85,12.0,C3228E004,569
2026-06-10 16:06:37.439,2026-06-10 16:08:33.674,22.6610338,114.5201041,200.0,14.9,-0.04,197.2,11.7,37.5,2027.8,2942.81,10.0,2.0,2.5,NR5G-SA,n79,-105,-105,-11,11,-85,12.6,C3228E004,569
2026-06-10 16:06:37.639,2026-06-10 16:08:33.874,22.6610015,114.5200934,200.0,14.9,-0.02,197.2,0.0,37.5,2026.8,2946.57,10.0,2.0,2.5,NR5G-SA,n79,-105,-105,-11,11,-85,8.6,C3228E004,569
2026-06-10 16:06:37.839,2026-06-10 16:08:34.074,22.6609693,114.5200827,200.0,14.9,0.00,197.2,0.0,37.5,2025.8,2950.32,10.0,2.0,2.5,NR5G-SA,n79,-105,-105,-11,11,-85,4.9,C3228E004,569
2026-06-10 16:06:38.040,2026-06-10 16:08:34.474,22.6609371,114.5200720,200.0,14.9,-0.01,197.2,0.0,37.5,2024.8,2954.07,10.0,2.0,2.5,NR5G-SA,n79,-105,-105,-11,11,-85,5.7,C3228E004,569
2026-06-10 16:06:38.240,2026-06-10 16:08:34.474,22.6609048,114.5200613,200.0,14.9,0.00,197.2,0.0,37.6,2023.8,2957.83,10.0,2.0,2.5,NR5G-SA,n79,-105,-105,-11,11,-85,8.4,C3228E004,569
2026-06-10 16:06:38.440,2026-06-10 16:08:34.674,22.6609048,114.5200613,200.0,14.9,0.00,197.2,0.0,37.6,2023.8,2957.83,10.0,2.0,2.5,NR5G-SA,n79,-103,-103,-11,11,-83,11.6,C3228E004,569
2026-06-10 16:06:38.641,2026-06-10 16:08:34.874,22.6608726,114.5200506,200.0,15.0,-0.02,197.2,0.8,37.6,2022.7,2961.58,10.0,2.0,2.5,NR5G-SA,n79,-103,-103,-11,11,-83,7.6,C3228E004,569
2026-06-10 16:06:38.841,2026-06-10 16:08:35.074,22.6608403,114.5200399,200.0,14.9,-0.05,197.2,0.8,37.6,2021.7,2965.34,10.0,2.0,2.5,NR5G-SA,n79,-104,-104,-11,12,-84,6.7,C3228E004,569
2026-06-10 16:06:39.042,2026-06-10 16:08:35.474,22.6608082,114.5200291,200.0,14.9,-0.00,197.2,0.8,37.6,2020.7,2969.08,10.0,2.0,2.5,NR5G-SA,n79,-104,-104,-11,12,-84,4.9,C3228E004,569
2026-06-10 16:06:39.242,2026-06-10 16:08:35.474,22.6607761,114.5200183,200.0,14.9,-0.03,197.3,0.8,37.9,2019.7,2972.82,10.0,2.0,2.5,NR5G-SA,n79,-103,-103,-11,13,-83,7.4,C3228E004,569
2026-06-10 16:06:39.442,2026-06-10 16:08:35.674,22.6607761,114.5200183,200.0,14.9,-0.03,197.3,0.8,37.9,2019.7,2972.82,10.0,2.0,2.5,NR5G-SA,n79,-103,-103,-11,13,-83,9.5,C3228E004,569
2026-06-10 16:06:39.643,2026-06-10 16:08:35.874,22.6607439,114.5200075,200.0,14.9,-0.01,197.5,0.0,37.9,2018.8,2976.57,10.0,2.0,2.5,NR5G-SA,n79,-103,-103,-11,13,-83,7.5,C3228E004,569
2026-06-10 16:06:39.843,2026-06-10 16:08:36.074,22.6607117,114.5199969,200.0,14.9,0.03,197.6,0.0,37.9,2017.8,2980.32,10.0,2.0,2.5,NR5G-SA,n79,-102,-102,-11,13,-82,7.2,C3228E004,569
2026-06-10 16:06:40.043,2026-06-10 16:08:36.474,22.6606794,114.5199862,200.0,14.9,-0.01,197.5,0.0,37.9,2016.8,2984.08,10.0,2.0,2.5,NR5G-SA,n79,-102,-102,-11,13,-82,5.3,C3228E004,569
2026-06-10 16:06:40.244,2026-06-10 16:08:36.474,22.6606472,114.5199755,200.0,14.9,-0.02,197.5,0.0,37.9,2015.9,2987.83,10.0,2.0,2.5,NR5G-SA,n79,-102,-102,-11,13,-82,9.8,C3228E004,569
2026-06-10 16:06:40.444,2026-06-10 16:08:36.674,22.6606472,114.5199755,200.0,14.9,-0.02,197.5,0.0,37.9,2015.9,2987.83,10.0,2.0,2.5,NR5G-SA,n79,-104,-104,-11,15,-84,10.9,C3228E004,569
2026-06-10 16:06:40.644,2026-06-10 16:08:36.874,22.6606149,114.5199648,200.0,14.9,-0.04,197.4,9.7,37.9,2014.9,2991.59,10.0,2.0,2.5,NR5G-SA,n79,-104,-104,-11,15,-84,9.1,C3228E004,569
2026-06-10 16:06:40.845,2026-06-10 16:08:37.074,22.6605827,114.5199541,200.0,14.9,-0.00,197.5,9.7,37.9,2014.0,2995.34,10.0,2.0,2.5,NR5G-SA,n79,-104,-104,-11,15,-84,5.3,C3228E004,569
2026-06-10 16:06:41.045,2026-06-10 16:08:37.474,22.6605506,114.5199434,200.0,14.9,-0.03,197.4,9.7,37.9,2013.0,2999.08,10.0,2.0,2.5,NR5G-SA,n79,-102,-102,-11,15,-82,6.0,C3228E004,569
2026-06-10 16:06:41.245,2026-06-10 16:08:37.474,22.6605186,114.5199327,200.0,14.9,-0.05,197.4,9.7,20.0,2012.1,3002.80,10.0,2.0,2.5,NR5G-SA,n79,-102,-102,-11,15,-82,8.8,C3228E004,569
2026-06-10 16:06:41.446,2026-06-10 16:08:37.674,22.6605186,114.5199327,200.0,14.9,-0.05,197.4,9.7,20.0,2012.1,3002.80,10.0,2.0,2.5,NR5G-SA,n79,-106,-106,-11,17,-86,11.1,C3228E004,569
2026-06-10 16:06:41.646,2026-06-10 16:08:37.874,22.6604866,114.5199221,200.0,14.9,-0.01,197.5,21.9,20.0,2011.2,3006.53,10.0,2.0,2.5,NR5G-SA,n79,-106,-106,-11,17,-86,9.8,C3228E004,569
2026-06-10 16:06:41.846,2026-06-10 16:08:38.074,22.6604544,114.5199114,200.0,14.9,-0.00,197.6,21.9,20.0,2010.2,3010.28,10.0,2.0,2.5,NR5G-SA,n79,-106,-106,-11,17,-86,7.0,C3228E004,569
2026-06-10 16:06:42.047,2026-06-10 16:08:38.474,22.6604223,114.5199007,200.0,14.9,-0.04,197.6,21.9,20.0,2009.3,3014.02,10.0,2.0,2.5,NR5G-SA,n79,-103,-103,-11,17,-83,5.1,C3228E004,569
2026-06-10 16:06:42.247,2026-06-10 16:08:38.474,22.6603902,114.5198900,200.0,14.9,-0.02,197.4,21.9,19.4,2008.4,3017.76,10.0,2.0,2.5,NR5G-SA,n79,-103,-103,-11,17,-83,7.3,C3228E004,569
2026-06-10 16:06:42.447,2026-06-10 16:08:38.674,22.6603580,114.5198793,200.0,14.9,-0.02,197.4,21.9,19.4,2007.5,3021.51,10.0,2.0,2.5,NR5G-SA,n79,-103,-103,-11,17,-83,10.1,C3228E004,569
2026-06-10 16:06:42.648,2026-06-10 16:08:38.874,22.6603580,114.5198793,200.0,14.9,-0.02,197.4,39.9,19.4,2007.5,3021.51,10.0,2.0,2.5,NR5G-SA,n79,-103,-103,-11,17,-83,7.3,C3228E004,569
2026-06-10 16:06:42.848,2026-06-10 16:08:39.074,22.6603258,114.5198686,200.0,14.9,0.03,197.5,39.9,19.4,2006.6,3025.25,10.0,2.0,2.5,NR5G-SA,n79,-103,-103,-11,17,-83,7.2,C3228E004,569
2026-06-10 16:06:43.048,2026-06-10 16:08:39.474,22.6602936,114.5198580,200.0,15.0,0.01,197.5,39.9,19.4,2005.7,3029.00,10.0,2.0,2.5,NR5G-SA,n79,-103,-103,-11,17,-83,5.3,C3228E004,569
2026-06-10 16:06:43.249,2026-06-10 16:08:39.474,22.6602613,114.5198474,200.0,14.9,0.00,197.4,39.9,20.0,2004.9,3032.76,10.0,2.0,2.5,NR5G-SA,n79,-104,-104,-11,18,-84,7.7,C3228E004,569
2026-06-10 16:06:43.449,2026-06-10 16:08:39.674,22.6602613,114.5198474,200.0,14.9,0.00,197.4,39.9,20.0,2004.9,3032.76,10.0,2.0,2.5,NR5G-SA,n79,-104,-104,-11,18,-84,9.2,C3228E004,569
2026-06-10 16:06:43.650,2026-06-10 16:08:39.874,22.6602290,114.5198367,200.0,15.0,-0.06,197.4,29.8,20.0,2004.0,3036.52,10.0,2.0,2.5,NR5G-SA,n79,-103,-103,-11,18,-83,10.3,C3228E004,569
2026-06-10 16:06:43.850,2026-06-10 16:08:40.074,22.6601968,114.5198261,200.0,14.9,-0.02,197.4,29.8,20.0,2003.1,3040.26,10.0,2.0,2.5,NR5G-SA,n79,-103,-103,-11,18,-83,7.0,C3228E004,569
2026-06-10 16:06:44.050,2026-06-10 16:08:40.474,22.6601648,114.5198155,200.0,14.9,-0.07,197.3,29.8,20.0,2002.3,3043.99,10.0,2.0,2.5,NR5G-SA,n79,-103,-103,-11,18,-83,5.1,C3228E004,569
2026-06-10 16:06:44.251,2026-06-10 16:08:40.474,22.6601327,114.5198049,200.0,15.0,-0.03,197.2,29.8,20.1,2001.4,3047.72,10.0,2.0,2.5,NR5G-SA,n79,-103,-103,-11,16,-83,6.4,C3228E004,569
2026-06-10 16:06:44.451,2026-06-10 16:08:40.674,22.6601006,114.5197943,200.0,15.0,-0.03,197.3,29.8,20.1,2000.6,3051.46,10.0,2.0,2.5,NR5G-SA,n79,-103,-103,-11,16,-83,10.0,C3228E004,569
2026-06-10 16:06:44.651,2026-06-10 16:08:40.874,22.6601006,114.5197943,200.0,14.9,-0.05,197.3,29.8,20.1,2000.6,3051.46,10.0,2.0,2.5,NR5G-SA,n79,-103,-103,-11,16,-83,9.4,C3228E004,569
2026-06-10 16:06:44.852,2026-06-10 16:08:41.074,22.6600685,114.5197837,200.0,15.0,0.00,197.4,34.0,20.1,1999.8,3055.20,10.0,2.0,2.5,NR5G-SA,n79,-105,-105,-11,17,-85,5.4,C3228E004,569
2026-06-10 16:06:45.052,2026-06-10 16:08:41.474,22.6600362,114.5197729,200.0,15.0,0.02,197.4,34.0,20.1,1998.9,3058.96,10.0,2.0,2.5,NR5G-SA,n79,-105,-105,-11,17,-85,5.1,C3228E004,569
2026-06-10 16:06:45.253,2026-06-10 16:08:41.674,22.6600038,114.5197621,200.0,15.0,0.00,197.4,34.0,20.1,1998.1,3062.73,10.0,2.0,2.5,NR5G-SA,n79,-105,-105,-11,17,-85,7.1,C3228E004,569
2026-06-10 16:06:45.453,2026-06-10 16:08:41.674,22.6599715,114.5197512,200.0,15.0,0.00,197.3,34.0,19.9,1997.2,3066.50,10.0,2.0,2.5,NR5G-SA,n79,-104,-104,-11,17,-84,10.1,C3228E004,569
2026-06-10 16:06:45.653,2026-06-10 16:08:41.874,22.6599715,114.5197512,200.0,15.0,0.00,197.3,34.0,19.9,1997.2,3066.50,10.0,2.0,2.5,NR5G-SA,n79,-104,-104,-11,17,-84,11.2,C3228E004,569
2026-06-10 16:06:45.854,2026-06-10 16:08:42.074,22.6599393,114.5197404,200.0,15.0,-0.03,197.1,36.0,19.9,1996.4,3070.25,10.0,2.0,2.5,NR5G-SA,n79,-105,-105,-11,18,-85,7.5,C3228E004,569
2026-06-10 16:06:46.054,2026-06-10 16:08:42.474,22.6599069,114.5197297,200.0,15.0,-0.02,197.1,36.0,19.9,1995.6,3074.02,10.0,2.0,2.5,NR5G-SA,n79,-105,-105,-11,18,-85,7.3,C3228E004,569
2026-06-10 16:06:46.254,2026-06-10 16:08:42.474,22.6598746,114.5197191,200.0,15.0,-0.02,197.0,36.0,19.9,1994.8,3077.78,10.0,2.0,2.5,NR5G-SA,n79,-105,-105,-11,18,-85,7.4,C3228E004,569
2026-06-10 16:06:46.455,2026-06-10 16:08:42.674,22.6598423,114.5197084,200.0,15.0,-0.05,196.9,36.0,20.3,1994.0,3081.54,10.0,2.0,2.5,NR5G-SA,n79,-107,-107,-11,18,-87,10.1,C3228E004,569
2026-06-10 16:06:46.655,2026-06-10 16:08:42.874,22.6598423,114.5197084,200.0,15.0,-0.05,196.9,36.0,20.3,1994.0,3081.54,10.0,2.0,2.5,NR5G-SA,n79,-107,-107,-11,18,-87,5.5,C3228E004,569
2026-06-10 16:06:46.856,2026-06-10 16:08:43.074,22.6598102,114.5196978,200.0,15.0,-0.07,196.9,27.9,20.3,1993.2,3085.27,10.0,2.0,2.5,NR5G-SA,n79,-107,-107,-11,18,-87,6.0,C3228E004,569
2026-06-10 16:06:47.056,2026-06-10 16:08:43.474,22.6597781,114.5196871,200.0,14.9,-0.01,197.1,27.9,20.3,1992.4,3089.01,10.0,2.0,2.5,NR5G-SA,n79,-104,-104,-11,19,-84,6.2,C3228E004,569
2026-06-10 16:06:47.256,2026-06-10 16:08:43.674,22.6597459,114.5196763,200.0,14.9,0.03,197.2,27.9,20.3,1991.7,3092.76,10.0,2.0,2.5,NR5G-SA,n79,-104,-104,-11,19,-84,6.8,C3228E004,569
2026-06-10 16:06:47.457,2026-06-10 16:08:43.674,22.6597138,114.5196655,200.0,15.0,-0.04,197.2,27.9,21.3,1990.9,3096.51,10.0,2.0,2.5,NR5G-SA,n79,-104,-104,-11,19,-84,10.2,C3228E004,569
2026-06-10 16:06:47.657,2026-06-10 16:08:43.874,22.6597138,114.5196655,200.0,15.0,-0.04,197.2,27.9,21.3,1990.9,3096.51,10.0,2.0,2.5,NR5G-SA,n79,-105,-105,-11,19,-85,10.7,C3228E004,569
2026-06-10 16:06:47.857,2026-06-10 16:08:44.074,22.6596816,114.5196548,200.0,15.0,-0.06,197.2,40.6,21.3,1990.1,3100.25,10.0,2.0,2.5,NR5G-SA,n79,-105,-105,-11,19,-85,7.9,C3228E004,569
2026-06-10 16:06:48.058,2026-06-10 16:08:44.474,22.6596493,114.5196440,200.0,14.9,-0.12,197.1,40.6,21.3,1989.4,3104.02,10.0,2.0,2.5,NR5G-SA,n79,-103,-103,-11,19,-83,6.5,C3228E004,569
2026-06-10 16:06:48.258,2026-06-10 16:08:44.474,22.6596170,114.5196333,200.0,14.9,-0.07,197.1,40.6,21.3,1988.6,3107.78,10.0,2.0,2.5,NR5G-SA,n79,-103,-103,-11,19,-83,9.4,C3228E004,569
2026-06-10 16:06:48.458,2026-06-10 16:08:44.674,22.6595849,114.5196227,200.0,14.9,-0.05,197.0,40.6,22.8,1987.9,3111.51,10.0,2.0,2.5,NR5G-SA,n79,-103,-103,-11,19,-83,11.0,C3228E004,569
2026-06-10 16:06:48.659,2026-06-10 16:08:44.874,22.6595849,114.5196227,200.0,14.9,-0.05,197.0,40.6,22.8,1987.9,3111.51,10.0,2.0,2.5,NR5G-SA,n79,-104,-104,-11,20,-84,14.9,C3228E004,569
2026-06-10 16:06:48.859,2026-06-10 16:08:45.074,22.6595528,114.5196121,200.0,14.9,0.01,196.9,20.4,22.8,1987.2,3115.25,10.0,2.0,2.5,NR5G-SA,n79,-104,-104,-11,20,-84,7.5,C3228E004,569
2026-06-10 16:06:49.059,2026-06-10 16:08:45.474,22.6595207,114.5196015,200.0,14.9,0.02,196.8,20.4,22.8,1986.4,3118.98,10.0,2.0,2.5,NR5G-SA,n79,-104,-104,-11,20,-84,6.2,C3228E004,569
2026-06-10 16:06:49.260,2026-06-10 16:08:45.674,22.6594885,114.5195908,200.0,15.0,-0.01,196.7,20.4,22.8,1985.7,3122.73,10.0,2.0,2.5,NR5G-SA,n79,-101,-101,-11,19,-81,7.7,C3228E004,569
2026-06-10 16:06:49.460,2026-06-10 16:08:45.674,22.6594562,114.5195801,200.0,15.0,-0.01,196.7,20.4,24.1,1985.0,3126.49,10.0,2.0,2.5,NR5G-SA,n79,-101,-101,-11,19,-81,10.8,C3228E004,569
2026-06-10 16:06:49.660,2026-06-10 16:08:45.874,22.6594562,114.5195801,200.0,15.0,-0.01,196.7,20.4,24.1,1985.0,3126.49,10.0,2.0,2.5,NR5G-SA,n79,-101,-101,-11,19,-81,13.9,C3228E004,569
2026-06-10 16:06:49.861,2026-06-10 16:08:46.074,22.6594239,114.5195694,200.0,15.0,0.02,196.8,0.0,24.1,1984.3,3130.25,10.0,2.0,2.5,NR5G-SA,n79,-101,-101,-11,20,-81,8.3,C3228E004,569
2026-06-10 16:06:50.061,2026-06-10 16:08:46.474,22.6593917,114.5195587,200.0,14.9,-0.03,196.9,0.0,24.1,1983.6,3134.00,10.0,2.0,2.5,NR5G-SA,n79,-101,-101,-11,20,-81,5.6,C3228E004,569
2026-06-10 16:06:50.261,2026-06-10 16:08:46.674,22.6593595,114.5195480,200.0,14.9,-0.03,196.8,0.0,24.1,1982.9,3137.75,10.0,2.0,2.5,NR5G-SA,n79,-101,-101,-11,20,-81,5.1,C3228E004,569
2026-06-10 16:06:50.462,2026-06-10 16:08:46.674,22.6593273,114.5195372,200.0,14.9,-0.04,196.9,0.0,24.3,1982.2,3141.50,10.0,2.0,2.5,NR5G-SA,n79,-103,-103,-11,23,-83,7.7,C3228E004,569
2026-06-10 16:06:50.662,2026-06-10 16:08:46.874,22.6593273,114.5195372,200.0,14.9,-0.04,196.9,0.0,24.3,1982.2,3141.50,10.0,2.0,2.5,NR5G-SA,n79,-103,-103,-11,23,-83,10.8,C3228E004,569
2026-06-10 16:06:50.862,2026-06-10 16:08:47.074,22.6592953,114.5195265,200.0,14.9,-0.07,197.1,10.0,24.3,1981.5,3145.23,10.0,2.0,2.5,NR5G-SA,n79,-100,-100,-10,23,-80,7.4,C3228E004,569
2026-06-10 16:06:51.063,2026-06-10 16:08:47.474,22.6592633,114.5195158,200.0,14.9,0.05,197.4,10.0,24.3,1980.8,3148.96,10.0,2.0,2.5,NR5G-SA,n79,-100,-100,-10,23,-80,5.1,C3228E004,569
2026-06-10 16:06:51.263,2026-06-10 16:08:47.674,22.6592312,114.5195049,200.0,15.0,0.09,197.7,10.0,24.3,1980.2,3152.70,10.0,2.0,2.5,NR5G-SA,n79,-100,-100,-10,23,-80,5.4,C3228E004,569
2026-06-10 16:06:51.463,2026-06-10 16:08:47.674,22.6591990,114.5194941,200.0,15.0,0.05,197.9,10.0,24.0,1979.5,3156.46,10.0,2.0,2.5,NR5G-SA,n79,-105,-105,-11,22,-85,9.1,C3228E004,569
2026-06-10 16:06:51.664,2026-06-10 16:08:47.874,22.6591990,114.5194941,200.0,15.0,0.05,197.9,10.0,24.0,1979.5,3156.46,10.0,2.0,2.5,NR5G-SA,n79,-105,-105,-11,22,-85,12.1,C3228E004,569
2026-06-10 16:06:51.864,2026-06-10 16:08:48.074,22.6591669,114.5194833,200.0,15.0,-0.03,197.7,0.0,24.0,1978.8,3160.20,10.0,2.0,2.5,NR5G-SA,n79,-105,-105,-11,22,-85,6.5,C3228E004,569
2026-06-10 16:06:52.065,2026-06-10 16:08:48.474,22.6591347,114.5194726,200.0,14.9,0.00,197.6,0.0,24.0,1978.2,3163.95,10.0,2.0,2.5,NR5G-SA,n79,-104,-104,-11,21,-84,6.0,C3228E004,569
2026-06-10 16:06:52.265,2026-06-10 16:08:48.674,22.6591024,114.5194620,200.0,15.0,-0.04,197.5,0.0,24.0,1977.5,3167.70,10.0,2.0,2.5,NR5G-SA,n79,-104,-104,-11,21,-84,6.8,C3228E004,569
2026-06-10 16:06:52.465,2026-06-10 16:08:48.674,22.6590701,114.5194514,200.0,15.0,-0.06,197.4,0.0,23.2,1976.9,3171.46,10.0,2.0,2.5,NR5G-SA,n79,-104,-104,-11,21,-84,10.7,C3228E004,569
2026-06-10 16:06:52.666,2026-06-10 16:08:48.874,22.6590701,114.5194514,200.0,15.0,-0.06,197.4,0.0,23.2,1976.9,3171.46,10.0,2.0,2.5,NR5G-SA,n79,-103,-103,-11,18,-83,10.5,C3228E004,569
2026-06-10 16:06:52.866,2026-06-10 16:08:49.074,22.6590378,114.5194407,200.0,15.0,-0.05,197.4,2.5,23.2,1976.3,3175.22,10.0,2.0,2.5,NR5G-SA,n79,-103,-103,-11,18,-83,5.0,C3228E004,569
2026-06-10 16:06:53.066,2026-06-10 16:08:49.474,22.6590053,114.5194299,200.0,14.9,0.05,197.6,2.5,23.2,1975.7,3179.01,10.0,2.0,2.5,NR5G-SA,n79,-101,-101,-11,20,-81,4.3,C3228E001,568
2026-06-10 16:06:53.267,2026-06-10 16:08:49.674,22.6589730,114.5194191,200.0,15.0,-0.03,197.6,2.5,23.2,1975.1,3182.77,10.0,2.0,2.5,NR5G-SA,n79,-101,-101,-11,20,-81,5.5,C3228E001,568
2026-06-10 16:06:53.467,2026-06-10 16:08:49.674,22.6589408,114.5194084,200.0,15.0,-0.01,197.6,2.5,23.2,1974.5,3186.52,10.0,2.0,2.5,NR5G-SA,n79,-101,-101,-11,20,-81,10.0,C3228E001,568
2026-06-10 16:06:53.668,2026-06-10 16:08:49.874,22.6589408,114.5194084,200.0,15.0,-0.01,197.6,2.5,19.8,1974.5,3186.52,10.0,2.0,2.5,NR5G-SA,n79,-100,-100,-11,19,-80,13.7,C3228E001,568
2026-06-10 16:06:53.868,2026-06-10 16:08:50.074,22.6589087,114.5193977,200.0,14.9,-0.02,197.5,0.0,19.8,1973.9,3190.26,10.0,2.0,2.5,NR5G-SA,n79,-100,-100,-11,19,-80,8.4,C3228E001,568
2026-06-10 16:06:54.069,2026-06-10 16:08:50.474,22.6588765,114.5193870,200.0,14.9,-0.03,197.6,0.0,19.8,1973.3,3194.01,10.0,2.0,2.5,NR5G-SA,n79,-100,-100,-11,19,-80,6.3,C3228E001,568
2026-06-10 16:06:54.269,2026-06-10 16:08:50.474,22.6588443,114.5193761,200.0,14.9,-0.03,197.6,0.0,19.8,1972.7,3197.76,10.0,2.0,2.5,NR5G-SA,n79,-101,-101,-11,18,-81,8.5,C3228E001,568
2026-06-10 16:06:54.469,2026-06-10 16:08:50.674,22.6588122,114.5193653,200.0,15.0,0.01,197.7,0.0,19.8,1972.1,3201.50,10.0,2.0,2.5,NR5G-SA,n79,-101,-101,-11,18,-81,8.1,C3228E001,568
2026-06-10 16:06:54.669,2026-06-10 16:08:50.874,22.6588122,114.5193653,200.0,15.0,0.01,197.7,0.0,19.0,1972.1,3201.50,10.0,2.0,2.5,NR5G-SA,n79,-101,-101,-11,18,-81,11.5,C3228E001,568
2026-06-10 16:06:54.870,2026-06-10 16:08:51.074,22.6587801,114.5193546,200.0,14.9,0.00,197.7,14.2,19.0,1971.5,3205.24,10.0,2.0,2.5,NR5G-SA,n79,-107,-107,-11,17,-87,7.1,C3228E001,568
2026-06-10 16:06:55.070,2026-06-10 16:08:51.474,22.6587479,114.5193439,200.0,14.9,-0.05,197.7,14.2,19.0,1970.9,3208.99,10.0,2.0,2.5,NR5G-SA,n79,-107,-107,-11,17,-87,5.4,C3228E001,568
2026-06-10 16:06:55.270,2026-06-10 16:08:51.674,22.6587157,114.5193333,200.0,14.9,-0.09,197.8,14.2,19.0,1970.4,3212.74,10.0,2.0,2.5,NR5G-SA,n79,-107,-107,-11,17,-87,5.3,C3228E001,568
2026-06-10 16:06:55.470,2026-06-10 16:08:51.674,22.6586835,114.5193226,200.0,15.0,-0.05,198.0,14.2,19.0,1969.8,3216.49,10.0,2.0,2.5,NR5G-SA,n79,-107,-107,-11,17,-87,7.0,C3228E001,568
2026-06-10 16:06:55.671,2026-06-10 16:08:51.874,22.6586835,114.5193226,200.0,15.0,-0.05,198.0,14.2,18.7,1969.8,3216.49,10.0,2.0,2.5,NR5G-SA,n79,-107,-107,-11,17,-87,12.3,C3228E001,568
2026-06-10 16:06:55.871,2026-06-10 16:08:52.074,22.6586513,114.5193120,200.0,14.9,-0.01,198.2,44.1,18.7,1969.3,3220.23,10.0,2.0,2.5,NR5G-SA,n79,-102,-102,-11,15,-82,7.3,C3228E001,568
2026-06-10 16:06:56.071,2026-06-10 16:08:52.474,22.6586191,114.5193015,200.0,14.9,-0.03,198.3,44.1,18.7,1968.8,3223.97,10.0,2.0,2.5,NR5G-SA,n79,-102,-102,-11,15,-82,4.9,C3228E001,568
2026-06-10 16:06:56.272,2026-06-10 16:08:52.674,22.6585869,114.5192908,200.0,15.0,-0.03,198.3,44.1,18.7,1968.3,3227.72,10.0,2.0,2.5,NR5G-SA,n79,-102,-102,-11,15,-82,4.1,C3228E001,568
2026-06-10 16:06:56.472,2026-06-10 16:08:52.674,22.6585547,114.5192801,200.0,15.0,0.03,198.4,44.1,18.7,1967.8,3231.47,10.0,2.0,2.5,NR5G-SA,n79,-107,-107,-11,13,-87,8.2,C3228E001,568
2026-06-10 16:06:56.672,2026-06-10 16:08:52.874,22.6585547,114.5192801,200.0,15.0,0.03,198.4,44.1,19.6,1967.8,3231.47,10.0,2.0,2.5,NR5G-SA,n79,-107,-107,-11,13,-87,11.0,C3228E001,568
2026-06-10 16:06:56.873,2026-06-10 16:08:52.874,22.6585225,114.5192694,200.0,14.9,0.05,198.3,23.3,19.6,1967.2,3235.22,10.0,2.0,2.5,NR5G-SA,n79,-107,-107,-11,13,-87,24.4,C3228E001,568
2026-06-10 16:06:57.073,2026-06-10 16:08:53.474,22.6584904,114.5192586,200.0,15.0,0.02,198.2,23.3,19.6,1966.7,3238.96,10.0,2.0,2.5,NR5G-SA,n79,-101,-101,-11,24,-81,4.2,C3228E004,569
2026-06-10 16:06:57.273,2026-06-10 16:08:53.674,22.6584582,114.5192478,200.0,15.0,-0.02,198.0,23.3,19.6,1966.2,3242.72,10.0,2.0,2.5,NR5G-SA,n79,-101,-101,-11,24,-81,6.8,C3228E004,569
2026-06-10 16:06:57.473,2026-06-10 16:08:53.674,22.6584259,114.5192371,200.0,15.0,0.01,197.9,23.3,19.6,1965.7,3246.48,10.0,2.0,2.5,NR5G-SA,n79,-97,-97,-10,24,-77,5.7,C3228E004,569
2026-06-10 16:06:57.674,2026-06-10 16:08:53.874,22.6584259,114.5192371,200.0,15.0,0.01,197.9,23.3,20.2,1965.7,3246.48,10.0,2.0,2.5,NR5G-SA,n79,-97,-97,-10,24,-77,9.8,C3228E004,569
2026-06-10 16:06:57.874,2026-06-10 16:08:54.074,22.6583936,114.5192264,200.0,15.0,0.04,197.9,23.3,20.2,1965.2,3250.24,10.0,2.0,2.5,NR5G-SA,n79,-97,-97,-10,24,-77,7.1,C3228E004,569
2026-06-10 16:06:58.074,2026-06-10 16:08:54.474,22.6583613,114.5192158,200.0,15.0,0.03,197.9,35.1,20.2,1964.8,3253.99,10.0,2.0,2.5,NR5G-SA,n79,-99,-99,-10,23,-79,5.3,C3228E004,569
2026-06-10 16:06:58.275,2026-06-10 16:08:54.674,22.6583289,114.5192051,200.0,15.0,0.03,197.9,35.1,20.2,1964.3,3257.76,10.0,2.0,2.5,NR5G-SA,n79,-99,-99,-10,23,-79,4.8,C3228E004,569
2026-06-10 16:06:58.475,2026-06-10 16:08:54.674,22.6582966,114.5191943,200.0,15.0,0.01,197.8,35.1,20.2,1963.8,3261.53,10.0,2.0,2.5,NR5G-SA,n79,-99,-99,-10,23,-79,8.8,C3228E004,569
2026-06-10 16:06:58.676,2026-06-10 16:08:54.874,22.6582966,114.5191943,200.0,15.0,0.01,197.8,35.1,20.1,1963.8,3261.53,10.0,2.0,2.5,NR5G-SA,n79,-96,-96,-10,24,-76,6.7,C3228E004,569
2026-06-10 16:06:58.876,2026-06-10 16:08:55.074,22.6582643,114.5191835,200.0,15.0,0.02,197.8,35.1,20.1,1963.4,3265.29,10.0,2.0,2.5,NR5G-SA,n79,-96,-96,-10,24,-76,7.5,C3228E004,569
2026-06-10 16:06:59.076,2026-06-10 16:08:55.474,22.6582319,114.5191728,200.0,15.0,-0.03,197.6,31.5,20.1,1962.9,3269.06,10.0,2.0,2.5,NR5G-SA,n79,-96,-96,-10,24,-76,5.6,C3228E004,569
2026-06-10 16:06:59.277,2026-06-10 16:08:55.674,22.6581995,114.5191623,200.0,14.9,-0.03,197.5,31.5,20.1,1962.5,3272.82,10.0,2.0,2.5,NR5G-SA,n79,-95,-95,-10,25,-75,8.5,C3228E004,569
2026-06-10 16:06:59.477,2026-06-10 16:08:55.674,22.6581673,114.5191517,200.0,15.0,-0.01,197.3,31.5,20.1,1962.1,3276.57,10.0,2.0,2.5,NR5G-SA,n79,-95,-95,-10,25,-75,6.1,C3228E004,569
2026-06-10 16:06:59.677,2026-06-10 16:08:55.874,22.6581673,114.5191517,200.0,15.0,-0.01,197.3,31.5,19.7,1962.1,3276.57,10.0,2.0,2.5,NR5G-SA,n79,-98,-98,-10,26,-78,9.1,C3228E004,569
2026-06-10 16:06:59.878,2026-06-10 16:08:56.074,22.6581351,114.5191410,200.0,15.0,-0.04,197.2,31.5,19.7,1961.6,3280.32,10.0,2.0,2.5,NR5G-SA,n79,-98,-98,-10,26,-78,5.6,C3228E004,569
2026-06-10 16:07:00.078,2026-06-10 16:08:56.474,22.6581030,114.5191303,200.0,14.9,-0.02,197.2,32.3,19.7,1961.2,3284.06,10.0,2.0,2.5,NR5G-SA,n79,-98,-98,-10,26,-78,7.1,C3228E004,569
2026-06-10 16:07:00.278,2026-06-10 16:08:56.674,22.6580709,114.5191196,200.0,14.9,-0.05,197.4,32.3,19.7,1960.8,3287.80,10.0,2.0,2.5,NR5G-SA,n79,-102,-102,-11,27,-82,4.9,C3228E004,569
2026-06-10 16:07:00.478,2026-06-10 16:08:56.674,22.6580388,114.5191089,200.0,14.9,-0.03,197.5,32.3,19.7,1960.4,3291.54,10.0,2.0,2.5,NR5G-SA,n79,-102,-102,-11,27,-82,8.3,C3228E004,569
2026-06-10 16:07:00.679,2026-06-10 16:08:56.874,22.6580388,114.5191089,200.0,14.9,-0.03,197.5,32.3,19.4,1960.4,3291.54,10.0,2.0,2.5,NR5G-SA,n79,-102,-102,-11,27,-82,8.0,C3228E004,569
2026-06-10 16:07:00.879,2026-06-10 16:08:57.074,22.6580067,114.5190983,200.0,14.9,0.03,197.7,32.3,19.4,1960.0,3295.27,10.0,2.0,2.5,NR5G-SA,n79,-100,-100,-11,26,-80,6.0,C3228E004,569
2026-06-10 16:07:01.079,2026-06-10 16:08:57.474,22.6579745,114.5190876,200.0,14.9,0.01,197.7,37.8,19.4,1959.6,3299.02,10.0,2.0,2.5,NR5G-SA,n79,-100,-100,-11,26,-80,6.0,C3228E004,569
2026-06-10 16:07:01.280,2026-06-10 16:08:57.674,22.6579423,114.5190769,200.0,15.0,0.01,197.7,37.8,19.4,1959.2,3302.77,10.0,2.0,2.5,NR5G-SA,n79,-100,-100,-11,26,-80,6.5,C3228E004,569
2026-06-10 16:07:01.480,2026-06-10 16:08:57.674,22.6579101,114.5190661,200.0,14.9,-0.01,197.6,37.8,19.4,1958.8,3306.52,10.0,2.0,2.5,NR5G-SA,n79,-100,-100,-11,24,-80,9.2,C3228E004,569
2026-06-10 16:07:01.680,2026-06-10 16:08:57.874,22.6579101,114.5190661,200.0,14.9,-0.01,197.6,37.8,17.4,1958.8,3306.52,10.0,2.0,2.5,NR5G-SA,n79,-100,-100,-11,24,-80,8.6,C3228E004,569
2026-06-10 16:07:01.881,2026-06-10 16:08:58.074,22.6578778,114.5190554,200.0,15.0,0.10,197.3,37.8,17.4,1958.5,3310.28,10.0,2.0,2.5,NR5G-SA,n79,-97,-97,-10,22,-77,8.9,C3228E004,569
2026-06-10 16:07:02.081,2026-06-10 16:08:58.474,22.6578457,114.5190448,200.0,14.9,-0.00,197.2,25.1,17.4,1958.1,3314.02,10.0,2.0,2.5,NR5G-SA,n79,-97,-97,-10,22,-77,5.5,C3228E004,569
2026-06-10 16:07:02.281,2026-06-10 16:08:58.674,22.6578134,114.5190341,200.0,14.9,0.03,197.2,25.1,17.4,1957.7,3317.78,10.0,2.0,2.5,NR5G-SA,n79,-97,-97,-10,22,-77,6.0,C3228E004,569
2026-06-10 16:07:02.481,2026-06-10 16:08:58.674,22.6577812,114.5190234,200.0,14.9,0.04,197.2,25.1,17.4,1957.4,3321.53,10.0,2.0,2.5,NR5G-SA,n79,-97,-97,-10,22,-77,7.8,C3228E004,569
2026-06-10 16:07:02.682,2026-06-10 16:08:58.874,22.6577812,114.5190234,200.0,14.9,0.04,197.2,25.1,16.6,1957.4,3321.53,10.0,2.0,2.5,NR5G-SA,n79,-97,-97,-10,22,-77,9.7,C3228E004,569
2026-06-10 16:07:02.882,2026-06-10 16:08:59.074,22.6577491,114.5190128,200.0,14.9,0.04,197.2,25.1,16.6,1957.1,3325.26,10.0,2.0,2.5,NR5G-SA,n79,-97,-97,-10,22,-77,6.0,C3228E004,569
2026-06-10 16:07:03.083,2026-06-10 16:08:59.474,22.6577168,114.5190021,200.0,14.9,-0.03,197.1,42.7,16.6,1956.7,3329.02,10.0,2.0,2.5,NR5G-SA,n79,-97,-97,-10,22,-77,5.5,C3228E004,569
2026-06-10 16:07:03.283,2026-06-10 16:08:59.674,22.6576844,114.5189914,200.0,15.0,-0.02,197.1,42.7,16.6,1956.4,3332.79,10.0,2.0,2.5,NR5G-SA,n79,-97,-97,-10,22,-77,4.9,C3228E004,569
2026-06-10 16:07:03.483,2026-06-10 16:08:59.674,22.6576523,114.5189807,200.0,14.9,-0.03,197.0,42.7,16.6,1956.1,3336.53,10.0,2.0,2.5,NR5G-SA,n79,-97,-97,-10,22,-77,8.4,C3228E004,569
2026-06-10 16:07:03.684,2026-06-10 16:08:59.874,22.6576523,114.5189807,200.0,14.9,-0.03,197.0,42.7,16.6,1956.1,3336.53,10.0,2.0,2.5,NR5G-SA,n79,-97,-97,-10,22,-77,11.1,C3228E004,569
2026-06-10 16:07:03.884,2026-06-10 16:09:00.074,22.6576200,114.5189700,200.0,14.9,-0.00,197.0,42.7,17.0,1955.8,3340.29,10.0,2.0,2.5,NR5G-SA,n79,-99,-99,-10,25,-79,7.3,C3228E004,569
2026-06-10 16:07:04.084,2026-06-10 16:09:00.474,22.6575879,114.5189594,200.0,14.9,0.04,196.8,16.1,17.0,1955.5,3344.03,10.0,2.0,2.5,NR5G-SA,n79,-101,-101,-10,21,-81,5.2,C3228E004,569
2026-06-10 16:07:04.285,2026-06-10 16:09:00.674,22.6575558,114.5189487,200.0,14.9,-0.03,196.7,16.1,17.0,1955.2,3347.77,10.0,2.0,2.5,NR5G-SA,n79,-101,-101,-10,21,-81,6.7,C3228E004,569
2026-06-10 16:07:04.485,2026-06-10 16:09:00.674,22.6575237,114.5189380,200.0,15.0,0.03,196.7,16.1,17.0,1954.9,3351.50,10.0,2.0,2.5,NR5G-SA,n79,-101,-101,-10,21,-81,10.1,C3228E004,569
2026-06-10 16:07:04.685,2026-06-10 16:09:00.874,22.6575237,114.5189380,200.0,15.0,0.03,196.7,16.1,17.0,1954.9,3351.50,10.0,2.0,2.5,NR5G-SA,n79,-100,-100,-10,20,-80,9.6,C3228E004,569
2026-06-10 16:07:04.885,2026-06-10 16:09:01.073,22.6574915,114.5189274,200.0,14.9,0.04,196.6,16.1,17.0,1954.6,3355.25,10.0,2.0,2.5,NR5G-SA,n79,-100,-100,-10,20,-80,6.2,C3228E004,569
2026-06-10 16:07:05.086,2026-06-10 16:09:01.473,22.6574593,114.5189167,200.0,14.9,0.05,196.7,0.0,17.0,1954.3,3359.00,10.0,2.0,2.5,NR5G-SA,n79,-100,-100,-10,20,-80,4.7,C3228E004,569
2026-06-10 16:07:05.286,2026-06-10 16:09:01.673,22.6574272,114.5189059,200.0,14.9,-0.01,196.9,0.0,17.0,1954.0,3362.74,10.0,2.0,2.5,NR5G-SA,n79,-100,-100,-10,21,-80,5.7,C3228E004,569
2026-06-10 16:07:05.486,2026-06-10 16:09:01.673,22.6573951,114.5188951,200.0,15.0,0.04,196.9,0.0,17.0,1953.7,3366.48,10.0,2.0,2.5,NR5G-SA,n79,-100,-100,-10,21,-80,7.0,C3228E004,569
2026-06-10 16:07:05.687,2026-06-10 16:09:01.873,22.6573951,114.5188951,200.0,15.0,0.04,196.9,0.0,17.0,1953.7,3366.48,10.0,2.0,2.5,NR5G-SA,n79,-100,-100,-10,21,-80,10.8,C3228E004,569
2026-06-10 16:07:05.887,2026-06-10 16:09:02.073,22.6573629,114.5188843,200.0,15.0,-0.03,196.8,0.0,17.5,1953.5,3370.24,10.0,2.0,2.5,NR5G-SA,n79,-97,-97,-10,20,-77,7.5,C3228E004,569
2026-06-10 16:07:06.087,2026-06-10 16:09:02.473,22.6573304,114.5188735,200.0,14.9,-0.04,196.7,4.6,17.5,1953.2,3374.02,10.0,2.0,2.5,NR5G-SA,n79,-97,-97,-10,20,-77,6.6,C3228E004,569
2026-06-10 16:07:06.288,2026-06-10 16:09:02.673,22.6572985,114.5188629,200.0,14.9,-0.02,196.7,4.6,17.5,1953.0,3377.73,10.0,2.0,2.5,NR5G-SA,n79,-104,-104,-11,22,-84,4.1,C3228E004,569
2026-06-10 16:07:06.488,2026-06-10 16:09:02.673,22.6572663,114.5188523,200.0,15.0,-0.00,196.7,4.6,17.5,1952.8,3381.48,10.0,2.0,2.5,NR5G-SA,n79,-104,-104,-11,22,-84,6.3,C3228E004,569
2026-06-10 16:07:06.688,2026-06-10 16:09:02.873,22.6572663,114.5188523,200.0,15.0,-0.00,196.7,4.6,17.5,1952.8,3381.48,10.0,2.0,2.5,NR5G-SA,n79,-104,-104,-11,22,-84,10.6,C3228E004,569
2026-06-10 16:07:06.888,2026-06-10 16:09:03.073,22.6572340,114.5188416,200.0,15.0,-0.01,196.7,4.6,18.5,1952.5,3385.24,10.0,2.0,2.5,NR5G-SA,n79,-101,-101,-10,22,-81,5.5,C3228E004,569
2026-06-10 16:07:07.089,2026-06-10 16:09:03.473,22.6572018,114.5188308,200.0,14.9,0.01,196.7,0.0,18.5,1952.3,3388.99,10.0,2.0,2.5,NR5G-SA,n79,-101,-101,-10,22,-81,6.1,C3228E004,569
2026-06-10 16:07:07.289,2026-06-10 16:09:03.673,22.6571695,114.5188201,200.0,14.9,0.01,196.7,0.0,18.5,1952.1,3392.75,10.0,2.0,2.5,NR5G-SA,n79,-101,-101,-10,22,-81,6.2,C3228E004,569
2026-06-10 16:07:07.489,2026-06-10 16:09:03.673,22.6571373,114.5188093,200.0,14.9,0.02,196.7,0.0,18.5,1951.9,3396.50,10.0,2.0,2.5,NR5G-SA,n79,-97,-97,-10,21,-77,6.8,C3228E004,569
2026-06-10 16:07:07.690,2026-06-10 16:09:03.873,22.6571373,114.5188093,200.0,14.9,0.02,196.7,0.0,18.5,1951.9,3396.50,10.0,2.0,2.5,NR5G-SA,n79,-97,-97,-10,21,-77,13.8,C3228E004,569
2026-06-10 16:07:07.890,2026-06-10 16:09:04.073,22.6571051,114.5187986,200.0,14.9,0.04,196.8,0.0,18.1,1951.7,3400.25,10.0,2.0,2.5,NR5G-SA,n79,-97,-97,-10,21,-77,5.9,C3228E004,569
2026-06-10 16:07:08.090,2026-06-10 16:09:04.473,22.6570730,114.5187878,200.0,15.0,-0.07,196.9,7.4,18.1,1951.5,3403.99,10.0,2.0,2.5,NR5G-SA,n79,-106,-106,-11,18,-86,5.4,C3228E004,569
2026-06-10 16:07:08.290,2026-06-10 16:09:04.673,22.6570409,114.5187772,200.0,14.9,-0.06,196.9,7.4,18.1,1951.3,3407.73,10.0,2.0,2.5,NR5G-SA,n79,-106,-106,-11,18,-86,5.9,C3228E004,569
2026-06-10 16:07:08.491,2026-06-10 16:09:04.673,22.6570087,114.5187665,200.0,15.0,-0.01,197.0,7.4,18.1,1951.1,3411.48,10.0,2.0,2.5,NR5G-SA,n79,-106,-106,-11,18,-86,4.9,C3228E004,569
2026-06-10 16:07:08.691,2026-06-10 16:09:04.873,22.6570087,114.5187665,200.0,15.0,-0.01,197.0,7.4,18.1,1951.1,3411.48,10.0,2.0,2.5,NR5G-SA,n79,-98,-98,-11,21,-78,14.5,C3228E004,569
2026-06-10 16:07:08.891,2026-06-10 16:09:05.073,22.6569764,114.5187558,200.0,14.9,-0.04,197.0,7.4,18.6,1950.9,3415.24,10.0,2.0,2.5,NR5G-SA,n79,-98,-98,-11,21,-78,6.3,C3228E004,569
2026-06-10 16:07:09.092,2026-06-10 16:09:05.473,22.6569443,114.5187451,200.0,14.9,0.00,197.0,0.0,18.6,1950.8,3418.98,10.0,2.0,2.5,NR5G-SA,n79,-102,-102,-11,21,-82,5.7,C3228E004,569
2026-06-10 16:07:09.292,2026-06-10 16:09:05.673,22.6569122,114.5187344,200.0,14.9,-0.05,197.0,0.0,18.6,1950.6,3422.72,10.0,2.0,2.5,NR5G-SA,n79,-102,-102,-11,21,-82,4.7,C3228E004,569
2026-06-10 16:07:09.492,2026-06-10 16:09:05.673,22.6568800,114.5187237,200.0,14.9,-0.01,196.9,0.0,18.6,1950.5,3426.47,10.0,2.0,2.5,NR5G-SA,n79,-102,-102,-11,21,-82,6.1,C3228E004,569
2026-06-10 16:07:09.693,2026-06-10 16:09:05.873,22.6568800,114.5187237,200.0,14.9,-0.01,196.9,0.0,18.6,1950.5,3426.47,10.0,2.0,2.5,NR5G-SA,n79,-98,-98,-11,21,-78,10.6,C3228E004,569
2026-06-10 16:07:09.893,2026-06-10 16:09:06.073,22.6568478,114.5187130,200.0,14.9,-0.01,196.8,0.0,18.2,1950.3,3430.22,10.0,2.0,2.5,NR5G-SA,n79,-98,-98,-11,21,-78,4.1,C3228E004,569
2026-06-10 16:07:10.093,2026-06-10 16:09:06.473,22.6568155,114.5187023,200.0,14.9,0.02,196.9,18.4,18.2,1950.2,3433.98,10.0,2.0,2.5,NR5G-SA,n79,-98,-98,-11,21,-78,5.1,C3228E004,569
2026-06-10 16:07:10.293,2026-06-10 16:09:06.673,22.6567832,114.5186915,200.0,14.9,-0.04,196.9,18.4,18.2,1950.0,3437.74,10.0,2.0,2.5,NR5G-SA,n79,-100,-100,-11,20,-80,5.0,C3228E004,569
2026-06-10 16:07:10.494,2026-06-10 16:09:06.673,22.6567510,114.5186809,200.0,14.9,-0.05,196.9,18.4,18.2,1949.9,3441.48,10.0,2.0,2.5,NR5G-SA,n79,-100,-100,-11,20,-80,6.8,C3228E004,569
2026-06-10 16:07:10.694,2026-06-10 16:09:06.873,22.6567510,114.5186809,200.0,14.9,-0.05,196.9,18.4,18.2,1949.9,3441.48,10.0,2.0,2.5,NR5G-SA,n79,-100,-100,-11,20,-80,12.9,C3228E004,569
2026-06-10 16:07:10.894,2026-06-10 16:09:07.073,22.6567188,114.5186702,200.0,14.9,0.01,196.9,18.4,18.8,1949.8,3445.23,10.0,2.0,2.5,NR5G-SA,n79,-108,-108,-11,20,-88,8.8,C3228E004,569
2026-06-10 16:07:11.095,2026-06-10 16:09:07.473,22.6566866,114.5186595,200.0,14.9,-0.02,196.8,41.5,18.8,1949.7,3448.98,10.0,2.0,2.5,NR5G-SA,n79,-108,-108,-11,20,-88,6.2,C3228E004,569
2026-06-10 16:07:11.295,2026-06-10 16:09:07.673,22.6566546,114.5186490,200.0,14.7,0.04,196.7,41.5,18.8,1949.6,3452.70,10.0,2.0,2.5,NR5G-SA,n79,-102,-102,-11,18,-82,5.4,C3228E004,569
2026-06-10 16:07:11.495,2026-06-10 16:09:07.873,22.6566230,114.5186386,200.0,14.6,0.01,196.5,41.5,18.8,1949.5,3456.38,10.0,2.0,2.5,NR5G-SA,n79,-102,-102,-11,18,-82,4.7,C3228E004,569
2026-06-10 16:07:11.695,2026-06-10 16:09:07.873,22.6566230,114.5186386,200.0,14.6,0.01,196.5,41.5,18.8,1949.5,3456.38,10.0,2.0,2.5,NR5G-SA,n79,-102,-102,-11,18,-82,14.0,C3228E004,569
2026-06-10 16:07:11.896,2026-06-10 16:09:08.073,22.6565918,114.5186282,200.1,14.4,0.03,196.5,41.5,18.3,1949.5,3460.01,10.0,2.0,2.5,NR5G-SA,n79,-101,-101,-11,17,-81,7.3,C3228E004,569
2026-06-10 16:07:12.096,2026-06-10 16:09:08.473,22.6565614,114.5186182,200.1,14.0,0.00,196.6,26.6,18.3,1949.4,3463.55,10.0,2.0,2.5,NR5G-SA,n79,-101,-101,-11,17,-81,5.6,C3228E004,569
2026-06-10 16:07:12.296,2026-06-10 16:09:08.673,22.6565318,114.5186085,200.1,13.6,0.02,196.7,26.6,18.3,1949.3,3466.99,10.0,2.0,2.5,NR5G-SA,n79,-101,-101,-11,17,-81,7.4,C3228E004,569
2026-06-10 16:07:12.497,2026-06-10 16:09:08.873,22.6565031,114.5185992,200.1,13.2,-0.02,196.7,26.6,18.3,1949.3,3470.33,10.0,2.0,2.5,NR5G-SA,n79,-105,-105,-11,17,-85,4.9,C3228E004,569
2026-06-10 16:07:12.697,2026-06-10 16:09:08.873,22.6565031,114.5185992,200.1,13.2,-0.02,196.7,26.6,18.3,1949.3,3470.33,10.0,2.0,2.5,NR5G-SA,n79,-105,-105,-11,17,-85,10.7,C3228E004,569
2026-06-10 16:07:12.897,2026-06-10 16:09:09.073,22.6564754,114.5185900,200.1,12.7,-0.05,196.8,26.6,18.3,1949.2,3473.55,10.0,2.0,2.5,NR5G-SA,n79,-105,-105,-11,17,-85,5.9,C3228E004,569
2026-06-10 16:07:13.098,2026-06-10 16:09:09.473,22.6564488,114.5185812,200.1,12.2,-0.02,196.9,36.5,19.5,1949.2,3476.65,10.0,2.0,2.5,NR5G-SA,n79,-99,-99,-11,17,-79,5.3,C3228E004,569
2026-06-10 16:07:13.298,2026-06-10 16:09:09.673,22.6564234,114.5185727,200.1,11.5,-0.05,196.9,36.5,19.5,1949.2,3479.61,10.0,2.0,2.5,NR5G-SA,n79,-99,-99,-11,17,-79,5.6,C3228E004,569
2026-06-10 16:07:13.498,2026-06-10 16:09:09.673,22.6563995,114.5185647,200.1,10.9,-0.10,197.1,36.5,19.5,1949.1,3482.39,10.0,2.0,2.5,NR5G-SA,n79,-100,-100,-11,18,-80,6.5,C3228E004,569
2026-06-10 16:07:13.699,2026-06-10 16:09:09.873,22.6563770,114.5185573,200.1,10.3,-0.11,197.1,36.5,19.5,1949.1,3485.01,10.0,2.0,2.5,NR5G-SA,n79,-100,-100,-11,18,-80,11.2,C3228E004,569
2026-06-10 16:07:13.899,2026-06-10 16:09:10.073,22.6563770,114.5185573,200.1,10.3,-0.11,197.1,36.5,19.5,1949.1,3485.01,10.0,2.0,2.5,NR5G-SA,n79,-100,-100,-11,18,-80,7.3,C3228E004,569
2026-06-10 16:07:14.100,2026-06-10 16:09:10.473,22.6563557,114.5185504,200.0,9.6,-0.13,196.9,33.7,19.1,1949.1,3487.49,10.0,2.0,2.5,NR5G-SA,n79,-106,-106,-11,19,-86,5.2,C3228E004,569
2026-06-10 16:07:14.300,2026-06-10 16:09:10.673,22.6563357,114.5185439,200.0,9.0,-0.12,196.8,33.7,19.1,1949.1,3489.81,10.0,2.0,2.5,NR5G-SA,n79,-106,-106,-11,19,-86,5.0,C3228E004,569
2026-06-10 16:07:14.501,2026-06-10 16:09:10.673,22.6563170,114.5185376,200.0,8.5,-0.08,196.7,33.7,19.1,1949.1,3491.99,10.0,2.0,2.5,NR5G-SA,n79,-106,-106,-11,19,-86,5.8,C3228E004,569
2026-06-10 16:07:14.701,2026-06-10 16:09:10.873,22.6563170,114.5185376,200.0,8.5,-0.08,196.7,33.7,19.1,1949.1,3491.99,10.0,2.0,2.5,NR5G-SA,n79,-101,-101,-11,19,-81,10.2,C3228E004,569
2026-06-10 16:07:14.901,2026-06-10 16:09:11.073,22.6562994,114.5185315,200.0,8.0,-0.06,197.1,33.7,19.1,1949.0,3494.05,10.0,2.0,2.5,NR5G-SA,n79,-101,-101,-11,19,-81,6.1,C3228E004,569
2026-06-10 16:07:15.101,2026-06-10 16:09:11.473,22.6562830,114.5185253,200.0,7.5,-0.08,198.1,30.2,21.2,1949.0,3495.98,10.0,2.0,2.5,NR5G-SA,n79,-101,-101,-11,19,-81,5.2,C3228E004,569
2026-06-10 16:07:15.302,2026-06-10 16:09:11.673,22.6562675,114.5185190,200.0,7.0,-0.01,199.6,30.2,21.2,1948.8,3497.82,10.0,2.0,2.5,NR5G-SA,n79,-100,-100,-11,19,-80,4.5,C3228E004,569
2026-06-10 16:07:15.502,2026-06-10 16:09:11.673,22.6562530,114.5185125,200.0,6.7,0.01,201.9,30.2,21.2,1948.7,3499.57,10.0,2.0,2.5,NR5G-SA,n79,-100,-100,-11,19,-80,6.9,C3228E004,569
2026-06-10 16:07:15.702,2026-06-10 16:09:11.873,22.6562530,114.5185125,200.0,6.7,0.01,201.9,30.2,21.2,1948.7,3499.57,10.0,2.0,2.5,NR5G-SA,n79,-99,-99,-11,20,-79,12.6,C3228E004,569
2026-06-10 16:07:15.903,2026-06-10 16:09:12.073,22.6562395,114.5185056,200.0,6.4,0.01,204.8,30.2,21.2,1948.4,3501.23,10.0,2.0,2.5,NR5G-SA,n79,-99,-99,-11,20,-79,7.4,C3228E004,569
2026-06-10 16:07:16.103,2026-06-10 16:09:12.473,22.6562269,114.5184984,200.0,6.1,0.01,208.4,39.8,22.2,1948.1,3502.82,10.0,2.0,2.5,NR5G-SA,n79,-99,-99,-11,20,-79,7.9,C3228E004,569
2026-06-10 16:07:16.304,2026-06-10 16:09:12.673,22.6562151,114.5184907,200.0,5.9,-0.02,212.4,39.8,22.2,1947.8,3504.35,10.0,2.0,2.5,NR5G-SA,n79,-100,-100,-11,20,-80,5.9,C3228E004,569
2026-06-10 16:07:16.504,2026-06-10 16:09:12.673,22.6562042,114.5184823,200.0,5.8,-0.02,217.0,39.8,22.2,1947.3,3505.84,10.0,2.0,2.5,NR5G-SA,n79,-100,-100,-11,20,-80,6.9,C3228E004,569
2026-06-10 16:07:16.704,2026-06-10 16:09:12.873,22.6562042,114.5184823,200.0,5.8,-0.02,217.0,39.8,22.2,1947.3,3505.84,10.0,2.0,2.5,NR5G-SA,n79,-100,-100,-11,20,-80,9.9,C3228E004,569
2026-06-10 16:07:16.905,2026-06-10 16:09:13.073,22.6561942,114.5184731,200.0,5.7,-0.01,221.8,39.8,22.2,1946.7,3507.30,10.0,2.0,2.5,NR5G-SA,n79,-106,-106,-11,16,-86,5.2,C3228E004,569
2026-06-10 16:07:17.105,2026-06-10 16:09:13.473,22.6561849,114.5184631,200.0,5.7,-0.03,226.3,21.3,22.0,1946.1,3508.76,10.0,2.0,2.5,NR5G-SA,n79,-106,-106,-11,16,-86,4.8,C3228E004,569
2026-06-10 16:07:17.306,2026-06-10 16:09:13.673,22.6561762,114.5184521,200.0,5.9,-0.05,230.5,21.3,22.0,1945.3,3510.25,10.0,2.0,2.5,NR5G-SA,n79,-106,-106,-11,16,-86,7.5,C3228E004,569
2026-06-10 16:07:17.506,2026-06-10 16:09:13.673,22.6561679,114.5184401,200.0,6.1,-0.07,234.2,21.3,22.0,1944.4,3511.79,10.0,2.0,2.5,NR5G-SA,n79,-99,-99,-11,17,-79,7.6,C3228E004,569
2026-06-10 16:07:17.706,2026-06-10 16:09:13.873,22.6561679,114.5184401,200.0,6.1,-0.07,234.2,21.3,22.0,1944.4,3511.79,10.0,2.0,2.5,NR5G-SA,n79,-99,-99,-11,17,-79,10.8,C3228E004,569
2026-06-10 16:07:17.907,2026-06-10 16:09:14.073,22.6561599,114.5184272,200.0,6.4,-0.04,237.2,21.3,22.0,1943.4,3513.38,10.0,2.0,2.5,NR5G-SA,n79,-110,-110,-11,21,-90,7.2,C3228E004,569
2026-06-10 16:07:18.107,2026-06-10 16:09:14.473,22.6561520,114.5184132,200.0,6.7,-0.01,239.5,41.7,21.7,1942.2,3515.07,10.0,2.0,2.5,NR5G-SA,n79,-110,-110,-11,21,-90,5.3,C3228E004,569
2026-06-10 16:07:18.308,2026-06-10 16:09:14.673,22.6561441,114.5183981,200.0,7.2,-0.02,241.1,41.7,21.7,1941.0,3516.85,10.0,2.0,2.5,NR5G-SA,n79,-110,-110,-11,21,-90,5.9,C3228E004,569
2026-06-10 16:07:18.508,2026-06-10 16:09:14.673,22.6561360,114.5183820,200.0,7.6,-0.04,242.2,41.7,21.7,1939.7,3518.74,10.0,2.0,2.5,NR5G-SA,n79,-112,-112,-11,18,-92,6.3,C3228E004,569
2026-06-10 16:07:18.708,2026-06-10 16:09:14.873,22.6561277,114.5183646,200.0,7.6,-0.04,242.9,41.7,21.7,1938.3,3520.75,10.0,2.0,2.5,NR5G-SA,n79,-112,-112,-11,18,-92,11.2,C3228E004,569
2026-06-10 16:07:18.909,2026-06-10 16:09:15.073,22.6561277,114.5183646,200.0,8.1,-0.02,242.9,41.7,21.7,1938.3,3520.75,10.0,2.0,2.5,NR5G-SA,n79,-112,-112,-11,18,-92,7.3,C3228E004,569
2026-06-10 16:07:19.109,2026-06-10 16:09:15.473,22.6561190,114.5183459,200.0,8.7,-0.01,243.2,16.9,21.5,1936.7,3522.90,10.0,2.0,2.5,NR5G-SA,n79,-107,-107,-11,13,-87,6.0,C3228E004,569
2026-06-10 16:07:19.310,2026-06-10 16:09:15.673,22.6561097,114.5183260,200.0,9.3,0.00,243.3,16.9,21.5,1935.1,3525.19,10.0,2.0,2.5,NR5G-SA,n79,-107,-107,-11,13,-87,7.6,C3228E004,569
2026-06-10 16:07:19.510,2026-06-10 16:09:15.673,22.6561097,114.5183260,200.0,9.3,0.00,243.3,16.9,21.5,1935.1,3525.19,10.0,2.0,2.5,NR5G-SA,n79,-107,-107,-11,13,-87,6.7,C3228E004,569
2026-06-10 16:07:19.711,2026-06-10 16:09:15.873,22.6560998,114.5183046,200.0,10.0,-0.02,243.1,16.9,21.5,1933.3,3527.65,10.0,2.0,2.5,NR5G-SA,n79,-101,-101,-11,13,-81,4.5,C3228E001,568
2026-06-10 16:07:19.911,2026-06-10 16:09:16.073,22.6560892,114.5182819,200.0,10.6,-0.03,242.7,16.9,21.5,1931.5,3530.26,10.0,2.0,2.5,NR5G-SA,n79,-101,-101,-11,13,-81,7.2,C3228E001,568
2026-06-10 16:07:20.111,2026-06-10 16:09:16.473,22.6560780,114.5182578,200.0,11.2,-0.02,242.3,0.0,21.4,1929.5,3533.04,10.0,2.0,2.5,NR5G-SA,n79,-104,-104,-11,13,-84,5.1,C3228E001,568
2026-06-10 16:07:20.311,2026-06-10 16:09:16.673,22.6560662,114.5182324,199.9,11.9,-0.03,242.2,0.0,21.4,1927.4,3535.96,10.0,2.0,2.5,NR5G-SA,n79,-104,-104,-11,13,-84,4.4,C3228E001,568
2026-06-10 16:07:20.512,2026-06-10 16:09:16.873,22.6560538,114.5182057,199.9,12.5,0.05,242.0,0.0,21.4,1925.2,3539.03,10.0,2.0,2.5,NR5G-SA,n79,-104,-104,-11,13,-84,5.5,C3228E001,568
2026-06-10 16:07:20.712,2026-06-10 16:09:16.873,22.6560538,114.5182057,199.9,12.5,0.05,242.0,0.0,21.4,1925.2,3539.03,10.0,2.0,2.5,NR5G-SA,n79,-100,-100,-11,13,-80,12.3,C3228E001,568
2026-06-10 16:07:20.912,2026-06-10 16:09:17.073,22.6560410,114.5181779,199.9,13.0,0.05,242.0,0.0,21.4,1923.0,3542.22,10.0,2.0,2.5,NR5G-SA,n79,-100,-100,-11,13,-80,8.0,C3228E001,568
2026-06-10 16:07:21.112,2026-06-10 16:09:17.473,22.6560278,114.5181490,199.9,13.4,0.04,242.0,5.2,20.6,1920.6,3545.53,10.0,2.0,2.5,NR5G-SA,n79,-100,-100,-11,13,-80,5.4,C3228E001,568
2026-06-10 16:07:21.313,2026-06-10 16:09:17.673,22.6560141,114.5181192,199.9,13.9,0.04,242.1,5.2,20.6,1918.1,3548.95,10.0,2.0,2.5,NR5G-SA,n79,-99,-99,-11,14,-79,6.0,C3228E001,568
2026-06-10 16:07:21.513,2026-06-10 16:09:17.673,22.6560000,114.5180888,200.0,14.2,0.08,242.1,5.2,20.6,1915.7,3552.45,10.0,2.0,2.5,NR5G-SA,n79,-99,-99,-11,14,-79,6.6,C3228E001,568
2026-06-10 16:07:21.713,2026-06-10 16:09:17.873,22.6560000,114.5180888,200.0,14.2,0.08,242.1,5.2,20.6,1915.7,3552.45,10.0,2.0,2.5,NR5G-SA,n79,-99,-99,-11,14,-79,10.2,C3228E001,568
2026-06-10 16:07:21.914,2026-06-10 16:09:18.073,22.6559856,114.5180577,200.0,14.5,0.03,242.1,5.2,20.6,1913.1,3556.02,10.0,2.0,2.5,NR5G-SA,n79,-98,-98,-11,13,-78,6.4,C3228E001,568
2026-06-10 16:07:22.114,2026-06-10 16:09:18.473,22.6559711,114.5180261,200.0,14.7,0.03,242.1,0.0,20.6,1910.5,3559.65,10.0,2.0,2.5,NR5G-SA,n79,-98,-98,-11,13,-78,4.9,C3228E001,568
2026-06-10 16:07:22.315,2026-06-10 16:09:18.673,22.6559563,114.5179941,200.0,14.9,0.05,242.1,0.0,22.1,1907.9,3563.33,10.0,2.0,2.5,NR5G-SA,n79,-102,-102,-11,12,-82,5.9,C3228E001,568
2026-06-10 16:07:22.515,2026-06-10 16:09:18.673,22.6559414,114.5179619,200.0,15.0,0.04,242.1,0.0,22.1,1905.3,3567.03,10.0,2.0,2.5,NR5G-SA,n79,-102,-102,-11,12,-82,6.2,C3228E001,568
2026-06-10 16:07:22.715,2026-06-10 16:09:18.873,22.6559264,114.5179295,200.0,15.1,0.04,242.2,0.0,22.1,1902.7,3570.75,10.0,2.0,2.5,NR5G-SA,n79,-102,-102,-11,12,-82,9.4,C3228E001,568
2026-06-10 16:07:22.916,2026-06-10 16:09:19.073,22.6559264,114.5179295,200.0,15.1,0.04,242.2,0.0,22.1,1902.7,3570.75,10.0,2.0,2.5,NR5G-SA,n79,-105,-105,-11,11,-85,6.5,C3228E001,568
2026-06-10 16:07:23.116,2026-06-10 16:09:19.473,22.6559113,114.5178971,200.0,15.1,0.02,242.2,8.1,22.1,1900.1,3574.48,10.0,2.0,2.5,NR5G-SA,n79,-105,-105,-11,11,-85,6.7,C3228E001,568
2026-06-10 16:07:23.316,2026-06-10 16:09:19.673,22.6558963,114.5178648,200.0,15.1,0.02,242.2,8.1,23.3,1897.5,3578.19,10.0,2.0,2.5,NR5G-SA,n79,-105,-105,-11,11,-85,5.6,C3228E001,568
2026-06-10 16:07:23.517,2026-06-10 16:09:19.873,22.6558811,114.5178324,200.0,15.1,-0.07,242.3,8.1,23.3,1894.9,3581.93,10.0,2.0,2.5,NR5G-SA,n79,-105,-105,-11,12,-85,4.0,C3228E001,568
2026-06-10 16:07:23.717,2026-06-10 16:09:19.873,22.6558659,114.5177998,200.0,15.2,-0.01,242.6,8.1,23.3,1892.2,3585.68,10.0,2.0,2.5,NR5G-SA,n79,-105,-105,-11,12,-85,13.8,C3228E001,568
2026-06-10 16:07:23.918,2026-06-10 16:09:20.073,22.6558659,114.5177998,200.0,15.2,-0.01,242.6,8.1,23.3,1892.2,3585.68,10.0,2.0,2.5,NR5G-SA,n79,-105,-105,-11,12,-85,13.6,C3228E001,568
2026-06-10 16:07:24.118,2026-06-10 16:09:20.473,22.6558505,114.5177671,200.0,15.2,0.01,242.6,0.0,23.3,1889.6,3589.45,10.0,2.0,2.5,NR5G-SA,n79,-106,-106,-11,11,-86,6.0,C3228E001,568
2026-06-10 16:07:24.319,2026-06-10 16:09:20.673,22.6558352,114.5177344,200.0,15.1,0.03,242.6,0.0,24.4,1887.0,3593.22,10.0,2.0,2.5,NR5G-SA,n79,-106,-106,-11,11,-86,5.4,C3228E001,568
2026-06-10 16:07:24.519,2026-06-10 16:09:20.873,22.6558198,114.5177016,200.0,15.2,-0.02,242.6,0.0,24.4,1884.4,3597.00,10.0,2.0,2.5,NR5G-SA,n79,-106,-106,-11,11,-86,6.4,C3228E001,568
2026-06-10 16:07:24.719,2026-06-10 16:09:20.873,22.6558044,114.5176687,200.0,15.2,0.02,242.6,0.0,24.4,1881.7,3600.79,10.0,2.0,2.5,NR5G-SA,n79,-109,-109,-11,11,-89,10.9,C3228E001,568
2026-06-10 16:07:24.919,2026-06-10 16:09:21.073,22.6558044,114.5176687,200.0,15.2,0.02,242.6,0.0,24.4,1881.7,3600.79,10.0,2.0,2.5,NR5G-SA,n79,-109,-109,-11,11,-89,9.4,C3228E001,568
2026-06-10 16:07:25.120,2026-06-10 16:09:21.473,22.6557890,114.5176358,200.0,15.2,-0.03,242.6,0.0,24.4,1879.1,3604.58,10.0,2.0,2.5,NR5G-SA,n79,-104,-104,-11,11,-84,6.0,C3228E001,568
2026-06-10 16:07:25.320,2026-06-10 16:09:21.673,22.6557736,114.5176028,200.0,15.1,-0.01,242.5,17.2,25.5,1876.5,3608.38,10.0,2.0,2.5,NR5G-SA,n79,-104,-104,-11,11,-84,6.5,C3228E001,568
2026-06-10 16:07:25.520,2026-06-10 16:09:21.873,22.6557582,114.5175699,200.0,15.1,0.06,242.5,17.2,25.5,1873.9,3612.17,10.0,2.0,2.5,NR5G-SA,n79,-104,-104,-11,11,-84,6.2,C3228E001,568
2026-06-10 16:07:25.721,2026-06-10 16:09:21.873,22.6557428,114.5175371,200.0,15.1,0.01,242.4,17.2,25.5,1871.2,3615.95,10.0,2.0,2.5,NR5G-SA,n79,-105,-105,-11,10,-85,12.2,C3228E001,568
2026-06-10 16:07:25.921,2026-06-10 16:09:22.073,22.6557428,114.5175371,200.0,15.1,0.01,242.4,17.2,25.5,1871.2,3615.95,10.0,2.0,2.5,NR5G-SA,n79,-105,-105,-11,10,-85,8.5,C3228E001,568
2026-06-10 16:07:26.121,2026-06-10 16:09:22.473,22.6557274,114.5175043,200.0,15.1,0.03,242.4,17.2,25.5,1868.6,3619.73,10.0,2.0,2.5,NR5G-SA,n79,-105,-105,-11,10,-85,11.0,C3228E001,568
2026-06-10 16:07:26.322,2026-06-10 16:09:22.673,22.6557121,114.5174714,200.0,15.1,-0.03,242.3,41.7,24.7,1866.0,3623.51,10.0,2.0,2.5,NR5G-SA,n79,-107,-107,-11,10,-87,6.8,C3228E001,568
2026-06-10 16:07:26.522,2026-06-10 16:09:22.673,22.6556967,114.5174387,200.0,15.1,-0.06,242.4,41.7,24.7,1863.5,3627.28,10.0,2.0,2.5,NR5G-SA,n79,-107,-107,-11,10,-87,8.4,C3228E001,568
2026-06-10 16:07:26.722,2026-06-10 16:09:22.873,22.6556814,114.5174059,200.0,15.0,0.04,242.4,41.7,24.7,1860.9,3631.06,10.0,2.0,2.5,NR5G-SA,n79,-107,-107,-11,10,-87,11.0,C3228E001,568
2026-06-10 16:07:26.922,2026-06-10 16:09:23.073,22.6556814,114.5174059,200.0,15.0,0.04,242.4,41.7,24.7,1860.9,3631.06,10.0,2.0,2.5,NR5G-SA,n79,-108,-108,-11,11,-88,8.9,C3228E001,568
2026-06-10 16:07:27.123,2026-06-10 16:09:23.473,22.6556660,114.5173730,200.0,15.0,-0.00,242.4,41.7,24.7,1858.3,3634.85,10.0,2.0,2.5,NR5G-SA,n79,-108,-108,-11,11,-88,7.1,C3228E001,568
2026-06-10 16:07:27.323,2026-06-10 16:09:23.673,22.6556507,114.5173404,200.0,15.1,-0.00,242.5,26.3,24.8,1855.7,3638.60,10.0,2.0,2.5,NR5G-SA,n79,-107,-107,-11,12,-87,4.7,C3228E001,568
2026-06-10 16:07:27.523,2026-06-10 16:09:23.873,22.6556353,114.5173077,200.0,15.0,0.00,242.4,26.3,24.8,1853.1,3642.38,10.0,2.0,2.5,NR5G-SA,n79,-107,-107,-11,12,-87,4.5,C3228E001,568
2026-06-10 16:07:27.724,2026-06-10 16:09:23.873,22.6556200,114.5172751,200.0,14.9,0.02,242.4,26.3,24.8,1850.6,3646.13,10.0,2.0,2.5,NR5G-SA,n79,-107,-107,-11,12,-87,11.4,C3228E001,568
2026-06-10 16:07:27.924,2026-06-10 16:09:24.073,22.6556200,114.5172751,200.0,14.9,0.02,242.4,26.3,24.8,1850.6,3646.13,10.0,2.0,2.5,NR5G-SA,n79,-105,-105,-11,10,-85,11.9,C3228E001,568
2026-06-10 16:07:28.124,2026-06-10 16:09:24.473,22.6556048,114.5172426,200.0,15.0,0.00,242.6,26.3,24.8,1848.0,3649.88,10.0,2.0,2.5,NR5G-SA,n79,-105,-105,-11,10,-85,10.5,C3228E001,568
2026-06-10 16:07:28.325,2026-06-10 16:09:24.673,22.6555895,114.5172099,200.0,15.0,0.06,242.7,36.7,25.0,1845.5,3653.64,10.0,2.0,2.5,NR5G-SA,n79,-105,-105,-11,10,-85,8.1,C3228E001,568
2026-06-10 16:07:28.525,2026-06-10 16:09:24.873,22.6555743,114.5171773,200.0,15.0,0.02,242.9,36.7,25.0,1842.9,3657.39,10.0,2.0,2.5,NR5G-SA,n79,-108,-108,-11,10,-88,5.8,C3228E001,568
2026-06-10 16:07:28.725,2026-06-10 16:09:24.873,22.6555590,114.5171445,200.0,15.0,0.04,243.1,36.7,25.0,1840.4,3661.17,10.0,2.0,2.5,NR5G-SA,n79,-108,-108,-11,10,-88,10.4,C3228E001,568
2026-06-10 16:07:28.926,2026-06-10 16:09:25.073,22.6555590,114.5171445,200.0,15.0,0.04,243.1,36.7,25.0,1840.4,3661.17,10.0,2.0,2.5,NR5G-SA,n79,-108,-108,-11,10,-88,9.8,C3228E001,568
2026-06-10 16:07:29.126,2026-06-10 16:09:25.473,22.6555438,114.5171118,200.0,15.0,0.01,243.2,36.7,25.0,1837.8,3664.93,10.0,2.0,2.5,NR5G-SA,n79,-104,-104,-11,10,-84,9.9,C3228E001,568
2026-06-10 16:07:29.326,2026-06-10 16:09:25.673,22.6555286,114.5170792,200.0,15.0,0.01,243.2,33.2,25.0,1835.3,3668.68,10.0,2.0,2.5,NR5G-SA,n79,-104,-104,-11,10,-84,7.1,C3228E001,568
2026-06-10 16:07:29.527,2026-06-10 16:09:25.873,22.6555134,114.5170466,200.0,14.9,0.04,243.2,33.2,24.6,1832.7,3672.44,10.0,2.0,2.5,NR5G-SA,n79,-108,-108,-11,11,-88,4.6,C3228E001,568
2026-06-10 16:07:29.727,2026-06-10 16:09:26.073,22.6554982,114.5170139,200.0,15.0,-0.03,243.2,33.2,24.6,1830.2,3676.20,10.0,2.0,2.5,NR5G-SA,n79,-108,-108,-11,11,-88,6.5,C3228E001,568
2026-06-10 16:07:29.927,2026-06-10 16:09:26.073,22.6554982,114.5170139,200.0,15.0,-0.03,243.2,33.2,24.6,1830.2,3676.20,10.0,2.0,2.5,NR5G-SA,n79,-108,-108,-11,11,-88,9.8,C3228E001,568
2026-06-10 16:07:30.128,2026-06-10 16:09:26.473,22.6554832,114.5169814,200.0,14.9,-0.02,243.2,33.2,24.6,1827.7,3679.93,10.0,2.0,2.5,NR5G-SA,n79,-106,-106,-11,10,-86,5.4,C3228E001,568
2026-06-10 16:07:30.328,2026-06-10 16:09:26.473,22.6554681,114.5169488,200.0,14.9,0.01,243.1,30.2,24.6,1825.2,3683.68,10.0,2.0,2.5,NR5G-SA,n79,-106,-106,-11,10,-86,11.3,C3228E001,568
2026-06-10 16:07:30.528,2026-06-10 16:09:26.673,22.6554681,114.5169488,200.0,14.9,0.01,243.1,30.2,21.8,1825.2,3683.68,10.0,2.0,2.5,NR5G-SA,n79,-106,-106,-11,10,-86,8.9,C3228E001,568
2026-06-10 16:07:30.728,2026-06-10 16:09:26.873,22.6554379,114.5168836,200.0,15.0,0.06,242.9,30.2,21.8,1820.1,3691.17,10.0,2.0,2.5,NR5G-SA,n79,-107,-107,-11,20,-87,8.7,C3228E004,569
2026-06-10 16:07:30.929,2026-06-10 16:09:27.073,22.6554379,114.5168836,200.0,15.0,0.06,242.9,30.2,21.8,1820.1,3691.17,10.0,2.0,2.5,NR5G-SA,n79,-107,-107,-11,20,-87,7.7,C3228E004,569
2026-06-10 16:07:31.129,2026-06-10 16:09:27.473,22.6554226,114.5168510,200.0,15.0,0.03,242.8,30.2,21.8,1817.6,3694.93,10.0,2.0,2.5,NR5G-SA,n79,-107,-107,-11,20,-87,7.9,C3228E004,569
2026-06-10 16:07:31.329,2026-06-10 16:09:27.673,22.6554071,114.5168183,200.0,14.9,0.00,242.6,39.3,21.8,1815.1,3698.71,10.0,2.0,2.5,NR5G-SA,n79,-110,-110,-11,20,-90,6.9,C3228E004,569
2026-06-10 16:07:31.529,2026-06-10 16:09:27.873,22.6553917,114.5167858,200.0,14.9,0.04,242.5,39.3,21.5,1812.6,3702.46,10.0,2.0,2.5,NR5G-SA,n79,-110,-110,-11,20,-90,5.9,C3228E004,569
2026-06-10 16:07:31.730,2026-06-10 16:09:27.873,22.6553764,114.5167534,200.0,15.0,-0.05,242.5,39.3,21.5,1810.2,3706.20,10.0,2.0,2.5,NR5G-SA,n79,-110,-110,-11,20,-90,7.0,C3228E004,569
2026-06-10 16:07:31.930,2026-06-10 16:09:28.073,22.6553764,114.5167534,200.0,15.0,-0.05,242.5,39.3,21.5,1810.2,3706.20,10.0,2.0,2.5,NR5G-SA,n79,-110,-110,-11,20,-90,9.3,C3228E004,569
2026-06-10 16:07:32.130,2026-06-10 16:09:28.473,22.6553612,114.5167209,200.0,14.9,0.00,242.6,39.3,21.5,1807.7,3709.94,10.0,2.0,2.5,NR5G-SA,n79,-110,-110,-11,20,-90,8.9,C3228E004,569
2026-06-10 16:07:32.331,2026-06-10 16:09:28.673,22.6553461,114.5166886,200.0,15.0,-0.00,242.6,22.7,21.5,1805.2,3713.66,10.0,2.0,2.5,NR5G-SA,n79,-106,-106,-11,21,-86,6.0,C3228E004,569
2026-06-10 16:07:32.531,2026-06-10 16:09:28.873,22.6553310,114.5166561,200.0,15.0,0.02,242.8,22.7,20.0,1802.7,3717.40,10.0,2.0,2.5,NR5G-SA,n79,-106,-106,-11,21,-86,4.5,C3228E004,569
2026-06-10 16:07:32.732,2026-06-10 16:09:28.873,22.6553159,114.5166236,200.0,15.0,-0.00,243.0,22.7,20.0,1800.3,3721.14,10.0,2.0,2.5,NR5G-SA,n79,-106,-106,-11,21,-86,10.4,C3228E004,569
2026-06-10 16:07:32.932,2026-06-10 16:09:29.073,22.6553159,114.5166236,200.0,15.0,-0.00,243.0,22.7,20.0,1800.3,3721.14,10.0,2.0,2.5,NR5G-SA,n79,-108,-108,-11,21,-88,11.9,C3228E004,569
2026-06-10 16:07:33.133,2026-06-10 16:09:29.473,22.6553007,114.5165909,200.0,15.0,0.05,243.1,22.7,20.0,1797.8,3724.90,10.0,2.0,2.5,NR5G-SA,n79,-108,-108,-11,21,-88,8.7,C3228E004,569
2026-06-10 16:07:33.333,2026-06-10 16:09:29.673,22.6552854,114.5165582,200.0,15.0,0.00,243.1,43.8,20.0,1795.3,3728.66,10.0,2.0,2.5,NR5G-SA,n79,-108,-108,-11,21,-88,4.9,C3228E004,569
2026-06-10 16:07:33.533,2026-06-10 16:09:29.873,22.6552701,114.5165255,200.0,15.0,0.07,242.9,43.8,19.3,1792.8,3732.43,10.0,2.0,2.5,NR5G-SA,n79,-105,-105,-11,20,-85,6.2,C3228E004,569
2026-06-10 16:07:33.734,2026-06-10 16:09:29.873,22.6552548,114.5164930,200.0,15.0,0.04,242.9,43.8,19.3,1790.4,3736.18,10.0,2.0,2.5,NR5G-SA,n79,-105,-105,-11,20,-85,7.4,C3228E004,569
2026-06-10 16:07:33.934,2026-06-10 16:09:30.073,22.6552548,114.5164930,200.0,15.0,0.04,242.9,43.8,19.3,1790.4,3736.18,10.0,2.0,2.5,NR5G-SA,n79,-106,-106,-11,19,-86,10.0,C3228E004,569
2026-06-10 16:07:34.134,2026-06-10 16:09:30.473,22.6552395,114.5164604,200.0,14.9,0.06,242.8,43.8,19.3,1788.0,3739.94,10.0,2.0,2.5,NR5G-SA,n79,-106,-106,-11,19,-86,7.9,C3228E004,569
2026-06-10 16:07:34.335,2026-06-10 16:09:30.673,22.6552241,114.5164278,200.0,15.0,-0.02,242.9,12.9,19.3,1785.5,3743.70,10.0,2.0,2.5,NR5G-SA,n79,-106,-106,-11,19,-86,7.1,C3228E004,569
2026-06-10 16:07:34.535,2026-06-10 16:09:30.873,22.6552089,114.5163953,200.0,14.9,0.05,243.0,12.9,19.4,1783.1,3747.44,10.0,2.0,2.5,NR5G-SA,n79,-100,-100,-11,20,-80,4.3,C3228E004,569
2026-06-10 16:07:34.735,2026-06-10 16:09:30.873,22.6551936,114.5163627,200.0,15.0,-0.03,242.8,12.9,19.4,1780.6,3751.20,10.0,2.0,2.5,NR5G-SA,n79,-100,-100,-11,20,-80,7.8,C3228E004,569
2026-06-10 16:07:34.935,2026-06-10 16:09:31.073,22.6551936,114.5163627,200.0,15.0,-0.03,242.8,12.9,19.4,1780.6,3751.20,10.0,2.0,2.5,NR5G-SA,n79,-100,-100,-11,20,-80,10.7,C3228E004,569
2026-06-10 16:07:35.136,2026-06-10 16:09:31.473,22.6551782,114.5163302,200.0,15.1,-0.05,242.7,12.9,19.4,1778.2,3754.95,10.0,2.0,2.5,NR5G-SA,n79,-105,-105,-11,20,-85,10.2,C3228E004,569
2026-06-10 16:07:35.336,2026-06-10 16:09:31.673,22.6551629,114.5162977,200.0,15.0,0.02,242.6,0.0,19.4,1775.8,3758.70,10.0,2.0,2.5,NR5G-SA,n79,-105,-105,-11,20,-85,6.4,C3228E004,569
2026-06-10 16:07:35.536,2026-06-10 16:09:31.873,22.6551477,114.5162652,200.0,15.0,-0.03,242.5,0.0,19.6,1773.4,3762.44,10.0,2.0,2.5,NR5G-SA,n79,-105,-105,-11,20,-85,4.7,C3228E004,569
2026-06-10 16:07:35.737,2026-06-10 16:09:31.873,22.6551325,114.5162327,200.0,15.1,-0.05,242.5,0.0,19.6,1771.0,3766.19,10.0,2.0,2.5,NR5G-SA,n79,-106,-106,-11,19,-86,7.6,C3228E004,569
2026-06-10 16:07:35.937,2026-06-10 16:09:32.073,22.6551325,114.5162327,200.0,15.1,-0.05,242.5,0.0,19.6,1771.0,3766.19,10.0,2.0,2.5,NR5G-SA,n79,-106,-106,-11,19,-86,12.6,C3228E004,569
2026-06-10 16:07:36.137,2026-06-10 16:09:32.473,22.6551174,114.5162003,200.0,15.0,0.02,242.5,0.0,19.6,1768.6,3769.91,10.0,2.0,2.5,NR5G-SA,n79,-104,-104,-11,18,-84,10.4,C3228E004,569
2026-06-10 16:07:36.338,2026-06-10 16:09:32.673,22.6551022,114.5161677,200.0,15.0,0.05,242.4,0.8,19.6,1766.2,3773.67,10.0,2.0,2.5,NR5G-SA,n79,-104,-104,-11,18,-84,5.4,C3228E004,569
2026-06-10 16:07:36.538,2026-06-10 16:09:32.873,22.6550869,114.5161351,200.0,15.0,0.00,242.4,0.8,19.5,1763.8,3777.42,10.0,2.0,2.5,NR5G-SA,n79,-104,-104,-11,18,-84,4.3,C3228E004,569
2026-06-10 16:07:36.738,2026-06-10 16:09:32.873,22.6550716,114.5161024,200.0,15.0,0.04,242.4,0.8,19.5,1761.3,3781.19,10.0,2.0,2.5,NR5G-SA,n79,-103,-103,-11,19,-83,7.5,C3228E004,569
2026-06-10 16:07:36.938,2026-06-10 16:09:33.073,22.6550716,114.5161024,200.0,15.0,0.04,242.4,0.8,19.5,1761.3,3781.19,10.0,2.0,2.5,NR5G-SA,n79,-103,-103,-11,19,-83,15.1,C3228E004,569
2026-06-10 16:07:37.139,2026-06-10 16:09:33.473,22.6550563,114.5160698,200.0,15.1,0.01,242.5,0.8,19.5,1758.9,3784.95,10.0,2.0,2.5,NR5G-SA,n79,-103,-103,-11,19,-83,8.6,C3228E004,569
2026-06-10 16:07:37.339,2026-06-10 16:09:33.673,22.6550410,114.5160372,200.0,15.0,0.05,242.6,0.0,19.5,1756.6,3788.70,10.0,2.0,2.5,NR5G-SA,n79,-102,-102,-11,20,-82,5.0,C3228E004,569
2026-06-10 16:07:37.539,2026-06-10 16:09:33.873,22.6550256,114.5160046,200.0,15.0,-0.01,242.6,0.0,19.6,1754.2,3792.47,10.0,2.0,2.5,NR5G-SA,n79,-102,-102,-11,20,-82,5.1,C3228E004,569
2026-06-10 16:07:37.740,2026-06-10 16:09:33.873,22.6550104,114.5159722,200.0,14.9,0.02,242.7,0.0,19.6,1751.8,3796.20,10.0,2.0,2.5,NR5G-SA,n79,-102,-102,-11,20,-82,8.7,C3228E004,569
2026-06-10 16:07:37.940,2026-06-10 16:09:34.073,22.6550104,114.5159722,200.0,14.9,0.02,242.7,0.0,19.6,1751.8,3796.20,10.0,2.0,2.5,NR5G-SA,n79,-105,-105,-11,20,-85,14.5,C3228E004,569
2026-06-10 16:07:38.140,2026-06-10 16:09:34.473,22.6549953,114.5159398,200.0,14.9,0.01,242.7,0.0,19.6,1749.4,3799.93,10.0,2.0,2.5,NR5G-SA,n79,-105,-105,-11,20,-85,10.0,C3228E004,569
2026-06-10 16:07:38.340,2026-06-10 16:09:34.673,22.6549802,114.5159072,200.0,15.0,-0.02,242.9,10.6,19.6,1747.1,3803.68,10.0,2.0,2.5,NR5G-SA,n79,-105,-105,-11,20,-85,8.2,C3228E004,569
2026-06-10 16:07:38.541,2026-06-10 16:09:34.873,22.6549652,114.5158747,200.0,15.0,-0.01,243.1,10.6,19.6,1744.7,3807.41,10.0,2.0,2.5,NR5G-SA,n79,-98,-98,-10,19,-78,5.7,C3228E004,569
2026-06-10 16:07:38.741,2026-06-10 16:09:34.873,22.6549500,114.5158421,200.0,15.0,-0.00,243.2,10.6,19.1,1742.3,3811.16,10.0,2.0,2.5,NR5G-SA,n79,-98,-98,-10,19,-78,10.6,C3228E004,569
2026-06-10 16:07:38.941,2026-06-10 16:09:35.073,22.6549500,114.5158421,200.0,15.0,-0.00,243.2,10.6,19.1,1742.3,3811.16,10.0,2.0,2.5,NR5G-SA,n79,-98,-98,-10,19,-78,15.8,C3228E004,569
2026-06-10 16:07:39.142,2026-06-10 16:09:35.473,22.6549349,114.5158096,200.0,15.0,0.01,243.3,10.6,19.1,1740.0,3814.90,10.0,2.0,2.5,NR5G-SA,n79,-98,-98,-10,19,-78,10.5,C3228E004,569
2026-06-10 16:07:39.342,2026-06-10 16:09:35.673,22.6549197,114.5157769,200.0,15.0,-0.01,243.2,0.0,19.1,1737.6,3818.66,10.0,2.0,2.5,NR5G-SA,n79,-98,-98,-10,19,-78,6.7,C3228E004,569
2026-06-10 16:07:39.542,2026-06-10 16:09:35.873,22.6549045,114.5157442,200.0,15.0,-0.03,243.2,0.0,19.1,1735.3,3822.42,10.0,2.0,2.5,NR5G-SA,n79,-100,-100,-11,19,-80,4.8,C3228E004,569
2026-06-10 16:07:39.743,2026-06-10 16:09:35.873,22.6548892,114.5157115,200.0,15.0,0.00,243.2,0.0,18.5,1732.9,3826.19,10.0,2.0,2.5,NR5G-SA,n79,-100,-100,-11,19,-80,8.4,C3228E004,569
2026-06-10 16:07:39.943,2026-06-10 16:09:36.073,22.6548892,114.5157115,200.0,15.0,0.00,243.2,0.0,18.5,1732.9,3826.19,10.0,2.0,2.5,NR5G-SA,n79,-100,-100,-11,19,-80,14.9,C3228E004,569
2026-06-10 16:07:40.143,2026-06-10 16:09:36.473,22.6548740,114.5156788,200.0,15.0,0.04,243.2,0.0,18.5,1730.5,3829.95,10.0,2.0,2.5,NR5G-SA,n79,-98,-98,-10,20,-78,10.7,C3228E004,569
2026-06-10 16:07:40.344,2026-06-10 16:09:36.673,22.6548587,114.5156462,200.0,15.0,0.01,243.2,20.6,18.5,1728.2,3833.71,10.0,2.0,2.5,NR5G-SA,n79,-98,-98,-10,20,-78,8.0,C3228E004,569
2026-06-10 16:07:40.544,2026-06-10 16:09:36.873,22.6548434,114.5156137,200.0,15.0,-0.03,243.2,20.6,18.5,1725.9,3837.46,10.0,2.0,2.5,NR5G-SA,n79,-98,-98,-10,20,-78,5.1,C3228E004,569
2026-06-10 16:07:40.744,2026-06-10 16:09:36.873,22.6548281,114.5155810,200.0,15.1,-0.07,243.3,20.6,18.5,1723.6,3841.22,10.0,2.0,2.5,NR5G-SA,n79,-98,-98,-10,18,-78,9.9,C3228E004,569
2026-06-10 16:07:40.945,2026-06-10 16:09:37.073,22.6548281,114.5155810,200.0,15.1,-0.07,243.3,20.6,18.5,1723.6,3841.22,10.0,2.0,2.5,NR5G-SA,n79,-98,-98,-10,18,-78,14.3,C3228E004,569
2026-06-10 16:07:41.145,2026-06-10 16:09:37.473,22.6548127,114.5155484,200.0,15.0,0.00,243.2,20.6,18.5,1721.3,3844.98,10.0,2.0,2.5,NR5G-SA,n79,-98,-98,-10,17,-78,10.9,C3228E004,569
2026-06-10 16:07:41.345,2026-06-10 16:09:37.673,22.6547974,114.5155158,200.0,15.0,-0.08,243.2,38.8,18.5,1718.9,3848.74,10.0,2.0,2.5,NR5G-SA,n79,-98,-98,-10,17,-78,6.9,C3228E004,569
2026-06-10 16:07:41.546,2026-06-10 16:09:37.873,22.6547821,114.5154832,200.0,15.0,-0.07,242.9,38.8,18.5,1716.6,3852.50,10.0,2.0,2.5,NR5G-SA,n79,-98,-98,-10,17,-78,6.5,C3228E004,569
2026-06-10 16:07:41.746,2026-06-10 16:09:37.873,22.6547669,114.5154507,200.0,15.0,-0.03,242.6,38.8,18.9,1714.3,3856.24,10.0,2.0,2.5,NR5G-SA,n79,-101,-101,-11,17,-81,7.2,C3228E004,569
2026-06-10 16:07:41.946,2026-06-10 16:09:38.073,22.6547669,114.5154507,200.0,15.0,-0.03,242.6,38.8,18.9,1714.3,3856.24,10.0,2.0,2.5,NR5G-SA,n79,-101,-101,-11,17,-81,15.3,C3228E004,569
2026-06-10 16:07:42.146,2026-06-10 16:09:38.473,22.6547516,114.5154183,200.0,15.0,-0.00,242.4,38.8,18.9,1712.1,3859.98,10.0,2.0,2.5,NR5G-SA,n79,-101,-101,-11,17,-81,10.5,C3228E004,569
2026-06-10 16:07:42.347,2026-06-10 16:09:38.673,22.6547363,114.5153859,200.0,14.9,-0.05,242.3,30.7,18.9,1709.8,3863.72,10.0,2.0,2.5,NR5G-SA,n79,-105,-105,-11,17,-85,6.3,C3228E004,569
2026-06-10 16:07:42.547,2026-06-10 16:09:38.873,22.6547211,114.5153536,200.0,15.0,-0.01,242.3,30.7,18.9,1707.5,3867.44,10.0,2.0,2.5,NR5G-SA,n79,-105,-105,-11,17,-85,5.7,C3228E004,569
2026-06-10 16:07:42.748,2026-06-10 16:09:38.873,22.6547060,114.5153212,200.0,15.0,-0.01,242.3,30.7,20.3,1705.3,3871.17,10.0,2.0,2.5,NR5G-SA,n79,-105,-105,-11,17,-85,11.0,C3228E004,569
2026-06-10 16:07:42.948,2026-06-10 16:09:39.073,22.6546909,114.5152886,200.0,15.0,-0.01,242.3,30.7,20.3,1703.0,3874.92,10.0,2.0,2.5,NR5G-SA,n79,-102,-102,-10,17,-82,14.0,C3228E004,569
2026-06-10 16:07:43.148,2026-06-10 16:09:39.473,22.6546909,114.5152886,200.0,15.0,0.01,242.3,30.7,20.3,1703.0,3874.92,10.0,2.0,2.5,NR5G-SA,n79,-102,-102,-10,17,-82,10.2,C3228E004,569
2026-06-10 16:07:43.349,2026-06-10 16:09:39.673,22.6546757,114.5152561,200.0,15.1,0.01,242.3,33.0,20.3,1700.7,3878.66,10.0,2.0,2.5,NR5G-SA,n79,-100,-100,-10,16,-80,8.8,C3228E004,569
2026-06-10 16:07:43.549,2026-06-10 16:09:39.873,22.6546604,114.5152236,200.0,15.1,-0.02,242.3,33.0,20.3,1698.5,3882.41,10.0,2.0,2.5,NR5G-SA,n79,-100,-100,-10,16,-80,4.7,C3228E004,569
2026-06-10 16:07:43.749,2026-06-10 16:09:39.873,22.6546451,114.5151909,200.0,15.0,0.05,242.4,33.0,20.4,1696.2,3886.18,10.0,2.0,2.5,NR5G-SA,n79,-100,-100,-10,16,-80,7.7,C3228E004,569
2026-06-10 16:07:43.950,2026-06-10 16:09:40.073,22.6546451,114.5151909,200.0,15.0,0.05,242.4,33.0,20.4,1696.2,3886.18,10.0,2.0,2.5,NR5G-SA,n79,-102,-102,-10,16,-82,13.8,C3228E004,569
2026-06-10 16:07:44.150,2026-06-10 16:09:40.473,22.6546299,114.5151583,200.0,15.0,0.03,242.5,33.0,20.4,1693.9,3889.93,10.0,2.0,2.5,NR5G-SA,n79,-102,-102,-10,16,-82,9.1,C3228E004,569
2026-06-10 16:07:44.350,2026-06-10 16:09:40.673,22.6546146,114.5151257,200.0,15.1,-0.02,242.6,37.5,20.4,1691.7,3893.69,10.0,2.0,2.5,NR5G-SA,n79,-102,-102,-10,16,-82,8.3,C3228E004,569
2026-06-10 16:07:44.551,2026-06-10 16:09:40.873,22.6545994,114.5150931,200.0,15.0,0.02,242.8,37.5,20.4,1689.4,3897.44,10.0,2.0,2.5,NR5G-SA,n79,-99,-99,-10,16,-79,5.5,C3228E004,569
2026-06-10 16:07:44.751,2026-06-10 16:09:40.873,22.6545841,114.5150605,200.0,15.0,-0.02,242.8,37.5,22.3,1687.2,3901.20,10.0,2.0,2.5,NR5G-SA,n79,-99,-99,-10,16,-79,8.5,C3228E004,569
2026-06-10 16:07:44.951,2026-06-10 16:09:41.073,22.6545841,114.5150605,200.0,15.0,-0.02,242.8,37.5,22.3,1687.2,3901.20,10.0,2.0,2.5,NR5G-SA,n79,-99,-99,-10,16,-79,14.2,C3228E004,569
2026-06-10 16:07:45.152,2026-06-10 16:09:41.473,22.6545688,114.5150279,200.0,15.0,-0.06,242.8,37.5,22.3,1685.0,3904.95,10.0,2.0,2.5,NR5G-SA,n79,-99,-99,-10,16,-79,9.5,C3228E004,569
2026-06-10 16:07:45.352,2026-06-10 16:09:41.673,22.6545535,114.5149954,200.0,15.0,-0.06,242.7,27.4,22.3,1682.7,3908.70,10.0,2.0,2.5,NR5G-SA,n79,-99,-99,-10,16,-79,6.1,C3228E004,569
2026-06-10 16:07:45.552,2026-06-10 16:09:41.873,22.6545382,114.5149629,200.0,15.0,0.02,242.8,27.4,22.3,1680.5,3912.45,10.0,2.0,2.5,NR5G-SA,n79,-98,-98,-10,14,-78,4.3,C3228E004,569
2026-06-10 16:07:45.752,2026-06-10 16:09:41.873,22.6545230,114.5149303,200.0,15.0,-0.01,242.9,27.4,21.9,1678.3,3916.20,10.0,2.0,2.5,NR5G-SA,n79,-98,-98,-10,14,-78,7.2,C3228E004,569
2026-06-10 16:07:45.953,2026-06-10 16:09:42.073,22.6545230,114.5149303,200.0,15.0,-0.01,242.9,27.4,21.9,1678.3,3916.20,10.0,2.0,2.5,NR5G-SA,n79,-98,-98,-10,14,-78,12.0,C3228E004,569
2026-06-10 16:07:46.153,2026-06-10 16:09:42.473,22.6545078,114.5148977,200.0,15.0,-0.02,243.0,27.4,21.9,1676.1,3919.95,10.0,2.0,2.5,NR5G-SA,n79,-97,-97,-10,14,-77,9.4,C3228E004,569
2026-06-10 16:07:46.353,2026-06-10 16:09:42.673,22.6544926,114.5148651,200.0,15.0,-0.05,243.0,40.3,21.9,1673.9,3923.71,10.0,2.0,2.5,NR5G-SA,n79,-97,-97,-10,14,-77,6.2,C3228E004,569
2026-06-10 16:07:46.553,2026-06-10 16:09:42.873,22.6544774,114.5148324,200.0,15.0,0.00,243.1,40.3,21.9,1671.7,3927.47,10.0,2.0,2.5,NR5G-SA,n79,-97,-97,-10,14,-77,5.3,C3228E004,569
2026-06-10 16:07:46.754,2026-06-10 16:09:42.873,22.6544621,114.5147998,200.0,15.0,0.03,243.1,40.3,21.0,1669.5,3931.23,10.0,2.0,2.5,NR5G-SA,n79,-95,-95,-10,14,-75,7.5,C3228E004,569
2026-06-10 16:07:46.954,2026-06-10 16:09:43.073,22.6544469,114.5147672,200.0,15.0,0.03,243.1,40.3,21.0,1667.3,3934.98,10.0,2.0,2.5,NR5G-SA,n79,-95,-95,-10,14,-75,14.4,C3228E004,569
2026-06-10 16:07:47.154,2026-06-10 16:09:43.473,22.6544469,114.5147672,200.0,14.9,-0.00,243.1,40.3,21.0,1667.3,3934.98,10.0,2.0,2.5,NR5G-SA,n79,-95,-95,-10,14,-75,11.6,C3228E004,569
2026-06-10 16:07:47.354,2026-06-10 16:09:43.673,22.6544316,114.5147346,200.0,15.0,0.00,243.1,20.5,21.0,1665.1,3938.73,10.0,2.0,2.5,NR5G-SA,n79,-98,-98,-10,14,-78,6.4,C3228E004,569
2026-06-10 16:07:47.555,2026-06-10 16:09:43.873,22.6544165,114.5147022,200.0,15.0,-0.01,243.1,20.5,21.0,1662.9,3942.46,10.0,2.0,2.5,NR5G-SA,n79,-98,-98,-10,14,-78,5.3,C3228E004,569
2026-06-10 16:07:47.755,2026-06-10 16:09:44.073,22.6544012,114.5146696,200.0,15.0,0.01,243.2,20.5,21.0,1660.8,3946.22,10.0,2.0,2.5,NR5G-SA,n79,-98,-98,-10,13,-78,6.9,C3228E004,569
2026-06-10 16:07:47.955,2026-06-10 16:09:44.073,22.6544012,114.5146696,200.0,15.0,0.01,243.2,20.5,19.3,1660.8,3946.22,10.0,2.0,2.5,NR5G-SA,n79,-98,-98,-10,13,-78,12.0,C3228E004,569
2026-06-10 16:07:48.156,2026-06-10 16:09:44.473,22.6543860,114.5146370,200.0,15.0,-0.02,243.1,20.5,19.3,1658.6,3949.97,10.0,2.0,2.5,NR5G-SA,n79,-98,-98,-10,13,-78,8.9,C3228E004,569
2026-06-10 16:07:48.356,2026-06-10 16:09:44.673,22.6543707,114.5146045,200.0,14.9,0.02,243.1,0.0,19.3,1656.4,3953.72,10.0,2.0,2.5,NR5G-SA,n79,-97,-97,-10,12,-77,7.0,C3228E004,569
2026-06-10 16:07:48.557,2026-06-10 16:09:44.873,22.6543554,114.5145720,200.0,15.0,-0.05,243.0,0.0,19.3,1654.3,3957.47,10.0,2.0,2.5,NR5G-SA,n79,-97,-97,-10,12,-77,4.8,C3228E004,569
2026-06-10 16:07:48.757,2026-06-10 16:09:44.873,22.6543403,114.5145395,200.0,15.0,-0.03,243.0,0.0,19.3,1652.1,3961.21,10.0,2.0,2.5,NR5G-SA,n79,-97,-97,-10,12,-77,7.1,C3228E004,569
2026-06-10 16:07:48.958,2026-06-10 16:09:45.073,22.6543251,114.5145070,200.0,15.0,-0.03,243.1,0.0,19.8,1650.0,3964.95,10.0,2.0,2.5,NR5G-SA,n79,-99,-99,-10,15,-79,12.9,C3228E004,569
2026-06-10 16:07:49.158,2026-06-10 16:09:45.473,22.6543251,114.5145070,200.0,15.0,-0.00,243.1,0.0,19.8,1650.0,3964.95,10.0,2.0,2.5,NR5G-SA,n79,-99,-99,-10,15,-79,7.9,C3228E004,569
2026-06-10 16:07:49.359,2026-06-10 16:09:45.673,22.6543098,114.5144744,200.0,15.0,-0.03,243.0,11.5,19.8,1647.9,3968.71,10.0,2.0,2.5,NR5G-SA,n79,-99,-99,-10,15,-79,4.9,C3228E004,569
2026-06-10 16:07:49.559,2026-06-10 16:09:45.873,22.6542944,114.5144418,200.0,15.0,0.00,243.0,11.5,19.8,1645.7,3972.47,10.0,2.0,2.5,NR5G-SA,n79,-98,-98,-10,14,-78,5.3,C3228E004,569
2026-06-10 16:07:49.759,2026-06-10 16:09:46.073,22.6542791,114.5144091,200.0,15.0,0.02,243.0,11.5,19.8,1643.6,3976.24,10.0,2.0,2.5,NR5G-SA,n79,-98,-98,-10,14,-78,7.9,C3228E004,569
2026-06-10 16:07:49.959,2026-06-10 16:09:46.073,22.6542638,114.5143765,200.0,15.0,0.01,242.9,11.5,18.2,1641.5,3979.99,10.0,2.0,2.5,NR5G-SA,n79,-100,-100,-10,13,-80,11.5,C3228E004,569
2026-06-10 16:07:50.160,2026-06-10 16:09:46.473,22.6542638,114.5143765,200.0,15.0,0.01,242.9,11.5,18.2,1641.5,3979.99,10.0,2.0,2.5,NR5G-SA,n79,-100,-100,-10,13,-80,10.0,C3228E004,569
2026-06-10 16:07:50.360,2026-06-10 16:09:46.673,22.6542486,114.5143439,200.0,14.9,0.02,243.0,11.5,18.2,1639.4,3983.75,10.0,2.0,2.5,NR5G-SA,n79,-100,-100,-10,13,-80,6.8,C3228E004,569
2026-06-10 16:07:50.560,2026-06-10 16:09:46.873,22.6542335,114.5143113,200.0,15.0,-0.06,243.1,0.0,18.2,1637.2,3987.49,10.0,2.0,2.5,NR5G-SA,n79,-100,-100,-10,13,-80,4.8,C3228E004,569
2026-06-10 16:07:50.760,2026-06-10 16:09:47.073,22.6542183,114.5142787,200.0,14.9,-0.03,243.2,0.0,18.2,1635.1,3991.24,10.0,2.0,2.5,NR5G-SA,n79,-100,-100,-10,13,-80,5.8,C3228E004,569
2026-06-10 16:07:50.961,2026-06-10 16:09:47.073,22.6542030,114.5142462,200.0,15.0,0.00,243.2,0.0,19.2,1633.1,3994.99,10.0,2.0,2.5,NR5G-SA,n79,-100,-100,-10,13,-80,12.7,C3228E004,569
2026-06-10 16:07:51.161,2026-06-10 16:09:47.473,22.6542030,114.5142462,200.0,15.0,0.00,243.2,0.0,19.2,1633.1,3994.99,10.0,2.0,2.5,NR5G-SA,n79,-103,-103,-11,12,-83,9.9,C3228E004,569
2026-06-10 16:07:51.361,2026-06-10 16:09:47.673,22.6541877,114.5142137,200.0,15.0,-0.04,243.2,0.0,19.2,1631.0,3998.74,10.0,2.0,2.5,NR5G-SA,n79,-103,-103,-11,12,-83,6.2,C3228E004,569
2026-06-10 16:07:51.562,2026-06-10 16:09:47.873,22.6541725,114.5141812,200.0,15.0,-0.01,243.1,0.8,19.2,1628.9,4002.48,10.0,2.0,2.5,NR5G-SA,n79,-103,-103,-11,12,-83,4.3,C3228E004,569
2026-06-10 16:07:51.762,2026-06-10 16:09:48.073,22.6541572,114.5141485,200.0,15.0,0.01,243.2,0.8,19.2,1626.8,4006.25,10.0,2.0,2.5,NR5G-SA,n79,-103,-103,-11,11,-83,7.6,C3228E004,569
2026-06-10 16:07:51.962,2026-06-10 16:09:48.073,22.6541419,114.5141159,200.0,15.0,-0.03,243.2,0.8,19.5,1624.7,4010.01,10.0,2.0,2.5,NR5G-SA,n79,-103,-103,-11,11,-83,12.2,C3228E004,569
2026-06-10 16:07:52.163,2026-06-10 16:09:48.473,22.6541419,114.5141159,200.0,15.0,-0.03,243.2,0.8,19.5,1624.7,4010.01,10.0,2.0,2.5,NR5G-SA,n79,-103,-103,-11,11,-83,10.2,C3228E004,569
2026-06-10 16:07:52.363,2026-06-10 16:09:48.673,22.6541268,114.5140833,200.0,15.0,-0.04,243.2,0.8,19.5,1622.7,4013.75,10.0,2.0,2.5,NR5G-SA,n79,-106,-106,-11,10,-86,6.3,C3228E004,569
2026-06-10 16:07:52.563,2026-06-10 16:09:48.873,22.6541116,114.5140508,200.0,15.0,-0.09,243.2,0.0,19.5,1620.6,4017.50,10.0,2.0,2.5,NR5G-SA,n79,-106,-106,-11,10,-86,5.4,C3228E004,569
2026-06-10 16:07:52.763,2026-06-10 16:09:49.073,22.6540964,114.5140182,200.0,15.0,-0.08,243.3,0.0,19.5,1618.5,4021.25,10.0,2.0,2.5,NR5G-SA,n79,-103,-103,-11,12,-83,7.2,C3228E004,569
2026-06-10 16:07:52.964,2026-06-10 16:09:49.073,22.6540812,114.5139857,200.0,14.9,-0.06,243.3,0.0,19.2,1616.5,4024.99,10.0,2.0,2.5,NR5G-SA,n79,-103,-103,-11,12,-83,11.5,C3228E004,569
2026-06-10 16:07:53.164,2026-06-10 16:09:49.473,22.6540812,114.5139857,200.0,14.9,-0.06,243.3,0.0,19.2,1616.5,4024.99,10.0,2.0,2.5,NR5G-SA,n79,-103,-103,-11,12,-83,10.7,C3228E004,569
2026-06-10 16:07:53.364,2026-06-10 16:09:49.673,22.6540661,114.5139532,200.0,14.9,-0.07,243.4,13.5,19.2,1614.4,4028.73,10.0,2.0,2.5,NR5G-SA,n79,-104,-104,-11,12,-84,6.2,C3228E004,569
2026-06-10 16:07:53.565,2026-06-10 16:09:49.873,22.6540509,114.5139206,200.0,14.9,-0.01,243.5,13.5,19.2,1612.4,4032.48,10.0,2.0,2.5,NR5G-SA,n79,-104,-104,-11,12,-84,5.4,C3228E004,569
2026-06-10 16:07:53.765,2026-06-10 16:09:49.873,22.6540357,114.5138881,200.0,15.0,-0.04,243.6,13.5,19.2,1610.4,4036.23,10.0,2.0,2.5,NR5G-SA,n79,-104,-104,-11,12,-84,8.5,C3228E004,569
2026-06-10 16:07:53.965,2026-06-10 16:09:50.073,22.6540205,114.5138556,200.0,14.9,-0.02,243.5,13.5,20.2,1608.4,4039.97,10.0,2.0,2.5,NR5G-SA,n79,-102,-102,-11,12,-82,9.0,C3228E004,569
2026-06-10 16:07:54.166,2026-06-10 16:09:50.473,22.6540205,114.5138556,200.0,14.9,-0.02,243.5,13.5,20.2,1608.4,4039.97,10.0,2.0,2.5,NR5G-SA,n79,-102,-102,-11,12,-82,13.8,C3228E004,569
2026-06-10 16:07:54.366,2026-06-10 16:09:50.673,22.6540054,114.5138231,200.0,14.9,-0.07,243.6,45.6,20.2,1606.3,4043.71,10.0,2.0,2.5,NR5G-SA,n79,-102,-102,-11,12,-82,7.8,C3228E004,569
2026-06-10 16:07:54.566,2026-06-10 16:09:50.873,22.6539902,114.5137905,200.0,14.9,0.01,243.6,45.6,20.2,1604.3,4047.46,10.0,2.0,2.5,NR5G-SA,n79,-105,-105,-11,19,-85,5.9,C3228E001,568
2026-06-10 16:07:54.767,2026-06-10 16:09:50.873,22.6539750,114.5137580,200.0,15.0,0.00,243.6,45.6,20.2,1602.3,4051.20,10.0,2.0,2.5,NR5G-SA,n79,-105,-105,-11,19,-85,8.1,C3228E001,568
2026-06-10 16:07:54.967,2026-06-10 16:09:51.073,22.6539597,114.5137255,200.0,15.0,-0.01,243.6,45.6,22.6,1600.3,4054.95,10.0,2.0,2.5,NR5G-SA,n79,-97,-97,-10,19,-77,9.5,C3228E001,568
2026-06-10 16:07:55.168,2026-06-10 16:09:51.473,22.6539597,114.5137255,200.0,15.0,-0.01,243.6,45.6,22.6,1600.3,4054.95,10.0,2.0,2.5,NR5G-SA,n79,-97,-97,-10,19,-77,7.8,C3228E001,568
2026-06-10 16:07:55.368,2026-06-10 16:09:51.673,22.6539443,114.5136928,200.0,15.0,-0.03,243.6,45.6,22.6,1598.3,4058.72,10.0,2.0,2.5,NR5G-SA,n79,-97,-97,-10,19,-77,6.0,C3228E001,568
2026-06-10 16:07:55.568,2026-06-10 16:09:51.873,22.6539290,114.5136603,200.0,15.0,0.01,243.6,21.4,22.6,1596.4,4062.47,10.0,2.0,2.5,NR5G-SA,n79,-98,-98,-10,18,-78,6.5,C3228E001,568
2026-06-10 16:07:55.768,2026-06-10 16:09:52.073,22.6539138,114.5136278,200.0,15.0,-0.02,243.6,21.4,22.6,1594.4,4066.21,10.0,2.0,2.5,NR5G-SA,n79,-98,-98,-10,18,-78,6.0,C3228E001,568
2026-06-10 16:07:55.969,2026-06-10 16:09:52.073,22.6538986,114.5135954,200.0,15.0,-0.02,243.5,21.4,22.9,1592.4,4069.95,10.0,2.0,2.5,NR5G-SA,n79,-98,-98,-10,18,-78,12.5,C3228E001,568
2026-06-10 16:07:56.169,2026-06-10 16:09:52.473,22.6538986,114.5135954,200.0,15.0,-0.02,243.5,21.4,22.9,1592.4,4069.95,10.0,2.0,2.5,NR5G-SA,n79,-100,-100,-10,13,-80,7.8,C3228E001,568
2026-06-10 16:07:56.369,2026-06-10 16:09:52.673,22.6538833,114.5135628,200.0,15.0,-0.01,243.4,21.4,22.9,1590.4,4073.70,10.0,2.0,2.5,NR5G-SA,n79,-100,-100,-10,13,-80,7.6,C3228E001,568
2026-06-10 16:07:56.569,2026-06-10 16:09:52.873,22.6538681,114.5135303,200.0,15.0,-0.02,243.4,39.1,22.9,1588.5,4077.45,10.0,2.0,2.5,NR5G-SA,n79,-100,-100,-10,13,-80,5.0,C3228E001,568
2026-06-10 16:07:56.770,2026-06-10 16:09:53.073,22.6538529,114.5134976,200.0,15.0,0.03,243.6,39.1,22.9,1586.5,4081.21,10.0,2.0,2.5,NR5G-SA,n79,-100,-100,-10,16,-80,5.9,C3228E001,568
2026-06-10 16:07:56.970,2026-06-10 16:09:53.073,22.6538378,114.5134650,200.0,15.0,-0.02,243.8,39.1,22.9,1584.6,4084.96,10.0,2.0,2.5,NR5G-SA,n79,-100,-100,-10,16,-80,10.8,C3228E001,568
2026-06-10 16:07:57.170,2026-06-10 16:09:53.473,22.6538378,114.5134650,200.0,15.0,-0.02,243.8,39.1,24.5,1584.6,4084.96,10.0,2.0,2.5,NR5G-SA,n79,-100,-100,-10,14,-80,8.9,C3228E001,568
2026-06-10 16:07:57.370,2026-06-10 16:09:53.673,22.6538227,114.5134324,200.0,15.0,-0.06,243.8,39.1,24.5,1582.6,4088.70,10.0,2.0,2.5,NR5G-SA,n79,-100,-100,-10,14,-80,5.8,C3228E001,568
2026-06-10 16:07:57.571,2026-06-10 16:09:53.873,22.6538075,114.5133998,200.0,15.0,-0.03,243.8,30.2,24.5,1580.7,4092.46,10.0,2.0,2.5,NR5G-SA,n79,-100,-100,-10,14,-80,3.5,C3228E001,568
2026-06-10 16:07:57.771,2026-06-10 16:09:54.073,22.6537923,114.5133671,200.0,15.0,-0.06,243.9,30.2,24.5,1578.7,4096.22,10.0,2.0,2.5,NR5G-SA,n79,-100,-100,-10,14,-80,7.6,C3228E001,568
2026-06-10 16:07:57.971,2026-06-10 16:09:54.073,22.6537770,114.5133345,200.0,15.0,-0.04,243.8,30.2,24.5,1576.8,4099.97,10.0,2.0,2.5,NR5G-SA,n79,-100,-100,-10,14,-80,13.1,C3228E001,568
2026-06-10 16:07:58.171,2026-06-10 16:09:54.473,22.6537770,114.5133345,200.0,15.0,-0.04,243.8,30.2,25.0,1576.8,4099.97,10.0,2.0,2.5,NR5G-SA,n79,-100,-100,-10,14,-80,8.5,C3228E001,568
2026-06-10 16:07:58.372,2026-06-10 16:09:54.673,22.6537618,114.5133020,200.0,15.0,-0.09,243.7,30.2,25.0,1574.9,4103.72,10.0,2.0,2.5,NR5G-SA,n79,-100,-100,-10,14,-80,5.5,C3228E001,568
2026-06-10 16:07:58.572,2026-06-10 16:09:54.873,22.6537466,114.5132694,200.0,14.9,-0.04,243.7,33.9,25.0,1573.0,4107.47,10.0,2.0,2.5,NR5G-SA,n79,-97,-97,-10,14,-77,5.6,C3228E001,568
2026-06-10 16:07:58.772,2026-06-10 16:09:55.073,22.6537314,114.5132368,200.0,15.0,-0.02,243.7,33.9,25.0,1571.1,4111.22,10.0,2.0,2.5,NR5G-SA,n79,-97,-97,-10,14,-77,4.7,C3228E001,568
2026-06-10 16:07:58.973,2026-06-10 16:09:55.073,22.6537162,114.5132043,200.0,15.0,-0.03,243.7,33.9,25.0,1569.2,4114.96,10.0,2.0,2.5,NR5G-SA,n79,-99,-99,-10,10,-79,11.4,C3228E001,568
2026-06-10 16:07:59.173,2026-06-10 16:09:55.473,22.6537162,114.5132043,200.0,15.0,-0.03,243.7,33.9,22.6,1569.2,4114.96,10.0,2.0,2.5,NR5G-SA,n79,-99,-99,-10,10,-79,8.2,C3228E001,568
2026-06-10 16:07:59.373,2026-06-10 16:09:55.673,22.6537008,114.5131718,200.0,14.9,0.02,243.6,33.9,22.6,1567.3,4118.72,10.0,2.0,2.5,NR5G-SA,n79,-99,-99,-10,11,-79,5.4,C3228E001,568
2026-06-10 16:07:59.574,2026-06-10 16:09:55.873,22.6536855,114.5131394,200.0,15.0,-0.03,243.5,36.4,22.6,1565.4,4122.46,10.0,2.0,2.5,NR5G-SA,n79,-99,-99,-10,11,-79,5.7,C3228E001,568
2026-06-10 16:07:59.774,2026-06-10 16:09:56.073,22.6536700,114.5131068,200.0,15.1,-0.01,243.5,36.4,22.6,1563.6,4126.22,10.0,2.0,2.5,NR5G-SA,n79,-99,-99,-10,11,-79,5.5,C3228E001,568
2026-06-10 16:07:59.975,2026-06-10 16:09:56.473,22.6536547,114.5130743,200.0,15.0,-0.00,243.5,36.4,22.6,1561.7,4129.97,10.0,2.0,2.5,NR5G-SA,n79,-96,-96,-10,10,-76,5.8,C3228E001,568
2026-06-10 16:08:00.175,2026-06-10 16:09:56.473,22.6536547,114.5130743,200.0,15.0,-0.00,243.5,36.4,22.3,1561.7,4129.97,10.0,2.0,2.5,NR5G-SA,n79,-96,-96,-10,10,-76,7.0,C3228E001,568
2026-06-10 16:08:00.375,2026-06-10 16:09:56.673,22.6536394,114.5130417,200.0,15.0,-0.04,243.4,36.4,22.3,1559.9,4133.73,10.0,2.0,2.5,NR5G-SA,n79,-96,-96,-10,10,-76,7.5,C3228E001,568
2026-06-10 16:08:00.576,2026-06-10 16:09:56.873,22.6536241,114.5130092,200.0,15.0,0.03,243.2,26.7,22.3,1558.0,4137.48,10.0,2.0,2.5,NR5G-SA,n79,-99,-99,-10,12,-79,4.7,C3228E001,568
2026-06-10 16:08:00.776,2026-06-10 16:09:57.073,22.6536087,114.5129766,200.0,15.0,0.00,243.0,26.7,22.3,1556.2,4141.24,10.0,2.0,2.5,NR5G-SA,n79,-99,-99,-10,12,-79,4.3,C3228E001,568
2026-06-10 16:08:00.976,2026-06-10 16:09:57.073,22.6535933,114.5129440,200.0,15.0,-0.02,243.0,26.7,22.3,1554.3,4145.00,10.0,2.0,2.5,NR5G-SA,n79,-99,-99,-10,12,-79,9.7,C3228E001,568
2026-06-10 16:08:01.177,2026-06-10 16:09:57.473,22.6535933,114.5129440,200.0,15.0,-0.02,243.0,26.7,21.5,1554.3,4145.00,10.0,2.0,2.5,NR5G-SA,n79,-96,-96,-10,13,-76,6.7,C3228E001,568
2026-06-10 16:08:01.377,2026-06-10 16:09:57.673,22.6535780,114.5129115,200.0,15.0,0.01,243.0,26.7,21.5,1552.5,4148.75,10.0,2.0,2.5,NR5G-SA,n79,-96,-96,-10,13,-76,6.5,C3228E001,568
2026-06-10 16:08:01.577,2026-06-10 16:09:57.873,22.6535628,114.5128789,200.0,15.0,-0.01,243.1,41.9,21.5,1550.7,4152.50,10.0,2.0,2.5,NR5G-SA,n79,-95,-95,-10,8,-75,5.4,C3228E001,568
2026-06-10 16:08:01.778,2026-06-10 16:09:58.073,22.6535475,114.5128463,200.0,15.0,-0.07,243.2,41.9,21.5,1548.9,4156.26,10.0,2.0,2.5,NR5G-SA,n79,-95,-95,-10,8,-75,5.8,C3228E001,568
2026-06-10 16:08:01.978,2026-06-10 16:09:58.073,22.6535323,114.5128137,200.0,15.0,-0.04,243.3,41.9,21.5,1547.0,4160.01,10.0,2.0,2.5,NR5G-SA,n79,-95,-95,-10,8,-75,8.4,C3228E001,568
2026-06-10 16:08:02.178,2026-06-10 16:09:58.473,22.6535323,114.5128137,200.0,15.0,-0.04,243.3,41.9,19.9,1547.0,4160.01,10.0,2.0,2.5,NR5G-SA,n79,-95,-95,-10,9,-75,9.5,C3228E001,568
2026-06-10 16:08:02.379,2026-06-10 16:09:58.673,22.6535171,114.5127812,200.0,15.0,-0.09,243.4,41.9,19.9,1545.2,4163.75,10.0,2.0,2.5,NR5G-SA,n79,-95,-95,-10,9,-75,5.7,C3228E001,568
2026-06-10 16:08:02.579,2026-06-10 16:09:58.873,22.6535019,114.5127487,200.0,15.0,-0.06,243.4,18.3,19.9,1543.4,4167.50,10.0,2.0,2.5,NR5G-SA,n79,-95,-95,-10,9,-75,6.7,C3228E001,568
2026-06-10 16:08:02.779,2026-06-10 16:09:59.073,22.6534867,114.5127164,200.0,14.9,-0.04,243.3,18.3,19.9,1541.7,4171.22,10.0,2.0,2.5,NR5G-SA,n79,-95,-95,-10,9,-75,5.4,C3228E001,568
2026-06-10 16:08:02.980,2026-06-10 16:09:59.073,22.6534714,114.5126840,200.0,14.9,0.05,243.3,18.3,19.9,1539.9,4174.96,10.0,2.0,2.5,NR5G-SA,n79,-95,-95,-10,9,-75,10.8,C3228E001,568
2026-06-10 16:08:03.180,2026-06-10 16:09:59.473,22.6534714,114.5126840,200.0,14.9,0.05,243.3,18.3,19.3,1539.9,4174.96,10.0,2.0,2.5,NR5G-SA,n79,-95,-95,-10,9,-75,6.6,C3228E001,568
2026-06-10 16:08:03.380,2026-06-10 16:09:59.673,22.6534562,114.5126515,200.0,15.0,0.03,243.2,18.3,19.3,1538.1,4178.70,10.0,2.0,2.5,NR5G-SA,n79,-95,-95,-10,8,-75,7.1,C3228E001,568
2026-06-10 16:08:03.580,2026-06-10 16:09:59.873,22.6534410,114.5126189,200.0,15.0,0.02,243.3,0.0,19.3,1536.4,4182.46,10.0,2.0,2.5,NR5G-SA,n79,-95,-95,-10,8,-75,4.6,C3228E001,568
2026-06-10 16:08:03.781,2026-06-10 16:10:00.073,22.6534259,114.5125863,200.0,15.0,0.01,243.3,0.0,19.3,1534.6,4186.20,10.0,2.0,2.5,NR5G-SA,n79,-95,-95,-10,13,-75,6.0,C3228E001,568
2026-06-10 16:08:03.981,2026-06-10 16:10:00.073,22.6534107,114.5125538,200.0,15.0,0.00,243.3,0.0,19.3,1532.8,4189.95,10.0,2.0,2.5,NR5G-SA,n79,-95,-95,-10,13,-75,9.8,C3228E001,568
2026-06-10 16:08:04.182,2026-06-10 16:10:00.473,22.6534107,114.5125538,200.0,15.0,0.00,243.3,0.0,21.2,1532.8,4189.95,10.0,2.0,2.5,NR5G-SA,n79,-95,-95,-10,13,-75,9.2,C3228E001,568
2026-06-10 16:08:04.382,2026-06-10 16:10:00.673,22.6533955,114.5125212,200.0,15.0,-0.02,243.2,0.0,21.2,1531.1,4193.70,10.0,2.0,2.5,NR5G-SA,n79,-98,-98,-10,13,-78,6.0,C3228E001,568
2026-06-10 16:08:04.582,2026-06-10 16:10:00.873,22.6533803,114.5124887,200.0,15.0,0.01,243.1,7.4,21.2,1529.3,4197.44,10.0,2.0,2.5,NR5G-SA,n79,-98,-98,-10,13,-78,6.5,C3228E001,568
2026-06-10 16:08:04.782,2026-06-10 16:10:01.073,22.6533652,114.5124561,200.0,15.0,-0.05,243.1,7.4,21.2,1527.6,4201.19,10.0,2.0,2.5,NR5G-SA,n79,-98,-98,-10,13,-78,7.2,C3228E001,568
2026-06-10 16:08:04.983,2026-06-10 16:10:01.073,22.6533500,114.5124236,200.0,15.0,-0.05,243.1,7.4,21.2,1525.9,4204.93,10.0,2.0,2.5,NR5G-SA,n79,-97,-97,-10,12,-77,7.5,C3228E001,568
2026-06-10 16:08:05.183,2026-06-10 16:10:01.473,22.6533500,114.5124236,200.0,15.0,-0.05,243.1,7.4,21.2,1525.9,4204.93,10.0,2.0,2.5,NR5G-SA,n79,-97,-97,-10,12,-77,13.3,C3228E001,568
2026-06-10 16:08:05.383,2026-06-10 16:10:01.673,22.6533347,114.5123911,200.0,15.0,-0.06,243.1,7.4,19.4,1524.1,4208.68,10.0,2.0,2.5,NR5G-SA,n79,-97,-97,-10,12,-77,7.5,C3228E001,568
2026-06-10 16:08:05.584,2026-06-10 16:10:01.873,22.6533195,114.5123585,200.0,15.0,0.02,243.2,0.0,19.4,1522.4,4212.43,10.0,2.0,2.5,NR5G-SA,n79,-97,-97,-10,13,-77,7.1,C3228E001,568
2026-06-10 16:08:05.784,2026-06-10 16:10:02.073,22.6533043,114.5123259,200.0,15.0,-0.04,243.2,0.0,19.4,1520.7,4216.19,10.0,2.0,2.5,NR5G-SA,n79,-97,-97,-10,13,-77,5.8,C3228E001,568
2026-06-10 16:08:05.984,2026-06-10 16:10:02.073,22.6532890,114.5122934,200.0,15.0,-0.02,243.2,0.0,19.4,1519.0,4219.93,10.0,2.0,2.5,NR5G-SA,n79,-97,-97,-10,13,-77,7.7,C3228E001,568
2026-06-10 16:08:06.185,2026-06-10 16:10:02.473,22.6532890,114.5122934,200.0,15.0,-0.02,243.2,0.0,19.4,1519.0,4219.93,10.0,2.0,2.5,NR5G-SA,n79,-97,-97,-10,13,-77,16.9,C3228E001,568
2026-06-10 16:08:06.385,2026-06-10 16:10:02.673,22.6532738,114.5122610,200.0,15.0,-0.02,243.1,0.0,18.9,1517.3,4223.67,10.0,2.0,2.5,NR5G-SA,n79,-97,-97,-10,13,-77,8.9,C3228E001,568
2026-06-10 16:08:06.585,2026-06-10 16:10:02.873,22.6532585,114.5122285,200.0,15.0,-0.07,243.1,5.3,18.9,1515.7,4227.42,10.0,2.0,2.5,NR5G-SA,n79,-97,-97,-10,13,-77,4.4,C3228E001,568
2026-06-10 16:08:06.786,2026-06-10 16:10:03.073,22.6532433,114.5121960,200.0,15.0,-0.05,243.1,5.3,18.9,1514.0,4231.16,10.0,2.0,2.5,NR5G-SA,n79,-97,-97,-10,10,-77,8.8,C3228E001,568
2026-06-10 16:08:06.986,2026-06-10 16:10:03.073,22.6532280,114.5121633,200.0,15.0,-0.07,243.1,5.3,18.9,1512.3,4234.92,10.0,2.0,2.5,NR5G-SA,n79,-97,-97,-10,10,-77,9.6,C3228E001,568
2026-06-10 16:08:07.187,2026-06-10 16:10:03.473,22.6532280,114.5121633,200.0,15.0,-0.07,243.1,5.3,18.9,1512.3,4234.92,10.0,2.0,2.5,NR5G-SA,n79,-103,-103,-10,8,-83,18.3,C3228E001,568
2026-06-10 16:08:07.387,2026-06-10 16:10:03.673,22.6532128,114.5121307,200.0,15.0,-0.05,243.1,5.3,18.9,1510.6,4238.68,10.0,2.0,2.5,NR5G-SA,n79,-103,-103,-10,8,-83,11.7,C3228E001,568
2026-06-10 16:08:07.587,2026-06-10 16:10:03.873,22.6531975,114.5120981,200.0,15.0,-0.04,243.1,0.0,18.9,1509.0,4242.43,10.0,2.0,2.5,NR5G-SA,n79,-103,-103,-10,8,-83,7.7,C3228E001,568
2026-06-10 16:08:07.788,2026-06-10 16:10:04.073,22.6531823,114.5120655,200.0,15.0,-0.02,243.2,0.0,18.9,1507.3,4246.19,10.0,2.0,2.5,NR5G-SA,n79,-98,-98,-10,9,-78,7.0,C3228E001,568
2026-06-10 16:08:07.988,2026-06-10 16:10:04.073,22.6531671,114.5120330,200.0,14.9,0.01,243.3,0.0,18.9,1505.7,4249.93,10.0,2.0,2.5,NR5G-SA,n79,-98,-98,-10,9,-78,9.8,C3228E001,568
2026-06-10 16:08:08.188,2026-06-10 16:10:04.473,22.6531671,114.5120330,200.0,14.9,0.01,243.3,0.0,18.9,1505.7,4249.93,10.0,2.0,2.5,NR5G-SA,n79,-98,-98,-10,9,-78,11.3,C3228E001,568
2026-06-10 16:08:08.388,2026-06-10 16:10:04.673,22.6531521,114.5120005,200.0,14.9,-0.02,243.4,0.0,19.9,1504.1,4253.66,10.0,2.0,2.5,NR5G-SA,n79,-99,-99,-10,9,-79,9.0,C3228E001,568
2026-06-10 16:08:08.589,2026-06-10 16:10:04.873,22.6531369,114.5119679,200.0,15.0,0.01,243.4,16.0,19.9,1502.4,4257.41,10.0,2.0,2.5,NR5G-SA,n79,-99,-99,-10,9,-79,5.8,C3228E001,568
2026-06-10 16:08:08.789,2026-06-10 16:10:05.073,22.6531217,114.5119354,200.0,15.0,-0.02,243.2,16.0,19.9,1500.8,4261.16,10.0,2.0,2.5,NR5G-SA,n79,-98,-98,-10,9,-78,5.1,C3228E001,568
2026-06-10 16:08:08.990,2026-06-10 16:10:05.473,22.6531064,114.5119029,200.0,15.0,-0.04,243.1,16.0,19.9,1499.2,4264.91,10.0,2.0,2.5,NR5G-SA,n79,-98,-98,-10,9,-78,7.5,C3228E001,568
2026-06-10 16:08:09.190,2026-06-10 16:10:05.473,22.6531064,114.5119029,200.0,15.0,-0.04,243.1,16.0,19.9,1499.2,4264.91,10.0,2.0,2.5,NR5G-SA,n79,-98,-98,-10,9,-78,14.4,C3228E001,568
2026-06-10 16:08:09.390,2026-06-10 16:10:05.673,22.6530910,114.5118704,200.0,15.0,0.00,242.9,16.0,18.8,1497.6,4268.66,10.0,2.0,2.5,NR5G-SA,n79,-101,-101,-10,8,-81,8.0,C3228E001,568
2026-06-10 16:08:09.590,2026-06-10 16:10:05.873,22.6530756,114.5118379,200.0,15.0,0.01,242.9,42.7,18.8,1496.1,4272.41,10.0,2.0,2.5,NR5G-SA,n79,-101,-101,-10,8,-81,5.1,C3228E001,568
2026-06-10 16:08:09.791,2026-06-10 16:10:06.073,22.6530601,114.5118053,200.0,15.0,-0.02,242.8,42.7,18.8,1494.5,4276.18,10.0,2.0,2.5,NR5G-SA,n79,-101,-101,-10,8,-81,8.5,C3228E001,568
2026-06-10 16:08:09.991,2026-06-10 16:10:06.073,22.6530449,114.5117727,200.0,15.0,-0.00,242.9,42.7,18.8,1492.9,4279.93,10.0,2.0,2.5,NR5G-SA,n79,-100,-100,-10,7,-80,6.8,C3228E001,568
2026-06-10 16:08:10.191,2026-06-10 16:10:06.473,22.6530449,114.5117727,200.0,15.0,-0.00,242.9,42.7,18.8,1492.9,4279.93,10.0,2.0,2.5,NR5G-SA,n79,-100,-100,-10,7,-80,12.9,C3228E001,568
2026-06-10 16:08:10.392,2026-06-10 16:10:06.673,22.6530296,114.5117401,200.0,15.0,-0.06,242.9,42.7,19.5,1491.3,4283.69,10.0,2.0,2.5,NR5G-SA,n79,-100,-100,-10,7,-80,8.7,C3228E001,568
2026-06-10 16:08:10.592,2026-06-10 16:10:06.873,22.6530143,114.5117075,200.0,14.9,0.02,242.9,24.7,19.5,1489.8,4287.45,10.0,2.0,2.5,NR5G-SA,n79,-102,-102,-10,8,-82,5.3,C3228E001,568
2026-06-10 16:08:10.793,2026-06-10 16:10:07.073,22.6529991,114.5116750,200.0,14.9,0.06,242.9,24.7,19.5,1488.2,4291.19,10.0,2.0,2.5,NR5G-SA,n79,-102,-102,-10,8,-82,4.9,C3228E001,568
2026-06-10 16:08:10.993,2026-06-10 16:10:07.073,22.6529839,114.5116425,200.0,15.0,-0.01,242.9,24.7,19.5,1486.7,4294.93,10.0,2.0,2.5,NR5G-SA,n79,-101,-101,-10,8,-81,6.9,C3228E001,568
2026-06-10 16:08:11.193,2026-06-10 16:10:07.473,22.6529839,114.5116425,200.0,15.0,-0.01,242.9,24.7,19.5,1486.7,4294.93,10.0,2.0,2.5,NR5G-SA,n79,-101,-101,-10,8,-81,13.1,C3228E001,568
2026-06-10 16:08:11.394,2026-06-10 16:10:07.673,22.6529687,114.5116100,200.0,14.9,0.00,242.9,24.7,19.4,1485.1,4298.68,10.0,2.0,2.5,NR5G-SA,n79,-101,-101,-10,8,-81,7.8,C3228E001,568
2026-06-10 16:08:11.594,2026-06-10 16:10:07.873,22.6529536,114.5115776,200.0,14.9,0.01,242.9,37.8,19.4,1483.6,4302.40,10.0,2.0,2.5,NR5G-SA,n79,-101,-101,-10,8,-81,5.0,C3228E001,568
2026-06-10 16:08:11.794,2026-06-10 16:10:08.073,22.6529385,114.5115451,200.0,15.0,0.03,243.0,37.8,19.4,1482.1,4306.14,10.0,2.0,2.5,NR5G-SA,n79,-101,-101,-10,8,-81,6.0,C3228E001,568
2026-06-10 16:08:11.995,2026-06-10 16:10:08.473,22.6529232,114.5115126,200.0,15.0,0.02,243.0,37.8,19.4,1480.6,4309.89,10.0,2.0,2.5,NR5G-SA,n79,-101,-101,-10,8,-81,6.1,C3228E001,568
2026-06-10 16:08:12.195,2026-06-10 16:10:08.473,22.6529232,114.5115126,200.0,15.0,0.02,243.0,37.8,19.4,1480.6,4309.89,10.0,2.0,2.5,NR5G-SA,n79,-102,-102,-10,7,-82,13.1,C3228E001,568
2026-06-10 16:08:12.395,2026-06-10 16:10:08.673,22.6529080,114.5114801,200.0,15.0,0.02,243.0,37.8,18.8,1479.1,4313.63,10.0,2.0,2.5,NR5G-SA,n79,-102,-102,-10,7,-82,7.6,C3228E001,568
2026-06-10 16:08:12.596,2026-06-10 16:10:08.873,22.6528927,114.5114474,200.0,15.0,0.01,243.0,32.4,18.8,1477.6,4317.40,10.0,2.0,2.5,NR5G-SA,n79,-102,-102,-10,7,-82,4.7,C3228E001,568
2026-06-10 16:08:12.796,2026-06-10 16:10:09.073,22.6528774,114.5114147,200.0,15.0,-0.06,242.9,32.4,18.8,1476.1,4321.17,10.0,2.0,2.5,NR5G-SA,n79,-104,-104,-10,8,-84,5.3,C3228E001,568
2026-06-10 16:08:12.996,2026-06-10 16:10:09.073,22.6528622,114.5113822,200.0,15.0,-0.08,242.9,32.4,18.8,1474.6,4324.91,10.0,2.0,2.5,NR5G-SA,n79,-104,-104,-10,8,-84,7.6,C3228E001,568
2026-06-10 16:08:13.197,2026-06-10 16:10:09.473,22.6528622,114.5113822,200.0,15.0,-0.08,242.9,32.4,18.8,1474.6,4324.91,10.0,2.0,2.5,NR5G-SA,n79,-103,-103,-10,9,-83,14.0,C3228E001,568
2026-06-10 16:08:13.397,2026-06-10 16:10:09.673,22.6528469,114.5113496,200.0,15.0,-0.07,242.9,32.4,17.7,1473.1,4328.67,10.0,2.0,2.5,NR5G-SA,n79,-103,-103,-10,9,-83,8.0,C3228E001,568
2026-06-10 16:08:13.597,2026-06-10 16:10:09.873,22.6528316,114.5113171,200.0,15.0,0.03,242.9,31.7,17.7,1471.7,4332.42,10.0,2.0,2.5,NR5G-SA,n79,-103,-103,-10,9,-83,3.5,C3228E001,568
2026-06-10 16:08:13.798,2026-06-10 16:10:10.073,22.6528163,114.5112845,200.0,15.0,0.03,242.9,31.7,17.7,1470.2,4336.17,10.0,2.0,2.5,NR5G-SA,n79,-101,-101,-10,8,-81,4.6,C3228E001,568
2026-06-10 16:08:13.998,2026-06-10 16:10:10.473,22.6528010,114.5112518,200.0,14.9,0.06,242.9,31.7,17.7,1468.7,4339.94,10.0,2.0,2.5,NR5G-SA,n79,-101,-101,-10,8,-81,6.0,C3228E001,568
2026-06-10 16:08:14.198,2026-06-10 16:10:10.473,22.6528010,114.5112518,200.0,14.9,0.06,242.9,31.7,17.7,1468.7,4339.94,10.0,2.0,2.5,NR5G-SA,n79,-101,-101,-10,8,-81,12.9,C3228E001,568
2026-06-10 16:08:14.399,2026-06-10 16:10:10.673,22.6527858,114.5112192,200.0,15.0,0.03,242.9,31.7,18.2,1467.3,4343.69,10.0,2.0,2.5,NR5G-SA,n79,-105,-105,-11,8,-85,7.9,C3228E001,568
2026-06-10 16:08:14.599,2026-06-10 16:10:10.873,22.6527706,114.5111866,200.0,14.9,0.07,242.9,38.4,18.2,1465.9,4347.44,10.0,2.0,2.5,NR5G-SA,n79,-105,-105,-11,8,-85,4.6,C3228E001,568
2026-06-10 16:08:14.799,2026-06-10 16:10:11.073,22.6527554,114.5111542,200.0,15.0,-0.00,242.9,38.4,18.2,1464.4,4351.18,10.0,2.0,2.5,NR5G-SA,n79,-105,-105,-11,8,-85,4.4,C3228E001,568
2026-06-10 16:08:15.000,2026-06-10 16:10:11.073,22.6527402,114.5111218,200.0,15.0,-0.03,242.9,38.4,18.2,1463.0,4354.91,10.0,2.0,2.5,NR5G-SA,n79,-105,-105,-11,8,-85,7.4,C3228E001,568
2026-06-10 16:08:15.200,2026-06-10 16:10:11.473,22.6527402,114.5111218,200.0,15.0,-0.03,242.9,38.4,18.2,1463.0,4354.91,10.0,2.0,2.5,NR5G-SA,n79,-105,-105,-11,8,-85,12.7,C3228E001,568
2026-06-10 16:08:15.400,2026-06-10 16:10:11.673,22.6527250,114.5110893,200.0,15.0,-0.05,242.9,38.4,18.2,1461.6,4358.65,10.0,2.0,2.5,NR5G-SA,n79,-105,-105,-11,8,-85,7.4,C3228E001,568
2026-06-10 16:08:15.601,2026-06-10 16:10:11.873,22.6527099,114.5110568,200.0,15.0,0.01,243.0,23.5,17.8,1460.2,4362.39,10.0,2.0,2.5,NR5G-SA,n79,-105,-105,-11,8,-85,5.0,C3228E001,568
2026-06-10 16:08:15.801,2026-06-10 16:10:12.073,22.6526947,114.5110241,200.0,15.0,-0.02,242.9,23.5,17.8,1458.8,4366.15,10.0,2.0,2.5,NR5G-SA,n79,-106,-106,-11,10,-86,6.4,C3228E001,568
2026-06-10 16:08:16.001,2026-06-10 16:10:12.473,22.6526795,114.5109916,200.0,15.0,-0.04,242.9,23.5,17.8,1457.4,4369.90,10.0,2.0,2.5,NR5G-SA,n79,-105,-105,-11,10,-85,5.0,C3228E001,568
2026-06-10 16:08:16.201,2026-06-10 16:10:12.473,22.6526643,114.5109591,200.0,15.0,-0.00,242.9,23.5,17.8,1456.0,4373.64,10.0,2.0,2.5,NR5G-SA,n79,-105,-105,-11,10,-85,12.4,C3228E001,568
2026-06-10 16:08:16.402,2026-06-10 16:10:12.673,22.6526643,114.5109591,200.0,15.0,-0.00,242.9,23.5,17.8,1456.0,4373.64,10.0,2.0,2.5,NR5G-SA,n79,-105,-105,-11,10,-85,8.6,C3228E001,568
2026-06-10 16:08:16.602,2026-06-10 16:10:12.873,22.6526491,114.5109266,200.0,15.0,0.05,243.0,43.2,18.5,1454.7,4377.38,10.0,2.0,2.5,NR5G-SA,n79,-106,-106,-11,10,-86,6.3,C3228E001,568
2026-06-10 16:08:16.802,2026-06-10 16:10:13.073,22.6526339,114.5108940,200.0,15.0,-0.01,243.0,43.2,18.5,1453.3,4381.13,10.0,2.0,2.5,NR5G-SA,n79,-106,-106,-11,10,-86,5.7,C3228E001,568
2026-06-10 16:08:17.002,2026-06-10 16:10:13.073,22.6526187,114.5108613,200.0,15.0,-0.05,243.0,43.2,18.5,1451.9,4384.90,10.0,2.0,2.5,NR5G-SA,n79,-106,-106,-11,10,-86,7.6,C3228E001,568
2026-06-10 16:08:17.203,2026-06-10 16:10:13.473,22.6526035,114.5108287,200.0,15.0,-0.05,243.1,43.2,18.5,1450.6,4388.65,10.0,2.0,2.5,NR5G-SA,n79,-106,-106,-11,10,-86,13.5,C3228E001,568
2026-06-10 16:08:17.403,2026-06-10 16:10:13.673,22.6526035,114.5108287,200.0,15.0,-0.01,243.1,43.2,18.5,1450.6,4388.65,10.0,2.0,2.5,NR5G-SA,n79,-106,-106,-11,10,-86,9.2,C3228E001,568
2026-06-10 16:08:17.604,2026-06-10 16:10:13.873,22.6525882,114.5107962,200.0,15.0,-0.10,243.0,15.3,21.0,1449.3,4392.40,10.0,2.0,2.5,NR5G-SA,n79,-106,-106,-11,11,-86,4.6,C3228E001,568
2026-06-10 16:08:17.804,2026-06-10 16:10:14.073,22.6525729,114.5107638,200.0,15.0,-0.11,243.0,15.3,21.0,1448.0,4396.14,10.0,2.0,2.5,NR5G-SA,n79,-106,-106,-11,11,-86,5.2,C3228E001,568
2026-06-10 16:08:18.004,2026-06-10 16:10:14.073,22.6525577,114.5107314,200.0,15.0,0.02,243.0,15.3,21.0,1446.7,4399.87,10.0,2.0,2.5,NR5G-SA,n79,-106,-106,-11,11,-86,7.6,C3228E001,568
2026-06-10 16:08:18.204,2026-06-10 16:10:14.473,22.6525423,114.5106989,200.0,15.0,0.02,243.0,15.3,21.0,1445.4,4403.62,10.0,2.0,2.5,NR5G-SA,n79,-105,-105,-11,9,-85,13.3,C3228E001,568
2026-06-10 16:08:18.405,2026-06-10 16:10:14.673,22.6525423,114.5106989,200.0,15.1,0.01,243.0,15.3,21.0,1445.4,4403.62,10.0,2.0,2.5,NR5G-SA,n79,-105,-105,-11,9,-85,8.2,C3228E001,568
2026-06-10 16:08:18.605,2026-06-10 16:10:14.873,22.6525270,114.5106664,200.0,15.1,0.01,242.9,0.0,23.2,1444.1,4407.37,10.0,2.0,2.5,NR5G-SA,n79,-105,-105,-11,9,-85,6.6,C3228E001,568
2026-06-10 16:08:18.805,2026-06-10 16:10:15.073,22.6525117,114.5106338,200.0,15.0,0.02,242.8,0.0,23.2,1442.8,4411.13,10.0,2.0,2.5,NR5G-SA,n79,-107,-107,-11,11,-87,4.2,C3228E001,568
2026-06-10 16:08:19.006,2026-06-10 16:10:15.073,22.6524964,114.5106013,200.0,15.0,0.07,242.7,0.0,23.2,1441.5,4414.88,10.0,2.0,2.5,NR5G-SA,n79,-107,-107,-11,11,-87,9.7,C3228E001,568
2026-06-10 16:08:19.206,2026-06-10 16:10:15.473,22.6524810,114.5105687,200.0,15.0,0.07,242.5,0.0,23.2,1440.2,4418.64,10.0,2.0,2.5,NR5G-SA,n79,-107,-107,-11,11,-87,13.2,C3228E001,568
2026-06-10 16:08:19.406,2026-06-10 16:10:15.673,22.6524810,114.5105687,200.0,15.0,-0.03,242.5,0.0,23.2,1440.2,4418.64,10.0,2.0,2.5,NR5G-SA,n79,-101,-101,-11,13,-81,9.5,C3228E001,568
2026-06-10 16:08:19.607,2026-06-10 16:10:15.873,22.6524656,114.5105359,200.0,15.1,-0.04,242.1,3.9,22.3,1439.0,4422.42,10.0,2.0,2.5,NR5G-SA,n79,-101,-101,-11,13,-81,5.0,C3228E001,568
2026-06-10 16:08:19.807,2026-06-10 16:10:16.073,22.6524502,114.5105031,200.0,15.0,-0.04,241.8,3.9,22.3,1437.7,4426.20,10.0,2.0,2.5,NR5G-SA,n79,-104,-104,-11,14,-84,5.9,C3228E001,568
2026-06-10 16:08:20.008,2026-06-10 16:10:16.473,22.6524350,114.5104705,200.0,15.0,0.03,241.9,3.9,22.3,1436.5,4429.95,10.0,2.0,2.5,NR5G-SA,n79,-104,-104,-11,14,-84,7.2,C3228E001,568
2026-06-10 16:08:20.208,2026-06-10 16:10:16.473,22.6524197,114.5104378,200.0,15.0,0.07,242.0,3.9,22.3,1435.2,4433.72,10.0,2.0,2.5,NR5G-SA,n79,-104,-104,-11,14,-84,13.5,C3228E001,568
2026-06-10 16:08:20.408,2026-06-10 16:10:16.673,22.6524197,114.5104378,200.0,15.0,0.07,242.0,3.9,22.3,1435.2,4433.72,10.0,2.0,2.5,NR5G-SA,n79,-103,-103,-11,15,-83,8.9,C3228E001,568
2026-06-10 16:08:20.608,2026-06-10 16:10:16.873,22.6524045,114.5104053,200.0,15.0,0.01,241.9,0.0,22.9,1434.0,4437.46,10.0,2.0,2.5,NR5G-SA,n79,-103,-103,-11,15,-83,5.9,C3228E001,568
2026-06-10 16:08:20.809,2026-06-10 16:10:17.073,22.6523893,114.5103727,200.0,14.9,0.07,241.8,0.0,22.9,1432.8,4441.21,10.0,2.0,2.5,NR5G-SA,n79,-103,-103,-11,15,-83,4.5,C3228E001,568
2026-06-10 16:08:21.009,2026-06-10 16:10:17.473,22.6523741,114.5103402,200.0,15.0,0.01,241.6,0.0,22.9,1431.5,4444.96,10.0,2.0,2.5,NR5G-SA,n79,-105,-105,-11,15,-85,4.4,C3228E001,568
2026-06-10 16:08:21.210,2026-06-10 16:10:17.473,22.6523589,114.5103077,200.0,15.0,-0.03,241.5,0.0,22.9,1430.3,4448.70,10.0,2.0,2.5,NR5G-SA,n79,-105,-105,-11,15,-85,10.8,C3228E001,568
2026-06-10 16:08:21.410,2026-06-10 16:10:17.673,22.6523589,114.5103077,200.0,15.0,-0.03,241.5,0.0,22.9,1430.3,4448.70,10.0,2.0,2.5,NR5G-SA,n79,-105,-105,-11,15,-85,8.5,C3228E001,568
2026-06-10 16:08:21.610,2026-06-10 16:10:17.873,22.6523435,114.5102752,200.0,15.0,-0.02,241.6,7.4,22.0,1429.2,4452.45,10.0,2.0,2.5,NR5G-SA,n79,-105,-105,-11,15,-85,5.6,C3228E001,568
2026-06-10 16:08:21.811,2026-06-10 16:10:18.073,22.6523282,114.5102427,200.0,15.0,-0.01,241.7,7.4,22.0,1428.0,4456.20,10.0,2.0,2.5,NR5G-SA,n79,-105,-105,-11,15,-85,4.9,C3228E001,568
2026-06-10 16:08:22.011,2026-06-10 16:10:18.073,22.6523129,114.5102102,200.0,15.0,-0.02,241.8,7.4,22.0,1426.8,4459.95,10.0,2.0,2.5,NR5G-SA,n79,-106,-106,-11,14,-86,7.8,C3228E001,568
2026-06-10 16:08:22.211,2026-06-10 16:10:18.473,22.6522978,114.5101777,200.0,15.0,0.02,241.9,7.4,22.0,1425.6,4463.69,10.0,2.0,2.5,NR5G-SA,n79,-106,-106,-11,14,-86,10.4,C3228E001,568
2026-06-10 16:08:22.412,2026-06-10 16:10:18.673,22.6522978,114.5101777,200.0,15.0,0.02,241.9,7.4,22.0,1425.6,4463.69,10.0,2.0,2.5,NR5G-SA,n79,-106,-106,-11,14,-86,8.4,C3228E001,568
2026-06-10 16:08:22.612,2026-06-10 16:10:18.873,22.6522826,114.5101451,200.0,15.0,0.03,242.0,0.0,19.6,1424.5,4467.44,10.0,2.0,2.5,NR5G-SA,n79,-107,-107,-11,14,-87,4.6,C3228E001,568
2026-06-10 16:08:22.812,2026-06-10 16:10:19.073,22.6522676,114.5101126,200.0,15.0,-0.01,242.1,0.0,19.6,1423.3,4471.17,10.0,2.0,2.5,NR5G-SA,n79,-107,-107,-11,14,-87,5.6,C3228E001,568
2026-06-10 16:08:23.012,2026-06-10 16:10:19.473,22.6522524,114.5100800,200.0,15.0,-0.02,242.2,0.0,19.6,1422.2,4474.93,10.0,2.0,2.5,NR5G-SA,n79,-107,-107,-11,14,-87,6.5,C3228E001,568
2026-06-10 16:08:23.213,2026-06-10 16:10:19.473,22.6522372,114.5100474,200.0,15.0,-0.02,242.2,0.0,19.6,1421.0,4478.68,10.0,2.0,2.5,NR5G-SA,n79,-107,-107,-11,13,-87,11.0,C3228E001,568
2026-06-10 16:08:23.413,2026-06-10 16:10:19.673,22.6522372,114.5100474,200.0,15.0,-0.02,242.2,0.0,19.6,1421.0,4478.68,10.0,2.0,2.5,NR5G-SA,n79,-107,-107,-11,13,-87,8.0,C3228E001,568
2026-06-10 16:08:23.614,2026-06-10 16:10:19.873,22.6522220,114.5100148,200.0,15.1,-0.02,242.3,17.9,18.1,1419.9,4482.43,10.0,2.0,2.5,NR5G-SA,n79,-107,-107,-11,13,-87,4.0,C3228E001,568
2026-06-10 16:08:23.815,2026-06-10 16:10:20.073,22.6522067,114.5099822,200.0,15.0,0.02,242.2,17.9,18.1,1418.8,4486.19,10.0,2.0,2.5,NR5G-SA,n79,-109,-109,-11,13,-89,4.6,C3228E001,568
2026-06-10 16:08:24.015,2026-06-10 16:10:20.473,22.6521914,114.5099496,200.0,15.0,-0.01,242.3,17.9,18.1,1417.7,4489.94,10.0,2.0,2.5,NR5G-SA,n79,-109,-109,-11,13,-89,6.0,C3228E001,568
2026-06-10 16:08:24.215,2026-06-10 16:10:20.473,22.6521761,114.5099170,200.0,15.0,0.02,242.3,17.9,18.1,1416.6,4493.70,10.0,2.0,2.5,NR5G-SA,n79,-109,-109,-11,13,-89,12.4,C3228E001,568
2026-06-10 16:08:24.416,2026-06-10 16:10:20.673,22.6521761,114.5099170,200.0,15.0,0.02,242.3,17.9,18.1,1416.6,4493.70,10.0,2.0,2.5,NR5G-SA,n79,-107,-107,-11,13,-87,8.9,C3228E001,568
2026-06-10 16:08:24.616,2026-06-10 16:10:20.873,22.6521609,114.5098845,200.0,15.0,-0.01,242.4,42.7,18.1,1415.5,4497.44,10.0,2.0,2.5,NR5G-SA,n79,-107,-107,-11,13,-87,4.8,C3228E001,568
2026-06-10 16:08:24.816,2026-06-10 16:10:21.073,22.6521457,114.5098519,200.0,15.0,0.02,242.6,42.7,19.4,1414.4,4501.20,10.0,2.0,2.5,NR5G-SA,n79,-111,-111,-11,12,-91,4.8,C3228E001,568
2026-06-10 16:08:25.017,2026-06-10 16:10:21.073,22.6521307,114.5098194,200.0,15.0,0.07,242.8,42.7,19.4,1413.3,4504.93,10.0,2.0,2.5,NR5G-SA,n79,-111,-111,-11,12,-91,7.7,C3228E001,568
2026-06-10 16:08:25.217,2026-06-10 16:10:21.473,22.6521154,114.5097868,200.0,15.0,0.03,243.2,42.7,19.4,1412.3,4508.69,10.0,2.0,2.5,NR5G-SA,n79,-111,-111,-11,12,-91,10.2,C3228E001,568
2026-06-10 16:08:25.417,2026-06-10 16:10:21.673,22.6521154,114.5097868,200.0,15.0,0.03,243.2,42.7,19.4,1412.3,4508.69,10.0,2.0,2.5,NR5G-SA,n79,-106,-106,-11,12,-86,7.9,C3228E001,568
2026-06-10 16:08:25.618,2026-06-10 16:10:21.873,22.6521002,114.5097542,200.0,15.0,0.03,243.3,26.6,19.4,1411.2,4512.44,10.0,2.0,2.5,NR5G-SA,n79,-106,-106,-11,12,-86,5.8,C3228E001,568
2026-06-10 16:08:25.818,2026-06-10 16:10:22.073,22.6520850,114.5097215,200.0,15.0,-0.01,243.3,26.6,18.6,1410.1,4516.20,10.0,2.0,2.5,NR5G-SA,n79,-106,-106,-11,12,-86,4.3,C3228E001,568
2026-06-10 16:08:26.018,2026-06-10 16:10:22.473,22.6520698,114.5096889,200.0,15.1,-0.02,243.4,26.6,18.6,1409.1,4519.95,10.0,2.0,2.5,NR5G-SA,n79,-107,-107,-11,14,-87,6.7,C3228E001,568
2026-06-10 16:08:26.218,2026-06-10 16:10:22.473,22.6520545,114.5096562,200.0,15.0,0.07,243.5,26.6,18.6,1408.1,4523.72,10.0,2.0,2.5,NR5G-SA,n79,-107,-107,-11,14,-87,10.7,C3228E001,568
2026-06-10 16:08:26.419,2026-06-10 16:10:22.673,22.6520545,114.5096562,200.0,15.0,0.07,243.5,26.6,18.6,1408.1,4523.72,10.0,2.0,2.5,NR5G-SA,n79,-107,-107,-11,14,-87,9.4,C3228E001,568
2026-06-10 16:08:26.619,2026-06-10 16:10:22.873,22.6520393,114.5096237,200.0,15.0,-0.04,243.5,35.6,18.6,1407.1,4527.46,10.0,2.0,2.5,NR5G-SA,n79,-107,-107,-11,14,-87,4.7,C3228E001,568
2026-06-10 16:08:26.819,2026-06-10 16:10:23.073,22.6520240,114.5095910,200.0,15.1,-0.03,243.5,35.6,21.0,1406.0,4531.23,10.0,2.0,2.5,NR5G-SA,n79,-107,-107,-11,14,-87,6.5,C3228E001,568
2026-06-10 16:08:27.020,2026-06-10 16:10:23.473,22.6520087,114.5095583,200.0,15.0,0.02,243.4,35.6,21.0,1405.0,4535.00,10.0,2.0,2.5,NR5G-SA,n79,-103,-103,-11,15,-83,4.7,C3228E001,568
2026-06-10 16:08:27.220,2026-06-10 16:10:23.473,22.6519933,114.5095257,200.0,15.1,-0.02,243.2,35.6,21.0,1404.1,4538.76,10.0,2.0,2.5,NR5G-SA,n79,-103,-103,-11,15,-83,11.0,C3228E001,568
2026-06-10 16:08:27.420,2026-06-10 16:10:23.673,22.6519933,114.5095257,200.0,15.1,-0.02,243.2,35.6,21.0,1404.1,4538.76,10.0,2.0,2.5,NR5G-SA,n79,-103,-103,-11,15,-83,7.9,C3228E001,568
2026-06-10 16:08:27.621,2026-06-10 16:10:23.873,22.6519779,114.5094930,200.0,15.1,0.02,243.0,34.4,21.0,1403.1,4542.53,10.0,2.0,2.5,NR5G-SA,n79,-106,-106,-11,14,-86,5.7,C3228E001,568
2026-06-10 16:08:27.821,2026-06-10 16:10:24.073,22.6519626,114.5094605,200.0,15.0,-0.00,242.9,34.4,22.3,1402.1,4546.28,10.0,2.0,2.5,NR5G-SA,n79,-106,-106,-11,14,-86,5.6,C3228E001,568
2026-06-10 16:08:28.021,2026-06-10 16:10:24.473,22.6519474,114.5094281,200.0,15.0,0.00,242.9,34.4,22.3,1401.2,4550.01,10.0,2.0,2.5,NR5G-SA,n79,-106,-106,-11,14,-86,6.4,C3228E001,568
2026-06-10 16:08:28.221,2026-06-10 16:10:24.473,22.6519321,114.5093955,200.0,15.0,-0.00,242.8,34.4,22.3,1400.2,4553.77,10.0,2.0,2.5,NR5G-SA,n79,-107,-107,-11,13,-87,9.7,C3228E001,568
2026-06-10 16:08:28.422,2026-06-10 16:10:24.673,22.6519321,114.5093955,200.0,15.0,-0.00,242.8,34.4,22.3,1400.2,4553.77,10.0,2.0,2.5,NR5G-SA,n79,-107,-107,-11,13,-87,7.7,C3228E001,568
2026-06-10 16:08:28.622,2026-06-10 16:10:24.873,22.6519168,114.5093630,200.0,15.0,0.02,242.8,30.2,22.3,1399.3,4557.52,10.0,2.0,2.5,NR5G-SA,n79,-107,-107,-11,13,-87,5.7,C3228E001,568
2026-06-10 16:08:28.822,2026-06-10 16:10:25.073,22.6519015,114.5093304,200.0,15.0,0.01,242.8,30.2,23.6,1398.4,4561.27,10.0,2.0,2.5,NR5G-SA,n79,-104,-104,-11,13,-84,6.5,C3228E001,568
2026-06-10 16:08:29.023,2026-06-10 16:10:25.473,22.6518862,114.5092978,200.0,15.0,0.02,242.9,30.2,23.6,1397.5,4565.03,10.0,2.0,2.5,NR5G-SA,n79,-104,-104,-11,13,-84,6.6,C3228E001,568
2026-06-10 16:08:29.223,2026-06-10 16:10:25.473,22.6518710,114.5092652,200.0,15.0,0.02,242.9,30.2,23.6,1396.5,4568.78,10.0,2.0,2.5,NR5G-SA,n79,-103,-103,-11,14,-83,10.2,C3228E001,568
2026-06-10 16:08:29.423,2026-06-10 16:10:25.673,22.6518710,114.5092652,200.0,15.0,0.02,242.9,30.2,23.6,1396.5,4568.78,10.0,2.0,2.5,NR5G-SA,n79,-103,-103,-11,14,-83,10.6,C3228E001,568
2026-06-10 16:08:29.624,2026-06-10 16:10:25.873,22.6518559,114.5092327,200.0,15.0,-0.00,242.9,39.3,23.6,1395.6,4572.52,10.0,2.0,2.5,NR5G-SA,n79,-103,-103,-11,14,-83,5.3,C3228E001,568
2026-06-10 16:08:29.824,2026-06-10 16:10:26.073,22.6518407,114.5092000,200.0,15.0,-0.05,242.9,39.3,22.8,1394.7,4576.28,10.0,2.0,2.5,NR5G-SA,n79,-109,-109,-11,13,-89,7.4,C3228E001,568
2026-06-10 16:08:30.024,2026-06-10 16:10:26.473,22.6518254,114.5091674,200.0,15.0,-0.05,242.9,39.3,22.8,1393.8,4580.04,10.0,2.0,2.5,NR5G-SA,n79,-109,-109,-11,13,-89,5.0,C3228E001,568
2026-06-10 16:08:30.225,2026-06-10 16:10:26.473,22.6518102,114.5091350,200.0,15.0,-0.05,242.9,39.3,22.8,1393.0,4583.77,10.0,2.0,2.5,NR5G-SA,n79,-109,-109,-11,13,-89,11.3,C3228E001,568
2026-06-10 16:08:30.425,2026-06-10 16:10:26.673,22.6518102,114.5091350,200.0,15.0,-0.05,242.9,39.3,22.8,1393.0,4583.77,10.0,2.0,2.5,NR5G-SA,n79,-102,-102,-11,13,-82,9.3,C3228E001,568
2026-06-10 16:08:30.625,2026-06-10 16:10:26.873,22.6517948,114.5091024,200.0,15.0,-0.00,242.9,22.3,22.8,1392.1,4587.54,10.0,2.0,2.5,NR5G-SA,n79,-102,-102,-11,13,-82,9.6,C3228E001,568
2026-06-10 16:08:30.826,2026-06-10 16:10:27.073,22.6517796,114.5090700,200.0,15.0,-0.01,243.0,22.3,22.7,1391.3,4591.27,10.0,2.0,2.5,NR5G-SA,n79,-102,-102,-11,13,-82,6.8,C3228E001,568
2026-06-10 16:08:31.026,2026-06-10 16:10:27.473,22.6517643,114.5090374,200.0,15.0,0.02,243.0,22.3,22.7,1390.4,4595.03,10.0,2.0,2.5,NR5G-SA,n79,-104,-104,-11,11,-84,4.8,C3228E001,568
2026-06-10 16:08:31.226,2026-06-10 16:10:27.473,22.6517491,114.5090047,200.0,15.0,0.04,242.9,22.3,22.7,1389.6,4598.79,10.0,2.0,2.5,NR5G-SA,n79,-104,-104,-11,11,-84,11.9,C3228E001,568
2026-06-10 16:08:31.427,2026-06-10 16:10:27.673,22.6517491,114.5090047,200.0,15.0,0.04,242.9,22.3,22.7,1389.6,4598.79,10.0,2.0,2.5,NR5G-SA,n79,-107,-107,-11,15,-87,8.7,C3228E001,568
2026-06-10 16:08:31.627,2026-06-10 16:10:27.873,22.6517339,114.5089721,200.0,15.0,0.00,243.0,44.4,22.7,1388.8,4602.54,10.0,2.0,2.5,NR5G-SA,n79,-107,-107,-11,15,-87,5.4,C3228E001,568
2026-06-10 16:08:31.827,2026-06-10 16:10:28.073,22.6517187,114.5089395,200.0,15.0,0.00,242.9,44.4,22.2,1387.9,4606.29,10.0,2.0,2.5,NR5G-SA,n79,-107,-107,-11,15,-87,4.4,C3228E001,568
2026-06-10 16:08:32.028,2026-06-10 16:10:28.473,22.6517034,114.5089069,200.0,15.0,-0.03,242.8,44.4,22.2,1387.1,4610.05,10.0,2.0,2.5,NR5G-SA,n79,-104,-104,-11,15,-84,4.3,C3228E001,568
2026-06-10 16:08:32.228,2026-06-10 16:10:28.473,22.6516883,114.5088745,200.0,15.0,0.02,242.9,44.4,22.2,1386.3,4613.78,10.0,2.0,2.5,NR5G-SA,n79,-104,-104,-11,15,-84,11.6,C3228E001,568
2026-06-10 16:08:32.428,2026-06-10 16:10:28.673,22.6516883,114.5088745,200.0,15.0,0.02,242.9,44.4,22.2,1386.3,4613.78,10.0,2.0,2.5,NR5G-SA,n79,-104,-104,-11,15,-84,11.9,C3228E001,568
2026-06-10 16:08:32.629,2026-06-10 16:10:28.873,22.6516731,114.5088419,200.0,15.1,-0.01,242.9,13.1,22.2,1385.5,4617.53,10.0,2.0,2.5,NR5G-SA,n79,-102,-102,-10,15,-82,4.4,C3228E001,568
2026-06-10 16:08:32.829,2026-06-10 16:10:29.073,22.6516579,114.5088093,200.0,15.0,0.03,243.0,13.1,22.2,1384.8,4621.28,10.0,2.0,2.5,NR5G-SA,n79,-102,-102,-10,15,-82,5.9,C3228E001,568
2026-06-10 16:08:33.029,2026-06-10 16:10:29.473,22.6516427,114.5087766,200.0,15.0,-0.01,243.1,13.1,22.8,1384.0,4625.05,10.0,2.0,2.5,NR5G-SA,n79,-102,-102,-10,15,-82,6.9,C3228E001,568
2026-06-10 16:08:33.230,2026-06-10 16:10:29.473,22.6516276,114.5087439,200.0,15.1,-0.02,243.2,13.1,22.8,1383.2,4628.80,10.0,2.0,2.5,NR5G-SA,n79,-104,-104,-10,16,-84,10.1,C3228E001,568
2026-06-10 16:08:33.430,2026-06-10 16:10:29.673,22.6516276,114.5087439,200.0,15.1,-0.02,243.2,13.1,22.8,1383.2,4628.80,10.0,2.0,2.5,NR5G-SA,n79,-104,-104,-10,16,-84,8.7,C3228E001,568
2026-06-10 16:08:33.630,2026-06-10 16:10:29.873,22.6516124,114.5087112,200.0,15.0,-0.01,243.4,0.0,22.8,1382.4,4632.56,10.0,2.0,2.5,NR5G-SA,n79,-105,-105,-11,12,-85,6.2,C3228E001,568
2026-06-10 16:08:33.831,2026-06-10 16:10:30.073,22.6515972,114.5086785,200.0,15.0,-0.00,243.4,0.0,22.8,1381.7,4636.33,10.0,2.0,2.5,NR5G-SA,n79,-105,-105,-11,12,-85,5.1,C3228E001,568
2026-06-10 16:08:34.031,2026-06-10 16:10:30.473,22.6515820,114.5086458,200.0,15.0,0.03,243.3,0.0,22.1,1380.9,4640.09,10.0,2.0,2.5,NR5G-SA,n79,-105,-105,-11,12,-85,7.0,C3228E001,568
2026-06-10 16:08:34.231,2026-06-10 16:10:30.473,22.6515666,114.5086131,200.0,15.0,0.04,243.3,0.0,22.1,1380.2,4643.86,10.0,2.0,2.5,NR5G-SA,n79,-107,-107,-11,12,-87,7.0,C3228E001,568
2026-06-10 16:08:34.432,2026-06-10 16:10:30.673,22.6515666,114.5086131,200.0,15.0,0.04,243.3,0.0,22.1,1380.2,4643.86,10.0,2.0,2.5,NR5G-SA,n79,-107,-107,-11,12,-87,8.6,C3228E001,568
2026-06-10 16:08:34.632,2026-06-10 16:10:30.873,22.6515511,114.5085806,200.0,15.0,0.02,243.2,0.7,22.1,1379.6,4647.62,10.0,2.0,2.5,NR5G-SA,n79,-107,-107,-11,12,-87,10.9,C3228E001,568
2026-06-10 16:08:34.832,2026-06-10 16:10:31.073,22.6515357,114.5085481,200.0,14.9,0.03,243.1,0.7,22.1,1378.9,4651.37,10.0,2.0,2.5,NR5G-SA,n79,-104,-104,-11,13,-84,6.6,C3228E001,568
2026-06-10 16:08:35.032,2026-06-10 16:10:31.473,22.6515202,114.5085155,200.0,14.9,0.01,242.9,0.7,22.7,1378.2,4655.14,10.0,2.0,2.5,NR5G-SA,n79,-104,-104,-11,13,-84,5.5,C3228E001,568
2026-06-10 16:08:35.233,2026-06-10 16:10:31.473,22.6515048,114.5084831,200.0,15.0,-0.00,242.8,0.7,22.7,1377.5,4658.88,10.0,2.0,2.5,NR5G-SA,n79,-104,-104,-11,13,-84,10.7,C3228E001,568
2026-06-10 16:08:35.433,2026-06-10 16:10:31.673,22.6515048,114.5084831,200.0,15.0,-0.00,242.8,0.7,22.7,1377.5,4658.88,10.0,2.0,2.5,NR5G-SA,n79,-108,-108,-11,14,-88,10.8,C3228E001,568
2026-06-10 16:08:35.633,2026-06-10 16:10:31.873,22.6514894,114.5084506,200.0,15.0,0.04,242.7,0.0,22.7,1376.9,4662.63,10.0,2.0,2.5,NR5G-SA,n79,-108,-108,-11,14,-88,6.9,C3228E001,568
2026-06-10 16:08:35.834,2026-06-10 16:10:32.073,22.6514742,114.5084182,200.0,14.9,0.04,242.7,0.0,22.7,1376.2,4666.37,10.0,2.0,2.5,NR5G-SA,n79,-113,-113,-11,13,-93,7.2,C3228E001,568
2026-06-10 16:08:36.034,2026-06-10 16:10:32.473,22.6514590,114.5083857,200.0,15.0,-0.04,242.7,0.0,24.0,1375.6,4670.11,10.0,2.0,2.5,NR5G-SA,n79,-113,-113,-11,13,-93,6.0,C3228E001,568
2026-06-10 16:08:36.234,2026-06-10 16:10:32.473,22.6514438,114.5083532,200.0,15.0,-0.03,242.7,0.0,24.0,1375.0,4673.85,10.0,2.0,2.5,NR5G-SA,n79,-113,-113,-11,13,-93,7.2,C3228E001,568
2026-06-10 16:08:36.435,2026-06-10 16:10:32.673,22.6514438,114.5083532,200.0,15.0,-0.03,242.7,0.0,24.0,1375.0,4673.85,10.0,2.0,2.5,NR5G-SA,n79,-109,-109,-11,13,-89,13.2,C3228E001,568
2026-06-10 16:08:36.635,2026-06-10 16:10:32.873,22.6514287,114.5083207,200.0,14.9,-0.00,242.8,0.0,24.0,1374.3,4677.59,10.0,2.0,2.5,NR5G-SA,n79,-109,-109,-11,13,-89,11.0,C3228E001,568
2026-06-10 16:08:36.835,2026-06-10 16:10:33.073,22.6514136,114.5082882,200.0,15.0,0.03,243.1,11.0,24.0,1373.7,4681.33,10.0,2.0,2.5,NR5G-SA,n79,-109,-109,-11,13,-89,6.4,C3228E001,568
2026-06-10 16:08:37.036,2026-06-10 16:10:33.473,22.6513985,114.5082557,200.0,15.0,0.03,243.2,11.0,24.5,1373.1,4685.07,10.0,2.0,2.5,NR5G-SA,n79,-104,-104,-11,11,-84,5.5,C3228E001,568
2026-06-10 16:08:37.236,2026-06-10 16:10:33.473,22.6513833,114.5082232,200.0,15.0,0.03,243.1,11.0,24.5,1372.5,4688.81,10.0,2.0,2.5,NR5G-SA,n79,-104,-104,-11,11,-84,11.7,C3228E001,568
2026-06-10 16:08:37.436,2026-06-10 16:10:33.673,22.6513833,114.5082232,200.0,15.0,0.03,243.1,11.0,24.5,1372.5,4688.81,10.0,2.0,2.5,NR5G-SA,n79,-104,-104,-11,11,-84,8.6,C3228E001,568
2026-06-10 16:08:37.637,2026-06-10 16:10:33.873,22.6513681,114.5081907,200.0,15.0,-0.02,243.0,11.0,24.5,1371.9,4692.55,10.0,2.0,2.5,NR5G-SA,n79,-107,-107,-11,11,-87,9.8,C3228E001,568
2026-06-10 16:08:37.837,2026-06-10 16:10:34.073,22.6513528,114.5081580,200.0,15.0,0.02,243.1,20.9,24.5,1371.3,4696.32,10.0,2.0,2.5,NR5G-SA,n79,-107,-107,-11,11,-87,6.4,C3228E001,568
2026-06-10 16:08:38.037,2026-06-10 16:10:34.473,22.6513376,114.5081254,200.0,15.0,0.02,243.2,20.9,23.5,1370.7,4700.07,10.0,2.0,2.5,NR5G-SA,n79,-107,-107,-11,11,-87,5.2,C3228E001,568
2026-06-10 16:08:38.238,2026-06-10 16:10:34.473,22.6513223,114.5080927,200.0,15.0,-0.00,243.3,20.9,23.5,1370.2,4703.84,10.0,2.0,2.5,NR5G-SA,n79,-107,-107,-11,11,-87,8.0,C3228E001,568
2026-06-10 16:08:38.438,2026-06-10 16:10:34.673,22.6513223,114.5080927,200.0,15.0,-0.00,243.3,20.9,23.5,1370.2,4703.84,10.0,2.0,2.5,NR5G-SA,n79,-107,-107,-11,11,-87,14.0,C3228E001,568
2026-06-10 16:08:38.638,2026-06-10 16:10:34.873,22.6513070,114.5080602,200.0,15.0,0.03,243.4,20.9,23.5,1369.6,4707.59,10.0,2.0,2.5,NR5G-SA,n79,-112,-112,-11,10,-92,8.8,C3228E001,568
2026-06-10 16:08:38.839,2026-06-10 16:10:35.073,22.6512918,114.5080276,200.0,15.0,0.02,243.3,40.5,23.5,1369.1,4711.34,10.0,2.0,2.5,NR5G-SA,n79,-112,-112,-11,10,-92,6.3,C3228E001,568
2026-06-10 16:08:39.039,2026-06-10 16:10:35.473,22.6512766,114.5079949,200.0,15.0,-0.00,243.3,40.5,22.7,1368.5,4715.10,10.0,2.0,2.5,NR5G-SA,n79,-112,-112,-11,10,-92,6.0,C3228E001,568
2026-06-10 16:08:39.240,2026-06-10 16:10:35.473,22.6512613,114.5079623,200.0,15.0,-0.04,243.4,40.5,22.7,1368.0,4718.86,10.0,2.0,2.5,NR5G-SA,n79,-109,-109,-11,8,-89,9.3,C3228E001,568
2026-06-10 16:08:39.440,2026-06-10 16:10:35.673,22.6512613,114.5079623,200.0,15.0,-0.04,243.4,40.5,22.7,1368.0,4718.86,10.0,2.0,2.5,NR5G-SA,n79,-109,-109,-11,8,-89,8.1,C3228E001,568
2026-06-10 16:08:39.640,2026-06-10 16:10:35.873,22.6512460,114.5079297,200.0,15.0,-0.01,243.4,40.5,22.7,1367.5,4722.62,10.0,2.0,2.5,NR5G-SA,n79,-109,-109,-11,8,-89,8.3,C3228E001,568
2026-06-10 16:08:39.841,2026-06-10 16:10:36.073,22.6512308,114.5078972,200.0,14.9,-0.02,243.3,29.0,22.7,1367.0,4726.36,10.0,2.0,2.5,NR5G-SA,n79,-104,-104,-11,11,-84,7.0,C3228E001,568
2026-06-10 16:08:40.041,2026-06-10 16:10:36.473,22.6512155,114.5078647,200.0,15.0,-0.02,243.3,29.0,20.6,1366.5,4730.11,10.0,2.0,2.5,NR5G-SA,n79,-104,-104,-11,11,-84,6.2,C3228E001,568
2026-06-10 16:08:40.241,2026-06-10 16:10:36.473,22.6512001,114.5078322,200.0,15.0,-0.05,243.3,29.0,20.6,1366.1,4733.86,10.0,2.0,2.5,NR5G-SA,n79,-104,-104,-11,11,-84,8.6,C3228E001,568
2026-06-10 16:08:40.442,2026-06-10 16:10:36.673,22.6512001,114.5078322,200.0,15.0,-0.05,243.3,29.0,20.6,1366.1,4733.86,10.0,2.0,2.5,NR5G-SA,n79,-101,-101,-10,14,-81,7.9,C3228E001,568
2026-06-10 16:08:40.642,2026-06-10 16:10:36.873,22.6511849,114.5077997,200.0,15.0,-0.04,243.3,29.0,20.6,1365.6,4737.60,10.0,2.0,2.5,NR5G-SA,n79,-101,-101,-10,14,-81,8.0,C3228E001,568
2026-06-10 16:08:40.842,2026-06-10 16:10:37.073,22.6511697,114.5077670,200.0,15.0,-0.05,243.3,34.9,20.6,1365.1,4741.37,10.0,2.0,2.5,NR5G-SA,n79,-103,-103,-11,15,-83,6.5,C3228E001,568
2026-06-10 16:08:41.042,2026-06-10 16:10:37.473,22.6511544,114.5077345,200.0,14.9,0.00,243.1,34.9,20.6,1364.7,4745.11,10.0,2.0,2.5,NR5G-SA,n79,-103,-103,-11,15,-83,5.8,C3228E001,568
2026-06-10 16:08:41.243,2026-06-10 16:10:37.473,22.6511391,114.5077021,200.0,15.0,-0.01,242.8,34.9,18.6,1364.3,4748.85,10.0,2.0,2.5,NR5G-SA,n79,-103,-103,-11,15,-83,7.5,C3228E001,568
2026-06-10 16:08:41.443,2026-06-10 16:10:37.673,22.6511391,114.5077021,200.0,15.0,-0.01,242.8,34.9,18.6,1364.3,4748.85,10.0,2.0,2.5,NR5G-SA,n79,-104,-104,-11,15,-84,7.8,C3228E001,568
2026-06-10 16:08:41.643,2026-06-10 16:10:37.873,22.6511239,114.5076697,200.0,15.0,0.01,242.7,34.9,18.6,1363.8,4752.59,10.0,2.0,2.5,NR5G-SA,n79,-104,-104,-11,15,-84,9.6,C3228E001,568
2026-06-10 16:08:41.844,2026-06-10 16:10:38.073,22.6511086,114.5076371,200.0,15.0,-0.03,242.6,35.4,18.6,1363.4,4756.34,10.0,2.0,2.5,NR5G-SA,n79,-104,-104,-11,15,-84,7.1,C3228E001,568
2026-06-10 16:08:42.044,2026-06-10 16:10:38.473,22.6510934,114.5076046,200.0,15.0,0.01,242.6,35.4,18.6,1363.0,4760.09,10.0,2.0,2.5,NR5G-SA,n79,-106,-106,-11,14,-86,5.1,C3228E001,568
2026-06-10 16:08:42.244,2026-06-10 16:10:38.473,22.6510782,114.5075721,200.0,15.0,0.00,242.6,35.4,16.6,1362.6,4763.83,10.0,2.0,2.5,NR5G-SA,n79,-106,-106,-11,14,-86,7.9,C3228E001,568
2026-06-10 16:08:42.445,2026-06-10 16:10:38.673,22.6510782,114.5075721,200.0,15.0,0.00,242.6,35.4,16.6,1362.6,4763.83,10.0,2.0,2.5,NR5G-SA,n79,-106,-106,-11,14,-86,7.1,C3228E001,568
2026-06-10 16:08:42.645,2026-06-10 16:10:38.873,22.6510630,114.5075395,200.0,15.0,-0.01,242.6,35.4,16.6,1362.2,4767.58,10.0,2.0,2.5,NR5G-SA,n79,-101,-101,-10,15,-81,10.1,C3228E001,568
2026-06-10 16:08:42.846,2026-06-10 16:10:39.073,22.6510478,114.5075070,200.0,15.0,-0.01,242.6,28.0,16.6,1361.9,4771.33,10.0,2.0,2.5,NR5G-SA,n79,-101,-101,-10,15,-81,6.2,C3228E001,568
2026-06-10 16:08:43.046,2026-06-10 16:10:39.473,22.6510325,114.5074745,200.0,15.0,0.01,242.6,28.0,16.6,1361.5,4775.07,10.0,2.0,2.5,NR5G-SA,n79,-104,-104,-11,15,-84,5.0,C3228E001,568
2026-06-10 16:08:43.246,2026-06-10 16:10:39.673,22.6510172,114.5074419,200.0,15.0,0.04,242.7,28.0,16.1,1361.1,4778.83,10.0,2.0,2.5,NR5G-SA,n79,-104,-104,-11,15,-84,5.0,C3228E001,568
2026-06-10 16:08:43.447,2026-06-10 16:10:39.673,22.6510172,114.5074419,200.0,15.0,0.04,242.7,28.0,16.1,1361.1,4778.83,10.0,2.0,2.5,NR5G-SA,n79,-104,-104,-11,15,-84,11.3,C3228E001,568
2026-06-10 16:08:43.647,2026-06-10 16:10:39.873,22.6510019,114.5074094,200.0,15.1,-0.01,242.7,28.0,16.1,1360.8,4782.58,10.0,2.0,2.5,NR5G-SA,n79,-103,-103,-10,16,-83,10.0,C3228E001,568
2026-06-10 16:08:43.847,2026-06-10 16:10:40.073,22.6509867,114.5073769,200.0,15.0,0.06,242.7,41.0,16.1,1360.5,4786.32,10.0,2.0,2.5,NR5G-SA,n79,-103,-103,-10,16,-83,7.0,C3228E001,568
2026-06-10 16:08:44.048,2026-06-10 16:10:40.473,22.6509714,114.5073442,200.0,15.0,-0.01,242.8,41.0,16.1,1360.1,4790.09,10.0,2.0,2.5,NR5G-SA,n79,-103,-103,-10,16,-83,5.7,C3228E001,568
2026-06-10 16:08:44.248,2026-06-10 16:10:40.673,22.6509562,114.5073116,200.0,15.0,0.02,242.9,41.0,16.0,1359.8,4793.84,10.0,2.0,2.5,NR5G-SA,n79,-101,-101,-10,14,-81,4.7,C3228E001,568
2026-06-10 16:08:44.448,2026-06-10 16:10:40.673,22.6509562,114.5073116,200.0,15.0,0.02,242.9,41.0,16.0,1359.8,4793.84,10.0,2.0,2.5,NR5G-SA,n79,-101,-101,-10,14,-81,12.6,C3228E001,568
2026-06-10 16:08:44.649,2026-06-10 16:10:40.873,22.6509411,114.5072790,200.0,15.1,-0.01,242.9,41.0,16.0,1359.5,4797.59,10.0,2.0,2.5,NR5G-SA,n79,-101,-101,-10,14,-81,9.6,C3228E001,568
2026-06-10 16:08:44.849,2026-06-10 16:10:41.073,22.6509259,114.5072464,200.0,15.0,-0.02,242.7,19.5,16.0,1359.2,4801.34,10.0,2.0,2.5,NR5G-SA,n79,-103,-103,-11,11,-83,6.6,C3228E001,568
2026-06-10 16:08:45.049,2026-06-10 16:10:41.473,22.6509107,114.5072139,200.0,15.0,-0.01,242.8,19.5,16.0,1358.9,4805.08,10.0,2.0,2.5,NR5G-SA,n79,-103,-103,-11,11,-83,5.9,C3228E001,568
2026-06-10 16:08:45.249,2026-06-10 16:10:41.673,22.6508954,114.5071813,200.0,15.1,0.05,242.8,19.5,16.9,1358.6,4808.84,10.0,2.0,2.5,NR5G-SA,n79,-101,-101,-10,12,-81,7.2,C3228E001,568
2026-06-10 16:08:45.450,2026-06-10 16:10:41.673,22.6508802,114.5071488,200.0,15.1,0.05,242.9,19.5,16.9,1358.4,4812.58,10.0,2.0,2.5,NR5G-SA,n79,-101,-101,-10,12,-81,10.5,C3228E001,568
2026-06-10 16:08:45.650,2026-06-10 16:10:41.873,22.6508802,114.5071488,200.0,15.0,0.03,242.9,19.5,16.9,1358.4,4812.58,10.0,2.0,2.5,NR5G-SA,n79,-101,-101,-10,12,-81,8.3,C3228E001,568
2026-06-10 16:08:45.850,2026-06-10 16:10:42.073,22.6508650,114.5071163,200.0,15.0,0.01,242.9,0.0,16.9,1358.1,4816.33,10.0,2.0,2.5,NR5G-SA,n79,-103,-103,-10,13,-83,6.4,C3228E001,568
2026-06-10 16:08:46.051,2026-06-10 16:10:42.473,22.6508498,114.5070838,200.0,15.1,-0.02,242.9,0.0,16.9,1357.9,4820.07,10.0,2.0,2.5,NR5G-SA,n79,-103,-103,-10,13,-83,5.9,C3228E001,568
2026-06-10 16:08:46.251,2026-06-10 16:10:42.473,22.6508346,114.5070513,200.0,15.0,-0.01,242.9,0.0,17.7,1357.6,4823.81,10.0,2.0,2.5,NR5G-SA,n79,-103,-103,-10,13,-83,7.7,C3228E001,568
2026-06-10 16:08:46.451,2026-06-10 16:10:42.673,22.6508193,114.5070186,200.0,15.0,-0.01,242.8,0.0,17.7,1357.4,4827.58,10.0,2.0,2.5,NR5G-SA,n79,-104,-104,-11,14,-84,8.9,C3228E001,568
2026-06-10 16:08:46.651,2026-06-10 16:10:42.873,22.6508193,114.5070186,200.0,15.0,-0.04,242.8,0.0,17.7,1357.4,4827.58,10.0,2.0,2.5,NR5G-SA,n79,-104,-104,-11,14,-84,7.9,C3228E001,568
2026-06-10 16:08:46.852,2026-06-10 16:10:43.073,22.6508040,114.5069860,200.0,15.0,-0.03,242.8,9.9,17.7,1357.2,4831.34,10.0,2.0,2.5,NR5G-SA,n79,-104,-104,-11,14,-84,5.1,C3228E001,568
2026-06-10 16:08:47.052,2026-06-10 16:10:43.473,22.6507888,114.5069535,200.0,14.9,0.02,242.7,9.9,17.7,1357.0,4835.08,10.0,2.0,2.5,NR5G-SA,n79,-106,-106,-11,14,-86,4.5,C3228E001,568
2026-06-10 16:08:47.252,2026-06-10 16:10:43.473,22.6507737,114.5069209,200.0,15.0,0.02,242.6,9.9,18.1,1356.8,4838.83,10.0,2.0,2.5,NR5G-SA,n79,-106,-106,-11,14,-86,6.7,C3228E001,568
2026-06-10 16:08:47.453,2026-06-10 16:10:43.673,22.6507584,114.5068883,200.0,15.0,0.02,242.6,9.9,18.1,1356.6,4842.58,10.0,2.0,2.5,NR5G-SA,n79,-105,-105,-11,14,-85,12.1,C3228E001,568
2026-06-10 16:08:47.653,2026-06-10 16:10:43.873,22.6507584,114.5068883,200.0,15.0,0.07,242.6,9.9,18.1,1356.6,4842.58,10.0,2.0,2.5,NR5G-SA,n79,-105,-105,-11,14,-85,10.7,C3228E001,568
2026-06-10 16:08:47.853,2026-06-10 16:10:44.073,22.6507431,114.5068558,200.0,15.1,0.05,242.4,0.0,18.1,1356.5,4846.33,10.0,2.0,2.5,NR5G-SA,n79,-105,-105,-11,14,-85,7.7,C3228E001,568
2026-06-10 16:08:48.053,2026-06-10 16:10:44.473,22.6507278,114.5068232,200.0,15.0,0.03,242.4,0.0,18.1,1356.3,4850.09,10.0,2.0,2.5,NR5G-SA,n79,-105,-105,-10,13,-85,7.5,C3228E001,568
2026-06-10 16:08:48.254,2026-06-10 16:10:44.473,22.6507125,114.5067905,200.0,15.1,0.01,242.3,0.0,18.7,1356.1,4853.86,10.0,2.0,2.5,NR5G-SA,n79,-105,-105,-10,13,-85,7.6,C3228E001,568
2026-06-10 16:08:48.454,2026-06-10 16:10:44.673,22.6506972,114.5067580,200.0,15.1,0.01,242.4,0.0,18.7,1356.0,4857.60,10.0,2.0,2.5,NR5G-SA,n79,-105,-105,-10,13,-85,12.4,C3228E001,568
2026-06-10 16:08:48.654,2026-06-10 16:10:44.873,22.6506972,114.5067580,200.0,15.0,0.07,242.4,0.0,18.7,1356.0,4857.60,10.0,2.0,2.5,NR5G-SA,n79,-104,-104,-11,9,-84,9.9,C3228E001,568
2026-06-10 16:08:48.854,2026-06-10 16:10:45.073,22.6506819,114.5067253,200.0,15.1,0.02,242.5,2.3,18.7,1355.9,4861.37,10.0,2.0,2.5,NR5G-SA,n79,-104,-104,-11,9,-84,6.4,C3228E001,568
2026-06-10 16:08:49.055,2026-06-10 16:10:45.473,22.6506665,114.5066926,200.0,15.0,0.04,242.5,2.3,18.7,1355.8,4865.14,10.0,2.0,2.5,NR5G-SA,n79,-104,-104,-11,9,-84,7.5,C3228E001,568
2026-06-10 16:08:49.255,2026-06-10 16:10:45.473,22.6506514,114.5066600,200.0,15.0,-0.02,242.4,2.3,20.7,1355.6,4868.89,10.0,2.0,2.5,NR5G-SA,n79,-103,-103,-11,10,-83,7.2,C3228E001,568
2026-06-10 16:08:49.456,2026-06-10 16:10:45.673,22.6506361,114.5066273,200.0,15.0,-0.02,242.4,2.3,20.7,1355.5,4872.66,10.0,2.0,2.5,NR5G-SA,n79,-103,-103,-11,10,-83,12.5,C3228E001,568
2026-06-10 16:08:49.656,2026-06-10 16:10:45.873,22.6506361,114.5066273,200.0,15.1,-0.04,242.4,2.3,20.7,1355.5,4872.66,10.0,2.0,2.5,NR5G-SA,n79,-106,-106,-11,9,-86,9.3,C3228E001,568
2026-06-10 16:08:49.856,2026-06-10 16:10:46.073,22.6506209,114.5065947,200.0,15.0,0.03,242.5,0.0,20.7,1355.5,4876.41,10.0,2.0,2.5,NR5G-SA,n79,-106,-106,-11,9,-86,6.1,C3228E001,568
2026-06-10 16:08:50.056,2026-06-10 16:10:46.473,22.6506057,114.5065622,200.0,15.0,0.02,242.6,0.0,20.7,1355.4,4880.15,10.0,2.0,2.5,NR5G-SA,n79,-106,-106,-11,9,-86,6.4,C3228E001,568
2026-06-10 16:08:50.257,2026-06-10 16:10:46.473,22.6505905,114.5065297,200.0,15.0,-0.00,242.7,0.0,20.9,1355.3,4883.89,10.0,2.0,2.5,NR5G-SA,n79,-103,-103,-11,9,-83,7.0,C3228E001,568
2026-06-10 16:08:50.457,2026-06-10 16:10:46.673,22.6505754,114.5064971,200.0,15.0,-0.04,243.0,0.0,20.9,1355.2,4887.64,10.0,2.0,2.5,NR5G-SA,n79,-103,-103,-11,9,-83,10.5,C3228E001,568
2026-06-10 16:08:50.657,2026-06-10 16:10:46.873,22.6505754,114.5064971,200.0,15.0,-0.04,243.0,0.0,20.9,1355.2,4887.64,10.0,2.0,2.5,NR5G-SA,n79,-103,-103,-11,9,-83,9.3,C3228E001,568
2026-06-10 16:08:50.857,2026-06-10 16:10:47.073,22.6505603,114.5064645,200.0,15.0,-0.02,243.3,13.0,20.9,1355.2,4891.39,10.0,2.0,2.5,NR5G-SA,n79,-104,-104,-11,7,-84,6.0,C3228E001,568
2026-06-10 16:08:51.058,2026-06-10 16:10:47.473,22.6505452,114.5064318,200.0,15.0,-0.04,243.4,13.0,20.9,1355.1,4895.15,10.0,2.0,2.5,NR5G-SA,n79,-104,-104,-11,7,-84,4.7,C3228E001,568
2026-06-10 16:08:51.258,2026-06-10 16:10:47.473,22.6505299,114.5063992,200.0,15.1,-0.02,243.5,13.0,20.9,1355.1,4898.90,10.0,2.0,2.5,NR5G-SA,n79,-104,-104,-11,7,-84,8.0,C3228E001,568
2026-06-10 16:08:51.458,2026-06-10 16:10:47.673,22.6505299,114.5063992,200.0,15.1,-0.02,243.5,13.0,21.3,1355.1,4898.90,10.0,2.0,2.5,NR5G-SA,n79,-101,-101,-10,5,-81,9.7,C3228E001,568
2026-06-10 16:08:51.659,2026-06-10 16:10:47.873,22.6505145,114.5063667,200.0,15.0,0.01,243.2,13.0,21.3,1355.1,4902.66,10.0,2.0,2.5,NR5G-SA,n79,-101,-101,-10,5,-81,9.6,C3228E001,568
2026-06-10 16:08:51.859,2026-06-10 16:10:48.073,22.6504991,114.5063341,200.0,15.1,0.03,243.1,43.8,21.3,1355.1,4906.42,10.0,2.0,2.5,NR5G-SA,n79,-101,-101,-10,8,-81,6.7,C3228E001,568
2026-06-10 16:08:52.059,2026-06-10 16:10:48.473,22.6504838,114.5063016,200.0,15.0,0.00,243.1,43.8,21.3,1355.1,4910.17,10.0,2.0,2.5,NR5G-SA,n79,-101,-101,-10,8,-81,6.3,C3228E001,568
2026-06-10 16:08:52.260,2026-06-10 16:10:48.473,22.6504685,114.5062688,200.0,15.1,-0.05,243.3,43.8,21.3,1355.1,4913.94,10.0,2.0,2.5,NR5G-SA,n79,-101,-101,-10,8,-81,8.2,C3228E001,568
2026-06-10 16:08:52.460,2026-06-10 16:10:48.673,22.6504533,114.5062361,200.0,15.0,0.00,243.4,43.8,21.7,1355.1,4917.70,10.0,2.0,2.5,NR5G-SA,n79,-101,-101,-10,9,-81,8.0,C3228E001,568
2026-06-10 16:08:52.660,2026-06-10 16:10:48.873,22.6504533,114.5062361,200.0,15.0,0.00,243.4,43.8,21.7,1355.1,4917.70,10.0,2.0,2.5,NR5G-SA,n79,-101,-101,-10,9,-81,10.7,C3228E001,568
2026-06-10 16:08:52.861,2026-06-10 16:10:49.073,22.6504380,114.5062035,200.0,15.0,0.02,243.5,22.7,21.7,1355.2,4921.46,10.0,2.0,2.5,NR5G-SA,n79,-101,-101,-10,9,-81,6.8,C3228E001,568
2026-06-10 16:08:53.061,2026-06-10 16:10:49.473,22.6504229,114.5061711,200.0,15.0,-0.02,243.5,22.7,21.7,1355.2,4925.19,10.0,2.0,2.5,NR5G-SA,n79,-102,-102,-10,8,-82,5.3,C3228E001,568
2026-06-10 16:08:53.261,2026-06-10 16:10:49.673,22.6504076,114.5061384,200.0,15.0,-0.03,243.5,22.7,21.7,1355.3,4928.96,10.0,2.0,2.5,NR5G-SA,n79,-102,-102,-10,8,-82,5.0,C3228E001,568
2026-06-10 16:08:53.462,2026-06-10 16:10:49.673,22.6504076,114.5061384,200.0,15.0,-0.03,243.5,22.7,20.5,1355.3,4928.96,10.0,2.0,2.5,NR5G-SA,n79,-102,-102,-10,8,-82,8.5,C3228E001,568
2026-06-10 16:08:53.662,2026-06-10 16:10:49.873,22.6503924,114.5061059,200.0,15.0,-0.02,243.5,22.7,20.5,1355.3,4932.70,10.0,2.0,2.5,NR5G-SA,n79,-103,-103,-10,8,-83,9.4,C3228E001,568
2026-06-10 16:08:53.863,2026-06-10 16:10:50.073,22.6503771,114.5060733,200.0,15.0,0.02,243.6,38.9,20.5,1355.4,4936.46,10.0,2.0,2.5,NR5G-SA,n79,-103,-103,-10,8,-83,6.3,C3228E001,568
2026-06-10 16:08:54.063,2026-06-10 16:10:50.473,22.6503620,114.5060408,200.0,15.0,0.00,243.6,38.9,20.5,1355.5,4940.20,10.0,2.0,2.5,NR5G-SA,n79,-102,-102,-11,10,-82,6.2,C3228E001,568
2026-06-10 16:08:54.263,2026-06-10 16:10:50.473,22.6503467,114.5060081,200.0,15.0,0.01,243.6,38.9,20.5,1355.6,4943.96,10.0,2.0,2.5,NR5G-SA,n79,-102,-102,-11,10,-82,7.6,C3228E001,568
2026-06-10 16:08:54.464,2026-06-10 16:10:50.673,22.6503315,114.5059756,200.0,15.0,0.01,243.4,38.9,18.3,1355.7,4947.70,10.0,2.0,2.5,NR5G-SA,n79,-102,-102,-11,10,-82,10.2,C3228E001,568
2026-06-10 16:08:54.664,2026-06-10 16:10:50.873,22.6503315,114.5059756,200.0,15.0,-0.02,243.4,38.9,18.3,1355.7,4947.70,10.0,2.0,2.5,NR5G-SA,n79,-101,-101,-10,12,-81,9.8,C3228E001,568
2026-06-10 16:08:54.864,2026-06-10 16:10:51.073,22.6503162,114.5059429,200.0,15.0,-0.00,243.4,28.5,18.3,1355.8,4951.47,10.0,2.0,2.5,NR5G-SA,n79,-101,-101,-10,12,-81,9.9,C3228E001,568
2026-06-10 16:08:55.064,2026-06-10 16:10:51.473,22.6503008,114.5059101,200.0,15.0,-0.01,243.3,28.5,18.3,1356.0,4955.25,10.0,2.0,2.5,NR5G-SA,n79,-101,-101,-10,12,-81,5.8,C3228E001,568
2026-06-10 16:08:55.264,2026-06-10 16:10:51.673,22.6502854,114.5058774,200.0,15.0,-0.01,243.3,28.5,18.3,1356.1,4959.02,10.0,2.0,2.5,NR5G-SA,n79,-99,-99,-10,13,-79,7.6,C3228E001,568
2026-06-10 16:08:55.465,2026-06-10 16:10:51.673,22.6502701,114.5058447,200.0,15.0,-0.01,243.3,28.5,17.8,1356.3,4962.79,10.0,2.0,2.5,NR5G-SA,n79,-99,-99,-10,13,-79,9.8,C3228E001,568
2026-06-10 16:08:55.665,2026-06-10 16:10:51.873,22.6502701,114.5058447,200.0,15.0,-0.05,243.3,28.5,17.8,1356.3,4962.79,10.0,2.0,2.5,NR5G-SA,n79,-99,-99,-10,13,-79,8.6,C3228E001,568
2026-06-10 16:08:55.866,2026-06-10 16:10:52.073,22.6502549,114.5058121,200.0,15.0,-0.08,243.3,36.2,17.8,1356.4,4966.54,10.0,2.0,2.5,NR5G-SA,n79,-101,-101,-10,13,-81,6.1,C3228E001,568
2026-06-10 16:08:56.066,2026-06-10 16:10:52.473,22.6502397,114.5057796,200.0,14.9,0.00,243.4,36.2,17.8,1356.6,4970.29,10.0,2.0,2.5,NR5G-SA,n79,-101,-101,-10,13,-81,6.0,C3228E001,568
2026-06-10 16:08:56.266,2026-06-10 16:10:52.473,22.6502245,114.5057471,200.0,15.0,-0.04,243.5,36.2,17.8,1356.8,4974.03,10.0,2.0,2.5,NR5G-SA,n79,-101,-101,-10,13,-81,10.7,C3228E001,568
2026-06-10 16:08:56.466,2026-06-10 16:10:52.673,22.6502094,114.5057145,200.0,14.9,0.03,243.6,36.2,16.9,1356.9,4977.78,10.0,2.0,2.5,NR5G-SA,n79,-103,-103,-10,12,-83,9.7,C3228E001,568
2026-06-10 16:08:56.667,2026-06-10 16:10:52.873,22.6502094,114.5057145,200.0,14.9,0.03,243.6,36.2,16.9,1356.9,4977.78,10.0,2.0,2.5,NR5G-SA,n79,-103,-103,-10,12,-83,6.7,C3228E001,568
2026-06-10 16:08:56.867,2026-06-10 16:10:53.073,22.6501942,114.5056819,200.0,14.9,-0.01,243.6,35.8,16.9,1357.1,4981.53,10.0,2.0,2.5,NR5G-SA,n79,-103,-103,-10,13,-83,5.7,C3228E001,568
2026-06-10 16:08:57.067,2026-06-10 16:10:53.473,22.6501789,114.5056493,200.0,15.0,-0.04,243.5,35.8,16.9,1357.4,4985.29,10.0,2.0,2.5,NR5G-SA,n79,-103,-103,-10,13,-83,6.0,C3228E001,568
2026-06-10 16:08:57.268,2026-06-10 16:10:53.673,22.6501637,114.5056169,200.0,15.0,0.01,243.6,35.8,16.9,1357.6,4989.02,10.0,2.0,2.5,NR5G-SA,n79,-103,-103,-10,13,-83,5.7,C3228E001,568
2026-06-10 16:08:57.468,2026-06-10 16:10:53.673,22.6501484,114.5055844,200.0,15.0,0.01,243.6,35.8,15.8,1357.8,4992.77,10.0,2.0,2.5,NR5G-SA,n79,-102,-102,-11,11,-82,8.6,C3228E001,568
2026-06-10 16:08:57.668,2026-06-10 16:10:53.873,22.6501484,114.5055844,200.0,15.0,0.01,243.6,35.8,15.8,1357.8,4992.77,10.0,2.0,2.5,NR5G-SA,n79,-102,-102,-11,11,-82,8.8,C3228E001,568
2026-06-10 16:08:57.869,2026-06-10 16:10:54.073,22.6501331,114.5055519,200.0,15.0,0.03,243.4,26.9,15.8,1358.1,4996.52,10.0,2.0,2.5,NR5G-SA,n79,-102,-102,-11,11,-82,6.6,C3228E001,568
2026-06-10 16:08:58.069,2026-06-10 16:10:54.473,22.6501178,114.5055195,200.0,15.0,0.01,243.3,26.9,15.8,1358.3,5000.25,10.0,2.0,2.5,NR5G-SA,n79,-101,-101,-10,12,-81,5.2,C3228E001,568
2026-06-10 16:08:58.269,2026-06-10 16:10:54.673,22.6501024,114.5054870,200.0,15.0,0.04,243.2,26.9,15.8,1358.6,5004.01,10.0,2.0,2.5,NR5G-SA,n79,-101,-101,-10,12,-81,6.4,C3228E001,568
2026-06-10 16:08:58.469,2026-06-10 16:10:54.673,22.6500871,114.5054544,200.0,15.0,0.01,243.3,26.9,18.6,1358.9,5007.77,10.0,2.0,2.5,NR5G-SA,n79,-101,-101,-10,12,-81,9.1,C3228E001,568
2026-06-10 16:08:58.670,2026-06-10 16:10:54.873,22.6500871,114.5054544,200.0,15.0,0.01,243.3,26.9,18.6,1358.9,5007.77,10.0,2.0,2.5,NR5G-SA,n79,-100,-100,-10,14,-80,8.8,C3228E001,568
2026-06-10 16:08:58.870,2026-06-10 16:10:55.073,22.6500718,114.5054218,200.0,15.0,0.02,243.3,41.1,18.6,1359.2,5011.52,10.0,2.0,2.5,NR5G-SA,n79,-100,-100,-10,14,-80,9.7,C3228E001,568
2026-06-10 16:08:59.071,2026-06-10 16:10:55.473,22.6500565,114.5053891,200.0,15.0,-0.00,243.3,41.1,18.6,1359.5,5015.29,10.0,2.0,2.5,NR5G-SA,n79,-98,-98,-10,11,-78,5.1,C3228E001,568
2026-06-10 16:08:59.271,2026-06-10 16:10:55.673,22.6500412,114.5053565,200.0,15.0,-0.04,243.4,41.1,18.6,1359.8,5019.05,10.0,2.0,2.5,NR5G-SA,n79,-98,-98,-10,11,-78,5.4,C3228E001,568
2026-06-10 16:08:59.471,2026-06-10 16:10:55.673,22.6500259,114.5053239,200.0,15.0,0.01,243.3,41.1,20.7,1360.1,5022.80,10.0,2.0,2.5,NR5G-SA,n79,-98,-98,-10,11,-78,8.9,C3228E001,568
2026-06-10 16:08:59.672,2026-06-10 16:10:55.873,22.6500259,114.5053239,200.0,15.0,0.01,243.3,41.1,20.7,1360.1,5022.80,10.0,2.0,2.5,NR5G-SA,n79,-105,-105,-11,7,-85,8.8,C3228E001,568
2026-06-10 16:08:59.872,2026-06-10 16:10:56.073,22.6500107,114.5052913,200.0,15.0,-0.03,243.2,18.9,20.7,1360.4,5026.56,10.0,2.0,2.5,NR5G-SA,n79,-105,-105,-11,7,-85,6.3,C3228E001,568
2026-06-10 16:09:00.072,2026-06-10 16:10:56.473,22.6499954,114.5052587,200.0,15.0,0.01,243.2,18.9,20.7,1360.8,5030.31,10.0,2.0,2.5,NR5G-SA,n79,-105,-105,-11,7,-85,6.2,C3228E001,568
2026-06-10 16:09:00.272,2026-06-10 16:10:56.473,22.6499954,114.5052587,200.0,15.0,0.01,243.2,18.9,20.7,1360.8,5030.31,10.0,2.0,2.5,NR5G-SA,n79,-105,-105,-11,7,-85,9.7,C3228E001,568
2026-06-10 16:09:00.472,2026-06-10 16:10:56.473,22.6499802,114.5052263,200.0,15.0,0.03,243.0,18.9,20.7,1361.1,5034.05,10.0,2.0,2.5,NR5G-SA,n79,-105,-105,-11,7,-85,11.7,C3228E001,568
2026-06-10 16:09:00.673,2026-06-10 16:10:56.873,22.6499650,114.5051938,200.0,15.0,-0.04,242.9,18.9,28.1,1361.5,5037.79,10.0,2.0,2.5,NR5G-SA,n79,-104,-104,-11,6,-84,9.5,C3228E001,568
2026-06-10 16:09:00.873,2026-06-10 16:10:57.073,22.6499499,114.5051613,200.0,15.0,-0.06,243.1,0.0,28.1,1361.8,5041.53,10.0,2.0,2.5,NR5G-SA,n79,-103,-103,-10,7,-83,5.6,C3228E001,568
2026-06-10 16:09:01.074,2026-06-10 16:10:57.473,22.6499347,114.5051288,200.0,14.9,-0.04,243.2,0.0,28.1,1362.2,5045.27,10.0,2.0,2.5,NR5G-SA,n79,-103,-103,-10,7,-83,5.8,C3228E001,568
2026-06-10 16:09:01.274,2026-06-10 16:10:57.673,22.6499195,114.5050963,200.0,15.0,-0.04,243.3,0.0,28.1,1362.6,5049.01,10.0,2.0,2.5,NR5G-SA,n79,-103,-103,-11,6,-83,7.9,C3228E001,568
2026-06-10 16:09:01.474,2026-06-10 16:10:57.673,22.6499044,114.5050637,200.0,15.0,0.00,243.2,0.0,28.1,1363.0,5052.76,10.0,2.0,2.5,NR5G-SA,n79,-103,-103,-11,6,-83,7.7,C3228E001,568
2026-06-10 16:09:01.675,2026-06-10 16:10:57.873,22.6499044,114.5050637,200.0,15.0,0.00,243.2,0.0,28.5,1363.0,5052.76,10.0,2.0,2.5,NR5G-SA,n79,-103,-103,-11,6,-83,9.7,C3228E001,568
2026-06-10 16:09:01.875,2026-06-10 16:10:58.073,22.6498892,114.5050313,200.0,15.1,0.02,243.2,7.1,28.5,1363.4,5056.50,10.0,2.0,2.5,NR5G-SA,n79,-104,-104,-10,8,-84,6.6,C3228E001,568
2026-06-10 16:09:02.075,2026-06-10 16:10:58.473,22.6498740,114.5049986,200.0,15.0,-0.02,243.1,7.1,28.5,1363.8,5060.26,10.0,2.0,2.5,NR5G-SA,n79,-104,-104,-10,8,-84,6.2,C3228E001,568
2026-06-10 16:09:02.275,2026-06-10 16:10:58.673,22.6498587,114.5049660,200.0,15.1,-0.03,243.1,7.1,28.5,1364.2,5064.02,10.0,2.0,2.5,NR5G-SA,n79,-104,-104,-10,8,-84,4.9,C3228E001,568
2026-06-10 16:09:02.476,2026-06-10 16:10:58.673,22.6498433,114.5049333,200.0,15.1,-0.03,243.2,7.1,28.5,1364.7,5067.79,10.0,2.0,2.5,NR5G-SA,n79,-105,-105,-11,10,-85,8.4,C3228E001,568
2026-06-10 16:09:02.676,2026-06-10 16:10:58.873,22.6498433,114.5049333,200.0,15.1,-0.03,243.2,7.1,28.7,1364.7,5067.79,10.0,2.0,2.5,NR5G-SA,n79,-105,-105,-11,10,-85,8.8,C3228E001,568
2026-06-10 16:09:02.876,2026-06-10 16:10:59.073,22.6498280,114.5049007,200.0,15.0,0.00,243.2,0.0,28.7,1365.1,5071.54,10.0,2.0,2.5,NR5G-SA,n79,-105,-105,-11,10,-85,5.4,C3228E001,568
2026-06-10 16:09:03.076,2026-06-10 16:10:59.473,22.6498127,114.5048681,200.0,15.0,-0.06,243.2,0.0,28.7,1365.6,5075.30,10.0,2.0,2.5,NR5G-SA,n79,-102,-102,-10,12,-82,5.7,C3228E001,568
2026-06-10 16:09:03.277,2026-06-10 16:10:59.673,22.6497974,114.5048355,200.0,15.1,0.00,243.2,0.0,28.7,1366.1,5079.06,10.0,2.0,2.5,NR5G-SA,n79,-102,-102,-10,12,-82,8.1,C3228E001,568
2026-06-10 16:09:03.477,2026-06-10 16:10:59.673,22.6497821,114.5048028,200.0,15.0,0.02,243.1,0.0,28.7,1366.6,5082.83,10.0,2.0,2.5,NR5G-SA,n79,-106,-106,-11,15,-86,9.4,C3228E001,568
2026-06-10 16:09:03.677,2026-06-10 16:10:59.873,22.6497821,114.5048028,200.0,15.0,0.02,243.1,0.0,27.0,1366.6,5082.83,10.0,2.0,2.5,NR5G-SA,n79,-106,-106,-11,15,-86,8.6,C3228E001,568
2026-06-10 16:09:03.878,2026-06-10 16:11:00.073,22.6497668,114.5047702,200.0,15.0,-0.05,242.9,5.3,27.0,1367.0,5086.58,10.0,2.0,2.5,NR5G-SA,n79,-106,-106,-11,15,-86,5.5,C3228E001,568
2026-06-10 16:09:04.078,2026-06-10 16:11:00.473,22.6497516,114.5047377,200.0,15.0,-0.06,242.9,5.3,27.0,1367.5,5090.33,10.0,2.0,2.5,NR5G-SA,n79,-102,-102,-10,15,-82,6.3,C3228E001,568
2026-06-10 16:09:04.278,2026-06-10 16:11:00.673,22.6497363,114.5047051,200.0,15.0,-0.04,242.9,5.3,27.0,1368.1,5094.08,10.0,2.0,2.5,NR5G-SA,n79,-102,-102,-10,15,-82,7.2,C3228E001,568
2026-06-10 16:09:04.479,2026-06-10 16:11:00.673,22.6497210,114.5046726,200.0,15.0,-0.05,243.0,5.3,27.0,1368.6,5097.83,10.0,2.0,2.5,NR5G-SA,n79,-102,-102,-10,15,-82,6.8,C3228E001,568
2026-06-10 16:09:04.679,2026-06-10 16:11:00.873,22.6497210,114.5046726,200.0,15.0,-0.05,243.0,5.3,26.3,1368.6,5097.83,10.0,2.0,2.5,NR5G-SA,n79,-100,-100,-10,14,-80,10.1,C3228E001,568
2026-06-10 16:09:04.879,2026-06-10 16:11:01.073,22.6497057,114.5046400,200.0,15.0,-0.06,243.2,0.0,26.3,1369.1,5101.59,10.0,2.0,2.5,NR5G-SA,n79,-100,-100,-10,14,-80,6.9,C3228E001,568
2026-06-10 16:09:05.080,2026-06-10 16:11:01.473,22.6496905,114.5046075,200.0,15.0,-0.02,243.4,0.0,26.3,1369.7,5105.33,10.0,2.0,2.5,NR5G-SA,n79,-100,-100,-10,14,-80,5.3,C3228E001,568
2026-06-10 16:09:05.280,2026-06-10 16:11:01.673,22.6496753,114.5045750,200.0,15.0,-0.02,243.6,0.0,26.3,1370.2,5109.07,10.0,2.0,2.5,NR5G-SA,n79,-103,-103,-10,14,-83,7.1,C3228E001,568
2026-06-10 16:09:05.480,2026-06-10 16:11:01.673,22.6496602,114.5045427,200.0,14.8,-0.01,243.6,0.0,26.3,1370.8,5112.79,10.0,2.0,2.5,NR5G-SA,n79,-103,-103,-10,14,-83,8.4,C3228E001,568
2026-06-10 16:09:05.681,2026-06-10 16:11:01.873,22.6496602,114.5045427,200.0,14.8,-0.01,243.6,0.0,19.1,1370.8,5112.79,10.0,2.0,2.5,NR5G-SA,n79,-103,-103,-11,15,-83,8.5,C3228E001,568
2026-06-10 16:09:05.881,2026-06-10 16:11:02.073,22.6496454,114.5045107,200.0,14.7,0.02,243.4,17.3,19.1,1371.3,5116.47,10.0,2.0,2.5,NR5G-SA,n79,-103,-103,-11,15,-83,6.5,C3228E001,568
2026-06-10 16:09:06.081,2026-06-10 16:11:02.473,22.6496306,114.5044792,200.0,14.5,0.06,243.5,17.3,19.1,1371.9,5120.10,10.0,2.0,2.5,NR5G-SA,n79,-103,-103,-11,15,-83,5.9,C3228E001,568
2026-06-10 16:09:06.282,2026-06-10 16:11:02.673,22.6496161,114.5044483,200.0,14.1,0.04,243.6,17.3,19.1,1372.4,5123.66,10.0,2.0,2.5,NR5G-SA,n79,-102,-102,-10,13,-82,6.8,C3228E001,568
2026-06-10 16:09:06.482,2026-06-10 16:11:02.673,22.6496020,114.5044182,200.1,13.7,0.05,243.6,17.3,19.1,1373.0,5127.13,10.0,2.0,2.5,NR5G-SA,n79,-102,-102,-10,13,-82,7.0,C3228E001,568
2026-06-10 16:09:06.682,2026-06-10 16:11:02.873,22.6496020,114.5044182,200.1,13.7,0.05,243.6,17.3,19.8,1373.0,5127.13,10.0,2.0,2.5,NR5G-SA,n79,-102,-102,-10,13,-82,8.7,C3228E001,568
2026-06-10 16:09:06.883,2026-06-10 16:11:03.073,22.6495882,114.5043888,200.1,13.4,0.03,243.6,41.4,19.8,1373.5,5130.52,10.0,2.0,2.5,NR5G-SA,n79,-102,-102,-10,14,-82,6.6,C3228E001,568
2026-06-10 16:09:07.083,2026-06-10 16:11:03.473,22.6495750,114.5043606,200.1,13.0,-0.01,243.4,41.4,19.8,1374.1,5133.77,10.0,2.0,2.5,NR5G-SA,n79,-102,-102,-10,14,-82,6.4,C3228E001,568
2026-06-10 16:09:07.283,2026-06-10 16:11:03.673,22.6495623,114.5043334,200.1,12.4,-0.05,243.4,41.4,19.8,1374.6,5136.90,10.0,2.0,2.5,NR5G-SA,n79,-102,-102,-10,14,-82,8.4,C3228E001,568
2026-06-10 16:09:07.484,2026-06-10 16:11:03.673,22.6495503,114.5043074,200.1,11.8,-0.03,243.6,41.4,19.8,1375.1,5139.89,10.0,2.0,2.5,NR5G-SA,n79,-100,-100,-11,13,-80,7.2,C3228E001,568
2026-06-10 16:09:07.684,2026-06-10 16:11:03.873,22.6495503,114.5043074,200.1,11.8,-0.03,243.6,41.4,19.8,1375.1,5139.89,10.0,2.0,2.5,NR5G-SA,n79,-100,-100,-11,13,-80,11.1,C3228E001,568
2026-06-10 16:09:07.884,2026-06-10 16:11:04.073,22.6495387,114.5042827,200.1,11.2,-0.07,243.8,26.1,21.5,1375.6,5142.73,10.0,2.0,2.5,NR5G-SA,n79,-99,-99,-10,13,-79,7.0,C3228E001,568
2026-06-10 16:09:08.084,2026-06-10 16:11:04.473,22.6495277,114.5042594,200.1,10.5,-0.08,243.9,26.1,21.5,1376.0,5145.42,10.0,2.0,2.5,NR5G-SA,n79,-99,-99,-10,13,-79,6.2,C3228E001,568
2026-06-10 16:09:08.285,2026-06-10 16:11:04.673,22.6495173,114.5042376,200.0,9.9,-0.11,243.8,26.1,21.5,1376.5,5147.94,10.0,2.0,2.5,NR5G-SA,n79,-99,-99,-10,13,-79,5.7,C3228E001,568
2026-06-10 16:09:08.485,2026-06-10 16:11:04.673,22.6495075,114.5042170,200.0,9.3,-0.12,243.5,26.1,21.5,1376.9,5150.33,10.0,2.0,2.5,NR5G-SA,n79,-101,-101,-11,13,-81,6.7,C3228E001,568
2026-06-10 16:09:08.686,2026-06-10 16:11:04.873,22.6495075,114.5042170,200.0,9.3,-0.12,243.5,26.1,21.5,1376.9,5150.33,10.0,2.0,2.5,NR5G-SA,n79,-101,-101,-11,13,-81,8.9,C3228E001,568
2026-06-10 16:09:08.886,2026-06-10 16:11:05.073,22.6494984,114.5041977,200.0,8.7,-0.10,243.0,37.7,20.5,1377.3,5152.55,10.0,2.0,2.5,NR5G-SA,n79,-101,-101,-11,13,-81,5.4,C3228E001,568
2026-06-10 16:09:09.086,2026-06-10 16:11:05.473,22.6494900,114.5041799,200.0,8.0,-0.07,242.6,37.7,20.5,1377.7,5154.61,10.0,2.0,2.5,NR5G-SA,n79,-98,-98,-10,15,-78,7.3,C3228E001,568
2026-06-10 16:09:09.287,2026-06-10 16:11:05.673,22.6494822,114.5041634,200.0,7.3,-0.11,242.6,37.7,20.5,1378.1,5156.51,10.0,2.0,2.5,NR5G-SA,n79,-98,-98,-10,15,-78,7.6,C3228E001,568
2026-06-10 16:09:09.487,2026-06-10 16:11:05.873,22.6494751,114.5041482,200.0,6.7,-0.06,242.8,37.7,20.5,1378.4,5158.26,10.0,2.0,2.5,NR5G-SA,n79,-98,-98,-10,15,-78,4.3,C3228E001,568
2026-06-10 16:09:09.687,2026-06-10 16:11:05.873,22.6494751,114.5041482,200.0,6.7,-0.06,242.8,37.7,20.5,1378.4,5158.26,10.0,2.0,2.5,NR5G-SA,n79,-92,-92,-10,14,-72,10.4,C3228E001,568
2026-06-10 16:09:09.887,2026-06-10 16:11:06.073,22.6494686,114.5041344,200.0,6.1,-0.06,243.1,31.3,24.2,1378.7,5159.85,10.0,2.0,2.5,NR5G-SA,n79,-92,-92,-10,14,-72,8.4,C3228E001,568
2026-06-10 16:09:10.088,2026-06-10 16:11:06.473,22.6494626,114.5041218,200.0,5.5,-0.00,243.5,31.3,24.2,1379.0,5161.31,10.0,2.0,2.5,NR5G-SA,n79,-92,-92,-10,14,-72,5.6,C3228E001,568
2026-06-10 16:09:10.288,2026-06-10 16:11:06.673,22.6494572,114.5041103,200.0,5.0,-0.05,243.6,31.3,24.2,1379.2,5162.63,10.0,2.0,2.5,NR5G-SA,n79,-92,-92,-10,14,-72,4.8,C3228E001,568
2026-06-10 16:09:10.488,2026-06-10 16:11:06.873,22.6494524,114.5040999,200.0,4.5,-0.01,243.7,31.3,24.2,1379.4,5163.83,10.0,2.0,2.5,NR5G-SA,n79,-92,-92,-10,14,-72,3.9,C3228E001,568
2026-06-10 16:09:10.689,2026-06-10 16:11:06.873,22.6494524,114.5040999,200.0,4.5,-0.01,243.7,31.3,24.2,1379.4,5163.83,10.0,2.0,2.5,NR5G-SA,n79,-94,-94,-10,14,-74,11.2,C3228E001,568
2026-06-10 16:09:10.889,2026-06-10 16:11:07.073,22.6494483,114.5040906,200.0,3.9,0.00,243.6,31.3,25.4,1379.6,5164.89,10.0,2.0,2.5,NR5G-SA,n79,-94,-94,-10,14,-74,8.5,C3228E001,568
2026-06-10 16:09:11.089,2026-06-10 16:11:07.473,22.6494449,114.5040826,200.0,3.2,-0.02,243.7,31.0,25.4,1379.7,5165.79,10.0,2.0,2.5,NR5G-SA,n79,-94,-94,-10,14,-74,6.1,C3228E001,568
2026-06-10 16:09:11.290,2026-06-10 16:11:07.673,22.6494422,114.5040761,200.0,2.6,-0.03,243.8,31.0,25.4,1379.8,5166.53,10.0,2.0,2.5,NR5G-SA,n79,-94,-94,-10,14,-74,5.6,C3228E001,568
2026-06-10 16:09:11.490,2026-06-10 16:11:07.673,22.6494400,114.5040710,200.0,2.0,-0.03,243.7,31.0,25.4,1379.9,5167.10,10.0,2.0,2.5,NR5G-SA,n79,-94,-94,-10,14,-74,7.9,C3228E001,568
2026-06-10 16:09:11.690,2026-06-10 16:11:07.873,22.6494400,114.5040710,200.0,2.0,-0.03,243.7,31.0,25.4,1379.9,5167.10,10.0,2.0,2.5,NR5G-SA,n79,-94,-94,-10,14,-74,9.4,C3228E001,568
2026-06-10 16:09:11.891,2026-06-10 16:11:08.073,22.6494381,114.5040670,200.0,1.5,-0.02,243.5,31.0,26.2,1380.0,5167.57,10.0,2.0,2.5,NR5G-SA,n79,-94,-94,-10,15,-74,6.4,C3228E001,568
2026-06-10 16:09:12.091,2026-06-10 16:11:08.473,22.6494367,114.5040640,200.0,1.1,-0.02,243.3,38.5,26.2,1380.1,5167.91,10.0,2.0,2.5,NR5G-SA,n79,-94,-94,-10,15,-74,5.0,C3228E001,568
2026-06-10 16:09:12.291,2026-06-10 16:11:08.673,22.6494356,114.5040618,200.0,0.7,-0.02,243.3,38.5,26.2,1380.1,5168.17,10.0,2.0,2.5,NR5G-SA,n79,-94,-94,-10,15,-74,4.9,C3228E001,568
2026-06-10 16:09:12.491,2026-06-10 16:11:08.673,22.6494349,114.5040604,200.0,0.3,-0.01,243.2,38.5,26.2,1380.2,5168.33,10.0,2.0,2.5,NR5G-SA,n79,-94,-94,-10,16,-74,7.0,C3228E001,568
2026-06-10 16:09:12.692,2026-06-10 16:11:08.873,22.6494349,114.5040604,200.0,0.3,-0.01,243.2,38.5,26.2,1380.2,5168.33,10.0,2.0,2.5,NR5G-SA,n79,-94,-94,-10,16,-74,13.1,C3228E001,568
2026-06-10 16:09:12.892,2026-06-10 16:11:09.073,22.6494345,114.5040597,200.0,0.1,-0.00,243.2,38.5,26.0,1380.2,5168.42,10.0,2.0,2.5,NR5G-SA,n79,-94,-94,-10,16,-74,7.5,C3228E001,568
2026-06-10 16:09:13.092,2026-06-10 16:11:09.473,22.6494343,114.5040594,200.0,0.1,-0.01,243.3,23.8,26.0,1380.2,5168.45,10.0,2.0,2.5,NR5G-SA,n79,-94,-94,-10,16,-74,6.0,C3228E001,568
2026-06-10 16:09:13.292,2026-06-10 16:11:09.673,22.6494343,114.5040594,200.0,0.3,-0.02,243.4,23.8,26.0,1380.2,5168.45,10.0,2.0,2.5,NR5G-SA,n79,-94,-94,-10,16,-74,5.7,C3228E001,568
2026-06-10 16:09:13.493,2026-06-10 16:11:09.673,22.6494342,114.5040595,200.0,0.3,-0.01,243.4,23.8,26.0,1380.2,5168.47,10.0,2.0,2.5,NR5G-SA,n79,-103,-103,-10,18,-83,7.0,C3228E001,568
2026-06-10 16:09:13.693,2026-06-10 16:11:09.873,22.6494342,114.5040595,200.0,0.3,-0.01,243.4,23.8,26.0,1380.2,5168.47,10.0,2.0,2.5,NR5G-SA,n79,-103,-103,-10,18,-83,11.3,C3228E001,568
2026-06-10 16:09:13.894,2026-06-10 16:11:10.073,22.6494342,114.5040598,200.0,0.3,-0.01,243.4,23.8,27.3,1380.2,5168.50,10.0,2.0,2.5,NR5G-SA,n79,-103,-103,-10,18,-83,5.9,C3228E001,568
2026-06-10 16:09:14.094,2026-06-10 16:11:10.473,22.6494343,114.5040600,200.0,0.3,0.00,243.3,42.2,27.3,1380.2,5168.52,10.0,2.0,2.5,NR5G-SA,n79,-104,-104,-11,18,-84,4.4,C3228E001,568
2026-06-10 16:09:14.294,2026-06-10 16:11:10.673,22.6494345,114.5040602,200.0,0.3,0.02,243.1,42.2,27.3,1380.2,5168.55,10.0,2.0,2.5,NR5G-SA,n79,-104,-104,-11,18,-84,5.4,C3228E001,568
2026-06-10 16:09:14.495,2026-06-10 16:11:10.673,22.6494347,114.5040605,200.0,0.3,0.01,243.0,42.2,27.3,1380.2,5168.59,10.0,2.0,2.5,NR5G-SA,n79,-104,-104,-11,18,-84,6.6,C3228E001,568
2026-06-10 16:09:14.695,2026-06-10 16:11:10.873,22.6494347,114.5040605,200.0,0.3,0.01,243.0,42.2,27.3,1380.2,5168.59,10.0,2.0,2.5,NR5G-SA,n79,-102,-102,-11,17,-82,11.4,C3228E001,568
2026-06-10 16:09:14.895,2026-06-10 16:11:11.073,22.6494349,114.5040608,200.0,0.3,0.02,243.0,42.2,27.3,1380.2,5168.63,10.0,2.0,2.5,NR5G-SA,n79,-102,-102,-11,17,-82,7.3,C3228E001,568
2026-06-10 16:09:15.096,2026-06-10 16:11:11.473,22.6494354,114.5040611,200.0,0.3,0.02,243.1,16.0,23.3,1380.1,5168.69,10.0,2.0,2.5,NR5G-SA,n79,-101,-101,-10,18,-81,4.8,C3228E001,568
2026-06-10 16:09:15.296,2026-06-10 16:11:11.673,22.6494360,114.5040613,200.0,0.4,0.02,243.3,16.0,23.3,1380.1,5168.76,10.0,2.0,2.5,NR5G-SA,n79,-101,-101,-10,18,-81,4.0,C3228E001,568
2026-06-10 16:09:15.496,2026-06-10 16:11:11.673,22.6494369,114.5040615,200.0,0.5,0.02,243.5,16.0,23.3,1380.0,5168.87,10.0,2.0,2.5,NR5G-SA,n79,-101,-101,-10,18,-81,6.2,C3228E001,568
2026-06-10 16:09:15.696,2026-06-10 16:11:11.873,22.6494369,114.5040615,200.0,0.5,0.02,243.5,16.0,23.3,1380.0,5168.87,10.0,2.0,2.5,NR5G-SA,n79,-98,-98,-10,18,-78,7.7,C3228E001,568
2026-06-10 16:09:15.897,2026-06-10 16:11:12.073,22.6494382,114.5040615,200.0,0.6,0.03,244.0,16.0,23.3,1379.8,5169.01,10.0,2.0,2.5,NR5G-SA,n79,-98,-98,-10,18,-78,7.8,C3228E001,568
2026-06-10 16:09:16.097,2026-06-10 16:11:12.473,22.6494398,114.5040613,200.0,0.8,0.03,250.4,0.0,22.3,1379.7,5169.19,10.0,2.0,2.5,NR5G-SA,n79,-98,-98,-10,18,-78,4.5,C3228E001,568
2026-06-10 16:09:16.298,2026-06-10 16:11:12.673,22.6494418,114.5040611,200.0,1.0,0.05,264.6,0.0,22.3,1379.4,5169.41,10.0,2.0,2.5,NR5G-SA,n79,-108,-108,-11,13,-88,5.3,C3228E001,568
2026-06-10 16:09:16.498,2026-06-10 16:11:12.673,22.6494445,114.5040607,200.0,1.3,0.06,280.2,0.0,22.3,1379.1,5169.72,10.0,2.0,2.5,NR5G-SA,n79,-108,-108,-11,13,-88,7.3,C3228E001,568
2026-06-10 16:09:16.698,2026-06-10 16:11:12.873,22.6494445,114.5040607,200.0,1.3,0.06,280.2,0.0,22.3,1379.1,5169.72,10.0,2.0,2.5,NR5G-SA,n79,-108,-108,-11,13,-88,12.0,C3228E001,568
2026-06-10 16:09:16.898,2026-06-10 16:11:13.073,22.6494478,114.5040600,200.0,1.7,0.04,295.9,0.0,22.3,1378.8,5170.09,10.0,2.0,2.5,NR5G-SA,n79,-108,-108,-11,14,-88,5.2,C3228E001,568
2026-06-10 16:09:17.099,2026-06-10 16:11:13.473,22.6494520,114.5040587,199.9,2.1,0.04,311.4,5.2,21.4,1378.3,5170.58,10.0,2.0,2.5,NR5G-SA,n79,-108,-108,-11,14,-88,4.7,C3228E001,568
2026-06-10 16:09:17.299,2026-06-10 16:11:13.673,22.6494573,114.5040571,199.9,2.5,0.07,326.8,5.2,21.4,1377.7,5171.19,10.0,2.0,2.5,NR5G-SA,n79,-108,-108,-11,14,-88,6.0,C3228E001,568
2026-06-10 16:09:17.499,2026-06-10 16:11:13.673,22.6494635,114.5040553,199.9,2.9,0.06,340.7,5.2,21.4,1377.0,5171.90,10.0,2.0,2.5,NR5G-SA,n79,-108,-108,-11,14,-88,6.7,C3228E001,568
2026-06-10 16:09:17.699,2026-06-10 16:11:13.873,22.6494708,114.5040531,200.0,3.4,0.11,346.7,5.2,21.4,1376.1,5172.75,10.0,2.0,2.5,NR5G-SA,n79,-98,-98,-11,12,-78,10.2,C3228E001,568
2026-06-10 16:09:17.900,2026-06-10 16:11:14.073,22.6494708,114.5040531,200.0,3.4,0.11,346.7,5.2,21.4,1376.1,5172.75,10.0,2.0,2.5,NR5G-SA,n79,-97,-97,-10,9,-77,7.9,C3228E001,568
2026-06-10 16:09:18.100,2026-06-10 16:11:14.473,22.6494792,114.5040505,200.0,4.0,0.12,347.7,0.0,20.1,1375.1,5173.72,10.0,2.0,2.5,NR5G-SA,n79,-97,-97,-10,9,-77,5.9,C3228E001,568
2026-06-10 16:09:18.300,2026-06-10 16:11:14.673,22.6494889,114.5040476,200.0,4.5,0.07,347.1,0.0,20.1,1374.0,5174.84,10.0,2.0,2.5,NR5G-SA,n79,-97,-97,-10,9,-77,5.2,C3228E001,568
2026-06-10 16:09:18.501,2026-06-10 16:11:14.673,22.6494995,114.5040443,200.0,5.1,0.04,346.1,0.0,20.1,1372.8,5176.07,10.0,2.0,2.5,NR5G-SA,n79,-102,-102,-10,8,-82,5.9,C3228E001,568
2026-06-10 16:09:18.701,2026-06-10 16:11:14.873,22.6494995,114.5040443,200.0,5.1,0.04,346.1,0.0,20.1,1372.8,5176.07,10.0,2.0,2.5,NR5G-SA,n79,-102,-102,-10,8,-82,10.6,C3228E001,568
2026-06-10 16:09:18.901,2026-06-10 16:11:15.073,22.6495113,114.5040405,200.0,5.7,0.06,345.3,0.0,20.1,1371.4,5177.44,10.0,2.0,2.5,NR5G-SA,n79,-102,-102,-10,8,-82,6.7,C3228E001,568
2026-06-10 16:09:19.102,2026-06-10 16:11:15.473,22.6495244,114.5040364,200.0,6.3,0.05,344.7,7.4,19.0,1369.9,5178.96,10.0,2.0,2.5,NR5G-SA,n79,-97,-97,-10,7,-77,6.1,C3228E001,568
2026-06-10 16:09:19.302,2026-06-10 16:11:15.673,22.6495389,114.5040318,200.0,6.9,0.05,344.4,7.4,19.0,1368.2,5180.64,10.0,2.0,2.5,NR5G-SA,n79,-97,-97,-10,7,-77,4.8,C3228E001,568
2026-06-10 16:09:19.502,2026-06-10 16:11:15.673,22.6495546,114.5040269,200.0,7.5,0.08,344.1,7.4,19.0,1366.4,5182.46,10.0,2.0,2.5,NR5G-SA,n79,-97,-97,-10,7,-77,7.2,C3228E001,568
2026-06-10 16:09:19.703,2026-06-10 16:11:15.873,22.6495546,114.5040269,200.0,7.5,0.08,344.1,7.4,19.0,1366.4,5182.46,10.0,2.0,2.5,NR5G-SA,n79,-97,-97,-10,7,-77,8.9,C3228E001,568
2026-06-10 16:09:19.903,2026-06-10 16:11:16.073,22.6495713,114.5040216,200.0,8.0,0.06,344.0,7.4,19.0,1364.5,5184.39,10.0,2.0,2.5,NR5G-SA,n79,-97,-97,-10,7,-77,4.2,C3228E001,568
2026-06-10 16:09:20.103,2026-06-10 16:11:16.473,22.6495888,114.5040161,200.0,8.3,0.06,343.9,0.0,18.8,1362.4,5186.42,10.0,2.0,2.5,NR5G-SA,n79,-97,-97,-10,6,-77,5.2,C3228E001,568
2026-06-10 16:09:20.303,2026-06-10 16:11:16.673,22.6496072,114.5040104,200.0,8.7,0.06,344.1,0.0,18.8,1360.3,5188.55,10.0,2.0,2.5,NR5G-SA,n79,-97,-97,-10,6,-77,5.2,C3228E001,568
2026-06-10 16:09:20.504,2026-06-10 16:11:16.873,22.6496262,114.5040045,200.0,9.0,0.04,344.0,0.0,18.8,1358.1,5190.75,10.0,2.0,2.5,NR5G-SA,n79,-97,-97,-10,6,-77,5.9,C3228E001,568
2026-06-10 16:09:20.704,2026-06-10 16:11:16.873,22.6496262,114.5040045,200.0,9.0,0.04,344.0,0.0,18.8,1358.1,5190.75,10.0,2.0,2.5,NR5G-SA,n79,-99,-99,-10,7,-79,9.0,C3228E001,568
2026-06-10 16:09:20.904,2026-06-10 16:11:17.073,22.6496458,114.5039984,200.0,9.3,0.05,343.9,0.0,18.8,1355.8,5193.02,10.0,2.0,2.5,NR5G-SA,n79,-99,-99,-10,7,-79,7.7,C3228E001,568
2026-06-10 16:09:21.104,2026-06-10 16:11:17.473,22.6496659,114.5039920,200.0,9.5,0.05,343.8,18.2,20.9,1353.5,5195.36,10.0,2.0,2.5,NR5G-SA,n79,-99,-99,-10,7,-79,6.4,C3228E001,568
2026-06-10 16:09:21.305,2026-06-10 16:11:17.673,22.6496864,114.5039855,200.0,9.7,0.08,343.7,18.2,20.9,1351.1,5197.73,10.0,2.0,2.5,NR5G-SA,n79,-96,-96,-10,8,-76,7.4,C3228E001,568
2026-06-10 16:09:21.505,2026-06-10 16:11:17.873,22.6497072,114.5039790,200.0,9.8,0.09,343.6,18.2,20.9,1348.7,5200.14,10.0,2.0,2.5,NR5G-SA,n79,-96,-96,-10,8,-76,5.8,C3228E001,568
2026-06-10 16:09:21.706,2026-06-10 16:11:17.873,22.6497282,114.5039724,200.0,9.9,0.10,343.5,18.2,20.9,1346.3,5202.58,10.0,2.0,2.5,NR5G-SA,n79,-99,-99,-10,14,-79,8.8,C3228E001,568
2026-06-10 16:09:21.906,2026-06-10 16:11:18.073,22.6497282,114.5039724,200.0,9.9,0.10,343.5,18.2,20.9,1346.3,5202.58,10.0,2.0,2.5,NR5G-SA,n79,-99,-99,-10,14,-79,6.4,C3228E001,568
2026-06-10 16:09:22.106,2026-06-10 16:11:18.473,22.6497492,114.5039658,200.0,9.9,0.04,343.4,42.0,22.3,1343.9,5205.01,10.0,2.0,2.5,NR5G-SA,n79,-99,-99,-10,14,-79,5.8,C3228E001,568
2026-06-10 16:09:22.307,2026-06-10 16:11:18.673,22.6497704,114.5039592,200.0,9.9,-0.00,343.3,42.0,22.3,1341.4,5207.47,10.0,2.0,2.5,NR5G-SA,n79,-100,-100,-11,12,-80,5.6,C3228E001,568
2026-06-10 16:09:22.507,2026-06-10 16:11:18.673,22.6497916,114.5039526,200.0,9.9,0.03,343.4,42.0,22.3,1338.9,5209.92,10.0,2.0,2.5,NR5G-SA,n79,-100,-100,-11,12,-80,7.7,C3228E001,568
2026-06-10 16:09:22.707,2026-06-10 16:11:18.873,22.6497916,114.5039526,200.0,9.9,0.03,343.4,42.0,22.3,1338.9,5209.92,10.0,2.0,2.5,NR5G-SA,n79,-100,-100,-11,12,-80,9.7,C3228E001,568
2026-06-10 16:09:22.908,2026-06-10 16:11:19.073,22.6498129,114.5039459,200.0,9.9,-0.03,343.4,42.0,22.3,1336.5,5212.39,10.0,2.0,2.5,NR5G-SA,n79,-101,-101,-10,9,-81,4.5,C3228E001,568
2026-06-10 16:09:23.108,2026-06-10 16:11:19.473,22.6498341,114.5039392,200.0,10.0,-0.04,343.3,26.0,23.8,1334.0,5214.85,10.0,2.0,2.5,NR5G-SA,n79,-101,-101,-10,9,-81,5.3,C3228E001,568
2026-06-10 16:09:23.308,2026-06-10 16:11:19.673,22.6498554,114.5039324,200.0,10.0,0.01,343.1,26.0,23.8,1331.5,5217.32,10.0,2.0,2.5,NR5G-SA,n79,-101,-101,-10,9,-81,5.5,C3228E001,568
2026-06-10 16:09:23.508,2026-06-10 16:11:19.673,22.6498770,114.5039256,199.9,10.0,0.03,342.9,26.0,23.8,1329.0,5219.82,10.0,2.0,2.5,NR5G-SA,n79,-97,-97,-10,10,-77,8.6,C3228E001,568
2026-06-10 16:09:23.709,2026-06-10 16:11:19.873,22.6498985,114.5039188,199.9,10.0,0.05,342.8,26.0,23.8,1326.5,5222.32,10.0,2.0,2.5,NR5G-SA,n79,-97,-97,-10,10,-77,9.4,C3228E001,568
2026-06-10 16:09:23.909,2026-06-10 16:11:20.073,22.6498985,114.5039188,199.9,10.0,0.05,342.8,26.0,23.8,1326.5,5222.32,10.0,2.0,2.5,NR5G-SA,n79,-99,-99,-10,9,-79,5.4,C3228E001,568
2026-06-10 16:09:24.109,2026-06-10 16:11:20.473,22.6499201,114.5039121,199.9,10.0,0.09,342.8,37.2,23.8,1324.0,5224.82,10.0,2.0,2.5,NR5G-SA,n79,-99,-99,-10,9,-79,5.3,C3228E001,568
2026-06-10 16:09:24.310,2026-06-10 16:11:20.673,22.6499417,114.5039054,199.9,9.9,0.12,342.7,37.2,25.8,1321.5,5227.32,10.0,2.0,2.5,NR5G-SA,n79,-99,-99,-10,9,-79,5.9,C3228E001,568
2026-06-10 16:09:24.510,2026-06-10 16:11:20.673,22.6499633,114.5038987,200.0,9.9,0.08,342.7,37.2,25.8,1319.0,5229.82,10.0,2.0,2.5,NR5G-SA,n79,-98,-98,-10,12,-78,6.2,C3228E001,568
2026-06-10 16:09:24.710,2026-06-10 16:11:20.873,22.6499849,114.5038919,200.0,10.0,0.06,342.6,37.2,25.8,1316.5,5232.33,10.0,2.0,2.5,NR5G-SA,n79,-98,-98,-10,12,-78,8.8,C3228E001,568
2026-06-10 16:09:24.911,2026-06-10 16:11:21.073,22.6499849,114.5038919,200.0,10.0,0.06,342.6,37.2,25.8,1316.5,5232.33,10.0,2.0,2.5,NR5G-SA,n79,-98,-98,-10,12,-78,4.8,C3228E001,568
2026-06-10 16:09:25.111,2026-06-10 16:11:21.473,22.6500066,114.5038852,200.0,9.9,0.05,342.6,32.8,25.8,1314.0,5234.84,10.0,2.0,2.5,NR5G-SA,n79,-104,-104,-11,10,-84,5.1,C3228E001,568
2026-06-10 16:09:25.311,2026-06-10 16:11:21.673,22.6500283,114.5038785,200.0,9.9,0.05,342.6,32.8,25.4,1311.5,5237.35,10.0,2.0,2.5,NR5G-SA,n79,-104,-104,-11,10,-84,6.3,C3228E001,568
2026-06-10 16:09:25.511,2026-06-10 16:11:21.673,22.6500499,114.5038718,200.0,9.9,0.07,342.7,32.8,25.4,1309.0,5239.85,10.0,2.0,2.5,NR5G-SA,n79,-104,-104,-11,10,-84,7.3,C3228E001,568
2026-06-10 16:09:25.712,2026-06-10 16:11:21.873,22.6500715,114.5038652,200.0,9.9,0.11,342.8,32.8,25.4,1306.5,5242.35,10.0,2.0,2.5,NR5G-SA,n79,-102,-102,-11,11,-82,8.1,C3228E001,568
2026-06-10 16:09:25.912,2026-06-10 16:11:22.073,22.6500715,114.5038652,200.0,9.9,0.11,342.8,32.8,25.4,1306.5,5242.35,10.0,2.0,2.5,NR5G-SA,n79,-102,-102,-11,11,-82,5.7,C3228E001,568
2026-06-10 16:09:26.112,2026-06-10 16:11:22.473,22.6500931,114.5038585,200.0,9.9,0.10,343.0,30.8,25.4,1304.0,5244.85,10.0,2.0,2.5,NR5G-SA,n79,-102,-102,-11,11,-82,5.7,C3228E001,568
2026-06-10 16:09:26.313,2026-06-10 16:11:22.673,22.6501146,114.5038518,200.0,9.8,0.10,343.1,30.8,23.4,1301.5,5247.34,10.0,2.0,2.5,NR5G-SA,n79,-97,-97,-10,9,-77,4.9,C3228E001,568
2026-06-10 16:09:26.513,2026-06-10 16:11:22.873,22.6501362,114.5038450,200.0,9.9,0.05,343.2,30.8,23.4,1299.0,5249.84,10.0,2.0,2.5,NR5G-SA,n79,-97,-97,-10,9,-77,5.6,C3228E001,568
2026-06-10 16:09:26.713,2026-06-10 16:11:22.873,22.6501577,114.5038383,200.0,9.9,0.03,343.2,30.8,23.4,1296.5,5252.33,10.0,2.0,2.5,NR5G-SA,n79,-104,-104,-10,8,-84,10.8,C3228E001,568
2026-06-10 16:09:26.914,2026-06-10 16:11:23.073,22.6501577,114.5038383,200.0,9.9,0.03,343.2,30.8,23.4,1296.5,5252.33,10.0,2.0,2.5,NR5G-SA,n79,-104,-104,-10,8,-84,7.2,C3228E001,568
2026-06-10 16:09:27.114,2026-06-10 16:11:23.473,22.6501792,114.5038316,200.0,9.9,-0.04,343.2,38.5,23.4,1294.0,5254.82,10.0,2.0,2.5,NR5G-SA,n79,-104,-104,-10,8,-84,6.3,C3228E001,568
2026-06-10 16:09:27.314,2026-06-10 16:11:23.673,22.6502008,114.5038249,200.0,9.9,0.04,343.1,38.5,21.9,1291.5,5257.33,10.0,2.0,2.5,NR5G-SA,n79,-104,-104,-10,10,-84,6.1,C3228E001,568
2026-06-10 16:09:27.515,2026-06-10 16:11:23.873,22.6502222,114.5038182,200.0,9.8,0.08,343.1,38.5,21.9,1289.1,5259.81,10.0,2.0,2.5,NR5G-SA,n79,-104,-104,-10,10,-84,5.3,C3228E001,568
2026-06-10 16:09:27.715,2026-06-10 16:11:23.873,22.6502437,114.5038115,200.0,9.9,0.07,343.1,38.5,21.9,1286.6,5262.30,10.0,2.0,2.5,NR5G-SA,n79,-104,-104,-10,10,-84,11.7,C3228E001,568
2026-06-10 16:09:27.915,2026-06-10 16:11:24.073,22.6502437,114.5038115,200.0,9.9,0.07,343.1,38.5,21.9,1286.6,5262.30,10.0,2.0,2.5,NR5G-SA,n79,-101,-101,-11,9,-81,5.8,C3228E001,568
2026-06-10 16:09:28.116,2026-06-10 16:11:24.473,22.6502652,114.5038048,200.0,9.8,0.07,343.2,23.9,21.9,1284.1,5264.79,10.0,2.0,2.5,NR5G-SA,n79,-101,-101,-11,9,-81,6.2,C3228E001,568
2026-06-10 16:09:28.316,2026-06-10 16:11:24.673,22.6502868,114.5037981,200.0,9.9,0.01,343.2,23.9,20.9,1281.6,5267.29,10.0,2.0,2.5,NR5G-SA,n79,-101,-101,-11,9,-81,4.1,C3228E001,568
2026-06-10 16:09:28.516,2026-06-10 16:11:24.873,22.6503083,114.5037914,200.0,9.9,0.02,343.2,23.9,20.9,1279.1,5269.78,10.0,2.0,2.5,NR5G-SA,n79,-100,-100,-11,8,-80,4.9,C3228E001,568
2026-06-10 16:09:28.717,2026-06-10 16:11:24.873,22.6503298,114.5037848,200.0,9.9,0.03,343.2,23.9,20.9,1276.6,5272.26,10.0,2.0,2.5,NR5G-SA,n79,-100,-100,-11,8,-80,12.7,C3228E001,568
2026-06-10 16:09:28.917,2026-06-10 16:11:25.073,22.6503298,114.5037848,200.0,9.9,0.03,343.2,23.9,20.9,1276.6,5272.26,10.0,2.0,2.5,NR5G-SA,n79,-105,-105,-11,7,-85,8.0,C3228E001,568
2026-06-10 16:09:29.117,2026-06-10 16:11:25.473,22.6503513,114.5037781,200.0,10.0,0.02,343.3,43.1,20.9,1274.1,5274.76,10.0,2.0,2.5,NR5G-SA,n79,-105,-105,-11,7,-85,5.5,C3228E001,568
2026-06-10 16:09:29.318,2026-06-10 16:11:25.673,22.6503728,114.5037713,200.0,10.0,0.05,343.3,43.1,20.4,1271.6,5277.25,10.0,2.0,2.5,NR5G-SA,n79,-105,-105,-11,7,-85,5.7,C3228E001,568
2026-06-10 16:09:29.518,2026-06-10 16:11:25.673,22.6503942,114.5037647,200.0,10.0,0.02,343.4,43.1,20.4,1269.1,5279.73,10.0,2.0,2.5,NR5G-SA,n79,-99,-99,-11,8,-79,7.5,C3228E001,568
2026-06-10 16:09:29.718,2026-06-10 16:11:25.873,22.6504158,114.5037581,200.0,10.0,0.05,343.3,43.1,20.4,1266.6,5282.22,10.0,2.0,2.5,NR5G-SA,n79,-99,-99,-11,8,-79,9.9,C3228E001,568
2026-06-10 16:09:29.919,2026-06-10 16:11:26.073,22.6504158,114.5037581,200.0,10.0,0.05,343.3,43.1,20.4,1266.6,5282.22,10.0,2.0,2.5,NR5G-SA,n79,-99,-99,-11,8,-79,7.8,C3228E001,568
2026-06-10 16:09:30.119,2026-06-10 16:11:26.473,22.6504373,114.5037514,200.0,10.0,-0.03,343.4,14.2,20.4,1264.2,5284.71,10.0,2.0,2.5,NR5G-SA,n79,-102,-102,-11,8,-82,6.1,C3228E001,568
2026-06-10 16:09:30.319,2026-06-10 16:11:26.673,22.6504589,114.5037447,200.0,10.0,0.01,343.4,14.2,21.2,1261.7,5287.22,10.0,2.0,2.5,NR5G-SA,n79,-102,-102,-11,8,-82,5.2,C3228E001,568
2026-06-10 16:09:30.519,2026-06-10 16:11:26.873,22.6504805,114.5037379,200.0,10.0,0.01,343.4,14.2,21.2,1259.1,5289.72,10.0,2.0,2.5,NR5G-SA,n79,-102,-102,-11,8,-82,6.4,C3228E001,568
2026-06-10 16:09:30.720,2026-06-10 16:11:26.873,22.6505022,114.5037311,200.0,10.0,0.03,343.4,14.2,21.2,1256.6,5292.23,10.0,2.0,2.5,NR5G-SA,n79,-106,-106,-11,7,-86,9.5,C3228E001,568
2026-06-10 16:09:30.920,2026-06-10 16:11:27.073,22.6505022,114.5037311,200.0,10.0,0.03,343.4,14.2,21.2,1256.6,5292.23,10.0,2.0,2.5,NR5G-SA,n79,-106,-106,-11,7,-86,7.5,C3228E001,568
2026-06-10 16:09:31.120,2026-06-10 16:11:27.473,22.6505238,114.5037244,200.0,10.0,0.02,343.4,0.0,21.2,1254.1,5294.73,10.0,2.0,2.5,NR5G-SA,n79,-102,-102,-11,6,-82,7.0,C3228E001,568
2026-06-10 16:09:31.321,2026-06-10 16:11:27.673,22.6505454,114.5037176,200.0,10.0,0.01,343.5,0.0,21.0,1251.6,5297.24,10.0,2.0,2.5,NR5G-SA,n79,-102,-102,-11,6,-82,6.2,C3228E001,568
2026-06-10 16:09:31.521,2026-06-10 16:11:27.873,22.6505671,114.5037109,200.0,10.0,0.04,343.7,0.0,21.0,1249.1,5299.75,10.0,2.0,2.5,NR5G-SA,n79,-102,-102,-11,6,-82,5.7,C3228E001,568
2026-06-10 16:09:31.721,2026-06-10 16:11:27.873,22.6505888,114.5037043,200.0,10.0,0.01,343.8,0.0,21.0,1246.6,5302.26,10.0,2.0,2.5,NR5G-SA,n79,-105,-105,-11,4,-85,14.9,C3228E001,568
2026-06-10 16:09:31.921,2026-06-10 16:11:28.073,22.6505888,114.5037043,200.0,10.0,0.01,343.8,0.0,21.0,1246.6,5302.26,10.0,2.0,2.5,NR5G-SA,n79,-105,-105,-11,4,-85,9.0,C3228E001,568
2026-06-10 16:09:32.122,2026-06-10 16:11:28.073,22.6505888,114.5037043,200.0,10.0,0.01,343.8,2.6,21.0,1246.6,5302.26,10.0,2.0,2.5,NR5G-SA,n79,-105,-105,-11,4,-85,21.4,C3228E001,568
2026-06-10 16:09:32.322,2026-06-10 16:11:28.073,22.6505888,114.5037043,200.0,10.0,0.01,343.8,2.6,21.0,1246.6,5302.26,10.0,2.0,2.5,NR5G-SA,n79,-105,-105,-11,4,-85,21.4,C3228E001,568
2026-06-10 16:09:32.522,2026-06-10 16:11:28.073,22.6505888,114.5037043,200.0,10.0,0.01,343.8,2.6,21.0,1246.6,5302.26,10.0,2.0,2.5,NR5G-SA,n79,-105,-105,-11,4,-85,21.4,C3228E001,568
2026-06-10 16:09:32.723,2026-06-10 16:11:28.473,22.6506320,114.5036910,200.0,10.0,-0.03,343.9,2.6,21.0,1241.6,5307.26,10.0,2.0,2.5,NR5G-SA,n79,-104,-104,-11,4,-84,6.4,C3228E001,568
2026-06-10 16:09:32.923,2026-06-10 16:11:28.473,22.6506535,114.5036844,200.0,10.0,-0.03,344.0,2.6,21.0,1239.1,5309.75,10.0,2.0,2.5,NR5G-SA,n79,-104,-104,-11,4,-84,15.3,C3228E001,568
2026-06-10 16:09:33.123,2026-06-10 16:11:28.473,22.6506535,114.5036844,200.0,10.0,-0.03,344.0,2.6,21.0,1239.1,5309.75,10.0,2.0,2.5,NR5G-SA,n79,-104,-104,-11,4,-84,15.3,C3228E001,568
2026-06-10 16:09:33.323,2026-06-10 16:11:28.473,22.6506535,114.5036844,200.0,10.0,-0.02,344.0,16.9,999.0,1239.1,5309.75,10.0,2.0,2.5,NR5G-SA,n79,-104,-104,-11,4,-84,41.4,C3228E001,568
2026-06-10 16:09:33.524,2026-06-10 16:11:28.873,22.6506750,114.5036777,200.0,10.0,-0.01,344.1,16.9,999.0,1236.6,5312.24,10.0,2.0,2.5,NR5G-SA,n79,-104,-104,-11,4,-84,15.9,C3228E001,568
2026-06-10 16:09:33.724,2026-06-10 16:11:28.873,22.6506750,114.5036777,200.0,10.0,-0.01,344.1,16.9,999.0,1236.6,5312.24,10.0,2.0,2.5,NR5G-SA,n79,-104,-104,-11,4,-84,26.7,C3228E001,568
2026-06-10 16:09:33.924,2026-06-10 16:11:28.873,22.6506750,114.5036777,200.0,10.0,-0.01,344.1,16.9,999.0,1236.6,5312.24,10.0,2.0,2.5,NR5G-SA,n79,-106,-106,-11,2,-86,38.9,C3228E001,568
2026-06-10 16:09:34.125,2026-06-10 16:11:28.873,22.6506750,114.5036777,200.0,10.0,-0.01,344.1,16.9,999.0,1236.6,5312.24,10.0,2.0,2.5,NR5G-SA,n79,-106,-106,-11,2,-86,38.9,C3228E001,568
2026-06-10 16:09:34.325,2026-06-10 16:11:28.873,22.6506750,114.5036777,200.0,10.0,-0.01,344.1,100.0,999.0,1236.6,5312.24,10.0,2.0,2.5,NR5G-SA,n79,-106,-106,-11,2,-86,38.9,C3228E001,568
2026-06-10 16:09:34.525,2026-06-10 16:11:28.873,22.6506750,114.5036777,200.0,10.0,-0.01,344.1,100.0,999.0,1236.6,5312.24,10.0,2.0,2.5,NR5G-SA,n79,-106,-106,-11,2,-86,80.5,C3228E001,568
2026-06-10 16:09:34.726,2026-06-10 16:11:30.073,22.6507611,114.5036507,200.0,10.0,-0.00,343.9,100.0,999.0,1226.7,5322.21,10.0,2.0,2.5,NR5G-SA,n79,-106,-106,-11,2,-86,2.1,C3228E001,568
2026-06-10 16:09:34.926,2026-06-10 16:11:30.873,22.6508471,114.5036242,200.0,10.0,-0.02,344.0,100.0,123.3,1216.7,5332.17,10.0,2.0,2.5,NR5G-SA,n79,-105,-105,-11,5,-85,4.1,C3228E001,568
2026-06-10 16:09:35.126,2026-06-10 16:11:31.473,22.6508685,114.5036175,200.0,10.0,-0.02,344.1,100.0,123.3,1214.2,5334.65,10.0,2.0,2.5,NR5G-SA,n79,-106,-106,-11,5,-86,7.0,C3228E001,568
2026-06-10 16:09:35.326,2026-06-10 16:11:31.673,22.6508900,114.5036109,200.0,10.0,0.01,344.0,4.7,123.3,1211.7,5337.13,10.0,2.0,2.5,NR5G-SA,n79,-106,-106,-11,5,-86,6.6,C3228E001,568
2026-06-10 16:09:35.527,2026-06-10 16:11:31.873,22.6509116,114.5036042,200.0,10.0,-0.01,344.0,4.7,123.3,1209.2,5339.64,10.0,2.0,2.5,NR5G-SA,n79,-102,-102,-11,5,-82,6.5,C3228E001,568
2026-06-10 16:09:35.727,2026-06-10 16:11:31.873,22.6509334,114.5035976,200.0,10.1,0.01,344.1,4.7,123.3,1206.7,5342.16,10.0,2.0,2.5,NR5G-SA,n79,-102,-102,-11,5,-82,10.5,C3228E001,568
2026-06-10 16:09:35.927,2026-06-10 16:11:32.073,22.6509334,114.5035976,200.0,10.1,0.01,344.1,4.7,123.1,1206.7,5342.16,10.0,2.0,2.5,NR5G-SA,n79,-102,-102,-11,5,-82,9.5,C3228E001,568
2026-06-10 16:09:36.128,2026-06-10 16:11:32.473,22.6509552,114.5035910,200.0,10.1,0.02,344.2,4.7,123.1,1204.2,5344.68,10.0,2.0,2.5,NR5G-SA,n79,-105,-105,-11,5,-85,10.0,C3228E001,568
2026-06-10 16:09:36.328,2026-06-10 16:11:32.673,22.6509771,114.5035843,200.0,10.0,0.04,344.2,20.3,123.1,1201.7,5347.21,10.0,2.0,2.5,NR5G-SA,n79,-105,-105,-11,5,-85,6.1,C3228E001,568
2026-06-10 16:09:36.528,2026-06-10 16:11:32.873,22.6509987,114.5035776,200.0,10.1,0.01,344.2,20.3,123.1,1199.2,5349.71,10.0,2.0,2.5,NR5G-SA,n79,-105,-105,-11,5,-85,6.3,C3228E001,568
2026-06-10 16:09:36.729,2026-06-10 16:11:32.873,22.6510203,114.5035709,200.0,10.0,0.03,344.1,20.3,123.1,1196.7,5352.21,10.0,2.0,2.5,NR5G-SA,n79,-105,-105,-11,3,-85,10.0,C3228E001,568
2026-06-10 16:09:36.929,2026-06-10 16:11:33.073,22.6510203,114.5035709,200.0,10.0,0.03,344.1,20.3,123.1,1196.7,5352.21,10.0,2.0,2.5,NR5G-SA,n79,-105,-105,-11,3,-85,12.1,C3228E001,568
2026-06-10 16:09:37.130,2026-06-10 16:11:33.473,22.6510420,114.5035640,200.0,10.0,-0.01,344.1,20.3,161.2,1194.1,5354.73,10.0,2.0,2.5,NR5G-SA,n79,-105,-105,-11,3,-85,10.8,C3228E001,568
2026-06-10 16:09:37.330,2026-06-10 16:11:33.473,22.6510420,114.5035640,200.0,10.0,-0.01,344.1,100.0,161.2,1194.1,5354.73,10.0,2.0,2.5,NR5G-SA,n79,-101,-101,-11,4,-81,10.8,C3228E001,568
2026-06-10 16:09:37.530,2026-06-10 16:11:33.673,22.6510636,114.5035573,200.0,10.0,-0.01,344.1,100.0,161.2,1191.6,5357.23,10.0,2.0,2.5,NR5G-SA,n79,-101,-101,-11,4,-81,6.6,C3228E001,568
2026-06-10 16:09:37.731,2026-06-10 16:11:33.673,22.6510636,114.5035573,200.0,10.0,-0.01,344.1,100.0,161.2,1191.6,5357.23,10.0,2.0,2.5,NR5G-SA,n79,-101,-101,-11,4,-81,6.6,C3228E001,568
2026-06-10 16:09:37.931,2026-06-10 16:11:34.073,22.6511070,114.5035440,200.0,9.9,0.02,344.1,100.0,161.2,1186.6,5362.25,10.0,2.0,2.5,NR5G-SA,n79,-106,-106,-11,4,-86,4.1,C3228E001,568
2026-06-10 16:09:38.131,2026-06-10 16:11:34.473,22.6511288,114.5035373,200.0,10.0,-0.01,344.2,100.0,159.8,1184.1,5364.77,10.0,2.0,2.5,NR5G-SA,n79,-106,-106,-11,4,-86,9.7,C3228E001,568
2026-06-10 16:09:38.332,2026-06-10 16:11:34.673,22.6511504,114.5035307,200.0,9.9,0.01,344.3,26.6,159.8,1181.6,5367.27,10.0,2.0,2.5,NR5G-SA,n79,-102,-102,-11,5,-82,6.7,C3228E001,568
2026-06-10 16:09:38.532,2026-06-10 16:11:34.873,22.6511720,114.5035240,200.0,9.9,0.00,344.4,26.6,159.8,1179.1,5369.77,10.0,2.0,2.5,NR5G-SA,n79,-102,-102,-11,5,-82,6.1,C3228E001,568
2026-06-10 16:09:38.732,2026-06-10 16:11:34.873,22.6511936,114.5035172,200.0,10.0,-0.03,344.3,26.6,159.8,1176.6,5372.28,10.0,2.0,2.5,NR5G-SA,n79,-102,-102,-11,5,-82,7.2,C3228E001,568
2026-06-10 16:09:38.933,2026-06-10 16:11:35.073,22.6511936,114.5035172,200.0,10.0,-0.03,344.3,26.6,159.8,1176.6,5372.28,10.0,2.0,2.5,NR5G-SA,n79,-111,-111,-11,5,-91,8.3,C3228E001,568
2026-06-10 16:09:39.133,2026-06-10 16:11:35.473,22.6512151,114.5035103,200.0,9.9,-0.01,344.2,26.6,159.5,1174.1,5374.77,10.0,2.0,2.5,NR5G-SA,n79,-111,-111,-11,5,-91,9.5,C3228E001,568
2026-06-10 16:09:39.333,2026-06-10 16:11:35.673,22.6512366,114.5035036,200.0,10.0,-0.03,344.2,35.6,159.5,1171.6,5377.26,10.0,2.0,2.5,NR5G-SA,n79,-111,-111,-11,5,-91,6.6,C3228E001,568
2026-06-10 16:09:39.534,2026-06-10 16:11:35.873,22.6512581,114.5034970,200.0,9.9,-0.02,344.1,35.6,159.5,1169.1,5379.75,10.0,2.0,2.5,NR5G-SA,n79,-106,-106,-11,4,-86,5.5,C3228E001,568
2026-06-10 16:09:39.734,2026-06-10 16:11:35.873,22.6512796,114.5034904,200.0,10.0,0.00,344.2,35.6,159.5,1166.6,5382.24,10.0,2.0,2.5,NR5G-SA,n79,-106,-106,-11,4,-86,8.6,C3228E001,568
2026-06-10 16:09:39.934,2026-06-10 16:11:36.073,22.6512796,114.5034904,200.0,10.0,0.00,344.2,35.6,159.5,1166.6,5382.24,10.0,2.0,2.5,NR5G-SA,n79,-106,-106,-11,4,-86,10.1,C3228E001,568
2026-06-10 16:09:40.134,2026-06-10 16:11:36.473,22.6513012,114.5034839,200.0,9.9,0.03,344.3,35.6,159.5,1164.1,5384.73,10.0,2.0,2.5,NR5G-SA,n79,-106,-106,-11,4,-86,9.2,C3228E001,568
2026-06-10 16:09:40.335,2026-06-10 16:11:36.673,22.6513227,114.5034772,200.0,10.0,-0.02,344.2,34.2,56.4,1161.6,5387.22,10.0,2.0,2.5,NR5G-SA,n79,-106,-106,-11,4,-86,6.6,C3228E001,568
2026-06-10 16:09:40.535,2026-06-10 16:11:36.873,22.6513443,114.5034705,200.1,9.9,-0.01,344.2,34.2,56.4,1159.1,5389.72,10.0,2.0,2.5,NR5G-SA,n79,-106,-106,-11,4,-86,4.2,C3228E001,568
2026-06-10 16:09:40.735,2026-06-10 16:11:36.873,22.6513659,114.5034638,200.1,10.0,-0.03,344.2,34.2,56.4,1156.6,5392.23,10.0,2.0,2.5,NR5G-SA,n79,-106,-106,-11,4,-86,7.2,C3228E001,568
2026-06-10 16:09:40.936,2026-06-10 16:11:37.073,22.6513659,114.5034638,200.1,10.0,-0.03,344.2,34.2,56.4,1156.6,5392.23,10.0,2.0,2.5,NR5G-SA,n79,-106,-106,-11,4,-86,12.0,C3228E001,568
2026-06-10 16:09:41.136,2026-06-10 16:11:37.473,22.6513874,114.5034570,200.1,10.0,-0.07,344.1,34.2,56.4,1154.1,5394.72,10.0,2.0,2.5,NR5G-SA,n79,-104,-104,-11,4,-84,8.6,C3228E001,568
2026-06-10 16:09:41.336,2026-06-10 16:11:37.673,22.6514089,114.5034503,200.0,10.0,-0.06,344.1,28.7,55.4,1151.7,5397.21,10.0,2.0,2.5,NR5G-SA,n79,-104,-104,-11,4,-84,6.3,C3228E001,568
2026-06-10 16:09:41.536,2026-06-10 16:11:37.873,22.6514306,114.5034435,200.0,10.0,-0.02,344.1,28.7,55.4,1149.1,5399.72,10.0,2.0,2.5,NR5G-SA,n79,-104,-104,-11,4,-84,5.5,C3228E001,568
2026-06-10 16:09:41.737,2026-06-10 16:11:37.873,22.6514523,114.5034369,200.0,10.0,-0.02,344.1,28.7,55.4,1146.6,5402.23,10.0,2.0,2.5,NR5G-SA,n79,-109,-109,-11,5,-89,10.7,C3228E001,568
2026-06-10 16:09:41.937,2026-06-10 16:11:38.073,22.6514523,114.5034369,200.0,10.0,-0.02,344.1,28.7,55.4,1146.6,5402.23,10.0,2.0,2.5,NR5G-SA,n79,-109,-109,-11,5,-89,13.2,C3228E001,568
2026-06-10 16:09:42.138,2026-06-10 16:11:38.473,22.6514742,114.5034302,200.0,10.0,-0.01,344.2,28.7,55.4,1144.1,5404.77,10.0,2.0,2.5,NR5G-SA,n79,-109,-109,-11,5,-89,8.5,C3228E001,568
2026-06-10 16:09:42.338,2026-06-10 16:11:38.673,22.6514959,114.5034235,200.1,10.0,-0.03,344.2,41.3,16.3,1141.6,5407.28,10.0,2.0,2.5,NR5G-SA,n79,-105,-105,-11,6,-85,5.7,C3228E001,568
2026-06-10 16:09:42.538,2026-06-10 16:11:38.873,22.6515174,114.5034168,200.1,10.0,-0.04,344.1,41.3,16.3,1139.1,5409.77,10.0,2.0,2.5,NR5G-SA,n79,-105,-105,-11,6,-85,4.9,C3228E001,568
2026-06-10 16:09:42.739,2026-06-10 16:11:38.873,22.6515389,114.5034100,200.1,10.0,-0.03,344.2,41.3,16.3,1136.6,5412.26,10.0,2.0,2.5,NR5G-SA,n79,-105,-105,-11,6,-85,9.5,C3228E001,568
2026-06-10 16:09:42.939,2026-06-10 16:11:39.073,22.6515389,114.5034100,200.1,10.0,-0.03,344.2,41.3,16.3,1136.6,5412.26,10.0,2.0,2.5,NR5G-SA,n79,-105,-105,-11,6,-85,15.6,C3228E001,568
2026-06-10 16:09:43.139,2026-06-10 16:11:39.473,22.6515604,114.5034032,200.0,10.0,-0.03,344.1,41.3,16.3,1134.1,5414.75,10.0,2.0,2.5,NR5G-SA,n79,-110,-110,-11,6,-90,8.9,C3228E001,568
2026-06-10 16:09:43.340,2026-06-10 16:11:39.673,22.6515820,114.5033965,200.0,10.0,-0.05,344.1,20.6,16.5,1131.6,5417.26,10.0,2.0,2.5,NR5G-SA,n79,-106,-106,-11,6,-86,5.9,C3228E001,568
2026-06-10 16:09:43.540,2026-06-10 16:11:39.873,22.6516038,114.5033899,200.0,10.0,-0.02,344.1,20.6,16.5,1129.1,5419.78,10.0,2.0,2.5,NR5G-SA,n79,-106,-106,-11,6,-86,5.2,C3228E001,568
2026-06-10 16:09:43.741,2026-06-10 16:11:39.873,22.6516255,114.5033833,200.1,10.0,-0.02,344.2,20.6,16.5,1126.6,5422.28,10.0,2.0,2.5,NR5G-SA,n79,-106,-106,-11,6,-86,5.7,C3228E001,568
2026-06-10 16:09:43.941,2026-06-10 16:11:40.073,22.6516255,114.5033833,200.1,10.0,-0.02,344.2,20.6,16.5,1126.6,5422.28,10.0,2.0,2.5,NR5G-SA,n79,-108,-108,-11,4,-88,12.8,C3228E001,568
2026-06-10 16:09:44.141,2026-06-10 16:11:40.473,22.6516472,114.5033766,200.1,10.0,-0.03,344.2,20.6,16.5,1124.1,5424.80,10.0,2.0,2.5,NR5G-SA,n79,-108,-108,-11,4,-88,9.1,C3228E001,568
2026-06-10 16:09:44.342,2026-06-10 16:11:40.673,22.6516689,114.5033700,200.1,9.9,-0.02,344.2,0.0,16.6,1121.6,5427.31,10.0,2.0,2.5,NR5G-SA,n79,-108,-108,-11,4,-88,6.4,C3228E001,568
2026-06-10 16:09:44.542,2026-06-10 16:11:40.873,22.6516904,114.5033634,200.1,9.9,-0.08,344.2,0.0,16.6,1119.1,5429.79,10.0,2.0,2.5,NR5G-SA,n79,-107,-107,-11,5,-87,4.7,C3228E001,568
2026-06-10 16:09:44.742,2026-06-10 16:11:41.073,22.6517118,114.5033567,200.1,9.9,-0.01,344.1,0.0,16.6,1116.6,5432.27,10.0,2.0,2.5,NR5G-SA,n79,-107,-107,-11,5,-87,5.6,C3228E001,568
2026-06-10 16:09:44.942,2026-06-10 16:11:41.073,22.6517118,114.5033567,200.1,9.9,-0.01,344.1,0.0,16.6,1116.6,5432.27,10.0,2.0,2.5,NR5G-SA,n79,-107,-107,-11,5,-87,15.7,C3228E001,568
2026-06-10 16:09:45.143,2026-06-10 16:11:41.473,22.6517334,114.5033501,200.1,10.0,-0.06,344.1,0.0,16.6,1114.1,5434.77,10.0,2.0,2.5,NR5G-SA,n79,-106,-106,-11,4,-86,9.5,C3228E001,568
2026-06-10 16:09:45.343,2026-06-10 16:11:41.673,22.6517550,114.5033434,200.1,9.9,-0.04,344.1,10.6,17.0,1111.6,5437.27,10.0,2.0,2.5,NR5G-SA,n79,-106,-106,-11,4,-86,6.9,C3228E001,568
2026-06-10 16:09:45.543,2026-06-10 16:11:41.873,22.6517766,114.5033368,200.1,10.0,-0.03,344.1,10.6,17.0,1109.1,5439.77,10.0,2.0,2.5,NR5G-SA,n79,-105,-105,-11,3,-85,4.7,C3228E001,568
2026-06-10 16:09:45.744,2026-06-10 16:11:41.873,22.6517981,114.5033301,200.1,9.9,-0.05,344.1,10.6,17.0,1106.6,5442.26,10.0,2.0,2.5,NR5G-SA,n79,-105,-105,-11,3,-85,11.6,C3228E001,568
2026-06-10 16:09:45.944,2026-06-10 16:11:42.073,22.6517981,114.5033301,200.1,9.9,-0.05,344.1,10.6,17.0,1106.6,5442.26,10.0,2.0,2.5,NR5G-SA,n79,-105,-105,-11,3,-85,19.8,C3228E001,568
2026-06-10 16:09:46.144,2026-06-10 16:11:42.473,22.6518197,114.5033233,200.1,9.9,0.00,344.2,10.6,17.0,1104.1,5444.76,10.0,2.0,2.5,NR5G-SA,n79,-109,-109,-11,3,-89,10.9,C3228E001,568
2026-06-10 16:09:46.344,2026-06-10 16:11:42.673,22.6518413,114.5033166,200.0,10.0,-0.03,344.2,0.0,18.5,1101.6,5447.27,10.0,2.0,2.5,NR5G-SA,n79,-109,-109,-11,3,-89,7.5,C3228E001,568
2026-06-10 16:09:46.545,2026-06-10 16:11:42.873,22.6518630,114.5033099,200.0,10.0,-0.02,344.2,0.0,18.5,1099.1,5449.78,10.0,2.0,2.5,NR5G-SA,n79,-109,-109,-11,3,-89,5.7,C3228E001,568
2026-06-10 16:09:46.745,2026-06-10 16:11:42.873,22.6518846,114.5033032,200.1,10.0,-0.04,344.3,0.0,18.5,1096.6,5452.28,10.0,2.0,2.5,NR5G-SA,n79,-106,-106,-11,4,-86,8.4,C3228E001,568
2026-06-10 16:09:46.946,2026-06-10 16:11:43.073,22.6518846,114.5033032,200.1,10.0,-0.04,344.3,0.0,18.5,1096.6,5452.28,10.0,2.0,2.5,NR5G-SA,n79,-106,-106,-11,4,-86,16.1,C3228E001,568
2026-06-10 16:09:47.146,2026-06-10 16:11:43.473,22.6519063,114.5032965,200.1,9.9,0.01,344.3,0.0,18.5,1094.1,5454.79,10.0,2.0,2.5,NR5G-SA,n79,-108,-108,-11,3,-88,9.8,C3228E001,568
2026-06-10 16:09:47.346,2026-06-10 16:11:43.673,22.6519278,114.5032898,200.1,10.0,-0.03,344.4,0.8,19.1,1091.6,5457.28,10.0,2.0,2.5,NR5G-SA,n79,-108,-108,-11,3,-88,5.8,C3228E001,568
2026-06-10 16:09:47.547,2026-06-10 16:11:43.873,22.6519494,114.5032831,200.1,9.9,-0.03,344.3,0.8,19.1,1089.1,5459.78,10.0,2.0,2.5,NR5G-SA,n79,-108,-108,-11,3,-88,4.5,C3228E001,568
2026-06-10 16:09:47.747,2026-06-10 16:11:43.873,22.6519709,114.5032764,200.1,10.0,-0.08,344.4,0.8,19.1,1086.6,5462.27,10.0,2.0,2.5,NR5G-SA,n79,-110,-110,-11,3,-90,7.6,C3228E001,568
2026-06-10 16:09:47.948,2026-06-10 16:11:44.073,22.6519709,114.5032764,200.1,10.0,-0.08,344.4,0.8,19.1,1086.6,5462.27,10.0,2.0,2.5,NR5G-SA,n79,-110,-110,-11,3,-90,13.6,C3228E001,568
2026-06-10 16:09:48.148,2026-06-10 16:11:44.473,22.6519924,114.5032698,200.1,10.0,-0.09,344.4,0.8,19.1,1084.1,5464.76,10.0,2.0,2.5,NR5G-SA,n79,-110,-110,-11,3,-90,9.0,C3228E001,568
2026-06-10 16:09:48.348,2026-06-10 16:11:44.673,22.6520139,114.5032631,200.0,9.9,-0.04,344.3,0.0,20.9,1081.6,5467.25,10.0,2.0,2.5,NR5G-SA,n79,-107,-107,-11,3,-87,5.9,C3228E001,568
2026-06-10 16:09:48.548,2026-06-10 16:11:44.873,22.6520354,114.5032565,200.0,9.9,-0.04,344.2,0.0,20.9,1079.1,5469.74,10.0,2.0,2.5,NR5G-SA,n79,-107,-107,-11,3,-87,4.9,C3228E001,568
2026-06-10 16:09:48.749,2026-06-10 16:11:44.873,22.6520571,114.5032498,200.0,10.0,-0.07,344.1,0.0,20.9,1076.6,5472.25,10.0,2.0,2.5,NR5G-SA,n79,-107,-107,-11,3,-87,8.6,C3228E001,568
2026-06-10 16:09:48.949,2026-06-10 16:11:45.073,22.6520571,114.5032498,200.0,10.0,-0.07,344.1,0.0,20.9,1076.6,5472.25,10.0,2.0,2.5,NR5G-SA,n79,-104,-104,-10,3,-84,15.8,C3228E001,568
2026-06-10 16:09:49.149,2026-06-10 16:11:45.473,22.6520786,114.5032431,200.0,10.0,-0.06,344.0,0.0,20.9,1074.1,5474.74,10.0,2.0,2.5,NR5G-SA,n79,-104,-104,-10,3,-84,10.2,C3228E001,568
2026-06-10 16:09:49.350,2026-06-10 16:11:45.673,22.6521002,114.5032364,200.0,10.0,-0.05,343.7,12.6,20.9,1071.6,5477.24,10.0,2.0,2.5,NR5G-SA,n79,-101,-101,-10,3,-81,7.1,C3228E001,568
2026-06-10 16:09:49.550,2026-06-10 16:11:45.873,22.6521218,114.5032296,200.0,9.9,-0.00,343.5,12.6,23.9,1069.1,5479.74,10.0,2.0,2.5,NR5G-SA,n79,-101,-101,-10,3,-81,5.2,C3228E001,568
2026-06-10 16:09:49.750,2026-06-10 16:11:45.873,22.6521433,114.5032228,200.0,10.0,-0.02,343.6,12.6,23.9,1066.6,5482.24,10.0,2.0,2.5,NR5G-SA,n79,-101,-101,-10,3,-81,7.2,C3228E001,568
2026-06-10 16:09:49.951,2026-06-10 16:11:46.073,22.6521649,114.5032160,200.0,10.0,-0.02,343.6,12.6,23.9,1064.1,5484.74,10.0,2.0,2.5,NR5G-SA,n79,-102,-102,-10,3,-82,14.2,C3228E001,568
2026-06-10 16:09:50.151,2026-06-10 16:11:46.473,22.6521649,114.5032160,200.0,10.0,-0.04,343.6,12.6,23.9,1064.1,5484.74,10.0,2.0,2.5,NR5G-SA,n79,-102,-102,-10,3,-82,9.9,C3228E001,568
2026-06-10 16:09:50.351,2026-06-10 16:11:46.673,22.6521865,114.5032093,200.0,10.0,-0.00,343.6,45.8,23.9,1061.6,5487.24,10.0,2.0,2.5,NR5G-SA,n79,-102,-102,-10,3,-82,4.9,C3228E001,568
2026-06-10 16:09:50.551,2026-06-10 16:11:46.873,22.6522082,114.5032026,200.0,10.0,-0.03,343.7,45.8,25.4,1059.1,5489.75,10.0,2.0,2.5,NR5G-SA,n79,-108,-108,-11,4,-88,4.2,C3228E001,568
2026-06-10 16:09:50.752,2026-06-10 16:11:46.873,22.6522298,114.5031958,200.0,9.9,0.02,343.7,45.8,25.4,1056.6,5492.26,10.0,2.0,2.5,NR5G-SA,n79,-108,-108,-11,4,-88,8.4,C3228E001,568
2026-06-10 16:09:50.952,2026-06-10 16:11:47.073,22.6522514,114.5031891,200.0,9.9,0.02,343.7,45.8,25.4,1054.1,5494.76,10.0,2.0,2.5,NR5G-SA,n79,-108,-108,-11,4,-88,14.7,C3228E001,568
2026-06-10 16:09:51.152,2026-06-10 16:11:47.473,22.6522514,114.5031891,200.0,10.0,-0.04,343.7,45.8,25.4,1054.1,5494.76,10.0,2.0,2.5,NR5G-SA,n79,-108,-108,-11,4,-88,11.3,C3228E001,568
2026-06-10 16:09:51.352,2026-06-10 16:11:47.673,22.6522731,114.5031825,200.0,9.9,0.03,343.8,22.4,25.4,1051.6,5497.27,10.0,2.0,2.5,NR5G-SA,n79,-108,-108,-11,4,-88,7.3,C3228E001,568
2026-06-10 16:09:51.553,2026-06-10 16:11:47.873,22.6522947,114.5031758,200.0,9.9,-0.00,343.9,22.4,25.5,1049.1,5499.77,10.0,2.0,2.5,NR5G-SA,n79,-104,-104,-10,4,-84,4.4,C3228E001,568
2026-06-10 16:09:51.753,2026-06-10 16:11:47.873,22.6523163,114.5031692,200.0,9.9,-0.04,343.9,22.4,25.5,1046.6,5502.27,10.0,2.0,2.5,NR5G-SA,n79,-104,-104,-10,4,-84,8.1,C3228E001,568
2026-06-10 16:09:51.953,2026-06-10 16:11:48.073,22.6523163,114.5031692,200.0,9.9,-0.04,343.9,22.4,25.5,1046.6,5502.27,10.0,2.0,2.5,NR5G-SA,n79,-104,-104,-10,4,-84,16.8,C3228E001,568
2026-06-10 16:09:52.154,2026-06-10 16:11:48.473,22.6523379,114.5031625,200.0,10.0,-0.03,343.9,22.4,25.5,1044.1,5504.77,10.0,2.0,2.5,NR5G-SA,n79,-105,-105,-11,4,-85,10.8,C3228E001,568
2026-06-10 16:09:52.354,2026-06-10 16:11:48.673,22.6523595,114.5031558,200.0,10.0,-0.00,343.9,40.1,25.5,1041.6,5507.27,10.0,2.0,2.5,NR5G-SA,n79,-105,-105,-11,4,-85,5.2,C3228E001,568
2026-06-10 16:09:52.554,2026-06-10 16:11:48.873,22.6523812,114.5031491,200.0,9.9,-0.01,343.8,40.1,24.7,1039.1,5509.78,10.0,2.0,2.5,NR5G-SA,n79,-105,-105,-11,4,-85,5.1,C3228E001,568
2026-06-10 16:09:52.754,2026-06-10 16:11:48.873,22.6524028,114.5031426,200.0,9.9,-0.00,343.9,40.1,24.7,1036.6,5512.28,10.0,2.0,2.5,NR5G-SA,n79,-105,-105,-11,3,-85,8.7,C3228E001,568
2026-06-10 16:09:52.955,2026-06-10 16:11:49.073,22.6524245,114.5031360,200.0,9.9,-0.00,344.0,40.1,24.7,1034.1,5514.79,10.0,2.0,2.5,NR5G-SA,n79,-105,-105,-11,3,-85,13.9,C3228E001,568
2026-06-10 16:09:53.155,2026-06-10 16:11:49.473,22.6524245,114.5031360,200.0,10.0,-0.05,344.0,40.1,24.7,1034.1,5514.79,10.0,2.0,2.5,NR5G-SA,n79,-105,-105,-11,3,-85,10.4,C3228E001,568
2026-06-10 16:09:53.355,2026-06-10 16:11:49.673,22.6524461,114.5031294,200.0,10.0,-0.03,344.0,28.5,24.7,1031.6,5517.28,10.0,2.0,2.5,NR5G-SA,n79,-106,-106,-11,4,-86,6.5,C3228E001,568
2026-06-10 16:09:53.556,2026-06-10 16:11:49.873,22.6524677,114.5031227,200.0,9.9,-0.01,344.0,28.5,24.7,1029.1,5519.79,10.0,2.0,2.5,NR5G-SA,n79,-106,-106,-11,4,-86,5.7,C3228E001,568
2026-06-10 16:09:53.756,2026-06-10 16:11:49.873,22.6524892,114.5031160,200.0,10.0,-0.00,343.9,28.5,24.7,1026.6,5522.28,10.0,2.0,2.5,NR5G-SA,n79,-106,-106,-11,4,-86,7.7,C3228E001,568
2026-06-10 16:09:53.956,2026-06-10 16:11:50.073,22.6525108,114.5031092,200.0,10.0,0.02,343.8,28.5,24.7,1024.1,5524.78,10.0,2.0,2.5,NR5G-SA,n79,-108,-108,-11,4,-88,13.4,C3228E001,568
2026-06-10 16:09:54.157,2026-06-10 16:11:50.473,22.6525108,114.5031092,200.0,10.0,0.02,343.8,28.5,24.7,1024.1,5524.78,10.0,2.0,2.5,NR5G-SA,n79,-108,-108,-11,4,-88,10.0,C3228E001,568
2026-06-10 16:09:54.357,2026-06-10 16:11:50.673,22.6525323,114.5031023,200.0,10.0,0.02,343.8,34.4,24.7,1021.6,5527.28,10.0,2.0,2.5,NR5G-SA,n79,-110,-110,-11,4,-90,5.1,C3228E001,568
2026-06-10 16:09:54.557,2026-06-10 16:11:50.873,22.6525539,114.5030954,200.0,9.9,0.02,343.8,34.4,22.6,1019.1,5529.78,10.0,2.0,2.5,NR5G-SA,n79,-110,-110,-11,4,-90,4.6,C3228E001,568
2026-06-10 16:09:54.757,2026-06-10 16:11:50.873,22.6525755,114.5030886,200.0,9.9,0.01,343.8,34.4,22.6,1016.6,5532.29,10.0,2.0,2.5,NR5G-SA,n79,-110,-110,-11,4,-90,6.9,C3228E001,568
2026-06-10 16:09:54.958,2026-06-10 16:11:51.073,22.6525970,114.5030820,200.0,9.9,0.02,343.9,34.4,22.6,1014.1,5534.77,10.0,2.0,2.5,NR5G-SA,n79,-103,-103,-10,5,-83,12.1,C3228E001,568
2026-06-10 16:09:55.158,2026-06-10 16:11:51.473,22.6525970,114.5030820,200.0,9.9,0.02,343.9,34.4,22.6,1014.1,5534.77,10.0,2.0,2.5,NR5G-SA,n79,-103,-103,-10,5,-83,9.3,C3228E001,568
2026-06-10 16:09:55.358,2026-06-10 16:11:51.673,22.6526186,114.5030754,200.0,9.9,-0.04,344.0,35.0,22.6,1011.6,5537.27,10.0,2.0,2.5,NR5G-SA,n79,-103,-103,-10,5,-83,5.8,C3228E001,568
2026-06-10 16:09:55.559,2026-06-10 16:11:51.873,22.6526401,114.5030688,200.0,9.9,0.05,344.0,35.0,21.1,1009.1,5539.76,10.0,2.0,2.5,NR5G-SA,n79,-95,-95,-10,6,-75,5.3,C3228E001,568
2026-06-10 16:09:55.759,2026-06-10 16:11:51.873,22.6526617,114.5030622,200.0,9.9,0.02,344.0,35.0,21.1,1006.6,5542.26,10.0,2.0,2.5,NR5G-SA,n79,-95,-95,-10,6,-75,7.4,C3228E001,568
2026-06-10 16:09:55.959,2026-06-10 16:11:52.073,22.6526832,114.5030556,200.0,10.0,-0.05,343.9,35.0,21.1,1004.1,5544.75,10.0,2.0,2.5,NR5G-SA,n79,-95,-95,-10,6,-75,10.9,C3228E001,568
2026-06-10 16:09:56.159,2026-06-10 16:11:52.473,22.6526832,114.5030556,200.0,10.0,-0.05,343.9,35.0,21.1,1004.1,5544.75,10.0,2.0,2.5,NR5G-SA,n79,-101,-101,-11,6,-81,10.6,C3228E001,568
2026-06-10 16:09:56.360,2026-06-10 16:11:52.673,22.6527048,114.5030490,200.0,10.0,0.00,343.9,27.8,21.1,1001.6,5547.24,10.0,2.0,2.5,NR5G-SA,n79,-101,-101,-11,6,-81,5.7,C3228E001,568
2026-06-10 16:09:56.560,2026-06-10 16:11:52.873,22.6527264,114.5030423,200.0,9.9,0.04,343.9,27.8,19.2,999.1,5549.75,10.0,2.0,2.5,NR5G-SA,n79,-105,-105,-11,5,-85,4.9,C3228E001,568
2026-06-10 16:09:56.760,2026-06-10 16:11:53.073,22.6527480,114.5030356,200.0,9.9,0.06,344.0,27.8,19.2,996.6,5552.25,10.0,2.0,2.5,NR5G-SA,n79,-105,-105,-11,5,-85,7.7,C3228E001,568
2026-06-10 16:09:56.961,2026-06-10 16:11:53.073,22.6527695,114.5030290,200.0,9.9,0.06,343.9,27.8,19.2,994.1,5554.73,10.0,2.0,2.5,NR5G-SA,n79,-105,-105,-11,5,-85,16.1,C3228E001,568
2026-06-10 16:09:57.161,2026-06-10 16:11:53.473,22.6527695,114.5030290,200.0,9.9,0.05,343.9,27.8,19.2,994.1,5554.73,10.0,2.0,2.5,NR5G-SA,n79,-100,-100,-10,5,-80,11.0,C3228E001,568
2026-06-10 16:09:57.361,2026-06-10 16:11:53.673,22.6527911,114.5030222,200.0,10.0,-0.00,343.8,40.6,19.2,991.6,5557.24,10.0,2.0,2.5,NR5G-SA,n79,-100,-100,-10,5,-80,6.6,C3228E001,568
2026-06-10 16:09:57.562,2026-06-10 16:11:53.873,22.6528126,114.5030154,200.0,10.0,0.02,343.8,40.6,19.2,989.1,5559.73,10.0,2.0,2.5,NR5G-SA,n79,-100,-100,-10,5,-80,5.0,C3228E001,568
2026-06-10 16:09:57.762,2026-06-10 16:11:53.873,22.6528342,114.5030085,200.0,9.9,0.00,343.8,40.6,20.8,986.6,5562.24,10.0,2.0,2.5,NR5G-SA,n79,-109,-109,-11,5,-89,7.3,C3228E001,568
2026-06-10 16:09:57.962,2026-06-10 16:11:54.073,22.6528559,114.5030017,200.0,9.9,0.04,343.7,40.6,20.8,984.1,5564.75,10.0,2.0,2.5,NR5G-SA,n79,-109,-109,-11,5,-89,14.0,C3228E001,568
2026-06-10 16:09:58.163,2026-06-10 16:11:54.473,22.6528559,114.5030017,200.0,9.9,0.04,343.7,40.6,20.8,984.1,5564.75,10.0,2.0,2.5,NR5G-SA,n79,-109,-109,-11,5,-89,7.9,C3228E001,568
2026-06-10 16:09:58.363,2026-06-10 16:11:54.673,22.6528774,114.5029950,200.0,10.0,0.01,343.8,40.6,20.8,981.6,5567.24,10.0,2.0,2.5,NR5G-SA,n79,-105,-105,-11,5,-85,6.5,C3228E001,568
2026-06-10 16:09:58.563,2026-06-10 16:11:54.873,22.6528990,114.5029883,200.0,10.0,-0.02,344.0,19.2,20.8,979.1,5569.74,10.0,2.0,2.5,NR5G-SA,n79,-105,-105,-11,5,-85,3.7,C3228E001,568
2026-06-10 16:09:58.764,2026-06-10 16:11:55.073,22.6529207,114.5029816,200.0,10.0,0.00,344.1,19.2,18.8,976.6,5572.26,10.0,2.0,2.5,NR5G-SA,n79,-108,-108,-11,5,-88,5.1,C3228E001,568
2026-06-10 16:09:58.964,2026-06-10 16:11:55.073,22.6529422,114.5029750,200.0,9.9,-0.00,344.1,19.2,18.8,974.1,5574.74,10.0,2.0,2.5,NR5G-SA,n79,-108,-108,-11,5,-88,9.6,C3228E001,568
2026-06-10 16:09:59.164,2026-06-10 16:11:55.473,22.6529422,114.5029750,200.0,9.9,-0.00,344.1,19.2,18.8,974.1,5574.74,10.0,2.0,2.5,NR5G-SA,n79,-108,-108,-11,5,-88,7.2,C3228E001,568
2026-06-10 16:09:59.365,2026-06-10 16:11:55.673,22.6529639,114.5029683,200.0,9.9,0.02,344.1,19.2,18.8,971.6,5577.26,10.0,2.0,2.5,NR5G-SA,n79,-102,-102,-10,5,-82,6.6,C3228E001,568
2026-06-10 16:09:59.565,2026-06-10 16:11:55.873,22.6529855,114.5029618,200.0,10.0,-0.06,344.2,0.0,18.8,969.1,5579.75,10.0,2.0,2.5,NR5G-SA,n79,-102,-102,-10,5,-82,5.3,C3228E001,568
2026-06-10 16:09:59.765,2026-06-10 16:11:55.873,22.6530070,114.5029551,200.0,9.9,-0.02,344.2,0.0,17.9,966.6,5582.24,10.0,2.0,2.5,NR5G-SA,n79,-102,-102,-10,5,-82,7.5,C3228E001,568
2026-06-10 16:09:59.966,2026-06-10 16:11:56.073,22.6530286,114.5029484,200.0,9.9,-0.00,344.2,0.0,17.9,964.1,5584.74,10.0,2.0,2.5,NR5G-SA,n79,-105,-105,-11,6,-85,11.2,C3228E001,568
2026-06-10 16:10:00.166,2026-06-10 16:11:56.473,22.6530286,114.5029484,200.0,9.9,-0.00,344.2,0.0,17.9,964.1,5584.74,10.0,2.0,2.5,NR5G-SA,n79,-105,-105,-11,6,-85,11.2,C3228E001,568
2026-06-10 16:10:00.366,2026-06-10 16:11:56.673,22.6530503,114.5029417,200.0,9.9,0.04,344.1,0.0,17.9,961.6,5587.25,10.0,2.0,2.5,NR5G-SA,n79,-105,-105,-11,6,-85,7.0,C3228E001,568
2026-06-10 16:10:00.567,2026-06-10 16:11:56.873,22.6530719,114.5029351,200.0,9.9,-0.01,344.1,8.7,17.9,959.1,5589.75,10.0,2.0,2.5,NR5G-SA,n79,-104,-104,-11,5,-84,5.1,C3228E001,568
2026-06-10 16:10:00.767,2026-06-10 16:11:57.073,22.6530935,114.5029284,200.0,10.0,0.05,344.1,8.7,17.8,956.6,5592.25,10.0,2.0,2.5,NR5G-SA,n79,-104,-104,-11,5,-84,6.3,C3228E001,568
2026-06-10 16:10:00.967,2026-06-10 16:11:57.073,22.6531150,114.5029217,200.0,10.0,-0.01,344.1,8.7,17.8,954.1,5594.74,10.0,2.0,2.5,NR5G-SA,n79,-99,-99,-10,6,-79,12.0,C3228E001,568
2026-06-10 16:10:01.168,2026-06-10 16:11:57.473,22.6531150,114.5029217,200.0,10.0,-0.01,344.1,8.7,17.8,954.1,5594.74,10.0,2.0,2.5,NR5G-SA,n79,-99,-99,-10,6,-79,10.0,C3228E001,568
2026-06-10 16:10:01.368,2026-06-10 16:11:57.673,22.6531366,114.5029149,200.0,10.0,0.03,344.1,8.7,17.8,951.6,5597.25,10.0,2.0,2.5,NR5G-SA,n79,-99,-99,-10,6,-79,5.0,C3228E001,568
2026-06-10 16:10:01.568,2026-06-10 16:11:57.873,22.6531582,114.5029082,200.0,10.0,0.01,344.1,0.0,17.8,949.1,5599.75,10.0,2.0,2.5,NR5G-SA,n79,-101,-101,-10,6,-81,6.1,C3228E001,568
2026-06-10 16:10:01.768,2026-06-10 16:11:58.073,22.6531799,114.5029015,200.0,9.9,0.00,344.1,0.0,19.7,946.6,5602.26,10.0,2.0,2.5,NR5G-SA,n79,-101,-101,-10,6,-81,5.3,C3228E001,568
2026-06-10 16:10:01.969,2026-06-10 16:11:58.073,22.6532015,114.5028949,200.1,9.9,0.02,344.0,0.0,19.7,944.1,5604.76,10.0,2.0,2.5,NR5G-SA,n79,-101,-101,-10,6,-81,11.8,C3228E001,568
2026-06-10 16:10:02.169,2026-06-10 16:11:58.473,22.6532015,114.5028949,200.1,9.9,0.02,344.0,0.0,19.7,944.1,5604.76,10.0,2.0,2.5,NR5G-SA,n79,-103,-103,-10,6,-83,11.5,C3228E001,568
2026-06-10 16:10:02.369,2026-06-10 16:11:58.673,22.6532231,114.5028882,200.1,10.0,-0.03,344.0,0.0,19.7,941.6,5607.26,10.0,2.0,2.5,NR5G-SA,n79,-103,-103,-10,6,-83,6.0,C3228E001,568
2026-06-10 16:10:02.569,2026-06-10 16:11:58.873,22.6532446,114.5028815,200.1,9.9,-0.02,344.0,3.8,19.7,939.1,5609.75,10.0,2.0,2.5,NR5G-SA,n79,-103,-103,-10,6,-83,4.8,C3228E001,568
2026-06-10 16:10:02.770,2026-06-10 16:11:59.073,22.6532661,114.5028749,200.0,9.9,0.00,344.1,3.8,19.1,936.6,5612.24,10.0,2.0,2.5,NR5G-SA,n79,-102,-102,-11,6,-82,7.2,C3228E001,568
2026-06-10 16:10:02.970,2026-06-10 16:11:59.073,22.6532877,114.5028682,200.0,10.0,-0.00,344.1,3.8,19.1,934.1,5614.74,10.0,2.0,2.5,NR5G-SA,n79,-102,-102,-11,6,-82,8.5,C3228E001,568
2026-06-10 16:10:03.170,2026-06-10 16:11:59.473,22.6532877,114.5028682,200.0,10.0,-0.00,344.1,3.8,19.1,934.1,5614.74,10.0,2.0,2.5,NR5G-SA,n79,-104,-104,-11,6,-84,10.1,C3228E001,568
2026-06-10 16:10:03.370,2026-06-10 16:11:59.673,22.6533094,114.5028617,200.0,10.0,-0.02,344.1,3.8,19.1,931.6,5617.24,10.0,2.0,2.5,NR5G-SA,n79,-104,-104,-11,6,-84,6.3,C3228E001,568
2026-06-10 16:10:03.571,2026-06-10 16:11:59.873,22.6533310,114.5028550,200.0,10.0,0.00,344.2,0.0,19.1,929.1,5619.75,10.0,2.0,2.5,NR5G-SA,n79,-104,-104,-11,6,-84,5.8,C3228E001,568
2026-06-10 16:10:03.771,2026-06-10 16:12:00.073,22.6533527,114.5028482,200.0,9.9,-0.03,344.2,0.0,19.2,926.6,5622.26,10.0,2.0,2.5,NR5G-SA,n79,-101,-101,-10,6,-81,5.5,C3228E001,568
2026-06-10 16:10:03.971,2026-06-10 16:12:00.073,22.6533742,114.5028415,200.0,9.9,-0.02,344.2,0.0,19.2,924.1,5624.75,10.0,2.0,2.5,NR5G-SA,n79,-101,-101,-10,6,-81,12.5,C3228E001,568
2026-06-10 16:10:04.172,2026-06-10 16:12:00.473,22.6533742,114.5028415,200.0,9.9,-0.02,344.2,0.0,19.2,924.1,5624.75,10.0,2.0,2.5,NR5G-SA,n79,-101,-101,-10,6,-81,10.7,C3228E001,568
2026-06-10 16:10:04.372,2026-06-10 16:12:00.673,22.6533958,114.5028348,200.0,9.9,-0.02,344.1,0.0,19.2,921.6,5627.25,10.0,2.0,2.5,NR5G-SA,n79,-107,-107,-11,6,-87,6.0,C3228E001,568
2026-06-10 16:10:04.573,2026-06-10 16:12:00.873,22.6534174,114.5028281,200.0,10.0,-0.01,344.2,15.6,19.2,919.1,5629.75,10.0,2.0,2.5,NR5G-SA,n79,-107,-107,-11,6,-87,4.9,C3228E001,568
2026-06-10 16:10:04.773,2026-06-10 16:12:01.073,22.6534389,114.5028214,200.0,9.9,-0.06,344.1,15.6,21.1,916.6,5632.24,10.0,2.0,2.5,NR5G-SA,n79,-107,-107,-11,6,-87,5.4,C3228E001,568
2026-06-10 16:10:04.973,2026-06-10 16:12:01.073,22.6534605,114.5028146,200.0,9.9,-0.00,344.1,15.6,21.1,914.1,5634.75,10.0,2.0,2.5,NR5G-SA,n79,-102,-102,-10,7,-82,11.8,C3228E001,568
2026-06-10 16:10:05.174,2026-06-10 16:12:01.473,22.6534605,114.5028146,200.0,9.9,-0.00,344.1,15.6,21.1,914.1,5634.75,10.0,2.0,2.5,NR5G-SA,n79,-102,-102,-10,7,-82,10.5,C3228E001,568
2026-06-10 16:10:05.374,2026-06-10 16:12:01.673,22.6534821,114.5028079,200.0,9.9,0.02,344.1,15.6,21.1,911.6,5637.25,10.0,2.0,2.5,NR5G-SA,n79,-102,-102,-11,8,-82,7.4,C3228E001,568
2026-06-10 16:10:05.574,2026-06-10 16:12:01.873,22.6535037,114.5028011,200.0,10.0,-0.03,344.1,43.0,21.1,909.1,5639.75,10.0,2.0,2.5,NR5G-SA,n79,-102,-102,-11,8,-82,5.5,C3228E001,568
2026-06-10 16:10:05.775,2026-06-10 16:12:02.073,22.6535253,114.5027944,200.0,9.9,-0.04,344.1,43.0,22.9,906.6,5642.25,10.0,2.0,2.5,NR5G-SA,n79,-102,-102,-11,8,-82,5.5,C3228E001,568
2026-06-10 16:10:05.975,2026-06-10 16:12:02.073,22.6535469,114.5027878,200.0,9.9,-0.01,344.1,43.0,22.9,904.1,5644.75,10.0,2.0,2.5,NR5G-SA,n79,-104,-104,-10,8,-84,9.4,C3228E001,568
2026-06-10 16:10:06.175,2026-06-10 16:12:02.473,22.6535469,114.5027878,200.0,9.9,-0.01,344.1,43.0,22.9,904.1,5644.75,10.0,2.0,2.5,NR5G-SA,n79,-104,-104,-10,8,-84,9.1,C3228E001,568
2026-06-10 16:10:06.376,2026-06-10 16:12:02.673,22.6535685,114.5027812,200.0,9.9,-0.02,344.1,43.0,22.9,901.6,5647.25,10.0,2.0,2.5,NR5G-SA,n79,-104,-104,-10,8,-84,5.3,C3228E001,568
2026-06-10 16:10:06.576,2026-06-10 16:12:02.873,22.6535901,114.5027745,200.0,9.9,0.02,344.1,24.4,22.9,899.1,5649.75,10.0,2.0,2.5,NR5G-SA,n79,-98,-98,-10,8,-78,5.1,C3228E001,568
2026-06-10 16:10:06.776,2026-06-10 16:12:03.073,22.6536118,114.5027678,200.0,9.9,-0.03,344.2,24.4,22.9,896.6,5652.26,10.0,2.0,2.5,NR5G-SA,n79,-98,-98,-10,8,-78,6.2,C3228E001,568
2026-06-10 16:10:06.977,2026-06-10 16:12:03.073,22.6536333,114.5027612,200.0,10.0,-0.05,344.2,24.4,21.9,894.1,5654.75,10.0,2.0,2.5,NR5G-SA,n79,-98,-98,-10,8,-78,11.7,C3228E001,568
2026-06-10 16:10:07.177,2026-06-10 16:12:03.473,22.6536333,114.5027612,200.0,10.0,-0.05,344.2,24.4,21.9,894.1,5654.75,10.0,2.0,2.5,NR5G-SA,n79,-101,-101,-11,8,-81,10.3,C3228E001,568
2026-06-10 16:10:07.378,2026-06-10 16:12:03.673,22.6536549,114.5027545,200.0,10.0,0.01,344.1,24.4,21.9,891.6,5657.25,10.0,2.0,2.5,NR5G-SA,n79,-101,-101,-11,8,-81,7.3,C3228E001,568
2026-06-10 16:10:07.578,2026-06-10 16:12:03.873,22.6536766,114.5027477,200.1,9.9,0.02,344.1,38.2,21.9,889.1,5659.77,10.0,2.0,2.5,NR5G-SA,n79,-100,-100,-10,8,-80,4.5,C3228E001,568
2026-06-10 16:10:07.778,2026-06-10 16:12:04.073,22.6536982,114.5027408,200.1,9.9,-0.04,343.9,38.2,21.9,886.6,5662.27,10.0,2.0,2.5,NR5G-SA,n79,-100,-100,-10,8,-80,6.2,C3228E001,568
2026-06-10 16:10:07.979,2026-06-10 16:12:04.073,22.6537198,114.5027340,200.0,9.9,-0.03,343.8,38.2,20.6,884.1,5664.78,10.0,2.0,2.5,NR5G-SA,n79,-100,-100,-10,8,-80,15.4,C3228E001,568
2026-06-10 16:10:08.179,2026-06-10 16:12:04.473,22.6537198,114.5027340,200.0,9.9,-0.03,343.8,38.2,20.6,884.1,5664.78,10.0,2.0,2.5,NR5G-SA,n79,-102,-102,-10,8,-82,11.3,C3228E001,568
2026-06-10 16:10:08.379,2026-06-10 16:12:04.673,22.6537414,114.5027272,200.0,10.0,-0.04,343.8,38.2,20.6,881.6,5667.28,10.0,2.0,2.5,NR5G-SA,n79,-102,-102,-10,8,-82,6.6,C3228E001,568
2026-06-10 16:10:08.580,2026-06-10 16:12:04.873,22.6537629,114.5027205,200.0,9.9,0.03,344.0,31.7,20.6,879.1,5669.77,10.0,2.0,2.5,NR5G-SA,n79,-102,-102,-10,8,-82,4.3,C3228E001,568
2026-06-10 16:10:08.780,2026-06-10 16:12:05.073,22.6537844,114.5027138,200.0,9.9,-0.02,344.0,31.7,20.6,876.6,5672.26,10.0,2.0,2.5,NR5G-SA,n79,-98,-98,-10,8,-78,4.4,C3228E001,568
2026-06-10 16:10:08.980,2026-06-10 16:12:05.073,22.6538061,114.5027070,200.0,10.0,-0.06,343.9,31.7,23.0,874.1,5674.78,10.0,2.0,2.5,NR5G-SA,n79,-98,-98,-10,8,-78,13.8,C3228E001,568
2026-06-10 16:10:09.181,2026-06-10 16:12:05.473,22.6538061,114.5027070,200.0,10.0,-0.06,343.9,31.7,23.0,874.1,5674.78,10.0,2.0,2.5,NR5G-SA,n79,-98,-98,-10,8,-78,11.3,C3228E001,568
2026-06-10 16:10:09.381,2026-06-10 16:12:05.673,22.6538276,114.5027004,200.0,9.9,0.00,343.9,31.7,23.0,871.6,5677.26,10.0,2.0,2.5,NR5G-SA,n79,-99,-99,-10,8,-79,7.4,C3228E001,568
2026-06-10 16:10:09.581,2026-06-10 16:12:05.873,22.6538491,114.5026937,200.0,9.9,-0.08,343.9,32.1,23.0,869.1,5679.75,10.0,2.0,2.5,NR5G-SA,n79,-99,-99,-10,8,-79,4.8,C3228E001,568
2026-06-10 16:10:09.782,2026-06-10 16:12:06.073,22.6538705,114.5026872,200.0,10.0,-0.06,343.9,32.1,23.0,866.6,5682.23,10.0,2.0,2.5,NR5G-SA,n79,-99,-99,-10,8,-79,6.3,C3228E001,568
2026-06-10 16:10:09.982,2026-06-10 16:12:06.073,22.6538921,114.5026807,200.0,9.9,-0.09,343.9,32.1,21.5,864.1,5684.72,10.0,2.0,2.5,NR5G-SA,n79,-104,-104,-11,8,-84,7.9,C3228E001,568
2026-06-10 16:10:10.182,2026-06-10 16:12:06.473,22.6538921,114.5026807,200.0,9.9,-0.09,343.9,32.1,21.5,864.1,5684.72,10.0,2.0,2.5,NR5G-SA,n79,-104,-104,-11,8,-84,10.3,C3228E001,568
2026-06-10 16:10:10.382,2026-06-10 16:12:06.673,22.6539138,114.5026740,200.0,10.0,-0.07,343.9,32.1,21.5,861.6,5687.24,10.0,2.0,2.5,NR5G-SA,n79,-105,-105,-11,8,-85,10.0,C3228E001,568
2026-06-10 16:10:10.583,2026-06-10 16:12:06.873,22.6539355,114.5026673,200.0,10.0,0.00,344.0,38.2,21.5,859.1,5689.75,10.0,2.0,2.5,NR5G-SA,n79,-105,-105,-11,8,-85,5.4,C3228E001,568
2026-06-10 16:10:10.783,2026-06-10 16:12:07.073,22.6539571,114.5026606,200.0,10.0,-0.01,344.0,38.2,21.5,856.6,5692.25,10.0,2.0,2.5,NR5G-SA,n79,-105,-105,-11,8,-85,4.3,C3228E001,568
2026-06-10 16:10:10.983,2026-06-10 16:12:07.073,22.6539787,114.5026539,200.0,9.9,0.02,344.1,38.2,19.2,854.1,5694.75,10.0,2.0,2.5,NR5G-SA,n79,-100,-100,-10,8,-80,13.5,C3228E001,568
2026-06-10 16:10:11.183,2026-06-10 16:12:07.473,22.6539787,114.5026539,200.0,9.9,0.02,344.1,38.2,19.2,854.1,5694.75,10.0,2.0,2.5,NR5G-SA,n79,-100,-100,-10,8,-80,10.3,C3228E001,568
2026-06-10 16:10:11.384,2026-06-10 16:12:07.673,22.6540003,114.5026471,200.0,9.9,0.02,344.0,38.2,19.2,851.6,5697.25,10.0,2.0,2.5,NR5G-SA,n79,-100,-100,-10,8,-80,6.2,C3228E001,568
2026-06-10 16:10:11.584,2026-06-10 16:12:07.873,22.6540218,114.5026404,200.0,9.9,0.00,343.9,24.7,19.2,849.1,5699.74,10.0,2.0,2.5,NR5G-SA,n79,-106,-106,-11,8,-86,5.3,C3228E001,568
2026-06-10 16:10:11.784,2026-06-10 16:12:08.073,22.6540432,114.5026336,200.0,9.9,0.03,344.0,24.7,19.2,846.6,5702.23,10.0,2.0,2.5,NR5G-SA,n79,-106,-106,-11,8,-86,6.0,C3228E001,568
2026-06-10 16:10:11.985,2026-06-10 16:12:08.073,22.6540647,114.5026270,200.0,9.9,0.02,344.1,24.7,18.9,844.2,5704.71,10.0,2.0,2.5,NR5G-SA,n79,-106,-106,-11,8,-86,11.1,C3228E001,568
2026-06-10 16:10:12.185,2026-06-10 16:12:08.473,22.6540647,114.5026270,200.0,9.9,0.02,344.1,24.7,18.9,844.2,5704.71,10.0,2.0,2.5,NR5G-SA,n79,-102,-102,-10,9,-82,9.5,C3228E001,568
2026-06-10 16:10:12.386,2026-06-10 16:12:08.673,22.6540862,114.5026204,200.0,9.9,-0.02,344.1,24.7,18.9,841.7,5707.20,10.0,2.0,2.5,NR5G-SA,n79,-102,-102,-10,9,-82,6.5,C3228E001,568
2026-06-10 16:10:12.586,2026-06-10 16:12:08.873,22.6541077,114.5026138,200.0,10.0,-0.04,344.0,43.3,18.9,839.2,5709.69,10.0,2.0,2.5,NR5G-SA,n79,-97,-97,-10,9,-77,6.1,C3228E001,568
2026-06-10 16:10:12.787,2026-06-10 16:12:09.073,22.6541293,114.5026071,200.0,9.9,0.01,344.1,43.3,18.9,836.7,5712.19,10.0,2.0,2.5,NR5G-SA,n79,-97,-97,-10,9,-77,7.9,C3228E001,568
2026-06-10 16:10:12.987,2026-06-10 16:12:09.073,22.6541510,114.5026003,200.0,10.0,-0.04,344.1,43.3,18.9,834.2,5714.70,10.0,2.0,2.5,NR5G-SA,n79,-97,-97,-10,9,-77,6.6,C3228E001,568
2026-06-10 16:10:13.187,2026-06-10 16:12:09.473,22.6541510,114.5026003,200.0,10.0,-0.04,344.1,43.3,18.9,834.2,5714.70,10.0,2.0,2.5,NR5G-SA,n79,-101,-101,-10,9,-81,8.1,C3228E001,568
2026-06-10 16:10:13.388,2026-06-10 16:12:09.673,22.6541726,114.5025936,200.0,10.0,0.01,344.1,43.3,18.9,831.7,5717.21,10.0,2.0,2.5,NR5G-SA,n79,-101,-101,-10,9,-81,7.9,C3228E001,568
2026-06-10 16:10:13.588,2026-06-10 16:12:09.873,22.6541941,114.5025869,200.0,10.0,-0.04,344.1,15.7,18.9,829.2,5719.70,10.0,2.0,2.5,NR5G-SA,n79,-101,-101,-10,9,-81,5.8,C3228E001,568
2026-06-10 16:10:13.788,2026-06-10 16:12:10.073,22.6542157,114.5025802,200.0,9.9,-0.01,344.1,15.7,18.9,826.7,5722.20,10.0,2.0,2.5,NR5G-SA,n79,-106,-106,-11,9,-86,5.2,C3228E001,568
2026-06-10 16:10:13.989,2026-06-10 16:12:10.073,22.6542373,114.5025736,200.0,9.9,0.00,344.0,15.7,16.9,824.2,5724.70,10.0,2.0,2.5,NR5G-SA,n79,-106,-106,-11,9,-86,7.5,C3228E001,568
2026-06-10 16:10:14.189,2026-06-10 16:12:10.473,22.6542373,114.5025736,200.0,9.9,0.00,344.0,15.7,16.9,824.2,5724.70,10.0,2.0,2.5,NR5G-SA,n79,-106,-106,-11,9,-86,9.1,C3228E001,568
2026-06-10 16:10:14.390,2026-06-10 16:12:10.673,22.6542589,114.5025670,200.0,9.9,0.02,343.9,15.7,16.9,821.7,5727.19,10.0,2.0,2.5,NR5G-SA,n79,-98,-98,-10,9,-78,8.0,C3228E001,568
2026-06-10 16:10:14.590,2026-06-10 16:12:10.873,22.6542806,114.5025603,200.0,9.9,0.04,344.0,0.0,16.9,819.2,5729.71,10.0,2.0,2.5,NR5G-SA,n79,-98,-98,-10,9,-78,5.1,C3228E001,568
2026-06-10 16:10:14.790,2026-06-10 16:12:11.073,22.6543022,114.5025536,200.0,10.0,-0.02,344.0,0.0,16.9,816.7,5732.21,10.0,2.0,2.5,NR5G-SA,n79,-98,-98,-10,9,-78,4.2,C3228E001,568
2026-06-10 16:10:14.990,2026-06-10 16:12:11.073,22.6543237,114.5025468,200.0,9.9,0.02,343.9,0.0,16.9,814.2,5734.70,10.0,2.0,2.5,NR5G-SA,n79,-98,-98,-10,9,-78,6.9,C3228E001,568
2026-06-10 16:10:15.191,2026-06-10 16:12:11.473,22.6543237,114.5025468,200.0,9.9,0.02,343.9,0.0,16.9,814.2,5734.70,10.0,2.0,2.5,NR5G-SA,n79,-98,-98,-10,9,-78,10.7,C3228E001,568
2026-06-10 16:10:15.391,2026-06-10 16:12:11.673,22.6543452,114.5025401,200.0,10.0,-0.05,343.8,0.0,16.9,811.7,5737.19,10.0,2.0,2.5,NR5G-SA,n79,-104,-104,-11,9,-84,9.6,C3228E001,568
2026-06-10 16:10:15.591,2026-06-10 16:12:11.873,22.6543668,114.5025334,200.0,10.0,-0.03,343.8,4.5,16.9,809.2,5739.69,10.0,2.0,2.5,NR5G-SA,n79,-104,-104,-11,9,-84,5.7,C3228E001,568
2026-06-10 16:10:15.791,2026-06-10 16:12:12.073,22.6543884,114.5025266,200.0,9.9,0.02,343.7,4.5,16.9,806.7,5742.20,10.0,2.0,2.5,NR5G-SA,n79,-104,-104,-11,9,-84,6.8,C3228E001,568
2026-06-10 16:10:15.992,2026-06-10 16:12:12.073,22.6544100,114.5025199,200.0,10.0,-0.01,343.7,4.5,16.9,804.2,5744.70,10.0,2.0,2.5,NR5G-SA,n79,-98,-98,-11,9,-78,7.8,C3228E001,568
2026-06-10 16:10:16.192,2026-06-10 16:12:12.473,22.6544100,114.5025199,200.0,10.0,-0.01,343.7,4.5,17.5,804.2,5744.70,10.0,2.0,2.5,NR5G-SA,n79,-98,-98,-11,9,-78,14.4,C3228E001,568
2026-06-10 16:10:16.392,2026-06-10 16:12:12.673,22.6544316,114.5025131,200.0,10.0,-0.02,343.7,4.5,17.5,801.7,5747.20,10.0,2.0,2.5,NR5G-SA,n79,-98,-98,-11,9,-78,8.9,C3228E001,568
2026-06-10 16:10:16.592,2026-06-10 16:12:12.873,22.6544533,114.5025064,200.0,10.0,0.01,343.7,0.0,17.5,799.2,5749.71,10.0,2.0,2.5,NR5G-SA,n79,-103,-103,-11,8,-83,3.9,C3228E001,568
2026-06-10 16:10:16.793,2026-06-10 16:12:13.073,22.6544749,114.5024998,200.0,10.0,-0.03,343.8,0.0,17.5,796.7,5752.21,10.0,2.0,2.5,NR5G-SA,n79,-103,-103,-11,8,-83,6.8,C3228E001,568
2026-06-10 16:10:16.993,2026-06-10 16:12:13.073,22.6544964,114.5024932,200.0,10.0,-0.02,343.8,0.0,17.5,794.2,5754.70,10.0,2.0,2.5,NR5G-SA,n79,-98,-98,-10,8,-78,7.0,C3228E001,568
2026-06-10 16:10:17.193,2026-06-10 16:12:13.473,22.6544964,114.5024932,200.0,10.0,-0.02,343.8,0.0,19.3,794.2,5754.70,10.0,2.0,2.5,NR5G-SA,n79,-98,-98,-10,8,-78,10.1,C3228E001,568
2026-06-10 16:10:17.394,2026-06-10 16:12:13.673,22.6545181,114.5024866,200.0,10.0,0.07,343.9,0.0,19.3,791.7,5757.21,10.0,2.0,2.5,NR5G-SA,n79,-98,-98,-10,8,-78,8.4,C3228E001,568
2026-06-10 16:10:17.594,2026-06-10 16:12:13.873,22.6545397,114.5024799,200.0,10.0,0.04,343.9,7.4,19.3,789.2,5759.71,10.0,2.0,2.5,NR5G-SA,n79,-100,-100,-10,8,-80,5.2,C3228E001,568
2026-06-10 16:10:17.794,2026-06-10 16:12:14.073,22.6545612,114.5024731,200.0,9.9,-0.01,343.9,7.4,19.3,786.7,5762.20,10.0,2.0,2.5,NR5G-SA,n79,-100,-100,-10,8,-80,6.6,C3228E001,568
2026-06-10 16:10:17.994,2026-06-10 16:12:14.073,22.6545828,114.5024664,200.0,10.0,-0.04,343.9,7.4,19.3,784.2,5764.70,10.0,2.0,2.5,NR5G-SA,n79,-100,-100,-10,8,-80,6.7,C3228E001,568
2026-06-10 16:10:18.195,2026-06-10 16:12:14.473,22.6546044,114.5024597,200.0,10.0,-0.04,343.7,7.4,19.2,781.7,5767.20,10.0,2.0,2.5,NR5G-SA,n79,-106,-106,-11,8,-86,13.0,C3228E001,568
2026-06-10 16:10:18.395,2026-06-10 16:12:14.673,22.6546044,114.5024597,200.0,9.9,0.02,343.7,7.4,19.2,781.7,5767.20,10.0,2.0,2.5,NR5G-SA,n79,-106,-106,-11,8,-86,8.1,C3228E001,568
2026-06-10 16:10:18.596,2026-06-10 16:12:14.873,22.6546261,114.5024529,200.0,10.0,0.02,343.6,0.0,19.2,779.2,5769.72,10.0,2.0,2.5,NR5G-SA,n79,-106,-106,-11,8,-86,4.7,C3228E001,568
2026-06-10 16:10:18.796,2026-06-10 16:12:15.073,22.6546478,114.5024462,200.0,10.0,0.00,343.6,0.0,19.2,776.6,5772.23,10.0,2.0,2.5,NR5G-SA,n79,-98,-98,-10,8,-78,5.1,C3228E001,568
2026-06-10 16:10:18.996,2026-06-10 16:12:15.073,22.6546694,114.5024395,200.0,9.9,0.00,343.5,0.0,19.2,774.1,5774.73,10.0,2.0,2.5,NR5G-SA,n79,-98,-98,-10,8,-78,8.0,C3228E001,568
2026-06-10 16:10:19.197,2026-06-10 16:12:15.473,22.6546694,114.5024395,200.0,9.9,0.00,343.5,0.0,18.9,774.1,5774.73,10.0,2.0,2.5,NR5G-SA,n79,-101,-101,-11,8,-81,13.3,C3228E001,568
2026-06-10 16:10:19.397,2026-06-10 16:12:15.673,22.6546909,114.5024328,200.0,9.9,0.01,343.5,0.0,18.9,771.6,5777.22,10.0,2.0,2.5,NR5G-SA,n79,-101,-101,-11,8,-81,9.2,C3228E001,568
2026-06-10 16:10:19.597,2026-06-10 16:12:15.873,22.6547125,114.5024261,200.0,10.0,0.01,343.6,18.2,18.9,769.1,5779.72,10.0,2.0,2.5,NR5G-SA,n79,-101,-101,-11,8,-81,4.7,C3228E001,568
2026-06-10 16:10:19.797,2026-06-10 16:12:16.073,22.6547341,114.5024194,200.0,9.9,0.02,343.7,18.2,18.9,766.6,5782.22,10.0,2.0,2.5,NR5G-SA,n79,-103,-103,-11,8,-83,6.1,C3228E001,568
2026-06-10 16:10:19.998,2026-06-10 16:12:16.473,22.6547556,114.5024127,200.0,9.9,0.02,343.8,18.2,18.9,764.2,5784.71,10.0,2.0,2.5,NR5G-SA,n79,-103,-103,-11,8,-83,5.7,C3228E001,568
2026-06-10 16:10:20.198,2026-06-10 16:12:16.473,22.6547556,114.5024127,200.0,9.9,0.02,343.8,18.2,19.4,764.2,5784.71,10.0,2.0,2.5,NR5G-SA,n79,-103,-103,-11,8,-83,15.0,C3228E001,568
2026-06-10 16:10:20.399,2026-06-10 16:12:16.673,22.6547772,114.5024061,200.0,9.9,-0.01,344.0,18.2,19.4,761.7,5787.21,10.0,2.0,2.5,NR5G-SA,n79,-98,-98,-10,8,-78,9.4,C3228E001,568
2026-06-10 16:10:20.599,2026-06-10 16:12:16.873,22.6547989,114.5023995,200.0,10.0,-0.01,344.1,41.9,19.4,759.1,5789.72,10.0,2.0,2.5,NR5G-SA,n79,-98,-98,-10,8,-78,5.3,C3228E001,568
2026-06-10 16:10:20.799,2026-06-10 16:12:17.073,22.6548206,114.5023929,200.0,10.0,-0.01,344.1,41.9,19.4,756.6,5792.23,10.0,2.0,2.5,NR5G-SA,n79,-98,-98,-10,8,-78,6.5,C3228E001,568
2026-06-10 16:10:20.999,2026-06-10 16:12:17.073,22.6548422,114.5023863,200.0,10.0,0.01,344.1,41.9,19.4,754.1,5794.73,10.0,2.0,2.5,NR5G-SA,n79,-101,-101,-11,8,-81,11.3,C3228E001,568
2026-06-10 16:10:21.200,2026-06-10 16:12:17.473,22.6548422,114.5023863,200.0,10.0,0.01,344.1,41.9,19.0,754.1,5794.73,10.0,2.0,2.5,NR5G-SA,n79,-101,-101,-11,8,-81,13.6,C3228E001,568
2026-06-10 16:10:21.400,2026-06-10 16:12:17.673,22.6548639,114.5023796,200.0,10.0,0.02,344.1,41.9,19.0,751.6,5797.24,10.0,2.0,2.5,NR5G-SA,n79,-99,-99,-11,8,-79,10.5,C3228E001,568
2026-06-10 16:10:21.601,2026-06-10 16:12:17.873,22.6548855,114.5023729,200.0,10.0,-0.01,344.2,27.2,19.0,749.1,5799.74,10.0,2.0,2.5,NR5G-SA,n79,-99,-99,-11,8,-79,5.1,C3228E001,568
2026-06-10 16:10:21.801,2026-06-10 16:12:18.073,22.6549071,114.5023661,200.0,10.0,-0.04,344.1,27.2,19.0,746.6,5802.24,10.0,2.0,2.5,NR5G-SA,n79,-99,-99,-11,8,-79,6.5,C3228E001,568
2026-06-10 16:10:22.001,2026-06-10 16:12:18.473,22.6549288,114.5023593,200.0,10.0,-0.02,344.0,27.2,19.0,744.1,5804.76,10.0,2.0,2.5,NR5G-SA,n79,-101,-101,-11,8,-81,5.5,C3228E001,568
2026-06-10 16:10:22.202,2026-06-10 16:12:18.473,22.6549505,114.5023525,200.0,10.0,-0.02,343.9,27.2,17.6,741.6,5807.27,10.0,2.0,2.5,NR5G-SA,n79,-101,-101,-11,8,-81,14.9,C3228E001,568
2026-06-10 16:10:22.402,2026-06-10 16:12:18.673,22.6549505,114.5023525,200.0,10.0,0.01,343.9,27.2,17.6,741.6,5807.27,10.0,2.0,2.5,NR5G-SA,n79,-101,-101,-11,8,-81,9.2,C3228E001,568
2026-06-10 16:10:22.602,2026-06-10 16:12:18.873,22.6549721,114.5023458,200.0,9.9,0.03,343.8,35.6,17.6,739.1,5809.78,10.0,2.0,2.5,NR5G-SA,n79,-98,-98,-11,8,-78,5.5,C3228E001,568
2026-06-10 16:10:22.803,2026-06-10 16:12:19.073,22.6549938,114.5023390,200.0,9.9,-0.02,343.6,35.6,17.6,736.6,5812.29,10.0,2.0,2.5,NR5G-SA,n79,-98,-98,-11,8,-78,7.2,C3228E001,568
2026-06-10 16:10:23.003,2026-06-10 16:12:19.073,22.6550154,114.5023323,200.0,9.9,-0.04,343.6,35.6,17.6,734.1,5814.79,10.0,2.0,2.5,NR5G-SA,n79,-98,-98,-11,8,-78,8.9,C3228E001,568
2026-06-10 16:10:23.203,2026-06-10 16:12:19.473,22.6550369,114.5023257,200.0,10.0,-0.04,343.7,35.6,18.1,731.6,5817.28,10.0,2.0,2.5,NR5G-SA,n79,-97,-97,-10,8,-77,12.3,C3228E001,568
2026-06-10 16:10:23.404,2026-06-10 16:12:19.673,22.6550369,114.5023257,200.0,10.0,-0.04,343.7,35.6,18.1,731.6,5817.28,10.0,2.0,2.5,NR5G-SA,n79,-97,-97,-10,8,-77,10.5,C3228E001,568
2026-06-10 16:10:23.604,2026-06-10 16:12:19.873,22.6550585,114.5023191,200.0,10.0,-0.03,343.7,34.2,18.1,729.1,5819.78,10.0,2.0,2.5,NR5G-SA,n79,-97,-97,-11,7,-77,5.8,C3228E001,568
2026-06-10 16:10:23.804,2026-06-10 16:12:20.073,22.6550801,114.5023125,200.0,9.9,0.02,343.6,34.2,18.1,726.6,5822.27,10.0,2.0,2.5,NR5G-SA,n79,-97,-97,-11,7,-77,5.5,C3228E001,568
2026-06-10 16:10:24.005,2026-06-10 16:12:20.473,22.6551017,114.5023059,200.0,10.0,-0.04,343.6,34.2,18.1,724.1,5824.77,10.0,2.0,2.5,NR5G-SA,n79,-97,-97,-11,7,-77,7.1,C3228E001,568
2026-06-10 16:10:24.205,2026-06-10 16:12:20.473,22.6551233,114.5022993,200.0,10.0,-0.04,343.7,34.2,19.1,721.6,5827.27,10.0,2.0,2.5,NR5G-SA,n79,-100,-100,-11,6,-80,11.8,C3228E001,568
2026-06-10 16:10:24.405,2026-06-10 16:12:20.673,22.6551233,114.5022993,200.0,9.9,0.00,343.7,34.2,19.1,721.6,5827.27,10.0,2.0,2.5,NR5G-SA,n79,-100,-100,-11,6,-80,8.0,C3228E001,568
2026-06-10 16:10:24.605,2026-06-10 16:12:20.873,22.6551449,114.5022926,200.0,10.0,-0.03,343.7,34.2,19.1,719.1,5829.77,10.0,2.0,2.5,NR5G-SA,n79,-100,-100,-11,6,-80,5.8,C3228E001,568
2026-06-10 16:10:24.806,2026-06-10 16:12:21.073,22.6551665,114.5022859,200.0,9.9,0.01,343.7,100.0,19.1,716.6,5832.27,10.0,2.0,2.5,NR5G-SA,n79,-96,-96,-11,19,-76,8.4,C3228E001,568
2026-06-10 16:10:25.006,2026-06-10 16:12:21.473,22.6551881,114.5022792,200.0,10.0,-0.03,343.7,100.0,19.1,714.1,5834.77,10.0,2.0,2.5,NR5G-SA,n79,-96,-96,-11,19,-76,5.4,C3228E001,568
2026-06-10 16:10:25.206,2026-06-10 16:12:21.473,22.6552097,114.5022726,200.0,9.9,-0.02,343.8,100.0,17.6,711.6,5837.27,10.0,2.0,2.5,NR5G-SA,n79,-96,-96,-11,19,-76,12.7,C3228E001,568
2026-06-10 16:10:25.406,2026-06-10 16:12:21.673,22.6552097,114.5022726,200.0,9.9,-0.02,343.8,100.0,17.6,711.6,5837.27,10.0,2.0,2.5,NR5G-SA,n79,-101,-101,-11,19,-81,9.4,C3228E001,568
2026-06-10 16:10:25.607,2026-06-10 16:12:21.873,22.6552313,114.5022659,200.0,9.9,-0.01,343.8,0.0,17.6,709.1,5839.77,10.0,2.0,2.5,NR5G-SA,n79,-101,-101,-11,19,-81,6.3,C3228E001,568
2026-06-10 16:10:25.807,2026-06-10 16:12:22.073,22.6552528,114.5022592,200.0,10.0,-0.04,343.8,0.0,17.6,706.6,5842.26,10.0,2.0,2.5,NR5G-SA,n79,-101,-101,-11,19,-81,5.6,C3228E001,568
2026-06-10 16:10:26.007,2026-06-10 16:12:22.073,22.6552744,114.5022525,200.0,9.9,0.00,343.8,0.0,17.6,704.1,5844.77,10.0,2.0,2.5,NR5G-SA,n79,-98,-98,-11,20,-78,8.0,C3228E001,568
2026-06-10 16:10:26.208,2026-06-10 16:12:22.473,22.6552960,114.5022457,200.0,10.0,-0.02,343.9,0.0,17.6,701.6,5847.27,10.0,2.0,2.5,NR5G-SA,n79,-98,-98,-11,20,-78,11.4,C3228E001,568
2026-06-10 16:10:26.408,2026-06-10 16:12:22.673,22.6552960,114.5022457,200.0,10.0,-0.02,343.9,0.0,17.7,701.6,5847.27,10.0,2.0,2.5,NR5G-SA,n79,-98,-98,-11,20,-78,10.5,C3228E001,568
2026-06-10 16:10:26.608,2026-06-10 16:12:22.873,22.6553176,114.5022390,200.0,9.9,0.05,343.9,49.6,17.7,699.1,5849.77,10.0,2.0,2.5,NR5G-SA,n79,-98,-98,-11,20,-78,4.8,C3228E001,568
2026-06-10 16:10:26.808,2026-06-10 16:12:23.073,22.6553392,114.5022322,200.0,10.0,0.02,343.9,49.6,17.7,696.6,5852.27,10.0,2.0,2.5,NR5G-SA,n79,-98,-98,-11,20,-78,6.8,C3228E001,568
2026-06-10 16:10:27.008,2026-06-10 16:12:23.073,22.6553608,114.5022255,200.0,9.9,0.05,343.8,49.6,17.7,694.1,5854.78,10.0,2.0,2.5,NR5G-SA,n79,-100,-100,-11,20,-80,10.8,C3228E001,568
2026-06-10 16:10:27.209,2026-06-10 16:12:23.473,22.6553824,114.5022188,200.0,10.0,0.04,343.9,49.6,17.7,691.6,5857.28,10.0,2.0,2.5,NR5G-SA,n79,-100,-100,-11,20,-80,9.4,C3228E001,568
2026-06-10 16:10:27.409,2026-06-10 16:12:23.673,22.6553824,114.5022188,200.0,10.0,0.04,343.9,49.6,19.2,691.6,5857.28,10.0,2.0,2.5,NR5G-SA,n79,-100,-100,-11,20,-80,8.5,C3228E001,568
2026-06-10 16:10:27.609,2026-06-10 16:12:23.873,22.6554041,114.5022122,200.0,9.9,0.02,343.9,0.0,19.2,689.1,5859.79,10.0,2.0,2.5,NR5G-SA,n79,-99,-99,-11,21,-79,5.4,C3228E001,568
2026-06-10 16:10:27.810,2026-06-10 16:12:24.073,22.6554258,114.5022055,200.0,10.0,-0.07,344.0,0.0,19.2,686.6,5862.30,10.0,2.0,2.5,NR5G-SA,n79,-99,-99,-11,21,-79,6.8,C3228E001,568
2026-06-10 16:10:28.010,2026-06-10 16:12:24.473,22.6554475,114.5021988,200.0,9.9,-0.05,344.0,0.0,19.2,684.1,5864.81,10.0,2.0,2.5,NR5G-SA,n79,-99,-99,-11,21,-79,9.5,C3228E001,568
2026-06-10 16:10:28.210,2026-06-10 16:12:24.473,22.6554691,114.5021921,200.0,9.9,-0.01,343.9,0.0,19.2,681.6,5867.31,10.0,2.0,2.5,NR5G-SA,n79,-97,-97,-11,20,-77,12.4,C3228E001,568
2026-06-10 16:10:28.410,2026-06-10 16:12:24.673,22.6554691,114.5021921,200.0,9.9,-0.01,343.9,0.0,20.4,681.6,5867.31,10.0,2.0,2.5,NR5G-SA,n79,-97,-97,-11,20,-77,10.7,C3228E001,568
2026-06-10 16:10:28.611,2026-06-10 16:12:24.873,22.6554906,114.5021853,200.0,9.9,0.01,344.0,0.0,20.4,679.1,5869.80,10.0,2.0,2.5,NR5G-SA,n79,-97,-97,-10,9,-77,4.8,C3228E001,568
2026-06-10 16:10:28.811,2026-06-10 16:12:25.073,22.6555121,114.5021786,200.0,10.0,-0.02,343.9,13.8,20.4,676.6,5872.29,10.0,2.0,2.5,NR5G-SA,n79,-97,-97,-10,9,-77,6.2,C3228E001,568
2026-06-10 16:10:29.012,2026-06-10 16:12:25.473,22.6555337,114.5021720,200.0,10.0,0.01,343.9,13.8,20.4,674.1,5874.79,10.0,2.0,2.5,NR5G-SA,n79,-97,-97,-10,9,-77,5.3,C3228E001,568
2026-06-10 16:10:29.212,2026-06-10 16:12:25.473,22.6555553,114.5021655,200.0,10.0,0.04,343.9,13.8,20.4,671.6,5877.29,10.0,2.0,2.5,NR5G-SA,n79,-101,-101,-11,9,-81,11.6,C3228E001,568
2026-06-10 16:10:29.412,2026-06-10 16:12:25.673,22.6555553,114.5021655,200.0,10.0,0.04,343.9,13.8,21.8,671.6,5877.29,10.0,2.0,2.5,NR5G-SA,n79,-101,-101,-11,9,-81,10.5,C3228E001,568
2026-06-10 16:10:29.613,2026-06-10 16:12:25.873,22.6555768,114.5021590,200.0,10.0,0.03,344.0,13.8,21.8,669.1,5879.77,10.0,2.0,2.5,NR5G-SA,n79,-101,-101,-11,9,-81,7.0,C3228E001,568
2026-06-10 16:10:29.813,2026-06-10 16:12:26.073,22.6555983,114.5021523,200.0,9.9,-0.02,344.0,2.3,21.8,666.6,5882.26,10.0,2.0,2.5,NR5G-SA,n79,-98,-98,-10,9,-78,5.5,C3228E001,568
2026-06-10 16:10:30.013,2026-06-10 16:12:26.473,22.6556198,114.5021455,200.0,10.0,-0.01,344.0,2.3,21.8,664.1,5884.76,10.0,2.0,2.5,NR5G-SA,n79,-98,-98,-10,9,-78,8.9,C3228E001,568
2026-06-10 16:10:30.214,2026-06-10 16:12:26.473,22.6556415,114.5021386,200.0,10.0,-0.02,344.0,2.3,21.8,661.6,5887.27,10.0,2.0,2.5,NR5G-SA,n79,-98,-98,-10,9,-78,11.5,C3228E001,568
2026-06-10 16:10:30.414,2026-06-10 16:12:26.673,22.6556415,114.5021386,200.0,10.0,-0.02,344.0,2.3,23.6,661.6,5887.27,10.0,2.0,2.5,NR5G-SA,n79,-98,-98,-10,10,-78,9.1,C3228E001,568
2026-06-10 16:10:30.614,2026-06-10 16:12:26.873,22.6556631,114.5021317,200.0,10.0,-0.01,343.9,2.3,23.6,659.1,5889.78,10.0,2.0,2.5,NR5G-SA,n79,-98,-98,-10,10,-78,6.2,C3228E001,568
2026-06-10 16:10:30.814,2026-06-10 16:12:27.073,22.6556849,114.5021249,200.0,10.0,0.01,343.8,0.0,23.6,656.6,5892.31,10.0,2.0,2.5,NR5G-SA,n79,-95,-95,-10,11,-75,5.2,C3228E001,568
2026-06-10 16:10:31.015,2026-06-10 16:12:27.473,22.6557066,114.5021181,200.0,9.9,0.04,343.7,0.0,23.6,654.1,5894.82,10.0,2.0,2.5,NR5G-SA,n79,-95,-95,-10,11,-75,5.7,C3228E001,568
2026-06-10 16:10:31.215,2026-06-10 16:12:27.473,22.6557282,114.5021114,200.0,10.0,0.02,343.7,0.0,23.6,651.6,5897.32,10.0,2.0,2.5,NR5G-SA,n79,-95,-95,-10,11,-75,13.2,C3228E001,568
2026-06-10 16:10:31.415,2026-06-10 16:12:27.673,22.6557282,114.5021114,200.0,10.0,0.02,343.7,0.0,23.8,651.6,5897.32,10.0,2.0,2.5,NR5G-SA,n79,-96,-96,-10,11,-76,9.5,C3228E001,568
2026-06-10 16:10:31.615,2026-06-10 16:12:27.873,22.6557497,114.5021047,200.0,10.0,0.03,343.7,0.0,23.8,649.1,5899.81,10.0,2.0,2.5,NR5G-SA,n79,-96,-96,-10,11,-76,4.8,C3228E001,568
2026-06-10 16:10:31.816,2026-06-10 16:12:28.073,22.6557714,114.5020980,200.0,10.0,-0.01,343.7,11.3,23.8,646.5,5902.32,10.0,2.0,2.5,NR5G-SA,n79,-96,-96,-10,11,-76,6.8,C3228E001,568
2026-06-10 16:10:32.016,2026-06-10 16:12:28.473,22.6557930,114.5020914,200.0,9.9,0.06,343.8,11.3,23.8,644.0,5904.82,10.0,2.0,2.5,NR5G-SA,n79,-96,-96,-10,10,-76,5.3,C3228E001,568
2026-06-10 16:10:32.216,2026-06-10 16:12:28.473,22.6558146,114.5020848,200.0,9.9,0.01,343.9,11.3,23.8,641.6,5907.32,10.0,2.0,2.5,NR5G-SA,n79,-96,-96,-10,10,-76,11.0,C3228E001,568
2026-06-10 16:10:32.417,2026-06-10 16:12:28.673,22.6558146,114.5020848,200.0,9.9,0.01,343.9,11.3,21.9,641.6,5907.32,10.0,2.0,2.5,NR5G-SA,n79,-96,-96,-10,10,-76,8.9,C3228E001,568
2026-06-10 16:10:32.617,2026-06-10 16:12:28.873,22.6558362,114.5020781,200.0,10.0,-0.01,343.9,11.3,21.9,639.1,5909.82,10.0,2.0,2.5,NR5G-SA,n79,-96,-96,-10,10,-76,5.3,C3228E001,568
2026-06-10 16:10:32.818,2026-06-10 16:12:29.073,22.6558579,114.5020713,200.0,9.9,0.05,343.9,0.0,21.9,636.5,5912.34,10.0,2.0,2.5,NR5G-SA,n79,-96,-96,-10,10,-76,7.4,C3228E001,568
2026-06-10 16:10:33.018,2026-06-10 16:12:29.473,22.6558795,114.5020646,200.0,10.0,-0.01,343.8,0.0,21.9,634.0,5914.84,10.0,2.0,2.5,NR5G-SA,n79,-94,-94,-10,10,-74,9.6,C3228E001,568
2026-06-10 16:10:33.218,2026-06-10 16:12:29.473,22.6559011,114.5020579,200.0,10.0,-0.03,343.8,0.0,21.9,631.5,5917.34,10.0,2.0,2.5,NR5G-SA,n79,-94,-94,-10,10,-74,10.7,C3228E001,568
2026-06-10 16:10:33.418,2026-06-10 16:12:29.673,22.6559011,114.5020579,200.0,10.0,-0.03,343.8,0.0,21.2,631.5,5917.34,10.0,2.0,2.5,NR5G-SA,n79,-94,-94,-10,10,-74,8.7,C3228E001,568
2026-06-10 16:10:33.619,2026-06-10 16:12:29.873,22.6559227,114.5020511,200.0,9.9,0.02,343.8,0.0,21.2,629.0,5919.84,10.0,2.0,2.5,NR5G-SA,n79,-94,-94,-10,10,-74,5.3,C3228E001,568
2026-06-10 16:10:33.819,2026-06-10 16:12:30.073,22.6559443,114.5020444,200.0,10.0,-0.01,343.7,20.3,21.2,626.5,5922.34,10.0,2.0,2.5,NR5G-SA,n79,-94,-94,-10,10,-74,7.0,C3228E001,568
2026-06-10 16:10:34.019,2026-06-10 16:12:30.473,22.6559657,114.5020378,200.0,9.9,0.04,343.7,20.3,21.2,624.1,5924.82,10.0,2.0,2.5,NR5G-SA,n79,-99,-99,-11,12,-79,8.0,C3228E001,568
2026-06-10 16:10:34.220,2026-06-10 16:12:30.473,22.6559872,114.5020311,200.0,9.9,0.05,343.9,20.3,21.2,621.6,5927.31,10.0,2.0,2.5,NR5G-SA,n79,-98,-98,-11,12,-78,11.2,C3228E001,568
2026-06-10 16:10:34.420,2026-06-10 16:12:30.673,22.6559872,114.5020311,200.0,9.9,0.05,343.9,20.3,21.2,621.6,5927.31,10.0,2.0,2.5,NR5G-SA,n79,-98,-98,-11,12,-78,9.7,C3228E001,568
2026-06-10 16:10:34.620,2026-06-10 16:12:30.873,22.6560087,114.5020245,200.0,9.9,0.00,343.9,20.3,22.4,619.1,5929.80,10.0,2.0,2.5,NR5G-SA,n79,-98,-98,-11,12,-78,6.3,C3228E001,568
2026-06-10 16:10:34.820,2026-06-10 16:12:31.073,22.6560304,114.5020178,200.0,10.0,-0.03,343.9,40.4,22.4,616.6,5932.31,10.0,2.0,2.5,NR5G-SA,n79,-96,-96,-10,21,-76,4.8,C3228E001,568
2026-06-10 16:10:35.021,2026-06-10 16:12:31.473,22.6560521,114.5020112,200.0,10.0,0.02,344.0,40.4,22.4,614.1,5934.82,10.0,2.0,2.5,NR5G-SA,n79,-96,-96,-10,21,-76,6.1,C3228E001,568
2026-06-10 16:10:35.221,2026-06-10 16:12:31.473,22.6560738,114.5020046,200.0,9.9,0.02,344.2,40.4,22.4,611.5,5937.33,10.0,2.0,2.5,NR5G-SA,n79,-95,-95,-10,20,-75,10.5,C3228E001,568
2026-06-10 16:10:35.421,2026-06-10 16:12:31.673,22.6560738,114.5020046,200.0,9.9,0.02,344.2,40.4,22.4,611.5,5937.33,10.0,2.0,2.5,NR5G-SA,n79,-95,-95,-10,20,-75,10.4,C3228E001,568
2026-06-10 16:10:35.621,2026-06-10 16:12:31.873,22.6560955,114.5019978,200.0,10.0,-0.02,344.2,40.4,21.2,609.0,5939.84,10.0,2.0,2.5,NR5G-SA,n79,-95,-95,-10,20,-75,6.0,C3228E001,568
2026-06-10 16:10:35.822,2026-06-10 16:12:32.073,22.6561170,114.5019911,200.0,9.9,0.02,344.1,28.6,21.2,606.5,5942.33,10.0,2.0,2.5,NR5G-SA,n79,-100,-100,-10,19,-80,7.0,C3228E001,568
2026-06-10 16:10:36.022,2026-06-10 16:12:32.473,22.6561386,114.5019843,200.0,9.9,-0.06,343.9,28.6,21.2,604.0,5944.84,10.0,2.0,2.5,NR5G-SA,n79,-100,-100,-10,19,-80,6.8,C3228E001,568
2026-06-10 16:10:36.222,2026-06-10 16:12:32.473,22.6561603,114.5019775,200.0,10.0,0.03,343.8,28.6,21.2,601.5,5947.35,10.0,2.0,2.5,NR5G-SA,n79,-100,-100,-10,19,-80,11.9,C3228E001,568
2026-06-10 16:10:36.423,2026-06-10 16:12:32.673,22.6561603,114.5019775,200.0,10.0,0.03,343.8,28.6,21.2,601.5,5947.35,10.0,2.0,2.5,NR5G-SA,n79,-100,-100,-10,19,-80,8.6,C3228E001,568
2026-06-10 16:10:36.623,2026-06-10 16:12:32.873,22.6561819,114.5019706,200.0,10.0,-0.00,344.0,28.6,20.3,599.0,5949.86,10.0,2.0,2.5,NR5G-SA,n79,-100,-100,-10,19,-80,5.2,C3228E001,568
2026-06-10 16:10:36.823,2026-06-10 16:12:33.073,22.6562037,114.5019637,200.0,9.9,-0.02,344.1,35.2,20.3,596.5,5952.39,10.0,2.0,2.5,NR5G-SA,n79,-100,-100,-10,19,-80,7.0,C3228E001,568
2026-06-10 16:10:37.023,2026-06-10 16:12:33.473,22.6562254,114.5019571,200.0,10.0,-0.05,343.9,35.2,20.3,594.0,5954.89,10.0,2.0,2.5,NR5G-SA,n79,-99,-99,-10,19,-79,5.4,C3228E001,568
2026-06-10 16:10:37.224,2026-06-10 16:12:33.473,22.6562470,114.5019505,200.0,9.9,-0.03,344.0,35.2,20.3,591.5,5957.39,10.0,2.0,2.5,NR5G-SA,n79,-99,-99,-10,19,-79,9.7,C3228E001,568
2026-06-10 16:10:37.424,2026-06-10 16:12:33.673,22.6562470,114.5019505,200.0,9.9,-0.03,344.0,35.2,20.3,591.5,5957.39,10.0,2.0,2.5,NR5G-SA,n79,-99,-99,-10,19,-79,9.2,C3228E001,568
2026-06-10 16:10:37.624,2026-06-10 16:12:33.873,22.6562684,114.5019440,200.0,9.9,-0.03,344.0,35.2,20.4,589.0,5959.87,10.0,2.0,2.5,NR5G-SA,n79,-95,-95,-10,19,-75,5.6,C3228E001,568
2026-06-10 16:10:37.824,2026-06-10 16:12:34.073,22.6562899,114.5019375,200.0,9.9,0.00,343.9,35.1,20.4,586.5,5962.35,10.0,2.0,2.5,NR5G-SA,n79,-95,-95,-10,19,-75,7.8,C3228E001,568
2026-06-10 16:10:38.025,2026-06-10 16:12:34.473,22.6563115,114.5019309,200.0,10.0,-0.03,343.9,35.1,20.4,584.0,5964.85,10.0,2.0,2.5,NR5G-SA,n79,-100,-100,-10,21,-80,8.4,C3228E001,568
2026-06-10 16:10:38.225,2026-06-10 16:12:34.473,22.6563331,114.5019243,200.0,9.9,-0.01,343.7,35.1,20.4,581.5,5967.35,10.0,2.0,2.5,NR5G-SA,n79,-100,-100,-10,21,-80,11.2,C3228E001,568
2026-06-10 16:10:38.426,2026-06-10 16:12:34.673,22.6563331,114.5019243,200.0,9.9,-0.01,343.7,35.1,20.4,581.5,5967.35,10.0,2.0,2.5,NR5G-SA,n79,-100,-100,-10,21,-80,9.6,C3228E001,568
2026-06-10 16:10:38.626,2026-06-10 16:12:34.873,22.6563546,114.5019176,200.0,9.9,0.03,343.6,35.1,20.0,579.0,5969.84,10.0,2.0,2.5,NR5G-SA,n79,-97,-97,-10,21,-77,7.6,C3228E001,568
2026-06-10 16:10:38.827,2026-06-10 16:12:35.073,22.6563762,114.5019109,200.0,9.9,-0.00,343.7,28.5,20.0,576.5,5972.34,10.0,2.0,2.5,NR5G-SA,n79,-97,-97,-10,21,-77,5.8,C3228E001,568
2026-06-10 16:10:39.027,2026-06-10 16:12:35.473,22.6563978,114.5019042,200.0,9.9,0.01,343.7,28.5,20.0,574.0,5974.84,10.0,2.0,2.5,NR5G-SA,n79,-97,-97,-10,21,-77,5.5,C3228E001,568
2026-06-10 16:10:39.228,2026-06-10 16:12:35.473,22.6564194,114.5018974,200.0,9.9,0.01,343.7,28.5,20.0,571.5,5977.34,10.0,2.0,2.5,NR5G-SA,n79,-98,-98,-10,20,-78,11.3,C3228E001,568
2026-06-10 16:10:39.428,2026-06-10 16:12:35.673,22.6564194,114.5018974,200.0,9.9,0.01,343.7,28.5,20.0,571.5,5977.34,10.0,2.0,2.5,NR5G-SA,n79,-98,-98,-10,20,-78,9.4,C3228E001,568
2026-06-10 16:10:39.628,2026-06-10 16:12:35.873,22.6564410,114.5018907,200.0,9.9,0.02,343.7,28.5,16.9,569.0,5979.85,10.0,2.0,2.5,NR5G-SA,n79,-98,-98,-10,20,-78,10.4,C3228E001,568
2026-06-10 16:10:39.828,2026-06-10 16:12:36.073,22.6564626,114.5018839,200.0,10.0,-0.00,343.7,39.9,16.9,566.5,5982.35,10.0,2.0,2.5,NR5G-SA,n79,-100,-100,-10,20,-80,4.8,C3228E001,568
2026-06-10 16:10:40.029,2026-06-10 16:12:36.473,22.6564841,114.5018772,200.0,9.9,-0.03,343.7,39.9,16.9,564.0,5984.84,10.0,2.0,2.5,NR5G-SA,n79,-100,-100,-10,20,-80,6.4,C3228E001,568
2026-06-10 16:10:40.229,2026-06-10 16:12:36.473,22.6565057,114.5018705,200.0,9.9,0.03,343.8,39.9,16.9,561.5,5987.34,10.0,2.0,2.5,NR5G-SA,n79,-94,-94,-10,19,-74,11.2,C3228E001,568
2026-06-10 16:10:40.429,2026-06-10 16:12:36.673,22.6565057,114.5018705,200.0,9.9,0.03,343.8,39.9,16.9,561.5,5987.34,10.0,2.0,2.5,NR5G-SA,n79,-94,-94,-10,19,-74,11.9,C3228E001,568
2026-06-10 16:10:40.630,2026-06-10 16:12:36.873,22.6565274,114.5018638,200.0,9.9,0.02,343.8,39.9,16.6,559.0,5989.85,10.0,2.0,2.5,NR5G-SA,n79,-94,-94,-10,19,-74,7.1,C3228E001,568
2026-06-10 16:10:40.830,2026-06-10 16:12:37.073,22.6565489,114.5018571,200.0,9.9,0.04,343.7,21.0,16.6,556.5,5992.34,10.0,2.0,2.5,NR5G-SA,n79,-97,-97,-10,10,-77,6.8,C3228E001,568
2026-06-10 16:10:41.030,2026-06-10 16:12:37.473,22.6565705,114.5018503,200.0,9.9,0.03,343.5,21.0,16.6,554.0,5994.85,10.0,2.0,2.5,NR5G-SA,n79,-97,-97,-10,10,-77,5.9,C3228E001,568
2026-06-10 16:10:41.231,2026-06-10 16:12:37.473,22.6565921,114.5018436,200.0,10.0,0.01,343.3,21.0,16.6,551.5,5997.35,10.0,2.0,2.5,NR5G-SA,n79,-97,-97,-10,10,-77,10.4,C3228E001,568
2026-06-10 16:10:41.431,2026-06-10 16:12:37.673,22.6565921,114.5018436,200.0,10.0,0.01,343.3,21.0,16.6,551.5,5997.35,10.0,2.0,2.5,NR5G-SA,n79,-44,-44,-11,15,-24,12.4,C3228E001,568
2026-06-10 16:10:41.632,2026-06-10 16:12:37.873,22.6566137,114.5018368,200.0,10.0,0.04,343.1,21.0,18.4,549.0,5999.85,10.0,2.0,2.5,NR5G-SA,n79,-44,-44,-11,15,-24,12.7,C3228E001,568
2026-06-10 16:10:41.832,2026-06-10 16:12:38.073,22.6566353,114.5018300,200.0,10.0,0.01,343.0,0.0,18.4,546.5,6002.36,10.0,2.0,2.5,NR5G-SA,n79,-44,-44,-11,15,-24,6.9,C3228E001,568
2026-06-10 16:10:42.032,2026-06-10 16:12:38.473,22.6566568,114.5018232,200.0,10.0,0.03,343.0,0.0,18.4,544.0,6004.85,10.0,2.0,2.5,NR5G-SA,n79,-93,-93,-10,14,-73,5.3,C3228E001,568
2026-06-10 16:10:42.233,2026-06-10 16:12:38.473,22.6566785,114.5018164,200.0,10.0,0.05,343.1,0.0,18.4,541.5,6007.36,10.0,2.0,2.5,NR5G-SA,n79,-93,-93,-10,14,-73,9.4,C3228E001,568
2026-06-10 16:10:42.433,2026-06-10 16:12:38.673,22.6566785,114.5018164,200.0,10.0,0.05,343.1,0.0,18.4,541.5,6007.36,10.0,2.0,2.5,NR5G-SA,n79,-93,-93,-10,14,-73,10.8,C3228E001,568
2026-06-10 16:10:42.633,2026-06-10 16:12:38.873,22.6567002,114.5018097,200.0,10.0,0.03,343.2,0.0,19.2,539.0,6009.88,10.0,2.0,2.5,NR5G-SA,n79,-93,-93,-10,14,-73,8.7,C3228E001,568
2026-06-10 16:10:42.833,2026-06-10 16:12:39.073,22.6567219,114.5018030,200.0,10.0,-0.00,343.4,10.7,19.2,536.5,6012.39,10.0,2.0,2.5,NR5G-SA,n79,-93,-93,-10,14,-73,5.6,C3228E001,568
2026-06-10 16:10:43.034,2026-06-10 16:12:39.473,22.6567436,114.5017964,200.0,10.0,-0.01,343.6,10.7,19.2,534.0,6014.90,10.0,2.0,2.5,NR5G-SA,n79,-91,-91,-10,15,-71,5.8,C3228E001,568
2026-06-10 16:10:43.234,2026-06-10 16:12:39.473,22.6567653,114.5017897,200.0,10.0,0.01,343.7,10.7,19.2,531.5,6017.41,10.0,2.0,2.5,NR5G-SA,n79,-91,-91,-10,15,-71,8.0,C3228E001,568
2026-06-10 16:10:43.434,2026-06-10 16:12:39.673,22.6567653,114.5017897,200.0,10.0,0.01,343.7,10.7,19.2,531.5,6017.41,10.0,2.0,2.5,NR5G-SA,n79,-91,-91,-10,15,-71,9.3,C3228E001,568
2026-06-10 16:10:43.634,2026-06-10 16:12:39.873,22.6567869,114.5017831,200.0,9.9,-0.02,343.8,10.7,18.2,529.0,6019.91,10.0,2.0,2.5,NR5G-SA,n79,-92,-92,-10,15,-72,9.2,C3228E001,568
2026-06-10 16:10:43.835,2026-06-10 16:12:40.073,22.6568084,114.5017765,200.0,9.9,-0.03,343.7,0.0,18.2,526.5,6022.39,10.0,2.0,2.5,NR5G-SA,n79,-92,-92,-10,15,-72,7.0,C3228E001,568
2026-06-10 16:10:44.035,2026-06-10 16:12:40.473,22.6568299,114.5017699,200.0,9.9,0.00,343.9,0.0,18.2,524.0,6024.88,10.0,2.0,2.5,NR5G-SA,n79,-92,-92,-10,15,-72,6.7,C3228E001,568
2026-06-10 16:10:44.236,2026-06-10 16:12:40.473,22.6568515,114.5017633,200.0,9.9,0.06,344.1,0.0,18.2,521.5,6027.38,10.0,2.0,2.5,NR5G-SA,n79,-91,-91,-10,15,-71,8.0,C3228E001,568
2026-06-10 16:10:44.436,2026-06-10 16:12:40.673,22.6568515,114.5017633,200.0,9.9,0.06,344.1,0.0,18.2,521.5,6027.38,10.0,2.0,2.5,NR5G-SA,n79,-91,-91,-10,15,-71,9.8,C3228E001,568
2026-06-10 16:10:44.636,2026-06-10 16:12:40.873,22.6568731,114.5017566,200.0,10.0,0.02,344.2,0.0,18.2,519.0,6029.88,10.0,2.0,2.5,NR5G-SA,n79,-91,-91,-10,15,-71,5.9,C3228E001,568
2026-06-10 16:10:44.836,2026-06-10 16:12:41.073,22.6568947,114.5017500,200.0,9.9,0.03,344.2,1.6,17.7,516.5,6032.38,10.0,2.0,2.5,NR5G-SA,n79,-91,-91,-10,15,-71,7.7,C3228E001,568
2026-06-10 16:10:45.037,2026-06-10 16:12:41.473,22.6569164,114.5017434,200.0,10.0,0.01,344.1,1.6,17.7,514.0,6034.89,10.0,2.0,2.5,NR5G-SA,n79,-91,-91,-10,15,-71,7.1,C3228E001,568
2026-06-10 16:10:45.237,2026-06-10 16:12:41.473,22.6569381,114.5017367,200.0,10.0,0.01,344.0,1.6,17.7,511.5,6037.40,10.0,2.0,2.5,NR5G-SA,n79,-92,-92,-10,15,-72,8.4,C3228E001,568
2026-06-10 16:10:45.437,2026-06-10 16:12:41.673,22.6569381,114.5017367,200.0,10.0,0.01,344.0,1.6,17.7,511.5,6037.40,10.0,2.0,2.5,NR5G-SA,n79,-92,-92,-10,15,-72,11.3,C3228E001,568
2026-06-10 16:10:45.638,2026-06-10 16:12:41.873,22.6569598,114.5017299,200.0,9.9,-0.02,344.0,1.6,17.7,509.0,6039.91,10.0,2.0,2.5,NR5G-SA,n79,-92,-92,-10,15,-72,6.9,C3228E001,568
2026-06-10 16:10:45.838,2026-06-10 16:12:42.073,22.6569814,114.5017231,200.0,10.0,-0.07,344.1,0.0,17.8,506.5,6042.42,10.0,2.0,2.5,NR5G-SA,n79,-90,-90,-10,16,-70,7.2,C3228E001,568
2026-06-10 16:10:46.038,2026-06-10 16:12:42.473,22.6570031,114.5017164,200.0,9.9,0.00,344.2,0.0,17.8,503.9,6044.93,10.0,2.0,2.5,NR5G-SA,n79,-90,-90,-10,16,-70,6.0,C3228E001,568
2026-06-10 16:10:46.238,2026-06-10 16:12:42.473,22.6570246,114.5017098,200.0,9.9,0.02,344.4,0.0,17.8,501.5,6047.42,10.0,2.0,2.5,NR5G-SA,n79,-90,-90,-10,16,-70,9.1,C3228E001,568
2026-06-10 16:10:46.439,2026-06-10 16:12:42.673,22.6570246,114.5017098,200.0,9.9,0.02,344.4,0.0,17.8,501.5,6047.42,10.0,2.0,2.5,NR5G-SA,n79,-90,-90,-10,17,-70,12.1,C3228E001,568
2026-06-10 16:10:46.639,2026-06-10 16:12:42.873,22.6570461,114.5017031,200.0,9.9,0.05,344.3,0.0,17.8,499.0,6049.91,10.0,2.0,2.5,NR5G-SA,n79,-90,-90,-10,17,-70,10.3,C3228E001,568
2026-06-10 16:10:46.839,2026-06-10 16:12:43.073,22.6570675,114.5016965,200.0,9.9,0.02,344.3,13.0,16.5,496.5,6052.38,10.0,2.0,2.5,NR5G-SA,n79,-91,-91,-10,16,-71,8.7,C3228E001,568
2026-06-10 16:10:47.040,2026-06-10 16:12:43.473,22.6570890,114.5016898,200.0,9.9,-0.01,344.4,13.0,16.5,494.0,6054.88,10.0,2.0,2.5,NR5G-SA,n79,-91,-91,-10,16,-71,6.4,C3228E001,568
2026-06-10 16:10:47.240,2026-06-10 16:12:43.473,22.6571105,114.5016831,200.0,9.9,0.02,344.4,13.0,16.5,491.5,6057.37,10.0,2.0,2.5,NR5G-SA,n79,-91,-91,-10,16,-71,8.5,C3228E001,568
2026-06-10 16:10:47.440,2026-06-10 16:12:43.673,22.6571105,114.5016831,200.0,9.9,0.02,344.4,13.0,16.5,491.5,6057.37,10.0,2.0,2.5,NR5G-SA,n79,-91,-91,-10,14,-71,11.2,C3228E001,568
2026-06-10 16:10:47.640,2026-06-10 16:12:43.873,22.6571321,114.5016764,200.0,10.0,0.02,344.4,13.0,16.5,489.0,6059.87,10.0,2.0,2.5,NR5G-SA,n79,-91,-91,-10,14,-71,5.0,C3228E001,568
2026-06-10 16:10:47.841,2026-06-10 16:12:44.073,22.6571537,114.5016697,200.0,10.0,0.01,344.3,44.0,15.5,486.5,6062.37,10.0,2.0,2.5,NR5G-SA,n79,-91,-91,-10,14,-71,8.0,C3228E001,568
2026-06-10 16:10:48.041,2026-06-10 16:12:44.473,22.6571753,114.5016630,200.0,9.9,0.01,344.1,44.0,15.5,484.0,6064.87,10.0,2.0,2.5,NR5G-SA,n79,-91,-91,-10,14,-71,6.5,C3228E001,568
2026-06-10 16:10:48.241,2026-06-10 16:12:44.473,22.6571968,114.5016562,200.0,10.0,0.03,344.2,44.0,15.5,481.5,6067.36,10.0,2.0,2.5,NR5G-SA,n79,-91,-91,-10,14,-71,8.8,C3228E001,568
2026-06-10 16:10:48.442,2026-06-10 16:12:44.673,22.6571968,114.5016562,200.0,10.0,0.03,344.2,44.0,15.5,481.5,6067.36,10.0,2.0,2.5,NR5G-SA,n79,-91,-91,-10,14,-71,11.5,C3228E001,568
2026-06-10 16:10:48.642,2026-06-10 16:12:44.873,22.6572183,114.5016495,200.0,9.9,0.06,344.3,44.0,15.5,479.0,6069.85,10.0,2.0,2.5,NR5G-SA,n79,-90,-90,-10,14,-70,10.7,C3228E001,568
2026-06-10 16:10:48.843,2026-06-10 16:12:45.073,22.6572398,114.5016428,200.0,10.0,0.03,344.2,22.7,16.1,476.5,6072.34,10.0,2.0,2.5,NR5G-SA,n79,-90,-90,-10,14,-70,5.7,C3228E001,568
2026-06-10 16:10:49.043,2026-06-10 16:12:45.473,22.6572615,114.5016361,200.0,10.1,0.03,344.2,22.7,16.1,474.0,6074.85,10.0,2.0,2.5,NR5G-SA,n79,-90,-90,-10,14,-70,6.7,C3228E001,568
2026-06-10 16:10:49.243,2026-06-10 16:12:45.473,22.6572831,114.5016294,200.0,10.0,0.00,344.1,22.7,16.1,471.5,6077.36,10.0,2.0,2.5,NR5G-SA,n79,-90,-90,-10,14,-70,8.7,C3228E001,568
2026-06-10 16:10:49.444,2026-06-10 16:12:45.673,22.6572831,114.5016294,200.0,10.0,0.00,344.1,22.7,16.1,471.5,6077.36,10.0,2.0,2.5,NR5G-SA,n79,-90,-90,-10,14,-70,7.4,C3228E001,568
2026-06-10 16:10:49.644,2026-06-10 16:12:45.873,22.6573049,114.5016227,200.0,10.0,-0.02,344.1,22.7,16.1,469.0,6079.88,10.0,2.0,2.5,NR5G-SA,n79,-90,-90,-10,14,-70,8.2,C3228E001,568
2026-06-10 16:10:49.844,2026-06-10 16:12:46.073,22.6573265,114.5016159,200.0,10.0,0.05,344.1,37.5,16.2,466.5,6082.38,10.0,2.0,2.5,NR5G-SA,n79,-90,-90,-10,14,-70,6.3,C3228E001,568
2026-06-10 16:10:50.044,2026-06-10 16:12:46.473,22.6573482,114.5016092,200.0,10.0,-0.04,344.0,37.5,16.2,464.0,6084.89,10.0,2.0,2.5,NR5G-SA,n79,-90,-90,-10,14,-70,6.1,C3228E001,568
2026-06-10 16:10:50.245,2026-06-10 16:12:46.473,22.6573698,114.5016025,200.0,10.0,0.01,344.0,37.5,16.2,461.5,6087.39,10.0,2.0,2.5,NR5G-SA,n79,-89,-89,-10,14,-69,7.7,C3228E001,568
2026-06-10 16:10:50.445,2026-06-10 16:12:46.673,22.6573698,114.5016025,200.0,10.0,0.01,344.0,37.5,16.2,461.5,6087.39,10.0,2.0,2.5,NR5G-SA,n79,-89,-89,-10,14,-69,11.5,C3228E001,568
2026-06-10 16:10:50.645,2026-06-10 16:12:46.873,22.6573914,114.5015958,200.0,9.9,0.05,344.0,37.5,16.2,459.0,6089.90,10.0,2.0,2.5,NR5G-SA,n79,-89,-89,-10,14,-69,9.1,C3228E001,568
2026-06-10 16:10:50.845,2026-06-10 16:12:47.073,22.6574130,114.5015892,200.0,9.9,-0.01,344.0,30.6,16.3,456.5,6092.39,10.0,2.0,2.5,NR5G-SA,n79,-90,-90,-10,16,-70,6.5,C3228E001,568
2026-06-10 16:10:51.046,2026-06-10 16:12:47.473,22.6574345,114.5015825,200.0,10.0,-0.03,344.0,30.6,16.3,454.0,6094.88,10.0,2.0,2.5,NR5G-SA,n79,-90,-90,-10,16,-70,6.5,C3228E001,568
2026-06-10 16:10:51.246,2026-06-10 16:12:47.473,22.6574560,114.5015758,200.0,9.9,0.02,343.9,30.6,16.3,451.5,6097.38,10.0,2.0,2.5,NR5G-SA,n79,-91,-91,-10,16,-71,6.9,C3228E001,568
2026-06-10 16:10:51.446,2026-06-10 16:12:47.673,22.6574560,114.5015758,200.0,9.9,0.02,343.9,30.6,16.3,451.5,6097.38,10.0,2.0,2.5,NR5G-SA,n79,-91,-91,-10,16,-71,10.1,C3228E001,568
2026-06-10 16:10:51.647,2026-06-10 16:12:47.873,22.6574775,114.5015692,200.0,9.9,0.03,343.9,30.6,16.3,449.0,6099.86,10.0,2.0,2.5,NR5G-SA,n79,-91,-91,-10,16,-71,8.7,C3228E001,568
2026-06-10 16:10:51.847,2026-06-10 16:12:48.073,22.6574991,114.5015625,200.0,10.0,0.02,343.8,33.2,16.3,446.5,6102.36,10.0,2.0,2.5,NR5G-SA,n79,-89,-89,-10,18,-69,6.7,C3228E001,568
2026-06-10 16:10:52.047,2026-06-10 16:12:48.473,22.6575206,114.5015557,200.0,10.0,0.02,343.8,33.2,16.3,444.0,6104.86,10.0,2.0,2.5,NR5G-SA,n79,-89,-89,-10,18,-69,6.3,C3228E001,568
2026-06-10 16:10:52.247,2026-06-10 16:12:48.473,22.6575423,114.5015490,200.0,10.0,0.05,343.8,33.2,16.3,441.5,6107.37,10.0,2.0,2.5,NR5G-SA,n79,-89,-89,-10,18,-69,7.9,C3228E001,568
2026-06-10 16:10:52.448,2026-06-10 16:12:48.673,22.6575640,114.5015423,200.0,10.0,0.05,343.9,33.2,16.3,439.0,6109.88,10.0,2.0,2.5,NR5G-SA,n79,-90,-90,-10,17,-70,11.8,C3228E001,568
2026-06-10 16:10:52.648,2026-06-10 16:12:48.873,22.6575640,114.5015423,200.0,10.0,0.02,343.9,33.2,16.3,439.0,6109.88,10.0,2.0,2.5,NR5G-SA,n79,-90,-90,-10,17,-70,10.4,C3228E001,568
2026-06-10 16:10:52.848,2026-06-10 16:12:49.073,22.6575856,114.5015356,200.0,10.0,0.00,343.9,38.0,17.3,436.5,6112.38,10.0,2.0,2.5,NR5G-SA,n79,-90,-90,-10,17,-70,6.4,C3228E001,568
2026-06-10 16:10:53.049,2026-06-10 16:12:49.473,22.6576073,114.5015288,200.0,10.0,0.03,344.1,38.0,17.3,434.0,6114.90,10.0,2.0,2.5,NR5G-SA,n79,-89,-89,-10,18,-69,6.8,C3228E001,568
2026-06-10 16:10:53.249,2026-06-10 16:12:49.473,22.6576289,114.5015221,200.0,9.9,0.08,344.2,38.0,17.3,431.5,6117.40,10.0,2.0,2.5,NR5G-SA,n79,-89,-89,-10,18,-69,8.2,C3228E001,568
2026-06-10 16:10:53.449,2026-06-10 16:12:49.673,22.6576289,114.5015221,200.0,9.9,0.08,344.2,38.0,17.3,431.5,6117.40,10.0,2.0,2.5,NR5G-SA,n79,-89,-89,-10,18,-69,10.9,C3228E001,568
2026-06-10 16:10:53.650,2026-06-10 16:12:49.873,22.6576504,114.5015153,200.0,10.0,0.01,344.1,38.0,17.3,429.0,6119.89,10.0,2.0,2.5,NR5G-SA,n79,-90,-90,-10,16,-70,10.2,C3228E001,568
2026-06-10 16:10:53.851,2026-06-10 16:12:50.073,22.6576719,114.5015087,200.0,10.0,0.00,344.2,26.0,18.6,426.5,6122.38,10.0,2.0,2.5,NR5G-SA,n79,-90,-90,-10,16,-70,7.7,C3228E001,568
2026-06-10 16:10:54.051,2026-06-10 16:12:50.473,22.6576935,114.5015019,200.0,10.0,0.03,344.3,26.0,18.6,424.0,6124.88,10.0,2.0,2.5,NR5G-SA,n79,-91,-91,-10,15,-71,7.2,C3228E001,568
2026-06-10 16:10:54.251,2026-06-10 16:12:50.673,22.6577152,114.5014951,200.0,10.0,0.04,344.4,26.0,18.6,421.5,6127.40,10.0,2.0,2.5,NR5G-SA,n79,-91,-91,-10,15,-71,8.6,C3228E001,568
2026-06-10 16:10:54.452,2026-06-10 16:12:50.673,22.6577369,114.5014885,200.0,10.0,0.04,344.5,26.0,18.6,419.0,6129.91,10.0,2.0,2.5,NR5G-SA,n79,-91,-91,-10,15,-71,10.6,C3228E001,568
2026-06-10 16:10:54.652,2026-06-10 16:12:50.873,22.6577369,114.5014885,200.0,10.0,0.04,344.5,26.0,18.6,419.0,6129.91,10.0,2.0,2.5,NR5G-SA,n79,-90,-90,-10,17,-70,9.3,C3228E001,568
2026-06-10 16:10:54.852,2026-06-10 16:12:51.074,22.6577586,114.5014818,200.0,10.1,-0.00,344.5,40.5,18.6,416.5,6132.42,10.0,2.0,2.5,NR5G-SA,n79,-90,-90,-10,17,-70,6.7,C3228E001,568
2026-06-10 16:10:55.053,2026-06-10 16:12:51.474,22.6577803,114.5014752,200.0,10.0,-0.00,344.4,40.5,18.9,413.9,6134.93,10.0,2.0,2.5,NR5G-SA,n79,-90,-90,-10,17,-70,6.6,C3228E001,568
2026-06-10 16:10:55.253,2026-06-10 16:12:51.474,22.6578020,114.5014684,200.0,10.0,0.01,344.5,40.5,18.9,411.4,6137.44,10.0,2.0,2.5,NR5G-SA,n79,-91,-91,-10,16,-71,8.1,C3228E001,568
2026-06-10 16:10:55.453,2026-06-10 16:12:51.674,22.6578020,114.5014684,200.0,10.0,0.01,344.5,40.5,18.9,411.4,6137.44,10.0,2.0,2.5,NR5G-SA,n79,-91,-91,-10,16,-71,12.1,C3228E001,568
2026-06-10 16:10:55.654,2026-06-10 16:12:51.874,22.6578237,114.5014617,200.0,9.9,-0.02,344.4,40.5,18.9,408.9,6139.95,10.0,2.0,2.5,NR5G-SA,n79,-91,-91,-10,16,-71,11.0,C3228E001,568
2026-06-10 16:10:55.854,2026-06-10 16:12:52.074,22.6578453,114.5014550,200.0,9.9,-0.02,344.3,40.5,18.9,406.4,6142.45,10.0,2.0,2.5,NR5G-SA,n79,-90,-90,-10,15,-70,10.7,C3228E001,568
2026-06-10 16:10:56.054,2026-06-10 16:12:52.474,22.6578668,114.5014483,200.0,9.9,-0.02,344.2,18.5,18.9,403.9,6144.94,10.0,2.0,2.5,NR5G-SA,n79,-90,-90,-10,15,-70,5.7,C3228E001,568
2026-06-10 16:10:56.255,2026-06-10 16:12:52.674,22.6578883,114.5014417,200.0,9.9,0.00,344.1,18.5,18.9,401.4,6147.43,10.0,2.0,2.5,NR5G-SA,n79,-90,-90,-10,15,-70,8.4,C3228E001,568
2026-06-10 16:10:56.455,2026-06-10 16:12:52.674,22.6579098,114.5014350,200.0,9.9,0.03,344.0,18.5,18.9,399.0,6149.92,10.0,2.0,2.5,NR5G-SA,n79,-90,-90,-10,15,-70,11.7,C3228E001,568
2026-06-10 16:10:56.655,2026-06-10 16:12:52.874,22.6579098,114.5014350,200.0,9.9,0.03,344.0,18.5,18.9,399.0,6149.92,10.0,2.0,2.5,NR5G-SA,n79,-90,-90,-10,15,-70,9.9,C3228E001,568
2026-06-10 16:10:56.855,2026-06-10 16:12:53.074,22.6579313,114.5014284,200.0,9.9,-0.01,343.8,18.5,18.9,396.5,6152.41,10.0,2.0,2.5,NR5G-SA,n79,-91,-91,-10,16,-71,9.0,C3228E001,568
2026-06-10 16:10:57.056,2026-06-10 16:12:53.474,22.6579528,114.5014217,200.0,9.9,0.04,343.7,0.0,20.7,394.0,6154.90,10.0,2.0,2.5,NR5G-SA,n79,-91,-91,-10,16,-71,7.1,C3228E001,568
2026-06-10 16:10:57.256,2026-06-10 16:12:53.674,22.6579745,114.5014149,200.0,10.0,0.00,343.7,0.0,20.7,391.5,6157.41,10.0,2.0,2.5,NR5G-SA,n79,-91,-91,-10,16,-71,7.1,C3228E001,568
2026-06-10 16:10:57.456,2026-06-10 16:12:53.674,22.6579962,114.5014082,200.0,10.0,-0.00,343.8,0.0,20.7,388.9,6159.93,10.0,2.0,2.5,NR5G-SA,n79,-90,-90,-10,17,-70,8.9,C3228E001,568
2026-06-10 16:10:57.657,2026-06-10 16:12:53.874,22.6579962,114.5014082,200.0,10.0,-0.00,343.8,0.0,20.7,388.9,6159.93,10.0,2.0,2.5,NR5G-SA,n79,-90,-90,-10,17,-70,8.7,C3228E001,568
2026-06-10 16:10:57.857,2026-06-10 16:12:54.074,22.6580177,114.5014017,200.0,10.0,0.00,343.8,0.0,20.7,386.5,6162.41,10.0,2.0,2.5,NR5G-SA,n79,-90,-90,-10,17,-70,6.7,C3228E001,568
2026-06-10 16:10:58.057,2026-06-10 16:12:54.474,22.6580392,114.5013951,200.0,9.9,-0.01,343.9,8.8,20.8,384.0,6164.90,10.0,2.0,2.5,NR5G-SA,n79,-89,-89,-10,18,-69,7.9,C3228E001,568
2026-06-10 16:10:58.257,2026-06-10 16:12:54.474,22.6580608,114.5013885,200.0,10.0,0.01,343.9,8.8,20.8,381.5,6167.40,10.0,2.0,2.5,NR5G-SA,n79,-89,-89,-10,18,-69,14.4,C3228E001,568
2026-06-10 16:10:58.458,2026-06-10 16:12:54.674,22.6580824,114.5013818,200.0,10.0,-0.01,343.9,8.8,20.8,379.0,6169.90,10.0,2.0,2.5,NR5G-SA,n79,-89,-89,-10,18,-69,9.1,C3228E001,568
2026-06-10 16:10:58.658,2026-06-10 16:12:54.874,22.6580824,114.5013818,200.0,10.0,-0.01,343.9,8.8,20.8,379.0,6169.90,10.0,2.0,2.5,NR5G-SA,n79,-89,-89,-10,18,-69,11.2,C3228E001,568
2026-06-10 16:10:58.858,2026-06-10 16:12:55.074,22.6581041,114.5013750,200.0,10.0,0.01,343.9,8.8,20.8,376.5,6172.41,10.0,2.0,2.5,NR5G-SA,n79,-89,-89,-10,18,-69,9.7,C3228E001,568
2026-06-10 16:10:59.059,2026-06-10 16:12:55.474,22.6581257,114.5013683,200.0,10.0,0.01,343.9,0.0,19.7,374.0,6174.91,10.0,2.0,2.5,NR5G-SA,n79,-88,-88,-10,18,-68,6.7,C3228E001,568
2026-06-10 16:10:59.259,2026-06-10 16:12:55.674,22.6581473,114.5013617,200.0,9.9,-0.01,344.0,0.0,19.7,371.5,6177.41,10.0,2.0,2.5,NR5G-SA,n79,-88,-88,-10,18,-68,7.8,C3228E001,568
2026-06-10 16:10:59.459,2026-06-10 16:12:55.674,22.6581690,114.5013551,200.0,10.0,-0.02,343.9,0.0,19.7,369.0,6179.92,10.0,2.0,2.5,NR5G-SA,n79,-88,-88,-10,18,-68,10.9,C3228E001,568
2026-06-10 16:10:59.660,2026-06-10 16:12:55.874,22.6581690,114.5013551,200.0,10.0,-0.02,343.9,0.0,19.7,369.0,6179.92,10.0,2.0,2.5,NR5G-SA,n79,-88,-88,-10,18,-68,9.7,C3228E001,568
2026-06-10 16:10:59.860,2026-06-10 16:12:56.074,22.6581907,114.5013484,200.0,9.9,-0.06,343.9,0.0,19.7,366.4,6182.43,10.0,2.0,2.5,NR5G-SA,n79,-88,-88,-10,18,-68,6.5,C3228E001,568
2026-06-10 16:11:00.060,2026-06-10 16:12:56.474,22.6582123,114.5013416,200.0,10.0,-0.02,344.0,3.8,20.2,363.9,6184.94,10.0,2.0,2.5,NR5G-SA,n79,-88,-88,-10,18,-68,7.4,C3228E001,568
2026-06-10 16:11:00.261,2026-06-10 16:12:56.474,22.6582338,114.5013348,200.0,10.0,-0.04,344.0,3.8,20.2,361.4,6187.43,10.0,2.0,2.5,NR5G-SA,n79,-87,-87,-10,19,-67,9.6,C3228E001,568
2026-06-10 16:11:00.461,2026-06-10 16:12:56.674,22.6582553,114.5013281,200.0,9.9,-0.02,343.9,3.8,20.2,359.0,6189.92,10.0,2.0,2.5,NR5G-SA,n79,-87,-87,-10,19,-67,9.8,C3228E001,568
2026-06-10 16:11:00.661,2026-06-10 16:12:56.874,22.6582553,114.5013281,200.0,9.9,-0.02,343.9,3.8,20.2,359.0,6189.92,10.0,2.0,2.5,NR5G-SA,n79,-85,-85,-10,19,-65,10.0,C3228E001,568
2026-06-10 16:11:00.862,2026-06-10 16:12:57.074,22.6582769,114.5013214,200.0,9.9,-0.01,343.9,3.8,20.2,356.5,6192.42,10.0,2.0,2.5,NR5G-SA,n79,-85,-85,-10,19,-65,8.2,C3228E001,568
2026-06-10 16:11:01.062,2026-06-10 16:12:57.474,22.6582983,114.5013148,200.0,10.0,0.02,344.0,0.0,20.0,354.0,6194.90,10.0,2.0,2.5,NR5G-SA,n79,-85,-85,-10,19,-65,5.6,C3228E001,568
2026-06-10 16:11:01.262,2026-06-10 16:12:57.674,22.6583199,114.5013081,200.0,10.0,0.04,344.1,0.0,20.0,351.5,6197.40,10.0,2.0,2.5,NR5G-SA,n79,-88,-88,-10,18,-68,8.3,C3228E001,568
2026-06-10 16:11:01.462,2026-06-10 16:12:57.674,22.6583415,114.5013015,200.0,10.0,0.06,344.0,0.0,20.0,349.0,6199.90,10.0,2.0,2.5,NR5G-SA,n79,-88,-88,-10,18,-68,11.1,C3228E001,568
2026-06-10 16:11:01.663,2026-06-10 16:12:57.874,22.6583415,114.5013015,200.0,10.0,0.06,344.0,0.0,20.0,349.0,6199.90,10.0,2.0,2.5,NR5G-SA,n79,-88,-88,-10,18,-68,6.7,C3228E001,568
2026-06-10 16:11:01.863,2026-06-10 16:12:58.074,22.6583632,114.5012948,200.0,10.0,-0.00,344.0,0.0,20.0,346.5,6202.41,10.0,2.0,2.5,NR5G-SA,n79,-88,-88,-10,17,-68,6.5,C3228E001,568
2026-06-10 16:11:02.063,2026-06-10 16:12:58.474,22.6583850,114.5012881,200.0,10.0,0.03,344.0,15.2,18.1,343.9,6204.93,10.0,2.0,2.5,NR5G-SA,n79,-88,-88,-10,17,-68,6.8,C3228E001,568
2026-06-10 16:11:02.264,2026-06-10 16:12:58.674,22.6584067,114.5012812,200.0,10.0,-0.01,344.0,15.2,18.1,341.4,6207.45,10.0,2.0,2.5,NR5G-SA,n79,-88,-88,-10,17,-68,7.2,C3228E001,568
2026-06-10 16:11:02.464,2026-06-10 16:12:58.674,22.6584282,114.5012744,200.0,10.0,-0.00,344.1,15.2,18.1,338.9,6209.94,10.0,2.0,2.5,NR5G-SA,n79,-88,-88,-10,16,-68,9.6,C3228E001,568
2026-06-10 16:11:02.664,2026-06-10 16:12:58.874,22.6584282,114.5012744,200.0,10.0,-0.00,344.1,15.2,18.1,338.9,6209.94,10.0,2.0,2.5,NR5G-SA,n79,-88,-88,-10,16,-68,10.4,C3228E001,568
2026-06-10 16:11:02.865,2026-06-10 16:12:59.074,22.6584498,114.5012677,200.0,10.0,-0.05,344.1,15.2,18.1,336.4,6212.44,10.0,2.0,2.5,NR5G-SA,n79,-88,-88,-10,16,-68,5.8,C3228E001,568
2026-06-10 16:11:03.065,2026-06-10 16:12:59.474,22.6584713,114.5012610,200.0,9.9,-0.01,344.1,43.8,16.9,333.9,6214.93,10.0,2.0,2.5,NR5G-SA,n79,-88,-88,-10,16,-68,6.3,C3228E001,568
2026-06-10 16:11:03.265,2026-06-10 16:12:59.674,22.6584928,114.5012543,200.0,10.0,-0.04,344.0,43.8,16.9,331.4,6217.42,10.0,2.0,2.5,NR5G-SA,n79,-88,-88,-10,16,-68,6.3,C3228E001,568
2026-06-10 16:11:03.466,2026-06-10 16:12:59.674,22.6585144,114.5012476,200.0,10.0,-0.04,344.1,43.8,16.9,328.9,6219.93,10.0,2.0,2.5,NR5G-SA,n79,-87,-87,-10,16,-67,10.9,C3228E001,568
2026-06-10 16:11:03.666,2026-06-10 16:12:59.874,22.6585144,114.5012476,200.0,10.0,0.01,344.1,43.8,16.9,328.9,6219.93,10.0,2.0,2.5,NR5G-SA,n79,-87,-87,-10,16,-67,10.2,C3228E001,568
2026-06-10 16:11:03.866,2026-06-10 16:13:00.074,22.6585360,114.5012410,200.0,10.0,-0.00,344.0,43.8,16.9,326.4,6222.42,10.0,2.0,2.5,NR5G-SA,n79,-87,-87,-10,16,-67,6.5,C3228E001,568
2026-06-10 16:11:04.067,2026-06-10 16:13:00.474,22.6585576,114.5012344,200.0,10.0,-0.01,344.1,24.4,16.9,324.0,6224.92,10.0,2.0,2.5,NR5G-SA,n79,-87,-87,-10,16,-67,6.9,C3228E001,568
2026-06-10 16:11:04.267,2026-06-10 16:13:00.474,22.6585792,114.5012278,200.0,10.0,0.03,344.2,24.4,18.0,321.5,6227.42,10.0,2.0,2.5,NR5G-SA,n79,-87,-87,-10,16,-67,6.4,C3228E001,568
2026-06-10 16:11:04.467,2026-06-10 16:13:00.674,22.6586009,114.5012212,200.0,10.0,0.03,344.2,24.4,18.0,318.9,6229.93,10.0,2.0,2.5,NR5G-SA,n79,-87,-87,-10,16,-67,9.7,C3228E001,568
2026-06-10 16:11:04.668,2026-06-10 16:13:00.874,22.6586009,114.5012212,200.0,10.0,0.03,344.2,24.4,18.0,318.9,6229.93,10.0,2.0,2.5,NR5G-SA,n79,-87,-87,-10,17,-67,10.3,C3228E001,568
2026-06-10 16:11:04.868,2026-06-10 16:13:01.074,22.6586225,114.5012145,200.0,10.0,-0.01,344.1,24.4,18.0,316.4,6232.43,10.0,2.0,2.5,NR5G-SA,n79,-87,-87,-10,17,-67,6.5,C3228E001,568
2026-06-10 16:11:05.068,2026-06-10 16:13:01.474,22.6586443,114.5012076,200.0,10.0,0.01,344.1,37.7,18.0,313.9,6234.96,10.0,2.0,2.5,NR5G-SA,n79,-87,-87,-10,17,-67,7.6,C3228E001,568
2026-06-10 16:11:05.269,2026-06-10 16:13:01.674,22.6586659,114.5012008,200.0,10.0,-0.03,344.2,37.7,19.6,311.4,6237.46,10.0,2.0,2.5,NR5G-SA,n79,-87,-87,-10,17,-67,8.4,C3228E001,568
2026-06-10 16:11:05.469,2026-06-10 16:13:01.674,22.6586875,114.5011940,200.0,10.0,-0.00,344.2,37.7,19.6,308.9,6239.97,10.0,2.0,2.5,NR5G-SA,n79,-87,-87,-10,17,-67,8.1,C3228E001,568
2026-06-10 16:11:05.669,2026-06-10 16:13:01.874,22.6586875,114.5011940,200.0,10.0,-0.00,344.2,37.7,19.6,308.9,6239.97,10.0,2.0,2.5,NR5G-SA,n79,-86,-86,-10,18,-66,11.4,C3228E001,568
2026-06-10 16:11:05.870,2026-06-10 16:13:02.074,22.6587092,114.5011872,200.0,10.0,0.01,344.2,37.7,19.6,306.4,6242.48,10.0,2.0,2.5,NR5G-SA,n79,-86,-86,-10,18,-66,7.8,C3228E001,568
2026-06-10 16:11:06.070,2026-06-10 16:13:02.474,22.6587307,114.5011805,200.0,10.0,0.01,344.2,32.1,19.6,303.9,6244.97,10.0,2.0,2.5,NR5G-SA,n79,-86,-86,-10,18,-66,7.0,C3228E001,568
2026-06-10 16:11:06.270,2026-06-10 16:13:02.674,22.6587523,114.5011739,200.0,10.0,0.02,344.2,32.1,22.4,301.4,6247.47,10.0,2.0,2.5,NR5G-SA,n79,-86,-86,-10,18,-66,4.8,C3228E001,568
2026-06-10 16:11:06.471,2026-06-10 16:13:02.674,22.6587740,114.5011671,200.0,9.9,0.05,344.2,32.1,22.4,298.9,6249.98,10.0,2.0,2.5,NR5G-SA,n79,-86,-86,-10,18,-66,8.7,C3228E001,568
2026-06-10 16:11:06.671,2026-06-10 16:13:02.874,22.6587740,114.5011671,200.0,9.9,0.05,344.2,32.1,22.4,298.9,6249.98,10.0,2.0,2.5,NR5G-SA,n79,-86,-86,-10,18,-66,8.8,C3228E001,568
2026-06-10 16:11:06.871,2026-06-10 16:13:03.074,22.6587956,114.5011604,200.0,10.0,-0.01,344.2,32.1,22.4,296.4,6252.48,10.0,2.0,2.5,NR5G-SA,n79,-85,-85,-10,18,-65,8.1,C3228E001,568
2026-06-10 16:11:07.071,2026-06-10 16:13:03.474,22.6588173,114.5011536,200.0,10.0,-0.01,344.2,31.9,22.4,293.9,6255.00,10.0,2.0,2.5,NR5G-SA,n79,-85,-85,-10,18,-65,7.2,C3228E001,568
2026-06-10 16:11:07.272,2026-06-10 16:13:03.674,22.6588390,114.5011469,200.0,10.0,0.00,344.2,31.9,24.3,291.4,6257.51,10.0,2.0,2.5,NR5G-SA,n79,-85,-85,-10,19,-65,4.9,C3228E001,568
2026-06-10 16:11:07.472,2026-06-10 16:13:03.674,22.6588607,114.5011402,200.0,10.0,0.01,344.3,31.9,24.3,288.8,6260.02,10.0,2.0,2.5,NR5G-SA,n79,-85,-85,-10,19,-65,9.1,C3228E001,568
2026-06-10 16:11:07.672,2026-06-10 16:13:03.874,22.6588607,114.5011402,200.0,10.0,0.01,344.3,31.9,24.3,288.8,6260.02,10.0,2.0,2.5,NR5G-SA,n79,-85,-85,-10,19,-65,10.8,C3228E001,568
2026-06-10 16:11:07.873,2026-06-10 16:13:04.074,22.6588823,114.5011335,200.0,9.9,-0.01,344.3,31.9,24.3,286.3,6262.52,10.0,2.0,2.5,NR5G-SA,n79,-84,-84,-10,20,-64,7.7,C3228E001,568
2026-06-10 16:11:08.073,2026-06-10 16:13:04.474,22.6589039,114.5011268,200.0,10.0,-0.03,344.3,37.4,24.3,283.8,6265.03,10.0,2.0,2.5,NR5G-SA,n79,-84,-84,-10,20,-64,6.7,C3228E001,568
2026-06-10 16:11:08.273,2026-06-10 16:13:04.674,22.6589255,114.5011202,200.0,9.9,-0.03,344.3,37.4,25.1,281.3,6267.52,10.0,2.0,2.5,NR5G-SA,n79,-84,-84,-10,20,-64,5.1,C3228E001,568
2026-06-10 16:11:08.474,2026-06-10 16:13:04.674,22.6589471,114.5011136,200.0,9.9,-0.02,344.3,37.4,25.1,278.9,6270.02,10.0,2.0,2.5,NR5G-SA,n79,-84,-84,-10,21,-64,10.0,C3228E001,568
2026-06-10 16:11:08.674,2026-06-10 16:13:04.874,22.6589471,114.5011136,200.0,9.9,-0.02,344.3,37.4,25.1,278.9,6270.02,10.0,2.0,2.5,NR5G-SA,n79,-84,-84,-10,21,-64,9.0,C3228E001,568
2026-06-10 16:11:08.875,2026-06-10 16:13:05.074,22.6589687,114.5011069,200.0,10.0,-0.02,344.3,37.4,25.1,276.4,6272.52,10.0,2.0,2.5,NR5G-SA,n79,-84,-84,-10,21,-64,5.8,C3228E001,568
2026-06-10 16:11:09.075,2026-06-10 16:13:05.474,22.6589903,114.5011002,200.0,9.9,0.00,344.2,25.3,25.1,273.8,6275.02,10.0,2.0,2.5,NR5G-SA,n79,-83,-83,-10,21,-63,8.2,C3228E001,568
2026-06-10 16:11:09.275,2026-06-10 16:13:05.474,22.6590119,114.5010936,200.0,9.9,-0.00,344.2,25.3,24.0,271.4,6277.52,10.0,2.0,2.5,NR5G-SA,n79,-83,-83,-10,21,-63,9.3,C3228E001,568
2026-06-10 16:11:09.476,2026-06-10 16:13:05.674,22.6590335,114.5010869,200.0,10.0,-0.00,344.3,25.3,24.0,268.8,6280.02,10.0,2.0,2.5,NR5G-SA,n79,-83,-83,-10,22,-63,9.6,C3228E001,568
2026-06-10 16:11:09.676,2026-06-10 16:13:05.874,22.6590335,114.5010869,200.0,10.0,-0.00,344.3,25.3,24.0,268.8,6280.02,10.0,2.0,2.5,NR5G-SA,n79,-83,-83,-10,22,-63,9.5,C3228E001,568
2026-06-10 16:11:09.876,2026-06-10 16:13:06.074,22.6590552,114.5010802,200.0,9.9,0.04,344.3,25.3,24.0,266.3,6282.53,10.0,2.0,2.5,NR5G-SA,n79,-83,-83,-10,22,-63,7.6,C3228E001,568
2026-06-10 16:11:10.077,2026-06-10 16:13:06.474,22.6590768,114.5010735,200.0,10.0,0.01,344.2,42.5,24.0,263.8,6285.04,10.0,2.0,2.5,NR5G-SA,n79,-82,-82,-10,22,-62,7.1,C3228E001,568
2026-06-10 16:11:10.277,2026-06-10 16:13:06.674,22.6590984,114.5010669,200.0,10.0,0.01,344.2,42.5,21.6,261.3,6287.53,10.0,2.0,2.5,NR5G-SA,n79,-82,-82,-10,22,-62,6.5,C3228E001,568
2026-06-10 16:11:10.477,2026-06-10 16:13:06.674,22.6591200,114.5010601,200.0,10.0,0.02,344.3,42.5,21.6,258.8,6290.04,10.0,2.0,2.5,NR5G-SA,n79,-82,-82,-10,22,-62,8.8,C3228E001,568
2026-06-10 16:11:10.678,2026-06-10 16:13:06.874,22.6591200,114.5010601,200.0,10.0,0.02,344.3,42.5,21.6,258.8,6290.04,10.0,2.0,2.5,NR5G-SA,n79,-81,-81,-10,27,-61,13.7,C3228E001,568
2026-06-10 16:11:10.878,2026-06-10 16:13:07.074,22.6591416,114.5010534,200.0,10.0,-0.04,344.3,42.5,21.6,256.3,6292.54,10.0,2.0,2.5,NR5G-SA,n79,-81,-81,-10,27,-61,10.5,C3228E001,568
2026-06-10 16:11:11.078,2026-06-10 16:13:07.474,22.6591631,114.5010468,200.0,9.9,-0.04,344.3,15.8,21.6,253.8,6295.03,10.0,2.0,2.5,NR5G-SA,n79,-81,-81,-10,27,-61,6.7,C3228E001,568
2026-06-10 16:11:11.279,2026-06-10 16:13:07.674,22.6591847,114.5010401,200.0,9.9,0.01,344.2,15.8,19.5,251.3,6297.53,10.0,2.0,2.5,NR5G-SA,n79,-81,-81,-10,27,-61,8.6,C3228E001,568
2026-06-10 16:11:11.479,2026-06-10 16:13:07.674,22.6592062,114.5010336,200.0,9.9,-0.03,344.2,15.8,19.5,248.9,6300.01,10.0,2.0,2.5,NR5G-SA,n79,-82,-82,-10,28,-62,7.2,C3228E001,568
2026-06-10 16:11:11.679,2026-06-10 16:13:07.874,22.6592062,114.5010336,200.0,9.9,-0.03,344.2,15.8,19.5,248.9,6300.01,10.0,2.0,2.5,NR5G-SA,n79,-82,-82,-10,28,-62,10.5,C3228E001,568
2026-06-10 16:11:11.880,2026-06-10 16:13:08.074,22.6592278,114.5010270,200.0,9.9,-0.04,344.2,15.8,19.5,246.4,6302.51,10.0,2.0,2.5,NR5G-SA,n79,-82,-82,-10,28,-62,6.8,C3228E001,568
2026-06-10 16:11:12.080,2026-06-10 16:13:08.474,22.6592494,114.5010203,200.0,10.0,-0.03,344.3,0.0,19.5,243.9,6305.01,10.0,2.0,2.5,NR5G-SA,n79,-82,-82,-10,28,-62,7.9,C3228E001,568
2026-06-10 16:11:12.280,2026-06-10 16:13:08.674,22.6592709,114.5010137,200.0,9.9,-0.00,344.3,0.0,19.5,241.4,6307.50,10.0,2.0,2.5,NR5G-SA,n79,-82,-82,-10,29,-62,6.2,C3228E001,568
2026-06-10 16:11:12.481,2026-06-10 16:13:08.674,22.6592925,114.5010069,200.0,9.9,-0.01,344.2,0.0,17.9,238.9,6310.00,10.0,2.0,2.5,NR5G-SA,n79,-82,-82,-10,29,-62,7.8,C3228E001,568
2026-06-10 16:11:12.681,2026-06-10 16:13:08.874,22.6592925,114.5010069,200.0,9.9,-0.01,344.2,0.0,17.9,238.9,6310.00,10.0,2.0,2.5,NR5G-SA,n79,-82,-82,-10,29,-62,10.7,C3228E001,568
2026-06-10 16:11:12.882,2026-06-10 16:13:09.074,22.6593140,114.5010002,200.0,10.0,-0.01,344.2,0.0,17.9,236.4,6312.49,10.0,2.0,2.5,NR5G-SA,n79,-82,-82,-10,30,-62,7.9,C3228E001,568
2026-06-10 16:11:13.082,2026-06-10 16:13:09.474,22.6593355,114.5009935,200.0,9.9,0.01,344.3,4.9,17.9,233.9,6314.98,10.0,2.0,2.5,NR5G-SA,n79,-82,-82,-10,30,-62,6.6,C3228E001,568
2026-06-10 16:11:13.282,2026-06-10 16:13:09.674,22.6593572,114.5009867,200.0,10.0,-0.02,344.3,4.9,17.9,231.4,6317.50,10.0,2.0,2.5,NR5G-SA,n79,-82,-82,-10,30,-62,6.6,C3228E001,568
2026-06-10 16:11:13.483,2026-06-10 16:13:09.674,22.6593788,114.5009801,200.0,9.9,0.03,344.3,4.9,17.4,228.9,6320.00,10.0,2.0,2.5,NR5G-SA,n79,-82,-82,-10,31,-62,9.9,C3228E001,568
2026-06-10 16:11:13.683,2026-06-10 16:13:09.874,22.6593788,114.5009801,200.0,9.9,0.03,344.3,4.9,17.4,228.9,6320.00,10.0,2.0,2.5,NR5G-SA,n79,-82,-82,-10,31,-62,10.5,C3228E001,568
2026-06-10 16:11:13.883,2026-06-10 16:13:10.074,22.6594004,114.5009734,200.0,9.9,0.01,344.4,4.9,17.4,226.4,6322.50,10.0,2.0,2.5,NR5G-SA,n79,-82,-82,-10,31,-62,6.7,C3228E001,568
2026-06-10 16:11:14.084,2026-06-10 16:13:10.474,22.6594221,114.5009666,200.0,10.0,-0.05,344.2,0.0,17.4,223.9,6325.01,10.0,2.0,2.5,NR5G-SA,n79,-82,-82,-10,31,-62,6.5,C3228E001,568
2026-06-10 16:11:14.284,2026-06-10 16:13:10.674,22.6594437,114.5009600,200.0,10.0,-0.01,344.2,0.0,17.4,221.4,6327.51,10.0,2.0,2.5,NR5G-SA,n79,-82,-82,-10,31,-62,6.3,C3228E001,568
2026-06-10 16:11:14.485,2026-06-10 16:13:10.674,22.6594653,114.5009533,200.0,9.9,0.02,344.2,0.0,16.5,218.9,6330.01,10.0,2.0,2.5,NR5G-SA,n79,-80,-80,-10,24,-60,8.1,C3228E001,568
2026-06-10 16:11:14.685,2026-06-10 16:13:10.874,22.6594653,114.5009533,200.0,9.9,0.02,344.2,0.0,16.5,218.9,6330.01,10.0,2.0,2.5,NR5G-SA,n79,-80,-80,-10,24,-60,12.9,C3228E001,568
2026-06-10 16:11:14.885,2026-06-10 16:13:11.073,22.6594869,114.5009466,200.0,9.9,0.04,344.2,0.0,16.5,216.4,6332.51,10.0,2.0,2.5,NR5G-SA,n79,-80,-80,-10,24,-60,8.3,C3228E001,568
2026-06-10 16:11:15.086,2026-06-10 16:13:11.473,22.6595084,114.5009398,200.0,10.0,-0.01,344.3,7.9,16.5,213.9,6335.01,10.0,2.0,2.5,NR5G-SA,n79,-80,-80,-10,22,-60,5.5,C3228E001,568
2026-06-10 16:11:15.286,2026-06-10 16:13:11.673,22.6595300,114.5009331,200.0,10.0,-0.03,344.2,7.9,16.5,211.4,6337.51,10.0,2.0,2.5,NR5G-SA,n79,-80,-80,-10,22,-60,4.6,C3228E001,568
2026-06-10 16:11:15.487,2026-06-10 16:13:11.873,22.6595515,114.5009265,200.0,10.0,-0.01,344.2,7.9,16.4,208.9,6339.99,10.0,2.0,2.5,NR5G-SA,n79,-80,-80,-10,22,-60,5.2,C3228E001,568
2026-06-10 16:11:15.687,2026-06-10 16:13:11.873,22.6595515,114.5009265,200.0,10.0,-0.01,344.2,7.9,16.4,208.9,6339.99,10.0,2.0,2.5,NR5G-SA,n79,-80,-80,-10,23,-60,13.5,C3228E001,568
2026-06-10 16:11:15.887,2026-06-10 16:13:12.073,22.6595731,114.5009199,200.0,10.0,-0.02,344.2,7.9,16.4,206.4,6342.49,10.0,2.0,2.5,NR5G-SA,n79,-80,-80,-10,23,-60,7.1,C3228E001,568
2026-06-10 16:11:16.088,2026-06-10 16:13:12.473,22.6595948,114.5009132,200.0,10.0,-0.04,344.2,0.0,16.4,203.9,6345.01,10.0,2.0,2.5,NR5G-SA,n79,-80,-80,-10,23,-60,6.3,C3228E001,568
2026-06-10 16:11:16.288,2026-06-10 16:13:12.673,22.6596164,114.5009065,200.0,10.0,-0.01,344.2,0.0,16.4,201.4,6347.51,10.0,2.0,2.5,NR5G-SA,n79,-80,-80,-10,23,-60,5.8,C3228E001,568
2026-06-10 16:11:16.489,2026-06-10 16:13:12.673,22.6596380,114.5008998,200.0,10.0,-0.01,344.2,0.0,15.9,198.9,6350.01,10.0,2.0,2.5,NR5G-SA,n79,-80,-80,-10,23,-60,8.7,C3228E001,568
2026-06-10 16:11:16.689,2026-06-10 16:13:12.873,22.6596380,114.5008998,200.0,10.0,-0.01,344.2,0.0,15.9,198.9,6350.01,10.0,2.0,2.5,NR5G-SA,n79,-79,-79,-10,32,-59,14.0,C3228E001,568
2026-06-10 16:11:16.889,2026-06-10 16:13:13.073,22.6596596,114.5008931,200.0,10.0,-0.02,344.2,0.0,15.9,196.4,6352.51,10.0,2.0,2.5,NR5G-SA,n79,-79,-79,-10,32,-59,9.1,C3228E001,568
2026-06-10 16:11:17.089,2026-06-10 16:13:13.473,22.6596811,114.5008864,200.0,9.9,-0.00,344.2,17.4,15.9,193.9,6355.00,10.0,2.0,2.5,NR5G-SA,n79,-79,-79,-10,32,-59,6.0,C3228E001,568
2026-06-10 16:11:17.290,2026-06-10 16:13:13.673,22.6597026,114.5008797,200.0,10.0,-0.02,344.2,17.4,15.9,191.4,6357.49,10.0,2.0,2.5,NR5G-SA,n79,-79,-79,-10,30,-59,5.6,C3228E001,568
2026-06-10 16:11:17.490,2026-06-10 16:13:13.673,22.6597243,114.5008730,200.0,10.0,0.01,344.1,17.4,16.9,188.9,6360.00,10.0,2.0,2.5,NR5G-SA,n79,-79,-79,-10,30,-59,6.7,C3228E001,568
2026-06-10 16:11:17.691,2026-06-10 16:13:13.873,22.6597243,114.5008730,200.0,10.0,0.01,344.1,17.4,16.9,188.9,6360.00,10.0,2.0,2.5,NR5G-SA,n79,-79,-79,-10,30,-59,15.2,C3228E001,568
2026-06-10 16:11:17.891,2026-06-10 16:13:14.073,22.6597460,114.5008662,200.0,10.0,0.04,344.2,17.4,16.9,186.4,6362.52,10.0,2.0,2.5,NR5G-SA,n79,-79,-79,-10,30,-59,7.2,C3228E001,568
2026-06-10 16:11:18.091,2026-06-10 16:13:14.473,22.6597676,114.5008594,200.0,9.9,0.05,344.1,41.7,16.9,183.9,6365.02,10.0,2.0,2.5,NR5G-SA,n79,-79,-79,-10,30,-59,6.4,C3228E001,568
2026-06-10 16:11:18.292,2026-06-10 16:13:14.673,22.6597892,114.5008526,200.0,10.0,-0.01,344.1,41.7,16.9,181.4,6367.52,10.0,2.0,2.5,NR5G-SA,n79,-79,-79,-10,30,-59,4.9,C3228E001,568
2026-06-10 16:11:18.492,2026-06-10 16:13:14.873,22.6598109,114.5008459,200.0,10.0,0.00,344.2,41.7,16.7,178.8,6370.03,10.0,2.0,2.5,NR5G-SA,n79,-79,-79,-10,31,-59,3.8,C3228E001,568
2026-06-10 16:11:18.693,2026-06-10 16:13:14.873,22.6598109,114.5008459,200.0,10.0,0.00,344.2,41.7,16.7,178.8,6370.03,10.0,2.0,2.5,NR5G-SA,n79,-79,-79,-10,31,-59,14.7,C3228E001,568
2026-06-10 16:11:18.893,2026-06-10 16:13:15.073,22.6598324,114.5008391,200.0,10.0,-0.02,344.3,41.7,16.7,176.3,6372.53,10.0,2.0,2.5,NR5G-SA,n79,-79,-79,-10,30,-59,7.2,C3228E001,568
2026-06-10 16:11:19.093,2026-06-10 16:13:15.473,22.6598540,114.5008324,200.0,9.9,-0.03,344.3,41.7,16.7,173.8,6375.03,10.0,2.0,2.5,NR5G-SA,n79,-79,-79,-10,30,-59,6.7,C3228E001,568
2026-06-10 16:11:19.294,2026-06-10 16:13:15.673,22.6598757,114.5008257,200.0,10.0,0.00,344.3,25.8,16.7,171.3,6377.54,10.0,2.0,2.5,NR5G-SA,n79,-79,-79,-10,30,-59,5.2,C3228E001,568
2026-06-10 16:11:19.494,2026-06-10 16:13:15.673,22.6598973,114.5008189,200.0,9.9,0.05,344.2,25.8,20.2,168.8,6380.04,10.0,2.0,2.5,NR5G-SA,n79,-79,-79,-10,30,-59,7.2,C3228E001,568
2026-06-10 16:11:19.695,2026-06-10 16:13:15.873,22.6599189,114.5008121,200.0,9.9,0.05,344.2,25.8,20.2,166.3,6382.55,10.0,2.0,2.5,NR5G-SA,n79,-79,-79,-10,30,-59,13.8,C3228E001,568
2026-06-10 16:11:19.895,2026-06-10 16:13:16.073,22.6599189,114.5008121,200.0,9.9,0.02,344.2,25.8,20.2,166.3,6382.55,10.0,2.0,2.5,NR5G-SA,n79,-79,-79,-10,30,-59,6.8,C3228E001,568
2026-06-10 16:11:20.095,2026-06-10 16:13:16.473,22.6599405,114.5008055,200.0,10.0,-0.02,344.2,38.1,20.2,163.8,6385.05,10.0,2.0,2.5,NR5G-SA,n79,-79,-79,-10,30,-59,5.6,C3228E001,568
2026-06-10 16:11:20.296,2026-06-10 16:13:16.673,22.6599622,114.5007989,200.0,10.0,-0.00,344.2,38.1,20.2,161.3,6387.56,10.0,2.0,2.5,NR5G-SA,n79,-79,-79,-10,30,-59,4.9,C3228E001,568
2026-06-10 16:11:20.496,2026-06-10 16:13:16.873,22.6599838,114.5007923,200.0,10.0,-0.05,344.2,38.1,21.8,158.8,6390.05,10.0,2.0,2.5,NR5G-SA,n79,-79,-79,-10,30,-59,5.5,C3228E001,568
2026-06-10 16:11:20.696,2026-06-10 16:13:16.873,22.6599838,114.5007923,200.0,10.0,-0.05,344.2,38.1,21.8,158.8,6390.05,10.0,2.0,2.5,NR5G-SA,n79,-79,-79,-10,30,-59,10.5,C3228E001,568
2026-06-10 16:11:20.897,2026-06-10 16:13:17.073,22.6600053,114.5007856,200.0,9.9,-0.01,344.2,38.1,21.8,156.3,6392.54,10.0,2.0,2.5,NR5G-SA,n79,-79,-79,-10,30,-59,6.8,C3228E001,568
2026-06-10 16:11:21.097,2026-06-10 16:13:17.473,22.6600268,114.5007790,200.0,9.9,0.01,344.2,38.1,21.8,153.8,6395.03,10.0,2.0,2.5,NR5G-SA,n79,-79,-79,-10,29,-59,6.3,C3228E001,568
2026-06-10 16:11:21.297,2026-06-10 16:13:17.673,22.6600485,114.5007722,200.0,10.0,-0.05,344.1,32.5,21.8,151.3,6397.55,10.0,2.0,2.5,NR5G-SA,n79,-79,-79,-10,29,-59,6.2,C3228E001,568
2026-06-10 16:11:21.498,2026-06-10 16:13:17.673,22.6600700,114.5007654,200.0,10.0,-0.00,344.1,32.5,22.1,148.8,6400.04,10.0,2.0,2.5,NR5G-SA,n79,-79,-79,-10,29,-59,6.5,C3228E001,568
2026-06-10 16:11:21.698,2026-06-10 16:13:17.873,22.6600917,114.5007587,200.0,10.0,0.01,344.1,32.5,22.1,146.3,6402.55,10.0,2.0,2.5,NR5G-SA,n79,-79,-79,-10,29,-59,10.7,C3228E001,568
2026-06-10 16:11:21.899,2026-06-10 16:13:18.073,22.6600917,114.5007587,200.0,10.0,0.01,344.1,32.5,22.1,146.3,6402.55,10.0,2.0,2.5,NR5G-SA,n79,-79,-79,-10,29,-59,5.9,C3228E001,568
2026-06-10 16:11:22.099,2026-06-10 16:13:18.473,22.6601133,114.5007519,200.0,10.0,0.00,344.0,32.5,22.1,143.8,6405.06,10.0,2.0,2.5,NR5G-SA,n79,-79,-79,-10,29,-59,5.8,C3228E001,568
2026-06-10 16:11:22.299,2026-06-10 16:13:18.673,22.6601349,114.5007453,200.0,9.9,-0.01,344.1,30.0,22.1,141.3,6407.55,10.0,2.0,2.5,NR5G-SA,n79,-79,-79,-10,29,-59,6.4,C3228E001,568
2026-06-10 16:11:22.500,2026-06-10 16:13:18.673,22.6601565,114.5007386,200.0,10.0,-0.03,344.1,30.0,22.1,138.8,6410.06,10.0,2.0,2.5,NR5G-SA,n79,-79,-79,-10,29,-59,7.8,C3228E001,568
2026-06-10 16:11:22.700,2026-06-10 16:13:18.873,22.6601782,114.5007320,200.0,10.0,-0.03,344.1,30.0,21.4,136.3,6412.56,10.0,2.0,2.5,NR5G-SA,n79,-79,-79,-10,29,-59,11.5,C3228E001,568
2026-06-10 16:11:22.900,2026-06-10 16:13:19.073,22.6601782,114.5007320,200.0,9.9,0.01,344.1,30.0,21.4,136.3,6412.56,10.0,2.0,2.5,NR5G-SA,n79,-83,-83,-10,19,-63,6.7,C3228E001,568
2026-06-10 16:11:23.101,2026-06-10 16:13:19.473,22.6601997,114.5007253,200.0,9.9,-0.03,344.1,30.0,21.4,133.8,6415.05,10.0,2.0,2.5,NR5G-SA,n79,-83,-83,-10,19,-63,6.5,C3228E001,568
2026-06-10 16:11:23.301,2026-06-10 16:13:19.673,22.6602213,114.5007185,200.0,9.9,-0.01,344.1,39.4,21.4,131.3,6417.56,10.0,2.0,2.5,NR5G-SA,n79,-83,-83,-10,17,-63,5.0,C3228E001,568
2026-06-10 16:11:23.502,2026-06-10 16:13:19.873,22.6602429,114.5007118,200.0,9.9,-0.01,344.1,39.4,21.4,128.8,6420.06,10.0,2.0,2.5,NR5G-SA,n79,-83,-83,-10,17,-63,5.8,C3228E001,568
2026-06-10 16:11:23.702,2026-06-10 16:13:19.873,22.6602645,114.5007051,200.0,9.9,-0.01,344.1,39.4,22.1,126.3,6422.56,10.0,2.0,2.5,NR5G-SA,n79,-83,-83,-10,17,-63,11.6,C3228E001,568
2026-06-10 16:11:23.903,2026-06-10 16:13:20.073,22.6602645,114.5007051,200.0,10.0,-0.04,344.1,39.4,22.1,126.3,6422.56,10.0,2.0,2.5,NR5G-SA,n79,-83,-83,-10,18,-63,6.4,C3228E001,568
2026-06-10 16:11:24.103,2026-06-10 16:13:20.473,22.6602861,114.5006985,200.0,9.9,0.00,344.1,39.4,22.1,123.8,6425.06,10.0,2.0,2.5,NR5G-SA,n79,-83,-83,-10,18,-63,5.4,C3228E001,568
2026-06-10 16:11:24.303,2026-06-10 16:13:20.673,22.6603077,114.5006918,200.0,9.9,0.01,344.1,22.4,22.1,121.3,6427.56,10.0,2.0,2.5,NR5G-SA,n79,-83,-83,-10,18,-63,6.2,C3228E001,568
2026-06-10 16:11:24.504,2026-06-10 16:13:20.873,22.6603294,114.5006851,200.0,10.0,-0.01,344.1,22.4,22.1,118.8,6430.07,10.0,2.0,2.5,NR5G-SA,n79,-86,-86,-10,25,-66,5.8,C3228E001,568
2026-06-10 16:11:24.704,2026-06-10 16:13:20.873,22.6603510,114.5006784,200.0,10.0,-0.01,344.1,22.4,19.6,116.3,6432.57,10.0,2.0,2.5,NR5G-SA,n79,-86,-86,-10,25,-66,13.4,C3228E001,568
2026-06-10 16:11:24.904,2026-06-10 16:13:21.073,22.6603510,114.5006784,200.0,9.9,0.04,344.1,22.4,19.6,116.3,6432.57,10.0,2.0,2.5,NR5G-SA,n79,-86,-86,-10,25,-66,6.5,C3228E001,568
2026-06-10 16:11:25.105,2026-06-10 16:13:21.473,22.6603727,114.5006716,200.0,9.9,-0.01,344.0,22.4,19.6,113.8,6435.09,10.0,2.0,2.5,NR5G-SA,n79,-85,-85,-10,28,-65,5.5,C3228E001,568
2026-06-10 16:11:25.305,2026-06-10 16:13:21.673,22.6603944,114.5006650,200.0,10.0,-0.02,344.1,0.0,19.6,111.3,6437.60,10.0,2.0,2.5,NR5G-SA,n79,-85,-85,-10,28,-65,5.5,C3228E001,568
2026-06-10 16:11:25.506,2026-06-10 16:13:21.873,22.6604160,114.5006583,200.0,9.9,0.04,344.1,0.0,19.6,108.8,6440.10,10.0,2.0,2.5,NR5G-SA,n79,-87,-87,-10,28,-67,6.1,C3228E001,568
2026-06-10 16:11:25.706,2026-06-10 16:13:21.873,22.6604160,114.5006583,200.0,9.9,0.04,344.1,0.0,17.9,108.8,6440.10,10.0,2.0,2.5,NR5G-SA,n79,-87,-87,-10,28,-67,13.4,C3228E001,568
2026-06-10 16:11:25.906,2026-06-10 16:13:22.073,22.6604376,114.5006517,200.0,10.0,-0.02,344.1,0.0,17.9,106.3,6442.60,10.0,2.0,2.5,NR5G-SA,n79,-87,-87,-10,28,-67,6.3,C3228E001,568
2026-06-10 16:11:26.107,2026-06-10 16:13:22.473,22.6604593,114.5006451,200.0,9.9,0.02,344.1,0.0,17.9,103.8,6445.10,10.0,2.0,2.5,NR5G-SA,n79,-87,-87,-10,28,-67,5.5,C3228E001,568
2026-06-10 16:11:26.307,2026-06-10 16:13:22.673,22.6604809,114.5006385,200.1,10.0,-0.01,344.1,13.4,17.9,101.3,6447.60,10.0,2.0,2.5,NR5G-SA,n79,-87,-87,-10,28,-67,4.8,C3228E001,568
2026-06-10 16:11:26.507,2026-06-10 16:13:22.673,22.6605024,114.5006317,200.1,9.9,0.02,344.0,13.4,17.9,98.8,6450.10,10.0,2.0,2.5,NR5G-SA,n79,-87,-87,-10,28,-67,6.3,C3228E001,568
2026-06-10 16:11:26.707,2026-06-10 16:13:22.873,22.6605024,114.5006317,200.1,9.9,0.02,344.0,13.4,18.0,98.8,6450.10,10.0,2.0,2.5,NR5G-SA,n79,-88,-88,-10,24,-68,11.7,C3228E001,568
2026-06-10 16:11:26.908,2026-06-10 16:13:23.073,22.6605240,114.5006250,200.1,9.9,-0.07,343.8,13.4,18.0,96.3,6452.60,10.0,2.0,2.5,NR5G-SA,n79,-88,-88,-10,24,-68,7.5,C3228E001,568
2026-06-10 16:11:27.108,2026-06-10 16:13:23.473,22.6605454,114.5006182,200.0,9.9,-0.12,343.8,13.4,18.0,93.8,6455.08,10.0,2.0,2.5,NR5G-SA,n79,-88,-88,-10,24,-68,6.6,C3228E001,568
2026-06-10 16:11:27.309,2026-06-10 16:13:23.673,22.6605670,114.5006114,200.0,10.0,-0.11,344.0,0.0,18.0,91.3,6457.58,10.0,2.0,2.5,NR5G-SA,n79,-88,-88,-10,24,-68,6.2,C3228E001,568
2026-06-10 16:11:27.509,2026-06-10 16:13:23.673,22.6605887,114.5006047,200.0,9.9,-0.02,344.1,0.0,18.0,88.8,6460.10,10.0,2.0,2.5,NR5G-SA,n79,-88,-88,-10,24,-68,7.0,C3228E001,568
2026-06-10 16:11:27.709,2026-06-10 16:13:23.873,22.6605887,114.5006047,200.0,9.9,-0.02,344.1,0.0,17.0,88.8,6460.10,10.0,2.0,2.5,NR5G-SA,n79,-88,-88,-10,24,-68,12.6,C3228E001,568
2026-06-10 16:11:27.910,2026-06-10 16:13:24.073,22.6606103,114.5005982,200.0,9.9,0.04,344.1,0.0,17.0,86.3,6462.59,10.0,2.0,2.5,NR5G-SA,n79,-88,-88,-10,24,-68,7.4,C3228E001,568
2026-06-10 16:11:28.110,2026-06-10 16:13:24.473,22.6606320,114.5005916,200.0,10.0,0.03,344.0,0.0,17.0,83.8,6465.10,10.0,2.0,2.5,NR5G-SA,n79,-88,-88,-10,24,-68,6.5,C3228E001,568
2026-06-10 16:11:28.310,2026-06-10 16:13:24.673,22.6606536,114.5005849,200.0,10.0,0.03,344.0,2.3,17.0,81.3,6467.60,10.0,2.0,2.5,NR5G-SA,n79,-88,-88,-10,23,-68,6.5,C3228E001,568
2026-06-10 16:11:28.511,2026-06-10 16:13:24.873,22.6606752,114.5005783,200.0,10.0,-0.02,344.0,2.3,17.0,78.8,6470.10,10.0,2.0,2.5,NR5G-SA,n79,-88,-88,-10,23,-68,4.2,C3228E001,568
2026-06-10 16:11:28.711,2026-06-10 16:13:24.873,22.6606968,114.5005717,200.0,10.0,-0.06,344.1,2.3,16.8,76.3,6472.60,10.0,2.0,2.5,NR5G-SA,n79,-88,-88,-10,23,-68,13.2,C3228E001,568
2026-06-10 16:11:28.912,2026-06-10 16:13:25.073,22.6606968,114.5005717,200.0,10.0,-0.06,344.1,2.3,16.8,76.3,6472.60,10.0,2.0,2.5,NR5G-SA,n79,-87,-87,-10,22,-67,5.7,C3228E001,568
2026-06-10 16:11:29.112,2026-06-10 16:13:25.473,22.6607184,114.5005651,200.0,10.0,-0.03,344.2,2.3,16.8,73.8,6475.10,10.0,2.0,2.5,NR5G-SA,n79,-87,-87,-10,22,-67,5.9,C3228E001,568
2026-06-10 16:11:29.312,2026-06-10 16:13:25.673,22.6607400,114.5005584,200.0,9.9,-0.04,344.2,0.0,16.8,71.3,6477.60,10.0,2.0,2.5,NR5G-SA,n79,-87,-87,-10,22,-67,5.6,C3228E001,568
2026-06-10 16:11:29.513,2026-06-10 16:13:25.873,22.6607615,114.5005517,200.0,10.0,-0.02,344.2,0.0,16.8,68.8,6480.09,10.0,2.0,2.5,NR5G-SA,n79,-88,-88,-10,19,-68,4.9,C3228E001,568
2026-06-10 16:11:29.713,2026-06-10 16:13:25.873,22.6607831,114.5005450,200.0,9.9,-0.01,344.1,0.0,16.3,66.3,6482.59,10.0,2.0,2.5,NR5G-SA,n79,-88,-88,-10,19,-68,10.7,C3228E001,568
2026-06-10 16:11:29.913,2026-06-10 16:13:26.073,22.6607831,114.5005450,200.0,9.9,-0.01,344.1,0.0,16.3,66.3,6482.59,10.0,2.0,2.5,NR5G-SA,n79,-88,-88,-10,19,-68,5.0,C3228E001,568
2026-06-10 16:11:30.114,2026-06-10 16:13:26.473,22.6608047,114.5005382,200.0,10.0,0.02,344.1,0.0,16.3,63.8,6485.09,10.0,2.0,2.5,NR5G-SA,n79,-88,-88,-10,16,-68,4.6,C3228E001,568
2026-06-10 16:11:30.314,2026-06-10 16:13:26.673,22.6608262,114.5005314,200.0,10.0,0.02,344.1,9.9,16.3,61.3,6487.59,10.0,2.0,2.5,NR5G-SA,n79,-88,-88,-10,16,-68,6.9,C3228E001,568
2026-06-10 16:11:30.514,2026-06-10 16:13:26.873,22.6608479,114.5005247,200.0,10.0,0.01,344.0,9.9,16.3,58.8,6490.10,10.0,2.0,2.5,NR5G-SA,n79,-88,-88,-10,14,-68,7.3,C3228E001,568
2026-06-10 16:11:30.715,2026-06-10 16:13:26.873,22.6608694,114.5005179,200.0,10.0,-0.02,344.1,9.9,16.0,56.3,6492.59,10.0,2.0,2.5,NR5G-SA,n79,-88,-88,-10,14,-68,11.3,C3228E001,568
2026-06-10 16:11:30.915,2026-06-10 16:13:27.073,22.6608694,114.5005179,200.0,10.0,-0.02,344.1,9.9,16.0,56.3,6492.59,10.0,2.0,2.5,NR5G-SA,n79,-88,-88,-10,14,-68,5.1,C3228E001,568
2026-06-10 16:11:31.115,2026-06-10 16:13:27.473,22.6608909,114.5005112,200.0,10.0,-0.03,344.0,9.9,16.0,53.8,6495.08,10.0,2.0,2.5,NR5G-SA,n79,-88,-88,-10,17,-68,5.2,C3228E001,568
2026-06-10 16:11:31.316,2026-06-10 16:13:27.673,22.6609125,114.5005044,200.0,10.0,0.03,344.1,0.0,16.0,51.3,6497.58,10.0,2.0,2.5,NR5G-SA,n79,-88,-88,-10,17,-68,5.5,C3228E001,568
2026-06-10 16:11:31.516,2026-06-10 16:13:27.873,22.6609341,114.5004977,200.0,10.0,-0.02,344.0,0.0,16.0,48.8,6500.09,10.0,2.0,2.5,NR5G-SA,n79,-88,-88,-10,17,-68,4.9,C3228E001,568
2026-06-10 16:11:31.716,2026-06-10 16:13:27.873,22.6609557,114.5004910,200.0,10.0,-0.02,344.0,0.0,15.5,46.3,6502.59,10.0,2.0,2.5,NR5G-SA,n79,-88,-88,-10,21,-68,11.5,C3228E001,568
2026-06-10 16:11:31.917,2026-06-10 16:13:28.073,22.6609557,114.5004910,200.0,10.0,-0.02,344.0,0.0,15.5,46.3,6502.59,10.0,2.0,2.5,NR5G-SA,n79,-88,-88,-10,21,-68,6.5,C3228E001,568
2026-06-10 16:11:32.117,2026-06-10 16:13:28.473,22.6609772,114.5004842,200.0,10.0,-0.01,344.0,0.0,15.5,43.8,6505.08,10.0,2.0,2.5,NR5G-SA,n79,-88,-88,-10,21,-68,6.6,C3228E001,568
2026-06-10 16:11:32.317,2026-06-10 16:13:28.673,22.6609989,114.5004774,200.0,10.0,-0.01,343.9,20.1,15.5,41.3,6507.59,10.0,2.0,2.5,NR5G-SA,n79,-88,-88,-10,24,-68,6.0,C3228E001,568
2026-06-10 16:11:32.518,2026-06-10 16:13:28.873,22.6610205,114.5004707,200.0,10.0,-0.03,343.9,20.1,15.5,38.8,6510.10,10.0,2.0,2.5,NR5G-SA,n79,-88,-88,-10,24,-68,6.0,C3228E001,568
2026-06-10 16:11:32.718,2026-06-10 16:13:28.873,22.6610421,114.5004640,200.0,10.0,-0.00,344.0,20.1,15.5,36.3,6512.60,10.0,2.0,2.5,NR5G-SA,n79,-44,-44,-10,26,-24,10.3,C3228E001,568
2026-06-10 16:11:32.918,2026-06-10 16:13:29.073,22.6610421,114.5004640,200.0,10.0,-0.00,344.0,20.1,17.2,36.3,6512.60,10.0,2.0,2.5,NR5G-SA,n79,-44,-44,-10,26,-24,6.6,C3228E001,568
2026-06-10 16:11:33.119,2026-06-10 16:13:29.473,22.6610638,114.5004573,200.0,10.0,-0.03,343.8,20.1,17.2,33.8,6515.11,10.0,2.0,2.5,NR5G-SA,n79,-44,-44,-10,26,-24,7.2,C3228E001,568
2026-06-10 16:11:33.319,2026-06-10 16:13:29.673,22.6610855,114.5004505,200.0,10.0,-0.05,343.8,40.8,17.2,31.3,6517.62,10.0,2.0,2.5,NR5G-SA,n79,-44,-44,-10,28,-24,7.0,C3228E001,568
2026-06-10 16:11:33.519,2026-06-10 16:13:29.873,22.6611071,114.5004438,200.0,10.0,-0.09,343.8,40.8,17.2,28.8,6520.12,10.0,2.0,2.5,NR5G-SA,n79,-44,-44,-10,28,-24,6.0,C3228E001,568
2026-06-10 16:11:33.720,2026-06-10 16:13:29.873,22.6611285,114.5004371,200.0,9.8,-0.02,344.1,40.8,17.2,26.3,6522.60,10.0,2.0,2.5,NR5G-SA,n79,-44,-44,-10,28,-24,8.1,C3228E001,568
2026-06-10 16:11:33.920,2026-06-10 16:13:30.073,22.6611285,114.5004371,200.0,9.8,-0.02,344.1,40.8,18.9,26.3,6522.60,10.0,2.0,2.5,NR5G-SA,n79,-44,-44,-10,26,-24,7.7,C3228E001,568
2026-06-10 16:11:34.120,2026-06-10 16:13:30.473,22.6611497,114.5004306,200.0,9.7,0.04,344.2,40.8,18.9,23.8,6525.06,10.0,2.0,2.5,NR5G-SA,n79,-44,-44,-10,26,-24,6.2,C3228E001,568
2026-06-10 16:11:34.321,2026-06-10 16:13:30.673,22.6611701,114.5004242,200.0,9.4,0.07,344.4,28.9,18.9,21.5,6527.42,10.0,2.0,2.5,NR5G-SA,n79,-44,-44,-10,26,-24,6.2,C3228E001,568
2026-06-10 16:11:34.521,2026-06-10 16:13:30.873,22.6611900,114.5004180,200.1,9.1,0.03,344.4,28.9,18.9,19.1,6529.73,10.0,2.0,2.5,NR5G-SA,n79,-44,-44,-10,24,-24,7.1,C3228E001,568
2026-06-10 16:11:34.722,2026-06-10 16:13:30.873,22.6612090,114.5004120,200.1,8.7,0.00,344.5,28.9,18.9,16.9,6531.93,10.0,2.0,2.5,NR5G-SA,n79,-44,-44,-10,24,-24,9.7,C3228E001,568
2026-06-10 16:11:34.922,2026-06-10 16:13:31.073,22.6612090,114.5004120,200.1,8.7,0.00,344.5,28.9,19.5,16.9,6531.93,10.0,2.0,2.5,NR5G-SA,n79,-44,-44,-10,22,-24,10.2,C3228E001,568
2026-06-10 16:11:35.122,2026-06-10 16:13:31.473,22.6612272,114.5004063,200.0,8.2,-0.02,344.6,28.9,19.5,14.8,6534.04,10.0,2.0,2.5,NR5G-SA,n79,-44,-44,-10,22,-24,5.9,C3228E001,568
2026-06-10 16:11:35.322,2026-06-10 16:13:31.673,22.6612443,114.5004009,200.0,7.7,-0.04,344.6,34.7,19.5,12.9,6536.02,10.0,2.0,2.5,NR5G-SA,n79,-44,-44,-10,22,-24,6.1,C3228E001,568
2026-06-10 16:11:35.523,2026-06-10 16:13:31.873,22.6612603,114.5003960,200.0,7.2,-0.03,344.5,34.7,19.5,11.0,6537.87,10.0,2.0,2.5,NR5G-SA,n79,-44,-44,-10,19,-24,5.5,C3228E001,568
2026-06-10 16:11:35.723,2026-06-10 16:13:31.873,22.6612751,114.5003915,200.0,6.6,-0.05,344.4,34.7,19.5,9.3,6539.58,10.0,2.0,2.5,NR5G-SA,n79,-44,-44,-10,19,-24,11.1,C3228E001,568
2026-06-10 16:11:35.924,2026-06-10 16:13:32.073,22.6612751,114.5003915,200.0,6.6,-0.05,344.4,34.7,19.8,9.3,6539.58,10.0,2.0,2.5,NR5G-SA,n79,-44,-44,-10,19,-24,11.6,C3228E001,568
2026-06-10 16:11:36.124,2026-06-10 16:13:32.473,22.6612885,114.5003874,200.0,6.0,-0.09,344.6,34.7,19.8,7.7,6541.13,10.0,2.0,2.5,NR5G-SA,n79,-44,-44,-10,16,-24,6.5,C3228E001,568
2026-06-10 16:11:36.324,2026-06-10 16:13:32.673,22.6613006,114.5003835,200.0,5.4,-0.10,344.8,35.6,19.8,6.3,6542.54,10.0,2.0,2.5,NR5G-SA,n79,-44,-44,-10,16,-24,8.1,C3228E001,568
2026-06-10 16:11:36.525,2026-06-10 16:13:32.873,22.6613115,114.5003799,200.0,4.8,-0.04,344.9,35.6,19.8,5.1,6543.81,10.0,2.0,2.5,NR5G-SA,n79,-44,-44,-10,16,-24,8.0,C3228E001,568
2026-06-10 16:11:36.725,2026-06-10 16:13:32.873,22.6613212,114.5003767,200.0,4.3,-0.03,345.0,35.6,19.8,3.9,6544.93,10.0,2.0,2.5,NR5G-SA,n79,-44,-44,-10,16,-24,10.4,C3228E001,568
2026-06-10 16:11:36.926,2026-06-10 16:13:33.073,22.6613212,114.5003767,200.0,4.3,-0.03,345.0,35.6,20.3,3.9,6544.93,10.0,2.0,2.5,NR5G-SA,n79,-44,-44,-10,16,-24,11.1,C3228E001,568
2026-06-10 16:11:37.126,2026-06-10 16:13:33.473,22.6613298,114.5003740,200.0,3.7,-0.01,345.3,35.6,20.3,2.9,6545.93,10.0,2.0,2.5,NR5G-SA,n79,-96,-96,-10,16,-76,10.9,C3228E001,568
2026-06-10 16:11:37.326,2026-06-10 16:13:33.673,22.6613371,114.5003718,200.0,3.1,0.00,345.6,28.3,20.3,2.1,6546.77,10.0,2.0,2.5,NR5G-SA,n79,-96,-96,-10,16,-76,7.0,C3228E001,568
2026-06-10 16:11:37.527,2026-06-10 16:13:33.873,22.6613432,114.5003701,200.0,2.5,0.01,345.7,28.3,20.3,1.4,6547.48,10.0,2.0,2.5,NR5G-SA,n79,-96,-96,-10,16,-76,4.8,C3228E001,568
2026-06-10 16:11:37.727,2026-06-10 16:13:33.873,22.6613482,114.5003688,200.0,2.0,0.01,345.6,28.3,20.3,0.8,6548.05,10.0,2.0,2.5,NR5G-SA,n79,-94,-94,-10,15,-74,10.3,C3228E001,568
2026-06-10 16:11:37.928,2026-06-10 16:13:34.073,22.6613482,114.5003688,200.0,2.0,0.01,345.6,28.3,22.9,0.8,6548.05,10.0,2.0,2.5,NR5G-SA,n79,-94,-94,-10,15,-74,10.0,C3228E001,568
2026-06-10 16:11:38.128,2026-06-10 16:13:34.473,22.6613521,114.5003679,200.0,1.5,0.01,345.3,28.3,22.9,0.4,6548.49,10.0,2.0,2.5,NR5G-SA,n79,-94,-94,-10,15,-74,10.6,C3228E001,568
2026-06-10 16:11:38.328,2026-06-10 16:13:34.673,22.6613551,114.5003671,200.0,1.1,0.01,345.1,0.0,22.9,0.0,6548.84,10.0,2.0,2.5,NR5G-SA,n79,-97,-97,-10,16,-77,6.8,C3228E001,568
2026-06-10 16:11:38.529,2026-06-10 16:13:34.873,22.6613573,114.5003664,200.0,0.7,0.01,345.0,0.0,22.9,0.2,6549.09,10.0,2.0,2.5,NR5G-SA,n79,-97,-97,-10,16,-77,5.3,C3228E001,568
2026-06-10 16:11:38.729,2026-06-10 16:13:34.873,22.6613588,114.5003660,200.0,0.4,0.00,344.8,0.0,22.9,0.4,6549.26,10.0,2.0,2.5,NR5G-SA,n79,-97,-97,-10,16,-77,8.2,C3228E001,568
2026-06-10 16:11:38.930,2026-06-10 16:13:35.073,22.6613588,114.5003660,200.0,0.4,0.00,344.8,0.0,21.4,0.4,6549.26,10.0,2.0,2.5,NR5G-SA,n79,-97,-97,-11,16,-77,10.7,C3228E001,568
2026-06-10 16:11:39.130,2026-06-10 16:13:35.473,22.6613597,114.5003657,200.0,0.2,0.02,344.6,0.0,21.4,0.5,6549.37,10.0,2.0,2.5,NR5G-SA,n79,-97,-97,-11,16,-77,9.8,C3228E001,568
2026-06-10 16:11:39.331,2026-06-10 16:13:35.673,22.6613603,114.5003656,200.0,0.0,0.01,344.4,0.0,21.4,0.6,6549.44,10.0,2.0,2.5,NR5G-SA,n79,-95,-95,-10,17,-75,6.5,C3228E001,568
2026-06-10 16:11:39.531,2026-06-10 16:13:35.873,22.6613606,114.5003656,200.0,0.1,0.01,344.2,0.0,21.4,0.6,6549.47,10.0,2.0,2.5,NR5G-SA,n79,-95,-95,-10,17,-75,5.6,C3228E001,568
2026-06-10 16:11:39.731,2026-06-10 16:13:35.873,22.6613607,114.5003656,200.0,0.2,0.02,343.2,0.0,21.4,0.6,6549.48,10.0,2.0,2.5,NR5G-SA,n79,-95,-95,-10,17,-75,11.7,C3228E001,568
2026-06-10 16:11:39.932,2026-06-10 16:13:36.073,22.6613607,114.5003656,200.0,0.2,0.02,343.2,0.0,22.5,0.6,6549.48,10.0,2.0,2.5,NR5G-SA,n79,-95,-95,-10,17,-75,16.3,C3228E001,568
2026-06-10 16:11:40.132,2026-06-10 16:13:36.473,22.6613608,114.5003656,200.0,0.2,0.06,334.8,0.0,22.5,0.6,6549.49,10.0,2.0,2.5,NR5G-SA,n79,-95,-95,-10,17,-75,13.0,C3228E001,568
2026-06-10 16:11:40.332,2026-06-10 16:13:36.673,22.6613609,114.5003656,200.0,0.2,0.06,319.7,0.0,22.5,0.6,6549.50,10.0,2.0,2.5,NR5G-SA,n79,-95,-95,-10,17,-75,7.1,C3228E001,568
2026-06-10 16:11:40.533,2026-06-10 16:13:36.873,22.6613609,114.5003655,200.0,0.3,0.04,303.7,0.0,22.5,0.6,6549.51,10.0,2.0,2.5,NR5G-SA,n79,-95,-95,-10,17,-75,6.5,C3228E001,568
2026-06-10 16:11:40.733,2026-06-10 16:13:36.873,22.6613607,114.5003654,200.0,0.3,0.01,287.7,0.0,22.5,0.6,6549.54,10.0,2.0,2.5,NR5G-SA,n79,-94,-94,-10,17,-74,7.9,C3228E001,568
2026-06-10 16:11:40.933,2026-06-10 16:13:37.073,22.6613607,114.5003654,200.0,0.3,0.01,287.7,0.0,22.5,0.6,6549.54,10.0,2.0,2.5,NR5G-SA,n79,-97,-97,-10,18,-77,10.6,C3228E001,568
2026-06-10 16:11:41.134,2026-06-10 16:13:37.473,22.6613602,114.5003651,200.0,0.3,0.00,272.1,0.0,23.3,0.6,6549.60,10.0,2.0,2.5,NR5G-SA,n79,-87,-87,-10,18,-67,10.6,C3228E001,568
2026-06-10 16:11:41.334,2026-06-10 16:13:37.673,22.6613596,114.5003650,200.0,0.3,0.00,256.7,0.0,23.3,0.5,6549.67,10.0,2.0,2.5,NR5G-SA,n79,-87,-87,-10,18,-67,5.9,C3228E001,568
2026-06-10 16:11:41.535,2026-06-10 16:13:37.873,22.6613589,114.5003650,200.0,0.3,0.01,241.4,0.0,23.3,0.4,6549.75,10.0,2.0,2.5,NR5G-SA,n79,-87,-87,-10,18,-67,5.2,C3228E001,568
2026-06-10 16:11:41.735,2026-06-10 16:13:37.873,22.6613583,114.5003651,200.0,0.3,0.03,226.3,0.0,23.3,0.4,6549.81,10.0,2.0,2.5,NR5G-SA,n79,-91,-91,-10,17,-71,7.8,C3228E001,568
2026-06-10 16:11:41.935,2026-06-10 16:13:38.073,22.6613583,114.5003651,200.0,0.3,0.03,226.3,0.0,23.3,0.4,6549.81,10.0,2.0,2.5,NR5G-SA,n79,-91,-91,-10,17,-71,10.9,C3228E001,568
2026-06-10 16:11:42.136,2026-06-10 16:13:38.473,22.6613577,114.5003655,200.0,0.2,0.03,211.2,0.0,23.9,0.3,6549.89,10.0,2.0,2.5,NR5G-SA,n79,-88,-88,-10,18,-68,11.2,C3228E001,568
2026-06-10 16:11:42.336,2026-06-10 16:13:38.673,22.6613572,114.5003660,200.0,0.2,0.05,196.2,0.0,23.9,0.2,6549.97,10.0,2.0,2.5,NR5G-SA,n79,-88,-88,-10,18,-68,7.8,C3228E001,568
2026-06-10 16:11:42.536,2026-06-10 16:13:38.873,22.6613568,114.5003665,200.0,0.1,0.05,181.1,0.0,23.9,0.2,6550.04,10.0,2.0,2.5,NR5G-SA,n79,-88,-88,-10,18,-68,5.0,C3228E001,568
2026-06-10 16:11:42.737,2026-06-10 16:13:38.873,22.6613566,114.5003671,200.0,0.1,0.05,168.1,0.0,23.9,0.1,6550.10,10.0,2.0,2.5,NR5G-SA,n79,-84,-84,-10,18,-64,9.0,C3228E001,568
2026-06-10 16:11:42.937,2026-06-10 16:13:39.073,22.6613566,114.5003671,200.0,0.1,0.05,168.1,0.0,23.9,0.1,6550.10,10.0,2.0,2.5,NR5G-SA,n79,-84,-84,-10,18,-64,17.3,C3228E001,568
2026-06-10 16:11:43.137,2026-06-10 16:13:39.473,22.6613565,114.5003676,200.0,0.0,0.05,163.2,0.0,19.7,0.1,6550.15,10.0,2.0,2.5,NR5G-SA,n79,-84,-84,-10,18,-64,10.7,C3228E001,568
2026-06-10 16:11:43.338,2026-06-10 16:13:39.673,22.6613566,114.5003680,200.0,0.0,0.06,162.9,0.0,19.7,0.2,6550.20,10.0,2.0,2.5,NR5G-SA,n79,-84,-84,-10,20,-64,7.2,C3228E001,568
2026-06-10 16:11:43.538,2026-06-10 16:13:39.873,22.6613569,114.5003681,200.0,0.1,0.05,163.6,0.0,19.7,0.2,6550.23,10.0,2.0,2.5,NR5G-SA,n79,-84,-84,-10,20,-64,7.5,C3228E001,568
2026-06-10 16:11:43.739,2026-06-10 16:13:39.873,22.6613568,114.5003681,200.0,0.1,0.05,164.4,0.0,19.7,0.2,6550.24,10.0,2.0,2.5,NR5G-SA,n79,-84,-84,-10,20,-64,9.8,C3228E001,568
2026-06-10 16:11:43.939,2026-06-10 16:13:40.073,22.6613568,114.5003681,200.0,0.1,0.05,164.4,0.0,19.7,0.2,6550.24,10.0,2.0,2.5,NR5G-SA,n79,-82,-82,-10,21,-62,13.4,C3228E001,568
2026-06-10 16:11:44.139,2026-06-10 16:13:40.473,22.6613566,114.5003680,200.0,0.1,0.06,165.1,0.0,20.3,0.2,6550.27,10.0,2.0,2.5,NR5G-SA,n79,-82,-82,-10,21,-62,11.3,C3228E001,568
2026-06-10 16:11:44.340,2026-06-10 16:13:40.673,22.6613564,114.5003680,200.0,0.1,0.07,165.5,0.0,20.3,0.2,6550.29,10.0,2.0,2.5,NR5G-SA,n79,-83,-83,-10,21,-63,7.4,C3228E001,568
2026-06-10 16:11:44.540,2026-06-10 16:13:40.873,22.6613562,114.5003680,200.0,0.1,0.08,165.8,0.0,20.3,0.2,6550.31,10.0,2.0,2.5,NR5G-SA,n79,-83,-83,-10,21,-63,5.9,C3228E001,568
2026-06-10 16:11:44.740,2026-06-10 16:13:40.873,22.6613559,114.5003680,200.0,0.1,0.04,165.9,0.0,20.3,0.1,6550.35,10.0,2.0,2.5,NR5G-SA,n79,-83,-83,-10,21,-63,7.2,C3228E001,568
2026-06-10 16:11:44.941,2026-06-10 16:13:41.073,22.6613559,114.5003680,200.0,0.1,0.04,165.9,0.0,20.3,0.1,6550.35,10.0,2.0,2.5,NR5G-SA,n79,-84,-84,-10,22,-64,15.9,C3228E001,568
2026-06-10 16:11:45.141,2026-06-10 16:13:41.473,22.6613557,114.5003680,199.9,0.1,-0.17,165.8,0.0,21.1,0.1,6550.37,10.0,2.0,2.5,NR5G-SA,n79,-84,-84,-10,22,-64,8.9,C3228E001,568
2026-06-10 16:11:45.342,2026-06-10 16:13:41.673,22.6613554,114.5003681,199.8,0.1,-0.44,165.7,0.0,21.1,0.1,6550.40,10.0,2.0,2.5,NR5G-SA,n79,-84,-84,-10,22,-64,6.3,C3228E001,568
2026-06-10 16:11:45.542,2026-06-10 16:13:41.873,22.6613553,114.5003682,199.7,0.0,-0.76,165.7,0.0,21.1,0.1,6550.42,10.0,2.0,2.5,NR5G-SA,n79,-84,-84,-10,22,-64,5.0,C3228E001,568
2026-06-10 16:11:45.742,2026-06-10 16:13:41.873,22.6613552,114.5003682,199.4,0.1,-1.02,165.8,0.0,21.1,0.1,6550.43,10.0,2.0,2.5,NR5G-SA,n79,-84,-84,-10,22,-64,9.1,C3228E001,568
2026-06-10 16:11:45.943,2026-06-10 16:13:42.073,22.6613552,114.5003682,199.4,0.1,-1.02,165.8,0.0,21.1,0.1,6550.43,10.0,2.0,2.5,NR5G-SA,n79,-84,-84,-10,22,-64,15.1,C3228E001,568
2026-06-10 16:11:46.143,2026-06-10 16:13:42.473,22.6613551,114.5003682,199.1,0.1,-1.28,165.8,0.0,22.1,0.1,6550.44,10.0,2.0,2.5,NR5G-SA,n79,-85,-85,-10,22,-65,10.9,C3228E001,568
2026-06-10 16:11:46.343,2026-06-10 16:13:42.673,22.6613552,114.5003681,198.7,0.1,-1.44,165.9,0.0,22.1,0.1,6550.46,10.0,2.0,2.5,NR5G-SA,n79,-85,-85,-10,22,-65,7.0,C3228E001,568
2026-06-10 16:11:46.544,2026-06-10 16:13:42.873,22.6613553,114.5003679,198.3,0.2,-1.50,165.9,0.0,22.1,0.1,6550.48,10.0,2.0,2.5,NR5G-SA,n79,-84,-84,-10,23,-64,6.4,C3228E001,568
2026-06-10 16:11:46.744,2026-06-10 16:13:42.873,22.6613555,114.5003677,197.9,0.2,-1.46,165.7,0.0,22.1,0.1,6550.51,10.0,2.0,2.5,NR5G-SA,n79,-84,-84,-10,23,-64,9.0,C3228E001,568
2026-06-10 16:11:46.945,2026-06-10 16:13:43.073,22.6613556,114.5003674,197.5,0.2,-1.43,165.4,0.0,22.1,0.1,6550.54,10.0,2.0,2.5,NR5G-SA,n79,-84,-84,-10,23,-64,10.2,C3228E001,568
2026-06-10 16:11:47.145,2026-06-10 16:13:43.473,22.6613556,114.5003674,197.5,0.2,-1.43,165.4,0.0,23.1,0.1,6550.54,10.0,2.0,2.5,NR5G-SA,n79,-83,-83,-10,22,-63,10.9,C3228E001,568
2026-06-10 16:11:47.345,2026-06-10 16:13:43.673,22.6613557,114.5003672,197.1,0.1,-1.35,165.2,0.0,23.1,0.1,6550.56,10.0,2.0,2.5,NR5G-SA,n79,-83,-83,-10,22,-63,7.4,C3228E001,568
2026-06-10 16:11:47.546,2026-06-10 16:13:43.873,22.6613556,114.5003672,196.8,0.1,-1.37,165.2,0.0,23.1,0.0,6550.58,10.0,2.0,2.5,NR5G-SA,n79,-83,-83,-10,22,-63,5.5,C3228E001,568
2026-06-10 16:11:47.746,2026-06-10 16:13:43.873,22.6613556,114.5003672,196.4,0.0,-1.34,165.3,0.0,23.1,0.0,6550.58,10.0,2.0,2.5,NR5G-SA,n79,-84,-84,-10,23,-64,7.8,C3228E001,568
2026-06-10 16:11:47.947,2026-06-10 16:13:44.073,22.6613556,114.5003672,196.4,0.0,-1.34,165.3,0.0,23.1,0.0,6550.58,10.0,2.0,2.5,NR5G-SA,n79,-84,-84,-10,23,-64,16.8,C3228E001,568
2026-06-10 16:11:48.147,2026-06-10 16:13:44.473,22.6613556,114.5003673,196.1,0.0,-1.35,165.3,0.0,23.3,0.1,6550.59,10.0,2.0,2.5,NR5G-SA,n79,-84,-84,-10,23,-64,12.5,C3228E001,568
2026-06-10 16:11:48.347,2026-06-10 16:13:44.673,22.6613556,114.5003674,195.7,0.0,-1.40,165.5,0.0,23.3,0.1,6550.60,10.0,2.0,2.5,NR5G-SA,n79,-84,-84,-10,23,-64,8.6,C3228E001,568
2026-06-10 16:11:48.548,2026-06-10 16:13:44.873,22.6613556,114.5003675,195.3,0.0,-1.41,165.7,0.0,23.3,0.1,6550.61,10.0,2.0,2.5,NR5G-SA,n79,-84,-84,-10,23,-64,6.0,C3228E001,568
2026-06-10 16:11:48.748,2026-06-10 16:13:44.873,22.6613555,114.5003676,195.0,0.0,-1.43,165.8,0.0,23.3,0.1,6550.62,10.0,2.0,2.5,NR5G-SA,n79,-85,-85,-10,23,-65,10.9,C3228E001,568
2026-06-10 16:11:48.948,2026-06-10 16:13:45.073,22.6613555,114.5003676,195.0,0.0,-1.43,165.8,0.0,23.3,0.1,6550.62,10.0,2.0,2.5,NR5G-SA,n79,-85,-85,-10,23,-65,17.5,C3228E001,568
2026-06-10 16:11:49.149,2026-06-10 16:13:45.473,22.6613554,114.5003677,194.6,0.0,-1.42,166.0,0.0,22.3,0.1,6550.64,10.0,2.0,2.5,NR5G-SA,n79,-85,-85,-10,23,-65,11.5,C3228E001,568
2026-06-10 16:11:49.349,2026-06-10 16:13:45.673,22.6613554,114.5003677,194.2,0.0,-1.44,166.2,0.0,22.3,0.1,6550.64,10.0,2.0,2.5,NR5G-SA,n79,-85,-85,-10,23,-65,7.1,C3228E001,568
2026-06-10 16:11:49.549,2026-06-10 16:13:45.873,22.6613554,114.5003677,193.9,0.0,-1.44,166.3,0.0,22.3,0.1,6550.64,10.0,2.0,2.5,NR5G-SA,n79,-85,-85,-10,23,-65,5.7,C3228E001,568
2026-06-10 16:11:49.750,2026-06-10 16:13:45.873,22.6613553,114.5003676,193.5,0.0,-1.41,166.3,0.0,22.3,0.1,6550.65,10.0,2.0,2.5,NR5G-SA,n79,-85,-85,-10,23,-65,10.6,C3228E001,568
2026-06-10 16:11:49.950,2026-06-10 16:13:46.073,22.6613553,114.5003677,193.1,0.0,-1.41,166.1,0.0,22.3,0.1,6550.66,10.0,2.0,2.5,NR5G-SA,n79,-85,-85,-10,23,-65,10.7,C3228E001,568
2026-06-10 16:11:50.150,2026-06-10 16:13:46.473,22.6613553,114.5003677,193.1,0.0,-1.45,166.1,0.0,22.3,0.1,6550.66,10.0,2.0,2.5,NR5G-SA,n79,-85,-85,-10,23,-65,10.3,C3228E001,568
2026-06-10 16:11:50.350,2026-06-10 16:13:46.673,22.6613553,114.5003677,192.7,0.0,-1.45,165.8,0.0,19.9,0.1,6550.66,10.0,2.0,2.5,NR5G-SA,n79,-85,-85,-10,23,-65,6.8,C3228E001,568
2026-06-10 16:11:50.551,2026-06-10 16:13:46.873,22.6613554,114.5003677,192.3,0.0,-1.46,165.5,0.0,19.9,0.1,6550.67,10.0,2.0,2.5,NR5G-SA,n79,-86,-86,-10,23,-66,5.2,C3228E001,568
2026-06-10 16:11:50.751,2026-06-10 16:13:46.873,22.6613554,114.5003677,192.0,0.1,-1.41,165.4,0.0,19.9,0.1,6550.67,10.0,2.0,2.5,NR5G-SA,n79,-86,-86,-10,23,-66,7.9,C3228E001,568
2026-06-10 16:11:50.952,2026-06-10 16:13:47.073,22.6613554,114.5003678,191.6,0.0,-1.43,165.3,0.0,19.9,0.1,6550.68,10.0,2.0,2.5,NR5G-SA,n79,-85,-85,-10,23,-65,12.5,C3228E001,568
2026-06-10 16:11:51.152,2026-06-10 16:13:47.473,22.6613554,114.5003678,191.6,0.0,-1.43,165.3,0.0,19.9,0.1,6550.68,10.0,2.0,2.5,NR5G-SA,n79,-85,-85,-10,23,-65,12.2,C3228E001,568
2026-06-10 16:11:51.352,2026-06-10 16:13:47.673,22.6613554,114.5003677,191.2,0.1,-1.43,165.3,0.0,18.5,0.1,6550.69,10.0,2.0,2.5,NR5G-SA,n79,-85,-85,-10,23,-65,8.3,C3228E001,568
2026-06-10 16:11:51.552,2026-06-10 16:13:47.873,22.6613555,114.5003676,190.9,0.1,-1.42,165.2,0.0,18.5,0.1,6550.71,10.0,2.0,2.5,NR5G-SA,n79,-87,-87,-10,24,-67,5.7,C3228E001,568
2026-06-10 16:11:51.753,2026-06-10 16:13:47.873,22.6613555,114.5003675,190.5,0.1,-1.46,165.0,0.0,18.5,0.1,6550.72,10.0,2.0,2.5,NR5G-SA,n79,-87,-87,-10,24,-67,7.4,C3228E001,568
2026-06-10 16:11:51.953,2026-06-10 16:13:48.073,22.6613556,114.5003674,190.1,0.1,-1.43,164.7,0.0,18.5,0.1,6550.73,10.0,2.0,2.5,NR5G-SA,n79,-87,-87,-10,24,-67,15.1,C3228E001,568
2026-06-10 16:11:52.153,2026-06-10 16:13:48.473,22.6613556,114.5003674,190.1,0.1,-1.43,164.7,0.0,18.5,0.1,6550.73,10.0,2.0,2.5,NR5G-SA,n79,-87,-87,-10,24,-67,12.3,C3228E001,568
2026-06-10 16:11:52.354,2026-06-10 16:13:48.673,22.6613556,114.5003672,189.7,0.1,-1.42,164.5,0.0,16.5,0.0,6550.76,10.0,2.0,2.5,NR5G-SA,n79,-87,-87,-10,24,-67,8.4,C3228E001,568
2026-06-10 16:11:52.554,2026-06-10 16:13:48.873,22.6613556,114.5003672,189.4,0.0,-1.43,164.6,0.0,16.5,0.0,6550.76,10.0,2.0,2.5,NR5G-SA,n79,-87,-87,-10,24,-67,5.8,C3228E001,568
2026-06-10 16:11:52.754,2026-06-10 16:13:48.873,22.6613555,114.5003672,189.0,0.0,-1.44,164.5,0.0,16.5,0.0,6550.77,10.0,2.0,2.5,NR5G-SA,n79,-86,-86,-10,24,-66,9.1,C3228E001,568
2026-06-10 16:11:52.955,2026-06-10 16:13:49.073,22.6613555,114.5003672,189.0,0.0,-1.44,164.5,0.0,16.5,0.0,6550.77,10.0,2.0,2.5,NR5G-SA,n79,-86,-86,-10,24,-66,13.4,C3228E001,568
2026-06-10 16:11:53.155,2026-06-10 16:13:49.473,22.6613555,114.5003672,188.6,0.0,-1.45,164.3,0.0,16.5,0.0,6550.77,10.0,2.0,2.5,NR5G-SA,n79,-86,-86,-10,23,-66,8.1,C3228E001,568
2026-06-10 16:11:53.355,2026-06-10 16:13:49.673,22.6613555,114.5003671,188.2,0.0,-1.45,164.2,0.0,17.8,0.0,6550.78,10.0,2.0,2.5,NR5G-SA,n79,-86,-86,-10,23,-66,6.8,C3228E001,568
2026-06-10 16:11:53.556,2026-06-10 16:13:49.873,22.6613555,114.5003671,187.9,0.0,-1.43,164.4,12.3,17.8,0.0,6550.78,10.0,2.0,2.5,NR5G-SA,n79,-86,-86,-10,23,-66,5.1,C3228E001,568
2026-06-10 16:11:53.756,2026-06-10 16:13:50.073,22.6613555,114.5003671,187.5,0.0,-1.46,164.7,12.3,17.8,0.0,6550.78,10.0,2.0,2.5,NR5G-SA,n79,-88,-88,-10,22,-68,6.9,C3228E001,568
2026-06-10 16:11:53.957,2026-06-10 16:13:50.073,22.6613554,114.5003670,187.1,0.0,-1.45,165.0,12.3,17.8,0.0,6550.79,10.0,2.0,2.5,NR5G-SA,n79,-88,-88,-10,22,-68,8.9,C3228E001,568
2026-06-10 16:11:54.157,2026-06-10 16:13:50.473,22.6613554,114.5003670,187.1,0.0,-1.45,165.0,12.3,17.8,0.0,6550.79,10.0,2.0,2.5,NR5G-SA,n79,-88,-88,-10,22,-68,12.5,C3228E001,568
2026-06-10 16:11:54.357,2026-06-10 16:13:50.673,22.6613554,114.5003670,186.7,0.0,-1.42,165.1,12.3,18.8,0.0,6550.79,10.0,2.0,2.5,NR5G-SA,n79,-89,-89,-10,21,-69,7.1,C3228E001,568
2026-06-10 16:11:54.558,2026-06-10 16:13:50.873,22.6613554,114.5003671,186.4,0.0,-1.46,165.3,26.2,18.8,0.0,6550.80,10.0,2.0,2.5,NR5G-SA,n79,-89,-89,-10,21,-69,6.0,C3228E001,568
2026-06-10 16:11:54.758,2026-06-10 16:13:51.073,22.6613554,114.5003671,186.0,0.0,-1.48,165.6,26.2,18.8,0.0,6550.80,10.0,2.0,2.5,NR5G-SA,n79,-89,-89,-10,21,-69,7.9,C3228E001,568
2026-06-10 16:11:54.958,2026-06-10 16:13:51.073,22.6613554,114.5003671,185.6,0.0,-1.46,165.8,26.2,18.8,0.0,6550.80,10.0,2.0,2.5,NR5G-SA,n79,-89,-89,-10,21,-69,10.3,C3228E001,568
2026-06-10 16:11:55.159,2026-06-10 16:13:51.473,22.6613554,114.5003671,185.6,0.0,-1.46,165.8,26.2,18.8,0.0,6550.80,10.0,2.0,2.5,NR5G-SA,n79,-89,-89,-10,21,-69,9.5,C3228E001,568
2026-06-10 16:11:55.359,2026-06-10 16:13:51.673,22.6613555,114.5003671,185.2,0.0,-1.46,166.0,26.2,19.8,0.0,6550.81,10.0,2.0,2.5,NR5G-SA,n79,-89,-89,-10,22,-69,6.8,C3228E001,568
2026-06-10 16:11:55.559,2026-06-10 16:13:51.873,22.6613555,114.5003671,184.9,0.0,-1.46,166.2,44.3,19.8,0.0,6550.81,10.0,2.0,2.5,NR5G-SA,n79,-89,-89,-10,22,-69,5.2,C3228E001,568
2026-06-10 16:11:55.760,2026-06-10 16:13:52.073,22.6613555,114.5003670,184.5,0.1,-1.47,166.1,44.3,19.8,0.0,6550.82,10.0,2.0,2.5,NR5G-SA,n79,-89,-89,-10,22,-69,6.0,C3228E001,568
2026-06-10 16:11:55.960,2026-06-10 16:13:52.073,22.6613555,114.5003669,184.1,0.1,-1.44,166.1,44.3,19.8,0.0,6550.83,10.0,2.0,2.5,NR5G-SA,n79,-91,-91,-10,23,-71,8.5,C3228E001,568
2026-06-10 16:11:56.160,2026-06-10 16:13:52.473,22.6613555,114.5003669,184.1,0.1,-1.44,166.1,44.3,19.8,0.0,6550.83,10.0,2.0,2.5,NR5G-SA,n79,-91,-91,-10,23,-71,11.6,C3228E001,568
2026-06-10 16:11:56.361,2026-06-10 16:13:52.673,22.6613555,114.5003667,183.7,0.1,-1.46,166.1,44.3,19.3,0.0,6550.85,10.0,2.0,2.5,NR5G-SA,n79,-91,-91,-10,23,-71,5.5,C3228E001,568
2026-06-10 16:11:56.561,2026-06-10 16:13:52.873,22.6613553,114.5003665,183.4,0.1,-1.44,166.1,11.3,19.3,0.0,6550.88,10.0,2.0,2.5,NR5G-SA,n79,-44,-44,-10,23,-24,5.6,C3228E001,568
2026-06-10 16:11:56.761,2026-06-10 16:13:53.073,22.6613553,114.5003664,183.0,0.1,-1.46,165.9,11.3,19.3,0.0,6550.90,10.0,2.0,2.5,NR5G-SA,n79,-44,-44,-10,23,-24,7.4,C3228E001,568
2026-06-10 16:11:56.962,2026-06-10 16:13:53.073,22.6613553,114.5003663,182.6,0.0,-1.44,165.9,11.3,19.3,0.1,6550.91,10.0,2.0,2.5,NR5G-SA,n79,-44,-44,-10,23,-24,10.4,C3228E001,568
2026-06-10 16:11:57.162,2026-06-10 16:13:53.473,22.6613553,114.5003663,182.6,0.0,-1.44,165.9,11.3,19.3,0.1,6550.91,10.0,2.0,2.5,NR5G-SA,n79,-44,-44,-10,24,-24,12.4,C3228E001,568
2026-06-10 16:11:57.363,2026-06-10 16:13:53.673,22.6613554,114.5003664,182.3,0.0,-1.44,165.9,11.3,19.5,0.0,6550.92,10.0,2.0,2.5,NR5G-SA,n79,-44,-44,-10,24,-24,7.1,C3228E001,568
2026-06-10 16:11:57.563,2026-06-10 16:13:53.873,22.6613554,114.5003665,181.9,0.1,-1.45,165.9,0.0,19.5,0.0,6550.93,10.0,2.0,2.5,NR5G-SA,n79,-44,-44,-10,24,-24,7.5,C3228E001,568
2026-06-10 16:11:57.763,2026-06-10 16:13:54.073,22.6613554,114.5003667,181.5,0.1,-1.44,166.0,0.0,19.5,0.0,6550.95,10.0,2.0,2.5,NR5G-SA,n79,-44,-44,-10,24,-24,7.5,C3228E001,568
2026-06-10 16:11:57.964,2026-06-10 16:13:54.073,22.6613554,114.5003668,181.1,0.0,-1.44,166.2,0.0,19.5,0.0,6550.96,10.0,2.0,2.5,NR5G-SA,n79,-44,-44,-10,24,-24,10.8,C3228E001,568
2026-06-10 16:11:58.164,2026-06-10 16:13:54.473,22.6613554,114.5003668,181.1,0.0,-1.44,166.2,0.0,19.5,0.0,6550.96,10.0,2.0,2.5,NR5G-SA,n79,-44,-44,-10,25,-24,12.3,C3228E001,568
2026-06-10 16:11:58.364,2026-06-10 16:13:54.673,22.6613553,114.5003669,180.8,0.1,-1.48,166.6,0.0,19.0,0.0,6550.98,10.0,2.0,2.5,NR5G-SA,n79,-44,-44,-10,25,-24,8.2,C3228E001,568
2026-06-10 16:11:58.564,2026-06-10 16:13:54.873,22.6613552,114.5003669,180.4,0.1,-1.46,166.8,6.2,19.0,0.0,6550.99,10.0,2.0,2.5,NR5G-SA,n79,-44,-44,-10,25,-24,6.1,C3228E001,568
2026-06-10 16:11:58.765,2026-06-10 16:13:55.073,22.6613552,114.5003669,180.0,0.0,-1.46,166.9,6.2,19.0,0.0,6550.99,10.0,2.0,2.5,NR5G-SA,n79,-44,-44,-10,26,-24,7.4,C3228E001,568
2026-06-10 16:11:58.965,2026-06-10 16:13:55.073,22.6613551,114.5003669,179.6,0.0,-1.43,167.0,6.2,19.0,0.0,6551.00,10.0,2.0,2.5,NR5G-SA,n79,-44,-44,-10,26,-24,12.4,C3228E001,568
2026-06-10 16:11:59.166,2026-06-10 16:13:55.473,22.6613551,114.5003669,179.6,0.0,-1.43,167.0,6.2,19.0,0.0,6551.00,10.0,2.0,2.5,NR5G-SA,n79,-44,-44,-10,26,-24,11.2,C3228E001,568
2026-06-10 16:11:59.366,2026-06-10 16:13:55.673,22.6613551,114.5003669,179.2,0.0,-1.45,167.0,6.2,17.9,0.0,6551.00,10.0,2.0,2.5,NR5G-SA,n79,-84,-84,-10,27,-64,7.2,C3228E001,568
2026-06-10 16:11:59.566,2026-06-10 16:13:55.873,22.6613550,114.5003669,178.9,0.0,-1.46,167.0,0.0,17.9,0.0,6551.01,10.0,2.0,2.5,NR5G-SA,n79,-84,-84,-10,27,-64,5.5,C3228E001,568
2026-06-10 16:11:59.767,2026-06-10 16:13:56.073,22.6613551,114.5003669,178.5,0.0,-1.47,167.2,0.0,17.9,0.0,6551.02,10.0,2.0,2.5,NR5G-SA,n79,-84,-84,-10,27,-64,6.7,C3228E001,568
2026-06-10 16:11:59.967,2026-06-10 16:13:56.073,22.6613550,114.5003669,178.1,0.1,-1.46,167.4,0.0,17.9,0.0,6551.03,10.0,2.0,2.5,NR5G-SA,n79,-84,-84,-10,27,-64,12.8,C3228E001,568
2026-06-10 16:12:00.167,2026-06-10 16:13:56.473,22.6613550,114.5003669,178.1,0.1,-1.46,167.4,0.0,17.9,0.0,6551.03,10.0,2.0,2.5,NR5G-SA,n79,-84,-84,-10,27,-64,11.1,C3228E001,568
2026-06-10 16:12:00.368,2026-06-10 16:13:56.673,22.6613551,114.5003669,177.8,0.0,-1.46,167.4,0.0,17.9,0.0,6551.04,10.0,2.0,2.5,NR5G-SA,n79,-84,-84,-10,26,-64,9.1,C3228E001,568
2026-06-10 16:12:00.568,2026-06-10 16:13:56.873,22.6613551,114.5003670,177.4,0.0,-1.46,167.3,21.9,16.5,0.0,6551.05,10.0,2.0,2.5,NR5G-SA,n79,-84,-84,-10,26,-64,5.4,C3228E001,568
2026-06-10 16:12:00.768,2026-06-10 16:13:57.073,22.6613551,114.5003671,177.0,0.0,-1.46,167.1,21.9,16.5,0.0,6551.06,10.0,2.0,2.5,NR5G-SA,n79,-84,-84,-10,26,-64,7.3,C3228E001,568
2026-06-10 16:12:00.969,2026-06-10 16:13:57.073,22.6613551,114.5003671,176.6,0.0,-1.47,166.9,21.9,16.5,0.0,6551.06,10.0,2.0,2.5,NR5G-SA,n79,-85,-85,-10,26,-65,12.3,C3228E001,568
2026-06-10 16:12:01.169,2026-06-10 16:13:57.473,22.6613551,114.5003671,176.6,0.0,-1.47,166.9,21.9,16.5,0.0,6551.06,10.0,2.0,2.5,NR5G-SA,n79,-85,-85,-10,26,-65,12.4,C3228E001,568
2026-06-10 16:12:01.369,2026-06-10 16:13:57.673,22.6613551,114.5003671,176.3,0.0,-1.46,166.5,21.9,16.5,0.0,6551.06,10.0,2.0,2.5,NR5G-SA,n79,-85,-85,-10,26,-65,7.6,C3228E001,568
2026-06-10 16:12:01.569,2026-06-10 16:13:57.873,22.6613551,114.5003672,175.9,0.0,-1.46,166.1,39.6,16.8,0.1,6551.07,10.0,2.0,2.5,NR5G-SA,n79,-84,-84,-10,26,-64,6.1,C3228E001,568
2026-06-10 16:12:01.770,2026-06-10 16:13:58.073,22.6613551,114.5003673,175.5,0.0,-1.48,165.7,39.6,16.8,0.1,6551.08,10.0,2.0,2.5,NR5G-SA,n79,-84,-84,-10,26,-64,6.3,C3228E001,568
2026-06-10 16:12:01.970,2026-06-10 16:13:58.073,22.6613551,114.5003673,175.1,0.0,-1.48,165.3,39.6,16.8,0.1,6551.08,10.0,2.0,2.5,NR5G-SA,n79,-84,-84,-10,26,-64,8.7,C3228E001,568
2026-06-10 16:12:02.170,2026-06-10 16:13:58.473,22.6613551,114.5003673,175.1,0.0,-1.48,165.3,39.6,16.8,0.1,6551.08,10.0,2.0,2.5,NR5G-SA,n79,-84,-84,-10,26,-64,12.1,C3228E001,568
2026-06-10 16:12:02.371,2026-06-10 16:13:58.673,22.6613551,114.5003673,174.8,0.0,-1.44,165.1,39.6,16.8,0.1,6551.08,10.0,2.0,2.5,NR5G-SA,n79,-84,-84,-10,26,-64,10.9,C3228E001,568
2026-06-10 16:12:02.571,2026-06-10 16:13:58.873,22.6613552,114.5003673,174.4,0.0,-1.47,165.0,33.9,17.2,0.1,6551.10,10.0,2.0,2.5,NR5G-SA,n79,-85,-85,-10,26,-65,6.0,C3228E001,568
2026-06-10 16:12:02.771,2026-06-10 16:13:59.073,22.6613553,114.5003673,174.0,0.0,-1.49,165.0,33.9,17.2,0.1,6551.11,10.0,2.0,2.5,NR5G-SA,n79,-85,-85,-10,26,-65,6.4,C3228E001,568
2026-06-10 16:12:02.972,2026-06-10 16:13:59.073,22.6613554,114.5003671,173.6,0.1,-1.51,164.9,33.9,17.2,0.0,6551.13,10.0,2.0,2.5,NR5G-SA,n79,-85,-85,-10,26,-65,11.8,C3228E001,568
2026-06-10 16:12:03.172,2026-06-10 16:13:59.473,22.6613554,114.5003671,173.6,0.1,-1.51,164.9,33.9,17.2,0.0,6551.13,10.0,2.0,2.5,NR5G-SA,n79,-85,-85,-10,26,-65,10.2,C3228E001,568
2026-06-10 16:12:03.372,2026-06-10 16:13:59.673,22.6613554,114.5003669,173.3,0.1,-1.49,164.5,33.9,17.2,0.0,6551.15,10.0,2.0,2.5,NR5G-SA,n79,-85,-85,-10,26,-65,8.4,C3228E001,568
2026-06-10 16:12:03.573,2026-06-10 16:13:59.873,22.6613554,114.5003667,172.9,0.1,-1.48,164.0,28.5,17.2,0.0,6551.17,10.0,2.0,2.5,NR5G-SA,n79,-85,-85,-10,26,-65,5.0,C3228E001,568
2026-06-10 16:12:03.773,2026-06-10 16:14:00.073,22.6613553,114.5003664,172.5,0.1,-1.49,163.5,28.5,17.2,0.0,6551.20,10.0,2.0,2.5,NR5G-SA,n79,-85,-85,-10,25,-65,6.7,C3228E001,568
2026-06-10 16:12:03.973,2026-06-10 16:14:00.073,22.6613551,114.5003663,172.1,0.1,-1.46,162.8,28.5,17.2,0.1,6551.23,10.0,2.0,2.5,NR5G-SA,n79,-85,-85,-10,25,-65,9.9,C3228E001,568
2026-06-10 16:12:04.174,2026-06-10 16:14:00.473,22.6613551,114.5003663,172.1,0.1,-1.46,162.8,28.5,17.2,0.1,6551.23,10.0,2.0,2.5,NR5G-SA,n79,-85,-85,-10,25,-65,12.0,C3228E001,568
2026-06-10 16:12:04.374,2026-06-10 16:14:00.673,22.6613550,114.5003662,171.7,0.0,-1.43,161.7,28.5,17.2,0.1,6551.24,10.0,2.0,2.5,NR5G-SA,n79,-85,-85,-10,27,-65,7.0,C3228E001,568
2026-06-10 16:12:04.574,2026-06-10 16:14:00.873,22.6613550,114.5003663,171.4,0.1,-1.41,161.2,47.5,18.9,0.1,6551.25,10.0,2.0,2.5,NR5G-SA,n79,-85,-85,-10,27,-65,6.1,C3228E001,568
2026-06-10 16:12:04.775,2026-06-10 16:14:01.073,22.6613552,114.5003665,171.0,0.1,-1.39,161.5,47.5,18.9,0.0,6551.28,10.0,2.0,2.5,NR5G-SA,n79,-85,-85,-10,27,-65,5.3,C3228E001,568
2026-06-10 16:12:04.975,2026-06-10 16:14:01.073,22.6613554,114.5003668,170.7,0.1,-1.42,162.2,47.5,18.9,0.0,6551.32,10.0,2.0,2.5,NR5G-SA,n79,-85,-85,-10,27,-65,9.9,C3228E001,568
2026-06-10 16:12:05.176,2026-06-10 16:14:01.473,22.6613554,114.5003668,170.7,0.1,-1.42,162.2,47.5,18.9,0.0,6551.32,10.0,2.0,2.5,NR5G-SA,n79,-85,-85,-10,27,-65,10.9,C3228E001,568
2026-06-10 16:12:05.376,2026-06-10 16:14:01.673,22.6613556,114.5003670,170.3,0.1,-1.45,163.2,47.5,18.9,0.0,6551.35,10.0,2.0,2.5,NR5G-SA,n79,-85,-85,-10,27,-65,8.4,C3228E001,568
2026-06-10 16:12:05.576,2026-06-10 16:14:01.873,22.6613557,114.5003671,169.9,0.0,-1.47,164.6,0.0,19.2,0.0,6551.37,10.0,2.0,2.5,NR5G-SA,n79,-85,-85,-10,27,-65,5.5,C3228E001,568
2026-06-10 16:12:05.776,2026-06-10 16:14:02.073,22.6613558,114.5003670,169.6,0.0,-1.49,165.9,0.0,19.2,0.0,6551.38,10.0,2.0,2.5,NR5G-SA,n79,-85,-85,-10,27,-65,6.3,C3228E001,568
2026-06-10 16:12:05.977,2026-06-10 16:14:02.073,22.6613558,114.5003669,169.2,0.0,-1.50,167.0,0.0,19.2,0.0,6551.39,10.0,2.0,2.5,NR5G-SA,n79,-85,-85,-10,26,-65,9.4,C3228E001,568
2026-06-10 16:12:06.177,2026-06-10 16:14:02.473,22.6613558,114.5003669,169.2,0.0,-1.50,167.0,0.0,19.2,0.0,6551.39,10.0,2.0,2.5,NR5G-SA,n79,-85,-85,-10,26,-65,9.9,C3228E001,568
2026-06-10 16:12:06.378,2026-06-10 16:14:02.673,22.6613559,114.5003669,168.8,0.1,-1.53,168.1,0.0,19.2,0.1,6551.40,10.0,2.0,2.5,NR5G-SA,n79,-85,-85,-10,26,-65,6.4,C3228E001,568
2026-06-10 16:12:06.578,2026-06-10 16:14:02.873,22.6613560,114.5003669,168.4,0.1,-1.51,169.0,0.0,19.0,0.1,6551.42,10.0,2.0,2.5,NR5G-SA,n79,-85,-85,-10,24,-65,6.5,C3228E001,568
2026-06-10 16:12:06.778,2026-06-10 16:14:03.073,22.6613560,114.5003669,168.0,0.0,-1.50,169.4,0.0,19.0,0.1,6551.42,10.0,2.0,2.5,NR5G-SA,n79,-85,-85,-10,24,-65,5.8,C3228E001,568
2026-06-10 16:12:06.979,2026-06-10 16:14:03.073,22.6613561,114.5003669,167.6,0.0,-1.46,169.5,0.0,19.0,0.1,6551.43,10.0,2.0,2.5,NR5G-SA,n79,-85,-85,-10,23,-65,9.9,C3228E001,568
2026-06-10 16:12:07.179,2026-06-10 16:14:03.473,22.6613561,114.5003669,167.6,0.0,-1.46,169.5,0.0,19.0,0.1,6551.43,10.0,2.0,2.5,NR5G-SA,n79,-85,-85,-10,23,-65,11.4,C3228E001,568
2026-06-10 16:12:07.379,2026-06-10 16:14:03.673,22.6613561,114.5003669,167.3,0.0,-1.47,169.5,0.0,19.0,0.1,6551.43,10.0,2.0,2.5,NR5G-SA,n79,-85,-85,-10,23,-65,8.6,C3228E001,568
2026-06-10 16:12:07.580,2026-06-10 16:14:03.873,22.6613561,114.5003669,166.9,0.1,-1.50,169.5,0.8,20.0,0.1,6551.43,10.0,2.0,2.5,NR5G-SA,n79,-85,-85,-10,22,-65,6.4,C3228E001,568
2026-06-10 16:12:07.780,2026-06-10 16:14:04.073,22.6613560,114.5003668,166.5,0.1,-1.49,169.7,0.8,20.0,0.1,6551.44,10.0,2.0,2.5,NR5G-SA,n79,-85,-85,-10,22,-65,5.4,C3228E001,568
2026-06-10 16:12:07.981,2026-06-10 16:14:04.073,22.6613559,114.5003667,166.1,0.1,-1.48,169.6,0.8,20.0,0.1,6551.46,10.0,2.0,2.5,NR5G-SA,n79,-85,-85,-10,22,-65,9.2,C3228E001,568
2026-06-10 16:12:08.181,2026-06-10 16:14:04.473,22.6613559,114.5003667,166.1,0.1,-1.48,169.6,0.8,20.0,0.1,6551.46,10.0,2.0,2.5,NR5G-SA,n79,-85,-85,-10,21,-65,10.1,C3228E001,568
2026-06-10 16:12:08.381,2026-06-10 16:14:04.673,22.6613557,114.5003666,165.8,0.1,-1.47,169.6,0.8,20.0,0.0,6551.48,10.0,2.0,2.5,NR5G-SA,n79,-85,-85,-10,21,-65,8.0,C3228E001,568
2026-06-10 16:12:08.582,2026-06-10 16:14:04.873,22.6613557,114.5003665,165.4,0.0,-1.48,169.6,0.0,19.9,0.0,6551.49,10.0,2.0,2.5,NR5G-SA,n79,-85,-85,-10,21,-65,6.5,C3228E001,568
2026-06-10 16:12:08.782,2026-06-10 16:14:05.073,22.6613557,114.5003665,165.0,0.0,-1.51,169.3,0.0,19.9,0.0,6551.49,10.0,2.0,2.5,NR5G-SA,n79,-85,-85,-10,21,-65,5.9,C3228E001,568
2026-06-10 16:12:08.982,2026-06-10 16:14:05.073,22.6613557,114.5003665,164.6,0.0,-1.48,168.4,0.0,19.9,0.0,6551.49,10.0,2.0,2.5,NR5G-SA,n79,-85,-85,-10,21,-65,8.6,C3228E001,568
2026-06-10 16:12:09.183,2026-06-10 16:14:05.473,22.6613557,114.5003665,164.6,0.0,-1.48,168.4,0.0,19.9,0.0,6551.49,10.0,2.0,2.5,NR5G-SA,n79,-85,-85,-10,20,-65,11.0,C3228E001,568
2026-06-10 16:12:09.383,2026-06-10 16:14:05.673,22.6613557,114.5003665,164.3,0.1,-1.47,167.7,0.0,19.9,0.0,6551.49,10.0,2.0,2.5,NR5G-SA,n79,-85,-85,-10,20,-65,7.6,C3228E001,568
2026-06-10 16:12:09.583,2026-06-10 16:14:05.873,22.6613556,114.5003664,163.9,0.0,-1.44,167.4,0.0,19.9,0.0,6551.51,10.0,2.0,2.5,NR5G-SA,n79,-85,-85,-10,20,-65,4.6,C3228E001,568
2026-06-10 16:12:09.784,2026-06-10 16:14:06.073,22.6613556,114.5003664,163.5,0.0,-1.45,167.5,46.5,19.8,0.0,6551.51,10.0,2.0,2.5,NR5G-SA,n79,-85,-85,-10,20,-65,7.5,C3228E001,568
2026-06-10 16:12:09.984,2026-06-10 16:14:06.073,22.6613555,114.5003664,163.2,0.0,-1.46,167.5,46.5,19.8,0.0,6551.52,10.0,2.0,2.5,NR5G-SA,n79,-85,-85,-10,20,-65,11.0,C3228E001,568
2026-06-10 16:12:10.184,2026-06-10 16:14:06.473,22.6613555,114.5003664,163.2,0.0,-1.46,167.5,46.5,19.8,0.0,6551.52,10.0,2.0,2.5,NR5G-SA,n79,-85,-85,-10,20,-65,11.7,C3228E001,568
2026-06-10 16:12:10.385,2026-06-10 16:14:06.673,22.6613555,114.5003665,162.8,0.0,-1.50,167.4,46.5,19.8,0.0,6551.53,10.0,2.0,2.5,NR5G-SA,n79,-85,-85,-10,19,-65,7.7,C3228E001,568
2026-06-10 16:12:10.585,2026-06-10 16:14:06.873,22.6613555,114.5003666,162.4,0.0,-1.50,167.2,0.0,19.8,0.0,6551.54,10.0,2.0,2.5,NR5G-SA,n79,-85,-85,-10,19,-65,7.4,C3228E001,568
2026-06-10 16:12:10.785,2026-06-10 16:14:07.073,22.6613555,114.5003666,162.0,0.0,-1.47,167.0,0.0,20.9,0.0,6551.54,10.0,2.0,2.5,NR5G-SA,n79,-85,-85,-10,19,-65,5.4,C3228E001,568
2026-06-10 16:12:10.986,2026-06-10 16:14:07.073,22.6613555,114.5003666,161.7,0.0,-1.46,166.8,0.0,20.9,0.0,6551.54,10.0,2.0,2.5,NR5G-SA,n79,-85,-85,-10,19,-65,9.0,C3228E001,568
2026-06-10 16:12:11.186,2026-06-10 16:14:07.473,22.6613555,114.5003666,161.7,0.0,-1.46,166.8,0.0,20.9,0.0,6551.54,10.0,2.0,2.5,NR5G-SA,n79,-85,-85,-10,19,-65,12.6,C3228E001,568
2026-06-10 16:12:11.386,2026-06-10 16:14:07.673,22.6613554,114.5003666,161.3,0.0,-1.47,166.9,0.0,20.9,0.0,6551.55,10.0,2.0,2.5,NR5G-SA,n79,-85,-85,-10,19,-65,8.1,C3228E001,568
2026-06-10 16:12:11.587,2026-06-10 16:14:07.873,22.6613553,114.5003667,160.9,0.0,-1.49,167.1,29.1,20.9,0.0,6551.56,10.0,2.0,2.5,NR5G-SA,n79,-85,-85,-10,19,-65,5.8,C3228E001,568
2026-06-10 16:12:11.787,2026-06-10 16:14:07.873,22.6613552,114.5003667,160.5,0.0,-1.50,167.1,29.1,21.2,0.0,6551.58,10.0,2.0,2.5,NR5G-SA,n79,-85,-85,-10,19,-65,7.3,C3228E001,568
2026-06-10 16:12:11.988,2026-06-10 16:14:08.473,22.6613552,114.5003668,160.2,0.0,-1.51,167.0,29.1,21.2,0.0,6551.59,10.0,2.0,2.5,NR5G-SA,n79,-85,-85,-10,20,-65,6.5,C3228E001,568
2026-06-10 16:12:12.188,2026-06-10 16:14:08.473,22.6613552,114.5003668,160.2,0.0,-1.51,167.0,29.1,21.2,0.0,6551.59,10.0,2.0,2.5,NR5G-SA,n79,-85,-85,-10,20,-65,11.7,C3228E001,568
2026-06-10 16:12:12.388,2026-06-10 16:14:08.673,22.6613552,114.5003668,159.8,0.0,-1.50,166.9,29.1,21.2,0.0,6551.59,10.0,2.0,2.5,NR5G-SA,n79,-85,-85,-10,20,-65,7.2,C3228E001,568
2026-06-10 16:12:12.589,2026-06-10 16:14:08.873,22.6613552,114.5003668,159.4,0.0,-1.50,166.9,34.2,21.2,0.0,6551.59,10.0,2.0,2.5,NR5G-SA,n79,-85,-85,-10,20,-65,5.7,C3228E001,568
2026-06-10 16:12:12.789,2026-06-10 16:14:09.073,22.6613552,114.5003669,159.0,0.0,-1.51,166.6,34.2,20.4,0.0,6551.60,10.0,2.0,2.5,NR5G-SA,n79,-85,-85,-10,20,-65,5.9,C3228E001,568
2026-06-10 16:12:12.989,2026-06-10 16:14:09.073,22.6613552,114.5003670,158.7,0.0,-1.50,166.2,34.2,20.4,0.0,6551.61,10.0,2.0,2.5,NR5G-SA,n79,-85,-85,-10,20,-65,8.7,C3228E001,568
2026-06-10 16:12:13.189,2026-06-10 16:14:09.473,22.6613552,114.5003670,158.7,0.0,-1.50,166.2,34.2,20.4,0.0,6551.61,10.0,2.0,2.5,NR5G-SA,n79,-85,-85,-10,20,-65,10.1,C3228E001,568
2026-06-10 16:12:13.390,2026-06-10 16:14:09.673,22.6613553,114.5003671,158.3,0.0,-1.47,165.9,34.2,20.4,0.0,6551.62,10.0,2.0,2.5,NR5G-SA,n79,-85,-85,-10,20,-65,8.7,C3228E001,568
2026-06-10 16:12:13.590,2026-06-10 16:14:09.873,22.6613553,114.5003672,157.9,0.0,-1.49,165.8,38.2,20.4,0.0,6551.63,10.0,2.0,2.5,NR5G-SA,n79,-85,-85,-10,20,-65,6.7,C3228E001,568
2026-06-10 16:12:13.791,2026-06-10 16:14:10.073,22.6613553,114.5003673,157.5,0.0,-1.47,165.8,38.2,19.5,0.1,6551.64,10.0,2.0,2.5,NR5G-SA,n79,-85,-85,-10,20,-65,6.0,C3228E001,568
2026-06-10 16:12:13.991,2026-06-10 16:14:10.073,22.6613553,114.5003674,157.2,0.0,-1.50,165.7,38.2,19.5,0.1,6551.65,10.0,2.0,2.5,NR5G-SA,n79,-85,-85,-10,20,-65,9.2,C3228E001,568
2026-06-10 16:12:14.191,2026-06-10 16:14:10.473,22.6613553,114.5003674,157.2,0.0,-1.50,165.7,38.2,19.5,0.1,6551.65,10.0,2.0,2.5,NR5G-SA,n79,-85,-85,-10,21,-65,16.1,C3228E001,568
2026-06-10 16:12:14.392,2026-06-10 16:14:10.673,22.6613553,114.5003675,156.8,0.0,-1.49,165.6,38.2,19.5,0.1,6551.66,10.0,2.0,2.5,NR5G-SA,n79,-85,-85,-10,21,-65,9.3,C3228E001,568
2026-06-10 16:12:14.592,2026-06-10 16:14:10.873,22.6613553,114.5003675,156.4,0.0,-1.50,165.6,38.2,19.5,0.1,6551.66,10.0,2.0,2.5,NR5G-SA,n79,-85,-85,-10,21,-65,5.5,C3228E001,568
2026-06-10 16:12:14.792,2026-06-10 16:14:11.073,22.6613553,114.5003675,156.0,0.0,-1.49,165.7,22.4,19.4,0.1,6551.66,10.0,2.0,2.5,NR5G-SA,n79,-85,-85,-10,21,-65,6.8,C3228E001,568
2026-06-10 16:12:14.993,2026-06-10 16:14:11.073,22.6613553,114.5003674,155.7,0.0,-1.49,166.0,22.4,19.4,0.1,6551.67,10.0,2.0,2.5,NR5G-SA,n79,-85,-85,-10,21,-65,7.4,C3228E001,568
2026-06-10 16:12:15.193,2026-06-10 16:14:11.473,22.6613553,114.5003674,155.7,0.0,-1.49,166.0,22.4,19.4,0.1,6551.67,10.0,2.0,2.5,NR5G-SA,n79,-85,-85,-10,21,-65,14.7,C3228E001,568
2026-06-10 16:12:15.393,2026-06-10 16:14:11.673,22.6613553,114.5003674,155.3,0.0,-1.51,166.2,22.4,19.4,0.1,6551.67,10.0,2.0,2.5,NR5G-SA,n79,-85,-85,-10,21,-65,9.6,C3228E001,568
2026-06-10 16:12:15.594,2026-06-10 16:14:11.873,22.6613553,114.5003674,154.9,0.0,-1.49,166.2,22.4,19.4,0.1,6551.67,10.0,2.0,2.5,NR5G-SA,n79,-85,-85,-10,21,-65,5.9,C3228E001,568
2026-06-10 16:12:15.794,2026-06-10 16:14:12.073,22.6613554,114.5003674,154.5,0.0,-1.49,165.9,7.6,18.9,0.1,6551.68,10.0,2.0,2.5,NR5G-SA,n79,-85,-85,-10,21,-65,7.2,C3228E001,568
2026-06-10 16:12:15.994,2026-06-10 16:14:12.473,22.6613554,114.5003673,154.2,0.0,-1.49,165.6,7.6,18.9,0.1,6551.69,10.0,2.0,2.5,NR5G-SA,n79,-84,-84,-10,21,-64,7.2,C3228E001,568
2026-06-10 16:12:16.195,2026-06-10 16:14:12.473,22.6613554,114.5003673,154.2,0.0,-1.49,165.6,7.6,18.9,0.1,6551.69,10.0,2.0,2.5,NR5G-SA,n79,-84,-84,-10,21,-64,15.9,C3228E001,568
2026-06-10 16:12:16.395,2026-06-10 16:14:12.673,22.6613554,114.5003673,153.8,0.0,-1.50,165.3,7.6,18.9,0.1,6551.69,10.0,2.0,2.5,NR5G-SA,n79,-84,-84,-10,22,-64,8.9,C3228E001,568
2026-06-10 16:12:16.595,2026-06-10 16:14:12.873,22.6613555,114.5003673,153.4,0.0,-1.47,164.9,7.6,18.9,0.1,6551.71,10.0,2.0,2.5,NR5G-SA,n79,-84,-84,-10,22,-64,5.8,C3228E001,568
2026-06-10 16:12:16.795,2026-06-10 16:14:13.073,22.6613555,114.5003672,153.0,0.0,-1.49,164.4,0.0,19.1,0.0,6551.72,10.0,2.0,2.5,NR5G-SA,n79,-84,-84,-10,22,-64,8.2,C3228E001,568
2026-06-10 16:12:16.996,2026-06-10 16:14:13.473,22.6613555,114.5003671,152.7,0.1,-1.52,163.7,0.0,19.1,0.0,6551.73,10.0,2.0,2.5,NR5G-SA,n79,-84,-84,-10,22,-64,6.3,C3228E001,568
2026-06-10 16:12:17.196,2026-06-10 16:14:13.473,22.6613555,114.5003671,152.7,0.1,-1.52,163.7,0.0,19.1,0.0,6551.73,10.0,2.0,2.5,NR5G-SA,n79,-84,-84,-10,22,-64,16.0,C3228E001,568
2026-06-10 16:12:17.396,2026-06-10 16:14:13.673,22.6613555,114.5003670,152.3,0.1,-1.49,162.9,0.0,19.1,0.0,6551.74,10.0,2.0,2.5,NR5G-SA,n79,-84,-84,-10,22,-64,10.2,C3228E001,568
2026-06-10 16:12:17.597,2026-06-10 16:14:13.873,22.6613554,114.5003668,151.9,0.1,-1.48,162.4,0.0,19.1,0.0,6551.76,10.0,2.0,2.5,NR5G-SA,n79,-83,-83,-10,22,-63,6.0,C3228E001,568
2026-06-10 16:12:17.797,2026-06-10 16:14:14.073,22.6613554,114.5003667,151.5,0.0,-1.47,162.3,10.4,19.4,0.0,6551.77,10.0,2.0,2.5,NR5G-SA,n79,-83,-83,-10,22,-63,7.2,C3228E001,568
2026-06-10 16:12:17.997,2026-06-10 16:14:14.073,22.6613553,114.5003667,151.2,0.0,-1.48,162.2,10.4,19.4,0.0,6551.78,10.0,2.0,2.5,NR5G-SA,n79,-83,-83,-10,22,-63,12.8,C3228E001,568
2026-06-10 16:12:18.197,2026-06-10 16:14:14.473,22.6613553,114.5003667,151.2,0.0,-1.48,162.2,10.4,19.4,0.0,6551.78,10.0,2.0,2.5,NR5G-SA,n79,-83,-83,-10,22,-63,13.9,C3228E001,568
2026-06-10 16:12:18.398,2026-06-10 16:14:14.673,22.6613552,114.5003667,150.8,0.0,-1.48,162.2,10.4,19.4,0.0,6551.79,10.0,2.0,2.5,NR5G-SA,n79,-83,-83,-10,22,-63,9.4,C3228E001,568
2026-06-10 16:12:18.598,2026-06-10 16:14:14.873,22.6613552,114.5003667,150.4,0.0,-1.47,162.4,10.4,19.4,0.0,6551.79,10.0,2.0,2.5,NR5G-SA,n79,-83,-83,-10,22,-63,4.8,C3228E001,568
2026-06-10 16:12:18.798,2026-06-10 16:14:15.073,22.6613553,114.5003667,150.0,0.0,-1.48,162.8,0.0,19.4,0.0,6551.80,10.0,2.0,2.5,NR5G-SA,n79,-83,-83,-10,22,-63,7.4,C3228E001,568
2026-06-10 16:12:18.999,2026-06-10 16:14:15.073,22.6613553,114.5003668,149.7,0.1,-1.46,163.2,0.0,21.0,0.0,6551.81,10.0,2.0,2.5,NR5G-SA,n79,-83,-83,-10,22,-63,10.5,C3228E001,568
2026-06-10 16:12:19.199,2026-06-10 16:14:15.473,22.6613553,114.5003668,149.7,0.1,-1.46,163.2,0.0,21.0,0.0,6551.81,10.0,2.0,2.5,NR5G-SA,n79,-81,-81,-10,22,-61,15.4,C3228E001,568
2026-06-10 16:12:19.399,2026-06-10 16:14:15.673,22.6613554,114.5003668,149.3,0.1,-1.48,163.6,0.0,21.0,0.0,6551.83,10.0,2.0,2.5,NR5G-SA,n79,-81,-81,-10,22,-61,11.8,C3228E001,568
2026-06-10 16:12:19.600,2026-06-10 16:14:15.873,22.6613555,114.5003669,148.9,0.0,-1.48,164.0,0.0,21.0,0.0,6551.84,10.0,2.0,2.5,NR5G-SA,n79,-81,-81,-10,22,-61,6.8,C3228E001,568
2026-06-10 16:12:19.800,2026-06-10 16:14:16.073,22.6613555,114.5003669,148.5,0.0,-1.49,164.5,24.7,21.0,0.0,6551.84,10.0,2.0,2.5,NR5G-SA,n79,-81,-81,-10,22,-61,6.4,C3228E001,568
2026-06-10 16:12:20.000,2026-06-10 16:14:16.073,22.6613556,114.5003669,148.2,0.0,-1.47,164.9,24.7,19.6,0.0,6551.85,10.0,2.0,2.5,NR5G-SA,n79,-81,-81,-10,22,-61,9.8,C3228E001,568
2026-06-10 16:12:20.201,2026-06-10 16:14:16.473,22.6613556,114.5003668,147.8,0.0,-1.47,165.3,24.7,19.6,0.0,6551.86,10.0,2.0,2.5,NR5G-SA,n79,-81,-81,-10,22,-61,10.7,C3228E001,568
2026-06-10 16:12:20.401,2026-06-10 16:14:16.673,22.6613556,114.5003668,147.8,0.0,-1.47,165.3,24.7,19.6,0.0,6551.86,10.0,2.0,2.5,NR5G-SA,n79,-81,-81,-10,22,-61,8.6,C3228E001,568
2026-06-10 16:12:20.601,2026-06-10 16:14:16.873,22.6613556,114.5003668,147.4,0.0,-1.48,165.6,24.7,19.6,0.0,6551.86,10.0,2.0,2.5,NR5G-SA,n79,-83,-83,-10,22,-63,5.4,C3228E001,568
2026-06-10 16:12:20.802,2026-06-10 16:14:17.073,22.6613556,114.5003668,147.0,0.0,-1.51,165.6,37.9,19.6,0.0,6551.86,10.0,2.0,2.5,NR5G-SA,n79,-81,-81,-10,21,-61,5.2,C3228E001,568
2026-06-10 16:12:21.002,2026-06-10 16:14:17.073,22.6613556,114.5003668,146.6,0.0,-1.49,165.4,37.9,22.6,0.0,6551.86,10.0,2.0,2.5,NR5G-SA,n79,-81,-81,-10,21,-61,7.0,C3228E001,568
2026-06-10 16:12:21.202,2026-06-10 16:14:17.473,22.6613555,114.5003667,146.2,0.1,-1.49,165.1,37.9,22.6,0.0,6551.88,10.0,2.0,2.5,NR5G-SA,n79,-81,-81,-10,21,-61,10.1,C3228E001,568
2026-06-10 16:12:21.403,2026-06-10 16:14:17.673,22.6613555,114.5003667,146.2,0.1,-1.49,165.1,37.9,22.6,0.0,6551.88,10.0,2.0,2.5,NR5G-SA,n79,-83,-83,-10,21,-63,9.5,C3228E001,568
2026-06-10 16:12:21.603,2026-06-10 16:14:17.873,22.6613554,114.5003665,145.9,0.1,-1.50,164.8,37.9,22.6,0.0,6551.90,10.0,2.0,2.5,NR5G-SA,n79,-83,-83,-10,21,-63,5.1,C3228E001,568
2026-06-10 16:12:21.803,2026-06-10 16:14:18.073,22.6613553,114.5003664,145.5,0.0,-1.44,164.4,35.1,22.6,0.0,6551.92,10.0,2.0,2.5,NR5G-SA,n79,-83,-83,-10,21,-63,5.6,C3228E001,568
2026-06-10 16:12:22.004,2026-06-10 16:14:18.073,22.6613554,114.5003664,145.1,0.0,-1.45,164.1,35.1,24.4,0.0,6551.93,10.0,2.0,2.5,NR5G-SA,n79,-83,-83,-10,20,-63,10.4,C3228E001,568
2026-06-10 16:12:22.204,2026-06-10 16:14:18.473,22.6613554,114.5003664,145.1,0.0,-1.45,164.1,35.1,24.4,0.0,6551.93,10.0,2.0,2.5,NR5G-SA,n79,-83,-83,-10,20,-63,13.9,C3228E001,568
2026-06-10 16:12:22.404,2026-06-10 16:14:18.673,22.6613555,114.5003664,144.8,0.0,-1.48,163.9,35.1,24.4,0.0,6551.94,10.0,2.0,2.5,NR5G-SA,n79,-83,-83,-10,20,-63,10.0,C3228E001,568
2026-06-10 16:12:22.605,2026-06-10 16:14:18.873,22.6613555,114.5003664,144.4,0.0,-1.48,163.9,35.1,24.4,0.0,6551.94,10.0,2.0,2.5,NR5G-SA,n79,-83,-83,-10,20,-63,6.0,C3228E001,568
2026-06-10 16:12:22.805,2026-06-10 16:14:19.073,22.6613556,114.5003664,144.0,0.1,-1.48,164.1,28.2,24.4,0.0,6551.95,10.0,2.0,2.5,NR5G-SA,n79,-83,-83,-10,20,-63,6.5,C3228E001,568
2026-06-10 16:12:23.005,2026-06-10 16:14:19.073,22.6613558,114.5003664,143.7,0.1,-1.48,164.6,28.2,24.5,0.1,6551.97,10.0,2.0,2.5,NR5G-SA,n79,-82,-82,-10,20,-62,8.4,C3228E001,568
2026-06-10 16:12:23.206,2026-06-10 16:14:19.473,22.6613559,114.5003665,143.3,0.1,-1.47,165.1,28.2,24.5,0.1,6551.99,10.0,2.0,2.5,NR5G-SA,n79,-82,-82,-10,20,-62,10.8,C3228E001,568
2026-06-10 16:12:23.406,2026-06-10 16:14:19.673,22.6613559,114.5003665,143.3,0.1,-1.47,165.1,28.2,24.5,0.1,6551.99,10.0,2.0,2.5,NR5G-SA,n79,-82,-82,-10,20,-62,9.6,C3228E001,568
2026-06-10 16:12:23.606,2026-06-10 16:14:19.873,22.6613559,114.5003666,142.9,0.0,-1.49,165.3,28.2,24.5,0.1,6552.00,10.0,2.0,2.5,NR5G-SA,n79,-83,-83,-10,19,-63,6.2,C3228E001,568
2026-06-10 16:12:23.807,2026-06-10 16:14:20.073,22.6613559,114.5003666,142.5,0.0,-1.49,165.2,43.0,24.5,0.1,6552.00,10.0,2.0,2.5,NR5G-SA,n79,-83,-83,-10,19,-63,5.5,C3228E001,568
2026-06-10 16:12:24.007,2026-06-10 16:14:20.073,22.6613559,114.5003667,142.2,0.1,-1.50,165.3,43.0,25.2,0.1,6552.01,10.0,2.0,2.5,NR5G-SA,n79,-83,-83,-10,19,-63,9.1,C3228E001,568
2026-06-10 16:12:24.207,2026-06-10 16:14:20.473,22.6613558,114.5003669,141.8,0.1,-1.49,165.6,43.0,25.2,0.0,6552.03,10.0,2.0,2.5,NR5G-SA,n79,-82,-82,-10,19,-62,11.9,C3228E001,568
2026-06-10 16:12:24.408,2026-06-10 16:14:20.673,22.6613558,114.5003669,141.8,0.1,-1.49,165.6,43.0,25.2,0.0,6552.03,10.0,2.0,2.5,NR5G-SA,n79,-82,-82,-10,19,-62,8.3,C3228E001,568
2026-06-10 16:12:24.608,2026-06-10 16:14:20.873,22.6613556,114.5003670,141.4,0.1,-1.49,165.8,43.0,25.2,0.0,6552.05,10.0,2.0,2.5,NR5G-SA,n79,-82,-82,-10,19,-62,6.4,C3228E001,568
2026-06-10 16:12:24.808,2026-06-10 16:14:21.073,22.6613555,114.5003671,141.0,0.1,-1.48,166.0,15.5,25.2,0.0,6552.07,10.0,2.0,2.5,NR5G-SA,n79,-83,-83,-10,19,-63,5.5,C3228E001,568
2026-06-10 16:12:25.009,2026-06-10 16:14:21.473,22.6613554,114.5003671,140.7,0.1,-1.51,165.9,15.5,26.0,0.0,6552.08,10.0,2.0,2.5,NR5G-SA,n79,-83,-83,-10,19,-63,7.2,C3228E001,568
2026-06-10 16:12:25.209,2026-06-10 16:14:21.473,22.6613553,114.5003671,140.3,0.0,-1.48,165.7,15.5,26.0,0.0,6552.09,10.0,2.0,2.5,NR5G-SA,n79,-83,-83,-10,19,-63,12.2,C3228E001,568
2026-06-10 16:12:25.409,2026-06-10 16:14:21.673,22.6613553,114.5003671,140.3,0.0,-1.48,165.7,15.5,26.0,0.0,6552.09,10.0,2.0,2.5,NR5G-SA,n79,-83,-83,-10,19,-63,9.1,C3228E001,568
2026-06-10 16:12:25.610,2026-06-10 16:14:21.873,22.6613551,114.5003670,139.9,0.0,-1.53,165.3,15.5,26.0,0.0,6552.12,10.0,2.0,2.5,NR5G-SA,n79,-83,-83,-10,19,-63,5.7,C3228E001,568
2026-06-10 16:12:25.810,2026-06-10 16:14:22.073,22.6613550,114.5003669,139.5,0.1,-1.50,164.7,0.0,26.0,0.0,6552.13,10.0,2.0,2.5,NR5G-SA,n79,-83,-83,-10,19,-63,5.7,C3228E001,568
2026-06-10 16:12:26.010,2026-06-10 16:14:22.473,22.6613550,114.5003668,139.2,0.1,-1.47,163.9,0.0,23.1,0.0,6552.14,10.0,2.0,2.5,NR5G-SA,n79,-83,-83,-10,19,-63,5.6,C3228E001,568
2026-06-10 16:12:26.211,2026-06-10 16:14:22.473,22.6613550,114.5003668,138.8,0.0,-1.45,163.0,0.0,23.1,0.0,6552.14,10.0,2.0,2.5,NR5G-SA,n79,-83,-83,-10,19,-63,10.5,C3228E001,568
2026-06-10 16:12:26.411,2026-06-10 16:14:22.673,22.6613550,114.5003668,138.8,0.0,-1.45,163.0,0.0,23.1,0.0,6552.14,10.0,2.0,2.5,NR5G-SA,n79,-83,-83,-10,19,-63,8.9,C3228E001,568
2026-06-10 16:12:26.611,2026-06-10 16:14:22.873,22.6613550,114.5003668,138.4,0.0,-1.46,162.7,0.0,23.1,0.0,6552.14,10.0,2.0,2.5,NR5G-SA,n79,-82,-82,-10,18,-62,5.2,C3228E001,568
2026-06-10 16:12:26.812,2026-06-10 16:14:23.073,22.6613550,114.5003669,138.0,0.1,-1.51,162.6,1.6,23.1,0.0,6552.15,10.0,2.0,2.5,NR5G-SA,n79,-82,-82,-10,18,-62,8.2,C3228E001,568
2026-06-10 16:12:27.012,2026-06-10 16:14:23.073,22.6613550,114.5003669,137.7,0.0,-1.51,162.6,1.6,23.1,0.0,6552.15,10.0,2.0,2.5,NR5G-SA,n79,-44,-44,-10,22,-24,9.0,C3228E001,568
2026-06-10 16:12:27.212,2026-06-10 16:14:23.473,22.6613550,114.5003670,137.3,0.0,-1.48,162.7,1.6,21.7,0.0,6552.16,10.0,2.0,2.5,NR5G-SA,n79,-44,-44,-10,22,-24,11.2,C3228E001,568
2026-06-10 16:12:27.412,2026-06-10 16:14:23.673,22.6613550,114.5003670,137.3,0.0,-1.48,162.7,1.6,21.7,0.0,6552.16,10.0,2.0,2.5,NR5G-SA,n79,-44,-44,-10,22,-24,9.0,C3228E001,568
2026-06-10 16:12:27.613,2026-06-10 16:14:23.873,22.6613550,114.5003670,136.9,0.0,-1.48,162.9,1.6,21.7,0.0,6552.16,10.0,2.0,2.5,NR5G-SA,n79,-44,-44,-10,22,-24,5.6,C3228E001,568
2026-06-10 16:12:27.813,2026-06-10 16:14:24.073,22.6613550,114.5003670,136.5,0.0,-1.48,163.5,0.0,21.7,0.0,6552.16,10.0,2.0,2.5,NR5G-SA,n79,-44,-44,-10,22,-24,5.5,C3228E001,568
2026-06-10 16:12:28.013,2026-06-10 16:14:24.473,22.6613551,114.5003670,136.2,0.1,-1.49,164.2,0.0,21.7,0.0,6552.17,10.0,2.0,2.5,NR5G-SA,n79,-44,-44,-10,22,-24,5.8,C3228E001,568
2026-06-10 16:12:28.214,2026-06-10 16:14:24.473,22.6613552,114.5003670,135.8,0.1,-1.52,164.9,0.0,21.7,0.0,6552.18,10.0,2.0,2.5,NR5G-SA,n79,-44,-44,-10,22,-24,12.7,C3228E001,568
2026-06-10 16:12:28.414,2026-06-10 16:14:24.673,22.6613552,114.5003670,135.8,0.1,-1.52,164.9,0.0,21.7,0.0,6552.18,10.0,2.0,2.5,NR5G-SA,n79,-44,-44,-10,22,-24,10.4,C3228E001,568
2026-06-10 16:12:28.615,2026-06-10 16:14:24.873,22.6613553,114.5003669,135.4,0.1,-1.50,165.5,0.0,21.7,0.0,6552.20,10.0,2.0,2.5,NR5G-SA,n79,-44,-44,-10,22,-24,5.0,C3228E001,568
2026-06-10 16:12:28.815,2026-06-10 16:14:25.073,22.6613555,114.5003669,135.0,0.0,-1.49,166.3,18.2,21.7,0.0,6552.22,10.0,2.0,2.5,NR5G-SA,n79,-44,-44,-10,22,-24,6.5,C3228E001,568
2026-06-10 16:12:29.015,2026-06-10 16:14:25.473,22.6613556,114.5003669,134.7,0.0,-1.47,167.0,18.2,21.7,0.0,6552.23,10.0,2.0,2.5,NR5G-SA,n79,-44,-44,-10,22,-24,7.0,C3228E001,568
2026-06-10 16:12:29.216,2026-06-10 16:14:25.473,22.6613557,114.5003668,134.3,0.0,-1.48,167.6,18.2,20.1,0.0,6552.25,10.0,2.0,2.5,NR5G-SA,n79,-44,-44,-10,22,-24,13.3,C3228E001,568
2026-06-10 16:12:29.416,2026-06-10 16:14:25.673,22.6613557,114.5003668,134.3,0.0,-1.48,167.6,18.2,20.1,0.0,6552.25,10.0,2.0,2.5,NR5G-SA,n79,-44,-44,-10,22,-24,9.7,C3228E001,568
2026-06-10 16:12:29.616,2026-06-10 16:14:25.873,22.6613557,114.5003667,133.9,0.0,-1.49,168.1,18.2,20.1,0.0,6552.26,10.0,2.0,2.5,NR5G-SA,n79,-44,-44,-10,22,-24,5.7,C3228E001,568
2026-06-10 16:12:29.817,2026-06-10 16:14:26.073,22.6613557,114.5003667,133.5,0.0,-1.49,168.4,41.3,20.1,0.0,6552.26,10.0,2.0,2.5,NR5G-SA,n79,-44,-44,-10,22,-24,7.3,C3228E001,568
2026-06-10 16:12:30.017,2026-06-10 16:14:26.473,22.6613557,114.5003667,133.2,0.0,-1.50,168.6,41.3,20.1,0.0,6552.26,10.0,2.0,2.5,NR5G-SA,n79,-44,-44,-10,22,-24,6.8,C3228E001,568
2026-06-10 16:12:30.217,2026-06-10 16:14:26.473,22.6613558,114.5003667,132.8,0.0,-1.50,168.8,41.3,18.9,0.0,6552.27,10.0,2.0,2.5,NR5G-SA,n79,-44,-44,-10,22,-24,12.4,C3228E001,568
2026-06-10 16:12:30.418,2026-06-10 16:14:26.673,22.6613558,114.5003667,132.8,0.0,-1.50,168.8,41.3,18.9,0.0,6552.27,10.0,2.0,2.5,NR5G-SA,n79,-44,-44,-10,22,-24,9.9,C3228E001,568
2026-06-10 16:12:30.618,2026-06-10 16:14:26.873,22.6613558,114.5003668,132.4,0.0,-1.48,169.0,41.3,18.9,0.0,6552.28,10.0,2.0,2.5,NR5G-SA,n79,-44,-44,-10,22,-24,6.8,C3228E001,568
2026-06-10 16:12:30.818,2026-06-10 16:14:27.073,22.6613557,114.5003668,132.0,0.0,-1.50,169.3,30.9,18.9,0.0,6552.29,10.0,2.0,2.5,NR5G-SA,n79,-44,-44,-10,22,-24,6.6,C3228E001,568
2026-06-10 16:12:31.019,2026-06-10 16:14:27.473,22.6613558,114.5003669,131.7,0.0,-1.49,169.5,30.9,18.9,0.0,6552.31,10.0,2.0,2.5,NR5G-SA,n79,-44,-44,-10,22,-24,5.7,C3228E001,568
2026-06-10 16:12:31.219,2026-06-10 16:14:27.473,22.6613557,114.5003669,131.3,0.0,-1.49,169.6,30.9,18.8,0.0,6552.32,10.0,2.0,2.5,NR5G-SA,n79,-44,-44,-10,22,-24,12.7,C3228E001,568
2026-06-10 16:12:31.419,2026-06-10 16:14:27.673,22.6613557,114.5003669,131.3,0.0,-1.49,169.6,30.9,18.8,0.0,6552.32,10.0,2.0,2.5,NR5G-SA,n79,-44,-44,-10,22,-24,9.9,C3228E001,568
2026-06-10 16:12:31.620,2026-06-10 16:14:27.873,22.6613556,114.5003669,130.9,0.0,-1.50,169.6,30.9,18.8,0.0,6552.33,10.0,2.0,2.5,NR5G-SA,n79,-44,-44,-10,22,-24,5.1,C3228E001,568
2026-06-10 16:12:31.820,2026-06-10 16:14:28.073,22.6613556,114.5003669,130.5,0.0,-1.50,169.4,33.0,18.8,0.0,6552.33,10.0,2.0,2.5,NR5G-SA,n79,-44,-44,-10,22,-24,7.3,C3228E001,568
2026-06-10 16:12:32.020,2026-06-10 16:14:28.473,22.6613555,114.5003669,130.2,0.0,-1.51,169.3,33.0,18.8,0.0,6552.34,10.0,2.0,2.5,NR5G-SA,n79,-44,-44,-10,23,-24,7.2,C3228E001,568
2026-06-10 16:12:32.221,2026-06-10 16:14:28.473,22.6613555,114.5003669,129.8,0.0,-1.49,169.3,33.0,18.7,0.0,6552.34,10.0,2.0,2.5,NR5G-SA,n79,-44,-44,-10,23,-24,11.2,C3228E001,568
2026-06-10 16:12:32.421,2026-06-10 16:14:28.673,22.6613555,114.5003669,129.8,0.0,-1.49,169.3,33.0,18.7,0.0,6552.34,10.0,2.0,2.5,NR5G-SA,n79,-44,-44,-10,23,-24,9.1,C3228E001,568
2026-06-10 16:12:32.621,2026-06-10 16:14:28.873,22.6613555,114.5003669,129.4,0.0,-1.50,169.3,33.0,18.7,0.0,6552.34,10.0,2.0,2.5,NR5G-SA,n79,-44,-44,-10,23,-24,4.8,C3228E001,568
2026-06-10 16:12:32.822,2026-06-10 16:14:29.073,22.6613555,114.5003669,129.0,0.0,-1.49,169.4,39.8,18.7,0.0,6552.34,10.0,2.0,2.5,NR5G-SA,n79,-44,-44,-10,23,-24,6.8,C3228E001,568
2026-06-10 16:12:33.022,2026-06-10 16:14:29.473,22.6613555,114.5003669,128.7,0.0,-1.49,169.6,39.8,18.7,0.0,6552.34,10.0,2.0,2.5,NR5G-SA,n79,-44,-44,-10,23,-24,5.5,C3228E001,568
2026-06-10 16:12:33.222,2026-06-10 16:14:29.473,22.6613555,114.5003669,128.3,0.0,-1.47,169.6,39.8,17.3,0.0,6552.34,10.0,2.0,2.5,NR5G-SA,n79,-44,-44,-10,23,-24,11.2,C3228E001,568
2026-06-10 16:12:33.424,2026-06-10 16:14:29.673,22.6613555,114.5003669,128.3,0.0,-1.47,169.6,39.8,17.3,0.0,6552.34,10.0,2.0,2.5,NR5G-SA,n79,-44,-44,-10,23,-24,9.9,C3228E001,568
2026-06-10 16:12:33.624,2026-06-10 16:14:29.873,22.6613555,114.5003668,127.9,0.0,-1.49,169.6,39.8,17.3,0.0,6552.35,10.0,2.0,2.5,NR5G-SA,n79,-44,-44,-10,23,-24,5.9,C3228E001,568
2026-06-10 16:12:33.825,2026-06-10 16:14:30.073,22.6613555,114.5003667,127.5,0.0,-1.47,169.7,21.9,17.3,0.0,6552.36,10.0,2.0,2.5,NR5G-SA,n79,-44,-44,-10,23,-24,7.4,C3228E001,568
2026-06-10 16:12:34.025,2026-06-10 16:14:30.473,22.6613555,114.5003667,127.2,0.0,-1.49,169.7,21.9,17.3,0.0,6552.36,10.0,2.0,2.5,NR5G-SA,n79,-44,-44,-10,23,-24,7.4,C3228E001,568
2026-06-10 16:12:34.225,2026-06-10 16:14:30.473,22.6613555,114.5003667,126.8,0.0,-1.49,169.7,21.9,16.9,0.0,6552.36,10.0,2.0,2.5,NR5G-SA,n79,-78,-78,-10,23,-58,14.4,C3228E001,568
2026-06-10 16:12:34.426,2026-06-10 16:14:30.673,22.6613555,114.5003667,126.8,0.0,-1.49,169.7,21.9,16.9,0.0,6552.36,10.0,2.0,2.5,NR5G-SA,n79,-78,-78,-10,23,-58,9.2,C3228E001,568
2026-06-10 16:12:34.626,2026-06-10 16:14:30.873,22.6613554,114.5003667,126.4,0.0,-1.50,169.8,21.9,16.9,0.0,6552.37,10.0,2.0,2.5,NR5G-SA,n79,-78,-78,-10,32,-58,11.1,C3228E001,568
2026-06-10 16:12:34.827,2026-06-10 16:14:31.073,22.6613553,114.5003667,126.0,0.0,-1.50,169.9,0.0,16.9,0.0,6552.38,10.0,2.0,2.5,NR5G-SA,n79,-78,-78,-10,32,-58,7.8,C3228E001,568
2026-06-10 16:12:35.027,2026-06-10 16:14:31.473,22.6613552,114.5003667,125.7,0.0,-1.50,169.8,0.0,16.9,0.0,6552.39,10.0,2.0,2.5,NR5G-SA,n79,-78,-78,-10,32,-58,6.1,C3228E001,568
2026-06-10 16:12:35.227,2026-06-10 16:14:31.473,22.6613552,114.5003667,125.3,0.0,-1.51,169.7,0.0,17.4,0.0,6552.39,10.0,2.0,2.5,NR5G-SA,n79,-78,-78,-10,33,-58,8.6,C3228E001,568
2026-06-10 16:12:35.428,2026-06-10 16:14:31.673,22.6613552,114.5003667,125.3,0.0,-1.51,169.7,0.0,17.4,0.0,6552.39,10.0,2.0,2.5,NR5G-SA,n79,-78,-78,-10,33,-58,9.5,C3228E001,568
2026-06-10 16:12:35.628,2026-06-10 16:14:31.873,22.6613552,114.5003667,124.9,0.0,-1.51,169.6,0.0,17.4,0.0,6552.39,10.0,2.0,2.5,NR5G-SA,n79,-78,-78,-10,33,-58,9.9,C3228E001,568
2026-06-10 16:12:35.828,2026-06-10 16:14:32.073,22.6613552,114.5003667,124.5,0.0,-1.50,169.5,6.1,17.4,0.0,6552.39,10.0,2.0,2.5,NR5G-SA,n79,-78,-78,-10,33,-58,8.8,C3228E001,568
2026-06-10 16:12:36.029,2026-06-10 16:14:32.473,22.6613551,114.5003668,124.2,0.0,-1.51,169.2,6.1,17.4,0.0,6552.41,10.0,2.0,2.5,NR5G-SA,n79,-78,-78,-10,33,-58,5.1,C3228E001,568
2026-06-10 16:12:36.229,2026-06-10 16:14:32.473,22.6613552,114.5003668,123.8,0.0,-1.51,169.0,6.1,16.8,0.0,6552.42,10.0,2.0,2.5,NR5G-SA,n79,-78,-78,-10,33,-58,12.0,C3228E001,568
2026-06-10 16:12:36.430,2026-06-10 16:14:32.673,22.6613552,114.5003668,123.8,0.0,-1.51,169.0,6.1,16.8,0.0,6552.42,10.0,2.0,2.5,NR5G-SA,n79,-78,-78,-10,32,-58,8.7,C3228E001,568
2026-06-10 16:12:36.630,2026-06-10 16:14:32.873,22.6613553,114.5003668,123.4,0.0,-1.51,168.8,6.1,16.8,0.0,6552.43,10.0,2.0,2.5,NR5G-SA,n79,-78,-78,-10,32,-58,10.2,C3228E001,568
2026-06-10 16:12:36.830,2026-06-10 16:14:33.073,22.6613553,114.5003668,123.0,0.0,-1.50,168.7,0.0,16.8,0.0,6552.43,10.0,2.0,2.5,NR5G-SA,n79,-78,-78,-10,33,-58,6.8,C3228E001,568
2026-06-10 16:12:37.031,2026-06-10 16:14:33.473,22.6613554,114.5003669,122.7,0.0,-1.49,168.6,0.0,16.8,0.0,6552.45,10.0,2.0,2.5,NR5G-SA,n79,-78,-78,-10,33,-58,6.7,C3228E001,568
2026-06-10 16:12:37.231,2026-06-10 16:14:33.473,22.6613554,114.5003669,122.3,0.0,-1.50,168.5,0.0,16.8,0.0,6552.45,10.0,2.0,2.5,NR5G-SA,n79,-78,-78,-10,33,-58,8.7,C3228E001,568
2026-06-10 16:12:37.431,2026-06-10 16:14:33.673,22.6613554,114.5003669,122.3,0.0,-1.50,168.5,0.0,16.3,0.0,6552.45,10.0,2.0,2.5,NR5G-SA,n79,-78,-78,-10,32,-58,9.5,C3228E001,568
2026-06-10 16:12:37.632,2026-06-10 16:14:33.873,22.6613554,114.5003669,121.9,0.0,-1.50,168.4,0.0,16.3,0.0,6552.45,10.0,2.0,2.5,NR5G-SA,n79,-78,-78,-10,32,-58,10.6,C3228E001,568
2026-06-10 16:12:37.832,2026-06-10 16:14:34.073,22.6613554,114.5003669,121.5,0.0,-1.51,168.3,11.3,16.3,0.0,6552.45,10.0,2.0,2.5,NR5G-SA,n79,-78,-78,-10,32,-58,7.6,C3228E001,568
2026-06-10 16:12:38.033,2026-06-10 16:14:34.473,22.6613554,114.5003669,121.2,0.0,-1.49,168.2,11.3,16.3,0.0,6552.45,10.0,2.0,2.5,NR5G-SA,n79,-78,-78,-10,32,-58,6.5,C3228E001,568
2026-06-10 16:12:38.233,2026-06-10 16:14:34.473,22.6613554,114.5003668,120.8,0.0,-1.49,168.1,11.3,16.3,0.0,6552.46,10.0,2.0,2.5,NR5G-SA,n79,-78,-78,-10,32,-58,8.4,C3228E001,568
2026-06-10 16:12:38.433,2026-06-10 16:14:34.673,22.6613554,114.5003668,120.8,0.0,-1.49,168.1,11.3,16.3,0.0,6552.46,10.0,2.0,2.5,NR5G-SA,n79,-78,-78,-10,32,-58,11.0,C3228E001,568
2026-06-10 16:12:38.634,2026-06-10 16:14:34.873,22.6613554,114.5003667,120.4,0.0,-1.49,168.0,11.3,16.3,0.0,6552.47,10.0,2.0,2.5,NR5G-SA,n79,-78,-78,-10,32,-58,10.0,C3228E001,568
2026-06-10 16:12:38.834,2026-06-10 16:14:35.073,22.6613554,114.5003666,120.0,0.0,-1.47,167.9,44.3,16.3,0.0,6552.48,10.0,2.0,2.5,NR5G-SA,n79,-78,-78,-10,32,-58,9.0,C3228E001,568
2026-06-10 16:12:39.035,2026-06-10 16:14:35.473,22.6613555,114.5003666,119.7,0.0,-1.48,168.0,44.3,16.3,0.0,6552.49,10.0,2.0,2.5,NR5G-SA,n79,-78,-78,-10,32,-58,6.8,C3228E001,568
2026-06-10 16:12:39.235,2026-06-10 16:14:35.473,22.6613555,114.5003666,119.3,0.0,-1.49,168.1,44.3,16.3,0.0,6552.49,10.0,2.0,2.5,NR5G-SA,n79,-78,-78,-10,32,-58,9.9,C3228E001,568
2026-06-10 16:12:39.435,2026-06-10 16:14:35.673,22.6613555,114.5003666,119.3,0.0,-1.49,168.1,44.3,16.4,0.0,6552.49,10.0,2.0,2.5,NR5G-SA,n79,-78,-78,-10,32,-58,12.0,C3228E001,568
2026-06-10 16:12:39.636,2026-06-10 16:14:35.873,22.6613555,114.5003666,118.9,0.0,-1.49,168.2,44.3,16.4,0.0,6552.49,10.0,2.0,2.5,NR5G-SA,n79,-78,-78,-10,32,-58,9.9,C3228E001,568
2026-06-10 16:12:39.836,2026-06-10 16:14:36.073,22.6613554,114.5003666,118.5,0.0,-1.49,168.3,25.8,16.4,0.0,6552.50,10.0,2.0,2.5,NR5G-SA,n79,-78,-78,-10,31,-58,7.5,C3228E001,568
2026-06-10 16:12:40.036,2026-06-10 16:14:36.473,22.6613553,114.5003666,118.2,0.0,-1.50,168.2,25.8,16.4,0.0,6552.51,10.0,2.0,2.5,NR5G-SA,n79,-78,-78,-10,31,-58,7.9,C3228E001,568
2026-06-10 16:12:40.237,2026-06-10 16:14:36.473,22.6613553,114.5003666,117.8,0.0,-1.50,167.9,25.8,16.4,0.0,6552.51,10.0,2.0,2.5,NR5G-SA,n79,-78,-78,-10,30,-58,8.0,C3228E001,568
2026-06-10 16:12:40.437,2026-06-10 16:14:36.673,22.6613553,114.5003666,117.8,0.0,-1.50,167.9,25.8,17.3,0.0,6552.51,10.0,2.0,2.5,NR5G-SA,n79,-78,-78,-10,30,-58,7.6,C3228E001,568
2026-06-10 16:12:40.637,2026-06-10 16:14:36.873,22.6613554,114.5003666,117.4,0.0,-1.50,167.8,25.8,17.3,0.0,6552.52,10.0,2.0,2.5,NR5G-SA,n79,-78,-78,-10,30,-58,10.0,C3228E001,568
2026-06-10 16:12:40.838,2026-06-10 16:14:37.073,22.6613554,114.5003666,117.0,0.0,-1.50,167.8,36.7,17.3,0.0,6552.52,10.0,2.0,2.5,NR5G-SA,n79,-78,-78,-10,30,-58,7.4,C3228E001,568
2026-06-10 16:12:41.038,2026-06-10 16:14:37.473,22.6613554,114.5003666,116.7,0.0,-1.50,167.6,36.7,17.3,0.0,6552.52,10.0,2.0,2.5,NR5G-SA,n79,-78,-78,-10,30,-58,7.3,C3228E001,568
2026-06-10 16:12:41.238,2026-06-10 16:14:37.473,22.6613554,114.5003666,116.3,0.0,-1.52,167.3,36.7,17.3,0.0,6552.52,10.0,2.0,2.5,NR5G-SA,n79,-78,-78,-10,29,-58,10.7,C3228E001,568
2026-06-10 16:12:41.439,2026-06-10 16:14:37.673,22.6613554,114.5003666,116.3,0.0,-1.52,167.3,36.7,18.4,0.0,6552.52,10.0,2.0,2.5,NR5G-SA,n79,-78,-78,-10,29,-58,11.7,C3228E001,568
2026-06-10 16:12:41.639,2026-06-10 16:14:37.873,22.6613554,114.5003666,115.9,0.0,-1.51,167.1,36.7,18.4,0.0,6552.52,10.0,2.0,2.5,NR5G-SA,n79,-78,-78,-10,29,-58,11.2,C3228E001,568
2026-06-10 16:12:41.839,2026-06-10 16:14:38.073,22.6613554,114.5003666,115.5,0.0,-1.51,167.3,36.2,18.4,0.0,6552.52,10.0,2.0,2.5,NR5G-SA,n79,-78,-78,-10,29,-58,8.4,C3228E001,568
2026-06-10 16:12:42.040,2026-06-10 16:14:38.473,22.6613555,114.5003666,115.2,0.0,-1.50,167.7,36.2,18.4,0.0,6552.53,10.0,2.0,2.5,NR5G-SA,n79,-78,-78,-10,29,-58,6.6,C3228E001,568
2026-06-10 16:12:42.240,2026-06-10 16:14:38.673,22.6613555,114.5003667,114.8,0.0,-1.49,167.8,36.2,18.4,0.0,6552.54,10.0,2.0,2.5,NR5G-SA,n79,-78,-78,-10,29,-58,7.7,C3228E001,568
2026-06-10 16:12:42.440,2026-06-10 16:14:38.673,22.6613555,114.5003667,114.8,0.0,-1.49,167.8,36.2,20.8,0.0,6552.54,10.0,2.0,2.5,NR5G-SA,n79,-78,-78,-10,29,-58,10.3,C3228E001,568
2026-06-10 16:12:42.641,2026-06-10 16:14:38.873,22.6613554,114.5003667,114.4,0.0,-1.50,167.8,36.2,20.8,0.0,6552.55,10.0,2.0,2.5,NR5G-SA,n79,-78,-78,-10,29,-58,9.9,C3228E001,568
2026-06-10 16:12:42.841,2026-06-10 16:14:39.073,22.6613553,114.5003668,114.0,0.0,-1.50,167.6,28.0,20.8,0.0,6552.57,10.0,2.0,2.5,NR5G-SA,n79,-78,-78,-10,29,-58,5.9,C3228E001,568
2026-06-10 16:12:43.041,2026-06-10 16:14:39.473,22.6613552,114.5003667,113.7,0.0,-1.50,167.6,28.0,20.8,0.0,6552.58,10.0,2.0,2.5,NR5G-SA,n79,-78,-78,-10,28,-58,5.8,C3228E001,568
2026-06-10 16:12:43.242,2026-06-10 16:14:39.473,22.6613553,114.5003668,113.3,0.0,-1.51,167.5,28.0,20.8,0.0,6552.60,10.0,2.0,2.5,NR5G-SA,n79,-78,-78,-10,28,-58,9.8,C3228E001,568
2026-06-10 16:12:43.442,2026-06-10 16:14:39.673,22.6613553,114.5003668,113.3,0.0,-1.51,167.5,28.0,24.1,0.0,6552.60,10.0,2.0,2.5,NR5G-SA,n79,-78,-78,-10,29,-58,10.0,C3228E001,568
2026-06-10 16:12:43.643,2026-06-10 16:14:39.873,22.6613553,114.5003668,112.9,0.0,-1.51,167.2,28.0,24.1,0.0,6552.60,10.0,2.0,2.5,NR5G-SA,n79,-78,-78,-10,29,-58,8.9,C3228E001,568
2026-06-10 16:12:43.843,2026-06-10 16:14:40.073,22.6613553,114.5003669,112.6,0.0,-1.52,167.0,42.7,24.1,0.0,6552.61,10.0,2.0,2.5,NR5G-SA,n79,-78,-78,-10,29,-58,6.2,C3228E001,568
2026-06-10 16:12:44.043,2026-06-10 16:14:40.473,22.6613553,114.5003670,112.2,0.0,-1.51,166.7,42.7,24.1,0.0,6552.62,10.0,2.0,2.5,NR5G-SA,n79,-78,-78,-10,28,-58,6.7,C3228E001,568
2026-06-10 16:12:44.244,2026-06-10 16:14:40.473,22.6613553,114.5003670,111.8,0.0,-1.51,166.3,42.7,24.1,0.0,6552.62,10.0,2.0,2.5,NR5G-SA,n79,-78,-78,-10,28,-58,9.3,C3228E001,568
2026-06-10 16:12:44.444,2026-06-10 16:14:40.673,22.6613553,114.5003670,111.8,0.0,-1.51,166.3,42.7,24.8,0.0,6552.62,10.0,2.0,2.5,NR5G-SA,n79,-78,-78,-10,28,-58,10.3,C3228E001,568
2026-06-10 16:12:44.644,2026-06-10 16:14:40.873,22.6613552,114.5003670,111.4,0.0,-1.52,166.1,42.7,24.8,0.0,6552.63,10.0,2.0,2.5,NR5G-SA,n79,-79,-79,-10,24,-59,9.2,C3228E001,568
2026-06-10 16:12:44.845,2026-06-10 16:14:41.073,22.6613552,114.5003670,111.0,0.0,-1.51,165.9,14.2,24.8,0.0,6552.63,10.0,2.0,2.5,NR5G-SA,n79,-79,-79,-10,24,-59,5.2,C3228E001,568
2026-06-10 16:12:45.045,2026-06-10 16:14:41.473,22.6613552,114.5003670,110.7,0.0,-1.52,165.7,14.2,24.8,0.0,6552.63,10.0,2.0,2.5,NR5G-SA,n79,-79,-79,-10,24,-59,5.9,C3228E001,568
2026-06-10 16:12:45.245,2026-06-10 16:14:41.473,22.6613552,114.5003669,110.3,0.0,-1.51,165.4,14.2,24.8,0.0,6552.64,10.0,2.0,2.5,NR5G-SA,n79,-78,-78,-10,16,-58,8.6,C3228E001,568
2026-06-10 16:12:45.446,2026-06-10 16:14:41.673,22.6613552,114.5003669,110.3,0.0,-1.51,165.4,14.2,24.1,0.0,6552.64,10.0,2.0,2.5,NR5G-SA,n79,-78,-78,-10,16,-58,10.3,C3228E001,568
2026-06-10 16:12:45.646,2026-06-10 16:14:41.873,22.6613553,114.5003669,109.9,0.0,-1.50,165.1,14.2,24.1,0.0,6552.65,10.0,2.0,2.5,NR5G-SA,n79,-78,-78,-10,17,-58,9.5,C3228E001,568
2026-06-10 16:12:45.846,2026-06-10 16:14:42.073,22.6613553,114.5003669,109.5,0.0,-1.52,164.5,0.0,24.1,0.0,6552.65,10.0,2.0,2.5,NR5G-SA,n79,-78,-78,-10,17,-58,5.7,C3228E001,568
2026-06-10 16:12:46.047,2026-06-10 16:14:42.473,22.6613553,114.5003669,109.2,0.0,-1.50,163.7,0.0,24.1,0.0,6552.65,10.0,2.0,2.5,NR5G-SA,n79,-78,-78,-10,17,-58,5.5,C3228E001,568
2026-06-10 16:12:46.247,2026-06-10 16:14:42.473,22.6613553,114.5003669,108.8,0.0,-1.48,162.9,0.0,24.1,0.0,6552.65,10.0,2.0,2.5,NR5G-SA,n79,-78,-78,-10,18,-58,9.9,C3228E001,568
2026-06-10 16:12:46.447,2026-06-10 16:14:42.673,22.6613553,114.5003669,108.8,0.0,-1.48,162.9,0.0,24.1,0.0,6552.65,10.0,2.0,2.5,NR5G-SA,n79,-78,-78,-10,18,-58,9.9,C3228E001,568
2026-06-10 16:12:46.648,2026-06-10 16:14:42.873,22.6613553,114.5003669,108.4,0.0,-1.47,162.1,0.0,24.3,0.0,6552.65,10.0,2.0,2.5,NR5G-SA,n79,-78,-78,-10,18,-58,10.2,C3228E001,568
2026-06-10 16:12:46.848,2026-06-10 16:14:43.073,22.6613553,114.5003669,108.0,0.0,-1.48,161.6,3.2,24.3,0.0,6552.65,10.0,2.0,2.5,NR5G-SA,n79,-80,-80,-10,26,-60,6.3,C3228E001,568
2026-06-10 16:12:47.048,2026-06-10 16:14:43.473,22.6613553,114.5003670,107.7,0.0,-1.50,161.4,3.2,24.3,0.0,6552.66,10.0,2.0,2.5,NR5G-SA,n79,-80,-80,-10,26,-60,6.1,C3228E001,568
2026-06-10 16:12:47.248,2026-06-10 16:14:43.673,22.6613553,114.5003670,107.3,0.0,-1.51,161.7,3.2,24.3,0.0,6552.66,10.0,2.0,2.5,NR5G-SA,n79,-80,-80,-10,26,-60,5.7,C3228E001,568
2026-06-10 16:12:47.448,2026-06-10 16:14:43.673,22.6613553,114.5003669,106.9,0.0,-1.51,162.1,3.2,24.3,0.0,6552.67,10.0,2.0,2.5,NR5G-SA,n79,-80,-80,-10,25,-60,9.4,C3228E001,568
2026-06-10 16:12:47.649,2026-06-10 16:14:43.873,22.6613553,114.5003669,106.9,0.0,-1.52,162.1,3.2,21.5,0.0,6552.67,10.0,2.0,2.5,NR5G-SA,n79,-80,-80,-10,25,-60,9.5,C3228E001,568
2026-06-10 16:12:47.849,2026-06-10 16:14:44.073,22.6613553,114.5003669,106.5,0.0,-1.54,162.7,0.0,21.5,0.0,6552.67,10.0,2.0,2.5,NR5G-SA,n79,-80,-80,-10,25,-60,6.3,C3228E001,568
2026-06-10 16:12:48.049,2026-06-10 16:14:44.473,22.6613553,114.5003668,106.2,0.1,-1.52,163.3,0.0,21.5,0.0,6552.68,10.0,2.0,2.5,NR5G-SA,n79,-80,-80,-10,24,-60,6.5,C3228E001,568
2026-06-10 16:12:48.250,2026-06-10 16:14:44.473,22.6613554,114.5003667,105.8,0.0,-1.51,163.7,0.0,21.5,0.0,6552.70,10.0,2.0,2.5,NR5G-SA,n79,-80,-80,-10,24,-60,9.4,C3228E001,568
2026-06-10 16:12:48.450,2026-06-10 16:14:44.673,22.6613554,114.5003667,105.8,0.0,-1.51,163.7,0.0,21.5,0.0,6552.70,10.0,2.0,2.5,NR5G-SA,n79,-80,-80,-10,23,-60,10.5,C3228E001,568
2026-06-10 16:12:48.650,2026-06-10 16:14:44.873,22.6613555,114.5003667,105.4,0.0,-1.50,164.0,0.0,18.7,0.0,6552.71,10.0,2.0,2.5,NR5G-SA,n79,-80,-80,-10,23,-60,9.2,C3228E001,568
2026-06-10 16:12:48.851,2026-06-10 16:14:45.073,22.6613554,114.5003668,105.0,0.0,-1.48,163.9,19.5,18.7,0.0,6552.72,10.0,2.0,2.5,NR5G-SA,n79,-80,-80,-10,23,-60,8.8,C3228E001,568
2026-06-10 16:12:49.051,2026-06-10 16:14:45.473,22.6613554,114.5003668,104.7,0.0,-1.48,163.9,19.5,18.7,0.0,6552.72,10.0,2.0,2.5,NR5G-SA,n79,-80,-80,-10,23,-60,6.7,C3228E001,568
2026-06-10 16:12:49.251,2026-06-10 16:14:45.473,22.6613554,114.5003669,104.3,0.0,-1.49,164.0,19.5,18.7,0.0,6552.74,10.0,2.0,2.5,NR5G-SA,n79,-80,-80,-10,23,-60,9.5,C3228E001,568
2026-06-10 16:12:49.452,2026-06-10 16:14:45.673,22.6613554,114.5003670,103.9,0.0,-1.49,164.2,19.5,18.7,0.0,6552.75,10.0,2.0,2.5,NR5G-SA,n79,-80,-80,-10,23,-60,11.5,C3228E001,568
2026-06-10 16:12:49.652,2026-06-10 16:14:45.873,22.6613554,114.5003670,103.9,0.0,-1.50,164.2,19.5,17.6,0.0,6552.75,10.0,2.0,2.5,NR5G-SA,n79,-80,-80,-10,25,-60,8.6,C3228E001,568
2026-06-10 16:12:49.852,2026-06-10 16:14:46.073,22.6613554,114.5003671,103.6,0.0,-1.52,164.2,41.2,17.6,0.0,6552.76,10.0,2.0,2.5,NR5G-SA,n79,-80,-80,-10,25,-60,5.9,C3228E001,568
2026-06-10 16:12:50.053,2026-06-10 16:14:46.473,22.6613554,114.5003671,103.2,0.0,-1.50,164.2,41.2,17.6,0.0,6552.76,10.0,2.0,2.5,NR5G-SA,n79,-80,-80,-10,25,-60,6.6,C3228E001,568
2026-06-10 16:12:50.253,2026-06-10 16:14:46.673,22.6613554,114.5003672,102.8,0.0,-1.51,164.3,41.2,17.6,0.0,6552.77,10.0,2.0,2.5,NR5G-SA,n79,-80,-80,-10,27,-60,7.8,C3228E001,568
2026-06-10 16:12:50.453,2026-06-10 16:14:46.673,22.6613554,114.5003672,102.8,0.0,-1.51,164.3,41.2,17.6,0.0,6552.77,10.0,2.0,2.5,NR5G-SA,n79,-80,-80,-10,27,-60,10.1,C3228E001,568
2026-06-10 16:12:50.653,2026-06-10 16:14:46.873,22.6613555,114.5003672,102.4,0.0,-1.50,164.4,41.2,18.7,0.0,6552.78,10.0,2.0,2.5,NR5G-SA,n79,-80,-80,-10,25,-60,8.8,C3228E001,568
2026-06-10 16:12:50.854,2026-06-10 16:14:47.073,22.6613555,114.5003671,102.0,0.0,-1.52,164.3,31.1,18.7,0.0,6552.79,10.0,2.0,2.5,NR5G-SA,n79,-80,-80,-10,25,-60,7.1,C3228E001,568
2026-06-10 16:12:51.054,2026-06-10 16:14:47.473,22.6613555,114.5003671,101.7,0.0,-1.51,164.0,31.1,18.7,0.0,6552.79,10.0,2.0,2.5,NR5G-SA,n79,-80,-80,-10,25,-60,4.7,C3228E001,568
2026-06-10 16:12:51.254,2026-06-10 16:14:47.473,22.6613555,114.5003670,101.3,0.1,-1.50,163.5,31.1,18.7,0.0,6552.80,10.0,2.0,2.5,NR5G-SA,n79,-80,-80,-10,26,-60,8.2,C3228E001,568
2026-06-10 16:12:51.455,2026-06-10 16:14:47.673,22.6613553,114.5003669,100.9,0.1,-1.50,163.1,31.1,18.7,0.0,6552.82,10.0,2.0,2.5,NR5G-SA,n79,-80,-80,-10,26,-60,9.3,C3228E001,568
2026-06-10 16:12:51.656,2026-06-10 16:14:47.873,22.6613553,114.5003669,100.9,0.1,-1.50,163.1,31.1,18.3,0.0,6552.82,10.0,2.0,2.5,NR5G-SA,n79,-80,-80,-10,26,-60,8.7,C3228E001,568
2026-06-10 16:12:51.856,2026-06-10 16:14:48.073,22.6613552,114.5003668,100.5,0.1,-1.51,162.9,31.7,18.3,0.0,6552.84,10.0,2.0,2.5,NR5G-SA,n79,-80,-80,-10,26,-60,6.2,C3228E001,568
2026-06-10 16:12:52.056,2026-06-10 16:14:48.473,22.6613551,114.5003667,100.2,0.0,-1.49,163.0,31.7,18.3,0.0,6552.85,10.0,2.0,2.5,NR5G-SA,n79,-80,-80,-10,26,-60,5.9,C3228E001,568
2026-06-10 16:12:52.257,2026-06-10 16:14:48.673,22.6613551,114.5003666,99.8,0.0,-1.50,163.2,31.7,18.3,0.0,6552.86,10.0,2.0,2.5,NR5G-SA,n79,-80,-80,-10,26,-60,7.6,C3228E001,568
2026-06-10 16:12:52.457,2026-06-10 16:14:48.673,22.6613551,114.5003667,99.4,0.0,-1.51,163.5,31.7,18.3,0.0,6552.87,10.0,2.0,2.5,NR5G-SA,n79,-80,-80,-10,26,-60,8.9,C3228E001,568
2026-06-10 16:12:52.657,2026-06-10 16:14:48.873,22.6613551,114.5003667,99.4,0.0,-1.51,163.5,31.7,20.0,0.0,6552.87,10.0,2.0,2.5,NR5G-SA,n79,-80,-80,-10,26,-60,9.5,C3228E001,568
2026-06-10 16:12:52.858,2026-06-10 16:14:49.073,22.6613552,114.5003667,99.0,0.0,-1.50,163.7,40.4,20.0,0.0,6552.88,10.0,2.0,2.5,NR5G-SA,n79,-79,-79,-10,26,-59,6.4,C3228E001,568
2026-06-10 16:12:53.058,2026-06-10 16:14:49.473,22.6613552,114.5003667,98.7,0.0,-1.49,163.9,40.4,20.0,0.0,6552.88,10.0,2.0,2.5,NR5G-SA,n79,-79,-79,-10,26,-59,5.0,C3228E001,568
2026-06-10 16:12:53.258,2026-06-10 16:14:49.673,22.6613552,114.5003667,98.3,0.0,-1.49,163.9,40.4,20.0,0.0,6552.88,10.0,2.0,2.5,NR5G-SA,n79,-79,-79,-10,26,-59,7.8,C3228E001,568
2026-06-10 16:12:53.459,2026-06-10 16:14:49.673,22.6613552,114.5003667,97.9,0.0,-1.49,163.9,40.4,20.0,0.0,6552.88,10.0,2.0,2.5,NR5G-SA,n79,-80,-80,-10,27,-60,11.4,C3228E001,568
2026-06-10 16:12:53.659,2026-06-10 16:14:49.873,22.6613552,114.5003667,97.9,0.0,-1.48,163.9,40.4,20.4,0.0,6552.88,10.0,2.0,2.5,NR5G-SA,n79,-80,-80,-10,27,-60,6.3,C3228E001,568
2026-06-10 16:12:53.859,2026-06-10 16:14:50.073,22.6613552,114.5003667,97.5,0.0,-1.47,164.0,20.3,20.4,0.0,6552.88,10.0,2.0,2.5,NR5G-SA,n79,-80,-80,-10,27,-60,7.1,C3228E001,568
2026-06-10 16:12:54.060,2026-06-10 16:14:50.473,22.6613552,114.5003668,97.2,0.0,-1.47,164.1,20.3,20.4,0.0,6552.89,10.0,2.0,2.5,NR5G-SA,n79,-78,-78,-10,28,-58,6.0,C3228E001,568
2026-06-10 16:12:54.260,2026-06-10 16:14:50.673,22.6613552,114.5003668,96.8,0.0,-1.49,164.2,20.3,20.4,0.0,6552.89,10.0,2.0,2.5,NR5G-SA,n79,-78,-78,-10,28,-58,6.2,C3228E001,568
2026-06-10 16:12:54.460,2026-06-10 16:14:50.673,22.6613552,114.5003669,96.4,0.0,-1.49,164.3,20.3,20.4,0.0,6552.90,10.0,2.0,2.5,NR5G-SA,n79,-78,-78,-10,28,-58,8.1,C3228E001,568
2026-06-10 16:12:54.661,2026-06-10 16:14:50.873,22.6613552,114.5003669,96.4,0.0,-1.49,164.3,20.3,21.8,0.0,6552.90,10.0,2.0,2.5,NR5G-SA,n79,-76,-76,-10,27,-56,9.7,C3228E001,568
2026-06-10 16:12:54.861,2026-06-10 16:14:51.074,22.6613552,114.5003669,96.0,0.0,-1.49,164.4,20.3,21.8,0.0,6552.90,10.0,2.0,2.5,NR5G-SA,n79,-76,-76,-10,27,-56,8.6,C3228E001,568
2026-06-10 16:12:55.061,2026-06-10 16:14:51.474,22.6613553,114.5003669,95.7,0.0,-1.50,164.5,0.0,21.8,0.0,6552.92,10.0,2.0,2.5,NR5G-SA,n79,-76,-76,-10,27,-56,5.8,C3228E001,568
2026-06-10 16:12:55.262,2026-06-10 16:14:51.674,22.6613553,114.5003669,95.3,0.0,-1.49,164.5,0.0,21.8,0.0,6552.92,10.0,2.0,2.5,NR5G-SA,n79,-76,-76,-10,27,-56,8.1,C3228E001,568
2026-06-10 16:12:55.462,2026-06-10 16:14:51.674,22.6613554,114.5003668,94.9,0.0,-1.48,164.6,0.0,21.8,0.0,6552.93,10.0,2.0,2.5,NR5G-SA,n79,-76,-76,-10,27,-56,9.1,C3228E001,568
2026-06-10 16:12:55.662,2026-06-10 16:14:51.874,22.6613554,114.5003668,94.9,0.0,-1.48,164.6,0.0,21.8,0.0,6552.93,10.0,2.0,2.5,NR5G-SA,n79,-76,-76,-10,27,-56,8.6,C3228E001,568
2026-06-10 16:12:55.862,2026-06-10 16:14:52.074,22.6613555,114.5003668,94.5,0.0,-1.50,164.8,0.0,20.8,0.0,6552.94,10.0,2.0,2.5,NR5G-SA,n79,-76,-76,-10,27,-56,8.0,C3228E001,568
2026-06-10 16:12:56.062,2026-06-10 16:14:52.474,22.6613555,114.5003668,94.2,0.0,-1.51,164.8,4.7,20.8,0.0,6552.94,10.0,2.0,2.5,NR5G-SA,n79,-78,-78,-10,28,-58,5.6,C3228E001,568
2026-06-10 16:12:56.263,2026-06-10 16:14:52.674,22.6613555,114.5003668,93.8,0.0,-1.50,164.9,4.7,20.8,0.0,6552.94,10.0,2.0,2.5,NR5G-SA,n79,-77,-77,-10,27,-57,7.2,C3228E001,568
2026-06-10 16:12:56.463,2026-06-10 16:14:52.674,22.6613555,114.5003668,93.4,0.0,-1.52,165.0,4.7,20.8,0.0,6552.94,10.0,2.0,2.5,NR5G-SA,n79,-77,-77,-10,27,-57,8.1,C3228E001,568
2026-06-10 16:12:56.663,2026-06-10 16:14:52.874,22.6613555,114.5003668,93.4,0.0,-1.52,165.0,4.7,20.8,0.0,6552.94,10.0,2.0,2.5,NR5G-SA,n79,-77,-77,-10,27,-57,11.1,C3228E001,568
2026-06-10 16:12:56.864,2026-06-10 16:14:53.074,22.6613555,114.5003667,93.0,0.1,-1.52,165.1,4.7,21.0,0.0,6552.95,10.0,2.0,2.5,NR5G-SA,n79,-77,-77,-10,28,-57,9.7,C3228E001,568
2026-06-10 16:12:57.064,2026-06-10 16:14:53.474,22.6613555,114.5003665,92.7,0.1,-1.51,165.2,0.0,21.0,0.0,6552.97,10.0,2.0,2.5,NR5G-SA,n79,-77,-77,-10,28,-57,6.2,C3228E001,568
2026-06-10 16:12:57.264,2026-06-10 16:14:53.674,22.6613554,114.5003665,92.3,0.1,-1.50,165.3,0.0,21.0,0.0,6552.98,10.0,2.0,2.5,NR5G-SA,n79,-78,-78,-10,29,-58,6.9,C3228E001,568
2026-06-10 16:12:57.464,2026-06-10 16:14:53.674,22.6613554,114.5003664,91.9,0.0,-1.50,165.3,0.0,21.0,0.0,6552.99,10.0,2.0,2.5,NR5G-SA,n79,-78,-78,-10,29,-58,8.1,C3228E001,568
2026-06-10 16:12:57.665,2026-06-10 16:14:53.874,22.6613554,114.5003664,91.9,0.0,-1.50,165.3,0.0,21.0,0.0,6552.99,10.0,2.0,2.5,NR5G-SA,n79,-78,-78,-10,29,-58,10.6,C3228E001,568
2026-06-10 16:12:57.865,2026-06-10 16:14:54.074,22.6613553,114.5003664,91.5,0.0,-1.49,165.2,0.0,20.4,0.0,6553.01,10.0,2.0,2.5,NR5G-SA,n79,-77,-77,-10,29,-57,6.7,C3228E001,568
2026-06-10 16:12:58.065,2026-06-10 16:14:54.474,22.6613553,114.5003664,91.2,0.0,-1.49,165.1,12.9,20.4,0.0,6553.01,10.0,2.0,2.5,NR5G-SA,n79,-77,-77,-10,29,-57,5.4,C3228E001,568
2026-06-10 16:12:58.266,2026-06-10 16:14:54.674,22.6613553,114.5003664,90.8,0.0,-1.49,165.0,12.9,20.4,0.0,6553.01,10.0,2.0,2.5,NR5G-SA,n79,-77,-77,-10,29,-57,6.8,C3228E001,568
2026-06-10 16:12:58.466,2026-06-10 16:14:54.674,22.6613553,114.5003663,90.4,0.0,-1.49,165.1,12.9,20.4,0.1,6553.02,10.0,2.0,2.5,NR5G-SA,n79,-77,-77,-10,29,-57,11.3,C3228E001,568
2026-06-10 16:12:58.666,2026-06-10 16:14:54.874,22.6613553,114.5003663,90.4,0.0,-1.48,165.1,12.9,20.4,0.1,6553.02,10.0,2.0,2.5,NR5G-SA,n79,-77,-77,-10,29,-57,9.3,C3228E001,568
2026-06-10 16:12:58.867,2026-06-10 16:14:55.074,22.6613553,114.5003664,90.0,0.0,-1.49,165.4,12.9,20.8,0.0,6553.03,10.0,2.0,2.5,NR5G-SA,n79,-77,-77,-10,29,-57,9.8,C3228E001,568
2026-06-10 16:12:59.067,2026-06-10 16:14:55.474,22.6613554,114.5003664,89.7,0.0,-1.47,165.4,44.3,20.8,0.0,6553.04,10.0,2.0,2.5,NR5G-SA,n79,-78,-78,-10,30,-58,6.6,C3228E001,568
2026-06-10 16:12:59.267,2026-06-10 16:14:55.674,22.6613554,114.5003664,89.3,0.0,-1.47,165.4,44.3,20.8,0.0,6553.04,10.0,2.0,2.5,NR5G-SA,n79,-78,-78,-10,30,-58,8.3,C3228E001,568
2026-06-10 16:12:59.467,2026-06-10 16:14:55.674,22.6613554,114.5003664,88.9,0.0,-1.49,165.6,44.3,20.8,0.0,6553.04,10.0,2.0,2.5,NR5G-SA,n79,-78,-78,-10,30,-58,8.9,C3228E001,568
2026-06-10 16:12:59.668,2026-06-10 16:14:55.874,22.6613554,114.5003664,88.9,0.0,-1.49,165.6,44.3,20.8,0.0,6553.04,10.0,2.0,2.5,NR5G-SA,n79,-77,-77,-10,29,-57,9.6,C3228E001,568
2026-06-10 16:12:59.868,2026-06-10 16:14:56.074,22.6613554,114.5003664,88.5,0.0,-1.51,165.8,44.3,20.3,0.0,6553.04,10.0,2.0,2.5,NR5G-SA,n79,-77,-77,-10,29,-57,8.3,C3228E001,568
2026-06-10 16:13:00.068,2026-06-10 16:14:56.474,22.6613554,114.5003665,88.2,0.0,-1.52,165.9,25.8,20.3,0.0,6553.05,10.0,2.0,2.5,NR5G-SA,n79,-77,-77,-10,30,-57,6.8,C3228E001,568
2026-06-10 16:13:00.269,2026-06-10 16:14:56.674,22.6613553,114.5003665,87.8,0.0,-1.51,165.9,25.8,20.3,0.0,6553.06,10.0,2.0,2.5,NR5G-SA,n79,-77,-77,-10,30,-57,7.7,C3228E001,568
2026-06-10 16:13:00.469,2026-06-10 16:14:56.674,22.6613553,114.5003665,87.4,0.0,-1.47,165.9,25.8,20.3,0.0,6553.06,10.0,2.0,2.5,NR5G-SA,n79,-77,-77,-10,30,-57,9.1,C3228E001,568
2026-06-10 16:13:00.669,2026-06-10 16:14:56.874,22.6613553,114.5003665,87.4,0.0,-1.47,165.9,25.8,20.3,0.0,6553.06,10.0,2.0,2.5,NR5G-SA,n79,-78,-78,-10,22,-58,8.9,C3228E001,568
2026-06-10 16:13:00.870,2026-06-10 16:14:57.074,22.6613553,114.5003666,87.0,0.0,-1.47,166.0,25.8,21.3,0.0,6553.07,10.0,2.0,2.5,NR5G-SA,n79,-78,-78,-10,22,-58,7.2,C3228E001,568
2026-06-10 16:13:01.070,2026-06-10 16:14:57.474,22.6613553,114.5003667,86.7,0.1,-1.46,166.2,37.5,21.3,0.0,6553.08,10.0,2.0,2.5,NR5G-SA,n79,-78,-78,-10,22,-58,5.6,C3228E001,568
2026-06-10 16:13:01.270,2026-06-10 16:14:57.674,22.6613553,114.5003669,86.3,0.1,-1.49,166.1,37.5,21.3,0.0,6553.10,10.0,2.0,2.5,NR5G-SA,n79,-77,-77,-10,20,-57,6.1,C3228E001,568
2026-06-10 16:13:01.470,2026-06-10 16:14:57.674,22.6613555,114.5003671,85.9,0.1,-1.48,166.3,37.5,21.3,0.0,6553.13,10.0,2.0,2.5,NR5G-SA,n79,-77,-77,-10,20,-57,8.4,C3228E001,568
2026-06-10 16:13:01.671,2026-06-10 16:14:57.874,22.6613555,114.5003671,85.9,0.1,-1.48,166.3,37.5,21.3,0.0,6553.13,10.0,2.0,2.5,NR5G-SA,n79,-77,-77,-10,20,-57,10.9,C3228E001,568
2026-06-10 16:13:01.871,2026-06-10 16:14:58.074,22.6613556,114.5003673,85.6,0.1,-1.49,166.7,37.5,26.8,0.1,6553.15,10.0,2.0,2.5,NR5G-SA,n79,-79,-79,-10,19,-59,10.2,C3228E001,568
2026-06-10 16:13:02.071,2026-06-10 16:14:58.474,22.6613556,114.5003675,85.2,0.1,-1.49,167.1,35.8,26.8,0.1,6553.17,10.0,2.0,2.5,NR5G-SA,n79,-79,-79,-10,19,-59,7.0,C3228E001,568
2026-06-10 16:13:02.271,2026-06-10 16:14:58.674,22.6613557,114.5003675,84.8,0.0,-1.50,167.5,35.8,26.8,0.1,6553.18,10.0,2.0,2.5,NR5G-SA,n79,-79,-79,-10,20,-59,7.3,C3228E001,568
2026-06-10 16:13:02.472,2026-06-10 16:14:58.674,22.6613557,114.5003676,84.4,0.0,-1.52,167.8,35.8,26.8,0.1,6553.20,10.0,2.0,2.5,NR5G-SA,n79,-79,-79,-10,20,-59,10.9,C3228E001,568
2026-06-10 16:13:02.672,2026-06-10 16:14:58.874,22.6613557,114.5003676,84.4,0.0,-1.52,167.8,35.8,26.8,0.1,6553.20,10.0,2.0,2.5,NR5G-SA,n79,-79,-79,-10,20,-59,10.7,C3228E001,568
2026-06-10 16:13:02.872,2026-06-10 16:14:59.074,22.6613557,114.5003675,84.0,0.0,-1.51,168.1,35.8,26.8,0.1,6553.21,10.0,2.0,2.5,NR5G-SA,n79,-80,-80,-10,29,-60,7.5,C3228E001,568
2026-06-10 16:13:03.073,2026-06-10 16:14:59.474,22.6613557,114.5003675,83.7,0.0,-1.52,168.4,27.5,28.3,0.1,6553.21,10.0,2.0,2.5,NR5G-SA,n79,-80,-80,-10,29,-60,7.1,C3228E001,568
2026-06-10 16:13:03.273,2026-06-10 16:14:59.674,22.6613557,114.5003674,83.3,0.1,-1.51,168.4,27.5,28.3,0.1,6553.22,10.0,2.0,2.5,NR5G-SA,n79,-80,-80,-10,29,-60,6.1,C3228E001,568
2026-06-10 16:13:03.473,2026-06-10 16:14:59.674,22.6613557,114.5003672,82.9,0.1,-1.50,168.3,27.5,28.3,0.1,6553.24,10.0,2.0,2.5,NR5G-SA,n79,-81,-81,-10,30,-61,10.1,C3228E001,568
2026-06-10 16:13:03.674,2026-06-10 16:14:59.874,22.6613557,114.5003672,82.9,0.1,-1.50,168.3,27.5,28.3,0.1,6553.24,10.0,2.0,2.5,NR5G-SA,n79,-81,-81,-10,30,-61,9.6,C3228E001,568
2026-06-10 16:13:03.874,2026-06-10 16:15:00.074,22.6613557,114.5003670,82.5,0.1,-1.48,168.2,27.5,28.3,0.0,6553.26,10.0,2.0,2.5,NR5G-SA,n79,-81,-81,-10,30,-61,8.1,C3228E001,568
2026-06-10 16:13:04.074,2026-06-10 16:15:00.474,22.6613557,114.5003669,82.2,0.1,-1.49,168.1,43.7,29.5,0.0,6553.27,10.0,2.0,2.5,NR5G-SA,n79,-81,-81,-10,30,-61,5.1,C3228E001,568
2026-06-10 16:13:04.274,2026-06-10 16:15:00.474,22.6613557,114.5003667,81.8,0.0,-1.49,168.0,43.7,29.5,0.0,6553.29,10.0,2.0,2.5,NR5G-SA,n79,-81,-81,-10,30,-61,6.3,C3228E001,568
2026-06-10 16:13:04.475,2026-06-10 16:15:00.674,22.6613557,114.5003667,81.4,0.0,-1.49,167.9,43.7,29.5,0.0,6553.29,10.0,2.0,2.5,NR5G-SA,n79,-81,-81,-10,30,-61,10.1,C3228E001,568
2026-06-10 16:13:04.675,2026-06-10 16:15:00.874,22.6613557,114.5003667,81.4,0.0,-1.49,167.9,43.7,29.5,0.0,6553.29,10.0,2.0,2.5,NR5G-SA,n79,-81,-81,-10,30,-61,9.7,C3228E001,568
2026-06-10 16:13:04.875,2026-06-10 16:15:01.074,22.6613556,114.5003667,81.0,0.0,-1.49,167.8,43.7,29.5,0.0,6553.30,10.0,2.0,2.5,NR5G-SA,n79,-81,-81,-10,30,-61,7.9,C3228E001,568
2026-06-10 16:13:05.076,2026-06-10 16:15:01.474,22.6613556,114.5003667,80.7,0.0,-1.50,167.7,14.1,28.8,0.0,6553.30,10.0,2.0,2.5,NR5G-SA,n79,-81,-81,-10,28,-61,6.4,C3228E001,568
2026-06-10 16:13:05.276,2026-06-10 16:15:01.674,22.6613556,114.5003667,80.3,0.0,-1.51,167.6,14.1,28.8,0.0,6553.30,10.0,2.0,2.5,NR5G-SA,n79,-81,-81,-10,28,-61,6.9,C3228E001,568
2026-06-10 16:13:05.476,2026-06-10 16:15:01.674,22.6613556,114.5003667,79.9,0.0,-1.50,167.5,14.1,28.8,0.0,6553.30,10.0,2.0,2.5,NR5G-SA,n79,-81,-81,-10,28,-61,7.7,C3228E001,568
2026-06-10 16:13:05.676,2026-06-10 16:15:01.874,22.6613556,114.5003667,79.9,0.0,-1.50,167.5,14.1,28.8,0.0,6553.30,10.0,2.0,2.5,NR5G-SA,n79,-81,-81,-10,29,-61,9.5,C3228E001,568
2026-06-10 16:13:05.877,2026-06-10 16:15:02.074,22.6613556,114.5003668,79.5,0.0,-1.51,167.4,14.1,28.8,0.0,6553.31,10.0,2.0,2.5,NR5G-SA,n79,-81,-81,-10,29,-61,7.2,C3228E001,568
2026-06-10 16:13:06.077,2026-06-10 16:15:02.474,22.6613556,114.5003669,79.2,0.0,-1.50,167.5,0.0,28.5,0.0,6553.32,10.0,2.0,2.5,NR5G-SA,n79,-81,-81,-10,29,-61,6.4,C3228E001,568
2026-06-10 16:13:06.277,2026-06-10 16:15:02.674,22.6613556,114.5003669,78.8,0.0,-1.50,167.5,0.0,28.5,0.0,6553.32,10.0,2.0,2.5,NR5G-SA,n79,-81,-81,-10,29,-61,7.1,C3228E001,568
2026-06-10 16:13:06.478,2026-06-10 16:15:02.674,22.6613556,114.5003669,78.4,0.0,-1.49,167.4,0.0,28.5,0.0,6553.32,10.0,2.0,2.5,NR5G-SA,n79,-81,-81,-10,29,-61,8.3,C3228E001,568
2026-06-10 16:13:06.678,2026-06-10 16:15:02.874,22.6613556,114.5003669,78.4,0.0,-1.49,167.4,0.0,28.5,0.0,6553.32,10.0,2.0,2.5,NR5G-SA,n79,-81,-81,-10,29,-61,11.0,C3228E001,568
2026-06-10 16:13:06.878,2026-06-10 16:15:03.074,22.6613555,114.5003669,78.0,0.0,-1.49,167.4,0.0,28.5,0.0,6553.33,10.0,2.0,2.5,NR5G-SA,n79,-81,-81,-10,29,-61,9.2,C3228E001,568
2026-06-10 16:13:07.078,2026-06-10 16:15:03.474,22.6613555,114.5003668,77.7,0.0,-1.49,167.3,3.2,24.4,0.0,6553.34,10.0,2.0,2.5,NR5G-SA,n79,-81,-81,-10,29,-61,6.4,C3228E001,568
2026-06-10 16:13:07.279,2026-06-10 16:15:03.674,22.6613554,114.5003668,77.3,0.0,-1.51,167.2,3.2,24.4,0.0,6553.35,10.0,2.0,2.5,NR5G-SA,n79,-81,-81,-10,29,-61,6.8,C3228E001,568
2026-06-10 16:13:07.479,2026-06-10 16:15:03.674,22.6613553,114.5003668,76.9,0.0,-1.51,167.2,3.2,24.4,0.0,6553.36,10.0,2.0,2.5,NR5G-SA,n79,-81,-81,-10,29,-61,7.7,C3228E001,568
2026-06-10 16:13:07.679,2026-06-10 16:15:03.874,22.6613553,114.5003668,76.9,0.0,-1.51,167.2,3.2,24.4,0.0,6553.36,10.0,2.0,2.5,NR5G-SA,n79,-81,-81,-10,29,-61,10.8,C3228E001,568
2026-06-10 16:13:07.879,2026-06-10 16:15:04.074,22.6613553,114.5003668,76.5,0.0,-1.50,167.1,3.2,24.4,0.0,6553.36,10.0,2.0,2.5,NR5G-SA,n79,-81,-81,-10,29,-61,6.8,C3228E001,568
2026-06-10 16:13:08.080,2026-06-10 16:15:04.474,22.6613553,114.5003668,76.2,0.0,-1.50,167.2,0.0,22.3,0.0,6553.36,10.0,2.0,2.5,NR5G-SA,n79,-81,-81,-10,29,-61,5.9,C3228E001,568
2026-06-10 16:13:08.280,2026-06-10 16:15:04.674,22.6613553,114.5003668,75.8,0.0,-1.50,167.2,0.0,22.3,0.0,6553.36,10.0,2.0,2.5,NR5G-SA,n79,-81,-81,-10,29,-61,5.7,C3228E001,568
2026-06-10 16:13:08.480,2026-06-10 16:15:04.674,22.6613553,114.5003668,75.4,0.0,-1.50,167.2,0.0,22.3,0.0,6553.36,10.0,2.0,2.5,NR5G-SA,n79,-81,-81,-10,29,-61,7.4,C3228E001,568
2026-06-10 16:13:08.681,2026-06-10 16:15:04.874,22.6613553,114.5003668,75.4,0.0,-1.50,167.2,0.0,22.3,0.0,6553.36,10.0,2.0,2.5,NR5G-SA,n79,-81,-81,-10,29,-61,11.8,C3228E001,568
2026-06-10 16:13:08.881,2026-06-10 16:15:05.074,22.6613553,114.5003668,75.1,0.0,-1.51,167.2,0.0,22.3,0.0,6553.36,10.0,2.0,2.5,NR5G-SA,n79,-81,-81,-10,29,-61,5.7,C3228E001,568
2026-06-10 16:13:09.081,2026-06-10 16:15:05.474,22.6613553,114.5003668,74.7,0.0,-1.52,167.2,19.9,20.3,0.0,6553.36,10.0,2.0,2.5,NR5G-SA,n79,-81,-81,-10,29,-61,6.4,C3228E001,568
2026-06-10 16:13:09.282,2026-06-10 16:15:05.674,22.6613554,114.5003668,74.3,0.0,-1.51,167.1,19.9,20.3,0.0,6553.37,10.0,2.0,2.5,NR5G-SA,n79,-81,-81,-10,29,-61,6.7,C3228E001,568
2026-06-10 16:13:09.482,2026-06-10 16:15:05.674,22.6613554,114.5003669,73.9,0.0,-1.52,167.1,19.9,20.3,0.0,6553.38,10.0,2.0,2.5,NR5G-SA,n79,-81,-81,-10,29,-61,8.0,C3228E001,568
2026-06-10 16:13:09.683,2026-06-10 16:15:05.874,22.6613554,114.5003669,73.9,0.0,-1.52,167.1,19.9,20.3,0.0,6553.38,10.0,2.0,2.5,NR5G-SA,n79,-81,-81,-10,29,-61,10.3,C3228E001,568
2026-06-10 16:13:09.883,2026-06-10 16:15:06.074,22.6613555,114.5003669,73.6,0.0,-1.50,167.1,19.9,20.3,0.0,6553.40,10.0,2.0,2.5,NR5G-SA,n79,-81,-81,-10,29,-61,6.2,C3228E001,568
2026-06-10 16:13:10.083,2026-06-10 16:15:06.474,22.6613556,114.5003670,73.2,0.0,-1.51,167.1,41.0,20.2,0.0,6553.41,10.0,2.0,2.5,NR5G-SA,n79,-81,-81,-10,28,-61,8.9,C3228E001,568
2026-06-10 16:13:10.284,2026-06-10 16:15:06.674,22.6613556,114.5003670,72.8,0.0,-1.50,167.0,41.0,20.2,0.0,6553.41,10.0,2.0,2.5,NR5G-SA,n79,-81,-81,-10,28,-61,6.6,C3228E001,568
2026-06-10 16:13:10.484,2026-06-10 16:15:06.674,22.6613556,114.5003670,72.4,0.0,-1.50,166.9,41.0,20.2,0.0,6553.41,10.0,2.0,2.5,NR5G-SA,n79,-81,-81,-10,28,-61,6.7,C3228E001,568
2026-06-10 16:13:10.684,2026-06-10 16:15:06.874,22.6613556,114.5003670,72.4,0.0,-1.50,166.9,41.0,20.2,0.0,6553.41,10.0,2.0,2.5,NR5G-SA,n79,-88,-88,-10,19,-68,8.6,C3228E001,568
2026-06-10 16:13:10.885,2026-06-10 16:15:07.074,22.6613556,114.5003670,72.1,0.0,-1.51,166.7,41.0,20.2,0.0,6553.41,10.0,2.0,2.5,NR5G-SA,n79,-88,-88,-10,19,-68,9.8,C3228E001,568
2026-06-10 16:13:11.085,2026-06-10 16:15:07.474,22.6613556,114.5003670,71.7,0.0,-1.50,166.5,31.6,19.7,0.0,6553.41,10.0,2.0,2.5,NR5G-SA,n79,-88,-88,-10,16,-68,6.4,C3228E001,568
2026-06-10 16:13:11.285,2026-06-10 16:15:07.674,22.6613557,114.5003670,71.3,0.0,-1.51,166.2,31.6,19.7,0.0,6553.42,10.0,2.0,2.5,NR5G-SA,n79,-88,-88,-10,16,-68,7.0,C3228E001,568
2026-06-10 16:13:11.486,2026-06-10 16:15:07.674,22.6613557,114.5003670,70.9,0.0,-1.51,165.9,31.6,19.7,0.0,6553.42,10.0,2.0,2.5,NR5G-SA,n79,-88,-88,-10,16,-68,8.0,C3228E001,568
2026-06-10 16:13:11.686,2026-06-10 16:15:07.874,22.6613557,114.5003670,70.9,0.0,-1.51,165.9,31.6,19.7,0.0,6553.42,10.0,2.0,2.5,NR5G-SA,n79,-88,-88,-10,17,-68,11.8,C3228E001,568
2026-06-10 16:13:11.886,2026-06-10 16:15:08.074,22.6613557,114.5003670,70.6,0.0,-1.52,165.4,31.6,19.7,0.0,6553.42,10.0,2.0,2.5,NR5G-SA,n79,-88,-88,-10,17,-68,7.0,C3228E001,568
2026-06-10 16:13:12.087,2026-06-10 16:15:08.474,22.6613558,114.5003671,70.2,0.0,-1.51,165.0,31.7,19.7,0.1,6553.44,10.0,2.0,2.5,NR5G-SA,n79,-88,-88,-10,17,-68,6.6,C3228E001,568
2026-06-10 16:13:12.287,2026-06-10 16:15:08.674,22.6613557,114.5003671,69.8,0.1,-1.51,164.3,31.7,18.6,0.0,6553.45,10.0,2.0,2.5,NR5G-SA,n79,-88,-88,-10,20,-68,7.0,C3228E001,568
2026-06-10 16:13:12.487,2026-06-10 16:15:08.674,22.6613555,114.5003671,69.4,0.1,-1.51,163.9,31.7,18.6,0.0,6553.47,10.0,2.0,2.5,NR5G-SA,n79,-88,-88,-10,20,-68,7.6,C3228E001,568
2026-06-10 16:13:12.687,2026-06-10 16:15:08.874,22.6613555,114.5003671,69.4,0.1,-1.51,163.9,31.7,18.6,0.0,6553.47,10.0,2.0,2.5,NR5G-SA,n79,-88,-88,-10,20,-68,12.1,C3228E001,568
2026-06-10 16:13:12.888,2026-06-10 16:15:09.074,22.6613553,114.5003670,69.0,0.1,-1.50,163.7,31.7,18.6,0.0,6553.49,10.0,2.0,2.5,NR5G-SA,n79,-44,-44,-10,19,-24,7.8,C3228E001,568
2026-06-10 16:13:13.088,2026-06-10 16:15:09.474,22.6613552,114.5003670,68.7,0.0,-1.51,163.7,39.6,18.6,0.0,6553.51,10.0,2.0,2.5,NR5G-SA,n79,-44,-44,-10,19,-24,6.0,C3228E001,568
2026-06-10 16:13:13.288,2026-06-10 16:15:09.674,22.6613552,114.5003670,68.3,0.0,-1.52,163.8,39.6,19.0,0.0,6553.51,10.0,2.0,2.5,NR5G-SA,n79,-44,-44,-10,19,-24,6.8,C3228E001,568
2026-06-10 16:13:13.489,2026-06-10 16:15:09.674,22.6613553,114.5003670,67.9,0.0,-1.49,163.9,39.6,19.0,0.0,6553.52,10.0,2.0,2.5,NR5G-SA,n79,-44,-44,-10,21,-24,8.1,C3228E001,568
2026-06-10 16:13:13.689,2026-06-10 16:15:09.874,22.6613553,114.5003670,67.9,0.0,-1.49,163.9,39.6,19.0,0.0,6553.52,10.0,2.0,2.5,NR5G-SA,n79,-44,-44,-10,21,-24,12.9,C3228E001,568
2026-06-10 16:13:13.890,2026-06-10 16:15:10.074,22.6613553,114.5003670,67.6,0.0,-1.50,164.2,39.6,19.0,0.0,6553.52,10.0,2.0,2.5,NR5G-SA,n79,-44,-44,-10,22,-24,6.9,C3228E001,568
2026-06-10 16:13:14.090,2026-06-10 16:15:10.474,22.6613553,114.5003671,67.2,0.1,-1.50,164.6,20.9,19.0,0.0,6553.53,10.0,2.0,2.5,NR5G-SA,n79,-44,-44,-10,22,-24,7.3,C3228E001,568
2026-06-10 16:13:14.290,2026-06-10 16:15:10.674,22.6613552,114.5003670,66.8,0.1,-1.52,165.0,20.9,20.0,0.0,6553.54,10.0,2.0,2.5,NR5G-SA,n79,-44,-44,-10,22,-24,7.9,C3228E001,568
2026-06-10 16:13:14.491,2026-06-10 16:15:10.874,22.6613551,114.5003668,66.4,0.1,-1.51,165.2,20.9,20.0,0.0,6553.57,10.0,2.0,2.5,NR5G-SA,n79,-44,-44,-10,22,-24,6.6,C3228E001,568
2026-06-10 16:13:14.691,2026-06-10 16:15:10.874,22.6613551,114.5003668,66.4,0.1,-1.51,165.2,20.9,20.0,0.0,6553.57,10.0,2.0,2.5,NR5G-SA,n79,-44,-44,-10,22,-24,15.3,C3228E001,568
2026-06-10 16:13:14.891,2026-06-10 16:15:11.074,22.6613551,114.5003666,66.1,0.1,-1.50,165.2,20.9,20.0,0.0,6553.59,10.0,2.0,2.5,NR5G-SA,n79,-44,-44,-10,22,-24,8.4,C3228E001,568
2026-06-10 16:13:15.092,2026-06-10 16:15:11.474,22.6613551,114.5003665,65.7,0.0,-1.51,165.0,0.0,20.0,0.0,6553.60,10.0,2.0,2.5,NR5G-SA,n79,-44,-44,-10,23,-24,4.9,C3228E001,568
2026-06-10 16:13:15.292,2026-06-10 16:15:11.674,22.6613551,114.5003666,65.3,0.0,-1.50,164.9,0.0,20.8,0.0,6553.61,10.0,2.0,2.5,NR5G-SA,n79,-44,-44,-10,23,-24,6.3,C3228E001,568
2026-06-10 16:13:15.492,2026-06-10 16:15:11.674,22.6613551,114.5003666,64.9,0.0,-1.51,164.8,0.0,20.8,0.0,6553.61,10.0,2.0,2.5,NR5G-SA,n79,-44,-44,-10,23,-24,7.5,C3228E001,568
2026-06-10 16:13:15.693,2026-06-10 16:15:11.874,22.6613551,114.5003666,64.9,0.0,-1.51,164.8,0.0,20.8,0.0,6553.61,10.0,2.0,2.5,NR5G-SA,n79,-44,-44,-10,23,-24,11.9,C3228E001,568
2026-06-10 16:13:15.893,2026-06-10 16:15:12.074,22.6613552,114.5003667,64.6,0.0,-1.51,164.9,0.0,20.8,0.0,6553.62,10.0,2.0,2.5,NR5G-SA,n79,-44,-44,-10,23,-24,8.1,C3228E001,568
2026-06-10 16:13:16.093,2026-06-10 16:15:12.474,22.6613553,114.5003668,64.2,0.0,-1.51,165.1,4.7,20.8,0.0,6553.64,10.0,2.0,2.5,NR5G-SA,n79,-44,-44,-10,23,-24,6.9,C3228E001,568
2026-06-10 16:13:16.293,2026-06-10 16:15:12.674,22.6613554,114.5003668,63.8,0.0,-1.51,165.0,4.7,21.1,0.0,6553.65,10.0,2.0,2.5,NR5G-SA,n79,-44,-44,-10,23,-24,7.8,C3228E001,568
2026-06-10 16:13:16.494,2026-06-10 16:15:12.674,22.6613554,114.5003668,63.4,0.0,-1.53,164.9,4.7,21.1,0.0,6553.65,10.0,2.0,2.5,NR5G-SA,n79,-44,-44,-10,23,-24,8.1,C3228E001,568
2026-06-10 16:13:16.694,2026-06-10 16:15:12.874,22.6613554,114.5003668,63.4,0.0,-1.53,164.9,4.7,21.1,0.0,6553.65,10.0,2.0,2.5,NR5G-SA,n79,-44,-44,-10,22,-24,10.4,C3228E001,568
2026-06-10 16:13:16.895,2026-06-10 16:15:13.074,22.6613554,114.5003669,63.0,0.0,-1.51,164.8,4.7,21.1,0.0,6553.66,10.0,2.0,2.5,NR5G-SA,n79,-44,-44,-10,22,-24,8.5,C3228E001,568
2026-06-10 16:13:17.095,2026-06-10 16:15:13.474,22.6613554,114.5003670,62.7,0.0,-1.50,164.9,0.0,21.1,0.0,6553.67,10.0,2.0,2.5,NR5G-SA,n79,-44,-44,-10,22,-24,6.6,C3228E001,568
2026-06-10 16:13:17.295,2026-06-10 16:15:13.674,22.6613554,114.5003671,62.3,0.1,-1.52,165.1,0.0,21.8,0.0,6553.68,10.0,2.0,2.5,NR5G-SA,n79,-44,-44,-10,21,-24,5.4,C3228E001,568
2026-06-10 16:13:17.496,2026-06-10 16:15:13.674,22.6613553,114.5003671,61.9,0.0,-1.49,165.5,0.0,21.8,0.0,6553.69,10.0,2.0,2.5,NR5G-SA,n79,-44,-44,-10,21,-24,7.8,C3228E001,568
2026-06-10 16:13:17.696,2026-06-10 16:15:13.874,22.6613553,114.5003671,61.9,0.0,-1.49,165.5,0.0,21.8,0.0,6553.69,10.0,2.0,2.5,NR5G-SA,n79,-44,-44,-10,21,-24,14.5,C3228E001,568
2026-06-10 16:13:17.896,2026-06-10 16:15:14.074,22.6613552,114.5003670,61.5,0.1,-1.49,165.9,0.0,21.8,0.0,6553.71,10.0,2.0,2.5,NR5G-SA,n79,-44,-44,-10,20,-24,6.6,C3228E001,568
2026-06-10 16:13:18.097,2026-06-10 16:15:14.474,22.6613552,114.5003669,61.2,0.1,-1.49,166.3,13.0,21.8,0.0,6553.72,10.0,2.0,2.5,NR5G-SA,n79,-44,-44,-10,20,-24,5.6,C3228E001,568
2026-06-10 16:13:18.297,2026-06-10 16:15:14.674,22.6613552,114.5003667,60.8,0.1,-1.49,166.6,13.0,21.9,0.0,6553.74,10.0,2.0,2.5,NR5G-SA,n79,-44,-44,-10,20,-24,6.2,C3228E001,568
2026-06-10 16:13:18.497,2026-06-10 16:15:14.874,22.6613554,114.5003667,60.4,0.1,-1.49,166.5,13.0,21.9,0.0,6553.76,10.0,2.0,2.5,NR5G-SA,n79,-44,-44,-10,20,-24,4.9,C3228E001,568
2026-06-10 16:13:18.698,2026-06-10 16:15:14.874,22.6613554,114.5003667,60.4,0.1,-1.49,166.5,13.0,21.9,0.0,6553.76,10.0,2.0,2.5,NR5G-SA,n79,-44,-44,-10,20,-24,15.5,C3228E001,568
2026-06-10 16:13:18.898,2026-06-10 16:15:15.074,22.6613555,114.5003667,60.1,0.0,-1.49,166.1,13.0,21.9,0.0,6553.77,10.0,2.0,2.5,NR5G-SA,n79,-44,-44,-10,19,-24,8.6,C3228E001,568
2026-06-10 16:13:19.098,2026-06-10 16:15:15.474,22.6613556,114.5003668,59.7,0.0,-1.51,165.6,44.0,21.9,0.0,6553.78,10.0,2.0,2.5,NR5G-SA,n79,-44,-44,-10,19,-24,6.6,C3228E001,568
2026-06-10 16:13:19.299,2026-06-10 16:15:15.674,22.6613555,114.5003668,59.3,0.0,-1.51,165.2,44.0,21.8,0.0,6553.80,10.0,2.0,2.5,NR5G-SA,n79,-44,-44,-10,19,-24,6.7,C3228E001,568
2026-06-10 16:13:19.499,2026-06-10 16:15:15.674,22.6613555,114.5003668,58.9,0.0,-1.52,165.0,44.0,21.8,0.0,6553.80,10.0,2.0,2.5,NR5G-SA,n79,-44,-44,-10,18,-24,7.3,C3228E001,568
2026-06-10 16:13:19.699,2026-06-10 16:15:15.874,22.6613555,114.5003668,58.6,0.0,-1.52,164.9,44.0,21.8,0.0,6553.80,10.0,2.0,2.5,NR5G-SA,n79,-44,-44,-10,18,-24,13.2,C3228E001,568
2026-06-10 16:13:19.900,2026-06-10 16:15:16.074,22.6613555,114.5003668,58.6,0.0,-1.53,164.9,44.0,21.8,0.0,6553.80,10.0,2.0,2.5,NR5G-SA,n79,-44,-44,-10,18,-24,7.3,C3228E001,568
2026-06-10 16:13:20.100,2026-06-10 16:15:16.474,22.6613555,114.5003668,58.2,0.0,-1.51,164.8,26.5,21.8,0.0,6553.80,10.0,2.0,2.5,NR5G-SA,n79,-44,-44,-10,18,-24,6.3,C3228E001,568
2026-06-10 16:13:20.300,2026-06-10 16:15:16.674,22.6613555,114.5003668,57.8,0.0,-1.52,164.8,26.5,21.8,0.0,6553.80,10.0,2.0,2.5,NR5G-SA,n79,-44,-44,-10,18,-24,5.5,C3228E001,568
2026-06-10 16:13:20.501,2026-06-10 16:15:16.674,22.6613555,114.5003668,57.4,0.0,-1.50,164.7,26.5,21.8,0.0,6553.80,10.0,2.0,2.5,NR5G-SA,n79,-44,-44,-10,17,-24,7.4,C3228E001,568
2026-06-10 16:13:20.701,2026-06-10 16:15:16.874,22.6613555,114.5003668,57.0,0.0,-1.50,164.8,26.5,21.8,0.0,6553.80,10.0,2.0,2.5,NR5G-SA,n79,-44,-44,-10,17,-24,12.2,C3228E001,568
2026-06-10 16:13:20.902,2026-06-10 16:15:17.074,22.6613555,114.5003668,57.0,0.0,-1.52,164.8,26.5,21.8,0.0,6553.80,10.0,2.0,2.5,NR5G-SA,n79,-44,-44,-10,17,-24,7.5,C3228E001,568
2026-06-10 16:13:21.102,2026-06-10 16:15:17.474,22.6613555,114.5003668,56.7,0.0,-1.49,164.6,34.8,21.8,0.0,6553.80,10.0,2.0,2.5,NR5G-SA,n79,-44,-44,-10,18,-24,6.1,C3228E001,568
2026-06-10 16:13:21.302,2026-06-10 16:15:17.674,22.6613555,114.5003668,56.3,0.0,-1.48,164.6,34.8,21.8,0.0,6553.80,10.0,2.0,2.5,NR5G-SA,n79,-44,-44,-10,18,-24,6.2,C3228E001,568
2026-06-10 16:13:21.502,2026-06-10 16:15:17.874,22.6613555,114.5003668,55.9,0.0,-1.51,164.6,34.8,21.6,0.0,6553.80,10.0,2.0,2.5,NR5G-SA,n79,-44,-44,-10,18,-24,7.0,C3228E001,568
2026-06-10 16:13:21.703,2026-06-10 16:15:17.874,22.6613554,114.5003669,55.5,0.0,-1.51,164.6,34.8,21.6,0.0,6553.81,10.0,2.0,2.5,NR5G-SA,n79,-44,-44,-10,19,-24,10.2,C3228E001,568
2026-06-10 16:13:21.903,2026-06-10 16:15:18.074,22.6613554,114.5003669,55.5,0.0,-1.51,164.6,34.8,21.6,0.0,6553.81,10.0,2.0,2.5,NR5G-SA,n79,-44,-44,-10,19,-24,10.2,C3228E001,568
2026-06-10 16:13:22.103,2026-06-10 16:15:18.474,22.6613554,114.5003669,55.2,0.0,-1.52,164.6,37.0,21.6,0.0,6553.81,10.0,2.0,2.5,NR5G-SA,n79,-44,-44,-10,19,-24,6.8,C3228E001,568
2026-06-10 16:13:22.304,2026-06-10 16:15:18.674,22.6613554,114.5003669,54.8,0.0,-1.51,164.6,37.0,21.6,0.0,6553.81,10.0,2.0,2.5,NR5G-SA,n79,-44,-44,-10,20,-24,8.3,C3228E001,568
2026-06-10 16:13:22.504,2026-06-10 16:15:18.874,22.6613554,114.5003669,54.4,0.0,-1.51,164.6,37.0,19.6,0.0,6553.81,10.0,2.0,2.5,NR5G-SA,n79,-44,-44,-10,20,-24,6.8,C3228E001,568
2026-06-10 16:13:22.704,2026-06-10 16:15:18.874,22.6613554,114.5003669,54.1,0.0,-1.51,164.6,37.0,19.6,0.0,6553.81,10.0,2.0,2.5,NR5G-SA,n79,-44,-44,-10,22,-24,13.4,C3228E001,568
2026-06-10 16:13:22.904,2026-06-10 16:15:19.074,22.6613554,114.5003669,54.1,0.0,-1.50,164.6,37.0,19.6,0.0,6553.81,10.0,2.0,2.5,NR5G-SA,n79,-44,-44,-10,22,-24,7.5,C3228E001,568
2026-06-10 16:13:23.105,2026-06-10 16:15:19.474,22.6613554,114.5003669,53.7,0.0,-1.51,164.7,26.8,19.6,0.0,6553.81,10.0,2.0,2.5,NR5G-SA,n79,-44,-44,-10,22,-24,5.9,C3228E001,568
2026-06-10 16:13:23.305,2026-06-10 16:15:19.674,22.6613554,114.5003669,53.3,0.0,-1.52,165.0,26.8,19.6,0.0,6553.81,10.0,2.0,2.5,NR5G-SA,n79,-44,-44,-10,23,-24,5.9,C3228E001,568
2026-06-10 16:13:23.505,2026-06-10 16:15:19.874,22.6613554,114.5003669,52.9,0.0,-1.51,165.3,26.8,18.9,0.0,6553.81,10.0,2.0,2.5,NR5G-SA,n79,-44,-44,-10,23,-24,6.7,C3228E001,568
2026-06-10 16:13:23.706,2026-06-10 16:15:19.874,22.6613554,114.5003669,52.5,0.0,-1.51,165.6,26.8,18.9,0.0,6553.81,10.0,2.0,2.5,NR5G-SA,n79,-44,-44,-10,23,-24,12.7,C3228E001,568
2026-06-10 16:13:23.906,2026-06-10 16:15:20.074,22.6613554,114.5003669,52.5,0.0,-1.51,165.6,26.8,18.9,0.0,6553.81,10.0,2.0,2.5,NR5G-SA,n79,-44,-44,-10,24,-24,7.4,C3228E001,568
2026-06-10 16:13:24.106,2026-06-10 16:15:20.473,22.6613554,114.5003668,52.2,0.0,-1.49,165.9,44.4,18.9,0.0,6553.82,10.0,2.0,2.5,NR5G-SA,n79,-44,-44,-10,24,-24,6.3,C3228E001,568
2026-06-10 16:13:24.307,2026-06-10 16:15:20.673,22.6613555,114.5003668,51.8,0.0,-1.51,166.3,44.4,18.9,0.0,6553.83,10.0,2.0,2.5,NR5G-SA,n79,-44,-44,-10,24,-24,6.0,C3228E001,568
2026-06-10 16:13:24.507,2026-06-10 16:15:20.673,22.6613555,114.5003668,51.4,0.0,-1.51,166.7,44.4,18.0,0.0,6553.83,10.0,2.0,2.5,NR5G-SA,n79,-44,-44,-10,24,-24,7.3,C3228E001,568
2026-06-10 16:13:24.708,2026-06-10 16:15:20.873,22.6613555,114.5003669,51.0,0.0,-1.51,167.1,44.4,18.0,0.0,6553.84,10.0,2.0,2.5,NR5G-SA,n79,-44,-44,-10,24,-24,9.0,C3228E001,568
2026-06-10 16:13:24.908,2026-06-10 16:15:21.073,22.6613555,114.5003669,51.0,0.1,-1.51,167.1,44.4,18.0,0.0,6553.84,10.0,2.0,2.5,NR5G-SA,n79,-44,-44,-10,23,-24,6.4,C3228E001,568
2026-06-10 16:13:25.108,2026-06-10 16:15:21.473,22.6613556,114.5003670,50.7,0.0,-1.50,167.4,12.1,18.0,0.0,6553.86,10.0,2.0,2.5,NR5G-SA,n79,-44,-44,-10,23,-24,8.3,C3228E001,568
2026-06-10 16:13:25.309,2026-06-10 16:15:21.673,22.6613556,114.5003670,50.3,0.0,-1.51,167.3,12.1,18.0,0.0,6553.86,10.0,2.0,2.5,NR5G-SA,n79,-44,-44,-10,23,-24,6.0,C3228E001,568
2026-06-10 16:13:25.509,2026-06-10 16:15:21.673,22.6613556,114.5003670,49.9,0.0,-1.49,167.3,12.1,18.0,0.0,6553.86,10.0,2.0,2.5,NR5G-SA,n79,-44,-44,-10,23,-24,6.0,C3228E001,568
2026-06-10 16:13:25.709,2026-06-10 16:15:21.873,22.6613556,114.5003669,49.5,0.0,-1.49,167.1,12.1,18.0,0.0,6553.87,10.0,2.0,2.5,NR5G-SA,n79,-44,-44,-10,23,-24,10.8,C3228E001,568
2026-06-10 16:13:25.909,2026-06-10 16:15:22.073,22.6613556,114.5003669,49.5,0.0,-1.50,167.1,12.1,18.0,0.0,6553.87,10.0,2.0,2.5,NR5G-SA,n79,-44,-44,-10,23,-24,7.1,C3228E001,568
2026-06-10 16:13:26.110,2026-06-10 16:15:22.473,22.6613555,114.5003669,49.2,0.0,-1.50,167.1,0.0,18.0,0.0,6553.88,10.0,2.0,2.5,NR5G-SA,n79,-44,-44,-10,23,-24,6.6,C3228E001,568
2026-06-10 16:13:26.310,2026-06-10 16:15:22.673,22.6613555,114.5003669,48.8,0.0,-1.51,167.2,0.0,18.0,0.0,6553.88,10.0,2.0,2.5,NR5G-SA,n79,-44,-44,-10,23,-24,6.3,C3228E001,568
2026-06-10 16:13:26.510,2026-06-10 16:15:22.673,22.6613554,114.5003668,48.4,0.0,-1.51,167.4,0.0,18.3,0.0,6553.89,10.0,2.0,2.5,NR5G-SA,n79,-44,-44,-10,23,-24,6.2,C3228E001,568
2026-06-10 16:13:26.711,2026-06-10 16:15:22.873,22.6613554,114.5003667,48.1,0.0,-1.51,167.6,0.0,18.3,0.0,6553.90,10.0,2.0,2.5,NR5G-SA,n79,-44,-44,-10,24,-24,9.8,C3228E001,568
2026-06-10 16:13:26.911,2026-06-10 16:15:23.073,22.6613554,114.5003667,48.1,0.0,-1.51,167.6,0.0,18.3,0.0,6553.90,10.0,2.0,2.5,NR5G-SA,n79,-44,-44,-10,24,-24,5.6,C3228E001,568
2026-06-10 16:13:27.111,2026-06-10 16:15:23.473,22.6613554,114.5003666,47.7,0.0,-1.50,167.6,4.7,18.3,0.0,6553.92,10.0,2.0,2.5,NR5G-SA,n79,-44,-44,-10,24,-24,5.8,C3228E001,568
2026-06-10 16:13:27.311,2026-06-10 16:15:23.673,22.6613554,114.5003666,47.3,0.0,-1.51,167.7,4.7,18.3,0.0,6553.92,10.0,2.0,2.5,NR5G-SA,n79,-44,-44,-10,24,-24,5.6,C3228E001,568
2026-06-10 16:13:27.512,2026-06-10 16:15:23.673,22.6613554,114.5003667,46.9,0.0,-1.51,167.8,4.7,20.2,0.0,6553.93,10.0,2.0,2.5,NR5G-SA,n79,-44,-44,-10,24,-24,8.2,C3228E001,568
2026-06-10 16:13:27.712,2026-06-10 16:15:23.873,22.6613554,114.5003667,46.6,0.0,-1.51,167.8,4.7,20.2,0.0,6553.93,10.0,2.0,2.5,NR5G-SA,n79,-44,-44,-10,24,-24,11.3,C3228E001,568
2026-06-10 16:13:27.912,2026-06-10 16:15:24.073,22.6613554,114.5003667,46.6,0.0,-1.51,167.8,4.7,20.2,0.0,6553.93,10.0,2.0,2.5,NR5G-SA,n79,-44,-44,-10,24,-24,8.7,C3228E001,568
2026-06-10 16:13:28.112,2026-06-10 16:15:24.473,22.6613555,114.5003667,46.2,0.0,-1.52,167.8,4.7,20.2,0.0,6553.94,10.0,2.0,2.5,NR5G-SA,n79,-44,-44,-10,24,-24,10.3,C3228E001,568
2026-06-10 16:13:28.313,2026-06-10 16:15:24.673,22.6613555,114.5003667,45.8,0.0,-1.50,167.8,0.0,20.2,0.0,6553.94,10.0,2.0,2.5,NR5G-SA,n79,-44,-44,-10,23,-24,7.5,C3228E001,568
2026-06-10 16:13:28.513,2026-06-10 16:15:24.673,22.6613555,114.5003668,45.4,0.0,-1.51,167.5,0.0,21.0,0.0,6553.95,10.0,2.0,2.5,NR5G-SA,n79,-44,-44,-10,23,-24,7.9,C3228E001,568
2026-06-10 16:13:28.713,2026-06-10 16:15:24.873,22.6613555,114.5003668,45.0,0.0,-1.51,167.3,0.0,21.0,0.0,6553.95,10.0,2.0,2.5,NR5G-SA,n79,-44,-44,-10,23,-24,10.9,C3228E001,568
2026-06-10 16:13:28.914,2026-06-10 16:15:25.073,22.6613555,114.5003668,45.0,0.0,-1.51,167.3,0.0,21.0,0.0,6553.95,10.0,2.0,2.5,NR5G-SA,n79,-44,-44,-10,23,-24,7.3,C3228E001,568
2026-06-10 16:13:29.114,2026-06-10 16:15:25.473,22.6613555,114.5003667,44.7,0.0,-1.51,167.0,0.0,21.0,0.0,6553.96,10.0,2.0,2.5,NR5G-SA,n79,-44,-44,-10,23,-24,6.4,C3228E001,568
2026-06-10 16:13:29.314,2026-06-10 16:15:25.673,22.6613555,114.5003667,44.3,0.0,-1.51,166.8,20.8,21.0,0.0,6553.96,10.0,2.0,2.5,NR5G-SA,n79,-44,-44,-10,23,-24,5.8,C3228E001,568
2026-06-10 16:13:29.514,2026-06-10 16:15:25.873,22.6613555,114.5003668,43.9,0.0,-1.50,166.7,20.8,21.0,0.0,6553.97,10.0,2.0,2.5,NR5G-SA,n79,-44,-44,-10,23,-24,4.1,C3228E001,568
2026-06-10 16:13:29.715,2026-06-10 16:15:25.873,22.6613555,114.5003668,43.5,0.0,-1.48,166.6,20.8,21.7,0.0,6553.97,10.0,2.0,2.5,NR5G-SA,n79,-44,-44,-10,23,-24,10.9,C3228E001,568
2026-06-10 16:13:29.915,2026-06-10 16:15:26.073,22.6613555,114.5003668,43.5,0.0,-1.48,166.6,20.8,21.7,0.0,6553.97,10.0,2.0,2.5,NR5G-SA,n79,-44,-44,-10,24,-24,7.5,C3228E001,568
2026-06-10 16:13:30.115,2026-06-10 16:15:26.473,22.6613555,114.5003668,43.2,0.0,-1.49,166.4,20.8,21.7,0.0,6553.97,10.0,2.0,2.5,NR5G-SA,n79,-44,-44,-10,24,-24,9.4,C3228E001,568
2026-06-10 16:13:30.316,2026-06-10 16:15:26.673,22.6613555,114.5003668,42.8,0.0,-1.47,166.4,40.6,21.7,0.0,6553.97,10.0,2.0,2.5,NR5G-SA,n79,-44,-44,-10,24,-24,6.0,C3228E001,568
2026-06-10 16:13:30.516,2026-06-10 16:15:26.673,22.6613555,114.5003668,42.4,0.0,-1.49,166.4,40.6,21.7,0.0,6553.97,10.0,2.0,2.5,NR5G-SA,n79,-44,-44,-10,23,-24,7.3,C3228E001,568
2026-06-10 16:13:30.716,2026-06-10 16:15:26.873,22.6613554,114.5003667,42.0,0.0,-1.49,166.5,40.6,22.9,0.0,6553.98,10.0,2.0,2.5,NR5G-SA,n79,-44,-44,-10,23,-24,8.7,C3228E001,568
2026-06-10 16:13:30.917,2026-06-10 16:15:27.073,22.6613554,114.5003667,42.0,0.0,-1.49,166.5,40.6,22.9,0.0,6553.98,10.0,2.0,2.5,NR5G-SA,n79,-44,-44,-10,23,-24,7.8,C3228E001,568
2026-06-10 16:13:31.117,2026-06-10 16:15:27.473,22.6613553,114.5003666,41.7,0.0,-1.48,166.5,40.6,22.9,0.0,6554.00,10.0,2.0,2.5,NR5G-SA,n79,-44,-44,-10,22,-24,9.4,C3228E001,568
2026-06-10 16:13:31.317,2026-06-10 16:15:27.673,22.6613552,114.5003666,41.3,0.0,-1.50,166.6,31.5,22.9,0.0,6554.01,10.0,2.0,2.5,NR5G-SA,n79,-44,-44,-10,22,-24,6.5,C3228E001,568
2026-06-10 16:13:31.518,2026-06-10 16:15:27.873,22.6613552,114.5003666,40.9,0.0,-1.49,166.7,31.5,22.9,0.0,6554.01,10.0,2.0,2.5,NR5G-SA,n79,-44,-44,-10,22,-24,4.7,C3228E001,568
2026-06-10 16:13:31.718,2026-06-10 16:15:27.873,22.6613551,114.5003666,40.6,0.0,-1.51,166.7,31.5,21.9,0.0,6554.02,10.0,2.0,2.5,NR5G-SA,n79,-44,-44,-10,21,-24,12.3,C3228E001,568
2026-06-10 16:13:31.918,2026-06-10 16:15:28.073,22.6613551,114.5003666,40.6,0.0,-1.51,166.7,31.5,21.9,0.0,6554.02,10.0,2.0,2.5,NR5G-SA,n79,-44,-44,-10,21,-24,7.2,C3228E001,568
2026-06-10 16:13:32.118,2026-06-10 16:15:28.473,22.6613552,114.5003666,40.2,0.0,-1.51,166.7,31.5,21.9,0.0,6554.03,10.0,2.0,2.5,NR5G-SA,n79,-44,-44,-10,22,-24,9.7,C3228E001,568
2026-06-10 16:13:32.319,2026-06-10 16:15:28.673,22.6613552,114.5003666,39.8,0.0,-1.51,166.7,32.4,21.9,0.0,6554.03,10.0,2.0,2.5,NR5G-SA,n79,-44,-44,-10,22,-24,6.5,C3228E001,568
2026-06-10 16:13:32.519,2026-06-10 16:15:28.873,22.6613552,114.5003666,39.4,0.0,-1.50,166.6,32.4,21.9,0.0,6554.03,10.0,2.0,2.5,NR5G-SA,n79,-44,-44,-10,22,-24,6.9,C3228E001,568
2026-06-10 16:13:32.719,2026-06-10 16:15:28.873,22.6613552,114.5003667,39.0,0.0,-1.50,166.6,32.4,21.0,0.0,6554.04,10.0,2.0,2.5,NR5G-SA,n79,-44,-44,-10,23,-24,10.6,C3228E001,568
2026-06-10 16:13:32.920,2026-06-10 16:15:29.073,22.6613552,114.5003667,39.0,0.0,-1.50,166.6,32.4,21.0,0.0,6554.04,10.0,2.0,2.5,NR5G-SA,n79,-44,-44,-10,23,-24,7.7,C3228E001,568
2026-06-10 16:13:33.120,2026-06-10 16:15:29.473,22.6613552,114.5003667,38.7,0.0,-1.50,166.6,32.4,21.0,0.0,6554.04,10.0,2.0,2.5,NR5G-SA,n79,-44,-44,-10,23,-24,9.4,C3228E001,568
2026-06-10 16:13:33.320,2026-06-10 16:15:29.673,22.6613553,114.5003668,38.3,0.0,-1.50,166.6,40.0,21.0,0.0,6554.06,10.0,2.0,2.5,NR5G-SA,n79,-44,-44,-10,24,-24,8.1,C3228E001,568
2026-06-10 16:13:33.521,2026-06-10 16:15:29.873,22.6613553,114.5003669,37.9,0.0,-1.51,166.6,40.0,21.0,0.0,6554.07,10.0,2.0,2.5,NR5G-SA,n79,-44,-44,-10,24,-24,5.9,C3228E001,568
2026-06-10 16:13:33.721,2026-06-10 16:15:29.873,22.6613554,114.5003669,37.5,0.0,-1.50,166.5,40.0,22.5,0.0,6554.08,10.0,2.0,2.5,NR5G-SA,n79,-44,-44,-10,24,-24,10.7,C3228E001,568
2026-06-10 16:13:33.921,2026-06-10 16:15:30.073,22.6613554,114.5003669,37.5,0.0,-1.50,166.5,40.0,22.5,0.0,6554.08,10.0,2.0,2.5,NR5G-SA,n79,-44,-44,-10,25,-24,7.9,C3228E001,568
2026-06-10 16:13:34.122,2026-06-10 16:15:30.473,22.6613554,114.5003670,37.2,0.0,-1.50,166.6,40.0,22.5,0.0,6554.09,10.0,2.0,2.5,NR5G-SA,n79,-44,-44,-10,25,-24,10.6,C3228E001,568
2026-06-10 16:13:34.322,2026-06-10 16:15:30.673,22.6613554,114.5003670,36.8,0.0,-1.51,166.6,20.9,22.5,0.0,6554.09,10.0,2.0,2.5,NR5G-SA,n79,-44,-44,-10,25,-24,6.2,C3228E001,568
2026-06-10 16:13:34.522,2026-06-10 16:15:30.673,22.6613555,114.5003670,36.4,0.0,-1.50,166.6,20.9,22.5,0.0,6554.10,10.0,2.0,2.5,NR5G-SA,n79,-44,-44,-10,25,-24,8.0,C3228E001,568
2026-06-10 16:13:34.722,2026-06-10 16:15:30.873,22.6613555,114.5003670,36.0,0.0,-1.52,166.7,20.9,22.0,0.0,6554.10,10.0,2.0,2.5,NR5G-SA,n79,-44,-44,-10,25,-24,9.9,C3228E001,568
2026-06-10 16:13:34.923,2026-06-10 16:15:31.073,22.6613555,114.5003670,36.0,0.0,-1.52,166.7,20.9,22.0,0.0,6554.10,10.0,2.0,2.5,NR5G-SA,n79,-44,-44,-10,25,-24,6.6,C3228E001,568
2026-06-10 16:13:35.123,2026-06-10 16:15:31.473,22.6613556,114.5003670,35.7,0.0,-1.50,166.8,20.9,22.0,0.0,6554.11,10.0,2.0,2.5,NR5G-SA,n79,-44,-44,-10,25,-24,6.0,C3228E001,568
2026-06-10 16:13:35.323,2026-06-10 16:15:31.673,22.6613556,114.5003671,35.3,0.0,-1.51,166.9,0.0,22.0,0.0,6554.12,10.0,2.0,2.5,NR5G-SA,n79,-44,-44,-10,25,-24,6.4,C3228E001,568
2026-06-10 16:13:35.523,2026-06-10 16:15:31.673,22.6613556,114.5003671,34.9,0.0,-1.50,166.9,0.0,22.0,0.0,6554.12,10.0,2.0,2.5,NR5G-SA,n79,-44,-44,-10,25,-24,6.5,C3228E001,568
2026-06-10 16:13:35.724,2026-06-10 16:15:31.873,22.6613557,114.5003671,34.6,0.0,-1.50,167.0,0.0,20.0,0.0,6554.13,10.0,2.0,2.5,NR5G-SA,n79,-44,-44,-10,25,-24,8.5,C3228E001,568
2026-06-10 16:13:35.924,2026-06-10 16:15:32.073,22.6613557,114.5003671,34.6,0.0,-1.50,167.0,0.0,20.0,0.0,6554.13,10.0,2.0,2.5,NR5G-SA,n79,-44,-44,-10,25,-24,5.6,C3228E001,568
2026-06-10 16:13:36.124,2026-06-10 16:15:32.473,22.6613557,114.5003671,34.2,0.0,-1.50,167.1,0.0,20.0,0.0,6554.13,10.0,2.0,2.5,NR5G-SA,n79,-44,-44,-10,24,-24,10.0,C3228E001,568
2026-06-10 16:13:36.325,2026-06-10 16:15:32.673,22.6613557,114.5003670,33.8,0.0,-1.51,167.1,4.8,20.0,0.0,6554.14,10.0,2.0,2.5,NR5G-SA,n79,-44,-44,-10,24,-24,6.7,C3228E001,568
2026-06-10 16:13:36.525,2026-06-10 16:15:32.873,22.6613556,114.5003670,33.4,0.0,-1.52,167.3,4.8,20.0,0.0,6554.15,10.0,2.0,2.5,NR5G-SA,n79,-44,-44,-10,24,-24,5.6,C3228E001,568
2026-06-10 16:13:36.725,2026-06-10 16:15:32.873,22.6613556,114.5003670,33.1,0.0,-1.51,167.6,4.8,19.9,0.0,6554.15,10.0,2.0,2.5,NR5G-SA,n79,-44,-44,-10,24,-24,8.8,C3228E001,568
2026-06-10 16:13:36.925,2026-06-10 16:15:33.073,22.6613556,114.5003670,33.1,0.0,-1.51,167.6,4.8,19.9,0.0,6554.15,10.0,2.0,2.5,NR5G-SA,n79,-44,-44,-10,24,-24,6.4,C3228E001,568
2026-06-10 16:13:37.126,2026-06-10 16:15:33.473,22.6613555,114.5003671,32.7,0.0,-1.52,167.8,4.8,19.9,0.0,6554.17,10.0,2.0,2.5,NR5G-SA,n79,-44,-44,-10,23,-24,10.8,C3228E001,568
2026-06-10 16:13:37.326,2026-06-10 16:15:33.673,22.6613555,114.5003671,32.3,0.0,-1.51,168.1,0.0,19.9,0.0,6554.17,10.0,2.0,2.5,NR5G-SA,n79,-44,-44,-10,23,-24,6.8,C3228E001,568
2026-06-10 16:13:37.526,2026-06-10 16:15:33.873,22.6613555,114.5003671,31.9,0.0,-1.52,168.5,0.0,19.9,0.0,6554.17,10.0,2.0,2.5,NR5G-SA,n79,-44,-44,-10,23,-24,6.6,C3228E001,568
2026-06-10 16:13:37.726,2026-06-10 16:15:33.873,22.6613556,114.5003671,31.6,0.0,-1.51,168.8,0.0,19.9,0.0,6554.18,10.0,2.0,2.5,NR5G-SA,n79,-44,-44,-10,23,-24,8.6,C3228E001,568
2026-06-10 16:13:37.926,2026-06-10 16:15:34.073,22.6613556,114.5003671,31.6,0.0,-1.51,168.8,0.0,20.3,0.0,6554.18,10.0,2.0,2.5,NR5G-SA,n79,-44,-44,-10,23,-24,8.1,C3228E001,568
2026-06-10 16:13:38.127,2026-06-10 16:15:34.473,22.6613556,114.5003671,31.2,0.0,-1.50,169.1,0.0,20.3,0.0,6554.18,10.0,2.0,2.5,NR5G-SA,n79,-44,-44,-10,23,-24,9.9,C3228E001,568
2026-06-10 16:13:38.327,2026-06-10 16:15:34.673,22.6613556,114.5003671,30.8,0.0,-1.51,169.3,12.9,20.3,0.0,6554.18,10.0,2.0,2.5,NR5G-SA,n79,-44,-44,-10,24,-24,5.8,C3228E001,568
2026-06-10 16:13:38.527,2026-06-10 16:15:34.873,22.6613557,114.5003671,30.4,0.0,-1.50,169.5,12.9,20.3,0.0,6554.19,10.0,2.0,2.5,NR5G-SA,n79,-44,-44,-10,24,-24,5.3,C3228E001,568
2026-06-10 16:13:38.727,2026-06-10 16:15:34.873,22.6613556,114.5003671,30.1,0.0,-1.49,169.7,12.9,20.3,0.0,6554.20,10.0,2.0,2.5,NR5G-SA,n79,-44,-44,-10,25,-24,13.6,C3228E001,568
2026-06-10 16:13:38.928,2026-06-10 16:15:35.073,22.6613556,114.5003671,30.1,0.0,-1.49,169.7,12.9,21.2,0.0,6554.20,10.0,2.0,2.5,NR5G-SA,n79,-44,-44,-10,25,-24,11.2,C3228E001,568
2026-06-10 16:13:39.128,2026-06-10 16:15:35.473,22.6613556,114.5003671,29.7,0.0,-1.50,169.9,12.9,21.2,0.0,6554.20,10.0,2.0,2.5,NR5G-SA,n79,-44,-44,-10,25,-24,9.7,C3228E001,568
2026-06-10 16:13:39.328,2026-06-10 16:15:35.673,22.6613556,114.5003671,29.3,0.0,-1.51,170.0,44.0,21.2,0.0,6554.20,10.0,2.0,2.5,NR5G-SA,n79,-44,-44,-10,25,-24,6.0,C3228E001,568
2026-06-10 16:13:39.529,2026-06-10 16:15:35.873,22.6613557,114.5003671,28.9,0.0,-1.51,170.0,44.0,21.2,0.0,6554.21,10.0,2.0,2.5,NR5G-SA,n79,-44,-44,-10,25,-24,5.6,C3228E001,568
2026-06-10 16:13:39.729,2026-06-10 16:15:35.873,22.6613557,114.5003670,28.6,0.1,-1.51,169.9,44.0,21.2,0.0,6554.22,10.0,2.0,2.5,NR5G-SA,n79,-44,-44,-10,25,-24,9.4,C3228E001,568
2026-06-10 16:13:39.930,2026-06-10 16:15:36.073,22.6613557,114.5003670,28.6,0.1,-1.51,169.9,44.0,22.9,0.0,6554.22,10.0,2.0,2.5,NR5G-SA,n79,-44,-44,-10,25,-24,11.8,C3228E001,568
2026-06-10 16:13:40.130,2026-06-10 16:15:36.473,22.6613557,114.5003669,28.2,0.0,-1.51,169.7,44.0,22.9,0.0,6554.23,10.0,2.0,2.5,NR5G-SA,n79,-44,-44,-10,25,-24,10.9,C3228E001,568
2026-06-10 16:13:40.330,2026-06-10 16:15:36.673,22.6613557,114.5003668,27.8,0.1,-1.54,169.4,26.5,22.9,0.0,6554.24,10.0,2.0,2.5,NR5G-SA,n79,-44,-44,-10,25,-24,6.7,C3228E001,568
2026-06-10 16:13:40.530,2026-06-10 16:15:36.873,22.6613557,114.5003667,27.4,0.1,-1.52,169.2,26.5,22.9,0.0,6554.25,10.0,2.0,2.5,NR5G-SA,n79,-44,-44,-10,26,-24,4.5,C3228E001,568
2026-06-10 16:13:40.730,2026-06-10 16:15:36.873,22.6613557,114.5003667,27.1,0.0,-1.54,169.0,26.5,22.9,0.0,6554.25,10.0,2.0,2.5,NR5G-SA,n79,-44,-44,-10,26,-24,7.8,C3228E001,568
2026-06-10 16:13:40.931,2026-06-10 16:15:37.073,22.6613557,114.5003667,27.1,0.0,-1.54,169.0,26.5,24.8,0.0,6554.25,10.0,2.0,2.5,NR5G-SA,n79,-44,-44,-10,25,-24,11.8,C3228E001,568
2026-06-10 16:13:41.131,2026-06-10 16:15:37.473,22.6613558,114.5003667,26.7,0.0,-1.55,169.0,26.5,24.8,0.0,6554.27,10.0,2.0,2.5,NR5G-SA,n79,-44,-44,-10,25,-24,11.8,C3228E001,568
2026-06-10 16:13:41.331,2026-06-10 16:15:37.673,22.6613558,114.5003667,26.3,0.0,-1.51,169.0,36.5,24.8,0.0,6554.27,10.0,2.0,2.5,NR5G-SA,n79,-44,-44,-10,25,-24,7.7,C3228E001,568
2026-06-10 16:13:41.532,2026-06-10 16:15:37.873,22.6613558,114.5003667,25.9,0.0,-1.54,169.0,36.5,24.8,0.0,6554.27,10.0,2.0,2.5,NR5G-SA,n79,-44,-44,-10,27,-24,5.2,C3228E001,568
2026-06-10 16:13:41.732,2026-06-10 16:15:37.873,22.6613558,114.5003667,25.6,0.0,-1.50,169.0,36.5,24.8,0.0,6554.27,10.0,2.0,2.5,NR5G-SA,n79,-44,-44,-10,27,-24,11.1,C3228E001,568
2026-06-10 16:13:41.932,2026-06-10 16:15:38.073,22.6613558,114.5003667,25.6,0.0,-1.50,169.0,36.5,26.7,0.0,6554.27,10.0,2.0,2.5,NR5G-SA,n79,-44,-44,-10,27,-24,7.7,C3228E001,568
2026-06-10 16:13:42.132,2026-06-10 16:15:38.473,22.6613558,114.5003667,25.2,0.0,-1.50,169.0,36.5,26.7,0.0,6554.27,10.0,2.0,2.5,NR5G-SA,n79,-44,-44,-10,26,-24,12.7,C3228E001,568
2026-06-10 16:13:42.333,2026-06-10 16:15:38.673,22.6613558,114.5003668,24.8,0.0,-1.52,168.9,36.8,26.7,0.0,6554.28,10.0,2.0,2.5,NR5G-SA,n79,-44,-44,-10,26,-24,7.7,C3228E001,568
2026-06-10 16:13:42.533,2026-06-10 16:15:38.873,22.6613558,114.5003667,24.5,0.1,-1.52,168.8,36.8,26.7,0.0,6554.29,10.0,2.0,2.5,NR5G-SA,n79,-44,-44,-10,26,-24,7.8,C3228E001,568
2026-06-10 16:13:42.733,2026-06-10 16:15:38.873,22.6613558,114.5003667,24.1,0.1,-1.52,168.4,36.8,26.7,0.0,6554.29,10.0,2.0,2.5,NR5G-SA,n79,-44,-44,-10,26,-24,10.2,C3228E001,568
2026-06-10 16:13:42.933,2026-06-10 16:15:39.073,22.6613558,114.5003667,24.1,0.1,-1.52,168.4,36.8,26.2,0.0,6554.29,10.0,2.0,2.5,NR5G-SA,n79,-44,-44,-10,26,-24,11.2,C3228E001,568
2026-06-10 16:13:43.134,2026-06-10 16:15:39.473,22.6613558,114.5003667,23.7,0.1,-1.54,168.1,36.8,26.2,0.0,6554.29,10.0,2.0,2.5,NR5G-SA,n79,-44,-44,-10,26,-24,10.3,C3228E001,568
2026-06-10 16:13:43.334,2026-06-10 16:15:39.673,22.6613557,114.5003666,23.3,0.1,-1.55,167.8,26.8,26.2,0.0,6554.30,10.0,2.0,2.5,NR5G-SA,n79,-44,-44,-10,25,-24,7.1,C3228E001,568
2026-06-10 16:13:43.534,2026-06-10 16:15:39.873,22.6613556,114.5003665,22.9,0.0,-1.54,167.7,26.8,26.2,0.0,6554.32,10.0,2.0,2.5,NR5G-SA,n79,-44,-44,-10,25,-24,5.5,C3228E001,568
2026-06-10 16:13:43.734,2026-06-10 16:15:39.873,22.6613556,114.5003665,22.6,0.0,-1.51,167.8,26.8,26.2,0.0,6554.32,10.0,2.0,2.5,NR5G-SA,n79,-44,-44,-10,25,-24,7.6,C3228E001,568
2026-06-10 16:13:43.935,2026-06-10 16:15:40.073,22.6613556,114.5003665,22.6,0.0,-1.51,167.8,26.8,24.8,0.0,6554.32,10.0,2.0,2.5,NR5G-SA,n79,-44,-44,-10,25,-24,16.8,C3228E001,568
2026-06-10 16:13:44.135,2026-06-10 16:15:40.473,22.6613556,114.5003665,22.2,0.1,-1.53,167.5,26.8,24.8,0.0,6554.32,10.0,2.0,2.5,NR5G-SA,n79,-44,-44,-10,25,-24,10.9,C3228E001,568
2026-06-10 16:13:44.335,2026-06-10 16:15:40.673,22.6613555,114.5003665,21.8,0.0,-1.54,167.2,41.4,24.8,0.0,6554.33,10.0,2.0,2.5,NR5G-SA,n79,-44,-44,-10,25,-24,8.7,C3228E001,568
2026-06-10 16:13:44.536,2026-06-10 16:15:40.873,22.6613555,114.5003666,21.4,0.0,-1.54,167.2,41.4,24.8,0.0,6554.34,10.0,2.0,2.5,NR5G-SA,n79,-44,-44,-10,25,-24,5.3,C3228E001,568
2026-06-10 16:13:44.736,2026-06-10 16:15:40.873,22.6613555,114.5003667,21.1,0.0,-1.53,167.1,41.4,24.8,0.0,6554.35,10.0,2.0,2.5,NR5G-SA,n79,-44,-44,-10,25,-24,10.6,C3228E001,568
2026-06-10 16:13:44.936,2026-06-10 16:15:41.073,22.6613555,114.5003667,21.1,0.0,-1.53,167.1,41.4,22.7,0.0,6554.35,10.0,2.0,2.5,NR5G-SA,n79,-44,-44,-10,24,-24,19.0,C3228E001,568
2026-06-10 16:13:45.137,2026-06-10 16:15:41.473,22.6613555,114.5003668,20.7,0.0,-1.53,167.1,41.4,22.7,0.0,6554.36,10.0,2.0,2.5,NR5G-SA,n79,-44,-44,-10,24,-24,12.2,C3228E001,568
2026-06-10 16:13:45.337,2026-06-10 16:15:41.673,22.6613554,114.5003668,20.3,0.0,-1.52,167.0,14.0,22.7,0.0,6554.37,10.0,2.0,2.5,NR5G-SA,n79,-44,-44,-10,24,-24,7.2,C3228E001,568
2026-06-10 16:13:45.537,2026-06-10 16:15:41.873,22.6613554,114.5003668,20.0,0.0,-1.52,167.0,14.0,22.7,0.0,6554.37,10.0,2.0,2.5,NR5G-SA,n79,-44,-44,-10,24,-24,5.3,C3228E001,568
2026-06-10 16:13:45.738,2026-06-10 16:15:41.873,22.6613554,114.5003668,19.6,0.0,-1.54,166.9,14.0,22.7,0.0,6554.37,10.0,2.0,2.5,NR5G-SA,n79,-44,-44,-10,24,-24,9.8,C3228E001,568
2026-06-10 16:13:45.938,2026-06-10 16:15:42.073,22.6613554,114.5003668,19.6,0.0,-1.54,166.9,14.0,22.7,0.0,6554.37,10.0,2.0,2.5,NR5G-SA,n79,-44,-44,-10,23,-24,16.9,C3228E001,568
2026-06-10 16:13:46.138,2026-06-10 16:15:42.473,22.6613554,114.5003669,19.2,0.0,-1.54,166.8,14.0,20.8,0.0,6554.38,10.0,2.0,2.5,NR5G-SA,n79,-44,-44,-10,23,-24,10.9,C3228E001,568
2026-06-10 16:13:46.339,2026-06-10 16:15:42.673,22.6613554,114.5003669,18.8,0.0,-1.53,166.5,0.0,20.8,0.0,6554.38,10.0,2.0,2.5,NR5G-SA,n79,-44,-44,-10,23,-24,7.1,C3228E001,568
2026-06-10 16:13:46.539,2026-06-10 16:15:42.873,22.6613554,114.5003669,18.4,0.0,-1.53,166.3,0.0,20.8,0.0,6554.38,10.0,2.0,2.5,NR5G-SA,n79,-44,-44,-10,23,-24,4.8,C3228E001,568
2026-06-10 16:13:46.739,2026-06-10 16:15:42.873,22.6613554,114.5003669,18.1,0.0,-1.52,166.0,0.0,20.8,0.0,6554.38,10.0,2.0,2.5,NR5G-SA,n79,-44,-44,-10,23,-24,7.1,C3228E001,568
2026-06-10 16:13:46.940,2026-06-10 16:15:43.073,22.6613554,114.5003669,18.1,0.0,-1.52,166.0,0.0,20.8,0.0,6554.38,10.0,2.0,2.5,NR5G-SA,n79,-44,-44,-10,23,-24,15.7,C3228E001,568
2026-06-10 16:13:47.140,2026-06-10 16:15:43.473,22.6613554,114.5003669,17.7,0.1,-1.52,165.7,0.0,19.5,0.0,6554.38,10.0,2.0,2.5,NR5G-SA,n79,-44,-44,-10,21,-24,12.4,C3228E001,568
2026-06-10 16:13:47.340,2026-06-10 16:15:43.673,22.6613553,114.5003669,17.3,0.0,-1.54,165.3,4.6,19.5,0.0,6554.39,10.0,2.0,2.5,NR5G-SA,n79,-44,-44,-10,21,-24,8.3,C3228E001,568
2026-06-10 16:13:47.541,2026-06-10 16:15:43.873,22.6613553,114.5003669,16.9,0.0,-1.53,165.2,4.6,19.5,0.0,6554.39,10.0,2.0,2.5,NR5G-SA,n79,-44,-44,-10,21,-24,7.3,C3228E001,568
2026-06-10 16:13:47.741,2026-06-10 16:15:43.873,22.6613554,114.5003668,16.6,0.0,-1.52,165.1,4.6,19.5,0.0,6554.41,10.0,2.0,2.5,NR5G-SA,n79,-44,-44,-10,20,-24,8.8,C3228E001,568
2026-06-10 16:13:47.941,2026-06-10 16:15:44.073,22.6613554,114.5003668,16.6,0.0,-1.52,165.1,4.6,19.5,0.0,6554.41,10.0,2.0,2.5,NR5G-SA,n79,-44,-44,-10,20,-24,14.7,C3228E001,568
2026-06-10 16:13:48.141,2026-06-10 16:15:44.473,22.6613554,114.5003668,16.2,0.0,-1.51,165.2,4.6,18.9,0.0,6554.41,10.0,2.0,2.5,NR5G-SA,n79,-44,-44,-10,21,-24,9.9,C3228E001,568
2026-06-10 16:13:48.342,2026-06-10 16:15:44.673,22.6613554,114.5003668,15.8,0.0,-1.51,165.2,0.0,18.9,0.0,6554.41,10.0,2.0,2.5,NR5G-SA,n79,-44,-44,-10,21,-24,7.0,C3228E001,568
2026-06-10 16:13:48.542,2026-06-10 16:15:44.873,22.6613554,114.5003668,15.4,0.0,-1.51,165.1,0.0,18.9,0.0,6554.41,10.0,2.0,2.5,NR5G-SA,n79,-44,-44,-10,21,-24,4.6,C3228E001,568
2026-06-10 16:13:48.742,2026-06-10 16:15:44.873,22.6613554,114.5003668,15.1,0.0,-1.51,164.9,0.0,18.9,0.0,6554.41,10.0,2.0,2.5,NR5G-SA,n79,-44,-44,-10,23,-24,8.7,C3228E001,568
2026-06-10 16:13:48.943,2026-06-10 16:15:45.073,22.6613554,114.5003668,15.1,0.0,-1.51,164.9,0.0,18.9,0.0,6554.41,10.0,2.0,2.5,NR5G-SA,n79,-44,-44,-10,23,-24,11.5,C3228E001,568
2026-06-10 16:13:49.143,2026-06-10 16:15:45.473,22.6613553,114.5003668,14.7,0.0,-1.52,164.6,0.0,18.4,0.0,6554.42,10.0,2.0,2.5,NR5G-SA,n79,-44,-44,-10,23,-24,7.9,C3228E001,568
2026-06-10 16:13:49.343,2026-06-10 16:15:45.673,22.6613553,114.5003669,14.3,0.0,-1.54,164.4,20.5,18.4,0.0,6554.43,10.0,2.0,2.5,NR5G-SA,n79,-44,-44,-10,23,-24,6.4,C3228E001,568
2026-06-10 16:13:49.543,2026-06-10 16:15:45.873,22.6613553,114.5003669,13.9,0.0,-1.53,164.3,20.5,18.4,0.0,6554.43,10.0,2.0,2.5,NR5G-SA,n79,-44,-44,-10,23,-24,5.8,C3228E001,568
2026-06-10 16:13:49.744,2026-06-10 16:15:45.873,22.6613553,114.5003670,13.6,0.0,-1.53,164.3,20.5,18.4,0.0,6554.44,10.0,2.0,2.5,NR5G-SA,n79,-44,-44,-10,23,-24,8.0,C3228E001,568
2026-06-10 16:13:49.944,2026-06-10 16:15:46.073,22.6613553,114.5003670,13.6,0.0,-1.53,164.3,20.5,18.4,0.0,6554.44,10.0,2.0,2.5,NR5G-SA,n79,-44,-44,-10,24,-24,15.4,C3228E001,568
2026-06-10 16:13:50.144,2026-06-10 16:15:46.473,22.6613553,114.5003670,13.2,0.0,-1.54,164.2,20.5,18.9,0.0,6554.44,10.0,2.0,2.5,NR5G-SA,n79,-44,-44,-10,24,-24,9.9,C3228E001,568
2026-06-10 16:13:50.345,2026-06-10 16:15:46.673,22.6613554,114.5003671,12.8,0.0,-1.51,164.1,40.0,18.9,0.0,6554.45,10.0,2.0,2.5,NR5G-SA,n79,-44,-44,-10,24,-24,5.5,C3228E001,568
2026-06-10 16:13:50.545,2026-06-10 16:15:46.873,22.6613555,114.5003671,12.4,0.0,-1.52,164.0,40.0,18.9,0.0,6554.46,10.0,2.0,2.5,NR5G-SA,n79,-44,-44,-10,24,-24,5.3,C3228E001,568
2026-06-10 16:13:50.745,2026-06-10 16:15:47.073,22.6613555,114.5003671,12.1,0.0,-1.51,163.9,40.0,18.9,0.0,6554.46,10.0,2.0,2.5,NR5G-SA,n79,-44,-44,-10,24,-24,6.9,C3228E001,568
2026-06-10 16:13:50.945,2026-06-10 16:15:47.073,22.6613555,114.5003671,12.1,0.0,-1.51,163.9,40.0,18.9,0.0,6554.46,10.0,2.0,2.5,NR5G-SA,n79,-44,-44,-10,24,-24,14.4,C3228E001,568
2026-06-10 16:13:51.146,2026-06-10 16:15:47.473,22.6613555,114.5003672,11.7,0.0,-1.51,163.9,40.0,19.9,0.0,6554.47,10.0,2.0,2.5,NR5G-SA,n79,-44,-44,-10,24,-24,10.2,C3228E001,568
2026-06-10 16:13:51.346,2026-06-10 16:15:47.673,22.6613555,114.5003672,11.3,0.0,-1.48,163.7,33.1,19.9,0.0,6554.47,10.0,2.0,2.5,NR5G-SA,n79,-44,-44,-10,24,-24,7.3,C3228E001,568
2026-06-10 16:13:51.546,2026-06-10 16:15:47.873,22.6613555,114.5003673,11.0,0.0,-1.31,163.7,33.1,19.9,0.1,6554.48,10.0,2.0,2.5,NR5G-SA,n79,-44,-44,-10,23,-24,4.3,C3228E001,568
2026-06-10 16:13:51.747,2026-06-10 16:15:47.873,22.6613555,114.5003674,10.7,0.0,-1.01,163.9,33.1,19.9,0.1,6554.49,10.0,2.0,2.5,NR5G-SA,n79,-44,-44,-10,23,-24,9.0,C3228E001,568
2026-06-10 16:13:51.947,2026-06-10 16:15:48.073,22.6613555,114.5003674,10.7,0.0,-1.01,163.9,33.1,19.9,0.1,6554.49,10.0,2.0,2.5,NR5G-SA,n79,-44,-44,-10,23,-24,14.4,C3228E001,568
2026-06-10 16:13:52.147,2026-06-10 16:15:48.473,22.6613555,114.5003673,10.5,0.0,-0.72,164.1,33.1,19.3,0.1,6554.50,10.0,2.0,2.5,NR5G-SA,n79,-44,-44,-10,22,-24,11.1,C3228E001,568
2026-06-10 16:13:52.347,2026-06-10 16:15:48.673,22.6613555,114.5003673,10.3,0.1,-0.48,164.4,29.6,19.3,0.1,6554.50,10.0,2.0,2.5,NR5G-SA,n79,-44,-44,-10,22,-24,6.4,C3228E001,568
2026-06-10 16:13:52.548,2026-06-10 16:15:48.873,22.6613554,114.5003671,10.3,0.1,-0.41,164.5,29.6,19.3,0.0,6554.53,10.0,2.0,2.5,NR5G-SA,n79,-44,-44,-10,22,-24,4.3,C3228E001,568
2026-06-10 16:13:52.748,2026-06-10 16:15:48.873,22.6613552,114.5003670,10.2,0.1,-0.44,164.6,29.6,19.3,0.0,6554.55,10.0,2.0,2.5,NR5G-SA,n79,-44,-44,-10,22,-24,9.3,C3228E001,568
2026-06-10 16:13:52.948,2026-06-10 16:15:49.073,22.6613552,114.5003670,10.2,0.1,-0.44,164.6,29.6,19.3,0.0,6554.55,10.0,2.0,2.5,NR5G-SA,n79,-44,-44,-10,22,-24,17.0,C3228E001,568
2026-06-10 16:13:53.149,2026-06-10 16:15:49.473,22.6613551,114.5003668,10.1,0.1,-0.50,164.7,29.6,20.0,0.0,6554.58,10.0,2.0,2.5,NR5G-SA,n79,-44,-44,-10,22,-24,10.9,C3228E001,568
2026-06-10 16:13:53.349,2026-06-10 16:15:49.673,22.6613550,114.5003666,9.9,0.1,-0.55,164.8,41.0,20.0,0.0,6554.60,10.0,2.0,2.5,NR5G-SA,n79,-44,-44,-10,22,-24,5.5,C3228E001,568
2026-06-10 16:13:53.549,2026-06-10 16:15:49.873,22.6613549,114.5003665,9.8,0.0,-0.58,165.0,41.0,20.0,0.1,6554.61,10.0,2.0,2.5,NR5G-SA,n79,-44,-44,-10,22,-24,5.3,C3228E001,568
2026-06-10 16:13:53.750,2026-06-10 16:15:49.873,22.6613549,114.5003665,9.6,0.0,-0.58,165.1,41.0,20.0,0.1,6554.61,10.0,2.0,2.5,NR5G-SA,n79,-44,-44,-10,22,-24,9.1,C3228E001,568
2026-06-10 16:13:53.950,2026-06-10 16:15:50.073,22.6613549,114.5003665,9.6,0.0,-0.58,165.1,41.0,20.0,0.1,6554.61,10.0,2.0,2.5,NR5G-SA,n79,-44,-44,-10,22,-24,15.2,C3228E001,568
2026-06-10 16:13:54.150,2026-06-10 16:15:50.473,22.6613550,114.5003665,9.5,0.0,-0.56,165.2,41.0,19.5,0.1,6554.63,10.0,2.0,2.5,NR5G-SA,n79,-44,-44,-10,22,-24,9.8,C3228E001,568
2026-06-10 16:13:54.351,2026-06-10 16:15:50.673,22.6613550,114.5003666,9.4,0.0,-0.53,165.3,41.0,19.5,0.0,6554.64,10.0,2.0,2.5,NR5G-SA,n79,-44,-44,-10,24,-24,7.0,C3228E001,568
2026-06-10 16:13:54.551,2026-06-10 16:15:50.873,22.6613550,114.5003666,9.2,0.0,-0.53,165.4,19.7,19.5,0.0,6554.64,10.0,2.0,2.5,NR5G-SA,n79,-44,-44,-10,24,-24,5.1,C3228E001,568
2026-06-10 16:13:54.751,2026-06-10 16:15:50.873,22.6613551,114.5003666,9.1,0.0,-0.50,165.4,19.7,19.5,0.0,6554.65,10.0,2.0,2.5,NR5G-SA,n79,-44,-44,-10,25,-24,9.4,C3228E001,568
2026-06-10 16:13:54.952,2026-06-10 16:15:51.073,22.6613551,114.5003666,9.1,0.0,-0.50,165.4,19.7,19.5,0.0,6554.65,10.0,2.0,2.5,NR5G-SA,n79,-44,-44,-10,25,-24,12.9,C3228E001,568
2026-06-10 16:13:55.152,2026-06-10 16:15:51.473,22.6613552,114.5003666,9.0,0.0,-0.50,165.4,19.7,19.5,0.0,6554.66,10.0,2.0,2.5,NR5G-SA,n79,-44,-44,-10,25,-24,10.1,C3228E001,568
2026-06-10 16:13:55.352,2026-06-10 16:15:51.673,22.6613552,114.5003667,8.9,0.0,-0.50,165.4,19.7,19.0,0.0,6554.67,10.0,2.0,2.5,NR5G-SA,n79,-44,-44,-10,25,-24,9.0,C3228E001,568
2026-06-10 16:13:55.553,2026-06-10 16:15:51.873,22.6613552,114.5003667,8.7,0.0,-0.51,165.3,0.0,19.0,0.0,6554.67,10.0,2.0,2.5,NR5G-SA,n79,-44,-44,-10,25,-24,4.9,C3228E001,568
2026-06-10 16:13:55.753,2026-06-10 16:15:51.873,22.6613553,114.5003666,8.6,0.0,-0.51,165.3,0.0,19.0,0.0,6554.68,10.0,2.0,2.5,NR5G-SA,n79,-44,-44,-10,25,-24,8.9,C3228E001,568
2026-06-10 16:13:55.953,2026-06-10 16:15:52.073,22.6613553,114.5003666,8.6,0.0,-0.51,165.3,0.0,19.0,0.0,6554.68,10.0,2.0,2.5,NR5G-SA,n79,-44,-44,-10,25,-24,15.4,C3228E001,568
2026-06-10 16:13:56.153,2026-06-10 16:15:52.473,22.6613553,114.5003666,8.5,0.0,-0.51,165.2,0.0,19.0,0.0,6554.68,10.0,2.0,2.5,NR5G-SA,n79,-44,-44,-10,25,-24,11.4,C3228E001,568
2026-06-10 16:13:56.354,2026-06-10 16:15:52.673,22.6613553,114.5003667,8.3,0.0,-0.50,165.3,0.0,19.5,0.0,6554.69,10.0,2.0,2.5,NR5G-SA,n79,-44,-44,-10,25,-24,8.1,C3228E001,568
2026-06-10 16:13:56.554,2026-06-10 16:15:52.873,22.6613553,114.5003667,8.2,0.0,-0.49,165.3,3.2,19.5,0.0,6554.69,10.0,2.0,2.5,NR5G-SA,n79,-44,-44,-10,25,-24,5.5,C3228E001,568
2026-06-10 16:13:56.754,2026-06-10 16:15:52.873,22.6613554,114.5003668,8.1,0.0,-0.49,165.3,3.2,19.5,0.0,6554.71,10.0,2.0,2.5,NR5G-SA,n79,-44,-44,-10,25,-24,9.9,C3228E001,568
2026-06-10 16:13:56.955,2026-06-10 16:15:53.073,22.6613554,114.5003668,8.1,0.0,-0.49,165.3,3.2,19.5,0.0,6554.71,10.0,2.0,2.5,NR5G-SA,n79,-44,-44,-10,26,-24,14.2,C3228E001,568
2026-06-10 16:13:57.155,2026-06-10 16:15:53.473,22.6613555,114.5003668,8.0,0.0,-0.49,165.3,3.2,19.5,0.0,6554.72,10.0,2.0,2.5,NR5G-SA,n79,-44,-44,-10,26,-24,11.0,C3228E001,568
2026-06-10 16:13:57.355,2026-06-10 16:15:53.673,22.6613555,114.5003668,7.8,0.0,-0.50,165.2,3.2,21.5,0.0,6554.72,10.0,2.0,2.5,NR5G-SA,n79,-44,-44,-10,26,-24,7.4,C3228E001,568
2026-06-10 16:13:57.556,2026-06-10 16:15:53.873,22.6613555,114.5003668,7.7,0.0,-0.51,165.2,0.0,21.5,0.0,6554.72,10.0,2.0,2.5,NR5G-SA,n79,-44,-44,-10,26,-24,4.9,C3228E001,568
2026-06-10 16:13:57.756,2026-06-10 16:15:54.073,22.6613554,114.5003668,7.6,0.0,-0.49,165.2,0.0,21.5,0.0,6554.73,10.0,2.0,2.5,NR5G-SA,n79,-44,-44,-10,26,-24,6.7,C3228E001,568
2026-06-10 16:13:57.956,2026-06-10 16:15:54.073,22.6613554,114.5003668,7.5,0.0,-0.50,165.3,0.0,21.5,0.0,6554.73,10.0,2.0,2.5,NR5G-SA,n79,-44,-44,-10,26,-24,12.0,C3228E001,568
2026-06-10 16:13:58.157,2026-06-10 16:15:54.473,22.6613554,114.5003668,7.5,0.0,-0.50,165.3,0.0,21.5,0.0,6554.73,10.0,2.0,2.5,NR5G-SA,n79,-44,-44,-10,26,-24,10.1,C3228E001,568
2026-06-10 16:13:58.357,2026-06-10 16:15:54.673,22.6613553,114.5003668,7.3,0.0,-0.49,165.4,0.0,22.0,0.0,6554.74,10.0,2.0,2.5,NR5G-SA,n79,-44,-44,-10,26,-24,6.2,C3228E001,568
2026-06-10 16:13:58.557,2026-06-10 16:15:54.873,22.6613553,114.5003668,7.2,0.0,-0.49,165.4,14.1,22.0,0.0,6554.74,10.0,2.0,2.5,NR5G-SA,n79,-44,-44,-10,26,-24,4.9,C3228E001,568
2026-06-10 16:13:58.758,2026-06-10 16:15:55.073,22.6613552,114.5003668,7.1,0.0,-0.50,165.5,14.1,22.0,0.0,6554.75,10.0,2.0,2.5,NR5G-SA,n79,-44,-44,-10,25,-24,5.4,C3228E001,568
2026-06-10 16:13:58.958,2026-06-10 16:15:55.073,22.6613552,114.5003668,7.0,0.0,-0.49,165.6,14.1,22.0,0.0,6554.75,10.0,2.0,2.5,NR5G-SA,n79,-44,-44,-10,25,-24,13.9,C3228E001,568
2026-06-10 16:13:59.158,2026-06-10 16:15:55.473,22.6613552,114.5003668,7.0,0.0,-0.49,165.6,14.1,22.0,0.0,6554.75,10.0,2.0,2.5,NR5G-SA,n79,-44,-44,-10,25,-24,12.1,C3228E001,568
2026-06-10 16:13:59.359,2026-06-10 16:15:55.673,22.6613552,114.5003668,6.8,0.0,-0.50,165.7,14.1,21.9,0.0,6554.75,10.0,2.0,2.5,NR5G-SA,n79,-44,-44,-10,26,-24,6.6,C3228E001,568
2026-06-10 16:13:59.559,2026-06-10 16:15:55.873,22.6613552,114.5003668,6.7,0.0,-0.49,165.6,43.5,21.9,0.0,6554.75,10.0,2.0,2.5,NR5G-SA,n79,-44,-44,-10,26,-24,4.8,C3228E001,568
2026-06-10 16:13:59.759,2026-06-10 16:15:55.873,22.6613552,114.5003668,6.6,0.0,-0.48,165.7,43.5,21.9,0.0,6554.75,10.0,2.0,2.5,NR5G-SA,n79,-44,-44,-10,26,-24,7.9,C3228E001,568
2026-06-10 16:13:59.959,2026-06-10 16:15:56.073,22.6613553,114.5003668,6.5,0.0,-0.48,165.7,43.5,21.9,0.0,6554.76,10.0,2.0,2.5,NR5G-SA,n79,-44,-44,-10,26,-24,13.4,C3228E001,568
2026-06-10 16:14:00.160,2026-06-10 16:15:56.473,22.6613553,114.5003668,6.5,0.0,-0.48,165.7,43.5,21.9,0.0,6554.76,10.0,2.0,2.5,NR5G-SA,n79,-44,-44,-10,26,-24,9.2,C3228E001,568
2026-06-10 16:14:00.360,2026-06-10 16:15:56.673,22.6613553,114.5003669,6.3,0.0,-0.48,165.7,43.5,22.8,0.0,6554.77,10.0,2.0,2.5,NR5G-SA,n79,-44,-44,-10,25,-24,4.8,C3228E001,568
2026-06-10 16:14:00.560,2026-06-10 16:15:56.873,22.6613554,114.5003669,6.2,0.0,-0.47,165.7,27.2,22.8,0.0,6554.79,10.0,2.0,2.5,NR5G-SA,n79,-44,-44,-10,25,-24,4.0,C3228E001,568
2026-06-10 16:14:00.761,2026-06-10 16:15:56.873,22.6613554,114.5003668,6.1,0.0,-0.48,165.6,27.2,22.8,0.0,6554.80,10.0,2.0,2.5,NR5G-SA,n79,-44,-44,-10,25,-24,6.1,C3228E001,568
2026-06-10 16:14:00.961,2026-06-10 16:15:57.073,22.6613554,114.5003668,5.9,0.0,-0.48,165.6,27.2,22.8,0.0,6554.80,10.0,2.0,2.5,NR5G-SA,n79,-44,-44,-10,24,-24,11.7,C3228E001,568
2026-06-10 16:14:01.161,2026-06-10 16:15:57.473,22.6613554,114.5003668,5.9,0.0,-0.48,165.6,27.2,22.8,0.0,6554.80,10.0,2.0,2.5,NR5G-SA,n79,-44,-44,-10,24,-24,7.0,C3228E001,568
2026-06-10 16:14:01.361,2026-06-10 16:15:57.673,22.6613555,114.5003668,5.8,0.0,-0.48,165.5,27.2,22.2,0.0,6554.81,10.0,2.0,2.5,NR5G-SA,n79,-44,-44,-10,24,-24,8.4,C3228E001,568
2026-06-10 16:14:01.562,2026-06-10 16:15:57.873,22.6613555,114.5003669,5.7,0.0,-0.47,165.5,36.5,22.2,0.0,6554.82,10.0,2.0,2.5,NR5G-SA,n79,-44,-44,-10,23,-24,4.5,C3228E001,568
2026-06-10 16:14:01.762,2026-06-10 16:15:58.073,22.6613556,114.5003669,5.6,0.0,-0.47,165.5,36.5,22.2,0.0,6554.83,10.0,2.0,2.5,NR5G-SA,n79,-44,-44,-10,23,-24,5.7,C3228E001,568
2026-06-10 16:14:01.962,2026-06-10 16:15:58.073,22.6613556,114.5003669,5.4,0.0,-0.47,165.5,36.5,22.2,0.0,6554.83,10.0,2.0,2.5,NR5G-SA,n79,-44,-44,-10,20,-24,12.6,C3228E001,568
2026-06-10 16:14:02.162,2026-06-10 16:15:58.473,22.6613556,114.5003669,5.4,0.0,-0.47,165.5,36.5,22.2,0.0,6554.83,10.0,2.0,2.5,NR5G-SA,n79,-44,-44,-10,20,-24,10.6,C3228E001,568
2026-06-10 16:14:02.363,2026-06-10 16:15:58.673,22.6613556,114.5003669,5.3,0.0,-0.48,165.5,36.5,21.0,0.0,6554.83,10.0,2.0,2.5,NR5G-SA,n79,-44,-44,-10,20,-24,7.3,C3228E001,568
2026-06-10 16:14:02.563,2026-06-10 16:15:58.873,22.6613556,114.5003669,5.2,0.0,-0.48,165.5,36.6,21.0,0.0,6554.83,10.0,2.0,2.5,NR5G-SA,n79,-44,-44,-10,20,-24,5.6,C3228E001,568
2026-06-10 16:14:02.763,2026-06-10 16:15:58.873,22.6613556,114.5003669,5.1,0.0,-0.48,165.5,36.6,21.0,0.0,6554.83,10.0,2.0,2.5,NR5G-SA,n79,-44,-44,-10,20,-24,7.4,C3228E001,568
2026-06-10 16:14:02.963,2026-06-10 16:15:59.073,22.6613556,114.5003669,4.9,0.0,-0.49,165.6,36.6,21.0,0.0,6554.83,10.0,2.0,2.5,NR5G-SA,n79,-44,-44,-10,20,-24,13.0,C3228E001,568
2026-06-10 16:14:03.164,2026-06-10 16:15:59.473,22.6613556,114.5003669,4.9,0.0,-0.49,165.6,36.6,21.0,0.0,6554.83,10.0,2.0,2.5,NR5G-SA,n79,-44,-44,-10,18,-24,10.3,C3228E001,568
2026-06-10 16:14:03.364,2026-06-10 16:15:59.673,22.6613555,114.5003669,4.8,0.0,-0.49,165.6,36.6,21.0,0.0,6554.84,10.0,2.0,2.5,NR5G-SA,n79,-44,-44,-10,18,-24,6.7,C3228E001,568
2026-06-10 16:14:03.564,2026-06-10 16:15:59.873,22.6613555,114.5003669,4.7,0.0,-0.48,165.7,26.5,19.8,0.0,6554.84,10.0,2.0,2.5,NR5G-SA,n79,-44,-44,-10,18,-24,4.7,C3228E001,568
2026-06-10 16:14:03.765,2026-06-10 16:16:00.073,22.6613555,114.5003669,4.6,0.0,-0.48,165.7,26.5,19.8,0.0,6554.84,10.0,2.0,2.5,NR5G-SA,n79,-44,-44,-10,17,-24,5.0,C3228E001,568
2026-06-10 16:14:03.965,2026-06-10 16:16:00.073,22.6613555,114.5003669,4.5,0.0,-0.48,165.8,26.5,19.8,0.0,6554.84,10.0,2.0,2.5,NR5G-SA,n79,-44,-44,-10,17,-24,12.9,C3228E001,568
2026-06-10 16:14:04.165,2026-06-10 16:16:00.473,22.6613555,114.5003669,4.5,0.0,-0.48,165.8,26.5,19.8,0.0,6554.84,10.0,2.0,2.5,NR5G-SA,n79,-44,-44,-10,16,-24,11.0,C3228E001,568
2026-06-10 16:14:04.366,2026-06-10 16:16:00.673,22.6613555,114.5003669,4.3,0.0,-0.48,165.8,26.5,19.8,0.0,6554.84,10.0,2.0,2.5,NR5G-SA,n79,-44,-44,-10,16,-24,6.9,C3228E001,568
2026-06-10 16:14:04.566,2026-06-10 16:16:00.873,22.6613555,114.5003669,4.2,0.0,-0.49,165.9,44.2,20.9,0.0,6554.84,10.0,2.0,2.5,NR5G-SA,n79,-44,-44,-10,16,-24,4.8,C3228E001,568
2026-06-10 16:14:04.766,2026-06-10 16:16:01.073,22.6613555,114.5003668,4.1,0.0,-0.49,166.0,44.2,20.9,0.0,6554.85,10.0,2.0,2.5,NR5G-SA,n79,-44,-44,-10,15,-24,6.2,C3228E001,568
2026-06-10 16:14:04.967,2026-06-10 16:16:01.073,22.6613555,114.5003668,4.0,0.0,-0.48,166.1,44.2,20.9,0.0,6554.85,10.0,2.0,2.5,NR5G-SA,n79,-44,-44,-10,15,-24,12.9,C3228E001,568
2026-06-10 16:14:05.167,2026-06-10 16:16:01.473,22.6613555,114.5003668,4.0,0.0,-0.48,166.1,44.2,20.9,0.0,6554.85,10.0,2.0,2.5,NR5G-SA,n79,-44,-44,-10,15,-24,11.6,C3228E001,568
2026-06-10 16:14:05.367,2026-06-10 16:16:01.673,22.6613555,114.5003668,3.8,0.0,-0.49,166.2,44.2,20.9,0.0,6554.85,10.0,2.0,2.5,NR5G-SA,n79,-44,-44,-10,15,-24,7.0,C3228E001,568
2026-06-10 16:14:05.567,2026-06-10 16:16:01.873,22.6613555,114.5003668,3.7,0.0,-0.48,166.3,12.9,21.2,0.0,6554.85,10.0,2.0,2.5,NR5G-SA,n79,-44,-44,-10,15,-24,4.2,C3228E001,568
2026-06-10 16:14:05.768,2026-06-10 16:16:02.073,22.6613555,114.5003667,3.6,0.0,-0.48,166.3,12.9,21.2,0.0,6554.86,10.0,2.0,2.5,NR5G-SA,n79,-44,-44,-10,15,-24,6.4,C3228E001,568
2026-06-10 16:14:05.968,2026-06-10 16:16:02.073,22.6613555,114.5003667,3.5,0.0,-0.48,166.4,12.9,21.2,0.0,6554.86,10.0,2.0,2.5,NR5G-SA,n79,-44,-44,-10,14,-24,13.1,C3228E001,568
2026-06-10 16:14:06.168,2026-06-10 16:16:02.473,22.6613555,114.5003667,3.5,0.0,-0.48,166.4,12.9,21.2,0.0,6554.86,10.0,2.0,2.5,NR5G-SA,n79,-44,-44,-10,14,-24,10.4,C3228E001,568
2026-06-10 16:14:06.368,2026-06-10 16:16:02.673,22.6613555,114.5003666,3.3,0.0,-0.49,166.4,12.9,21.2,0.0,6554.87,10.0,2.0,2.5,NR5G-SA,n79,-94,-94,-10,15,-74,9.2,C3228E001,568
2026-06-10 16:14:06.569,2026-06-10 16:16:02.873,22.6613555,114.5003666,3.2,0.0,-0.49,166.4,0.0,21.6,0.0,6554.87,10.0,2.0,2.5,NR5G-SA,n79,-94,-94,-10,15,-74,5.1,C3228E001,568
2026-06-10 16:14:06.769,2026-06-10 16:16:02.873,22.6613554,114.5003665,3.1,0.0,-0.49,166.3,0.0,21.6,0.0,6554.89,10.0,2.0,2.5,NR5G-SA,n79,-94,-94,-10,15,-74,9.1,C3228E001,568
2026-06-10 16:14:06.969,2026-06-10 16:16:03.073,22.6613554,114.5003665,3.0,0.0,-0.49,166.2,0.0,21.6,0.0,6554.89,10.0,2.0,2.5,NR5G-SA,n79,-98,-98,-10,14,-78,11.7,C3228E001,568
2026-06-10 16:14:07.170,2026-06-10 16:16:03.473,22.6613554,114.5003665,3.0,0.0,-0.49,166.2,0.0,21.6,0.0,6554.89,10.0,2.0,2.5,NR5G-SA,n79,-98,-98,-10,14,-78,10.8,C3228E001,568
2026-06-10 16:14:07.370,2026-06-10 16:16:03.673,22.6613554,114.5003665,2.8,0.0,-0.50,166.1,0.0,21.6,0.0,6554.89,10.0,2.0,2.5,NR5G-SA,n79,-98,-98,-10,14,-78,10.5,C3228E001,568
2026-06-10 16:14:07.570,2026-06-10 16:16:03.873,22.6613554,114.5003665,2.7,0.0,-0.49,166.0,4.6,22.2,0.0,6554.89,10.0,2.0,2.5,NR5G-SA,n79,-99,-99,-10,13,-79,6.5,C3228E001,568
2026-06-10 16:14:07.770,2026-06-10 16:16:04.073,22.6613554,114.5003665,2.6,0.0,-0.49,165.9,4.6,22.2,0.0,6554.89,10.0,2.0,2.5,NR5G-SA,n79,-99,-99,-10,13,-79,7.9,C3228E001,568
2026-06-10 16:14:07.971,2026-06-10 16:16:04.073,22.6613554,114.5003666,2.5,0.0,-0.50,165.8,4.6,22.2,0.0,6554.90,10.0,2.0,2.5,NR5G-SA,n79,-99,-99,-10,13,-79,13.5,C3228E001,568
2026-06-10 16:14:08.171,2026-06-10 16:16:04.473,22.6613554,114.5003666,2.5,0.0,-0.50,165.8,4.6,22.2,0.0,6554.90,10.0,2.0,2.5,NR5G-SA,n79,-98,-98,-10,13,-78,9.5,C3228E001,568
2026-06-10 16:14:08.371,2026-06-10 16:16:04.673,22.6613554,114.5003666,2.3,0.0,-0.48,165.8,4.6,22.2,0.0,6554.90,10.0,2.0,2.5,NR5G-SA,n79,-98,-98,-10,13,-78,7.0,C3228E001,568
2026-06-10 16:14:08.572,2026-06-10 16:16:04.873,22.6613554,114.5003666,2.2,0.0,-0.48,165.7,0.0,22.7,0.0,6554.90,10.0,2.0,2.5,NR5G-SA,n79,-98,-98,-10,13,-78,6.2,C3228E001,568
2026-06-10 16:14:08.772,2026-06-10 16:16:05.073,22.6613554,114.5003666,2.1,0.0,-0.49,165.7,0.0,22.7,0.0,6554.90,10.0,2.0,2.5,NR5G-SA,n79,-98,-98,-10,13,-78,6.5,C3228E001,568
2026-06-10 16:14:08.972,2026-06-10 16:16:05.073,22.6613553,114.5003666,2.0,0.0,-0.48,165.6,0.0,22.7,0.0,6554.91,10.0,2.0,2.5,NR5G-SA,n79,-98,-98,-10,13,-78,12.1,C3228E001,568
2026-06-10 16:14:09.173,2026-06-10 16:16:05.473,22.6613553,114.5003666,2.0,0.0,-0.48,165.6,0.0,22.7,0.0,6554.91,10.0,2.0,2.5,NR5G-SA,n79,-99,-99,-10,13,-79,9.9,C3228E001,568
2026-06-10 16:14:09.373,2026-06-10 16:16:05.673,22.6613552,114.5003666,1.8,0.0,-0.50,165.6,0.0,22.7,0.0,6554.92,10.0,2.0,2.5,NR5G-SA,n79,-99,-99,-10,13,-79,8.8,C3228E001,568
2026-06-10 16:14:09.573,2026-06-10 16:16:05.873,22.6613552,114.5003666,1.7,0.0,-0.51,165.5,21.5,24.8,0.0,6554.92,10.0,2.0,2.5,NR5G-SA,n79,-99,-99,-10,13,-79,6.2,C3228E001,568
2026-06-10 16:14:09.774,2026-06-10 16:16:06.073,22.6613552,114.5003666,1.6,0.0,-0.51,165.5,21.5,24.8,0.0,6554.92,10.0,2.0,2.5,NR5G-SA,n79,-104,-104,-11,12,-84,5.5,C3228E001,568
2026-06-10 16:14:09.974,2026-06-10 16:16:06.073,22.6613552,114.5003666,1.5,0.0,-0.51,165.4,21.5,24.8,0.0,6554.92,10.0,2.0,2.5,NR5G-SA,n79,-104,-104,-11,12,-84,12.0,C3228E001,568
2026-06-10 16:14:10.174,2026-06-10 16:16:06.473,22.6613552,114.5003666,1.5,0.0,-0.51,165.4,21.5,24.8,0.0,6554.92,10.0,2.0,2.5,NR5G-SA,n79,-104,-104,-11,12,-84,12.1,C3228E001,568
2026-06-10 16:14:10.375,2026-06-10 16:16:06.673,22.6613552,114.5003666,1.3,0.0,-0.49,165.4,21.5,24.8,0.0,6554.92,10.0,2.0,2.5,NR5G-SA,n79,-101,-101,-11,13,-81,7.5,C3228E001,568
2026-06-10 16:14:10.575,2026-06-10 16:16:06.873,22.6613552,114.5003666,1.2,0.0,-0.48,165.4,39.6,24.8,0.0,6554.92,10.0,2.0,2.5,NR5G-SA,n79,-101,-101,-11,13,-81,6.9,C3228E001,568
2026-06-10 16:14:10.775,2026-06-10 16:16:07.073,22.6613552,114.5003666,1.1,0.0,-0.49,165.4,39.6,24.8,0.0,6554.92,10.0,2.0,2.5,NR5G-SA,n79,-101,-101,-11,13,-81,4.4,C3228E001,568
2026-06-10 16:14:10.976,2026-06-10 16:16:07.473,22.6613553,114.5003666,1.0,0.0,-0.48,165.4,39.6,24.8,0.0,6554.93,10.0,2.0,2.5,NR5G-SA,n79,-97,-97,-10,14,-77,7.1,C3228E001,568
2026-06-10 16:14:11.176,2026-06-10 16:16:07.473,22.6613553,114.5003666,1.0,0.0,-0.48,165.4,39.6,24.8,0.0,6554.93,10.0,2.0,2.5,NR5G-SA,n79,-97,-97,-10,14,-77,11.4,C3228E001,568
2026-06-10 16:14:11.377,2026-06-10 16:16:07.673,22.6613554,114.5003666,0.8,0.0,-0.49,165.5,39.6,24.8,0.0,6554.94,10.0,2.0,2.5,NR5G-SA,n79,-99,-99,-11,16,-79,6.5,C3228E001,568
2026-06-10 16:14:11.577,2026-06-10 16:16:07.873,22.6613554,114.5003666,0.7,0.0,-0.49,165.5,32.2,24.8,0.0,6554.94,10.0,2.0,2.5,NR5G-SA,n79,-99,-99,-11,16,-79,6.7,C3228E001,568
2026-06-10 16:14:11.777,2026-06-10 16:16:08.073,22.6613554,114.5003666,0.6,0.0,-0.49,165.5,32.2,25.5,0.0,6554.94,10.0,2.0,2.5,NR5G-SA,n79,-99,-99,-11,16,-79,7.1,C3228E001,568
2026-06-10 16:14:11.977,2026-06-10 16:16:08.073,22.6613554,114.5003667,0.5,0.0,-0.49,165.6,32.2,25.5,0.0,6554.95,10.0,2.0,2.5,NR5G-SA,n79,-97,-97,-10,15,-77,11.9,C3228E001,568
2026-06-10 16:14:12.178,2026-06-10 16:16:08.473,22.6613554,114.5003667,0.5,0.0,-0.49,165.6,32.2,25.5,0.0,6554.95,10.0,2.0,2.5,NR5G-SA,n79,-97,-97,-10,15,-77,11.2,C3228E001,568
2026-06-10 16:14:12.378,2026-06-10 16:16:08.673,22.6613554,114.5003667,0.3,0.0,-0.49,165.6,32.2,25.5,0.0,6554.95,10.0,2.0,2.5,NR5G-SA,n79,-97,-97,-10,15,-77,7.2,C3228E001,568
2026-06-10 16:14:12.578,2026-06-10 16:16:08.873,22.6613554,114.5003668,0.2,0.0,-0.46,165.6,31.8,25.5,0.0,6554.96,10.0,2.0,2.5,NR5G-SA,n79,-100,-100,-11,15,-80,5.7,C3228E001,568
2026-06-10 16:14:12.778,2026-06-10 16:16:09.073,22.6613554,114.5003667,0.1,0.0,-0.45,165.8,31.8,25.9,0.0,6554.97,10.0,2.0,2.5,NR5G-SA,n79,-100,-100,-11,15,-80,6.8,C3228E001,568
2026-06-10 16:14:12.979,2026-06-10 16:16:09.073,22.6613554,114.5003669,0.1,0.1,-0.02,165.7,31.8,25.9,0.0,6554.99,10.0,2.0,2.5,NR5G-SA,n79,-100,-100,-11,15,-80,11.9,C3228E001,568
2026-06-10 16:14:13.179,2026-06-10 16:16:09.473,22.6613554,114.5003669,0.1,0.1,-0.02,165.7,31.8,25.9,0.0,6554.99,10.0,2.0,2.5,NR5G-SA,n79,-102,-102,-11,15,-82,13.0,C3228E001,568
2026-06-10 16:14:13.379,2026-06-10 16:16:09.673,22.6613554,114.5003672,0.1,0.1,-0.03,166.3,31.8,25.9,0.0,6555.02,10.0,2.0,2.5,NR5G-SA,n79,-102,-102,-11,15,-82,6.8,C3228E001,568
2026-06-10 16:14:13.580,2026-06-10 16:16:09.873,22.6613554,114.5003674,0.1,0.0,0.02,166.6,41.0,25.9,0.1,6555.04,10.0,2.0,2.5,NR5G-SA,n79,-102,-102,-11,15,-82,5.7,C3228E001,568
2026-06-10 16:14:13.780,2026-06-10 16:16:10.073,22.6613554,114.5003674,0.1,0.0,0.03,166.5,41.0,26.9,0.1,6555.04,10.0,2.0,2.5,NR5G-SA,n79,-102,-102,-11,15,-82,5.2,C3228E001,568
2026-06-10 16:14:13.981,2026-06-10 16:16:10.073,22.6613554,114.5003674,0.1,0.0,0.03,166.4,41.0,26.9,0.1,6555.04,10.0,2.0,2.5,NR5G-SA,n79,-102,-102,-11,15,-82,10.1,C3228E001,568
2026-06-10 16:14:14.181,2026-06-10 16:16:10.473,22.6613554,114.5003674,0.1,0.0,0.03,166.4,41.0,26.9,0.1,6555.04,10.0,2.0,2.5,NR5G-SA,n79,-102,-102,-10,15,-82,11.2,C3228E001,568
2026-06-10 16:14:14.381,2026-06-10 16:16:10.673,22.6613554,114.5003673,0.1,0.0,0.03,166.4,41.0,26.9,0.1,6555.05,10.0,2.0,2.5,NR5G-SA,n79,-102,-102,-10,15,-82,8.0,C3228E001,568
2026-06-10 16:14:14.582,2026-06-10 16:16:10.873,22.6613554,114.5003673,0.2,0.0,0.03,166.5,20.1,26.9,0.1,6555.05,10.0,2.0,2.5,NR5G-SA,n79,-102,-102,-10,15,-82,5.8,C3228E001,568
2026-06-10 16:14:14.782,2026-06-10 16:16:11.073,22.6613554,114.5003673,0.2,0.0,0.03,166.5,20.1,24.9,0.1,6555.05,10.0,2.0,2.5,NR5G-SA,n79,-104,-104,-11,14,-84,6.3,C3228E001,568
2026-06-10 16:14:14.982,2026-06-10 16:16:11.073,22.6613554,114.5003673,0.2,0.0,0.03,166.5,20.1,24.9,0.1,6555.05,10.0,2.0,2.5,NR5G-SA,n79,-104,-104,-11,14,-84,11.8,C3228E001,568
2026-06-10 16:14:15.183,2026-06-10 16:16:11.473,22.6613554,114.5003673,0.2,0.0,0.03,166.5,20.1,24.9,0.1,6555.05,10.0,2.0,2.5,NR5G-SA,n79,-104,-104,-11,14,-84,8.4,C3228E001,568
2026-06-10 16:14:15.383,2026-06-10 16:16:11.673,22.6613554,114.5003673,0.2,0.0,0.03,166.5,20.1,24.9,0.1,6555.05,10.0,2.0,2.5,NR5G-SA,n79,-102,-102,-11,14,-82,6.6,C3228E001,568
