Timestamp,GPS_Time,Latitude,Longitude,Altitude(m),Speed(m/s),Climb(m/s),Heading(deg),Loss_Rate(%),Avg_Ping(ms),Dist_to_Arm_Pt(m),Flight_Dist(m),WP_Speed(m/s),WP_Radius(m),WP_Accel(m/s2),Network,Band,Signal_dBm,RSRP,RSRQ,SNR,RSSI,Jitter(ms)
2026-05-28 10:52:44.014,2026-05-28 11:07:30.166,22.6613590,114.5003403,-0.2,0.0,-0.00,168.3,31.3,24.2,0.0,0.01,10.0,2.0,2.5,NR5G-SA,n79,-101,-101,-10,17,-999,10.0
2026-05-28 10:52:44.214,2026-05-28 11:07:30.566,22.6613590,114.5003403,-0.2,0.0,-0.00,168.3,31.3,26.1,0.0,0.01,10.0,2.0,2.5,NR5G-SA,n79,-100,-100,-10,16,-999,13.2
2026-05-28 10:52:44.415,2026-05-28 11:07:30.766,22.6613590,114.5003403,0.0,0.0,-0.00,168.3,51.3,26.1,0.0,0.01,10.0,2.0,2.5,NR5G-SA,n79,-100,-100,-10,16,-999,8.1
2026-05-28 10:52:44.615,2026-05-28 11:07:30.966,22.6613590,114.5003403,0.0,0.0,-0.00,168.3,51.3,26.1,0.0,0.01,10.0,2.0,2.5,NR5G-SA,n79,-100,-100,-10,16,-999,5.5
2026-05-28 10:52:44.816,2026-05-28 11:07:31.166,22.6613590,114.5003404,0.0,0.0,0.00,168.3,51.3,26.1,0.0,0.02,10.0,2.0,2.5,NR5G-SA,n79,-100,-100,-10,16,-999,6.2
2026-05-28 10:52:45.016,2026-05-28 11:07:31.166,22.6613590,114.5003404,0.0,0.0,0.00,168.3,51.3,26.1,0.0,0.02,10.0,2.0,2.5,NR5G-SA,n79,-100,-100,-10,16,-999,8.1
2026-05-28 10:52:45.216,2026-05-28 11:07:31.566,22.6613590,114.5003404,0.0,0.0,0.00,168.3,51.3,26.9,0.0,0.02,10.0,2.0,2.5,NR5G-SA,n79,-99,-99,-10,16,-999,12.3
2026-05-28 10:52:45.417,2026-05-28 11:07:31.766,22.6613590,114.5003404,0.0,0.0,0.00,168.3,39.7,26.9,0.0,0.02,10.0,2.0,2.5,NR5G-SA,n79,-99,-99,-10,16,-999,9.7
2026-05-28 10:52:45.617,2026-05-28 11:07:31.966,22.6613591,114.5003404,0.0,0.0,0.00,168.3,39.7,26.9,0.0,0.03,10.0,2.0,2.5,NR5G-SA,n79,-99,-99,-10,16,-999,6.1
2026-05-28 10:52:45.818,2026-05-28 11:07:32.166,22.6613591,114.5003404,0.0,0.0,0.00,168.3,39.7,26.9,0.0,0.03,10.0,2.0,2.5,NR5G-SA,n79,-100,-100,-10,17,-999,6.6
2026-05-28 10:52:46.018,2026-05-28 11:07:32.166,22.6613591,114.5003404,0.0,0.0,0.00,168.3,39.7,26.9,0.0,0.03,10.0,2.0,2.5,NR5G-SA,n79,-100,-100,-10,17,-999,10.4
2026-05-28 10:52:46.218,2026-05-28 11:07:32.566,22.6613591,114.5003404,0.0,0.0,0.00,168.3,39.7,26.9,0.0,0.03,10.0,2.0,2.5,NR5G-SA,n79,-100,-100,-10,17,-999,11.8
2026-05-28 10:52:46.418,2026-05-28 11:07:32.766,22.6613591,114.5003404,0.0,0.0,0.00,168.2,36.6,25.7,0.0,0.03,10.0,2.0,2.5,NR5G-SA,n79,-100,-100,-10,17,-999,8.5
2026-05-28 10:52:46.619,2026-05-28 11:07:32.966,22.6613591,114.5003404,0.0,0.0,0.00,168.3,36.6,25.7,0.0,0.03,10.0,2.0,2.5,NR5G-SA,n79,-100,-100,-10,17,-999,6.6
2026-05-28 10:52:46.819,2026-05-28 11:07:32.966,22.6613591,114.5003404,0.0,0.0,0.00,168.3,36.6,25.7,0.0,0.03,10.0,2.0,2.5,NR5G-SA,n79,-100,-100,-11,17,-999,7.7
2026-05-28 10:52:47.020,2026-05-28 11:07:33.166,22.6613592,114.5003404,0.0,0.0,0.00,168.2,36.6,25.7,0.0,0.04,10.0,2.0,2.5,NR5G-SA,n79,-100,-100,-11,17,-999,12.4
2026-05-28 10:52:47.220,2026-05-28 11:07:33.566,22.6613592,114.5003404,0.0,0.0,0.00,168.2,36.6,25.7,0.0,0.04,10.0,2.0,2.5,NR5G-SA,n79,-100,-100,-11,17,-999,8.7
2026-05-28 10:52:47.421,2026-05-28 11:07:33.766,22.6613592,114.5003405,0.0,0.0,0.00,168.3,36.6,25.0,0.0,0.05,10.0,2.0,2.5,NR5G-SA,n79,-100,-100,-11,17,-999,8.3
2026-05-28 10:52:47.621,2026-05-28 11:07:33.966,22.6613592,114.5003405,0.0,0.0,0.00,168.2,30.6,25.0,0.0,0.05,10.0,2.0,2.5,NR5G-SA,n79,-100,-100,-11,17,-999,5.5
2026-05-28 10:52:47.821,2026-05-28 11:07:34.166,22.6613593,114.5003405,0.0,0.0,0.00,168.3,30.6,25.0,0.0,0.07,10.0,2.0,2.5,NR5G-SA,n79,-100,-100,-11,17,-999,6.5
2026-05-28 10:52:48.022,2026-05-28 11:07:34.166,22.6613593,114.5003405,0.0,0.0,0.00,168.2,30.6,25.0,0.0,0.07,10.0,2.0,2.5,NR5G-SA,n79,-100,-100,-11,17,-999,12.9
2026-05-28 10:52:48.222,2026-05-28 11:07:34.566,22.6613593,114.5003405,0.0,0.0,0.00,168.2,30.6,25.0,0.0,0.07,10.0,2.0,2.5,NR5G-SA,n79,-100,-100,-11,17,-999,9.2
2026-05-28 10:52:48.422,2026-05-28 11:07:34.766,22.6613593,114.5003406,0.0,0.0,0.00,168.2,30.6,25.3,0.1,0.08,10.0,2.0,2.5,NR5G-SA,n79,-100,-100,-11,17,-999,6.8
2026-05-28 10:52:48.623,2026-05-28 11:07:34.966,22.6613593,114.5003405,0.0,0.0,0.00,168.3,43.6,25.3,0.0,0.09,10.0,2.0,2.5,NR5G-SA,n79,-100,-100,-11,17,-999,5.9
2026-05-28 10:52:48.823,2026-05-28 11:07:35.166,22.6613593,114.5003405,0.0,0.0,0.00,168.2,43.6,25.3,0.0,0.09,10.0,2.0,2.5,NR5G-SA,n79,-100,-100,-11,17,-999,6.7
2026-05-28 10:52:49.023,2026-05-28 11:07:35.166,22.6613593,114.5003405,0.0,0.0,0.01,168.3,43.6,25.3,0.0,0.09,10.0,2.0,2.5,NR5G-SA,n79,-100,-100,-11,17,-999,10.7
2026-05-28 10:52:49.224,2026-05-28 11:07:35.566,22.6613593,114.5003405,0.0,0.0,0.01,168.3,43.6,25.3,0.0,0.09,10.0,2.0,2.5,NR5G-SA,n79,-100,-100,-10,17,-999,10.0
2026-05-28 10:52:49.424,2026-05-28 11:07:35.766,22.6613593,114.5003405,0.0,0.0,0.01,168.3,43.6,29.6,0.0,0.09,10.0,2.0,2.5,NR5G-SA,n79,-100,-100,-10,17,-999,10.5
2026-05-28 10:52:49.625,2026-05-28 11:07:35.966,22.6613593,114.5003406,0.0,0.0,0.01,168.2,30.8,29.6,0.1,0.10,10.0,2.0,2.5,NR5G-SA,n79,-100,-100,-10,18,-999,7.2
2026-05-28 10:52:49.825,2026-05-28 11:07:36.166,22.6613593,114.5003406,0.0,0.0,0.01,168.3,30.8,29.6,0.1,0.10,10.0,2.0,2.5,NR5G-SA,n79,-100,-100,-10,18,-999,5.4
2026-05-28 10:52:50.025,2026-05-28 11:07:36.166,22.6613594,114.5003406,0.0,0.0,0.01,168.2,30.8,29.6,0.1,0.11,10.0,2.0,2.5,NR5G-SA,n79,-100,-100,-10,18,-999,7.9
2026-05-28 10:52:50.226,2026-05-28 11:07:36.566,22.6613594,114.5003406,0.0,0.0,0.01,168.2,30.8,29.6,0.1,0.11,10.0,2.0,2.5,NR5G-SA,n79,-100,-100,-10,17,-999,13.5
2026-05-28 10:52:50.426,2026-05-28 11:07:36.766,22.6613594,114.5003406,0.0,0.0,0.01,168.2,30.8,30.5,0.1,0.11,10.0,2.0,2.5,NR5G-SA,n79,-100,-100,-10,17,-999,7.3
2026-05-28 10:52:50.627,2026-05-28 11:07:36.966,22.6613594,114.5003406,0.0,0.0,0.01,168.3,37.6,30.5,0.1,0.11,10.0,2.0,2.5,NR5G-SA,n79,-100,-100,-10,17,-999,7.0
2026-05-28 10:52:50.827,2026-05-28 11:07:37.166,22.6613594,114.5003407,0.0,0.0,0.02,168.2,37.6,30.5,0.1,0.12,10.0,2.0,2.5,NR5G-SA,n79,-101,-101,-11,17,-999,5.2
2026-05-28 10:52:51.027,2026-05-28 11:07:37.166,22.6613594,114.5003407,0.0,0.0,0.00,168.2,37.6,30.5,0.1,0.12,10.0,2.0,2.5,NR5G-SA,n79,-101,-101,-11,17,-999,8.5
2026-05-28 10:52:51.227,2026-05-28 11:07:37.566,22.6613594,114.5003407,0.0,0.0,0.00,168.2,37.6,30.5,0.1,0.12,10.0,2.0,2.5,NR5G-SA,n79,-101,-101,-11,17,-999,11.7
2026-05-28 10:52:51.428,2026-05-28 11:07:37.766,22.6613595,114.5003407,0.1,0.1,0.18,168.4,37.6,31.1,0.1,0.13,10.0,2.0,2.5,NR5G-SA,n79,-101,-101,-10,17,-999,9.6
2026-05-28 10:52:51.628,2026-05-28 11:07:37.966,22.6613598,114.5003407,0.1,0.1,0.45,168.8,33.5,31.1,0.1,0.16,10.0,2.0,2.5,NR5G-SA,n79,-101,-101,-10,17,-999,6.9
2026-05-28 10:52:51.828,2026-05-28 11:07:38.166,22.6613602,114.5003406,0.3,0.1,0.63,169.3,33.5,31.1,0.1,0.21,10.0,2.0,2.5,NR5G-SA,n79,-102,-102,-11,14,-999,6.5
2026-05-28 10:52:52.029,2026-05-28 11:07:38.166,22.6613605,114.5003406,0.5,0.1,0.86,169.6,33.5,31.1,0.2,0.24,10.0,2.0,2.5,NR5G-SA,n79,-102,-102,-11,14,-999,9.3
2026-05-28 10:52:52.229,2026-05-28 11:07:38.566,22.6613605,114.5003406,0.5,0.1,0.86,169.6,33.5,31.1,0.2,0.24,10.0,2.0,2.5,NR5G-SA,n79,-102,-102,-11,14,-999,10.5
2026-05-28 10:52:52.430,2026-05-28 11:07:38.766,22.6613606,114.5003407,0.7,0.1,1.11,169.8,33.5,31.1,0.2,0.26,10.0,2.0,2.5,NR5G-SA,n79,-103,-103,-11,13,-999,9.6
2026-05-28 10:52:52.630,2026-05-28 11:07:38.966,22.6613605,114.5003409,1.1,0.0,1.39,170.0,30.3,31.1,0.2,0.28,10.0,2.0,2.5,NR5G-SA,n79,-103,-103,-11,13,-999,8.8
2026-05-28 10:52:52.830,2026-05-28 11:07:39.166,22.6613605,114.5003412,1.5,0.1,1.63,170.0,30.3,31.1,0.2,0.31,10.0,2.0,2.5,NR5G-SA,n79,-103,-103,-11,13,-999,5.2
2026-05-28 10:52:53.030,2026-05-28 11:07:39.166,22.6613604,114.5003412,1.9,0.1,1.89,170.0,30.3,31.1,0.2,0.32,10.0,2.0,2.5,NR5G-SA,n79,-99,-99,-11,11,-999,9.1
2026-05-28 10:52:53.231,2026-05-28 11:07:39.566,22.6613604,114.5003412,1.9,0.1,1.89,170.0,30.3,31.1,0.2,0.32,10.0,2.0,2.5,NR5G-SA,n79,-99,-99,-11,11,-999,11.1
2026-05-28 10:52:53.431,2026-05-28 11:07:39.766,22.6613605,114.5003412,2.5,0.1,2.13,170.0,30.3,31.1,0.2,0.33,10.0,2.0,2.5,NR5G-SA,n79,-99,-99,-11,11,-999,8.0
2026-05-28 10:52:53.632,2026-05-28 11:07:39.966,22.6613603,114.5003412,3.0,0.1,2.38,170.0,47.9,30.5,0.2,0.35,10.0,2.0,2.5,NR5G-SA,n79,-100,-100,-10,11,-999,6.5
2026-05-28 10:52:53.832,2026-05-28 11:07:40.166,22.6613601,114.5003412,3.7,0.1,2.49,169.8,47.9,30.5,0.2,0.38,10.0,2.0,2.5,NR5G-SA,n79,-100,-100,-10,11,-999,6.9
2026-05-28 10:52:54.033,2026-05-28 11:07:40.166,22.6613599,114.5003411,4.3,0.1,2.51,169.9,47.9,30.5,0.1,0.40,10.0,2.0,2.5,NR5G-SA,n79,-96,-96,-10,12,-999,9.2
2026-05-28 10:52:54.233,2026-05-28 11:07:40.566,22.6613599,114.5003411,4.3,0.1,2.51,169.9,47.9,30.5,0.1,0.40,10.0,2.0,2.5,NR5G-SA,n79,-96,-96,-10,12,-999,15.2
2026-05-28 10:52:54.433,2026-05-28 11:07:40.766,22.6613597,114.5003412,5.0,0.1,2.49,170.0,47.9,30.5,0.1,0.43,10.0,2.0,2.5,NR5G-SA,n79,-96,-96,-10,12,-999,7.8
2026-05-28 10:52:54.634,2026-05-28 11:07:40.966,22.6613595,114.5003412,5.6,0.1,2.47,170.0,47.9,25.9,0.1,0.45,10.0,2.0,2.5,NR5G-SA,n79,-93,-93,-10,13,-999,7.3
2026-05-28 10:52:54.834,2026-05-28 11:07:41.166,22.6613593,114.5003413,6.2,0.1,2.45,170.1,47.9,25.9,0.1,0.47,10.0,2.0,2.5,NR5G-SA,n79,-93,-93,-10,13,-999,5.7
2026-05-28 10:52:55.034,2026-05-28 11:07:41.166,22.6613592,114.5003413,6.8,0.0,2.44,169.9,47.9,25.9,0.1,0.48,10.0,2.0,2.5,NR5G-SA,n79,-93,-93,-10,13,-999,9.2
2026-05-28 10:52:55.235,2026-05-28 11:07:41.566,22.6613592,114.5003413,6.8,0.0,2.44,169.9,47.9,25.9,0.1,0.48,10.0,2.0,2.5,NR5G-SA,n79,-83,-83,-10,15,-999,10.7
2026-05-28 10:52:55.435,2026-05-28 11:07:41.766,22.6613593,114.5003412,7.4,0.0,2.42,169.9,47.9,25.9,0.1,0.50,10.0,2.0,2.5,NR5G-SA,n79,-83,-83,-10,15,-999,9.6
2026-05-28 10:52:55.635,2026-05-28 11:07:41.966,22.6613593,114.5003412,8.0,0.0,2.41,169.9,30.7,26.8,0.1,0.50,10.0,2.0,2.5,NR5G-SA,n79,-83,-83,-10,15,-999,6.7
2026-05-28 10:52:55.836,2026-05-28 11:07:42.166,22.6613594,114.5003412,8.7,0.1,2.44,169.8,30.7,26.8,0.1,0.51,10.0,2.0,2.5,NR5G-SA,n79,-75,-75,-10,20,-999,7.0
2026-05-28 10:52:56.036,2026-05-28 11:07:42.166,22.6613596,114.5003413,9.3,0.0,2.45,169.8,30.7,26.8,0.1,0.53,10.0,2.0,2.5,NR5G-SA,n79,-75,-75,-10,20,-999,7.1
2026-05-28 10:52:56.236,2026-05-28 11:07:42.566,22.6613596,114.5003413,9.3,0.0,2.45,169.8,30.7,26.8,0.1,0.53,10.0,2.0,2.5,NR5G-SA,n79,-73,-73,-10,24,-999,14.0
2026-05-28 10:52:56.437,2026-05-28 11:07:42.766,22.6613596,114.5003414,9.9,0.0,2.47,169.8,30.7,26.8,0.1,0.55,10.0,2.0,2.5,NR5G-SA,n79,-73,-73,-10,24,-999,7.8
2026-05-28 10:52:56.637,2026-05-28 11:07:42.966,22.6613596,114.5003414,10.5,0.0,2.50,169.7,33.3,29.1,0.1,0.55,10.0,2.0,2.5,NR5G-SA,n79,-73,-73,-10,24,-999,6.5
2026-05-28 10:52:56.837,2026-05-28 11:07:43.166,22.6613596,114.5003414,11.1,0.1,2.49,169.5,33.3,29.1,0.1,0.55,10.0,2.0,2.5,NR5G-SA,n79,-71,-71,-10,25,-999,6.4
2026-05-28 10:52:57.038,2026-05-28 11:07:43.166,22.6613596,114.5003414,11.7,0.1,2.50,169.5,33.3,29.1,0.1,0.55,10.0,2.0,2.5,NR5G-SA,n79,-71,-71,-10,25,-999,8.5
2026-05-28 10:52:57.238,2026-05-28 11:07:43.566,22.6613596,114.5003414,11.7,0.1,2.50,169.5,33.3,29.1,0.1,0.55,10.0,2.0,2.5,NR5G-SA,n79,-71,-71,-10,25,-999,13.7
2026-05-28 10:52:57.439,2026-05-28 11:07:43.766,22.6613596,114.5003413,12.4,0.1,2.49,169.5,33.3,29.1,0.1,0.56,10.0,2.0,2.5,NR5G-SA,n79,-72,-72,-10,26,-999,9.5
2026-05-28 10:52:57.639,2026-05-28 11:07:43.966,22.6613596,114.5003412,13.0,0.1,2.50,169.5,38.6,29.2,0.1,0.57,10.0,2.0,2.5,NR5G-SA,n79,-72,-72,-10,26,-999,6.1
2026-05-28 10:52:57.839,2026-05-28 11:07:44.166,22.6613596,114.5003412,13.6,0.1,2.51,169.6,38.6,29.2,0.1,0.57,10.0,2.0,2.5,NR5G-SA,n79,-72,-72,-10,26,-999,6.7
2026-05-28 10:52:58.040,2026-05-28 11:07:44.566,22.6613596,114.5003412,14.2,0.1,2.51,169.5,38.6,29.2,0.1,0.57,10.0,2.0,2.5,NR5G-SA,n79,-70,-70,-10,25,-999,6.3
2026-05-28 10:52:58.240,2026-05-28 11:07:44.566,22.6613596,114.5003412,14.2,0.1,2.51,169.5,38.6,29.2,0.1,0.57,10.0,2.0,2.5,NR5G-SA,n79,-70,-70,-10,25,-999,14.1
2026-05-28 10:52:58.441,2026-05-28 11:07:44.766,22.6613596,114.5003411,14.9,0.1,2.51,169.5,38.6,29.2,0.1,0.58,10.0,2.0,2.5,NR5G-SA,n79,-67,-67,-10,24,-999,9.5
2026-05-28 10:52:58.641,2026-05-28 11:07:44.966,22.6613596,114.5003412,15.5,0.1,2.49,169.5,28.6,28.5,0.1,0.59,10.0,2.0,2.5,NR5G-SA,n79,-67,-67,-10,24,-999,6.6
2026-05-28 10:52:58.841,2026-05-28 11:07:45.166,22.6613596,114.5003412,16.1,0.1,2.48,169.4,28.6,28.5,0.1,0.59,10.0,2.0,2.5,NR5G-SA,n79,-67,-67,-10,24,-999,5.9
2026-05-28 10:52:59.042,2026-05-28 11:07:45.566,22.6613596,114.5003412,16.7,0.0,2.50,169.2,28.6,28.5,0.1,0.59,10.0,2.0,2.5,NR5G-SA,n79,-66,-66,-10,23,-999,4.7
2026-05-28 10:52:59.242,2026-05-28 11:07:45.566,22.6613596,114.5003412,16.7,0.0,2.50,169.2,28.6,28.5,0.1,0.59,10.0,2.0,2.5,NR5G-SA,n79,-66,-66,-10,23,-999,15.0
2026-05-28 10:52:59.443,2026-05-28 11:07:45.766,22.6613596,114.5003412,17.4,0.0,2.52,169.3,28.6,28.5,0.1,0.59,10.0,2.0,2.5,NR5G-SA,n79,-66,-66,-10,23,-999,9.4
2026-05-28 10:52:59.643,2026-05-28 11:07:45.966,22.6613596,114.5003412,18.0,0.1,2.52,169.4,46.4,28.5,0.1,0.59,10.0,2.0,2.5,NR5G-SA,n79,-66,-66,-10,25,-999,7.2
2026-05-28 10:52:59.843,2026-05-28 11:07:46.166,22.6613596,114.5003412,18.6,0.0,2.51,169.4,46.4,28.1,0.1,0.59,10.0,2.0,2.5,NR5G-SA,n79,-66,-66,-10,25,-999,4.4
2026-05-28 10:53:00.044,2026-05-28 11:07:46.166,22.6613597,114.5003412,19.2,0.1,2.52,169.3,46.4,28.1,0.1,0.60,10.0,2.0,2.5,NR5G-SA,n79,-66,-66,-10,25,-999,8.0
2026-05-28 10:53:00.244,2026-05-28 11:07:46.566,22.6613597,114.5003412,19.2,0.1,2.52,169.3,46.4,28.1,0.1,0.60,10.0,2.0,2.5,NR5G-SA,n79,-67,-67,-10,26,-999,13.9
2026-05-28 10:53:00.444,2026-05-28 11:07:46.766,22.6613599,114.5003412,19.9,0.1,2.52,169.3,46.4,28.1,0.1,0.62,10.0,2.0,2.5,NR5G-SA,n79,-67,-67,-10,26,-999,7.7
2026-05-28 10:53:00.645,2026-05-28 11:07:46.966,22.6613600,114.5003412,20.5,0.1,2.50,169.3,31.1,28.1,0.2,0.63,10.0,2.0,2.5,NR5G-SA,n79,-66,-66,-10,26,-999,5.5
2026-05-28 10:53:00.845,2026-05-28 11:07:47.166,22.6613601,114.5003412,21.1,0.0,2.50,169.0,31.1,26.2,0.2,0.64,10.0,2.0,2.5,NR5G-SA,n79,-66,-66,-10,26,-999,6.4
2026-05-28 10:53:01.045,2026-05-28 11:07:47.166,22.6613602,114.5003412,21.8,0.0,2.49,168.7,31.1,26.2,0.2,0.65,10.0,2.0,2.5,NR5G-SA,n79,-66,-66,-10,26,-999,5.3
2026-05-28 10:53:01.246,2026-05-28 11:07:47.566,22.6613602,114.5003412,21.8,0.0,2.49,168.7,31.1,26.2,0.2,0.65,10.0,2.0,2.5,NR5G-SA,n79,-65,-65,-10,25,-999,13.5
2026-05-28 10:53:01.446,2026-05-28 11:07:47.766,22.6613603,114.5003414,22.4,0.1,2.46,168.8,31.1,26.2,0.2,0.68,10.0,2.0,2.5,NR5G-SA,n79,-65,-65,-10,25,-999,7.7
2026-05-28 10:53:01.647,2026-05-28 11:07:47.966,22.6613603,114.5003416,23.0,0.0,2.47,169.1,34.4,26.2,0.2,0.70,10.0,2.0,2.5,NR5G-SA,n79,-65,-65,-10,25,-999,5.7
2026-05-28 10:53:01.847,2026-05-28 11:07:48.166,22.6613602,114.5003416,23.6,0.0,2.48,169.2,34.4,24.3,0.2,0.71,10.0,2.0,2.5,NR5G-SA,n79,-65,-65,-10,26,-999,6.6
2026-05-28 10:53:02.047,2026-05-28 11:07:48.566,22.6613600,114.5003415,24.3,0.0,2.48,169.2,34.4,24.3,0.2,0.73,10.0,2.0,2.5,NR5G-SA,n79,-65,-65,-10,26,-999,8.0
2026-05-28 10:53:02.248,2026-05-28 11:07:48.566,22.6613600,114.5003415,24.3,0.0,2.48,169.2,34.4,24.3,0.2,0.73,10.0,2.0,2.5,NR5G-SA,n79,-65,-65,-10,26,-999,15.3
2026-05-28 10:53:02.448,2026-05-28 11:07:48.766,22.6613599,114.5003413,24.9,0.1,2.49,169.4,34.4,24.3,0.2,0.76,10.0,2.0,2.5,NR5G-SA,n79,-65,-65,-10,26,-999,6.6
2026-05-28 10:53:02.648,2026-05-28 11:07:48.966,22.6613599,114.5003412,25.5,0.0,2.45,169.4,42.5,24.3,0.1,0.77,10.0,2.0,2.5,NR5G-SA,n79,-65,-65,-10,26,-999,7.0
2026-05-28 10:53:02.849,2026-05-28 11:07:49.166,22.6613598,114.5003411,26.2,0.0,2.44,169.6,42.5,24.9,0.1,0.78,10.0,2.0,2.5,NR5G-SA,n79,-65,-65,-10,26,-999,6.9
2026-05-28 10:53:03.049,2026-05-28 11:07:49.566,22.6613599,114.5003409,26.8,0.0,2.42,169.6,42.5,24.9,0.1,0.80,10.0,2.0,2.5,NR5G-SA,n79,-65,-65,-10,26,-999,7.2
2026-05-28 10:53:03.249,2026-05-28 11:07:49.566,22.6613599,114.5003409,26.8,0.0,2.42,169.6,42.5,24.9,0.1,0.80,10.0,2.0,2.5,NR5G-SA,n79,-65,-65,-10,26,-999,14.8
2026-05-28 10:53:03.449,2026-05-28 11:07:49.766,22.6613598,114.5003409,27.4,0.0,2.42,169.5,42.5,24.9,0.1,0.82,10.0,2.0,2.5,NR5G-SA,n79,-65,-65,-10,25,-999,6.7
2026-05-28 10:53:03.650,2026-05-28 11:07:49.966,22.6613598,114.5003409,28.0,0.1,2.48,169.5,52.3,24.9,0.1,0.82,10.0,2.0,2.5,NR5G-SA,n79,-65,-65,-10,25,-999,5.6
2026-05-28 10:53:03.850,2026-05-28 11:07:50.166,22.6613597,114.5003408,28.6,0.1,2.50,169.5,52.3,25.1,0.1,0.83,10.0,2.0,2.5,NR5G-SA,n79,-65,-65,-10,25,-999,4.2
2026-05-28 10:53:04.050,2026-05-28 11:07:50.166,22.6613596,114.5003407,29.3,0.0,2.49,169.4,52.3,25.1,0.1,0.85,10.0,2.0,2.5,NR5G-SA,n79,-64,-64,-10,25,-999,6.9
2026-05-28 10:53:04.251,2026-05-28 11:07:50.566,22.6613596,114.5003407,29.3,0.0,2.49,169.4,52.3,25.1,0.1,0.85,10.0,2.0,2.5,NR5G-SA,n79,-64,-64,-10,25,-999,15.3
2026-05-28 10:53:04.451,2026-05-28 11:07:50.766,22.6613595,114.5003407,29.9,0.1,2.52,169.3,52.3,25.1,0.1,0.86,10.0,2.0,2.5,NR5G-SA,n79,-64,-64,-10,25,-999,9.5
2026-05-28 10:53:04.652,2026-05-28 11:07:50.966,22.6613595,114.5003408,30.5,0.0,2.50,169.4,25.6,25.1,0.1,0.87,10.0,2.0,2.5,NR5G-SA,n79,-65,-65,-10,24,-999,6.6
2026-05-28 10:53:04.852,2026-05-28 11:07:51.166,22.6613595,114.5003408,31.1,0.0,2.50,169.3,25.6,25.3,0.1,0.87,10.0,2.0,2.5,NR5G-SA,n79,-65,-65,-10,24,-999,6.3
2026-05-28 10:53:05.052,2026-05-28 11:07:51.566,22.6613595,114.5003409,31.8,0.1,2.49,169.2,25.6,25.3,0.1,0.88,10.0,2.0,2.5,NR5G-SA,n79,-65,-65,-10,24,-999,5.3
2026-05-28 10:53:05.253,2026-05-28 11:07:51.566,22.6613595,114.5003409,32.4,0.1,2.49,169.2,25.6,25.3,0.1,0.88,10.0,2.0,2.5,NR5G-SA,n79,-65,-65,-10,23,-999,12.6
2026-05-28 10:53:05.453,2026-05-28 11:07:51.766,22.6613595,114.5003409,32.4,0.1,2.49,169.2,25.6,25.3,0.1,0.88,10.0,2.0,2.5,NR5G-SA,n79,-65,-65,-10,23,-999,10.8
2026-05-28 10:53:05.653,2026-05-28 11:07:51.966,22.6613597,114.5003409,33.1,0.1,2.48,169.1,40.7,25.3,0.1,0.90,10.0,2.0,2.5,NR5G-SA,n79,-65,-65,-10,22,-999,7.4
2026-05-28 10:53:05.853,2026-05-28 11:07:52.166,22.6613598,114.5003410,33.7,0.1,2.45,169.1,40.7,24.2,0.1,0.92,10.0,2.0,2.5,NR5G-SA,n79,-65,-65,-10,22,-999,6.5
2026-05-28 10:53:06.054,2026-05-28 11:07:52.166,22.6613599,114.5003411,34.3,0.0,2.40,169.1,40.7,24.2,0.1,0.93,10.0,2.0,2.5,NR5G-SA,n79,-65,-65,-10,22,-999,9.5
2026-05-28 10:53:06.254,2026-05-28 11:07:52.566,22.6613600,114.5003413,34.9,0.0,2.40,169.1,40.7,24.2,0.2,0.95,10.0,2.0,2.5,NR5G-SA,n79,-65,-65,-10,20,-999,12.7
2026-05-28 10:53:06.454,2026-05-28 11:07:52.766,22.6613600,114.5003413,34.9,0.1,2.42,169.1,40.7,24.2,0.2,0.95,10.0,2.0,2.5,NR5G-SA,n79,-65,-65,-10,20,-999,8.5
2026-05-28 10:53:06.655,2026-05-28 11:07:52.966,22.6613601,114.5003413,35.6,0.1,2.44,169.0,34.9,24.2,0.2,0.96,10.0,2.0,2.5,NR5G-SA,n79,-65,-65,-10,20,-999,5.8
2026-05-28 10:53:06.855,2026-05-28 11:07:53.166,22.6613603,114.5003413,36.2,0.1,2.45,168.7,34.9,22.7,0.2,0.99,10.0,2.0,2.5,NR5G-SA,n79,-65,-65,-10,20,-999,8.1
2026-05-28 10:53:07.055,2026-05-28 11:07:53.166,22.6613604,114.5003413,36.8,0.0,2.46,168.6,34.9,22.7,0.2,1.00,10.0,2.0,2.5,NR5G-SA,n79,-65,-65,-10,20,-999,7.8
2026-05-28 10:53:07.256,2026-05-28 11:07:53.566,22.6613606,114.5003413,37.4,0.1,2.43,168.7,34.9,22.7,0.2,1.02,10.0,2.0,2.5,NR5G-SA,n79,-65,-65,-10,20,-999,13.5
2026-05-28 10:53:07.456,2026-05-28 11:07:53.766,22.6613606,114.5003413,37.4,0.1,2.43,168.7,34.9,22.7,0.2,1.02,10.0,2.0,2.5,NR5G-SA,n79,-64,-64,-10,20,-999,9.5
2026-05-28 10:53:07.656,2026-05-28 11:07:53.966,22.6613606,114.5003411,38.0,0.1,2.41,168.7,31.5,22.7,0.2,1.04,10.0,2.0,2.5,NR5G-SA,n79,-64,-64,-10,20,-999,7.9
2026-05-28 10:53:07.856,2026-05-28 11:07:54.166,22.6613606,114.5003409,38.6,0.1,2.44,168.7,31.5,22.7,0.2,1.06,10.0,2.0,2.5,NR5G-SA,n79,-65,-65,-10,21,-999,6.1
2026-05-28 10:53:08.057,2026-05-28 11:07:54.566,22.6613606,114.5003407,39.3,0.1,2.50,168.6,31.5,21.1,0.2,1.08,10.0,2.0,2.5,NR5G-SA,n79,-65,-65,-10,21,-999,5.9
2026-05-28 10:53:08.257,2026-05-28 11:07:54.566,22.6613606,114.5003406,39.9,0.0,2.48,168.4,31.5,21.1,0.2,1.09,10.0,2.0,2.5,NR5G-SA,n79,-65,-65,-10,21,-999,14.3
2026-05-28 10:53:08.457,2026-05-28 11:07:54.766,22.6613606,114.5003406,39.9,0.0,2.48,168.4,31.5,21.1,0.2,1.09,10.0,2.0,2.5,NR5G-SA,n79,-65,-65,-10,20,-999,9.6
2026-05-28 10:53:08.658,2026-05-28 11:07:54.966,22.6613606,114.5003405,40.5,0.1,2.49,168.3,42.0,21.1,0.2,1.10,10.0,2.0,2.5,NR5G-SA,n79,-65,-65,-10,20,-999,6.5
2026-05-28 10:53:08.858,2026-05-28 11:07:55.166,22.6613605,114.5003405,41.1,0.0,2.50,168.2,42.0,21.1,0.2,1.11,10.0,2.0,2.5,NR5G-SA,n79,-65,-65,-10,20,-999,6.3
2026-05-28 10:53:09.058,2026-05-28 11:07:55.566,22.6613605,114.5003404,41.7,0.1,2.49,168.0,42.0,22.0,0.2,1.12,10.0,2.0,2.5,NR5G-SA,n79,-65,-65,-10,20,-999,5.6
2026-05-28 10:53:09.259,2026-05-28 11:07:55.566,22.6613605,114.5003403,42.4,0.1,2.51,168.0,42.0,22.0,0.2,1.13,10.0,2.0,2.5,NR5G-SA,n79,-65,-65,-10,20,-999,13.8
2026-05-28 10:53:09.459,2026-05-28 11:07:55.766,22.6613605,114.5003403,42.4,0.1,2.51,168.0,42.0,22.0,0.2,1.13,10.0,2.0,2.5,NR5G-SA,n79,-65,-65,-10,20,-999,10.6
2026-05-28 10:53:09.659,2026-05-28 11:07:55.966,22.6613603,114.5003404,43.0,0.1,2.51,167.9,32.4,22.0,0.2,1.16,10.0,2.0,2.5,NR5G-SA,n79,-65,-65,-10,20,-999,7.5
2026-05-28 10:53:09.860,2026-05-28 11:07:56.166,22.6613600,114.5003406,43.6,0.1,2.49,168.0,32.4,22.0,0.1,1.20,10.0,2.0,2.5,NR5G-SA,n79,-65,-65,-10,20,-999,5.2
2026-05-28 10:53:10.060,2026-05-28 11:07:56.566,22.6613598,114.5003408,44.2,0.1,2.46,168.3,32.4,21.9,0.1,1.23,10.0,2.0,2.5,NR5G-SA,n79,-65,-65,-10,21,-999,5.2
2026-05-28 10:53:10.260,2026-05-28 11:07:56.566,22.6613596,114.5003410,44.8,0.1,2.38,168.6,32.4,21.9,0.1,1.26,10.0,2.0,2.5,NR5G-SA,n79,-65,-65,-10,21,-999,12.6
2026-05-28 10:53:10.461,2026-05-28 11:07:56.766,22.6613596,114.5003410,44.8,0.1,2.38,168.6,32.4,21.9,0.1,1.26,10.0,2.0,2.5,NR5G-SA,n79,-65,-65,-10,21,-999,9.2
2026-05-28 10:53:10.661,2026-05-28 11:07:56.966,22.6613596,114.5003412,45.4,0.1,2.27,168.8,37.1,21.9,0.1,1.28,10.0,2.0,2.5,NR5G-SA,n79,-65,-65,-10,22,-999,4.9
2026-05-28 10:53:10.861,2026-05-28 11:07:57.166,22.6613596,114.5003412,46.0,0.0,2.15,168.8,37.1,21.9,0.1,1.28,10.0,2.0,2.5,NR5G-SA,n79,-65,-65,-10,22,-999,6.1
2026-05-28 10:53:11.062,2026-05-28 11:07:57.566,22.6613597,114.5003413,46.5,0.0,2.02,168.5,37.1,21.4,0.1,1.29,10.0,2.0,2.5,NR5G-SA,n79,-65,-65,-10,22,-999,9.4
2026-05-28 10:53:11.262,2026-05-28 11:07:57.566,22.6613597,114.5003414,47.0,0.0,1.84,168.4,37.1,21.4,0.1,1.30,10.0,2.0,2.5,NR5G-SA,n79,-65,-65,-10,21,-999,12.8
2026-05-28 10:53:11.462,2026-05-28 11:07:57.766,22.6613597,114.5003414,47.0,0.0,1.84,168.4,37.1,21.4,0.1,1.30,10.0,2.0,2.5,NR5G-SA,n79,-65,-65,-10,21,-999,9.3
2026-05-28 10:53:11.663,2026-05-28 11:07:57.966,22.6613596,114.5003414,47.4,0.1,1.72,168.3,35.7,21.4,0.1,1.32,10.0,2.0,2.5,NR5G-SA,n79,-65,-65,-10,21,-999,7.0
2026-05-28 10:53:11.863,2026-05-28 11:07:58.166,22.6613597,114.5003413,47.8,0.0,1.57,168.2,35.7,21.4,0.1,1.33,10.0,2.0,2.5,NR5G-SA,n79,-65,-65,-10,21,-999,5.7
2026-05-28 10:53:12.063,2026-05-28 11:07:58.566,22.6613597,114.5003412,48.2,0.1,1.43,168.1,35.7,20.9,0.1,1.34,10.0,2.0,2.5,NR5G-SA,n79,-65,-65,-10,21,-999,6.6
2026-05-28 10:53:12.263,2026-05-28 11:07:58.566,22.6613597,114.5003410,48.5,0.0,1.29,167.7,35.7,20.9,0.1,1.36,10.0,2.0,2.5,NR5G-SA,n79,-65,-65,-10,21,-999,11.2
2026-05-28 10:53:12.464,2026-05-28 11:07:58.766,22.6613597,114.5003410,48.5,0.0,1.29,167.7,35.7,20.9,0.1,1.36,10.0,2.0,2.5,NR5G-SA,n79,-65,-65,-10,21,-999,10.1
2026-05-28 10:53:12.664,2026-05-28 11:07:58.966,22.6613597,114.5003410,48.8,0.0,1.21,167.6,29.2,20.9,0.1,1.36,10.0,2.0,2.5,NR5G-SA,n79,-65,-65,-10,21,-999,6.2
2026-05-28 10:53:12.864,2026-05-28 11:07:59.166,22.6613597,114.5003410,49.1,0.0,1.07,167.7,29.2,20.9,0.1,1.36,10.0,2.0,2.5,NR5G-SA,n79,-65,-65,-10,22,-999,7.6
2026-05-28 10:53:13.065,2026-05-28 11:07:59.166,22.6613597,114.5003411,49.3,0.0,0.94,167.6,29.2,20.9,0.1,1.37,10.0,2.0,2.5,NR5G-SA,n79,-65,-65,-10,22,-999,9.4
2026-05-28 10:53:13.265,2026-05-28 11:07:59.566,22.6613597,114.5003411,49.5,0.0,0.77,167.7,29.2,20.9,0.1,1.37,10.0,2.0,2.5,NR5G-SA,n79,-65,-65,-10,22,-999,9.8
2026-05-28 10:53:13.465,2026-05-28 11:07:59.766,22.6613597,114.5003411,49.5,0.0,0.77,167.7,29.2,20.9,0.1,1.37,10.0,2.0,2.5,NR5G-SA,n79,-65,-65,-10,22,-999,7.5
2026-05-28 10:53:13.666,2026-05-28 11:07:59.966,22.6613597,114.5003410,49.7,0.1,0.64,167.6,47.8,20.9,0.1,1.38,10.0,2.0,2.5,NR5G-SA,n79,-65,-65,-10,22,-999,5.4
2026-05-28 10:53:13.866,2026-05-28 11:08:00.166,22.6613598,114.5003410,49.8,0.1,0.47,167.6,47.8,20.9,0.1,1.39,10.0,2.0,2.5,NR5G-SA,n79,-65,-65,-10,22,-999,6.1
2026-05-28 10:53:14.066,2026-05-28 11:08:00.566,22.6613598,114.5003408,49.9,0.1,0.35,167.7,47.8,18.4,0.1,1.41,10.0,2.0,2.5,NR5G-SA,n79,-65,-65,-10,22,-999,6.2
2026-05-28 10:53:14.267,2026-05-28 11:08:00.566,22.6613598,114.5003407,50.0,0.0,0.13,167.7,47.8,18.4,0.1,1.42,10.0,2.0,2.5,NR5G-SA,n79,-65,-65,-10,22,-999,10.1
2026-05-28 10:53:14.467,2026-05-28 11:08:00.766,22.6613598,114.5003407,50.0,0.0,0.13,167.7,47.8,18.4,0.1,1.42,10.0,2.0,2.5,NR5G-SA,n79,-65,-65,-10,22,-999,9.6
2026-05-28 10:53:14.668,2026-05-28 11:08:00.966,22.6613599,114.5003407,50.0,0.0,-0.03,167.8,47.8,18.4,0.1,1.44,10.0,2.0,2.5,NR5G-SA,n79,-65,-65,-10,22,-999,5.5
2026-05-28 10:53:14.868,2026-05-28 11:08:01.166,22.6613601,114.5003408,50.0,0.1,-0.04,167.8,100.0,18.4,0.1,1.46,10.0,2.0,2.5,NR5G-SA,n79,-65,-65,-10,22,-999,7.7
2026-05-28 10:53:15.068,2026-05-28 11:08:01.566,22.6613605,114.5003411,49.9,0.3,-0.06,167.8,100.0,17.3,0.2,1.51,10.0,2.0,2.5,NR5G-SA,n79,-65,-65,-10,22,-999,6.5
2026-05-28 10:53:15.269,2026-05-28 11:08:01.566,22.6613611,114.5003418,49.9,0.5,0.00,168.1,100.0,17.3,0.3,1.61,10.0,2.0,2.5,NR5G-SA,n79,-65,-65,-10,22,-999,11.8
2026-05-28 10:53:15.469,2026-05-28 11:08:01.766,22.6613611,114.5003418,49.9,0.5,0.00,168.1,100.0,17.3,0.3,1.61,10.0,2.0,2.5,NR5G-SA,n79,-65,-65,-10,22,-999,6.0
2026-05-28 10:53:15.669,2026-05-28 11:08:01.966,22.6613620,114.5003430,50.0,0.7,0.01,167.6,100.0,17.3,0.4,1.77,10.0,2.0,2.5,NR5G-SA,n79,-65,-65,-10,22,-999,5.8
2026-05-28 10:53:15.870,2026-05-28 11:08:02.166,22.6613632,114.5003448,50.0,1.0,0.17,159.6,27.7,17.3,0.7,2.00,10.0,2.0,2.5,NR5G-SA,n79,-65,-65,-10,22,-999,6.0
2026-05-28 10:53:16.070,2026-05-28 11:08:02.166,22.6613648,114.5003472,50.0,1.3,0.12,145.0,27.7,17.3,1.0,2.30,10.0,2.0,2.5,NR5G-SA,n79,-65,-65,-10,22,-999,6.9
2026-05-28 10:53:16.270,2026-05-28 11:08:02.566,22.6613667,114.5003504,50.1,1.6,-0.01,129.3,27.7,18.9,1.4,2.69,10.0,2.0,2.5,NR5G-SA,n79,-65,-65,-10,22,-999,8.0
2026-05-28 10:53:16.471,2026-05-28 11:08:02.766,22.6613667,114.5003504,50.1,1.6,-0.01,129.3,27.7,18.9,1.4,2.69,10.0,2.0,2.5,NR5G-SA,n79,-65,-65,-10,22,-999,5.5
2026-05-28 10:53:16.671,2026-05-28 11:08:02.966,22.6613689,114.5003546,50.1,2.1,-0.08,113.5,37.9,18.9,1.8,3.19,10.0,2.0,2.5,NR5G-SA,n79,-65,-65,-10,19,-999,5.5
2026-05-28 10:53:16.871,2026-05-28 11:08:03.166,22.6613718,114.5003599,50.0,2.7,-0.11,97.9,37.9,18.9,2.5,3.82,10.0,2.0,2.5,NR5G-SA,n79,-65,-65,-10,19,-999,5.9
2026-05-28 10:53:17.072,2026-05-28 11:08:03.566,22.6613755,114.5003664,50.0,3.2,-0.10,82.5,37.9,18.9,3.3,4.61,10.0,2.0,2.5,NR5G-SA,n79,-65,-65,-10,19,-999,6.9
2026-05-28 10:53:17.272,2026-05-28 11:08:03.566,22.6613802,114.5003737,50.0,3.8,-0.04,67.1,37.9,20.5,4.2,5.52,10.0,2.0,2.5,NR5G-SA,n79,-65,-65,-10,18,-999,12.4
2026-05-28 10:53:17.472,2026-05-28 11:08:03.766,22.6613802,114.5003737,50.0,3.8,-0.04,67.1,37.9,20.5,4.2,5.52,10.0,2.0,2.5,NR5G-SA,n79,-65,-65,-10,18,-999,8.3
2026-05-28 10:53:17.672,2026-05-28 11:08:03.966,22.6613857,114.5003819,50.0,4.4,-0.03,56.0,34.5,20.5,5.2,6.56,10.0,2.0,2.5,NR5G-SA,n79,-65,-65,-10,18,-999,7.4
2026-05-28 10:53:17.873,2026-05-28 11:08:04.166,22.6613918,114.5003911,50.0,4.9,-0.00,53.0,34.5,20.5,6.4,7.73,10.0,2.0,2.5,NR5G-SA,n79,-65,-65,-10,19,-999,6.7
2026-05-28 10:53:18.073,2026-05-28 11:08:04.566,22.6613985,114.5004011,50.0,5.4,0.03,53.3,34.5,20.5,7.6,9.00,10.0,2.0,2.5,NR5G-SA,n79,-65,-65,-10,19,-999,10.3
2026-05-28 10:53:18.273,2026-05-28 11:08:04.566,22.6614055,114.5004123,50.1,5.9,0.01,54.3,34.5,25.6,9.0,10.39,10.0,2.0,2.5,NR5G-SA,n79,-65,-65,-10,19,-999,9.6
2026-05-28 10:53:18.474,2026-05-28 11:08:04.766,22.6614055,114.5004123,50.1,5.9,0.01,54.3,34.5,25.6,9.0,10.39,10.0,2.0,2.5,NR5G-SA,n79,-65,-65,-10,20,-999,7.8
2026-05-28 10:53:18.674,2026-05-28 11:08:04.966,22.6614132,114.5004246,50.1,6.5,-0.03,55.3,34.5,25.6,10.6,11.91,10.0,2.0,2.5,NR5G-SA,n79,-65,-65,-10,20,-999,6.5
2026-05-28 10:53:18.875,2026-05-28 11:08:05.166,22.6614216,114.5004382,50.1,7.2,-0.08,55.8,31.0,25.6,12.2,13.59,10.0,2.0,2.5,NR5G-SA,n79,-65,-65,-10,20,-999,5.5
2026-05-28 10:53:19.075,2026-05-28 11:08:05.566,22.6614310,114.5004531,50.1,7.7,-0.08,55.9,31.0,25.6,14.1,15.45,10.0,2.0,2.5,NR5G-SA,n79,-65,-65,-10,22,-999,8.2
2026-05-28 10:53:19.275,2026-05-28 11:08:05.566,22.6614412,114.5004689,50.1,8.3,-0.14,55.5,31.0,27.6,16.1,17.43,10.0,2.0,2.5,NR5G-SA,n79,-65,-65,-10,22,-999,12.2
2026-05-28 10:53:19.476,2026-05-28 11:08:05.766,22.6614412,114.5004689,50.1,8.3,-0.14,55.5,31.0,27.6,16.1,17.43,10.0,2.0,2.5,NR5G-SA,n79,-65,-65,-10,22,-999,6.5
2026-05-28 10:53:19.676,2026-05-28 11:08:05.966,22.6614522,114.5004856,50.1,8.7,-0.11,55.4,31.0,27.6,18.2,19.54,10.0,2.0,2.5,NR5G-SA,n79,-65,-65,-10,22,-999,5.4
2026-05-28 10:53:19.876,2026-05-28 11:08:06.166,22.6614637,114.5005029,50.1,9.1,-0.14,55.4,39.9,27.6,20.4,21.73,10.0,2.0,2.5,NR5G-SA,n79,-65,-65,-10,22,-999,6.3
2026-05-28 10:53:20.077,2026-05-28 11:08:06.566,22.6614754,114.5005206,50.1,9.3,-0.12,55.4,39.9,27.6,22.6,23.96,10.0,2.0,2.5,NR5G-SA,n79,-65,-65,-10,22,-999,6.3
2026-05-28 10:53:20.277,2026-05-28 11:08:06.566,22.6614875,114.5005389,50.1,9.6,-0.08,55.7,39.9,28.2,24.9,26.28,10.0,2.0,2.5,NR5G-SA,n79,-65,-65,-10,22,-999,10.4
2026-05-28 10:53:20.478,2026-05-28 11:08:06.766,22.6614875,114.5005389,50.1,9.6,-0.08,55.7,39.9,28.2,24.9,26.28,10.0,2.0,2.5,NR5G-SA,n79,-65,-65,-10,22,-999,7.4
2026-05-28 10:53:20.678,2026-05-28 11:08:06.966,22.6615002,114.5005578,50.2,9.8,-0.05,55.8,39.9,28.2,27.3,28.68,10.0,2.0,2.5,NR5G-SA,n79,-65,-65,-10,20,-999,6.7
2026-05-28 10:53:20.878,2026-05-28 11:08:07.166,22.6615131,114.5005772,50.2,10.0,-0.10,55.9,31.0,28.2,29.8,31.13,10.0,2.0,2.5,NR5G-SA,n79,-65,-65,-10,20,-999,7.3
2026-05-28 10:53:21.079,2026-05-28 11:08:07.566,22.6615261,114.5005966,50.2,10.1,-0.11,55.8,31.0,28.2,32.2,33.60,10.0,2.0,2.5,NR5G-SA,n79,-65,-65,-10,16,-999,7.0
2026-05-28 10:53:21.279,2026-05-28 11:08:07.566,22.6615390,114.5006161,50.2,10.1,-0.12,55.7,31.0,27.6,34.7,36.06,10.0,2.0,2.5,NR5G-SA,n79,-65,-65,-10,16,-999,8.7
2026-05-28 10:53:21.479,2026-05-28 11:08:07.766,22.6615390,114.5006161,50.2,10.1,-0.12,55.7,31.0,27.6,34.7,36.06,10.0,2.0,2.5,NR5G-SA,n79,-65,-65,-10,16,-999,6.6
2026-05-28 10:53:21.680,2026-05-28 11:08:07.966,22.6615518,114.5006357,50.1,10.0,-0.14,55.5,31.0,27.6,37.2,38.53,10.0,2.0,2.5,NR5G-SA,n79,-84,-84,-10,15,-999,6.5
2026-05-28 10:53:21.880,2026-05-28 11:08:08.166,22.6615647,114.5006553,50.1,10.1,-0.14,55.3,42.6,27.6,39.6,41.00,10.0,2.0,2.5,NR5G-SA,n79,-84,-84,-10,15,-999,6.8
2026-05-28 10:53:22.080,2026-05-28 11:08:08.566,22.6615776,114.5006748,50.1,10.1,-0.16,54.9,42.6,27.6,42.1,43.47,10.0,2.0,2.5,NR5G-SA,n79,-84,-84,-10,15,-999,6.6
2026-05-28 10:53:22.281,2026-05-28 11:08:08.566,22.6615905,114.5006945,50.1,10.1,-0.12,54.8,42.6,28.0,44.6,45.95,10.0,2.0,2.5,NR5G-SA,n79,-86,-86,-10,17,-999,11.8
2026-05-28 10:53:22.481,2026-05-28 11:08:08.766,22.6615905,114.5006945,50.1,10.1,-0.12,54.8,42.6,28.0,44.6,45.95,10.0,2.0,2.5,NR5G-SA,n79,-86,-86,-10,17,-999,10.4
2026-05-28 10:53:22.681,2026-05-28 11:08:08.966,22.6616036,114.5007144,50.1,10.2,-0.06,54.7,42.6,28.0,47.1,48.46,10.0,2.0,2.5,NR5G-SA,n79,-86,-86,-10,17,-999,6.8
2026-05-28 10:53:22.882,2026-05-28 11:08:09.166,22.6616167,114.5007345,50.1,10.2,-0.09,54.6,31.4,28.0,49.6,50.99,10.0,2.0,2.5,NR5G-SA,n79,-86,-86,-10,18,-999,7.8
2026-05-28 10:53:23.082,2026-05-28 11:08:09.566,22.6616297,114.5007545,50.1,10.2,-0.08,54.5,31.4,28.0,52.1,53.50,10.0,2.0,2.5,NR5G-SA,n79,-86,-86,-10,18,-999,5.8
2026-05-28 10:53:23.282,2026-05-28 11:08:09.566,22.6616427,114.5007746,50.1,10.1,-0.10,54.5,31.4,28.0,54.7,56.02,10.0,2.0,2.5,NR5G-SA,n79,-86,-86,-10,18,-999,12.6
2026-05-28 10:53:23.482,2026-05-28 11:08:09.766,22.6616427,114.5007746,50.1,10.1,-0.10,54.5,31.4,25.9,54.7,56.02,10.0,2.0,2.5,NR5G-SA,n79,-86,-86,-10,16,-999,7.6
2026-05-28 10:53:23.683,2026-05-28 11:08:09.966,22.6616558,114.5007948,50.1,10.2,-0.10,54.8,31.4,25.9,57.2,58.56,10.0,2.0,2.5,NR5G-SA,n79,-86,-86,-10,16,-999,5.8
2026-05-28 10:53:23.883,2026-05-28 11:08:10.166,22.6616689,114.5008152,50.0,10.3,-0.08,55.0,37.6,25.9,59.8,61.11,10.0,2.0,2.5,NR5G-SA,n79,-88,-88,-10,15,-999,6.7
2026-05-28 10:53:24.083,2026-05-28 11:08:10.566,22.6616820,114.5008354,50.0,10.1,-0.04,55.2,37.6,25.9,62.3,63.65,10.0,2.0,2.5,NR5G-SA,n79,-88,-88,-10,15,-999,7.3
2026-05-28 10:53:24.284,2026-05-28 11:08:10.566,22.6616950,114.5008556,50.0,10.1,-0.04,55.2,37.6,25.9,64.8,66.18,10.0,2.0,2.5,NR5G-SA,n79,-88,-88,-10,15,-999,12.7
2026-05-28 10:53:24.484,2026-05-28 11:08:10.766,22.6616950,114.5008556,50.0,10.1,-0.04,55.2,37.6,26.0,64.8,66.18,10.0,2.0,2.5,NR5G-SA,n79,-87,-87,-10,19,-999,9.7
2026-05-28 10:53:24.684,2026-05-28 11:08:10.966,22.6617079,114.5008757,50.0,10.0,-0.03,55.3,37.6,26.0,67.3,68.69,10.0,2.0,2.5,NR5G-SA,n79,-87,-87,-10,19,-999,6.4
2026-05-28 10:53:24.885,2026-05-28 11:08:11.166,22.6617208,114.5008957,50.0,10.1,-0.03,55.3,31.9,26.0,69.8,71.20,10.0,2.0,2.5,NR5G-SA,n79,-87,-87,-10,19,-999,5.8
2026-05-28 10:53:25.085,2026-05-28 11:08:11.566,22.6617337,114.5009157,50.0,10.0,-0.06,55.1,31.9,26.0,72.4,73.70,10.0,2.0,2.5,NR5G-SA,n79,-85,-85,-10,22,-999,6.4
2026-05-28 10:53:25.285,2026-05-28 11:08:11.566,22.6617467,114.5009356,50.0,10.0,-0.10,55.0,31.9,26.0,74.9,76.21,10.0,2.0,2.5,NR5G-SA,n79,-85,-85,-10,22,-999,10.9
2026-05-28 10:53:25.486,2026-05-28 11:08:11.766,22.6617467,114.5009356,50.0,10.0,-0.10,55.0,31.9,27.1,74.9,76.21,10.0,2.0,2.5,NR5G-SA,n79,-85,-85,-10,22,-999,6.4
2026-05-28 10:53:25.686,2026-05-28 11:08:11.966,22.6617596,114.5009555,50.0,10.0,-0.08,55.2,31.9,27.1,77.4,78.71,10.0,2.0,2.5,NR5G-SA,n79,-85,-85,-10,22,-999,6.5
2026-05-28 10:53:25.886,2026-05-28 11:08:12.166,22.6617725,114.5009756,50.0,10.0,0.02,55.2,31.4,27.1,79.9,81.22,10.0,2.0,2.5,NR5G-SA,n79,-85,-85,-10,22,-999,7.4
2026-05-28 10:53:26.087,2026-05-28 11:08:12.566,22.6617852,114.5009956,50.0,10.0,0.04,55.2,31.4,27.1,82.4,83.72,10.0,2.0,2.5,NR5G-SA,n79,-90,-90,-10,21,-999,8.1
2026-05-28 10:53:26.287,2026-05-28 11:08:12.566,22.6617979,114.5010156,50.0,10.0,0.04,54.9,31.4,27.1,84.9,86.21,10.0,2.0,2.5,NR5G-SA,n79,-90,-90,-10,21,-999,10.5
2026-05-28 10:53:26.487,2026-05-28 11:08:12.766,22.6617979,114.5010156,50.0,10.0,0.04,54.9,31.4,26.6,84.9,86.21,10.0,2.0,2.5,NR5G-SA,n79,-90,-90,-10,21,-999,8.5
2026-05-28 10:53:26.688,2026-05-28 11:08:12.966,22.6618106,114.5010356,50.0,10.0,-0.04,54.9,31.4,26.6,87.3,88.70,10.0,2.0,2.5,NR5G-SA,n79,-90,-90,-10,20,-999,7.3
2026-05-28 10:53:26.888,2026-05-28 11:08:13.166,22.6618235,114.5010557,50.0,10.0,-0.04,54.8,42.2,26.6,89.9,91.22,10.0,2.0,2.5,NR5G-SA,n79,-90,-90,-10,20,-999,5.6
2026-05-28 10:53:27.088,2026-05-28 11:08:13.566,22.6618363,114.5010757,50.0,10.0,-0.03,54.6,42.2,26.6,92.4,93.72,10.0,2.0,2.5,NR5G-SA,n79,-90,-90,-10,20,-999,7.2
2026-05-28 10:53:27.289,2026-05-28 11:08:13.566,22.6618492,114.5010957,50.0,10.0,-0.04,54.6,42.2,26.6,94.9,96.23,10.0,2.0,2.5,NR5G-SA,n79,-90,-90,-10,23,-999,13.0
2026-05-28 10:53:27.489,2026-05-28 11:08:13.766,22.6618492,114.5010957,50.0,10.0,-0.04,54.6,42.2,26.2,94.9,96.23,10.0,2.0,2.5,NR5G-SA,n79,-90,-90,-10,23,-999,10.5
2026-05-28 10:53:27.689,2026-05-28 11:08:13.966,22.6618621,114.5011156,50.0,10.0,-0.08,54.8,42.2,26.2,97.4,98.72,10.0,2.0,2.5,NR5G-SA,n79,-90,-90,-10,23,-999,6.7
2026-05-28 10:53:27.890,2026-05-28 11:08:14.166,22.6618750,114.5011356,50.0,10.0,-0.04,54.9,24.8,26.2,99.9,101.23,10.0,2.0,2.5,NR5G-SA,n79,-96,-96,-11,23,-999,4.5
2026-05-28 10:53:28.090,2026-05-28 11:08:14.566,22.6618880,114.5011556,50.0,10.0,-0.04,54.9,24.8,26.2,102.4,103.74,10.0,2.0,2.5,NR5G-SA,n79,-96,-96,-11,23,-999,7.0
2026-05-28 10:53:28.290,2026-05-28 11:08:14.566,22.6619011,114.5011755,50.0,10.0,-0.05,55.0,24.8,26.2,104.9,106.26,10.0,2.0,2.5,NR5G-SA,n79,-91,-91,-10,23,-999,10.1
2026-05-28 10:53:28.491,2026-05-28 11:08:14.766,22.6619011,114.5011755,50.0,10.0,-0.05,55.0,24.8,25.6,104.9,106.26,10.0,2.0,2.5,NR5G-SA,n79,-91,-91,-10,23,-999,12.8
2026-05-28 10:53:28.691,2026-05-28 11:08:14.966,22.6619141,114.5011954,50.0,10.0,-0.03,55.0,24.8,25.6,107.4,108.76,10.0,2.0,2.5,NR5G-SA,n79,-91,-91,-10,23,-999,5.6
2026-05-28 10:53:28.892,2026-05-28 11:08:15.166,22.6619271,114.5012152,50.0,10.0,-0.06,55.0,50.2,25.6,109.9,111.26,10.0,2.0,2.5,NR5G-SA,n79,-88,-88,-10,22,-999,5.7
2026-05-28 10:53:29.092,2026-05-28 11:08:15.566,22.6619401,114.5012352,50.0,10.0,-0.05,55.1,50.2,25.6,112.4,113.77,10.0,2.0,2.5,NR5G-SA,n79,-88,-88,-10,22,-999,5.7
2026-05-28 10:53:29.292,2026-05-28 11:08:15.566,22.6619531,114.5012552,50.0,10.0,-0.08,55.1,50.2,25.6,114.9,116.28,10.0,2.0,2.5,NR5G-SA,n79,-88,-88,-10,22,-999,10.6
2026-05-28 10:53:29.493,2026-05-28 11:08:15.766,22.6619531,114.5012552,50.0,10.0,-0.08,55.1,50.2,24.7,114.9,116.28,10.0,2.0,2.5,NR5G-SA,n79,-89,-89,-10,21,-999,14.7
2026-05-28 10:53:29.693,2026-05-28 11:08:15.966,22.6619661,114.5012751,50.0,10.0,-0.03,55.2,50.2,24.7,117.4,118.79,10.0,2.0,2.5,NR5G-SA,n79,-89,-89,-10,21,-999,5.9
2026-05-28 10:53:29.893,2026-05-28 11:08:16.166,22.6619792,114.5012951,50.0,10.0,-0.06,55.2,44.9,24.7,120.0,121.31,10.0,2.0,2.5,NR5G-SA,n79,-89,-89,-10,21,-999,7.3
2026-05-28 10:53:30.094,2026-05-28 11:08:16.566,22.6619922,114.5013150,50.0,10.0,-0.05,55.3,44.9,24.7,122.5,123.81,10.0,2.0,2.5,NR5G-SA,n79,-83,-83,-10,19,-999,6.4
2026-05-28 10:53:30.294,2026-05-28 11:08:16.566,22.6620052,114.5013349,50.0,10.0,-0.06,55.4,44.9,24.7,125.0,126.32,10.0,2.0,2.5,NR5G-SA,n79,-83,-83,-10,19,-999,11.1
2026-05-28 10:53:30.495,2026-05-28 11:08:16.766,22.6620052,114.5013349,50.0,10.0,-0.06,55.4,44.9,24.7,125.0,126.32,10.0,2.0,2.5,NR5G-SA,n79,-84,-84,-10,18,-999,12.5
2026-05-28 10:53:30.695,2026-05-28 11:08:16.966,22.6620180,114.5013548,50.0,10.0,-0.09,55.4,44.9,24.2,127.5,128.81,10.0,2.0,2.5,NR5G-SA,n79,-84,-84,-10,18,-999,6.7
2026-05-28 10:53:30.895,2026-05-28 11:08:17.166,22.6620309,114.5013748,50.0,10.0,-0.04,55.4,28.7,24.2,130.0,131.31,10.0,2.0,2.5,NR5G-SA,n79,-84,-84,-10,18,-999,6.5
2026-05-28 10:53:31.095,2026-05-28 11:08:17.566,22.6620437,114.5013947,50.0,10.0,-0.05,55.4,28.7,24.2,132.5,133.81,10.0,2.0,2.5,NR5G-SA,n79,-88,-88,-10,18,-999,5.9
2026-05-28 10:53:31.296,2026-05-28 11:08:17.566,22.6620566,114.5014147,50.0,10.0,-0.04,55.3,28.7,24.2,135.0,136.31,10.0,2.0,2.5,NR5G-SA,n79,-88,-88,-10,18,-999,8.3
2026-05-28 10:53:31.496,2026-05-28 11:08:17.766,22.6620566,114.5014147,50.0,10.0,-0.04,55.3,28.7,24.2,135.0,136.31,10.0,2.0,2.5,NR5G-SA,n79,-88,-88,-10,18,-999,14.1
2026-05-28 10:53:31.696,2026-05-28 11:08:17.966,22.6620694,114.5014345,50.0,10.0,-0.01,55.0,28.7,26.4,137.4,138.80,10.0,2.0,2.5,NR5G-SA,n79,-89,-89,-10,17,-999,6.5
2026-05-28 10:53:31.897,2026-05-28 11:08:18.166,22.6620822,114.5014545,50.0,10.0,-0.02,54.8,35.9,26.4,139.9,141.30,10.0,2.0,2.5,NR5G-SA,n79,-89,-89,-10,17,-999,7.4
2026-05-28 10:53:32.097,2026-05-28 11:08:18.566,22.6620950,114.5014745,50.0,9.9,-0.02,54.7,35.9,26.4,142.4,143.80,10.0,2.0,2.5,NR5G-SA,n79,-89,-89,-10,17,-999,5.3
2026-05-28 10:53:32.297,2026-05-28 11:08:18.766,22.6621077,114.5014945,50.0,10.0,-0.04,54.9,35.9,26.4,144.9,146.29,10.0,2.0,2.5,NR5G-SA,n79,-88,-88,-10,17,-999,6.8
2026-05-28 10:53:32.498,2026-05-28 11:08:18.766,22.6621204,114.5015145,50.0,10.0,-0.04,55.1,35.9,26.4,147.4,148.78,10.0,2.0,2.5,NR5G-SA,n79,-88,-88,-10,17,-999,12.0
2026-05-28 10:53:32.698,2026-05-28 11:08:18.966,22.6621204,114.5015145,50.0,10.0,-0.05,55.1,35.9,26.4,147.4,148.78,10.0,2.0,2.5,NR5G-SA,n79,-82,-82,-10,17,-999,7.1
2026-05-28 10:53:32.899,2026-05-28 11:08:19.166,22.6621331,114.5015345,50.0,9.9,0.03,55.2,35.4,26.4,149.9,151.28,10.0,2.0,2.5,NR5G-SA,n79,-82,-82,-10,17,-999,5.8
2026-05-28 10:53:33.099,2026-05-28 11:08:19.566,22.6621459,114.5015543,50.0,9.9,-0.01,55.2,35.4,26.4,152.4,153.76,10.0,2.0,2.5,NR5G-SA,n79,-82,-82,-10,17,-999,4.7
2026-05-28 10:53:33.299,2026-05-28 11:08:19.566,22.6621587,114.5015738,50.0,9.9,-0.03,55.2,35.4,26.4,154.9,156.22,10.0,2.0,2.5,NR5G-SA,n79,-89,-89,-10,17,-999,8.1
2026-05-28 10:53:33.500,2026-05-28 11:08:19.766,22.6621587,114.5015738,50.0,9.9,-0.03,55.2,35.4,26.4,154.9,156.22,10.0,2.0,2.5,NR5G-SA,n79,-89,-89,-10,17,-999,14.5
2026-05-28 10:53:33.700,2026-05-28 11:08:19.966,22.6621715,114.5015935,50.0,9.9,-0.08,55.2,35.4,25.5,157.3,158.69,10.0,2.0,2.5,NR5G-SA,n79,-89,-89,-10,17,-999,9.5
2026-05-28 10:53:33.900,2026-05-28 11:08:20.166,22.6621842,114.5016133,50.0,10.0,-0.10,55.2,30.9,25.5,159.8,161.17,10.0,2.0,2.5,NR5G-SA,n79,-87,-87,-10,15,-999,8.3
2026-05-28 10:53:34.101,2026-05-28 11:08:20.566,22.6621968,114.5016334,50.0,10.0,-0.05,55.4,30.9,25.5,162.3,163.67,10.0,2.0,2.5,NR5G-SA,n79,-87,-87,-10,15,-999,6.1
2026-05-28 10:53:34.301,2026-05-28 11:08:20.566,22.6622095,114.5016536,50.0,10.0,-0.00,55.5,30.9,25.5,164.8,166.18,10.0,2.0,2.5,NR5G-SA,n79,-87,-87,-10,15,-999,7.9
2026-05-28 10:53:34.501,2026-05-28 11:08:20.766,22.6622095,114.5016536,50.0,10.0,-0.00,55.5,30.9,25.5,164.8,166.18,10.0,2.0,2.5,NR5G-SA,n79,-86,-86,-10,16,-999,15.8
2026-05-28 10:53:34.702,2026-05-28 11:08:20.966,22.6622221,114.5016737,50.0,10.0,-0.02,55.3,30.9,26.6,167.3,168.67,10.0,2.0,2.5,NR5G-SA,n79,-86,-86,-10,16,-999,6.2
2026-05-28 10:53:34.902,2026-05-28 11:08:21.166,22.6622349,114.5016935,50.1,9.9,0.04,55.2,40.9,26.6,169.8,171.16,10.0,2.0,2.5,NR5G-SA,n79,-86,-86,-10,16,-999,4.9
2026-05-28 10:53:35.103,2026-05-28 11:08:21.566,22.6622479,114.5017131,50.1,9.9,0.06,54.7,40.9,26.6,172.3,173.64,10.0,2.0,2.5,NR5G-SA,n79,-89,-89,-10,16,-999,5.3
2026-05-28 10:53:35.303,2026-05-28 11:08:21.566,22.6622610,114.5017326,50.1,9.9,-0.01,54.4,40.9,26.6,174.8,176.12,10.0,2.0,2.5,NR5G-SA,n79,-89,-89,-10,16,-999,8.6
2026-05-28 10:53:35.503,2026-05-28 11:08:21.766,22.6622610,114.5017326,50.1,9.9,-0.01,54.4,40.9,26.6,174.8,176.12,10.0,2.0,2.5,NR5G-SA,n79,-85,-85,-10,17,-999,14.2
2026-05-28 10:53:35.703,2026-05-28 11:08:21.966,22.6622742,114.5017522,50.1,10.0,-0.04,54.3,40.9,25.9,177.3,178.61,10.0,2.0,2.5,NR5G-SA,n79,-85,-85,-10,17,-999,6.9
2026-05-28 10:53:35.904,2026-05-28 11:08:22.166,22.6622871,114.5017716,50.1,10.0,-0.02,54.3,31.2,25.9,179.7,181.06,10.0,2.0,2.5,NR5G-SA,n79,-85,-85,-10,17,-999,4.2
2026-05-28 10:53:36.104,2026-05-28 11:08:22.566,22.6623001,114.5017914,50.0,10.0,-0.05,54.4,31.2,25.9,182.2,183.56,10.0,2.0,2.5,NR5G-SA,n79,-86,-86,-10,17,-999,5.1
2026-05-28 10:53:36.305,2026-05-28 11:08:22.766,22.6623131,114.5018112,50.0,10.0,-0.04,54.7,31.2,25.9,184.7,186.06,10.0,2.0,2.5,NR5G-SA,n79,-86,-86,-10,17,-999,7.7
2026-05-28 10:53:36.505,2026-05-28 11:08:22.766,22.6623259,114.5018312,50.0,10.0,-0.05,54.4,31.2,25.9,187.2,188.56,10.0,2.0,2.5,NR5G-SA,n79,-86,-86,-10,17,-999,12.1
2026-05-28 10:53:36.705,2026-05-28 11:08:22.966,22.6623259,114.5018312,50.0,10.0,-0.05,54.4,31.2,23.9,187.2,188.56,10.0,2.0,2.5,NR5G-SA,n79,-86,-86,-10,18,-999,6.7
2026-05-28 10:53:36.906,2026-05-28 11:08:23.166,22.6623386,114.5018513,50.0,10.0,-0.09,54.1,40.6,23.9,189.7,191.06,10.0,2.0,2.5,NR5G-SA,n79,-86,-86,-10,18,-999,5.3
2026-05-28 10:53:37.106,2026-05-28 11:08:23.566,22.6623511,114.5018715,50.0,10.1,-0.06,54.1,40.6,23.9,192.2,193.56,10.0,2.0,2.5,NR5G-SA,n79,-86,-86,-10,18,-999,6.0
2026-05-28 10:53:37.306,2026-05-28 11:08:23.566,22.6623639,114.5018920,50.0,10.2,-0.06,54.3,40.6,23.9,194.7,196.10,10.0,2.0,2.5,NR5G-SA,n79,-84,-84,-10,18,-999,7.7
2026-05-28 10:53:37.507,2026-05-28 11:08:23.766,22.6623769,114.5019124,50.0,10.2,-0.06,54.5,40.6,23.9,197.3,198.65,10.0,2.0,2.5,NR5G-SA,n79,-84,-84,-10,18,-999,14.0
2026-05-28 10:53:37.707,2026-05-28 11:08:23.966,22.6623769,114.5019124,50.0,10.2,-0.03,54.5,40.6,25.3,197.3,198.65,10.0,2.0,2.5,NR5G-SA,n79,-88,-88,-10,18,-999,9.0
2026-05-28 10:53:37.907,2026-05-28 11:08:24.166,22.6623901,114.5019328,50.0,10.2,0.05,54.4,30.7,25.3,199.8,201.21,10.0,2.0,2.5,NR5G-SA,n79,-88,-88,-10,18,-999,5.1
2026-05-28 10:53:38.108,2026-05-28 11:08:24.566,22.6624033,114.5019528,50.0,10.1,0.07,54.3,30.7,25.3,202.4,203.73,10.0,2.0,2.5,NR5G-SA,n79,-88,-88,-10,18,-999,5.9
2026-05-28 10:53:38.308,2026-05-28 11:08:24.566,22.6624163,114.5019726,50.0,10.0,0.04,53.9,30.7,25.3,204.9,206.23,10.0,2.0,2.5,NR5G-SA,n79,-87,-87,-10,17,-999,8.6
2026-05-28 10:53:38.509,2026-05-28 11:08:24.766,22.6624292,114.5019922,50.0,9.9,-0.04,53.7,30.7,25.3,207.3,208.70,10.0,2.0,2.5,NR5G-SA,n79,-87,-87,-10,17,-999,11.5
2026-05-28 10:53:38.709,2026-05-28 11:08:24.966,22.6624292,114.5019922,50.0,9.9,-0.04,53.7,30.7,25.3,207.3,208.70,10.0,2.0,2.5,NR5G-SA,n79,-87,-87,-10,17,-999,7.3
2026-05-28 10:53:38.909,2026-05-28 11:08:25.166,22.6624421,114.5020121,50.0,10.0,-0.12,53.9,35.9,25.7,209.8,211.20,10.0,2.0,2.5,NR5G-SA,n79,-87,-87,-10,15,-999,5.2
2026-05-28 10:53:39.110,2026-05-28 11:08:25.566,22.6624551,114.5020322,50.0,10.1,-0.05,54.2,35.9,25.7,212.4,213.72,10.0,2.0,2.5,NR5G-SA,n79,-87,-87,-10,15,-999,5.5
2026-05-28 10:53:39.310,2026-05-28 11:08:25.766,22.6624682,114.5020523,50.0,10.1,-0.02,54.4,35.9,25.7,214.9,216.25,10.0,2.0,2.5,NR5G-SA,n79,-87,-87,-10,15,-999,4.5
2026-05-28 10:53:39.511,2026-05-28 11:08:25.766,22.6624812,114.5020724,50.0,10.0,0.03,54.2,35.9,25.7,217.4,218.77,10.0,2.0,2.5,NR5G-SA,n79,-86,-86,-10,15,-999,12.4
2026-05-28 10:53:39.711,2026-05-28 11:08:25.966,22.6624812,114.5020724,50.0,10.0,0.03,54.2,35.9,25.7,217.4,218.77,10.0,2.0,2.5,NR5G-SA,n79,-86,-86,-10,15,-999,9.4
2026-05-28 10:53:39.911,2026-05-28 11:08:26.166,22.6624941,114.5020924,50.0,10.0,-0.01,54.1,36.3,26.5,219.9,221.28,10.0,2.0,2.5,NR5G-SA,n79,-86,-86,-10,17,-999,4.3
2026-05-28 10:53:40.112,2026-05-28 11:08:26.566,22.6625070,114.5021123,50.0,9.9,-0.03,54.2,36.3,26.5,222.4,223.78,10.0,2.0,2.5,NR5G-SA,n79,-86,-86,-10,17,-999,4.5
2026-05-28 10:53:40.312,2026-05-28 11:08:26.766,22.6625200,114.5021320,50.0,9.9,-0.06,54.1,36.3,26.5,224.9,226.26,10.0,2.0,2.5,NR5G-SA,n79,-86,-86,-10,17,-999,5.6
2026-05-28 10:53:40.512,2026-05-28 11:08:26.766,22.6625328,114.5021517,50.0,9.9,-0.02,54.1,36.3,26.5,227.4,228.74,10.0,2.0,2.5,NR5G-SA,n79,-90,-90,-10,19,-999,9.9
2026-05-28 10:53:40.713,2026-05-28 11:08:26.966,22.6625328,114.5021517,50.0,9.9,-0.02,54.1,36.3,26.5,227.4,228.74,10.0,2.0,2.5,NR5G-SA,n79,-90,-90,-10,19,-999,11.4
2026-05-28 10:53:40.913,2026-05-28 11:08:27.166,22.6625455,114.5021715,50.0,9.9,-0.06,54.1,100.0,26.1,229.9,231.22,10.0,2.0,2.5,NR5G-SA,n79,-90,-90,-10,19,-999,5.7
2026-05-28 10:53:41.113,2026-05-28 11:08:27.566,22.6625582,114.5021913,50.0,9.9,-0.11,54.1,100.0,26.1,232.3,233.69,10.0,2.0,2.5,NR5G-SA,n79,-94,-94,-11,20,-999,5.9
2026-05-28 10:53:41.314,2026-05-28 11:08:27.766,22.6625711,114.5022114,50.0,10.0,-0.07,54.5,100.0,26.1,234.8,236.21,10.0,2.0,2.5,NR5G-SA,n79,-94,-94,-11,20,-999,7.4
2026-05-28 10:53:41.514,2026-05-28 11:08:27.766,22.6625841,114.5022316,50.0,10.1,0.02,54.6,100.0,26.1,237.4,238.74,10.0,2.0,2.5,NR5G-SA,n79,-94,-94,-11,20,-999,13.1
2026-05-28 10:53:41.714,2026-05-28 11:08:27.966,22.6625841,114.5022316,50.0,10.1,0.02,54.6,100.0,26.1,237.4,238.74,10.0,2.0,2.5,NR5G-SA,n79,-85,-85,-10,22,-999,6.5
2026-05-28 10:53:41.915,2026-05-28 11:08:28.166,22.6625971,114.5022517,50.0,10.0,0.04,54.3,16.3,26.0,239.9,241.26,10.0,2.0,2.5,NR5G-SA,n79,-85,-85,-10,22,-999,6.6
2026-05-28 10:53:42.115,2026-05-28 11:08:28.566,22.6626100,114.5022716,50.0,10.0,-0.00,54.2,16.3,26.0,242.4,243.76,10.0,2.0,2.5,NR5G-SA,n79,-85,-85,-10,23,-999,6.0
2026-05-28 10:53:42.315,2026-05-28 11:08:28.766,22.6626230,114.5022914,50.0,9.9,-0.01,54.3,16.3,26.0,244.9,246.25,10.0,2.0,2.5,NR5G-SA,n79,-85,-85,-10,23,-999,8.0
2026-05-28 10:53:42.516,2026-05-28 11:08:28.766,22.6626360,114.5023110,50.0,10.0,-0.02,54.5,16.3,26.0,247.4,248.73,10.0,2.0,2.5,NR5G-SA,n79,-85,-85,-10,23,-999,11.4
2026-05-28 10:53:42.716,2026-05-28 11:08:28.966,22.6626360,114.5023110,50.0,10.0,-0.02,54.5,16.3,26.0,247.4,248.73,10.0,2.0,2.5,NR5G-SA,n79,-87,-87,-10,23,-999,12.2
2026-05-28 10:53:42.916,2026-05-28 11:08:29.166,22.6626490,114.5023308,50.0,10.0,-0.07,54.6,49.4,25.4,249.9,251.23,10.0,2.0,2.5,NR5G-SA,n79,-87,-87,-10,23,-999,11.1
2026-05-28 10:53:43.117,2026-05-28 11:08:29.566,22.6626621,114.5023507,50.0,10.0,-0.02,54.7,49.4,25.4,252.4,253.74,10.0,2.0,2.5,NR5G-SA,n79,-87,-87,-10,23,-999,7.7
2026-05-28 10:53:43.317,2026-05-28 11:08:29.566,22.6626752,114.5023708,50.0,10.1,-0.04,54.8,49.4,25.4,254.9,256.27,10.0,2.0,2.5,NR5G-SA,n79,-88,-88,-10,24,-999,7.2
2026-05-28 10:53:43.517,2026-05-28 11:08:29.766,22.6626882,114.5023909,50.0,10.1,-0.02,54.9,49.4,25.4,257.4,258.79,10.0,2.0,2.5,NR5G-SA,n79,-88,-88,-10,24,-999,12.1
2026-05-28 10:53:43.718,2026-05-28 11:08:29.966,22.6626882,114.5023909,50.0,10.1,-0.02,54.9,49.4,25.4,257.4,258.79,10.0,2.0,2.5,NR5G-SA,n79,-88,-88,-10,24,-999,10.9
2026-05-28 10:53:43.918,2026-05-28 11:08:30.166,22.6627011,114.5024109,50.0,10.0,-0.03,54.8,45.6,25.5,259.9,261.30,10.0,2.0,2.5,NR5G-SA,n79,-87,-87,-10,24,-999,7.5
2026-05-28 10:53:44.118,2026-05-28 11:08:30.566,22.6627139,114.5024308,50.0,10.0,-0.03,54.7,45.6,25.5,262.4,263.79,10.0,2.0,2.5,NR5G-SA,n79,-87,-87,-10,24,-999,6.7
2026-05-28 10:53:44.318,2026-05-28 11:08:30.766,22.6627268,114.5024507,50.0,10.0,-0.05,54.8,45.6,25.5,264.9,266.29,10.0,2.0,2.5,NR5G-SA,n79,-89,-89,-10,25,-999,7.4
2026-05-28 10:53:44.519,2026-05-28 11:08:30.766,22.6627397,114.5024706,50.0,10.0,-0.03,55.1,45.6,25.5,267.4,268.78,10.0,2.0,2.5,NR5G-SA,n79,-89,-89,-10,25,-999,10.8
2026-05-28 10:53:44.719,2026-05-28 11:08:30.966,22.6627397,114.5024706,50.0,10.0,-0.03,55.1,45.6,25.5,267.4,268.78,10.0,2.0,2.5,NR5G-SA,n79,-89,-89,-10,25,-999,8.7
2026-05-28 10:53:44.919,2026-05-28 11:08:31.166,22.6627526,114.5024904,50.0,10.0,-0.04,55.1,41.1,25.5,269.9,271.27,10.0,2.0,2.5,NR5G-SA,n79,-91,-91,-10,24,-999,9.5
2026-05-28 10:53:45.120,2026-05-28 11:08:31.566,22.6627655,114.5025104,50.0,10.0,-0.04,55.1,41.1,26.4,272.4,273.78,10.0,2.0,2.5,NR5G-SA,n79,-91,-91,-10,24,-999,5.8
2026-05-28 10:53:45.320,2026-05-28 11:08:31.766,22.6627784,114.5025304,50.0,10.0,-0.00,55.2,41.1,26.4,274.9,276.29,10.0,2.0,2.5,NR5G-SA,n79,-91,-91,-10,24,-999,6.1
2026-05-28 10:53:45.520,2026-05-28 11:08:31.766,22.6627912,114.5025503,50.0,10.0,0.01,55.3,41.1,26.4,277.4,278.78,10.0,2.0,2.5,NR5G-SA,n79,-86,-86,-10,24,-999,9.7
2026-05-28 10:53:45.721,2026-05-28 11:08:31.966,22.6627912,114.5025503,50.0,10.0,0.01,55.3,41.1,26.4,277.4,278.78,10.0,2.0,2.5,NR5G-SA,n79,-86,-86,-10,24,-999,12.1
2026-05-28 10:53:45.921,2026-05-28 11:08:32.166,22.6628041,114.5025702,50.0,10.0,0.04,55.3,31.0,26.4,279.9,281.28,10.0,2.0,2.5,NR5G-SA,n79,-86,-86,-10,24,-999,10.6
2026-05-28 10:53:46.121,2026-05-28 11:08:32.566,22.6628171,114.5025900,50.0,9.9,0.02,55.3,31.0,26.9,282.4,283.77,10.0,2.0,2.5,NR5G-SA,n79,-87,-87,-10,22,-999,6.1
2026-05-28 10:53:46.322,2026-05-28 11:08:32.766,22.6628301,114.5026098,50.0,10.0,0.02,55.4,31.0,26.9,284.9,286.27,10.0,2.0,2.5,NR5G-SA,n79,-87,-87,-10,22,-999,6.0
2026-05-28 10:53:46.522,2026-05-28 11:08:32.766,22.6628431,114.5026297,50.0,10.0,-0.02,55.4,31.0,26.9,287.4,288.77,10.0,2.0,2.5,NR5G-SA,n79,-89,-89,-10,22,-999,10.4
2026-05-28 10:53:46.722,2026-05-28 11:08:32.966,22.6628431,114.5026297,50.0,10.0,-0.02,55.4,31.0,26.9,287.4,288.77,10.0,2.0,2.5,NR5G-SA,n79,-89,-89,-10,22,-999,10.5
2026-05-28 10:53:46.923,2026-05-28 11:08:33.166,22.6628559,114.5026496,50.0,10.0,-0.02,55.5,0.0,26.9,289.9,291.27,10.0,2.0,2.5,NR5G-SA,n79,-89,-89,-10,22,-999,8.1
2026-05-28 10:53:47.123,2026-05-28 11:08:33.566,22.6628687,114.5026695,50.0,10.0,-0.03,55.5,0.0,26.5,292.4,293.76,10.0,2.0,2.5,NR5G-SA,n79,-90,-90,-10,20,-999,5.9
2026-05-28 10:53:47.323,2026-05-28 11:08:33.766,22.6628815,114.5026894,50.0,10.0,-0.02,55.6,0.0,26.5,294.9,296.25,10.0,2.0,2.5,NR5G-SA,n79,-90,-90,-10,20,-999,6.1
2026-05-28 10:53:47.524,2026-05-28 11:08:33.766,22.6628941,114.5027094,50.0,10.0,-0.03,55.6,0.0,26.5,297.4,298.74,10.0,2.0,2.5,NR5G-SA,n79,-90,-90,-10,20,-999,9.7
2026-05-28 10:53:47.724,2026-05-28 11:08:33.966,22.6628941,114.5027094,50.0,10.0,-0.03,55.6,0.0,26.5,297.4,298.74,10.0,2.0,2.5,NR5G-SA,n79,-88,-88,-10,19,-999,9.5
2026-05-28 10:53:47.924,2026-05-28 11:08:34.166,22.6629067,114.5027294,50.0,10.0,-0.00,55.6,0.0,26.5,299.9,301.22,10.0,2.0,2.5,NR5G-SA,n79,-88,-88,-10,19,-999,10.1
2026-05-28 10:53:48.125,2026-05-28 11:08:34.566,22.6629194,114.5027495,50.0,9.9,0.01,55.3,41.7,24.5,302.4,303.73,10.0,2.0,2.5,NR5G-SA,n79,-88,-88,-10,19,-999,6.1
2026-05-28 10:53:48.325,2026-05-28 11:08:34.766,22.6629321,114.5027695,50.0,10.0,0.02,55.0,41.7,24.5,304.9,306.22,10.0,2.0,2.5,NR5G-SA,n79,-89,-89,-10,19,-999,6.1
2026-05-28 10:53:48.525,2026-05-28 11:08:34.766,22.6629448,114.5027894,50.0,10.0,0.02,54.6,41.7,24.5,307.3,308.71,10.0,2.0,2.5,NR5G-SA,n79,-89,-89,-10,19,-999,10.3
2026-05-28 10:53:48.726,2026-05-28 11:08:34.966,22.6629448,114.5027894,50.0,10.0,0.02,54.6,41.7,24.5,307.3,308.71,10.0,2.0,2.5,NR5G-SA,n79,-89,-89,-10,19,-999,11.5
2026-05-28 10:53:48.926,2026-05-28 11:08:35.166,22.6629577,114.5028092,50.0,10.0,-0.01,54.6,41.7,24.5,309.8,311.20,10.0,2.0,2.5,NR5G-SA,n79,-88,-88,-10,19,-999,9.8
2026-05-28 10:53:49.127,2026-05-28 11:08:35.566,22.6629706,114.5028291,50.0,10.0,0.01,54.6,24.4,22.8,312.3,313.69,10.0,2.0,2.5,NR5G-SA,n79,-88,-88,-10,19,-999,5.9
2026-05-28 10:53:49.327,2026-05-28 11:08:35.766,22.6629836,114.5028489,50.0,10.0,0.00,54.5,24.4,22.8,314.8,316.19,10.0,2.0,2.5,NR5G-SA,n79,-89,-89,-10,19,-999,7.9
2026-05-28 10:53:49.527,2026-05-28 11:08:35.766,22.6629966,114.5028689,50.0,10.0,0.02,54.5,24.4,22.8,317.3,318.70,10.0,2.0,2.5,NR5G-SA,n79,-89,-89,-10,19,-999,9.5
2026-05-28 10:53:49.728,2026-05-28 11:08:35.966,22.6629966,114.5028689,50.0,10.0,0.02,54.5,24.4,22.8,317.3,318.70,10.0,2.0,2.5,NR5G-SA,n79,-89,-89,-10,19,-999,9.1
2026-05-28 10:53:49.928,2026-05-28 11:08:36.166,22.6630096,114.5028888,50.0,10.0,0.00,54.5,24.4,22.8,319.8,321.21,10.0,2.0,2.5,NR5G-SA,n79,-89,-89,-10,19,-999,6.7
2026-05-28 10:53:50.128,2026-05-28 11:08:36.567,22.6630225,114.5029087,50.0,10.0,-0.01,54.3,21.1,19.6,322.3,323.71,10.0,2.0,2.5,NR5G-SA,n79,-89,-89,-10,19,-999,5.6
2026-05-28 10:53:50.329,2026-05-28 11:08:36.767,22.6630354,114.5029287,50.0,10.0,-0.04,54.4,21.1,19.6,324.9,326.21,10.0,2.0,2.5,NR5G-SA,n79,-89,-89,-10,19,-999,5.7
2026-05-28 10:53:50.529,2026-05-28 11:08:36.767,22.6630484,114.5029487,50.0,10.1,-0.05,54.4,21.1,19.6,327.4,328.73,10.0,2.0,2.5,NR5G-SA,n79,-90,-90,-10,20,-999,9.0
2026-05-28 10:53:50.729,2026-05-28 11:08:36.967,22.6630484,114.5029487,50.0,10.1,-0.05,54.4,21.1,19.6,327.4,328.73,10.0,2.0,2.5,NR5G-SA,n79,-90,-90,-10,20,-999,13.8
2026-05-28 10:53:50.930,2026-05-28 11:08:37.167,22.6630613,114.5029687,50.0,10.0,-0.03,54.5,21.1,19.6,329.9,331.23,10.0,2.0,2.5,NR5G-SA,n79,-90,-90,-10,20,-999,9.1
2026-05-28 10:53:51.130,2026-05-28 11:08:37.567,22.6630744,114.5029886,50.0,10.0,0.00,54.5,46.0,18.0,332.4,333.74,10.0,2.0,2.5,NR5G-SA,n79,-91,-91,-10,19,-999,6.1
2026-05-28 10:53:51.330,2026-05-28 11:08:37.767,22.6630874,114.5030084,50.0,10.0,0.01,54.5,46.0,18.0,334.9,336.24,10.0,2.0,2.5,NR5G-SA,n79,-91,-91,-10,19,-999,7.2
2026-05-28 10:53:51.531,2026-05-28 11:08:37.767,22.6631004,114.5030282,50.0,10.0,-0.01,54.6,46.0,18.0,337.4,338.74,10.0,2.0,2.5,NR5G-SA,n79,-90,-90,-10,19,-999,10.2
2026-05-28 10:53:51.731,2026-05-28 11:08:37.967,22.6631004,114.5030282,50.0,10.0,-0.01,54.6,46.0,18.0,337.4,338.74,10.0,2.0,2.5,NR5G-SA,n79,-90,-90,-10,19,-999,11.6
2026-05-28 10:53:51.932,2026-05-28 11:08:38.167,22.6631134,114.5030481,50.0,10.0,-0.01,54.7,46.0,18.0,339.9,341.24,10.0,2.0,2.5,NR5G-SA,n79,-90,-90,-10,19,-999,11.7
2026-05-28 10:53:52.132,2026-05-28 11:08:38.567,22.6631263,114.5030680,50.0,10.0,-0.00,54.8,28.4,17.7,342.4,343.74,10.0,2.0,2.5,NR5G-SA,n79,-90,-90,-10,19,-999,6.1
2026-05-28 10:53:52.332,2026-05-28 11:08:38.767,22.6631392,114.5030879,50.0,10.0,-0.03,55.1,28.4,17.7,344.9,346.24,10.0,2.0,2.5,NR5G-SA,n79,-90,-90,-10,19,-999,8.3
2026-05-28 10:53:52.533,2026-05-28 11:08:38.767,22.6631521,114.5031080,50.0,10.0,-0.03,55.1,28.4,17.7,347.4,348.75,10.0,2.0,2.5,NR5G-SA,n79,-90,-90,-10,19,-999,10.3
2026-05-28 10:53:52.733,2026-05-28 11:08:38.967,22.6631521,114.5031080,50.0,10.0,-0.03,55.1,28.4,17.7,347.4,348.75,10.0,2.0,2.5,NR5G-SA,n79,-91,-91,-10,19,-999,13.0
2026-05-28 10:53:52.934,2026-05-28 11:08:39.167,22.6631649,114.5031280,50.0,10.0,-0.01,55.1,28.4,17.7,349.9,351.25,10.0,2.0,2.5,NR5G-SA,n79,-91,-91,-10,19,-999,6.9
2026-05-28 10:53:53.134,2026-05-28 11:08:39.567,22.6631777,114.5031479,50.0,10.0,0.00,55.1,37.3,16.8,352.4,353.74,10.0,2.0,2.5,NR5G-SA,n79,-91,-91,-10,19,-999,5.6
2026-05-28 10:53:53.334,2026-05-28 11:08:39.767,22.6631906,114.5031679,50.0,10.0,0.02,55.2,37.3,16.8,354.9,356.25,10.0,2.0,2.5,NR5G-SA,n79,-89,-89,-10,18,-999,7.7
2026-05-28 10:53:53.535,2026-05-28 11:08:39.767,22.6632035,114.5031879,50.0,10.0,0.03,55.2,37.3,16.8,357.4,358.76,10.0,2.0,2.5,NR5G-SA,n79,-89,-89,-10,18,-999,11.5
2026-05-28 10:53:53.735,2026-05-28 11:08:39.967,22.6632035,114.5031879,50.0,10.0,0.03,55.2,37.3,16.8,357.4,358.76,10.0,2.0,2.5,NR5G-SA,n79,-91,-91,-10,19,-999,13.8
2026-05-28 10:53:53.936,2026-05-28 11:08:40.167,22.6632164,114.5032080,50.0,10.0,0.00,55.3,37.3,16.8,359.9,361.27,10.0,2.0,2.5,NR5G-SA,n79,-91,-91,-10,19,-999,9.4
2026-05-28 10:53:54.136,2026-05-28 11:08:40.567,22.6632293,114.5032279,50.0,9.9,-0.01,55.3,34.9,18.9,362.4,363.77,10.0,2.0,2.5,NR5G-SA,n79,-91,-91,-10,19,-999,5.7
2026-05-28 10:53:54.337,2026-05-28 11:08:40.767,22.6632422,114.5032478,50.0,10.0,0.00,55.4,34.9,18.9,364.9,366.27,10.0,2.0,2.5,NR5G-SA,n79,-93,-93,-10,19,-999,7.7
2026-05-28 10:53:54.537,2026-05-28 11:08:40.767,22.6632551,114.5032677,50.0,10.0,0.02,55.4,34.9,18.9,367.4,368.77,10.0,2.0,2.5,NR5G-SA,n79,-93,-93,-10,19,-999,9.2
2026-05-28 10:53:54.737,2026-05-28 11:08:40.967,22.6632551,114.5032677,50.0,10.0,0.02,55.4,34.9,18.9,367.4,368.77,10.0,2.0,2.5,NR5G-SA,n79,-93,-93,-10,19,-999,14.2
2026-05-28 10:53:54.938,2026-05-28 11:08:41.167,22.6632679,114.5032876,50.0,10.0,-0.01,55.6,34.9,18.9,369.9,371.26,10.0,2.0,2.5,NR5G-SA,n79,-93,-93,-10,19,-999,9.7
2026-05-28 10:53:55.138,2026-05-28 11:08:41.567,22.6632808,114.5033075,50.0,10.0,-0.00,55.5,31.2,18.9,372.4,373.76,10.0,2.0,2.5,NR5G-SA,n79,-93,-93,-10,19,-999,7.8
2026-05-28 10:53:55.338,2026-05-28 11:08:41.767,22.6632937,114.5033274,50.0,9.9,-0.01,55.3,31.2,19.2,374.9,376.26,10.0,2.0,2.5,NR5G-SA,n79,-93,-93,-10,19,-999,5.8
2026-05-28 10:53:55.539,2026-05-28 11:08:41.767,22.6633067,114.5033472,50.0,10.0,-0.06,55.2,31.2,19.2,377.4,378.75,10.0,2.0,2.5,NR5G-SA,n79,-94,-94,-10,20,-999,8.1
2026-05-28 10:53:55.739,2026-05-28 11:08:41.967,22.6633067,114.5033472,50.0,10.0,-0.06,55.2,31.2,19.2,377.4,378.75,10.0,2.0,2.5,NR5G-SA,n79,-94,-94,-10,20,-999,13.8
2026-05-28 10:53:55.939,2026-05-28 11:08:42.167,22.6633197,114.5033669,50.0,10.0,0.02,55.4,31.2,19.2,379.9,381.24,10.0,2.0,2.5,NR5G-SA,n79,-93,-93,-10,20,-999,8.9
2026-05-28 10:53:56.140,2026-05-28 11:08:42.567,22.6633326,114.5033868,50.0,9.9,-0.01,55.2,40.2,19.2,382.4,383.74,10.0,2.0,2.5,NR5G-SA,n79,-93,-93,-10,20,-999,7.8
2026-05-28 10:53:56.340,2026-05-28 11:08:42.767,22.6633456,114.5034067,50.0,10.0,0.02,55.3,40.2,19.8,384.9,386.24,10.0,2.0,2.5,NR5G-SA,n79,-93,-93,-10,20,-999,8.3
2026-05-28 10:53:56.540,2026-05-28 11:08:42.767,22.6633585,114.5034267,50.0,9.9,0.02,55.2,40.2,19.8,387.4,388.75,10.0,2.0,2.5,NR5G-SA,n79,-93,-93,-10,20,-999,9.9
2026-05-28 10:53:56.741,2026-05-28 11:08:42.967,22.6633585,114.5034267,50.0,9.9,0.02,55.2,40.2,19.8,387.4,388.75,10.0,2.0,2.5,NR5G-SA,n79,-93,-93,-10,20,-999,12.2
2026-05-28 10:53:56.941,2026-05-28 11:08:43.167,22.6633715,114.5034467,50.0,10.0,-0.00,55.3,40.2,19.8,389.9,391.26,10.0,2.0,2.5,NR5G-SA,n79,-93,-93,-10,20,-999,8.6
2026-05-28 10:53:57.141,2026-05-28 11:08:43.567,22.6633843,114.5034668,50.0,10.0,0.02,55.4,30.5,19.8,392.4,393.77,10.0,2.0,2.5,NR5G-SA,n79,-93,-93,-10,21,-999,6.9
2026-05-28 10:53:57.342,2026-05-28 11:08:43.767,22.6633971,114.5034868,50.0,10.0,-0.01,55.4,30.5,23.0,394.9,396.27,10.0,2.0,2.5,NR5G-SA,n79,-93,-93,-10,21,-999,6.1
2026-05-28 10:53:57.542,2026-05-28 11:08:43.767,22.6634099,114.5035069,50.0,10.0,-0.01,55.4,30.5,23.0,397.4,398.78,10.0,2.0,2.5,NR5G-SA,n79,-93,-93,-10,21,-999,7.6
2026-05-28 10:53:57.743,2026-05-28 11:08:43.967,22.6634099,114.5035069,50.0,10.0,-0.01,55.4,30.5,23.0,397.4,398.78,10.0,2.0,2.5,NR5G-SA,n79,-93,-93,-10,20,-999,15.2
2026-05-28 10:53:57.943,2026-05-28 11:08:44.167,22.6634227,114.5035267,50.0,9.9,0.04,55.4,30.5,23.0,399.9,401.26,10.0,2.0,2.5,NR5G-SA,n79,-93,-93,-10,20,-999,10.0
2026-05-28 10:53:58.143,2026-05-28 11:08:44.567,22.6634356,114.5035465,50.0,9.9,0.01,55.2,41.4,23.0,402.4,403.75,10.0,2.0,2.5,NR5G-SA,n79,-94,-94,-10,20,-999,10.1
2026-05-28 10:53:58.344,2026-05-28 11:08:44.767,22.6634485,114.5035662,50.0,10.0,0.00,55.1,41.4,25.9,404.9,406.23,10.0,2.0,2.5,NR5G-SA,n79,-94,-94,-10,20,-999,7.1
2026-05-28 10:53:58.544,2026-05-28 11:08:44.767,22.6634615,114.5035859,50.0,10.0,0.05,55.1,41.4,25.9,407.4,408.72,10.0,2.0,2.5,NR5G-SA,n79,-94,-94,-10,20,-999,8.8
2026-05-28 10:53:58.744,2026-05-28 11:08:44.967,22.6634615,114.5035859,50.0,10.0,0.05,55.1,41.4,25.9,407.4,408.72,10.0,2.0,2.5,NR5G-SA,n79,-93,-93,-10,20,-999,15.5
2026-05-28 10:53:58.944,2026-05-28 11:08:45.167,22.6634744,114.5036057,50.0,10.0,0.02,55.2,41.4,25.9,409.8,411.21,10.0,2.0,2.5,NR5G-SA,n79,-93,-93,-10,20,-999,10.5
2026-05-28 10:53:59.145,2026-05-28 11:08:45.567,22.6634873,114.5036256,50.0,10.0,0.05,55.2,32.2,25.9,412.3,413.71,10.0,2.0,2.5,NR5G-SA,n79,-93,-93,-10,20,-999,5.4
2026-05-28 10:53:59.345,2026-05-28 11:08:45.767,22.6635002,114.5036456,50.0,10.0,-0.01,55.3,32.2,24.5,414.9,416.22,10.0,2.0,2.5,NR5G-SA,n79,-96,-96,-10,20,-999,6.3
2026-05-28 10:53:59.545,2026-05-28 11:08:45.767,22.6635131,114.5036657,50.0,10.0,0.02,55.4,32.2,24.5,417.4,418.73,10.0,2.0,2.5,NR5G-SA,n79,-96,-96,-10,20,-999,8.8
2026-05-28 10:53:59.746,2026-05-28 11:08:45.967,22.6635131,114.5036657,50.0,10.0,0.02,55.4,32.2,24.5,417.4,418.73,10.0,2.0,2.5,NR5G-SA,n79,-96,-96,-10,20,-999,13.0
2026-05-28 10:53:59.946,2026-05-28 11:08:46.167,22.6635259,114.5036857,50.0,10.0,0.02,55.4,32.2,24.5,419.9,421.23,10.0,2.0,2.5,NR5G-SA,n79,-94,-94,-10,19,-999,7.4
2026-05-28 10:54:00.147,2026-05-28 11:08:46.567,22.6635387,114.5037057,50.0,10.0,0.00,55.4,36.1,24.5,422.4,423.73,10.0,2.0,2.5,NR5G-SA,n79,-94,-94,-10,19,-999,5.9
2026-05-28 10:54:00.347,2026-05-28 11:08:46.767,22.6635516,114.5037257,50.0,10.0,0.04,55.2,36.1,24.5,424.9,426.24,10.0,2.0,2.5,NR5G-SA,n79,-94,-94,-10,19,-999,5.6
2026-05-28 10:54:00.547,2026-05-28 11:08:46.767,22.6635644,114.5037455,50.0,10.0,0.02,55.2,36.1,24.5,427.4,428.72,10.0,2.0,2.5,NR5G-SA,n79,-94,-94,-10,19,-999,9.7
2026-05-28 10:54:00.748,2026-05-28 11:08:46.967,22.6635772,114.5037654,50.0,10.0,0.02,55.3,36.1,24.5,429.9,431.21,10.0,2.0,2.5,NR5G-SA,n79,-94,-94,-10,19,-999,13.1
2026-05-28 10:54:00.948,2026-05-28 11:08:47.167,22.6635772,114.5037654,50.0,10.0,0.03,55.3,36.1,24.5,429.9,431.21,10.0,2.0,2.5,NR5G-SA,n79,-94,-94,-10,19,-999,7.7
2026-05-28 10:54:01.148,2026-05-28 11:08:47.567,22.6635901,114.5037855,50.0,10.0,0.03,55.3,33.0,24.5,432.4,433.73,10.0,2.0,2.5,NR5G-SA,n79,-94,-94,-10,19,-999,6.7
2026-05-28 10:54:01.349,2026-05-28 11:08:47.767,22.6636030,114.5038055,50.0,10.0,0.03,55.3,33.0,26.9,434.9,436.24,10.0,2.0,2.5,NR5G-SA,n79,-94,-94,-10,19,-999,5.0
2026-05-28 10:54:01.549,2026-05-28 11:08:47.767,22.6636160,114.5038254,50.0,10.0,0.01,55.1,33.0,26.9,437.4,438.74,10.0,2.0,2.5,NR5G-SA,n79,-96,-96,-10,19,-999,7.6
2026-05-28 10:54:01.749,2026-05-28 11:08:47.967,22.6636160,114.5038254,50.0,10.0,0.01,55.1,33.0,26.9,437.4,438.74,10.0,2.0,2.5,NR5G-SA,n79,-96,-96,-10,19,-999,12.4
2026-05-28 10:54:01.950,2026-05-28 11:08:48.167,22.6636289,114.5038452,50.0,10.0,0.01,55.0,33.0,26.9,439.9,441.23,10.0,2.0,2.5,NR5G-SA,n79,-96,-96,-10,19,-999,8.0
2026-05-28 10:54:02.150,2026-05-28 11:08:48.567,22.6636419,114.5038651,50.0,9.9,0.02,54.7,29.3,26.9,442.4,443.73,10.0,2.0,2.5,NR5G-SA,n79,-95,-95,-10,19,-999,6.2
2026-05-28 10:54:02.351,2026-05-28 11:08:48.767,22.6636548,114.5038850,50.0,10.0,-0.00,54.6,29.3,26.9,444.9,446.23,10.0,2.0,2.5,NR5G-SA,n79,-95,-95,-10,19,-999,5.4
2026-05-28 10:54:02.551,2026-05-28 11:08:48.767,22.6636678,114.5039049,50.0,10.0,0.03,54.4,29.3,25.1,447.4,448.74,10.0,2.0,2.5,NR5G-SA,n79,-95,-95,-10,19,-999,10.5
2026-05-28 10:54:02.751,2026-05-28 11:08:48.967,22.6636807,114.5039248,50.0,10.0,0.00,54.6,29.3,25.1,449.9,451.23,10.0,2.0,2.5,NR5G-SA,n79,-95,-95,-10,19,-999,9.9
2026-05-28 10:54:02.951,2026-05-28 11:08:49.167,22.6636807,114.5039248,50.0,10.0,0.00,54.6,29.3,25.1,449.9,451.23,10.0,2.0,2.5,NR5G-SA,n79,-95,-95,-10,19,-999,6.5
2026-05-28 10:54:03.152,2026-05-28 11:08:49.567,22.6636937,114.5039447,50.0,10.0,0.02,54.6,44.6,25.1,452.4,453.74,10.0,2.0,2.5,NR5G-SA,n79,-96,-96,-10,18,-999,8.1
2026-05-28 10:54:03.352,2026-05-28 11:08:49.767,22.6637067,114.5039647,50.0,10.0,0.01,54.7,44.6,25.1,454.9,456.25,10.0,2.0,2.5,NR5G-SA,n79,-96,-96,-10,18,-999,7.4
2026-05-28 10:54:03.552,2026-05-28 11:08:49.767,22.6637196,114.5039846,50.0,10.0,0.02,54.7,44.6,23.2,457.4,458.75,10.0,2.0,2.5,NR5G-SA,n79,-96,-96,-10,18,-999,10.1
2026-05-28 10:54:03.753,2026-05-28 11:08:49.967,22.6637325,114.5040047,50.0,10.0,0.02,54.7,44.6,23.2,459.9,461.27,10.0,2.0,2.5,NR5G-SA,n79,-96,-96,-10,18,-999,7.1
2026-05-28 10:54:03.953,2026-05-28 11:08:50.167,22.6637325,114.5040047,50.0,10.0,0.04,54.7,44.6,23.2,459.9,461.27,10.0,2.0,2.5,NR5G-SA,n79,-96,-96,-10,18,-999,7.5
2026-05-28 10:54:04.154,2026-05-28 11:08:50.567,22.6637454,114.5040247,50.0,10.0,-0.04,54.7,51.3,23.2,462.4,463.77,10.0,2.0,2.5,NR5G-SA,n79,-96,-96,-10,18,-999,7.5
2026-05-28 10:54:04.354,2026-05-28 11:08:50.767,22.6637583,114.5040445,50.0,9.9,-0.01,54.7,51.3,23.2,464.9,466.26,10.0,2.0,2.5,NR5G-SA,n79,-96,-96,-10,18,-999,6.0
2026-05-28 10:54:04.554,2026-05-28 11:08:50.767,22.6637713,114.5040642,50.0,9.9,0.05,54.5,51.3,24.8,467.4,468.75,10.0,2.0,2.5,NR5G-SA,n79,-96,-96,-10,16,-999,8.2
2026-05-28 10:54:04.755,2026-05-28 11:08:50.967,22.6637842,114.5040837,50.0,9.9,0.05,54.3,51.3,24.8,469.9,471.21,10.0,2.0,2.5,NR5G-SA,n79,-96,-96,-10,16,-999,9.7
2026-05-28 10:54:04.955,2026-05-28 11:08:51.167,22.6637842,114.5040837,50.0,9.9,0.05,54.3,51.3,24.8,469.9,471.21,10.0,2.0,2.5,NR5G-SA,n79,-97,-97,-10,15,-999,9.1
2026-05-28 10:54:05.155,2026-05-28 11:08:51.567,22.6637971,114.5041034,50.0,10.0,-0.04,54.2,51.5,24.8,472.3,473.70,10.0,2.0,2.5,NR5G-SA,n79,-97,-97,-10,15,-999,7.0
2026-05-28 10:54:05.355,2026-05-28 11:08:51.767,22.6638099,114.5041233,50.0,10.0,-0.07,54.3,51.5,24.8,474.8,476.19,10.0,2.0,2.5,NR5G-SA,n79,-98,-98,-10,15,-999,4.9
2026-05-28 10:54:05.556,2026-05-28 11:08:51.967,22.6638228,114.5041434,50.0,10.1,-0.00,54.5,51.5,26.7,477.3,478.70,10.0,2.0,2.5,NR5G-SA,n79,-98,-98,-10,15,-999,7.3
2026-05-28 10:54:05.756,2026-05-28 11:08:51.967,22.6638359,114.5041634,50.0,10.0,0.10,54.7,51.5,26.7,479.9,481.22,10.0,2.0,2.5,NR5G-SA,n79,-98,-98,-10,15,-999,12.9
2026-05-28 10:54:05.956,2026-05-28 11:08:52.167,22.6638359,114.5041634,50.0,10.0,0.10,54.7,51.5,26.7,479.9,481.22,10.0,2.0,2.5,NR5G-SA,n79,-98,-98,-10,15,-999,9.4
2026-05-28 10:54:06.157,2026-05-28 11:08:52.567,22.6638489,114.5041832,50.0,9.9,0.06,54.8,44.1,26.7,482.4,483.72,10.0,2.0,2.5,NR5G-SA,n79,-98,-98,-10,15,-999,5.8
2026-05-28 10:54:06.357,2026-05-28 11:08:52.767,22.6638617,114.5042028,50.0,9.8,-0.01,54.6,44.1,26.7,484.8,486.19,10.0,2.0,2.5,NR5G-SA,n79,-98,-98,-10,15,-999,5.3
2026-05-28 10:54:06.558,2026-05-28 11:08:52.767,22.6638742,114.5042224,50.0,9.8,-0.01,54.3,44.1,25.0,487.3,488.63,10.0,2.0,2.5,NR5G-SA,n79,-100,-100,-10,15,-999,9.6
2026-05-28 10:54:06.758,2026-05-28 11:08:52.967,22.6638870,114.5042422,50.0,10.0,-0.07,54.5,44.1,25.0,489.8,491.12,10.0,2.0,2.5,NR5G-SA,n79,-100,-100,-10,15,-999,10.0
2026-05-28 10:54:06.958,2026-05-28 11:08:53.167,22.6638870,114.5042422,50.0,10.0,-0.07,54.5,44.1,25.0,489.8,491.12,10.0,2.0,2.5,NR5G-SA,n79,-100,-100,-10,15,-999,8.9
2026-05-28 10:54:07.159,2026-05-28 11:08:53.567,22.6639000,114.5042623,50.0,10.2,-0.07,54.8,30.8,25.0,492.3,493.64,10.0,2.0,2.5,NR5G-SA,n79,-97,-97,-10,15,-999,8.3
2026-05-28 10:54:07.359,2026-05-28 11:08:53.767,22.6639131,114.5042829,50.0,10.2,-0.05,54.8,30.8,25.0,494.8,496.21,10.0,2.0,2.5,NR5G-SA,n79,-97,-97,-10,15,-999,4.8
2026-05-28 10:54:07.559,2026-05-28 11:08:53.767,22.6639263,114.5043034,50.0,10.1,0.05,54.8,30.8,25.2,497.4,498.78,10.0,2.0,2.5,NR5G-SA,n79,-100,-100,-11,15,-999,7.1
2026-05-28 10:54:07.760,2026-05-28 11:08:53.967,22.6639394,114.5043235,50.0,10.0,0.06,54.8,30.8,25.2,499.9,501.30,10.0,2.0,2.5,NR5G-SA,n79,-100,-100,-11,15,-999,13.0
2026-05-28 10:54:07.960,2026-05-28 11:08:54.167,22.6639394,114.5043235,50.0,10.0,0.06,54.8,30.8,25.2,499.9,501.30,10.0,2.0,2.5,NR5G-SA,n79,-100,-100,-11,15,-999,5.7
2026-05-28 10:54:08.160,2026-05-28 11:08:54.567,22.6639524,114.5043434,50.0,10.0,0.05,54.7,33.7,25.2,502.4,503.81,10.0,2.0,2.5,NR5G-SA,n79,-92,-92,-11,14,-999,6.4
2026-05-28 10:54:08.361,2026-05-28 11:08:54.767,22.6639652,114.5043631,50.0,9.9,0.02,54.5,33.7,25.2,504.9,506.28,10.0,2.0,2.5,NR5G-SA,n79,-92,-92,-11,14,-999,5.3
2026-05-28 10:54:08.561,2026-05-28 11:08:54.967,22.6639781,114.5043828,50.0,9.9,0.02,54.6,33.7,27.4,507.4,508.76,10.0,2.0,2.5,NR5G-SA,n79,-92,-92,-11,14,-999,8.1
2026-05-28 10:54:08.762,2026-05-28 11:08:54.967,22.6639910,114.5044026,50.0,9.9,-0.05,54.5,33.7,27.4,509.9,511.25,10.0,2.0,2.5,NR5G-SA,n79,-95,-95,-10,13,-999,11.8
2026-05-28 10:54:08.962,2026-05-28 11:08:55.167,22.6639910,114.5044026,50.0,9.9,-0.05,54.5,33.7,27.4,509.9,511.25,10.0,2.0,2.5,NR5G-SA,n79,-95,-95,-10,13,-999,10.0
2026-05-28 10:54:09.162,2026-05-28 11:08:55.567,22.6640039,114.5044223,50.0,9.9,-0.04,54.6,36.1,27.4,512.4,513.73,10.0,2.0,2.5,NR5G-SA,n79,-95,-95,-10,13,-999,6.8
2026-05-28 10:54:09.363,2026-05-28 11:08:55.767,22.6640167,114.5044421,50.0,10.0,-0.01,54.7,36.1,27.4,514.9,516.22,10.0,2.0,2.5,NR5G-SA,n79,-99,-99,-10,12,-999,6.1
2026-05-28 10:54:09.563,2026-05-28 11:08:55.967,22.6640296,114.5044619,50.0,9.9,-0.03,54.6,36.1,27.4,517.3,518.71,10.0,2.0,2.5,NR5G-SA,n79,-99,-99,-10,12,-999,8.6
2026-05-28 10:54:09.763,2026-05-28 11:08:55.967,22.6640423,114.5044818,50.0,9.9,0.01,54.5,36.1,28.7,519.8,521.19,10.0,2.0,2.5,NR5G-SA,n79,-96,-96,-11,12,-999,11.0
2026-05-28 10:54:09.964,2026-05-28 11:08:56.167,22.6640423,114.5044818,50.0,9.9,0.01,54.5,36.1,28.7,519.8,521.19,10.0,2.0,2.5,NR5G-SA,n79,-96,-96,-11,12,-999,8.0
2026-05-28 10:54:10.164,2026-05-28 11:08:56.568,22.6640550,114.5045018,50.0,9.9,-0.03,54.5,30.7,28.7,522.3,523.69,10.0,2.0,2.5,NR5G-SA,n79,-96,-96,-11,12,-999,6.0
2026-05-28 10:54:10.364,2026-05-28 11:08:56.768,22.6640678,114.5045218,50.0,10.0,-0.05,54.6,30.7,28.7,524.8,526.19,10.0,2.0,2.5,NR5G-SA,n79,-96,-96,-10,12,-999,5.6
2026-05-28 10:54:10.565,2026-05-28 11:08:56.968,22.6640807,114.5045419,50.0,10.0,-0.04,54.7,30.7,28.7,527.3,528.70,10.0,2.0,2.5,NR5G-SA,n79,-96,-96,-10,12,-999,8.0
2026-05-28 10:54:10.765,2026-05-28 11:08:56.968,22.6640936,114.5045618,50.0,10.1,-0.05,54.9,30.7,29.6,529.8,531.20,10.0,2.0,2.5,NR5G-SA,n79,-96,-96,-10,12,-999,11.3
2026-05-28 10:54:10.965,2026-05-28 11:08:57.168,22.6640936,114.5045618,50.0,10.1,-0.05,54.9,30.7,29.6,529.8,531.20,10.0,2.0,2.5,NR5G-SA,n79,-92,-92,-10,11,-999,9.8
2026-05-28 10:54:11.166,2026-05-28 11:08:57.568,22.6641067,114.5045819,50.0,10.1,-0.05,55.0,41.7,29.6,532.4,533.73,10.0,2.0,2.5,NR5G-SA,n79,-92,-92,-10,11,-999,6.6
2026-05-28 10:54:11.366,2026-05-28 11:08:57.768,22.6641197,114.5046020,50.0,10.0,-0.02,55.1,41.7,29.6,534.9,536.25,10.0,2.0,2.5,NR5G-SA,n79,-92,-92,-10,11,-999,4.9
2026-05-28 10:54:11.566,2026-05-28 11:08:57.968,22.6641327,114.5046220,50.0,10.0,-0.01,55.1,41.7,29.6,537.4,538.76,10.0,2.0,2.5,NR5G-SA,n79,-95,-95,-10,11,-999,6.4
2026-05-28 10:54:11.766,2026-05-28 11:08:57.968,22.6641455,114.5046420,50.0,10.0,0.00,55.2,41.7,31.9,539.9,541.26,10.0,2.0,2.5,NR5G-SA,n79,-95,-95,-10,11,-999,11.5
2026-05-28 10:54:11.967,2026-05-28 11:08:58.168,22.6641455,114.5046420,50.0,10.0,0.00,55.2,41.7,31.9,539.9,541.26,10.0,2.0,2.5,NR5G-SA,n79,-95,-95,-10,10,-999,7.7
2026-05-28 10:54:12.167,2026-05-28 11:08:58.568,22.6641584,114.5046619,50.0,10.0,0.01,55.3,30.4,31.9,542.4,543.76,10.0,2.0,2.5,NR5G-SA,n79,-95,-95,-10,10,-999,7.0
2026-05-28 10:54:12.368,2026-05-28 11:08:58.768,22.6641714,114.5046818,50.0,10.0,0.02,55.2,30.4,31.9,544.9,546.27,10.0,2.0,2.5,NR5G-SA,n79,-95,-95,-10,10,-999,4.3
2026-05-28 10:54:12.568,2026-05-28 11:08:58.968,22.6641843,114.5047017,50.0,10.0,0.02,55.2,30.4,31.9,547.4,548.76,10.0,2.0,2.5,NR5G-SA,n79,-94,-94,-10,10,-999,6.4
2026-05-28 10:54:12.768,2026-05-28 11:08:58.968,22.6641973,114.5047216,50.0,10.0,0.03,55.4,30.4,32.7,549.9,551.27,10.0,2.0,2.5,NR5G-SA,n79,-94,-94,-10,10,-999,13.5
2026-05-28 10:54:12.969,2026-05-28 11:08:59.168,22.6641973,114.5047216,50.0,10.0,0.03,55.4,30.4,32.7,549.9,551.27,10.0,2.0,2.5,NR5G-SA,n79,-94,-94,-10,10,-999,10.7
2026-05-28 10:54:13.169,2026-05-28 11:08:59.568,22.6642103,114.5047414,50.0,10.0,0.03,55.4,42.4,32.7,552.4,553.77,10.0,2.0,2.5,NR5G-SA,n79,-94,-94,-10,9,-999,6.2
2026-05-28 10:54:13.369,2026-05-28 11:08:59.768,22.6642233,114.5047612,50.0,9.9,0.04,55.3,42.4,32.7,554.9,556.26,10.0,2.0,2.5,NR5G-SA,n79,-94,-94,-10,9,-999,6.7
2026-05-28 10:54:13.570,2026-05-28 11:08:59.968,22.6642362,114.5047809,50.0,10.0,-0.01,55.4,42.4,32.7,557.4,558.74,10.0,2.0,2.5,NR5G-SA,n79,-94,-94,-10,9,-999,7.6
2026-05-28 10:54:13.770,2026-05-28 11:08:59.968,22.6642491,114.5048008,50.0,9.9,-0.02,55.3,42.4,31.5,559.9,561.24,10.0,2.0,2.5,NR5G-SA,n79,-95,-95,-11,9,-999,9.7
2026-05-28 10:54:13.970,2026-05-28 11:09:00.168,22.6642491,114.5048008,50.0,9.9,-0.02,55.3,42.4,31.5,559.9,561.24,10.0,2.0,2.5,NR5G-SA,n79,-95,-95,-11,9,-999,11.1
2026-05-28 10:54:14.171,2026-05-28 11:09:00.568,22.6642619,114.5048207,50.0,10.0,-0.03,55.2,31.1,31.5,562.4,563.73,10.0,2.0,2.5,NR5G-SA,n79,-95,-95,-11,10,-999,6.2
2026-05-28 10:54:14.371,2026-05-28 11:09:00.768,22.6642748,114.5048406,50.0,10.0,-0.02,55.1,31.1,31.5,564.9,566.23,10.0,2.0,2.5,NR5G-SA,n79,-95,-95,-11,10,-999,7.7
2026-05-28 10:54:14.571,2026-05-28 11:09:00.968,22.6642877,114.5048604,50.0,9.9,-0.04,55.0,31.1,31.5,567.4,568.72,10.0,2.0,2.5,NR5G-SA,n79,-95,-95,-11,10,-999,7.4
2026-05-28 10:54:14.772,2026-05-28 11:09:00.968,22.6643005,114.5048803,50.0,10.0,-0.11,55.0,31.1,29.2,569.8,571.21,10.0,2.0,2.5,NR5G-SA,n79,-97,-97,-11,9,-999,9.7
2026-05-28 10:54:14.972,2026-05-28 11:09:01.168,22.6643005,114.5048803,50.0,10.0,-0.11,55.0,31.1,29.2,569.8,571.21,10.0,2.0,2.5,NR5G-SA,n79,-97,-97,-11,9,-999,7.2
2026-05-28 10:54:15.173,2026-05-28 11:09:01.568,22.6643133,114.5049003,50.0,10.0,-0.03,54.8,34.5,29.2,572.3,573.71,10.0,2.0,2.5,NR5G-SA,n79,-97,-97,-11,9,-999,4.6
2026-05-28 10:54:15.373,2026-05-28 11:09:01.768,22.6643261,114.5049204,50.0,10.0,0.01,54.9,34.5,29.2,574.9,576.22,10.0,2.0,2.5,NR5G-SA,n79,-93,-93,-11,8,-999,5.5
2026-05-28 10:54:15.573,2026-05-28 11:09:01.968,22.6643389,114.5049404,50.0,10.0,0.02,55.0,34.5,29.2,577.4,578.72,10.0,2.0,2.5,NR5G-SA,n79,-93,-93,-11,8,-999,6.5
2026-05-28 10:54:15.774,2026-05-28 11:09:01.968,22.6643518,114.5049603,50.0,10.0,0.03,55.0,34.5,26.5,579.9,581.22,10.0,2.0,2.5,NR5G-SA,n79,-93,-93,-11,8,-999,9.5
2026-05-28 10:54:15.974,2026-05-28 11:09:02.168,22.6643518,114.5049603,50.0,10.0,0.03,55.0,34.5,26.5,579.9,581.22,10.0,2.0,2.5,NR5G-SA,n79,-96,-96,-11,8,-999,7.6
2026-05-28 10:54:16.174,2026-05-28 11:09:02.568,22.6643647,114.5049803,50.0,10.0,-0.03,55.1,36.9,26.5,582.4,583.73,10.0,2.0,2.5,NR5G-SA,n79,-96,-96,-11,8,-999,5.7
2026-05-28 10:54:16.375,2026-05-28 11:09:02.768,22.6643776,114.5050002,50.0,10.0,-0.05,55.0,36.9,26.5,584.9,586.22,10.0,2.0,2.5,NR5G-SA,n79,-96,-96,-11,8,-999,5.7
2026-05-28 10:54:16.575,2026-05-28 11:09:02.968,22.6643905,114.5050203,50.0,10.0,-0.03,55.0,36.9,26.5,587.4,588.74,10.0,2.0,2.5,NR5G-SA,n79,-98,-98,-10,9,-999,6.7
2026-05-28 10:54:16.775,2026-05-28 11:09:02.968,22.6644033,114.5050403,50.0,10.0,0.02,55.0,36.9,26.5,589.9,591.24,10.0,2.0,2.5,NR5G-SA,n79,-98,-98,-10,9,-999,9.3
2026-05-28 10:54:16.976,2026-05-28 11:09:03.168,22.6644033,114.5050403,50.0,10.0,0.02,55.0,36.9,23.9,589.9,591.24,10.0,2.0,2.5,NR5G-SA,n79,-96,-96,-11,8,-999,8.9
2026-05-28 10:54:17.176,2026-05-28 11:09:03.568,22.6644161,114.5050604,50.0,10.0,0.05,55.0,29.0,23.9,592.4,593.75,10.0,2.0,2.5,NR5G-SA,n79,-96,-96,-11,8,-999,5.6
2026-05-28 10:54:17.377,2026-05-28 11:09:03.768,22.6644289,114.5050805,50.0,10.0,0.05,55.0,29.0,23.9,594.9,596.26,10.0,2.0,2.5,NR5G-SA,n79,-96,-96,-11,8,-999,4.6
2026-05-28 10:54:17.577,2026-05-28 11:09:03.968,22.6644417,114.5051004,50.0,10.0,0.05,54.8,29.0,23.9,597.4,598.75,10.0,2.0,2.5,NR5G-SA,n79,-94,-94,-11,7,-999,5.3
2026-05-28 10:54:17.777,2026-05-28 11:09:03.968,22.6644546,114.5051203,50.0,10.0,0.03,54.8,29.0,23.9,599.9,601.25,10.0,2.0,2.5,NR5G-SA,n79,-94,-94,-11,7,-999,10.0
2026-05-28 10:54:17.978,2026-05-28 11:09:04.168,22.6644546,114.5051203,50.0,10.0,0.03,54.8,29.0,23.0,599.9,601.25,10.0,2.0,2.5,NR5G-SA,n79,-94,-94,-11,7,-999,8.1
2026-05-28 10:54:18.178,2026-05-28 11:09:04.568,22.6644675,114.5051399,50.0,9.9,0.01,54.6,46.4,23.0,602.4,603.72,10.0,2.0,2.5,NR5G-SA,n79,-94,-94,-11,6,-999,6.0
2026-05-28 10:54:18.378,2026-05-28 11:09:04.768,22.6644805,114.5051596,50.0,9.9,0.01,54.6,46.4,23.0,604.8,606.21,10.0,2.0,2.5,NR5G-SA,n79,-94,-94,-11,6,-999,7.4
2026-05-28 10:54:18.579,2026-05-28 11:09:04.968,22.6644935,114.5051794,50.0,10.0,0.01,54.6,46.4,23.0,607.3,608.70,10.0,2.0,2.5,NR5G-SA,n79,-94,-94,-11,6,-999,6.6
2026-05-28 10:54:18.779,2026-05-28 11:09:04.968,22.6645064,114.5051992,50.0,9.9,0.06,54.6,46.4,23.0,609.8,611.19,10.0,2.0,2.5,NR5G-SA,n79,-98,-98,-11,7,-999,9.4
2026-05-28 10:54:18.979,2026-05-28 11:09:05.168,22.6645064,114.5051992,50.0,9.9,0.06,54.6,46.4,24.3,609.8,611.19,10.0,2.0,2.5,NR5G-SA,n79,-98,-98,-11,7,-999,9.9
2026-05-28 10:54:19.180,2026-05-28 11:09:05.568,22.6645194,114.5052191,50.0,9.9,0.05,54.7,49.4,24.3,612.3,613.70,10.0,2.0,2.5,NR5G-SA,n79,-99,-99,-11,6,-999,6.3
2026-05-28 10:54:19.380,2026-05-28 11:09:05.768,22.6645323,114.5052389,50.0,9.9,0.01,54.8,49.4,24.3,614.8,616.19,10.0,2.0,2.5,NR5G-SA,n79,-99,-99,-11,6,-999,5.9
2026-05-28 10:54:19.581,2026-05-28 11:09:05.968,22.6645452,114.5052587,50.0,10.0,0.01,54.8,49.4,24.3,617.3,618.68,10.0,2.0,2.5,NR5G-SA,n79,-99,-99,-11,6,-999,8.2
2026-05-28 10:54:19.781,2026-05-28 11:09:05.968,22.6645581,114.5052785,50.0,10.0,-0.02,54.5,49.4,24.3,619.8,621.17,10.0,2.0,2.5,NR5G-SA,n79,-98,-98,-11,6,-999,7.3
2026-05-28 10:54:19.981,2026-05-28 11:09:06.168,22.6645581,114.5052785,50.0,10.0,-0.02,54.5,49.4,24.8,619.8,621.17,10.0,2.0,2.5,NR5G-SA,n79,-98,-98,-11,6,-999,5.0
2026-05-28 10:54:20.182,2026-05-28 11:09:06.568,22.6645709,114.5052983,50.0,10.0,-0.05,54.4,24.6,24.8,622.3,623.65,10.0,2.0,2.5,NR5G-SA,n79,-98,-98,-11,6,-999,7.2
2026-05-28 10:54:20.382,2026-05-28 11:09:06.768,22.6645838,114.5053183,50.0,10.0,-0.04,54.5,24.6,24.8,624.8,626.16,10.0,2.0,2.5,NR5G-SA,n79,-96,-96,-11,5,-999,9.0
2026-05-28 10:54:20.582,2026-05-28 11:09:06.968,22.6645968,114.5053384,50.0,10.0,-0.03,54.5,24.6,24.8,627.3,628.68,10.0,2.0,2.5,NR5G-SA,n79,-96,-96,-11,5,-999,6.6
2026-05-28 10:54:20.783,2026-05-28 11:09:06.968,22.6646097,114.5053585,50.0,10.0,-0.01,54.4,24.6,24.8,629.8,631.19,10.0,2.0,2.5,NR5G-SA,n79,-96,-96,-11,5,-999,9.1
2026-05-28 10:54:20.983,2026-05-28 11:09:07.168,22.6646097,114.5053585,50.0,10.0,-0.01,54.4,24.6,25.3,629.8,631.19,10.0,2.0,2.5,NR5G-SA,n79,-98,-98,-11,6,-999,8.9
2026-05-28 10:54:21.183,2026-05-28 11:09:07.568,22.6646226,114.5053786,50.0,10.1,0.00,54.3,42.7,25.3,632.3,633.71,10.0,2.0,2.5,NR5G-SA,n79,-98,-98,-11,6,-999,6.5
2026-05-28 10:54:21.384,2026-05-28 11:09:07.768,22.6646354,114.5053986,50.0,10.0,0.04,54.4,42.7,25.3,634.8,636.21,10.0,2.0,2.5,NR5G-SA,n79,-92,-92,-11,6,-999,6.0
2026-05-28 10:54:21.584,2026-05-28 11:09:07.968,22.6646483,114.5054187,50.0,10.0,-0.00,54.4,42.7,25.3,637.4,638.72,10.0,2.0,2.5,NR5G-SA,n79,-92,-92,-11,6,-999,6.4
2026-05-28 10:54:21.785,2026-05-28 11:09:07.968,22.6646612,114.5054386,50.0,10.0,0.00,54.4,42.7,25.3,639.9,641.22,10.0,2.0,2.5,NR5G-SA,n79,-92,-92,-11,6,-999,9.0
2026-05-28 10:54:21.985,2026-05-28 11:09:08.168,22.6646612,114.5054386,50.0,10.0,0.00,54.4,42.7,25.2,639.9,641.22,10.0,2.0,2.5,NR5G-SA,n79,-97,-97,-11,5,-999,22.1
2026-05-28 10:54:22.185,2026-05-28 11:09:08.168,22.6646612,114.5054386,50.0,10.0,-0.00,54.4,42.7,25.2,639.9,641.22,10.0,2.0,2.5,NR5G-SA,n79,-97,-97,-11,5,-999,22.6
2026-05-28 10:54:22.386,2026-05-28 11:09:08.168,22.6646612,114.5054386,50.0,10.0,0.03,54.4,100.0,25.2,639.9,641.22,10.0,2.0,2.5,NR5G-SA,n79,-97,-97,-11,5,-999,23.2
2026-05-28 10:54:22.586,2026-05-28 11:09:08.968,22.6646950,114.5054910,50.0,9.9,0.04,54.3,100.0,25.2,646.4,647.79,10.0,2.0,2.5,NR5G-SA,n79,-90,-90,-11,5,-999,8.4
2026-05-28 10:54:22.786,2026-05-28 11:09:08.968,22.6646950,114.5054910,50.0,10.0,-0.02,54.3,100.0,25.2,646.4,647.79,10.0,2.0,2.5,NR5G-SA,n79,-90,-90,-11,5,-999,16.2
2026-05-28 10:54:22.987,2026-05-28 11:09:09.368,22.6647211,114.5055306,50.0,10.0,-0.02,54.2,100.0,25.6,651.4,652.79,10.0,2.0,2.5,NR5G-SA,n79,-90,-90,-11,5,-999,13.6
2026-05-28 10:54:23.187,2026-05-28 11:09:09.368,22.6647211,114.5055306,50.0,10.0,0.03,54.2,100.0,25.6,651.4,652.79,10.0,2.0,2.5,NR5G-SA,n79,-99,-99,-10,6,-999,10.1
2026-05-28 10:54:23.387,2026-05-28 11:09:09.368,22.6647211,114.5055306,50.0,10.0,0.04,54.2,38.9,25.6,651.4,652.79,10.0,2.0,2.5,NR5G-SA,n79,-99,-99,-10,6,-999,21.6
2026-05-28 10:54:23.588,2026-05-28 11:09:09.968,22.6647471,114.5055706,50.0,10.0,0.04,54.4,38.9,25.6,656.5,657.81,10.0,2.0,2.5,NR5G-SA,n79,-92,-92,-11,7,-999,10.1
2026-05-28 10:54:23.788,2026-05-28 11:09:09.968,22.6647471,114.5055706,50.0,10.0,0.07,54.4,38.9,25.6,656.5,657.81,10.0,2.0,2.5,NR5G-SA,n79,-92,-92,-11,7,-999,17.4
2026-05-28 10:54:23.988,2026-05-28 11:09:10.368,22.6647729,114.5056105,50.0,10.0,0.07,54.8,38.9,25.6,661.5,662.82,10.0,2.0,2.5,NR5G-SA,n79,-92,-92,-11,7,-999,10.6
2026-05-28 10:54:24.189,2026-05-28 11:09:10.368,22.6647729,114.5056105,50.0,10.0,0.06,54.8,38.9,23.9,661.5,662.82,10.0,2.0,2.5,NR5G-SA,n79,-90,-90,-10,9,-999,10.5
2026-05-28 10:54:24.389,2026-05-28 11:09:10.368,22.6647729,114.5056105,50.0,10.0,0.04,54.8,19.1,23.9,661.5,662.82,10.0,2.0,2.5,NR5G-SA,n79,-90,-90,-10,9,-999,19.6
2026-05-28 10:54:24.589,2026-05-28 11:09:10.968,22.6647985,114.5056504,50.0,10.0,-0.00,54.8,19.1,23.9,666.4,667.81,10.0,2.0,2.5,NR5G-SA,n79,-90,-90,-10,9,-999,10.7
2026-05-28 10:54:24.789,2026-05-28 11:09:10.968,22.6647985,114.5056504,50.0,9.9,-0.02,54.8,19.1,23.9,666.4,667.81,10.0,2.0,2.5,NR5G-SA,n79,-93,-93,-10,10,-999,12.8
2026-05-28 10:54:24.990,2026-05-28 11:09:11.368,22.6648241,114.5056902,50.0,9.9,0.01,54.9,19.1,23.9,671.4,672.80,10.0,2.0,2.5,NR5G-SA,n79,-93,-93,-10,10,-999,5.6
2026-05-28 10:54:25.190,2026-05-28 11:09:11.368,22.6648241,114.5056902,50.0,9.9,0.01,54.9,19.1,23.6,671.4,672.80,10.0,2.0,2.5,NR5G-SA,n79,-93,-93,-10,10,-999,10.9
2026-05-28 10:54:25.390,2026-05-28 11:09:11.368,22.6648241,114.5056902,50.0,9.9,0.03,54.9,49.2,23.6,671.4,672.80,10.0,2.0,2.5,NR5G-SA,n79,-94,-94,-10,9,-999,11.2
2026-05-28 10:54:25.591,2026-05-28 11:09:11.368,22.6648241,114.5056902,50.0,9.9,0.03,54.9,49.2,23.6,671.4,672.80,10.0,2.0,2.5,NR5G-SA,n79,-94,-94,-10,9,-999,18.6
2026-05-28 10:54:25.791,2026-05-28 11:09:11.368,22.6648241,114.5056902,50.0,9.9,0.03,54.9,49.2,23.6,671.4,672.80,10.0,2.0,2.5,NR5G-SA,n79,-93,-93,-10,12,-999,16.2
2026-05-28 10:54:25.992,2026-05-28 11:09:11.368,22.6648241,114.5056902,50.0,9.9,0.03,54.9,49.2,23.6,671.4,672.80,10.0,2.0,2.5,NR5G-SA,n79,-93,-93,-10,12,-999,4.2
2026-05-28 10:54:26.192,2026-05-28 11:09:11.368,22.6648241,114.5056902,50.0,9.9,0.03,54.9,49.2,23.5,671.4,672.80,10.0,2.0,2.5,NR5G-SA,n79,-93,-93,-10,12,-999,3.2
2026-05-28 10:54:26.393,2026-05-28 11:09:11.368,22.6648241,114.5056902,50.0,9.9,0.03,54.9,34.7,23.5,671.4,672.80,10.0,2.0,2.5,NR5G-SA,n79,-99,-99,-11,14,-999,10.2
2026-05-28 10:54:26.593,2026-05-28 11:09:11.368,22.6648241,114.5056902,50.0,9.9,0.03,54.9,34.7,23.5,671.4,672.80,10.0,2.0,2.5,NR5G-SA,n79,-99,-99,-11,14,-999,15.1
2026-05-28 10:54:26.794,2026-05-28 11:09:11.368,22.6648241,114.5056902,50.0,9.9,0.03,54.9,34.7,23.5,671.4,672.80,10.0,2.0,2.5,NR5G-SA,n79,-99,-99,-11,14,-999,20.7
2026-05-28 10:54:26.994,2026-05-28 11:09:13.368,22.6649273,114.5058493,50.0,10.0,-0.04,54.8,34.7,23.5,691.4,692.77,10.0,2.0,2.5,NR5G-SA,n79,-91,-91,-11,16,-999,6.4
2026-05-28 10:54:27.194,2026-05-28 11:09:13.368,22.6649273,114.5058493,50.0,10.0,-0.04,54.8,34.7,24.0,691.4,692.77,10.0,2.0,2.5,NR5G-SA,n79,-91,-91,-11,16,-999,15.9
2026-05-28 10:54:27.394,2026-05-28 11:09:13.368,22.6649273,114.5058493,50.0,10.0,-0.01,54.8,82.9,24.0,691.4,692.77,10.0,2.0,2.5,NR5G-SA,n79,-91,-91,-11,16,-999,19.9
2026-05-28 10:54:27.595,2026-05-28 11:09:13.968,22.6649530,114.5058892,50.0,10.0,-0.02,54.8,82.9,24.0,696.4,697.77,10.0,2.0,2.5,NR5G-SA,n79,-88,-88,-11,15,-999,8.5
2026-05-28 10:54:27.795,2026-05-28 11:09:13.968,22.6649530,114.5058892,50.0,10.0,0.03,54.8,82.9,24.0,696.4,697.77,10.0,2.0,2.5,NR5G-SA,n79,-88,-88,-11,15,-999,13.1
2026-05-28 10:54:27.996,2026-05-28 11:09:14.368,22.6649786,114.5059293,50.0,10.0,0.03,55.1,82.9,24.0,701.4,702.78,10.0,2.0,2.5,NR5G-SA,n79,-97,-97,-11,15,-999,7.9
2026-05-28 10:54:28.196,2026-05-28 11:09:14.368,22.6649786,114.5059293,50.0,10.0,0.03,55.1,82.9,22.9,701.4,702.78,10.0,2.0,2.5,NR5G-SA,n79,-97,-97,-11,15,-999,13.3
2026-05-28 10:54:28.396,2026-05-28 11:09:14.368,22.6650043,114.5059692,50.0,10.0,0.03,55.2,52.8,22.9,706.4,707.78,10.0,2.0,2.5,NR5G-SA,n79,-97,-97,-11,15,-999,21.2
2026-05-28 10:54:28.597,2026-05-28 11:09:14.968,22.6650043,114.5059692,50.0,10.0,0.05,55.2,52.8,22.9,706.4,707.78,10.0,2.0,2.5,NR5G-SA,n79,-96,-96,-11,7,-999,6.9
2026-05-28 10:54:28.797,2026-05-28 11:09:14.968,22.6650043,114.5059692,50.0,10.0,0.03,55.2,52.8,22.9,706.4,707.78,10.0,2.0,2.5,NR5G-SA,n79,-96,-96,-11,7,-999,12.1
2026-05-28 10:54:28.997,2026-05-28 11:09:15.368,22.6650304,114.5060090,50.0,10.0,0.04,55.2,52.8,22.9,711.4,712.79,10.0,2.0,2.5,NR5G-SA,n79,-96,-96,-11,7,-999,6.0
2026-05-28 10:54:29.198,2026-05-28 11:09:15.368,22.6650304,114.5060090,50.0,10.0,-0.04,55.2,52.8,23.0,711.4,712.79,10.0,2.0,2.5,NR5G-SA,n79,-98,-98,-11,8,-999,14.2
2026-05-28 10:54:29.398,2026-05-28 11:09:15.368,22.6650565,114.5060488,50.0,10.0,-0.04,54.9,16.5,23.0,716.4,717.81,10.0,2.0,2.5,NR5G-SA,n79,-98,-98,-11,8,-999,23.3
2026-05-28 10:54:29.598,2026-05-28 11:09:15.968,22.6650565,114.5060488,50.0,10.0,-0.03,54.9,16.5,23.0,716.4,717.81,10.0,2.0,2.5,NR5G-SA,n79,-98,-98,-11,8,-999,8.7
2026-05-28 10:54:29.799,2026-05-28 11:09:15.968,22.6650565,114.5060488,50.0,10.0,0.02,54.9,16.5,23.0,716.4,717.81,10.0,2.0,2.5,NR5G-SA,n79,-100,-100,-11,9,-999,11.4
2026-05-28 10:54:29.999,2026-05-28 11:09:16.368,22.6650824,114.5060886,50.0,9.9,0.02,55.0,16.5,23.0,721.4,722.81,10.0,2.0,2.5,NR5G-SA,n79,-100,-100,-11,9,-999,7.7
2026-05-28 10:54:30.199,2026-05-28 11:09:16.368,22.6650824,114.5060886,50.0,10.0,-0.00,55.0,16.5,22.4,721.4,722.81,10.0,2.0,2.5,NR5G-SA,n79,-99,-99,-11,12,-999,15.6
2026-05-28 10:54:30.400,2026-05-28 11:09:16.368,22.6650824,114.5060886,50.0,10.0,-0.00,55.0,45.5,22.4,721.4,722.81,10.0,2.0,2.5,NR5G-SA,n79,-99,-99,-11,12,-999,13.9
2026-05-28 10:54:30.600,2026-05-28 11:09:16.969,22.6651081,114.5061283,50.0,10.0,-0.03,55.3,45.5,22.4,726.4,727.79,10.0,2.0,2.5,NR5G-SA,n79,-99,-99,-11,12,-999,2.5
2026-05-28 10:54:30.800,2026-05-28 11:09:16.969,22.6651081,114.5061283,50.0,10.0,-0.03,55.3,45.5,22.4,726.4,727.79,10.0,2.0,2.5,NR5G-SA,n79,-100,-100,-10,14,-999,2.9
2026-05-28 10:54:31.001,2026-05-28 11:09:16.969,22.6651081,114.5061283,50.0,10.0,0.00,55.3,45.5,22.4,726.4,727.79,10.0,2.0,2.5,NR5G-SA,n79,-100,-100,-10,14,-999,2.4
2026-05-28 10:54:31.201,2026-05-28 11:09:17.369,22.6651336,114.5061684,50.0,10.0,0.00,55.6,45.5,21.5,731.4,732.80,10.0,2.0,2.5,NR5G-SA,n79,-100,-100,-10,14,-999,2.5
2026-05-28 10:54:31.401,2026-05-28 11:09:17.369,22.6651336,114.5061684,50.0,10.0,-0.03,55.6,0.0,21.5,731.4,732.80,10.0,2.0,2.5,NR5G-SA,n79,-97,-97,-10,16,-999,1.8
2026-05-28 10:54:31.602,2026-05-28 11:09:17.369,22.6651336,114.5061684,50.0,10.0,-0.10,55.6,0.0,21.5,731.4,732.80,10.0,2.0,2.5,NR5G-SA,n79,-97,-97,-10,16,-999,1.7
2026-05-28 10:54:31.802,2026-05-28 11:09:17.369,22.6651336,114.5061684,50.0,10.0,-0.10,55.6,0.0,21.5,731.4,732.80,10.0,2.0,2.5,NR5G-SA,n79,-97,-97,-10,16,-999,3.8
2026-05-28 10:54:32.003,2026-05-28 11:09:17.969,22.6651592,114.5062089,50.0,10.0,-0.02,55.8,0.0,21.5,736.5,737.84,10.0,2.0,2.5,NR5G-SA,n79,-95,-95,-10,17,-999,2.4
2026-05-28 10:54:32.203,2026-05-28 11:09:17.969,22.6651592,114.5062089,50.0,10.0,0.10,55.8,0.0,20.0,736.5,737.84,10.0,2.0,2.5,NR5G-SA,n79,-95,-95,-10,17,-999,2.9
2026-05-28 10:54:32.403,2026-05-28 11:09:17.969,22.6651592,114.5062089,50.0,10.0,0.10,55.8,10.0,20.0,736.5,737.84,10.0,2.0,2.5,NR5G-SA,n79,-92,-92,-10,17,-999,2.1
2026-05-28 10:54:32.604,2026-05-28 11:09:18.369,22.6651847,114.5062492,50.0,9.9,0.01,55.4,10.0,20.0,741.5,742.86,10.0,2.0,2.5,NR5G-SA,n79,-92,-92,-10,17,-999,1.8
2026-05-28 10:54:32.804,2026-05-28 11:09:18.369,22.6651847,114.5062492,50.0,10.0,-0.01,55.4,10.0,20.0,741.5,742.86,10.0,2.0,2.5,NR5G-SA,n79,-92,-92,-10,17,-999,3.7
2026-05-28 10:54:33.004,2026-05-28 11:09:18.369,22.6651847,114.5062492,50.0,10.0,-0.01,55.4,10.0,20.0,741.5,742.86,10.0,2.0,2.5,NR5G-SA,n79,-98,-98,-11,16,-999,3.4
2026-05-28 10:54:33.205,2026-05-28 11:09:18.969,22.6652106,114.5062886,50.0,10.0,-0.01,55.1,10.0,20.0,746.5,747.83,10.0,2.0,2.5,NR5G-SA,n79,-98,-98,-11,16,-999,4.4
2026-05-28 10:54:33.405,2026-05-28 11:09:18.969,22.6652106,114.5062886,50.0,10.0,-0.04,55.1,0.0,21.0,746.5,747.83,10.0,2.0,2.5,NR5G-SA,n79,-98,-98,-11,16,-999,4.1
2026-05-28 10:54:33.605,2026-05-28 11:09:18.969,22.6652106,114.5062886,50.0,10.0,-0.03,55.1,0.0,21.0,746.5,747.83,10.0,2.0,2.5,NR5G-SA,n79,-100,-100,-11,17,-999,2.9
2026-05-28 10:54:33.806,2026-05-28 11:09:18.969,22.6652363,114.5063284,50.0,10.0,-0.03,55.3,0.0,21.0,751.5,752.82,10.0,2.0,2.5,NR5G-SA,n79,-100,-100,-11,17,-999,2.5
2026-05-28 10:54:34.006,2026-05-28 11:09:19.369,22.6652363,114.5063284,50.0,10.0,0.03,55.3,0.0,21.0,751.5,752.82,10.0,2.0,2.5,NR5G-SA,n79,-100,-100,-11,17,-999,3.3
2026-05-28 10:54:34.206,2026-05-28 11:09:19.969,22.6652663,114.5063747,50.0,10.0,0.01,55.2,0.0,21.0,757.3,758.63,10.0,2.0,2.5,NR5G-SA,n79,-98,-98,-10,18,-999,1.8
2026-05-28 10:54:34.407,2026-05-28 11:09:19.969,22.6652663,114.5063747,50.0,10.0,0.01,55.2,24.1,20.0,757.3,758.63,10.0,2.0,2.5,NR5G-SA,n79,-98,-98,-10,18,-999,2.8
2026-05-28 10:54:34.607,2026-05-28 11:09:20.369,22.6652881,114.5064080,50.0,10.0,0.01,55.3,24.1,20.0,761.5,762.82,10.0,2.0,2.5,NR5G-SA,n79,-98,-98,-10,18,-999,2.2
2026-05-28 10:54:34.807,2026-05-28 11:09:20.369,22.6652881,114.5064080,50.0,10.0,-0.02,55.3,24.1,20.0,761.5,762.82,10.0,2.0,2.5,NR5G-SA,n79,-93,-93,-10,19,-999,2.8
2026-05-28 10:54:35.008,2026-05-28 11:09:20.969,22.6653186,114.5064552,50.0,10.0,-0.03,55.2,24.1,20.0,767.4,768.74,10.0,2.0,2.5,NR5G-SA,n79,-93,-93,-10,19,-999,3.8
2026-05-28 10:54:35.208,2026-05-28 11:09:20.969,22.6653186,114.5064552,50.0,10.0,-0.03,55.2,24.1,20.0,767.4,768.74,10.0,2.0,2.5,NR5G-SA,n79,-95,-95,-10,20,-999,3.1
2026-05-28 10:54:35.409,2026-05-28 11:09:20.969,22.6653186,114.5064552,50.0,10.0,0.00,55.2,0.0,19.8,767.4,768.74,10.0,2.0,2.5,NR5G-SA,n79,-95,-95,-10,20,-999,4.9
2026-05-28 10:54:35.609,2026-05-28 11:09:20.969,22.6653186,114.5064552,50.0,10.0,0.00,55.2,0.0,19.8,767.4,768.74,10.0,2.0,2.5,NR5G-SA,n79,-95,-95,-10,20,-999,3.3
2026-05-28 10:54:35.809,2026-05-28 11:09:21.569,22.6653504,114.5065035,50.0,10.0,0.02,55.5,0.0,19.8,773.5,774.84,10.0,2.0,2.5,NR5G-SA,n79,-94,-94,-10,22,-999,2.8
2026-05-28 10:54:36.010,2026-05-28 11:09:21.569,22.6653504,114.5065035,50.0,10.0,0.02,55.5,0.0,19.8,773.5,774.84,10.0,2.0,2.5,NR5G-SA,n79,-94,-94,-10,22,-999,2.1
2026-05-28 10:54:36.210,2026-05-28 11:09:22.369,22.6653919,114.5065673,50.0,10.0,0.05,55.5,0.0,19.8,781.5,782.85,10.0,2.0,2.5,NR5G-SA,n79,-94,-94,-10,22,-999,4.7
2026-05-28 10:54:36.410,2026-05-28 11:09:22.369,22.6654175,114.5066075,50.0,10.0,0.05,55.1,21.2,20.2,786.5,787.87,10.0,2.0,2.5,NR5G-SA,n79,-93,-93,-10,24,-999,5.4
2026-05-28 10:54:36.611,2026-05-28 11:09:22.969,22.6654175,114.5066075,50.0,9.9,0.07,55.1,21.2,20.2,786.5,787.87,10.0,2.0,2.5,NR5G-SA,n79,-93,-93,-10,24,-999,5.1
2026-05-28 10:54:36.811,2026-05-28 11:09:22.969,22.6654175,114.5066075,50.0,9.9,0.06,55.1,21.2,20.2,786.5,787.87,10.0,2.0,2.5,NR5G-SA,n79,-93,-93,-10,24,-999,9.8
2026-05-28 10:54:37.011,2026-05-28 11:09:23.369,22.6654461,114.5066507,50.0,10.0,-0.03,55.0,21.2,20.2,792.0,793.33,10.0,2.0,2.5,NR5G-SA,n79,-92,-92,-10,21,-999,7.4
2026-05-28 10:54:37.212,2026-05-28 11:09:23.369,22.6654591,114.5066702,50.0,10.0,-0.02,54.9,21.2,20.2,794.4,795.80,10.0,2.0,2.5,NR5G-SA,n79,-92,-92,-10,21,-999,11.0
2026-05-28 10:54:37.412,2026-05-28 11:09:23.769,22.6654591,114.5066702,50.0,10.0,-0.02,54.9,55.6,21.8,794.4,795.80,10.0,2.0,2.5,NR5G-SA,n79,-92,-92,-10,19,-999,7.7
2026-05-28 10:54:37.613,2026-05-28 11:09:23.969,22.6654721,114.5066898,50.0,10.0,-0.01,55.1,55.6,21.8,796.9,798.28,10.0,2.0,2.5,NR5G-SA,n79,-92,-92,-10,19,-999,7.1
2026-05-28 10:54:37.813,2026-05-28 11:09:24.169,22.6654851,114.5067096,50.0,10.0,0.00,55.0,55.6,21.8,799.4,800.78,10.0,2.0,2.5,NR5G-SA,n79,-92,-92,-10,19,-999,6.9
2026-05-28 10:54:38.013,2026-05-28 11:09:24.369,22.6654981,114.5067295,50.0,10.0,0.01,55.1,55.6,21.8,801.9,803.29,10.0,2.0,2.5,NR5G-SA,n79,-91,-91,-10,20,-999,9.4
2026-05-28 10:54:38.214,2026-05-28 11:09:24.369,22.6655110,114.5067495,50.0,10.0,0.01,54.9,55.6,21.8,804.4,805.79,10.0,2.0,2.5,NR5G-SA,n79,-91,-91,-10,20,-999,12.8
2026-05-28 10:54:38.414,2026-05-28 11:09:24.769,22.6655110,114.5067495,50.0,10.0,-0.00,54.9,28.3,20.7,804.4,805.79,10.0,2.0,2.5,NR5G-SA,n79,-91,-91,-10,20,-999,11.1
2026-05-28 10:54:38.615,2026-05-28 11:09:24.969,22.6655239,114.5067695,50.0,10.0,-0.01,54.9,28.3,20.7,806.9,808.30,10.0,2.0,2.5,NR5G-SA,n79,-92,-92,-10,21,-999,5.5
2026-05-28 10:54:38.815,2026-05-28 11:09:25.169,22.6655367,114.5067896,50.0,10.0,0.01,54.8,28.3,20.7,809.4,810.81,10.0,2.0,2.5,NR5G-SA,n79,-92,-92,-10,21,-999,6.8
2026-05-28 10:54:39.015,2026-05-28 11:09:25.369,22.6655496,114.5068096,50.0,10.0,-0.04,55.0,28.3,20.7,811.9,813.31,10.0,2.0,2.5,NR5G-SA,n79,-92,-92,-10,21,-999,6.9
2026-05-28 10:54:39.216,2026-05-28 11:09:25.369,22.6655624,114.5068296,50.0,10.0,-0.02,54.9,28.3,20.7,814.4,815.81,10.0,2.0,2.5,NR5G-SA,n79,-92,-92,-10,22,-999,7.6
2026-05-28 10:54:39.416,2026-05-28 11:09:25.769,22.6655624,114.5068296,50.0,10.0,-0.02,54.9,34.5,21.7,814.4,815.81,10.0,2.0,2.5,NR5G-SA,n79,-92,-92,-10,22,-999,10.5
2026-05-28 10:54:39.616,2026-05-28 11:09:25.969,22.6655753,114.5068496,50.0,10.0,0.01,54.9,34.5,21.7,817.0,818.32,10.0,2.0,2.5,NR5G-SA,n79,-91,-91,-10,21,-999,9.2
2026-05-28 10:54:39.817,2026-05-28 11:09:26.169,22.6655882,114.5068697,50.0,10.1,-0.04,55.0,34.5,21.7,819.5,820.84,10.0,2.0,2.5,NR5G-SA,n79,-91,-91,-10,21,-999,6.1
2026-05-28 10:54:40.017,2026-05-28 11:09:26.369,22.6656011,114.5068898,50.0,10.0,0.00,55.1,34.5,21.7,822.0,823.35,10.0,2.0,2.5,NR5G-SA,n79,-91,-91,-10,21,-999,8.9
2026-05-28 10:54:40.218,2026-05-28 11:09:26.369,22.6656141,114.5069101,50.0,10.1,0.02,55.3,34.5,21.7,824.5,825.89,10.0,2.0,2.5,NR5G-SA,n79,-92,-92,-10,20,-999,12.7
2026-05-28 10:54:40.418,2026-05-28 11:09:26.769,22.6656141,114.5069101,50.0,10.1,0.02,55.3,35.0,22.4,824.5,825.89,10.0,2.0,2.5,NR5G-SA,n79,-92,-92,-10,20,-999,7.6
2026-05-28 10:54:40.618,2026-05-28 11:09:26.969,22.6656269,114.5069300,50.0,10.0,0.01,55.5,35.0,22.4,827.0,828.38,10.0,2.0,2.5,NR5G-SA,n79,-92,-92,-10,20,-999,4.5
2026-05-28 10:54:40.819,2026-05-28 11:09:27.169,22.6656398,114.5069499,50.0,10.0,0.04,55.6,35.0,22.4,829.5,830.88,10.0,2.0,2.5,NR5G-SA,n79,-92,-92,-10,22,-999,5.4
2026-05-28 10:54:41.019,2026-05-28 11:09:27.169,22.6656527,114.5069698,50.0,10.0,0.05,55.6,35.0,22.4,832.0,833.38,10.0,2.0,2.5,NR5G-SA,n79,-92,-92,-10,22,-999,8.5
2026-05-28 10:54:41.219,2026-05-28 11:09:27.369,22.6656657,114.5069897,50.0,10.0,0.05,55.6,35.0,22.4,834.5,835.88,10.0,2.0,2.5,NR5G-SA,n79,-92,-92,-10,22,-999,10.5
2026-05-28 10:54:41.420,2026-05-28 11:09:27.769,22.6656657,114.5069897,50.0,10.0,0.05,55.6,43.8,22.4,834.5,835.88,10.0,2.0,2.5,NR5G-SA,n79,-92,-92,-10,23,-999,8.0
2026-05-28 10:54:41.620,2026-05-28 11:09:27.969,22.6656786,114.5070096,50.0,10.0,-0.01,55.5,43.8,23.4,837.0,838.38,10.0,2.0,2.5,NR5G-SA,n79,-92,-92,-10,23,-999,6.8
2026-05-28 10:54:41.820,2026-05-28 11:09:28.169,22.6656915,114.5070295,50.0,10.0,-0.03,55.4,43.8,23.4,839.5,840.88,10.0,2.0,2.5,NR5G-SA,n79,-92,-92,-10,22,-999,6.7
2026-05-28 10:54:42.021,2026-05-28 11:09:28.369,22.6657044,114.5070494,50.0,10.0,-0.02,55.2,43.8,23.4,842.0,843.38,10.0,2.0,2.5,NR5G-SA,n79,-92,-92,-10,22,-999,6.4
2026-05-28 10:54:42.221,2026-05-28 11:09:28.369,22.6657173,114.5070694,50.0,10.0,0.01,55.2,43.8,23.4,844.5,845.88,10.0,2.0,2.5,NR5G-SA,n79,-92,-92,-10,22,-999,8.7
2026-05-28 10:54:42.421,2026-05-28 11:09:28.769,22.6657173,114.5070694,50.0,10.0,0.01,55.2,37.3,23.4,844.5,845.88,10.0,2.0,2.5,NR5G-SA,n79,-90,-90,-10,20,-999,5.8
2026-05-28 10:54:42.622,2026-05-28 11:09:28.969,22.6657302,114.5070893,50.0,10.0,0.02,55.2,37.3,23.9,847.0,848.38,10.0,2.0,2.5,NR5G-SA,n79,-90,-90,-10,20,-999,3.5
2026-05-28 10:54:42.822,2026-05-28 11:09:28.969,22.6657431,114.5071092,50.0,10.0,0.02,55.3,37.3,23.9,849.5,850.88,10.0,2.0,2.5,NR5G-SA,n79,-90,-90,-10,20,-999,1.7
2026-05-28 10:54:43.023,2026-05-28 11:09:29.169,22.6657431,114.5071092,50.0,10.0,0.02,55.3,37.3,23.9,849.5,850.88,10.0,2.0,2.5,NR5G-SA,n79,-92,-92,-10,17,-999,1.8
2026-05-28 10:54:43.223,2026-05-28 11:09:29.369,22.6657560,114.5071290,50.0,10.0,-0.00,55.3,37.3,23.9,852.0,853.37,10.0,2.0,2.5,NR5G-SA,n79,-92,-92,-10,17,-999,4.2
2026-05-28 10:54:43.424,2026-05-28 11:09:29.369,22.6657688,114.5071488,50.0,9.9,0.04,55.2,0.0,23.9,854.5,855.85,10.0,2.0,2.5,NR5G-SA,n79,-92,-92,-10,17,-999,3.3
2026-05-28 10:54:43.624,2026-05-28 11:09:29.769,22.6657688,114.5071488,50.0,9.9,0.04,55.2,0.0,24.4,854.5,855.85,10.0,2.0,2.5,NR5G-SA,n79,-96,-96,-10,23,-999,2.8
2026-05-28 10:54:43.824,2026-05-28 11:09:29.969,22.6657817,114.5071687,50.0,10.0,-0.03,55.1,0.0,24.4,857.0,858.35,10.0,2.0,2.5,NR5G-SA,n79,-96,-96,-10,23,-999,3.5
2026-05-28 10:54:44.025,2026-05-28 11:09:29.969,22.6657817,114.5071687,50.0,10.0,-0.03,55.1,0.0,24.4,857.0,858.35,10.0,2.0,2.5,NR5G-SA,n79,-88,-88,-10,22,-999,3.3
2026-05-28 10:54:44.225,2026-05-28 11:09:30.169,22.6657946,114.5071886,50.0,10.0,-0.02,55.0,0.0,24.4,859.5,860.85,10.0,2.0,2.5,NR5G-SA,n79,-88,-88,-10,22,-999,4.0
2026-05-28 10:54:44.426,2026-05-28 11:09:30.369,22.6658075,114.5072086,50.0,10.0,-0.01,55.2,6.5,24.4,862.0,863.35,10.0,2.0,2.5,NR5G-SA,n79,-88,-88,-10,22,-999,3.4
2026-05-28 10:54:44.626,2026-05-28 11:09:30.369,22.6658075,114.5072086,50.0,10.0,-0.01,55.2,6.5,24.5,862.0,863.35,10.0,2.0,2.5,NR5G-SA,n79,-84,-84,-10,21,-999,3.4
2026-05-28 10:54:44.826,2026-05-28 11:09:30.769,22.6658203,114.5072286,50.0,10.0,-0.04,55.2,6.5,24.5,864.5,865.85,10.0,2.0,2.5,NR5G-SA,n79,-84,-84,-10,21,-999,3.3
2026-05-28 10:54:45.027,2026-05-28 11:09:30.969,22.6658332,114.5072486,50.0,10.0,-0.00,55.2,6.5,24.5,867.0,868.36,10.0,2.0,2.5,NR5G-SA,n79,-84,-84,-10,21,-999,4.1
2026-05-28 10:54:45.227,2026-05-28 11:09:30.969,22.6658332,114.5072486,50.0,10.0,-0.00,55.2,6.5,24.5,867.0,868.36,10.0,2.0,2.5,NR5G-SA,n79,-80,-80,-10,18,-999,5.3
2026-05-28 10:54:45.427,2026-05-28 11:09:31.169,22.6658462,114.5072684,50.0,10.0,0.03,55.1,17.7,24.5,869.5,870.86,10.0,2.0,2.5,NR5G-SA,n79,-80,-80,-10,18,-999,1.9
2026-05-28 10:54:45.628,2026-05-28 11:09:31.369,22.6658592,114.5072883,50.0,10.0,-0.03,55.2,17.7,24.3,872.0,873.36,10.0,2.0,2.5,NR5G-SA,n79,-80,-80,-10,18,-999,2.2
2026-05-28 10:54:45.828,2026-05-28 11:09:31.369,22.6658592,114.5072883,50.0,10.0,-0.03,55.2,17.7,24.3,872.0,873.36,10.0,2.0,2.5,NR5G-SA,n79,-80,-80,-10,16,-999,3.2
2026-05-28 10:54:46.028,2026-05-28 11:09:31.769,22.6658850,114.5073284,50.0,10.0,0.01,55.5,17.7,24.3,877.0,878.38,10.0,2.0,2.5,NR5G-SA,n79,-80,-80,-10,16,-999,2.1
2026-05-28 10:54:46.229,2026-05-28 11:09:31.969,22.6658850,114.5073284,50.0,10.0,0.01,55.5,17.7,24.3,877.0,878.38,10.0,2.0,2.5,NR5G-SA,n79,-83,-83,-10,22,-999,4.1
2026-05-28 10:54:46.429,2026-05-28 11:09:32.169,22.6658978,114.5073487,50.0,10.0,-0.02,55.5,0.0,24.3,879.5,880.91,10.0,2.0,2.5,NR5G-SA,n79,-83,-83,-10,22,-999,2.0
2026-05-28 10:54:46.629,2026-05-28 11:09:32.369,22.6659110,114.5073695,50.0,10.0,0.00,55.5,0.0,24.9,882.1,883.50,10.0,2.0,2.5,NR5G-SA,n79,-83,-83,-10,22,-999,1.8
2026-05-28 10:54:46.830,2026-05-28 11:09:32.369,22.6659110,114.5073695,50.0,10.0,0.00,55.5,0.0,24.9,882.1,883.50,10.0,2.0,2.5,NR5G-SA,n79,-82,-82,-10,20,-999,4.2
2026-05-28 10:54:47.030,2026-05-28 11:09:32.769,22.6659234,114.5073889,50.0,10.0,0.02,55.4,0.0,24.9,884.6,885.93,10.0,2.0,2.5,NR5G-SA,n79,-82,-82,-10,20,-999,2.2
2026-05-28 10:54:47.230,2026-05-28 11:09:32.769,22.6659499,114.5074299,50.0,10.0,0.01,55.2,0.0,24.9,889.7,891.07,10.0,2.0,2.5,NR5G-SA,n79,-82,-82,-10,20,-999,2.9
2026-05-28 10:54:47.431,2026-05-28 11:09:33.169,22.6659499,114.5074299,50.0,10.0,0.01,55.2,0.0,24.9,889.7,891.07,10.0,2.0,2.5,NR5G-SA,n79,-82,-82,-10,19,-999,2.7
2026-05-28 10:54:47.631,2026-05-28 11:09:33.569,22.6659632,114.5074504,50.0,10.0,0.02,55.3,0.0,24.0,892.3,893.64,10.0,2.0,2.5,NR5G-SA,n79,-82,-82,-10,19,-999,1.9
2026-05-28 10:54:47.832,2026-05-28 11:09:33.569,22.6659632,114.5074504,50.0,10.0,0.02,55.3,0.0,24.0,892.3,893.64,10.0,2.0,2.5,NR5G-SA,n79,-82,-82,-10,19,-999,3.7
2026-05-28 10:54:48.032,2026-05-28 11:09:33.769,22.6659760,114.5074702,50.0,9.9,0.04,55.1,0.0,24.0,894.8,896.13,10.0,2.0,2.5,NR5G-SA,n79,-85,-85,-10,17,-999,1.4
2026-05-28 10:54:48.232,2026-05-28 11:09:34.169,22.6660149,114.5075298,50.0,10.0,0.03,55.0,0.0,24.0,902.3,903.62,10.0,2.0,2.5,NR5G-SA,n79,-85,-85,-10,17,-999,1.8
2026-05-28 10:54:48.433,2026-05-28 11:09:34.769,22.6660280,114.5075496,50.0,9.9,0.05,54.9,6.8,24.0,904.8,906.13,10.0,2.0,2.5,NR5G-SA,n79,-84,-84,-10,16,-999,3.9
2026-05-28 10:54:48.633,2026-05-28 11:09:34.969,22.6660410,114.5075694,50.0,10.0,0.05,54.8,6.8,24.0,907.3,908.62,10.0,2.0,2.5,NR5G-SA,n79,-84,-84,-10,16,-999,3.0
2026-05-28 10:54:48.833,2026-05-28 11:09:35.169,22.6660538,114.5075891,50.0,9.9,0.01,54.6,6.8,23.2,909.7,911.10,10.0,2.0,2.5,NR5G-SA,n79,-84,-84,-10,16,-999,4.7
2026-05-28 10:54:49.034,2026-05-28 11:09:35.569,22.6660667,114.5076089,50.0,9.9,0.03,54.6,6.8,23.2,912.2,913.59,10.0,2.0,2.5,NR5G-SA,n79,-83,-83,-10,14,-999,5.1
2026-05-28 10:54:49.234,2026-05-28 11:09:35.569,22.6660794,114.5076289,50.0,10.0,-0.04,54.4,6.8,23.2,914.7,916.08,10.0,2.0,2.5,NR5G-SA,n79,-83,-83,-10,14,-999,6.5
2026-05-28 10:54:49.434,2026-05-28 11:09:35.769,22.6660794,114.5076289,50.0,10.0,-0.04,54.4,31.7,23.2,914.7,916.08,10.0,2.0,2.5,NR5G-SA,n79,-83,-83,-10,14,-999,11.4
2026-05-28 10:54:49.634,2026-05-28 11:09:35.969,22.6660923,114.5076489,50.0,10.0,-0.02,54.4,31.7,23.2,917.2,918.59,10.0,2.0,2.5,NR5G-SA,n79,-80,-80,-10,15,-999,6.3
2026-05-28 10:54:49.835,2026-05-28 11:09:36.169,22.6661052,114.5076688,50.0,10.0,0.00,54.4,31.7,22.9,919.7,921.09,10.0,2.0,2.5,NR5G-SA,n79,-80,-80,-10,15,-999,5.9
2026-05-28 10:54:50.035,2026-05-28 11:09:36.569,22.6661182,114.5076889,50.0,10.0,0.02,54.4,31.7,22.9,922.2,923.61,10.0,2.0,2.5,NR5G-SA,n79,-80,-80,-10,15,-999,7.9
2026-05-28 10:54:50.235,2026-05-28 11:09:36.569,22.6661313,114.5077088,50.0,10.0,-0.01,54.5,31.7,22.9,924.8,926.12,10.0,2.0,2.5,NR5G-SA,n79,-83,-83,-10,14,-999,14.2
2026-05-28 10:54:50.436,2026-05-28 11:09:36.769,22.6661313,114.5077088,50.0,10.0,-0.01,54.5,31.7,22.9,924.8,926.12,10.0,2.0,2.5,NR5G-SA,n79,-83,-83,-10,14,-999,7.1
2026-05-28 10:54:50.636,2026-05-28 11:09:36.969,22.6661443,114.5077287,50.0,10.0,0.03,54.5,30.6,22.9,927.3,928.62,10.0,2.0,2.5,NR5G-SA,n79,-81,-81,-10,15,-999,7.4
2026-05-28 10:54:50.836,2026-05-28 11:09:37.169,22.6661572,114.5077487,50.0,10.0,-0.05,54.5,30.6,23.5,929.8,931.13,10.0,2.0,2.5,NR5G-SA,n79,-81,-81,-10,15,-999,7.1
2026-05-28 10:54:51.036,2026-05-28 11:09:37.569,22.6661700,114.5077687,50.0,10.0,-0.05,54.5,30.6,23.5,932.3,933.63,10.0,2.0,2.5,NR5G-SA,n79,-81,-81,-10,15,-999,7.0
2026-05-28 10:54:51.237,2026-05-28 11:09:37.569,22.6661829,114.5077887,50.0,10.0,-0.05,54.5,30.6,23.5,934.8,936.14,10.0,2.0,2.5,NR5G-SA,n79,-84,-84,-10,15,-999,15.7
2026-05-28 10:54:51.437,2026-05-28 11:09:37.769,22.6661829,114.5077887,50.0,10.0,-0.00,54.5,30.6,23.5,934.8,936.14,10.0,2.0,2.5,NR5G-SA,n79,-84,-84,-10,15,-999,16.3
2026-05-28 10:54:51.638,2026-05-28 11:09:37.969,22.6661958,114.5078089,50.0,10.0,0.00,54.6,32.4,23.5,937.3,938.66,10.0,2.0,2.5,NR5G-SA,n79,-84,-84,-10,15,-999,8.1
2026-05-28 10:54:51.838,2026-05-28 11:09:38.169,22.6662086,114.5078289,50.0,10.0,0.07,54.6,32.4,24.0,939.8,941.16,10.0,2.0,2.5,NR5G-SA,n79,-79,-79,-10,15,-999,7.1
2026-05-28 10:54:52.038,2026-05-28 11:09:38.569,22.6662215,114.5078487,50.0,10.0,0.09,54.7,32.4,24.0,942.3,943.65,10.0,2.0,2.5,NR5G-SA,n79,-79,-79,-10,15,-999,5.2
2026-05-28 10:54:52.239,2026-05-28 11:09:38.569,22.6662344,114.5078686,50.0,10.0,0.05,54.6,32.4,24.0,944.8,946.15,10.0,2.0,2.5,NR5G-SA,n79,-79,-79,-10,15,-999,11.1
2026-05-28 10:54:52.439,2026-05-28 11:09:38.769,22.6662344,114.5078686,50.0,10.0,0.05,54.6,32.4,24.0,944.8,946.15,10.0,2.0,2.5,NR5G-SA,n79,-78,-78,-10,16,-999,10.1
2026-05-28 10:54:52.639,2026-05-28 11:09:38.969,22.6662474,114.5078884,50.0,10.0,-0.01,54.8,36.5,24.0,947.3,948.65,10.0,2.0,2.5,NR5G-SA,n79,-78,-78,-10,16,-999,5.7
2026-05-28 10:54:52.840,2026-05-28 11:09:39.169,22.6662603,114.5079083,50.0,9.9,0.04,54.9,36.5,23.8,949.8,951.14,10.0,2.0,2.5,NR5G-SA,n79,-83,-83,-10,18,-999,7.3
2026-05-28 10:54:53.040,2026-05-28 11:09:39.169,22.6662733,114.5079282,50.0,10.0,0.01,55.0,36.5,23.8,952.3,953.65,10.0,2.0,2.5,NR5G-SA,n79,-83,-83,-10,18,-999,6.3
2026-05-28 10:54:53.240,2026-05-28 11:09:39.569,22.6662862,114.5079482,50.0,10.0,-0.01,54.9,36.5,23.8,954.8,956.15,10.0,2.0,2.5,NR5G-SA,n79,-83,-83,-10,18,-999,10.2
2026-05-28 10:54:53.441,2026-05-28 11:09:39.769,22.6662862,114.5079482,50.0,10.0,-0.01,54.9,36.5,23.8,954.8,956.15,10.0,2.0,2.5,NR5G-SA,n79,-78,-78,-10,19,-999,8.7
2026-05-28 10:54:53.641,2026-05-28 11:09:39.969,22.6662991,114.5079681,50.0,10.0,-0.02,54.9,25.3,23.8,957.3,958.65,10.0,2.0,2.5,NR5G-SA,n79,-78,-78,-10,19,-999,7.0
2026-05-28 10:54:53.841,2026-05-28 11:09:40.169,22.6663120,114.5079881,50.0,10.0,-0.01,54.8,25.3,24.2,959.8,961.16,10.0,2.0,2.5,NR5G-SA,n79,-78,-78,-10,19,-999,5.8
2026-05-28 10:54:54.042,2026-05-28 11:09:40.169,22.6663250,114.5080080,50.0,10.0,0.01,54.8,25.3,24.2,962.3,963.66,10.0,2.0,2.5,NR5G-SA,n79,-79,-79,-10,21,-999,8.8
2026-05-28 10:54:54.242,2026-05-28 11:09:40.569,22.6663379,114.5080279,50.0,10.0,0.00,54.6,25.3,24.2,964.8,966.16,10.0,2.0,2.5,NR5G-SA,n79,-79,-79,-10,21,-999,11.9
2026-05-28 10:54:54.443,2026-05-28 11:09:40.769,22.6663379,114.5080279,50.0,10.0,0.00,54.6,25.3,24.2,964.8,966.16,10.0,2.0,2.5,NR5G-SA,n79,-79,-79,-10,21,-999,15.5
2026-05-28 10:54:54.643,2026-05-28 11:09:40.969,22.6663507,114.5080478,50.0,10.0,-0.03,54.6,38.7,24.2,967.3,968.65,10.0,2.0,2.5,NR5G-SA,n79,-81,-81,-10,19,-999,5.6
2026-05-28 10:54:54.843,2026-05-28 11:09:41.169,22.6663634,114.5080678,50.0,10.0,-0.01,54.6,38.7,24.3,969.8,971.15,10.0,2.0,2.5,NR5G-SA,n79,-81,-81,-10,19,-999,6.1
2026-05-28 10:54:55.044,2026-05-28 11:09:41.169,22.6663763,114.5080878,50.0,10.0,-0.02,54.6,38.7,24.3,972.3,973.65,10.0,2.0,2.5,NR5G-SA,n79,-81,-81,-10,19,-999,9.1
2026-05-28 10:54:55.244,2026-05-28 11:09:41.569,22.6663763,114.5080878,50.0,10.0,-0.02,54.6,38.7,24.3,972.3,973.65,10.0,2.0,2.5,NR5G-SA,n79,-80,-80,-10,19,-999,8.7
2026-05-28 10:54:55.445,2026-05-28 11:09:41.769,22.6663892,114.5081078,50.0,10.0,-0.02,54.7,38.7,24.3,974.8,976.16,10.0,2.0,2.5,NR5G-SA,n79,-80,-80,-10,19,-999,5.2
2026-05-28 10:54:55.645,2026-05-28 11:09:41.969,22.6664021,114.5081277,50.0,9.9,-0.01,54.8,20.5,24.3,977.3,978.66,10.0,2.0,2.5,NR5G-SA,n79,-81,-81,-10,19,-999,5.2
2026-05-28 10:54:55.845,2026-05-28 11:09:42.169,22.6664150,114.5081475,50.0,10.0,0.00,54.9,20.5,23.4,979.8,981.15,10.0,2.0,2.5,NR5G-SA,n79,-81,-81,-10,19,-999,5.3
2026-05-28 10:54:56.046,2026-05-28 11:09:42.569,22.6664279,114.5081673,50.0,10.0,-0.02,54.9,20.5,23.4,982.3,983.64,10.0,2.0,2.5,NR5G-SA,n79,-81,-81,-10,19,-999,6.8
2026-05-28 10:54:56.246,2026-05-28 11:09:42.569,22.6664408,114.5081871,50.0,10.0,0.02,54.7,20.5,23.4,984.8,986.13,10.0,2.0,2.5,NR5G-SA,n79,-79,-79,-10,19,-999,11.8
2026-05-28 10:54:56.446,2026-05-28 11:09:42.769,22.6664408,114.5081871,50.0,10.0,0.02,54.7,20.5,23.4,984.8,986.13,10.0,2.0,2.5,NR5G-SA,n79,-79,-79,-10,19,-999,10.1
2026-05-28 10:54:56.647,2026-05-28 11:09:42.969,22.6664537,114.5082070,50.0,10.0,-0.02,54.7,0.0,23.4,987.3,988.63,10.0,2.0,2.5,NR5G-SA,n79,-79,-79,-10,19,-999,7.0
2026-05-28 10:54:56.847,2026-05-28 11:09:43.169,22.6664666,114.5082270,50.0,10.0,0.01,54.6,0.0,23.4,989.8,991.13,10.0,2.0,2.5,NR5G-SA,n79,-80,-80,-10,21,-999,5.7
2026-05-28 10:54:57.047,2026-05-28 11:09:43.569,22.6664795,114.5082471,50.0,10.1,0.01,54.7,0.0,23.1,992.3,993.65,10.0,2.0,2.5,NR5G-SA,n79,-80,-80,-10,21,-999,6.4
2026-05-28 10:54:57.248,2026-05-28 11:09:43.569,22.6664925,114.5082671,50.0,10.1,-0.05,54.7,0.0,23.1,994.8,996.16,10.0,2.0,2.5,NR5G-SA,n79,-80,-80,-10,21,-999,11.5
2026-05-28 10:54:57.448,2026-05-28 11:09:43.769,22.6664925,114.5082671,50.0,10.1,-0.05,54.7,0.0,23.1,994.8,996.16,10.0,2.0,2.5,NR5G-SA,n79,-86,-86,-10,21,-999,10.1
2026-05-28 10:54:57.648,2026-05-28 11:09:43.969,22.6665054,114.5082871,50.0,10.0,-0.03,54.7,0.0,23.1,997.3,998.67,10.0,2.0,2.5,NR5G-SA,n79,-86,-86,-10,21,-999,8.2
2026-05-28 10:54:57.848,2026-05-28 11:09:44.169,22.6665184,114.5083071,50.0,10.0,0.02,54.8,0.0,23.1,999.8,1001.18,10.0,2.0,2.5,NR5G-SA,n79,-86,-86,-10,22,-999,5.0
2026-05-28 10:54:58.049,2026-05-28 11:09:44.569,22.6665313,114.5083270,50.0,10.0,-0.00,54.8,0.0,23.2,1002.3,1003.68,10.0,2.0,2.5,NR5G-SA,n79,-86,-86,-10,22,-999,6.8
2026-05-28 10:54:58.249,2026-05-28 11:09:44.569,22.6665442,114.5083469,50.0,10.0,-0.04,54.8,0.0,23.2,1004.8,1006.18,10.0,2.0,2.5,NR5G-SA,n79,-86,-86,-10,22,-999,12.9
2026-05-28 10:54:58.449,2026-05-28 11:09:44.769,22.6665442,114.5083469,50.0,10.0,-0.04,54.8,0.0,23.2,1004.8,1006.18,10.0,2.0,2.5,NR5G-SA,n79,-91,-91,-10,22,-999,10.8
2026-05-28 10:54:58.650,2026-05-28 11:09:44.969,22.6665572,114.5083668,50.0,10.0,-0.04,54.9,0.0,23.2,1007.3,1008.68,10.0,2.0,2.5,NR5G-SA,n79,-91,-91,-10,22,-999,7.6
2026-05-28 10:54:58.850,2026-05-28 11:09:45.169,22.6665702,114.5083867,50.0,10.0,-0.02,54.8,0.0,23.2,1009.8,1011.19,10.0,2.0,2.5,NR5G-SA,n79,-91,-91,-10,22,-999,5.9
2026-05-28 10:54:59.050,2026-05-28 11:09:45.569,22.6665832,114.5084067,50.0,10.0,-0.04,54.9,0.0,24.1,1012.3,1013.70,10.0,2.0,2.5,NR5G-SA,n79,-86,-86,-10,22,-999,7.2
2026-05-28 10:54:59.250,2026-05-28 11:09:45.569,22.6665961,114.5084267,50.0,10.0,-0.02,54.9,0.0,24.1,1014.8,1016.20,10.0,2.0,2.5,NR5G-SA,n79,-86,-86,-10,22,-999,11.3
2026-05-28 10:54:59.451,2026-05-28 11:09:45.769,22.6665961,114.5084267,50.0,10.0,-0.02,54.9,0.0,24.1,1014.8,1016.20,10.0,2.0,2.5,NR5G-SA,n79,-86,-86,-10,22,-999,10.4
2026-05-28 10:54:59.651,2026-05-28 11:09:45.969,22.6666090,114.5084468,50.0,10.0,0.02,54.9,0.0,24.1,1017.4,1018.72,10.0,2.0,2.5,NR5G-SA,n79,-82,-82,-10,22,-999,9.8
2026-05-28 10:54:59.851,2026-05-28 11:09:46.169,22.6666219,114.5084667,50.0,10.0,0.06,54.7,0.0,24.1,1019.8,1021.22,10.0,2.0,2.5,NR5G-SA,n79,-82,-82,-10,22,-999,5.8
2026-05-28 10:55:00.052,2026-05-28 11:09:46.569,22.6666348,114.5084865,50.0,10.0,0.02,54.8,0.0,25.7,1022.3,1023.71,10.0,2.0,2.5,NR5G-SA,n79,-85,-85,-10,22,-999,6.1
2026-05-28 10:55:00.252,2026-05-28 11:09:46.569,22.6666477,114.5085063,50.0,10.0,-0.03,54.7,0.0,25.7,1024.8,1026.20,10.0,2.0,2.5,NR5G-SA,n79,-85,-85,-10,22,-999,12.9
2026-05-28 10:55:00.452,2026-05-28 11:09:46.769,22.6666477,114.5085063,50.0,10.0,-0.03,54.7,0.0,25.7,1024.8,1026.20,10.0,2.0,2.5,NR5G-SA,n79,-85,-85,-10,22,-999,9.1
2026-05-28 10:55:00.653,2026-05-28 11:09:46.969,22.6666607,114.5085262,50.0,10.0,-0.02,54.7,0.0,25.7,1027.3,1028.70,10.0,2.0,2.5,NR5G-SA,n79,-89,-89,-10,21,-999,7.5
2026-05-28 10:55:00.853,2026-05-28 11:09:47.169,22.6666736,114.5085461,50.0,10.0,-0.01,54.7,0.0,25.7,1029.8,1031.20,10.0,2.0,2.5,NR5G-SA,n79,-89,-89,-10,21,-999,5.6
2026-05-28 10:55:01.053,2026-05-28 11:09:47.169,22.6666736,114.5085461,50.0,10.0,-0.01,54.7,0.0,25.6,1029.8,1031.20,10.0,2.0,2.5,NR5G-SA,n79,-89,-89,-10,21,-999,13.9
2026-05-28 10:55:01.254,2026-05-28 11:09:47.169,22.6666736,114.5085461,50.0,10.0,-0.04,54.7,0.0,25.6,1029.8,1031.20,10.0,2.0,2.5,NR5G-SA,n79,-85,-85,-10,22,-999,19.0
2026-05-28 10:55:01.454,2026-05-28 11:09:47.769,22.6667052,114.5085951,50.0,10.0,-0.04,54.7,0.0,25.6,1036.0,1037.34,10.0,2.0,2.5,NR5G-SA,n79,-85,-85,-10,22,-999,9.1
2026-05-28 10:55:01.654,2026-05-28 11:09:47.769,22.6667052,114.5085951,50.0,10.0,-0.06,54.7,0.0,25.6,1036.0,1037.34,10.0,2.0,2.5,NR5G-SA,n79,-85,-85,-10,22,-999,11.7
2026-05-28 10:55:01.855,2026-05-28 11:09:47.769,22.6667310,114.5086349,50.0,10.0,-0.01,54.7,0.0,25.6,1041.0,1042.34,10.0,2.0,2.5,NR5G-SA,n79,-86,-86,-10,21,-999,19.0
2026-05-28 10:55:02.056,2026-05-28 11:09:48.369,22.6667310,114.5086349,50.0,10.0,0.03,54.7,0.0,24.2,1041.0,1042.34,10.0,2.0,2.5,NR5G-SA,n79,-86,-86,-10,21,-999,10.6
2026-05-28 10:55:02.256,2026-05-28 11:09:48.369,22.6667310,114.5086349,50.0,10.0,0.01,54.7,0.0,24.2,1041.0,1042.34,10.0,2.0,2.5,NR5G-SA,n79,-89,-89,-10,21,-999,16.2
2026-05-28 10:55:02.456,2026-05-28 11:09:48.769,22.6667566,114.5086748,50.0,10.0,0.01,54.8,0.0,24.2,1046.0,1047.33,10.0,2.0,2.5,NR5G-SA,n79,-89,-89,-10,21,-999,7.8
2026-05-28 10:55:02.657,2026-05-28 11:09:48.769,22.6667566,114.5086748,50.0,10.0,-0.03,54.8,24.8,24.2,1046.0,1047.33,10.0,2.0,2.5,NR5G-SA,n79,-89,-89,-10,21,-999,13.1
2026-05-28 10:55:02.857,2026-05-28 11:09:48.769,22.6667824,114.5087148,50.0,10.1,-0.03,54.9,24.8,24.2,1051.0,1052.34,10.0,2.0,2.5,NR5G-SA,n79,-84,-84,-10,21,-999,21.4
2026-05-28 10:55:03.057,2026-05-28 11:09:49.369,22.6667824,114.5087148,50.0,10.0,0.00,54.9,24.8,25.0,1051.0,1052.34,10.0,2.0,2.5,NR5G-SA,n79,-84,-84,-10,21,-999,10.7
2026-05-28 10:55:03.257,2026-05-28 11:09:49.369,22.6667824,114.5087148,50.0,10.0,0.01,54.9,24.8,25.0,1051.0,1052.34,10.0,2.0,2.5,NR5G-SA,n79,-84,-84,-10,21,-999,17.8
2026-05-28 10:55:03.457,2026-05-28 11:09:49.769,22.6668082,114.5087549,50.0,10.0,0.01,55.0,24.8,25.0,1056.0,1057.36,10.0,2.0,2.5,NR5G-SA,n79,-88,-88,-10,21,-999,9.5
2026-05-28 10:55:03.658,2026-05-28 11:09:49.769,22.6668082,114.5087549,50.0,10.0,0.02,55.0,55.3,25.0,1056.0,1057.36,10.0,2.0,2.5,NR5G-SA,n79,-88,-88,-10,21,-999,14.2
2026-05-28 10:55:03.858,2026-05-28 11:09:49.769,22.6668339,114.5087949,50.0,10.0,0.04,55.1,55.3,25.0,1061.0,1062.37,10.0,2.0,2.5,NR5G-SA,n79,-88,-88,-10,21,-999,18.2
2026-05-28 10:55:04.059,2026-05-28 11:09:50.369,22.6668339,114.5087949,50.0,10.0,0.02,55.1,55.3,25.0,1061.0,1062.37,10.0,2.0,2.5,NR5G-SA,n79,-89,-89,-10,21,-999,10.7
2026-05-28 10:55:04.259,2026-05-28 11:09:50.369,22.6668339,114.5087949,50.0,10.0,0.02,55.1,55.3,24.8,1061.0,1062.37,10.0,2.0,2.5,NR5G-SA,n79,-89,-89,-10,21,-999,17.4
2026-05-28 10:55:04.459,2026-05-28 11:09:50.769,22.6668596,114.5088347,50.0,10.0,0.02,55.0,55.3,24.8,1066.0,1067.36,10.0,2.0,2.5,NR5G-SA,n79,-89,-89,-10,22,-999,9.6
2026-05-28 10:55:04.660,2026-05-28 11:09:50.769,22.6668596,114.5088347,50.0,10.0,0.01,55.0,71.5,24.8,1066.0,1067.36,10.0,2.0,2.5,NR5G-SA,n79,-89,-89,-10,22,-999,18.2
2026-05-28 10:55:04.860,2026-05-28 11:09:50.769,22.6668856,114.5088745,50.0,10.0,0.01,54.9,71.5,24.8,1071.0,1072.37,10.0,2.0,2.5,NR5G-SA,n79,-89,-89,-10,22,-999,19.1
2026-05-28 10:55:05.060,2026-05-28 11:09:51.369,22.6668856,114.5088745,50.0,10.0,0.02,54.9,71.5,24.8,1071.0,1072.37,10.0,2.0,2.5,NR5G-SA,n79,-89,-89,-10,20,-999,13.7
2026-05-28 10:55:05.261,2026-05-28 11:09:51.369,22.6668856,114.5088745,50.0,10.0,-0.00,54.9,71.5,25.2,1071.0,1072.37,10.0,2.0,2.5,NR5G-SA,n79,-89,-89,-10,20,-999,19.8
2026-05-28 10:55:05.461,2026-05-28 11:09:51.769,22.6669115,114.5089142,50.0,10.0,-0.00,54.8,71.5,25.2,1076.0,1077.36,10.0,2.0,2.5,NR5G-SA,n79,-89,-89,-10,20,-999,9.2
2026-05-28 10:55:05.661,2026-05-28 11:09:51.769,22.6669115,114.5089142,50.0,10.0,0.03,54.8,38.7,25.2,1076.0,1077.36,10.0,2.0,2.5,NR5G-SA,n79,-93,-93,-10,21,-999,14.6
2026-05-28 10:55:05.862,2026-05-28 11:09:51.769,22.6669374,114.5089539,50.0,10.0,0.05,54.8,38.7,25.2,1081.0,1082.36,10.0,2.0,2.5,NR5G-SA,n79,-93,-93,-10,21,-999,19.1
2026-05-28 10:55:06.062,2026-05-28 11:09:52.369,22.6669374,114.5089539,50.0,10.0,0.08,54.8,38.7,25.2,1081.0,1082.36,10.0,2.0,2.5,NR5G-SA,n79,-93,-93,-10,21,-999,11.4
2026-05-28 10:55:06.262,2026-05-28 11:09:52.369,22.6669374,114.5089539,50.0,10.0,0.00,54.8,38.7,26.2,1081.0,1082.36,10.0,2.0,2.5,NR5G-SA,n79,-87,-87,-10,19,-999,17.9
2026-05-28 10:55:06.463,2026-05-28 11:09:52.769,22.6669635,114.5089935,50.0,9.9,-0.02,54.6,38.7,26.2,1086.0,1087.36,10.0,2.0,2.5,NR5G-SA,n79,-87,-87,-10,19,-999,9.6
2026-05-28 10:55:06.663,2026-05-28 11:09:52.769,22.6669635,114.5089935,50.0,9.9,-0.02,54.6,34.2,26.2,1086.0,1087.36,10.0,2.0,2.5,NR5G-SA,n79,-85,-85,-10,18,-999,13.6
2026-05-28 10:55:06.863,2026-05-28 11:09:52.769,22.6669635,114.5089935,50.0,9.9,-0.02,54.6,34.2,26.2,1086.0,1087.36,10.0,2.0,2.5,NR5G-SA,n79,-85,-85,-10,18,-999,23.3
2026-05-28 10:55:07.063,2026-05-28 11:09:53.569,22.6669964,114.5090440,50.0,10.0,0.01,54.7,34.2,26.2,1092.3,1093.71,10.0,2.0,2.5,NR5G-SA,n79,-85,-85,-10,18,-999,10.7
2026-05-28 10:55:07.264,2026-05-28 11:09:53.569,22.6670093,114.5090639,50.0,10.0,0.01,54.5,34.2,27.1,1094.8,1096.21,10.0,2.0,2.5,NR5G-SA,n79,-84,-84,-10,18,-999,11.8
2026-05-28 10:55:07.464,2026-05-28 11:09:53.769,22.6670093,114.5090639,50.0,10.0,0.01,54.5,34.2,27.1,1094.8,1096.21,10.0,2.0,2.5,NR5G-SA,n79,-84,-84,-10,18,-999,9.5
2026-05-28 10:55:07.664,2026-05-28 11:09:53.969,22.6670222,114.5090838,50.0,10.0,-0.03,54.5,0.0,27.1,1097.3,1098.70,10.0,2.0,2.5,NR5G-SA,n79,-84,-84,-10,18,-999,5.5
2026-05-28 10:55:07.865,2026-05-28 11:09:54.169,22.6670352,114.5091039,50.0,10.0,0.02,54.5,0.0,27.1,1099.9,1101.22,10.0,2.0,2.5,NR5G-SA,n79,-90,-90,-10,17,-999,5.5
2026-05-28 10:55:08.065,2026-05-28 11:09:54.569,22.6670481,114.5091240,50.0,10.0,-0.03,54.5,0.0,27.1,1102.4,1103.74,10.0,2.0,2.5,NR5G-SA,n79,-90,-90,-10,17,-999,8.4
2026-05-28 10:55:08.265,2026-05-28 11:09:54.569,22.6670610,114.5091440,50.0,10.0,-0.04,54.6,0.0,27.0,1104.9,1106.25,10.0,2.0,2.5,NR5G-SA,n79,-90,-90,-10,17,-999,10.8
2026-05-28 10:55:08.466,2026-05-28 11:09:54.769,22.6670610,114.5091440,50.0,10.0,-0.04,54.6,0.0,27.0,1104.9,1106.25,10.0,2.0,2.5,NR5G-SA,n79,-92,-92,-11,16,-999,13.7
2026-05-28 10:55:08.666,2026-05-28 11:09:54.969,22.6670739,114.5091640,50.0,10.0,0.00,54.6,15.0,27.0,1107.4,1108.75,10.0,2.0,2.5,NR5G-SA,n79,-92,-92,-11,16,-999,6.5
2026-05-28 10:55:08.866,2026-05-28 11:09:55.169,22.6670868,114.5091838,50.0,10.0,0.03,54.6,15.0,27.0,1109.9,1111.24,10.0,2.0,2.5,NR5G-SA,n79,-91,-91,-11,16,-999,6.3
2026-05-28 10:55:09.067,2026-05-28 11:09:55.569,22.6670998,114.5092037,50.0,10.0,0.05,54.7,15.0,27.0,1112.4,1113.75,10.0,2.0,2.5,NR5G-SA,n79,-91,-91,-11,16,-999,5.9
2026-05-28 10:55:09.267,2026-05-28 11:09:55.569,22.6671128,114.5092235,50.0,10.0,-0.03,54.6,15.0,25.9,1114.9,1116.24,10.0,2.0,2.5,NR5G-SA,n79,-91,-91,-11,16,-999,9.4
2026-05-28 10:55:09.467,2026-05-28 11:09:55.769,22.6671128,114.5092235,50.0,10.0,-0.03,54.6,15.0,25.9,1114.9,1116.24,10.0,2.0,2.5,NR5G-SA,n79,-88,-88,-11,16,-999,12.7
2026-05-28 10:55:09.668,2026-05-28 11:09:55.969,22.6671257,114.5092433,50.0,10.0,0.02,54.6,41.1,25.9,1117.4,1118.73,10.0,2.0,2.5,NR5G-SA,n79,-88,-88,-11,16,-999,6.5
2026-05-28 10:55:09.868,2026-05-28 11:09:56.169,22.6671386,114.5092633,50.0,10.0,-0.03,54.6,41.1,25.9,1119.9,1121.24,10.0,2.0,2.5,NR5G-SA,n79,-88,-88,-11,16,-999,4.6
2026-05-28 10:55:10.068,2026-05-28 11:09:56.569,22.6671515,114.5092833,50.0,10.0,0.01,54.5,41.1,25.9,1122.4,1123.75,10.0,2.0,2.5,NR5G-SA,n79,-87,-87,-10,16,-999,5.8
2026-05-28 10:55:10.269,2026-05-28 11:09:56.569,22.6671644,114.5093033,50.0,10.0,0.01,54.5,41.1,22.4,1124.9,1126.25,10.0,2.0,2.5,NR5G-SA,n79,-87,-87,-10,16,-999,8.6
2026-05-28 10:55:10.469,2026-05-28 11:09:56.769,22.6671644,114.5093033,50.0,10.0,0.01,54.5,41.1,22.4,1124.9,1126.25,10.0,2.0,2.5,NR5G-SA,n79,-87,-87,-10,16,-999,9.2
2026-05-28 10:55:10.669,2026-05-28 11:09:56.969,22.6671773,114.5093234,50.0,10.0,0.00,54.5,24.7,22.4,1127.4,1128.77,10.0,2.0,2.5,NR5G-SA,n79,-87,-87,-11,14,-999,7.6
2026-05-28 10:55:10.869,2026-05-28 11:09:57.169,22.6671901,114.5093433,50.0,10.0,0.00,54.6,24.7,22.4,1129.9,1131.26,10.0,2.0,2.5,NR5G-SA,n79,-87,-87,-11,14,-999,7.0
2026-05-28 10:55:11.070,2026-05-28 11:09:57.569,22.6672030,114.5093632,50.0,10.0,0.02,54.6,24.7,22.4,1132.4,1133.76,10.0,2.0,2.5,NR5G-SA,n79,-87,-87,-11,14,-999,8.2
2026-05-28 10:55:11.270,2026-05-28 11:09:57.769,22.6672160,114.5093831,50.0,10.0,-0.01,54.7,24.7,21.1,1134.9,1136.26,10.0,2.0,2.5,NR5G-SA,n79,-85,-85,-10,15,-999,6.7
2026-05-28 10:55:11.470,2026-05-28 11:09:57.769,22.6672160,114.5093831,50.0,10.0,-0.01,54.7,24.7,21.1,1134.9,1136.26,10.0,2.0,2.5,NR5G-SA,n79,-85,-85,-10,15,-999,13.5
2026-05-28 10:55:11.671,2026-05-28 11:09:57.969,22.6672289,114.5094030,50.0,10.0,-0.02,54.7,37.3,21.1,1137.4,1138.76,10.0,2.0,2.5,NR5G-SA,n79,-88,-88,-11,14,-999,5.9
2026-05-28 10:55:11.871,2026-05-28 11:09:58.169,22.6672418,114.5094230,50.0,10.0,-0.02,54.7,37.3,21.1,1139.9,1141.27,10.0,2.0,2.5,NR5G-SA,n79,-88,-88,-11,14,-999,6.6
2026-05-28 10:55:12.071,2026-05-28 11:09:58.569,22.6672546,114.5094429,50.0,10.0,-0.03,54.6,37.3,21.1,1142.4,1143.76,10.0,2.0,2.5,NR5G-SA,n79,-88,-88,-11,14,-999,5.0
2026-05-28 10:55:12.272,2026-05-28 11:09:58.569,22.6672674,114.5094628,50.0,10.0,0.04,54.6,37.3,21.1,1144.9,1146.25,10.0,2.0,2.5,NR5G-SA,n79,-87,-87,-11,16,-999,10.4
2026-05-28 10:55:12.472,2026-05-28 11:09:58.769,22.6672803,114.5094827,50.0,10.0,0.04,54.7,37.3,19.5,1147.4,1148.75,10.0,2.0,2.5,NR5G-SA,n79,-87,-87,-11,16,-999,10.4
2026-05-28 10:55:12.672,2026-05-28 11:09:58.969,22.6672803,114.5094827,50.0,10.0,0.00,54.7,31.5,19.5,1147.4,1148.75,10.0,2.0,2.5,NR5G-SA,n79,-87,-87,-11,16,-999,6.3
2026-05-28 10:55:12.873,2026-05-28 11:09:59.169,22.6672931,114.5095027,50.0,10.0,0.03,54.7,31.5,19.5,1149.9,1151.25,10.0,2.0,2.5,NR5G-SA,n79,-84,-84,-11,16,-999,6.4
2026-05-28 10:55:13.073,2026-05-28 11:09:59.569,22.6673060,114.5095227,50.0,10.0,-0.00,54.9,31.5,19.5,1152.4,1153.76,10.0,2.0,2.5,NR5G-SA,n79,-84,-84,-11,16,-999,5.5
2026-05-28 10:55:13.273,2026-05-28 11:09:59.569,22.6673189,114.5095426,50.0,10.0,-0.03,54.8,31.5,19.5,1154.9,1156.25,10.0,2.0,2.5,NR5G-SA,n79,-84,-84,-11,16,-999,8.9
2026-05-28 10:55:13.474,2026-05-28 11:09:59.769,22.6673318,114.5095625,50.0,10.0,-0.03,54.9,31.5,18.0,1157.4,1158.75,10.0,2.0,2.5,NR5G-SA,n79,-87,-87,-11,16,-999,10.2
2026-05-28 10:55:13.674,2026-05-28 11:09:59.969,22.6673318,114.5095625,50.0,10.0,-0.02,54.9,31.9,18.0,1157.4,1158.75,10.0,2.0,2.5,NR5G-SA,n79,-87,-87,-11,16,-999,5.1
2026-05-28 10:55:13.875,2026-05-28 11:10:00.169,22.6673447,114.5095824,50.0,10.0,-0.01,54.9,31.9,18.0,1159.9,1161.25,10.0,2.0,2.5,NR5G-SA,n79,-86,-86,-10,20,-999,6.5
2026-05-28 10:55:14.075,2026-05-28 11:10:00.569,22.6673575,114.5096023,50.0,10.0,-0.02,54.9,31.9,18.0,1162.4,1163.74,10.0,2.0,2.5,NR5G-SA,n79,-86,-86,-10,20,-999,6.3
2026-05-28 10:55:14.275,2026-05-28 11:10:00.569,22.6673705,114.5096222,50.0,10.0,-0.03,54.9,31.9,18.0,1164.9,1166.25,10.0,2.0,2.5,NR5G-SA,n79,-86,-86,-10,20,-999,12.6
2026-05-28 10:55:14.476,2026-05-28 11:10:00.769,22.6673834,114.5096421,50.0,10.0,-0.03,54.8,31.9,18.3,1167.4,1168.74,10.0,2.0,2.5,NR5G-SA,n79,-87,-87,-10,15,-999,12.1
2026-05-28 10:55:14.676,2026-05-28 11:10:00.969,22.6673834,114.5096421,50.0,10.0,0.02,54.8,38.3,18.3,1167.4,1168.74,10.0,2.0,2.5,NR5G-SA,n79,-87,-87,-10,15,-999,5.7
2026-05-28 10:55:14.877,2026-05-28 11:10:01.169,22.6673964,114.5096621,50.0,10.0,0.01,54.7,38.3,18.3,1169.9,1171.26,10.0,2.0,2.5,NR5G-SA,n79,-87,-87,-10,15,-999,6.8
2026-05-28 10:55:15.077,2026-05-28 11:10:01.569,22.6674092,114.5096821,50.0,10.0,-0.00,54.7,38.3,18.3,1172.4,1173.76,10.0,2.0,2.5,NR5G-SA,n79,-86,-86,-10,16,-999,7.0
2026-05-28 10:55:15.277,2026-05-28 11:10:01.569,22.6674221,114.5097021,50.0,10.0,0.03,54.8,38.3,18.3,1174.9,1176.26,10.0,2.0,2.5,NR5G-SA,n79,-86,-86,-10,16,-999,8.7
2026-05-28 10:55:15.478,2026-05-28 11:10:01.769,22.6674351,114.5097221,50.0,10.0,0.03,54.8,38.3,19.1,1177.4,1178.78,10.0,2.0,2.5,NR5G-SA,n79,-86,-86,-10,16,-999,10.2
2026-05-28 10:55:15.678,2026-05-28 11:10:01.969,22.6674351,114.5097221,50.0,10.0,0.03,54.8,24.1,19.1,1177.4,1178.78,10.0,2.0,2.5,NR5G-SA,n79,-88,-88,-10,17,-999,7.8
2026-05-28 10:55:15.878,2026-05-28 11:10:02.169,22.6674480,114.5097420,50.0,10.0,0.02,54.8,24.1,19.1,1179.9,1181.27,10.0,2.0,2.5,NR5G-SA,n79,-88,-88,-10,17,-999,7.2
2026-05-28 10:55:16.079,2026-05-28 11:10:02.569,22.6674609,114.5097618,50.0,10.0,0.00,54.9,24.1,19.1,1182.4,1183.76,10.0,2.0,2.5,NR5G-SA,n79,-88,-88,-10,19,-999,6.5
2026-05-28 10:55:16.279,2026-05-28 11:10:02.769,22.6674738,114.5097817,50.0,10.0,-0.03,54.8,24.1,19.1,1184.9,1186.26,10.0,2.0,2.5,NR5G-SA,n79,-88,-88,-10,19,-999,7.3
2026-05-28 10:55:16.479,2026-05-28 11:10:02.769,22.6674866,114.5098017,50.0,10.0,-0.01,54.6,24.1,20.7,1187.4,1188.76,10.0,2.0,2.5,NR5G-SA,n79,-88,-88,-10,19,-999,12.4
2026-05-28 10:55:16.680,2026-05-28 11:10:02.969,22.6674866,114.5098017,50.0,10.0,-0.01,54.6,42.3,20.7,1187.4,1188.76,10.0,2.0,2.5,NR5G-SA,n79,-91,-91,-11,16,-999,6.0
2026-05-28 10:55:16.880,2026-05-28 11:10:03.169,22.6674995,114.5098218,50.0,10.0,0.04,54.7,42.3,20.7,1189.9,1191.28,10.0,2.0,2.5,NR5G-SA,n79,-91,-91,-11,16,-999,5.3
2026-05-28 10:55:17.080,2026-05-28 11:10:03.569,22.6675123,114.5098418,50.0,10.0,0.05,54.7,42.3,20.7,1192.4,1193.78,10.0,2.0,2.5,NR5G-SA,n79,-91,-91,-11,16,-999,6.2
2026-05-28 10:55:17.281,2026-05-28 11:10:03.769,22.6675253,114.5098617,50.0,10.0,0.02,54.7,42.3,20.7,1194.9,1196.28,10.0,2.0,2.5,NR5G-SA,n79,-82,-82,-10,19,-999,7.8
2026-05-28 10:55:17.481,2026-05-28 11:10:03.769,22.6675382,114.5098816,50.0,10.0,0.00,54.8,42.3,20.5,1197.4,1198.78,10.0,2.0,2.5,NR5G-SA,n79,-82,-82,-10,19,-999,12.8
2026-05-28 10:55:17.681,2026-05-28 11:10:03.969,22.6675382,114.5098816,50.0,10.0,0.00,54.8,16.0,20.5,1197.4,1198.78,10.0,2.0,2.5,NR5G-SA,n79,-82,-82,-10,19,-999,6.2
2026-05-28 10:55:17.882,2026-05-28 11:10:04.169,22.6675511,114.5099015,50.0,10.0,0.01,54.8,16.0,20.5,1199.9,1201.28,10.0,2.0,2.5,NR5G-SA,n79,-86,-86,-10,16,-999,6.1
2026-05-28 10:55:18.082,2026-05-28 11:10:04.569,22.6675639,114.5099215,50.0,9.9,0.05,54.8,16.0,20.5,1202.4,1203.78,10.0,2.0,2.5,NR5G-SA,n79,-86,-86,-10,16,-999,5.8
2026-05-28 10:55:18.282,2026-05-28 11:10:04.769,22.6675767,114.5099414,50.0,10.0,0.02,54.7,16.0,20.5,1204.9,1206.27,10.0,2.0,2.5,NR5G-SA,n79,-85,-85,-10,19,-999,6.0
2026-05-28 10:55:18.483,2026-05-28 11:10:04.769,22.6675896,114.5099613,50.0,10.0,0.02,54.7,16.0,20.7,1207.4,1208.77,10.0,2.0,2.5,NR5G-SA,n79,-85,-85,-10,19,-999,14.2
2026-05-28 10:55:18.683,2026-05-28 11:10:04.969,22.6675896,114.5099613,50.0,10.0,0.02,54.7,0.0,20.7,1207.4,1208.77,10.0,2.0,2.5,NR5G-SA,n79,-85,-85,-10,19,-999,6.5
2026-05-28 10:55:18.884,2026-05-28 11:10:05.169,22.6676026,114.5099813,50.0,10.0,-0.02,54.7,0.0,20.7,1209.9,1211.28,10.0,2.0,2.5,NR5G-SA,n79,-86,-86,-10,19,-999,5.8
2026-05-28 10:55:19.084,2026-05-28 11:10:05.569,22.6676156,114.5100012,50.0,10.0,-0.03,54.8,0.0,20.7,1212.4,1213.79,10.0,2.0,2.5,NR5G-SA,n79,-86,-86,-10,19,-999,6.4
2026-05-28 10:55:19.284,2026-05-28 11:10:05.769,22.6676286,114.5100212,50.0,10.0,-0.03,54.9,0.0,20.7,1214.9,1216.30,10.0,2.0,2.5,NR5G-SA,n79,-86,-86,-10,19,-999,5.8
2026-05-28 10:55:19.484,2026-05-28 11:10:05.769,22.6676415,114.5100413,50.0,10.0,-0.04,55.0,0.0,22.1,1217.4,1218.81,10.0,2.0,2.5,NR5G-SA,n79,-85,-85,-10,16,-999,12.6
2026-05-28 10:55:19.685,2026-05-28 11:10:05.969,22.6676415,114.5100413,50.0,10.0,-0.04,55.0,4.6,22.1,1217.4,1218.81,10.0,2.0,2.5,NR5G-SA,n79,-85,-85,-10,16,-999,7.6
2026-05-28 10:55:19.885,2026-05-28 11:10:06.169,22.6676544,114.5100612,50.0,10.0,0.01,55.0,4.6,22.1,1219.9,1221.31,10.0,2.0,2.5,NR5G-SA,n79,-85,-85,-10,16,-999,6.3
2026-05-28 10:55:20.085,2026-05-28 11:10:06.569,22.6676672,114.5100811,50.0,10.0,0.00,55.1,4.6,22.1,1222.4,1223.80,10.0,2.0,2.5,NR5G-SA,n79,-87,-87,-10,16,-999,5.7
2026-05-28 10:55:20.286,2026-05-28 11:10:06.769,22.6676801,114.5101011,50.0,10.0,-0.00,55.2,4.6,22.1,1224.9,1226.31,10.0,2.0,2.5,NR5G-SA,n79,-87,-87,-10,16,-999,6.3
2026-05-28 10:55:20.486,2026-05-28 11:10:06.769,22.6676930,114.5101211,50.0,10.0,0.02,55.2,4.6,22.5,1227.4,1228.82,10.0,2.0,2.5,NR5G-SA,n79,-86,-86,-10,17,-999,11.8
2026-05-28 10:55:20.686,2026-05-28 11:10:06.969,22.6676930,114.5101211,50.0,10.0,0.02,55.2,0.0,22.5,1227.4,1228.82,10.0,2.0,2.5,NR5G-SA,n79,-86,-86,-10,17,-999,7.5
2026-05-28 10:55:20.887,2026-05-28 11:10:07.169,22.6677059,114.5101410,50.0,9.9,0.02,55.1,0.0,22.5,1229.9,1231.32,10.0,2.0,2.5,NR5G-SA,n79,-86,-86,-10,17,-999,5.0
2026-05-28 10:55:21.087,2026-05-28 11:10:07.569,22.6677189,114.5101609,50.0,10.0,0.02,55.1,0.0,22.5,1232.5,1233.82,10.0,2.0,2.5,NR5G-SA,n79,-97,-97,-11,19,-999,6.1
2026-05-28 10:55:21.287,2026-05-28 11:10:07.569,22.6677317,114.5101807,50.0,10.0,-0.03,55.1,0.0,22.5,1234.9,1236.30,10.0,2.0,2.5,NR5G-SA,n79,-97,-97,-11,19,-999,10.5
2026-05-28 10:55:21.487,2026-05-28 11:10:07.769,22.6677446,114.5102006,50.0,10.0,-0.03,55.1,0.0,22.5,1237.4,1238.80,10.0,2.0,2.5,NR5G-SA,n79,-97,-97,-11,19,-999,10.0
2026-05-28 10:55:21.688,2026-05-28 11:10:07.969,22.6677446,114.5102006,50.0,10.0,-0.03,55.1,6.3,21.8,1237.4,1238.80,10.0,2.0,2.5,NR5G-SA,n79,-88,-88,-10,18,-999,5.7
2026-05-28 10:55:21.888,2026-05-28 11:10:08.169,22.6677574,114.5102206,50.0,10.0,0.02,55.2,6.3,21.8,1239.9,1241.30,10.0,2.0,2.5,NR5G-SA,n79,-88,-88,-10,18,-999,7.3
2026-05-28 10:55:22.088,2026-05-28 11:10:08.569,22.6677703,114.5102406,50.0,10.0,0.01,55.1,6.3,21.8,1242.4,1243.81,10.0,2.0,2.5,NR5G-SA,n79,-88,-88,-10,18,-999,4.7
2026-05-28 10:55:22.289,2026-05-28 11:10:08.769,22.6677832,114.5102605,50.0,10.0,0.02,55.0,6.3,21.8,1244.9,1246.31,10.0,2.0,2.5,NR5G-SA,n79,-86,-86,-10,17,-999,7.6
2026-05-28 10:55:22.489,2026-05-28 11:10:08.769,22.6677962,114.5102804,50.0,10.0,-0.00,55.1,6.3,21.8,1247.4,1248.81,10.0,2.0,2.5,NR5G-SA,n79,-86,-86,-10,17,-999,9.4
2026-05-28 10:55:22.690,2026-05-28 11:10:08.969,22.6677962,114.5102804,50.0,10.0,-0.00,55.1,0.0,24.3,1247.4,1248.81,10.0,2.0,2.5,NR5G-SA,n79,-86,-86,-10,17,-999,7.6
2026-05-28 10:55:22.890,2026-05-28 11:10:09.169,22.6678092,114.5103002,50.0,10.0,-0.00,55.1,0.0,24.3,1249.9,1251.31,10.0,2.0,2.5,NR5G-SA,n79,-90,-90,-10,19,-999,6.9
2026-05-28 10:55:23.090,2026-05-28 11:10:09.569,22.6678222,114.5103202,50.0,10.0,0.01,55.0,0.0,24.3,1252.5,1253.82,10.0,2.0,2.5,NR5G-SA,n79,-90,-90,-10,19,-999,5.9
2026-05-28 10:55:23.291,2026-05-28 11:10:09.769,22.6678351,114.5103401,50.0,10.0,0.00,54.9,0.0,24.3,1254.9,1256.32,10.0,2.0,2.5,NR5G-SA,n79,-87,-87,-11,19,-999,7.0
2026-05-28 10:55:23.491,2026-05-28 11:10:09.769,22.6678480,114.5103601,50.0,10.0,0.04,54.9,0.0,24.3,1257.5,1258.82,10.0,2.0,2.5,NR5G-SA,n79,-87,-87,-11,19,-999,10.6
2026-05-28 10:55:23.691,2026-05-28 11:10:09.969,22.6678480,114.5103601,50.0,10.0,0.04,54.9,17.9,31.5,1257.5,1258.82,10.0,2.0,2.5,NR5G-SA,n79,-87,-87,-11,19,-999,9.6
2026-05-28 10:55:23.892,2026-05-28 11:10:10.169,22.6678610,114.5103801,50.0,10.0,0.01,54.9,17.9,31.5,1260.0,1261.34,10.0,2.0,2.5,NR5G-SA,n79,-98,-98,-10,19,-999,6.2
2026-05-28 10:55:24.092,2026-05-28 11:10:10.569,22.6678738,114.5104001,50.0,10.0,-0.00,55.0,17.9,31.5,1262.5,1263.84,10.0,2.0,2.5,NR5G-SA,n79,-98,-98,-10,19,-999,5.7
2026-05-28 10:55:24.292,2026-05-28 11:10:10.769,22.6678867,114.5104199,50.0,9.9,0.01,55.0,17.9,31.5,1265.0,1266.33,10.0,2.0,2.5,NR5G-SA,n79,-98,-98,-10,19,-999,6.8
2026-05-28 10:55:24.493,2026-05-28 11:10:10.769,22.6678996,114.5104397,50.0,10.0,-0.02,55.0,17.9,31.5,1267.4,1268.82,10.0,2.0,2.5,NR5G-SA,n79,-91,-91,-10,18,-999,10.4
2026-05-28 10:55:24.693,2026-05-28 11:10:10.969,22.6678996,114.5104397,50.0,10.0,-0.02,55.0,40.9,31.0,1267.4,1268.82,10.0,2.0,2.5,NR5G-SA,n79,-91,-91,-10,18,-999,7.8
2026-05-28 10:55:24.893,2026-05-28 11:10:11.169,22.6679124,114.5104594,50.0,10.0,-0.05,54.9,40.9,31.0,1269.9,1271.29,10.0,2.0,2.5,NR5G-SA,n79,-92,-92,-11,19,-999,5.3
2026-05-28 10:55:25.094,2026-05-28 11:10:11.569,22.6679253,114.5104794,50.0,10.0,-0.07,54.9,40.9,31.0,1272.4,1273.80,10.0,2.0,2.5,NR5G-SA,n79,-92,-92,-11,19,-999,5.0
2026-05-28 10:55:25.294,2026-05-28 11:10:11.769,22.6679381,114.5104993,50.0,10.0,-0.01,55.0,40.9,31.0,1274.9,1276.29,10.0,2.0,2.5,NR5G-SA,n79,-92,-92,-11,19,-999,6.9
2026-05-28 10:55:25.494,2026-05-28 11:10:11.769,22.6679509,114.5105193,50.0,10.0,-0.00,55.0,40.9,31.0,1277.4,1278.79,10.0,2.0,2.5,NR5G-SA,n79,-90,-90,-10,19,-999,10.0
2026-05-28 10:55:25.695,2026-05-28 11:10:11.969,22.6679509,114.5105193,50.0,10.0,-0.00,55.0,25.4,32.5,1277.4,1278.79,10.0,2.0,2.5,NR5G-SA,n79,-90,-90,-10,19,-999,9.0
2026-05-28 10:55:25.895,2026-05-28 11:10:12.169,22.6679638,114.5105392,50.0,10.0,0.00,54.9,25.4,32.5,1279.9,1281.29,10.0,2.0,2.5,NR5G-SA,n79,-90,-90,-10,19,-999,6.6
2026-05-28 10:55:26.095,2026-05-28 11:10:12.569,22.6679767,114.5105591,50.0,10.0,-0.01,54.9,25.4,32.5,1282.4,1283.79,10.0,2.0,2.5,NR5G-SA,n79,-87,-87,-10,20,-999,6.9
2026-05-28 10:55:26.296,2026-05-28 11:10:12.769,22.6679896,114.5105791,50.0,10.0,-0.02,54.8,25.4,32.5,1284.9,1286.29,10.0,2.0,2.5,NR5G-SA,n79,-87,-87,-10,20,-999,8.3
2026-05-28 10:55:26.496,2026-05-28 11:10:12.769,22.6680026,114.5105991,50.0,10.0,-0.05,54.8,25.4,32.5,1287.4,1288.81,10.0,2.0,2.5,NR5G-SA,n79,-87,-87,-10,20,-999,10.9
2026-05-28 10:55:26.696,2026-05-28 11:10:12.969,22.6680026,114.5105991,50.0,10.0,-0.05,54.8,25.4,33.6,1287.4,1288.81,10.0,2.0,2.5,NR5G-SA,n79,-85,-85,-10,17,-999,6.6
2026-05-28 10:55:26.897,2026-05-28 11:10:13.169,22.6680155,114.5106192,50.0,10.0,-0.04,54.7,37.1,33.6,1290.0,1291.32,10.0,2.0,2.5,NR5G-SA,n79,-85,-85,-10,17,-999,5.7
2026-05-28 10:55:27.097,2026-05-28 11:10:13.569,22.6680284,114.5106391,50.0,10.0,-0.02,54.7,37.1,33.6,1292.4,1293.82,10.0,2.0,2.5,NR5G-SA,n79,-85,-85,-10,17,-999,5.2
2026-05-28 10:55:27.297,2026-05-28 11:10:13.769,22.6680413,114.5106591,50.0,10.0,-0.02,54.6,37.1,33.6,1295.0,1296.33,10.0,2.0,2.5,NR5G-SA,n79,-87,-87,-10,17,-999,8.3
2026-05-28 10:55:27.497,2026-05-28 11:10:13.769,22.6680543,114.5106791,50.0,10.0,-0.02,54.5,37.1,33.6,1297.5,1298.84,10.0,2.0,2.5,NR5G-SA,n79,-87,-87,-10,17,-999,10.1
2026-05-28 10:55:27.698,2026-05-28 11:10:13.969,22.6680543,114.5106791,50.0,10.0,-0.02,54.5,32.8,33.6,1297.5,1298.84,10.0,2.0,2.5,NR5G-SA,n79,-89,-89,-10,18,-999,7.3
2026-05-28 10:55:27.898,2026-05-28 11:10:14.169,22.6680672,114.5106991,50.0,10.0,-0.03,54.5,32.8,31.8,1300.0,1301.35,10.0,2.0,2.5,NR5G-SA,n79,-89,-89,-10,18,-999,3.8
2026-05-28 10:55:28.098,2026-05-28 11:10:14.569,22.6680800,114.5107190,50.0,10.0,-0.01,54.5,32.8,31.8,1302.5,1303.84,10.0,2.0,2.5,NR5G-SA,n79,-89,-89,-10,18,-999,8.1
2026-05-28 10:55:28.299,2026-05-28 11:10:14.769,22.6680929,114.5107390,50.0,10.0,-0.02,54.5,32.8,31.8,1305.0,1306.34,10.0,2.0,2.5,NR5G-SA,n79,-90,-90,-10,19,-999,8.2
2026-05-28 10:55:28.499,2026-05-28 11:10:14.769,22.6681058,114.5107589,50.0,10.0,-0.00,54.5,32.8,31.8,1307.5,1308.84,10.0,2.0,2.5,NR5G-SA,n79,-90,-90,-10,19,-999,10.0
2026-05-28 10:55:28.699,2026-05-28 11:10:14.969,22.6681058,114.5107589,50.0,10.0,-0.00,54.5,32.8,31.8,1307.5,1308.84,10.0,2.0,2.5,NR5G-SA,n79,-90,-90,-10,19,-999,8.3
2026-05-28 10:55:28.900,2026-05-28 11:10:15.169,22.6681188,114.5107789,50.0,10.0,0.01,54.5,30.4,26.4,1310.0,1311.35,10.0,2.0,2.5,NR5G-SA,n79,-84,-84,-10,18,-999,6.7
2026-05-28 10:55:29.100,2026-05-28 11:10:15.569,22.6681316,114.5107988,50.0,10.0,0.01,54.6,30.4,26.4,1312.5,1313.85,10.0,2.0,2.5,NR5G-SA,n79,-84,-84,-10,18,-999,5.5
2026-05-28 10:55:29.300,2026-05-28 11:10:15.769,22.6681446,114.5108188,50.0,10.0,0.02,54.5,30.4,26.4,1315.0,1316.36,10.0,2.0,2.5,NR5G-SA,n79,-84,-84,-10,18,-999,4.8
2026-05-28 10:55:29.501,2026-05-28 11:10:15.769,22.6681575,114.5108387,50.0,10.0,-0.02,54.4,30.4,26.4,1317.5,1318.86,10.0,2.0,2.5,NR5G-SA,n79,-85,-85,-10,19,-999,12.1
2026-05-28 10:55:29.701,2026-05-28 11:10:15.969,22.6681575,114.5108387,50.0,10.0,-0.02,54.4,30.4,26.4,1317.5,1318.86,10.0,2.0,2.5,NR5G-SA,n79,-85,-85,-10,19,-999,14.7
2026-05-28 10:55:29.902,2026-05-28 11:10:16.169,22.6681704,114.5108586,50.0,10.0,-0.03,54.4,0.0,26.3,1320.0,1321.36,10.0,2.0,2.5,NR5G-SA,n79,-91,-91,-10,18,-999,11.6
2026-05-28 10:55:30.102,2026-05-28 11:10:16.569,22.6681834,114.5108786,50.0,10.0,-0.03,54.3,0.0,26.3,1322.5,1323.87,10.0,2.0,2.5,NR5G-SA,n79,-91,-91,-10,18,-999,8.3
2026-05-28 10:55:30.302,2026-05-28 11:10:16.769,22.6681963,114.5108986,50.0,10.0,-0.01,54.2,0.0,26.3,1325.0,1326.38,10.0,2.0,2.5,NR5G-SA,n79,-91,-91,-10,18,-999,8.3
2026-05-28 10:55:30.503,2026-05-28 11:10:16.769,22.6682093,114.5109188,50.0,10.0,0.00,54.3,0.0,26.3,1327.5,1328.91,10.0,2.0,2.5,NR5G-SA,n79,-93,-93,-11,20,-999,10.0
2026-05-28 10:55:30.703,2026-05-28 11:10:16.969,22.6682093,114.5109188,50.0,10.0,0.00,54.3,0.0,26.3,1327.5,1328.91,10.0,2.0,2.5,NR5G-SA,n79,-93,-93,-11,20,-999,8.4
2026-05-28 10:55:30.903,2026-05-28 11:10:17.169,22.6682222,114.5109386,50.0,10.0,0.03,54.3,24.1,25.1,1330.0,1331.39,10.0,2.0,2.5,NR5G-SA,n79,-93,-93,-11,20,-999,6.0
2026-05-28 10:55:31.104,2026-05-28 11:10:17.569,22.6682351,114.5109584,50.0,10.0,0.03,54.4,24.1,25.1,1332.5,1333.88,10.0,2.0,2.5,NR5G-SA,n79,-84,-84,-10,20,-999,6.7
2026-05-28 10:55:31.304,2026-05-28 11:10:17.769,22.6682480,114.5109784,50.0,10.0,-0.00,54.4,24.1,25.1,1335.0,1336.39,10.0,2.0,2.5,NR5G-SA,n79,-84,-84,-10,20,-999,6.0
2026-05-28 10:55:31.504,2026-05-28 11:10:17.769,22.6682608,114.5109983,50.0,10.0,-0.00,54.4,24.1,25.1,1337.5,1338.88,10.0,2.0,2.5,NR5G-SA,n79,-84,-84,-10,20,-999,8.0
2026-05-28 10:55:31.705,2026-05-28 11:10:17.969,22.6682608,114.5109983,50.0,10.0,-0.00,54.4,24.1,25.1,1337.5,1338.88,10.0,2.0,2.5,NR5G-SA,n79,-90,-90,-10,18,-999,9.2
2026-05-28 10:55:31.905,2026-05-28 11:10:18.169,22.6682738,114.5110181,50.0,10.0,0.01,54.4,43.0,23.9,1340.0,1341.38,10.0,2.0,2.5,NR5G-SA,n79,-90,-90,-10,18,-999,10.0
2026-05-28 10:55:32.105,2026-05-28 11:10:18.569,22.6682867,114.5110380,50.0,10.0,0.01,54.5,43.0,23.9,1342.5,1343.88,10.0,2.0,2.5,NR5G-SA,n79,-95,-95,-10,21,-999,8.8
2026-05-28 10:55:32.306,2026-05-28 11:10:18.769,22.6682996,114.5110578,50.0,9.9,0.02,54.5,43.0,23.9,1345.0,1346.37,10.0,2.0,2.5,NR5G-SA,n79,-95,-95,-10,21,-999,5.8
2026-05-28 10:55:32.506,2026-05-28 11:10:18.769,22.6683125,114.5110777,50.0,9.9,0.03,54.6,43.0,23.9,1347.5,1348.87,10.0,2.0,2.5,NR5G-SA,n79,-95,-95,-10,21,-999,9.1
2026-05-28 10:55:32.707,2026-05-28 11:10:18.969,22.6683125,114.5110777,50.0,9.9,0.03,54.6,43.0,23.9,1347.5,1348.87,10.0,2.0,2.5,NR5G-SA,n79,-95,-95,-10,21,-999,9.9
2026-05-28 10:55:32.907,2026-05-28 11:10:19.169,22.6683254,114.5110977,50.0,10.0,0.03,54.6,15.3,24.2,1350.0,1351.37,10.0,2.0,2.5,NR5G-SA,n79,-87,-87,-10,21,-999,4.6
2026-05-28 10:55:33.107,2026-05-28 11:10:19.569,22.6683383,114.5111177,50.0,10.0,0.06,54.6,15.3,24.2,1352.5,1353.88,10.0,2.0,2.5,NR5G-SA,n79,-87,-87,-10,21,-999,9.2
2026-05-28 10:55:33.308,2026-05-28 11:10:19.769,22.6683513,114.5111377,50.0,10.0,0.03,54.5,15.3,24.2,1355.0,1356.39,10.0,2.0,2.5,NR5G-SA,n79,-93,-93,-10,21,-999,6.0
2026-05-28 10:55:33.508,2026-05-28 11:10:19.769,22.6683642,114.5111576,50.0,10.0,0.01,54.6,15.3,24.2,1357.5,1358.89,10.0,2.0,2.5,NR5G-SA,n79,-93,-93,-10,21,-999,8.0
2026-05-28 10:55:33.708,2026-05-28 11:10:19.969,22.6683642,114.5111576,50.0,10.0,0.01,54.6,15.3,24.2,1357.5,1358.89,10.0,2.0,2.5,NR5G-SA,n79,-93,-93,-10,21,-999,12.4
2026-05-28 10:55:33.909,2026-05-28 11:10:20.169,22.6683771,114.5111776,50.0,10.0,0.05,54.6,0.0,22.6,1360.0,1361.40,10.0,2.0,2.5,NR5G-SA,n79,-85,-85,-10,21,-999,9.5
2026-05-28 10:55:34.109,2026-05-28 11:10:20.569,22.6683900,114.5111975,50.0,10.0,0.04,54.6,0.0,22.6,1362.5,1363.89,10.0,2.0,2.5,NR5G-SA,n79,-85,-85,-10,21,-999,5.2
2026-05-28 10:55:34.309,2026-05-28 11:10:20.769,22.6684030,114.5112174,50.0,10.0,0.02,54.7,0.0,22.6,1365.0,1366.40,10.0,2.0,2.5,NR5G-SA,n79,-89,-89,-10,21,-999,6.2
2026-05-28 10:55:34.510,2026-05-28 11:10:20.769,22.6684159,114.5112374,50.0,9.9,-0.00,54.7,0.0,22.6,1367.5,1368.90,10.0,2.0,2.5,NR5G-SA,n79,-89,-89,-10,21,-999,9.4
2026-05-28 10:55:34.710,2026-05-28 11:10:20.969,22.6684159,114.5112374,50.0,9.9,-0.00,54.7,0.0,22.6,1367.5,1368.90,10.0,2.0,2.5,NR5G-SA,n79,-89,-89,-10,21,-999,6.3
2026-05-28 10:55:34.910,2026-05-28 11:10:21.169,22.6684289,114.5112573,50.0,9.9,-0.01,54.7,0.0,22.6,1370.0,1371.41,10.0,2.0,2.5,NR5G-SA,n79,-90,-90,-10,21,-999,5.6
2026-05-28 10:55:35.111,2026-05-28 11:10:21.569,22.6684418,114.5112773,50.0,9.9,-0.02,54.8,0.0,23.6,1372.5,1373.92,10.0,2.0,2.5,NR5G-SA,n79,-90,-90,-10,21,-999,7.2
2026-05-28 10:55:35.311,2026-05-28 11:10:21.769,22.6684547,114.5112972,50.0,9.9,-0.02,54.8,0.0,23.6,1375.0,1376.41,10.0,2.0,2.5,NR5G-SA,n79,-90,-90,-10,21,-999,6.0
2026-05-28 10:55:35.511,2026-05-28 11:10:21.769,22.6684676,114.5113170,50.0,10.0,-0.01,54.9,0.0,23.6,1377.5,1378.90,10.0,2.0,2.5,NR5G-SA,n79,-84,-84,-10,21,-999,8.8
2026-05-28 10:55:35.712,2026-05-28 11:10:21.969,22.6684676,114.5113170,50.0,10.0,-0.01,54.9,0.0,23.6,1377.5,1378.90,10.0,2.0,2.5,NR5G-SA,n79,-84,-84,-10,21,-999,12.8
2026-05-28 10:55:35.912,2026-05-28 11:10:22.169,22.6684805,114.5113369,50.0,10.0,-0.02,54.8,0.0,23.6,1380.0,1381.40,10.0,2.0,2.5,NR5G-SA,n79,-84,-84,-10,21,-999,10.8
2026-05-28 10:55:36.112,2026-05-28 11:10:22.569,22.6684935,114.5113568,50.0,10.0,-0.01,54.7,0.0,23.6,1382.5,1383.91,10.0,2.0,2.5,NR5G-SA,n79,-87,-87,-10,19,-999,7.6
2026-05-28 10:55:36.313,2026-05-28 11:10:22.769,22.6685065,114.5113768,50.0,10.0,0.01,54.8,0.0,23.6,1385.0,1386.42,10.0,2.0,2.5,NR5G-SA,n79,-87,-87,-10,19,-999,4.8
2026-05-28 10:55:36.513,2026-05-28 11:10:22.769,22.6685194,114.5113968,50.0,9.9,0.02,54.8,0.0,23.6,1387.6,1388.93,10.0,2.0,2.5,NR5G-SA,n79,-88,-88,-10,21,-999,8.4
2026-05-28 10:55:36.713,2026-05-28 11:10:22.969,22.6685194,114.5113968,50.0,9.9,0.02,54.8,0.0,23.6,1387.6,1388.93,10.0,2.0,2.5,NR5G-SA,n79,-88,-88,-10,21,-999,15.8
2026-05-28 10:55:36.914,2026-05-28 11:10:23.169,22.6685321,114.5114167,50.0,9.9,0.05,54.7,9.4,23.6,1390.0,1391.41,10.0,2.0,2.5,NR5G-SA,n79,-88,-88,-10,21,-999,8.4
2026-05-28 10:55:37.114,2026-05-28 11:10:23.569,22.6685449,114.5114366,50.0,9.9,0.03,54.7,9.4,24.3,1392.5,1393.90,10.0,2.0,2.5,NR5G-SA,n79,-93,-93,-10,21,-999,8.5
2026-05-28 10:55:37.315,2026-05-28 11:10:23.769,22.6685577,114.5114565,50.0,10.0,-0.02,54.6,9.4,24.3,1395.0,1396.39,10.0,2.0,2.5,NR5G-SA,n79,-93,-93,-10,21,-999,4.9
2026-05-28 10:55:37.515,2026-05-28 11:10:23.769,22.6685705,114.5114763,50.0,10.0,0.03,54.7,9.4,24.3,1397.5,1398.88,10.0,2.0,2.5,NR5G-SA,n79,-93,-93,-10,21,-999,8.4
2026-05-28 10:55:37.716,2026-05-28 11:10:23.969,22.6685705,114.5114763,50.0,10.0,0.03,54.7,9.4,24.3,1397.5,1398.88,10.0,2.0,2.5,NR5G-SA,n79,-87,-87,-10,21,-999,15.8
2026-05-28 10:55:37.916,2026-05-28 11:10:24.169,22.6685834,114.5114962,50.0,10.0,0.02,54.9,0.0,24.3,1400.0,1401.38,10.0,2.0,2.5,NR5G-SA,n79,-87,-87,-10,21,-999,6.8
2026-05-28 10:55:38.116,2026-05-28 11:10:24.569,22.6685963,114.5115160,50.0,9.9,0.02,54.9,0.0,24.8,1402.5,1403.87,10.0,2.0,2.5,NR5G-SA,n79,-87,-87,-10,21,-999,7.8
2026-05-28 10:55:38.317,2026-05-28 11:10:24.769,22.6686093,114.5115360,50.0,10.0,0.03,55.0,0.0,24.8,1405.0,1406.38,10.0,2.0,2.5,NR5G-SA,n79,-95,-95,-10,18,-999,5.9
2026-05-28 10:55:38.517,2026-05-28 11:10:24.769,22.6686223,114.5115560,50.0,10.0,0.02,55.0,0.0,24.8,1407.5,1408.89,10.0,2.0,2.5,NR5G-SA,n79,-95,-95,-10,18,-999,9.2
2026-05-28 10:55:38.718,2026-05-28 11:10:24.969,22.6686223,114.5115560,50.0,10.0,0.02,55.0,0.0,24.8,1407.5,1408.89,10.0,2.0,2.5,NR5G-SA,n79,-87,-87,-10,20,-999,11.5
2026-05-28 10:55:38.918,2026-05-28 11:10:25.169,22.6686352,114.5115761,50.0,10.0,0.01,55.0,20.1,24.8,1410.0,1411.41,10.0,2.0,2.5,NR5G-SA,n79,-87,-87,-10,20,-999,9.2
2026-05-28 10:55:39.118,2026-05-28 11:10:25.169,22.6686352,114.5115761,50.0,10.0,-0.01,55.0,20.1,25.1,1410.0,1411.41,10.0,2.0,2.5,NR5G-SA,n79,-87,-87,-10,20,-999,16.2
2026-05-28 10:55:39.319,2026-05-28 11:10:25.169,22.6686352,114.5115761,50.0,10.0,-0.01,55.0,20.1,25.1,1410.0,1411.41,10.0,2.0,2.5,NR5G-SA,n79,-89,-89,-10,20,-999,21.4
2026-05-28 10:55:39.519,2026-05-28 11:10:25.769,22.6686678,114.5116261,50.0,10.0,-0.00,55.0,20.1,25.1,1416.3,1417.70,10.0,2.0,2.5,NR5G-SA,n79,-89,-89,-10,20,-999,11.7
2026-05-28 10:55:39.720,2026-05-28 11:10:25.769,22.6686678,114.5116261,50.0,10.0,-0.00,55.0,20.1,25.1,1416.3,1417.70,10.0,2.0,2.5,NR5G-SA,n79,-89,-89,-10,20,-999,13.5
2026-05-28 10:55:39.920,2026-05-28 11:10:26.369,22.6686935,114.5116658,50.0,10.0,0.01,55.0,31.4,25.1,1421.3,1422.68,10.0,2.0,2.5,NR5G-SA,n79,-86,-86,-10,20,-999,6.6
2026-05-28 10:55:40.120,2026-05-28 11:10:26.369,22.6686935,114.5116658,50.0,10.1,-0.03,55.0,31.4,23.4,1421.3,1422.68,10.0,2.0,2.5,NR5G-SA,n79,-86,-86,-10,20,-999,14.6
2026-05-28 10:55:40.321,2026-05-28 11:10:26.369,22.6686935,114.5116658,50.0,10.0,0.00,55.0,31.4,23.4,1421.3,1422.68,10.0,2.0,2.5,NR5G-SA,n79,-86,-86,-10,20,-999,18.1
2026-05-28 10:55:40.521,2026-05-28 11:10:26.769,22.6687193,114.5117058,50.0,10.0,0.03,54.9,31.4,23.4,1426.3,1427.69,10.0,2.0,2.5,NR5G-SA,n79,-87,-87,-10,19,-999,10.5
2026-05-28 10:55:40.721,2026-05-28 11:10:26.769,22.6687193,114.5117058,50.0,10.0,0.00,54.9,31.4,23.4,1426.3,1427.69,10.0,2.0,2.5,NR5G-SA,n79,-87,-87,-10,19,-999,19.9
2026-05-28 10:55:40.922,2026-05-28 11:10:27.369,22.6687451,114.5117457,50.0,10.0,0.00,54.7,0.0,23.4,1431.3,1432.69,10.0,2.0,2.5,NR5G-SA,n79,-87,-87,-10,22,-999,8.6
2026-05-28 10:55:41.122,2026-05-28 11:10:27.369,22.6687451,114.5117457,50.0,10.0,-0.01,54.7,0.0,23.3,1431.3,1432.69,10.0,2.0,2.5,NR5G-SA,n79,-87,-87,-10,22,-999,12.7
2026-05-28 10:55:41.323,2026-05-28 11:10:27.369,22.6687451,114.5117457,50.0,10.0,-0.03,54.7,0.0,23.3,1431.3,1432.69,10.0,2.0,2.5,NR5G-SA,n79,-87,-87,-10,22,-999,17.3
2026-05-28 10:55:41.523,2026-05-28 11:10:27.769,22.6687709,114.5117857,50.0,10.0,0.01,54.6,0.0,23.3,1436.3,1437.71,10.0,2.0,2.5,NR5G-SA,n79,-87,-87,-10,21,-999,10.5
2026-05-28 10:55:41.723,2026-05-28 11:10:27.769,22.6687709,114.5117857,50.0,10.0,0.03,54.6,0.0,23.3,1436.3,1437.71,10.0,2.0,2.5,NR5G-SA,n79,-87,-87,-10,21,-999,14.3
2026-05-28 10:55:41.924,2026-05-28 11:10:28.369,22.6687967,114.5118258,50.0,10.0,0.03,54.5,51.3,23.3,1441.4,1442.73,10.0,2.0,2.5,NR5G-SA,n79,-87,-87,-10,21,-999,9.3
2026-05-28 10:55:42.124,2026-05-28 11:10:28.369,22.6687967,114.5118258,50.0,10.0,-0.00,54.5,51.3,23.2,1441.4,1442.73,10.0,2.0,2.5,NR5G-SA,n79,-97,-97,-10,20,-999,11.4
2026-05-28 10:55:42.324,2026-05-28 11:10:28.369,22.6687967,114.5118258,50.0,10.0,0.02,54.5,51.3,23.2,1441.4,1442.73,10.0,2.0,2.5,NR5G-SA,n79,-97,-97,-10,20,-999,17.5
2026-05-28 10:55:42.525,2026-05-28 11:10:28.769,22.6688226,114.5118655,50.0,10.0,0.02,54.6,51.3,23.2,1446.4,1447.72,10.0,2.0,2.5,NR5G-SA,n79,-97,-97,-10,20,-999,9.7
2026-05-28 10:55:42.725,2026-05-28 11:10:28.769,22.6688226,114.5118655,50.0,10.0,0.01,54.6,51.3,23.2,1446.4,1447.72,10.0,2.0,2.5,NR5G-SA,n79,-83,-83,-10,21,-999,19.1
2026-05-28 10:55:42.925,2026-05-28 11:10:29.369,22.6688485,114.5119054,50.0,10.0,0.01,54.7,10.6,23.2,1451.4,1452.73,10.0,2.0,2.5,NR5G-SA,n79,-83,-83,-10,21,-999,9.8
2026-05-28 10:55:43.126,2026-05-28 11:10:29.369,22.6688485,114.5119054,50.0,10.0,-0.00,54.7,10.6,23.2,1451.4,1452.73,10.0,2.0,2.5,NR5G-SA,n79,-83,-83,-10,21,-999,12.9
2026-05-28 10:55:43.326,2026-05-28 11:10:29.369,22.6688485,114.5119054,50.0,10.0,0.01,54.7,10.6,23.2,1451.4,1452.73,10.0,2.0,2.5,NR5G-SA,n79,-89,-89,-10,21,-999,18.6
2026-05-28 10:55:43.526,2026-05-28 11:10:29.769,22.6688743,114.5119453,50.0,9.9,0.04,54.7,10.6,23.2,1456.4,1457.74,10.0,2.0,2.5,NR5G-SA,n79,-89,-89,-10,21,-999,8.4
2026-05-28 10:55:43.727,2026-05-28 11:10:29.769,22.6688743,114.5119453,50.0,10.0,0.02,54.7,10.6,23.2,1456.4,1457.74,10.0,2.0,2.5,NR5G-SA,n79,-88,-88,-10,20,-999,16.1
2026-05-28 10:55:43.927,2026-05-28 11:10:30.369,22.6689000,114.5119852,50.0,10.0,0.02,54.5,43.0,23.2,1461.4,1462.74,10.0,2.0,2.5,NR5G-SA,n79,-88,-88,-10,20,-999,12.0
2026-05-28 10:55:44.127,2026-05-28 11:10:30.369,22.6689000,114.5119852,50.0,9.9,0.01,54.5,43.0,23.2,1461.4,1462.74,10.0,2.0,2.5,NR5G-SA,n79,-88,-88,-10,20,-999,12.6
2026-05-28 10:55:44.328,2026-05-28 11:10:30.369,22.6689000,114.5119852,50.0,10.0,-0.02,54.5,43.0,24.7,1461.4,1462.74,10.0,2.0,2.5,NR5G-SA,n79,-88,-88,-10,20,-999,23.4
2026-05-28 10:55:44.528,2026-05-28 11:10:30.769,22.6689258,114.5120250,50.0,10.0,0.01,54.5,43.0,24.7,1466.4,1467.73,10.0,2.0,2.5,NR5G-SA,n79,-88,-88,-10,20,-999,12.0
2026-05-28 10:55:44.728,2026-05-28 11:10:30.769,22.6689258,114.5120250,50.0,10.0,0.01,54.5,43.0,24.7,1466.4,1467.73,10.0,2.0,2.5,NR5G-SA,n79,-88,-88,-10,20,-999,19.1
2026-05-28 10:55:44.929,2026-05-28 11:10:31.369,22.6689517,114.5120648,50.0,10.0,0.01,54.6,0.0,24.7,1471.4,1472.74,10.0,2.0,2.5,NR5G-SA,n79,-96,-96,-11,20,-999,7.4
2026-05-28 10:55:45.129,2026-05-28 11:10:31.369,22.6689517,114.5120648,50.0,10.0,-0.01,54.6,0.0,24.7,1471.4,1472.74,10.0,2.0,2.5,NR5G-SA,n79,-96,-96,-11,20,-999,13.1
2026-05-28 10:55:45.329,2026-05-28 11:10:31.369,22.6689517,114.5120648,50.0,10.0,0.01,54.6,0.0,25.1,1471.4,1472.74,10.0,2.0,2.5,NR5G-SA,n79,-96,-96,-11,20,-999,21.0
2026-05-28 10:55:45.530,2026-05-28 11:10:31.769,22.6689774,114.5121046,50.0,10.0,-0.00,54.5,0.0,25.1,1476.4,1477.73,10.0,2.0,2.5,NR5G-SA,n79,-87,-87,-10,19,-999,8.5
2026-05-28 10:55:45.730,2026-05-28 11:10:31.769,22.6689774,114.5121046,50.0,10.0,-0.02,54.5,0.0,25.1,1476.4,1477.73,10.0,2.0,2.5,NR5G-SA,n79,-87,-87,-10,19,-999,16.2
2026-05-28 10:55:45.930,2026-05-28 11:10:32.369,22.6690032,114.5121445,50.0,10.0,-0.02,54.7,60.1,25.1,1481.4,1482.73,10.0,2.0,2.5,NR5G-SA,n79,-94,-94,-10,20,-999,7.6
2026-05-28 10:55:46.131,2026-05-28 11:10:32.369,22.6690032,114.5121445,50.0,10.0,-0.02,54.7,60.1,25.1,1481.4,1482.73,10.0,2.0,2.5,NR5G-SA,n79,-94,-94,-10,20,-999,12.5
2026-05-28 10:55:46.331,2026-05-28 11:10:32.369,22.6690032,114.5121445,50.0,10.0,0.02,54.7,60.1,25.3,1481.4,1482.73,10.0,2.0,2.5,NR5G-SA,n79,-94,-94,-10,20,-999,18.5
2026-05-28 10:55:46.532,2026-05-28 11:10:32.769,22.6690288,114.5121844,50.0,10.0,-0.01,54.8,60.1,25.3,1486.4,1487.72,10.0,2.0,2.5,NR5G-SA,n79,-100,-100,-11,19,-999,6.0
2026-05-28 10:55:46.732,2026-05-28 11:10:32.769,22.6690288,114.5121844,50.0,10.0,-0.01,54.8,60.1,25.3,1486.4,1487.72,10.0,2.0,2.5,NR5G-SA,n79,-100,-100,-11,19,-999,15.6
2026-05-28 10:55:46.932,2026-05-28 11:10:33.369,22.6690546,114.5122242,50.0,10.0,-0.01,54.9,20.6,25.3,1491.3,1492.72,10.0,2.0,2.5,NR5G-SA,n79,-100,-100,-11,19,-999,7.9
2026-05-28 10:55:47.132,2026-05-28 11:10:33.369,22.6690546,114.5122242,50.0,10.0,-0.01,54.9,20.6,25.3,1491.3,1492.72,10.0,2.0,2.5,NR5G-SA,n79,-88,-88,-10,19,-999,12.9
2026-05-28 10:55:47.333,2026-05-28 11:10:33.369,22.6690546,114.5122242,50.0,10.0,-0.01,54.9,20.6,27.2,1491.3,1492.72,10.0,2.0,2.5,NR5G-SA,n79,-88,-88,-10,19,-999,18.7
2026-05-28 10:55:47.533,2026-05-28 11:10:33.769,22.6690805,114.5122640,50.0,10.0,-0.01,54.8,20.6,27.2,1496.4,1497.72,10.0,2.0,2.5,NR5G-SA,n79,-88,-88,-10,19,-999,12.0
2026-05-28 10:55:47.734,2026-05-28 11:10:33.769,22.6690805,114.5122640,50.0,10.0,0.03,54.8,20.6,27.2,1496.4,1497.72,10.0,2.0,2.5,NR5G-SA,n79,-84,-84,-10,19,-999,18.2
2026-05-28 10:55:47.934,2026-05-28 11:10:34.369,22.6691064,114.5123040,50.0,10.0,0.03,54.7,0.0,27.2,1501.4,1502.74,10.0,2.0,2.5,NR5G-SA,n79,-84,-84,-10,19,-999,10.6
2026-05-28 10:55:48.134,2026-05-28 11:10:34.369,22.6691064,114.5123040,50.0,10.0,0.01,54.7,0.0,27.2,1501.4,1502.74,10.0,2.0,2.5,NR5G-SA,n79,-94,-94,-11,19,-999,12.5
2026-05-28 10:55:48.335,2026-05-28 11:10:34.369,22.6691064,114.5123040,50.0,10.0,0.04,54.7,0.0,26.9,1501.4,1502.74,10.0,2.0,2.5,NR5G-SA,n79,-94,-94,-11,19,-999,19.4
2026-05-28 10:55:48.535,2026-05-28 11:10:34.769,22.6691323,114.5123438,50.0,10.0,0.01,54.8,0.0,26.9,1506.4,1507.74,10.0,2.0,2.5,NR5G-SA,n79,-94,-94,-11,19,-999,6.9
2026-05-28 10:55:48.735,2026-05-28 11:10:34.769,22.6691323,114.5123438,50.0,10.0,0.00,54.8,0.0,26.9,1506.4,1507.74,10.0,2.0,2.5,NR5G-SA,n79,-92,-92,-11,18,-999,15.4
2026-05-28 10:55:48.936,2026-05-28 11:10:35.369,22.6691579,114.5123835,50.0,10.0,0.00,54.9,0.0,26.9,1511.3,1512.72,10.0,2.0,2.5,NR5G-SA,n79,-92,-92,-11,18,-999,8.0
2026-05-28 10:55:49.136,2026-05-28 11:10:35.369,22.6691579,114.5123835,50.0,10.0,-0.01,54.9,0.0,26.9,1511.3,1512.72,10.0,2.0,2.5,NR5G-SA,n79,-92,-92,-11,18,-999,12.8
2026-05-28 10:55:49.336,2026-05-28 11:10:35.369,22.6691579,114.5123835,50.0,10.0,-0.01,54.9,0.0,25.6,1511.3,1512.72,10.0,2.0,2.5,NR5G-SA,n79,-95,-95,-11,19,-999,20.3
2026-05-28 10:55:49.537,2026-05-28 11:10:35.769,22.6691836,114.5124234,50.0,10.1,-0.03,54.9,0.0,25.6,1516.3,1517.72,10.0,2.0,2.5,NR5G-SA,n79,-95,-95,-11,19,-999,9.2
2026-05-28 10:55:49.737,2026-05-28 11:10:35.769,22.6691836,114.5124234,50.0,10.0,0.00,54.9,0.0,25.6,1516.3,1517.72,10.0,2.0,2.5,NR5G-SA,n79,-95,-95,-11,19,-999,11.8
2026-05-28 10:55:49.937,2026-05-28 11:10:36.369,22.6692095,114.5124634,50.0,10.0,0.00,55.1,30.9,25.6,1521.4,1522.74,10.0,2.0,2.5,NR5G-SA,n79,-90,-90,-10,19,-999,7.4
2026-05-28 10:55:50.138,2026-05-28 11:10:36.369,22.6692095,114.5124634,50.0,10.0,0.02,55.1,30.9,25.6,1521.4,1522.74,10.0,2.0,2.5,NR5G-SA,n79,-90,-90,-10,19,-999,15.0
2026-05-28 10:55:50.338,2026-05-28 11:10:36.369,22.6692095,114.5124634,50.0,10.0,0.03,55.1,30.9,25.6,1521.4,1522.74,10.0,2.0,2.5,NR5G-SA,n79,-96,-96,-10,16,-999,22.3
2026-05-28 10:55:50.538,2026-05-28 11:10:36.769,22.6692354,114.5125033,50.0,10.0,0.01,55.1,30.9,24.7,1526.4,1527.75,10.0,2.0,2.5,NR5G-SA,n79,-96,-96,-10,16,-999,9.8
2026-05-28 10:55:50.739,2026-05-28 11:10:36.769,22.6692354,114.5125033,50.0,10.0,0.02,55.1,30.9,24.7,1526.4,1527.75,10.0,2.0,2.5,NR5G-SA,n79,-96,-96,-10,16,-999,17.8
2026-05-28 10:55:50.939,2026-05-28 11:10:37.369,22.6692613,114.5125432,50.0,10.0,0.02,54.9,0.0,24.7,1531.4,1532.76,10.0,2.0,2.5,NR5G-SA,n79,-96,-96,-11,17,-999,8.7
2026-05-28 10:55:51.139,2026-05-28 11:10:37.369,22.6692613,114.5125432,50.0,10.0,0.03,54.9,0.0,24.7,1531.4,1532.76,10.0,2.0,2.5,NR5G-SA,n79,-96,-96,-11,17,-999,12.4
2026-05-28 10:55:51.340,2026-05-28 11:10:37.369,22.6692613,114.5125432,50.0,10.0,0.02,54.9,0.0,24.7,1531.4,1532.76,10.0,2.0,2.5,NR5G-SA,n79,-96,-96,-11,17,-999,19.8
2026-05-28 10:55:51.540,2026-05-28 11:10:37.769,22.6692873,114.5125831,50.0,10.0,0.04,54.6,0.0,24.0,1536.4,1537.78,10.0,2.0,2.5,NR5G-SA,n79,-90,-90,-10,18,-999,8.3
2026-05-28 10:55:51.740,2026-05-28 11:10:37.769,22.6692873,114.5125831,50.0,10.0,0.03,54.6,0.0,24.0,1536.4,1537.78,10.0,2.0,2.5,NR5G-SA,n79,-90,-90,-10,18,-999,17.1
2026-05-28 10:55:51.941,2026-05-28 11:10:37.769,22.6692873,114.5125831,50.0,10.0,0.03,54.6,0.0,24.0,1536.4,1537.78,10.0,2.0,2.5,NR5G-SA,n79,-90,-90,-10,18,-999,23.4
2026-05-28 10:55:52.141,2026-05-28 11:10:38.569,22.6693196,114.5126327,50.0,10.1,0.03,54.5,59.0,24.0,1542.6,1544.01,10.0,2.0,2.5,NR5G-SA,n79,-94,-94,-10,20,-999,9.7
2026-05-28 10:55:52.342,2026-05-28 11:10:38.769,22.6693325,114.5126527,50.0,10.0,0.03,54.5,59.0,24.0,1545.1,1546.52,10.0,2.0,2.5,NR5G-SA,n79,-94,-94,-10,20,-999,5.8
2026-05-28 10:55:52.542,2026-05-28 11:10:38.769,22.6693454,114.5126727,50.0,10.0,0.04,54.4,59.0,21.0,1547.7,1549.02,10.0,2.0,2.5,NR5G-SA,n79,-90,-90,-10,20,-999,7.8
2026-05-28 10:55:52.742,2026-05-28 11:10:38.969,22.6693583,114.5126926,50.0,10.0,0.04,54.5,59.0,21.0,1550.2,1551.52,10.0,2.0,2.5,NR5G-SA,n79,-90,-90,-10,20,-999,12.8
2026-05-28 10:55:52.943,2026-05-28 11:10:39.169,22.6693583,114.5126926,50.0,10.0,0.04,54.5,59.0,21.0,1550.2,1551.52,10.0,2.0,2.5,NR5G-SA,n79,-90,-90,-10,20,-999,11.8
2026-05-28 10:55:53.143,2026-05-28 11:10:39.569,22.6693711,114.5127125,50.0,9.9,0.05,54.5,49.4,21.0,1552.6,1554.01,10.0,2.0,2.5,NR5G-SA,n79,-86,-86,-10,20,-999,7.9
2026-05-28 10:55:53.343,2026-05-28 11:10:39.769,22.6693839,114.5127323,50.0,10.0,0.08,54.6,49.4,21.0,1555.1,1556.50,10.0,2.0,2.5,NR5G-SA,n79,-86,-86,-10,20,-999,6.5
2026-05-28 10:55:53.544,2026-05-28 11:10:39.969,22.6693968,114.5127522,50.0,9.9,0.07,54.7,49.4,21.1,1557.6,1559.00,10.0,2.0,2.5,NR5G-SA,n79,-86,-86,-10,20,-999,4.3
2026-05-28 10:55:53.744,2026-05-28 11:10:39.969,22.6694097,114.5127721,50.0,10.0,0.03,54.6,49.4,21.1,1560.1,1561.49,10.0,2.0,2.5,NR5G-SA,n79,-87,-87,-10,20,-999,11.6
2026-05-28 10:55:53.945,2026-05-28 11:10:40.169,22.6694097,114.5127721,50.0,10.0,0.03,54.6,49.4,21.1,1560.1,1561.49,10.0,2.0,2.5,NR5G-SA,n79,-87,-87,-10,20,-999,11.8
2026-05-28 10:55:54.145,2026-05-28 11:10:40.569,22.6694226,114.5127922,50.0,10.0,0.02,54.8,31.3,21.1,1562.6,1564.01,10.0,2.0,2.5,NR5G-SA,n79,-87,-87,-10,20,-999,7.5
2026-05-28 10:55:54.345,2026-05-28 11:10:40.769,22.6694355,114.5128122,50.0,10.0,0.01,54.8,31.3,21.1,1565.1,1566.52,10.0,2.0,2.5,NR5G-SA,n79,-95,-95,-11,20,-999,4.7
2026-05-28 10:55:54.546,2026-05-28 11:10:40.969,22.6694485,114.5128322,50.0,10.0,0.02,54.8,31.3,19.8,1567.7,1569.03,10.0,2.0,2.5,NR5G-SA,n79,-95,-95,-11,20,-999,4.6
2026-05-28 10:55:54.746,2026-05-28 11:10:40.969,22.6694613,114.5128522,50.0,10.0,0.04,54.8,31.3,19.8,1570.2,1571.53,10.0,2.0,2.5,NR5G-SA,n79,-90,-90,-10,19,-999,12.7
2026-05-28 10:55:54.946,2026-05-28 11:10:41.169,22.6694613,114.5128522,50.0,10.0,0.04,54.8,31.3,19.8,1570.2,1571.53,10.0,2.0,2.5,NR5G-SA,n79,-90,-90,-10,19,-999,10.0
2026-05-28 10:55:55.147,2026-05-28 11:10:41.569,22.6694741,114.5128722,50.0,10.0,0.03,54.9,38.5,19.8,1572.7,1574.03,10.0,2.0,2.5,NR5G-SA,n79,-90,-90,-10,19,-999,9.2
2026-05-28 10:55:55.347,2026-05-28 11:10:41.769,22.6694871,114.5128921,50.0,10.0,0.02,54.9,38.5,19.8,1575.2,1576.53,10.0,2.0,2.5,NR5G-SA,n79,-91,-91,-11,19,-999,5.0
2026-05-28 10:55:55.547,2026-05-28 11:10:41.969,22.6694999,114.5129120,50.0,10.0,-0.01,54.9,38.5,19.7,1577.7,1579.03,10.0,2.0,2.5,NR5G-SA,n79,-91,-91,-11,19,-999,5.6
2026-05-28 10:55:55.748,2026-05-28 11:10:41.969,22.6695128,114.5129320,50.0,10.0,-0.01,54.7,38.5,19.7,1580.2,1581.53,10.0,2.0,2.5,NR5G-SA,n79,-91,-91,-11,19,-999,10.0
2026-05-28 10:55:55.948,2026-05-28 11:10:42.169,22.6695128,114.5129320,50.0,10.0,-0.01,54.7,38.5,19.7,1580.2,1581.53,10.0,2.0,2.5,NR5G-SA,n79,-93,-93,-11,18,-999,9.9
2026-05-28 10:55:56.148,2026-05-28 11:10:42.569,22.6695257,114.5129519,50.0,10.0,-0.00,54.8,0.0,19.7,1582.7,1584.03,10.0,2.0,2.5,NR5G-SA,n79,-93,-93,-11,18,-999,6.0
2026-05-28 10:55:56.349,2026-05-28 11:10:42.769,22.6695385,114.5129718,50.0,10.0,-0.00,54.8,0.0,19.7,1585.2,1586.52,10.0,2.0,2.5,NR5G-SA,n79,-93,-93,-11,18,-999,6.3
2026-05-28 10:55:56.549,2026-05-28 11:10:42.969,22.6695514,114.5129916,50.0,10.0,-0.01,55.0,0.0,20.0,1587.6,1589.01,10.0,2.0,2.5,NR5G-SA,n79,-90,-90,-10,20,-999,8.2
2026-05-28 10:55:56.749,2026-05-28 11:10:42.969,22.6695643,114.5130115,50.0,10.0,-0.01,55.1,0.0,20.0,1590.1,1591.51,10.0,2.0,2.5,NR5G-SA,n79,-90,-90,-10,20,-999,11.3
2026-05-28 10:55:56.950,2026-05-28 11:10:43.169,22.6695643,114.5130115,50.0,10.0,-0.01,55.1,0.0,20.0,1590.1,1591.51,10.0,2.0,2.5,NR5G-SA,n79,-90,-90,-10,20,-999,11.2
2026-05-28 10:55:57.150,2026-05-28 11:10:43.569,22.6695772,114.5130315,50.0,10.0,0.01,55.2,0.0,20.0,1592.6,1594.02,10.0,2.0,2.5,NR5G-SA,n79,-96,-96,-11,20,-999,7.2
2026-05-28 10:55:57.350,2026-05-28 11:10:43.769,22.6695901,114.5130514,50.0,10.0,-0.02,55.4,0.0,20.0,1595.1,1596.51,10.0,2.0,2.5,NR5G-SA,n79,-96,-96,-11,20,-999,6.6
2026-05-28 10:55:57.551,2026-05-28 11:10:43.969,22.6696030,114.5130713,50.0,10.1,-0.04,55.5,0.0,19.9,1597.6,1599.01,10.0,2.0,2.5,NR5G-SA,n79,-96,-96,-11,20,-999,6.6
2026-05-28 10:55:57.751,2026-05-28 11:10:43.969,22.6696159,114.5130913,50.0,10.0,0.03,55.6,0.0,19.9,1600.1,1601.52,10.0,2.0,2.5,NR5G-SA,n79,-96,-96,-11,20,-999,12.3
2026-05-28 10:55:57.952,2026-05-28 11:10:44.169,22.6696159,114.5130913,50.0,10.0,0.03,55.6,0.0,19.9,1600.1,1601.52,10.0,2.0,2.5,NR5G-SA,n79,-96,-96,-11,20,-999,11.3
2026-05-28 10:55:58.152,2026-05-28 11:10:44.569,22.6696289,114.5131113,50.0,10.0,-0.01,55.5,15.0,19.9,1602.7,1604.03,10.0,2.0,2.5,NR5G-SA,n79,-97,-97,-11,19,-999,8.7
2026-05-28 10:55:58.352,2026-05-28 11:10:44.769,22.6696419,114.5131312,50.0,10.0,-0.00,55.5,15.0,19.9,1605.2,1606.54,10.0,2.0,2.5,NR5G-SA,n79,-97,-97,-11,19,-999,5.9
2026-05-28 10:55:58.553,2026-05-28 11:10:44.969,22.6696549,114.5131513,50.0,10.1,-0.04,55.4,15.0,19.6,1607.7,1609.06,10.0,2.0,2.5,NR5G-SA,n79,-97,-97,-11,19,-999,8.0
2026-05-28 10:55:58.753,2026-05-28 11:10:44.969,22.6696679,114.5131712,50.0,10.0,0.01,55.4,15.0,19.6,1610.2,1611.56,10.0,2.0,2.5,NR5G-SA,n79,-97,-97,-11,19,-999,11.9
2026-05-28 10:55:58.953,2026-05-28 11:10:45.169,22.6696679,114.5131712,50.0,10.0,0.01,55.4,15.0,19.6,1610.2,1611.56,10.0,2.0,2.5,NR5G-SA,n79,-97,-97,-11,19,-999,9.1
2026-05-28 10:55:59.154,2026-05-28 11:10:45.569,22.6696808,114.5131911,50.0,10.0,0.02,55.3,0.0,19.6,1612.7,1614.06,10.0,2.0,2.5,NR5G-SA,n79,-97,-97,-11,19,-999,7.8
2026-05-28 10:55:59.354,2026-05-28 11:10:45.769,22.6696937,114.5132110,50.0,10.0,0.05,55.4,0.0,19.6,1615.2,1616.56,10.0,2.0,2.5,NR5G-SA,n79,-97,-97,-11,19,-999,6.2
2026-05-28 10:55:59.554,2026-05-28 11:10:45.969,22.6697066,114.5132309,50.0,10.0,-0.00,55.4,0.0,19.6,1617.7,1619.06,10.0,2.0,2.5,NR5G-SA,n79,-97,-97,-11,19,-999,5.3
2026-05-28 10:55:59.755,2026-05-28 11:10:45.969,22.6697195,114.5132507,50.0,10.0,0.00,55.3,0.0,22.7,1620.2,1621.55,10.0,2.0,2.5,NR5G-SA,n79,-93,-93,-10,20,-999,7.7
2026-05-28 10:55:59.955,2026-05-28 11:10:46.169,22.6697195,114.5132507,50.0,10.0,0.00,55.3,0.0,22.7,1620.2,1621.55,10.0,2.0,2.5,NR5G-SA,n79,-93,-93,-10,20,-999,10.1
2026-05-28 10:56:00.156,2026-05-28 11:10:46.569,22.6697325,114.5132706,50.0,10.0,0.01,55.4,2.4,22.7,1622.7,1624.05,10.0,2.0,2.5,NR5G-SA,n79,-93,-93,-10,20,-999,6.7
2026-05-28 10:56:00.356,2026-05-28 11:10:46.769,22.6697454,114.5132905,50.0,10.0,-0.01,55.3,2.4,22.7,1625.2,1626.55,10.0,2.0,2.5,NR5G-SA,n79,-93,-93,-10,20,-999,4.9
2026-05-28 10:56:00.556,2026-05-28 11:10:46.969,22.6697584,114.5133106,50.0,10.0,-0.03,55.3,2.4,22.7,1627.7,1629.07,10.0,2.0,2.5,NR5G-SA,n79,-93,-93,-10,20,-999,4.8
2026-05-28 10:56:00.757,2026-05-28 11:10:46.969,22.6697713,114.5133306,50.0,10.0,0.03,55.4,2.4,24.3,1630.2,1631.58,10.0,2.0,2.5,NR5G-SA,n79,-93,-93,-10,20,-999,10.1
2026-05-28 10:56:00.957,2026-05-28 11:10:47.169,22.6697713,114.5133306,50.0,10.0,0.03,55.4,2.4,24.3,1630.2,1631.58,10.0,2.0,2.5,NR5G-SA,n79,-96,-96,-10,18,-999,7.2
2026-05-28 10:56:01.158,2026-05-28 11:10:47.569,22.6697843,114.5133506,50.0,10.0,0.00,55.4,0.0,24.3,1632.7,1634.09,10.0,2.0,2.5,NR5G-SA,n79,-96,-96,-10,18,-999,6.5
2026-05-28 10:56:01.358,2026-05-28 11:10:47.769,22.6697972,114.5133704,50.0,9.9,0.01,55.5,0.0,24.3,1635.2,1636.58,10.0,2.0,2.5,NR5G-SA,n79,-96,-96,-10,18,-999,5.7
2026-05-28 10:56:01.558,2026-05-28 11:10:47.969,22.6698098,114.5133900,50.0,9.7,0.02,55.6,0.0,24.3,1637.7,1639.03,10.0,2.0,2.5,NR5G-SA,n79,-95,-95,-10,19,-999,5.2
2026-05-28 10:56:01.758,2026-05-28 11:10:47.969,22.6698221,114.5134092,50.0,9.5,0.00,55.7,0.0,25.4,1640.1,1641.43,10.0,2.0,2.5,NR5G-SA,n79,-95,-95,-10,19,-999,8.3
2026-05-28 10:56:01.959,2026-05-28 11:10:48.169,22.6698221,114.5134092,50.0,9.5,0.00,55.7,0.0,25.4,1640.1,1641.43,10.0,2.0,2.5,NR5G-SA,n79,-95,-95,-10,20,-999,8.0
2026-05-28 10:56:02.159,2026-05-28 11:10:48.569,22.6698341,114.5134277,50.0,9.2,0.06,55.6,8.1,25.4,1642.4,1643.76,10.0,2.0,2.5,NR5G-SA,n79,-95,-95,-10,20,-999,6.3
2026-05-28 10:56:02.359,2026-05-28 11:10:48.769,22.6698457,114.5134455,50.0,8.9,-0.01,55.4,8.1,25.4,1644.6,1646.00,10.0,2.0,2.5,NR5G-SA,n79,-95,-95,-10,20,-999,5.5
2026-05-28 10:56:02.560,2026-05-28 11:10:48.969,22.6698567,114.5134624,50.0,8.4,0.00,55.4,8.1,25.4,1646.7,1648.12,10.0,2.0,2.5,NR5G-SA,n79,-96,-96,-10,19,-999,5.7
2026-05-28 10:56:02.760,2026-05-28 11:10:48.969,22.6698673,114.5134786,50.0,8.0,-0.00,55.8,8.1,26.6,1648.8,1650.16,10.0,2.0,2.5,NR5G-SA,n79,-96,-96,-10,19,-999,8.9
2026-05-28 10:56:02.960,2026-05-28 11:10:49.169,22.6698673,114.5134786,50.0,8.0,-0.00,55.8,8.1,26.6,1648.8,1650.16,10.0,2.0,2.5,NR5G-SA,n79,-96,-96,-10,19,-999,11.9
2026-05-28 10:56:03.160,2026-05-28 11:10:49.569,22.6698770,114.5134938,50.0,7.5,0.00,56.1,0.0,26.6,1650.7,1652.06,10.0,2.0,2.5,NR5G-SA,n79,-96,-96,-10,19,-999,8.8
2026-05-28 10:56:03.361,2026-05-28 11:10:49.769,22.6698860,114.5135080,50.0,7.0,0.01,56.4,0.0,26.6,1652.5,1653.83,10.0,2.0,2.5,NR5G-SA,n79,-96,-96,-10,18,-999,5.7
2026-05-28 10:56:03.561,2026-05-28 11:10:49.969,22.6698943,114.5135213,50.0,6.5,-0.01,57.2,0.0,26.6,1654.1,1655.48,10.0,2.0,2.5,NR5G-SA,n79,-96,-96,-10,18,-999,6.6
2026-05-28 10:56:03.761,2026-05-28 11:10:49.969,22.6699018,114.5135335,49.9,5.9,0.02,58.6,0.0,28.7,1655.6,1656.98,10.0,2.0,2.5,NR5G-SA,n79,-97,-97,-11,18,-999,8.8
2026-05-28 10:56:03.962,2026-05-28 11:10:50.169,22.6699018,114.5135335,49.9,5.9,0.02,58.6,0.0,28.7,1655.6,1656.98,10.0,2.0,2.5,NR5G-SA,n79,-97,-97,-11,18,-999,10.0
2026-05-28 10:56:04.162,2026-05-28 11:10:50.569,22.6699083,114.5135450,49.9,5.3,-0.02,61.2,20.3,28.7,1657.0,1658.37,10.0,2.0,2.5,NR5G-SA,n79,-94,-94,-10,18,-999,7.5
2026-05-28 10:56:04.362,2026-05-28 11:10:50.769,22.6699136,114.5135556,49.9,4.7,-0.01,65.0,20.3,28.7,1658.2,1659.61,10.0,2.0,2.5,NR5G-SA,n79,-94,-94,-10,18,-999,8.8
2026-05-28 10:56:04.563,2026-05-28 11:10:50.969,22.6699175,114.5135654,49.9,4.3,0.04,70.3,20.3,28.7,1659.3,1660.70,10.0,2.0,2.5,NR5G-SA,n79,-94,-94,-10,18,-999,6.9
2026-05-28 10:56:04.763,2026-05-28 11:10:50.969,22.6699200,114.5135747,49.9,3.8,0.07,77.5,20.3,27.0,1660.2,1661.70,10.0,2.0,2.5,NR5G-SA,n79,-95,-95,-10,18,-999,8.1
2026-05-28 10:56:04.963,2026-05-28 11:10:51.169,22.6699200,114.5135747,49.9,3.8,0.07,77.5,20.3,27.0,1660.2,1661.70,10.0,2.0,2.5,NR5G-SA,n79,-95,-95,-10,18,-999,11.0
2026-05-28 10:56:05.163,2026-05-28 11:10:51.569,22.6699209,114.5135835,50.0,3.5,0.08,87.5,0.0,27.0,1661.0,1662.61,10.0,2.0,2.5,NR5G-SA,n79,-95,-95,-10,18,-999,7.1
2026-05-28 10:56:05.364,2026-05-28 11:10:51.769,22.6699202,114.5135919,50.0,3.4,0.05,98.7,0.0,27.0,1661.7,1663.47,10.0,2.0,2.5,NR5G-SA,n79,-96,-96,-10,17,-999,5.2
2026-05-28 10:56:05.564,2026-05-28 11:10:51.969,22.6699179,114.5136000,50.0,3.4,0.06,109.6,0.0,27.0,1662.2,1664.34,10.0,2.0,2.5,NR5G-SA,n79,-96,-96,-10,17,-999,5.7
2026-05-28 10:56:05.764,2026-05-28 11:10:51.969,22.6699143,114.5136081,50.0,3.7,0.07,119.1,0.0,26.6,1662.7,1665.27,10.0,2.0,2.5,NR5G-SA,n79,-96,-96,-10,17,-999,7.7
2026-05-28 10:56:05.964,2026-05-28 11:10:52.169,22.6699143,114.5136081,50.0,3.7,0.07,119.1,0.0,26.6,1662.7,1665.27,10.0,2.0,2.5,NR5G-SA,n79,-100,-100,-11,16,-999,8.3
2026-05-28 10:56:06.165,2026-05-28 11:10:52.569,22.6699092,114.5136162,50.0,4.1,0.04,126.2,0.0,26.6,1663.0,1666.27,10.0,2.0,2.5,NR5G-SA,n79,-100,-100,-11,16,-999,8.7
2026-05-28 10:56:06.365,2026-05-28 11:10:52.769,22.6699027,114.5136246,50.0,4.6,0.04,131.1,0.0,26.6,1663.3,1667.40,10.0,2.0,2.5,NR5G-SA,n79,-106,-106,-11,16,-999,5.2
2026-05-28 10:56:06.565,2026-05-28 11:10:52.969,22.6698949,114.5136334,50.0,5.2,-0.01,133.9,0.0,26.6,1663.6,1668.65,10.0,2.0,2.5,NR5G-SA,n79,-106,-106,-11,16,-999,6.3
2026-05-28 10:56:06.766,2026-05-28 11:10:52.969,22.6698858,114.5136429,50.0,5.9,-0.04,135.6,0.0,26.6,1663.8,1670.06,10.0,2.0,2.5,NR5G-SA,n79,-106,-106,-11,16,-999,11.1
2026-05-28 10:56:06.966,2026-05-28 11:10:53.169,22.6698858,114.5136429,50.0,5.9,-0.04,135.6,0.0,27.7,1663.8,1670.06,10.0,2.0,2.5,NR5G-SA,n79,-104,-104,-11,17,-999,9.8
2026-05-28 10:56:07.166,2026-05-28 11:10:53.569,22.6698755,114.5136532,50.0,6.5,-0.02,136.4,0.0,27.7,1664.0,1671.62,10.0,2.0,2.5,NR5G-SA,n79,-104,-104,-11,17,-999,7.6
2026-05-28 10:56:07.367,2026-05-28 11:10:53.769,22.6698641,114.5136643,50.0,7.1,-0.02,136.4,0.0,27.7,1664.2,1673.33,10.0,2.0,2.5,NR5G-SA,n79,-104,-104,-11,17,-999,6.9
2026-05-28 10:56:07.567,2026-05-28 11:10:53.969,22.6698517,114.5136764,50.0,7.8,0.01,136.1,0.0,27.7,1664.5,1675.18,10.0,2.0,2.5,NR5G-SA,n79,-104,-104,-11,18,-999,6.7
2026-05-28 10:56:07.767,2026-05-28 11:10:54.169,22.6698384,114.5136895,50.0,8.2,0.02,135.6,0.0,27.7,1664.7,1677.18,10.0,2.0,2.5,NR5G-SA,n79,-104,-104,-11,18,-999,7.2
2026-05-28 10:56:07.968,2026-05-28 11:10:54.169,22.6698384,114.5136895,50.0,8.2,0.02,135.6,0.0,27.9,1664.7,1677.18,10.0,2.0,2.5,NR5G-SA,n79,-104,-104,-11,18,-999,15.8
2026-05-28 10:56:08.168,2026-05-28 11:10:54.569,22.6698243,114.5137031,50.0,8.6,-0.00,135.2,0.0,27.9,1665.0,1679.29,10.0,2.0,2.5,NR5G-SA,n79,-107,-107,-11,18,-999,7.1
2026-05-28 10:56:08.368,2026-05-28 11:10:54.769,22.6698096,114.5137172,50.0,9.0,0.00,135.1,0.0,27.9,1665.3,1681.47,10.0,2.0,2.5,NR5G-SA,n79,-107,-107,-11,18,-999,6.1
2026-05-28 10:56:08.569,2026-05-28 11:10:54.969,22.6697940,114.5137318,50.0,9.4,-0.04,135.0,0.0,27.9,1665.5,1683.77,10.0,2.0,2.5,NR5G-SA,n79,-102,-102,-11,18,-999,7.3
2026-05-28 10:56:08.769,2026-05-28 11:10:54.969,22.6697778,114.5137468,50.0,9.7,0.03,135.1,0.0,27.9,1665.8,1686.14,10.0,2.0,2.5,NR5G-SA,n79,-102,-102,-11,18,-999,6.5
2026-05-28 10:56:08.969,2026-05-28 11:10:55.169,22.6697778,114.5137468,50.0,9.7,0.03,135.1,0.0,25.3,1665.8,1686.14,10.0,2.0,2.5,NR5G-SA,n79,-102,-102,-11,18,-999,14.6
2026-05-28 10:56:09.170,2026-05-28 11:10:55.569,22.6697612,114.5137620,50.0,9.9,0.06,134.9,0.0,25.3,1666.0,1688.56,10.0,2.0,2.5,NR5G-SA,n79,-102,-102,-11,18,-999,8.0
2026-05-28 10:56:09.370,2026-05-28 11:10:55.769,22.6697446,114.5137775,50.0,10.0,0.04,134.7,0.0,25.3,1666.3,1691.00,10.0,2.0,2.5,NR5G-SA,n79,-102,-102,-11,18,-999,5.4
2026-05-28 10:56:09.570,2026-05-28 11:10:55.969,22.6697278,114.5137934,50.1,10.2,0.01,134.5,0.0,25.3,1666.6,1693.48,10.0,2.0,2.5,NR5G-SA,n79,-101,-101,-11,19,-999,5.8
2026-05-28 10:56:09.771,2026-05-28 11:10:55.969,22.6697110,114.5138093,50.1,10.2,0.03,134.6,0.0,25.3,1666.9,1695.96,10.0,2.0,2.5,NR5G-SA,n79,-101,-101,-11,19,-999,6.6
2026-05-28 10:56:09.971,2026-05-28 11:10:56.169,22.6696941,114.5138254,50.1,10.2,0.03,134.6,0.0,25.4,1667.3,1698.47,10.0,2.0,2.5,NR5G-SA,n79,-101,-101,-11,19,-999,13.6
2026-05-28 10:56:10.171,2026-05-28 11:10:56.569,22.6696941,114.5138254,50.1,10.1,-0.02,134.6,0.0,25.4,1667.3,1698.47,10.0,2.0,2.5,NR5G-SA,n79,-101,-101,-11,19,-999,10.3
2026-05-28 10:56:10.372,2026-05-28 11:10:56.769,22.6696772,114.5138415,50.1,10.2,-0.03,134.9,100.0,25.4,1667.6,1700.97,10.0,2.0,2.5,NR5G-SA,n79,-101,-101,-11,19,-999,5.5
2026-05-28 10:56:10.572,2026-05-28 11:10:56.969,22.6696603,114.5138576,50.0,10.2,-0.08,135.1,100.0,25.4,1667.9,1703.48,10.0,2.0,2.5,NR5G-SA,n79,-94,-94,-11,20,-999,5.5
2026-05-28 10:56:10.772,2026-05-28 11:10:56.969,22.6696433,114.5138737,50.0,10.2,-0.04,135.4,100.0,25.4,1668.3,1705.99,10.0,2.0,2.5,NR5G-SA,n79,-94,-94,-11,20,-999,9.1
2026-05-28 10:56:10.973,2026-05-28 11:10:57.169,22.6696433,114.5138737,50.0,10.2,-0.04,135.4,100.0,26.9,1668.3,1705.99,10.0,2.0,2.5,NR5G-SA,n79,-101,-101,-11,19,-999,19.6
2026-05-28 10:56:11.173,2026-05-28 11:10:57.569,22.6696263,114.5138898,50.0,10.2,-0.01,135.5,100.0,26.9,1668.6,1708.50,10.0,2.0,2.5,NR5G-SA,n79,-101,-101,-11,19,-999,6.9
2026-05-28 10:56:11.373,2026-05-28 11:10:57.769,22.6696093,114.5139059,50.0,10.2,-0.04,135.4,0.0,26.9,1668.9,1711.02,10.0,2.0,2.5,NR5G-SA,n79,-101,-101,-10,17,-999,6.2
2026-05-28 10:56:11.574,2026-05-28 11:10:57.969,22.6695922,114.5139222,50.0,10.1,0.00,135.6,0.0,26.9,1669.3,1713.55,10.0,2.0,2.5,NR5G-SA,n79,-101,-101,-10,17,-999,5.8
2026-05-28 10:56:11.774,2026-05-28 11:10:58.169,22.6695752,114.5139384,50.0,10.2,-0.03,135.7,0.0,26.9,1669.6,1716.07,10.0,2.0,2.5,NR5G-SA,n79,-101,-101,-10,17,-999,7.1
2026-05-28 10:56:11.974,2026-05-28 11:10:58.169,22.6695752,114.5139384,50.0,10.2,-0.03,135.7,0.0,25.3,1669.6,1716.07,10.0,2.0,2.5,NR5G-SA,n79,-100,-100,-10,18,-999,18.4
2026-05-28 10:56:12.175,2026-05-28 11:10:58.569,22.6695582,114.5139548,50.0,10.2,-0.02,135.8,0.0,25.3,1670.0,1718.60,10.0,2.0,2.5,NR5G-SA,n79,-100,-100,-10,18,-999,8.8
2026-05-28 10:56:12.375,2026-05-28 11:10:58.769,22.6695412,114.5139710,50.0,10.1,-0.04,135.8,0.0,25.3,1670.4,1721.12,10.0,2.0,2.5,NR5G-SA,n79,-100,-100,-10,18,-999,5.8
2026-05-28 10:56:12.575,2026-05-28 11:10:58.969,22.6695242,114.5139873,50.0,10.1,-0.05,135.7,0.0,25.3,1670.7,1723.65,10.0,2.0,2.5,NR5G-SA,n79,-101,-101,-10,19,-999,6.0
2026-05-28 10:56:12.776,2026-05-28 11:10:58.969,22.6695072,114.5140037,50.0,10.1,-0.02,135.6,0.0,25.3,1671.1,1726.19,10.0,2.0,2.5,NR5G-SA,n79,-101,-101,-10,19,-999,5.6
2026-05-28 10:56:12.976,2026-05-28 11:10:59.169,22.6694901,114.5140201,50.0,10.1,-0.02,135.6,0.0,24.3,1671.5,1728.73,10.0,2.0,2.5,NR5G-SA,n79,-101,-101,-10,19,-999,9.9
2026-05-28 10:56:13.176,2026-05-28 11:10:59.569,22.6694901,114.5140201,50.0,10.1,-0.03,135.6,0.0,24.3,1671.5,1728.73,10.0,2.0,2.5,NR5G-SA,n79,-100,-100,-11,20,-999,6.2
2026-05-28 10:56:13.377,2026-05-28 11:10:59.769,22.6694730,114.5140365,50.0,10.1,0.05,135.7,0.0,24.3,1671.9,1731.27,10.0,2.0,2.5,NR5G-SA,n79,-100,-100,-11,20,-999,6.7
2026-05-28 10:56:13.577,2026-05-28 11:10:59.969,22.6694561,114.5140529,50.0,10.0,0.01,135.6,0.0,24.3,1672.3,1733.79,10.0,2.0,2.5,NR5G-SA,n79,-101,-101,-11,20,-999,5.8
2026-05-28 10:56:13.778,2026-05-28 11:11:00.169,22.6694392,114.5140693,50.0,10.0,0.00,135.8,0.0,24.3,1672.7,1736.32,10.0,2.0,2.5,NR5G-SA,n79,-101,-101,-11,20,-999,7.4
2026-05-28 10:56:13.978,2026-05-28 11:11:00.169,22.6694224,114.5140856,50.0,10.0,-0.01,136.0,0.0,24.3,1673.1,1738.83,10.0,2.0,2.5,NR5G-SA,n79,-101,-101,-11,20,-999,16.4
2026-05-28 10:56:14.178,2026-05-28 11:11:00.569,22.6694224,114.5140856,50.0,10.0,-0.01,136.0,0.0,25.0,1673.1,1738.83,10.0,2.0,2.5,NR5G-SA,n79,-97,-97,-10,20,-999,8.9
2026-05-28 10:56:14.379,2026-05-28 11:11:00.769,22.6694056,114.5141018,50.0,10.0,0.01,136.0,0.0,25.0,1673.5,1741.33,10.0,2.0,2.5,NR5G-SA,n79,-97,-97,-10,20,-999,6.0
2026-05-28 10:56:14.579,2026-05-28 11:11:00.969,22.6693887,114.5141179,50.0,10.0,0.02,136.1,0.0,25.0,1673.9,1743.84,10.0,2.0,2.5,NR5G-SA,n79,-97,-97,-10,20,-999,6.1
2026-05-28 10:56:14.779,2026-05-28 11:11:00.969,22.6693719,114.5141341,50.0,9.9,-0.03,136.3,0.0,25.0,1674.3,1746.34,10.0,2.0,2.5,NR5G-SA,n79,-99,-99,-10,19,-999,8.6
2026-05-28 10:56:14.980,2026-05-28 11:11:01.169,22.6693551,114.5141502,50.0,9.9,-0.04,136.3,0.0,25.0,1674.7,1748.84,10.0,2.0,2.5,NR5G-SA,n79,-99,-99,-10,19,-999,6.6
2026-05-28 10:56:15.180,2026-05-28 11:11:01.569,22.6693551,114.5141502,50.0,9.9,-0.04,136.3,0.0,25.6,1674.7,1748.84,10.0,2.0,2.5,NR5G-SA,n79,-99,-99,-10,19,-999,5.5
2026-05-28 10:56:15.380,2026-05-28 11:11:01.769,22.6693383,114.5141663,50.0,10.0,-0.02,136.3,39.8,25.6,1675.1,1751.33,10.0,2.0,2.5,NR5G-SA,n79,-95,-95,-11,19,-999,6.3
2026-05-28 10:56:15.580,2026-05-28 11:11:01.969,22.6693214,114.5141826,50.0,10.0,0.01,136.4,39.8,25.6,1675.6,1753.85,10.0,2.0,2.5,NR5G-SA,n79,-95,-95,-11,19,-999,4.7
2026-05-28 10:56:15.781,2026-05-28 11:11:02.169,22.6693046,114.5141989,50.0,9.9,0.02,136.5,39.8,25.6,1676.0,1756.36,10.0,2.0,2.5,NR5G-SA,n79,-102,-102,-11,20,-999,5.8
2026-05-28 10:56:15.981,2026-05-28 11:11:02.169,22.6692878,114.5142151,50.0,10.0,-0.01,136.5,39.8,25.6,1676.4,1758.87,10.0,2.0,2.5,NR5G-SA,n79,-102,-102,-11,20,-999,12.7
2026-05-28 10:56:16.181,2026-05-28 11:11:02.569,22.6692878,114.5142151,50.0,10.0,-0.01,136.5,39.8,24.9,1676.4,1758.87,10.0,2.0,2.5,NR5G-SA,n79,-102,-102,-11,20,-999,6.4
2026-05-28 10:56:16.382,2026-05-28 11:11:02.769,22.6692710,114.5142312,50.0,9.9,0.02,136.4,0.0,24.9,1676.8,1761.36,10.0,2.0,2.5,NR5G-SA,n79,-105,-105,-11,17,-999,6.3
2026-05-28 10:56:16.582,2026-05-28 11:11:02.969,22.6692543,114.5142474,50.0,9.9,-0.01,136.3,0.0,24.9,1677.3,1763.86,10.0,2.0,2.5,NR5G-SA,n79,-105,-105,-11,17,-999,4.2
2026-05-28 10:56:16.782,2026-05-28 11:11:03.169,22.6692376,114.5142637,50.0,9.9,-0.01,136.2,0.0,24.9,1677.7,1766.36,10.0,2.0,2.5,NR5G-SA,n79,-105,-105,-11,17,-999,6.8
2026-05-28 10:56:16.982,2026-05-28 11:11:03.169,22.6692376,114.5142637,50.0,10.0,-0.04,136.2,0.0,24.9,1677.7,1766.36,10.0,2.0,2.5,NR5G-SA,n79,-98,-98,-10,18,-999,18.5
2026-05-28 10:56:17.183,2026-05-28 11:11:03.169,22.6692376,114.5142637,50.0,10.0,-0.04,136.2,0.0,24.6,1677.7,1766.36,10.0,2.0,2.5,NR5G-SA,n79,-98,-98,-10,18,-999,22.4
2026-05-28 10:56:17.383,2026-05-28 11:11:03.169,22.6692376,114.5142637,50.0,10.0,-0.00,136.2,38.4,24.6,1677.7,1766.36,10.0,2.0,2.5,NR5G-SA,n79,-98,-98,-10,18,-999,24.9
2026-05-28 10:56:17.583,2026-05-28 11:11:03.969,22.6691929,114.5143072,50.0,10.0,0.03,136.5,38.4,24.6,1679.0,1773.05,10.0,2.0,2.5,NR5G-SA,n79,-93,-93,-10,18,-999,9.9
2026-05-28 10:56:17.784,2026-05-28 11:11:03.969,22.6691929,114.5143072,50.0,10.0,0.01,136.5,38.4,24.6,1679.0,1773.05,10.0,2.0,2.5,NR5G-SA,n79,-93,-93,-10,18,-999,16.6
2026-05-28 10:56:17.984,2026-05-28 11:11:04.369,22.6691595,114.5143395,50.0,10.0,0.01,136.6,38.4,24.6,1679.9,1778.03,10.0,2.0,2.5,NR5G-SA,n79,-98,-98,-11,18,-999,7.0
2026-05-28 10:56:18.184,2026-05-28 11:11:04.369,22.6691595,114.5143395,50.0,10.0,0.01,136.6,38.4,24.4,1679.9,1778.03,10.0,2.0,2.5,NR5G-SA,n79,-98,-98,-11,18,-999,12.0
2026-05-28 10:56:18.385,2026-05-28 11:11:04.369,22.6691595,114.5143395,50.0,10.0,0.01,136.6,0.0,24.4,1679.9,1778.03,10.0,2.0,2.5,NR5G-SA,n79,-98,-98,-11,18,-999,17.9
2026-05-28 10:56:18.585,2026-05-28 11:11:04.969,22.6691257,114.5143719,50.0,10.0,0.01,137.0,0.0,24.4,1680.8,1783.05,10.0,2.0,2.5,NR5G-SA,n79,-101,-101,-11,19,-999,10.5
2026-05-28 10:56:18.785,2026-05-28 11:11:04.969,22.6691257,114.5143719,50.0,10.0,-0.02,137.0,0.0,24.4,1680.8,1783.05,10.0,2.0,2.5,NR5G-SA,n79,-101,-101,-11,19,-999,17.7
2026-05-28 10:56:18.986,2026-05-28 11:11:05.369,22.6690918,114.5144043,50.0,10.0,-0.02,137.3,0.0,24.4,1681.7,1788.09,10.0,2.0,2.5,NR5G-SA,n79,-101,-101,-11,19,-999,9.0
2026-05-28 10:56:19.186,2026-05-28 11:11:05.369,22.6690918,114.5144043,50.0,10.0,-0.01,137.3,0.0,24.9,1681.7,1788.09,10.0,2.0,2.5,NR5G-SA,n79,-91,-91,-10,19,-999,12.6
2026-05-28 10:56:19.386,2026-05-28 11:11:05.369,22.6690918,114.5144043,50.0,9.9,0.00,137.3,51.3,24.9,1681.7,1788.09,10.0,2.0,2.5,NR5G-SA,n79,-91,-91,-10,19,-999,19.0
2026-05-28 10:56:19.587,2026-05-28 11:11:05.969,22.6690582,114.5144365,50.0,10.0,0.01,137.4,51.3,24.9,1682.6,1793.08,10.0,2.0,2.5,NR5G-SA,n79,-91,-91,-10,19,-999,11.2
2026-05-28 10:56:19.787,2026-05-28 11:11:05.969,22.6690582,114.5144365,50.0,10.0,0.01,137.4,51.3,24.9,1682.6,1793.08,10.0,2.0,2.5,NR5G-SA,n79,-97,-97,-10,19,-999,16.5
2026-05-28 10:56:19.987,2026-05-28 11:11:06.369,22.6690248,114.5144688,50.0,10.0,0.01,137.2,51.3,24.9,1683.6,1798.06,10.0,2.0,2.5,NR5G-SA,n79,-97,-97,-10,19,-999,7.5
2026-05-28 10:56:20.188,2026-05-28 11:11:06.369,22.6690248,114.5144688,50.0,10.0,-0.07,137.2,51.3,24.4,1683.6,1798.06,10.0,2.0,2.5,NR5G-SA,n79,-101,-101,-10,18,-999,10.6
2026-05-28 10:56:20.388,2026-05-28 11:11:06.369,22.6689914,114.5145014,50.0,10.0,-0.03,137.1,12.4,24.4,1684.6,1803.07,10.0,2.0,2.5,NR5G-SA,n79,-101,-101,-10,18,-999,18.0
2026-05-28 10:56:20.588,2026-05-28 11:11:06.969,22.6689914,114.5145014,50.0,9.9,0.01,137.1,12.4,24.4,1684.6,1803.07,10.0,2.0,2.5,NR5G-SA,n79,-101,-101,-10,18,-999,10.7
2026-05-28 10:56:20.789,2026-05-28 11:11:06.969,22.6689914,114.5145014,50.0,10.0,0.01,137.1,12.4,24.4,1684.6,1803.07,10.0,2.0,2.5,NR5G-SA,n79,-96,-96,-10,18,-999,16.4
2026-05-28 10:56:20.989,2026-05-28 11:11:07.369,22.6689580,114.5145337,50.0,10.0,-0.02,137.1,12.4,24.4,1685.6,1808.05,10.0,2.0,2.5,NR5G-SA,n79,-96,-96,-10,18,-999,6.8
2026-05-28 10:56:21.189,2026-05-28 11:11:07.369,22.6689580,114.5145337,50.0,10.0,-0.02,137.1,12.4,24.2,1685.6,1808.05,10.0,2.0,2.5,NR5G-SA,n79,-96,-96,-10,18,-999,12.7
2026-05-28 10:56:21.390,2026-05-28 11:11:07.369,22.6689245,114.5145661,50.0,10.0,-0.00,136.9,12.4,24.2,1686.6,1813.05,10.0,2.0,2.5,NR5G-SA,n79,-97,-97,-10,15,-999,21.9
2026-05-28 10:56:21.590,2026-05-28 11:11:07.969,22.6689245,114.5145661,50.0,10.0,0.02,136.9,0.0,24.2,1686.6,1813.05,10.0,2.0,2.5,NR5G-SA,n79,-97,-97,-10,15,-999,10.1
2026-05-28 10:56:21.790,2026-05-28 11:11:07.969,22.6689245,114.5145661,50.0,10.0,0.01,136.9,0.0,24.2,1686.6,1813.05,10.0,2.0,2.5,NR5G-SA,n79,-97,-97,-10,15,-999,16.3
2026-05-28 10:56:21.991,2026-05-28 11:11:07.969,22.6688856,114.5146039,50.0,10.0,-0.01,137.0,0.0,24.2,1687.8,1818.86,10.0,2.0,2.5,NR5G-SA,n79,-96,-96,-10,15,-999,18.8
2026-05-28 10:56:22.191,2026-05-28 11:11:08.569,22.6688856,114.5146039,50.0,10.0,-0.01,137.0,0.0,24.2,1687.8,1818.86,10.0,2.0,2.5,NR5G-SA,n79,-96,-96,-10,15,-999,7.5
2026-05-28 10:56:22.391,2026-05-28 11:11:08.769,22.6688688,114.5146203,50.0,10.0,-0.02,137.1,0.0,24.5,1688.4,1821.38,10.0,2.0,2.5,NR5G-SA,n79,-100,-100,-11,16,-999,6.1
2026-05-28 10:56:22.592,2026-05-28 11:11:08.969,22.6688520,114.5146365,50.0,10.0,-0.02,137.1,0.0,24.5,1688.9,1823.88,10.0,2.0,2.5,NR5G-SA,n79,-100,-100,-11,16,-999,6.3
2026-05-28 10:56:22.792,2026-05-28 11:11:09.169,22.6688352,114.5146527,50.0,10.0,-0.04,137.1,0.0,24.5,1689.4,1826.39,10.0,2.0,2.5,NR5G-SA,n79,-100,-100,-11,16,-999,6.3
2026-05-28 10:56:22.992,2026-05-28 11:11:09.169,22.6688184,114.5146687,50.0,10.0,-0.05,137.2,0.0,24.5,1689.9,1828.88,10.0,2.0,2.5,NR5G-SA,n79,-96,-96,-10,16,-999,12.1
2026-05-28 10:56:23.193,2026-05-28 11:11:09.569,22.6688184,114.5146687,50.0,10.0,-0.05,137.2,0.0,24.5,1689.9,1828.88,10.0,2.0,2.5,NR5G-SA,n79,-96,-96,-10,16,-999,6.9
2026-05-28 10:56:23.393,2026-05-28 11:11:09.769,22.6688016,114.5146847,50.0,9.9,0.05,137.2,0.0,25.3,1690.5,1831.37,10.0,2.0,2.5,NR5G-SA,n79,-96,-96,-10,16,-999,5.0
2026-05-28 10:56:23.594,2026-05-28 11:11:09.969,22.6687849,114.5147008,50.0,10.0,-0.03,137.1,7.4,25.3,1691.0,1833.85,10.0,2.0,2.5,NR5G-SA,n79,-102,-102,-10,15,-999,5.5
2026-05-28 10:56:23.794,2026-05-28 11:11:10.169,22.6687682,114.5147170,50.0,10.0,-0.02,137.1,7.4,25.3,1691.5,1836.35,10.0,2.0,2.5,NR5G-SA,n79,-102,-102,-10,15,-999,4.5
2026-05-28 10:56:23.995,2026-05-28 11:11:10.169,22.6687514,114.5147332,50.0,10.0,0.00,137.0,7.4,25.3,1692.1,1838.85,10.0,2.0,2.5,NR5G-SA,n79,-102,-102,-10,15,-999,11.6
2026-05-28 10:56:24.195,2026-05-28 11:11:10.569,22.6687514,114.5147332,50.0,10.0,0.00,137.0,7.4,25.3,1692.1,1838.85,10.0,2.0,2.5,NR5G-SA,n79,-98,-98,-10,16,-999,8.5
2026-05-28 10:56:24.395,2026-05-28 11:11:10.769,22.6687346,114.5147493,50.0,10.0,0.02,137.1,7.4,24.2,1692.6,1841.35,10.0,2.0,2.5,NR5G-SA,n79,-98,-98,-10,16,-999,6.0
2026-05-28 10:56:24.596,2026-05-28 11:11:10.969,22.6687177,114.5147655,50.0,10.0,0.00,137.2,0.0,24.2,1693.2,1843.86,10.0,2.0,2.5,NR5G-SA,n79,-98,-98,-10,16,-999,6.1
2026-05-28 10:56:24.796,2026-05-28 11:11:11.169,22.6687009,114.5147818,50.0,10.0,-0.02,137.2,0.0,24.2,1693.7,1846.37,10.0,2.0,2.5,NR5G-SA,n79,-105,-105,-11,16,-999,5.9
2026-05-28 10:56:24.997,2026-05-28 11:11:11.169,22.6686841,114.5147980,50.0,10.0,-0.02,137.2,0.0,24.2,1694.3,1848.87,10.0,2.0,2.5,NR5G-SA,n79,-105,-105,-11,16,-999,11.0
2026-05-28 10:56:25.197,2026-05-28 11:11:11.569,22.6686841,114.5147980,50.0,10.0,-0.02,137.2,0.0,24.2,1694.3,1848.87,10.0,2.0,2.5,NR5G-SA,n79,-97,-97,-10,16,-999,6.6
2026-05-28 10:56:25.397,2026-05-28 11:11:11.769,22.6686672,114.5148142,50.0,10.0,-0.02,137.3,0.0,25.1,1694.8,1851.39,10.0,2.0,2.5,NR5G-SA,n79,-97,-97,-10,16,-999,5.4
2026-05-28 10:56:25.598,2026-05-28 11:11:11.969,22.6686504,114.5148304,50.0,10.0,0.03,137.3,18.6,25.1,1695.4,1853.89,10.0,2.0,2.5,NR5G-SA,n79,-97,-97,-10,16,-999,5.7
2026-05-28 10:56:25.798,2026-05-28 11:11:12.169,22.6686336,114.5148467,50.0,9.9,0.09,137.4,18.6,25.1,1696.0,1856.40,10.0,2.0,2.5,NR5G-SA,n79,-98,-98,-11,16,-999,7.3
2026-05-28 10:56:25.998,2026-05-28 11:11:12.169,22.6686170,114.5148629,50.0,10.0,0.07,137.4,18.6,25.1,1696.5,1858.89,10.0,2.0,2.5,NR5G-SA,n79,-98,-98,-11,16,-999,8.7
2026-05-28 10:56:26.199,2026-05-28 11:11:12.569,22.6686170,114.5148629,50.0,10.0,0.07,137.4,18.6,25.1,1696.5,1858.89,10.0,2.0,2.5,NR5G-SA,n79,-98,-98,-11,16,-999,6.4
2026-05-28 10:56:26.399,2026-05-28 11:11:12.769,22.6686004,114.5148792,50.0,9.9,0.02,137.6,18.6,24.3,1697.1,1861.38,10.0,2.0,2.5,NR5G-SA,n79,-94,-94,-10,16,-999,6.0
2026-05-28 10:56:26.599,2026-05-28 11:11:12.969,22.6685836,114.5148953,50.0,10.0,-0.02,137.8,41.0,24.3,1697.7,1863.88,10.0,2.0,2.5,NR5G-SA,n79,-94,-94,-10,16,-999,6.2
2026-05-28 10:56:26.800,2026-05-28 11:11:13.169,22.6685667,114.5149115,50.0,9.9,0.01,138.0,41.0,24.3,1698.3,1866.39,10.0,2.0,2.5,NR5G-SA,n79,-94,-94,-10,16,-999,6.2
2026-05-28 10:56:27.000,2026-05-28 11:11:13.169,22.6685498,114.5149276,50.0,10.0,-0.02,138.0,41.0,24.3,1698.9,1868.89,10.0,2.0,2.5,NR5G-SA,n79,-101,-101,-11,16,-999,10.8
2026-05-28 10:56:27.200,2026-05-28 11:11:13.569,22.6685498,114.5149276,50.0,10.0,-0.02,138.0,41.0,24.3,1698.9,1868.89,10.0,2.0,2.5,NR5G-SA,n79,-101,-101,-11,16,-999,7.8
2026-05-28 10:56:27.401,2026-05-28 11:11:13.769,22.6685331,114.5149437,50.0,9.9,-0.02,137.9,41.0,24.5,1699.4,1871.38,10.0,2.0,2.5,NR5G-SA,n79,-101,-101,-10,17,-999,6.5
2026-05-28 10:56:27.601,2026-05-28 11:11:13.969,22.6685164,114.5149599,50.0,10.0,-0.06,137.8,26.3,24.5,1700.0,1873.88,10.0,2.0,2.5,NR5G-SA,n79,-101,-101,-10,17,-999,5.1
2026-05-28 10:56:27.801,2026-05-28 11:11:14.169,22.6684996,114.5149761,50.0,9.9,-0.02,137.8,26.3,24.5,1700.6,1876.38,10.0,2.0,2.5,NR5G-SA,n79,-101,-101,-10,17,-999,5.4
2026-05-28 10:56:28.002,2026-05-28 11:11:14.169,22.6684828,114.5149923,50.0,10.0,0.03,137.8,26.3,24.5,1701.2,1878.88,10.0,2.0,2.5,NR5G-SA,n79,-103,-103,-11,16,-999,8.1
2026-05-28 10:56:28.202,2026-05-28 11:11:14.569,22.6684828,114.5149923,50.0,10.0,0.03,137.8,26.3,24.5,1701.2,1878.88,10.0,2.0,2.5,NR5G-SA,n79,-103,-103,-11,16,-999,10.0
2026-05-28 10:56:28.403,2026-05-28 11:11:14.769,22.6684659,114.5150085,50.0,10.0,0.07,137.9,26.3,23.6,1701.8,1881.39,10.0,2.0,2.5,NR5G-SA,n79,-103,-103,-11,16,-999,10.1
2026-05-28 10:56:28.603,2026-05-28 11:11:14.969,22.6684491,114.5150246,50.0,10.0,0.03,138.0,36.5,23.6,1702.4,1883.89,10.0,2.0,2.5,NR5G-SA,n79,-101,-101,-11,16,-999,5.6
2026-05-28 10:56:28.803,2026-05-28 11:11:15.169,22.6684323,114.5150408,50.0,10.0,-0.06,138.1,36.5,23.6,1703.0,1886.39,10.0,2.0,2.5,NR5G-SA,n79,-101,-101,-11,16,-999,5.3
2026-05-28 10:56:29.004,2026-05-28 11:11:15.169,22.6684154,114.5150570,50.0,10.0,-0.03,138.2,36.5,23.6,1703.6,1888.91,10.0,2.0,2.5,NR5G-SA,n79,-101,-101,-11,16,-999,9.9
2026-05-28 10:56:29.204,2026-05-28 11:11:15.569,22.6684154,114.5150570,50.0,10.0,-0.03,138.2,36.5,23.6,1703.6,1888.91,10.0,2.0,2.5,NR5G-SA,n79,-98,-98,-10,16,-999,10.1
2026-05-28 10:56:29.404,2026-05-28 11:11:15.769,22.6683986,114.5150732,50.0,10.0,-0.00,138.3,36.5,23.6,1704.3,1891.41,10.0,2.0,2.5,NR5G-SA,n79,-98,-98,-10,16,-999,9.7
2026-05-28 10:56:29.605,2026-05-28 11:11:15.969,22.6683817,114.5150894,50.0,10.0,-0.01,138.3,50.0,26.7,1704.9,1893.92,10.0,2.0,2.5,NR5G-SA,n79,-99,-99,-10,17,-999,5.4
2026-05-28 10:56:29.806,2026-05-28 11:11:16.169,22.6683650,114.5151056,50.0,10.0,0.03,138.3,50.0,26.7,1705.5,1896.42,10.0,2.0,2.5,NR5G-SA,n79,-99,-99,-10,17,-999,5.6
2026-05-28 10:56:30.006,2026-05-28 11:11:16.169,22.6683483,114.5151218,50.0,9.9,-0.00,138.4,50.0,26.7,1706.1,1898.91,10.0,2.0,2.5,NR5G-SA,n79,-99,-99,-10,17,-999,9.1
2026-05-28 10:56:30.206,2026-05-28 11:11:16.569,22.6683483,114.5151218,50.0,9.9,-0.00,138.4,50.0,26.7,1706.1,1898.91,10.0,2.0,2.5,NR5G-SA,n79,-94,-94,-10,17,-999,11.0
2026-05-28 10:56:30.407,2026-05-28 11:11:16.769,22.6683317,114.5151381,50.0,10.0,-0.01,138.3,50.0,26.7,1706.8,1901.40,10.0,2.0,2.5,NR5G-SA,n79,-94,-94,-10,17,-999,10.6
2026-05-28 10:56:30.607,2026-05-28 11:11:16.969,22.6683150,114.5151544,50.0,10.0,-0.02,138.2,29.7,24.6,1707.4,1903.91,10.0,2.0,2.5,NR5G-SA,n79,-94,-94,-10,17,-999,5.4
2026-05-28 10:56:30.807,2026-05-28 11:11:17.169,22.6682983,114.5151706,50.0,10.0,-0.03,138.2,29.7,24.6,1708.1,1906.40,10.0,2.0,2.5,NR5G-SA,n79,-101,-101,-10,18,-999,6.7
2026-05-28 10:56:31.008,2026-05-28 11:11:17.169,22.6682817,114.5151867,50.0,10.0,0.04,138.3,29.7,24.6,1708.7,1908.88,10.0,2.0,2.5,NR5G-SA,n79,-101,-101,-10,18,-999,7.8
2026-05-28 10:56:31.208,2026-05-28 11:11:17.569,22.6682817,114.5151867,50.0,10.0,0.04,138.3,29.7,24.6,1708.7,1908.88,10.0,2.0,2.5,NR5G-SA,n79,-101,-101,-10,18,-999,11.9
2026-05-28 10:56:31.408,2026-05-28 11:11:17.769,22.6682649,114.5152029,50.0,10.0,0.05,138.3,29.7,24.6,1709.4,1911.38,10.0,2.0,2.5,NR5G-SA,n79,-99,-99,-11,18,-999,10.9
2026-05-28 10:56:31.609,2026-05-28 11:11:17.969,22.6682481,114.5152191,50.0,10.0,0.04,138.3,39.3,24.4,1710.0,1913.89,10.0,2.0,2.5,NR5G-SA,n79,-99,-99,-11,18,-999,6.4
2026-05-28 10:56:31.809,2026-05-28 11:11:18.169,22.6682313,114.5152353,50.0,10.0,0.06,138.3,39.3,24.4,1710.7,1916.39,10.0,2.0,2.5,NR5G-SA,n79,-97,-97,-10,18,-999,8.4
2026-05-28 10:56:32.009,2026-05-28 11:11:18.169,22.6682145,114.5152516,50.0,10.0,0.02,138.3,39.3,24.4,1711.3,1918.90,10.0,2.0,2.5,NR5G-SA,n79,-97,-97,-10,18,-999,9.3
2026-05-28 10:56:32.210,2026-05-28 11:11:18.569,22.6682145,114.5152516,50.0,10.0,0.02,138.3,39.3,24.4,1711.3,1918.90,10.0,2.0,2.5,NR5G-SA,n79,-97,-97,-10,18,-999,10.1
2026-05-28 10:56:32.410,2026-05-28 11:11:18.769,22.6681977,114.5152678,50.0,10.0,0.01,138.3,39.3,24.4,1712.0,1921.41,10.0,2.0,2.5,NR5G-SA,n79,-95,-95,-10,19,-999,8.2
2026-05-28 10:56:32.611,2026-05-28 11:11:18.969,22.6681808,114.5152840,50.0,10.0,-0.02,138.2,22.1,24.2,1712.6,1923.92,10.0,2.0,2.5,NR5G-SA,n79,-95,-95,-10,19,-999,4.9
2026-05-28 10:56:32.811,2026-05-28 11:11:19.169,22.6681640,114.5153001,50.0,10.0,0.03,138.4,22.1,24.2,1713.3,1926.41,10.0,2.0,2.5,NR5G-SA,n79,-95,-95,-10,19,-999,5.7
2026-05-28 10:56:33.011,2026-05-28 11:11:19.169,22.6681473,114.5153162,50.0,10.0,0.01,138.5,22.1,24.2,1714.0,1928.90,10.0,2.0,2.5,NR5G-SA,n79,-100,-100,-10,18,-999,9.6
2026-05-28 10:56:33.212,2026-05-28 11:11:19.569,22.6681473,114.5153162,50.0,10.0,0.01,138.5,22.1,24.2,1714.0,1928.90,10.0,2.0,2.5,NR5G-SA,n79,-100,-100,-10,18,-999,10.5
2026-05-28 10:56:33.412,2026-05-28 11:11:19.769,22.6681305,114.5153324,50.0,10.0,-0.02,138.6,22.1,24.2,1714.6,1931.40,10.0,2.0,2.5,NR5G-SA,n79,-100,-100,-10,18,-999,10.0
2026-05-28 10:56:33.612,2026-05-28 11:11:19.969,22.6681138,114.5153485,50.0,10.0,0.03,138.8,44.0,24.6,1715.3,1933.89,10.0,2.0,2.5,NR5G-SA,n79,-103,-103,-11,18,-999,6.8
2026-05-28 10:56:33.812,2026-05-28 11:11:20.169,22.6680971,114.5153646,50.0,9.9,0.01,138.7,44.0,24.6,1716.0,1936.38,10.0,2.0,2.5,NR5G-SA,n79,-103,-103,-11,18,-999,6.2
2026-05-28 10:56:34.013,2026-05-28 11:11:20.169,22.6680803,114.5153807,50.0,10.0,0.00,138.7,44.0,24.6,1716.6,1938.88,10.0,2.0,2.5,NR5G-SA,n79,-99,-99,-10,17,-999,8.6
2026-05-28 10:56:34.213,2026-05-28 11:11:20.569,22.6680803,114.5153807,50.0,10.0,0.00,138.7,44.0,24.6,1716.6,1938.88,10.0,2.0,2.5,NR5G-SA,n79,-99,-99,-10,17,-999,14.9
2026-05-28 10:56:34.414,2026-05-28 11:11:20.769,22.6680635,114.5153970,50.0,10.0,-0.00,138.9,44.0,24.6,1717.3,1941.39,10.0,2.0,2.5,NR5G-SA,n79,-99,-99,-10,17,-999,10.9
2026-05-28 10:56:34.614,2026-05-28 11:11:20.969,22.6680468,114.5154132,50.0,9.9,0.02,138.9,12.4,21.1,1718.0,1943.88,10.0,2.0,2.5,NR5G-SA,n79,-101,-101,-11,17,-999,7.1
2026-05-28 10:56:34.814,2026-05-28 11:11:21.169,22.6680300,114.5154294,50.0,10.0,-0.03,138.8,12.4,21.1,1718.7,1946.39,10.0,2.0,2.5,NR5G-SA,n79,-101,-101,-11,17,-999,6.4
2026-05-28 10:56:35.015,2026-05-28 11:11:21.169,22.6680133,114.5154456,50.0,10.0,-0.01,138.6,12.4,21.1,1719.4,1948.88,10.0,2.0,2.5,NR5G-SA,n79,-101,-101,-11,17,-999,9.5
2026-05-28 10:56:35.215,2026-05-28 11:11:21.569,22.6680133,114.5154456,50.0,10.0,-0.01,138.6,12.4,21.1,1719.4,1948.88,10.0,2.0,2.5,NR5G-SA,n79,-100,-100,-11,17,-999,12.2
2026-05-28 10:56:35.415,2026-05-28 11:11:21.769,22.6679966,114.5154618,50.0,10.0,-0.04,138.5,12.4,21.1,1720.1,1951.38,10.0,2.0,2.5,NR5G-SA,n79,-100,-100,-11,17,-999,10.1
2026-05-28 10:56:35.616,2026-05-28 11:11:21.969,22.6679799,114.5154780,50.0,10.0,0.02,138.6,0.0,21.7,1720.8,1953.87,10.0,2.0,2.5,NR5G-SA,n79,-100,-100,-11,17,-999,7.3
2026-05-28 10:56:35.816,2026-05-28 11:11:22.169,22.6679631,114.5154942,50.0,9.9,0.07,138.6,0.0,21.7,1721.5,1956.37,10.0,2.0,2.5,NR5G-SA,n79,-97,-97,-10,18,-999,5.9
2026-05-28 10:56:36.016,2026-05-28 11:11:22.169,22.6679464,114.5155104,50.0,10.0,-0.02,138.6,0.0,21.7,1722.2,1958.87,10.0,2.0,2.5,NR5G-SA,n79,-97,-97,-10,18,-999,10.1
2026-05-28 10:56:36.217,2026-05-28 11:11:22.569,22.6679464,114.5155104,50.0,10.0,-0.02,138.6,0.0,21.7,1722.2,1958.87,10.0,2.0,2.5,NR5G-SA,n79,-97,-97,-10,18,-999,10.8
2026-05-28 10:56:36.417,2026-05-28 11:11:22.769,22.6679295,114.5155266,50.0,10.0,-0.02,138.6,0.0,21.7,1722.9,1961.38,10.0,2.0,2.5,NR5G-SA,n79,-102,-102,-11,17,-999,11.4
2026-05-28 10:56:36.618,2026-05-28 11:11:22.969,22.6679128,114.5155428,50.0,10.0,-0.03,138.4,0.0,20.9,1723.7,1963.88,10.0,2.0,2.5,NR5G-SA,n79,-102,-102,-11,17,-999,7.0
2026-05-28 10:56:36.818,2026-05-28 11:11:23.169,22.6678960,114.5155590,50.0,9.9,0.02,138.5,0.0,20.9,1724.4,1966.38,10.0,2.0,2.5,NR5G-SA,n79,-108,-108,-11,18,-999,5.1
2026-05-28 10:56:37.018,2026-05-28 11:11:23.169,22.6678794,114.5155752,50.0,10.0,-0.04,138.4,0.0,20.9,1725.1,1968.87,10.0,2.0,2.5,NR5G-SA,n79,-108,-108,-11,18,-999,7.2
2026-05-28 10:56:37.219,2026-05-28 11:11:23.569,22.6678794,114.5155752,50.0,10.0,-0.04,138.4,0.0,20.9,1725.1,1968.87,10.0,2.0,2.5,NR5G-SA,n79,-108,-108,-11,18,-999,15.4
2026-05-28 10:56:37.419,2026-05-28 11:11:23.769,22.6678626,114.5155914,50.0,10.0,0.00,138.4,0.0,20.9,1725.8,1971.37,10.0,2.0,2.5,NR5G-SA,n79,-99,-99,-11,18,-999,10.6
2026-05-28 10:56:37.619,2026-05-28 11:11:23.969,22.6678459,114.5156076,50.0,9.9,-0.03,138.3,0.0,20.9,1726.6,1973.86,10.0,2.0,2.5,NR5G-SA,n79,-99,-99,-11,18,-999,7.4
2026-05-28 10:56:37.820,2026-05-28 11:11:24.169,22.6678291,114.5156238,50.0,10.0,-0.01,138.3,0.0,21.0,1727.3,1976.37,10.0,2.0,2.5,NR5G-SA,n79,-99,-99,-11,18,-999,7.0
2026-05-28 10:56:38.020,2026-05-28 11:11:24.169,22.6678124,114.5156400,50.0,9.9,0.01,138.2,0.0,21.0,1728.0,1978.86,10.0,2.0,2.5,NR5G-SA,n79,-98,-98,-10,19,-999,7.6
2026-05-28 10:56:38.220,2026-05-28 11:11:24.569,22.6678124,114.5156400,50.0,9.9,0.01,138.2,0.0,21.0,1728.0,1978.86,10.0,2.0,2.5,NR5G-SA,n79,-98,-98,-10,19,-999,15.1
2026-05-28 10:56:38.421,2026-05-28 11:11:24.769,22.6677956,114.5156562,50.0,10.0,-0.07,138.2,0.0,21.0,1728.8,1981.37,10.0,2.0,2.5,NR5G-SA,n79,-100,-100,-11,20,-999,10.7
2026-05-28 10:56:38.621,2026-05-28 11:11:24.969,22.6677789,114.5156724,50.0,9.9,-0.02,138.1,12.2,21.0,1729.5,1983.86,10.0,2.0,2.5,NR5G-SA,n79,-100,-100,-11,20,-999,7.3
2026-05-28 10:56:38.821,2026-05-28 11:11:25.169,22.6677622,114.5156886,50.0,10.0,-0.06,138.1,12.2,19.6,1730.3,1986.36,10.0,2.0,2.5,NR5G-SA,n79,-100,-100,-11,20,-999,7.3
2026-05-28 10:56:39.022,2026-05-28 11:11:25.169,22.6677455,114.5157048,50.0,9.9,-0.03,138.0,12.2,19.6,1731.0,1988.85,10.0,2.0,2.5,NR5G-SA,n79,-97,-97,-10,20,-999,8.9
2026-05-28 10:56:39.222,2026-05-28 11:11:25.569,22.6677455,114.5157048,50.0,9.9,-0.03,138.0,12.2,19.6,1731.0,1988.85,10.0,2.0,2.5,NR5G-SA,n79,-97,-97,-10,20,-999,15.7
2026-05-28 10:56:39.422,2026-05-28 11:11:25.769,22.6677289,114.5157210,50.0,10.0,-0.03,138.0,12.2,19.6,1731.8,1991.34,10.0,2.0,2.5,NR5G-SA,n79,-97,-97,-10,20,-999,10.6
2026-05-28 10:56:39.623,2026-05-28 11:11:25.969,22.6677122,114.5157373,50.0,10.0,0.04,137.9,0.0,19.6,1732.6,1993.84,10.0,2.0,2.5,NR5G-SA,n79,-99,-99,-10,20,-999,6.9
2026-05-28 10:56:39.823,2026-05-28 11:11:26.169,22.6676954,114.5157535,50.0,10.0,0.01,137.9,0.0,19.0,1733.3,1996.34,10.0,2.0,2.5,NR5G-SA,n79,-99,-99,-10,20,-999,4.4
2026-05-28 10:56:40.024,2026-05-28 11:11:26.169,22.6676787,114.5157698,50.0,10.0,0.01,137.8,0.0,19.0,1734.1,1998.85,10.0,2.0,2.5,NR5G-SA,n79,-99,-99,-10,20,-999,8.4
2026-05-28 10:56:40.224,2026-05-28 11:11:26.569,22.6676787,114.5157698,50.0,10.0,0.01,137.8,0.0,19.0,1734.1,1998.85,10.0,2.0,2.5,NR5G-SA,n79,-96,-96,-10,21,-999,13.9
2026-05-28 10:56:40.424,2026-05-28 11:11:26.769,22.6676619,114.5157861,50.0,10.0,-0.02,137.6,0.0,19.0,1734.9,2001.36,10.0,2.0,2.5,NR5G-SA,n79,-96,-96,-10,21,-999,10.6
2026-05-28 10:56:40.625,2026-05-28 11:11:26.969,22.6676451,114.5158024,50.0,10.0,-0.04,137.7,21.6,19.0,1735.6,2003.87,10.0,2.0,2.5,NR5G-SA,n79,-96,-96,-10,21,-999,6.3
2026-05-28 10:56:40.825,2026-05-28 11:11:27.169,22.6676283,114.5158186,50.0,10.0,-0.01,137.8,21.6,20.6,1736.4,2006.37,10.0,2.0,2.5,NR5G-SA,n79,-99,-99,-11,21,-999,4.8
2026-05-28 10:56:41.025,2026-05-28 11:11:27.569,22.6676114,114.5158347,50.0,10.0,-0.01,137.7,21.6,20.6,1737.2,2008.87,10.0,2.0,2.5,NR5G-SA,n79,-99,-99,-11,21,-999,5.8
2026-05-28 10:56:41.226,2026-05-28 11:11:27.569,22.6676114,114.5158347,50.0,10.0,-0.01,137.7,21.6,20.6,1737.2,2008.87,10.0,2.0,2.5,NR5G-SA,n79,-100,-100,-11,22,-999,16.4
2026-05-28 10:56:41.426,2026-05-28 11:11:27.769,22.6675946,114.5158508,50.0,10.0,-0.02,137.6,21.6,20.6,1737.9,2011.37,10.0,2.0,2.5,NR5G-SA,n79,-100,-100,-11,22,-999,10.2
2026-05-28 10:56:41.626,2026-05-28 11:11:27.969,22.6675778,114.5158669,50.0,9.9,-0.04,137.6,38.9,20.6,1738.7,2013.87,10.0,2.0,2.5,NR5G-SA,n79,-100,-100,-11,22,-999,6.8
2026-05-28 10:56:41.827,2026-05-28 11:11:28.169,22.6675611,114.5158830,50.0,9.9,0.00,137.4,38.9,22.1,1739.5,2016.36,10.0,2.0,2.5,NR5G-SA,n79,-96,-96,-10,22,-999,5.5
2026-05-28 10:56:42.027,2026-05-28 11:11:28.169,22.6675443,114.5158993,50.0,9.9,-0.04,137.4,38.9,22.1,1740.3,2018.87,10.0,2.0,2.5,NR5G-SA,n79,-96,-96,-10,22,-999,8.8
2026-05-28 10:56:42.228,2026-05-28 11:11:28.569,22.6675275,114.5159155,50.0,10.0,-0.01,137.4,38.9,22.1,1741.1,2021.37,10.0,2.0,2.5,NR5G-SA,n79,-96,-96,-10,22,-999,15.8
2026-05-28 10:56:42.428,2026-05-28 11:11:28.769,22.6675275,114.5159155,50.0,10.0,-0.01,137.4,38.9,22.1,1741.1,2021.37,10.0,2.0,2.5,NR5G-SA,n79,-99,-99,-10,22,-999,12.0
2026-05-28 10:56:42.628,2026-05-28 11:11:28.969,22.6675107,114.5159317,50.0,10.0,-0.04,137.4,29.6,22.1,1741.9,2023.87,10.0,2.0,2.5,NR5G-SA,n79,-99,-99,-10,22,-999,7.2
2026-05-28 10:56:42.829,2026-05-28 11:11:29.169,22.6674939,114.5159479,50.0,10.0,-0.06,137.4,29.6,22.0,1742.7,2026.38,10.0,2.0,2.5,NR5G-SA,n79,-99,-99,-10,22,-999,6.8
2026-05-28 10:56:43.029,2026-05-28 11:11:29.169,22.6674773,114.5159642,50.0,10.0,-0.05,137.4,29.6,22.0,1743.5,2028.87,10.0,2.0,2.5,NR5G-SA,n79,-96,-96,-10,22,-999,9.8
2026-05-28 10:56:43.230,2026-05-28 11:11:29.569,22.6674773,114.5159642,50.0,10.0,-0.05,137.4,29.6,22.0,1743.5,2028.87,10.0,2.0,2.5,NR5G-SA,n79,-96,-96,-10,22,-999,16.9
2026-05-28 10:56:43.430,2026-05-28 11:11:29.769,22.6674608,114.5159804,50.0,10.0,0.00,137.4,29.6,22.0,1744.3,2031.35,10.0,2.0,2.5,NR5G-SA,n79,-99,-99,-10,22,-999,9.4
2026-05-28 10:56:43.630,2026-05-28 11:11:29.969,22.6674443,114.5159967,50.0,9.9,0.01,137.3,33.3,22.0,1745.1,2033.83,10.0,2.0,2.5,NR5G-SA,n79,-99,-99,-10,22,-999,5.1
2026-05-28 10:56:43.830,2026-05-28 11:11:30.169,22.6674276,114.5160129,50.0,10.0,0.00,137.2,33.3,23.7,1745.9,2036.33,10.0,2.0,2.5,NR5G-SA,n79,-99,-99,-10,22,-999,7.0
2026-05-28 10:56:44.031,2026-05-28 11:11:30.169,22.6674108,114.5160290,50.0,10.0,0.04,137.2,33.3,23.7,1746.7,2038.82,10.0,2.0,2.5,NR5G-SA,n79,-98,-98,-10,22,-999,8.0
2026-05-28 10:56:44.231,2026-05-28 11:11:30.569,22.6673938,114.5160452,50.0,10.0,0.06,137.3,33.3,23.7,1747.5,2041.34,10.0,2.0,2.5,NR5G-SA,n79,-98,-98,-10,22,-999,13.6
2026-05-28 10:56:44.432,2026-05-28 11:11:30.769,22.6673938,114.5160452,50.0,10.0,0.06,137.3,33.3,23.7,1747.5,2041.34,10.0,2.0,2.5,NR5G-SA,n79,-98,-98,-10,22,-999,8.8
2026-05-28 10:56:44.632,2026-05-28 11:11:30.969,22.6673769,114.5160614,50.0,10.0,0.01,137.3,36.0,23.7,1748.4,2043.86,10.0,2.0,2.5,NR5G-SA,n79,-100,-100,-10,22,-999,5.7
2026-05-28 10:56:44.833,2026-05-28 11:11:31.169,22.6673601,114.5160775,50.0,10.0,0.03,137.4,36.0,26.6,1749.2,2046.35,10.0,2.0,2.5,NR5G-SA,n79,-100,-100,-10,22,-999,6.2
2026-05-28 10:56:45.033,2026-05-28 11:11:31.169,22.6673433,114.5160936,50.0,10.0,-0.01,137.5,36.0,26.6,1750.0,2048.85,10.0,2.0,2.5,NR5G-SA,n79,-100,-100,-10,22,-999,10.2
2026-05-28 10:56:45.233,2026-05-28 11:11:31.569,22.6673433,114.5160936,50.0,10.0,-0.01,137.5,36.0,26.6,1750.0,2048.85,10.0,2.0,2.5,NR5G-SA,n79,-94,-94,-10,22,-999,13.5
2026-05-28 10:56:45.434,2026-05-28 11:11:31.769,22.6673265,114.5161098,50.0,10.0,-0.00,137.5,36.0,26.6,1750.8,2051.35,10.0,2.0,2.5,NR5G-SA,n79,-94,-94,-10,22,-999,9.8
2026-05-28 10:56:45.634,2026-05-28 11:11:31.969,22.6673096,114.5161259,50.0,10.0,-0.03,137.5,25.6,26.6,1751.6,2053.86,10.0,2.0,2.5,NR5G-SA,n79,-96,-96,-10,21,-999,8.6
2026-05-28 10:56:45.834,2026-05-28 11:11:32.169,22.6672929,114.5161421,50.0,10.0,0.03,137.5,25.6,26.6,1752.5,2056.35,10.0,2.0,2.5,NR5G-SA,n79,-96,-96,-10,21,-999,5.1
2026-05-28 10:56:46.035,2026-05-28 11:11:32.169,22.6672761,114.5161583,50.0,9.9,0.06,137.6,25.6,25.6,1753.3,2058.86,10.0,2.0,2.5,NR5G-SA,n79,-96,-96,-10,21,-999,8.3
2026-05-28 10:56:46.235,2026-05-28 11:11:32.569,22.6672592,114.5161746,50.0,10.0,0.00,137.6,25.6,25.6,1754.2,2061.37,10.0,2.0,2.5,NR5G-SA,n79,-102,-102,-11,22,-999,11.1
2026-05-28 10:56:46.435,2026-05-28 11:11:32.769,22.6672592,114.5161746,50.0,10.0,0.00,137.6,25.6,25.6,1754.2,2061.37,10.0,2.0,2.5,NR5G-SA,n79,-102,-102,-11,22,-999,7.0
2026-05-28 10:56:46.636,2026-05-28 11:11:32.969,22.6672423,114.5161908,50.0,10.0,0.03,137.6,40.6,25.6,1755.0,2063.89,10.0,2.0,2.5,NR5G-SA,n79,-102,-102,-11,22,-999,6.4
2026-05-28 10:56:46.836,2026-05-28 11:11:33.169,22.6672255,114.5162070,50.0,10.0,-0.01,137.6,40.6,25.6,1755.8,2066.39,10.0,2.0,2.5,NR5G-SA,n79,-94,-94,-10,22,-999,6.2
2026-05-28 10:56:47.036,2026-05-28 11:11:33.169,22.6672087,114.5162232,50.0,10.0,-0.01,137.5,40.6,24.6,1756.7,2068.89,10.0,2.0,2.5,NR5G-SA,n79,-94,-94,-10,22,-999,9.1
2026-05-28 10:56:47.237,2026-05-28 11:11:33.569,22.6671921,114.5162394,50.0,10.0,-0.01,137.3,40.6,24.6,1757.6,2071.38,10.0,2.0,2.5,NR5G-SA,n79,-94,-94,-10,22,-999,9.7
2026-05-28 10:56:47.437,2026-05-28 11:11:33.769,22.6671921,114.5162394,50.0,9.9,-0.01,137.3,40.6,24.6,1757.6,2071.38,10.0,2.0,2.5,NR5G-SA,n79,-98,-98,-11,22,-999,10.2
2026-05-28 10:56:47.637,2026-05-28 11:11:33.969,22.6671755,114.5162556,50.0,9.9,0.00,137.4,18.2,24.6,1758.4,2073.87,10.0,2.0,2.5,NR5G-SA,n79,-98,-98,-11,22,-999,6.3
2026-05-28 10:56:47.838,2026-05-28 11:11:34.169,22.6671588,114.5162717,50.0,9.9,-0.02,137.3,18.2,24.6,1759.3,2076.35,10.0,2.0,2.5,NR5G-SA,n79,-99,-99,-10,21,-999,5.5
2026-05-28 10:56:48.038,2026-05-28 11:11:34.569,22.6671422,114.5162879,50.0,10.0,-0.03,137.3,18.2,27.1,1760.2,2078.84,10.0,2.0,2.5,NR5G-SA,n79,-99,-99,-10,21,-999,6.8
2026-05-28 10:56:48.238,2026-05-28 11:11:34.569,22.6671254,114.5163040,50.0,10.0,0.04,137.4,18.2,27.1,1761.0,2081.34,10.0,2.0,2.5,NR5G-SA,n79,-99,-99,-10,21,-999,9.2
2026-05-28 10:56:48.438,2026-05-28 11:11:34.769,22.6671254,114.5163040,50.0,10.0,0.04,137.4,18.2,27.1,1761.0,2081.34,10.0,2.0,2.5,NR5G-SA,n79,-98,-98,-10,21,-999,9.7
2026-05-28 10:56:48.639,2026-05-28 11:11:34.969,22.6671088,114.5163201,50.0,10.0,0.05,137.4,0.0,27.1,1761.9,2083.82,10.0,2.0,2.5,NR5G-SA,n79,-98,-98,-10,21,-999,9.1
2026-05-28 10:56:48.839,2026-05-28 11:11:35.169,22.6670919,114.5163363,50.0,10.0,0.02,137.4,0.0,27.1,1762.7,2086.33,10.0,2.0,2.5,NR5G-SA,n79,-98,-98,-10,21,-999,4.7
2026-05-28 10:56:49.040,2026-05-28 11:11:35.169,22.6670751,114.5163526,50.0,10.0,0.00,137.3,0.0,28.2,1763.6,2088.84,10.0,2.0,2.5,NR5G-SA,n79,-92,-92,-10,21,-999,9.0
2026-05-28 10:56:49.240,2026-05-28 11:11:35.569,22.6670582,114.5163689,50.0,10.0,0.00,137.4,0.0,28.2,1764.5,2091.36,10.0,2.0,2.5,NR5G-SA,n79,-92,-92,-10,21,-999,7.8
2026-05-28 10:56:49.440,2026-05-28 11:11:35.769,22.6670582,114.5163689,50.0,10.0,0.00,137.4,0.0,28.2,1764.5,2091.36,10.0,2.0,2.5,NR5G-SA,n79,-92,-92,-10,21,-999,9.2
2026-05-28 10:56:49.640,2026-05-28 11:11:35.969,22.6670414,114.5163851,50.0,10.0,0.05,137.4,7.4,28.2,1765.4,2093.86,10.0,2.0,2.5,NR5G-SA,n79,-94,-94,-10,21,-999,6.3
2026-05-28 10:56:49.841,2026-05-28 11:11:36.169,22.6670246,114.5164013,50.0,9.9,0.02,137.4,7.4,28.2,1766.3,2096.36,10.0,2.0,2.5,NR5G-SA,n79,-94,-94,-10,21,-999,4.7
2026-05-28 10:56:50.041,2026-05-28 11:11:36.569,22.6670079,114.5164175,50.0,10.0,0.01,137.5,7.4,26.8,1767.2,2098.86,10.0,2.0,2.5,NR5G-SA,n79,-94,-94,-10,21,-999,6.9
2026-05-28 10:56:50.242,2026-05-28 11:11:36.569,22.6669910,114.5164336,50.0,10.0,-0.02,137.6,7.4,26.8,1768.1,2101.36,10.0,2.0,2.5,NR5G-SA,n79,-94,-94,-10,21,-999,7.6
2026-05-28 10:56:50.442,2026-05-28 11:11:36.769,22.6669910,114.5164336,50.0,10.0,-0.02,137.6,7.4,26.8,1768.1,2101.36,10.0,2.0,2.5,NR5G-SA,n79,-94,-94,-10,21,-999,6.8
2026-05-28 10:56:50.642,2026-05-28 11:11:36.969,22.6669741,114.5164498,50.0,10.0,-0.01,137.6,0.0,26.8,1768.9,2103.88,10.0,2.0,2.5,NR5G-SA,n79,-95,-95,-10,20,-999,10.0
2026-05-28 10:56:50.842,2026-05-28 11:11:37.169,22.6669573,114.5164660,50.0,10.0,0.01,137.7,0.0,26.8,1769.8,2106.38,10.0,2.0,2.5,NR5G-SA,n79,-95,-95,-10,20,-999,6.6
2026-05-28 10:56:51.043,2026-05-28 11:11:37.569,22.6669406,114.5164822,50.0,10.0,0.02,137.6,0.0,27.2,1770.7,2108.87,10.0,2.0,2.5,NR5G-SA,n79,-95,-95,-10,20,-999,5.5
2026-05-28 10:56:51.243,2026-05-28 11:11:37.569,22.6669239,114.5164984,50.0,10.0,0.04,137.5,0.0,27.2,1771.7,2111.37,10.0,2.0,2.5,NR5G-SA,n79,-95,-95,-10,20,-999,7.1
2026-05-28 10:56:51.444,2026-05-28 11:11:37.769,22.6669239,114.5164984,50.0,10.0,0.04,137.5,0.0,27.2,1771.7,2111.37,10.0,2.0,2.5,NR5G-SA,n79,-95,-95,-10,20,-999,10.3
2026-05-28 10:56:51.644,2026-05-28 11:11:37.969,22.6669071,114.5165147,50.0,10.0,0.04,137.6,0.0,27.2,1772.6,2113.88,10.0,2.0,2.5,NR5G-SA,n79,-95,-95,-10,20,-999,7.7
2026-05-28 10:56:51.844,2026-05-28 11:11:38.169,22.6668904,114.5165308,50.0,10.0,0.01,137.7,100.0,27.2,1773.5,2116.37,10.0,2.0,2.5,NR5G-SA,n79,-98,-98,-11,21,-999,6.4
2026-05-28 10:56:52.045,2026-05-28 11:11:38.569,22.6668736,114.5165470,50.0,10.0,0.05,137.8,100.0,26.4,1774.4,2118.87,10.0,2.0,2.5,NR5G-SA,n79,-98,-98,-11,21,-999,5.6
2026-05-28 10:56:52.245,2026-05-28 11:11:38.569,22.6668569,114.5165631,50.0,10.0,-0.00,137.9,100.0,26.4,1775.3,2121.36,10.0,2.0,2.5,NR5G-SA,n79,-98,-98,-11,21,-999,8.9
2026-05-28 10:56:52.445,2026-05-28 11:11:38.769,22.6668569,114.5165631,50.0,10.0,-0.00,137.9,100.0,26.4,1775.3,2121.36,10.0,2.0,2.5,NR5G-SA,n79,-93,-93,-10,20,-999,10.4
2026-05-28 10:56:52.646,2026-05-28 11:11:38.969,22.6668400,114.5165792,50.0,10.0,0.01,137.9,100.0,26.4,1776.2,2123.86,10.0,2.0,2.5,NR5G-SA,n79,-93,-93,-10,20,-999,7.9
2026-05-28 10:56:52.846,2026-05-28 11:11:39.169,22.6668232,114.5165953,50.0,10.0,0.01,137.9,0.0,26.4,1777.1,2126.36,10.0,2.0,2.5,NR5G-SA,n79,-93,-93,-10,19,-999,5.8
2026-05-28 10:56:53.046,2026-05-28 11:11:39.569,22.6668063,114.5166116,50.0,10.0,0.01,137.7,0.0,23.7,1778.0,2128.88,10.0,2.0,2.5,NR5G-SA,n79,-93,-93,-10,19,-999,7.0
2026-05-28 10:56:53.247,2026-05-28 11:11:39.569,22.6667896,114.5166279,50.0,10.0,-0.02,137.7,0.0,23.7,1779.0,2131.38,10.0,2.0,2.5,NR5G-SA,n79,-93,-93,-10,19,-999,8.6
2026-05-28 10:56:53.447,2026-05-28 11:11:39.769,22.6667896,114.5166279,50.0,10.0,-0.02,137.7,0.0,23.7,1779.0,2131.38,10.0,2.0,2.5,NR5G-SA,n79,-99,-99,-11,19,-999,8.4
2026-05-28 10:56:53.647,2026-05-28 11:11:39.969,22.6667729,114.5166441,50.0,10.0,0.02,137.7,0.0,23.7,1779.9,2133.88,10.0,2.0,2.5,NR5G-SA,n79,-99,-99,-11,19,-999,5.9
2026-05-28 10:56:53.847,2026-05-28 11:11:40.169,22.6667560,114.5166605,50.0,10.0,-0.01,137.7,16.6,23.7,1780.9,2136.40,10.0,2.0,2.5,NR5G-SA,n79,-99,-99,-11,19,-999,5.0
2026-05-28 10:56:54.048,2026-05-28 11:11:40.569,22.6667394,114.5166766,50.0,10.0,0.02,137.8,16.6,23.7,1781.8,2138.88,10.0,2.0,2.5,NR5G-SA,n79,-94,-94,-10,19,-999,6.1
2026-05-28 10:56:54.248,2026-05-28 11:11:40.569,22.6667227,114.5166928,50.0,9.9,0.03,137.7,16.6,22.3,1782.8,2141.38,10.0,2.0,2.5,NR5G-SA,n79,-94,-94,-10,19,-999,10.7
2026-05-28 10:56:54.448,2026-05-28 11:11:40.769,22.6667227,114.5166928,50.0,9.9,0.03,137.7,16.6,22.3,1782.8,2141.38,10.0,2.0,2.5,NR5G-SA,n79,-94,-94,-10,19,-999,11.9
2026-05-28 10:56:54.649,2026-05-28 11:11:40.969,22.6667060,114.5167091,50.0,10.0,0.00,137.7,16.6,22.3,1783.7,2143.88,10.0,2.0,2.5,NR5G-SA,n79,-93,-93,-10,19,-999,8.8
2026-05-28 10:56:54.849,2026-05-28 11:11:41.169,22.6666892,114.5167253,50.0,9.9,0.03,137.7,41.8,22.3,1784.7,2146.38,10.0,2.0,2.5,NR5G-SA,n79,-93,-93,-10,19,-999,6.0
2026-05-28 10:56:55.049,2026-05-28 11:11:41.169,22.6666892,114.5167253,50.0,10.0,0.04,137.7,41.8,22.3,1784.7,2146.38,10.0,2.0,2.5,NR5G-SA,n79,-94,-94,-10,20,-999,8.3
2026-05-28 10:56:55.250,2026-05-28 11:11:41.169,22.6666892,114.5167253,50.0,10.0,0.02,137.7,41.8,22.0,1784.7,2146.38,10.0,2.0,2.5,NR5G-SA,n79,-94,-94,-10,20,-999,14.9
2026-05-28 10:56:55.450,2026-05-28 11:11:41.169,22.6666407,114.5167721,50.0,10.0,0.02,137.9,41.8,22.0,1787.4,2153.61,10.0,2.0,2.5,NR5G-SA,n79,-94,-94,-10,20,-999,18.9
2026-05-28 10:56:55.651,2026-05-28 11:11:41.969,22.6666407,114.5167721,50.0,10.0,0.02,137.9,41.8,22.0,1787.4,2153.61,10.0,2.0,2.5,NR5G-SA,n79,-90,-90,-10,19,-999,8.3
2026-05-28 10:56:55.851,2026-05-28 11:11:41.969,22.6666407,114.5167721,50.0,10.0,0.05,137.9,33.6,22.0,1787.4,2153.61,10.0,2.0,2.5,NR5G-SA,n79,-90,-90,-10,19,-999,17.1
2026-05-28 10:56:56.051,2026-05-28 11:11:42.369,22.6666071,114.5168044,50.0,10.0,-0.02,137.9,33.6,22.0,1789.3,2158.61,10.0,2.0,2.5,NR5G-SA,n79,-90,-90,-10,19,-999,7.1
2026-05-28 10:56:56.252,2026-05-28 11:11:42.369,22.6666071,114.5168044,50.0,10.0,-0.01,137.9,33.6,20.5,1789.3,2158.61,10.0,2.0,2.5,NR5G-SA,n79,-97,-97,-10,20,-999,13.2
2026-05-28 10:56:56.452,2026-05-28 11:11:42.369,22.6665735,114.5168366,50.0,10.0,-0.01,137.9,33.6,20.5,1791.2,2163.60,10.0,2.0,2.5,NR5G-SA,n79,-97,-97,-10,20,-999,17.4
2026-05-28 10:56:56.652,2026-05-28 11:11:42.969,22.6665735,114.5168366,50.0,10.0,0.00,137.9,33.6,20.5,1791.2,2163.60,10.0,2.0,2.5,NR5G-SA,n79,-97,-97,-10,20,-999,7.2
2026-05-28 10:56:56.853,2026-05-28 11:11:42.969,22.6665735,114.5168366,50.0,10.0,0.01,137.9,8.4,20.5,1791.2,2163.60,10.0,2.0,2.5,NR5G-SA,n79,-96,-96,-10,22,-999,16.1
2026-05-28 10:56:57.053,2026-05-28 11:11:43.369,22.6665402,114.5168689,50.0,10.0,0.01,138.0,8.4,20.5,1793.2,2168.58,10.0,2.0,2.5,NR5G-SA,n79,-96,-96,-10,22,-999,7.6
2026-05-28 10:56:57.253,2026-05-28 11:11:43.369,22.6665402,114.5168689,50.0,10.0,0.03,138.0,8.4,20.8,1793.2,2168.58,10.0,2.0,2.5,NR5G-SA,n79,-95,-95,-11,20,-999,15.2
2026-05-28 10:56:57.453,2026-05-28 11:11:43.369,22.6665068,114.5169012,50.0,10.0,0.03,137.9,8.4,20.8,1795.1,2173.56,10.0,2.0,2.5,NR5G-SA,n79,-95,-95,-11,20,-999,20.5
2026-05-28 10:56:57.654,2026-05-28 11:11:43.969,22.6665068,114.5169012,50.0,10.0,0.03,137.9,8.4,20.8,1795.1,2173.56,10.0,2.0,2.5,NR5G-SA,n79,-95,-95,-11,20,-999,9.2
2026-05-28 10:56:57.854,2026-05-28 11:11:43.969,22.6665068,114.5169012,50.0,10.0,0.06,137.9,50.0,20.8,1795.1,2173.56,10.0,2.0,2.5,NR5G-SA,n79,-95,-95,-10,21,-999,17.8
2026-05-28 10:56:58.054,2026-05-28 11:11:44.369,22.6664733,114.5169336,50.0,9.9,0.03,137.9,50.0,20.8,1797.1,2178.56,10.0,2.0,2.5,NR5G-SA,n79,-95,-95,-10,21,-999,6.9
2026-05-28 10:56:58.255,2026-05-28 11:11:44.369,22.6664733,114.5169336,50.0,10.0,-0.01,137.9,50.0,20.4,1797.1,2178.56,10.0,2.0,2.5,NR5G-SA,n79,-95,-95,-10,21,-999,14.5
2026-05-28 10:56:58.455,2026-05-28 11:11:44.369,22.6664397,114.5169659,50.0,10.0,-0.01,137.7,50.0,20.4,1799.1,2183.56,10.0,2.0,2.5,NR5G-SA,n79,-100,-100,-11,21,-999,18.5
2026-05-28 10:56:58.655,2026-05-28 11:11:44.969,22.6664397,114.5169659,50.0,9.9,0.02,137.7,50.0,20.4,1799.1,2183.56,10.0,2.0,2.5,NR5G-SA,n79,-100,-100,-11,21,-999,9.4
2026-05-28 10:56:58.856,2026-05-28 11:11:44.969,22.6664397,114.5169659,50.0,9.9,-0.01,137.7,33.0,20.4,1799.1,2183.56,10.0,2.0,2.5,NR5G-SA,n79,-100,-100,-11,21,-999,20.8
2026-05-28 10:56:59.056,2026-05-28 11:11:45.369,22.6664065,114.5169983,50.0,9.9,-0.01,137.5,33.0,20.4,1801.1,2188.53,10.0,2.0,2.5,NR5G-SA,n79,-92,-92,-10,21,-999,7.0
2026-05-28 10:56:59.256,2026-05-28 11:11:45.369,22.6664065,114.5169983,50.0,10.0,-0.07,137.5,33.0,19.6,1801.1,2188.53,10.0,2.0,2.5,NR5G-SA,n79,-92,-92,-10,21,-999,14.7
2026-05-28 10:56:59.457,2026-05-28 11:11:45.369,22.6663729,114.5170307,50.0,10.0,-0.07,137.6,33.0,19.6,1803.1,2193.54,10.0,2.0,2.5,NR5G-SA,n79,-100,-100,-11,21,-999,16.7
2026-05-28 10:56:59.657,2026-05-28 11:11:45.969,22.6663729,114.5170307,50.0,10.0,-0.03,137.6,33.0,19.6,1803.1,2193.54,10.0,2.0,2.5,NR5G-SA,n79,-100,-100,-11,21,-999,8.3
2026-05-28 10:56:59.857,2026-05-28 11:11:45.969,22.6663729,114.5170307,50.0,10.0,-0.01,137.6,33.0,19.6,1803.1,2193.54,10.0,2.0,2.5,NR5G-SA,n79,-100,-100,-11,21,-999,13.9
2026-05-28 10:57:00.058,2026-05-28 11:11:46.369,22.6663392,114.5170630,50.0,10.0,-0.02,137.8,100.0,19.6,1805.1,2198.55,10.0,2.0,2.5,NR5G-SA,n79,-95,-95,-10,20,-999,5.7
2026-05-28 10:57:00.258,2026-05-28 11:11:46.369,22.6663392,114.5170630,50.0,10.0,-0.01,137.8,100.0,18.8,1805.1,2198.55,10.0,2.0,2.5,NR5G-SA,n79,-95,-95,-10,20,-999,13.5
2026-05-28 10:57:00.458,2026-05-28 11:11:46.369,22.6663053,114.5170952,50.0,10.0,-0.01,138.0,100.0,18.8,1807.1,2203.57,10.0,2.0,2.5,NR5G-SA,n79,-95,-95,-10,20,-999,17.2
2026-05-28 10:57:00.659,2026-05-28 11:11:46.969,22.6663053,114.5170952,50.0,9.9,0.01,138.0,100.0,18.8,1807.1,2203.57,10.0,2.0,2.5,NR5G-SA,n79,-95,-95,-10,21,-999,7.8
2026-05-28 10:57:00.859,2026-05-28 11:11:46.969,22.6663053,114.5170952,50.0,9.9,-0.01,138.0,0.0,18.8,1807.1,2203.57,10.0,2.0,2.5,NR5G-SA,n79,-95,-95,-10,21,-999,20.9
2026-05-28 10:57:01.059,2026-05-28 11:11:47.369,22.6662718,114.5171275,50.0,10.0,-0.01,137.9,0.0,18.8,1809.1,2208.56,10.0,2.0,2.5,NR5G-SA,n79,-95,-95,-10,21,-999,8.4
2026-05-28 10:57:01.260,2026-05-28 11:11:47.369,22.6662718,114.5171275,50.0,9.9,0.02,137.9,0.0,19.3,1809.1,2208.56,10.0,2.0,2.5,NR5G-SA,n79,-101,-101,-11,21,-999,16.3
2026-05-28 10:57:01.460,2026-05-28 11:11:47.369,22.6662385,114.5171600,50.0,9.9,0.02,138.0,0.0,19.3,1811.2,2213.55,10.0,2.0,2.5,NR5G-SA,n79,-101,-101,-11,21,-999,15.3
2026-05-28 10:57:01.660,2026-05-28 11:11:47.969,22.6662385,114.5171600,50.0,9.9,0.03,138.0,0.0,19.3,1811.2,2213.55,10.0,2.0,2.5,NR5G-SA,n79,-101,-101,-11,20,-999,8.4
2026-05-28 10:57:01.861,2026-05-28 11:11:47.969,22.6662385,114.5171600,50.0,10.0,-0.00,138.0,69.1,19.3,1811.2,2213.55,10.0,2.0,2.5,NR5G-SA,n79,-101,-101,-11,20,-999,17.9
2026-05-28 10:57:02.061,2026-05-28 11:11:48.369,22.6662048,114.5171923,50.0,10.0,-0.01,138.1,69.1,19.3,1813.2,2218.55,10.0,2.0,2.5,NR5G-SA,n79,-101,-101,-11,20,-999,7.6
2026-05-28 10:57:02.261,2026-05-28 11:11:48.369,22.6662048,114.5171923,50.0,10.0,0.00,138.1,69.1,19.3,1813.2,2218.55,10.0,2.0,2.5,NR5G-SA,n79,-95,-95,-11,19,-999,15.4
2026-05-28 10:57:02.461,2026-05-28 11:11:48.369,22.6661710,114.5172247,50.0,10.0,0.00,138.5,69.1,19.6,1815.3,2223.58,10.0,2.0,2.5,NR5G-SA,n79,-95,-95,-11,19,-999,17.4
2026-05-28 10:57:02.662,2026-05-28 11:11:48.969,22.6661710,114.5172247,50.0,10.0,-0.03,138.5,69.1,19.6,1815.3,2223.58,10.0,2.0,2.5,NR5G-SA,n79,-95,-95,-11,19,-999,7.5
2026-05-28 10:57:02.862,2026-05-28 11:11:48.969,22.6661710,114.5172247,50.0,10.0,0.01,138.5,17.4,19.6,1815.3,2223.58,10.0,2.0,2.5,NR5G-SA,n79,-99,-99,-10,20,-999,20.6
2026-05-28 10:57:03.062,2026-05-28 11:11:49.369,22.6661373,114.5172570,50.0,9.9,-0.01,138.5,17.4,19.6,1817.3,2228.59,10.0,2.0,2.5,NR5G-SA,n79,-99,-99,-10,20,-999,8.5
2026-05-28 10:57:03.262,2026-05-28 11:11:49.369,22.6661373,114.5172570,50.0,10.0,0.02,138.5,17.4,19.6,1817.3,2228.59,10.0,2.0,2.5,NR5G-SA,n79,-99,-99,-10,20,-999,15.8
2026-05-28 10:57:03.463,2026-05-28 11:11:49.369,22.6661037,114.5172895,50.0,10.0,0.02,138.4,17.4,19.7,1819.4,2233.60,10.0,2.0,2.5,NR5G-SA,n79,-100,-100,-10,19,-999,18.4
2026-05-28 10:57:03.663,2026-05-28 11:11:49.969,22.6661037,114.5172895,50.0,10.0,-0.01,138.4,17.4,19.7,1819.4,2233.60,10.0,2.0,2.5,NR5G-SA,n79,-100,-100,-10,19,-999,9.5
2026-05-28 10:57:03.864,2026-05-28 11:11:49.969,22.6661037,114.5172895,50.0,9.9,0.01,138.4,17.4,19.7,1819.4,2233.60,10.0,2.0,2.5,NR5G-SA,n79,-96,-96,-10,20,-999,20.5
2026-05-28 10:57:04.064,2026-05-28 11:11:50.369,22.6660705,114.5173218,50.0,10.0,0.00,138.3,39.5,19.7,1821.5,2238.57,10.0,2.0,2.5,NR5G-SA,n79,-96,-96,-10,20,-999,8.0
2026-05-28 10:57:04.264,2026-05-28 11:11:50.369,22.6660705,114.5173218,50.0,9.9,-0.02,138.3,39.5,19.7,1821.5,2238.57,10.0,2.0,2.5,NR5G-SA,n79,-96,-96,-10,20,-999,15.2
2026-05-28 10:57:04.465,2026-05-28 11:11:50.369,22.6660371,114.5173543,50.0,9.9,-0.02,138.1,39.5,20.5,1823.7,2243.56,10.0,2.0,2.5,NR5G-SA,n79,-96,-96,-10,20,-999,18.0
2026-05-28 10:57:04.665,2026-05-28 11:11:50.969,22.6660371,114.5173543,50.0,10.0,-0.02,138.1,39.5,20.5,1823.7,2243.56,10.0,2.0,2.5,NR5G-SA,n79,-96,-96,-10,20,-999,8.3
2026-05-28 10:57:04.866,2026-05-28 11:11:50.969,22.6660371,114.5173543,50.0,9.9,-0.02,138.1,39.5,20.5,1823.7,2243.56,10.0,2.0,2.5,NR5G-SA,n79,-96,-96,-10,20,-999,16.8
2026-05-28 10:57:05.066,2026-05-28 11:11:51.369,22.6660039,114.5173869,50.0,10.0,-0.08,137.9,0.0,20.5,1825.8,2248.55,10.0,2.0,2.5,NR5G-SA,n79,-94,-94,-10,20,-999,7.3
2026-05-28 10:57:05.266,2026-05-28 11:11:51.369,22.6660039,114.5173869,50.0,9.9,0.01,137.9,0.0,20.5,1825.8,2248.55,10.0,2.0,2.5,NR5G-SA,n79,-94,-94,-10,20,-999,14.5
2026-05-28 10:57:05.466,2026-05-28 11:11:51.369,22.6659707,114.5174193,50.0,9.9,0.01,137.8,0.0,21.7,1828.0,2253.52,10.0,2.0,2.5,NR5G-SA,n79,-94,-94,-10,20,-999,14.6
2026-05-28 10:57:05.667,2026-05-28 11:11:51.969,22.6659707,114.5174193,50.0,9.9,-0.04,137.8,0.0,21.7,1828.0,2253.52,10.0,2.0,2.5,NR5G-SA,n79,-96,-96,-10,20,-999,9.5
2026-05-28 10:57:05.867,2026-05-28 11:11:51.969,22.6659707,114.5174193,50.0,9.9,-0.00,137.8,0.0,21.7,1828.0,2253.52,10.0,2.0,2.5,NR5G-SA,n79,-96,-96,-10,20,-999,19.7
2026-05-28 10:57:06.068,2026-05-28 11:11:52.369,22.6659373,114.5174516,50.0,10.0,0.06,137.7,45.1,21.7,1830.1,2258.51,10.0,2.0,2.5,NR5G-SA,n79,-95,-95,-10,20,-999,7.9
2026-05-28 10:57:06.268,2026-05-28 11:11:52.369,22.6659373,114.5174516,50.0,10.0,0.02,137.7,45.1,21.7,1830.1,2258.51,10.0,2.0,2.5,NR5G-SA,n79,-95,-95,-10,20,-999,18.1
2026-05-28 10:57:06.468,2026-05-28 11:11:52.369,22.6659039,114.5174840,50.0,10.0,0.02,137.7,45.1,21.6,1832.3,2263.50,10.0,2.0,2.5,NR5G-SA,n79,-95,-95,-10,20,-999,16.8
2026-05-28 10:57:06.669,2026-05-28 11:11:52.969,22.6659039,114.5174840,50.0,10.0,0.06,137.7,45.1,21.6,1832.3,2263.50,10.0,2.0,2.5,NR5G-SA,n79,-102,-102,-11,21,-999,9.0
2026-05-28 10:57:06.869,2026-05-28 11:11:52.969,22.6659039,114.5174840,50.0,10.0,-0.00,137.7,45.1,21.6,1832.3,2263.50,10.0,2.0,2.5,NR5G-SA,n79,-102,-102,-11,21,-999,18.5
2026-05-28 10:57:07.069,2026-05-28 11:11:53.569,22.6658684,114.5175182,50.0,10.0,-0.02,137.8,0.0,21.6,1834.6,2268.79,10.0,2.0,2.5,NR5G-SA,n79,-102,-102,-11,21,-999,7.1
2026-05-28 10:57:07.270,2026-05-28 11:11:53.569,22.6658515,114.5175343,50.0,10.0,0.03,137.8,0.0,21.6,1835.7,2271.29,10.0,2.0,2.5,NR5G-SA,n79,-96,-96,-10,21,-999,8.7
2026-05-28 10:57:07.470,2026-05-28 11:11:53.769,22.6658515,114.5175343,50.0,10.0,0.03,137.8,0.0,21.9,1835.7,2271.29,10.0,2.0,2.5,NR5G-SA,n79,-96,-96,-10,21,-999,11.4
2026-05-28 10:57:07.670,2026-05-28 11:11:53.969,22.6658346,114.5175504,50.0,10.0,0.02,137.9,0.0,21.9,1836.8,2273.79,10.0,2.0,2.5,NR5G-SA,n79,-96,-96,-10,21,-999,6.3
2026-05-28 10:57:07.871,2026-05-28 11:11:54.169,22.6658177,114.5175665,50.0,10.0,0.01,137.9,0.0,21.9,1837.8,2276.30,10.0,2.0,2.5,NR5G-SA,n79,-105,-105,-11,21,-999,5.5
2026-05-28 10:57:08.071,2026-05-28 11:11:54.569,22.6658009,114.5175826,50.0,10.0,-0.01,137.8,0.0,21.9,1838.9,2278.80,10.0,2.0,2.5,NR5G-SA,n79,-105,-105,-11,21,-999,5.4
2026-05-28 10:57:08.272,2026-05-28 11:11:54.569,22.6657842,114.5175989,50.0,10.0,-0.03,137.6,0.0,21.9,1840.0,2281.30,10.0,2.0,2.5,NR5G-SA,n79,-105,-105,-11,21,-999,11.0
2026-05-28 10:57:08.472,2026-05-28 11:11:54.769,22.6657842,114.5175989,50.0,10.0,-0.03,137.6,0.0,23.2,1840.0,2281.30,10.0,2.0,2.5,NR5G-SA,n79,-98,-98,-11,23,-999,11.1
2026-05-28 10:57:08.672,2026-05-28 11:11:54.969,22.6657675,114.5176152,50.0,10.0,-0.02,137.5,0.0,23.2,1841.2,2283.80,10.0,2.0,2.5,NR5G-SA,n79,-98,-98,-11,23,-999,6.8
2026-05-28 10:57:08.873,2026-05-28 11:11:55.169,22.6657508,114.5176315,50.0,10.0,-0.03,137.4,0.0,23.2,1842.3,2286.30,10.0,2.0,2.5,NR5G-SA,n79,-100,-100,-11,23,-999,5.2
2026-05-28 10:57:09.073,2026-05-28 11:11:55.569,22.6657342,114.5176478,50.0,9.9,0.01,137.5,19.0,23.2,1843.4,2288.80,10.0,2.0,2.5,NR5G-SA,n79,-100,-100,-11,23,-999,4.9
2026-05-28 10:57:09.274,2026-05-28 11:11:55.569,22.6657174,114.5176640,50.0,10.0,0.00,137.5,19.0,23.2,1844.5,2291.30,10.0,2.0,2.5,NR5G-SA,n79,-100,-100,-11,23,-999,12.1
2026-05-28 10:57:09.474,2026-05-28 11:11:55.769,22.6657174,114.5176640,50.0,10.0,0.00,137.5,19.0,23.4,1844.5,2291.30,10.0,2.0,2.5,NR5G-SA,n79,-102,-102,-11,22,-999,12.5
2026-05-28 10:57:09.674,2026-05-28 11:11:55.969,22.6657005,114.5176802,50.0,10.0,0.01,137.6,19.0,23.4,1845.6,2293.81,10.0,2.0,2.5,NR5G-SA,n79,-102,-102,-11,22,-999,5.0
2026-05-28 10:57:09.875,2026-05-28 11:11:56.169,22.6656838,114.5176963,50.0,10.0,-0.01,137.7,19.0,23.4,1846.7,2296.30,10.0,2.0,2.5,NR5G-SA,n79,-102,-102,-11,22,-999,6.9
2026-05-28 10:57:10.075,2026-05-28 11:11:56.569,22.6656670,114.5177125,50.0,10.0,-0.02,137.6,0.0,23.4,1847.9,2298.80,10.0,2.0,2.5,NR5G-SA,n79,-91,-91,-10,21,-999,5.3
2026-05-28 10:57:10.275,2026-05-28 11:11:56.569,22.6656502,114.5177286,50.0,10.0,0.04,137.7,0.0,23.4,1849.0,2301.30,10.0,2.0,2.5,NR5G-SA,n79,-91,-91,-10,21,-999,8.1
2026-05-28 10:57:10.476,2026-05-28 11:11:56.769,22.6656502,114.5177286,50.0,10.0,0.04,137.7,0.0,23.4,1849.0,2301.30,10.0,2.0,2.5,NR5G-SA,n79,-91,-91,-10,21,-999,11.8
2026-05-28 10:57:10.676,2026-05-28 11:11:56.969,22.6656333,114.5177448,50.0,10.0,0.00,137.7,0.0,23.2,1850.1,2303.81,10.0,2.0,2.5,NR5G-SA,n79,-93,-93,-10,21,-999,5.1
2026-05-28 10:57:10.876,2026-05-28 11:11:57.169,22.6656164,114.5177610,50.0,10.0,-0.03,137.8,0.0,23.2,1851.2,2306.32,10.0,2.0,2.5,NR5G-SA,n79,-93,-93,-10,21,-999,5.5
2026-05-28 10:57:11.077,2026-05-28 11:11:57.569,22.6655996,114.5177772,50.0,10.0,-0.01,137.8,20.3,23.2,1852.3,2308.83,10.0,2.0,2.5,NR5G-SA,n79,-105,-105,-11,19,-999,4.8
2026-05-28 10:57:11.277,2026-05-28 11:11:57.569,22.6655828,114.5177934,50.0,10.0,-0.01,137.8,20.3,23.2,1853.5,2311.33,10.0,2.0,2.5,NR5G-SA,n79,-105,-105,-11,19,-999,6.9
2026-05-28 10:57:11.477,2026-05-28 11:11:57.769,22.6655662,114.5178095,50.0,10.0,-0.01,137.8,20.3,23.2,1854.6,2313.81,10.0,2.0,2.5,NR5G-SA,n79,-105,-105,-11,19,-999,10.4
2026-05-28 10:57:11.678,2026-05-28 11:11:57.969,22.6655662,114.5178095,50.0,10.0,0.02,137.8,20.3,25.1,1854.6,2313.81,10.0,2.0,2.5,NR5G-SA,n79,-98,-98,-11,19,-999,6.6
2026-05-28 10:57:11.878,2026-05-28 11:11:58.169,22.6655495,114.5178256,50.0,10.0,-0.01,137.7,20.3,25.1,1855.7,2316.30,10.0,2.0,2.5,NR5G-SA,n79,-98,-98,-11,19,-999,4.8
2026-05-28 10:57:12.079,2026-05-28 11:11:58.569,22.6655326,114.5178419,50.0,10.0,0.01,137.7,40.3,25.1,1856.9,2318.82,10.0,2.0,2.5,NR5G-SA,n79,-98,-98,-11,19,-999,6.6
2026-05-28 10:57:12.279,2026-05-28 11:11:58.569,22.6655157,114.5178581,50.0,10.0,0.02,137.7,40.3,25.1,1858.0,2321.33,10.0,2.0,2.5,NR5G-SA,n79,-94,-94,-10,12,-999,10.2
2026-05-28 10:57:12.479,2026-05-28 11:11:58.769,22.6654989,114.5178744,50.0,10.1,-0.01,137.8,40.3,25.1,1859.2,2323.84,10.0,2.0,2.5,NR5G-SA,n79,-94,-94,-10,12,-999,10.8
2026-05-28 10:57:12.680,2026-05-28 11:11:58.969,22.6654989,114.5178744,50.0,10.1,-0.01,137.8,40.3,25.5,1859.2,2323.84,10.0,2.0,2.5,NR5G-SA,n79,-94,-94,-10,12,-999,5.0
2026-05-28 10:57:12.880,2026-05-28 11:11:59.169,22.6654821,114.5178906,50.0,10.0,-0.01,137.8,40.3,25.5,1860.3,2326.34,10.0,2.0,2.5,NR5G-SA,n79,-106,-106,-11,11,-999,5.3
2026-05-28 10:57:13.080,2026-05-28 11:11:59.569,22.6654653,114.5179068,50.0,10.0,-0.00,137.9,27.9,25.5,1861.5,2328.84,10.0,2.0,2.5,NR5G-SA,n79,-106,-106,-11,11,-999,7.2
2026-05-28 10:57:13.281,2026-05-28 11:11:59.569,22.6654486,114.5179230,50.0,10.0,-0.03,137.9,27.9,25.5,1862.7,2331.34,10.0,2.0,2.5,NR5G-SA,n79,-95,-95,-11,15,-999,7.1
2026-05-28 10:57:13.481,2026-05-28 11:11:59.769,22.6654318,114.5179393,50.0,10.0,-0.02,138.0,27.9,25.5,1863.8,2333.85,10.0,2.0,2.5,NR5G-SA,n79,-95,-95,-11,15,-999,12.6
2026-05-28 10:57:13.681,2026-05-28 11:11:59.969,22.6654318,114.5179393,50.0,10.0,-0.02,138.0,27.9,24.0,1863.8,2333.85,10.0,2.0,2.5,NR5G-SA,n79,-95,-95,-11,15,-999,6.1
2026-05-28 10:57:13.882,2026-05-28 11:12:00.169,22.6654151,114.5179554,50.0,10.0,-0.00,138.1,27.9,24.0,1865.0,2336.34,10.0,2.0,2.5,NR5G-SA,n79,-98,-98,-10,18,-999,5.5
2026-05-28 10:57:14.082,2026-05-28 11:12:00.569,22.6653985,114.5179716,50.0,10.0,-0.02,138.0,34.5,24.0,1866.1,2338.82,10.0,2.0,2.5,NR5G-SA,n79,-98,-98,-10,18,-999,5.3
2026-05-28 10:57:14.283,2026-05-28 11:12:00.769,22.6653818,114.5179878,50.0,10.0,0.02,137.9,34.5,24.0,1867.3,2341.32,10.0,2.0,2.5,NR5G-SA,n79,-98,-98,-10,18,-999,4.7
2026-05-28 10:57:14.483,2026-05-28 11:12:00.769,22.6653650,114.5180041,50.0,10.0,0.02,137.9,34.5,24.0,1868.5,2343.83,10.0,2.0,2.5,NR5G-SA,n79,-96,-96,-10,20,-999,13.2
2026-05-28 10:57:14.683,2026-05-28 11:12:00.969,22.6653650,114.5180041,50.0,10.0,-0.02,137.9,34.5,22.3,1868.5,2343.83,10.0,2.0,2.5,NR5G-SA,n79,-96,-96,-10,20,-999,5.1
2026-05-28 10:57:14.884,2026-05-28 11:12:01.169,22.6653481,114.5180204,50.0,10.0,0.01,138.0,34.5,22.3,1869.7,2346.35,10.0,2.0,2.5,NR5G-SA,n79,-96,-96,-10,20,-999,5.6
2026-05-28 10:57:15.084,2026-05-28 11:12:01.569,22.6653312,114.5180366,50.0,10.0,-0.00,138.0,52.1,22.3,1870.8,2348.86,10.0,2.0,2.5,NR5G-SA,n79,-106,-106,-11,20,-999,6.7
2026-05-28 10:57:15.285,2026-05-28 11:12:01.769,22.6653143,114.5180527,50.0,10.0,-0.03,138.0,52.1,22.3,1872.0,2351.36,10.0,2.0,2.5,NR5G-SA,n79,-106,-106,-11,20,-999,6.8
2026-05-28 10:57:15.485,2026-05-28 11:12:01.769,22.6652974,114.5180689,50.0,10.0,-0.02,138.0,52.1,22.3,1873.2,2353.88,10.0,2.0,2.5,NR5G-SA,n79,-93,-93,-10,20,-999,10.5
2026-05-28 10:57:15.685,2026-05-28 11:12:01.969,22.6652974,114.5180689,50.0,10.0,-0.02,138.0,52.1,21.1,1873.2,2353.88,10.0,2.0,2.5,NR5G-SA,n79,-93,-93,-10,20,-999,7.1
2026-05-28 10:57:15.886,2026-05-28 11:12:02.169,22.6652807,114.5180850,50.0,10.0,-0.01,137.9,52.1,21.1,1874.4,2356.36,10.0,2.0,2.5,NR5G-SA,n79,-93,-93,-10,20,-999,5.4
2026-05-28 10:57:16.086,2026-05-28 11:12:02.569,22.6652640,114.5181011,50.0,10.0,0.01,138.1,43.7,21.1,1875.5,2358.85,10.0,2.0,2.5,NR5G-SA,n79,-106,-106,-11,21,-999,4.4
2026-05-28 10:57:16.286,2026-05-28 11:12:02.769,22.6652472,114.5181173,50.0,10.0,0.01,138.3,43.7,21.1,1876.7,2361.36,10.0,2.0,2.5,NR5G-SA,n79,-106,-106,-11,21,-999,4.9
2026-05-28 10:57:16.487,2026-05-28 11:12:02.769,22.6652305,114.5181335,50.0,10.0,0.01,138.3,43.7,21.1,1877.9,2363.85,10.0,2.0,2.5,NR5G-SA,n79,-106,-106,-11,21,-999,8.3
2026-05-28 10:57:16.687,2026-05-28 11:12:02.969,22.6652305,114.5181335,50.0,10.0,0.01,138.3,43.7,19.0,1877.9,2363.85,10.0,2.0,2.5,NR5G-SA,n79,-98,-98,-10,19,-999,7.5
2026-05-28 10:57:16.887,2026-05-28 11:12:03.169,22.6652137,114.5181498,50.0,10.0,-0.04,138.2,43.7,19.0,1879.1,2366.36,10.0,2.0,2.5,NR5G-SA,n79,-98,-98,-10,19,-999,6.1
2026-05-28 10:57:17.088,2026-05-28 11:12:03.569,22.6651970,114.5181660,50.0,10.0,-0.03,138.1,57.3,19.0,1880.3,2368.86,10.0,2.0,2.5,NR5G-SA,n79,-98,-98,-10,19,-999,5.7
2026-05-28 10:57:17.288,2026-05-28 11:12:03.769,22.6651803,114.5181823,50.0,10.0,-0.05,138.0,57.3,19.0,1881.5,2371.36,10.0,2.0,2.5,NR5G-SA,n79,-91,-91,-10,19,-999,5.7
2026-05-28 10:57:17.488,2026-05-28 11:12:03.769,22.6651635,114.5181985,50.0,9.9,0.01,137.9,57.3,19.0,1882.7,2373.86,10.0,2.0,2.5,NR5G-SA,n79,-91,-91,-10,19,-999,9.0
2026-05-28 10:57:17.689,2026-05-28 11:12:03.969,22.6651635,114.5181985,50.0,9.9,0.01,137.9,57.3,17.6,1882.7,2373.86,10.0,2.0,2.5,NR5G-SA,n79,-100,-100,-10,21,-999,5.5
2026-05-28 10:57:17.889,2026-05-28 11:12:04.169,22.6651469,114.5182148,50.0,10.0,-0.05,137.8,57.3,17.6,1883.9,2376.36,10.0,2.0,2.5,NR5G-SA,n79,-100,-100,-10,21,-999,6.9
2026-05-28 10:57:18.089,2026-05-28 11:12:04.569,22.6651304,114.5182309,50.0,10.0,-0.02,137.9,0.0,17.6,1885.1,2378.83,10.0,2.0,2.5,NR5G-SA,n79,-100,-100,-10,21,-999,4.2
2026-05-28 10:57:18.290,2026-05-28 11:12:04.769,22.6651137,114.5182471,50.0,10.0,-0.02,137.7,0.0,17.6,1886.4,2381.32,10.0,2.0,2.5,NR5G-SA,n79,-98,-98,-11,15,-999,5.0
2026-05-28 10:57:18.490,2026-05-28 11:12:04.769,22.6650968,114.5182633,50.0,10.0,0.03,137.7,0.0,17.6,1887.6,2383.83,10.0,2.0,2.5,NR5G-SA,n79,-98,-98,-11,15,-999,7.5
2026-05-28 10:57:18.690,2026-05-28 11:12:04.969,22.6650968,114.5182633,50.0,10.0,0.03,137.7,0.0,16.5,1887.6,2383.83,10.0,2.0,2.5,NR5G-SA,n79,-98,-98,-11,15,-999,5.0
2026-05-28 10:57:18.891,2026-05-28 11:12:05.169,22.6650799,114.5182795,50.0,10.0,0.07,137.7,0.0,16.5,1888.8,2386.35,10.0,2.0,2.5,NR5G-SA,n79,-101,-101,-11,14,-999,4.7
2026-05-28 10:57:19.091,2026-05-28 11:12:05.569,22.6650630,114.5182958,50.0,10.0,-0.02,137.7,0.0,16.5,1890.0,2388.86,10.0,2.0,2.5,NR5G-SA,n79,-101,-101,-11,14,-999,5.1
2026-05-28 10:57:19.291,2026-05-28 11:12:05.569,22.6650462,114.5183120,50.0,10.0,-0.06,137.6,0.0,16.5,1891.2,2391.37,10.0,2.0,2.5,NR5G-SA,n79,-101,-101,-11,14,-999,8.1
2026-05-28 10:57:19.492,2026-05-28 11:12:05.769,22.6650294,114.5183283,50.0,10.0,-0.04,137.6,0.0,16.5,1892.4,2393.88,10.0,2.0,2.5,NR5G-SA,n79,-106,-106,-11,16,-999,8.0
2026-05-28 10:57:19.692,2026-05-28 11:12:05.969,22.6650294,114.5183283,50.0,10.0,-0.04,137.6,0.0,16.6,1892.4,2393.88,10.0,2.0,2.5,NR5G-SA,n79,-106,-106,-11,16,-999,7.8
2026-05-28 10:57:19.892,2026-05-28 11:12:06.169,22.6650127,114.5183446,50.0,10.0,0.02,137.6,0.0,16.6,1893.7,2396.38,10.0,2.0,2.5,NR5G-SA,n79,-106,-106,-11,16,-999,5.4
2026-05-28 10:57:20.093,2026-05-28 11:12:06.569,22.6649960,114.5183608,50.0,10.0,-0.03,137.5,0.0,16.6,1894.9,2398.87,10.0,2.0,2.5,NR5G-SA,n79,-93,-93,-10,12,-999,5.0
2026-05-28 10:57:20.293,2026-05-28 11:12:06.769,22.6649793,114.5183771,50.0,9.9,0.00,137.5,0.0,16.6,1896.1,2401.38,10.0,2.0,2.5,NR5G-SA,n79,-93,-93,-10,12,-999,6.3
2026-05-28 10:57:20.493,2026-05-28 11:12:06.769,22.6649625,114.5183932,50.0,10.0,-0.01,137.6,0.0,16.6,1897.4,2403.87,10.0,2.0,2.5,NR5G-SA,n79,-94,-94,-10,9,-999,8.0
2026-05-28 10:57:20.694,2026-05-28 11:12:06.969,22.6649625,114.5183932,50.0,10.0,-0.01,137.6,0.0,16.6,1897.4,2403.87,10.0,2.0,2.5,NR5G-SA,n79,-94,-94,-10,9,-999,4.1
2026-05-28 10:57:20.894,2026-05-28 11:12:07.169,22.6649456,114.5184094,50.0,10.0,0.01,137.7,0.0,16.6,1898.6,2406.38,10.0,2.0,2.5,NR5G-SA,n79,-94,-94,-10,9,-999,5.2
2026-05-28 10:57:21.094,2026-05-28 11:12:07.569,22.6649288,114.5184257,50.0,10.0,-0.03,137.7,0.0,16.6,1899.8,2408.89,10.0,2.0,2.5,NR5G-SA,n79,-100,-100,-11,10,-999,4.9
2026-05-28 10:57:21.295,2026-05-28 11:12:07.769,22.6649119,114.5184419,50.0,10.0,-0.01,137.7,0.0,16.6,1901.1,2411.41,10.0,2.0,2.5,NR5G-SA,n79,-100,-100,-11,10,-999,6.0
2026-05-28 10:57:21.495,2026-05-28 11:12:07.769,22.6648950,114.5184581,50.0,10.0,-0.04,137.7,0.0,16.6,1902.3,2413.92,10.0,2.0,2.5,NR5G-SA,n79,-100,-100,-11,10,-999,8.0
2026-05-28 10:57:21.695,2026-05-28 11:12:07.969,22.6648950,114.5184581,50.0,10.0,-0.04,137.7,0.0,16.6,1902.3,2413.92,10.0,2.0,2.5,NR5G-SA,n79,-97,-97,-11,11,-999,4.2
2026-05-28 10:57:21.896,2026-05-28 11:12:08.169,22.6648781,114.5184742,50.0,9.9,0.02,137.8,0.0,17.3,1903.5,2416.42,10.0,2.0,2.5,NR5G-SA,n79,-97,-97,-11,11,-999,7.8
2026-05-28 10:57:22.096,2026-05-28 11:12:08.569,22.6648614,114.5184903,50.0,9.9,-0.01,137.8,0.8,17.3,1904.8,2418.91,10.0,2.0,2.5,NR5G-SA,n79,-97,-97,-11,11,-999,5.2
2026-05-28 10:57:22.296,2026-05-28 11:12:08.769,22.6648446,114.5185065,50.0,9.9,-0.04,137.8,0.8,17.3,1906.0,2421.41,10.0,2.0,2.5,NR5G-SA,n79,-98,-98,-11,12,-999,5.8
2026-05-28 10:57:22.497,2026-05-28 11:12:08.769,22.6648280,114.5185225,50.0,10.0,-0.07,138.0,0.8,17.3,1907.3,2423.89,10.0,2.0,2.5,NR5G-SA,n79,-98,-98,-11,12,-999,8.4
2026-05-28 10:57:22.697,2026-05-28 11:12:08.969,22.6648280,114.5185225,50.0,10.0,-0.07,138.0,0.8,17.3,1907.3,2423.89,10.0,2.0,2.5,NR5G-SA,n79,-94,-94,-10,12,-999,5.6
2026-05-28 10:57:22.897,2026-05-28 11:12:09.169,22.6648112,114.5185387,50.0,10.0,-0.06,137.9,0.8,19.3,1908.5,2426.39,10.0,2.0,2.5,NR5G-SA,n79,-94,-94,-10,12,-999,10.6
2026-05-28 10:57:23.098,2026-05-28 11:12:09.569,22.6647943,114.5185548,50.0,10.0,-0.05,137.9,0.0,19.3,1909.8,2428.90,10.0,2.0,2.5,NR5G-SA,n79,-94,-94,-10,12,-999,4.9
2026-05-28 10:57:23.298,2026-05-28 11:12:09.769,22.6647774,114.5185709,50.0,10.0,-0.04,138.0,0.0,19.3,1911.0,2431.40,10.0,2.0,2.5,NR5G-SA,n79,-100,-100,-11,11,-999,5.6
2026-05-28 10:57:23.499,2026-05-28 11:12:09.769,22.6647605,114.5185871,50.0,10.0,-0.04,138.0,0.0,19.3,1912.3,2433.91,10.0,2.0,2.5,NR5G-SA,n79,-100,-100,-11,11,-999,10.8
2026-05-28 10:57:23.699,2026-05-28 11:12:09.969,22.6647605,114.5185871,50.0,10.0,-0.04,138.0,0.0,19.3,1912.3,2433.91,10.0,2.0,2.5,NR5G-SA,n79,-100,-100,-11,11,-999,6.4
2026-05-28 10:57:23.900,2026-05-28 11:12:10.169,22.6647437,114.5186033,50.0,10.0,-0.04,138.0,0.0,27.6,1913.5,2436.42,10.0,2.0,2.5,NR5G-SA,n79,-94,-94,-11,10,-999,6.4
2026-05-28 10:57:24.100,2026-05-28 11:12:10.569,22.6647270,114.5186195,50.0,10.0,-0.04,137.9,0.0,27.6,1914.8,2438.91,10.0,2.0,2.5,NR5G-SA,n79,-94,-94,-11,10,-999,6.8
2026-05-28 10:57:24.300,2026-05-28 11:12:10.769,22.6647103,114.5186357,50.0,9.9,-0.08,137.9,0.0,27.6,1916.1,2441.41,10.0,2.0,2.5,NR5G-SA,n79,-94,-94,-11,10,-999,5.6
2026-05-28 10:57:24.501,2026-05-28 11:12:10.769,22.6646935,114.5186518,50.0,10.0,-0.09,137.8,0.0,27.6,1917.3,2443.90,10.0,2.0,2.5,NR5G-SA,n79,-104,-104,-11,10,-999,11.2
2026-05-28 10:57:24.701,2026-05-28 11:12:10.969,22.6646935,114.5186518,50.0,10.0,-0.09,137.8,0.0,27.6,1917.3,2443.90,10.0,2.0,2.5,NR5G-SA,n79,-104,-104,-11,10,-999,11.3
2026-05-28 10:57:24.901,2026-05-28 11:12:11.169,22.6646768,114.5186681,50.0,10.0,-0.10,137.7,0.0,29.4,1918.6,2446.40,10.0,2.0,2.5,NR5G-SA,n79,-97,-97,-11,11,-999,5.3
2026-05-28 10:57:25.102,2026-05-28 11:12:11.569,22.6646599,114.5186844,50.0,10.0,-0.09,137.6,61.1,29.4,1919.9,2448.92,10.0,2.0,2.5,NR5G-SA,n79,-97,-97,-11,11,-999,5.2
2026-05-28 10:57:25.302,2026-05-28 11:12:11.769,22.6646432,114.5187006,50.0,10.0,0.02,137.8,61.1,29.4,1921.2,2451.42,10.0,2.0,2.5,NR5G-SA,n79,-97,-97,-11,11,-999,6.1
2026-05-28 10:57:25.503,2026-05-28 11:12:11.769,22.6646265,114.5187169,50.1,10.0,0.03,138.0,61.1,29.4,1922.4,2453.92,10.0,2.0,2.5,NR5G-SA,n79,-99,-99,-11,11,-999,10.2
2026-05-28 10:57:25.703,2026-05-28 11:12:11.969,22.6646265,114.5187169,50.1,10.0,0.03,138.0,61.1,29.4,1922.4,2453.92,10.0,2.0,2.5,NR5G-SA,n79,-99,-99,-11,11,-999,9.9
2026-05-28 10:57:25.903,2026-05-28 11:12:12.169,22.6646097,114.5187331,50.1,10.0,0.00,138.2,61.1,31.2,1923.7,2456.42,10.0,2.0,2.5,NR5G-SA,n79,-99,-99,-11,11,-999,8.4
2026-05-28 10:57:26.104,2026-05-28 11:12:12.569,22.6645929,114.5187491,50.1,10.0,-0.03,138.2,22.6,31.2,1925.0,2458.91,10.0,2.0,2.5,NR5G-SA,n79,-102,-102,-11,12,-999,5.6
2026-05-28 10:57:26.304,2026-05-28 11:12:12.769,22.6645761,114.5187653,50.1,10.0,-0.06,138.2,22.6,31.2,1926.3,2461.42,10.0,2.0,2.5,NR5G-SA,n79,-102,-102,-11,12,-999,6.1
2026-05-28 10:57:26.504,2026-05-28 11:12:12.769,22.6645592,114.5187815,50.1,10.0,-0.04,138.3,22.6,31.2,1927.6,2463.93,10.0,2.0,2.5,NR5G-SA,n79,-102,-102,-11,12,-999,14.2
2026-05-28 10:57:26.705,2026-05-28 11:12:12.969,22.6645592,114.5187815,50.1,10.0,-0.04,138.3,22.6,31.2,1927.6,2463.93,10.0,2.0,2.5,NR5G-SA,n79,-96,-96,-10,14,-999,11.5
2026-05-28 10:57:26.905,2026-05-28 11:12:13.169,22.6645423,114.5187976,50.1,10.0,-0.03,138.4,22.6,31.2,1928.8,2466.43,10.0,2.0,2.5,NR5G-SA,n79,-96,-96,-10,14,-999,5.3
2026-05-28 10:57:27.105,2026-05-28 11:12:13.569,22.6645255,114.5188138,50.0,10.0,-0.07,138.4,39.1,32.0,1930.1,2468.94,10.0,2.0,2.5,NR5G-SA,n79,-95,-95,-11,13,-999,8.2
2026-05-28 10:57:27.305,2026-05-28 11:12:13.769,22.6645086,114.5188301,50.0,10.0,-0.06,138.5,39.1,32.0,1931.4,2471.45,10.0,2.0,2.5,NR5G-SA,n79,-95,-95,-11,13,-999,6.4
2026-05-28 10:57:27.506,2026-05-28 11:12:13.769,22.6644919,114.5188463,50.0,10.0,-0.07,138.5,39.1,32.0,1932.7,2473.95,10.0,2.0,2.5,NR5G-SA,n79,-95,-95,-11,13,-999,11.8
2026-05-28 10:57:27.706,2026-05-28 11:12:13.969,22.6644919,114.5188463,50.0,10.0,-0.07,138.5,39.1,32.0,1932.7,2473.95,10.0,2.0,2.5,NR5G-SA,n79,-95,-95,-11,13,-999,10.9
2026-05-28 10:57:27.907,2026-05-28 11:12:14.169,22.6644752,114.5188625,50.0,10.0,-0.04,138.4,39.1,32.0,1934.0,2476.44,10.0,2.0,2.5,NR5G-SA,n79,-95,-95,-11,13,-999,7.7
2026-05-28 10:57:28.107,2026-05-28 11:12:14.569,22.6644584,114.5188787,50.0,10.0,-0.05,138.3,29.3,31.0,1935.3,2478.95,10.0,2.0,2.5,NR5G-SA,n79,-95,-95,-11,13,-999,6.3
2026-05-28 10:57:28.307,2026-05-28 11:12:14.769,22.6644418,114.5188949,50.0,10.0,-0.02,138.3,29.3,31.0,1936.7,2481.43,10.0,2.0,2.5,NR5G-SA,n79,-97,-97,-11,12,-999,6.8
2026-05-28 10:57:28.508,2026-05-28 11:12:14.769,22.6644251,114.5189112,50.0,10.0,0.02,138.2,29.3,31.0,1938.0,2483.94,10.0,2.0,2.5,NR5G-SA,n79,-97,-97,-11,12,-999,10.6
2026-05-28 10:57:28.708,2026-05-28 11:12:14.969,22.6644251,114.5189112,50.0,10.0,0.02,138.2,29.3,31.0,1938.0,2483.94,10.0,2.0,2.5,NR5G-SA,n79,-97,-97,-11,12,-999,11.8
2026-05-28 10:57:28.908,2026-05-28 11:12:15.169,22.6644084,114.5189275,50.0,10.0,0.09,138.2,29.3,31.0,1939.3,2486.44,10.0,2.0,2.5,NR5G-SA,n79,-93,-93,-11,13,-999,7.9
2026-05-28 10:57:29.109,2026-05-28 11:12:15.569,22.6643917,114.5189439,50.0,10.0,0.05,138.2,32.7,25.1,1940.6,2488.95,10.0,2.0,2.5,NR5G-SA,n79,-93,-93,-11,13,-999,6.1
2026-05-28 10:57:29.309,2026-05-28 11:12:15.769,22.6643749,114.5189602,50.0,10.0,0.04,138.1,32.7,25.1,1942.0,2491.46,10.0,2.0,2.5,NR5G-SA,n79,-98,-98,-10,16,-999,6.3
2026-05-28 10:57:29.509,2026-05-28 11:12:15.769,22.6643582,114.5189765,50.0,10.0,0.03,138.2,32.7,25.1,1943.3,2493.96,10.0,2.0,2.5,NR5G-SA,n79,-98,-98,-10,16,-999,9.4
2026-05-28 10:57:29.710,2026-05-28 11:12:15.969,22.6643582,114.5189765,50.0,10.0,0.03,138.2,32.7,25.1,1943.3,2493.96,10.0,2.0,2.5,NR5G-SA,n79,-98,-98,-10,16,-999,8.8
2026-05-28 10:57:29.911,2026-05-28 11:12:16.169,22.6643415,114.5189927,50.0,10.0,0.02,138.3,32.7,25.1,1944.6,2496.45,10.0,2.0,2.5,NR5G-SA,n79,-96,-96,-10,18,-999,9.6
2026-05-28 10:57:30.111,2026-05-28 11:12:16.569,22.6643247,114.5190089,50.0,10.0,0.05,138.4,0.0,23.8,1945.9,2498.96,10.0,2.0,2.5,NR5G-SA,n79,-96,-96,-10,18,-999,7.0
2026-05-28 10:57:30.311,2026-05-28 11:12:16.769,22.6643079,114.5190249,50.0,10.0,0.03,138.4,0.0,23.8,1947.2,2501.45,10.0,2.0,2.5,NR5G-SA,n79,-96,-96,-10,18,-999,6.2
2026-05-28 10:57:30.512,2026-05-28 11:12:16.769,22.6642910,114.5190411,50.0,10.0,0.03,138.4,0.0,23.8,1948.6,2503.96,10.0,2.0,2.5,NR5G-SA,n79,-94,-94,-11,18,-999,8.7
2026-05-28 10:57:30.712,2026-05-28 11:12:16.969,22.6642910,114.5190411,50.0,10.0,0.03,138.4,0.0,23.8,1948.6,2503.96,10.0,2.0,2.5,NR5G-SA,n79,-94,-94,-11,18,-999,15.6
2026-05-28 10:57:30.913,2026-05-28 11:12:17.169,22.6642743,114.5190573,50.0,10.0,0.03,138.3,0.0,23.8,1949.9,2506.45,10.0,2.0,2.5,NR5G-SA,n79,-94,-94,-11,18,-999,6.2
2026-05-28 10:57:31.113,2026-05-28 11:12:17.569,22.6642575,114.5190735,50.0,10.0,0.02,138.3,43.1,23.2,1951.2,2508.96,10.0,2.0,2.5,NR5G-SA,n79,-94,-94,-11,18,-999,6.1
2026-05-28 10:57:31.313,2026-05-28 11:12:17.769,22.6642407,114.5190898,50.0,10.0,0.03,138.4,43.1,23.2,1952.6,2511.47,10.0,2.0,2.5,NR5G-SA,n79,-94,-94,-11,18,-999,5.8
2026-05-28 10:57:31.514,2026-05-28 11:12:17.769,22.6642238,114.5191059,50.0,10.0,-0.00,138.5,43.1,23.2,1953.9,2513.97,10.0,2.0,2.5,NR5G-SA,n79,-99,-99,-11,19,-999,7.9
2026-05-28 10:57:31.714,2026-05-28 11:12:17.969,22.6642238,114.5191059,50.0,10.0,-0.00,138.5,43.1,23.2,1953.9,2513.97,10.0,2.0,2.5,NR5G-SA,n79,-99,-99,-11,19,-999,10.2
2026-05-28 10:57:31.914,2026-05-28 11:12:18.169,22.6642070,114.5191220,50.0,10.0,0.03,138.6,43.1,23.2,1955.2,2516.47,10.0,2.0,2.5,NR5G-SA,n79,-99,-99,-11,19,-999,7.7
2026-05-28 10:57:32.115,2026-05-28 11:12:18.569,22.6641903,114.5191381,50.0,10.0,0.06,138.7,39.9,21.9,1956.5,2518.96,10.0,2.0,2.5,NR5G-SA,n79,-99,-99,-11,19,-999,6.4
2026-05-28 10:57:32.315,2026-05-28 11:12:18.769,22.6641736,114.5191541,50.0,9.9,0.04,138.7,39.9,21.9,1957.9,2521.44,10.0,2.0,2.5,NR5G-SA,n79,-99,-99,-11,19,-999,7.4
2026-05-28 10:57:32.515,2026-05-28 11:12:18.769,22.6641568,114.5191702,50.0,10.0,-0.02,138.7,39.9,21.9,1959.2,2523.94,10.0,2.0,2.5,NR5G-SA,n79,-99,-99,-11,19,-999,7.4
2026-05-28 10:57:32.716,2026-05-28 11:12:18.969,22.6641568,114.5191702,50.0,10.0,-0.02,138.7,39.9,21.9,1959.2,2523.94,10.0,2.0,2.5,NR5G-SA,n79,-94,-94,-11,19,-999,10.2
2026-05-28 10:57:32.916,2026-05-28 11:12:19.169,22.6641401,114.5191863,50.0,9.9,0.01,138.7,39.9,21.9,1960.5,2526.42,10.0,2.0,2.5,NR5G-SA,n79,-94,-94,-11,19,-999,11.4
2026-05-28 10:57:33.117,2026-05-28 11:12:19.569,22.6641232,114.5192023,50.0,10.0,0.03,138.6,18.8,21.8,1961.9,2528.92,10.0,2.0,2.5,NR5G-SA,n79,-94,-94,-11,19,-999,6.5
2026-05-28 10:57:33.317,2026-05-28 11:12:19.569,22.6641232,114.5192023,50.0,10.0,0.03,138.6,18.8,21.8,1961.9,2528.92,10.0,2.0,2.5,NR5G-SA,n79,-94,-94,-11,19,-999,19.1
2026-05-28 10:57:33.517,2026-05-28 11:12:19.569,22.6641232,114.5192023,50.0,10.0,0.00,138.6,18.8,21.8,1961.9,2528.92,10.0,2.0,2.5,NR5G-SA,n79,-94,-94,-11,19,-999,20.0
2026-05-28 10:57:33.718,2026-05-28 11:12:20.169,22.6640828,114.5192414,49.9,10.0,0.03,138.2,18.8,21.8,1965.1,2534.95,10.0,2.0,2.5,NR5G-SA,n79,-104,-104,-11,19,-999,9.9
2026-05-28 10:57:33.918,2026-05-28 11:12:20.169,22.6640828,114.5192414,49.9,10.0,0.03,138.2,18.8,21.8,1965.1,2534.95,10.0,2.0,2.5,NR5G-SA,n79,-104,-104,-11,19,-999,14.8
2026-05-28 10:57:34.118,2026-05-28 11:12:20.169,22.6640492,114.5192739,49.9,10.0,0.05,138.3,0.0,22.1,1967.9,2539.97,10.0,2.0,2.5,NR5G-SA,n79,-104,-104,-11,19,-999,13.5
2026-05-28 10:57:34.319,2026-05-28 11:12:20.569,22.6640492,114.5192739,49.9,9.9,0.04,138.3,0.0,22.1,1967.9,2539.97,10.0,2.0,2.5,NR5G-SA,n79,-96,-96,-11,19,-999,14.3
2026-05-28 10:57:34.519,2026-05-28 11:12:20.569,22.6640492,114.5192739,49.9,10.0,0.08,138.3,0.0,22.1,1967.9,2539.97,10.0,2.0,2.5,NR5G-SA,n79,-96,-96,-11,19,-999,17.4
2026-05-28 10:57:34.719,2026-05-28 11:12:21.169,22.6640157,114.5193066,49.9,10.0,0.07,138.4,0.0,22.1,1970.6,2544.98,10.0,2.0,2.5,NR5G-SA,n79,-96,-96,-11,19,-999,8.3
2026-05-28 10:57:34.920,2026-05-28 11:12:21.169,22.6640157,114.5193066,49.9,10.0,0.07,138.4,0.0,22.1,1970.6,2544.98,10.0,2.0,2.5,NR5G-SA,n79,-92,-92,-10,20,-999,13.7
2026-05-28 10:57:35.120,2026-05-28 11:12:21.569,22.6639823,114.5193389,49.9,10.0,0.12,138.3,0.0,22.1,1973.3,2549.97,10.0,2.0,2.5,NR5G-SA,n79,-92,-92,-10,20,-999,10.9
2026-05-28 10:57:35.320,2026-05-28 11:12:21.569,22.6639823,114.5193389,49.9,10.0,0.07,138.3,0.0,23.6,1973.3,2549.97,10.0,2.0,2.5,NR5G-SA,n79,-92,-92,-10,20,-999,15.5
2026-05-28 10:57:35.521,2026-05-28 11:12:21.569,22.6639823,114.5193389,49.9,10.0,0.09,138.3,0.0,23.6,1973.3,2549.97,10.0,2.0,2.5,NR5G-SA,n79,-93,-93,-11,20,-999,18.2
2026-05-28 10:57:35.721,2026-05-28 11:12:22.169,22.6639487,114.5193714,49.9,10.0,0.09,138.0,0.0,23.6,1976.1,2554.98,10.0,2.0,2.5,NR5G-SA,n79,-93,-93,-11,20,-999,6.9
2026-05-28 10:57:35.921,2026-05-28 11:12:22.169,22.6639487,114.5193714,49.9,10.0,0.09,138.0,0.0,23.6,1976.1,2554.98,10.0,2.0,2.5,NR5G-SA,n79,-95,-95,-11,19,-999,18.5
2026-05-28 10:57:36.122,2026-05-28 11:12:22.569,22.6639151,114.5194040,49.9,10.0,0.05,137.8,17.9,23.6,1978.9,2560.00,10.0,2.0,2.5,NR5G-SA,n79,-95,-95,-11,19,-999,9.6
2026-05-28 10:57:36.322,2026-05-28 11:12:22.569,22.6639151,114.5194040,49.9,10.0,0.10,137.8,17.9,22.3,1978.9,2560.00,10.0,2.0,2.5,NR5G-SA,n79,-95,-95,-11,19,-999,15.2
2026-05-28 10:57:36.522,2026-05-28 11:12:22.569,22.6639151,114.5194040,49.9,10.0,0.09,137.8,17.9,22.3,1978.9,2560.00,10.0,2.0,2.5,NR5G-SA,n79,-101,-101,-11,20,-999,18.1
2026-05-28 10:57:36.723,2026-05-28 11:12:23.169,22.6638817,114.5194366,49.9,10.0,0.08,137.8,17.9,22.3,1981.7,2565.01,10.0,2.0,2.5,NR5G-SA,n79,-101,-101,-11,20,-999,9.0
2026-05-28 10:57:36.923,2026-05-28 11:12:23.169,22.6638817,114.5194366,49.9,10.0,0.08,137.8,17.9,22.3,1981.7,2565.01,10.0,2.0,2.5,NR5G-SA,n79,-101,-101,-11,20,-999,18.8
2026-05-28 10:57:37.123,2026-05-28 11:12:23.569,22.6638549,114.5194625,49.9,10.0,0.10,137.9,17.9,22.3,1983.9,2569.00,10.0,2.0,2.5,NR5G-SA,n79,-97,-97,-11,20,-999,9.3
2026-05-28 10:57:37.324,2026-05-28 11:12:23.769,22.6638382,114.5194786,50.0,10.0,0.09,138.0,50.3,22.1,1985.3,2571.49,10.0,2.0,2.5,NR5G-SA,n79,-97,-97,-11,20,-999,7.9
2026-05-28 10:57:37.524,2026-05-28 11:12:23.769,22.6638213,114.5194948,50.0,10.0,0.04,138.1,50.3,22.1,1986.6,2574.00,10.0,2.0,2.5,NR5G-SA,n79,-97,-97,-11,20,-999,7.9
2026-05-28 10:57:37.724,2026-05-28 11:12:23.969,22.6638213,114.5194948,50.0,10.0,0.04,138.1,50.3,22.1,1986.6,2574.00,10.0,2.0,2.5,NR5G-SA,n79,-94,-94,-11,20,-999,13.7
2026-05-28 10:57:37.925,2026-05-28 11:12:24.169,22.6638045,114.5195110,50.0,10.0,0.03,138.1,50.3,22.1,1988.0,2576.51,10.0,2.0,2.5,NR5G-SA,n79,-94,-94,-11,20,-999,12.5
2026-05-28 10:57:38.125,2026-05-28 11:12:24.569,22.6637876,114.5195272,50.0,10.0,0.04,138.1,50.3,22.1,1989.4,2579.02,10.0,2.0,2.5,NR5G-SA,n79,-94,-94,-11,20,-999,8.1
2026-05-28 10:57:38.326,2026-05-28 11:12:24.769,22.6637708,114.5195434,50.0,10.0,0.03,138.2,40.3,21.6,1990.8,2581.52,10.0,2.0,2.5,NR5G-SA,n79,-96,-96,-11,19,-999,7.3
2026-05-28 10:57:38.526,2026-05-28 11:12:24.769,22.6637540,114.5195597,50.0,10.0,0.06,138.2,40.3,21.6,1992.2,2584.03,10.0,2.0,2.5,NR5G-SA,n79,-96,-96,-11,19,-999,8.0
2026-05-28 10:57:38.726,2026-05-28 11:12:24.969,22.6637540,114.5195597,50.0,10.0,0.06,138.2,40.3,21.6,1992.2,2584.03,10.0,2.0,2.5,NR5G-SA,n79,-105,-105,-11,19,-999,14.9
2026-05-28 10:57:38.927,2026-05-28 11:12:25.169,22.6637373,114.5195759,50.0,10.0,0.02,138.3,40.3,21.6,1993.6,2586.53,10.0,2.0,2.5,NR5G-SA,n79,-105,-105,-11,19,-999,12.3
2026-05-28 10:57:39.127,2026-05-28 11:12:25.569,22.6637206,114.5195921,50.0,9.9,0.09,138.3,40.3,21.6,1995.0,2589.02,10.0,2.0,2.5,NR5G-SA,n79,-105,-105,-11,19,-999,7.6
2026-05-28 10:57:39.327,2026-05-28 11:12:25.769,22.6637038,114.5196082,50.0,10.0,0.02,138.2,20.3,19.8,1996.4,2591.52,10.0,2.0,2.5,NR5G-SA,n79,-101,-101,-11,20,-999,6.7
2026-05-28 10:57:39.528,2026-05-28 11:12:25.969,22.6636871,114.5196244,50.0,10.0,0.02,138.3,20.3,19.8,1997.8,2594.01,10.0,2.0,2.5,NR5G-SA,n79,-101,-101,-11,20,-999,6.4
2026-05-28 10:57:39.728,2026-05-28 11:12:25.969,22.6636871,114.5196244,50.0,10.0,0.02,138.3,20.3,19.8,1997.8,2594.01,10.0,2.0,2.5,NR5G-SA,n79,-101,-101,-11,20,-999,11.8
2026-05-28 10:57:39.928,2026-05-28 11:12:26.169,22.6636703,114.5196407,50.0,9.9,0.06,138.2,20.3,19.8,1999.3,2596.52,10.0,2.0,2.5,NR5G-SA,n79,-101,-101,-11,20,-999,8.7
2026-05-28 10:57:40.129,2026-05-28 11:12:26.569,22.6636536,114.5196570,50.0,10.0,0.00,138.2,20.3,19.8,2000.7,2599.02,10.0,2.0,2.5,NR5G-SA,n79,-101,-101,-11,20,-999,5.2
2026-05-28 10:57:40.329,2026-05-28 11:12:26.769,22.6636369,114.5196732,50.0,10.0,0.01,138.2,0.0,18.6,2002.1,2601.52,10.0,2.0,2.5,NR5G-SA,n79,-101,-101,-11,20,-999,6.6
2026-05-28 10:57:40.529,2026-05-28 11:12:26.769,22.6636201,114.5196894,50.0,10.0,0.02,138.1,0.0,18.6,2003.5,2604.02,10.0,2.0,2.5,NR5G-SA,n79,-94,-94,-10,19,-999,9.0
2026-05-28 10:57:40.730,2026-05-28 11:12:26.969,22.6636201,114.5196894,50.0,10.0,0.02,138.1,0.0,18.6,2003.5,2604.02,10.0,2.0,2.5,NR5G-SA,n79,-94,-94,-10,19,-999,12.6
2026-05-28 10:57:40.930,2026-05-28 11:12:27.169,22.6636034,114.5197056,50.0,9.9,0.04,138.1,0.0,18.6,2004.9,2606.52,10.0,2.0,2.5,NR5G-SA,n79,-94,-94,-11,19,-999,10.0
2026-05-28 10:57:41.130,2026-05-28 11:12:27.569,22.6635868,114.5197217,50.0,9.9,-0.00,137.9,0.0,18.6,2006.3,2609.00,10.0,2.0,2.5,NR5G-SA,n79,-94,-94,-11,19,-999,5.4
2026-05-28 10:57:41.331,2026-05-28 11:12:27.769,22.6635703,114.5197379,50.0,9.9,-0.02,137.7,9.9,18.5,2007.8,2611.48,10.0,2.0,2.5,NR5G-SA,n79,-94,-94,-11,19,-999,5.9
2026-05-28 10:57:41.531,2026-05-28 11:12:27.769,22.6635535,114.5197542,50.0,10.0,-0.01,137.5,9.9,18.5,2009.2,2613.99,10.0,2.0,2.5,NR5G-SA,n79,-94,-94,-11,19,-999,9.4
2026-05-28 10:57:41.731,2026-05-28 11:12:27.969,22.6635535,114.5197542,50.0,10.0,-0.01,137.5,9.9,18.5,2009.2,2613.99,10.0,2.0,2.5,NR5G-SA,n79,-94,-94,-11,19,-999,14.2
2026-05-28 10:57:41.932,2026-05-28 11:12:28.169,22.6635368,114.5197705,50.0,10.0,0.01,137.4,9.9,18.5,2010.6,2616.49,10.0,2.0,2.5,NR5G-SA,n79,-94,-94,-11,19,-999,10.8
2026-05-28 10:57:42.132,2026-05-28 11:12:28.569,22.6635200,114.5197869,50.0,10.0,-0.01,137.4,9.9,18.5,2012.1,2619.01,10.0,2.0,2.5,NR5G-SA,n79,-98,-98,-11,19,-999,8.6
2026-05-28 10:57:42.332,2026-05-28 11:12:28.769,22.6635032,114.5198032,50.0,10.0,-0.04,137.4,0.0,17.9,2013.5,2621.52,10.0,2.0,2.5,NR5G-SA,n79,-98,-98,-11,19,-999,6.6
2026-05-28 10:57:42.533,2026-05-28 11:12:28.769,22.6634864,114.5198193,50.0,9.9,-0.01,137.5,0.0,17.9,2014.9,2624.01,10.0,2.0,2.5,NR5G-SA,n79,-98,-98,-11,19,-999,8.3
2026-05-28 10:57:42.733,2026-05-28 11:12:28.969,22.6634695,114.5198353,50.0,9.9,-0.01,137.6,0.0,17.9,2016.4,2626.51,10.0,2.0,2.5,NR5G-SA,n79,-95,-95,-11,19,-999,12.9
2026-05-28 10:57:42.933,2026-05-28 11:12:29.169,22.6634695,114.5198353,50.0,10.0,-0.01,137.6,0.0,17.9,2016.4,2626.51,10.0,2.0,2.5,NR5G-SA,n79,-95,-95,-11,19,-999,10.0
2026-05-28 10:57:43.134,2026-05-28 11:12:29.569,22.6634526,114.5198513,50.0,10.0,0.01,137.7,0.0,17.9,2017.8,2629.01,10.0,2.0,2.5,NR5G-SA,n79,-93,-93,-11,19,-999,6.5
2026-05-28 10:57:43.334,2026-05-28 11:12:29.769,22.6634356,114.5198673,50.0,10.0,0.00,137.8,0.8,17.5,2019.2,2631.52,10.0,2.0,2.5,NR5G-SA,n79,-93,-93,-11,19,-999,6.9
2026-05-28 10:57:43.534,2026-05-28 11:12:29.769,22.6634188,114.5198834,50.0,10.0,-0.02,137.8,0.8,17.5,2020.6,2634.01,10.0,2.0,2.5,NR5G-SA,n79,-93,-93,-11,19,-999,8.5
2026-05-28 10:57:43.735,2026-05-28 11:12:29.969,22.6634188,114.5198834,50.0,10.0,-0.02,137.8,0.8,17.5,2020.6,2634.01,10.0,2.0,2.5,NR5G-SA,n79,-95,-95,-11,20,-999,15.3
2026-05-28 10:57:43.935,2026-05-28 11:12:30.169,22.6634021,114.5198995,50.0,10.0,-0.03,137.8,0.8,17.5,2022.0,2636.50,10.0,2.0,2.5,NR5G-SA,n79,-95,-95,-11,20,-999,9.8
2026-05-28 10:57:44.135,2026-05-28 11:12:30.569,22.6633853,114.5199158,50.0,10.0,0.03,137.8,0.8,17.5,2023.5,2639.01,10.0,2.0,2.5,NR5G-SA,n79,-95,-95,-11,20,-999,5.8
2026-05-28 10:57:44.336,2026-05-28 11:12:30.769,22.6633686,114.5199320,50.0,10.0,-0.00,137.7,0.0,17.3,2024.9,2641.51,10.0,2.0,2.5,NR5G-SA,n79,-96,-96,-11,19,-999,6.8
2026-05-28 10:57:44.536,2026-05-28 11:12:30.969,22.6633519,114.5199482,50.0,10.0,0.03,137.6,0.0,17.3,2026.4,2644.00,10.0,2.0,2.5,NR5G-SA,n79,-96,-96,-11,19,-999,5.6
2026-05-28 10:57:44.736,2026-05-28 11:12:30.969,22.6633352,114.5199644,50.0,9.9,0.07,137.5,0.0,17.3,2027.8,2646.50,10.0,2.0,2.5,NR5G-SA,n79,-96,-96,-11,19,-999,13.1
2026-05-28 10:57:44.937,2026-05-28 11:12:31.169,22.6633352,114.5199644,50.0,9.9,0.07,137.5,0.0,17.3,2027.8,2646.50,10.0,2.0,2.5,NR5G-SA,n79,-106,-106,-11,20,-999,11.5
2026-05-28 10:57:45.137,2026-05-28 11:12:31.569,22.6633183,114.5199805,50.0,10.0,0.05,137.7,0.0,17.3,2029.3,2649.00,10.0,2.0,2.5,NR5G-SA,n79,-106,-106,-11,20,-999,5.9
2026-05-28 10:57:45.338,2026-05-28 11:12:31.769,22.6633014,114.5199966,50.0,10.0,0.06,137.8,13.0,17.3,2030.7,2651.51,10.0,2.0,2.5,NR5G-SA,n79,-99,-99,-11,20,-999,6.2
2026-05-28 10:57:45.538,2026-05-28 11:12:31.769,22.6632846,114.5200128,50.0,10.0,0.09,137.9,13.0,17.4,2032.2,2654.01,10.0,2.0,2.5,NR5G-SA,n79,-99,-99,-11,20,-999,7.9
2026-05-28 10:57:45.738,2026-05-28 11:12:31.969,22.6632846,114.5200128,50.0,10.0,0.09,137.9,13.0,17.4,2032.2,2654.01,10.0,2.0,2.5,NR5G-SA,n79,-99,-99,-11,20,-999,15.1
2026-05-28 10:57:45.939,2026-05-28 11:12:32.169,22.6632679,114.5200291,50.1,10.0,0.01,137.7,13.0,17.4,2033.7,2656.51,10.0,2.0,2.5,NR5G-SA,n79,-96,-96,-11,20,-999,11.2
2026-05-28 10:57:46.139,2026-05-28 11:12:32.569,22.6632513,114.5200454,50.1,10.0,-0.03,137.6,13.0,17.4,2035.1,2659.00,10.0,2.0,2.5,NR5G-SA,n79,-96,-96,-11,20,-999,6.5
2026-05-28 10:57:46.339,2026-05-28 11:12:32.769,22.6632346,114.5200618,50.1,10.0,-0.11,137.4,43.3,17.4,2036.6,2661.51,10.0,2.0,2.5,NR5G-SA,n79,-96,-96,-11,20,-999,6.5
2026-05-28 10:57:46.540,2026-05-28 11:12:32.969,22.6632180,114.5200783,50.0,10.0,-0.10,137.4,43.3,20.0,2038.1,2664.02,10.0,2.0,2.5,NR5G-SA,n79,-97,-97,-11,20,-999,5.9
2026-05-28 10:57:46.740,2026-05-28 11:12:32.969,22.6632013,114.5200947,50.0,10.0,-0.08,137.3,43.3,20.0,2039.6,2666.53,10.0,2.0,2.5,NR5G-SA,n79,-97,-97,-11,20,-999,13.7
2026-05-28 10:57:46.940,2026-05-28 11:12:33.169,22.6632013,114.5200947,50.0,10.0,-0.08,137.3,43.3,20.0,2039.6,2666.53,10.0,2.0,2.5,NR5G-SA,n79,-97,-97,-11,20,-999,9.2
2026-05-28 10:57:47.141,2026-05-28 11:12:33.569,22.6631846,114.5201110,50.0,10.0,-0.05,137.2,43.3,20.0,2041.1,2669.03,10.0,2.0,2.5,NR5G-SA,n79,-99,-99,-11,20,-999,5.9
2026-05-28 10:57:47.341,2026-05-28 11:12:33.769,22.6631679,114.5201272,50.0,10.0,-0.04,137.2,37.6,20.0,2042.6,2671.53,10.0,2.0,2.5,NR5G-SA,n79,-99,-99,-11,20,-999,6.7
2026-05-28 10:57:47.541,2026-05-28 11:12:33.969,22.6631511,114.5201434,50.0,10.0,-0.00,137.2,37.6,20.9,2044.0,2674.03,10.0,2.0,2.5,NR5G-SA,n79,-98,-98,-11,21,-999,6.1
2026-05-28 10:57:47.742,2026-05-28 11:12:33.969,22.6631343,114.5201596,50.0,9.9,0.01,137.4,37.6,20.9,2045.5,2676.53,10.0,2.0,2.5,NR5G-SA,n79,-98,-98,-11,21,-999,15.3
2026-05-28 10:57:47.942,2026-05-28 11:12:34.169,22.6631343,114.5201596,50.0,9.9,0.01,137.4,37.6,20.9,2045.5,2676.53,10.0,2.0,2.5,NR5G-SA,n79,-98,-98,-11,21,-999,8.8
2026-05-28 10:57:48.142,2026-05-28 11:12:34.569,22.6631174,114.5201757,50.0,10.0,0.04,137.5,37.6,20.9,2047.0,2679.04,10.0,2.0,2.5,NR5G-SA,n79,-98,-98,-11,21,-999,8.1
2026-05-28 10:57:48.343,2026-05-28 11:12:34.769,22.6631005,114.5201918,50.0,10.0,0.06,137.6,55.6,20.9,2048.4,2681.54,10.0,2.0,2.5,NR5G-SA,n79,-98,-98,-11,21,-999,6.0
2026-05-28 10:57:48.543,2026-05-28 11:12:34.969,22.6630837,114.5202079,50.0,10.0,-0.02,137.7,55.6,22.1,2049.9,2684.04,10.0,2.0,2.5,NR5G-SA,n79,-98,-98,-11,21,-999,6.3
2026-05-28 10:57:48.744,2026-05-28 11:12:34.969,22.6630669,114.5202239,50.0,9.9,0.04,137.8,55.6,22.1,2051.4,2686.53,10.0,2.0,2.5,NR5G-SA,n79,-98,-98,-11,21,-999,11.3
2026-05-28 10:57:48.944,2026-05-28 11:12:35.169,22.6630669,114.5202239,50.0,9.9,0.04,137.8,55.6,22.1,2051.4,2686.53,10.0,2.0,2.5,NR5G-SA,n79,-98,-98,-11,21,-999,12.2
2026-05-28 10:57:49.144,2026-05-28 11:12:35.569,22.6630501,114.5202399,50.0,10.0,-0.02,137.7,55.6,22.1,2052.8,2689.02,10.0,2.0,2.5,NR5G-SA,n79,-98,-98,-11,21,-999,9.4
2026-05-28 10:57:49.345,2026-05-28 11:12:35.769,22.6630334,114.5202560,50.0,10.0,-0.03,137.8,28.2,22.1,2054.3,2691.51,10.0,2.0,2.5,NR5G-SA,n79,-100,-100,-11,21,-999,7.6
2026-05-28 10:57:49.545,2026-05-28 11:12:35.969,22.6630166,114.5202723,50.0,10.0,-0.02,137.8,28.2,24.1,2055.8,2694.02,10.0,2.0,2.5,NR5G-SA,n79,-100,-100,-11,21,-999,7.8
2026-05-28 10:57:49.745,2026-05-28 11:12:35.969,22.6629998,114.5202885,50.0,10.0,-0.02,137.8,28.2,24.1,2057.3,2696.52,10.0,2.0,2.5,NR5G-SA,n79,-101,-101,-11,21,-999,10.4
2026-05-28 10:57:49.946,2026-05-28 11:12:36.169,22.6629998,114.5202885,50.0,10.0,-0.02,137.8,28.2,24.1,2057.3,2696.52,10.0,2.0,2.5,NR5G-SA,n79,-101,-101,-11,21,-999,7.5
2026-05-28 10:57:50.146,2026-05-28 11:12:36.569,22.6629829,114.5203047,50.0,10.0,-0.02,137.9,28.2,24.1,2058.8,2699.03,10.0,2.0,2.5,NR5G-SA,n79,-101,-101,-11,21,-999,8.7
2026-05-28 10:57:50.346,2026-05-28 11:12:36.769,22.6629660,114.5203210,50.0,10.0,-0.00,137.7,35.4,24.1,2060.3,2701.55,10.0,2.0,2.5,NR5G-SA,n79,-96,-96,-11,21,-999,5.6
2026-05-28 10:57:50.547,2026-05-28 11:12:36.969,22.6629494,114.5203372,50.0,9.9,-0.02,137.6,35.4,25.5,2061.8,2704.04,10.0,2.0,2.5,NR5G-SA,n79,-96,-96,-11,21,-999,6.7
2026-05-28 10:57:50.747,2026-05-28 11:12:36.969,22.6629327,114.5203535,50.0,10.0,-0.04,137.8,35.4,25.5,2063.3,2706.54,10.0,2.0,2.5,NR5G-SA,n79,-96,-96,-11,21,-999,12.0
2026-05-28 10:57:50.947,2026-05-28 11:12:37.169,22.6629327,114.5203535,50.0,10.0,-0.04,137.8,35.4,25.5,2063.3,2706.54,10.0,2.0,2.5,NR5G-SA,n79,-92,-92,-11,21,-999,9.5
2026-05-28 10:57:51.148,2026-05-28 11:12:37.569,22.6629159,114.5203696,50.0,10.0,-0.02,138.1,35.4,25.5,2064.8,2709.04,10.0,2.0,2.5,NR5G-SA,n79,-92,-92,-11,21,-999,8.8
2026-05-28 10:57:51.348,2026-05-28 11:12:37.769,22.6628989,114.5203857,50.0,10.0,-0.03,138.2,36.5,25.5,2066.3,2711.55,10.0,2.0,2.5,NR5G-SA,n79,-92,-92,-11,21,-999,6.3
2026-05-28 10:57:51.548,2026-05-28 11:12:37.969,22.6628819,114.5204018,50.0,10.0,0.00,138.4,36.5,24.3,2067.8,2714.06,10.0,2.0,2.5,NR5G-SA,n79,-104,-104,-11,21,-999,6.5
2026-05-28 10:57:51.749,2026-05-28 11:12:37.969,22.6628650,114.5204178,50.0,10.0,0.01,138.5,36.5,24.3,2069.3,2716.56,10.0,2.0,2.5,NR5G-SA,n79,-104,-104,-11,21,-999,11.6
2026-05-28 10:57:51.949,2026-05-28 11:12:38.169,22.6628650,114.5204178,50.0,10.0,0.01,138.5,36.5,24.3,2069.3,2716.56,10.0,2.0,2.5,NR5G-SA,n79,-104,-104,-11,21,-999,6.8
2026-05-28 10:57:52.149,2026-05-28 11:12:38.569,22.6628482,114.5204339,50.0,10.0,-0.01,138.6,36.5,24.3,2070.8,2719.06,10.0,2.0,2.5,NR5G-SA,n79,-99,-99,-11,22,-999,6.5
2026-05-28 10:57:52.350,2026-05-28 11:12:38.769,22.6628315,114.5204501,50.0,9.9,0.02,138.9,25.7,24.3,2072.3,2721.55,10.0,2.0,2.5,NR5G-SA,n79,-99,-99,-11,22,-999,5.8
2026-05-28 10:57:52.550,2026-05-28 11:12:38.769,22.6628151,114.5204659,50.0,9.7,0.06,139.1,25.7,23.9,2073.7,2724.00,10.0,2.0,2.5,NR5G-SA,n79,-96,-96,-10,23,-999,11.3
2026-05-28 10:57:52.750,2026-05-28 11:12:38.969,22.6627989,114.5204814,50.0,9.6,0.02,139.5,25.7,23.9,2075.2,2726.40,10.0,2.0,2.5,NR5G-SA,n79,-96,-96,-10,23,-999,12.4
2026-05-28 10:57:52.951,2026-05-28 11:12:39.169,22.6627989,114.5204814,50.0,9.6,0.02,139.5,25.7,23.9,2075.2,2726.40,10.0,2.0,2.5,NR5G-SA,n79,-96,-96,-10,23,-999,11.3
2026-05-28 10:57:53.151,2026-05-28 11:12:39.569,22.6627831,114.5204966,50.0,9.3,0.07,139.7,25.7,23.9,2076.6,2728.75,10.0,2.0,2.5,NR5G-SA,n79,-96,-96,-10,22,-999,9.3
2026-05-28 10:57:53.351,2026-05-28 11:12:39.769,22.6627679,114.5205112,50.1,8.9,0.06,139.9,25.7,23.9,2078.0,2731.01,10.0,2.0,2.5,NR5G-SA,n79,-96,-96,-10,22,-999,7.8
2026-05-28 10:57:53.552,2026-05-28 11:12:39.969,22.6627535,114.5205252,50.1,8.5,0.02,140.1,100.0,23.9,2079.3,2733.17,10.0,2.0,2.5,NR5G-SA,n79,-96,-96,-10,22,-999,6.2
2026-05-28 10:57:53.752,2026-05-28 11:12:39.969,22.6627398,114.5205386,50.1,8.0,-0.03,140.0,100.0,24.2,2080.6,2735.22,10.0,2.0,2.5,NR5G-SA,n79,-105,-105,-11,20,-999,10.4
2026-05-28 10:57:53.952,2026-05-28 11:12:40.169,22.6627398,114.5205386,50.1,8.0,-0.03,140.0,100.0,24.2,2080.6,2735.22,10.0,2.0,2.5,NR5G-SA,n79,-105,-105,-11,20,-999,11.2
2026-05-28 10:57:54.153,2026-05-28 11:12:40.569,22.6627270,114.5205511,50.1,7.5,-0.02,140.0,100.0,24.2,2081.7,2737.14,10.0,2.0,2.5,NR5G-SA,n79,-105,-105,-11,20,-999,8.6
2026-05-28 10:57:54.353,2026-05-28 11:12:40.769,22.6627152,114.5205626,50.0,6.9,-0.02,139.9,18.4,24.2,2082.8,2738.91,10.0,2.0,2.5,NR5G-SA,n79,-96,-96,-10,20,-999,5.9
2026-05-28 10:57:54.553,2026-05-28 11:12:40.969,22.6627044,114.5205731,50.0,6.3,-0.03,140.2,18.4,24.2,2083.8,2740.52,10.0,2.0,2.5,NR5G-SA,n79,-96,-96,-10,20,-999,5.0
2026-05-28 10:57:54.754,2026-05-28 11:12:40.969,22.6626946,114.5205826,50.0,5.6,-0.08,141.5,18.4,22.5,2084.7,2741.99,10.0,2.0,2.5,NR5G-SA,n79,-93,-93,-10,22,-999,9.2
2026-05-28 10:57:54.954,2026-05-28 11:12:41.169,22.6626946,114.5205826,50.0,5.6,-0.08,141.5,18.4,22.5,2084.7,2741.99,10.0,2.0,2.5,NR5G-SA,n79,-93,-93,-10,22,-999,12.1
2026-05-28 10:57:55.154,2026-05-28 11:12:41.569,22.6626857,114.5205907,50.0,5.0,-0.12,143.9,18.4,22.5,2085.5,2743.28,10.0,2.0,2.5,NR5G-SA,n79,-93,-93,-10,22,-999,8.0
2026-05-28 10:57:55.355,2026-05-28 11:12:41.769,22.6626775,114.5205973,50.0,4.3,-0.13,147.6,0.0,22.5,2086.1,2744.42,10.0,2.0,2.5,NR5G-SA,n79,-101,-101,-11,23,-999,5.4
2026-05-28 10:57:55.555,2026-05-28 11:12:41.969,22.6626700,114.5206022,50.0,3.7,-0.12,153.3,0.0,22.5,2086.5,2745.39,10.0,2.0,2.5,NR5G-SA,n79,-101,-101,-11,23,-999,5.3
2026-05-28 10:57:55.755,2026-05-28 11:12:41.969,22.6626631,114.5206054,49.9,3.2,-0.11,161.9,0.0,23.0,2086.8,2746.23,10.0,2.0,2.5,NR5G-SA,n79,-101,-101,-11,23,-999,10.5
2026-05-28 10:57:55.956,2026-05-28 11:12:42.169,22.6626631,114.5206054,49.9,3.2,-0.11,161.9,0.0,23.0,2086.8,2746.23,10.0,2.0,2.5,NR5G-SA,n79,-99,-99,-11,20,-999,11.3
2026-05-28 10:57:56.156,2026-05-28 11:12:42.569,22.6626566,114.5206067,49.9,2.8,-0.06,173.6,0.0,23.0,2086.9,2746.96,10.0,2.0,2.5,NR5G-SA,n79,-99,-99,-11,20,-999,7.2
2026-05-28 10:57:56.356,2026-05-28 11:12:42.769,22.6626504,114.5206064,49.9,2.7,-0.01,187.7,12.6,23.0,2086.8,2747.65,10.0,2.0,2.5,NR5G-SA,n79,-99,-99,-11,20,-999,5.5
2026-05-28 10:57:56.557,2026-05-28 11:12:42.969,22.6626442,114.5206043,49.9,2.9,0.02,202.5,12.6,23.0,2086.5,2748.38,10.0,2.0,2.5,NR5G-SA,n79,-98,-98,-10,20,-999,7.2
2026-05-28 10:57:56.757,2026-05-28 11:12:42.969,22.6626378,114.5206006,49.9,3.3,0.01,216.4,12.6,24.6,2086.1,2749.18,10.0,2.0,2.5,NR5G-SA,n79,-98,-98,-10,20,-999,12.3
2026-05-28 10:57:56.957,2026-05-28 11:12:43.169,22.6626378,114.5206006,49.9,3.3,0.01,216.4,12.6,24.6,2086.1,2749.18,10.0,2.0,2.5,NR5G-SA,n79,-101,-101,-11,19,-999,10.9
2026-05-28 10:57:57.158,2026-05-28 11:12:43.569,22.6626312,114.5205949,49.9,3.8,0.06,226.5,12.6,24.6,2085.5,2750.12,10.0,2.0,2.5,NR5G-SA,n79,-101,-101,-11,19,-999,7.0
2026-05-28 10:57:57.358,2026-05-28 11:12:43.769,22.6626243,114.5205875,49.9,4.4,0.04,232.9,0.0,24.6,2084.7,2751.20,10.0,2.0,2.5,NR5G-SA,n79,-101,-101,-11,19,-999,5.3
2026-05-28 10:57:57.558,2026-05-28 11:12:43.969,22.6626171,114.5205785,49.9,4.9,0.09,237.0,0.0,24.6,2083.7,2752.43,10.0,2.0,2.5,NR5G-SA,n79,-95,-95,-10,20,-999,6.4
2026-05-28 10:57:57.759,2026-05-28 11:12:43.969,22.6626095,114.5205683,50.0,5.5,0.09,239.3,0.0,24.0,2082.6,2753.77,10.0,2.0,2.5,NR5G-SA,n79,-95,-95,-10,20,-999,12.9
2026-05-28 10:57:57.959,2026-05-28 11:12:44.169,22.6626095,114.5205683,50.0,5.5,0.09,239.3,0.0,24.0,2082.6,2753.77,10.0,2.0,2.5,NR5G-SA,n79,-95,-95,-10,20,-999,13.7
2026-05-28 10:57:58.159,2026-05-28 11:12:44.569,22.6626013,114.5205571,50.0,6.1,0.03,240.3,0.0,24.0,2081.4,2755.24,10.0,2.0,2.5,NR5G-SA,n79,-101,-101,-11,20,-999,6.8
2026-05-28 10:57:58.360,2026-05-28 11:12:44.769,22.6625925,114.5205448,50.0,6.7,-0.02,240.7,0.0,24.0,2080.0,2756.84,10.0,2.0,2.5,NR5G-SA,n79,-101,-101,-11,20,-999,5.4
2026-05-28 10:57:58.560,2026-05-28 11:12:44.969,22.6625829,114.5205312,50.0,7.3,-0.01,240.6,3.0,24.0,2078.6,2758.60,10.0,2.0,2.5,NR5G-SA,n79,-101,-101,-11,20,-999,5.8
2026-05-28 10:57:58.760,2026-05-28 11:12:44.969,22.6625726,114.5205164,50.0,7.9,-0.04,240.2,3.0,23.7,2077.0,2760.51,10.0,2.0,2.5,NR5G-SA,n79,-106,-106,-11,20,-999,10.9
2026-05-28 10:57:58.961,2026-05-28 11:12:45.169,22.6625726,114.5205164,50.0,7.9,-0.04,240.2,3.0,23.7,2077.0,2760.51,10.0,2.0,2.5,NR5G-SA,n79,-106,-106,-11,20,-999,12.6
2026-05-28 10:57:59.161,2026-05-28 11:12:45.569,22.6625617,114.5205004,50.0,8.4,0.02,239.7,3.0,23.7,2075.3,2762.55,10.0,2.0,2.5,NR5G-SA,n79,-103,-103,-11,20,-999,9.4
2026-05-28 10:57:59.362,2026-05-28 11:12:45.769,22.6625504,114.5204835,50.0,8.8,0.07,239.0,3.0,23.7,2073.5,2764.69,10.0,2.0,2.5,NR5G-SA,n79,-103,-103,-11,20,-999,6.1
2026-05-28 10:57:59.562,2026-05-28 11:12:45.969,22.6625387,114.5204659,50.0,9.1,0.03,238.4,0.0,23.7,2071.6,2766.92,10.0,2.0,2.5,NR5G-SA,n79,-103,-103,-11,20,-999,5.2
2026-05-28 10:57:59.762,2026-05-28 11:12:45.969,22.6625267,114.5204476,50.0,9.4,0.02,238.1,0.0,25.5,2069.6,2769.23,10.0,2.0,2.5,NR5G-SA,n79,-103,-103,-11,19,-999,12.3
2026-05-28 10:57:59.963,2026-05-28 11:12:46.169,22.6625267,114.5204476,50.0,9.4,0.02,238.1,0.0,25.5,2069.6,2769.23,10.0,2.0,2.5,NR5G-SA,n79,-103,-103,-11,19,-999,10.0
2026-05-28 10:58:00.163,2026-05-28 11:12:46.569,22.6625146,114.5204289,50.0,9.6,-0.04,237.8,0.0,25.5,2067.6,2771.57,10.0,2.0,2.5,NR5G-SA,n79,-103,-103,-11,19,-999,6.4
2026-05-28 10:58:00.364,2026-05-28 11:12:46.769,22.6625021,114.5204097,50.0,9.8,-0.04,237.7,0.0,25.5,2065.6,2773.99,10.0,2.0,2.5,NR5G-SA,n79,-107,-107,-11,18,-999,4.8
2026-05-28 10:58:00.564,2026-05-28 11:12:46.969,22.6624895,114.5203902,50.0,10.0,0.12,237.6,13.5,25.5,2063.5,2776.43,10.0,2.0,2.5,NR5G-SA,n79,-107,-107,-11,18,-999,6.2
2026-05-28 10:58:00.764,2026-05-28 11:12:46.969,22.6624768,114.5203706,50.1,10.0,0.17,237.6,13.5,25.5,2061.4,2778.89,10.0,2.0,2.5,NR5G-SA,n79,-107,-107,-11,18,-999,11.0
2026-05-28 10:58:00.965,2026-05-28 11:12:47.169,22.6624768,114.5203706,50.1,10.0,0.17,237.6,13.5,24.5,2061.4,2778.89,10.0,2.0,2.5,NR5G-SA,n79,-100,-100,-10,17,-999,14.9
2026-05-28 10:58:01.165,2026-05-28 11:12:47.569,22.6624641,114.5203508,50.1,10.1,-0.06,237.6,13.5,24.5,2059.3,2781.37,10.0,2.0,2.5,NR5G-SA,n79,-100,-100,-10,17,-999,6.7
2026-05-28 10:58:01.365,2026-05-28 11:12:47.769,22.6624513,114.5203310,50.1,10.1,-0.14,237.4,13.5,24.5,2057.1,2783.85,10.0,2.0,2.5,NR5G-SA,n79,-102,-102,-10,18,-999,5.5
2026-05-28 10:58:01.566,2026-05-28 11:12:47.969,22.6624384,114.5203111,50.0,10.2,-0.15,237.4,0.0,24.5,2055.0,2786.35,10.0,2.0,2.5,NR5G-SA,n79,-102,-102,-10,18,-999,7.5
2026-05-28 10:58:01.766,2026-05-28 11:12:48.169,22.6624253,114.5202909,50.0,10.2,-0.10,237.5,0.0,24.5,2052.9,2788.89,10.0,2.0,2.5,NR5G-SA,n79,-102,-102,-10,18,-999,4.2
2026-05-28 10:58:01.966,2026-05-28 11:12:48.169,22.6624253,114.5202909,50.0,10.2,-0.10,237.5,0.0,21.7,2052.9,2788.89,10.0,2.0,2.5,NR5G-SA,n79,-102,-102,-10,19,-999,9.5
2026-05-28 10:58:02.167,2026-05-28 11:12:48.569,22.6624121,114.5202708,50.0,10.1,0.01,237.7,0.0,21.7,2050.7,2791.42,10.0,2.0,2.5,NR5G-SA,n79,-102,-102,-10,19,-999,7.2
2026-05-28 10:58:02.367,2026-05-28 11:12:48.769,22.6623990,114.5202507,50.0,10.1,0.03,237.7,0.0,21.7,2048.6,2793.95,10.0,2.0,2.5,NR5G-SA,n79,-102,-102,-10,19,-999,5.8
2026-05-28 10:58:02.567,2026-05-28 11:12:48.969,22.6623858,114.5202307,50.0,10.1,-0.01,237.4,22.8,21.7,2046.4,2796.47,10.0,2.0,2.5,NR5G-SA,n79,-105,-105,-11,19,-999,5.2
2026-05-28 10:58:02.768,2026-05-28 11:12:48.969,22.6623726,114.5202108,50.0,10.1,0.00,237.3,22.8,21.7,2044.3,2798.99,10.0,2.0,2.5,NR5G-SA,n79,-105,-105,-11,19,-999,9.8
2026-05-28 10:58:02.968,2026-05-28 11:12:49.169,22.6623593,114.5201907,50.0,10.1,0.00,237.4,22.8,22.8,2042.2,2801.53,10.0,2.0,2.5,NR5G-SA,n79,-105,-105,-11,19,-999,9.0
2026-05-28 10:58:03.168,2026-05-28 11:12:49.569,22.6623593,114.5201907,50.0,10.1,0.04,237.4,22.8,22.8,2042.2,2801.53,10.0,2.0,2.5,NR5G-SA,n79,-105,-105,-11,19,-999,7.0
2026-05-28 10:58:03.369,2026-05-28 11:12:49.769,22.6623461,114.5201707,50.0,10.1,0.03,237.3,22.8,22.8,2040.0,2804.06,10.0,2.0,2.5,NR5G-SA,n79,-100,-100,-10,19,-999,5.6
2026-05-28 10:58:03.569,2026-05-28 11:12:49.969,22.6623329,114.5201508,50.0,10.1,0.01,237.3,38.5,22.8,2037.9,2806.58,10.0,2.0,2.5,NR5G-SA,n79,-105,-105,-11,19,-999,4.6
2026-05-28 10:58:03.769,2026-05-28 11:12:49.969,22.6623197,114.5201307,50.0,10.0,0.02,237.3,38.5,22.8,2035.8,2809.11,10.0,2.0,2.5,NR5G-SA,n79,-105,-105,-11,19,-999,8.0
2026-05-28 10:58:03.970,2026-05-28 11:12:50.169,22.6623197,114.5201307,50.0,10.0,0.02,237.3,38.5,21.8,2035.8,2809.11,10.0,2.0,2.5,NR5G-SA,n79,-105,-105,-11,19,-999,9.9
2026-05-28 10:58:04.170,2026-05-28 11:12:50.569,22.6623065,114.5201107,50.0,10.1,-0.10,237.3,38.5,21.8,2033.7,2811.64,10.0,2.0,2.5,NR5G-SA,n79,-107,-107,-11,18,-999,7.0
2026-05-28 10:58:04.370,2026-05-28 11:12:50.769,22.6622934,114.5200907,50.0,10.0,-0.04,237.4,38.5,21.8,2031.5,2814.16,10.0,2.0,2.5,NR5G-SA,n79,-107,-107,-11,18,-999,5.3
2026-05-28 10:58:04.571,2026-05-28 11:12:50.969,22.6622802,114.5200708,50.0,10.0,0.02,237.3,30.9,21.8,2029.4,2816.67,10.0,2.0,2.5,NR5G-SA,n79,-107,-107,-11,18,-999,5.8
2026-05-28 10:58:04.771,2026-05-28 11:12:50.969,22.6622670,114.5200509,50.0,10.0,0.01,237.3,30.9,21.8,2027.3,2819.19,10.0,2.0,2.5,NR5G-SA,n79,-103,-103,-11,20,-999,7.6
2026-05-28 10:58:04.971,2026-05-28 11:12:51.169,22.6622539,114.5200311,50.0,10.0,0.02,237.2,30.9,19.8,2025.2,2821.69,10.0,2.0,2.5,NR5G-SA,n79,-103,-103,-11,20,-999,10.7
2026-05-28 10:58:05.172,2026-05-28 11:12:51.569,22.6622539,114.5200311,50.0,10.0,0.02,237.2,30.9,19.8,2025.2,2821.69,10.0,2.0,2.5,NR5G-SA,n79,-103,-103,-11,20,-999,9.4
2026-05-28 10:58:05.372,2026-05-28 11:12:51.769,22.6622408,114.5200112,50.0,10.0,0.06,237.2,30.9,19.8,2023.1,2824.20,10.0,2.0,2.5,NR5G-SA,n79,-104,-104,-11,18,-999,5.5
2026-05-28 10:58:05.572,2026-05-28 11:12:51.969,22.6622277,114.5199914,50.0,10.0,0.04,237.1,0.0,19.8,2021.0,2826.71,10.0,2.0,2.5,NR5G-SA,n79,-104,-104,-11,18,-999,4.8
2026-05-28 10:58:05.773,2026-05-28 11:12:52.169,22.6622145,114.5199716,50.0,10.0,0.02,236.8,0.0,19.8,2018.9,2829.22,10.0,2.0,2.5,NR5G-SA,n79,-104,-104,-11,18,-999,5.2
2026-05-28 10:58:05.974,2026-05-28 11:12:52.169,22.6622145,114.5199716,50.0,10.0,0.02,236.8,0.0,18.3,2018.9,2829.22,10.0,2.0,2.5,NR5G-SA,n79,-104,-104,-11,19,-999,16.7
2026-05-28 10:58:06.174,2026-05-28 11:12:52.569,22.6622012,114.5199518,50.0,9.9,-0.01,236.5,0.0,18.3,2016.8,2831.73,10.0,2.0,2.5,NR5G-SA,n79,-104,-104,-11,19,-999,8.6
2026-05-28 10:58:06.374,2026-05-28 11:12:52.769,22.6621879,114.5199321,50.0,10.0,-0.05,236.4,0.0,18.3,2014.7,2834.24,10.0,2.0,2.5,NR5G-SA,n79,-100,-100,-11,19,-999,5.8
2026-05-28 10:58:06.575,2026-05-28 11:12:52.969,22.6621747,114.5199123,50.0,10.0,0.04,236.3,0.0,18.3,2012.6,2836.75,10.0,2.0,2.5,NR5G-SA,n79,-100,-100,-11,19,-999,6.6
2026-05-28 10:58:06.775,2026-05-28 11:12:52.969,22.6621614,114.5198925,50.0,10.0,0.04,236.2,0.0,18.3,2010.5,2839.27,10.0,2.0,2.5,NR5G-SA,n79,-100,-100,-11,19,-999,6.5
2026-05-28 10:58:06.975,2026-05-28 11:12:53.169,22.6621484,114.5198727,50.0,9.9,0.09,236.2,0.0,22.9,2008.4,2841.76,10.0,2.0,2.5,NR5G-SA,n79,-105,-105,-11,20,-999,12.5
2026-05-28 10:58:07.176,2026-05-28 11:12:53.569,22.6621484,114.5198727,50.0,9.9,0.09,236.2,0.0,22.9,2008.4,2841.76,10.0,2.0,2.5,NR5G-SA,n79,-105,-105,-11,20,-999,8.4
2026-05-28 10:58:07.376,2026-05-28 11:12:53.769,22.6621353,114.5198529,50.0,9.9,0.04,236.3,0.0,22.9,2006.3,2844.26,10.0,2.0,2.5,NR5G-SA,n79,-105,-105,-11,20,-999,6.5
2026-05-28 10:58:07.576,2026-05-28 11:12:53.969,22.6621222,114.5198331,50.0,10.0,0.04,236.2,0.0,22.9,2004.2,2846.77,10.0,2.0,2.5,NR5G-SA,n79,-103,-103,-11,19,-999,6.2
2026-05-28 10:58:07.777,2026-05-28 11:12:53.969,22.6621090,114.5198133,50.0,9.9,-0.08,236.1,0.0,22.9,2002.1,2849.28,10.0,2.0,2.5,NR5G-SA,n79,-103,-103,-11,19,-999,6.0
2026-05-28 10:58:07.977,2026-05-28 11:12:54.169,22.6620960,114.5197934,50.0,9.9,-0.06,236.0,0.0,22.5,2000.0,2851.78,10.0,2.0,2.5,NR5G-SA,n79,-103,-103,-11,19,-999,10.2
2026-05-28 10:58:08.177,2026-05-28 11:12:54.569,22.6620960,114.5197934,50.0,9.9,-0.06,236.0,0.0,22.5,2000.0,2851.78,10.0,2.0,2.5,NR5G-SA,n79,-102,-102,-11,19,-999,9.6
2026-05-28 10:58:08.378,2026-05-28 11:12:54.769,22.6620829,114.5197735,50.0,10.0,-0.04,235.8,0.0,22.5,1997.9,2854.29,10.0,2.0,2.5,NR5G-SA,n79,-102,-102,-11,19,-999,6.9
2026-05-28 10:58:08.578,2026-05-28 11:12:54.969,22.6620697,114.5197536,50.0,9.9,0.07,235.8,0.0,22.5,1995.8,2856.81,10.0,2.0,2.5,NR5G-SA,n79,-102,-102,-10,19,-999,5.9
2026-05-28 10:58:08.778,2026-05-28 11:12:54.969,22.6620566,114.5197339,50.0,10.0,0.04,235.6,0.0,22.5,1993.7,2859.30,10.0,2.0,2.5,NR5G-SA,n79,-102,-102,-10,19,-999,6.3
2026-05-28 10:58:08.979,2026-05-28 11:12:55.169,22.6620566,114.5197339,50.0,10.0,0.04,235.6,0.0,22.5,1993.7,2859.30,10.0,2.0,2.5,NR5G-SA,n79,-102,-102,-10,19,-999,14.3
2026-05-28 10:58:09.179,2026-05-28 11:12:55.569,22.6620434,114.5197142,50.0,9.9,0.04,235.6,0.0,24.4,1991.6,2861.80,10.0,2.0,2.5,NR5G-SA,n79,-106,-106,-10,19,-999,8.8
2026-05-28 10:58:09.380,2026-05-28 11:12:55.769,22.6620303,114.5196946,50.0,10.0,0.02,235.8,0.0,24.4,1989.6,2864.29,10.0,2.0,2.5,NR5G-SA,n79,-106,-106,-10,19,-999,5.7
2026-05-28 10:58:09.580,2026-05-28 11:12:55.969,22.6620172,114.5196747,50.0,10.0,-0.03,235.9,0.0,24.4,1987.5,2866.80,10.0,2.0,2.5,NR5G-SA,n79,-106,-106,-10,19,-999,6.3
2026-05-28 10:58:09.780,2026-05-28 11:12:55.969,22.6620042,114.5196549,50.0,10.0,-0.06,235.8,0.0,24.4,1985.4,2869.30,10.0,2.0,2.5,NR5G-SA,n79,-107,-107,-11,18,-999,6.2
2026-05-28 10:58:09.980,2026-05-28 11:12:56.169,22.6619911,114.5196351,50.0,10.0,-0.03,235.9,0.0,24.4,1983.3,2871.80,10.0,2.0,2.5,NR5G-SA,n79,-107,-107,-11,18,-999,7.5
2026-05-28 10:58:10.181,2026-05-28 11:12:56.569,22.6619911,114.5196351,50.0,10.0,-0.03,235.9,0.0,25.0,1983.3,2871.80,10.0,2.0,2.5,NR5G-SA,n79,-107,-107,-11,18,-999,10.0
2026-05-28 10:58:10.381,2026-05-28 11:12:56.769,22.6619780,114.5196153,50.0,9.9,-0.11,236.1,0.0,25.0,1981.2,2874.30,10.0,2.0,2.5,NR5G-SA,n79,-99,-99,-10,20,-999,6.2
2026-05-28 10:58:10.581,2026-05-28 11:12:56.969,22.6619651,114.5195955,50.0,10.0,-0.07,236.2,0.0,25.0,1979.1,2876.79,10.0,2.0,2.5,NR5G-SA,n79,-99,-99,-10,20,-999,7.2
2026-05-28 10:58:10.782,2026-05-28 11:12:57.169,22.6619520,114.5195757,50.0,10.0,-0.09,236.3,0.0,25.0,1977.1,2879.30,10.0,2.0,2.5,NR5G-SA,n79,-101,-101,-10,21,-999,5.0
2026-05-28 10:58:10.982,2026-05-28 11:12:57.169,22.6619388,114.5195559,49.9,10.0,-0.09,236.4,0.0,25.0,1975.0,2881.80,10.0,2.0,2.5,NR5G-SA,n79,-101,-101,-10,21,-999,12.4
2026-05-28 10:58:11.182,2026-05-28 11:12:57.569,22.6619388,114.5195559,49.9,9.9,0.01,236.4,0.0,25.4,1975.0,2881.80,10.0,2.0,2.5,NR5G-SA,n79,-101,-101,-10,21,-999,6.7
2026-05-28 10:58:11.383,2026-05-28 11:12:57.569,22.6619388,114.5195559,49.9,10.0,-0.01,236.4,0.0,25.4,1975.0,2881.80,10.0,2.0,2.5,NR5G-SA,n79,-98,-98,-10,21,-999,18.4
2026-05-28 10:58:11.583,2026-05-28 11:12:57.569,22.6619388,114.5195559,49.9,10.0,0.02,236.4,10.2,25.4,1975.0,2881.80,10.0,2.0,2.5,NR5G-SA,n79,-98,-98,-10,21,-999,21.1
2026-05-28 10:58:11.783,2026-05-28 11:12:58.169,22.6619067,114.5195078,49.9,10.0,0.07,236.5,10.2,25.4,1969.9,2887.90,10.0,2.0,2.5,NR5G-SA,n79,-98,-98,-10,21,-999,9.2
2026-05-28 10:58:11.984,2026-05-28 11:12:58.169,22.6619067,114.5195078,49.9,10.0,0.05,236.5,10.2,25.4,1969.9,2887.90,10.0,2.0,2.5,NR5G-SA,n79,-100,-100,-11,21,-999,18.0
2026-05-28 10:58:12.184,2026-05-28 11:12:58.569,22.6618804,114.5194682,49.9,10.0,0.05,236.5,10.2,22.0,1965.8,2892.91,10.0,2.0,2.5,NR5G-SA,n79,-100,-100,-11,21,-999,7.2
2026-05-28 10:58:12.384,2026-05-28 11:12:58.569,22.6618804,114.5194682,49.9,10.0,0.10,236.5,10.2,22.0,1965.8,2892.91,10.0,2.0,2.5,NR5G-SA,n79,-100,-100,-11,21,-999,14.7
2026-05-28 10:58:12.585,2026-05-28 11:12:58.569,22.6618804,114.5194682,49.9,9.9,0.07,236.5,0.0,22.0,1965.8,2892.91,10.0,2.0,2.5,NR5G-SA,n79,-107,-107,-11,21,-999,20.0
2026-05-28 10:58:12.785,2026-05-28 11:12:59.169,22.6618542,114.5194289,49.9,10.0,0.10,236.0,0.0,22.0,1961.7,2897.90,10.0,2.0,2.5,NR5G-SA,n79,-107,-107,-11,21,-999,7.8
2026-05-28 10:58:12.985,2026-05-28 11:12:59.169,22.6618542,114.5194289,49.9,10.0,0.10,236.0,0.0,22.0,1961.7,2897.90,10.0,2.0,2.5,NR5G-SA,n79,-107,-107,-11,21,-999,12.9
2026-05-28 10:58:13.186,2026-05-28 11:12:59.169,22.6618542,114.5194289,49.9,10.0,0.10,236.0,0.0,22.0,1961.7,2897.90,10.0,2.0,2.5,NR5G-SA,n79,-107,-107,-11,21,-999,12.9
2026-05-28 10:58:13.386,2026-05-28 11:12:59.569,22.6618279,114.5193894,50.0,10.0,0.06,235.8,0.0,59.0,1957.5,2902.90,10.0,2.0,2.5,NR5G-SA,n79,-104,-104,-11,3,-999,14.2
2026-05-28 10:58:13.586,2026-05-28 11:12:59.569,22.6618279,114.5193894,50.0,10.0,0.10,235.8,0.0,59.0,1957.5,2902.90,10.0,2.0,2.5,NR5G-SA,n79,-107,-107,-11,1,-999,20.3
2026-05-28 10:58:13.786,2026-05-28 11:13:00.169,22.6618017,114.5193498,50.0,10.0,-0.00,235.7,5.4,59.0,1953.4,2907.90,10.0,2.0,2.5,NR5G-SA,n79,-107,-107,-11,1,-999,8.0
2026-05-28 10:58:13.987,2026-05-28 11:13:00.169,22.6618017,114.5193498,50.0,10.0,-0.04,235.7,5.4,59.0,1953.4,2907.90,10.0,2.0,2.5,NR5G-SA,n79,-107,-107,-11,1,-999,23.2
2026-05-28 10:58:14.187,2026-05-28 11:13:00.569,22.6617755,114.5193103,50.0,10.0,-0.04,235.4,5.4,59.0,1949.2,2912.90,10.0,2.0,2.5,NR5G-SA,n79,-106,-106,-11,1,-999,14.6
2026-05-28 10:58:14.387,2026-05-28 11:13:00.569,22.6617755,114.5193103,50.0,10.0,-0.01,235.4,5.4,60.3,1949.2,2912.90,10.0,2.0,2.5,NR5G-SA,n79,-106,-106,-11,1,-999,13.8
2026-05-28 10:58:14.588,2026-05-28 11:13:00.569,22.6617755,114.5193103,50.0,10.0,-0.02,235.4,5.4,60.3,1949.2,2912.90,10.0,2.0,2.5,NR5G-SA,n79,-106,-106,-11,1,-999,17.9
2026-05-28 10:58:14.788,2026-05-28 11:13:01.169,22.6617493,114.5192711,50.0,10.0,0.06,235.3,32.1,60.3,1945.2,2917.87,10.0,2.0,2.5,NR5G-SA,n79,-103,-103,-11,20,-999,6.1
2026-05-28 10:58:14.989,2026-05-28 11:13:01.169,22.6617493,114.5192711,50.0,10.1,0.05,235.3,32.1,60.3,1945.2,2917.87,10.0,2.0,2.5,NR5G-SA,n79,-103,-103,-11,20,-999,16.3
2026-05-28 10:58:15.189,2026-05-28 11:13:01.569,22.6617228,114.5192317,50.0,10.1,0.05,235.4,32.1,60.3,1941.0,2922.88,10.0,2.0,2.5,NR5G-SA,n79,-104,-104,-11,20,-999,8.4
2026-05-28 10:58:15.389,2026-05-28 11:13:01.569,22.6617228,114.5192317,50.0,10.0,0.13,235.4,32.1,60.9,1941.0,2922.88,10.0,2.0,2.5,NR5G-SA,n79,-104,-104,-11,20,-999,11.8
2026-05-28 10:58:15.590,2026-05-28 11:13:01.569,22.6617228,114.5192317,50.0,10.0,0.07,235.4,32.1,60.9,1941.0,2922.88,10.0,2.0,2.5,NR5G-SA,n79,-104,-104,-11,20,-999,17.5
2026-05-28 10:58:15.790,2026-05-28 11:13:01.569,22.6616964,114.5191923,50.0,10.0,0.07,235.3,0.0,60.9,1936.9,2927.88,10.0,2.0,2.5,NR5G-SA,n79,-104,-104,-11,20,-999,24.7
2026-05-28 10:58:15.990,2026-05-28 11:13:01.569,22.6616964,114.5191923,50.0,10.0,0.07,235.3,0.0,60.9,1936.9,2927.88,10.0,2.0,2.5,NR5G-SA,n79,-104,-104,-11,20,-999,24.7
2026-05-28 10:58:16.190,2026-05-28 11:13:02.569,22.6616700,114.5191526,50.0,10.1,0.07,235.2,0.0,60.9,1932.8,2932.91,10.0,2.0,2.5,NR5G-SA,n79,-97,-97,-10,6,-999,14.4
2026-05-28 10:58:16.391,2026-05-28 11:13:02.569,22.6616700,114.5191526,50.0,10.0,0.10,235.2,0.0,61.9,1932.8,2932.91,10.0,2.0,2.5,NR5G-SA,n79,-101,-101,-10,4,-999,16.1
2026-05-28 10:58:16.591,2026-05-28 11:13:02.569,22.6616438,114.5191130,50.0,10.0,0.10,234.9,0.0,61.9,1928.7,2937.92,10.0,2.0,2.5,NR5G-SA,n79,-101,-101,-10,4,-999,22.4
2026-05-28 10:58:16.791,2026-05-28 11:13:03.169,22.6616438,114.5191130,50.0,10.0,0.04,234.9,29.3,61.9,1928.7,2937.92,10.0,2.0,2.5,NR5G-SA,n79,-101,-101,-10,4,-999,9.8
2026-05-28 10:58:16.991,2026-05-28 11:13:03.169,22.6616438,114.5191130,50.0,10.0,0.04,234.9,29.3,61.9,1928.7,2937.92,10.0,2.0,2.5,NR5G-SA,n79,-107,-107,-11,1,-999,16.5
2026-05-28 10:58:17.191,2026-05-28 11:13:03.169,22.6616176,114.5190734,50.0,10.0,-0.07,234.8,29.3,61.9,1924.6,2942.92,10.0,2.0,2.5,NR5G-SA,n79,-107,-107,-11,1,-999,24.0
2026-05-28 10:58:17.392,2026-05-28 11:13:03.569,22.6616176,114.5190734,50.0,10.0,0.00,234.8,29.3,61.9,1924.6,2942.92,10.0,2.0,2.5,NR5G-SA,n79,-107,-107,-11,1,-999,8.9
2026-05-28 10:58:17.592,2026-05-28 11:13:03.569,22.6615914,114.5190339,50.0,10.0,0.05,235.2,29.3,70.7,1920.5,2947.92,10.0,2.0,2.5,NR5G-SA,n79,-96,-96,-10,20,-999,20.4
2026-05-28 10:58:17.793,2026-05-28 11:13:04.169,22.6615914,114.5190339,50.0,10.0,0.04,235.2,52.1,70.7,1920.5,2947.92,10.0,2.0,2.5,NR5G-SA,n79,-96,-96,-10,20,-999,9.0
2026-05-28 10:58:17.993,2026-05-28 11:13:04.169,22.6615914,114.5190339,50.0,10.0,0.02,235.2,52.1,70.7,1920.5,2947.92,10.0,2.0,2.5,NR5G-SA,n79,-99,-99,-11,20,-999,19.9
2026-05-28 10:58:18.193,2026-05-28 11:13:04.569,22.6615654,114.5189944,50.0,10.0,0.02,235.5,52.1,70.7,1916.4,2952.90,10.0,2.0,2.5,NR5G-SA,n79,-99,-99,-11,20,-999,7.7
2026-05-28 10:58:18.394,2026-05-28 11:13:04.569,22.6615654,114.5189944,50.0,10.0,0.07,235.5,52.1,70.7,1916.4,2952.90,10.0,2.0,2.5,NR5G-SA,n79,-99,-99,-11,20,-999,12.0
2026-05-28 10:58:18.594,2026-05-28 11:13:04.569,22.6615392,114.5189547,50.0,10.1,0.05,235.1,52.1,34.0,1912.3,2957.92,10.0,2.0,2.5,NR5G-SA,n79,-103,-103,-11,20,-999,17.0
2026-05-28 10:58:18.794,2026-05-28 11:13:05.169,22.6615392,114.5189547,50.0,10.0,-0.02,235.1,17.8,34.0,1912.3,2957.92,10.0,2.0,2.5,NR5G-SA,n79,-103,-103,-11,20,-999,7.1
2026-05-28 10:58:18.995,2026-05-28 11:13:05.169,22.6615392,114.5189547,50.0,10.0,-0.02,235.1,17.8,34.0,1912.3,2957.92,10.0,2.0,2.5,NR5G-SA,n79,-103,-103,-11,20,-999,18.5
2026-05-28 10:58:19.195,2026-05-28 11:13:05.169,22.6615392,114.5189547,50.0,10.0,0.04,235.1,17.8,34.0,1912.3,2957.92,10.0,2.0,2.5,NR5G-SA,n79,-103,-103,-11,20,-999,30.0
2026-05-28 10:58:19.395,2026-05-28 11:13:05.569,22.6615129,114.5189149,50.0,10.0,0.03,234.7,17.8,34.0,1908.2,2962.94,10.0,2.0,2.5,NR5G-SA,n79,-101,-101,-10,4,-999,8.4
2026-05-28 10:58:19.596,2026-05-28 11:13:05.569,22.6614863,114.5188754,50.0,10.0,-0.02,234.1,17.8,30.7,1904.1,2967.97,10.0,2.0,2.5,NR5G-SA,n79,-102,-102,-11,2,-999,13.8
2026-05-28 10:58:19.796,2026-05-28 11:13:06.169,22.6614863,114.5188754,50.0,10.0,-0.01,234.1,2.7,30.7,1904.1,2967.97,10.0,2.0,2.5,NR5G-SA,n79,-102,-102,-11,2,-999,5.7
2026-05-28 10:58:19.996,2026-05-28 11:13:06.169,22.6614863,114.5188754,50.0,10.0,0.00,234.1,2.7,30.7,1904.1,2967.97,10.0,2.0,2.5,NR5G-SA,n79,-102,-102,-11,2,-999,17.9
2026-05-28 10:58:20.197,2026-05-28 11:13:06.569,22.6614599,114.5188358,50.0,10.0,0.00,233.6,2.7,30.7,1900.0,2972.99,10.0,2.0,2.5,NR5G-SA,n79,-107,-107,-11,2,-999,9.3
2026-05-28 10:58:20.397,2026-05-28 11:13:06.569,22.6614599,114.5188358,50.0,10.0,-0.02,233.6,2.7,30.7,1900.0,2972.99,10.0,2.0,2.5,NR5G-SA,n79,-107,-107,-11,2,-999,16.2
2026-05-28 10:58:20.597,2026-05-28 11:13:06.569,22.6614599,114.5188358,50.0,10.0,-0.03,233.6,2.7,33.6,1900.0,2972.99,10.0,2.0,2.5,NR5G-SA,n79,-107,-107,-11,2,-999,21.9
2026-05-28 10:58:20.798,2026-05-28 11:13:07.169,22.6614336,114.5187962,50.0,10.0,-0.02,233.6,0.0,33.6,1895.9,2978.00,10.0,2.0,2.5,NR5G-SA,n79,-99,-99,-11,19,-999,8.4
2026-05-28 10:58:20.998,2026-05-28 11:13:07.169,22.6614336,114.5187962,50.0,10.0,-0.08,233.6,0.0,33.6,1895.9,2978.00,10.0,2.0,2.5,NR5G-SA,n79,-99,-99,-11,19,-999,17.6
2026-05-28 10:58:21.199,2026-05-28 11:13:07.569,22.6614073,114.5187569,50.0,10.0,-0.08,233.3,0.0,33.6,1891.9,2982.99,10.0,2.0,2.5,NR5G-SA,n79,-99,-99,-11,19,-999,7.7
2026-05-28 10:58:21.399,2026-05-28 11:13:07.569,22.6614073,114.5187569,50.0,10.0,-0.11,233.3,0.0,33.6,1891.9,2982.99,10.0,2.0,2.5,NR5G-SA,n79,-100,-100,-10,19,-999,13.6
2026-05-28 10:58:21.599,2026-05-28 11:13:07.569,22.6613812,114.5187177,50.0,9.9,-0.01,233.4,0.0,31.3,1887.8,2987.95,10.0,2.0,2.5,NR5G-SA,n79,-100,-100,-10,19,-999,16.5
2026-05-28 10:58:21.800,2026-05-28 11:13:08.169,22.6613812,114.5187177,50.0,10.0,0.04,233.4,0.0,31.3,1887.8,2987.95,10.0,2.0,2.5,NR5G-SA,n79,-100,-100,-10,19,-999,10.6
2026-05-28 10:58:22.000,2026-05-28 11:13:08.169,22.6613608,114.5186870,50.0,10.0,-0.03,233.4,0.0,31.3,1884.7,2991.84,10.0,2.0,2.5,NR5G-SA,n79,-101,-101,-11,18,-999,14.1
2026-05-28 10:58:22.200,2026-05-28 11:13:08.569,22.6613608,114.5186870,50.0,10.0,-0.03,233.4,0.0,31.3,1884.7,2991.84,10.0,2.0,2.5,NR5G-SA,n79,-101,-101,-11,18,-999,8.0
2026-05-28 10:58:22.401,2026-05-28 11:13:08.769,22.6613477,114.5186673,50.0,9.9,-0.02,233.5,0.0,31.3,1882.6,2994.33,10.0,2.0,2.5,NR5G-SA,n79,-106,-106,-11,18,-999,5.9
2026-05-28 10:58:22.601,2026-05-28 11:13:08.969,22.6613346,114.5186477,50.0,10.0,-0.02,233.7,0.0,20.9,1880.6,2996.82,10.0,2.0,2.5,NR5G-SA,n79,-106,-106,-11,18,-999,7.1
2026-05-28 10:58:22.801,2026-05-28 11:13:08.969,22.6613215,114.5186280,50.0,10.0,-0.02,233.8,0.0,20.9,1878.6,2999.31,10.0,2.0,2.5,NR5G-SA,n79,-106,-106,-11,18,-999,12.9
2026-05-28 10:58:23.002,2026-05-28 11:13:08.969,22.6613215,114.5186280,50.0,10.0,-0.02,233.8,0.0,20.9,1878.6,2999.31,10.0,2.0,2.5,NR5G-SA,n79,-106,-106,-11,18,-999,12.9
2026-05-28 10:58:23.202,2026-05-28 11:13:08.969,22.6613215,114.5186280,50.0,10.0,-0.02,233.8,0.0,20.9,1878.6,2999.31,10.0,2.0,2.5,NR5G-SA,n79,-106,-106,-11,18,-999,12.9
2026-05-28 10:58:23.402,2026-05-28 11:13:08.969,22.6613215,114.5186280,50.0,10.0,-0.02,233.8,0.0,20.9,1878.6,2999.31,10.0,2.0,2.5,NR5G-SA,n79,-106,-106,-11,18,-999,12.9
2026-05-28 10:58:23.603,2026-05-28 11:13:09.169,22.6613215,114.5186280,50.0,10.0,-0.02,233.8,0.0,20.9,1878.6,2999.31,10.0,2.0,2.5,NR5G-SA,n79,-106,-106,-11,18,-999,24.4
2026-05-28 10:58:23.803,2026-05-28 11:13:09.169,22.6613215,114.5186280,50.0,10.0,-0.02,233.8,0.0,20.9,1878.6,2999.31,10.0,2.0,2.5,NR5G-SA,n79,-100,-100,-10,18,-999,35.9
2026-05-28 10:58:24.003,2026-05-28 11:13:10.169,22.6612561,114.5185295,50.0,10.0,0.01,234.5,0.0,83.5,1868.5,3011.78,10.0,2.0,2.5,NR5G-SA,n79,-101,-101,-10,0,-999,4.5
2026-05-28 10:58:24.204,2026-05-28 11:13:10.569,22.6612561,114.5185295,50.0,10.0,0.01,234.5,0.0,83.5,1868.5,3011.78,10.0,2.0,2.5,NR5G-SA,n79,-99,-99,-10,19,-999,8.8
2026-05-28 10:58:24.404,2026-05-28 11:13:10.769,22.6612430,114.5185097,50.0,10.0,0.00,234.5,0.0,83.5,1866.5,3014.28,10.0,2.0,2.5,NR5G-SA,n79,-99,-99,-10,19,-999,9.5
2026-05-28 10:58:24.604,2026-05-28 11:13:10.969,22.6612298,114.5184900,50.0,10.0,-0.04,234.4,0.0,83.5,1864.5,3016.78,10.0,2.0,2.5,NR5G-SA,n79,-102,-102,-11,19,-999,7.0
2026-05-28 10:58:24.805,2026-05-28 11:13:11.169,22.6612167,114.5184702,50.0,10.0,-0.05,234.4,0.0,83.5,1862.5,3019.28,10.0,2.0,2.5,NR5G-SA,n79,-102,-102,-11,19,-999,6.3
2026-05-28 10:58:25.005,2026-05-28 11:13:11.169,22.6612034,114.5184503,50.0,10.1,-0.02,234.5,0.0,84.3,1860.4,3021.81,10.0,2.0,2.5,NR5G-SA,n79,-102,-102,-11,19,-999,9.3
2026-05-28 10:58:25.205,2026-05-28 11:13:11.569,22.6612034,114.5184503,50.0,10.1,-0.02,234.5,0.0,84.3,1860.4,3021.81,10.0,2.0,2.5,NR5G-SA,n79,-105,-105,-11,19,-999,10.9
2026-05-28 10:58:25.406,2026-05-28 11:13:11.769,22.6611902,114.5184305,50.0,10.0,0.00,234.6,0.0,84.3,1858.4,3024.32,10.0,2.0,2.5,NR5G-SA,n79,-105,-105,-11,19,-999,11.4
2026-05-28 10:58:25.606,2026-05-28 11:13:11.969,22.6611770,114.5184106,50.0,10.0,0.02,234.7,0.0,84.3,1856.4,3026.83,10.0,2.0,2.5,NR5G-SA,n79,-105,-105,-11,19,-999,5.5
2026-05-28 10:58:25.806,2026-05-28 11:13:12.169,22.6611639,114.5183907,50.0,10.0,0.09,234.8,0.0,84.3,1854.4,3029.35,10.0,2.0,2.5,NR5G-SA,n79,-119,-119,-11,18,-999,5.5
2026-05-28 10:58:26.007,2026-05-28 11:13:12.169,22.6611508,114.5183709,50.0,10.0,0.01,234.7,0.0,79.4,1852.3,3031.85,10.0,2.0,2.5,NR5G-SA,n79,-119,-119,-11,18,-999,8.8
2026-05-28 10:58:26.207,2026-05-28 11:13:12.569,22.6611508,114.5183709,50.0,10.0,0.01,234.7,0.0,79.4,1852.3,3031.85,10.0,2.0,2.5,NR5G-SA,n79,-119,-119,-11,18,-999,5.7
2026-05-28 10:58:26.407,2026-05-28 11:13:12.569,22.6611508,114.5183709,50.0,10.0,0.01,234.7,0.0,79.4,1852.3,3031.85,10.0,2.0,2.5,NR5G-SA,n79,-119,-119,-11,18,-999,5.7
2026-05-28 10:58:26.608,2026-05-28 11:13:12.569,22.6611508,114.5183709,50.0,10.0,0.01,234.7,0.0,79.4,1852.3,3031.85,10.0,2.0,2.5,NR5G-SA,n79,-119,-119,-11,18,-999,5.7
2026-05-28 10:58:26.808,2026-05-28 11:13:12.569,22.6611508,114.5183709,50.0,10.0,0.01,234.7,0.0,79.4,1852.3,3031.85,10.0,2.0,2.5,NR5G-SA,n79,-119,-119,-11,18,-999,5.7
2026-05-28 10:58:27.008,2026-05-28 11:13:12.969,22.6611117,114.5183117,50.0,10.0,-0.02,235.1,44.1,79.4,1846.3,3039.33,10.0,2.0,2.5,NR5G-SA,n79,-107,-107,-11,18,-999,1.9
2026-05-28 10:58:27.209,2026-05-28 11:13:12.969,22.6611117,114.5183117,50.0,10.0,-0.02,235.1,44.1,79.4,1846.3,3039.33,10.0,2.0,2.5,NR5G-SA,n79,-107,-107,-11,18,-999,1.9
2026-05-28 10:58:27.409,2026-05-28 11:13:13.769,22.6610854,114.5182723,50.0,9.9,-0.09,234.9,44.1,134.4,1842.3,3044.32,10.0,2.0,2.5,NR5G-SA,n79,-101,-101,-11,0,-999,7.3
2026-05-28 10:58:27.609,2026-05-28 11:13:13.969,22.6610723,114.5182526,50.0,10.0,-0.03,234.9,44.1,134.4,1840.3,3046.82,10.0,2.0,2.5,NR5G-SA,n79,-101,-101,-11,0,-999,5.0
2026-05-28 10:58:27.810,2026-05-28 11:13:14.169,22.6610592,114.5182329,50.0,10.0,-0.02,235.0,44.1,134.4,1838.3,3049.31,10.0,2.0,2.5,NR5G-SA,n79,-96,-96,-10,17,-999,4.3
2026-05-28 10:58:28.010,2026-05-28 11:13:14.169,22.6610460,114.5182132,50.0,10.0,-0.02,235.1,37.9,134.4,1836.3,3051.81,10.0,2.0,2.5,NR5G-SA,n79,-95,-95,-10,17,-999,5.9
2026-05-28 10:58:28.210,2026-05-28 11:13:14.569,22.6610460,114.5182132,50.0,10.0,-0.02,235.1,37.9,134.4,1836.3,3051.81,10.0,2.0,2.5,NR5G-SA,n79,-95,-95,-10,17,-999,9.9
2026-05-28 10:58:28.411,2026-05-28 11:13:14.769,22.6610327,114.5181935,50.0,10.0,0.04,235.0,37.9,136.6,1834.3,3054.32,10.0,2.0,2.5,NR5G-SA,n79,-95,-95,-10,17,-999,10.1
2026-05-28 10:58:28.611,2026-05-28 11:13:14.969,22.6610196,114.5181737,50.0,10.0,0.01,235.0,37.9,136.6,1832.3,3056.82,10.0,2.0,2.5,NR5G-SA,n79,-101,-101,-11,19,-999,6.1
2026-05-28 10:58:28.811,2026-05-28 11:13:15.169,22.6610065,114.5181539,50.0,10.0,0.03,235.1,37.9,136.6,1830.3,3059.32,10.0,2.0,2.5,NR5G-SA,n79,-101,-101,-11,19,-999,6.1
2026-05-28 10:58:29.012,2026-05-28 11:13:15.169,22.6609935,114.5181341,50.0,10.0,-0.00,235.2,52.1,136.6,1828.3,3061.82,10.0,2.0,2.5,NR5G-SA,n79,-106,-106,-11,18,-999,7.4
2026-05-28 10:58:29.212,2026-05-28 11:13:15.569,22.6609935,114.5181341,50.0,10.0,-0.00,235.2,52.1,136.6,1828.3,3061.82,10.0,2.0,2.5,NR5G-SA,n79,-106,-106,-11,18,-999,14.0
2026-05-28 10:58:29.412,2026-05-28 11:13:15.769,22.6609805,114.5181143,50.0,10.0,-0.03,235.2,52.1,73.5,1826.3,3064.32,10.0,2.0,2.5,NR5G-SA,n79,-106,-106,-11,18,-999,10.7
2026-05-28 10:58:29.613,2026-05-28 11:13:15.969,22.6609674,114.5180945,50.0,10.0,0.03,235.2,52.1,73.5,1824.3,3066.82,10.0,2.0,2.5,NR5G-SA,n79,-101,-101,-10,18,-999,6.9
2026-05-28 10:58:29.813,2026-05-28 11:13:16.169,22.6609544,114.5180748,50.0,10.0,-0.04,235.1,52.1,73.5,1822.3,3069.31,10.0,2.0,2.5,NR5G-SA,n79,-101,-101,-10,18,-999,5.3
2026-05-28 10:58:30.013,2026-05-28 11:13:16.569,22.6609412,114.5180551,50.0,10.0,-0.01,235.3,32.8,73.5,1820.4,3071.81,10.0,2.0,2.5,NR5G-SA,n79,-101,-101,-10,18,-999,7.7
2026-05-28 10:58:30.214,2026-05-28 11:13:16.569,22.6609412,114.5180551,50.0,10.0,-0.01,235.3,32.8,73.5,1820.4,3071.81,10.0,2.0,2.5,NR5G-SA,n79,-99,-99,-11,18,-999,11.2
2026-05-28 10:58:30.414,2026-05-28 11:13:16.769,22.6609280,114.5180355,50.0,10.0,-0.06,235.4,32.8,73.5,1818.4,3074.30,10.0,2.0,2.5,NR5G-SA,n79,-99,-99,-11,18,-999,11.4
2026-05-28 10:58:30.614,2026-05-28 11:13:16.969,22.6609147,114.5180157,50.0,10.0,-0.01,235.5,32.8,73.5,1816.4,3076.82,10.0,2.0,2.5,NR5G-SA,n79,-99,-99,-11,18,-999,6.6
2026-05-28 10:58:30.815,2026-05-28 11:13:17.169,22.6609015,114.5179959,50.0,10.0,0.01,235.7,32.8,73.5,1814.4,3079.33,10.0,2.0,2.5,NR5G-SA,n79,-96,-96,-11,18,-999,5.8
2026-05-28 10:58:31.015,2026-05-28 11:13:17.169,22.6608884,114.5179761,50.0,10.0,0.02,235.8,30.2,73.5,1812.4,3081.83,10.0,2.0,2.5,NR5G-SA,n79,-96,-96,-11,18,-999,11.2
2026-05-28 10:58:31.215,2026-05-28 11:13:17.569,22.6608884,114.5179761,50.0,10.0,0.02,235.8,30.2,73.5,1812.4,3081.83,10.0,2.0,2.5,NR5G-SA,n79,-98,-98,-10,19,-999,12.7
2026-05-28 10:58:31.416,2026-05-28 11:13:17.769,22.6608753,114.5179565,50.0,10.0,-0.07,235.8,30.2,75.5,1810.4,3084.31,10.0,2.0,2.5,NR5G-SA,n79,-98,-98,-10,19,-999,9.4
2026-05-28 10:58:31.616,2026-05-28 11:13:17.969,22.6608621,114.5179368,50.0,10.0,0.02,235.7,30.2,75.5,1808.5,3086.82,10.0,2.0,2.5,NR5G-SA,n79,-98,-98,-10,19,-999,8.0
2026-05-28 10:58:31.816,2026-05-28 11:13:18.169,22.6608490,114.5179171,50.0,10.0,0.05,235.7,30.2,75.5,1806.5,3089.31,10.0,2.0,2.5,NR5G-SA,n79,-100,-100,-11,19,-999,5.3
2026-05-28 10:58:32.017,2026-05-28 11:13:18.569,22.6608357,114.5178975,50.0,10.0,-0.04,235.5,38.7,75.5,1804.5,3091.81,10.0,2.0,2.5,NR5G-SA,n79,-100,-100,-11,19,-999,6.7
2026-05-28 10:58:32.217,2026-05-28 11:13:18.569,22.6608357,114.5178975,50.0,10.0,-0.04,235.5,38.7,75.5,1804.5,3091.81,10.0,2.0,2.5,NR5G-SA,n79,-100,-100,-11,19,-999,10.3
2026-05-28 10:58:32.418,2026-05-28 11:13:18.769,22.6608226,114.5178779,50.0,10.0,-0.01,235.3,38.7,21.5,1802.5,3094.30,10.0,2.0,2.5,NR5G-SA,n79,-100,-100,-11,17,-999,8.7
2026-05-28 10:58:32.618,2026-05-28 11:13:18.969,22.6608095,114.5178581,50.0,10.0,-0.09,235.1,38.7,21.5,1800.6,3096.80,10.0,2.0,2.5,NR5G-SA,n79,-100,-100,-11,17,-999,5.4
2026-05-28 10:58:32.818,2026-05-28 11:13:19.169,22.6607963,114.5178383,50.0,10.0,-0.00,234.7,38.7,21.5,1798.6,3099.31,10.0,2.0,2.5,NR5G-SA,n79,-100,-100,-11,17,-999,7.1
2026-05-28 10:58:33.019,2026-05-28 11:13:19.169,22.6607832,114.5178186,50.0,10.0,0.00,234.7,22.2,21.5,1796.6,3101.80,10.0,2.0,2.5,NR5G-SA,n79,-107,-107,-11,15,-999,6.6
2026-05-28 10:58:33.219,2026-05-28 11:13:19.569,22.6607832,114.5178186,50.0,10.0,0.00,234.7,22.2,21.5,1796.6,3101.80,10.0,2.0,2.5,NR5G-SA,n79,-107,-107,-11,15,-999,14.8
2026-05-28 10:58:33.419,2026-05-28 11:13:19.769,22.6607699,114.5177988,50.0,10.0,0.03,234.5,22.2,22.0,1794.6,3104.32,10.0,2.0,2.5,NR5G-SA,n79,-102,-102,-11,18,-999,10.7
2026-05-28 10:58:33.620,2026-05-28 11:13:19.969,22.6607568,114.5177791,50.0,10.0,-0.05,234.3,22.2,22.0,1792.7,3106.81,10.0,2.0,2.5,NR5G-SA,n79,-102,-102,-11,18,-999,6.7
2026-05-28 10:58:33.820,2026-05-28 11:13:19.969,22.6607568,114.5177791,50.0,10.0,-0.05,234.3,22.2,22.0,1792.7,3106.81,10.0,2.0,2.5,NR5G-SA,n79,-102,-102,-11,18,-999,28.8
2026-05-28 10:58:34.020,2026-05-28 11:13:20.169,22.6607436,114.5177593,50.0,10.0,-0.05,234.1,22.2,22.0,1790.7,3109.32,10.0,2.0,2.5,NR5G-SA,n79,-102,-102,-11,18,-999,5.2
2026-05-28 10:58:34.221,2026-05-28 11:13:20.569,22.6607304,114.5177396,50.0,10.0,0.02,233.9,0.0,22.0,1788.7,3111.82,10.0,2.0,2.5,NR5G-SA,n79,-98,-98,-11,5,-999,10.8
2026-05-28 10:58:34.421,2026-05-28 11:13:20.769,22.6607172,114.5177199,50.0,10.0,0.02,233.8,0.0,23.7,1786.8,3114.32,10.0,2.0,2.5,NR5G-SA,n79,-98,-98,-11,5,-999,9.6
2026-05-28 10:58:34.622,2026-05-28 11:13:20.969,22.6607040,114.5177001,50.0,10.0,0.04,233.8,0.0,23.7,1784.8,3116.83,10.0,2.0,2.5,NR5G-SA,n79,-99,-99,-11,6,-999,6.2
2026-05-28 10:58:34.822,2026-05-28 11:13:21.169,22.6606909,114.5176802,50.0,10.0,0.01,233.7,0.0,23.7,1782.8,3119.34,10.0,2.0,2.5,NR5G-SA,n79,-99,-99,-11,6,-999,6.5
2026-05-28 10:58:35.022,2026-05-28 11:13:21.169,22.6606778,114.5176604,50.0,10.0,0.02,233.7,0.0,23.7,1780.8,3121.85,10.0,2.0,2.5,NR5G-SA,n79,-99,-99,-11,6,-999,12.8
2026-05-28 10:58:35.223,2026-05-28 11:13:21.569,22.6606778,114.5176604,50.0,10.0,0.02,233.7,11.0,23.7,1780.8,3121.85,10.0,2.0,2.5,NR5G-SA,n79,-95,-95,-11,21,-999,15.3
2026-05-28 10:58:35.423,2026-05-28 11:13:21.769,22.6606647,114.5176406,50.0,10.0,-0.03,233.8,11.0,23.7,1778.9,3124.35,10.0,2.0,2.5,NR5G-SA,n79,-95,-95,-11,21,-999,8.5
2026-05-28 10:58:35.623,2026-05-28 11:13:21.969,22.6606516,114.5176209,50.0,10.0,-0.01,233.9,11.0,24.6,1776.9,3126.84,10.0,2.0,2.5,NR5G-SA,n79,-98,-98,-10,21,-999,6.1
2026-05-28 10:58:35.824,2026-05-28 11:13:22.169,22.6606385,114.5176012,50.0,10.0,0.02,234.0,11.0,24.6,1775.0,3129.34,10.0,2.0,2.5,NR5G-SA,n79,-98,-98,-10,21,-999,5.8
2026-05-28 10:58:36.024,2026-05-28 11:13:22.169,22.6606254,114.5175814,50.0,10.0,-0.01,234.1,11.0,24.6,1773.0,3131.84,10.0,2.0,2.5,NR5G-SA,n79,-98,-98,-10,21,-999,7.9
2026-05-28 10:58:36.225,2026-05-28 11:13:22.569,22.6606254,114.5175814,50.0,10.0,-0.01,234.1,0.0,24.6,1773.0,3131.84,10.0,2.0,2.5,NR5G-SA,n79,-104,-104,-11,21,-999,14.2
2026-05-28 10:58:36.425,2026-05-28 11:13:22.769,22.6606124,114.5175616,50.0,10.0,0.08,234.1,0.0,24.6,1771.0,3134.34,10.0,2.0,2.5,NR5G-SA,n79,-104,-104,-11,21,-999,8.6
2026-05-28 10:58:36.625,2026-05-28 11:13:22.969,22.6605993,114.5175417,50.0,10.0,0.07,234.3,0.0,25.3,1769.0,3136.85,10.0,2.0,2.5,NR5G-SA,n79,-104,-104,-11,21,-999,6.8
2026-05-28 10:58:36.826,2026-05-28 11:13:23.169,22.6605863,114.5175219,50.0,10.0,0.03,234.4,0.0,25.3,1767.1,3139.34,10.0,2.0,2.5,NR5G-SA,n79,-98,-98,-10,19,-999,6.1
2026-05-28 10:58:37.026,2026-05-28 11:13:23.569,22.6605731,114.5175020,50.0,10.0,0.05,234.5,0.0,25.3,1765.1,3141.86,10.0,2.0,2.5,NR5G-SA,n79,-98,-98,-10,19,-999,5.1
2026-05-28 10:58:37.226,2026-05-28 11:13:23.569,22.6605731,114.5175020,50.0,10.0,0.05,234.5,0.0,25.3,1765.1,3141.86,10.0,2.0,2.5,NR5G-SA,n79,-98,-98,-10,19,-999,14.4
2026-05-28 10:58:37.427,2026-05-28 11:13:23.769,22.6605600,114.5174822,50.0,10.0,-0.04,234.5,0.0,25.3,1763.2,3144.36,10.0,2.0,2.5,NR5G-SA,n79,-96,-96,-10,20,-999,10.7
2026-05-28 10:58:37.627,2026-05-28 11:13:23.969,22.6605468,114.5174625,50.0,10.0,-0.10,234.3,0.0,25.1,1761.2,3146.87,10.0,2.0,2.5,NR5G-SA,n79,-96,-96,-10,20,-999,6.2
2026-05-28 10:58:37.827,2026-05-28 11:13:24.169,22.6605336,114.5174428,50.0,10.0,-0.06,234.0,0.0,25.1,1759.3,3149.37,10.0,2.0,2.5,NR5G-SA,n79,-96,-96,-10,20,-999,6.5
2026-05-28 10:58:38.028,2026-05-28 11:13:24.569,22.6605204,114.5174231,50.0,10.0,-0.06,233.7,0.0,25.1,1757.3,3151.87,10.0,2.0,2.5,NR5G-SA,n79,-94,-94,-10,20,-999,5.2
2026-05-28 10:58:38.228,2026-05-28 11:13:24.569,22.6605204,114.5174231,50.0,10.0,-0.06,233.7,0.0,25.1,1757.3,3151.87,10.0,2.0,2.5,NR5G-SA,n79,-94,-94,-10,20,-999,14.7
2026-05-28 10:58:38.428,2026-05-28 11:13:24.769,22.6605072,114.5174034,50.0,10.0,-0.03,233.6,0.0,25.1,1755.4,3154.37,10.0,2.0,2.5,NR5G-SA,n79,-91,-91,-10,19,-999,9.9
2026-05-28 10:58:38.629,2026-05-28 11:13:24.969,22.6604941,114.5173838,50.0,10.0,-0.01,233.8,0.0,23.4,1753.5,3156.85,10.0,2.0,2.5,NR5G-SA,n79,-91,-91,-10,19,-999,6.8
2026-05-28 10:58:38.829,2026-05-28 11:13:25.169,22.6604811,114.5173641,50.0,10.0,-0.01,233.9,0.0,23.4,1751.5,3159.34,10.0,2.0,2.5,NR5G-SA,n79,-91,-91,-10,19,-999,5.8
2026-05-28 10:58:39.030,2026-05-28 11:13:25.569,22.6604681,114.5173445,50.0,10.0,-0.02,234.0,0.0,23.4,1749.6,3161.82,10.0,2.0,2.5,NR5G-SA,n79,-94,-94,-10,19,-999,5.8
2026-05-28 10:58:39.230,2026-05-28 11:13:25.569,22.6604550,114.5173247,50.0,10.0,-0.03,234.1,11.7,23.4,1747.6,3164.32,10.0,2.0,2.5,NR5G-SA,n79,-94,-94,-10,19,-999,10.1
2026-05-28 10:58:39.430,2026-05-28 11:13:25.769,22.6604550,114.5173247,50.0,10.0,-0.03,234.1,11.7,23.4,1747.6,3164.32,10.0,2.0,2.5,NR5G-SA,n79,-94,-94,-10,19,-999,10.8
2026-05-28 10:58:39.631,2026-05-28 11:13:25.969,22.6604419,114.5173049,50.0,10.0,0.04,234.1,11.7,22.2,1745.7,3166.83,10.0,2.0,2.5,NR5G-SA,n79,-103,-103,-11,20,-999,6.7
2026-05-28 10:58:39.831,2026-05-28 11:13:26.169,22.6604289,114.5172850,50.0,10.0,0.01,234.1,11.7,22.2,1743.7,3169.33,10.0,2.0,2.5,NR5G-SA,n79,-103,-103,-11,20,-999,4.7
2026-05-28 10:58:40.031,2026-05-28 11:13:26.569,22.6604158,114.5172650,50.0,10.0,0.05,234.1,11.7,22.2,1741.8,3171.85,10.0,2.0,2.5,NR5G-SA,n79,-103,-103,-11,20,-999,4.6
2026-05-28 10:58:40.232,2026-05-28 11:13:26.569,22.6604158,114.5172650,50.0,10.0,0.05,234.1,11.7,22.2,1741.8,3171.85,10.0,2.0,2.5,NR5G-SA,n79,-102,-102,-11,18,-999,14.2
2026-05-28 10:58:40.432,2026-05-28 11:13:26.769,22.6604027,114.5172451,50.0,10.0,0.01,234.1,0.0,22.2,1739.8,3174.36,10.0,2.0,2.5,NR5G-SA,n79,-102,-102,-11,18,-999,8.0
2026-05-28 10:58:40.632,2026-05-28 11:13:26.969,22.6603895,114.5172252,50.0,10.0,-0.02,234.2,0.0,22.5,1737.9,3176.88,10.0,2.0,2.5,NR5G-SA,n79,-98,-98,-10,21,-999,6.6
2026-05-28 10:58:40.833,2026-05-28 11:13:27.169,22.6603764,114.5172054,50.0,10.0,0.01,234.4,0.0,22.5,1735.9,3179.38,10.0,2.0,2.5,NR5G-SA,n79,-98,-98,-10,21,-999,4.0
2026-05-28 10:58:41.033,2026-05-28 11:13:27.569,22.6603633,114.5171857,50.0,10.0,0.02,234.5,0.0,22.5,1734.0,3181.88,10.0,2.0,2.5,NR5G-SA,n79,-98,-98,-10,21,-999,4.5
2026-05-28 10:58:41.233,2026-05-28 11:13:27.569,22.6603503,114.5171659,50.0,10.0,0.05,234.7,0.0,22.5,1732.1,3184.37,10.0,2.0,2.5,NR5G-SA,n79,-97,-97,-10,21,-999,10.8
2026-05-28 10:58:41.434,2026-05-28 11:13:27.769,22.6603503,114.5171659,50.0,10.0,0.05,234.7,20.7,22.5,1732.1,3184.37,10.0,2.0,2.5,NR5G-SA,n79,-97,-97,-10,21,-999,11.5
2026-05-28 10:58:41.634,2026-05-28 11:13:27.969,22.6603372,114.5171462,50.0,10.0,0.05,234.8,20.7,20.8,1730.1,3186.87,10.0,2.0,2.5,NR5G-SA,n79,-97,-97,-10,21,-999,8.0
2026-05-28 10:58:41.834,2026-05-28 11:13:28.169,22.6603240,114.5171265,50.0,9.9,0.06,234.7,20.7,20.8,1728.2,3189.37,10.0,2.0,2.5,NR5G-SA,n79,-91,-91,-10,21,-999,6.8
2026-05-28 10:58:42.035,2026-05-28 11:13:28.169,22.6603109,114.5171068,50.0,10.0,-0.03,234.6,20.7,20.8,1726.3,3191.86,10.0,2.0,2.5,NR5G-SA,n79,-91,-91,-10,21,-999,9.0
2026-05-28 10:58:42.235,2026-05-28 11:13:28.569,22.6603109,114.5171068,50.0,10.0,-0.03,234.6,20.7,20.8,1726.3,3191.86,10.0,2.0,2.5,NR5G-SA,n79,-91,-91,-10,21,-999,14.8
2026-05-28 10:58:42.435,2026-05-28 11:13:28.769,22.6602978,114.5170871,50.0,10.0,-0.02,234.7,39.9,20.8,1724.4,3194.36,10.0,2.0,2.5,NR5G-SA,n79,-93,-93,-10,22,-999,12.1
2026-05-28 10:58:42.636,2026-05-28 11:13:28.969,22.6602848,114.5170674,50.0,9.9,-0.04,234.8,39.9,19.9,1722.5,3196.84,10.0,2.0,2.5,NR5G-SA,n79,-93,-93,-10,22,-999,6.2
2026-05-28 10:58:42.836,2026-05-28 11:13:29.169,22.6602718,114.5170478,50.0,10.0,-0.02,234.8,39.9,19.9,1720.6,3199.32,10.0,2.0,2.5,NR5G-SA,n79,-95,-95,-10,21,-999,5.8
2026-05-28 10:58:43.036,2026-05-28 11:13:29.169,22.6602587,114.5170282,50.0,9.9,-0.00,235.0,39.9,19.9,1718.6,3201.81,10.0,2.0,2.5,NR5G-SA,n79,-95,-95,-10,21,-999,8.3
2026-05-28 10:58:43.237,2026-05-28 11:13:29.569,22.6602456,114.5170085,50.0,10.0,0.01,235.2,39.9,19.9,1716.7,3204.30,10.0,2.0,2.5,NR5G-SA,n79,-95,-95,-10,21,-999,12.8
2026-05-28 10:58:43.437,2026-05-28 11:13:29.769,22.6602456,114.5170085,50.0,10.0,0.01,235.2,28.4,19.9,1716.7,3204.30,10.0,2.0,2.5,NR5G-SA,n79,-97,-97,-11,22,-999,10.5
2026-05-28 10:58:43.638,2026-05-28 11:13:29.969,22.6602324,114.5169888,50.0,10.0,-0.03,234.8,28.4,19.9,1714.8,3206.81,10.0,2.0,2.5,NR5G-SA,n79,-97,-97,-11,22,-999,6.6
2026-05-28 10:58:43.838,2026-05-28 11:13:30.169,22.6602192,114.5169691,50.0,10.0,-0.04,234.4,28.4,19.0,1712.9,3209.31,10.0,2.0,2.5,NR5G-SA,n79,-97,-97,-11,22,-999,6.3
2026-05-28 10:58:44.038,2026-05-28 11:13:30.569,22.6602059,114.5169493,49.9,10.0,0.05,234.4,28.4,19.0,1711.0,3211.82,10.0,2.0,2.5,NR5G-SA,n79,-102,-102,-11,21,-999,5.3
2026-05-28 10:58:44.239,2026-05-28 11:13:30.569,22.6601927,114.5169297,49.9,10.0,0.05,234.5,28.4,19.0,1709.1,3214.32,10.0,2.0,2.5,NR5G-SA,n79,-102,-102,-11,21,-999,14.0
2026-05-28 10:58:44.439,2026-05-28 11:13:30.769,22.6601927,114.5169297,49.9,10.0,0.10,234.5,0.0,19.0,1709.1,3214.32,10.0,2.0,2.5,NR5G-SA,n79,-102,-102,-11,21,-999,11.2
2026-05-28 10:58:44.639,2026-05-28 11:13:30.969,22.6601795,114.5169100,50.0,9.9,0.04,234.6,0.0,19.0,1707.2,3216.82,10.0,2.0,2.5,NR5G-SA,n79,-94,-94,-10,20,-999,8.3
2026-05-28 10:58:44.840,2026-05-28 11:13:31.169,22.6601665,114.5168904,50.0,10.0,0.04,234.8,0.0,19.5,1705.3,3219.30,10.0,2.0,2.5,NR5G-SA,n79,-94,-94,-10,20,-999,5.2
2026-05-28 10:58:45.040,2026-05-28 11:13:31.569,22.6601534,114.5168708,50.0,10.0,0.03,234.9,0.0,19.5,1703.4,3221.78,10.0,2.0,2.5,NR5G-SA,n79,-93,-93,-10,19,-999,6.4
2026-05-28 10:58:45.241,2026-05-28 11:13:31.569,22.6601403,114.5168511,50.0,9.9,-0.04,235.1,0.0,19.5,1701.5,3224.28,10.0,2.0,2.5,NR5G-SA,n79,-93,-93,-10,19,-999,14.6
2026-05-28 10:58:45.441,2026-05-28 11:13:31.769,22.6601403,114.5168511,50.0,9.9,-0.04,235.1,35.2,19.5,1701.5,3224.28,10.0,2.0,2.5,NR5G-SA,n79,-93,-93,-10,19,-999,11.8
2026-05-28 10:58:45.641,2026-05-28 11:13:31.969,22.6601273,114.5168313,50.0,9.9,0.05,235.2,35.2,19.5,1699.6,3226.77,10.0,2.0,2.5,NR5G-SA,n79,-92,-92,-10,20,-999,8.5
2026-05-28 10:58:45.842,2026-05-28 11:13:32.169,22.6601141,114.5168116,50.0,9.9,0.03,235.0,35.2,19.3,1697.7,3229.27,10.0,2.0,2.5,NR5G-SA,n79,-92,-92,-10,20,-999,5.2
2026-05-28 10:58:46.042,2026-05-28 11:13:32.169,22.6601008,114.5167920,50.0,10.0,-0.08,234.8,35.2,19.3,1695.8,3231.77,10.0,2.0,2.5,NR5G-SA,n79,-92,-92,-10,20,-999,10.5
2026-05-28 10:58:46.242,2026-05-28 11:13:32.569,22.6600876,114.5167724,50.0,10.0,-0.04,234.7,35.2,19.3,1693.9,3234.26,10.0,2.0,2.5,NR5G-SA,n79,-93,-93,-10,21,-999,10.4
2026-05-28 10:58:46.443,2026-05-28 11:13:32.769,22.6600876,114.5167724,50.0,10.0,-0.04,234.7,27.2,19.3,1693.9,3234.26,10.0,2.0,2.5,NR5G-SA,n79,-93,-93,-10,21,-999,9.5
2026-05-28 10:58:46.643,2026-05-28 11:13:32.969,22.6600745,114.5167527,50.0,10.0,-0.06,234.8,27.2,19.3,1692.0,3236.76,10.0,2.0,2.5,NR5G-SA,n79,-93,-93,-10,21,-999,6.5
2026-05-28 10:58:46.844,2026-05-28 11:13:33.169,22.6600614,114.5167328,50.0,10.0,-0.02,234.7,27.2,19.7,1690.1,3239.27,10.0,2.0,2.5,NR5G-SA,n79,-96,-96,-11,20,-999,7.0
2026-05-28 10:58:47.044,2026-05-28 11:13:33.569,22.6600483,114.5167130,50.0,10.0,-0.01,234.5,27.2,19.7,1688.2,3241.77,10.0,2.0,2.5,NR5G-SA,n79,-96,-96,-11,20,-999,6.7
2026-05-28 10:58:47.244,2026-05-28 11:13:33.569,22.6600352,114.5166933,50.0,10.0,0.07,234.0,27.2,19.7,1686.3,3244.27,10.0,2.0,2.5,NR5G-SA,n79,-101,-101,-11,20,-999,13.4
2026-05-28 10:58:47.445,2026-05-28 11:13:33.769,22.6600352,114.5166933,50.0,10.0,0.07,234.0,58.5,19.7,1686.3,3244.27,10.0,2.0,2.5,NR5G-SA,n79,-101,-101,-11,20,-999,8.0
2026-05-28 10:58:47.645,2026-05-28 11:13:33.969,22.6600220,114.5166736,50.0,10.0,-0.01,233.7,58.5,19.7,1684.4,3246.77,10.0,2.0,2.5,NR5G-SA,n79,-101,-101,-11,20,-999,4.7
2026-05-28 10:58:47.845,2026-05-28 11:13:34.169,22.6600087,114.5166539,50.0,10.0,0.06,233.6,58.5,23.6,1682.6,3249.28,10.0,2.0,2.5,NR5G-SA,n79,-44,-44,-11,19,-999,11.7
2026-05-28 10:58:48.046,2026-05-28 11:13:34.169,22.6599955,114.5166342,50.0,10.0,0.01,233.5,58.5,23.6,1680.7,3251.78,10.0,2.0,2.5,NR5G-SA,n79,-44,-44,-11,19,-999,7.5
2026-05-28 10:58:48.246,2026-05-28 11:13:34.569,22.6599823,114.5166144,50.0,10.0,-0.06,233.5,58.5,23.6,1678.8,3254.29,10.0,2.0,2.5,NR5G-SA,n79,-44,-44,-11,19,-999,10.5
2026-05-28 10:58:48.447,2026-05-28 11:13:34.769,22.6599823,114.5166144,50.0,10.0,-0.06,233.5,18.1,23.6,1678.8,3254.29,10.0,2.0,2.5,NR5G-SA,n79,-98,-98,-11,8,-999,9.5
2026-05-28 10:58:48.647,2026-05-28 11:13:34.969,22.6599692,114.5165947,50.0,10.0,-0.03,233.4,18.1,23.6,1676.9,3256.78,10.0,2.0,2.5,NR5G-SA,n79,-98,-98,-11,8,-999,5.6
2026-05-28 10:58:48.847,2026-05-28 11:13:35.169,22.6599561,114.5165748,50.0,10.0,0.11,234.0,18.1,25.5,1675.0,3259.29,10.0,2.0,2.5,NR5G-SA,n79,-98,-98,-11,8,-999,5.1
2026-05-28 10:58:49.048,2026-05-28 11:13:35.569,22.6599432,114.5165549,50.0,10.0,0.20,234.3,18.1,25.5,1673.1,3261.79,10.0,2.0,2.5,NR5G-SA,n79,-98,-98,-11,8,-999,6.4
2026-05-28 10:58:49.248,2026-05-28 11:13:35.569,22.6599432,114.5165549,50.0,10.0,0.08,234.3,18.1,25.5,1673.1,3261.79,10.0,2.0,2.5,NR5G-SA,n79,-98,-98,-11,8,-999,18.5
2026-05-28 10:58:49.448,2026-05-28 11:13:35.569,22.6599432,114.5165549,50.0,10.0,0.08,234.3,0.0,25.5,1673.1,3261.79,10.0,2.0,2.5,NR5G-SA,n79,-94,-94,-10,20,-999,20.6
2026-05-28 10:58:49.648,2026-05-28 11:13:36.169,22.6599119,114.5165075,50.1,10.0,0.03,233.2,0.0,25.5,1668.6,3267.78,10.0,2.0,2.5,NR5G-SA,n79,-94,-94,-10,20,-999,7.4
2026-05-28 10:58:49.849,2026-05-28 11:13:36.169,22.6599119,114.5165075,50.1,10.0,0.01,233.2,0.0,24.6,1668.6,3267.78,10.0,2.0,2.5,NR5G-SA,n79,-94,-94,-10,20,-999,13.0
2026-05-28 10:58:50.049,2026-05-28 11:13:36.169,22.6599119,114.5165075,50.1,10.0,-0.05,233.2,0.0,24.6,1668.6,3267.78,10.0,2.0,2.5,NR5G-SA,n79,-98,-98,-11,22,-999,21.3
2026-05-28 10:58:50.249,2026-05-28 11:13:36.569,22.6598854,114.5164678,50.1,10.1,-0.06,232.7,0.0,24.6,1664.8,3272.81,10.0,2.0,2.5,NR5G-SA,n79,-98,-98,-11,22,-999,7.2
2026-05-28 10:58:50.450,2026-05-28 11:13:36.569,22.6598854,114.5164678,50.1,10.1,-0.06,232.7,31.9,24.6,1664.8,3272.81,10.0,2.0,2.5,NR5G-SA,n79,-98,-98,-11,22,-999,12.3
2026-05-28 10:58:50.650,2026-05-28 11:13:37.169,22.6598591,114.5164279,50.0,10.1,-0.11,232.9,31.9,24.6,1661.0,3277.85,10.0,2.0,2.5,NR5G-SA,n79,-106,-106,-11,21,-999,6.3
2026-05-28 10:58:50.850,2026-05-28 11:13:37.169,22.6598591,114.5164279,50.0,10.0,-0.02,232.9,31.9,23.2,1661.0,3277.85,10.0,2.0,2.5,NR5G-SA,n79,-106,-106,-11,21,-999,14.6
2026-05-28 10:58:51.051,2026-05-28 11:13:37.169,22.6598591,114.5164279,50.0,10.0,-0.08,232.9,31.9,23.2,1661.0,3277.85,10.0,2.0,2.5,NR5G-SA,n79,-106,-106,-11,21,-999,24.4
2026-05-28 10:58:51.251,2026-05-28 11:13:37.569,22.6598330,114.5163882,50.0,10.0,-0.05,233.2,31.9,23.2,1657.3,3282.86,10.0,2.0,2.5,NR5G-SA,n79,-104,-104,-11,20,-999,11.0
2026-05-28 10:58:51.451,2026-05-28 11:13:37.569,22.6598330,114.5163882,50.0,10.0,-0.05,233.2,29.0,23.2,1657.3,3282.86,10.0,2.0,2.5,NR5G-SA,n79,-104,-104,-11,20,-999,15.8
2026-05-28 10:58:51.652,2026-05-28 11:13:38.169,22.6598070,114.5163490,50.0,10.0,-0.08,233.3,29.0,23.2,1653.6,3287.81,10.0,2.0,2.5,NR5G-SA,n79,-104,-104,-11,20,-999,7.3
2026-05-28 10:58:51.852,2026-05-28 11:13:38.169,22.6598070,114.5163490,50.0,10.0,-0.03,233.3,29.0,23.2,1653.6,3287.81,10.0,2.0,2.5,NR5G-SA,n79,-102,-102,-11,20,-999,16.4
2026-05-28 10:58:52.053,2026-05-28 11:13:38.569,22.6597858,114.5163176,50.0,9.9,-0.01,233.4,29.0,23.9,1650.6,3291.81,10.0,2.0,2.5,NR5G-SA,n79,-102,-102,-11,20,-999,6.9
2026-05-28 10:58:52.253,2026-05-28 11:13:38.569,22.6597726,114.5162979,50.0,10.0,0.05,233.7,29.0,23.9,1648.7,3294.31,10.0,2.0,2.5,NR5G-SA,n79,-103,-103,-11,21,-999,11.9
2026-05-28 10:58:52.453,2026-05-28 11:13:38.769,22.6597726,114.5162979,50.0,10.0,0.05,233.7,29.0,23.9,1648.7,3294.31,10.0,2.0,2.5,NR5G-SA,n79,-103,-103,-11,21,-999,10.8
2026-05-28 10:58:52.654,2026-05-28 11:13:38.969,22.6597595,114.5162780,50.0,10.0,0.01,233.9,0.0,23.9,1646.9,3296.82,10.0,2.0,2.5,NR5G-SA,n79,-103,-103,-11,21,-999,8.1
2026-05-28 10:58:52.854,2026-05-28 11:13:39.169,22.6597463,114.5162581,50.0,10.0,-0.01,234.3,0.0,23.9,1645.0,3299.34,10.0,2.0,2.5,NR5G-SA,n79,-98,-98,-11,20,-999,5.7
2026-05-28 10:58:53.054,2026-05-28 11:13:39.569,22.6597332,114.5162384,50.0,10.0,-0.04,234.4,0.0,21.4,1643.1,3301.83,10.0,2.0,2.5,NR5G-SA,n79,-98,-98,-11,20,-999,5.6
2026-05-28 10:58:53.255,2026-05-28 11:13:39.569,22.6597201,114.5162187,50.0,10.0,-0.00,234.5,0.0,21.4,1641.3,3304.33,10.0,2.0,2.5,NR5G-SA,n79,-98,-98,-11,20,-999,9.6
2026-05-28 10:58:53.455,2026-05-28 11:13:39.769,22.6597201,114.5162187,50.0,10.0,-0.00,234.5,0.0,21.4,1641.3,3304.33,10.0,2.0,2.5,NR5G-SA,n79,-97,-97,-11,18,-999,11.5
2026-05-28 10:58:53.655,2026-05-28 11:13:39.969,22.6597070,114.5161990,50.0,10.0,-0.01,234.5,21.7,21.4,1639.4,3306.82,10.0,2.0,2.5,NR5G-SA,n79,-97,-97,-11,18,-999,5.7
2026-05-28 10:58:53.856,2026-05-28 11:13:40.169,22.6596939,114.5161793,50.0,10.0,0.03,234.5,21.7,21.4,1637.6,3309.32,10.0,2.0,2.5,NR5G-SA,n79,-97,-97,-11,18,-999,6.5
2026-05-28 10:58:54.056,2026-05-28 11:13:40.569,22.6596808,114.5161597,50.0,10.0,0.04,234.5,21.7,20.6,1635.8,3311.80,10.0,2.0,2.5,NR5G-SA,n79,-99,-99,-11,18,-999,5.1
2026-05-28 10:58:54.256,2026-05-28 11:13:40.569,22.6596676,114.5161400,50.0,10.0,-0.03,234.6,21.7,20.6,1633.9,3314.31,10.0,2.0,2.5,NR5G-SA,n79,-99,-99,-11,18,-999,10.9
2026-05-28 10:58:54.457,2026-05-28 11:13:40.769,22.6596676,114.5161400,50.0,10.0,-0.03,234.6,21.7,20.6,1633.9,3314.31,10.0,2.0,2.5,NR5G-SA,n79,-101,-101,-11,18,-999,8.1
2026-05-28 10:58:54.657,2026-05-28 11:13:40.969,22.6596545,114.5161203,50.0,10.0,-0.02,234.6,39.5,20.6,1632.1,3316.80,10.0,2.0,2.5,NR5G-SA,n79,-101,-101,-11,18,-999,5.7
2026-05-28 10:58:54.857,2026-05-28 11:13:41.169,22.6596413,114.5161005,50.0,10.0,0.02,234.6,39.5,20.6,1630.2,3319.31,10.0,2.0,2.5,NR5G-SA,n79,-101,-101,-11,18,-999,5.0
2026-05-28 10:58:55.058,2026-05-28 11:13:41.569,22.6596282,114.5160807,50.0,10.0,0.03,234.6,39.5,21.1,1628.4,3321.81,10.0,2.0,2.5,NR5G-SA,n79,-101,-101,-11,18,-999,6.8
2026-05-28 10:58:55.258,2026-05-28 11:13:41.569,22.6596151,114.5160609,50.0,10.0,0.02,234.5,39.5,21.1,1626.5,3324.31,10.0,2.0,2.5,NR5G-SA,n79,-101,-101,-11,18,-999,11.5
2026-05-28 10:58:55.458,2026-05-28 11:13:41.769,22.6596151,114.5160609,50.0,10.0,0.02,234.5,39.5,21.1,1626.5,3324.31,10.0,2.0,2.5,NR5G-SA,n79,-101,-101,-11,18,-999,11.2
2026-05-28 10:58:55.659,2026-05-28 11:13:41.969,22.6596019,114.5160410,50.0,10.0,-0.00,234.4,29.4,21.1,1624.7,3326.83,10.0,2.0,2.5,NR5G-SA,n79,-102,-102,-11,19,-999,7.0
2026-05-28 10:58:55.859,2026-05-28 11:13:42.169,22.6595888,114.5160212,50.0,10.0,-0.05,234.3,29.4,21.1,1622.8,3329.33,10.0,2.0,2.5,NR5G-SA,n79,-102,-102,-11,19,-999,6.4
2026-05-28 10:58:56.059,2026-05-28 11:13:42.569,22.6595757,114.5160015,50.0,10.0,-0.07,234.2,29.4,21.7,1621.0,3331.83,10.0,2.0,2.5,NR5G-SA,n79,-102,-102,-11,19,-999,5.8
2026-05-28 10:58:56.260,2026-05-28 11:13:42.569,22.6595626,114.5159818,50.0,10.0,-0.02,234.2,29.4,21.7,1619.2,3334.32,10.0,2.0,2.5,NR5G-SA,n79,-95,-95,-11,19,-999,9.0
2026-05-28 10:58:56.460,2026-05-28 11:13:42.769,22.6595626,114.5159818,50.0,10.0,-0.02,234.2,29.4,21.7,1619.2,3334.32,10.0,2.0,2.5,NR5G-SA,n79,-95,-95,-11,19,-999,11.3
2026-05-28 10:58:56.661,2026-05-28 11:13:42.969,22.6595495,114.5159622,50.0,10.0,-0.06,234.2,34.0,21.7,1617.4,3336.81,10.0,2.0,2.5,NR5G-SA,n79,-98,-98,-11,20,-999,7.8
2026-05-28 10:58:56.861,2026-05-28 11:13:43.169,22.6595364,114.5159425,50.0,10.0,-0.06,234.2,34.0,21.7,1615.5,3339.30,10.0,2.0,2.5,NR5G-SA,n79,-98,-98,-11,20,-999,6.3
2026-05-28 10:58:57.061,2026-05-28 11:13:43.569,22.6595233,114.5159229,50.0,10.0,-0.05,234.3,34.0,22.5,1613.7,3341.79,10.0,2.0,2.5,NR5G-SA,n79,-98,-98,-11,20,-999,6.2
2026-05-28 10:58:57.262,2026-05-28 11:13:43.569,22.6595102,114.5159032,50.0,10.0,0.01,234.5,34.0,22.5,1611.9,3344.28,10.0,2.0,2.5,NR5G-SA,n79,-96,-96,-10,21,-999,9.5
2026-05-28 10:58:57.462,2026-05-28 11:13:43.769,22.6595102,114.5159032,50.0,10.0,0.01,234.5,34.0,22.5,1611.9,3344.28,10.0,2.0,2.5,NR5G-SA,n79,-96,-96,-10,21,-999,13.8
2026-05-28 10:58:57.662,2026-05-28 11:13:43.969,22.6594971,114.5158836,50.0,10.0,-0.02,234.6,36.0,22.5,1610.1,3346.77,10.0,2.0,2.5,NR5G-SA,n79,-96,-96,-10,21,-999,6.7
2026-05-28 10:58:57.863,2026-05-28 11:13:44.169,22.6594840,114.5158638,50.0,10.0,-0.03,234.5,36.0,22.5,1608.3,3349.27,10.0,2.0,2.5,NR5G-SA,n79,-99,-99,-11,21,-999,5.3
2026-05-28 10:58:58.063,2026-05-28 11:13:44.569,22.6594708,114.5158441,50.0,10.0,0.08,234.5,36.0,22.2,1606.5,3351.77,10.0,2.0,2.5,NR5G-SA,n79,-99,-99,-11,21,-999,5.2
2026-05-28 10:58:58.263,2026-05-28 11:13:44.569,22.6594576,114.5158243,50.0,10.0,0.00,234.4,36.0,22.2,1604.6,3354.28,10.0,2.0,2.5,NR5G-SA,n79,-99,-99,-11,21,-999,9.1
2026-05-28 10:58:58.464,2026-05-28 11:13:44.769,22.6594576,114.5158243,50.0,10.0,0.00,234.4,36.0,22.2,1604.6,3354.28,10.0,2.0,2.5,NR5G-SA,n79,-102,-102,-11,21,-999,12.2
2026-05-28 10:58:58.664,2026-05-28 11:13:44.969,22.6594445,114.5158046,50.0,10.0,0.01,234.5,42.7,22.2,1602.8,3356.78,10.0,2.0,2.5,NR5G-SA,n79,-102,-102,-11,21,-999,6.4
2026-05-28 10:58:58.865,2026-05-28 11:13:45.169,22.6594314,114.5157849,50.0,10.0,0.05,234.6,42.7,22.2,1601.0,3359.27,10.0,2.0,2.5,NR5G-SA,n79,-102,-102,-11,21,-999,8.3
2026-05-28 10:58:59.065,2026-05-28 11:13:45.169,22.6594184,114.5157652,50.0,10.0,0.02,234.6,42.7,23.6,1599.2,3361.76,10.0,2.0,2.5,NR5G-SA,n79,-103,-103,-11,21,-999,9.9
2026-05-28 10:58:59.265,2026-05-28 11:13:45.569,22.6594054,114.5157455,50.0,9.9,-0.01,234.7,42.7,23.6,1597.4,3364.25,10.0,2.0,2.5,NR5G-SA,n79,-103,-103,-11,21,-999,9.7
2026-05-28 10:58:59.466,2026-05-28 11:13:45.769,22.6594054,114.5157455,50.0,9.9,-0.01,234.7,42.7,23.6,1597.4,3364.25,10.0,2.0,2.5,NR5G-SA,n79,-100,-100,-11,17,-999,10.3
2026-05-28 10:58:59.666,2026-05-28 11:13:45.969,22.6593925,114.5157258,50.0,9.9,-0.09,234.8,40.7,23.6,1595.6,3366.73,10.0,2.0,2.5,NR5G-SA,n79,-100,-100,-11,17,-999,5.4
2026-05-28 10:58:59.866,2026-05-28 11:13:46.169,22.6593793,114.5157061,50.0,10.0,-0.04,234.9,40.7,23.6,1593.8,3369.23,10.0,2.0,2.5,NR5G-SA,n79,-100,-100,-11,17,-999,6.0
2026-05-28 10:59:00.067,2026-05-28 11:13:46.569,22.6593661,114.5156863,49.9,10.0,0.03,234.9,40.7,23.6,1592.0,3371.74,10.0,2.0,2.5,NR5G-SA,n79,-103,-103,-11,18,-999,5.0
2026-05-28 10:59:00.267,2026-05-28 11:13:46.569,22.6593529,114.5156666,49.9,10.0,0.07,234.7,40.7,23.1,1590.2,3374.24,10.0,2.0,2.5,NR5G-SA,n79,-103,-103,-11,18,-999,9.8
2026-05-28 10:59:00.468,2026-05-28 11:13:46.769,22.6593529,114.5156666,49.9,10.0,0.07,234.7,40.7,23.1,1590.2,3374.24,10.0,2.0,2.5,NR5G-SA,n79,-103,-103,-11,18,-999,10.1
2026-05-28 10:59:00.668,2026-05-28 11:13:46.969,22.6593395,114.5156469,50.0,10.0,0.12,234.6,18.6,23.1,1588.4,3376.75,10.0,2.0,2.5,NR5G-SA,n79,-105,-105,-11,18,-999,7.4
2026-05-28 10:59:00.868,2026-05-28 11:13:47.169,22.6593263,114.5156272,50.0,10.0,0.03,234.3,18.6,23.1,1586.6,3379.26,10.0,2.0,2.5,NR5G-SA,n79,-105,-105,-11,18,-999,5.0
2026-05-28 10:59:01.069,2026-05-28 11:13:47.569,22.6593130,114.5156075,50.0,10.0,0.02,234.1,18.6,23.1,1584.8,3381.76,10.0,2.0,2.5,NR5G-SA,n79,-102,-102,-11,18,-999,5.2
2026-05-28 10:59:01.269,2026-05-28 11:13:47.569,22.6593130,114.5156075,50.0,10.0,0.02,234.1,18.6,24.2,1584.8,3381.76,10.0,2.0,2.5,NR5G-SA,n79,-102,-102,-11,18,-999,7.4
2026-05-28 10:59:01.470,2026-05-28 11:13:47.769,22.6592998,114.5155878,50.0,10.0,0.07,234.0,18.6,24.2,1583.0,3384.26,10.0,2.0,2.5,NR5G-SA,n79,-102,-102,-11,18,-999,4.9
2026-05-28 10:59:01.670,2026-05-28 11:13:47.969,22.6592866,114.5155680,50.0,10.0,-0.00,233.7,0.0,24.2,1581.2,3386.77,10.0,2.0,2.5,NR5G-SA,n79,-98,-98,-11,22,-999,5.6
2026-05-28 10:59:01.870,2026-05-28 11:13:48.169,22.6592733,114.5155483,50.0,10.0,0.06,233.5,0.0,24.2,1579.4,3389.28,10.0,2.0,2.5,NR5G-SA,n79,-98,-98,-11,22,-999,5.1
2026-05-28 10:59:02.071,2026-05-28 11:13:48.569,22.6592601,114.5155285,50.0,10.0,0.04,233.3,0.0,24.2,1577.6,3391.79,10.0,2.0,2.5,NR5G-SA,n79,-98,-98,-11,22,-999,5.6
2026-05-28 10:59:02.271,2026-05-28 11:13:48.769,22.6592469,114.5155086,50.0,10.0,0.05,233.6,0.0,24.2,1575.8,3394.31,10.0,2.0,2.5,NR5G-SA,n79,-99,-99,-11,21,-999,7.4
2026-05-28 10:59:02.472,2026-05-28 11:13:48.769,22.6592340,114.5154887,50.0,10.0,-0.04,234.1,0.0,24.2,1574.0,3396.81,10.0,2.0,2.5,NR5G-SA,n79,-99,-99,-11,21,-999,13.4
2026-05-28 10:59:02.672,2026-05-28 11:13:48.969,22.6592340,114.5154887,50.0,10.0,-0.04,234.1,8.6,24.2,1574.0,3396.81,10.0,2.0,2.5,NR5G-SA,n79,-99,-99,-11,21,-999,7.3
2026-05-28 10:59:02.872,2026-05-28 11:13:49.169,22.6592211,114.5154687,50.0,10.1,-0.08,234.6,8.6,24.2,1572.2,3399.31,10.0,2.0,2.5,NR5G-SA,n79,-102,-102,-11,20,-999,5.3
2026-05-28 10:59:03.073,2026-05-28 11:13:49.569,22.6592082,114.5154488,50.0,10.0,-0.04,234.7,8.6,24.2,1570.4,3401.81,10.0,2.0,2.5,NR5G-SA,n79,-102,-102,-11,20,-999,7.1
2026-05-28 10:59:03.273,2026-05-28 11:13:49.569,22.6591952,114.5154289,50.0,10.0,0.10,234.9,8.6,23.0,1568.6,3404.32,10.0,2.0,2.5,NR5G-SA,n79,-101,-101,-11,20,-999,8.9
2026-05-28 10:59:03.474,2026-05-28 11:13:49.769,22.6591820,114.5154090,50.0,10.0,0.10,235.1,8.6,23.0,1566.8,3406.83,10.0,2.0,2.5,NR5G-SA,n79,-101,-101,-11,20,-999,13.4
2026-05-28 10:59:03.674,2026-05-28 11:13:49.969,22.6591820,114.5154090,50.0,10.0,0.11,235.1,0.0,23.0,1566.8,3406.83,10.0,2.0,2.5,NR5G-SA,n79,-101,-101,-11,20,-999,6.9
2026-05-28 10:59:03.874,2026-05-28 11:13:50.169,22.6591690,114.5153891,50.0,10.0,0.05,235.2,0.0,23.0,1565.0,3409.34,10.0,2.0,2.5,NR5G-SA,n79,-106,-106,-11,19,-999,6.4
2026-05-28 10:59:04.075,2026-05-28 11:13:50.569,22.6591559,114.5153692,50.0,10.0,0.10,235.4,0.0,23.0,1563.2,3411.85,10.0,2.0,2.5,NR5G-SA,n79,-106,-106,-11,19,-999,4.3
2026-05-28 10:59:04.275,2026-05-28 11:13:50.769,22.6591429,114.5153493,50.0,10.0,0.06,235.5,0.0,22.0,1561.4,3414.35,10.0,2.0,2.5,NR5G-SA,n79,-106,-106,-11,19,-999,6.4
2026-05-28 10:59:04.475,2026-05-28 11:13:50.769,22.6591297,114.5153295,50.0,10.0,0.02,235.5,0.0,22.0,1559.7,3416.86,10.0,2.0,2.5,NR5G-SA,n79,-96,-96,-11,18,-999,14.5
2026-05-28 10:59:04.676,2026-05-28 11:13:50.969,22.6591297,114.5153295,50.0,10.0,0.02,235.5,2.3,22.0,1559.7,3416.86,10.0,2.0,2.5,NR5G-SA,n79,-96,-96,-11,18,-999,8.0
2026-05-28 10:59:04.876,2026-05-28 11:13:51.169,22.6591166,114.5153098,50.0,9.9,0.09,235.6,2.3,22.0,1557.9,3419.36,10.0,2.0,2.5,NR5G-SA,n79,-96,-96,-11,18,-999,5.8
2026-05-28 10:59:05.077,2026-05-28 11:13:51.569,22.6591034,114.5152901,50.0,10.0,0.03,235.6,2.3,22.0,1556.1,3421.86,10.0,2.0,2.5,NR5G-SA,n79,-95,-95,-10,18,-999,7.5
2026-05-28 10:59:05.277,2026-05-28 11:13:51.569,22.6590902,114.5152704,50.0,10.0,-0.03,235.5,2.3,21.9,1554.4,3424.36,10.0,2.0,2.5,NR5G-SA,n79,-95,-95,-10,18,-999,10.3
2026-05-28 10:59:05.477,2026-05-28 11:13:51.769,22.6590770,114.5152505,50.0,10.0,0.04,235.4,2.3,21.9,1552.6,3426.88,10.0,2.0,2.5,NR5G-SA,n79,-97,-97,-10,17,-999,8.2
2026-05-28 10:59:05.678,2026-05-28 11:13:51.969,22.6590770,114.5152505,50.0,10.0,0.04,235.4,0.0,21.9,1552.6,3426.88,10.0,2.0,2.5,NR5G-SA,n79,-97,-97,-10,17,-999,6.5
2026-05-28 10:59:05.878,2026-05-28 11:13:52.169,22.6590639,114.5152307,50.0,10.0,-0.04,235.3,0.0,21.9,1550.8,3429.38,10.0,2.0,2.5,NR5G-SA,n79,-97,-97,-10,17,-999,6.0
2026-05-28 10:59:06.078,2026-05-28 11:13:52.569,22.6590508,114.5152109,50.0,10.0,-0.03,235.0,0.0,21.9,1549.1,3431.88,10.0,2.0,2.5,NR5G-SA,n79,-97,-97,-10,19,-999,5.5
2026-05-28 10:59:06.279,2026-05-28 11:13:52.769,22.6590375,114.5151911,50.0,9.9,-0.04,234.7,0.0,20.3,1547.3,3434.40,10.0,2.0,2.5,NR5G-SA,n79,-97,-97,-10,19,-999,5.3
2026-05-28 10:59:06.479,2026-05-28 11:13:52.769,22.6590242,114.5151716,50.0,9.9,0.03,234.3,0.0,20.3,1545.6,3436.89,10.0,2.0,2.5,NR5G-SA,n79,-97,-97,-10,19,-999,13.3
2026-05-28 10:59:06.679,2026-05-28 11:13:52.969,22.6590242,114.5151716,50.0,9.9,0.03,234.3,15.6,20.3,1545.6,3436.89,10.0,2.0,2.5,NR5G-SA,n79,-96,-96,-10,19,-999,6.6
2026-05-28 10:59:06.880,2026-05-28 11:13:53.169,22.6590109,114.5151522,50.0,10.0,-0.03,234.0,15.6,20.3,1543.9,3439.37,10.0,2.0,2.5,NR5G-SA,n79,-96,-96,-10,19,-999,5.2
2026-05-28 10:59:07.080,2026-05-28 11:13:53.569,22.6589976,114.5151327,49.9,10.0,0.01,233.7,15.6,20.3,1542.1,3441.86,10.0,2.0,2.5,NR5G-SA,n79,-96,-96,-10,19,-999,5.7
2026-05-28 10:59:07.281,2026-05-28 11:13:53.769,22.6589846,114.5151131,49.9,10.0,0.03,233.7,15.6,18.9,1540.4,3444.34,10.0,2.0,2.5,NR5G-SA,n79,-101,-101,-11,20,-999,4.8
2026-05-28 10:59:07.481,2026-05-28 11:13:53.769,22.6589716,114.5150932,49.9,10.0,0.06,233.5,15.6,18.9,1538.6,3446.85,10.0,2.0,2.5,NR5G-SA,n79,-101,-101,-11,20,-999,12.1
2026-05-28 10:59:07.681,2026-05-28 11:13:53.969,22.6589716,114.5150932,49.9,10.0,0.06,233.5,60.1,18.9,1538.6,3446.85,10.0,2.0,2.5,NR5G-SA,n79,-101,-101,-11,20,-999,7.5
2026-05-28 10:59:07.882,2026-05-28 11:13:54.169,22.6589585,114.5150733,50.0,10.0,0.03,233.4,60.1,18.9,1536.9,3449.36,10.0,2.0,2.5,NR5G-SA,n79,-100,-100,-11,21,-999,5.7
2026-05-28 10:59:08.082,2026-05-28 11:13:54.569,22.6589454,114.5150534,50.0,10.0,0.00,233.3,60.1,18.9,1535.1,3451.87,10.0,2.0,2.5,NR5G-SA,n79,-100,-100,-11,21,-999,5.0
2026-05-28 10:59:08.282,2026-05-28 11:13:54.569,22.6589322,114.5150336,49.9,10.0,0.02,233.4,60.1,21.3,1533.4,3454.38,10.0,2.0,2.5,NR5G-SA,n79,-106,-106,-11,20,-999,8.5
2026-05-28 10:59:08.483,2026-05-28 11:13:54.769,22.6589191,114.5150139,50.0,9.9,0.06,233.5,60.1,21.3,1531.6,3456.87,10.0,2.0,2.5,NR5G-SA,n79,-106,-106,-11,20,-999,10.0
2026-05-28 10:59:08.683,2026-05-28 11:13:54.969,22.6589191,114.5150139,50.0,9.9,0.06,233.5,23.8,21.3,1531.6,3456.87,10.0,2.0,2.5,NR5G-SA,n79,-106,-106,-11,20,-999,5.2
2026-05-28 10:59:08.883,2026-05-28 11:13:55.169,22.6589060,114.5149943,50.0,10.0,0.05,233.7,23.8,21.3,1529.9,3459.36,10.0,2.0,2.5,NR5G-SA,n79,-100,-100,-11,19,-999,6.2
2026-05-28 10:59:09.084,2026-05-28 11:13:55.569,22.6588928,114.5149747,50.0,10.0,0.05,233.7,23.8,21.3,1528.2,3461.85,10.0,2.0,2.5,NR5G-SA,n79,-100,-100,-11,19,-999,5.1
2026-05-28 10:59:09.284,2026-05-28 11:13:55.769,22.6588797,114.5149550,50.0,10.0,-0.01,233.8,23.8,21.3,1526.5,3464.35,10.0,2.0,2.5,NR5G-SA,n79,-100,-100,-11,19,-999,6.1
2026-05-28 10:59:09.484,2026-05-28 11:13:55.769,22.6588665,114.5149353,50.0,10.0,-0.01,233.9,23.8,20.0,1524.7,3466.85,10.0,2.0,2.5,NR5G-SA,n79,-100,-100,-11,19,-999,11.7
2026-05-28 10:59:09.685,2026-05-28 11:13:55.969,22.6588665,114.5149353,50.0,10.0,-0.01,233.9,37.9,20.0,1524.7,3466.85,10.0,2.0,2.5,NR5G-SA,n79,-100,-100,-11,19,-999,7.9
2026-05-28 10:59:09.885,2026-05-28 11:13:56.169,22.6588534,114.5149156,50.0,10.0,-0.05,234.1,37.9,20.0,1523.0,3469.34,10.0,2.0,2.5,NR5G-SA,n79,-100,-100,-11,19,-999,6.5
2026-05-28 10:59:10.086,2026-05-28 11:13:56.569,22.6588402,114.5148956,50.0,10.0,-0.02,234.3,37.9,20.0,1521.3,3471.87,10.0,2.0,2.5,NR5G-SA,n79,-97,-97,-10,19,-999,5.4
2026-05-28 10:59:10.286,2026-05-28 11:13:56.769,22.6588271,114.5148758,50.0,10.0,-0.01,234.4,37.9,20.0,1519.5,3474.37,10.0,2.0,2.5,NR5G-SA,n79,-97,-97,-10,19,-999,7.3
2026-05-28 10:59:10.486,2026-05-28 11:13:56.769,22.6588140,114.5148560,50.0,10.0,-0.02,234.5,37.9,19.5,1517.8,3476.87,10.0,2.0,2.5,NR5G-SA,n79,-97,-97,-11,19,-999,9.9
2026-05-28 10:59:10.687,2026-05-28 11:13:56.969,22.6588140,114.5148560,50.0,10.0,-0.02,234.5,28.9,19.5,1517.8,3476.87,10.0,2.0,2.5,NR5G-SA,n79,-97,-97,-11,19,-999,7.2
2026-05-28 10:59:10.887,2026-05-28 11:13:57.169,22.6588008,114.5148364,50.0,10.0,-0.01,234.3,28.9,19.5,1516.1,3479.36,10.0,2.0,2.5,NR5G-SA,n79,-97,-97,-11,19,-999,5.1
2026-05-28 10:59:11.088,2026-05-28 11:13:57.569,22.6587876,114.5148166,50.0,10.0,-0.01,234.1,28.9,19.5,1514.4,3481.87,10.0,2.0,2.5,NR5G-SA,n79,-99,-99,-11,19,-999,4.9
2026-05-28 10:59:11.288,2026-05-28 11:13:57.769,22.6587744,114.5147968,50.0,10.0,0.01,233.9,28.9,19.5,1512.7,3484.38,10.0,2.0,2.5,NR5G-SA,n79,-99,-99,-11,19,-999,6.3
2026-05-28 10:59:11.489,2026-05-28 11:13:57.769,22.6587613,114.5147770,50.0,10.0,-0.00,233.6,28.9,18.5,1511.0,3486.89,10.0,2.0,2.5,NR5G-SA,n79,-99,-99,-11,19,-999,11.9
2026-05-28 10:59:11.689,2026-05-28 11:13:57.969,22.6587613,114.5147770,50.0,10.0,-0.00,233.6,0.0,18.5,1511.0,3486.89,10.0,2.0,2.5,NR5G-SA,n79,-96,-96,-10,19,-999,8.2
2026-05-28 10:59:11.890,2026-05-28 11:13:58.169,22.6587481,114.5147572,50.0,9.9,-0.04,233.6,0.0,18.5,1509.2,3489.40,10.0,2.0,2.5,NR5G-SA,n79,-96,-96,-10,19,-999,5.6
2026-05-28 10:59:12.090,2026-05-28 11:13:58.569,22.6587351,114.5147374,50.0,10.0,-0.07,233.7,0.0,18.5,1507.5,3491.89,10.0,2.0,2.5,NR5G-SA,n79,-96,-96,-10,19,-999,5.9
2026-05-28 10:59:12.290,2026-05-28 11:13:58.569,22.6587221,114.5147176,50.0,10.0,-0.02,233.7,0.0,18.5,1505.8,3494.39,10.0,2.0,2.5,NR5G-SA,n79,-98,-98,-10,18,-999,9.4
2026-05-28 10:59:12.491,2026-05-28 11:13:58.769,22.6587090,114.5146979,50.0,9.9,-0.01,233.6,0.0,17.4,1504.1,3496.88,10.0,2.0,2.5,NR5G-SA,n79,-98,-98,-10,18,-999,9.9
2026-05-28 10:59:12.691,2026-05-28 11:13:58.969,22.6587090,114.5146979,50.0,9.9,-0.01,233.6,0.0,17.4,1504.1,3496.88,10.0,2.0,2.5,NR5G-SA,n79,-96,-96,-10,20,-999,6.5
2026-05-28 10:59:12.892,2026-05-28 11:13:59.169,22.6586958,114.5146783,50.0,9.9,0.02,233.5,0.0,17.4,1502.4,3499.37,10.0,2.0,2.5,NR5G-SA,n79,-96,-96,-10,20,-999,5.7
2026-05-28 10:59:13.092,2026-05-28 11:13:59.569,22.6586826,114.5146587,50.0,10.0,-0.03,233.4,0.0,17.4,1500.7,3501.87,10.0,2.0,2.5,NR5G-SA,n79,-96,-96,-10,20,-999,5.1
2026-05-28 10:59:13.292,2026-05-28 11:13:59.569,22.6586694,114.5146391,50.0,10.0,0.01,233.4,0.0,17.4,1499.1,3504.36,10.0,2.0,2.5,NR5G-SA,n79,-103,-103,-11,20,-999,7.8
2026-05-28 10:59:13.493,2026-05-28 11:13:59.769,22.6586562,114.5146195,50.0,10.0,0.06,233.4,0.0,17.2,1497.4,3506.85,10.0,2.0,2.5,NR5G-SA,n79,-103,-103,-11,20,-999,7.6
2026-05-28 10:59:13.693,2026-05-28 11:13:59.969,22.6586562,114.5146195,50.0,10.0,0.06,233.4,25.7,17.2,1497.4,3506.85,10.0,2.0,2.5,NR5G-SA,n79,-103,-103,-11,20,-999,5.4
2026-05-28 10:59:13.894,2026-05-28 11:14:00.169,22.6586430,114.5145999,50.0,10.0,-0.02,233.4,25.7,17.2,1495.7,3509.35,10.0,2.0,2.5,NR5G-SA,n79,-106,-106,-11,21,-999,7.0
2026-05-28 10:59:14.094,2026-05-28 11:14:00.569,22.6586299,114.5145802,50.0,10.0,-0.02,233.7,25.7,17.2,1494.0,3511.84,10.0,2.0,2.5,NR5G-SA,n79,-106,-106,-11,21,-999,5.6
2026-05-28 10:59:14.294,2026-05-28 11:14:00.769,22.6586170,114.5145604,50.0,10.0,0.02,234.2,25.7,17.2,1492.3,3514.33,10.0,2.0,2.5,NR5G-SA,n79,-106,-106,-11,21,-999,6.2
2026-05-28 10:59:14.495,2026-05-28 11:14:00.769,22.6586041,114.5145405,50.0,10.0,0.03,234.5,25.7,18.1,1490.6,3516.83,10.0,2.0,2.5,NR5G-SA,n79,-108,-108,-11,21,-999,11.9
2026-05-28 10:59:14.695,2026-05-28 11:14:00.969,22.6586041,114.5145405,50.0,10.0,0.03,234.5,41.6,18.1,1490.6,3516.83,10.0,2.0,2.5,NR5G-SA,n79,-108,-108,-11,21,-999,8.9
2026-05-28 10:59:14.895,2026-05-28 11:14:01.169,22.6585913,114.5145206,50.0,10.0,0.02,234.8,41.6,18.1,1488.9,3519.32,10.0,2.0,2.5,NR5G-SA,n79,-105,-105,-11,22,-999,6.4
2026-05-28 10:59:15.096,2026-05-28 11:14:01.569,22.6585783,114.5145007,50.0,10.0,0.05,234.9,41.6,18.1,1487.2,3521.82,10.0,2.0,2.5,NR5G-SA,n79,-105,-105,-11,22,-999,5.8
2026-05-28 10:59:15.296,2026-05-28 11:14:01.769,22.6585653,114.5144809,50.0,10.1,-0.03,234.9,41.6,18.1,1485.5,3524.32,10.0,2.0,2.5,NR5G-SA,n79,-105,-105,-11,22,-999,6.1
2026-05-28 10:59:15.496,2026-05-28 11:14:01.769,22.6585520,114.5144610,50.0,10.1,0.03,234.8,41.6,20.0,1483.8,3526.84,10.0,2.0,2.5,NR5G-SA,n79,-101,-101,-11,21,-999,12.3
2026-05-28 10:59:15.697,2026-05-28 11:14:01.969,22.6585520,114.5144610,50.0,10.1,0.03,234.8,0.0,20.0,1483.8,3526.84,10.0,2.0,2.5,NR5G-SA,n79,-101,-101,-11,21,-999,9.0
2026-05-28 10:59:15.897,2026-05-28 11:14:02.169,22.6585387,114.5144413,50.0,10.1,0.06,234.6,0.0,20.0,1482.2,3529.35,10.0,2.0,2.5,NR5G-SA,n79,-101,-101,-11,21,-999,6.6
2026-05-28 10:59:16.098,2026-05-28 11:14:02.569,22.6585253,114.5144215,50.0,10.0,0.03,234.5,0.0,20.0,1480.5,3531.87,10.0,2.0,2.5,NR5G-SA,n79,-100,-100,-10,20,-999,5.3
2026-05-28 10:59:16.298,2026-05-28 11:14:02.769,22.6585120,114.5144017,50.0,10.0,0.04,234.4,0.0,20.0,1478.8,3534.39,10.0,2.0,2.5,NR5G-SA,n79,-100,-100,-10,20,-999,6.5
2026-05-28 10:59:16.498,2026-05-28 11:14:02.769,22.6584988,114.5143818,50.0,10.0,0.05,234.3,0.0,22.3,1477.2,3536.91,10.0,2.0,2.5,NR5G-SA,n79,-100,-100,-10,20,-999,11.8
2026-05-28 10:59:16.699,2026-05-28 11:14:02.969,22.6584988,114.5143818,50.0,10.0,0.05,234.3,0.0,22.3,1477.2,3536.91,10.0,2.0,2.5,NR5G-SA,n79,-99,-99,-10,20,-999,8.2
2026-05-28 10:59:16.899,2026-05-28 11:14:03.169,22.6584856,114.5143620,50.0,10.0,-0.04,234.2,0.0,22.3,1475.5,3539.42,10.0,2.0,2.5,NR5G-SA,n79,-99,-99,-10,20,-999,10.0
2026-05-28 10:59:17.100,2026-05-28 11:14:03.569,22.6584724,114.5143422,50.0,10.1,-0.03,234.2,0.0,22.3,1473.8,3541.93,10.0,2.0,2.5,NR5G-SA,n79,-99,-99,-10,20,-999,6.0
2026-05-28 10:59:17.300,2026-05-28 11:14:03.769,22.6584592,114.5143223,50.0,10.0,-0.02,234.1,0.0,22.3,1472.1,3544.44,10.0,2.0,2.5,NR5G-SA,n79,-99,-99,-10,20,-999,6.1
2026-05-28 10:59:17.500,2026-05-28 11:14:03.769,22.6584460,114.5143024,50.0,10.0,0.01,234.1,0.0,24.9,1470.5,3546.96,10.0,2.0,2.5,NR5G-SA,n79,-99,-99,-10,20,-999,9.1
2026-05-28 10:59:17.700,2026-05-28 11:14:03.969,22.6584460,114.5143024,50.0,10.0,0.01,234.1,6.2,24.9,1470.5,3546.96,10.0,2.0,2.5,NR5G-SA,n79,-99,-99,-10,20,-999,9.8
2026-05-28 10:59:17.901,2026-05-28 11:14:04.169,22.6584330,114.5142826,50.0,10.0,-0.04,233.9,6.2,24.9,1468.8,3549.46,10.0,2.0,2.5,NR5G-SA,n79,-101,-101,-11,21,-999,6.1
2026-05-28 10:59:18.101,2026-05-28 11:14:04.569,22.6584198,114.5142627,50.0,10.0,-0.02,233.8,6.2,24.9,1467.1,3551.98,10.0,2.0,2.5,NR5G-SA,n79,-101,-101,-11,21,-999,6.3
2026-05-28 10:59:18.302,2026-05-28 11:14:04.769,22.6584066,114.5142428,50.0,10.0,-0.08,233.7,6.2,24.9,1465.5,3554.49,10.0,2.0,2.5,NR5G-SA,n79,-102,-102,-11,19,-999,8.7
2026-05-28 10:59:18.502,2026-05-28 11:14:04.769,22.6583935,114.5142229,50.0,10.0,0.00,233.7,6.2,24.9,1463.8,3557.00,10.0,2.0,2.5,NR5G-SA,n79,-102,-102,-11,19,-999,8.8
2026-05-28 10:59:18.703,2026-05-28 11:14:04.969,22.6583935,114.5142229,50.0,10.0,0.00,233.7,0.0,24.4,1463.8,3557.00,10.0,2.0,2.5,NR5G-SA,n79,-102,-102,-11,19,-999,10.6
2026-05-28 10:59:18.903,2026-05-28 11:14:05.169,22.6583803,114.5142030,50.0,10.0,-0.05,233.6,0.0,24.4,1462.2,3559.52,10.0,2.0,2.5,NR5G-SA,n79,-99,-99,-11,20,-999,6.4
2026-05-28 10:59:19.103,2026-05-28 11:14:05.569,22.6583672,114.5141831,50.0,10.0,-0.02,233.6,0.0,24.4,1460.5,3562.03,10.0,2.0,2.5,NR5G-SA,n79,-99,-99,-11,20,-999,5.3
2026-05-28 10:59:19.304,2026-05-28 11:14:05.769,22.6583541,114.5141634,50.0,10.0,-0.05,233.6,0.0,24.4,1458.9,3564.53,10.0,2.0,2.5,NR5G-SA,n79,-98,-98,-10,21,-999,6.3
2026-05-28 10:59:19.504,2026-05-28 11:14:05.769,22.6583410,114.5141438,50.0,10.0,-0.04,233.5,0.0,24.4,1457.2,3567.01,10.0,2.0,2.5,NR5G-SA,n79,-98,-98,-10,21,-999,9.5
2026-05-28 10:59:19.704,2026-05-28 11:14:05.969,22.6583410,114.5141438,50.0,10.0,-0.04,233.5,0.0,23.8,1457.2,3567.01,10.0,2.0,2.5,NR5G-SA,n79,-98,-98,-10,21,-999,9.7
2026-05-28 10:59:19.905,2026-05-28 11:14:06.169,22.6583279,114.5141243,50.0,9.9,-0.03,233.5,0.0,23.8,1455.6,3569.49,10.0,2.0,2.5,NR5G-SA,n79,-98,-98,-10,21,-999,5.8
2026-05-28 10:59:20.105,2026-05-28 11:14:06.569,22.6583147,114.5141046,50.0,10.0,-0.06,233.4,0.0,23.8,1454.0,3571.99,10.0,2.0,2.5,NR5G-SA,n79,-98,-98,-10,21,-999,9.0
2026-05-28 10:59:20.306,2026-05-28 11:14:06.769,22.6583016,114.5140849,50.0,10.0,-0.03,233.5,0.0,23.8,1452.4,3574.49,10.0,2.0,2.5,NR5G-SA,n79,-98,-98,-10,21,-999,6.9
2026-05-28 10:59:20.506,2026-05-28 11:14:06.769,22.6582884,114.5140652,50.0,10.0,0.07,233.6,0.0,23.8,1450.8,3576.99,10.0,2.0,2.5,NR5G-SA,n79,-98,-98,-10,21,-999,8.0
2026-05-28 10:59:20.706,2026-05-28 11:14:06.969,22.6582884,114.5140652,50.0,10.0,0.07,233.6,0.0,25.3,1450.8,3576.99,10.0,2.0,2.5,NR5G-SA,n79,-98,-98,-10,21,-999,9.8
2026-05-28 10:59:20.907,2026-05-28 11:14:07.169,22.6582753,114.5140455,50.0,10.0,0.06,233.7,0.0,25.3,1449.1,3579.48,10.0,2.0,2.5,NR5G-SA,n79,-102,-102,-10,20,-999,6.5
2026-05-28 10:59:21.107,2026-05-28 11:14:07.569,22.6582621,114.5140257,50.0,10.0,0.01,233.8,0.0,25.3,1447.5,3581.99,10.0,2.0,2.5,NR5G-SA,n79,-104,-104,-11,20,-999,5.0
2026-05-28 10:59:21.308,2026-05-28 11:14:07.769,22.6582490,114.5140059,50.0,10.0,0.05,233.9,0.0,25.3,1445.9,3584.49,10.0,2.0,2.5,NR5G-SA,n79,-104,-104,-11,20,-999,6.1
2026-05-28 10:59:21.508,2026-05-28 11:14:07.769,22.6582359,114.5139862,50.0,10.0,0.06,233.9,0.0,25.3,1444.3,3586.99,10.0,2.0,2.5,NR5G-SA,n79,-104,-104,-11,20,-999,7.4
2026-05-28 10:59:21.708,2026-05-28 11:14:07.969,22.6582359,114.5139862,50.0,10.0,0.06,233.9,0.0,24.1,1444.3,3586.99,10.0,2.0,2.5,NR5G-SA,n79,-102,-102,-11,19,-999,10.3
2026-05-28 10:59:21.909,2026-05-28 11:14:08.169,22.6582228,114.5139665,50.0,10.0,-0.05,234.1,0.0,24.1,1442.7,3589.48,10.0,2.0,2.5,NR5G-SA,n79,-102,-102,-11,19,-999,11.1
2026-05-28 10:59:22.109,2026-05-28 11:14:08.569,22.6582097,114.5139467,50.0,10.0,-0.07,234.0,0.0,24.1,1441.0,3591.99,10.0,2.0,2.5,NR5G-SA,n79,-100,-100,-11,19,-999,6.7
2026-05-28 10:59:22.310,2026-05-28 11:14:08.769,22.6581965,114.5139269,50.0,10.0,-0.09,233.8,0.0,24.1,1439.4,3594.49,10.0,2.0,2.5,NR5G-SA,n79,-100,-100,-11,19,-999,6.2
2026-05-28 10:59:22.510,2026-05-28 11:14:08.769,22.6581833,114.5139072,50.0,10.0,-0.03,233.7,0.0,24.1,1437.8,3597.00,10.0,2.0,2.5,NR5G-SA,n79,-100,-100,-11,19,-999,9.2
2026-05-28 10:59:22.710,2026-05-28 11:14:08.969,22.6581833,114.5139072,50.0,10.0,-0.03,233.7,0.0,23.0,1437.8,3597.00,10.0,2.0,2.5,NR5G-SA,n79,-102,-102,-11,19,-999,11.1
2026-05-28 10:59:22.911,2026-05-28 11:14:09.169,22.6581700,114.5138874,50.0,10.0,0.03,233.7,0.0,23.0,1436.2,3599.51,10.0,2.0,2.5,NR5G-SA,n79,-102,-102,-11,19,-999,6.2
2026-05-28 10:59:23.112,2026-05-28 11:14:09.569,22.6581569,114.5138676,50.0,10.0,0.04,233.6,0.0,23.0,1434.6,3602.01,10.0,2.0,2.5,NR5G-SA,n79,-102,-102,-11,19,-999,11.1
2026-05-28 10:59:23.312,2026-05-28 11:14:09.769,22.6581437,114.5138479,50.0,9.9,0.13,233.7,0.0,23.0,1433.0,3604.52,10.0,2.0,2.5,NR5G-SA,n79,-101,-101,-11,19,-999,7.3
2026-05-28 10:59:23.512,2026-05-28 11:14:09.769,22.6581306,114.5138282,50.0,10.0,0.10,233.8,0.0,23.0,1431.4,3607.01,10.0,2.0,2.5,NR5G-SA,n79,-101,-101,-11,19,-999,9.1
2026-05-28 10:59:23.713,2026-05-28 11:14:09.969,22.6581306,114.5138282,50.0,10.0,0.10,233.8,0.0,23.2,1431.4,3607.01,10.0,2.0,2.5,NR5G-SA,n79,-101,-101,-11,19,-999,12.1
2026-05-28 10:59:23.913,2026-05-28 11:14:10.169,22.6581176,114.5138085,50.0,9.9,0.13,233.9,0.0,23.2,1429.8,3609.50,10.0,2.0,2.5,NR5G-SA,n79,-98,-98,-10,19,-999,11.2
2026-05-28 10:59:24.114,2026-05-28 11:14:10.569,22.6581046,114.5137888,50.0,10.0,0.02,233.8,0.0,23.2,1428.2,3611.99,10.0,2.0,2.5,NR5G-SA,n79,-98,-98,-10,19,-999,6.9
2026-05-28 10:59:24.314,2026-05-28 11:14:10.769,22.6580915,114.5137690,50.1,10.0,-0.01,233.7,0.0,23.2,1426.6,3614.49,10.0,2.0,2.5,NR5G-SA,n79,-100,-100,-11,18,-999,6.6
2026-05-28 10:59:24.514,2026-05-28 11:14:10.769,22.6580784,114.5137492,50.0,10.0,-0.01,233.6,0.0,23.2,1425.0,3616.99,10.0,2.0,2.5,NR5G-SA,n79,-100,-100,-11,18,-999,8.6
2026-05-28 10:59:24.715,2026-05-28 11:14:10.969,22.6580784,114.5137492,50.0,10.0,-0.01,233.6,0.0,22.2,1425.0,3616.99,10.0,2.0,2.5,NR5G-SA,n79,-100,-100,-11,18,-999,15.6
2026-05-28 10:59:24.915,2026-05-28 11:14:11.169,22.6580653,114.5137293,50.0,10.0,-0.04,233.6,36.9,22.2,1423.4,3619.50,10.0,2.0,2.5,NR5G-SA,n79,-98,-98,-10,20,-999,9.6
2026-05-28 10:59:25.116,2026-05-28 11:14:11.569,22.6580522,114.5137095,50.0,10.0,-0.01,233.4,36.9,22.2,1421.8,3622.00,10.0,2.0,2.5,NR5G-SA,n79,-98,-98,-10,20,-999,12.5
2026-05-28 10:59:25.316,2026-05-28 11:14:11.769,22.6580391,114.5136897,50.0,10.0,-0.06,233.4,36.9,22.2,1420.3,3624.51,10.0,2.0,2.5,NR5G-SA,n79,-98,-98,-10,20,-999,9.1
2026-05-28 10:59:25.516,2026-05-28 11:14:11.769,22.6580259,114.5136699,50.0,10.0,-0.04,233.6,36.9,22.2,1418.7,3627.02,10.0,2.0,2.5,NR5G-SA,n79,-107,-107,-11,20,-999,7.3
2026-05-28 10:59:25.717,2026-05-28 11:14:11.969,22.6580259,114.5136699,50.0,10.0,-0.04,233.6,36.9,19.2,1418.7,3627.02,10.0,2.0,2.5,NR5G-SA,n79,-107,-107,-11,20,-999,10.7
2026-05-28 10:59:25.917,2026-05-28 11:14:12.169,22.6580129,114.5136504,50.0,9.9,-0.03,233.5,0.0,19.2,1417.1,3629.49,10.0,2.0,2.5,NR5G-SA,n79,-107,-107,-11,20,-999,10.4
2026-05-28 10:59:26.118,2026-05-28 11:14:12.569,22.6579998,114.5136307,50.0,9.9,-0.06,233.6,0.0,19.2,1415.6,3631.98,10.0,2.0,2.5,NR5G-SA,n79,-108,-108,-11,20,-999,8.4
2026-05-28 10:59:26.318,2026-05-28 11:14:12.769,22.6579866,114.5136112,50.0,10.0,-0.03,233.6,0.0,19.2,1414.0,3634.47,10.0,2.0,2.5,NR5G-SA,n79,-108,-108,-11,20,-999,7.1
2026-05-28 10:59:26.518,2026-05-28 11:14:12.769,22.6579734,114.5135916,50.0,10.0,0.03,233.7,0.0,19.2,1412.5,3636.96,10.0,2.0,2.5,NR5G-SA,n79,-105,-105,-11,19,-999,10.1
2026-05-28 10:59:26.719,2026-05-28 11:14:12.969,22.6579734,114.5135916,50.0,10.0,0.03,233.7,0.0,19.2,1412.5,3636.96,10.0,2.0,2.5,NR5G-SA,n79,-105,-105,-11,19,-999,15.3
2026-05-28 10:59:26.919,2026-05-28 11:14:13.169,22.6579602,114.5135719,50.0,10.0,0.02,233.7,30.6,19.1,1410.9,3639.46,10.0,2.0,2.5,NR5G-SA,n79,-105,-105,-11,19,-999,9.1
2026-05-28 10:59:27.120,2026-05-28 11:14:13.569,22.6579471,114.5135521,50.0,10.0,0.01,233.7,30.6,19.1,1409.3,3641.96,10.0,2.0,2.5,NR5G-SA,n79,-103,-103,-11,19,-999,10.0
2026-05-28 10:59:27.320,2026-05-28 11:14:13.769,22.6579340,114.5135323,50.0,10.0,-0.00,233.8,30.6,19.1,1407.8,3644.47,10.0,2.0,2.5,NR5G-SA,n79,-103,-103,-11,19,-999,6.0
2026-05-28 10:59:27.520,2026-05-28 11:14:13.969,22.6579210,114.5135124,50.0,10.0,0.01,233.9,30.6,19.1,1406.2,3646.97,10.0,2.0,2.5,NR5G-SA,n79,-103,-103,-11,19,-999,6.7
2026-05-28 10:59:27.721,2026-05-28 11:14:13.969,22.6579210,114.5135124,50.0,10.0,0.01,233.9,30.6,19.1,1406.2,3646.97,10.0,2.0,2.5,NR5G-SA,n79,-101,-101,-10,19,-999,15.4
2026-05-28 10:59:27.921,2026-05-28 11:14:14.169,22.6579080,114.5134925,50.0,10.0,-0.01,233.9,0.0,18.1,1404.6,3649.48,10.0,2.0,2.5,NR5G-SA,n79,-101,-101,-10,19,-999,6.5
2026-05-28 10:59:28.122,2026-05-28 11:14:14.569,22.6578949,114.5134727,50.0,10.0,-0.02,234.0,0.0,18.1,1403.1,3651.98,10.0,2.0,2.5,NR5G-SA,n79,-101,-101,-10,19,-999,5.4
2026-05-28 10:59:28.322,2026-05-28 11:14:14.769,22.6578818,114.5134529,50.0,10.0,-0.02,234.1,0.0,18.1,1401.5,3654.48,10.0,2.0,2.5,NR5G-SA,n79,-101,-101,-11,19,-999,5.3
2026-05-28 10:59:28.522,2026-05-28 11:14:14.769,22.6578688,114.5134332,50.0,9.9,-0.05,234.0,0.0,18.1,1400.0,3656.97,10.0,2.0,2.5,NR5G-SA,n79,-101,-101,-11,19,-999,7.0
2026-05-28 10:59:28.723,2026-05-28 11:14:14.969,22.6578688,114.5134332,50.0,9.9,-0.05,234.0,0.0,18.1,1400.0,3656.97,10.0,2.0,2.5,NR5G-SA,n79,-101,-101,-11,19,-999,14.4
2026-05-28 10:59:28.923,2026-05-28 11:14:15.169,22.6578556,114.5134135,50.0,10.0,-0.04,234.1,23.0,18.3,1398.4,3659.47,10.0,2.0,2.5,NR5G-SA,n79,-101,-101,-11,18,-999,9.8
2026-05-28 10:59:29.124,2026-05-28 11:14:15.569,22.6578423,114.5133938,50.0,9.9,-0.03,234.3,23.0,18.3,1396.9,3661.98,10.0,2.0,2.5,NR5G-SA,n79,-101,-101,-11,18,-999,8.5
2026-05-28 10:59:29.324,2026-05-28 11:14:15.769,22.6578292,114.5133742,50.0,10.0,-0.03,234.6,23.0,18.3,1395.4,3664.46,10.0,2.0,2.5,NR5G-SA,n79,-100,-100,-10,17,-999,6.4
2026-05-28 10:59:29.524,2026-05-28 11:14:15.969,22.6578161,114.5133545,50.0,9.9,0.01,234.8,23.0,18.3,1393.9,3666.96,10.0,2.0,2.5,NR5G-SA,n79,-100,-100,-10,17,-999,7.1
2026-05-28 10:59:29.725,2026-05-28 11:14:15.969,22.6578161,114.5133545,50.0,9.9,0.01,234.8,23.0,18.3,1393.9,3666.96,10.0,2.0,2.5,NR5G-SA,n79,-100,-100,-10,17,-999,13.1
2026-05-28 10:59:29.925,2026-05-28 11:14:16.169,22.6578031,114.5133348,50.0,9.9,-0.03,235.0,43.4,19.9,1392.3,3669.45,10.0,2.0,2.5,NR5G-SA,n79,-102,-102,-11,17,-999,10.2
2026-05-28 10:59:30.126,2026-05-28 11:14:16.569,22.6577900,114.5133152,50.0,9.9,0.07,235.0,43.4,19.9,1390.8,3671.93,10.0,2.0,2.5,NR5G-SA,n79,-102,-102,-11,17,-999,5.9
2026-05-28 10:59:30.326,2026-05-28 11:14:16.769,22.6577770,114.5132957,50.0,10.0,-0.02,234.9,43.4,19.9,1389.3,3674.40,10.0,2.0,2.5,NR5G-SA,n79,-102,-102,-11,17,-999,5.6
2026-05-28 10:59:30.526,2026-05-28 11:14:16.969,22.6577639,114.5132761,50.0,10.0,-0.10,235.2,43.4,19.9,1387.8,3676.89,10.0,2.0,2.5,NR5G-SA,n79,-101,-101,-11,17,-999,7.0
2026-05-28 10:59:30.727,2026-05-28 11:14:16.969,22.6577639,114.5132761,50.0,10.0,-0.10,235.2,43.4,19.9,1387.8,3676.89,10.0,2.0,2.5,NR5G-SA,n79,-101,-101,-11,17,-999,14.9
2026-05-28 10:59:30.927,2026-05-28 11:14:17.169,22.6577508,114.5132563,50.0,10.0,0.05,235.3,14.2,20.0,1386.3,3679.39,10.0,2.0,2.5,NR5G-SA,n79,-99,-99,-10,17,-999,9.6
2026-05-28 10:59:31.128,2026-05-28 11:14:17.569,22.6577376,114.5132365,50.0,10.0,0.12,235.2,14.2,20.0,1384.8,3681.90,10.0,2.0,2.5,NR5G-SA,n79,-99,-99,-10,17,-999,8.1
2026-05-28 10:59:31.328,2026-05-28 11:14:17.769,22.6577243,114.5132166,50.0,10.0,0.01,235.3,14.2,20.0,1383.2,3684.43,10.0,2.0,2.5,NR5G-SA,n79,-99,-99,-10,17,-999,5.2
2026-05-28 10:59:31.528,2026-05-28 11:14:17.969,22.6577111,114.5131967,50.0,10.0,-0.05,235.3,14.2,20.0,1381.7,3686.94,10.0,2.0,2.5,NR5G-SA,n79,-100,-100,-10,17,-999,7.6
2026-05-28 10:59:31.729,2026-05-28 11:14:17.969,22.6576980,114.5131769,50.0,10.0,-0.05,235.5,14.2,20.0,1380.2,3689.45,10.0,2.0,2.5,NR5G-SA,n79,-100,-100,-10,17,-999,12.9
2026-05-28 10:59:31.929,2026-05-28 11:14:18.169,22.6576980,114.5131769,50.0,10.0,-0.03,235.5,0.0,19.8,1380.2,3689.45,10.0,2.0,2.5,NR5G-SA,n79,-100,-100,-10,17,-999,8.2
2026-05-28 10:59:32.130,2026-05-28 11:14:18.569,22.6576849,114.5131571,50.0,10.0,-0.01,235.6,0.0,19.8,1378.7,3691.95,10.0,2.0,2.5,NR5G-SA,n79,-102,-102,-10,15,-999,7.9
2026-05-28 10:59:32.330,2026-05-28 11:14:18.769,22.6576717,114.5131372,50.0,10.0,-0.01,235.5,0.0,19.8,1377.2,3694.47,10.0,2.0,2.5,NR5G-SA,n79,-102,-102,-10,15,-999,6.0
2026-05-28 10:59:32.531,2026-05-28 11:14:18.769,22.6576585,114.5131175,50.0,10.0,-0.09,235.4,0.0,19.8,1375.7,3696.97,10.0,2.0,2.5,NR5G-SA,n79,-102,-102,-10,15,-999,8.0
2026-05-28 10:59:32.731,2026-05-28 11:14:18.969,22.6576454,114.5130977,50.0,10.0,-0.09,235.4,0.0,19.8,1374.2,3699.47,10.0,2.0,2.5,NR5G-SA,n79,-101,-101,-10,15,-999,13.5
2026-05-28 10:59:32.931,2026-05-28 11:14:19.169,22.6576454,114.5130977,50.0,10.0,-0.03,235.4,3.0,20.3,1374.2,3699.47,10.0,2.0,2.5,NR5G-SA,n79,-101,-101,-10,15,-999,10.6
2026-05-28 10:59:33.132,2026-05-28 11:14:19.569,22.6576322,114.5130778,50.0,10.0,-0.06,235.4,3.0,20.3,1372.7,3701.99,10.0,2.0,2.5,NR5G-SA,n79,-100,-100,-10,15,-999,8.7
2026-05-28 10:59:33.332,2026-05-28 11:14:19.769,22.6576189,114.5130580,50.0,10.0,-0.00,235.2,3.0,20.3,1371.2,3704.50,10.0,2.0,2.5,NR5G-SA,n79,-100,-100,-10,15,-999,4.9
2026-05-28 10:59:33.533,2026-05-28 11:14:19.969,22.6576056,114.5130381,50.0,10.0,-0.08,235.2,3.0,20.3,1369.7,3707.03,10.0,2.0,2.5,NR5G-SA,n79,-100,-100,-10,15,-999,6.8
2026-05-28 10:59:33.733,2026-05-28 11:14:19.969,22.6575924,114.5130183,50.0,10.0,-0.08,235.2,3.0,20.3,1368.2,3709.54,10.0,2.0,2.5,NR5G-SA,n79,-101,-101,-10,14,-999,12.2
2026-05-28 10:59:33.933,2026-05-28 11:14:20.169,22.6575924,114.5130183,50.0,10.0,-0.02,235.2,0.0,19.7,1368.2,3709.54,10.0,2.0,2.5,NR5G-SA,n79,-101,-101,-10,14,-999,8.5
2026-05-28 10:59:34.134,2026-05-28 11:14:20.569,22.6575793,114.5129985,50.0,10.0,0.04,235.1,0.0,19.7,1366.7,3712.04,10.0,2.0,2.5,NR5G-SA,n79,-101,-101,-10,14,-999,7.2
2026-05-28 10:59:34.334,2026-05-28 11:14:20.769,22.6575661,114.5129787,50.0,10.0,0.03,235.0,0.0,19.7,1365.2,3714.55,10.0,2.0,2.5,NR5G-SA,n79,-101,-101,-10,13,-999,5.8
2026-05-28 10:59:34.535,2026-05-28 11:14:20.969,22.6575529,114.5129590,50.0,10.0,0.04,234.8,0.0,19.7,1363.8,3717.05,10.0,2.0,2.5,NR5G-SA,n79,-101,-101,-10,13,-999,4.8
2026-05-28 10:59:34.735,2026-05-28 11:14:20.969,22.6575398,114.5129394,50.0,10.0,0.03,234.6,0.0,19.7,1362.3,3719.54,10.0,2.0,2.5,NR5G-SA,n79,-101,-101,-10,13,-999,11.5
2026-05-28 10:59:34.935,2026-05-28 11:14:21.169,22.6575398,114.5129394,50.0,10.0,0.03,234.6,7.3,19.2,1362.3,3719.54,10.0,2.0,2.5,NR5G-SA,n79,-100,-100,-11,13,-999,10.5
2026-05-28 10:59:35.136,2026-05-28 11:14:21.569,22.6575266,114.5129197,50.0,10.0,-0.00,234.5,7.3,19.2,1360.8,3722.04,10.0,2.0,2.5,NR5G-SA,n79,-100,-100,-11,13,-999,8.5
2026-05-28 10:59:35.336,2026-05-28 11:14:21.769,22.6575136,114.5128999,50.0,10.0,-0.01,234.5,7.3,19.2,1359.4,3724.53,10.0,2.0,2.5,NR5G-SA,n79,-103,-103,-11,13,-999,4.8
2026-05-28 10:59:35.536,2026-05-28 11:14:21.969,22.6575005,114.5128801,50.0,10.0,-0.06,234.5,7.3,19.2,1357.9,3727.04,10.0,2.0,2.5,NR5G-SA,n79,-103,-103,-11,13,-999,4.8
2026-05-28 10:59:35.737,2026-05-28 11:14:21.969,22.6574874,114.5128604,50.0,10.0,-0.05,234.4,7.3,19.2,1356.4,3729.53,10.0,2.0,2.5,NR5G-SA,n79,-103,-103,-11,13,-999,12.3
2026-05-28 10:59:35.937,2026-05-28 11:14:22.169,22.6574874,114.5128604,50.0,10.0,-0.05,234.4,0.0,19.2,1356.4,3729.53,10.0,2.0,2.5,NR5G-SA,n79,-103,-103,-11,12,-999,10.5
2026-05-28 10:59:36.137,2026-05-28 11:14:22.569,22.6574743,114.5128406,50.0,10.0,0.01,234.4,0.0,20.3,1355.0,3732.03,10.0,2.0,2.5,NR5G-SA,n79,-103,-103,-11,12,-999,8.1
2026-05-28 10:59:36.338,2026-05-28 11:14:22.769,22.6574611,114.5128208,50.0,10.0,0.00,234.3,0.0,20.3,1353.5,3734.54,10.0,2.0,2.5,NR5G-SA,n79,-103,-103,-11,12,-999,4.6
2026-05-28 10:59:36.538,2026-05-28 11:14:22.969,22.6574479,114.5128009,50.0,10.0,-0.02,234.2,0.0,20.3,1352.1,3737.06,10.0,2.0,2.5,NR5G-SA,n79,-101,-101,-11,12,-999,5.4
2026-05-28 10:59:36.738,2026-05-28 11:14:22.969,22.6574479,114.5128009,50.0,10.0,-0.02,234.2,0.0,20.3,1352.1,3737.06,10.0,2.0,2.5,NR5G-SA,n79,-101,-101,-11,12,-999,10.3
2026-05-28 10:59:36.939,2026-05-28 11:14:23.169,22.6574346,114.5127812,50.0,10.0,0.02,234.3,20.8,20.3,1350.6,3739.57,10.0,2.0,2.5,NR5G-SA,n79,-101,-101,-11,12,-999,11.1
2026-05-28 10:59:37.139,2026-05-28 11:14:23.569,22.6574215,114.5127614,50.0,10.0,0.01,234.4,20.8,36.1,1349.2,3742.07,10.0,2.0,2.5,NR5G-SA,n79,-106,-106,-11,20,-999,8.6
2026-05-28 10:59:37.340,2026-05-28 11:14:23.769,22.6574084,114.5127417,50.0,10.0,0.02,234.7,20.8,36.1,1347.7,3744.56,10.0,2.0,2.5,NR5G-SA,n79,-106,-106,-11,20,-999,5.9
2026-05-28 10:59:37.540,2026-05-28 11:14:23.969,22.6573953,114.5127219,50.0,10.0,-0.03,234.8,20.8,36.1,1346.3,3747.07,10.0,2.0,2.5,NR5G-SA,n79,-106,-106,-11,20,-999,5.4
2026-05-28 10:59:37.741,2026-05-28 11:14:23.969,22.6573822,114.5127020,50.0,10.0,-0.03,235.0,20.8,36.1,1344.8,3749.58,10.0,2.0,2.5,NR5G-SA,n79,-102,-102,-11,19,-999,13.2
2026-05-28 10:59:37.941,2026-05-28 11:14:24.169,22.6573822,114.5127020,50.0,10.0,-0.04,235.0,36.8,36.1,1344.8,3749.58,10.0,2.0,2.5,NR5G-SA,n79,-102,-102,-11,19,-999,10.0
2026-05-28 10:59:38.142,2026-05-28 11:14:24.569,22.6573691,114.5126822,50.0,10.0,0.05,235.1,36.8,35.8,1343.4,3752.08,10.0,2.0,2.5,NR5G-SA,n79,-102,-102,-10,16,-999,8.5
2026-05-28 10:59:38.342,2026-05-28 11:14:24.769,22.6573560,114.5126624,50.0,10.0,-0.01,235.0,36.8,35.8,1342.0,3754.58,10.0,2.0,2.5,NR5G-SA,n79,-102,-102,-10,16,-999,5.9
2026-05-28 10:59:38.542,2026-05-28 11:14:24.769,22.6573429,114.5126426,50.0,10.0,-0.03,234.9,36.8,35.8,1340.5,3757.09,10.0,2.0,2.5,NR5G-SA,n79,-102,-102,-10,16,-999,7.8
2026-05-28 10:59:38.743,2026-05-28 11:14:24.969,22.6573298,114.5126228,50.0,10.0,0.01,234.8,36.8,35.8,1339.1,3759.59,10.0,2.0,2.5,NR5G-SA,n79,-102,-102,-10,16,-999,9.5
2026-05-28 10:59:38.944,2026-05-28 11:14:25.169,22.6573298,114.5126228,50.0,10.0,0.01,234.8,47.2,35.8,1339.1,3759.59,10.0,2.0,2.5,NR5G-SA,n79,-102,-102,-10,16,-999,11.3
2026-05-28 10:59:39.144,2026-05-28 11:14:25.569,22.6573167,114.5126030,50.0,10.0,0.02,234.5,47.2,35.7,1337.7,3762.09,10.0,2.0,2.5,NR5G-SA,n79,-102,-102,-10,16,-999,7.4
2026-05-28 10:59:39.345,2026-05-28 11:14:25.769,22.6573036,114.5125832,50.0,10.0,0.05,234.4,47.2,35.7,1336.2,3764.59,10.0,2.0,2.5,NR5G-SA,n79,-99,-99,-10,17,-999,5.7
2026-05-28 10:59:39.545,2026-05-28 11:14:25.969,22.6572904,114.5125633,50.0,10.0,-0.07,234.1,47.2,35.7,1334.8,3767.11,10.0,2.0,2.5,NR5G-SA,n79,-99,-99,-10,17,-999,6.1
2026-05-28 10:59:39.745,2026-05-28 11:14:25.969,22.6572771,114.5125434,50.0,10.1,-0.01,234.1,47.2,35.7,1333.4,3769.64,10.0,2.0,2.5,NR5G-SA,n79,-99,-99,-10,17,-999,12.4
2026-05-28 10:59:39.946,2026-05-28 11:14:26.169,22.6572771,114.5125434,50.0,10.1,-0.01,234.1,100.0,35.7,1333.4,3769.64,10.0,2.0,2.5,NR5G-SA,n79,-105,-105,-11,17,-999,10.6
2026-05-28 10:59:40.146,2026-05-28 11:14:26.569,22.6572639,114.5125235,50.0,10.0,0.01,233.9,100.0,36.0,1332.0,3772.15,10.0,2.0,2.5,NR5G-SA,n79,-105,-105,-11,17,-999,8.2
2026-05-28 10:59:40.346,2026-05-28 11:14:26.769,22.6572505,114.5125036,50.0,10.0,0.03,233.8,100.0,36.0,1330.6,3774.68,10.0,2.0,2.5,NR5G-SA,n79,-103,-103,-10,17,-999,5.2
2026-05-28 10:59:40.547,2026-05-28 11:14:26.969,22.6572375,114.5124840,50.0,10.0,0.02,233.6,100.0,36.0,1329.2,3777.16,10.0,2.0,2.5,NR5G-SA,n79,-103,-103,-10,17,-999,5.4
2026-05-28 10:59:40.747,2026-05-28 11:14:26.969,22.6572243,114.5124643,50.1,9.9,0.05,233.4,100.0,36.0,1327.8,3779.67,10.0,2.0,2.5,NR5G-SA,n79,-103,-103,-10,17,-999,12.0
2026-05-28 10:59:40.948,2026-05-28 11:14:27.169,22.6572243,114.5124643,50.1,9.9,0.05,233.4,0.0,36.0,1327.8,3779.67,10.0,2.0,2.5,NR5G-SA,n79,-96,-96,-10,16,-999,10.9
2026-05-28 10:59:41.148,2026-05-28 11:14:27.569,22.6572113,114.5124447,50.1,9.9,-0.00,233.2,0.0,36.5,1326.4,3782.14,10.0,2.0,2.5,NR5G-SA,n79,-96,-96,-10,16,-999,7.7
2026-05-28 10:59:41.348,2026-05-28 11:14:27.769,22.6571983,114.5124251,50.0,10.0,-0.03,233.2,0.0,36.5,1325.0,3784.62,10.0,2.0,2.5,NR5G-SA,n79,-96,-96,-10,16,-999,8.4
2026-05-28 10:59:41.549,2026-05-28 11:14:27.969,22.6571853,114.5124055,50.0,10.0,-0.04,233.3,0.0,36.5,1323.6,3787.10,10.0,2.0,2.5,NR5G-SA,n79,-98,-98,-10,17,-999,5.1
2026-05-28 10:59:41.749,2026-05-28 11:14:27.969,22.6571721,114.5123857,50.0,10.0,-0.06,233.3,0.0,36.5,1322.3,3789.61,10.0,2.0,2.5,NR5G-SA,n79,-98,-98,-10,17,-999,10.1
2026-05-28 10:59:41.949,2026-05-28 11:14:28.169,22.6571721,114.5123857,50.0,10.0,-0.06,233.3,0.0,36.5,1322.3,3789.61,10.0,2.0,2.5,NR5G-SA,n79,-98,-98,-10,17,-999,11.8
2026-05-28 10:59:42.150,2026-05-28 11:14:28.569,22.6571590,114.5123659,50.0,9.9,-0.05,233.4,51.1,36.5,1320.9,3792.12,10.0,2.0,2.5,NR5G-SA,n79,-99,-99,-10,16,-999,9.0
2026-05-28 10:59:42.350,2026-05-28 11:14:28.769,22.6571458,114.5123462,50.0,10.0,0.04,233.5,51.1,21.3,1319.5,3794.62,10.0,2.0,2.5,NR5G-SA,n79,-99,-99,-10,16,-999,6.2
2026-05-28 10:59:42.551,2026-05-28 11:14:28.969,22.6571326,114.5123265,50.0,10.0,0.08,233.2,51.1,21.3,1318.1,3797.12,10.0,2.0,2.5,NR5G-SA,n79,-104,-104,-10,17,-999,5.3
2026-05-28 10:59:42.751,2026-05-28 11:14:28.969,22.6571195,114.5123069,50.0,10.0,0.05,233.2,51.1,21.3,1316.8,3799.60,10.0,2.0,2.5,NR5G-SA,n79,-104,-104,-10,17,-999,11.3
2026-05-28 10:59:42.951,2026-05-28 11:14:29.169,22.6571195,114.5123069,50.0,10.0,0.05,233.2,51.1,21.3,1316.8,3799.60,10.0,2.0,2.5,NR5G-SA,n79,-104,-104,-10,17,-999,11.0
2026-05-28 10:59:43.152,2026-05-28 11:14:29.569,22.6571063,114.5122871,50.1,9.9,0.03,233.1,21.2,21.3,1315.4,3802.11,10.0,2.0,2.5,NR5G-SA,n79,-98,-98,-10,16,-999,7.6
2026-05-28 10:59:43.352,2026-05-28 11:14:29.769,22.6570932,114.5122673,50.1,9.9,-0.11,233.3,21.2,21.8,1314.0,3804.62,10.0,2.0,2.5,NR5G-SA,n79,-98,-98,-10,16,-999,7.3
2026-05-28 10:59:43.552,2026-05-28 11:14:29.969,22.6570801,114.5122476,50.0,9.9,-0.08,233.4,21.2,21.8,1312.7,3807.11,10.0,2.0,2.5,NR5G-SA,n79,-98,-98,-10,16,-999,5.9
2026-05-28 10:59:43.753,2026-05-28 11:14:29.969,22.6570672,114.5122281,50.0,9.9,-0.04,233.5,21.2,21.8,1311.3,3809.58,10.0,2.0,2.5,NR5G-SA,n79,-95,-95,-10,15,-999,11.7
2026-05-28 10:59:43.953,2026-05-28 11:14:30.169,22.6570672,114.5122281,50.0,9.9,-0.04,233.5,21.2,21.8,1311.3,3809.58,10.0,2.0,2.5,NR5G-SA,n79,-95,-95,-10,15,-999,7.1
2026-05-28 10:59:44.153,2026-05-28 11:14:30.569,22.6570542,114.5122085,50.0,9.9,-0.08,233.6,0.0,21.8,1310.0,3812.05,10.0,2.0,2.5,NR5G-SA,n79,-95,-95,-10,15,-999,6.5
2026-05-28 10:59:44.354,2026-05-28 11:14:30.769,22.6570410,114.5121889,50.0,9.9,-0.03,233.6,0.0,22.3,1308.6,3814.55,10.0,2.0,2.5,NR5G-SA,n79,-95,-95,-10,15,-999,5.1
2026-05-28 10:59:44.554,2026-05-28 11:14:30.969,22.6570278,114.5121692,50.0,10.0,-0.02,233.7,0.0,22.3,1307.3,3817.05,10.0,2.0,2.5,NR5G-SA,n79,-95,-95,-10,15,-999,6.3
2026-05-28 10:59:44.755,2026-05-28 11:14:30.969,22.6570146,114.5121495,50.0,10.0,0.01,233.8,0.0,22.3,1306.0,3819.55,10.0,2.0,2.5,NR5G-SA,n79,-99,-99,-10,15,-999,14.1
2026-05-28 10:59:44.955,2026-05-28 11:14:31.169,22.6570146,114.5121495,50.0,10.0,0.01,233.8,0.0,22.3,1306.0,3819.55,10.0,2.0,2.5,NR5G-SA,n79,-99,-99,-10,15,-999,8.9
2026-05-28 10:59:45.155,2026-05-28 11:14:31.569,22.6570014,114.5121298,50.0,10.0,0.04,233.8,11.2,22.3,1304.6,3822.05,10.0,2.0,2.5,NR5G-SA,n79,-99,-99,-10,15,-999,6.1
2026-05-28 10:59:45.356,2026-05-28 11:14:31.769,22.6569883,114.5121099,50.0,10.0,-0.03,233.9,11.2,23.4,1303.3,3824.56,10.0,2.0,2.5,NR5G-SA,n79,-105,-105,-11,15,-999,4.4
2026-05-28 10:59:45.556,2026-05-28 11:14:31.969,22.6569752,114.5120901,50.0,10.0,-0.00,234.1,11.2,23.4,1301.9,3827.06,10.0,2.0,2.5,NR5G-SA,n79,-105,-105,-11,15,-999,6.6
2026-05-28 10:59:45.757,2026-05-28 11:14:31.969,22.6569620,114.5120703,50.0,10.0,-0.04,234.1,11.2,23.4,1300.6,3829.57,10.0,2.0,2.5,NR5G-SA,n79,-105,-105,-11,15,-999,8.0
2026-05-28 10:59:45.957,2026-05-28 11:14:32.169,22.6569620,114.5120703,50.0,10.0,-0.04,234.1,11.2,23.4,1300.6,3829.57,10.0,2.0,2.5,NR5G-SA,n79,-99,-99,-10,16,-999,10.5
2026-05-28 10:59:46.157,2026-05-28 11:14:32.569,22.6569488,114.5120504,50.0,10.0,-0.09,234.0,0.0,23.4,1299.3,3832.09,10.0,2.0,2.5,NR5G-SA,n79,-99,-99,-10,16,-999,6.0
2026-05-28 10:59:46.358,2026-05-28 11:14:32.769,22.6569355,114.5120306,50.0,10.0,-0.09,234.0,0.0,21.3,1297.9,3834.61,10.0,2.0,2.5,NR5G-SA,n79,-99,-99,-10,16,-999,6.7
2026-05-28 10:59:46.558,2026-05-28 11:14:32.969,22.6569224,114.5120107,50.0,10.0,-0.01,234.4,0.0,21.3,1296.6,3837.12,10.0,2.0,2.5,NR5G-SA,n79,-95,-95,-10,15,-999,5.6
2026-05-28 10:59:46.758,2026-05-28 11:14:32.969,22.6569093,114.5119909,50.0,10.0,-0.07,234.7,0.0,21.3,1295.3,3839.62,10.0,2.0,2.5,NR5G-SA,n79,-95,-95,-10,15,-999,9.8
2026-05-28 10:59:46.958,2026-05-28 11:14:33.169,22.6569093,114.5119909,50.0,10.0,-0.07,234.7,0.0,21.3,1295.3,3839.62,10.0,2.0,2.5,NR5G-SA,n79,-97,-97,-10,15,-999,11.1
2026-05-28 10:59:47.159,2026-05-28 11:14:33.569,22.6568962,114.5119712,50.0,10.0,-0.06,234.8,0.0,21.3,1294.0,3842.12,10.0,2.0,2.5,NR5G-SA,n79,-97,-97,-10,15,-999,6.5
2026-05-28 10:59:47.359,2026-05-28 11:14:33.769,22.6568831,114.5119516,50.0,10.0,-0.02,234.5,0.0,22.9,1292.7,3844.60,10.0,2.0,2.5,NR5G-SA,n79,-97,-97,-10,15,-999,5.7
2026-05-28 10:59:47.560,2026-05-28 11:14:33.969,22.6568700,114.5119320,50.0,10.0,-0.08,234.3,0.0,22.9,1291.4,3847.09,10.0,2.0,2.5,NR5G-SA,n79,-98,-98,-10,17,-999,7.1
2026-05-28 10:59:47.760,2026-05-28 11:14:33.969,22.6568569,114.5119123,50.0,9.9,-0.06,234.4,0.0,22.9,1290.1,3849.58,10.0,2.0,2.5,NR5G-SA,n79,-98,-98,-10,17,-999,12.3
2026-05-28 10:59:47.960,2026-05-28 11:14:34.169,22.6568569,114.5119123,50.0,9.9,-0.06,234.4,0.0,22.9,1290.1,3849.58,10.0,2.0,2.5,NR5G-SA,n79,-98,-98,-10,17,-999,11.9
2026-05-28 10:59:48.161,2026-05-28 11:14:34.569,22.6568438,114.5118925,50.0,10.0,0.01,234.7,0.0,22.9,1288.8,3852.08,10.0,2.0,2.5,NR5G-SA,n79,-98,-98,-10,16,-999,7.9
2026-05-28 10:59:48.361,2026-05-28 11:14:34.769,22.6568307,114.5118727,50.0,10.0,0.04,234.8,0.0,22.2,1287.5,3854.59,10.0,2.0,2.5,NR5G-SA,n79,-98,-98,-10,16,-999,4.2
2026-05-28 10:59:48.561,2026-05-28 11:14:34.969,22.6568176,114.5118528,50.0,10.0,0.03,235.0,0.0,22.2,1286.2,3857.10,10.0,2.0,2.5,NR5G-SA,n79,-98,-98,-10,16,-999,4.7
2026-05-28 10:59:48.762,2026-05-28 11:14:34.969,22.6568045,114.5118330,50.0,10.0,0.02,234.9,0.0,22.2,1284.9,3859.60,10.0,2.0,2.5,NR5G-SA,n79,-100,-100,-10,15,-999,9.0
2026-05-28 10:59:48.962,2026-05-28 11:14:35.169,22.6568045,114.5118330,50.0,10.0,0.02,234.9,0.0,22.2,1284.9,3859.60,10.0,2.0,2.5,NR5G-SA,n79,-100,-100,-10,15,-999,9.1
2026-05-28 10:59:49.162,2026-05-28 11:14:35.569,22.6567914,114.5118132,50.0,10.0,-0.04,234.9,12.5,22.2,1283.6,3862.10,10.0,2.0,2.5,NR5G-SA,n79,-99,-99,-10,15,-999,6.2
2026-05-28 10:59:49.363,2026-05-28 11:14:35.769,22.6567781,114.5117934,50.0,10.0,0.05,234.9,12.5,21.1,1282.3,3864.62,10.0,2.0,2.5,NR5G-SA,n79,-99,-99,-10,15,-999,7.1
2026-05-28 10:59:49.563,2026-05-28 11:14:35.969,22.6567650,114.5117735,50.0,10.0,-0.05,234.8,12.5,21.1,1281.0,3867.13,10.0,2.0,2.5,NR5G-SA,n79,-99,-99,-10,15,-999,5.5
2026-05-28 10:59:49.764,2026-05-28 11:14:35.969,22.6567519,114.5117537,50.0,10.0,0.02,234.8,12.5,21.1,1279.7,3869.63,10.0,2.0,2.5,NR5G-SA,n79,-96,-96,-10,15,-999,10.1
2026-05-28 10:59:49.964,2026-05-28 11:14:36.169,22.6567519,114.5117537,50.0,10.0,0.02,234.8,12.5,21.1,1279.7,3869.63,10.0,2.0,2.5,NR5G-SA,n79,-96,-96,-10,15,-999,13.6
2026-05-28 10:59:50.164,2026-05-28 11:14:36.569,22.6567389,114.5117338,50.0,10.0,-0.05,234.8,0.0,21.1,1278.4,3872.14,10.0,2.0,2.5,NR5G-SA,n79,-96,-96,-10,15,-999,5.8
2026-05-28 10:59:50.365,2026-05-28 11:14:36.769,22.6567258,114.5117140,50.0,10.0,-0.03,234.8,0.0,18.9,1277.2,3874.64,10.0,2.0,2.5,NR5G-SA,n79,-99,-99,-10,15,-999,6.4
2026-05-28 10:59:50.565,2026-05-28 11:14:36.969,22.6567128,114.5116942,50.0,10.0,-0.04,234.8,0.0,18.9,1275.9,3877.14,10.0,2.0,2.5,NR5G-SA,n79,-99,-99,-10,15,-999,5.4
2026-05-28 10:59:50.765,2026-05-28 11:14:36.969,22.6566996,114.5116744,50.0,10.0,-0.04,234.7,0.0,18.9,1274.6,3879.65,10.0,2.0,2.5,NR5G-SA,n79,-99,-99,-10,15,-999,8.0
2026-05-28 10:59:50.966,2026-05-28 11:14:37.169,22.6566996,114.5116744,50.0,10.0,-0.04,234.7,0.0,18.9,1274.6,3879.65,10.0,2.0,2.5,NR5G-SA,n79,-97,-97,-10,16,-999,13.9
2026-05-28 10:59:51.166,2026-05-28 11:14:37.569,22.6566863,114.5116547,50.0,9.9,-0.03,234.8,21.5,18.9,1273.4,3882.15,10.0,2.0,2.5,NR5G-SA,n79,-97,-97,-10,16,-999,6.7
2026-05-28 10:59:51.367,2026-05-28 11:14:37.769,22.6566731,114.5116351,50.0,10.0,0.02,234.8,21.5,18.9,1272.1,3884.65,10.0,2.0,2.5,NR5G-SA,n79,-103,-103,-10,16,-999,5.1
2026-05-28 10:59:51.567,2026-05-28 11:14:37.969,22.6566598,114.5116154,50.0,10.0,0.04,234.7,21.5,19.2,1270.9,3887.15,10.0,2.0,2.5,NR5G-SA,n79,-103,-103,-10,16,-999,6.4
2026-05-28 10:59:51.767,2026-05-28 11:14:37.969,22.6566466,114.5115957,50.0,10.0,-0.02,234.6,21.5,19.2,1269.7,3889.66,10.0,2.0,2.5,NR5G-SA,n79,-103,-103,-10,16,-999,9.5
2026-05-28 10:59:51.968,2026-05-28 11:14:38.169,22.6566466,114.5115957,50.0,10.0,-0.02,234.6,21.5,19.2,1269.7,3889.66,10.0,2.0,2.5,NR5G-SA,n79,-96,-96,-10,16,-999,13.3
2026-05-28 10:59:52.168,2026-05-28 11:14:38.569,22.6566335,114.5115761,50.0,10.0,0.02,234.4,39.2,19.2,1268.4,3892.14,10.0,2.0,2.5,NR5G-SA,n79,-96,-96,-10,16,-999,6.8
2026-05-28 10:59:52.369,2026-05-28 11:14:38.769,22.6566203,114.5115566,50.0,9.9,0.00,234.2,39.2,19.2,1267.2,3894.63,10.0,2.0,2.5,NR5G-SA,n79,-96,-96,-10,16,-999,6.8
2026-05-28 10:59:52.569,2026-05-28 11:14:38.969,22.6566072,114.5115369,50.0,9.9,-0.01,234.2,39.2,16.8,1266.0,3897.12,10.0,2.0,2.5,NR5G-SA,n79,-96,-96,-10,16,-999,5.0
2026-05-28 10:59:52.769,2026-05-28 11:14:38.969,22.6565941,114.5115172,50.0,9.9,0.06,234.2,39.2,16.8,1264.8,3899.61,10.0,2.0,2.5,NR5G-SA,n79,-96,-96,-10,16,-999,10.7
2026-05-28 10:59:52.970,2026-05-28 11:14:39.169,22.6565941,114.5115172,50.0,9.9,0.06,234.2,39.2,16.8,1264.8,3899.61,10.0,2.0,2.5,NR5G-SA,n79,-96,-96,-10,16,-999,14.0
2026-05-28 10:59:53.170,2026-05-28 11:14:39.569,22.6565811,114.5114974,50.0,10.0,0.01,234.2,29.6,16.8,1263.5,3902.11,10.0,2.0,2.5,NR5G-SA,n79,-97,-97,-10,14,-999,6.1
2026-05-28 10:59:53.370,2026-05-28 11:14:39.769,22.6565680,114.5114777,50.0,9.9,0.01,234.2,29.6,16.8,1262.3,3904.61,10.0,2.0,2.5,NR5G-SA,n79,-97,-97,-10,14,-999,6.0
2026-05-28 10:59:53.571,2026-05-28 11:14:39.969,22.6565549,114.5114580,50.0,10.0,-0.03,234.3,29.6,16.6,1261.1,3907.10,10.0,2.0,2.5,NR5G-SA,n79,-97,-97,-10,14,-999,4.8
2026-05-28 10:59:53.771,2026-05-28 11:14:40.169,22.6565418,114.5114382,50.0,10.0,0.02,234.2,29.6,16.6,1259.9,3909.60,10.0,2.0,2.5,NR5G-SA,n79,-97,-97,-10,14,-999,6.2
2026-05-28 10:59:53.971,2026-05-28 11:14:40.169,22.6565418,114.5114382,50.0,10.0,0.02,234.2,29.6,16.6,1259.9,3909.60,10.0,2.0,2.5,NR5G-SA,n79,-97,-97,-10,14,-999,13.1
2026-05-28 10:59:54.172,2026-05-28 11:14:40.569,22.6565286,114.5114185,50.0,10.0,-0.05,234.4,33.7,16.6,1258.7,3912.10,10.0,2.0,2.5,NR5G-SA,n79,-97,-97,-10,15,-999,5.0
2026-05-28 10:59:54.372,2026-05-28 11:14:40.769,22.6565154,114.5113987,50.0,10.0,0.03,234.4,33.7,16.6,1257.5,3914.61,10.0,2.0,2.5,NR5G-SA,n79,-97,-97,-10,15,-999,6.2
2026-05-28 10:59:54.573,2026-05-28 11:14:40.969,22.6565023,114.5113789,50.0,10.0,-0.01,234.4,33.7,16.8,1256.2,3917.12,10.0,2.0,2.5,NR5G-SA,n79,-97,-97,-10,15,-999,5.5
2026-05-28 10:59:54.773,2026-05-28 11:14:40.969,22.6564892,114.5113592,50.0,10.0,-0.01,234.2,33.7,16.8,1255.1,3919.61,10.0,2.0,2.5,NR5G-SA,n79,-97,-97,-10,15,-999,9.2
2026-05-28 10:59:54.973,2026-05-28 11:14:41.169,22.6564892,114.5113592,50.0,10.0,-0.01,234.2,33.7,16.8,1255.1,3919.61,10.0,2.0,2.5,NR5G-SA,n79,-97,-97,-10,15,-999,14.0
2026-05-28 10:59:55.174,2026-05-28 11:14:41.569,22.6564762,114.5113395,50.0,10.0,-0.02,234.1,36.2,16.8,1253.9,3922.10,10.0,2.0,2.5,NR5G-SA,n79,-97,-97,-10,15,-999,8.8
2026-05-28 10:59:55.374,2026-05-28 11:14:41.769,22.6564630,114.5113198,50.0,10.0,-0.02,233.9,36.2,16.8,1252.7,3924.60,10.0,2.0,2.5,NR5G-SA,n79,-99,-99,-10,17,-999,6.5
2026-05-28 10:59:55.575,2026-05-28 11:14:41.969,22.6564499,114.5113000,50.0,10.0,-0.02,233.8,36.2,18.8,1251.5,3927.10,10.0,2.0,2.5,NR5G-SA,n79,-99,-99,-10,17,-999,6.3
2026-05-28 10:59:55.775,2026-05-28 11:14:41.969,22.6564368,114.5112802,50.0,10.0,0.06,234.0,36.2,18.8,1250.3,3929.60,10.0,2.0,2.5,NR5G-SA,n79,-99,-99,-10,17,-999,9.7
2026-05-28 10:59:55.975,2026-05-28 11:14:42.169,22.6564368,114.5112802,50.0,10.0,0.06,234.0,36.2,18.8,1250.3,3929.60,10.0,2.0,2.5,NR5G-SA,n79,-98,-98,-10,14,-999,11.1
2026-05-28 10:59:56.176,2026-05-28 11:14:42.569,22.6564237,114.5112604,50.0,10.0,0.03,234.2,26.4,18.8,1249.1,3932.11,10.0,2.0,2.5,NR5G-SA,n79,-98,-98,-10,14,-999,6.8
2026-05-28 10:59:56.376,2026-05-28 11:14:42.769,22.6564106,114.5112406,50.0,10.0,0.08,234.3,26.4,18.8,1247.9,3934.61,10.0,2.0,2.5,NR5G-SA,n79,-98,-98,-10,14,-999,5.2
2026-05-28 10:59:56.576,2026-05-28 11:14:42.969,22.6563975,114.5112210,50.0,10.0,0.09,234.3,26.4,19.6,1246.8,3937.10,10.0,2.0,2.5,NR5G-SA,n79,-98,-98,-10,14,-999,5.8
2026-05-28 10:59:56.777,2026-05-28 11:14:42.969,22.6563843,114.5112013,50.0,10.0,0.05,234.3,26.4,19.6,1245.6,3939.60,10.0,2.0,2.5,NR5G-SA,n79,-98,-98,-10,14,-999,9.1
2026-05-28 10:59:56.977,2026-05-28 11:14:43.169,22.6563843,114.5112013,50.0,10.0,0.05,234.3,26.4,19.6,1245.6,3939.60,10.0,2.0,2.5,NR5G-SA,n79,-98,-98,-10,14,-999,11.9
2026-05-28 10:59:57.177,2026-05-28 11:14:43.569,22.6563711,114.5111817,50.0,10.0,0.02,234.2,41.6,19.6,1244.4,3942.09,10.0,2.0,2.5,NR5G-SA,n79,-98,-98,-10,14,-999,7.5
2026-05-28 10:59:57.378,2026-05-28 11:14:43.769,22.6563578,114.5111620,50.0,10.0,0.00,234.2,41.6,19.6,1243.3,3944.60,10.0,2.0,2.5,NR5G-SA,n79,-98,-98,-10,14,-999,6.5
2026-05-28 10:59:57.578,2026-05-28 11:14:43.969,22.6563446,114.5111422,50.0,10.0,-0.01,234.2,41.6,21.5,1242.1,3947.11,10.0,2.0,2.5,NR5G-SA,n79,-98,-98,-10,14,-999,5.6
2026-05-28 10:59:57.778,2026-05-28 11:14:43.969,22.6563314,114.5111224,50.0,10.0,0.01,234.3,41.6,21.5,1241.0,3949.62,10.0,2.0,2.5,NR5G-SA,n79,-98,-98,-10,14,-999,8.1
2026-05-28 10:59:57.979,2026-05-28 11:14:44.169,22.6563183,114.5111026,50.0,10.0,0.01,234.4,41.6,21.5,1239.8,3952.12,10.0,2.0,2.5,NR5G-SA,n79,-98,-98,-10,14,-999,12.1
2026-05-28 10:59:58.180,2026-05-28 11:14:44.569,22.6563183,114.5111026,50.0,10.0,0.00,234.4,18.2,21.5,1239.8,3952.12,10.0,2.0,2.5,NR5G-SA,n79,-98,-98,-10,14,-999,7.5
2026-05-28 10:59:58.380,2026-05-28 11:14:44.769,22.6563054,114.5110827,50.0,10.0,-0.01,234.3,18.2,21.5,1238.7,3954.62,10.0,2.0,2.5,NR5G-SA,n79,-98,-98,-10,14,-999,6.7
2026-05-28 10:59:58.580,2026-05-28 11:14:44.969,22.6562923,114.5110629,50.0,10.0,-0.05,234.2,18.2,24.4,1237.5,3957.12,10.0,2.0,2.5,NR5G-SA,n79,-102,-102,-10,17,-999,7.0
2026-05-28 10:59:58.781,2026-05-28 11:14:44.969,22.6562792,114.5110431,50.0,10.0,0.01,234.2,18.2,24.4,1236.4,3959.62,10.0,2.0,2.5,NR5G-SA,n79,-102,-102,-10,17,-999,10.5
2026-05-28 10:59:58.981,2026-05-28 11:14:45.169,22.6562661,114.5110233,50.0,10.0,0.05,234.2,18.2,24.4,1235.2,3962.13,10.0,2.0,2.5,NR5G-SA,n79,-102,-102,-10,17,-999,12.7
2026-05-28 10:59:59.182,2026-05-28 11:14:45.569,22.6562661,114.5110233,50.0,10.0,0.05,234.2,0.0,24.4,1235.2,3962.13,10.0,2.0,2.5,NR5G-SA,n79,-102,-102,-10,16,-999,5.0
2026-05-28 10:59:59.382,2026-05-28 11:14:45.769,22.6562531,114.5110035,50.0,10.0,-0.01,234.6,0.0,24.4,1234.1,3964.62,10.0,2.0,2.5,NR5G-SA,n79,-102,-102,-10,16,-999,5.1
2026-05-28 10:59:59.582,2026-05-28 11:14:45.969,22.6562400,114.5109838,50.0,10.0,-0.03,234.9,0.0,24.4,1233.0,3967.12,10.0,2.0,2.5,NR5G-SA,n79,-102,-102,-10,16,-999,6.9
2026-05-28 10:59:59.783,2026-05-28 11:14:45.969,22.6562269,114.5109640,50.0,10.0,0.05,235.1,0.0,25.1,1231.8,3969.62,10.0,2.0,2.5,NR5G-SA,n79,-98,-98,-10,15,-999,5.5
2026-05-28 10:59:59.983,2026-05-28 11:14:46.169,22.6562137,114.5109441,50.0,10.0,0.05,235.1,0.0,25.1,1230.7,3972.14,10.0,2.0,2.5,NR5G-SA,n79,-98,-98,-10,15,-999,12.0
2026-05-28 11:00:00.184,2026-05-28 11:14:46.569,22.6562137,114.5109441,50.0,10.0,0.05,235.1,7.9,25.1,1230.7,3972.14,10.0,2.0,2.5,NR5G-SA,n79,-98,-98,-10,15,-999,7.5
2026-05-28 11:00:00.384,2026-05-28 11:14:46.769,22.6562005,114.5109244,50.0,10.0,0.09,234.9,7.9,25.1,1229.6,3974.64,10.0,2.0,2.5,NR5G-SA,n79,-98,-98,-10,15,-999,5.6
2026-05-28 11:00:00.584,2026-05-28 11:14:46.969,22.6561873,114.5109046,50.0,10.0,0.06,234.7,7.9,25.1,1228.5,3977.15,10.0,2.0,2.5,NR5G-SA,n79,-98,-98,-10,15,-999,4.9
2026-05-28 11:00:00.785,2026-05-28 11:14:47.169,22.6561740,114.5108849,50.0,10.0,0.02,234.6,7.9,24.9,1227.4,3979.65,10.0,2.0,2.5,NR5G-SA,n79,-98,-98,-10,15,-999,5.2
2026-05-28 11:00:00.985,2026-05-28 11:14:47.169,22.6561608,114.5108651,50.0,10.0,0.05,234.6,7.9,24.9,1226.3,3982.16,10.0,2.0,2.5,NR5G-SA,n79,-98,-98,-10,15,-999,10.8
2026-05-28 11:00:01.185,2026-05-28 11:14:47.569,22.6561608,114.5108651,50.0,10.0,0.05,234.6,0.0,24.9,1226.3,3982.16,10.0,2.0,2.5,NR5G-SA,n79,-98,-98,-10,15,-999,8.0
2026-05-28 11:00:01.386,2026-05-28 11:14:47.769,22.6561476,114.5108452,50.0,10.0,0.01,234.5,0.0,24.9,1225.2,3984.68,10.0,2.0,2.5,NR5G-SA,n79,-100,-100,-10,16,-999,5.9
2026-05-28 11:00:01.586,2026-05-28 11:14:47.969,22.6561346,114.5108254,50.0,10.0,0.03,234.6,0.0,24.9,1224.1,3987.18,10.0,2.0,2.5,NR5G-SA,n79,-100,-100,-10,16,-999,6.2
2026-05-28 11:00:01.786,2026-05-28 11:14:48.169,22.6561215,114.5108057,50.0,10.0,0.04,234.7,0.0,25.1,1223.0,3989.67,10.0,2.0,2.5,NR5G-SA,n79,-100,-100,-10,16,-999,7.3
2026-05-28 11:00:01.987,2026-05-28 11:14:48.169,22.6561085,114.5107860,50.0,10.0,-0.02,234.5,0.0,25.1,1221.9,3992.16,10.0,2.0,2.5,NR5G-SA,n79,-102,-102,-10,16,-999,8.3
2026-05-28 11:00:02.187,2026-05-28 11:14:48.569,22.6561085,114.5107860,50.0,10.0,-0.02,234.5,3.6,25.1,1221.9,3992.16,10.0,2.0,2.5,NR5G-SA,n79,-102,-102,-10,16,-999,10.6
2026-05-28 11:00:02.388,2026-05-28 11:14:48.769,22.6560954,114.5107663,50.0,10.0,0.05,234.5,3.6,25.1,1220.8,3994.65,10.0,2.0,2.5,NR5G-SA,n79,-102,-102,-10,16,-999,6.3
2026-05-28 11:00:02.588,2026-05-28 11:14:48.969,22.6560822,114.5107466,50.0,10.0,0.04,234.4,3.6,25.1,1219.8,3997.16,10.0,2.0,2.5,NR5G-SA,n79,-98,-98,-10,16,-999,5.7
2026-05-28 11:00:02.788,2026-05-28 11:14:48.969,22.6560690,114.5107268,50.0,10.0,0.02,234.3,3.6,24.7,1218.7,3999.66,10.0,2.0,2.5,NR5G-SA,n79,-98,-98,-10,16,-999,7.4
2026-05-28 11:00:02.989,2026-05-28 11:14:49.169,22.6560558,114.5107071,50.0,10.0,-0.05,234.2,3.6,24.7,1217.6,4002.17,10.0,2.0,2.5,NR5G-SA,n79,-101,-101,-10,17,-999,7.7
2026-05-28 11:00:03.189,2026-05-28 11:14:49.569,22.6560558,114.5107071,50.0,10.0,-0.05,234.2,0.0,24.7,1217.6,4002.17,10.0,2.0,2.5,NR5G-SA,n79,-101,-101,-10,17,-999,6.5
2026-05-28 11:00:03.389,2026-05-28 11:14:49.769,22.6560427,114.5106873,50.0,10.0,0.05,234.2,0.0,24.7,1216.6,4004.67,10.0,2.0,2.5,NR5G-SA,n79,-101,-101,-10,17,-999,5.1
2026-05-28 11:00:03.589,2026-05-28 11:14:49.969,22.6560295,114.5106676,50.0,10.0,0.03,234.1,0.0,24.7,1215.5,4007.17,10.0,2.0,2.5,NR5G-SA,n79,-105,-105,-11,17,-999,3.8
2026-05-28 11:00:03.790,2026-05-28 11:14:49.969,22.6560163,114.5106478,50.0,10.0,-0.02,234.1,0.0,24.2,1214.5,4009.68,10.0,2.0,2.5,NR5G-SA,n79,-105,-105,-11,17,-999,8.2
2026-05-28 11:00:03.990,2026-05-28 11:14:50.169,22.6560032,114.5106279,50.0,10.0,-0.06,234.0,0.0,24.2,1213.4,4012.19,10.0,2.0,2.5,NR5G-SA,n79,-105,-105,-11,17,-999,8.4
2026-05-28 11:00:04.190,2026-05-28 11:14:50.569,22.6560032,114.5106279,50.0,10.0,-0.06,234.0,14.5,24.2,1213.4,4012.19,10.0,2.0,2.5,NR5G-SA,n79,-106,-106,-11,17,-999,5.9
2026-05-28 11:00:04.390,2026-05-28 11:14:50.769,22.6559901,114.5106082,50.0,10.0,-0.09,233.9,14.5,24.2,1212.3,4014.68,10.0,2.0,2.5,NR5G-SA,n79,-106,-106,-11,17,-999,5.8
2026-05-28 11:00:04.591,2026-05-28 11:14:50.969,22.6559771,114.5105885,50.0,10.0,-0.01,233.9,14.5,24.2,1211.3,4017.17,10.0,2.0,2.5,NR5G-SA,n79,-106,-106,-11,17,-999,5.8
2026-05-28 11:00:04.791,2026-05-28 11:14:51.169,22.6559640,114.5105688,50.0,10.0,-0.04,234.0,14.5,23.4,1210.3,4019.67,10.0,2.0,2.5,NR5G-SA,n79,-101,-101,-10,16,-999,7.8
2026-05-28 11:00:04.991,2026-05-28 11:14:51.169,22.6559509,114.5105489,50.0,10.0,-0.02,234.1,14.5,23.4,1209.2,4022.18,10.0,2.0,2.5,NR5G-SA,n79,-101,-101,-10,16,-999,10.9
2026-05-28 11:00:05.192,2026-05-28 11:14:51.569,22.6559509,114.5105489,50.0,10.0,-0.02,234.1,43.0,23.4,1209.2,4022.18,10.0,2.0,2.5,NR5G-SA,n79,-103,-103,-10,17,-999,5.9
2026-05-28 11:00:05.392,2026-05-28 11:14:51.769,22.6559378,114.5105291,50.0,10.0,-0.02,234.1,43.0,23.4,1208.2,4024.68,10.0,2.0,2.5,NR5G-SA,n79,-103,-103,-10,17,-999,6.3
2026-05-28 11:00:05.592,2026-05-28 11:14:51.969,22.6559246,114.5105094,50.0,10.0,0.01,234.1,43.0,23.4,1207.2,4027.18,10.0,2.0,2.5,NR5G-SA,n79,-103,-103,-10,17,-999,5.4
2026-05-28 11:00:05.793,2026-05-28 11:14:52.169,22.6559114,114.5104898,50.0,10.0,-0.02,234.2,43.0,23.9,1206.2,4029.67,10.0,2.0,2.5,NR5G-SA,n79,-98,-98,-10,17,-999,6.4
2026-05-28 11:00:05.993,2026-05-28 11:14:52.169,22.6558982,114.5104703,50.0,10.0,-0.02,234.1,43.0,23.9,1205.2,4032.16,10.0,2.0,2.5,NR5G-SA,n79,-98,-98,-10,17,-999,10.9
2026-05-28 11:00:06.194,2026-05-28 11:14:52.569,22.6558982,114.5104703,50.0,10.0,-0.02,234.1,23.5,23.9,1205.2,4032.16,10.0,2.0,2.5,NR5G-SA,n79,-98,-98,-10,17,-999,7.9
2026-05-28 11:00:06.394,2026-05-28 11:14:52.769,22.6558849,114.5104506,50.0,10.0,-0.02,234.1,23.5,23.9,1204.2,4034.67,10.0,2.0,2.5,NR5G-SA,n79,-100,-100,-10,18,-999,7.1
2026-05-28 11:00:06.594,2026-05-28 11:14:52.969,22.6558717,114.5104309,50.0,10.0,0.05,234.0,23.5,23.9,1203.2,4037.17,10.0,2.0,2.5,NR5G-SA,n79,-100,-100,-10,18,-999,4.1
2026-05-28 11:00:06.795,2026-05-28 11:14:53.169,22.6558586,114.5104112,50.0,10.0,0.01,234.0,23.5,23.4,1202.2,4039.66,10.0,2.0,2.5,NR5G-SA,n79,-100,-100,-10,18,-999,5.2
2026-05-28 11:00:06.995,2026-05-28 11:14:53.169,22.6558454,114.5103914,50.0,10.1,0.01,233.9,23.5,23.4,1201.2,4042.17,10.0,2.0,2.5,NR5G-SA,n79,-98,-98,-10,18,-999,9.6
2026-05-28 11:00:07.195,2026-05-28 11:14:53.569,22.6558454,114.5103914,50.0,10.1,0.01,233.9,36.6,23.4,1201.2,4042.17,10.0,2.0,2.5,NR5G-SA,n79,-98,-98,-10,18,-999,9.6
2026-05-28 11:00:07.396,2026-05-28 11:14:53.769,22.6558323,114.5103715,50.0,10.0,-0.00,233.9,36.6,23.4,1200.2,4044.68,10.0,2.0,2.5,NR5G-SA,n79,-99,-99,-10,18,-999,6.4
2026-05-28 11:00:07.596,2026-05-28 11:14:53.969,22.6558192,114.5103517,50.0,10.0,0.01,234.0,36.6,23.4,1199.2,4047.18,10.0,2.0,2.5,NR5G-SA,n79,-99,-99,-10,18,-999,4.2
2026-05-28 11:00:07.796,2026-05-28 11:14:54.169,22.6558061,114.5103318,50.0,10.0,0.00,234.0,36.6,23.4,1198.2,4049.70,10.0,2.0,2.5,NR5G-SA,n79,-99,-99,-10,18,-999,5.6
2026-05-28 11:00:07.997,2026-05-28 11:14:54.169,22.6557930,114.5103120,50.0,10.0,-0.04,234.0,36.6,22.1,1197.2,4052.20,10.0,2.0,2.5,NR5G-SA,n79,-104,-104,-10,18,-999,9.5
2026-05-28 11:00:08.197,2026-05-28 11:14:54.569,22.6557930,114.5103120,50.0,10.0,-0.04,234.0,32.2,22.1,1197.2,4052.20,10.0,2.0,2.5,NR5G-SA,n79,-104,-104,-10,18,-999,7.6
2026-05-28 11:00:08.397,2026-05-28 11:14:54.769,22.6557799,114.5102922,50.0,10.0,0.00,234.2,32.2,22.1,1196.2,4054.70,10.0,2.0,2.5,NR5G-SA,n79,-104,-104,-10,18,-999,7.5
2026-05-28 11:00:08.598,2026-05-28 11:14:54.969,22.6557667,114.5102724,50.0,10.0,0.02,234.2,32.2,22.1,1195.2,4057.21,10.0,2.0,2.5,NR5G-SA,n79,-99,-99,-10,17,-999,4.4
2026-05-28 11:00:08.798,2026-05-28 11:14:55.169,22.6557536,114.5102526,50.0,10.0,0.01,234.3,32.2,22.1,1194.2,4059.71,10.0,2.0,2.5,NR5G-SA,n79,-99,-99,-10,17,-999,4.6
2026-05-28 11:00:08.999,2026-05-28 11:14:55.169,22.6557405,114.5102328,50.0,10.0,0.02,234.2,32.2,19.7,1193.3,4062.22,10.0,2.0,2.5,NR5G-SA,n79,-99,-99,-10,17,-999,10.1
2026-05-28 11:00:09.199,2026-05-28 11:14:55.569,22.6557405,114.5102328,50.0,10.0,0.02,234.2,33.1,19.7,1193.3,4062.22,10.0,2.0,2.5,NR5G-SA,n79,-103,-103,-11,15,-999,6.2
2026-05-28 11:00:09.399,2026-05-28 11:14:55.769,22.6557274,114.5102130,50.0,10.0,0.05,234.1,33.1,19.7,1192.3,4064.72,10.0,2.0,2.5,NR5G-SA,n79,-103,-103,-11,15,-999,8.9
2026-05-28 11:00:09.600,2026-05-28 11:14:55.969,22.6557143,114.5101931,50.0,10.0,-0.01,233.9,33.1,19.7,1191.3,4067.23,10.0,2.0,2.5,NR5G-SA,n79,-107,-107,-11,16,-999,5.4
2026-05-28 11:00:09.800,2026-05-28 11:14:56.169,22.6557013,114.5101732,50.0,10.0,0.01,233.9,33.1,19.7,1190.4,4069.74,10.0,2.0,2.5,NR5G-SA,n79,-107,-107,-11,16,-999,5.6
2026-05-28 11:00:10.001,2026-05-28 11:14:56.569,22.6556882,114.5101534,50.0,10.0,-0.03,234.0,33.1,19.3,1189.4,4072.24,10.0,2.0,2.5,NR5G-SA,n79,-107,-107,-11,16,-999,3.6
2026-05-28 11:00:10.201,2026-05-28 11:14:56.569,22.6556882,114.5101534,50.0,10.0,-0.03,234.0,33.9,19.3,1189.4,4072.24,10.0,2.0,2.5,NR5G-SA,n79,-99,-99,-10,16,-999,8.8
2026-05-28 11:00:10.401,2026-05-28 11:14:56.769,22.6556750,114.5101337,50.0,10.0,-0.04,234.1,33.9,19.3,1188.5,4074.74,10.0,2.0,2.5,NR5G-SA,n79,-99,-99,-10,16,-999,8.2
2026-05-28 11:00:10.602,2026-05-28 11:14:56.969,22.6556619,114.5101140,50.0,10.0,-0.07,234.1,33.9,19.3,1187.5,4077.23,10.0,2.0,2.5,NR5G-SA,n79,-99,-99,-10,16,-999,6.4
2026-05-28 11:00:10.802,2026-05-28 11:14:57.169,22.6556487,114.5100944,50.0,10.0,0.00,234.1,33.9,19.3,1186.6,4079.73,10.0,2.0,2.5,NR5G-SA,n79,-99,-99,-10,16,-999,4.3
2026-05-28 11:00:11.002,2026-05-28 11:14:57.169,22.6556355,114.5100748,50.0,10.0,-0.00,234.2,33.9,17.1,1185.7,4082.22,10.0,2.0,2.5,NR5G-SA,n79,-99,-99,-10,16,-999,10.2
2026-05-28 11:00:11.203,2026-05-28 11:14:57.569,22.6556355,114.5100748,50.0,10.0,-0.00,234.2,25.4,17.1,1185.7,4082.22,10.0,2.0,2.5,NR5G-SA,n79,-99,-99,-10,16,-999,11.3
2026-05-28 11:00:11.403,2026-05-28 11:14:57.769,22.6556224,114.5100552,50.0,10.0,-0.01,234.3,25.4,17.1,1184.8,4084.70,10.0,2.0,2.5,NR5G-SA,n79,-100,-100,-10,16,-999,8.2
2026-05-28 11:00:11.603,2026-05-28 11:14:57.969,22.6556093,114.5100356,50.0,10.0,0.00,234.5,25.4,17.1,1183.9,4087.19,10.0,2.0,2.5,NR5G-SA,n79,-100,-100,-10,16,-999,6.1
2026-05-28 11:00:11.804,2026-05-28 11:14:58.169,22.6555960,114.5100159,50.0,10.0,0.07,234.4,25.4,17.1,1183.0,4089.70,10.0,2.0,2.5,NR5G-SA,n79,-100,-100,-10,16,-999,5.3
2026-05-28 11:00:12.004,2026-05-28 11:14:58.169,22.6555828,114.5099962,50.0,10.0,0.08,234.2,25.4,16.5,1182.1,4092.20,10.0,2.0,2.5,NR5G-SA,n79,-100,-100,-10,16,-999,10.0
2026-05-28 11:00:12.205,2026-05-28 11:14:58.569,22.6555828,114.5099962,50.0,10.0,0.08,234.2,42.2,16.5,1182.1,4092.20,10.0,2.0,2.5,NR5G-SA,n79,-100,-100,-10,16,-999,10.6
2026-05-28 11:00:12.405,2026-05-28 11:14:58.769,22.6555696,114.5099764,50.0,10.0,0.06,234.3,42.2,16.5,1181.2,4094.71,10.0,2.0,2.5,NR5G-SA,n79,-106,-106,-11,15,-999,4.7
2026-05-28 11:00:12.605,2026-05-28 11:14:58.969,22.6555563,114.5099568,50.0,10.0,0.08,234.2,42.2,16.5,1180.3,4097.21,10.0,2.0,2.5,NR5G-SA,n79,-106,-106,-11,15,-999,7.8
2026-05-28 11:00:12.806,2026-05-28 11:14:59.169,22.6555432,114.5099371,50.0,10.0,0.01,234.3,42.2,16.5,1179.4,4099.70,10.0,2.0,2.5,NR5G-SA,n79,-106,-106,-11,15,-999,5.1
2026-05-28 11:00:13.006,2026-05-28 11:14:59.169,22.6555301,114.5099174,50.0,10.0,-0.01,234.3,42.2,17.0,1178.5,4102.20,10.0,2.0,2.5,NR5G-SA,n79,-101,-101,-11,16,-999,7.6
2026-05-28 11:00:13.206,2026-05-28 11:14:59.569,22.6555301,114.5099174,50.0,10.0,-0.01,234.3,42.2,17.0,1178.5,4102.20,10.0,2.0,2.5,NR5G-SA,n79,-101,-101,-11,16,-999,9.5
2026-05-28 11:00:13.407,2026-05-28 11:14:59.769,22.6555171,114.5098976,50.0,10.0,-0.04,234.3,16.4,17.0,1177.6,4104.69,10.0,2.0,2.5,NR5G-SA,n79,-101,-101,-11,16,-999,10.1
2026-05-28 11:00:13.607,2026-05-28 11:14:59.969,22.6555041,114.5098777,50.0,10.0,0.01,234.5,16.4,17.0,1176.7,4107.20,10.0,2.0,2.5,NR5G-SA,n79,-104,-104,-11,15,-999,9.8
2026-05-28 11:00:13.808,2026-05-28 11:15:00.169,22.6554911,114.5098577,50.0,10.0,-0.03,234.5,16.4,17.0,1175.8,4109.71,10.0,2.0,2.5,NR5G-SA,n79,-104,-104,-11,15,-999,5.6
2026-05-28 11:00:14.008,2026-05-28 11:15:00.169,22.6554781,114.5098379,50.0,10.0,0.03,234.7,16.4,17.3,1174.9,4112.21,10.0,2.0,2.5,NR5G-SA,n79,-104,-104,-11,15,-999,12.0
2026-05-28 11:00:14.208,2026-05-28 11:15:00.569,22.6554781,114.5098379,50.0,10.0,0.03,234.7,16.4,17.3,1174.9,4112.21,10.0,2.0,2.5,NR5G-SA,n79,-96,-96,-10,15,-999,15.3
2026-05-28 11:00:14.409,2026-05-28 11:15:00.769,22.6554650,114.5098180,50.0,10.0,0.05,234.8,0.0,17.3,1174.1,4114.72,10.0,2.0,2.5,NR5G-SA,n79,-96,-96,-10,15,-999,9.1
2026-05-28 11:00:14.609,2026-05-28 11:15:00.969,22.6554519,114.5097982,50.0,10.0,0.07,234.8,0.0,17.3,1173.2,4117.22,10.0,2.0,2.5,NR5G-SA,n79,-100,-100,-11,17,-999,5.0
2026-05-28 11:00:14.810,2026-05-28 11:15:01.169,22.6554388,114.5097784,50.0,10.0,0.06,234.7,0.0,17.3,1172.3,4119.72,10.0,2.0,2.5,NR5G-SA,n79,-100,-100,-11,17,-999,3.5
2026-05-28 11:00:15.010,2026-05-28 11:15:01.169,22.6554256,114.5097587,50.0,10.0,0.06,234.7,0.0,17.1,1171.5,4122.22,10.0,2.0,2.5,NR5G-SA,n79,-100,-100,-11,17,-999,8.5
2026-05-28 11:00:15.210,2026-05-28 11:15:01.569,22.6554256,114.5097587,50.0,10.0,0.06,234.7,0.0,17.1,1171.5,4122.22,10.0,2.0,2.5,NR5G-SA,n79,-99,-99,-10,17,-999,11.0
2026-05-28 11:00:15.411,2026-05-28 11:15:01.769,22.6554124,114.5097389,50.0,10.0,0.05,234.8,5.3,17.1,1170.6,4124.73,10.0,2.0,2.5,NR5G-SA,n79,-99,-99,-10,17,-999,9.8
2026-05-28 11:00:15.611,2026-05-28 11:15:01.969,22.6553992,114.5097191,50.0,10.1,0.04,234.8,5.3,17.1,1169.8,4127.24,10.0,2.0,2.5,NR5G-SA,n79,-99,-99,-10,17,-999,6.4
2026-05-28 11:00:15.811,2026-05-28 11:15:02.169,22.6553862,114.5096993,50.0,10.1,-0.09,234.8,5.3,17.1,1168.9,4129.74,10.0,2.0,2.5,NR5G-SA,n79,-104,-104,-11,16,-999,4.3
2026-05-28 11:00:16.012,2026-05-28 11:15:02.169,22.6553731,114.5096794,50.0,10.0,-0.03,234.9,5.3,17.3,1168.1,4132.25,10.0,2.0,2.5,NR5G-SA,n79,-104,-104,-11,16,-999,10.9
2026-05-28 11:00:16.212,2026-05-28 11:15:02.569,22.6553731,114.5096794,50.0,10.0,-0.03,234.9,5.3,17.3,1168.1,4132.25,10.0,2.0,2.5,NR5G-SA,n79,-104,-104,-11,16,-999,15.3
2026-05-28 11:00:16.412,2026-05-28 11:15:02.769,22.6553599,114.5096595,50.0,10.1,-0.01,234.8,0.0,17.3,1167.2,4134.77,10.0,2.0,2.5,NR5G-SA,n79,-105,-105,-11,15,-999,11.0
2026-05-28 11:00:16.613,2026-05-28 11:15:02.969,22.6553466,114.5096397,50.0,10.1,-0.03,234.7,0.0,17.3,1166.4,4137.28,10.0,2.0,2.5,NR5G-SA,n79,-105,-105,-11,15,-999,5.4
2026-05-28 11:00:16.813,2026-05-28 11:15:03.169,22.6553334,114.5096200,50.0,10.0,0.06,234.6,0.0,17.3,1165.6,4139.79,10.0,2.0,2.5,NR5G-SA,n79,-99,-99,-11,15,-999,5.0
2026-05-28 11:00:17.013,2026-05-28 11:15:03.569,22.6553202,114.5096002,50.0,10.0,0.01,234.5,0.0,17.1,1164.8,4142.29,10.0,2.0,2.5,NR5G-SA,n79,-99,-99,-11,15,-999,4.0
2026-05-28 11:00:17.214,2026-05-28 11:15:03.569,22.6553202,114.5096002,50.0,10.0,0.01,234.5,0.0,17.1,1164.8,4142.29,10.0,2.0,2.5,NR5G-SA,n79,-99,-99,-11,15,-999,9.6
2026-05-28 11:00:17.414,2026-05-28 11:15:03.769,22.6553071,114.5095804,50.0,10.0,-0.03,234.5,6.7,17.1,1164.0,4144.80,10.0,2.0,2.5,NR5G-SA,n79,-100,-100,-11,15,-999,9.6
2026-05-28 11:00:17.614,2026-05-28 11:15:03.969,22.6552939,114.5095607,50.0,10.0,-0.02,234.4,6.7,17.1,1163.2,4147.30,10.0,2.0,2.5,NR5G-SA,n79,-100,-100,-11,15,-999,6.0
2026-05-28 11:00:17.815,2026-05-28 11:15:04.169,22.6552806,114.5095408,50.0,10.0,-0.01,234.4,6.7,17.1,1162.4,4149.82,10.0,2.0,2.5,NR5G-SA,n79,-100,-100,-11,15,-999,4.5
2026-05-28 11:00:18.015,2026-05-28 11:15:04.169,22.6552675,114.5095210,50.0,9.9,0.07,234.4,6.7,17.1,1161.6,4152.33,10.0,2.0,2.5,NR5G-SA,n79,-100,-100,-11,16,-999,7.7
2026-05-28 11:00:18.215,2026-05-28 11:15:04.569,22.6552675,114.5095210,50.0,9.9,0.07,234.4,6.7,18.2,1161.6,4152.33,10.0,2.0,2.5,NR5G-SA,n79,-100,-100,-11,16,-999,14.6
2026-05-28 11:00:18.416,2026-05-28 11:15:04.769,22.6552543,114.5095013,50.0,10.0,0.04,234.3,0.0,18.2,1160.8,4154.83,10.0,2.0,2.5,NR5G-SA,n79,-100,-100,-11,16,-999,8.8
2026-05-28 11:00:18.616,2026-05-28 11:15:04.969,22.6552412,114.5094817,50.0,10.0,-0.04,234.1,0.0,18.2,1160.0,4157.31,10.0,2.0,2.5,NR5G-SA,n79,-97,-97,-10,16,-999,7.3
2026-05-28 11:00:18.816,2026-05-28 11:15:05.169,22.6552280,114.5094619,50.0,10.0,0.01,234.0,0.0,18.2,1159.2,4159.82,10.0,2.0,2.5,NR5G-SA,n79,-97,-97,-10,16,-999,4.6
2026-05-28 11:00:19.017,2026-05-28 11:15:05.169,22.6552148,114.5094422,50.0,10.0,0.02,234.1,0.0,18.2,1158.5,4162.32,10.0,2.0,2.5,NR5G-SA,n79,-103,-103,-11,17,-999,8.3
2026-05-28 11:00:19.217,2026-05-28 11:15:05.569,22.6552148,114.5094422,50.0,10.0,0.02,234.1,0.0,19.4,1158.5,4162.32,10.0,2.0,2.5,NR5G-SA,n79,-103,-103,-11,17,-999,13.8
2026-05-28 11:00:19.418,2026-05-28 11:15:05.769,22.6552017,114.5094224,50.0,10.0,0.01,234.2,29.0,19.4,1157.7,4164.83,10.0,2.0,2.5,NR5G-SA,n79,-103,-103,-11,17,-999,10.3
2026-05-28 11:00:19.618,2026-05-28 11:15:05.969,22.6551886,114.5094027,50.0,9.9,0.06,234.4,29.0,19.4,1156.9,4167.32,10.0,2.0,2.5,NR5G-SA,n79,-101,-101,-11,17,-999,5.9
2026-05-28 11:00:19.819,2026-05-28 11:15:06.169,22.6551755,114.5093830,50.0,10.0,-0.00,234.5,29.0,19.4,1156.2,4169.81,10.0,2.0,2.5,NR5G-SA,n79,-101,-101,-11,17,-999,4.2
2026-05-28 11:00:20.019,2026-05-28 11:15:06.169,22.6551624,114.5093634,50.0,10.0,-0.02,234.4,29.0,19.4,1155.4,4172.30,10.0,2.0,2.5,NR5G-SA,n79,-101,-101,-11,17,-999,6.6
2026-05-28 11:00:20.219,2026-05-28 11:15:06.569,22.6551624,114.5093634,50.0,10.0,-0.02,234.4,29.0,20.5,1155.4,4172.30,10.0,2.0,2.5,NR5G-SA,n79,-104,-104,-11,17,-999,9.9
2026-05-28 11:00:20.420,2026-05-28 11:15:06.769,22.6551493,114.5093439,50.0,9.9,0.01,234.4,43.8,20.5,1154.7,4174.78,10.0,2.0,2.5,NR5G-SA,n79,-104,-104,-11,17,-999,7.9
2026-05-28 11:00:20.620,2026-05-28 11:15:06.969,22.6551361,114.5093242,50.0,10.0,-0.02,234.3,43.8,20.5,1153.9,4177.28,10.0,2.0,2.5,NR5G-SA,n79,-104,-104,-11,17,-999,6.1
2026-05-28 11:00:20.820,2026-05-28 11:15:07.169,22.6551230,114.5093045,50.0,10.0,0.04,234.3,43.8,20.5,1153.2,4179.77,10.0,2.0,2.5,NR5G-SA,n79,-107,-107,-11,16,-999,4.4
2026-05-28 11:00:21.021,2026-05-28 11:15:07.569,22.6551099,114.5092848,50.0,10.0,0.00,234.1,43.8,20.5,1152.5,4182.27,10.0,2.0,2.5,NR5G-SA,n79,-107,-107,-11,16,-999,4.7
2026-05-28 11:00:21.221,2026-05-28 11:15:07.569,22.6551099,114.5092848,50.0,10.0,0.00,234.1,43.8,22.8,1152.5,4182.27,10.0,2.0,2.5,NR5G-SA,n79,-102,-102,-10,16,-999,14.5
2026-05-28 11:00:21.421,2026-05-28 11:15:07.769,22.6550968,114.5092650,50.0,10.0,0.08,233.9,40.2,22.8,1151.7,4184.77,10.0,2.0,2.5,NR5G-SA,n79,-102,-102,-10,16,-999,10.2
2026-05-28 11:00:21.622,2026-05-28 11:15:07.969,22.6550837,114.5092453,50.0,10.0,0.10,234.0,40.2,22.8,1151.0,4187.27,10.0,2.0,2.5,NR5G-SA,n79,-102,-102,-10,16,-999,4.9
2026-05-28 11:00:21.822,2026-05-28 11:15:08.169,22.6550706,114.5092256,50.0,10.0,0.05,234.0,40.2,22.8,1150.3,4189.76,10.0,2.0,2.5,NR5G-SA,n79,-100,-100,-10,16,-999,5.5
2026-05-28 11:00:22.022,2026-05-28 11:15:08.169,22.6550575,114.5092059,50.0,10.0,0.01,234.0,40.2,22.8,1149.6,4192.25,10.0,2.0,2.5,NR5G-SA,n79,-100,-100,-10,16,-999,8.8
2026-05-28 11:00:22.223,2026-05-28 11:15:08.569,22.6550575,114.5092059,50.0,10.0,0.01,234.0,40.2,23.9,1149.6,4192.25,10.0,2.0,2.5,NR5G-SA,n79,-100,-100,-10,16,-999,10.3
2026-05-28 11:00:22.423,2026-05-28 11:15:08.769,22.6550444,114.5091860,50.0,10.0,0.01,234.0,36.1,23.9,1148.8,4194.77,10.0,2.0,2.5,NR5G-SA,n79,-102,-102,-11,16,-999,5.3
2026-05-28 11:00:22.624,2026-05-28 11:15:08.969,22.6550314,114.5091662,50.0,10.0,0.01,234.0,36.1,23.9,1148.1,4197.26,10.0,2.0,2.5,NR5G-SA,n79,-102,-102,-11,16,-999,7.2
2026-05-28 11:00:22.824,2026-05-28 11:15:09.169,22.6550183,114.5091463,50.0,10.0,-0.03,234.0,36.1,23.9,1147.4,4199.77,10.0,2.0,2.5,NR5G-SA,n79,-102,-102,-11,16,-999,6.4
2026-05-28 11:00:23.024,2026-05-28 11:15:09.569,22.6550052,114.5091264,50.0,10.0,0.00,234.0,36.1,23.9,1146.7,4202.28,10.0,2.0,2.5,NR5G-SA,n79,-102,-102,-11,16,-999,4.9
2026-05-28 11:00:23.225,2026-05-28 11:15:09.569,22.6550052,114.5091264,50.0,10.0,0.00,234.0,36.1,23.8,1146.7,4202.28,10.0,2.0,2.5,NR5G-SA,n79,-102,-102,-11,16,-999,14.2
2026-05-28 11:00:23.425,2026-05-28 11:15:09.769,22.6549920,114.5091065,50.0,10.0,0.04,234.0,33.0,23.8,1146.0,4204.80,10.0,2.0,2.5,NR5G-SA,n79,-102,-102,-11,16,-999,9.7
2026-05-28 11:00:23.626,2026-05-28 11:15:09.969,22.6549787,114.5090867,50.0,10.0,0.05,234.0,33.0,23.8,1145.3,4207.32,10.0,2.0,2.5,NR5G-SA,n79,-102,-102,-11,16,-999,6.7
2026-05-28 11:00:23.826,2026-05-28 11:15:10.169,22.6549655,114.5090668,50.0,10.0,0.03,234.0,33.0,23.8,1144.6,4209.84,10.0,2.0,2.5,NR5G-SA,n79,-102,-102,-11,16,-999,4.8
2026-05-28 11:00:24.027,2026-05-28 11:15:10.569,22.6549522,114.5090470,50.0,10.0,0.01,233.9,33.0,23.8,1144.0,4212.35,10.0,2.0,2.5,NR5G-SA,n79,-106,-106,-11,17,-999,4.3
2026-05-28 11:00:24.227,2026-05-28 11:15:10.569,22.6549522,114.5090470,50.0,10.0,0.01,233.9,33.0,24.9,1144.0,4212.35,10.0,2.0,2.5,NR5G-SA,n79,-106,-106,-11,17,-999,13.8
2026-05-28 11:00:24.427,2026-05-28 11:15:10.769,22.6549389,114.5090272,50.0,10.0,-0.00,233.9,29.6,24.9,1143.3,4214.87,10.0,2.0,2.5,NR5G-SA,n79,-106,-106,-11,17,-999,10.9
2026-05-28 11:00:24.628,2026-05-28 11:15:10.969,22.6549257,114.5090075,50.0,10.0,0.00,234.0,29.6,24.9,1142.6,4217.37,10.0,2.0,2.5,NR5G-SA,n79,-105,-105,-11,17,-999,4.6
2026-05-28 11:00:24.828,2026-05-28 11:15:11.169,22.6549125,114.5089878,50.0,10.0,-0.04,234.0,29.6,24.9,1142.0,4219.87,10.0,2.0,2.5,NR5G-SA,n79,-105,-105,-11,17,-999,4.7
2026-05-28 11:00:25.028,2026-05-28 11:15:11.169,22.6548994,114.5089681,50.0,10.0,-0.05,234.0,29.6,24.9,1141.3,4222.36,10.0,2.0,2.5,NR5G-SA,n79,-105,-105,-11,17,-999,8.6
2026-05-28 11:00:25.229,2026-05-28 11:15:11.569,22.6548994,114.5089681,50.0,10.0,-0.05,234.0,29.6,26.4,1141.3,4222.36,10.0,2.0,2.5,NR5G-SA,n79,-100,-100,-10,17,-999,13.5
2026-05-28 11:00:25.429,2026-05-28 11:15:11.769,22.6548864,114.5089483,50.0,10.0,0.00,234.0,39.3,26.4,1140.7,4224.86,10.0,2.0,2.5,NR5G-SA,n79,-100,-100,-10,17,-999,10.1
2026-05-28 11:00:25.630,2026-05-28 11:15:11.969,22.6548733,114.5089285,50.0,10.0,-0.03,234.0,39.3,26.4,1140.0,4227.36,10.0,2.0,2.5,NR5G-SA,n79,-100,-100,-10,17,-999,6.3
2026-05-28 11:00:25.830,2026-05-28 11:15:12.169,22.6548602,114.5089086,50.0,9.9,0.05,233.9,39.3,26.4,1139.3,4229.87,10.0,2.0,2.5,NR5G-SA,n79,-103,-103,-11,17,-999,5.5
2026-05-28 11:00:26.030,2026-05-28 11:15:12.569,22.6548471,114.5088889,50.0,10.0,0.03,233.9,39.3,26.4,1138.7,4232.37,10.0,2.0,2.5,NR5G-SA,n79,-103,-103,-11,17,-999,5.9
2026-05-28 11:00:26.231,2026-05-28 11:15:12.569,22.6548471,114.5088889,50.0,10.0,0.03,233.9,39.3,26.4,1138.7,4232.37,10.0,2.0,2.5,NR5G-SA,n79,-98,-98,-10,16,-999,15.2
2026-05-28 11:00:26.431,2026-05-28 11:15:12.769,22.6548339,114.5088690,50.0,10.0,0.04,234.0,22.7,26.0,1138.1,4234.89,10.0,2.0,2.5,NR5G-SA,n79,-98,-98,-10,16,-999,9.8
2026-05-28 11:00:26.631,2026-05-28 11:15:12.969,22.6548206,114.5088493,50.0,10.0,0.06,234.0,22.7,26.0,1137.5,4237.39,10.0,2.0,2.5,NR5G-SA,n79,-98,-98,-10,16,-999,6.9
2026-05-28 11:00:26.832,2026-05-28 11:15:13.169,22.6548074,114.5088294,50.0,10.0,-0.03,234.0,22.7,26.0,1136.8,4239.91,10.0,2.0,2.5,NR5G-SA,n79,-100,-100,-11,16,-999,4.8
2026-05-28 11:00:27.032,2026-05-28 11:15:13.569,22.6547942,114.5088097,50.0,10.0,-0.03,233.9,22.7,26.0,1136.2,4242.41,10.0,2.0,2.5,NR5G-SA,n79,-100,-100,-11,16,-999,6.1
2026-05-28 11:00:27.232,2026-05-28 11:15:13.569,22.6547942,114.5088097,50.0,10.0,-0.03,233.9,22.7,26.0,1136.2,4242.41,10.0,2.0,2.5,NR5G-SA,n79,-100,-100,-11,16,-999,13.2
2026-05-28 11:00:27.433,2026-05-28 11:15:13.769,22.6547811,114.5087899,50.0,10.0,-0.04,233.9,43.0,26.5,1135.6,4244.91,10.0,2.0,2.5,NR5G-SA,n79,-98,-98,-10,17,-999,9.9
2026-05-28 11:00:27.633,2026-05-28 11:15:13.969,22.6547680,114.5087701,50.0,9.9,0.02,233.8,43.0,26.5,1135.0,4247.42,10.0,2.0,2.5,NR5G-SA,n79,-98,-98,-10,17,-999,6.7
2026-05-28 11:00:27.833,2026-05-28 11:15:14.169,22.6547550,114.5087504,50.0,10.0,0.01,233.9,43.0,26.5,1134.4,4249.91,10.0,2.0,2.5,NR5G-SA,n79,-98,-98,-10,17,-999,4.6
2026-05-28 11:00:28.034,2026-05-28 11:15:14.569,22.6547419,114.5087305,50.0,10.0,0.02,233.9,43.0,26.5,1133.8,4252.42,10.0,2.0,2.5,NR5G-SA,n79,-101,-101,-10,17,-999,7.7
2026-05-28 11:00:28.234,2026-05-28 11:15:14.569,22.6547287,114.5087108,50.0,10.0,0.02,233.9,43.0,26.5,1133.2,4254.92,10.0,2.0,2.5,NR5G-SA,n79,-101,-101,-10,17,-999,12.9
2026-05-28 11:00:28.434,2026-05-28 11:15:14.769,22.6547287,114.5087108,50.0,10.0,0.02,233.9,12.3,27.1,1133.2,4254.92,10.0,2.0,2.5,NR5G-SA,n79,-102,-102,-11,18,-999,11.2
2026-05-28 11:00:28.635,2026-05-28 11:15:14.969,22.6547155,114.5086910,50.0,9.9,0.03,234.0,12.3,27.1,1132.6,4257.43,10.0,2.0,2.5,NR5G-SA,n79,-102,-102,-11,18,-999,5.2
2026-05-28 11:00:28.835,2026-05-28 11:15:15.169,22.6547024,114.5086714,50.0,9.9,-0.00,234.0,12.3,27.1,1132.0,4259.91,10.0,2.0,2.5,NR5G-SA,n79,-102,-102,-11,18,-999,4.2
2026-05-28 11:00:29.036,2026-05-28 11:15:15.169,22.6546894,114.5086517,50.0,10.0,-0.03,234.1,12.3,27.1,1131.5,4262.40,10.0,2.0,2.5,NR5G-SA,n79,-103,-103,-11,17,-999,7.4
2026-05-28 11:00:29.236,2026-05-28 11:15:15.569,22.6546763,114.5086321,50.0,10.0,-0.03,234.1,12.3,27.1,1130.9,4264.89,10.0,2.0,2.5,NR5G-SA,n79,-103,-103,-11,17,-999,13.2
2026-05-28 11:00:29.436,2026-05-28 11:15:15.769,22.6546763,114.5086321,50.0,10.0,-0.04,234.1,0.0,27.1,1130.9,4264.89,10.0,2.0,2.5,NR5G-SA,n79,-103,-103,-11,17,-999,10.8
2026-05-28 11:00:29.637,2026-05-28 11:15:15.969,22.6546632,114.5086123,50.0,10.0,-0.02,234.1,0.0,27.1,1130.3,4267.39,10.0,2.0,2.5,NR5G-SA,n79,-104,-104,-11,16,-999,6.7
2026-05-28 11:00:29.837,2026-05-28 11:15:16.169,22.6546500,114.5085926,50.0,10.0,-0.01,234.1,0.0,27.1,1129.8,4269.89,10.0,2.0,2.5,NR5G-SA,n79,-104,-104,-11,16,-999,5.9
2026-05-28 11:00:30.037,2026-05-28 11:15:16.169,22.6546369,114.5085727,50.0,10.0,-0.01,234.2,0.0,27.1,1129.2,4272.40,10.0,2.0,2.5,NR5G-SA,n79,-104,-104,-11,16,-999,8.8
2026-05-28 11:00:30.238,2026-05-28 11:15:16.569,22.6546238,114.5085530,50.0,10.0,-0.01,234.2,0.0,27.1,1128.7,4274.90,10.0,2.0,2.5,NR5G-SA,n79,-102,-102,-10,16,-999,14.2
2026-05-28 11:00:30.438,2026-05-28 11:15:16.769,22.6546238,114.5085530,50.0,10.0,-0.01,234.2,3.0,25.0,1128.7,4274.90,10.0,2.0,2.5,NR5G-SA,n79,-102,-102,-10,16,-999,11.1
2026-05-28 11:00:30.639,2026-05-28 11:15:16.969,22.6546107,114.5085333,50.0,10.0,0.01,234.3,3.0,25.0,1128.1,4277.39,10.0,2.0,2.5,NR5G-SA,n79,-100,-100,-10,17,-999,6.6
2026-05-28 11:00:30.839,2026-05-28 11:15:17.169,22.6545975,114.5085135,50.0,10.0,0.04,234.3,3.0,25.0,1127.6,4279.90,10.0,2.0,2.5,NR5G-SA,n79,-100,-100,-10,17,-999,7.0
2026-05-28 11:00:31.040,2026-05-28 11:15:17.169,22.6545844,114.5084938,50.0,10.0,0.06,234.4,3.0,25.0,1127.1,4282.39,10.0,2.0,2.5,NR5G-SA,n79,-100,-100,-10,17,-999,7.1
2026-05-28 11:00:31.240,2026-05-28 11:15:17.569,22.6545713,114.5084741,50.0,10.0,0.00,234.5,3.0,25.0,1126.5,4284.89,10.0,2.0,2.5,NR5G-SA,n79,-99,-99,-10,16,-999,11.4
2026-05-28 11:00:31.440,2026-05-28 11:15:17.769,22.6545713,114.5084741,50.0,10.0,0.00,234.5,0.0,23.9,1126.5,4284.89,10.0,2.0,2.5,NR5G-SA,n79,-99,-99,-10,16,-999,10.3
2026-05-28 11:00:31.641,2026-05-28 11:15:17.969,22.6545583,114.5084543,50.0,10.0,-0.01,234.6,0.0,23.9,1126.0,4287.39,10.0,2.0,2.5,NR5G-SA,n79,-99,-99,-10,16,-999,5.5
2026-05-28 11:00:31.841,2026-05-28 11:15:18.169,22.6545452,114.5084345,50.0,10.0,0.00,234.8,0.0,23.9,1125.5,4289.89,10.0,2.0,2.5,NR5G-SA,n79,-101,-101,-10,16,-999,5.5
2026-05-28 11:00:32.041,2026-05-28 11:15:18.569,22.6545322,114.5084148,50.0,10.0,-0.01,234.7,0.0,23.9,1125.0,4292.38,10.0,2.0,2.5,NR5G-SA,n79,-101,-101,-10,16,-999,5.6
2026-05-28 11:00:32.241,2026-05-28 11:15:18.569,22.6545191,114.5083950,50.0,10.0,0.03,234.8,0.0,23.9,1124.5,4294.88,10.0,2.0,2.5,NR5G-SA,n79,-101,-101,-10,16,-999,12.0
2026-05-28 11:00:32.442,2026-05-28 11:15:18.769,22.6545191,114.5083950,50.0,10.0,0.03,234.8,9.0,23.3,1124.5,4294.88,10.0,2.0,2.5,NR5G-SA,n79,-97,-97,-10,15,-999,9.8
2026-05-28 11:00:32.642,2026-05-28 11:15:18.969,22.6545060,114.5083752,50.0,10.0,0.04,234.8,9.0,23.3,1123.9,4297.38,10.0,2.0,2.5,NR5G-SA,n79,-97,-97,-10,15,-999,5.7
2026-05-28 11:00:32.842,2026-05-28 11:15:19.169,22.6544927,114.5083554,50.0,10.0,0.01,234.7,9.0,23.3,1123.5,4299.90,10.0,2.0,2.5,NR5G-SA,n79,-101,-101,-10,15,-999,4.4
2026-05-28 11:00:33.043,2026-05-28 11:15:19.569,22.6544795,114.5083357,50.0,10.0,0.03,234.7,9.0,23.3,1123.0,4302.40,10.0,2.0,2.5,NR5G-SA,n79,-101,-101,-10,15,-999,7.1
2026-05-28 11:00:33.243,2026-05-28 11:15:19.569,22.6544664,114.5083159,50.0,10.0,0.03,234.8,9.0,23.3,1122.5,4304.90,10.0,2.0,2.5,NR5G-SA,n79,-101,-101,-10,15,-999,13.8
2026-05-28 11:00:33.444,2026-05-28 11:15:19.769,22.6544664,114.5083159,50.0,10.0,0.03,234.8,0.0,20.9,1122.5,4304.90,10.0,2.0,2.5,NR5G-SA,n79,-100,-100,-10,15,-999,11.1
2026-05-28 11:00:33.644,2026-05-28 11:15:19.969,22.6544533,114.5082961,50.0,10.0,-0.01,234.8,0.0,20.9,1122.0,4307.40,10.0,2.0,2.5,NR5G-SA,n79,-100,-100,-10,15,-999,4.5
2026-05-28 11:00:33.844,2026-05-28 11:15:20.169,22.6544402,114.5082763,50.0,10.0,0.02,234.9,0.0,20.9,1121.5,4309.91,10.0,2.0,2.5,NR5G-SA,n79,-100,-100,-10,15,-999,4.7
2026-05-28 11:00:34.045,2026-05-28 11:15:20.569,22.6544271,114.5082564,50.0,10.0,-0.04,234.8,0.0,20.9,1121.0,4312.42,10.0,2.0,2.5,NR5G-SA,n79,-98,-98,-10,15,-999,5.1
2026-05-28 11:00:34.245,2026-05-28 11:15:20.569,22.6544140,114.5082366,50.0,10.0,0.00,234.8,0.0,20.9,1120.6,4314.92,10.0,2.0,2.5,NR5G-SA,n79,-98,-98,-10,15,-999,10.8
2026-05-28 11:00:34.445,2026-05-28 11:15:20.769,22.6544140,114.5082366,50.0,10.0,0.00,234.8,32.3,20.9,1120.6,4314.92,10.0,2.0,2.5,NR5G-SA,n79,-98,-98,-10,15,-999,6.6
2026-05-28 11:00:34.646,2026-05-28 11:15:20.969,22.6544009,114.5082169,50.0,10.0,-0.05,234.8,32.3,18.2,1120.1,4317.42,10.0,2.0,2.5,NR5G-SA,n79,-97,-97,-10,15,-999,6.4
2026-05-28 11:00:34.846,2026-05-28 11:15:21.169,22.6543878,114.5081971,50.0,10.0,-0.06,234.9,32.3,18.2,1119.7,4319.92,10.0,2.0,2.5,NR5G-SA,n79,-97,-97,-10,15,-999,5.0
2026-05-28 11:00:35.046,2026-05-28 11:15:21.569,22.6543747,114.5081772,50.0,10.0,0.04,235.1,32.3,18.2,1119.2,4322.43,10.0,2.0,2.5,NR5G-SA,n79,-103,-103,-10,15,-999,7.1
2026-05-28 11:00:35.247,2026-05-28 11:15:21.569,22.6543616,114.5081574,50.0,10.0,0.07,235.1,32.3,18.2,1118.8,4324.93,10.0,2.0,2.5,NR5G-SA,n79,-103,-103,-10,15,-999,10.7
2026-05-28 11:00:35.447,2026-05-28 11:15:21.769,22.6543616,114.5081574,50.0,10.0,0.07,235.1,39.9,18.2,1118.8,4324.93,10.0,2.0,2.5,NR5G-SA,n79,-103,-103,-10,15,-999,9.7
2026-05-28 11:00:35.647,2026-05-28 11:15:21.969,22.6543485,114.5081377,50.0,10.0,0.03,235.0,39.9,19.4,1118.3,4327.43,10.0,2.0,2.5,NR5G-SA,n79,-100,-100,-10,14,-999,5.7
2026-05-28 11:00:35.848,2026-05-28 11:15:22.169,22.6543353,114.5081180,50.0,10.0,0.05,235.0,39.9,19.4,1117.9,4329.93,10.0,2.0,2.5,NR5G-SA,n79,-100,-100,-10,14,-999,3.9
2026-05-28 11:00:36.048,2026-05-28 11:15:22.569,22.6543220,114.5080983,50.0,10.0,0.05,234.5,39.9,19.4,1117.5,4332.44,10.0,2.0,2.5,NR5G-SA,n79,-100,-100,-10,14,-999,7.4
2026-05-28 11:00:36.249,2026-05-28 11:15:22.569,22.6543087,114.5080786,50.0,10.0,0.11,234.0,39.9,19.4,1117.1,4334.94,10.0,2.0,2.5,NR5G-SA,n79,-102,-102,-11,14,-999,10.8
2026-05-28 11:00:36.449,2026-05-28 11:15:22.769,22.6543087,114.5080786,50.0,10.0,0.11,234.0,27.9,19.4,1117.1,4334.94,10.0,2.0,2.5,NR5G-SA,n79,-102,-102,-11,14,-999,8.3
2026-05-28 11:00:36.649,2026-05-28 11:15:22.969,22.6542955,114.5080588,50.0,10.0,0.04,233.7,27.9,19.4,1116.7,4337.45,10.0,2.0,2.5,NR5G-SA,n79,-102,-102,-11,14,-999,4.8
2026-05-28 11:00:36.849,2026-05-28 11:15:23.169,22.6542823,114.5080390,50.0,10.0,-0.03,233.4,27.9,19.4,1116.3,4339.96,10.0,2.0,2.5,NR5G-SA,n79,-101,-101,-10,14,-999,5.5
2026-05-28 11:00:37.050,2026-05-28 11:15:23.169,22.6542690,114.5080192,50.0,10.0,0.01,233.5,27.9,19.4,1115.9,4342.48,10.0,2.0,2.5,NR5G-SA,n79,-101,-101,-10,14,-999,6.7
2026-05-28 11:00:37.250,2026-05-28 11:15:23.569,22.6542558,114.5079994,50.0,10.0,-0.08,233.3,27.9,19.4,1115.5,4344.99,10.0,2.0,2.5,NR5G-SA,n79,-109,-109,-11,14,-999,10.8
2026-05-28 11:00:37.451,2026-05-28 11:15:23.769,22.6542558,114.5079994,50.0,10.0,-0.08,233.3,34.3,19.4,1115.5,4344.99,10.0,2.0,2.5,NR5G-SA,n79,-109,-109,-11,14,-999,9.6
2026-05-28 11:00:37.651,2026-05-28 11:15:23.969,22.6542427,114.5079796,50.0,10.0,-0.06,233.3,34.3,19.9,1115.1,4347.49,10.0,2.0,2.5,NR5G-SA,n79,-109,-109,-11,14,-999,6.2
2026-05-28 11:00:37.851,2026-05-28 11:15:24.169,22.6542295,114.5079599,50.0,10.0,-0.01,233.5,34.3,19.9,1114.7,4349.99,10.0,2.0,2.5,NR5G-SA,n79,-105,-105,-10,14,-999,6.1
2026-05-28 11:00:38.052,2026-05-28 11:15:24.569,22.6542164,114.5079401,50.0,10.0,-0.04,233.7,34.3,19.9,1114.3,4352.49,10.0,2.0,2.5,NR5G-SA,n79,-105,-105,-10,14,-999,7.4
2026-05-28 11:00:38.252,2026-05-28 11:15:24.569,22.6542034,114.5079203,50.0,10.0,0.02,234.1,34.3,19.9,1113.9,4354.99,10.0,2.0,2.5,NR5G-SA,n79,-105,-105,-10,14,-999,10.6
2026-05-28 11:00:38.452,2026-05-28 11:15:24.769,22.6542034,114.5079203,50.0,10.0,0.02,234.1,34.0,19.9,1113.9,4354.99,10.0,2.0,2.5,NR5G-SA,n79,-101,-101,-10,14,-999,9.7
2026-05-28 11:00:38.653,2026-05-28 11:15:24.969,22.6541903,114.5079005,50.0,10.0,-0.03,234.2,34.0,20.9,1113.5,4357.49,10.0,2.0,2.5,NR5G-SA,n79,-101,-101,-10,14,-999,10.6
2026-05-28 11:00:38.853,2026-05-28 11:15:25.169,22.6541772,114.5078808,50.0,9.9,-0.03,234.2,34.0,20.9,1113.2,4359.99,10.0,2.0,2.5,NR5G-SA,n79,-101,-101,-10,14,-999,5.7
2026-05-28 11:00:39.054,2026-05-28 11:15:25.569,22.6541640,114.5078612,50.0,9.9,-0.00,234.1,34.0,20.9,1112.8,4362.48,10.0,2.0,2.5,NR5G-SA,n79,-104,-104,-10,14,-999,7.5
2026-05-28 11:00:39.254,2026-05-28 11:15:25.569,22.6541508,114.5078416,50.0,9.9,-0.00,234.0,34.0,20.9,1112.5,4364.97,10.0,2.0,2.5,NR5G-SA,n79,-104,-104,-10,14,-999,9.8
2026-05-28 11:00:39.454,2026-05-28 11:15:25.769,22.6541508,114.5078416,50.0,9.9,-0.00,234.0,34.0,20.9,1112.5,4364.97,10.0,2.0,2.5,NR5G-SA,n79,-104,-104,-10,14,-999,11.0
2026-05-28 11:00:39.655,2026-05-28 11:15:25.969,22.6541376,114.5078221,50.0,9.9,-0.01,234.0,28.3,21.3,1112.2,4367.46,10.0,2.0,2.5,NR5G-SA,n79,-106,-106,-10,15,-999,5.8
2026-05-28 11:00:39.855,2026-05-28 11:15:26.169,22.6541245,114.5078024,50.0,10.0,0.00,234.1,28.3,21.3,1111.8,4369.95,10.0,2.0,2.5,NR5G-SA,n79,-106,-106,-10,15,-999,5.3
2026-05-28 11:00:40.056,2026-05-28 11:15:26.569,22.6541115,114.5077828,50.0,10.0,-0.01,234.2,28.3,21.3,1111.5,4372.43,10.0,2.0,2.5,NR5G-SA,n79,-103,-103,-10,15,-999,6.5
2026-05-28 11:00:40.256,2026-05-28 11:15:26.569,22.6540986,114.5077631,50.0,10.0,-0.04,234.2,28.3,21.3,1111.2,4374.91,10.0,2.0,2.5,NR5G-SA,n79,-103,-103,-10,15,-999,9.6
2026-05-28 11:00:40.456,2026-05-28 11:15:26.769,22.6540986,114.5077631,50.0,10.0,-0.04,234.2,28.3,21.3,1111.2,4374.91,10.0,2.0,2.5,NR5G-SA,n79,-103,-103,-10,15,-999,11.8
2026-05-28 11:00:40.657,2026-05-28 11:15:26.969,22.6540855,114.5077434,50.0,10.0,-0.05,234.3,39.5,20.7,1110.8,4377.41,10.0,2.0,2.5,NR5G-SA,n79,-102,-102,-10,15,-999,7.7
2026-05-28 11:00:40.857,2026-05-28 11:15:27.169,22.6540724,114.5077237,50.0,10.0,0.01,234.4,39.5,20.7,1110.5,4379.90,10.0,2.0,2.5,NR5G-SA,n79,-102,-102,-10,15,-999,7.2
2026-05-28 11:00:41.057,2026-05-28 11:15:27.569,22.6540594,114.5077039,50.0,10.0,-0.02,234.5,39.5,20.7,1110.2,4382.40,10.0,2.0,2.5,NR5G-SA,n79,-102,-102,-10,15,-999,7.0
2026-05-28 11:00:41.258,2026-05-28 11:15:27.569,22.6540462,114.5076841,50.0,10.0,-0.02,234.7,39.5,20.7,1109.9,4384.91,10.0,2.0,2.5,NR5G-SA,n79,-101,-101,-10,15,-999,10.6
2026-05-28 11:00:41.458,2026-05-28 11:15:27.769,22.6540462,114.5076841,50.0,10.0,-0.02,234.7,39.5,20.7,1109.9,4384.91,10.0,2.0,2.5,NR5G-SA,n79,-101,-101,-10,15,-999,11.7
2026-05-28 11:00:41.658,2026-05-28 11:15:27.969,22.6540329,114.5076642,50.0,10.1,0.02,234.7,21.1,21.8,1109.6,4387.43,10.0,2.0,2.5,NR5G-SA,n79,-101,-101,-10,15,-999,6.4
2026-05-28 11:00:41.859,2026-05-28 11:15:28.169,22.6540197,114.5076444,50.0,10.1,0.07,234.6,21.1,21.8,1109.3,4389.94,10.0,2.0,2.5,NR5G-SA,n79,-103,-103,-10,15,-999,7.1
2026-05-28 11:00:42.059,2026-05-28 11:15:28.569,22.6540065,114.5076247,50.0,10.0,-0.03,234.4,21.1,21.8,1109.0,4392.44,10.0,2.0,2.5,NR5G-SA,n79,-103,-103,-10,15,-999,5.2
2026-05-28 11:00:42.259,2026-05-28 11:15:28.569,22.6539933,114.5076050,50.0,10.0,-0.01,234.4,21.1,21.8,1108.7,4394.94,10.0,2.0,2.5,NR5G-SA,n79,-111,-111,-11,16,-999,9.6
2026-05-28 11:00:42.460,2026-05-28 11:15:28.769,22.6539933,114.5076050,50.0,10.0,-0.01,234.4,21.1,21.8,1108.7,4394.94,10.0,2.0,2.5,NR5G-SA,n79,-111,-111,-11,16,-999,12.1
2026-05-28 11:00:42.660,2026-05-28 11:15:28.969,22.6539802,114.5075852,50.0,10.0,0.01,234.4,0.0,21.8,1108.4,4397.44,10.0,2.0,2.5,NR5G-SA,n79,-111,-111,-11,16,-999,6.6
2026-05-28 11:00:42.860,2026-05-28 11:15:29.169,22.6539671,114.5075655,50.0,10.0,-0.00,234.4,0.0,21.2,1108.1,4399.94,10.0,2.0,2.5,NR5G-SA,n79,-106,-106,-10,16,-999,4.9
2026-05-28 11:00:43.061,2026-05-28 11:15:29.569,22.6539539,114.5075457,50.0,10.0,-0.00,234.4,0.0,21.2,1107.9,4402.45,10.0,2.0,2.5,NR5G-SA,n79,-106,-106,-10,16,-999,5.5
2026-05-28 11:00:43.261,2026-05-28 11:15:29.569,22.6539408,114.5075259,50.0,10.0,-0.03,234.3,0.0,21.2,1107.6,4404.95,10.0,2.0,2.5,NR5G-SA,n79,-106,-106,-10,16,-999,10.8
2026-05-28 11:00:43.461,2026-05-28 11:15:29.769,22.6539408,114.5075259,50.0,10.0,-0.03,234.3,0.0,21.2,1107.6,4404.95,10.0,2.0,2.5,NR5G-SA,n79,-104,-104,-10,16,-999,11.0
2026-05-28 11:00:43.662,2026-05-28 11:15:29.969,22.6539277,114.5075063,50.0,10.0,-0.05,234.3,11.2,21.2,1107.4,4407.44,10.0,2.0,2.5,NR5G-SA,n79,-104,-104,-10,16,-999,5.7
2026-05-28 11:00:43.862,2026-05-28 11:15:30.169,22.6539144,114.5074865,50.0,10.0,-0.01,234.2,11.2,22.3,1107.1,4409.95,10.0,2.0,2.5,NR5G-SA,n79,-104,-104,-10,16,-999,4.4
2026-05-28 11:00:44.062,2026-05-28 11:15:30.569,22.6539012,114.5074666,50.0,10.0,-0.04,234.2,11.2,22.3,1106.9,4412.47,10.0,2.0,2.5,NR5G-SA,n79,-105,-105,-11,16,-999,5.3
2026-05-28 11:00:44.263,2026-05-28 11:15:30.569,22.6538881,114.5074467,50.0,10.0,-0.06,234.4,11.2,22.3,1106.6,4414.98,10.0,2.0,2.5,NR5G-SA,n79,-105,-105,-11,16,-999,9.4
2026-05-28 11:00:44.463,2026-05-28 11:15:30.769,22.6538881,114.5074467,50.0,10.0,-0.06,234.4,11.2,22.3,1106.6,4414.98,10.0,2.0,2.5,NR5G-SA,n79,-103,-103,-11,16,-999,14.8
2026-05-28 11:00:44.663,2026-05-28 11:15:30.969,22.6538748,114.5074269,50.0,10.0,-0.05,234.3,0.0,22.3,1106.4,4417.50,10.0,2.0,2.5,NR5G-SA,n79,-103,-103,-11,16,-999,5.2
2026-05-28 11:00:44.864,2026-05-28 11:15:31.169,22.6538617,114.5074072,50.0,10.0,-0.01,234.3,0.0,24.0,1106.1,4419.99,10.0,2.0,2.5,NR5G-SA,n79,-103,-103,-11,16,-999,5.0
2026-05-28 11:00:45.064,2026-05-28 11:15:31.569,22.6538485,114.5073874,50.0,10.0,-0.04,234.2,0.0,24.0,1105.9,4422.50,10.0,2.0,2.5,NR5G-SA,n79,-102,-102,-11,17,-999,4.7
2026-05-28 11:00:45.265,2026-05-28 11:15:31.569,22.6538353,114.5073676,50.0,10.0,0.01,234.0,0.0,24.0,1105.7,4425.01,10.0,2.0,2.5,NR5G-SA,n79,-102,-102,-11,17,-999,10.6
2026-05-28 11:00:45.465,2026-05-28 11:15:31.769,22.6538353,114.5073676,50.0,10.0,0.01,234.0,0.0,24.0,1105.7,4425.01,10.0,2.0,2.5,NR5G-SA,n79,-102,-102,-11,17,-999,11.7
2026-05-28 11:00:45.665,2026-05-28 11:15:31.969,22.6538222,114.5073478,50.0,10.0,-0.01,234.0,0.0,24.0,1105.5,4427.51,10.0,2.0,2.5,NR5G-SA,n79,-106,-106,-11,17,-999,6.6
2026-05-28 11:00:45.866,2026-05-28 11:15:32.169,22.6538090,114.5073280,50.0,10.0,-0.09,234.0,0.0,24.0,1105.3,4430.02,10.0,2.0,2.5,NR5G-SA,n79,-106,-106,-11,17,-999,5.2
2026-05-28 11:00:46.066,2026-05-28 11:15:32.569,22.6537959,114.5073082,50.0,10.0,-0.04,233.9,0.0,24.0,1105.1,4432.53,10.0,2.0,2.5,NR5G-SA,n79,-106,-106,-11,17,-999,5.3
2026-05-28 11:00:46.266,2026-05-28 11:15:32.569,22.6537828,114.5072885,50.0,10.0,-0.04,233.9,0.0,24.0,1104.9,4435.02,10.0,2.0,2.5,NR5G-SA,n79,-104,-104,-11,16,-999,7.8
2026-05-28 11:00:46.467,2026-05-28 11:15:32.769,22.6537828,114.5072885,50.0,10.0,-0.04,233.9,0.0,24.0,1104.9,4435.02,10.0,2.0,2.5,NR5G-SA,n79,-104,-104,-11,16,-999,10.0
2026-05-28 11:00:46.667,2026-05-28 11:15:32.969,22.6537697,114.5072688,50.0,10.0,0.06,233.9,0.0,24.0,1104.7,4437.52,10.0,2.0,2.5,NR5G-SA,n79,-106,-106,-10,16,-999,8.0
2026-05-28 11:00:46.867,2026-05-28 11:15:33.169,22.6537566,114.5072491,50.0,9.9,0.11,233.8,0.0,23.8,1104.5,4440.01,10.0,2.0,2.5,NR5G-SA,n79,-106,-106,-10,16,-999,5.0
2026-05-28 11:00:47.068,2026-05-28 11:15:33.569,22.6537435,114.5072295,50.0,9.9,0.01,233.7,0.0,23.8,1104.3,4442.50,10.0,2.0,2.5,NR5G-SA,n79,-106,-106,-10,16,-999,5.4
2026-05-28 11:00:47.268,2026-05-28 11:15:33.569,22.6537304,114.5072098,50.0,10.0,-0.01,233.8,0.0,23.8,1104.1,4444.99,10.0,2.0,2.5,NR5G-SA,n79,-102,-102,-11,17,-999,10.3
2026-05-28 11:00:47.468,2026-05-28 11:15:33.769,22.6537304,114.5072098,50.0,10.0,-0.01,233.8,0.0,23.8,1104.1,4444.99,10.0,2.0,2.5,NR5G-SA,n79,-102,-102,-11,17,-999,11.3
2026-05-28 11:00:47.669,2026-05-28 11:15:33.969,22.6537173,114.5071901,50.0,10.0,-0.01,233.7,12.6,23.8,1104.0,4447.48,10.0,2.0,2.5,NR5G-SA,n79,-102,-102,-11,17,-999,7.2
2026-05-28 11:00:47.869,2026-05-28 11:15:34.169,22.6537041,114.5071704,50.0,10.0,-0.04,233.6,12.6,24.3,1103.8,4449.99,10.0,2.0,2.5,NR5G-SA,n79,-104,-104,-11,17,-999,5.9
2026-05-28 11:00:48.070,2026-05-28 11:15:34.569,22.6536910,114.5071507,50.0,10.0,-0.04,233.7,12.6,24.3,1103.7,4452.48,10.0,2.0,2.5,NR5G-SA,n79,-104,-104,-11,17,-999,5.7
2026-05-28 11:00:48.270,2026-05-28 11:15:34.569,22.6536779,114.5071309,50.0,10.0,-0.03,233.8,12.6,24.3,1103.5,4454.98,10.0,2.0,2.5,NR5G-SA,n79,-104,-104,-11,17,-999,9.8
2026-05-28 11:00:48.470,2026-05-28 11:15:34.769,22.6536779,114.5071309,50.0,10.0,-0.03,233.8,12.6,24.3,1103.5,4454.98,10.0,2.0,2.5,NR5G-SA,n79,-104,-104,-10,17,-999,11.2
2026-05-28 11:00:48.671,2026-05-28 11:15:34.969,22.6536649,114.5071112,50.0,10.0,0.01,234.1,0.0,24.3,1103.4,4457.47,10.0,2.0,2.5,NR5G-SA,n79,-104,-104,-10,17,-999,5.0
2026-05-28 11:00:48.871,2026-05-28 11:15:35.169,22.6536518,114.5070915,50.0,10.0,-0.01,234.4,0.0,23.4,1103.2,4459.97,10.0,2.0,2.5,NR5G-SA,n79,-102,-102,-10,17,-999,5.6
2026-05-28 11:00:49.072,2026-05-28 11:15:35.569,22.6536388,114.5070716,50.0,10.0,0.01,234.6,0.0,23.4,1103.1,4462.47,10.0,2.0,2.5,NR5G-SA,n79,-102,-102,-10,17,-999,4.6
2026-05-28 11:00:49.272,2026-05-28 11:15:35.569,22.6536257,114.5070518,50.0,10.0,0.01,234.7,0.0,23.4,1102.9,4464.97,10.0,2.0,2.5,NR5G-SA,n79,-102,-102,-10,17,-999,12.3
2026-05-28 11:00:49.472,2026-05-28 11:15:35.769,22.6536257,114.5070518,50.0,10.0,0.01,234.7,0.0,23.4,1102.9,4464.97,10.0,2.0,2.5,NR5G-SA,n79,-101,-101,-10,17,-999,11.7
2026-05-28 11:00:49.673,2026-05-28 11:15:35.969,22.6536125,114.5070321,50.0,10.0,-0.00,234.7,22.2,23.4,1102.8,4467.47,10.0,2.0,2.5,NR5G-SA,n79,-101,-101,-10,17,-999,6.5
2026-05-28 11:00:49.873,2026-05-28 11:15:36.169,22.6535993,114.5070124,50.0,10.0,0.07,234.8,22.2,24.4,1102.7,4469.97,10.0,2.0,2.5,NR5G-SA,n79,-101,-101,-10,17,-999,6.6
2026-05-28 11:00:50.073,2026-05-28 11:15:36.569,22.6535860,114.5069926,50.0,10.0,0.04,234.8,22.2,24.4,1102.6,4472.49,10.0,2.0,2.5,NR5G-SA,n79,-100,-100,-10,17,-999,7.2
2026-05-28 11:00:50.274,2026-05-28 11:15:36.569,22.6535728,114.5069729,50.0,10.0,0.12,234.7,22.2,24.4,1102.5,4474.99,10.0,2.0,2.5,NR5G-SA,n79,-100,-100,-10,17,-999,6.8
2026-05-28 11:00:50.474,2026-05-28 11:15:36.769,22.6535596,114.5069530,50.0,10.0,0.08,234.7,22.2,24.4,1102.4,4477.51,10.0,2.0,2.5,NR5G-SA,n79,-100,-100,-10,17,-999,12.4
2026-05-28 11:00:50.674,2026-05-28 11:15:36.969,22.6535596,114.5069530,50.0,10.0,0.08,234.7,38.7,24.4,1102.4,4477.51,10.0,2.0,2.5,NR5G-SA,n79,-103,-103,-10,17,-999,8.2
2026-05-28 11:00:50.875,2026-05-28 11:15:37.169,22.6535465,114.5069331,50.0,10.0,0.04,234.8,38.7,24.4,1102.3,4480.02,10.0,2.0,2.5,NR5G-SA,n79,-103,-103,-10,17,-999,6.1
2026-05-28 11:00:51.075,2026-05-28 11:15:37.569,22.6535334,114.5069132,50.0,10.0,0.01,234.9,38.7,25.1,1102.2,4482.53,10.0,2.0,2.5,NR5G-SA,n79,-102,-102,-11,17,-999,5.2
2026-05-28 11:00:51.276,2026-05-28 11:15:37.569,22.6535205,114.5068933,50.0,9.9,-0.00,235.0,38.7,25.1,1102.1,4485.03,10.0,2.0,2.5,NR5G-SA,n79,-102,-102,-11,17,-999,9.7
2026-05-28 11:00:51.476,2026-05-28 11:15:37.769,22.6535205,114.5068933,50.0,9.9,-0.00,235.0,38.7,25.1,1102.1,4485.03,10.0,2.0,2.5,NR5G-SA,n79,-102,-102,-11,17,-999,10.7
2026-05-28 11:00:51.676,2026-05-28 11:15:37.969,22.6535076,114.5068735,50.0,10.0,-0.08,235.2,46.2,25.1,1102.0,4487.52,10.0,2.0,2.5,NR5G-SA,n79,-101,-101,-10,17,-999,8.0
2026-05-28 11:00:51.877,2026-05-28 11:15:38.169,22.6534946,114.5068537,50.0,10.0,-0.10,235.4,46.2,25.1,1101.9,4490.02,10.0,2.0,2.5,NR5G-SA,n79,-101,-101,-10,17,-999,5.5
2026-05-28 11:00:52.077,2026-05-28 11:15:38.569,22.6534815,114.5068339,49.9,10.0,-0.11,235.5,46.2,23.5,1101.8,4492.52,10.0,2.0,2.5,NR5G-SA,n79,-101,-101,-10,17,-999,6.5
2026-05-28 11:00:52.277,2026-05-28 11:15:38.569,22.6534683,114.5068142,49.9,10.0,-0.01,235.5,46.2,23.5,1101.7,4495.02,10.0,2.0,2.5,NR5G-SA,n79,-102,-102,-11,18,-999,7.8
2026-05-28 11:00:52.478,2026-05-28 11:15:38.769,22.6534683,114.5068142,49.9,10.0,-0.01,235.5,46.2,23.5,1101.7,4495.02,10.0,2.0,2.5,NR5G-SA,n79,-102,-102,-11,18,-999,12.8
2026-05-28 11:00:52.678,2026-05-28 11:15:38.969,22.6534552,114.5067945,49.9,9.9,0.11,235.7,33.0,23.5,1101.7,4497.51,10.0,2.0,2.5,NR5G-SA,n79,-102,-102,-11,18,-999,7.2
2026-05-28 11:00:52.879,2026-05-28 11:15:39.169,22.6534420,114.5067748,49.9,9.9,0.08,235.8,33.0,23.5,1101.6,4500.02,10.0,2.0,2.5,NR5G-SA,n79,-105,-105,-11,18,-999,4.8
2026-05-28 11:00:53.079,2026-05-28 11:15:39.569,22.6534290,114.5067551,50.0,9.9,0.05,235.9,33.0,24.7,1101.6,4502.50,10.0,2.0,2.5,NR5G-SA,n79,-105,-105,-11,18,-999,5.1
2026-05-28 11:00:53.279,2026-05-28 11:15:39.569,22.6534160,114.5067354,50.0,9.9,-0.02,236.0,33.0,24.7,1101.5,4504.99,10.0,2.0,2.5,NR5G-SA,n79,-101,-101,-11,18,-999,8.2
2026-05-28 11:00:53.480,2026-05-28 11:15:39.769,22.6534029,114.5067156,50.0,9.9,-0.02,236.0,33.0,24.7,1101.5,4507.49,10.0,2.0,2.5,NR5G-SA,n79,-101,-101,-11,18,-999,9.5
2026-05-28 11:00:53.680,2026-05-28 11:15:39.969,22.6534029,114.5067156,50.0,10.0,0.09,236.0,35.3,24.7,1101.5,4507.49,10.0,2.0,2.5,NR5G-SA,n79,-101,-101,-11,18,-999,6.1
2026-05-28 11:00:53.881,2026-05-28 11:15:40.169,22.6533898,114.5066957,50.0,10.0,0.11,235.9,35.3,24.7,1101.5,4510.01,10.0,2.0,2.5,NR5G-SA,n79,-102,-102,-11,17,-999,5.8
2026-05-28 11:00:54.081,2026-05-28 11:15:40.569,22.6533766,114.5066758,50.0,10.0,0.12,236.0,35.3,24.0,1101.4,4512.52,10.0,2.0,2.5,NR5G-SA,n79,-102,-102,-11,17,-999,6.5
2026-05-28 11:00:54.281,2026-05-28 11:15:40.569,22.6533634,114.5066560,50.0,10.0,0.02,236.0,35.3,24.0,1101.4,4515.03,10.0,2.0,2.5,NR5G-SA,n79,-102,-102,-11,17,-999,7.9
2026-05-28 11:00:54.482,2026-05-28 11:15:40.769,22.6533502,114.5066364,50.0,10.0,-0.05,235.9,35.3,24.0,1101.4,4517.53,10.0,2.0,2.5,NR5G-SA,n79,-105,-105,-10,17,-999,7.9
2026-05-28 11:00:54.682,2026-05-28 11:15:40.969,22.6533502,114.5066364,50.0,10.0,-0.05,235.9,24.6,24.0,1101.4,4517.53,10.0,2.0,2.5,NR5G-SA,n79,-105,-105,-10,17,-999,6.9
2026-05-28 11:00:54.882,2026-05-28 11:15:41.169,22.6533370,114.5066166,50.0,10.0,0.02,236.0,24.6,24.0,1101.4,4520.03,10.0,2.0,2.5,NR5G-SA,n79,-105,-105,-10,17,-999,5.1
2026-05-28 11:00:55.083,2026-05-28 11:15:41.569,22.6533239,114.5065968,50.0,10.0,0.01,236.1,24.6,22.1,1101.4,4522.54,10.0,2.0,2.5,NR5G-SA,n79,-106,-106,-10,18,-999,6.5
2026-05-28 11:00:55.283,2026-05-28 11:15:41.769,22.6533107,114.5065770,50.0,10.0,0.06,236.0,24.6,22.1,1101.4,4525.05,10.0,2.0,2.5,NR5G-SA,n79,-106,-106,-10,18,-999,8.5
2026-05-28 11:00:55.483,2026-05-28 11:15:41.769,22.6532975,114.5065573,50.0,10.0,0.02,235.9,24.6,22.1,1101.5,4527.55,10.0,2.0,2.5,NR5G-SA,n79,-106,-106,-10,18,-999,10.4
2026-05-28 11:00:55.684,2026-05-28 11:15:41.969,22.6532975,114.5065573,50.0,10.0,0.02,235.9,43.8,22.1,1101.5,4527.55,10.0,2.0,2.5,NR5G-SA,n79,-103,-103,-10,18,-999,7.7
2026-05-28 11:00:55.884,2026-05-28 11:15:42.169,22.6532843,114.5065376,50.0,10.0,0.04,235.8,43.8,22.1,1101.5,4530.05,10.0,2.0,2.5,NR5G-SA,n79,-103,-103,-10,18,-999,6.7
2026-05-28 11:00:56.084,2026-05-28 11:15:42.569,22.6532710,114.5065180,50.0,10.0,-0.03,235.6,43.8,22.3,1101.5,4532.55,10.0,2.0,2.5,NR5G-SA,n79,-107,-107,-11,18,-999,4.6
2026-05-28 11:00:56.285,2026-05-28 11:15:42.569,22.6532578,114.5064984,50.0,10.0,-0.05,235.5,43.8,22.3,1101.6,4535.04,10.0,2.0,2.5,NR5G-SA,n79,-107,-107,-11,18,-999,7.4
2026-05-28 11:00:56.485,2026-05-28 11:15:42.769,22.6532446,114.5064787,50.0,10.0,-0.06,235.3,43.8,22.3,1101.6,4537.54,10.0,2.0,2.5,NR5G-SA,n79,-107,-107,-11,18,-999,9.7
2026-05-28 11:00:56.685,2026-05-28 11:15:42.969,22.6532446,114.5064787,50.0,10.0,-0.06,235.3,19.2,22.3,1101.6,4537.54,10.0,2.0,2.5,NR5G-SA,n79,-102,-102,-11,18,-999,7.0
2026-05-28 11:00:56.886,2026-05-28 11:15:43.169,22.6532315,114.5064590,50.0,10.0,-0.01,235.1,19.2,22.3,1101.7,4540.04,10.0,2.0,2.5,NR5G-SA,n79,-102,-102,-11,18,-999,4.8
2026-05-28 11:00:57.086,2026-05-28 11:15:43.569,22.6532183,114.5064393,50.0,10.0,-0.02,234.9,19.2,22.1,1101.7,4542.54,10.0,2.0,2.5,NR5G-SA,n79,-102,-102,-11,18,-999,6.7
2026-05-28 11:00:57.286,2026-05-28 11:15:43.769,22.6532050,114.5064196,50.0,10.0,0.03,234.6,19.2,22.1,1101.8,4545.04,10.0,2.0,2.5,NR5G-SA,n79,-102,-102,-11,18,-999,7.4
2026-05-28 11:00:57.487,2026-05-28 11:15:43.769,22.6531918,114.5063998,50.0,10.0,-0.08,234.3,19.2,22.1,1101.8,4547.55,10.0,2.0,2.5,NR5G-SA,n79,-102,-102,-11,18,-999,12.8
2026-05-28 11:00:57.687,2026-05-28 11:15:43.969,22.6531918,114.5063998,50.0,10.0,-0.08,234.3,0.0,22.1,1101.8,4547.55,10.0,2.0,2.5,NR5G-SA,n79,-102,-102,-11,18,-999,9.2
2026-05-28 11:00:57.887,2026-05-28 11:15:44.169,22.6531785,114.5063800,50.0,10.0,-0.02,234.0,0.0,22.1,1101.9,4550.07,10.0,2.0,2.5,NR5G-SA,n79,-106,-106,-11,18,-999,6.3
2026-05-28 11:00:58.088,2026-05-28 11:15:44.569,22.6531652,114.5063603,50.0,10.0,0.01,234.0,0.0,20.1,1102.0,4552.58,10.0,2.0,2.5,NR5G-SA,n79,-106,-106,-11,18,-999,4.6
2026-05-28 11:00:58.288,2026-05-28 11:15:44.769,22.6531521,114.5063405,50.0,9.9,0.02,234.0,0.0,20.1,1102.1,4555.08,10.0,2.0,2.5,NR5G-SA,n79,-108,-108,-11,18,-999,6.5
2026-05-28 11:00:58.489,2026-05-28 11:15:44.769,22.6531391,114.5063208,50.0,10.0,0.04,234.1,0.0,20.1,1102.1,4557.57,10.0,2.0,2.5,NR5G-SA,n79,-108,-108,-11,18,-999,10.5
2026-05-28 11:00:58.689,2026-05-28 11:15:44.969,22.6531391,114.5063208,50.0,10.0,0.04,234.1,14.8,20.1,1102.1,4557.57,10.0,2.0,2.5,NR5G-SA,n79,-108,-108,-11,18,-999,8.2
2026-05-28 11:00:58.889,2026-05-28 11:15:45.169,22.6531262,114.5063010,50.0,10.0,-0.06,234.1,14.8,20.1,1102.2,4560.06,10.0,2.0,2.5,NR5G-SA,n79,-104,-104,-11,16,-999,4.3
2026-05-28 11:00:59.090,2026-05-28 11:15:45.569,22.6531132,114.5062812,50.0,9.9,0.03,234.2,14.8,20.1,1102.3,4562.55,10.0,2.0,2.5,NR5G-SA,n79,-104,-104,-11,16,-999,7.0
2026-05-28 11:00:59.290,2026-05-28 11:15:45.769,22.6531001,114.5062613,50.0,10.0,0.10,234.3,14.8,20.6,1102.4,4565.07,10.0,2.0,2.5,NR5G-SA,n79,-104,-104,-11,16,-999,5.9
2026-05-28 11:00:59.491,2026-05-28 11:15:45.769,22.6530870,114.5062414,50.0,10.0,-0.02,234.4,14.8,20.6,1102.5,4567.58,10.0,2.0,2.5,NR5G-SA,n79,-103,-103,-11,17,-999,11.5
2026-05-28 11:00:59.691,2026-05-28 11:15:45.969,22.6530870,114.5062414,50.0,10.0,-0.02,234.4,0.0,20.6,1102.5,4567.58,10.0,2.0,2.5,NR5G-SA,n79,-103,-103,-11,17,-999,6.9
2026-05-28 11:00:59.891,2026-05-28 11:15:46.169,22.6530739,114.5062215,50.0,10.0,-0.04,234.5,0.0,20.6,1102.6,4570.09,10.0,2.0,2.5,NR5G-SA,n79,-103,-103,-11,17,-999,5.2
2026-05-28 11:01:00.092,2026-05-28 11:15:46.569,22.6530608,114.5062016,50.0,10.0,-0.01,234.8,0.0,20.6,1102.7,4572.60,10.0,2.0,2.5,NR5G-SA,n79,-104,-104,-10,17,-999,4.7
2026-05-28 11:01:00.292,2026-05-28 11:15:46.569,22.6530476,114.5061817,50.0,10.0,0.03,234.9,0.0,19.9,1102.8,4575.12,10.0,2.0,2.5,NR5G-SA,n79,-104,-104,-10,17,-999,7.2
2026-05-28 11:01:00.492,2026-05-28 11:15:46.769,22.6530346,114.5061620,50.0,9.9,0.02,234.9,0.0,19.9,1102.9,4577.60,10.0,2.0,2.5,NR5G-SA,n79,-101,-101,-11,17,-999,8.4
2026-05-28 11:01:00.693,2026-05-28 11:15:46.969,22.6530346,114.5061620,50.0,9.9,0.02,234.9,3.7,19.9,1102.9,4577.60,10.0,2.0,2.5,NR5G-SA,n79,-101,-101,-11,17,-999,6.4
2026-05-28 11:01:00.893,2026-05-28 11:15:47.169,22.6530216,114.5061424,50.0,10.0,0.04,234.8,3.7,19.9,1103.0,4580.08,10.0,2.0,2.5,NR5G-SA,n79,-101,-101,-11,17,-999,5.8
2026-05-28 11:01:01.094,2026-05-28 11:15:47.569,22.6530085,114.5061228,50.0,9.9,0.03,234.8,3.7,19.9,1103.2,4582.57,10.0,2.0,2.5,NR5G-SA,n79,-102,-102,-10,17,-999,6.3
2026-05-28 11:01:01.294,2026-05-28 11:15:47.769,22.6529953,114.5061031,50.0,10.0,0.00,234.9,3.7,18.5,1103.3,4585.07,10.0,2.0,2.5,NR5G-SA,n79,-102,-102,-10,17,-999,5.8
2026-05-28 11:01:01.494,2026-05-28 11:15:47.769,22.6529822,114.5060833,50.0,10.0,-0.01,235.2,3.7,18.5,1103.5,4587.57,10.0,2.0,2.5,NR5G-SA,n79,-102,-102,-10,17,-999,10.7
2026-05-28 11:01:01.694,2026-05-28 11:15:47.969,22.6529822,114.5060833,50.0,10.0,-0.01,235.2,0.0,18.5,1103.5,4587.57,10.0,2.0,2.5,NR5G-SA,n79,-101,-101,-10,17,-999,6.5
2026-05-28 11:01:01.895,2026-05-28 11:15:48.169,22.6529692,114.5060637,50.0,10.0,-0.00,235.3,0.0,18.5,1103.6,4590.05,10.0,2.0,2.5,NR5G-SA,n79,-101,-101,-10,17,-999,7.8
2026-05-28 11:01:02.095,2026-05-28 11:15:48.569,22.6529562,114.5060440,50.0,10.0,0.02,235.6,0.0,18.5,1103.7,4592.54,10.0,2.0,2.5,NR5G-SA,n79,-101,-101,-10,17,-999,5.9
2026-05-28 11:01:02.296,2026-05-28 11:15:48.769,22.6529430,114.5060242,50.0,10.0,0.04,235.6,0.0,19.7,1103.9,4595.05,10.0,2.0,2.5,NR5G-SA,n79,-102,-102,-10,17,-999,8.2
2026-05-28 11:01:02.496,2026-05-28 11:15:48.769,22.6529298,114.5060044,50.0,10.0,-0.02,235.6,0.0,19.7,1104.1,4597.56,10.0,2.0,2.5,NR5G-SA,n79,-102,-102,-10,17,-999,7.3
2026-05-28 11:01:02.696,2026-05-28 11:15:48.969,22.6529298,114.5060044,50.0,10.0,-0.02,235.6,26.3,19.7,1104.1,4597.56,10.0,2.0,2.5,NR5G-SA,n79,-100,-100,-10,17,-999,7.3
2026-05-28 11:01:02.897,2026-05-28 11:15:49.169,22.6529166,114.5059845,50.0,10.0,0.05,235.5,26.3,19.7,1104.3,4600.08,10.0,2.0,2.5,NR5G-SA,n79,-100,-100,-10,17,-999,6.4
2026-05-28 11:01:03.097,2026-05-28 11:15:49.569,22.6529034,114.5059646,50.0,10.0,0.00,235.1,26.3,19.7,1104.4,4602.60,10.0,2.0,2.5,NR5G-SA,n79,-100,-100,-10,17,-999,5.0
2026-05-28 11:01:03.297,2026-05-28 11:15:49.769,22.6528903,114.5059449,50.0,10.0,0.05,235.2,26.3,20.3,1104.6,4605.09,10.0,2.0,2.5,NR5G-SA,n79,-101,-101,-10,16,-999,6.7
2026-05-28 11:01:03.498,2026-05-28 11:15:49.769,22.6528769,114.5059250,50.0,10.0,0.00,235.3,26.3,20.3,1104.8,4607.62,10.0,2.0,2.5,NR5G-SA,n79,-101,-101,-10,16,-999,8.0
2026-05-28 11:01:03.698,2026-05-28 11:15:49.969,22.6528769,114.5059250,50.0,10.0,0.00,235.3,42.8,20.3,1104.8,4607.62,10.0,2.0,2.5,NR5G-SA,n79,-101,-101,-10,16,-999,5.6
2026-05-28 11:01:03.898,2026-05-28 11:15:50.169,22.6528640,114.5059055,50.0,10.0,-0.04,235.4,42.8,20.3,1105.0,4610.09,10.0,2.0,2.5,NR5G-SA,n79,-106,-106,-10,16,-999,7.9
2026-05-28 11:01:04.099,2026-05-28 11:15:50.569,22.6528508,114.5058857,50.0,10.0,-0.11,235.4,42.8,20.3,1105.2,4612.60,10.0,2.0,2.5,NR5G-SA,n79,-106,-106,-10,16,-999,4.3
2026-05-28 11:01:04.299,2026-05-28 11:15:50.769,22.6528375,114.5058658,50.0,10.1,-0.04,234.6,42.8,23.9,1105.5,4615.12,10.0,2.0,2.5,NR5G-SA,n79,-106,-106,-10,16,-999,7.6
2026-05-28 11:01:04.499,2026-05-28 11:15:50.769,22.6528241,114.5058460,50.0,10.0,-0.09,234.0,42.8,23.9,1105.7,4617.64,10.0,2.0,2.5,NR5G-SA,n79,-102,-102,-11,16,-999,9.1
2026-05-28 11:01:04.700,2026-05-28 11:15:50.969,22.6528241,114.5058460,50.0,10.0,-0.09,234.0,24.0,23.9,1105.7,4617.64,10.0,2.0,2.5,NR5G-SA,n79,-102,-102,-11,16,-999,6.2
2026-05-28 11:01:04.900,2026-05-28 11:15:51.169,22.6528106,114.5058261,50.0,10.0,-0.01,233.4,24.0,23.9,1105.9,4620.18,10.0,2.0,2.5,NR5G-SA,n79,-99,-99,-10,14,-999,4.6
2026-05-28 11:01:05.100,2026-05-28 11:15:51.569,22.6527974,114.5058063,50.0,10.0,-0.02,233.1,24.0,23.9,1106.2,4622.69,10.0,2.0,2.5,NR5G-SA,n79,-99,-99,-10,14,-999,7.2
2026-05-28 11:01:05.301,2026-05-28 11:15:51.769,22.6527841,114.5057867,50.0,10.0,0.06,232.4,24.0,26.1,1106.4,4625.19,10.0,2.0,2.5,NR5G-SA,n79,-99,-99,-10,14,-999,5.0
2026-05-28 11:01:05.501,2026-05-28 11:15:51.769,22.6527709,114.5057669,50.0,10.0,0.11,232.1,24.0,26.1,1106.7,4627.70,10.0,2.0,2.5,NR5G-SA,n79,-99,-99,-11,13,-999,8.7
2026-05-28 11:01:05.702,2026-05-28 11:15:51.969,22.6527709,114.5057669,50.0,10.0,0.11,232.1,0.0,26.1,1106.7,4627.70,10.0,2.0,2.5,NR5G-SA,n79,-99,-99,-11,13,-999,6.2
2026-05-28 11:01:05.902,2026-05-28 11:15:52.169,22.6527577,114.5057473,50.0,10.0,-0.01,231.7,0.0,26.1,1106.9,4630.19,10.0,2.0,2.5,NR5G-SA,n79,-99,-99,-11,13,-999,4.6
2026-05-28 11:01:06.102,2026-05-28 11:15:52.569,22.6527446,114.5057276,50.0,10.0,0.02,231.4,0.0,26.1,1107.2,4632.68,10.0,2.0,2.5,NR5G-SA,n79,-104,-104,-11,14,-999,5.1
2026-05-28 11:01:06.302,2026-05-28 11:15:52.769,22.6527315,114.5057079,50.0,10.0,0.05,231.4,0.0,26.5,1107.4,4635.18,10.0,2.0,2.5,NR5G-SA,n79,-104,-104,-11,14,-999,5.3
2026-05-28 11:01:06.503,2026-05-28 11:15:52.769,22.6527186,114.5056880,50.0,9.9,-0.01,231.5,0.0,26.5,1107.7,4637.68,10.0,2.0,2.5,NR5G-SA,n79,-104,-104,-11,14,-999,10.9
2026-05-28 11:01:06.703,2026-05-28 11:15:52.969,22.6527186,114.5056880,50.0,9.9,-0.01,231.5,31.5,26.5,1107.7,4637.68,10.0,2.0,2.5,NR5G-SA,n79,-96,-96,-10,16,-999,6.3
2026-05-28 11:01:06.904,2026-05-28 11:15:53.169,22.6527057,114.5056682,50.0,9.9,-0.08,231.7,31.5,26.5,1107.9,4640.17,10.0,2.0,2.5,NR5G-SA,n79,-96,-96,-10,16,-999,6.0
2026-05-28 11:01:07.104,2026-05-28 11:15:53.569,22.6526927,114.5056484,50.0,10.0,-0.04,231.9,31.5,26.5,1108.2,4642.66,10.0,2.0,2.5,NR5G-SA,n79,-96,-96,-10,16,-999,5.3
2026-05-28 11:01:07.304,2026-05-28 11:15:53.769,22.6526796,114.5056287,50.0,10.0,-0.01,232.0,31.5,26.5,1108.4,4645.16,10.0,2.0,2.5,NR5G-SA,n79,-96,-96,-10,16,-999,6.5
2026-05-28 11:01:07.505,2026-05-28 11:15:53.769,22.6526663,114.5056091,50.0,10.0,-0.00,232.0,31.5,26.2,1108.7,4647.66,10.0,2.0,2.5,NR5G-SA,n79,-100,-100,-10,15,-999,11.0
2026-05-28 11:01:07.705,2026-05-28 11:15:53.969,22.6526663,114.5056091,50.0,10.0,-0.00,232.0,32.3,26.2,1108.7,4647.66,10.0,2.0,2.5,NR5G-SA,n79,-103,-103,-11,15,-999,6.1
2026-05-28 11:01:07.905,2026-05-28 11:15:54.169,22.6526531,114.5055894,50.0,10.0,-0.11,232.0,32.3,26.2,1109.0,4650.16,10.0,2.0,2.5,NR5G-SA,n79,-103,-103,-11,15,-999,5.3
2026-05-28 11:01:08.106,2026-05-28 11:15:54.569,22.6526399,114.5055698,50.0,9.9,-0.07,231.8,32.3,26.2,1109.4,4652.65,10.0,2.0,2.5,NR5G-SA,n79,-103,-103,-11,15,-999,7.0
2026-05-28 11:01:08.306,2026-05-28 11:15:54.769,22.6526268,114.5055503,50.0,9.9,-0.08,231.8,32.3,26.2,1109.7,4655.13,10.0,2.0,2.5,NR5G-SA,n79,-102,-102,-11,14,-999,6.4
2026-05-28 11:01:08.507,2026-05-28 11:15:54.769,22.6526137,114.5055306,50.0,10.0,0.08,232.1,32.3,27.0,1110.0,4657.62,10.0,2.0,2.5,NR5G-SA,n79,-102,-102,-11,14,-999,9.5
2026-05-28 11:01:08.707,2026-05-28 11:15:54.969,22.6526137,114.5055306,50.0,10.0,0.08,232.1,36.4,27.0,1110.0,4657.62,10.0,2.0,2.5,NR5G-SA,n79,-102,-102,-11,14,-999,9.4
2026-05-28 11:01:08.907,2026-05-28 11:15:55.169,22.6526005,114.5055108,50.0,10.0,0.02,232.1,36.4,27.0,1110.3,4660.13,10.0,2.0,2.5,NR5G-SA,n79,-104,-104,-11,12,-999,6.0
2026-05-28 11:01:09.108,2026-05-28 11:15:55.569,22.6525874,114.5054910,50.0,10.0,0.01,232.2,36.4,27.0,1110.6,4662.64,10.0,2.0,2.5,NR5G-SA,n79,-104,-104,-11,12,-999,5.6
2026-05-28 11:01:09.308,2026-05-28 11:15:55.769,22.6525742,114.5054713,50.0,10.0,-0.02,232.2,36.4,27.0,1110.9,4665.14,10.0,2.0,2.5,NR5G-SA,n79,-103,-103,-11,13,-999,5.4
2026-05-28 11:01:09.509,2026-05-28 11:15:55.769,22.6525611,114.5054515,50.0,9.9,-0.11,232.2,36.4,23.4,1111.2,4667.64,10.0,2.0,2.5,NR5G-SA,n79,-103,-103,-11,13,-999,8.8
2026-05-28 11:01:09.709,2026-05-28 11:15:55.969,22.6525611,114.5054515,50.0,9.9,-0.11,232.2,24.4,23.4,1111.2,4667.64,10.0,2.0,2.5,NR5G-SA,n79,-103,-103,-11,13,-999,10.3
2026-05-28 11:01:09.909,2026-05-28 11:15:56.169,22.6525479,114.5054319,49.9,10.0,-0.01,232.2,24.4,23.4,1111.6,4670.13,10.0,2.0,2.5,NR5G-SA,n79,-100,-100,-11,13,-999,5.9
2026-05-28 11:01:10.110,2026-05-28 11:15:56.569,22.6525347,114.5054121,50.0,9.9,0.09,232.3,24.4,23.4,1111.9,4672.64,10.0,2.0,2.5,NR5G-SA,n79,-100,-100,-11,13,-999,9.5
2026-05-28 11:01:10.310,2026-05-28 11:15:56.769,22.6525215,114.5053923,50.0,10.0,0.06,232.2,24.4,23.4,1112.3,4675.15,10.0,2.0,2.5,NR5G-SA,n79,-100,-100,-11,13,-999,6.7
2026-05-28 11:01:10.510,2026-05-28 11:15:56.769,22.6525084,114.5053726,50.0,10.0,0.17,232.0,24.4,21.8,1112.6,4677.64,10.0,2.0,2.5,NR5G-SA,n79,-98,-98,-10,12,-999,8.9
2026-05-28 11:01:10.711,2026-05-28 11:15:56.969,22.6525084,114.5053726,50.0,10.0,0.17,232.0,43.4,21.8,1112.6,4677.64,10.0,2.0,2.5,NR5G-SA,n79,-98,-98,-10,12,-999,10.0
2026-05-28 11:01:10.911,2026-05-28 11:15:57.169,22.6524952,114.5053528,50.1,10.0,0.11,231.9,43.4,21.8,1113.0,4680.15,10.0,2.0,2.5,NR5G-SA,n79,-98,-98,-10,12,-999,6.5
2026-05-28 11:01:11.112,2026-05-28 11:15:57.569,22.6524821,114.5053329,50.1,10.1,0.12,232.1,43.4,21.8,1113.3,4682.67,10.0,2.0,2.5,NR5G-SA,n79,-96,-96,-10,11,-999,8.6
2026-05-28 11:01:11.312,2026-05-28 11:15:57.769,22.6524690,114.5053130,50.1,10.1,-0.05,232.4,43.4,21.8,1113.7,4685.18,10.0,2.0,2.5,NR5G-SA,n79,-96,-96,-10,11,-999,5.5
2026-05-28 11:01:11.512,2026-05-28 11:15:57.769,22.6524559,114.5052930,50.1,10.1,-0.05,232.5,43.4,22.8,1114.0,4687.70,10.0,2.0,2.5,NR5G-SA,n79,-96,-96,-10,11,-999,7.8
2026-05-28 11:01:11.713,2026-05-28 11:15:57.969,22.6524559,114.5052930,50.1,10.1,-0.05,232.5,16.4,22.8,1114.0,4687.70,10.0,2.0,2.5,NR5G-SA,n79,-96,-96,-10,12,-999,10.3
2026-05-28 11:01:11.913,2026-05-28 11:15:58.169,22.6524428,114.5052730,50.1,10.0,-0.04,232.6,16.4,22.8,1114.4,4690.22,10.0,2.0,2.5,NR5G-SA,n79,-96,-96,-10,12,-999,10.1
2026-05-28 11:01:12.113,2026-05-28 11:15:58.569,22.6524298,114.5052532,50.1,10.0,-0.07,232.9,16.4,22.8,1114.8,4692.71,10.0,2.0,2.5,NR5G-SA,n79,-92,-92,-10,13,-999,5.6
2026-05-28 11:01:12.314,2026-05-28 11:15:58.769,22.6524167,114.5052335,50.1,10.0,-0.06,232.9,16.4,22.8,1115.2,4695.21,10.0,2.0,2.5,NR5G-SA,n79,-92,-92,-10,13,-999,5.2
2026-05-28 11:01:12.514,2026-05-28 11:15:58.769,22.6524036,114.5052138,50.1,10.0,-0.08,232.9,16.4,22.7,1115.6,4697.70,10.0,2.0,2.5,NR5G-SA,n79,-92,-92,-10,13,-999,12.0
2026-05-28 11:01:12.714,2026-05-28 11:15:58.969,22.6524036,114.5052138,50.1,10.0,-0.08,232.9,0.0,22.7,1115.6,4697.70,10.0,2.0,2.5,NR5G-SA,n79,-99,-99,-10,13,-999,16.3
2026-05-28 11:01:12.915,2026-05-28 11:15:59.169,22.6523905,114.5051942,50.0,9.9,-0.13,232.9,0.0,22.7,1116.0,4700.19,10.0,2.0,2.5,NR5G-SA,n79,-99,-99,-10,13,-999,8.8
2026-05-28 11:01:13.115,2026-05-28 11:15:59.569,22.6523775,114.5051746,50.0,10.0,-0.10,233.0,0.0,22.7,1116.4,4702.67,10.0,2.0,2.5,NR5G-SA,n79,-99,-99,-10,13,-999,7.2
2026-05-28 11:01:13.315,2026-05-28 11:15:59.769,22.6523645,114.5051549,50.0,10.0,0.04,233.3,0.0,22.7,1116.8,4705.15,10.0,2.0,2.5,NR5G-SA,n79,-97,-97,-11,13,-999,6.4
2026-05-28 11:01:13.516,2026-05-28 11:15:59.769,22.6523515,114.5051352,50.0,10.0,-0.06,233.4,0.0,21.8,1117.2,4707.64,10.0,2.0,2.5,NR5G-SA,n79,-97,-97,-11,13,-999,8.3
2026-05-28 11:01:13.716,2026-05-28 11:15:59.969,22.6523515,114.5051352,50.0,10.0,-0.06,233.4,6.2,21.8,1117.2,4707.64,10.0,2.0,2.5,NR5G-SA,n79,-97,-97,-11,13,-999,15.7
2026-05-28 11:01:13.917,2026-05-28 11:16:00.169,22.6523386,114.5051155,50.0,9.9,-0.06,233.5,6.2,21.8,1117.6,4710.12,10.0,2.0,2.5,NR5G-SA,n79,-93,-93,-10,14,-999,4.8
2026-05-28 11:01:14.117,2026-05-28 11:16:00.569,22.6523257,114.5050958,50.0,9.9,-0.11,233.7,6.2,21.8,1118.0,4712.61,10.0,2.0,2.5,NR5G-SA,n79,-93,-93,-10,14,-999,6.9
2026-05-28 11:01:14.317,2026-05-28 11:16:00.769,22.6523127,114.5050761,50.0,10.0,-0.08,233.8,6.2,21.8,1118.4,4715.09,10.0,2.0,2.5,NR5G-SA,n79,-101,-101,-11,16,-999,6.9
2026-05-28 11:01:14.518,2026-05-28 11:16:00.769,22.6522996,114.5050565,50.0,10.0,-0.06,233.9,6.2,21.7,1118.8,4717.58,10.0,2.0,2.5,NR5G-SA,n79,-101,-101,-11,16,-999,7.6
2026-05-28 11:01:14.718,2026-05-28 11:16:00.969,22.6522996,114.5050565,50.0,10.0,-0.06,233.9,0.0,21.7,1118.8,4717.58,10.0,2.0,2.5,NR5G-SA,n79,-101,-101,-11,16,-999,15.8
2026-05-28 11:01:14.919,2026-05-28 11:16:01.169,22.6522864,114.5050369,50.0,10.0,-0.02,234.0,0.0,21.7,1119.3,4720.07,10.0,2.0,2.5,NR5G-SA,n79,-97,-97,-10,15,-999,11.9
2026-05-28 11:01:15.119,2026-05-28 11:16:01.569,22.6522732,114.5050171,50.0,10.0,-0.03,234.2,0.0,21.7,1119.7,4722.58,10.0,2.0,2.5,NR5G-SA,n79,-97,-97,-10,15,-999,8.3
2026-05-28 11:01:15.319,2026-05-28 11:16:01.769,22.6522601,114.5049973,50.0,10.0,-0.02,234.3,0.0,21.7,1120.2,4725.08,10.0,2.0,2.5,NR5G-SA,n79,-97,-97,-10,15,-999,5.9
2026-05-28 11:01:15.520,2026-05-28 11:16:01.769,22.6522468,114.5049775,50.0,10.0,-0.00,234.4,0.0,21.7,1120.6,4727.60,10.0,2.0,2.5,NR5G-SA,n79,-102,-102,-11,14,-999,9.0
2026-05-28 11:01:15.720,2026-05-28 11:16:01.969,22.6522468,114.5049775,50.0,10.0,-0.00,234.4,100.0,21.6,1120.6,4727.60,10.0,2.0,2.5,NR5G-SA,n79,-102,-102,-11,14,-999,17.3
2026-05-28 11:01:15.921,2026-05-28 11:16:02.169,22.6522336,114.5049577,50.0,10.0,-0.03,234.4,100.0,21.6,1121.1,4730.11,10.0,2.0,2.5,NR5G-SA,n79,-102,-102,-11,14,-999,6.8
2026-05-28 11:01:16.121,2026-05-28 11:16:02.569,22.6522203,114.5049380,50.0,10.0,0.02,234.3,100.0,21.6,1121.6,4732.62,10.0,2.0,2.5,NR5G-SA,n79,-98,-98,-10,14,-999,4.3
2026-05-28 11:01:16.321,2026-05-28 11:16:02.769,22.6522070,114.5049184,50.0,10.0,-0.06,234.2,100.0,21.6,1122.1,4735.12,10.0,2.0,2.5,NR5G-SA,n79,-98,-98,-10,14,-999,7.1
2026-05-28 11:01:16.522,2026-05-28 11:16:02.769,22.6521938,114.5048986,50.0,10.0,-0.02,234.3,100.0,21.6,1122.6,4737.63,10.0,2.0,2.5,NR5G-SA,n79,-97,-97,-10,14,-999,8.1
2026-05-28 11:01:16.722,2026-05-28 11:16:02.969,22.6521938,114.5048986,50.0,10.0,-0.02,234.3,0.0,22.2,1122.6,4737.63,10.0,2.0,2.5,NR5G-SA,n79,-97,-97,-10,14,-999,15.3
2026-05-28 11:01:16.923,2026-05-28 11:16:03.169,22.6521809,114.5048790,50.0,9.9,-0.03,234.6,0.0,22.2,1123.1,4740.10,10.0,2.0,2.5,NR5G-SA,n79,-97,-97,-10,14,-999,9.3
2026-05-28 11:01:17.123,2026-05-28 11:16:03.569,22.6521680,114.5048595,50.0,9.8,0.09,234.9,0.0,22.2,1123.5,4742.56,10.0,2.0,2.5,NR5G-SA,n79,-99,-99,-10,14,-999,7.8
2026-05-28 11:01:17.323,2026-05-28 11:16:03.769,22.6521554,114.5048404,50.1,9.6,0.13,234.8,0.0,22.2,1124.0,4744.98,10.0,2.0,2.5,NR5G-SA,n79,-99,-99,-10,14,-999,5.6
2026-05-28 11:01:17.524,2026-05-28 11:16:03.769,22.6521432,114.5048219,50.1,9.3,0.11,234.5,0.0,22.2,1124.5,4747.31,10.0,2.0,2.5,NR5G-SA,n79,-99,-99,-10,14,-999,9.0
2026-05-28 11:01:17.724,2026-05-28 11:16:03.969,22.6521314,114.5048040,50.1,9.3,0.11,233.8,17.5,24.3,1124.9,4749.57,10.0,2.0,2.5,NR5G-SA,n79,-95,-95,-10,14,-999,11.8
2026-05-28 11:01:17.924,2026-05-28 11:16:04.169,22.6521314,114.5048040,50.1,9.0,0.04,233.8,17.5,24.3,1124.9,4749.57,10.0,2.0,2.5,NR5G-SA,n79,-95,-95,-10,14,-999,10.7
2026-05-28 11:01:18.125,2026-05-28 11:16:04.569,22.6521199,114.5047868,50.1,8.6,0.06,233.7,17.5,24.3,1125.4,4751.75,10.0,2.0,2.5,NR5G-SA,n79,-95,-95,-10,14,-999,7.4
2026-05-28 11:01:18.325,2026-05-28 11:16:04.769,22.6521091,114.5047704,50.1,8.2,-0.04,233.6,17.5,24.3,1125.8,4753.82,10.0,2.0,2.5,NR5G-SA,n79,-97,-97,-11,14,-999,5.4
2026-05-28 11:01:18.525,2026-05-28 11:16:04.769,22.6520989,114.5047550,50.1,7.7,-0.05,233.6,17.5,24.3,1126.2,4755.77,10.0,2.0,2.5,NR5G-SA,n79,-97,-97,-11,14,-999,5.6
2026-05-28 11:01:18.726,2026-05-28 11:16:04.969,22.6520989,114.5047550,50.1,7.7,-0.05,233.6,58.8,23.2,1126.2,4755.77,10.0,2.0,2.5,NR5G-SA,n79,-92,-92,-10,13,-999,13.7
2026-05-28 11:01:18.926,2026-05-28 11:16:05.169,22.6520894,114.5047407,50.1,7.0,-0.05,233.5,58.8,23.2,1126.6,4757.58,10.0,2.0,2.5,NR5G-SA,n79,-92,-92,-10,13,-999,11.1
2026-05-28 11:01:19.127,2026-05-28 11:16:05.569,22.6520808,114.5047277,50.1,6.4,-0.11,233.4,58.8,23.2,1126.9,4759.22,10.0,2.0,2.5,NR5G-SA,n79,-92,-92,-10,13,-999,7.9
2026-05-28 11:01:19.327,2026-05-28 11:16:05.769,22.6520732,114.5047160,50.1,5.7,-0.11,233.5,58.8,23.2,1127.2,4760.69,10.0,2.0,2.5,NR5G-SA,n79,-96,-96,-11,12,-999,5.9
2026-05-28 11:01:19.527,2026-05-28 11:16:05.769,22.6520663,114.5047056,50.1,5.0,-0.05,233.7,58.8,23.2,1127.5,4762.01,10.0,2.0,2.5,NR5G-SA,n79,-96,-96,-11,12,-999,7.5
2026-05-28 11:01:19.728,2026-05-28 11:16:05.969,22.6520663,114.5047056,50.1,5.0,-0.05,233.7,42.0,22.2,1127.5,4762.01,10.0,2.0,2.5,NR5G-SA,n79,-96,-96,-11,12,-999,13.5
2026-05-28 11:01:19.929,2026-05-28 11:16:06.169,22.6520601,114.5046964,50.0,4.5,-0.12,233.8,42.0,22.2,1127.7,4763.18,10.0,2.0,2.5,NR5G-SA,n79,-99,-99,-11,12,-999,8.9
2026-05-28 11:01:20.129,2026-05-28 11:16:06.569,22.6520547,114.5046884,50.0,3.9,-0.08,233.8,42.0,22.2,1128.0,4764.20,10.0,2.0,2.5,NR5G-SA,n79,-99,-99,-11,12,-999,7.6
2026-05-28 11:01:20.329,2026-05-28 11:16:06.769,22.6520499,114.5046815,50.0,3.3,-0.11,233.6,42.0,22.2,1128.2,4765.09,10.0,2.0,2.5,NR5G-SA,n79,-99,-99,-11,12,-999,6.0
2026-05-28 11:01:20.530,2026-05-28 11:16:06.769,22.6520458,114.5046757,50.0,2.7,-0.07,233.5,42.0,22.2,1128.3,4765.84,10.0,2.0,2.5,NR5G-SA,n79,-99,-99,-11,13,-999,7.2
2026-05-28 11:01:20.730,2026-05-28 11:16:06.969,22.6520425,114.5046711,50.0,2.7,-0.07,233.2,36.0,21.4,1128.5,4766.44,10.0,2.0,2.5,NR5G-SA,n79,-99,-99,-11,13,-999,13.3
2026-05-28 11:01:20.930,2026-05-28 11:16:07.169,22.6520425,114.5046711,50.0,2.1,-0.07,233.2,36.0,21.4,1128.5,4766.44,10.0,2.0,2.5,NR5G-SA,n79,-96,-96,-11,13,-999,9.0
2026-05-28 11:01:21.131,2026-05-28 11:16:07.569,22.6520399,114.5046674,50.0,1.7,-0.11,233.0,36.0,21.4,1128.6,4766.91,10.0,2.0,2.5,NR5G-SA,n79,-96,-96,-11,13,-999,6.9
2026-05-28 11:01:21.331,2026-05-28 11:16:07.769,22.6520378,114.5046643,50.0,1.3,-0.09,232.9,36.0,21.4,1128.7,4767.31,10.0,2.0,2.5,NR5G-SA,n79,-96,-96,-11,13,-999,6.1
2026-05-28 11:01:21.531,2026-05-28 11:16:07.769,22.6520363,114.5046620,50.0,1.0,-0.11,233.0,36.0,21.4,1128.8,4767.60,10.0,2.0,2.5,NR5G-SA,n79,-96,-96,-11,13,-999,8.1
2026-05-28 11:01:21.732,2026-05-28 11:16:07.969,22.6520351,114.5046602,50.0,0.7,-0.08,233.2,33.3,18.8,1128.8,4767.83,10.0,2.0,2.5,NR5G-SA,n79,-96,-96,-11,13,-999,6.4
2026-05-28 11:01:21.932,2026-05-28 11:16:08.169,22.6520351,114.5046602,50.0,0.7,-0.08,233.2,33.3,18.8,1128.8,4767.83,10.0,2.0,2.5,NR5G-SA,n79,-96,-96,-11,13,-999,9.9
2026-05-28 11:01:22.133,2026-05-28 11:16:08.569,22.6520342,114.5046589,50.0,0.4,-0.06,233.6,33.3,18.8,1128.9,4767.99,10.0,2.0,2.5,NR5G-SA,n79,-95,-95,-11,13,-999,7.5
2026-05-28 11:01:22.333,2026-05-28 11:16:08.769,22.6520337,114.5046579,50.0,0.2,-0.09,233.9,33.3,18.8,1128.9,4768.11,10.0,2.0,2.5,NR5G-SA,n79,-95,-95,-11,13,-999,5.2
2026-05-28 11:01:22.533,2026-05-28 11:16:08.969,22.6520335,114.5046575,50.1,0.1,-0.09,234.1,33.3,18.8,1128.9,4768.16,10.0,2.0,2.5,NR5G-SA,n79,-95,-95,-11,13,-999,6.1
2026-05-28 11:01:22.734,2026-05-28 11:16:08.969,22.6520335,114.5046572,50.1,0.1,-0.09,234.3,30.0,15.7,1128.9,4768.19,10.0,2.0,2.5,NR5G-SA,n79,-95,-95,-11,14,-999,13.4
2026-05-28 11:01:22.934,2026-05-28 11:16:09.169,22.6520335,114.5046572,50.1,0.2,-0.06,234.3,30.0,15.7,1128.9,4768.19,10.0,2.0,2.5,NR5G-SA,n79,-95,-95,-11,14,-999,9.6
2026-05-28 11:01:23.135,2026-05-28 11:16:09.569,22.6520336,114.5046571,50.1,0.2,-0.08,234.3,30.0,15.7,1128.8,4768.20,10.0,2.0,2.5,NR5G-SA,n79,-95,-95,-11,14,-999,7.0
2026-05-28 11:01:23.335,2026-05-28 11:16:09.769,22.6520335,114.5046568,50.1,0.2,-0.07,234.4,30.0,15.7,1128.8,4768.24,10.0,2.0,2.5,NR5G-SA,n79,-95,-95,-11,14,-999,5.1
2026-05-28 11:01:23.535,2026-05-28 11:16:09.769,22.6520335,114.5046567,50.1,0.2,-0.02,234.3,30.0,15.7,1128.8,4768.25,10.0,2.0,2.5,NR5G-SA,n79,-95,-95,-11,14,-999,7.9
2026-05-28 11:01:23.735,2026-05-28 11:16:09.969,22.6520335,114.5046567,50.1,0.2,-0.02,234.3,38.6,17.4,1128.8,4768.25,10.0,2.0,2.5,NR5G-SA,n79,-98,-98,-10,14,-999,14.2
2026-05-28 11:01:23.936,2026-05-28 11:16:10.169,22.6520336,114.5046565,50.1,0.2,0.05,234.5,38.6,17.4,1128.8,4768.27,10.0,2.0,2.5,NR5G-SA,n79,-98,-98,-10,14,-999,9.0
2026-05-28 11:01:24.136,2026-05-28 11:16:10.569,22.6520338,114.5046565,50.2,0.3,0.00,234.7,38.6,17.4,1128.8,4768.29,10.0,2.0,2.5,NR5G-SA,n79,-98,-98,-10,14,-999,6.5
2026-05-28 11:01:24.337,2026-05-28 11:16:10.769,22.6520341,114.5046566,50.2,0.3,-0.03,234.6,38.6,17.4,1128.8,4768.33,10.0,2.0,2.5,NR5G-SA,n79,-97,-97,-10,13,-999,4.8
2026-05-28 11:01:24.537,2026-05-28 11:16:10.769,22.6520345,114.5046567,50.2,0.3,-0.08,234.5,38.6,17.4,1128.7,4768.37,10.0,2.0,2.5,NR5G-SA,n79,-97,-97,-10,13,-999,9.9
2026-05-28 11:01:24.737,2026-05-28 11:16:10.969,22.6520350,114.5046569,50.2,0.3,-0.13,234.3,23.4,17.4,1128.7,4768.43,10.0,2.0,2.5,NR5G-SA,n79,-97,-97,-10,13,-999,10.9
2026-05-28 11:01:24.938,2026-05-28 11:16:11.169,22.6520350,114.5046569,50.2,0.3,-0.13,234.3,23.4,18.9,1128.7,4768.43,10.0,2.0,2.5,NR5G-SA,n79,-97,-97,-10,13,-999,9.9
2026-05-28 11:01:25.138,2026-05-28 11:16:11.569,22.6520357,114.5046569,50.2,0.5,-0.11,234.1,23.4,18.9,1128.6,4768.51,10.0,2.0,2.5,NR5G-SA,n79,-97,-97,-10,13,-999,8.6
2026-05-28 11:01:25.338,2026-05-28 11:16:11.569,22.6520369,114.5046567,50.2,0.6,-0.11,234.2,23.4,18.9,1128.5,4768.64,10.0,2.0,2.5,NR5G-SA,n79,-97,-97,-10,13,-999,9.0
2026-05-28 11:01:25.539,2026-05-28 11:16:11.969,22.6520387,114.5046562,50.1,0.9,-0.12,240.6,23.4,18.9,1128.3,4768.85,10.0,2.0,2.5,NR5G-SA,n79,-98,-98,-10,14,-999,5.5
2026-05-28 11:01:25.739,2026-05-28 11:16:11.969,22.6520412,114.5046554,50.1,1.3,-0.08,254.5,23.4,18.9,1128.0,4769.14,10.0,2.0,2.5,NR5G-SA,n79,-98,-98,-10,14,-999,12.9
2026-05-28 11:01:25.939,2026-05-28 11:16:12.169,22.6520412,114.5046554,50.1,1.3,-0.08,254.5,42.8,21.0,1128.0,4769.14,10.0,2.0,2.5,NR5G-SA,n79,-102,-102,-11,11,-999,9.8
2026-05-28 11:01:26.140,2026-05-28 11:16:12.569,22.6520447,114.5046543,50.1,1.8,-0.07,269.8,42.8,21.0,1127.6,4769.55,10.0,2.0,2.5,NR5G-SA,n79,-102,-102,-11,11,-999,9.2
2026-05-28 11:01:26.340,2026-05-28 11:16:12.769,22.6520493,114.5046525,50.1,2.2,-0.06,285.7,42.8,21.0,1127.0,4770.09,10.0,2.0,2.5,NR5G-SA,n79,-102,-102,-11,11,-999,4.9
2026-05-28 11:01:26.540,2026-05-28 11:16:12.969,22.6520548,114.5046502,50.1,2.7,-0.08,301.9,42.8,21.0,1126.4,4770.75,10.0,2.0,2.5,NR5G-SA,n79,-101,-101,-10,12,-999,4.7
2026-05-28 11:01:26.741,2026-05-28 11:16:12.969,22.6520548,114.5046502,50.1,2.7,-0.08,301.9,42.8,21.0,1126.4,4770.75,10.0,2.0,2.5,NR5G-SA,n79,-101,-101,-10,12,-999,5.6
2026-05-28 11:01:26.941,2026-05-28 11:16:13.169,22.6520612,114.5046474,50.1,3.1,-0.14,318.2,14.8,22.5,1125.6,4771.52,10.0,2.0,2.5,NR5G-SA,n79,-101,-101,-10,12,-999,9.0
2026-05-28 11:01:27.141,2026-05-28 11:16:13.569,22.6520687,114.5046443,50.1,3.7,-0.12,333.7,14.8,22.5,1124.7,4772.41,10.0,2.0,2.5,NR5G-SA,n79,-100,-100,-11,13,-999,6.6
2026-05-28 11:01:27.342,2026-05-28 11:16:13.769,22.6520775,114.5046407,50.1,4.2,-0.07,341.4,14.8,22.5,1123.7,4773.46,10.0,2.0,2.5,NR5G-SA,n79,-100,-100,-11,13,-999,5.5
2026-05-28 11:01:27.542,2026-05-28 11:16:13.969,22.6520874,114.5046366,50.1,4.7,0.01,343.2,14.8,22.5,1122.5,4774.64,10.0,2.0,2.5,NR5G-SA,n79,-100,-100,-11,13,-999,8.0
2026-05-28 11:01:27.742,2026-05-28 11:16:13.969,22.6520982,114.5046320,50.1,5.2,-0.06,342.9,14.8,22.5,1121.2,4775.93,10.0,2.0,2.5,NR5G-SA,n79,-99,-99,-10,12,-999,13.4
2026-05-28 11:01:27.943,2026-05-28 11:16:14.169,22.6520982,114.5046320,50.1,5.2,-0.06,342.9,0.0,24.0,1121.2,4775.93,10.0,2.0,2.5,NR5G-SA,n79,-99,-99,-10,12,-999,9.2
2026-05-28 11:01:28.143,2026-05-28 11:16:14.569,22.6521098,114.5046266,50.1,5.7,0.01,342.1,0.0,24.0,1119.8,4777.33,10.0,2.0,2.5,NR5G-SA,n79,-95,-95,-10,14,-999,6.8
2026-05-28 11:01:28.343,2026-05-28 11:16:14.769,22.6521222,114.5046204,50.1,6.2,-0.04,341.6,0.0,24.0,1118.3,4778.85,10.0,2.0,2.5,NR5G-SA,n79,-95,-95,-10,14,-999,7.3
2026-05-28 11:01:28.544,2026-05-28 11:16:14.969,22.6521355,114.5046138,50.1,6.8,0.02,340.9,0.0,24.0,1116.7,4780.48,10.0,2.0,2.5,NR5G-SA,n79,-95,-95,-10,14,-999,5.3
2026-05-28 11:01:28.744,2026-05-28 11:16:14.969,22.6521501,114.5046066,50.1,7.3,0.01,340.4,0.0,24.0,1114.9,4782.27,10.0,2.0,2.5,NR5G-SA,n79,-94,-94,-10,14,-999,12.2
2026-05-28 11:01:28.945,2026-05-28 11:16:15.169,22.6521501,114.5046066,50.1,7.3,0.01,340.4,2.3,25.5,1114.9,4782.27,10.0,2.0,2.5,NR5G-SA,n79,-94,-94,-10,14,-999,8.9
2026-05-28 11:01:29.145,2026-05-28 11:16:15.569,22.6521657,114.5045990,50.1,7.8,-0.05,339.9,2.3,25.5,1113.0,4784.17,10.0,2.0,2.5,NR5G-SA,n79,-94,-94,-10,14,-999,6.9
2026-05-28 11:01:29.345,2026-05-28 11:16:15.769,22.6521824,114.5045910,50.1,8.3,-0.03,339.6,2.3,25.5,1110.9,4786.20,10.0,2.0,2.5,NR5G-SA,n79,-99,-99,-10,13,-999,6.0
2026-05-28 11:01:29.546,2026-05-28 11:16:15.969,22.6522000,114.5045826,50.1,8.7,-0.03,339.2,2.3,25.5,1108.8,4788.35,10.0,2.0,2.5,NR5G-SA,n79,-99,-99,-10,13,-999,6.0
2026-05-28 11:01:29.746,2026-05-28 11:16:15.969,22.6522182,114.5045740,50.1,9.1,-0.04,339.0,2.3,25.5,1106.6,4790.56,10.0,2.0,2.5,NR5G-SA,n79,-99,-99,-10,13,-999,11.7
2026-05-28 11:01:29.946,2026-05-28 11:16:16.169,22.6522182,114.5045740,50.1,9.1,-0.04,339.0,0.0,25.1,1106.6,4790.56,10.0,2.0,2.5,NR5G-SA,n79,-96,-96,-10,14,-999,6.7
2026-05-28 11:01:30.147,2026-05-28 11:16:16.569,22.6522371,114.5045650,50.1,9.4,-0.10,338.8,0.0,25.1,1104.3,4792.85,10.0,2.0,2.5,NR5G-SA,n79,-96,-96,-10,14,-999,9.1
2026-05-28 11:01:30.347,2026-05-28 11:16:16.769,22.6522564,114.5045558,50.1,9.6,-0.02,338.7,0.0,25.1,1101.9,4795.20,10.0,2.0,2.5,NR5G-SA,n79,-95,-95,-10,15,-999,5.9
2026-05-28 11:01:30.547,2026-05-28 11:16:16.969,22.6522761,114.5045464,50.1,9.8,0.01,338.6,0.0,25.1,1099.5,4797.60,10.0,2.0,2.5,NR5G-SA,n79,-95,-95,-10,15,-999,5.7
2026-05-28 11:01:30.748,2026-05-28 11:16:16.969,22.6522961,114.5045368,50.1,9.9,0.02,338.3,0.0,25.1,1097.1,4800.03,10.0,2.0,2.5,NR5G-SA,n79,-95,-95,-10,15,-999,10.6
2026-05-28 11:01:30.948,2026-05-28 11:16:17.169,22.6522961,114.5045368,50.1,9.9,0.02,338.3,8.5,26.0,1097.1,4800.03,10.0,2.0,2.5,NR5G-SA,n79,-99,-99,-10,14,-999,7.9
2026-05-28 11:01:31.148,2026-05-28 11:16:17.569,22.6523163,114.5045273,50.1,9.9,0.03,338.0,8.5,26.0,1094.7,4802.48,10.0,2.0,2.5,NR5G-SA,n79,-99,-99,-10,14,-999,9.8
2026-05-28 11:01:31.349,2026-05-28 11:16:17.769,22.6523365,114.5045178,50.1,9.9,0.00,337.6,8.5,26.0,1092.2,4804.93,10.0,2.0,2.5,NR5G-SA,n79,-99,-99,-10,14,-999,7.0
2026-05-28 11:01:31.549,2026-05-28 11:16:17.969,22.6523568,114.5045082,50.1,10.0,-0.07,337.2,8.5,26.0,1089.7,4807.40,10.0,2.0,2.5,NR5G-SA,n79,-99,-99,-10,13,-999,6.2
2026-05-28 11:01:31.749,2026-05-28 11:16:17.969,22.6523772,114.5044986,50.1,10.1,-0.12,337.1,8.5,26.0,1087.3,4809.88,10.0,2.0,2.5,NR5G-SA,n79,-99,-99,-10,13,-999,10.7
2026-05-28 11:01:31.950,2026-05-28 11:16:18.169,22.6523772,114.5044986,50.1,10.1,-0.12,337.1,0.0,25.4,1087.3,4809.88,10.0,2.0,2.5,NR5G-SA,n79,-99,-99,-10,13,-999,7.0
2026-05-28 11:01:32.150,2026-05-28 11:16:18.569,22.6523977,114.5044889,50.1,10.1,-0.06,337.4,0.0,25.4,1084.8,4812.37,10.0,2.0,2.5,NR5G-SA,n79,-98,-98,-10,14,-999,9.0
2026-05-28 11:01:32.351,2026-05-28 11:16:18.769,22.6524185,114.5044793,50.1,10.1,-0.07,337.6,0.0,25.4,1082.3,4814.88,10.0,2.0,2.5,NR5G-SA,n79,-98,-98,-10,14,-999,6.1
2026-05-28 11:01:32.551,2026-05-28 11:16:18.969,22.6524393,114.5044698,50.1,10.1,-0.06,337.7,0.0,25.4,1079.8,4817.40,10.0,2.0,2.5,NR5G-SA,n79,-98,-98,-10,14,-999,7.2
2026-05-28 11:01:32.751,2026-05-28 11:16:18.969,22.6524602,114.5044603,50.1,10.1,-0.02,338.0,0.0,25.4,1077.2,4819.92,10.0,2.0,2.5,NR5G-SA,n79,-98,-98,-10,14,-999,11.8
2026-05-28 11:01:32.952,2026-05-28 11:16:19.169,22.6524602,114.5044603,50.1,10.1,-0.02,338.0,19.4,25.4,1077.2,4819.92,10.0,2.0,2.5,NR5G-SA,n79,-99,-99,-10,15,-999,9.3
2026-05-28 11:01:33.152,2026-05-28 11:16:19.569,22.6524813,114.5044510,50.1,10.1,0.04,338.2,19.4,25.0,1074.7,4822.45,10.0,2.0,2.5,NR5G-SA,n79,-96,-96,-10,15,-999,7.2
2026-05-28 11:01:33.352,2026-05-28 11:16:19.769,22.6525023,114.5044415,50.0,10.1,-0.05,338.2,19.4,25.0,1072.2,4824.99,10.0,2.0,2.5,NR5G-SA,n79,-96,-96,-10,15,-999,7.6
2026-05-28 11:01:33.553,2026-05-28 11:16:19.969,22.6525233,114.5044320,50.0,10.1,0.01,338.1,19.4,25.0,1069.6,4827.52,10.0,2.0,2.5,NR5G-SA,n79,-96,-96,-10,15,-999,7.5
2026-05-28 11:01:33.753,2026-05-28 11:16:19.969,22.6525442,114.5044223,50.0,10.0,0.05,338.0,19.4,25.0,1067.1,4830.05,10.0,2.0,2.5,NR5G-SA,n79,-98,-98,-10,14,-999,11.9
2026-05-28 11:01:33.953,2026-05-28 11:16:20.169,22.6525442,114.5044223,50.0,10.0,0.05,338.0,40.1,25.0,1067.1,4830.05,10.0,2.0,2.5,NR5G-SA,n79,-98,-98,-10,14,-999,8.3
2026-05-28 11:01:34.154,2026-05-28 11:16:20.569,22.6525648,114.5044127,50.1,10.0,0.08,338.0,40.1,23.4,1064.6,4832.55,10.0,2.0,2.5,NR5G-SA,n79,-98,-98,-10,14,-999,6.4
2026-05-28 11:01:34.354,2026-05-28 11:16:20.769,22.6525855,114.5044030,50.1,9.9,0.10,337.9,40.1,23.4,1062.1,4835.06,10.0,2.0,2.5,NR5G-SA,n79,-98,-98,-10,14,-999,6.2
2026-05-28 11:01:34.554,2026-05-28 11:16:20.769,22.6526061,114.5043933,50.1,9.9,0.00,337.9,40.1,23.4,1059.6,4837.56,10.0,2.0,2.5,NR5G-SA,n79,-98,-98,-10,14,-999,10.2
2026-05-28 11:01:34.754,2026-05-28 11:16:20.969,22.6526268,114.5043837,50.1,10.0,0.00,338.1,40.1,23.4,1057.1,4840.07,10.0,2.0,2.5,NR5G-SA,n79,-98,-98,-10,14,-999,10.2
2026-05-28 11:01:34.955,2026-05-28 11:16:21.169,22.6526268,114.5043837,50.1,10.0,0.00,338.1,27.1,23.4,1057.1,4840.07,10.0,2.0,2.5,NR5G-SA,n79,-98,-98,-10,14,-999,8.1
2026-05-28 11:01:35.155,2026-05-28 11:16:21.569,22.6526477,114.5043742,50.1,10.0,0.02,338.1,27.1,25.7,1054.6,4842.59,10.0,2.0,2.5,NR5G-SA,n79,-98,-98,-10,14,-999,7.2
2026-05-28 11:01:35.355,2026-05-28 11:16:21.769,22.6526684,114.5043647,50.1,9.9,0.01,338.1,27.1,25.7,1052.1,4845.09,10.0,2.0,2.5,NR5G-SA,n79,-92,-92,-10,14,-999,7.7
2026-05-28 11:01:35.556,2026-05-28 11:16:21.969,22.6526892,114.5043552,50.1,10.0,-0.02,338.0,27.1,25.7,1049.5,4847.60,10.0,2.0,2.5,NR5G-SA,n79,-92,-92,-10,14,-999,7.5
2026-05-28 11:01:35.756,2026-05-28 11:16:21.969,22.6527100,114.5043456,50.1,9.9,0.00,337.8,27.1,25.7,1047.0,4850.12,10.0,2.0,2.5,NR5G-SA,n79,-92,-92,-10,14,-999,11.2
2026-05-28 11:01:35.956,2026-05-28 11:16:22.169,22.6527100,114.5043456,50.1,9.9,0.00,337.8,36.5,25.7,1047.0,4850.12,10.0,2.0,2.5,NR5G-SA,n79,-96,-96,-10,15,-999,7.9
2026-05-28 11:01:36.157,2026-05-28 11:16:22.569,22.6527307,114.5043359,50.1,10.0,-0.01,337.5,36.5,25.8,1044.5,4852.63,10.0,2.0,2.5,NR5G-SA,n79,-96,-96,-10,15,-999,5.9
2026-05-28 11:01:36.357,2026-05-28 11:16:22.769,22.6527514,114.5043262,50.1,9.9,-0.02,337.2,36.5,25.8,1042.0,4855.14,10.0,2.0,2.5,NR5G-SA,n79,-96,-96,-10,15,-999,5.8
2026-05-28 11:01:36.557,2026-05-28 11:16:22.969,22.6527721,114.5043164,50.1,9.9,-0.01,337.0,36.5,25.8,1039.5,4857.66,10.0,2.0,2.5,NR5G-SA,n79,-94,-94,-10,15,-999,7.7
2026-05-28 11:01:36.758,2026-05-28 11:16:22.969,22.6527928,114.5043067,50.1,9.9,-0.05,336.9,36.5,25.8,1037.0,4860.17,10.0,2.0,2.5,NR5G-SA,n79,-94,-94,-10,15,-999,9.8
2026-05-28 11:01:36.958,2026-05-28 11:16:23.169,22.6527928,114.5043067,50.1,9.9,-0.05,336.9,32.3,25.8,1037.0,4860.17,10.0,2.0,2.5,NR5G-SA,n79,-96,-96,-10,15,-999,9.8
2026-05-28 11:01:37.159,2026-05-28 11:16:23.569,22.6528134,114.5042971,50.1,9.9,-0.09,336.8,32.3,26.9,1034.5,4862.66,10.0,2.0,2.5,NR5G-SA,n79,-96,-96,-10,15,-999,7.3
2026-05-28 11:01:37.359,2026-05-28 11:16:23.769,22.6528340,114.5042875,50.1,9.9,-0.06,337.0,32.3,26.9,1032.0,4865.16,10.0,2.0,2.5,NR5G-SA,n79,-96,-96,-10,15,-999,6.0
2026-05-28 11:01:37.560,2026-05-28 11:16:23.969,22.6528546,114.5042780,50.0,9.9,-0.05,337.2,32.3,26.9,1029.5,4867.65,10.0,2.0,2.5,NR5G-SA,n79,-96,-96,-10,15,-999,6.2
2026-05-28 11:01:37.760,2026-05-28 11:16:23.969,22.6528753,114.5042684,50.0,9.9,-0.04,337.5,32.3,26.9,1027.0,4870.16,10.0,2.0,2.5,NR5G-SA,n79,-96,-96,-10,15,-999,9.4
2026-05-28 11:01:37.960,2026-05-28 11:16:24.169,22.6528753,114.5042684,50.0,9.9,-0.04,337.5,29.9,26.9,1027.0,4870.16,10.0,2.0,2.5,NR5G-SA,n79,-96,-96,-10,16,-999,7.2
2026-05-28 11:01:38.161,2026-05-28 11:16:24.569,22.6528959,114.5042590,50.0,9.9,-0.06,337.6,29.9,25.8,1024.5,4872.65,10.0,2.0,2.5,NR5G-SA,n79,-94,-94,-10,15,-999,6.4
2026-05-28 11:01:38.361,2026-05-28 11:16:24.769,22.6529166,114.5042495,50.0,9.9,-0.00,337.6,29.9,25.8,1022.0,4875.15,10.0,2.0,2.5,NR5G-SA,n79,-94,-94,-10,15,-999,6.3
2026-05-28 11:01:38.561,2026-05-28 11:16:24.969,22.6529372,114.5042400,50.0,9.9,0.07,337.8,29.9,25.8,1019.5,4877.64,10.0,2.0,2.5,NR5G-SA,n79,-94,-94,-10,15,-999,8.0
2026-05-28 11:01:38.762,2026-05-28 11:16:24.969,22.6529577,114.5042304,50.1,9.9,0.08,337.8,29.9,25.8,1017.0,4880.13,10.0,2.0,2.5,NR5G-SA,n79,-93,-93,-10,16,-999,9.5
2026-05-28 11:01:38.962,2026-05-28 11:16:25.169,22.6529577,114.5042304,50.1,9.9,0.08,337.8,56.6,25.8,1017.0,4880.13,10.0,2.0,2.5,NR5G-SA,n79,-93,-93,-10,16,-999,8.1
2026-05-28 11:01:39.163,2026-05-28 11:16:25.569,22.6529783,114.5042208,50.1,9.9,0.05,337.6,56.6,24.2,1014.5,4882.62,10.0,2.0,2.5,NR5G-SA,n79,-93,-93,-10,16,-999,7.1
2026-05-28 11:01:39.363,2026-05-28 11:16:25.769,22.6529989,114.5042113,50.1,9.9,0.04,337.3,56.6,24.2,1012.0,4885.12,10.0,2.0,2.5,NR5G-SA,n79,-92,-92,-10,15,-999,6.1
2026-05-28 11:01:39.563,2026-05-28 11:16:25.969,22.6530196,114.5042018,50.1,9.9,-0.07,337.3,56.6,24.2,1009.5,4887.62,10.0,2.0,2.5,NR5G-SA,n79,-92,-92,-10,15,-999,8.1
2026-05-28 11:01:39.764,2026-05-28 11:16:25.969,22.6530402,114.5041923,50.1,10.0,-0.04,337.3,56.6,24.2,1007.0,4890.11,10.0,2.0,2.5,NR5G-SA,n79,-93,-93,-10,15,-999,8.6
2026-05-28 11:01:39.964,2026-05-28 11:16:26.169,22.6530402,114.5041923,50.1,10.0,-0.04,337.3,20.5,24.2,1007.0,4890.11,10.0,2.0,2.5,NR5G-SA,n79,-93,-93,-10,15,-999,11.1
2026-05-28 11:01:40.165,2026-05-28 11:16:26.569,22.6530610,114.5041827,50.1,10.0,-0.11,337.3,20.5,20.8,1004.5,4892.63,10.0,2.0,2.5,NR5G-SA,n79,-93,-93,-10,15,-999,6.3
2026-05-28 11:01:40.365,2026-05-28 11:16:26.769,22.6530817,114.5041731,50.1,10.0,-0.08,337.4,20.5,20.8,1002.0,4895.13,10.0,2.0,2.5,NR5G-SA,n79,-94,-94,-10,16,-999,6.3
2026-05-28 11:01:40.565,2026-05-28 11:16:26.969,22.6531024,114.5041635,50.1,10.0,-0.05,337.3,20.5,20.8,999.5,4897.64,10.0,2.0,2.5,NR5G-SA,n79,-94,-94,-10,16,-999,4.6
2026-05-28 11:01:40.766,2026-05-28 11:16:26.969,22.6531231,114.5041540,50.1,9.9,0.03,337.2,20.5,20.8,997.0,4900.14,10.0,2.0,2.5,NR5G-SA,n79,-94,-94,-10,16,-999,8.2
2026-05-28 11:01:40.966,2026-05-28 11:16:27.169,22.6531231,114.5041540,50.1,9.9,0.03,337.2,43.8,20.8,997.0,4900.14,10.0,2.0,2.5,NR5G-SA,n79,-96,-96,-10,15,-999,9.0
2026-05-28 11:01:41.166,2026-05-28 11:16:27.569,22.6531437,114.5041445,50.1,10.0,0.02,337.0,43.8,20.8,994.5,4902.63,10.0,2.0,2.5,NR5G-SA,n79,-96,-96,-10,15,-999,4.7
2026-05-28 11:01:41.367,2026-05-28 11:16:27.769,22.6531643,114.5041349,50.1,10.0,0.03,337.0,43.8,17.9,992.0,4905.13,10.0,2.0,2.5,NR5G-SA,n79,-96,-96,-10,15,-999,6.7
2026-05-28 11:01:41.567,2026-05-28 11:16:27.969,22.6531849,114.5041253,50.1,10.0,-0.06,337.0,43.8,17.9,989.5,4907.63,10.0,2.0,2.5,NR5G-SA,n79,-95,-95,-10,16,-999,7.5
2026-05-28 11:01:41.767,2026-05-28 11:16:27.969,22.6532056,114.5041158,50.1,10.0,-0.02,337.2,43.8,17.9,987.0,4910.13,10.0,2.0,2.5,NR5G-SA,n79,-95,-95,-10,16,-999,10.0
2026-05-28 11:01:41.967,2026-05-28 11:16:28.169,22.6532263,114.5041063,50.1,10.0,-0.02,337.2,14.0,17.9,984.5,4912.63,10.0,2.0,2.5,NR5G-SA,n79,-99,-99,-10,16,-999,9.8
2026-05-28 11:01:42.168,2026-05-28 11:16:28.569,22.6532263,114.5041063,50.1,10.0,-0.03,337.2,14.0,17.9,984.5,4912.63,10.0,2.0,2.5,NR5G-SA,n79,-99,-99,-10,16,-999,8.4
2026-05-28 11:01:42.368,2026-05-28 11:16:28.769,22.6532470,114.5040967,50.1,10.0,0.04,337.1,14.0,16.9,982.0,4915.14,10.0,2.0,2.5,NR5G-SA,n79,-99,-99,-10,16,-999,5.8
2026-05-28 11:01:42.568,2026-05-28 11:16:28.969,22.6532677,114.5040872,50.1,10.0,-0.07,337.1,14.0,16.9,979.5,4917.64,10.0,2.0,2.5,NR5G-SA,n79,-96,-96,-10,16,-999,6.1
2026-05-28 11:01:42.769,2026-05-28 11:16:29.169,22.6532884,114.5040777,50.1,10.0,-0.02,337.0,14.0,16.9,977.0,4920.14,10.0,2.0,2.5,NR5G-SA,n79,-96,-96,-10,16,-999,7.4
2026-05-28 11:01:42.969,2026-05-28 11:16:29.169,22.6532884,114.5040777,50.1,10.0,-0.02,337.0,0.0,16.9,977.0,4920.14,10.0,2.0,2.5,NR5G-SA,n79,-96,-96,-10,16,-999,11.1
2026-05-28 11:01:43.170,2026-05-28 11:16:29.569,22.6533091,114.5040681,50.1,10.0,-0.01,336.9,0.0,16.9,974.5,4922.65,10.0,2.0,2.5,NR5G-SA,n79,-95,-95,-10,15,-999,6.6
2026-05-28 11:01:43.370,2026-05-28 11:16:29.769,22.6533298,114.5040584,50.0,10.0,-0.01,336.9,0.0,18.2,972.0,4925.16,10.0,2.0,2.5,NR5G-SA,n79,-95,-95,-10,15,-999,7.5
2026-05-28 11:01:43.570,2026-05-28 11:16:29.969,22.6533504,114.5040488,50.0,10.0,0.04,336.8,0.0,18.2,969.5,4927.66,10.0,2.0,2.5,NR5G-SA,n79,-95,-95,-10,15,-999,5.8
2026-05-28 11:01:43.771,2026-05-28 11:16:29.969,22.6533710,114.5040392,50.1,9.9,0.04,336.8,0.0,18.2,967.0,4930.15,10.0,2.0,2.5,NR5G-SA,n79,-98,-98,-10,16,-999,9.7
2026-05-28 11:01:43.971,2026-05-28 11:16:30.169,22.6533710,114.5040392,50.1,9.9,0.04,336.8,0.8,18.2,967.0,4930.15,10.0,2.0,2.5,NR5G-SA,n79,-98,-98,-10,16,-999,9.4
2026-05-28 11:01:44.172,2026-05-28 11:16:30.569,22.6533915,114.5040296,50.1,10.0,0.03,336.6,0.8,18.2,964.5,4932.64,10.0,2.0,2.5,NR5G-SA,n79,-99,-99,-10,17,-999,7.1
2026-05-28 11:01:44.372,2026-05-28 11:16:30.769,22.6534121,114.5040199,50.1,10.0,0.00,336.6,0.8,20.3,962.0,4935.14,10.0,2.0,2.5,NR5G-SA,n79,-99,-99,-10,17,-999,5.5
2026-05-28 11:01:44.573,2026-05-28 11:16:30.969,22.6534327,114.5040102,50.1,10.0,0.03,336.6,0.8,20.3,959.5,4937.64,10.0,2.0,2.5,NR5G-SA,n79,-99,-99,-10,17,-999,6.3
2026-05-28 11:01:44.773,2026-05-28 11:16:30.969,22.6534534,114.5040006,50.1,10.0,0.03,336.4,0.8,20.3,957.0,4940.15,10.0,2.0,2.5,NR5G-SA,n79,-95,-95,-10,17,-999,6.2
2026-05-28 11:01:44.973,2026-05-28 11:16:31.169,22.6534742,114.5039910,50.1,10.0,0.03,336.4,10.6,20.3,954.5,4942.66,10.0,2.0,2.5,NR5G-SA,n79,-95,-95,-10,17,-999,10.5
2026-05-28 11:01:45.174,2026-05-28 11:16:31.569,22.6534742,114.5039910,50.1,10.0,-0.02,336.4,10.6,20.3,954.5,4942.66,10.0,2.0,2.5,NR5G-SA,n79,-95,-95,-10,17,-999,7.1
2026-05-28 11:01:45.374,2026-05-28 11:16:31.769,22.6534951,114.5039816,50.1,10.0,0.01,336.6,10.6,20.3,952.0,4945.18,10.0,2.0,2.5,NR5G-SA,n79,-95,-95,-10,17,-999,5.9
2026-05-28 11:01:45.574,2026-05-28 11:16:31.969,22.6535158,114.5039721,50.1,10.0,0.01,336.6,10.6,20.3,949.5,4947.68,10.0,2.0,2.5,NR5G-SA,n79,-95,-95,-10,17,-999,6.2
2026-05-28 11:01:45.775,2026-05-28 11:16:31.969,22.6535366,114.5039627,50.1,10.0,-0.05,336.7,10.6,20.3,947.0,4950.19,10.0,2.0,2.5,NR5G-SA,n79,-95,-95,-10,17,-999,8.6
2026-05-28 11:01:45.975,2026-05-28 11:16:32.169,22.6535573,114.5039532,50.1,10.0,-0.05,336.7,0.0,20.3,944.5,4952.70,10.0,2.0,2.5,NR5G-SA,n79,-95,-95,-10,16,-999,7.7
2026-05-28 11:01:46.176,2026-05-28 11:16:32.569,22.6535573,114.5039532,50.1,10.0,0.00,336.7,0.0,20.3,944.5,4952.70,10.0,2.0,2.5,NR5G-SA,n79,-95,-95,-10,16,-999,5.7
2026-05-28 11:01:46.376,2026-05-28 11:16:32.769,22.6535779,114.5039437,50.1,10.0,-0.04,336.6,0.0,20.4,942.0,4955.19,10.0,2.0,2.5,NR5G-SA,n79,-93,-93,-10,16,-999,5.5
2026-05-28 11:01:46.576,2026-05-28 11:16:32.969,22.6535986,114.5039342,50.1,9.9,0.01,336.7,0.0,20.4,939.5,4957.69,10.0,2.0,2.5,NR5G-SA,n79,-93,-93,-10,16,-999,5.1
2026-05-28 11:01:46.777,2026-05-28 11:16:32.969,22.6536192,114.5039246,50.1,9.9,-0.02,336.9,0.0,20.4,937.0,4960.19,10.0,2.0,2.5,NR5G-SA,n79,-93,-93,-10,16,-999,9.5
2026-05-28 11:01:46.977,2026-05-28 11:16:33.169,22.6536192,114.5039246,50.1,9.9,-0.02,336.9,21.1,20.4,937.0,4960.19,10.0,2.0,2.5,NR5G-SA,n79,-95,-95,-10,17,-999,10.8
2026-05-28 11:01:47.178,2026-05-28 11:16:33.569,22.6536398,114.5039150,50.1,10.0,0.04,337.1,21.1,20.4,934.5,4962.68,10.0,2.0,2.5,NR5G-SA,n79,-95,-95,-10,17,-999,6.1
2026-05-28 11:01:47.378,2026-05-28 11:16:33.769,22.6536604,114.5039055,50.1,9.9,0.02,337.2,21.1,19.4,932.0,4965.18,10.0,2.0,2.5,NR5G-SA,n79,-95,-95,-10,17,-999,5.2
2026-05-28 11:01:47.578,2026-05-28 11:16:33.969,22.6536809,114.5038961,50.1,9.9,-0.03,337.3,21.1,19.4,929.5,4967.65,10.0,2.0,2.5,NR5G-SA,n79,-95,-95,-10,16,-999,4.6
2026-05-28 11:01:47.779,2026-05-28 11:16:33.969,22.6537016,114.5038866,50.1,10.0,-0.06,337.3,21.1,19.4,927.0,4970.16,10.0,2.0,2.5,NR5G-SA,n79,-95,-95,-10,16,-999,8.4
2026-05-28 11:01:47.979,2026-05-28 11:16:34.169,22.6537222,114.5038772,50.1,10.0,-0.06,337.4,39.5,19.4,924.5,4972.64,10.0,2.0,2.5,NR5G-SA,n79,-95,-95,-10,16,-999,8.9
2026-05-28 11:01:48.180,2026-05-28 11:16:34.569,22.6537222,114.5038772,50.1,10.0,-0.03,337.4,39.5,19.4,924.5,4972.64,10.0,2.0,2.5,NR5G-SA,n79,-95,-95,-10,16,-999,5.1
2026-05-28 11:01:48.380,2026-05-28 11:16:34.769,22.6537428,114.5038676,50.1,9.9,-0.01,337.6,39.5,19.2,922.0,4975.14,10.0,2.0,2.5,NR5G-SA,n79,-95,-95,-10,16,-999,4.8
2026-05-28 11:01:48.580,2026-05-28 11:16:34.969,22.6537635,114.5038582,50.1,10.0,0.02,337.3,39.5,19.2,919.5,4977.64,10.0,2.0,2.5,NR5G-SA,n79,-95,-95,-10,15,-999,6.0
2026-05-28 11:01:48.781,2026-05-28 11:16:34.969,22.6537841,114.5038487,50.1,10.0,0.04,337.2,39.5,19.2,917.0,4980.13,10.0,2.0,2.5,NR5G-SA,n79,-95,-95,-10,15,-999,10.2
2026-05-28 11:01:48.981,2026-05-28 11:16:35.169,22.6538048,114.5038391,50.1,10.0,0.04,337.0,29.2,19.2,914.5,4982.64,10.0,2.0,2.5,NR5G-SA,n79,-95,-95,-10,15,-999,10.1
2026-05-28 11:01:49.181,2026-05-28 11:16:35.569,22.6538048,114.5038391,50.1,10.0,0.04,337.0,29.2,19.2,914.5,4982.64,10.0,2.0,2.5,NR5G-SA,n79,-95,-95,-10,16,-999,7.8
2026-05-28 11:01:49.382,2026-05-28 11:16:35.769,22.6538253,114.5038295,50.1,10.0,-0.03,336.9,29.2,19.2,912.0,4985.12,10.0,2.0,2.5,NR5G-SA,n79,-95,-95,-10,16,-999,5.7
2026-05-28 11:01:49.582,2026-05-28 11:16:35.969,22.6538458,114.5038199,50.1,10.0,0.03,336.9,29.2,19.2,909.5,4987.61,10.0,2.0,2.5,NR5G-SA,n79,-95,-95,-10,16,-999,6.2
2026-05-28 11:01:49.782,2026-05-28 11:16:35.969,22.6538664,114.5038103,50.1,10.0,-0.04,337.0,29.2,19.2,907.0,4990.11,10.0,2.0,2.5,NR5G-SA,n79,-92,-92,-10,16,-999,9.5
2026-05-28 11:01:49.983,2026-05-28 11:16:36.169,22.6538871,114.5038007,50.1,10.0,-0.04,337.1,34.2,19.2,904.5,4992.61,10.0,2.0,2.5,NR5G-SA,n79,-92,-92,-10,16,-999,10.7
2026-05-28 11:01:50.183,2026-05-28 11:16:36.569,22.6538871,114.5038007,50.1,10.0,-0.02,337.1,34.2,19.2,904.5,4992.61,10.0,2.0,2.5,NR5G-SA,n79,-92,-92,-10,16,-999,6.3
2026-05-28 11:01:50.383,2026-05-28 11:16:36.769,22.6539078,114.5037912,50.1,10.0,-0.02,337.1,34.2,19.2,902.0,4995.11,10.0,2.0,2.5,NR5G-SA,n79,-95,-95,-10,16,-999,8.4
2026-05-28 11:01:50.584,2026-05-28 11:16:36.969,22.6539285,114.5037817,50.1,10.0,-0.02,337.2,34.2,20.8,899.5,4997.62,10.0,2.0,2.5,NR5G-SA,n79,-95,-95,-10,16,-999,6.6
2026-05-28 11:01:50.784,2026-05-28 11:16:37.169,22.6539492,114.5037721,50.1,10.0,-0.05,337.1,34.2,20.8,897.0,5000.12,10.0,2.0,2.5,NR5G-SA,n79,-95,-95,-10,16,-999,5.9
2026-05-28 11:01:50.985,2026-05-28 11:16:37.169,22.6539699,114.5037625,50.1,10.0,0.04,337.0,35.2,20.8,894.5,5002.63,10.0,2.0,2.5,NR5G-SA,n79,-95,-95,-10,16,-999,8.9
2026-05-28 11:01:51.185,2026-05-28 11:16:37.569,22.6539699,114.5037625,50.1,10.0,0.04,337.0,35.2,20.8,894.5,5002.63,10.0,2.0,2.5,NR5G-SA,n79,-95,-95,-10,16,-999,5.4
2026-05-28 11:01:51.385,2026-05-28 11:16:37.769,22.6539906,114.5037528,50.1,10.0,-0.01,337.1,35.2,20.8,892.0,5005.14,10.0,2.0,2.5,NR5G-SA,n79,-95,-95,-10,16,-999,6.3
2026-05-28 11:01:51.586,2026-05-28 11:16:37.969,22.6540113,114.5037431,50.1,10.0,-0.02,337.0,35.2,21.9,889.5,5007.65,10.0,2.0,2.5,NR5G-SA,n79,-95,-95,-10,16,-999,5.4
2026-05-28 11:01:51.786,2026-05-28 11:16:38.169,22.6540319,114.5037334,50.1,10.0,-0.01,336.9,35.2,21.9,887.0,5010.15,10.0,2.0,2.5,NR5G-SA,n79,-95,-95,-10,16,-999,8.4
2026-05-28 11:01:51.986,2026-05-28 11:16:38.169,22.6540525,114.5037237,50.1,10.0,-0.01,336.9,27.6,21.9,884.5,5012.65,10.0,2.0,2.5,NR5G-SA,n79,-95,-95,-10,16,-999,8.5
2026-05-28 11:01:52.187,2026-05-28 11:16:38.569,22.6540525,114.5037237,50.1,10.0,-0.04,336.9,27.6,21.9,884.5,5012.65,10.0,2.0,2.5,NR5G-SA,n79,-95,-95,-10,16,-999,6.1
2026-05-28 11:01:52.387,2026-05-28 11:16:38.769,22.6540732,114.5037140,50.0,10.0,-0.02,336.9,27.6,21.9,882.0,5015.16,10.0,2.0,2.5,NR5G-SA,n79,-95,-95,-10,16,-999,5.8
2026-05-28 11:01:52.588,2026-05-28 11:16:38.969,22.6540938,114.5037043,50.0,10.0,-0.01,336.9,27.6,24.9,879.5,5017.66,10.0,2.0,2.5,NR5G-SA,n79,-99,-99,-10,16,-999,6.7
2026-05-28 11:01:52.788,2026-05-28 11:16:39.169,22.6541145,114.5036947,50.0,10.0,0.01,336.9,27.6,24.9,877.0,5020.17,10.0,2.0,2.5,NR5G-SA,n79,-99,-99,-10,16,-999,6.1
2026-05-28 11:01:52.988,2026-05-28 11:16:39.169,22.6541351,114.5036850,50.0,10.0,0.04,336.9,40.7,24.9,874.5,5022.67,10.0,2.0,2.5,NR5G-SA,n79,-94,-94,-10,16,-999,7.0
2026-05-28 11:01:53.189,2026-05-28 11:16:39.569,22.6541351,114.5036850,50.0,10.0,0.04,336.9,40.7,24.9,874.5,5022.67,10.0,2.0,2.5,NR5G-SA,n79,-94,-94,-10,16,-999,7.1
2026-05-28 11:01:53.389,2026-05-28 11:16:39.769,22.6541558,114.5036754,50.1,10.0,0.05,336.8,40.7,24.9,872.0,5025.18,10.0,2.0,2.5,NR5G-SA,n79,-94,-94,-10,16,-999,5.9
2026-05-28 11:01:53.589,2026-05-28 11:16:39.969,22.6541764,114.5036658,50.1,10.0,-0.04,336.9,40.7,25.0,869.5,5027.67,10.0,2.0,2.5,NR5G-SA,n79,-94,-94,-10,17,-999,6.0
2026-05-28 11:01:53.790,2026-05-28 11:16:39.969,22.6541970,114.5036563,50.1,10.0,0.02,336.9,40.7,25.0,867.0,5030.16,10.0,2.0,2.5,NR5G-SA,n79,-94,-94,-10,17,-999,8.9
2026-05-28 11:01:53.990,2026-05-28 11:16:40.169,22.6542176,114.5036468,50.1,10.0,0.02,337.1,19.2,25.0,864.5,5032.66,10.0,2.0,2.5,NR5G-SA,n79,-94,-94,-10,17,-999,8.1
2026-05-28 11:01:54.190,2026-05-28 11:16:40.569,22.6542176,114.5036468,50.1,10.0,0.02,337.1,19.2,25.0,864.5,5032.66,10.0,2.0,2.5,NR5G-SA,n79,-94,-94,-10,17,-999,6.0
2026-05-28 11:01:54.391,2026-05-28 11:16:40.769,22.6542383,114.5036373,50.1,10.0,-0.01,337.3,19.2,25.0,862.0,5035.16,10.0,2.0,2.5,NR5G-SA,n79,-94,-94,-10,17,-999,6.1
2026-05-28 11:01:54.591,2026-05-28 11:16:40.969,22.6542590,114.5036277,50.1,10.0,-0.05,337.3,19.2,24.9,859.5,5037.67,10.0,2.0,2.5,NR5G-SA,n79,-94,-94,-10,17,-999,5.9
2026-05-28 11:01:54.792,2026-05-28 11:16:40.969,22.6542797,114.5036183,50.1,10.0,0.01,337.4,19.2,24.9,857.0,5040.16,10.0,2.0,2.5,NR5G-SA,n79,-97,-97,-10,17,-999,8.3
2026-05-28 11:01:54.992,2026-05-28 11:16:41.169,22.6543005,114.5036087,50.0,10.0,0.01,337.5,0.0,24.9,854.5,5042.68,10.0,2.0,2.5,NR5G-SA,n79,-97,-97,-10,17,-999,7.4
2026-05-28 11:01:55.192,2026-05-28 11:16:41.569,22.6543005,114.5036087,50.0,10.0,0.01,337.5,0.0,24.9,854.5,5042.68,10.0,2.0,2.5,NR5G-SA,n79,-96,-96,-10,16,-999,5.6
2026-05-28 11:01:55.393,2026-05-28 11:16:41.769,22.6543211,114.5035992,50.0,9.9,0.04,337.5,0.0,24.9,852.0,5045.17,10.0,2.0,2.5,NR5G-SA,n79,-96,-96,-10,16,-999,6.0
2026-05-28 11:01:55.593,2026-05-28 11:16:41.969,22.6543418,114.5035897,50.1,9.9,0.04,337.4,0.0,25.3,849.5,5047.68,10.0,2.0,2.5,NR5G-SA,n79,-96,-96,-10,16,-999,4.5
2026-05-28 11:01:55.793,2026-05-28 11:16:42.169,22.6543624,114.5035803,50.1,10.0,0.04,337.5,0.0,25.3,847.0,5050.16,10.0,2.0,2.5,NR5G-SA,n79,-92,-92,-10,16,-999,5.0
2026-05-28 11:01:55.994,2026-05-28 11:16:42.169,22.6543830,114.5035709,50.1,10.0,0.04,337.4,8.7,25.3,844.5,5052.65,10.0,2.0,2.5,NR5G-SA,n79,-92,-92,-10,16,-999,9.2
2026-05-28 11:01:56.194,2026-05-28 11:16:42.569,22.6543830,114.5035709,50.1,10.0,0.04,337.4,8.7,25.3,844.5,5052.65,10.0,2.0,2.5,NR5G-SA,n79,-92,-92,-10,16,-999,8.0
2026-05-28 11:01:56.394,2026-05-28 11:16:42.769,22.6544037,114.5035613,50.1,10.0,0.01,337.3,8.7,25.3,842.0,5055.16,10.0,2.0,2.5,NR5G-SA,n79,-97,-97,-10,16,-999,5.5
2026-05-28 11:01:56.594,2026-05-28 11:16:42.969,22.6544244,114.5035517,50.1,10.0,0.00,337.2,8.7,26.4,839.5,5057.66,10.0,2.0,2.5,NR5G-SA,n79,-97,-97,-10,16,-999,4.9
2026-05-28 11:01:56.795,2026-05-28 11:16:43.169,22.6544450,114.5035419,50.1,10.0,-0.01,337.2,8.7,26.4,837.0,5060.17,10.0,2.0,2.5,NR5G-SA,n79,-97,-97,-10,16,-999,6.5
2026-05-28 11:01:56.995,2026-05-28 11:16:43.169,22.6544656,114.5035323,50.1,10.0,0.00,337.1,0.0,26.4,834.5,5062.67,10.0,2.0,2.5,NR5G-SA,n79,-98,-98,-11,16,-999,9.8
2026-05-28 11:01:57.196,2026-05-28 11:16:43.569,22.6544656,114.5035323,50.1,10.0,0.00,337.1,0.0,26.4,834.5,5062.67,10.0,2.0,2.5,NR5G-SA,n79,-98,-98,-11,16,-999,6.6
2026-05-28 11:01:57.396,2026-05-28 11:16:43.769,22.6544863,114.5035227,50.1,9.9,0.04,337.0,0.0,26.4,832.0,5065.17,10.0,2.0,2.5,NR5G-SA,n79,-98,-98,-11,16,-999,8.1
2026-05-28 11:01:57.596,2026-05-28 11:16:43.969,22.6545070,114.5035130,50.1,10.0,-0.02,336.9,0.0,26.4,829.5,5067.68,10.0,2.0,2.5,NR5G-SA,n79,-95,-95,-10,16,-999,6.5
2026-05-28 11:01:57.797,2026-05-28 11:16:44.169,22.6545276,114.5035034,50.1,10.0,0.01,336.8,0.0,24.3,827.0,5070.18,10.0,2.0,2.5,NR5G-SA,n79,-95,-95,-10,16,-999,4.9
2026-05-28 11:01:57.997,2026-05-28 11:16:44.169,22.6545276,114.5035034,50.1,10.0,0.01,336.8,0.0,24.3,827.0,5070.18,10.0,2.0,2.5,NR5G-SA,n79,-98,-98,-10,16,-999,14.4
2026-05-28 11:01:58.197,2026-05-28 11:16:44.569,22.6545483,114.5034939,50.1,10.0,0.02,336.8,3.1,24.3,824.5,5072.68,10.0,2.0,2.5,NR5G-SA,n79,-98,-98,-10,16,-999,7.1
2026-05-28 11:01:58.397,2026-05-28 11:16:44.769,22.6545689,114.5034843,50.1,10.0,-0.01,336.8,3.1,24.3,822.0,5075.18,10.0,2.0,2.5,NR5G-SA,n79,-98,-98,-10,16,-999,5.7
2026-05-28 11:01:58.598,2026-05-28 11:16:44.969,22.6545896,114.5034748,50.1,10.0,0.00,336.8,3.1,24.3,819.5,5077.68,10.0,2.0,2.5,NR5G-SA,n79,-92,-92,-10,16,-999,6.4
2026-05-28 11:01:58.798,2026-05-28 11:16:45.169,22.6546102,114.5034653,50.1,10.0,-0.02,336.8,3.1,27.1,817.0,5080.17,10.0,2.0,2.5,NR5G-SA,n79,-92,-92,-10,16,-999,7.8
2026-05-28 11:01:58.999,2026-05-28 11:16:45.169,22.6546309,114.5034557,50.1,9.9,-0.01,336.7,0.0,27.1,814.5,5082.68,10.0,2.0,2.5,NR5G-SA,n79,-92,-92,-10,16,-999,6.6
2026-05-28 11:01:59.199,2026-05-28 11:16:45.569,22.6546309,114.5034557,50.1,9.9,-0.01,336.7,0.0,27.1,814.5,5082.68,10.0,2.0,2.5,NR5G-SA,n79,-91,-91,-10,16,-999,10.4
2026-05-28 11:01:59.399,2026-05-28 11:16:45.769,22.6546515,114.5034462,50.1,10.0,-0.06,336.7,0.0,27.1,812.0,5085.17,10.0,2.0,2.5,NR5G-SA,n79,-91,-91,-10,16,-999,7.6
2026-05-28 11:01:59.600,2026-05-28 11:16:45.969,22.6546721,114.5034367,50.1,9.9,-0.01,336.8,0.0,27.1,809.5,5087.66,10.0,2.0,2.5,NR5G-SA,n79,-91,-91,-10,16,-999,6.0
2026-05-28 11:01:59.800,2026-05-28 11:16:46.169,22.6546928,114.5034273,50.1,10.0,-0.01,336.9,0.0,26.2,807.0,5090.16,10.0,2.0,2.5,NR5G-SA,n79,-92,-92,-10,17,-999,6.1
2026-05-28 11:02:00.001,2026-05-28 11:16:46.169,22.6547136,114.5034178,50.1,10.0,-0.01,337.0,14.1,26.2,804.5,5092.67,10.0,2.0,2.5,NR5G-SA,n79,-92,-92,-10,17,-999,9.8
2026-05-28 11:02:00.201,2026-05-28 11:16:46.569,22.6547136,114.5034178,50.1,10.0,-0.01,337.0,14.1,26.2,804.5,5092.67,10.0,2.0,2.5,NR5G-SA,n79,-97,-97,-10,17,-999,7.8
2026-05-28 11:02:00.401,2026-05-28 11:16:46.769,22.6547343,114.5034083,50.1,10.0,0.05,337.0,14.1,26.2,802.0,5095.18,10.0,2.0,2.5,NR5G-SA,n79,-97,-97,-10,17,-999,6.8
2026-05-28 11:02:00.601,2026-05-28 11:16:46.969,22.6547549,114.5033986,50.1,9.9,0.06,336.9,14.1,26.2,799.5,5097.68,10.0,2.0,2.5,NR5G-SA,n79,-97,-97,-10,17,-999,5.6
2026-05-28 11:02:00.802,2026-05-28 11:16:47.169,22.6547755,114.5033890,50.1,10.0,0.06,336.9,14.1,27.5,797.0,5100.17,10.0,2.0,2.5,NR5G-SA,n79,-94,-94,-11,17,-999,8.4
2026-05-28 11:02:01.002,2026-05-28 11:16:47.169,22.6547963,114.5033794,50.1,10.0,-0.01,336.9,14.1,27.5,794.5,5102.69,10.0,2.0,2.5,NR5G-SA,n79,-94,-94,-11,17,-999,7.8
2026-05-28 11:02:01.202,2026-05-28 11:16:47.569,22.6547963,114.5033794,50.1,10.0,-0.01,336.9,43.2,27.5,794.5,5102.69,10.0,2.0,2.5,NR5G-SA,n79,-94,-94,-11,17,-999,7.3
2026-05-28 11:02:01.403,2026-05-28 11:16:47.769,22.6548169,114.5033698,50.1,10.0,-0.01,336.9,43.2,27.5,792.0,5105.19,10.0,2.0,2.5,NR5G-SA,n79,-96,-96,-10,16,-999,6.1
2026-05-28 11:02:01.603,2026-05-28 11:16:47.969,22.6548375,114.5033602,50.1,10.0,-0.00,336.9,43.2,27.5,789.5,5107.68,10.0,2.0,2.5,NR5G-SA,n79,-96,-96,-10,16,-999,5.4
2026-05-28 11:02:01.803,2026-05-28 11:16:48.169,22.6548583,114.5033506,50.1,10.0,-0.03,336.9,43.2,26.1,786.9,5110.20,10.0,2.0,2.5,NR5G-SA,n79,-96,-96,-10,16,-999,5.1
2026-05-28 11:02:02.004,2026-05-28 11:16:48.169,22.6548789,114.5033411,50.0,10.0,-0.01,336.9,43.2,26.1,784.5,5112.69,10.0,2.0,2.5,NR5G-SA,n79,-89,-89,-10,17,-999,9.4
2026-05-28 11:02:02.204,2026-05-28 11:16:48.569,22.6548789,114.5033411,50.0,10.0,-0.01,336.9,23.5,26.1,784.5,5112.69,10.0,2.0,2.5,NR5G-SA,n79,-89,-89,-10,17,-999,11.7
2026-05-28 11:02:02.404,2026-05-28 11:16:48.769,22.6548995,114.5033316,50.0,9.9,0.06,336.9,23.5,26.1,782.0,5115.18,10.0,2.0,2.5,NR5G-SA,n79,-91,-91,-10,17,-999,6.6
2026-05-28 11:02:02.604,2026-05-28 11:16:48.969,22.6549202,114.5033221,50.0,10.0,0.00,337.0,23.5,26.1,779.5,5117.69,10.0,2.0,2.5,NR5G-SA,n79,-91,-91,-10,17,-999,6.7
2026-05-28 11:02:02.805,2026-05-28 11:16:49.169,22.6549409,114.5033126,50.0,10.0,0.04,336.8,23.5,27.9,777.0,5120.19,10.0,2.0,2.5,NR5G-SA,n79,-91,-91,-10,17,-999,5.1
2026-05-28 11:02:03.005,2026-05-28 11:16:49.169,22.6549615,114.5033031,50.0,10.0,0.02,336.7,23.5,27.9,774.5,5122.68,10.0,2.0,2.5,NR5G-SA,n79,-95,-95,-10,17,-999,8.3
2026-05-28 11:02:03.206,2026-05-28 11:16:49.569,22.6549615,114.5033031,50.0,10.0,0.02,336.7,38.0,27.9,774.5,5122.68,10.0,2.0,2.5,NR5G-SA,n79,-95,-95,-10,17,-999,9.6
2026-05-28 11:02:03.406,2026-05-28 11:16:49.769,22.6549822,114.5032935,50.0,10.0,0.02,336.6,38.0,27.9,772.0,5125.19,10.0,2.0,2.5,NR5G-SA,n79,-95,-95,-10,17,-999,9.9
2026-05-28 11:02:03.606,2026-05-28 11:16:49.969,22.6550028,114.5032839,50.0,10.0,0.03,336.6,38.0,27.9,769.5,5127.68,10.0,2.0,2.5,NR5G-SA,n79,-94,-94,-10,17,-999,5.9
2026-05-28 11:02:03.807,2026-05-28 11:16:50.169,22.6550234,114.5032742,50.0,10.0,0.02,336.5,38.0,24.1,767.0,5130.18,10.0,2.0,2.5,NR5G-SA,n79,-94,-94,-10,17,-999,5.2
2026-05-28 11:02:04.007,2026-05-28 11:16:50.169,22.6550439,114.5032645,50.0,10.0,0.02,336.4,38.0,24.1,764.5,5132.67,10.0,2.0,2.5,NR5G-SA,n79,-94,-94,-10,17,-999,12.7
2026-05-28 11:02:04.207,2026-05-28 11:16:50.569,22.6550439,114.5032645,50.0,10.0,0.02,336.4,31.5,24.1,764.5,5132.67,10.0,2.0,2.5,NR5G-SA,n79,-88,-88,-10,17,-999,11.1
2026-05-28 11:02:04.408,2026-05-28 11:16:50.769,22.6550644,114.5032548,50.0,9.9,0.02,336.5,31.5,24.1,762.0,5135.16,10.0,2.0,2.5,NR5G-SA,n79,-88,-88,-10,17,-999,9.4
2026-05-28 11:02:04.608,2026-05-28 11:16:50.969,22.6550849,114.5032452,50.0,10.0,0.04,336.4,31.5,24.1,759.5,5137.65,10.0,2.0,2.5,NR5G-SA,n79,-96,-96,-10,17,-999,5.0
2026-05-28 11:02:04.808,2026-05-28 11:16:51.169,22.6551055,114.5032357,50.0,10.0,0.03,336.3,31.5,24.1,757.0,5140.14,10.0,2.0,2.5,NR5G-SA,n79,-96,-96,-10,17,-999,5.6
2026-05-28 11:02:05.009,2026-05-28 11:16:51.569,22.6551260,114.5032263,50.0,10.0,0.05,336.3,31.5,24.2,754.5,5142.62,10.0,2.0,2.5,NR5G-SA,n79,-96,-96,-10,17,-999,7.4
2026-05-28 11:02:05.209,2026-05-28 11:16:51.569,22.6551260,114.5032263,50.0,10.0,0.05,336.3,30.0,24.2,754.5,5142.62,10.0,2.0,2.5,NR5G-SA,n79,-99,-99,-10,17,-999,15.8
2026-05-28 11:02:05.409,2026-05-28 11:16:51.769,22.6551467,114.5032168,50.0,10.0,0.07,336.6,30.0,24.2,752.0,5145.12,10.0,2.0,2.5,NR5G-SA,n79,-99,-99,-10,17,-999,10.1
2026-05-28 11:02:05.610,2026-05-28 11:16:51.969,22.6551673,114.5032072,50.0,10.0,0.03,336.7,30.0,24.2,749.5,5147.62,10.0,2.0,2.5,NR5G-SA,n79,-99,-99,-10,17,-999,7.3
2026-05-28 11:02:05.810,2026-05-28 11:16:52.169,22.6551880,114.5031976,50.0,10.0,0.09,336.8,30.0,24.2,747.0,5150.13,10.0,2.0,2.5,NR5G-SA,n79,-96,-96,-10,17,-999,5.3
2026-05-28 11:02:06.011,2026-05-28 11:16:52.169,22.6552088,114.5031882,50.0,10.0,0.11,336.9,30.0,20.8,744.5,5152.63,10.0,2.0,2.5,NR5G-SA,n79,-96,-96,-10,17,-999,11.8
2026-05-28 11:02:06.211,2026-05-28 11:16:52.569,22.6552088,114.5031882,50.0,10.0,0.11,336.9,39.5,20.8,744.5,5152.63,10.0,2.0,2.5,NR5G-SA,n79,-96,-96,-10,17,-999,11.2
2026-05-28 11:02:06.411,2026-05-28 11:16:52.769,22.6552297,114.5031789,50.0,10.0,0.11,336.9,39.5,20.8,742.0,5155.15,10.0,2.0,2.5,NR5G-SA,n79,-93,-93,-10,18,-999,10.0
2026-05-28 11:02:06.612,2026-05-28 11:16:52.969,22.6552507,114.5031695,50.0,10.0,0.12,336.7,39.5,20.8,739.5,5157.68,10.0,2.0,2.5,NR5G-SA,n79,-93,-93,-10,18,-999,5.7
2026-05-28 11:02:06.812,2026-05-28 11:16:53.169,22.6552716,114.5031601,50.0,10.0,0.06,336.3,39.5,20.8,737.0,5160.20,10.0,2.0,2.5,NR5G-SA,n79,-94,-94,-10,19,-999,6.6
2026-05-28 11:02:07.012,2026-05-28 11:16:53.169,22.6552924,114.5031505,50.0,10.0,0.10,336.1,39.5,21.7,734.4,5162.71,10.0,2.0,2.5,NR5G-SA,n79,-94,-94,-10,19,-999,9.9
2026-05-28 11:02:07.213,2026-05-28 11:16:53.569,22.6552924,114.5031505,50.0,10.0,0.10,336.1,25.3,21.7,734.4,5162.71,10.0,2.0,2.5,NR5G-SA,n79,-94,-94,-10,19,-999,16.2
2026-05-28 11:02:07.413,2026-05-28 11:16:53.769,22.6553129,114.5031408,50.0,10.0,0.04,336.2,25.3,21.7,731.9,5165.20,10.0,2.0,2.5,NR5G-SA,n79,-90,-90,-10,20,-999,10.5
2026-05-28 11:02:07.613,2026-05-28 11:16:53.969,22.6553333,114.5031311,50.0,9.9,0.03,336.2,25.3,21.7,729.5,5167.68,10.0,2.0,2.5,NR5G-SA,n79,-90,-90,-10,20,-999,8.2
2026-05-28 11:02:07.814,2026-05-28 11:16:54.169,22.6553538,114.5031215,50.0,9.9,0.00,336.1,25.3,21.7,727.0,5170.17,10.0,2.0,2.5,NR5G-SA,n79,-90,-90,-10,20,-999,5.9
2026-05-28 11:02:08.014,2026-05-28 11:16:54.169,22.6553744,114.5031119,50.0,9.9,0.03,336.2,25.3,20.0,724.5,5172.67,10.0,2.0,2.5,NR5G-SA,n79,-90,-90,-10,20,-999,9.3
2026-05-28 11:02:08.215,2026-05-28 11:16:54.569,22.6553744,114.5031119,50.0,9.9,0.03,336.2,41.2,20.0,724.5,5172.67,10.0,2.0,2.5,NR5G-SA,n79,-90,-90,-10,20,-999,17.3
2026-05-28 11:02:08.415,2026-05-28 11:16:54.769,22.6553950,114.5031023,50.0,10.0,0.07,336.3,41.2,20.0,722.0,5175.16,10.0,2.0,2.5,NR5G-SA,n79,-90,-90,-10,20,-999,12.0
2026-05-28 11:02:08.615,2026-05-28 11:16:54.969,22.6554156,114.5030927,50.0,9.9,-0.01,336.3,41.2,20.0,719.5,5177.66,10.0,2.0,2.5,NR5G-SA,n79,-97,-97,-10,19,-999,7.4
2026-05-28 11:02:08.816,2026-05-28 11:16:55.169,22.6554362,114.5030831,50.0,10.0,-0.11,336.4,41.2,20.0,717.0,5180.16,10.0,2.0,2.5,NR5G-SA,n79,-97,-97,-10,19,-999,6.8
2026-05-28 11:02:09.016,2026-05-28 11:16:55.169,22.6554569,114.5030735,50.0,10.0,-0.10,336.6,41.2,20.8,714.5,5182.66,10.0,2.0,2.5,NR5G-SA,n79,-94,-94,-10,18,-999,9.0
2026-05-28 11:02:09.216,2026-05-28 11:16:55.569,22.6554569,114.5030735,50.0,10.0,-0.10,336.6,17.2,20.8,714.5,5182.66,10.0,2.0,2.5,NR5G-SA,n79,-94,-94,-10,18,-999,15.9
2026-05-28 11:02:09.417,2026-05-28 11:16:55.769,22.6554776,114.5030639,50.0,10.0,-0.02,336.7,17.2,20.8,712.0,5185.17,10.0,2.0,2.5,NR5G-SA,n79,-94,-94,-10,18,-999,11.1
2026-05-28 11:02:09.617,2026-05-28 11:16:55.969,22.6554983,114.5030543,50.0,10.0,-0.00,336.8,17.2,20.8,709.5,5187.68,10.0,2.0,2.5,NR5G-SA,n79,-98,-98,-11,18,-999,6.4
2026-05-28 11:02:09.818,2026-05-28 11:16:56.169,22.6555189,114.5030448,50.0,9.9,0.02,337.0,17.2,20.8,707.0,5190.17,10.0,2.0,2.5,NR5G-SA,n79,-98,-98,-11,18,-999,5.2
2026-05-28 11:02:10.018,2026-05-28 11:16:56.569,22.6555396,114.5030354,50.0,10.0,0.03,337.1,17.2,21.3,704.5,5192.67,10.0,2.0,2.5,NR5G-SA,n79,-98,-98,-11,18,-999,5.3
2026-05-28 11:02:10.218,2026-05-28 11:16:56.569,22.6555396,114.5030354,50.0,10.0,0.03,337.1,0.0,21.3,704.5,5192.67,10.0,2.0,2.5,NR5G-SA,n79,-96,-96,-11,18,-999,14.5
2026-05-28 11:02:10.418,2026-05-28 11:16:56.769,22.6555603,114.5030259,50.0,9.9,0.08,337.2,0.0,21.3,702.0,5195.17,10.0,2.0,2.5,NR5G-SA,n79,-96,-96,-11,18,-999,7.3
2026-05-28 11:02:10.619,2026-05-28 11:16:56.969,22.6555810,114.5030165,50.0,9.9,0.02,337.3,0.0,21.3,699.5,5197.67,10.0,2.0,2.5,NR5G-SA,n79,-96,-96,-11,18,-999,6.5
2026-05-28 11:02:10.819,2026-05-28 11:16:57.169,22.6556016,114.5030071,50.1,9.9,0.03,337.4,0.0,21.3,697.0,5200.15,10.0,2.0,2.5,NR5G-SA,n79,-96,-96,-11,18,-999,6.9
2026-05-28 11:02:11.019,2026-05-28 11:16:57.169,22.6556223,114.5029976,50.1,9.9,-0.02,337.4,0.0,21.8,694.5,5202.66,10.0,2.0,2.5,NR5G-SA,n79,-96,-96,-11,18,-999,6.1
2026-05-28 11:02:11.220,2026-05-28 11:16:57.569,22.6556223,114.5029976,50.1,9.9,-0.02,337.4,6.6,21.8,694.5,5202.66,10.0,2.0,2.5,NR5G-SA,n79,-96,-96,-11,18,-999,15.0
2026-05-28 11:02:11.420,2026-05-28 11:16:57.769,22.6556430,114.5029881,50.1,10.0,0.03,337.3,6.6,21.8,692.0,5205.16,10.0,2.0,2.5,NR5G-SA,n79,-93,-93,-10,18,-999,10.2
2026-05-28 11:02:11.620,2026-05-28 11:16:57.969,22.6556635,114.5029785,50.1,9.9,-0.03,337.2,6.6,21.8,689.5,5207.65,10.0,2.0,2.5,NR5G-SA,n79,-93,-93,-10,18,-999,5.7
2026-05-28 11:02:11.821,2026-05-28 11:16:58.169,22.6556840,114.5029688,50.1,9.9,-0.00,337.2,6.6,21.8,687.0,5210.14,10.0,2.0,2.5,NR5G-SA,n79,-95,-95,-10,18,-999,6.7
2026-05-28 11:02:12.021,2026-05-28 11:16:58.569,22.6557046,114.5029591,50.1,9.9,-0.05,337.2,6.6,20.0,684.5,5212.64,10.0,2.0,2.5,NR5G-SA,n79,-95,-95,-10,18,-999,5.7
2026-05-28 11:02:12.221,2026-05-28 11:16:58.569,22.6557046,114.5029591,50.1,9.9,-0.05,337.2,6.6,20.0,684.5,5212.64,10.0,2.0,2.5,NR5G-SA,n79,-95,-95,-10,18,-999,15.5
2026-05-28 11:02:12.422,2026-05-28 11:16:58.769,22.6557252,114.5029493,50.1,9.9,-0.06,337.2,0.0,20.0,682.0,5215.14,10.0,2.0,2.5,NR5G-SA,n79,-95,-95,-10,18,-999,11.8
2026-05-28 11:02:12.622,2026-05-28 11:16:58.969,22.6557458,114.5029397,50.1,9.9,-0.06,337.2,0.0,20.0,679.5,5217.64,10.0,2.0,2.5,NR5G-SA,n79,-95,-95,-10,18,-999,7.6
2026-05-28 11:02:12.822,2026-05-28 11:16:59.169,22.6557665,114.5029302,50.1,9.9,-0.02,337.3,0.0,20.0,677.0,5220.14,10.0,2.0,2.5,NR5G-SA,n79,-95,-95,-10,18,-999,5.8
2026-05-28 11:02:13.023,2026-05-28 11:16:59.569,22.6557871,114.5029206,50.1,9.9,-0.02,337.4,0.0,18.9,674.5,5222.64,10.0,2.0,2.5,NR5G-SA,n79,-94,-94,-10,19,-999,7.8
2026-05-28 11:02:13.223,2026-05-28 11:16:59.569,22.6557871,114.5029206,50.1,9.9,-0.02,337.4,0.0,18.9,674.5,5222.64,10.0,2.0,2.5,NR5G-SA,n79,-94,-94,-10,19,-999,15.3
2026-05-28 11:02:13.423,2026-05-28 11:16:59.769,22.6558076,114.5029111,50.1,9.9,0.02,337.4,5.3,18.9,672.0,5225.12,10.0,2.0,2.5,NR5G-SA,n79,-94,-94,-10,19,-999,10.1
2026-05-28 11:02:13.623,2026-05-28 11:16:59.969,22.6558282,114.5029015,50.1,10.0,0.04,337.2,5.3,18.9,669.5,5227.61,10.0,2.0,2.5,NR5G-SA,n79,-98,-98,-11,18,-999,8.6
2026-05-28 11:02:13.824,2026-05-28 11:17:00.169,22.6558489,114.5028920,50.1,10.0,0.02,337.2,5.3,18.9,667.0,5230.12,10.0,2.0,2.5,NR5G-SA,n79,-98,-98,-11,18,-999,6.9
2026-05-28 11:02:14.024,2026-05-28 11:17:00.169,22.6558694,114.5028824,50.1,10.0,-0.06,337.2,5.3,18.9,664.5,5232.60,10.0,2.0,2.5,NR5G-SA,n79,-85,-85,-10,18,-999,9.0
2026-05-28 11:02:14.224,2026-05-28 11:17:00.569,22.6558694,114.5028824,50.1,10.0,-0.06,337.2,5.3,19.0,664.5,5232.60,10.0,2.0,2.5,NR5G-SA,n79,-85,-85,-10,18,-999,16.0
2026-05-28 11:02:14.425,2026-05-28 11:17:00.769,22.6558902,114.5028728,50.1,10.0,-0.05,337.3,0.0,19.0,662.0,5235.12,10.0,2.0,2.5,NR5G-SA,n79,-85,-85,-10,18,-999,10.4
2026-05-28 11:02:14.625,2026-05-28 11:17:00.969,22.6559109,114.5028633,50.1,10.0,-0.03,337.2,0.0,19.0,659.5,5237.62,10.0,2.0,2.5,NR5G-SA,n79,-90,-90,-10,18,-999,7.0
2026-05-28 11:02:14.825,2026-05-28 11:17:01.169,22.6559316,114.5028537,50.1,10.0,-0.02,337.1,0.0,19.0,657.0,5240.13,10.0,2.0,2.5,NR5G-SA,n79,-90,-90,-10,18,-999,6.6
2026-05-28 11:02:15.026,2026-05-28 11:17:01.169,22.6559522,114.5028440,50.1,10.0,0.00,337.1,0.0,19.0,654.5,5242.63,10.0,2.0,2.5,NR5G-SA,n79,-90,-90,-10,18,-999,9.7
2026-05-28 11:02:15.226,2026-05-28 11:17:01.569,22.6559522,114.5028440,50.1,10.0,0.00,337.1,0.0,21.8,654.5,5242.63,10.0,2.0,2.5,NR5G-SA,n79,-89,-89,-10,18,-999,14.9
2026-05-28 11:02:15.426,2026-05-28 11:17:01.769,22.6559729,114.5028345,50.1,9.9,0.03,337.1,16.6,21.8,652.0,5245.13,10.0,2.0,2.5,NR5G-SA,n79,-89,-89,-10,18,-999,7.4
2026-05-28 11:02:15.627,2026-05-28 11:17:01.969,22.6559936,114.5028249,50.1,10.0,0.01,337.2,16.6,21.8,649.5,5247.64,10.0,2.0,2.5,NR5G-SA,n79,-89,-89,-10,18,-999,6.2
2026-05-28 11:02:15.827,2026-05-28 11:17:02.169,22.6560141,114.5028154,50.1,9.9,0.01,337.2,16.6,21.8,647.0,5250.12,10.0,2.0,2.5,NR5G-SA,n79,-89,-89,-10,19,-999,5.2
2026-05-28 11:02:16.027,2026-05-28 11:17:02.169,22.6560347,114.5028058,50.1,9.9,0.03,337.3,16.6,21.8,644.5,5252.62,10.0,2.0,2.5,NR5G-SA,n79,-89,-89,-10,19,-999,11.0
2026-05-28 11:02:16.228,2026-05-28 11:17:02.569,22.6560347,114.5028058,50.1,9.9,0.03,337.3,16.6,23.2,644.5,5252.62,10.0,2.0,2.5,NR5G-SA,n79,-90,-90,-10,18,-999,17.3
2026-05-28 11:02:16.428,2026-05-28 11:17:02.769,22.6560554,114.5027963,50.1,10.0,0.00,337.3,42.2,23.2,642.0,5255.12,10.0,2.0,2.5,NR5G-SA,n79,-90,-90,-10,18,-999,12.1
2026-05-28 11:02:16.628,2026-05-28 11:17:02.969,22.6560760,114.5027867,50.1,9.9,-0.03,337.4,42.2,23.2,639.5,5257.61,10.0,2.0,2.5,NR5G-SA,n79,-90,-90,-10,18,-999,7.6
2026-05-28 11:02:16.828,2026-05-28 11:17:03.169,22.6560965,114.5027772,50.0,10.0,-0.04,337.6,42.2,23.2,637.1,5260.10,10.0,2.0,2.5,NR5G-SA,n79,-91,-91,-11,19,-999,6.5
2026-05-28 11:02:17.029,2026-05-28 11:17:03.169,22.6561172,114.5027677,50.0,10.0,-0.09,338.0,42.2,23.2,634.6,5262.60,10.0,2.0,2.5,NR5G-SA,n79,-91,-91,-11,19,-999,10.3
2026-05-28 11:02:17.229,2026-05-28 11:17:03.569,22.6561381,114.5027583,50.0,10.0,-0.09,338.2,42.2,24.1,632.0,5265.12,10.0,2.0,2.5,NR5G-SA,n79,-91,-91,-11,19,-999,14.0
2026-05-28 11:02:17.429,2026-05-28 11:17:03.769,22.6561381,114.5027583,50.0,10.0,-0.04,338.2,25.0,24.1,632.0,5265.12,10.0,2.0,2.5,NR5G-SA,n79,-94,-94,-11,18,-999,9.5
2026-05-28 11:02:17.630,2026-05-28 11:17:03.969,22.6561587,114.5027489,50.0,9.9,0.01,338.3,25.0,24.1,629.5,5267.61,10.0,2.0,2.5,NR5G-SA,n79,-94,-94,-11,18,-999,7.7
2026-05-28 11:02:17.830,2026-05-28 11:17:04.169,22.6561792,114.5027394,50.0,9.9,0.13,338.0,25.0,24.1,627.1,5270.09,10.0,2.0,2.5,NR5G-SA,n79,-94,-94,-11,18,-999,7.0
2026-05-28 11:02:18.030,2026-05-28 11:17:04.569,22.6561998,114.5027298,50.1,10.0,0.10,337.5,25.0,24.1,624.6,5272.58,10.0,2.0,2.5,NR5G-SA,n79,-89,-89,-10,18,-999,7.3
2026-05-28 11:02:18.231,2026-05-28 11:17:04.569,22.6562203,114.5027201,50.1,10.0,0.10,336.9,25.0,25.6,622.1,5275.07,10.0,2.0,2.5,NR5G-SA,n79,-89,-89,-10,18,-999,13.8
2026-05-28 11:02:18.431,2026-05-28 11:17:04.769,22.6562203,114.5027201,50.1,10.0,0.05,336.9,37.0,25.6,622.1,5275.07,10.0,2.0,2.5,NR5G-SA,n79,-90,-90,-10,18,-999,9.6
2026-05-28 11:02:18.631,2026-05-28 11:17:04.969,22.6562410,114.5027104,50.1,10.0,-0.00,336.5,37.0,25.6,619.6,5277.58,10.0,2.0,2.5,NR5G-SA,n79,-90,-90,-10,18,-999,7.4
2026-05-28 11:02:18.832,2026-05-28 11:17:05.169,22.6562618,114.5027006,50.0,10.0,-0.01,336.2,37.0,25.6,617.0,5280.11,10.0,2.0,2.5,NR5G-SA,n79,-90,-90,-10,18,-999,5.9
2026-05-28 11:02:19.032,2026-05-28 11:17:05.169,22.6562824,114.5026907,50.0,10.0,0.02,335.6,37.0,25.6,614.5,5282.62,10.0,2.0,2.5,NR5G-SA,n79,-98,-98,-11,18,-999,10.4
2026-05-28 11:02:19.232,2026-05-28 11:17:05.569,22.6562824,114.5026907,50.0,10.0,0.02,335.6,37.0,25.6,614.5,5282.62,10.0,2.0,2.5,NR5G-SA,n79,-98,-98,-11,18,-999,13.7
2026-05-28 11:02:19.433,2026-05-28 11:17:05.769,22.6563029,114.5026809,50.0,9.9,0.08,335.4,32.6,25.6,612.0,5285.11,10.0,2.0,2.5,NR5G-SA,n79,-98,-98,-11,18,-999,10.5
2026-05-28 11:02:19.633,2026-05-28 11:17:05.969,22.6563233,114.5026711,50.0,9.9,0.04,335.3,32.6,25.6,609.6,5287.60,10.0,2.0,2.5,NR5G-SA,n79,-92,-92,-11,18,-999,7.0
2026-05-28 11:02:19.833,2026-05-28 11:17:06.169,22.6563438,114.5026614,50.0,9.9,0.04,335.3,32.6,25.6,607.1,5290.09,10.0,2.0,2.5,NR5G-SA,n79,-92,-92,-11,18,-999,6.1
2026-05-28 11:02:20.034,2026-05-28 11:17:06.569,22.6563645,114.5026519,50.0,10.0,0.08,335.3,32.6,25.6,604.6,5292.59,10.0,2.0,2.5,NR5G-SA,n79,-92,-92,-11,18,-999,10.0
2026-05-28 11:02:20.234,2026-05-28 11:17:06.569,22.6563853,114.5026425,50.0,10.0,0.01,335.1,32.6,22.2,602.1,5295.10,10.0,2.0,2.5,NR5G-SA,n79,-96,-96,-11,19,-999,15.4
2026-05-28 11:02:20.434,2026-05-28 11:17:06.769,22.6563853,114.5026425,50.0,10.0,0.01,335.1,30.8,22.2,602.1,5295.10,10.0,2.0,2.5,NR5G-SA,n79,-96,-96,-11,19,-999,9.1
2026-05-28 11:02:20.635,2026-05-28 11:17:06.969,22.6564061,114.5026329,50.0,10.0,0.03,335.0,30.8,22.2,599.5,5297.61,10.0,2.0,2.5,NR5G-SA,n79,-91,-91,-10,19,-999,5.8
2026-05-28 11:02:20.835,2026-05-28 11:17:07.169,22.6564270,114.5026234,50.0,10.0,0.07,335.1,30.8,22.2,597.0,5300.14,10.0,2.0,2.5,NR5G-SA,n79,-91,-91,-10,19,-999,6.7
2026-05-28 11:02:21.035,2026-05-28 11:17:07.569,22.6564477,114.5026140,50.1,10.0,0.00,335.1,30.8,22.2,594.5,5302.64,10.0,2.0,2.5,NR5G-SA,n79,-91,-91,-10,19,-999,8.5
2026-05-28 11:02:21.236,2026-05-28 11:17:07.569,22.6564685,114.5026045,50.1,10.0,0.00,335.1,30.8,21.6,592.0,5305.15,10.0,2.0,2.5,NR5G-SA,n79,-95,-95,-11,19,-999,14.4
2026-05-28 11:02:21.436,2026-05-28 11:17:07.769,22.6564685,114.5026045,50.1,10.0,0.02,335.1,38.2,21.6,592.0,5305.15,10.0,2.0,2.5,NR5G-SA,n79,-95,-95,-11,19,-999,10.1
2026-05-28 11:02:21.636,2026-05-28 11:17:07.969,22.6564892,114.5025950,50.1,10.0,-0.02,335.2,38.2,21.6,589.5,5307.65,10.0,2.0,2.5,NR5G-SA,n79,-95,-95,-11,19,-999,6.8
2026-05-28 11:02:21.837,2026-05-28 11:17:08.169,22.6565099,114.5025854,50.1,9.9,-0.02,335.2,38.2,21.6,587.0,5310.16,10.0,2.0,2.5,NR5G-SA,n79,-98,-98,-11,19,-999,5.5
2026-05-28 11:02:22.037,2026-05-28 11:17:08.569,22.6565306,114.5025758,50.1,10.0,-0.03,335.2,38.2,21.6,584.5,5312.66,10.0,2.0,2.5,NR5G-SA,n79,-98,-98,-11,19,-999,5.5
2026-05-28 11:02:22.237,2026-05-28 11:17:08.569,22.6565512,114.5025663,50.1,10.0,0.03,335.4,38.2,21.6,582.0,5315.16,10.0,2.0,2.5,NR5G-SA,n79,-98,-98,-11,19,-999,13.4
2026-05-28 11:02:22.438,2026-05-28 11:17:08.769,22.6565512,114.5025663,50.1,10.0,0.03,335.4,23.4,22.4,582.0,5315.16,10.0,2.0,2.5,NR5G-SA,n79,-87,-87,-10,19,-999,9.8
2026-05-28 11:02:22.638,2026-05-28 11:17:08.969,22.6565719,114.5025567,50.1,10.0,-0.07,335.4,23.4,22.4,579.5,5317.66,10.0,2.0,2.5,NR5G-SA,n79,-87,-87,-10,19,-999,6.9
2026-05-28 11:02:22.838,2026-05-28 11:17:09.169,22.6565927,114.5025472,50.1,10.0,-0.02,335.5,23.4,22.4,577.0,5320.18,10.0,2.0,2.5,NR5G-SA,n79,-90,-90,-11,19,-999,5.0
2026-05-28 11:02:23.039,2026-05-28 11:17:09.569,22.6566135,114.5025377,50.1,9.9,-0.03,335.5,23.4,22.4,574.5,5322.69,10.0,2.0,2.5,NR5G-SA,n79,-90,-90,-11,19,-999,7.3
2026-05-28 11:02:23.239,2026-05-28 11:17:09.569,22.6566341,114.5025283,50.1,9.9,-0.01,335.6,23.4,22.4,572.0,5325.18,10.0,2.0,2.5,NR5G-SA,n79,-90,-90,-11,19,-999,11.8
2026-05-28 11:02:23.440,2026-05-28 11:17:09.769,22.6566341,114.5025283,50.1,9.9,-0.01,335.6,43.2,22.0,572.0,5325.18,10.0,2.0,2.5,NR5G-SA,n79,-95,-95,-11,18,-999,10.1
2026-05-28 11:02:23.640,2026-05-28 11:17:09.969,22.6566548,114.5025189,50.1,9.9,0.03,335.9,43.2,22.0,569.5,5327.68,10.0,2.0,2.5,NR5G-SA,n79,-95,-95,-11,18,-999,6.8
2026-05-28 11:02:23.840,2026-05-28 11:17:10.169,22.6566755,114.5025094,50.1,10.0,-0.01,336.1,43.2,22.0,567.0,5330.18,10.0,2.0,2.5,NR5G-SA,n79,-95,-95,-11,18,-999,6.7
2026-05-28 11:02:24.041,2026-05-28 11:17:10.569,22.6566962,114.5024999,50.1,10.0,-0.05,336.2,43.2,22.0,564.5,5332.68,10.0,2.0,2.5,NR5G-SA,n79,-87,-87,-10,19,-999,7.8
2026-05-28 11:02:24.241,2026-05-28 11:17:10.569,22.6567169,114.5024904,50.1,9.9,-0.06,336.5,43.2,22.0,562.0,5335.18,10.0,2.0,2.5,NR5G-SA,n79,-87,-87,-10,19,-999,7.9
2026-05-28 11:02:24.441,2026-05-28 11:17:10.769,22.6567169,114.5024904,50.1,9.9,-0.06,336.5,13.5,22.4,562.0,5335.18,10.0,2.0,2.5,NR5G-SA,n79,-87,-87,-10,19,-999,9.7
2026-05-28 11:02:24.642,2026-05-28 11:17:10.969,22.6567375,114.5024809,50.1,9.9,-0.07,336.8,13.5,22.4,559.5,5337.67,10.0,2.0,2.5,NR5G-SA,n79,-98,-98,-11,19,-999,5.9
2026-05-28 11:02:24.842,2026-05-28 11:17:11.169,22.6567580,114.5024715,50.1,9.9,-0.04,337.7,13.5,22.4,557.0,5340.15,10.0,2.0,2.5,NR5G-SA,n79,-98,-98,-11,19,-999,6.2
2026-05-28 11:02:25.042,2026-05-28 11:17:11.569,22.6567787,114.5024620,50.1,9.9,0.00,338.6,13.5,22.4,554.5,5342.66,10.0,2.0,2.5,NR5G-SA,n79,-98,-98,-11,19,-999,5.7
2026-05-28 11:02:25.243,2026-05-28 11:17:11.569,22.6567992,114.5024526,50.1,9.9,-0.03,339.1,13.5,22.4,552.0,5345.13,10.0,2.0,2.5,NR5G-SA,n79,-90,-90,-10,18,-999,12.6
2026-05-28 11:02:25.443,2026-05-28 11:17:11.769,22.6567992,114.5024526,50.1,9.9,-0.03,339.1,0.0,23.4,552.0,5345.13,10.0,2.0,2.5,NR5G-SA,n79,-90,-90,-10,18,-999,9.4
2026-05-28 11:02:25.643,2026-05-28 11:17:11.969,22.6568196,114.5024432,50.1,9.9,-0.15,339.7,0.0,23.4,549.6,5347.60,10.0,2.0,2.5,NR5G-SA,n79,-85,-85,-10,18,-999,5.6
2026-05-28 11:02:25.844,2026-05-28 11:17:12.169,22.6568401,114.5024336,50.1,9.9,-0.09,339.7,0.0,23.4,547.1,5350.09,10.0,2.0,2.5,NR5G-SA,n79,-85,-85,-10,18,-999,4.8
2026-05-28 11:02:26.044,2026-05-28 11:17:12.569,22.6568605,114.5024241,50.1,9.9,-0.15,339.6,0.0,23.4,544.6,5352.56,10.0,2.0,2.5,NR5G-SA,n79,-85,-85,-10,18,-999,6.6
2026-05-28 11:02:26.244,2026-05-28 11:17:12.569,22.6568811,114.5024145,50.0,9.9,-0.11,339.2,0.0,23.4,542.1,5355.05,10.0,2.0,2.5,NR5G-SA,n79,-87,-87,-10,18,-999,11.2
2026-05-28 11:02:26.445,2026-05-28 11:17:12.769,22.6568811,114.5024145,50.0,9.9,-0.11,339.2,2.3,23.8,542.1,5355.05,10.0,2.0,2.5,NR5G-SA,n79,-87,-87,-10,18,-999,10.6
2026-05-28 11:02:26.645,2026-05-28 11:17:12.969,22.6569016,114.5024048,50.0,9.9,-0.07,338.9,2.3,23.8,539.6,5357.54,10.0,2.0,2.5,NR5G-SA,n79,-87,-87,-10,18,-999,7.2
2026-05-28 11:02:26.845,2026-05-28 11:17:13.169,22.6569223,114.5023951,50.0,9.9,0.06,338.4,2.3,23.8,537.1,5360.06,10.0,2.0,2.5,NR5G-SA,n79,-90,-90,-10,18,-999,5.0
2026-05-28 11:02:27.046,2026-05-28 11:17:13.569,22.6569427,114.5023856,50.0,10.0,-0.02,338.1,2.3,23.8,534.6,5362.53,10.0,2.0,2.5,NR5G-SA,n79,-90,-90,-10,18,-999,5.4
2026-05-28 11:02:27.246,2026-05-28 11:17:13.569,22.6569635,114.5023761,50.0,10.0,0.02,337.9,2.3,23.8,532.1,5365.04,10.0,2.0,2.5,NR5G-SA,n79,-90,-90,-10,18,-999,11.1
2026-05-28 11:02:27.446,2026-05-28 11:17:13.769,22.6569635,114.5023761,50.0,10.0,0.02,337.9,0.0,23.8,532.1,5365.04,10.0,2.0,2.5,NR5G-SA,n79,-94,-94,-11,18,-999,11.5
2026-05-28 11:02:27.646,2026-05-28 11:17:13.969,22.6569844,114.5023667,50.0,10.0,0.04,337.8,0.0,23.8,529.6,5367.56,10.0,2.0,2.5,NR5G-SA,n79,-94,-94,-11,18,-999,5.8
2026-05-28 11:02:27.847,2026-05-28 11:17:14.169,22.6570052,114.5023574,50.0,10.0,0.03,337.9,0.0,23.8,527.1,5370.06,10.0,2.0,2.5,NR5G-SA,n79,-86,-86,-10,19,-999,7.1
2026-05-28 11:02:28.047,2026-05-28 11:17:14.569,22.6570259,114.5023480,50.0,10.0,-0.04,337.9,0.0,23.8,524.6,5372.56,10.0,2.0,2.5,NR5G-SA,n79,-86,-86,-10,19,-999,8.1
2026-05-28 11:02:28.247,2026-05-28 11:17:14.569,22.6570466,114.5023386,50.0,10.0,0.02,338.0,0.0,23.8,522.1,5375.06,10.0,2.0,2.5,NR5G-SA,n79,-86,-86,-10,19,-999,11.6
2026-05-28 11:02:28.448,2026-05-28 11:17:14.769,22.6570466,114.5023386,50.0,10.0,0.02,338.0,9.3,22.8,522.1,5375.06,10.0,2.0,2.5,NR5G-SA,n79,-89,-89,-10,19,-999,6.6
2026-05-28 11:02:28.648,2026-05-28 11:17:14.969,22.6570673,114.5023291,50.1,10.0,-0.00,338.0,9.3,22.8,519.6,5377.56,10.0,2.0,2.5,NR5G-SA,n79,-89,-89,-10,19,-999,8.2
2026-05-28 11:02:28.849,2026-05-28 11:17:15.169,22.6570880,114.5023194,50.1,10.0,-0.02,338.1,9.3,22.8,517.1,5380.07,10.0,2.0,2.5,NR5G-SA,n79,-89,-89,-10,19,-999,6.0
2026-05-28 11:02:29.049,2026-05-28 11:17:15.569,22.6571086,114.5023097,50.1,10.0,0.01,337.7,9.3,22.8,514.6,5382.57,10.0,2.0,2.5,NR5G-SA,n79,-88,-88,-10,19,-999,6.5
2026-05-28 11:02:29.249,2026-05-28 11:17:15.569,22.6571293,114.5022998,50.1,10.0,0.03,337.2,9.3,22.8,512.1,5385.09,10.0,2.0,2.5,NR5G-SA,n79,-88,-88,-10,19,-999,12.0
2026-05-28 11:02:29.449,2026-05-28 11:17:15.769,22.6571293,114.5022998,50.1,10.0,0.03,337.2,0.0,21.2,512.1,5385.09,10.0,2.0,2.5,NR5G-SA,n79,-88,-88,-10,19,-999,10.5
2026-05-28 11:02:29.650,2026-05-28 11:17:15.969,22.6571500,114.5022900,50.1,10.0,0.04,337.0,0.0,21.2,509.5,5387.61,10.0,2.0,2.5,NR5G-SA,n79,-95,-95,-11,19,-999,6.2
2026-05-28 11:02:29.850,2026-05-28 11:17:16.169,22.6571707,114.5022802,50.1,10.0,0.00,337.0,0.0,21.2,507.0,5390.12,10.0,2.0,2.5,NR5G-SA,n79,-95,-95,-11,19,-999,6.7
2026-05-28 11:02:30.050,2026-05-28 11:17:16.569,22.6571913,114.5022706,50.1,10.0,-0.00,336.9,0.0,21.2,504.5,5392.62,10.0,2.0,2.5,NR5G-SA,n79,-92,-92,-11,19,-999,8.9
2026-05-28 11:02:30.251,2026-05-28 11:17:16.569,22.6572121,114.5022611,50.0,10.0,0.04,336.9,0.0,21.2,502.0,5395.13,10.0,2.0,2.5,NR5G-SA,n79,-92,-92,-11,19,-999,11.7
2026-05-28 11:02:30.451,2026-05-28 11:17:16.769,22.6572121,114.5022611,50.0,10.0,0.04,336.9,32.3,21.2,502.0,5395.13,10.0,2.0,2.5,NR5G-SA,n79,-92,-92,-11,19,-999,10.0
2026-05-28 11:02:30.651,2026-05-28 11:17:16.969,22.6572329,114.5022516,50.0,10.0,-0.00,337.0,32.3,20.1,499.5,5397.64,10.0,2.0,2.5,NR5G-SA,n79,-92,-92,-10,19,-999,8.7
2026-05-28 11:02:30.852,2026-05-28 11:17:17.169,22.6572537,114.5022421,50.0,10.0,-0.01,337.1,32.3,20.1,497.0,5400.16,10.0,2.0,2.5,NR5G-SA,n79,-92,-92,-10,19,-999,7.0
2026-05-28 11:02:31.052,2026-05-28 11:17:17.569,22.6572744,114.5022325,50.0,10.0,-0.04,337.1,32.3,20.1,494.5,5402.66,10.0,2.0,2.5,NR5G-SA,n79,-92,-92,-10,19,-999,5.5
2026-05-28 11:02:31.252,2026-05-28 11:17:17.569,22.6572952,114.5022228,50.0,10.0,-0.01,337.0,32.3,20.1,492.0,5405.18,10.0,2.0,2.5,NR5G-SA,n79,-93,-93,-11,19,-999,10.0
2026-05-28 11:02:31.453,2026-05-28 11:17:17.769,22.6572952,114.5022228,50.0,10.0,-0.01,337.0,40.3,20.1,492.0,5405.18,10.0,2.0,2.5,NR5G-SA,n79,-93,-93,-11,19,-999,9.0
2026-05-28 11:02:31.653,2026-05-28 11:17:17.969,22.6573159,114.5022133,50.0,10.0,0.06,337.1,40.3,18.7,489.5,5407.69,10.0,2.0,2.5,NR5G-SA,n79,-93,-93,-11,19,-999,6.7
2026-05-28 11:02:31.853,2026-05-28 11:17:18.169,22.6573364,114.5022039,50.0,10.0,0.03,337.3,40.3,18.7,487.0,5410.16,10.0,2.0,2.5,NR5G-SA,n79,-89,-89,-11,18,-999,5.2
2026-05-28 11:02:32.053,2026-05-28 11:17:18.569,22.6573571,114.5021944,50.0,10.0,-0.04,337.5,40.3,18.7,484.5,5412.67,10.0,2.0,2.5,NR5G-SA,n79,-89,-89,-11,18,-999,7.1
2026-05-28 11:02:32.254,2026-05-28 11:17:18.569,22.6573779,114.5021850,50.0,10.0,-0.02,337.5,40.3,18.7,482.0,5415.18,10.0,2.0,2.5,NR5G-SA,n79,-95,-95,-11,18,-999,12.5
2026-05-28 11:02:32.454,2026-05-28 11:17:18.769,22.6573779,114.5021850,50.0,10.0,-0.02,337.5,27.3,18.7,482.0,5415.18,10.0,2.0,2.5,NR5G-SA,n79,-95,-95,-11,18,-999,12.4
2026-05-28 11:02:32.654,2026-05-28 11:17:18.969,22.6573986,114.5021755,50.0,10.0,-0.04,337.4,27.3,18.7,479.5,5417.68,10.0,2.0,2.5,NR5G-SA,n79,-95,-95,-11,18,-999,7.2
2026-05-28 11:02:32.855,2026-05-28 11:17:19.169,22.6574194,114.5021659,50.0,10.0,0.01,337.5,27.3,18.7,477.0,5420.19,10.0,2.0,2.5,NR5G-SA,n79,-93,-93,-11,18,-999,7.4
2026-05-28 11:02:33.055,2026-05-28 11:17:19.569,22.6574401,114.5021562,50.0,10.0,0.04,337.5,27.3,18.7,474.4,5422.70,10.0,2.0,2.5,NR5G-SA,n79,-93,-93,-11,18,-999,7.0
2026-05-28 11:02:33.255,2026-05-28 11:17:19.569,22.6574607,114.5021465,50.0,10.0,0.07,337.3,27.3,18.7,471.9,5425.21,10.0,2.0,2.5,NR5G-SA,n79,-93,-93,-11,18,-999,10.3
2026-05-28 11:02:33.455,2026-05-28 11:17:19.769,22.6574607,114.5021465,50.0,10.0,0.07,337.3,35.8,18.7,471.9,5425.21,10.0,2.0,2.5,NR5G-SA,n79,-85,-85,-10,19,-999,10.6
2026-05-28 11:02:33.656,2026-05-28 11:17:19.969,22.6574813,114.5021369,50.1,9.9,0.04,337.1,35.8,18.9,469.5,5427.70,10.0,2.0,2.5,NR5G-SA,n79,-85,-85,-10,19,-999,6.5
2026-05-28 11:02:33.856,2026-05-28 11:17:20.169,22.6575018,114.5021273,50.1,9.9,-0.04,337.4,35.8,18.9,467.0,5430.19,10.0,2.0,2.5,NR5G-SA,n79,-85,-85,-10,19,-999,7.0
2026-05-28 11:02:34.057,2026-05-28 11:17:20.569,22.6575224,114.5021178,50.1,9.9,-0.04,337.7,35.8,18.9,464.5,5432.68,10.0,2.0,2.5,NR5G-SA,n79,-93,-93,-10,19,-999,6.3
2026-05-28 11:02:34.257,2026-05-28 11:17:20.569,22.6575430,114.5021084,50.0,9.9,-0.07,337.9,35.8,18.9,462.0,5435.17,10.0,2.0,2.5,NR5G-SA,n79,-93,-93,-10,19,-999,9.7
2026-05-28 11:02:34.457,2026-05-28 11:17:20.769,22.6575430,114.5021084,50.0,9.9,-0.07,337.9,33.2,18.9,462.0,5435.17,10.0,2.0,2.5,NR5G-SA,n79,-88,-88,-10,19,-999,10.9
2026-05-28 11:02:34.657,2026-05-28 11:17:20.969,22.6575637,114.5020990,50.0,9.9,-0.03,338.1,33.2,18.9,459.5,5437.67,10.0,2.0,2.5,NR5G-SA,n79,-88,-88,-10,19,-999,5.1
2026-05-28 11:02:34.858,2026-05-28 11:17:21.169,22.6575843,114.5020896,50.0,9.9,-0.00,338.3,33.2,18.9,457.0,5440.15,10.0,2.0,2.5,NR5G-SA,n79,-88,-88,-10,19,-999,6.2
2026-05-28 11:02:35.058,2026-05-28 11:17:21.569,22.6576049,114.5020801,50.0,9.9,0.01,338.3,33.2,18.9,454.5,5442.65,10.0,2.0,2.5,NR5G-SA,n79,-94,-94,-11,19,-999,5.4
2026-05-28 11:02:35.258,2026-05-28 11:17:21.569,22.6576255,114.5020705,50.0,9.9,0.05,338.4,33.2,18.9,452.0,5445.14,10.0,2.0,2.5,NR5G-SA,n79,-94,-94,-11,19,-999,11.3
2026-05-28 11:02:35.459,2026-05-28 11:17:21.769,22.6576255,114.5020705,50.0,9.9,0.05,338.4,29.7,18.9,452.0,5445.14,10.0,2.0,2.5,NR5G-SA,n79,-94,-94,-11,19,-999,9.8
2026-05-28 11:02:35.659,2026-05-28 11:17:21.969,22.6576459,114.5020608,50.0,9.9,0.03,338.5,29.7,19.2,449.5,5447.62,10.0,2.0,2.5,NR5G-SA,n79,-96,-96,-11,19,-999,6.9
2026-05-28 11:02:35.859,2026-05-28 11:17:22.169,22.6576665,114.5020510,50.0,9.9,0.01,338.6,29.7,19.2,447.0,5450.13,10.0,2.0,2.5,NR5G-SA,n79,-96,-96,-11,19,-999,6.6
2026-05-28 11:02:36.060,2026-05-28 11:17:22.569,22.6576870,114.5020413,50.1,10.0,0.04,338.5,29.7,19.2,444.5,5452.62,10.0,2.0,2.5,NR5G-SA,n79,-96,-96,-11,19,-999,6.7
2026-05-28 11:02:36.260,2026-05-28 11:17:22.569,22.6577075,114.5020316,50.1,9.9,0.03,338.5,29.7,19.2,442.0,5455.11,10.0,2.0,2.5,NR5G-SA,n79,-92,-92,-10,19,-999,9.7
2026-05-28 11:02:36.460,2026-05-28 11:17:22.769,22.6577075,114.5020316,50.1,9.9,0.03,338.5,39.6,19.2,442.0,5455.11,10.0,2.0,2.5,NR5G-SA,n79,-92,-92,-10,19,-999,8.5
2026-05-28 11:02:36.661,2026-05-28 11:17:22.969,22.6577280,114.5020217,50.1,9.9,0.05,338.4,39.6,19.1,439.5,5457.61,10.0,2.0,2.5,NR5G-SA,n79,-85,-85,-10,19,-999,7.2
2026-05-28 11:02:36.861,2026-05-28 11:17:23.169,22.6577485,114.5020119,50.1,10.0,-0.05,338.3,39.6,19.1,437.1,5460.10,10.0,2.0,2.5,NR5G-SA,n79,-85,-85,-10,19,-999,8.0
2026-05-28 11:02:37.061,2026-05-28 11:17:23.569,22.6577691,114.5020021,50.1,10.0,-0.03,338.2,39.6,19.1,434.6,5462.60,10.0,2.0,2.5,NR5G-SA,n79,-85,-85,-10,19,-999,7.1
2026-05-28 11:02:37.262,2026-05-28 11:17:23.569,22.6577896,114.5019925,50.0,10.0,-0.03,338.2,39.6,19.1,432.1,5465.09,10.0,2.0,2.5,NR5G-SA,n79,-89,-89,-10,19,-999,10.7
2026-05-28 11:02:37.462,2026-05-28 11:17:23.769,22.6577896,114.5019925,50.0,10.0,-0.03,338.2,20.6,19.1,432.1,5465.09,10.0,2.0,2.5,NR5G-SA,n79,-89,-89,-10,19,-999,10.9
2026-05-28 11:02:37.662,2026-05-28 11:17:23.969,22.6578103,114.5019829,50.0,10.0,-0.01,338.3,20.6,17.2,429.6,5467.60,10.0,2.0,2.5,NR5G-SA,n79,-89,-89,-10,19,-999,6.6
2026-05-28 11:02:37.862,2026-05-28 11:17:24.169,22.6578311,114.5019734,50.0,10.0,-0.01,338.4,20.6,17.2,427.0,5470.11,10.0,2.0,2.5,NR5G-SA,n79,-86,-86,-10,19,-999,5.4
2026-05-28 11:02:38.063,2026-05-28 11:17:24.569,22.6578520,114.5019640,50.0,10.0,0.02,338.5,20.6,17.2,424.5,5472.63,10.0,2.0,2.5,NR5G-SA,n79,-86,-86,-10,19,-999,6.0
2026-05-28 11:02:38.263,2026-05-28 11:17:24.569,22.6578729,114.5019545,50.0,10.0,0.01,338.5,20.6,17.2,422.0,5475.15,10.0,2.0,2.5,NR5G-SA,n79,-86,-86,-10,19,-999,8.6
2026-05-28 11:02:38.463,2026-05-28 11:17:24.769,22.6578729,114.5019545,50.0,10.0,0.01,338.5,0.0,17.2,422.0,5475.15,10.0,2.0,2.5,NR5G-SA,n79,-94,-94,-11,19,-999,13.4
2026-05-28 11:02:38.664,2026-05-28 11:17:24.969,22.6578937,114.5019450,50.0,10.0,0.04,338.6,0.0,18.1,419.5,5477.66,10.0,2.0,2.5,NR5G-SA,n79,-94,-94,-11,19,-999,6.9
2026-05-28 11:02:38.864,2026-05-28 11:17:25.169,22.6579144,114.5019355,50.0,9.9,-0.01,338.7,0.0,18.1,417.0,5480.17,10.0,2.0,2.5,NR5G-SA,n79,-91,-91,-10,19,-999,6.2
2026-05-28 11:02:39.065,2026-05-28 11:17:25.569,22.6579350,114.5019260,50.1,10.0,0.02,338.7,0.0,18.1,414.5,5482.66,10.0,2.0,2.5,NR5G-SA,n79,-91,-91,-10,19,-999,5.4
2026-05-28 11:02:39.265,2026-05-28 11:17:25.569,22.6579556,114.5019165,50.1,9.9,-0.03,338.7,0.0,18.1,412.0,5485.15,10.0,2.0,2.5,NR5G-SA,n79,-91,-91,-10,19,-999,8.2
2026-05-28 11:02:39.465,2026-05-28 11:17:25.769,22.6579556,114.5019165,50.1,9.9,-0.03,338.7,11.8,18.1,412.0,5485.15,10.0,2.0,2.5,NR5G-SA,n79,-92,-92,-10,19,-999,15.4
2026-05-28 11:02:39.665,2026-05-28 11:17:25.969,22.6579762,114.5019068,50.1,10.0,0.03,338.7,11.8,18.1,409.5,5487.65,10.0,2.0,2.5,NR5G-SA,n79,-92,-92,-10,19,-999,6.3
2026-05-28 11:02:39.866,2026-05-28 11:17:26.169,22.6579968,114.5018972,50.1,10.0,-0.04,338.5,11.8,20.3,407.0,5490.15,10.0,2.0,2.5,NR5G-SA,n79,-92,-92,-10,19,-999,5.2
2026-05-28 11:02:40.066,2026-05-28 11:17:26.569,22.6580175,114.5018876,50.1,9.9,0.02,338.4,11.8,20.3,404.5,5492.65,10.0,2.0,2.5,NR5G-SA,n79,-95,-95,-11,19,-999,5.9
2026-05-28 11:02:40.267,2026-05-28 11:17:26.569,22.6580383,114.5018779,50.1,10.0,-0.02,338.6,11.8,20.3,402.0,5495.18,10.0,2.0,2.5,NR5G-SA,n79,-95,-95,-11,19,-999,8.8
2026-05-28 11:02:40.467,2026-05-28 11:17:26.769,22.6580383,114.5018779,50.1,10.0,-0.02,338.6,0.0,20.3,402.0,5495.18,10.0,2.0,2.5,NR5G-SA,n79,-95,-95,-11,19,-999,16.1
2026-05-28 11:02:40.667,2026-05-28 11:17:26.969,22.6580590,114.5018684,50.1,10.0,0.02,338.6,0.0,20.3,399.5,5497.68,10.0,2.0,2.5,NR5G-SA,n79,-98,-98,-11,19,-999,6.4
2026-05-28 11:02:40.867,2026-05-28 11:17:27.169,22.6580799,114.5018591,50.1,9.9,0.03,338.6,0.0,19.9,397.0,5500.19,10.0,2.0,2.5,NR5G-SA,n79,-98,-98,-11,19,-999,5.2
2026-05-28 11:02:41.068,2026-05-28 11:17:27.569,22.6581006,114.5018497,50.1,10.0,-0.03,338.6,0.0,19.9,394.5,5502.69,10.0,2.0,2.5,NR5G-SA,n79,-98,-98,-11,19,-999,6.5
2026-05-28 11:02:41.268,2026-05-28 11:17:27.769,22.6581213,114.5018402,50.1,9.9,-0.04,338.6,0.0,19.9,392.0,5505.19,10.0,2.0,2.5,NR5G-SA,n79,-97,-97,-11,19,-999,7.9
2026-05-28 11:02:41.468,2026-05-28 11:17:27.769,22.6581213,114.5018402,50.1,9.9,-0.04,338.6,1.5,19.9,392.0,5505.19,10.0,2.0,2.5,NR5G-SA,n79,-97,-97,-11,19,-999,14.0
2026-05-28 11:02:41.668,2026-05-28 11:17:27.969,22.6581420,114.5018307,50.1,10.0,-0.04,338.5,1.5,19.9,389.5,5507.70,10.0,2.0,2.5,NR5G-SA,n79,-92,-92,-11,20,-999,7.5
2026-05-28 11:02:41.869,2026-05-28 11:17:28.169,22.6581625,114.5018212,50.1,10.0,0.01,338.4,1.5,22.1,387.0,5510.18,10.0,2.0,2.5,NR5G-SA,n79,-92,-92,-11,20,-999,6.3
2026-05-28 11:02:42.069,2026-05-28 11:17:28.569,22.6581832,114.5018116,50.1,9.9,-0.03,338.3,1.5,22.1,384.5,5512.68,10.0,2.0,2.5,NR5G-SA,n79,-92,-92,-11,20,-999,7.1
2026-05-28 11:02:42.270,2026-05-28 11:17:28.569,22.6582039,114.5018021,50.1,9.9,0.02,338.2,1.5,22.1,382.0,5515.19,10.0,2.0,2.5,NR5G-SA,n79,-95,-95,-11,20,-999,8.1
2026-05-28 11:02:42.470,2026-05-28 11:17:28.769,22.6582039,114.5018021,50.1,9.9,0.02,338.2,0.0,22.1,382.0,5515.19,10.0,2.0,2.5,NR5G-SA,n79,-95,-95,-11,20,-999,9.4
2026-05-28 11:02:42.670,2026-05-28 11:17:28.969,22.6582247,114.5017925,50.1,10.0,-0.04,338.1,0.0,22.1,379.5,5517.70,10.0,2.0,2.5,NR5G-SA,n79,-95,-95,-11,20,-999,5.7
2026-05-28 11:02:42.870,2026-05-28 11:17:29.169,22.6582453,114.5017828,50.1,9.9,-0.10,338.1,0.0,23.5,377.0,5520.20,10.0,2.0,2.5,NR5G-SA,n79,-94,-94,-10,20,-999,6.3
2026-05-28 11:02:43.071,2026-05-28 11:17:29.569,22.6582658,114.5017730,50.1,9.9,-0.07,338.1,0.0,23.5,374.5,5522.70,10.0,2.0,2.5,NR5G-SA,n79,-94,-94,-10,20,-999,5.3
2026-05-28 11:02:43.271,2026-05-28 11:17:29.569,22.6582865,114.5017633,50.1,9.9,-0.03,338.0,0.0,23.5,371.9,5525.21,10.0,2.0,2.5,NR5G-SA,n79,-94,-94,-10,20,-999,9.8
2026-05-28 11:02:43.471,2026-05-28 11:17:29.769,22.6582865,114.5017633,50.1,9.9,-0.03,338.0,11.0,23.5,371.9,5525.21,10.0,2.0,2.5,NR5G-SA,n79,-92,-92,-10,20,-999,14.0
2026-05-28 11:02:43.672,2026-05-28 11:17:29.969,22.6583072,114.5017536,50.1,10.0,-0.03,337.9,11.0,23.5,369.4,5527.72,10.0,2.0,2.5,NR5G-SA,n79,-92,-92,-10,20,-999,6.4
2026-05-28 11:02:43.872,2026-05-28 11:17:30.169,22.6583279,114.5017440,50.1,9.9,-0.03,337.9,11.0,25.0,366.9,5530.23,10.0,2.0,2.5,NR5G-SA,n79,-87,-87,-10,19,-999,5.8
2026-05-28 11:02:44.072,2026-05-28 11:17:30.569,22.6583485,114.5017344,50.1,9.9,-0.06,337.9,11.0,25.0,364.4,5532.72,10.0,2.0,2.5,NR5G-SA,n79,-87,-87,-10,19,-999,4.6
2026-05-28 11:02:44.273,2026-05-28 11:17:30.569,22.6583692,114.5017247,50.1,9.9,-0.05,337.8,11.0,25.0,361.9,5535.23,10.0,2.0,2.5,NR5G-SA,n79,-87,-87,-10,19,-999,8.1
2026-05-28 11:02:44.473,2026-05-28 11:17:30.769,22.6583899,114.5017151,50.1,9.9,-0.05,337.7,0.0,25.0,359.4,5537.74,10.0,2.0,2.5,NR5G-SA,n79,-95,-95,-11,20,-999,13.3
2026-05-28 11:02:44.673,2026-05-28 11:17:30.969,22.6583899,114.5017151,50.1,9.9,-0.07,337.7,0.0,25.0,359.4,5537.74,10.0,2.0,2.5,NR5G-SA,n79,-95,-95,-11,20,-999,6.9
2026-05-28 11:02:44.874,2026-05-28 11:17:31.169,22.6584105,114.5017055,50.1,9.9,-0.10,337.6,0.0,23.9,356.9,5540.24,10.0,2.0,2.5,NR5G-SA,n79,-95,-95,-11,20,-999,5.5
2026-05-28 11:02:45.074,2026-05-28 11:17:31.569,22.6584310,114.5016958,50.1,9.9,-0.10,337.6,0.0,23.9,354.4,5542.73,10.0,2.0,2.5,NR5G-SA,n79,-96,-96,-11,20,-999,6.4
2026-05-28 11:02:45.274,2026-05-28 11:17:31.569,22.6584515,114.5016863,50.1,9.9,-0.05,337.6,0.0,23.9,351.9,5545.21,10.0,2.0,2.5,NR5G-SA,n79,-96,-96,-11,20,-999,10.3
2026-05-28 11:02:45.475,2026-05-28 11:17:31.769,22.6584515,114.5016863,50.1,9.9,-0.05,337.6,22.1,23.9,351.9,5545.21,10.0,2.0,2.5,NR5G-SA,n79,-96,-96,-11,20,-999,11.7
2026-05-28 11:02:45.675,2026-05-28 11:17:31.969,22.6584722,114.5016767,50.1,9.9,-0.02,337.7,22.1,23.9,349.4,5547.71,10.0,2.0,2.5,NR5G-SA,n79,-98,-98,-11,21,-999,5.6
2026-05-28 11:02:45.875,2026-05-28 11:17:32.169,22.6584929,114.5016673,50.1,10.0,0.04,337.7,22.1,25.1,346.9,5550.21,10.0,2.0,2.5,NR5G-SA,n79,-98,-98,-11,21,-999,4.9
2026-05-28 11:02:46.076,2026-05-28 11:17:32.569,22.6585137,114.5016577,50.0,10.0,-0.08,337.8,22.1,25.1,344.4,5552.73,10.0,2.0,2.5,NR5G-SA,n79,-98,-98,-11,21,-999,9.1
2026-05-28 11:02:46.276,2026-05-28 11:17:32.769,22.6585343,114.5016482,50.0,9.9,-0.01,337.8,22.1,25.1,341.9,5555.22,10.0,2.0,2.5,NR5G-SA,n79,-85,-85,-10,20,-999,7.6
2026-05-28 11:02:46.477,2026-05-28 11:17:32.769,22.6585551,114.5016387,50.0,9.9,-0.01,338.1,38.2,25.1,339.4,5557.73,10.0,2.0,2.5,NR5G-SA,n79,-85,-85,-10,20,-999,14.0
2026-05-28 11:02:46.677,2026-05-28 11:17:32.969,22.6585551,114.5016387,50.0,9.9,-0.04,338.1,38.2,25.1,339.4,5557.73,10.0,2.0,2.5,NR5G-SA,n79,-95,-95,-11,20,-999,6.6
2026-05-28 11:02:46.877,2026-05-28 11:17:33.169,22.6585757,114.5016293,50.0,9.9,-0.02,338.3,38.2,25.0,336.9,5560.22,10.0,2.0,2.5,NR5G-SA,n79,-95,-95,-11,20,-999,5.7
2026-05-28 11:02:47.078,2026-05-28 11:17:33.569,22.6585963,114.5016198,50.0,9.9,-0.03,338.4,38.2,25.0,334.4,5562.71,10.0,2.0,2.5,NR5G-SA,n79,-95,-95,-11,20,-999,6.5
2026-05-28 11:02:47.278,2026-05-28 11:17:33.769,22.6586170,114.5016104,50.0,9.9,-0.01,338.6,38.2,25.0,331.9,5565.21,10.0,2.0,2.5,NR5G-SA,n79,-91,-91,-10,20,-999,7.7
2026-05-28 11:02:47.478,2026-05-28 11:17:33.769,22.6586377,114.5016009,50.0,10.0,0.07,338.7,29.2,25.0,329.4,5567.72,10.0,2.0,2.5,NR5G-SA,n79,-91,-91,-10,20,-999,13.2
2026-05-28 11:02:47.679,2026-05-28 11:17:33.969,22.6586377,114.5016009,50.0,10.0,0.07,338.7,29.2,25.0,329.4,5567.72,10.0,2.0,2.5,NR5G-SA,n79,-91,-91,-10,20,-999,6.6
2026-05-28 11:02:47.879,2026-05-28 11:17:34.169,22.6586585,114.5015914,50.0,10.0,0.01,338.6,29.2,25.0,326.9,5570.23,10.0,2.0,2.5,NR5G-SA,n79,-94,-94,-11,19,-999,4.8
2026-05-28 11:02:48.079,2026-05-28 11:17:34.569,22.6586791,114.5015818,50.1,10.0,-0.01,338.5,29.2,24.5,324.4,5572.72,10.0,2.0,2.5,NR5G-SA,n79,-94,-94,-11,19,-999,6.5
2026-05-28 11:02:48.280,2026-05-28 11:17:34.769,22.6586997,114.5015722,50.1,9.9,-0.01,338.6,29.2,24.5,321.9,5575.22,10.0,2.0,2.5,NR5G-SA,n79,-90,-90,-10,20,-999,7.0
2026-05-28 11:02:48.480,2026-05-28 11:17:34.769,22.6587202,114.5015626,50.0,10.0,0.04,338.6,33.9,24.5,319.5,5577.71,10.0,2.0,2.5,NR5G-SA,n79,-90,-90,-10,20,-999,11.9
2026-05-28 11:02:48.680,2026-05-28 11:17:34.969,22.6587202,114.5015626,50.0,10.0,0.04,338.6,33.9,24.5,319.5,5577.71,10.0,2.0,2.5,NR5G-SA,n79,-90,-90,-10,20,-999,8.5
2026-05-28 11:02:48.881,2026-05-28 11:17:35.169,22.6587408,114.5015530,50.0,10.0,-0.03,338.6,33.9,24.5,317.0,5580.20,10.0,2.0,2.5,NR5G-SA,n79,-94,-94,-11,20,-999,4.6
2026-05-28 11:02:49.081,2026-05-28 11:17:35.569,22.6587613,114.5015434,50.0,9.9,0.03,338.5,33.9,25.6,314.5,5582.69,10.0,2.0,2.5,NR5G-SA,n79,-94,-94,-11,20,-999,6.4
2026-05-28 11:02:49.281,2026-05-28 11:17:35.769,22.6587819,114.5015337,50.0,10.0,0.05,338.4,33.9,25.6,312.0,5585.19,10.0,2.0,2.5,NR5G-SA,n79,-94,-94,-11,20,-999,5.5
2026-05-28 11:02:49.482,2026-05-28 11:17:35.769,22.6588025,114.5015240,50.0,10.0,0.05,338.2,35.7,25.6,309.5,5587.69,10.0,2.0,2.5,NR5G-SA,n79,-98,-98,-11,20,-999,15.3
2026-05-28 11:02:49.682,2026-05-28 11:17:35.969,22.6588025,114.5015240,50.0,10.0,0.02,338.2,35.7,25.6,309.5,5587.69,10.0,2.0,2.5,NR5G-SA,n79,-98,-98,-11,20,-999,7.3
2026-05-28 11:02:49.882,2026-05-28 11:17:36.169,22.6588233,114.5015143,50.1,10.0,0.03,337.9,35.7,25.6,306.9,5590.21,10.0,2.0,2.5,NR5G-SA,n79,-98,-98,-11,20,-999,5.3
2026-05-28 11:02:50.082,2026-05-28 11:17:36.569,22.6588440,114.5015048,50.1,9.9,0.05,337.8,35.7,25.8,304.4,5592.71,10.0,2.0,2.5,NR5G-SA,n79,-90,-90,-10,21,-999,5.9
2026-05-28 11:02:50.283,2026-05-28 11:17:36.569,22.6588646,114.5014953,50.0,10.0,-0.02,337.8,35.7,25.8,302.0,5595.20,10.0,2.0,2.5,NR5G-SA,n79,-90,-90,-10,21,-999,7.8
2026-05-28 11:02:50.483,2026-05-28 11:17:36.769,22.6588852,114.5014858,50.0,10.0,0.04,338.0,27.1,25.8,299.5,5597.70,10.0,2.0,2.5,NR5G-SA,n79,-89,-89,-11,21,-999,12.0
2026-05-28 11:02:50.684,2026-05-28 11:17:36.969,22.6588852,114.5014858,50.0,10.0,0.04,338.0,27.1,25.8,299.5,5597.70,10.0,2.0,2.5,NR5G-SA,n79,-89,-89,-11,21,-999,6.3
2026-05-28 11:02:50.884,2026-05-28 11:17:37.169,22.6589061,114.5014764,50.0,10.0,-0.03,338.0,27.1,25.8,296.9,5600.22,10.0,2.0,2.5,NR5G-SA,n79,-89,-89,-11,21,-999,6.5
2026-05-28 11:02:51.084,2026-05-28 11:17:37.569,22.6589269,114.5014669,50.0,10.0,-0.01,337.7,27.1,24.8,294.4,5602.73,10.0,2.0,2.5,NR5G-SA,n79,-91,-91,-11,21,-999,6.4
2026-05-28 11:02:51.285,2026-05-28 11:17:37.769,22.6589476,114.5014574,50.0,10.0,0.02,337.7,27.1,24.8,291.9,5605.23,10.0,2.0,2.5,NR5G-SA,n79,-91,-91,-11,21,-999,6.8
2026-05-28 11:02:51.485,2026-05-28 11:17:37.769,22.6589683,114.5014478,50.0,10.0,0.01,337.6,40.7,24.8,289.4,5607.74,10.0,2.0,2.5,NR5G-SA,n79,-91,-91,-11,21,-999,12.3
2026-05-28 11:02:51.686,2026-05-28 11:17:37.969,22.6589683,114.5014478,50.0,10.0,0.01,337.6,40.7,24.8,289.4,5607.74,10.0,2.0,2.5,NR5G-SA,n79,-91,-91,-10,21,-999,6.2
2026-05-28 11:02:51.886,2026-05-28 11:17:38.169,22.6589890,114.5014382,50.0,9.9,-0.01,337.7,40.7,24.8,286.9,5610.24,10.0,2.0,2.5,NR5G-SA,n79,-91,-91,-10,21,-999,5.8
2026-05-28 11:02:52.086,2026-05-28 11:17:38.569,22.6590097,114.5014285,50.0,9.9,0.03,337.7,40.7,24.3,284.4,5612.75,10.0,2.0,2.5,NR5G-SA,n79,-91,-91,-10,21,-999,4.4
2026-05-28 11:02:52.287,2026-05-28 11:17:38.769,22.6590304,114.5014188,50.0,10.0,0.01,337.6,40.7,24.3,281.9,5615.27,10.0,2.0,2.5,NR5G-SA,n79,-92,-92,-10,21,-999,7.2
2026-05-28 11:02:52.487,2026-05-28 11:17:38.769,22.6590509,114.5014092,50.0,10.0,0.07,337.6,40.7,24.3,279.4,5617.75,10.0,2.0,2.5,NR5G-SA,n79,-92,-92,-10,21,-999,11.2
2026-05-28 11:02:52.687,2026-05-28 11:17:38.969,22.6590509,114.5014092,50.0,10.0,0.07,337.6,19.0,24.3,279.4,5617.75,10.0,2.0,2.5,NR5G-SA,n79,-93,-93,-11,21,-999,5.8
2026-05-28 11:02:52.888,2026-05-28 11:17:39.169,22.6590715,114.5013995,50.0,10.0,-0.01,337.6,19.0,24.3,276.9,5620.25,10.0,2.0,2.5,NR5G-SA,n79,-93,-93,-11,21,-999,5.5
2026-05-28 11:02:53.088,2026-05-28 11:17:39.569,22.6590921,114.5013898,50.0,10.0,0.03,337.7,19.0,23.8,274.4,5622.75,10.0,2.0,2.5,NR5G-SA,n79,-93,-93,-11,21,-999,7.2
2026-05-28 11:02:53.289,2026-05-28 11:17:39.769,22.6591129,114.5013802,50.0,10.0,-0.03,337.9,19.0,23.8,271.9,5625.27,10.0,2.0,2.5,NR5G-SA,n79,-94,-94,-11,21,-999,7.7
2026-05-28 11:02:53.489,2026-05-28 11:17:39.769,22.6591337,114.5013706,50.0,10.0,0.07,337.9,0.0,23.8,269.4,5627.79,10.0,2.0,2.5,NR5G-SA,n79,-94,-94,-11,21,-999,9.4
2026-05-28 11:02:53.689,2026-05-28 11:17:39.969,22.6591337,114.5013706,50.0,10.0,0.07,337.9,0.0,23.8,269.4,5627.79,10.0,2.0,2.5,NR5G-SA,n79,-94,-94,-11,21,-999,6.7
2026-05-28 11:02:53.890,2026-05-28 11:17:40.169,22.6591545,114.5013611,50.0,10.0,0.06,337.8,0.0,23.8,266.9,5630.30,10.0,2.0,2.5,NR5G-SA,n79,-93,-93,-10,21,-999,5.5
2026-05-28 11:02:54.090,2026-05-28 11:17:40.569,22.6591752,114.5013516,50.0,9.9,0.10,337.9,0.0,20.4,264.4,5632.80,10.0,2.0,2.5,NR5G-SA,n79,-93,-93,-10,21,-999,5.7
2026-05-28 11:02:54.290,2026-05-28 11:17:40.769,22.6591959,114.5013420,50.0,9.9,0.09,337.8,0.0,20.4,261.9,5635.31,10.0,2.0,2.5,NR5G-SA,n79,-93,-93,-10,21,-999,7.4
2026-05-28 11:02:54.490,2026-05-28 11:17:40.769,22.6592164,114.5013325,50.0,9.9,0.15,337.8,8.6,20.4,259.4,5637.79,10.0,2.0,2.5,NR5G-SA,n79,-97,-97,-11,21,-999,10.2
2026-05-28 11:02:54.691,2026-05-28 11:17:40.969,22.6592164,114.5013325,50.0,9.9,0.15,337.8,8.6,20.4,259.4,5637.79,10.0,2.0,2.5,NR5G-SA,n79,-97,-97,-11,21,-999,8.6
2026-05-28 11:02:54.891,2026-05-28 11:17:41.169,22.6592370,114.5013230,50.0,9.9,0.08,337.8,8.6,20.4,256.9,5640.28,10.0,2.0,2.5,NR5G-SA,n79,-97,-97,-11,21,-999,6.3
2026-05-28 11:02:55.092,2026-05-28 11:17:41.569,22.6592575,114.5013134,50.0,9.9,0.08,337.8,8.6,19.1,254.4,5642.77,10.0,2.0,2.5,NR5G-SA,n79,-94,-94,-11,21,-999,6.1
2026-05-28 11:02:55.292,2026-05-28 11:17:41.769,22.6592782,114.5013039,50.0,9.9,0.10,337.9,8.6,19.1,251.9,5645.27,10.0,2.0,2.5,NR5G-SA,n79,-94,-94,-11,21,-999,7.7
2026-05-28 11:02:55.492,2026-05-28 11:17:41.769,22.6592988,114.5012945,50.0,9.9,0.07,338.1,0.0,19.1,249.4,5647.76,10.0,2.0,2.5,NR5G-SA,n79,-92,-92,-10,21,-999,11.9
2026-05-28 11:02:55.693,2026-05-28 11:17:41.969,22.6592988,114.5012945,50.0,9.9,0.07,338.1,0.0,19.1,249.4,5647.76,10.0,2.0,2.5,NR5G-SA,n79,-92,-92,-10,21,-999,8.1
2026-05-28 11:02:55.893,2026-05-28 11:17:42.169,22.6593195,114.5012850,50.0,10.0,0.09,337.9,0.0,19.1,246.9,5650.26,10.0,2.0,2.5,NR5G-SA,n79,-92,-92,-10,21,-999,5.1
2026-05-28 11:02:56.093,2026-05-28 11:17:42.569,22.6593403,114.5012756,50.0,10.0,0.08,337.8,0.0,19.1,244.4,5652.77,10.0,2.0,2.5,NR5G-SA,n79,-92,-92,-11,21,-999,5.1
2026-05-28 11:02:56.294,2026-05-28 11:17:42.769,22.6593610,114.5012661,50.0,10.0,0.10,337.7,0.0,18.1,241.9,5655.27,10.0,2.0,2.5,NR5G-SA,n79,-92,-92,-11,21,-999,6.2
2026-05-28 11:02:56.494,2026-05-28 11:17:42.769,22.6593818,114.5012566,50.0,10.0,0.14,337.4,0.0,18.1,239.4,5657.78,10.0,2.0,2.5,NR5G-SA,n79,-92,-92,-11,21,-999,9.6
2026-05-28 11:02:56.695,2026-05-28 11:17:42.969,22.6593818,114.5012566,50.0,10.0,0.14,337.4,3.0,18.1,239.4,5657.78,10.0,2.0,2.5,NR5G-SA,n79,-92,-92,-11,21,-999,7.4
2026-05-28 11:02:56.895,2026-05-28 11:17:43.169,22.6594025,114.5012469,50.0,9.9,0.10,337.1,3.0,18.1,236.9,5660.29,10.0,2.0,2.5,NR5G-SA,n79,-92,-92,-11,21,-999,5.4
2026-05-28 11:02:57.095,2026-05-28 11:17:43.569,22.6594231,114.5012372,50.1,9.9,0.07,337.1,3.0,18.1,234.4,5662.79,10.0,2.0,2.5,NR5G-SA,n79,-92,-92,-11,21,-999,7.6
2026-05-28 11:02:57.296,2026-05-28 11:17:43.769,22.6594435,114.5012273,50.1,9.9,0.08,336.9,3.0,16.5,231.9,5665.28,10.0,2.0,2.5,NR5G-SA,n79,-94,-94,-11,21,-999,6.8
2026-05-28 11:02:57.496,2026-05-28 11:17:43.769,22.6594639,114.5012175,50.1,9.9,0.03,336.9,3.0,16.5,229.4,5667.77,10.0,2.0,2.5,NR5G-SA,n79,-94,-94,-11,21,-999,11.0
2026-05-28 11:02:57.697,2026-05-28 11:17:43.969,22.6594639,114.5012175,50.1,9.9,0.03,336.9,0.0,16.5,229.4,5667.77,10.0,2.0,2.5,NR5G-SA,n79,-92,-92,-10,21,-999,7.9
2026-05-28 11:02:57.897,2026-05-28 11:17:44.169,22.6594843,114.5012079,50.1,9.9,-0.01,336.9,0.0,16.5,226.9,5670.24,10.0,2.0,2.5,NR5G-SA,n79,-92,-92,-10,21,-999,8.5
2026-05-28 11:02:58.097,2026-05-28 11:17:44.569,22.6595049,114.5011984,50.1,9.9,-0.02,336.9,0.0,16.5,224.4,5672.74,10.0,2.0,2.5,NR5G-SA,n79,-92,-92,-10,21,-999,3.9
2026-05-28 11:02:58.298,2026-05-28 11:17:44.769,22.6595256,114.5011889,50.0,10.0,0.01,336.7,0.0,16.1,221.9,5675.24,10.0,2.0,2.5,NR5G-SA,n79,-91,-91,-11,22,-999,6.6
2026-05-28 11:02:58.498,2026-05-28 11:17:44.769,22.6595463,114.5011794,50.0,10.0,0.01,336.5,0.0,16.1,219.4,5677.74,10.0,2.0,2.5,NR5G-SA,n79,-91,-91,-11,22,-999,10.5
2026-05-28 11:02:58.699,2026-05-28 11:17:44.969,22.6595463,114.5011794,50.0,10.0,0.01,336.5,14.9,16.1,219.4,5677.74,10.0,2.0,2.5,NR5G-SA,n79,-91,-91,-11,22,-999,6.6
2026-05-28 11:02:58.899,2026-05-28 11:17:45.169,22.6595672,114.5011697,50.0,10.0,0.06,336.4,14.9,16.1,216.9,5680.27,10.0,2.0,2.5,NR5G-SA,n79,-96,-96,-11,22,-999,5.2
2026-05-28 11:02:59.099,2026-05-28 11:17:45.569,22.6595880,114.5011601,50.0,10.0,0.04,336.5,14.9,16.1,214.4,5682.79,10.0,2.0,2.5,NR5G-SA,n79,-96,-96,-11,22,-999,6.3
2026-05-28 11:02:59.300,2026-05-28 11:17:45.769,22.6596087,114.5011506,50.0,9.9,0.06,336.6,14.9,18.8,211.9,5685.29,10.0,2.0,2.5,NR5G-SA,n79,-96,-96,-11,22,-999,6.6
2026-05-28 11:02:59.500,2026-05-28 11:17:45.969,22.6596294,114.5011411,50.0,9.9,0.01,336.8,41.3,18.8,209.4,5687.79,10.0,2.0,2.5,NR5G-SA,n79,-92,-92,-11,22,-999,6.4
2026-05-28 11:02:59.701,2026-05-28 11:17:45.969,22.6596294,114.5011411,50.0,9.9,0.01,336.8,41.3,18.8,209.4,5687.79,10.0,2.0,2.5,NR5G-SA,n79,-92,-92,-11,22,-999,6.4
2026-05-28 11:02:59.901,2026-05-28 11:17:46.169,22.6596502,114.5011316,50.0,10.0,0.03,336.8,41.3,18.8,206.9,5690.31,10.0,2.0,2.5,NR5G-SA,n79,-91,-91,-11,21,-999,8.0
2026-05-28 11:03:00.101,2026-05-28 11:17:46.569,22.6596709,114.5011219,50.0,9.9,0.06,336.8,41.3,18.8,204.3,5692.82,10.0,2.0,2.5,NR5G-SA,n79,-91,-91,-11,21,-999,5.4
2026-05-28 11:03:00.302,2026-05-28 11:17:46.769,22.6596916,114.5011122,50.1,10.0,0.04,336.8,41.3,18.9,201.8,5695.33,10.0,2.0,2.5,NR5G-SA,n79,-91,-91,-11,21,-999,5.8
2026-05-28 11:03:00.502,2026-05-28 11:17:46.769,22.6597122,114.5011026,50.1,10.0,-0.00,336.6,41.3,18.9,199.3,5697.82,10.0,2.0,2.5,NR5G-SA,n79,-88,-88,-10,22,-999,9.8
2026-05-28 11:03:00.703,2026-05-28 11:17:46.969,22.6597122,114.5011026,50.1,10.0,-0.00,336.6,24.4,18.9,199.3,5697.82,10.0,2.0,2.5,NR5G-SA,n79,-88,-88,-10,22,-999,7.1
2026-05-28 11:03:00.903,2026-05-28 11:17:47.169,22.6597329,114.5010930,50.1,10.0,-0.06,336.4,24.4,18.9,196.8,5700.33,10.0,2.0,2.5,NR5G-SA,n79,-88,-88,-10,22,-999,6.3
2026-05-28 11:03:01.103,2026-05-28 11:17:47.569,22.6597535,114.5010834,50.1,10.0,-0.07,336.2,24.4,18.9,194.3,5702.83,10.0,2.0,2.5,NR5G-SA,n79,-87,-87,-10,21,-999,6.0
2026-05-28 11:03:01.304,2026-05-28 11:17:47.769,22.6597743,114.5010737,50.1,9.9,0.01,336.0,24.4,19.4,191.8,5705.35,10.0,2.0,2.5,NR5G-SA,n79,-87,-87,-10,21,-999,4.9
2026-05-28 11:03:01.504,2026-05-28 11:17:47.769,22.6597949,114.5010641,50.1,9.9,-0.00,335.7,24.4,19.4,189.3,5707.84,10.0,2.0,2.5,NR5G-SA,n79,-87,-87,-10,21,-999,10.2
2026-05-28 11:03:01.704,2026-05-28 11:17:47.969,22.6597949,114.5010641,50.1,9.9,-0.00,335.7,38.8,19.4,189.3,5707.84,10.0,2.0,2.5,NR5G-SA,n79,-94,-94,-11,21,-999,11.1
2026-05-28 11:03:01.905,2026-05-28 11:17:48.169,22.6598155,114.5010544,50.1,10.0,-0.09,335.5,38.8,19.4,186.8,5710.34,10.0,2.0,2.5,NR5G-SA,n79,-94,-94,-11,21,-999,6.8
2026-05-28 11:03:02.105,2026-05-28 11:17:48.569,22.6598362,114.5010448,50.1,10.0,-0.07,335.4,38.8,19.4,184.3,5712.85,10.0,2.0,2.5,NR5G-SA,n79,-87,-87,-11,22,-999,7.2
2026-05-28 11:03:02.305,2026-05-28 11:17:48.769,22.6598570,114.5010352,50.1,9.9,-0.06,335.5,38.8,19.9,181.8,5715.37,10.0,2.0,2.5,NR5G-SA,n79,-87,-87,-11,22,-999,6.2
2026-05-28 11:03:02.506,2026-05-28 11:17:48.769,22.6598778,114.5010257,50.1,10.0,-0.05,336.0,31.0,19.9,179.3,5717.88,10.0,2.0,2.5,NR5G-SA,n79,-87,-87,-11,22,-999,11.0
2026-05-28 11:03:02.706,2026-05-28 11:17:48.969,22.6598778,114.5010257,50.1,10.0,-0.05,336.0,31.0,19.9,179.3,5717.88,10.0,2.0,2.5,NR5G-SA,n79,-91,-91,-11,21,-999,10.6
2026-05-28 11:03:02.906,2026-05-28 11:17:49.169,22.6598987,114.5010163,50.1,9.9,0.11,335.8,31.0,19.9,176.8,5720.40,10.0,2.0,2.5,NR5G-SA,n79,-91,-91,-11,21,-999,5.1
2026-05-28 11:03:03.107,2026-05-28 11:17:49.569,22.6599194,114.5010068,50.1,9.9,0.10,335.5,31.0,19.9,174.3,5722.90,10.0,2.0,2.5,NR5G-SA,n79,-91,-91,-11,21,-999,9.0
2026-05-28 11:03:03.307,2026-05-28 11:17:49.769,22.6599400,114.5009973,50.1,9.9,0.02,335.1,31.0,22.8,171.8,5725.39,10.0,2.0,2.5,NR5G-SA,n79,-93,-93,-11,21,-999,6.7
2026-05-28 11:03:03.508,2026-05-28 11:17:49.769,22.6599605,114.5009877,50.2,9.9,-0.05,334.8,31.0,22.8,169.3,5727.88,10.0,2.0,2.5,NR5G-SA,n79,-93,-93,-11,21,-999,10.2
2026-05-28 11:03:03.708,2026-05-28 11:17:49.969,22.6599605,114.5009877,50.2,9.9,-0.05,334.8,31.7,22.8,169.3,5727.88,10.0,2.0,2.5,NR5G-SA,n79,-93,-93,-11,21,-999,7.6
2026-05-28 11:03:03.909,2026-05-28 11:17:50.169,22.6599811,114.5009780,50.2,9.9,-0.05,334.8,31.7,22.8,166.8,5730.38,10.0,2.0,2.5,NR5G-SA,n79,-91,-91,-11,21,-999,10.3
2026-05-28 11:03:04.109,2026-05-28 11:17:50.569,22.6600016,114.5009684,50.2,9.9,-0.09,334.7,31.7,22.8,164.3,5732.86,10.0,2.0,2.5,NR5G-SA,n79,-91,-91,-11,21,-999,8.5
2026-05-28 11:03:04.309,2026-05-28 11:17:50.769,22.6600223,114.5009589,50.1,9.9,-0.12,334.7,31.7,22.0,161.8,5735.37,10.0,2.0,2.5,NR5G-SA,n79,-86,-86,-10,21,-999,6.9
2026-05-28 11:03:04.510,2026-05-28 11:17:50.769,22.6600430,114.5009494,50.1,9.9,-0.15,334.9,31.7,22.0,159.3,5737.87,10.0,2.0,2.5,NR5G-SA,n79,-86,-86,-10,21,-999,9.0
2026-05-28 11:03:04.710,2026-05-28 11:17:50.969,22.6600430,114.5009494,50.1,9.9,-0.15,334.9,37.3,22.0,159.3,5737.87,10.0,2.0,2.5,NR5G-SA,n79,-86,-86,-10,21,-999,11.4
2026-05-28 11:03:04.910,2026-05-28 11:17:51.169,22.6600636,114.5009398,50.1,9.9,-0.17,335.0,37.3,22.0,156.8,5740.37,10.0,2.0,2.5,NR5G-SA,n79,-89,-89,-11,21,-999,8.3
2026-05-28 11:03:05.111,2026-05-28 11:17:51.569,22.6600842,114.5009303,50.1,9.9,-0.09,335.3,37.3,22.0,154.3,5742.86,10.0,2.0,2.5,NR5G-SA,n79,-89,-89,-11,21,-999,8.3
2026-05-28 11:03:05.311,2026-05-28 11:17:51.769,22.6601048,114.5009207,50.1,10.0,-0.07,335.6,37.3,22.0,151.8,5745.35,10.0,2.0,2.5,NR5G-SA,n79,-89,-89,-11,21,-999,6.3
2026-05-28 11:03:05.511,2026-05-28 11:17:51.769,22.6601254,114.5009114,50.1,9.9,-0.01,335.9,37.3,22.9,149.3,5747.84,10.0,2.0,2.5,NR5G-SA,n79,-88,-88,-10,21,-999,8.4
2026-05-28 11:03:05.712,2026-05-28 11:17:51.969,22.6601254,114.5009114,50.1,9.9,-0.01,335.9,24.7,22.9,149.3,5747.84,10.0,2.0,2.5,NR5G-SA,n79,-88,-88,-10,21,-999,10.2
2026-05-28 11:03:05.912,2026-05-28 11:17:52.169,22.6601461,114.5009022,50.1,9.9,0.00,336.4,24.7,22.9,146.8,5750.33,10.0,2.0,2.5,NR5G-SA,n79,-88,-88,-10,21,-999,9.5
2026-05-28 11:03:06.113,2026-05-28 11:17:52.569,22.6601668,114.5008930,50.1,9.9,-0.02,336.8,24.7,22.9,144.3,5752.82,10.0,2.0,2.5,NR5G-SA,n79,-84,-84,-11,22,-999,9.1
2026-05-28 11:03:06.313,2026-05-28 11:17:52.769,22.6601875,114.5008838,50.1,10.0,-0.05,337.1,24.7,22.9,141.8,5755.31,10.0,2.0,2.5,NR5G-SA,n79,-84,-84,-11,22,-999,6.4
2026-05-28 11:03:06.513,2026-05-28 11:17:52.769,22.6602083,114.5008745,50.1,10.0,-0.07,337.3,24.7,23.4,139.3,5757.82,10.0,2.0,2.5,NR5G-SA,n79,-90,-90,-10,21,-999,8.5
2026-05-28 11:03:06.714,2026-05-28 11:17:52.969,22.6602083,114.5008745,50.1,10.0,-0.07,337.3,41.5,23.4,139.3,5757.82,10.0,2.0,2.5,NR5G-SA,n79,-90,-90,-10,21,-999,10.1
2026-05-28 11:03:06.914,2026-05-28 11:17:53.169,22.6602290,114.5008649,50.1,10.0,0.02,337.5,41.5,23.4,136.8,5760.32,10.0,2.0,2.5,NR5G-SA,n79,-90,-90,-10,21,-999,11.4
2026-05-28 11:03:07.114,2026-05-28 11:17:53.569,22.6602497,114.5008553,50.1,10.0,0.01,337.5,41.5,23.4,134.3,5762.83,10.0,2.0,2.5,NR5G-SA,n79,-88,-88,-11,22,-999,9.0
2026-05-28 11:03:07.315,2026-05-28 11:17:53.769,22.6602703,114.5008456,50.1,10.0,-0.02,337.4,41.5,23.4,131.8,5765.33,10.0,2.0,2.5,NR5G-SA,n79,-88,-88,-11,22,-999,6.3
2026-05-28 11:03:07.515,2026-05-28 11:17:53.769,22.6602909,114.5008358,50.1,10.0,0.00,337.4,41.5,24.1,129.3,5767.83,10.0,2.0,2.5,NR5G-SA,n79,-88,-88,-11,22,-999,10.1
2026-05-28 11:03:07.715,2026-05-28 11:17:53.969,22.6602909,114.5008358,50.1,10.0,0.00,337.4,16.4,24.1,129.3,5767.83,10.0,2.0,2.5,NR5G-SA,n79,-89,-89,-11,21,-999,17.8
2026-05-28 11:03:07.916,2026-05-28 11:17:54.169,22.6603114,114.5008261,50.1,10.0,0.05,337.5,16.4,24.1,126.8,5770.32,10.0,2.0,2.5,NR5G-SA,n79,-89,-89,-11,21,-999,7.7
2026-05-28 11:03:08.116,2026-05-28 11:17:54.569,22.6603320,114.5008164,50.1,10.0,-0.06,337.4,16.4,24.1,124.3,5772.82,10.0,2.0,2.5,NR5G-SA,n79,-89,-89,-11,21,-999,9.9
2026-05-28 11:03:08.316,2026-05-28 11:17:54.769,22.6603525,114.5008067,50.1,10.0,-0.10,337.6,16.4,24.1,121.8,5775.31,10.0,2.0,2.5,NR5G-SA,n79,-88,-88,-11,21,-999,6.6
2026-05-28 11:03:08.517,2026-05-28 11:17:54.769,22.6603732,114.5007971,50.0,10.0,-0.06,337.8,16.4,22.9,119.3,5777.82,10.0,2.0,2.5,NR5G-SA,n79,-88,-88,-11,21,-999,7.7
2026-05-28 11:03:08.717,2026-05-28 11:17:54.969,22.6603732,114.5007971,50.0,10.0,-0.06,337.8,0.0,22.9,119.3,5777.82,10.0,2.0,2.5,NR5G-SA,n79,-88,-88,-11,22,-999,17.3
2026-05-28 11:03:08.917,2026-05-28 11:17:55.169,22.6603939,114.5007875,50.0,9.9,0.03,337.7,0.0,22.9,116.8,5780.33,10.0,2.0,2.5,NR5G-SA,n79,-88,-88,-11,22,-999,4.9
2026-05-28 11:03:09.118,2026-05-28 11:17:55.569,22.6604146,114.5007779,50.0,10.0,0.06,337.5,0.0,22.9,114.3,5782.83,10.0,2.0,2.5,NR5G-SA,n79,-88,-88,-11,22,-999,7.3
2026-05-28 11:03:09.318,2026-05-28 11:17:55.769,22.6604353,114.5007682,50.1,10.0,0.10,337.4,0.0,22.9,111.8,5785.34,10.0,2.0,2.5,NR5G-SA,n79,-91,-91,-11,22,-999,10.4
2026-05-28 11:03:09.518,2026-05-28 11:17:55.769,22.6604559,114.5007585,50.1,9.9,0.05,337.1,0.0,23.7,109.3,5787.84,10.0,2.0,2.5,NR5G-SA,n79,-91,-91,-11,22,-999,7.9
2026-05-28 11:03:09.719,2026-05-28 11:17:55.969,22.6604559,114.5007585,50.1,9.9,0.05,337.1,6.0,23.7,109.3,5787.84,10.0,2.0,2.5,NR5G-SA,n79,-91,-91,-11,22,-999,15.9
2026-05-28 11:03:09.919,2026-05-28 11:17:56.169,22.6604765,114.5007488,50.1,10.0,-0.02,337.0,6.0,23.7,106.8,5790.34,10.0,2.0,2.5,NR5G-SA,n79,-86,-86,-11,22,-999,10.3
2026-05-28 11:03:10.119,2026-05-28 11:17:56.569,22.6604970,114.5007390,50.1,9.9,-0.04,337.0,6.0,23.7,104.3,5792.84,10.0,2.0,2.5,NR5G-SA,n79,-86,-86,-11,22,-999,10.4
2026-05-28 11:03:10.319,2026-05-28 11:17:56.769,22.6605176,114.5007293,50.0,10.0,0.05,337.1,6.0,23.7,101.8,5795.34,10.0,2.0,2.5,NR5G-SA,n79,-86,-86,-11,22,-999,5.8
2026-05-28 11:03:10.520,2026-05-28 11:17:56.769,22.6605383,114.5007197,50.1,9.9,0.07,337.1,6.0,23.8,99.3,5797.84,10.0,2.0,2.5,NR5G-SA,n79,-86,-86,-10,22,-999,8.7
2026-05-28 11:03:10.720,2026-05-28 11:17:56.969,22.6605383,114.5007197,50.1,9.9,0.07,337.1,0.0,23.8,99.3,5797.84,10.0,2.0,2.5,NR5G-SA,n79,-86,-86,-10,22,-999,16.9
2026-05-28 11:03:10.921,2026-05-28 11:17:57.169,22.6605588,114.5007102,50.1,10.0,0.05,336.8,0.0,23.8,96.8,5800.33,10.0,2.0,2.5,NR5G-SA,n79,-86,-86,-10,22,-999,7.1
2026-05-28 11:03:11.121,2026-05-28 11:17:57.569,22.6605794,114.5007006,50.1,10.0,0.03,336.3,0.0,23.8,94.3,5802.82,10.0,2.0,2.5,NR5G-SA,n79,-86,-86,-11,22,-999,8.3
2026-05-28 11:03:11.321,2026-05-28 11:17:57.769,22.6606000,114.5006909,50.1,10.0,0.01,335.8,0.0,23.8,91.8,5805.32,10.0,2.0,2.5,NR5G-SA,n79,-86,-86,-11,22,-999,9.0
2026-05-28 11:03:11.522,2026-05-28 11:17:57.769,22.6606207,114.5006812,50.1,10.0,0.03,335.5,0.0,23.7,89.3,5807.83,10.0,2.0,2.5,NR5G-SA,n79,-87,-87,-11,23,-999,8.7
2026-05-28 11:03:11.722,2026-05-28 11:17:57.969,22.6606207,114.5006812,50.1,10.0,0.03,335.5,5.2,23.7,89.3,5807.83,10.0,2.0,2.5,NR5G-SA,n79,-87,-87,-11,23,-999,15.6
2026-05-28 11:03:11.922,2026-05-28 11:17:58.169,22.6606413,114.5006715,50.1,9.9,0.08,335.2,5.2,23.7,86.8,5810.33,10.0,2.0,2.5,NR5G-SA,n79,-87,-87,-11,23,-999,5.9
2026-05-28 11:03:12.123,2026-05-28 11:17:58.569,22.6606620,114.5006621,50.1,9.9,-0.07,335.3,5.2,23.7,84.3,5812.83,10.0,2.0,2.5,NR5G-SA,n79,-89,-89,-11,22,-999,6.9
2026-05-28 11:03:12.323,2026-05-28 11:17:58.769,22.6606827,114.5006528,50.0,10.0,-0.12,335.5,5.2,23.7,81.8,5815.33,10.0,2.0,2.5,NR5G-SA,n79,-89,-89,-11,22,-999,7.1
2026-05-28 11:03:12.523,2026-05-28 11:17:58.769,22.6607034,114.5006434,50.0,10.0,-0.04,336.3,5.2,23.7,79.3,5817.83,10.0,2.0,2.5,NR5G-SA,n79,-89,-89,-11,22,-999,9.7
2026-05-28 11:03:12.724,2026-05-28 11:17:58.969,22.6607034,114.5006434,50.0,10.0,-0.04,336.3,0.0,23.7,79.3,5817.83,10.0,2.0,2.5,NR5G-SA,n79,-84,-84,-10,23,-999,14.2
2026-05-28 11:03:12.924,2026-05-28 11:17:59.169,22.6607241,114.5006341,50.0,9.9,0.11,336.7,0.0,23.7,76.8,5820.32,10.0,2.0,2.5,NR5G-SA,n79,-84,-84,-10,23,-999,9.7
2026-05-28 11:03:13.124,2026-05-28 11:17:59.569,22.6607448,114.5006247,50.0,10.0,0.19,336.5,0.0,23.7,74.3,5822.82,10.0,2.0,2.5,NR5G-SA,n79,-84,-84,-10,23,-999,7.2
2026-05-28 11:03:13.325,2026-05-28 11:17:59.769,22.6607654,114.5006153,50.1,10.0,0.11,336.5,0.0,23.7,71.9,5825.31,10.0,2.0,2.5,NR5G-SA,n79,-84,-84,-10,23,-999,6.3
2026-05-28 11:03:13.525,2026-05-28 11:17:59.769,22.6607861,114.5006058,50.1,10.0,0.00,336.4,0.0,23.7,69.4,5827.81,10.0,2.0,2.5,NR5G-SA,n79,-84,-84,-10,23,-999,7.6
2026-05-28 11:03:13.725,2026-05-28 11:17:59.969,22.6607861,114.5006058,50.1,10.0,0.00,336.4,17.1,23.8,69.4,5827.81,10.0,2.0,2.5,NR5G-SA,n79,-84,-84,-10,22,-999,14.4
2026-05-28 11:03:13.926,2026-05-28 11:18:00.169,22.6608068,114.5005962,50.1,10.0,0.02,336.3,17.1,23.8,66.8,5830.32,10.0,2.0,2.5,NR5G-SA,n79,-84,-84,-10,22,-999,10.5
2026-05-28 11:03:14.126,2026-05-28 11:18:00.569,22.6608274,114.5005866,50.1,10.0,-0.04,336.1,17.1,23.8,64.3,5832.81,10.0,2.0,2.5,NR5G-SA,n79,-84,-84,-10,22,-999,8.3
2026-05-28 11:03:14.326,2026-05-28 11:18:00.769,22.6608481,114.5005769,50.0,9.9,-0.04,336.1,17.1,23.8,61.8,5835.32,10.0,2.0,2.5,NR5G-SA,n79,-88,-88,-11,22,-999,6.8
2026-05-28 11:03:14.527,2026-05-28 11:18:00.769,22.6608686,114.5005671,50.0,9.9,-0.02,335.9,17.1,23.8,59.3,5837.82,10.0,2.0,2.5,NR5G-SA,n79,-88,-88,-11,22,-999,10.0
2026-05-28 11:03:14.727,2026-05-28 11:18:00.969,22.6608686,114.5005671,50.0,9.9,-0.02,335.9,41.6,22.3,59.3,5837.82,10.0,2.0,2.5,NR5G-SA,n79,-88,-88,-11,22,-999,14.3
2026-05-28 11:03:14.927,2026-05-28 11:18:01.169,22.6608890,114.5005574,50.0,9.9,-0.00,335.8,41.6,22.3,56.9,5840.30,10.0,2.0,2.5,NR5G-SA,n79,-86,-86,-11,22,-999,4.7
2026-05-28 11:03:15.128,2026-05-28 11:18:01.569,22.6609094,114.5005477,50.0,9.9,0.04,335.8,41.6,22.3,54.4,5842.78,10.0,2.0,2.5,NR5G-SA,n79,-86,-86,-11,22,-999,6.6
2026-05-28 11:03:15.328,2026-05-28 11:18:01.769,22.6609299,114.5005381,50.0,9.9,0.11,335.3,41.6,22.3,51.9,5845.26,10.0,2.0,2.5,NR5G-SA,n79,-86,-86,-11,22,-999,5.6
2026-05-28 11:03:15.528,2026-05-28 11:18:01.769,22.6609504,114.5005284,50.1,9.9,0.02,334.7,41.6,22.3,49.4,5847.75,10.0,2.0,2.5,NR5G-SA,n79,-84,-84,-10,22,-999,8.9
2026-05-28 11:03:15.728,2026-05-28 11:18:01.969,22.6609708,114.5005188,50.1,9.9,0.02,334.4,24.9,22.4,46.9,5850.23,10.0,2.0,2.5,NR5G-SA,n79,-84,-84,-10,22,-999,13.3
2026-05-28 11:03:15.929,2026-05-28 11:18:02.169,22.6609708,114.5005188,50.1,9.9,-0.02,334.4,24.9,22.4,46.9,5850.23,10.0,2.0,2.5,NR5G-SA,n79,-87,-87,-10,22,-999,10.1
2026-05-28 11:03:16.129,2026-05-28 11:18:02.569,22.6609916,114.5005093,50.1,10.0,0.06,335.3,24.9,22.4,44.4,5852.74,10.0,2.0,2.5,NR5G-SA,n79,-87,-87,-10,22,-999,8.2
2026-05-28 11:03:16.330,2026-05-28 11:18:02.769,22.6610127,114.5005001,50.1,10.1,0.09,336.3,24.9,22.4,41.9,5855.27,10.0,2.0,2.5,NR5G-SA,n79,-87,-87,-10,22,-999,5.0
2026-05-28 11:03:16.530,2026-05-28 11:18:02.769,22.6610339,114.5004912,50.1,10.1,0.09,337.1,24.9,22.4,39.4,5857.80,10.0,2.0,2.5,NR5G-SA,n79,-82,-82,-10,22,-999,8.7
2026-05-28 11:03:16.730,2026-05-28 11:18:02.969,22.6610339,114.5004912,50.1,10.1,0.09,337.1,38.3,24.4,39.4,5857.80,10.0,2.0,2.5,NR5G-SA,n79,-82,-82,-10,22,-999,9.5
2026-05-28 11:03:16.931,2026-05-28 11:18:03.169,22.6610551,114.5004822,50.1,10.2,0.06,337.5,38.3,24.4,36.8,5860.34,10.0,2.0,2.5,NR5G-SA,n79,-82,-82,-10,22,-999,9.0
2026-05-28 11:03:17.131,2026-05-28 11:18:03.569,22.6610762,114.5004728,50.1,10.1,-0.06,337.9,38.3,24.4,34.3,5862.88,10.0,2.0,2.5,NR5G-SA,n79,-85,-85,-11,23,-999,6.8
2026-05-28 11:03:17.331,2026-05-28 11:18:03.769,22.6610970,114.5004632,50.1,10.1,-0.10,338.0,38.3,24.4,31.8,5865.39,10.0,2.0,2.5,NR5G-SA,n79,-85,-85,-11,23,-999,5.8
2026-05-28 11:03:17.532,2026-05-28 11:18:03.969,22.6611178,114.5004535,50.1,10.0,-0.05,337.8,38.3,24.4,29.2,5867.92,10.0,2.0,2.5,NR5G-SA,n79,-85,-85,-11,23,-999,7.8
2026-05-28 11:03:17.732,2026-05-28 11:18:03.969,22.6611178,114.5004535,50.1,10.0,-0.05,337.8,31.4,24.2,29.2,5867.92,10.0,2.0,2.5,NR5G-SA,n79,-81,-81,-10,22,-999,15.6
2026-05-28 11:03:17.932,2026-05-28 11:18:04.169,22.6611382,114.5004439,50.1,9.8,-0.11,337.4,31.4,24.2,26.8,5870.39,10.0,2.0,2.5,NR5G-SA,n79,-81,-81,-10,22,-999,10.9
2026-05-28 11:03:18.133,2026-05-28 11:18:04.569,22.6611583,114.5004343,50.1,9.7,-0.08,336.9,31.4,24.2,24.3,5872.84,10.0,2.0,2.5,NR5G-SA,n79,-85,-85,-11,22,-999,9.4
2026-05-28 11:03:18.333,2026-05-28 11:18:04.769,22.6611778,114.5004248,50.1,9.4,0.09,336.6,31.4,24.2,21.9,5875.22,10.0,2.0,2.5,NR5G-SA,n79,-85,-85,-11,22,-999,7.7
2026-05-28 11:03:18.533,2026-05-28 11:18:04.969,22.6611967,114.5004156,50.1,9.1,0.04,336.9,31.4,24.2,19.6,5877.52,10.0,2.0,2.5,NR5G-SA,n79,-85,-85,-11,22,-999,9.1
2026-05-28 11:03:18.734,2026-05-28 11:18:04.969,22.6611967,114.5004156,50.1,9.1,0.04,336.9,30.8,22.5,19.6,5877.52,10.0,2.0,2.5,NR5G-SA,n79,-82,-82,-10,21,-999,15.5
2026-05-28 11:03:18.934,2026-05-28 11:18:05.169,22.6612149,114.5004069,50.1,8.8,0.00,338.2,30.8,22.5,17.4,5879.74,10.0,2.0,2.5,NR5G-SA,n79,-82,-82,-10,21,-999,10.6
2026-05-28 11:03:19.135,2026-05-28 11:18:05.569,22.6612325,114.5003987,50.1,8.4,-0.06,338.8,30.8,22.5,15.3,5881.87,10.0,2.0,2.5,NR5G-SA,n79,-82,-82,-10,21,-999,9.2
2026-05-28 11:03:19.335,2026-05-28 11:18:05.769,22.6612494,114.5003909,50.1,8.0,-0.05,339.6,30.8,22.5,13.3,5883.91,10.0,2.0,2.5,NR5G-SA,n79,-83,-83,-10,21,-999,5.4
2026-05-28 11:03:19.535,2026-05-28 11:18:05.969,22.6612652,114.5003837,50.1,7.4,-0.20,339.7,30.8,22.5,11.3,5885.82,10.0,2.0,2.5,NR5G-SA,n79,-83,-83,-10,21,-999,6.5
2026-05-28 11:03:19.736,2026-05-28 11:18:05.969,22.6612798,114.5003771,50.1,6.8,-0.07,339.5,38.3,21.4,9.6,5887.58,10.0,2.0,2.5,NR5G-SA,n79,-83,-83,-10,21,-999,13.7
2026-05-28 11:03:19.936,2026-05-28 11:18:06.169,22.6612798,114.5003771,50.1,6.8,-0.07,339.5,38.3,21.4,9.6,5887.58,10.0,2.0,2.5,NR5G-SA,n79,-81,-81,-10,21,-999,12.7
2026-05-28 11:03:20.136,2026-05-28 11:18:06.568,22.6612931,114.5003714,50.0,6.2,-0.11,338.9,38.3,21.4,8.0,5889.18,10.0,2.0,2.5,NR5G-SA,n79,-81,-81,-10,21,-999,9.3
2026-05-28 11:03:20.337,2026-05-28 11:18:06.768,22.6613051,114.5003663,50.0,5.5,-0.03,338.0,38.3,21.4,6.6,5890.61,10.0,2.0,2.5,NR5G-SA,n79,-81,-81,-10,21,-999,6.9
2026-05-28 11:03:20.537,2026-05-28 11:18:06.968,22.6613159,114.5003617,50.0,5.0,-0.06,336.9,38.3,21.4,5.3,5891.90,10.0,2.0,2.5,NR5G-SA,n79,-81,-81,-10,21,-999,5.5
2026-05-28 11:03:20.737,2026-05-28 11:18:06.968,22.6613255,114.5003573,50.0,4.4,-0.11,335.7,22.5,20.5,4.1,5893.06,10.0,2.0,2.5,NR5G-SA,n79,-81,-81,-10,21,-999,13.2
2026-05-28 11:03:20.938,2026-05-28 11:18:07.167,22.6613255,114.5003573,50.0,4.4,-0.11,335.7,22.5,20.5,4.1,5893.06,10.0,2.0,2.5,NR5G-SA,n79,-79,-79,-10,22,-999,8.5
2026-05-28 11:03:21.138,2026-05-28 11:18:07.567,22.6613338,114.5003533,50.0,3.8,-0.01,335.0,22.5,20.5,3.1,5894.07,10.0,2.0,2.5,NR5G-SA,n79,-79,-79,-10,22,-999,9.0
2026-05-28 11:03:21.338,2026-05-28 11:18:07.767,22.6613409,114.5003498,50.0,3.2,0.04,334.4,22.5,20.5,2.2,5894.94,10.0,2.0,2.5,NR5G-SA,n79,-79,-79,-10,22,-999,4.6
2026-05-28 11:03:21.538,2026-05-28 11:18:07.767,22.6613467,114.5003469,50.0,2.5,0.00,334.1,22.5,20.5,1.5,5895.65,10.0,2.0,2.5,NR5G-SA,n79,-78,-78,-11,22,-999,8.3
2026-05-28 11:03:21.739,2026-05-28 11:18:07.967,22.6613514,114.5003446,50.0,2.0,-0.03,334.1,43.6,17.9,0.9,5896.23,10.0,2.0,2.5,NR5G-SA,n79,-78,-78,-11,22,-999,10.6
2026-05-28 11:03:21.939,2026-05-28 11:18:08.167,22.6613514,114.5003446,50.0,2.0,-0.03,334.1,43.6,17.9,0.9,5896.23,10.0,2.0,2.5,NR5G-SA,n79,-78,-78,-11,22,-999,10.0
2026-05-28 11:03:22.139,2026-05-28 11:18:08.567,22.6613551,114.5003429,50.0,1.5,-0.04,334.3,43.6,17.9,0.5,5896.68,10.0,2.0,2.5,NR5G-SA,n79,-79,-79,-10,21,-999,9.1
2026-05-28 11:03:22.340,2026-05-28 11:18:08.767,22.6613579,114.5003414,50.0,1.2,-0.06,334.8,43.6,17.9,0.2,5897.02,10.0,2.0,2.5,NR5G-SA,n79,-79,-79,-10,21,-999,5.5
2026-05-28 11:03:22.540,2026-05-28 11:18:08.967,22.6613599,114.5003401,50.0,0.8,-0.01,334.9,43.6,17.9,0.1,5897.28,10.0,2.0,2.5,NR5G-SA,n79,-81,-81,-10,20,-999,5.5
2026-05-28 11:03:22.741,2026-05-28 11:18:08.967,22.6613612,114.5003389,50.0,0.8,-0.01,335.0,14.1,17.9,0.3,5897.47,10.0,2.0,2.5,NR5G-SA,n79,-81,-81,-10,20,-999,13.8
2026-05-28 11:03:22.941,2026-05-28 11:18:09.167,22.6613612,114.5003389,50.0,0.5,0.02,335.0,14.1,17.4,0.3,5897.47,10.0,2.0,2.5,NR5G-SA,n79,-81,-81,-10,20,-999,9.0
2026-05-28 11:03:23.141,2026-05-28 11:18:09.567,22.6613620,114.5003381,50.0,0.2,0.09,335.1,14.1,17.4,0.4,5897.59,10.0,2.0,2.5,NR5G-SA,n79,-83,-83,-11,20,-999,10.2
2026-05-28 11:03:23.342,2026-05-28 11:18:09.767,22.6613624,114.5003377,50.0,0.1,0.04,334.9,14.1,17.4,0.5,5897.65,10.0,2.0,2.5,NR5G-SA,n79,-83,-83,-11,20,-999,6.1
2026-05-28 11:03:23.542,2026-05-28 11:18:09.967,22.6613627,114.5003377,50.0,0.1,-0.00,334.8,14.1,17.4,0.5,5897.69,10.0,2.0,2.5,NR5G-SA,n79,-83,-83,-11,20,-999,8.1
2026-05-28 11:03:23.742,2026-05-28 11:18:09.967,22.6613628,114.5003378,50.0,0.2,0.01,334.8,0.0,17.4,0.5,5897.70,10.0,2.0,2.5,NR5G-SA,n79,-82,-82,-11,20,-999,15.4
2026-05-28 11:03:23.943,2026-05-28 11:18:10.167,22.6613628,114.5003378,50.0,0.2,0.01,334.8,0.0,18.3,0.5,5897.70,10.0,2.0,2.5,NR5G-SA,n79,-82,-82,-11,20,-999,10.2
2026-05-28 11:03:24.143,2026-05-28 11:18:10.567,22.6613629,114.5003379,50.1,0.2,0.04,330.1,0.0,18.3,0.5,5897.72,10.0,2.0,2.5,NR5G-SA,n79,-82,-82,-11,20,-999,9.0
2026-05-28 11:03:24.343,2026-05-28 11:18:10.767,22.6613631,114.5003379,50.1,0.2,0.03,316.9,0.0,18.3,0.5,5897.74,10.0,2.0,2.5,NR5G-SA,n79,-79,-79,-11,20,-999,5.9
2026-05-28 11:03:24.544,2026-05-28 11:18:10.967,22.6613634,114.5003378,50.1,0.3,0.01,301.4,0.0,18.3,0.6,5897.78,10.0,2.0,2.5,NR5G-SA,n79,-79,-79,-11,20,-999,8.7
2026-05-28 11:03:24.744,2026-05-28 11:18:10.967,22.6613631,114.5003378,50.1,0.4,0.02,285.7,2.3,18.3,0.5,5897.81,10.0,2.0,2.5,NR5G-SA,n79,-89,-89,-11,16,-999,11.1
2026-05-28 11:03:24.945,2026-05-28 11:18:11.167,22.6613631,114.5003378,50.1,0.4,0.02,285.7,2.3,19.9,0.5,5897.81,10.0,2.0,2.5,NR5G-SA,n79,-89,-89,-11,16,-999,9.5
2026-05-28 11:03:25.145,2026-05-28 11:18:11.567,22.6613623,114.5003381,50.1,0.5,-0.02,270.0,2.3,19.9,0.4,5897.90,10.0,2.0,2.5,NR5G-SA,n79,-89,-89,-11,16,-999,6.0
2026-05-28 11:03:25.345,2026-05-28 11:18:11.767,22.6613612,114.5003386,50.1,0.5,-0.05,254.3,2.3,19.9,0.3,5898.04,10.0,2.0,2.5,NR5G-SA,n79,-92,-92,-11,15,-999,6.0
2026-05-28 11:03:25.546,2026-05-28 11:18:11.967,22.6613603,114.5003394,50.1,0.5,-0.02,238.9,2.3,19.9,0.2,5898.17,10.0,2.0,2.5,NR5G-SA,n79,-92,-92,-11,15,-999,6.5
2026-05-28 11:03:25.746,2026-05-28 11:18:11.967,22.6613597,114.5003403,50.1,0.4,-0.01,223.4,0.0,19.9,0.1,5898.28,10.0,2.0,2.5,NR5G-SA,n79,-92,-92,-11,15,-999,12.1
2026-05-28 11:03:25.946,2026-05-28 11:18:12.167,22.6613597,114.5003403,50.1,0.4,-0.01,223.4,0.0,19.6,0.1,5898.28,10.0,2.0,2.5,NR5G-SA,n79,-89,-89,-11,16,-999,10.7
2026-05-28 11:03:26.146,2026-05-28 11:18:12.567,22.6613593,114.5003414,50.1,0.4,-0.03,208.0,0.0,19.6,0.1,5898.40,10.0,2.0,2.5,NR5G-SA,n79,-89,-89,-11,16,-999,7.9
2026-05-28 11:03:26.347,2026-05-28 11:18:12.767,22.6613592,114.5003424,50.1,0.3,-0.03,192.8,0.0,19.6,0.2,5898.50,10.0,2.0,2.5,NR5G-SA,n79,-89,-89,-11,16,-999,4.9
2026-05-28 11:03:26.547,2026-05-28 11:18:12.967,22.6613592,114.5003433,50.1,0.2,-0.08,177.5,0.0,19.6,0.3,5898.60,10.0,2.0,2.5,NR5G-SA,n79,-78,-78,-10,18,-999,5.0
2026-05-28 11:03:26.747,2026-05-28 11:18:12.967,22.6613594,114.5003440,50.1,0.1,-0.08,166.3,9.4,19.6,0.4,5898.67,10.0,2.0,2.5,NR5G-SA,n79,-78,-78,-10,18,-999,12.4
2026-05-28 11:03:26.948,2026-05-28 11:18:13.167,22.6613594,114.5003440,50.1,0.1,-0.08,166.3,9.4,19.2,0.4,5898.67,10.0,2.0,2.5,NR5G-SA,n79,-78,-78,-10,18,-999,11.8
2026-05-28 11:03:27.148,2026-05-28 11:18:13.567,22.6613595,114.5003445,50.1,0.0,-0.05,162.5,9.4,19.2,0.4,5898.72,10.0,2.0,2.5,NR5G-SA,n79,-77,-77,-10,20,-999,7.0
2026-05-28 11:03:27.349,2026-05-28 11:18:13.767,22.6613597,114.5003446,50.0,0.1,-0.04,161.7,9.4,19.2,0.5,5898.75,10.0,2.0,2.5,NR5G-SA,n79,-77,-77,-10,20,-999,6.7
2026-05-28 11:03:27.549,2026-05-28 11:18:13.967,22.6613599,114.5003445,50.0,0.2,-0.00,161.8,9.4,19.2,0.4,5898.77,10.0,2.0,2.5,NR5G-SA,n79,-77,-77,-10,22,-999,6.3
2026-05-28 11:03:27.749,2026-05-28 11:18:13.967,22.6613599,114.5003440,50.1,0.2,0.07,162.1,0.0,19.2,0.4,5898.82,10.0,2.0,2.5,NR5G-SA,n79,-77,-77,-10,22,-999,12.2
2026-05-28 11:03:27.950,2026-05-28 11:18:14.167,22.6613599,114.5003440,50.1,0.2,0.07,162.1,0.0,18.8,0.4,5898.82,10.0,2.0,2.5,NR5G-SA,n79,-77,-77,-10,22,-999,10.8
2026-05-28 11:03:28.150,2026-05-28 11:18:14.567,22.6613597,114.5003434,50.1,0.3,0.04,162.7,0.0,18.8,0.3,5898.89,10.0,2.0,2.5,NR5G-SA,n79,-77,-77,-10,22,-999,7.2
2026-05-28 11:03:28.350,2026-05-28 11:18:14.767,22.6613596,114.5003429,50.1,0.3,0.02,163.3,0.0,18.8,0.3,5898.94,10.0,2.0,2.5,NR5G-SA,n79,-77,-77,-10,22,-999,5.9
2026-05-28 11:03:28.551,2026-05-28 11:18:14.967,22.6613595,114.5003424,50.1,0.3,-0.02,163.8,0.0,18.8,0.2,5899.00,10.0,2.0,2.5,NR5G-SA,n79,-77,-77,-10,22,-999,7.9
2026-05-28 11:03:28.751,2026-05-28 11:18:14.967,22.6613596,114.5003419,50.1,0.3,-0.02,164.5,19.4,18.8,0.2,5899.05,10.0,2.0,2.5,NR5G-SA,n79,-77,-77,-10,22,-999,7.7
2026-05-28 11:03:28.951,2026-05-28 11:18:15.167,22.6613596,114.5003419,50.1,0.3,-0.02,164.5,19.4,20.7,0.2,5899.05,10.0,2.0,2.5,NR5G-SA,n79,-77,-77,-10,22,-999,12.6
2026-05-28 11:03:29.151,2026-05-28 11:18:15.567,22.6613598,114.5003414,50.1,0.3,0.01,165.0,19.4,20.7,0.2,5899.10,10.0,2.0,2.5,NR5G-SA,n79,-77,-77,-10,22,-999,6.1
2026-05-28 11:03:29.351,2026-05-28 11:18:15.767,22.6613603,114.5003410,50.1,0.3,-0.03,165.3,19.4,20.7,0.2,5899.17,10.0,2.0,2.5,NR5G-SA,n79,-77,-77,-10,22,-999,6.6
2026-05-28 11:03:29.552,2026-05-28 11:18:15.967,22.6613607,114.5003405,50.1,0.3,-0.10,165.5,19.4,20.7,0.2,5899.24,10.0,2.0,2.5,NR5G-SA,n79,-77,-77,-10,22,-999,7.9
2026-05-28 11:03:29.752,2026-05-28 11:18:15.967,22.6613609,114.5003400,50.1,0.3,-0.07,165.8,40.8,20.7,0.2,5899.30,10.0,2.0,2.5,NR5G-SA,n79,-77,-77,-10,22,-999,11.7
2026-05-28 11:03:29.953,2026-05-28 11:18:16.167,22.6613609,114.5003400,50.1,0.3,-0.07,165.8,40.8,19.8,0.2,5899.30,10.0,2.0,2.5,NR5G-SA,n79,-77,-77,-10,22,-999,9.4
2026-05-28 11:03:30.153,2026-05-28 11:18:16.567,22.6613609,114.5003395,50.1,0.3,-0.10,166.0,40.8,19.8,0.2,5899.35,10.0,2.0,2.5,NR5G-SA,n79,-77,-77,-10,22,-999,8.3
2026-05-28 11:03:30.353,2026-05-28 11:18:16.767,22.6613607,114.5003392,50.1,0.1,-0.04,166.2,40.8,19.8,0.2,5899.39,10.0,2.0,2.5,NR5G-SA,n79,-77,-77,-10,21,-999,5.7
2026-05-28 11:03:30.554,2026-05-28 11:18:16.967,22.6613605,114.5003391,50.1,0.1,-0.11,166.7,40.8,19.8,0.2,5899.41,10.0,2.0,2.5,NR5G-SA,n79,-77,-77,-10,21,-999,6.2
2026-05-28 11:03:30.754,2026-05-28 11:18:16.967,22.6613602,114.5003393,50.0,0.0,-0.24,166.9,27.6,19.8,0.2,5899.45,10.0,2.0,2.5,NR5G-SA,n79,-77,-77,-10,21,-999,11.7
2026-05-28 11:03:30.954,2026-05-28 11:18:17.167,22.6613602,114.5003393,50.0,0.0,-0.24,166.9,27.6,19.8,0.2,5899.45,10.0,2.0,2.5,NR5G-SA,n79,-77,-77,-10,21,-999,10.9
2026-05-28 11:03:31.155,2026-05-28 11:18:17.567,22.6613600,114.5003395,49.9,0.0,-0.48,166.6,27.6,20.9,0.1,5899.48,10.0,2.0,2.5,NR5G-SA,n79,-77,-77,-10,21,-999,9.2
2026-05-28 11:03:31.355,2026-05-28 11:18:17.767,22.6613599,114.5003397,49.8,0.1,-0.79,166.8,27.6,20.9,0.1,5899.50,10.0,2.0,2.5,NR5G-SA,n79,-77,-77,-10,21,-999,7.9
2026-05-28 11:03:31.555,2026-05-28 11:18:17.967,22.6613598,114.5003398,49.5,0.0,-1.14,166.9,27.6,20.9,0.1,5899.52,10.0,2.0,2.5,NR5G-SA,n79,-77,-77,-10,22,-999,5.5
2026-05-28 11:03:31.756,2026-05-28 11:18:17.967,22.6613598,114.5003398,49.2,0.0,-1.43,167.1,34.9,20.9,0.1,5899.52,10.0,2.0,2.5,NR5G-SA,n79,-77,-77,-10,22,-999,12.1
2026-05-28 11:03:31.956,2026-05-28 11:18:18.167,22.6613598,114.5003398,49.2,0.0,-1.43,167.1,34.9,20.9,0.1,5899.52,10.0,2.0,2.5,NR5G-SA,n79,-76,-76,-10,22,-999,12.3
2026-05-28 11:03:32.156,2026-05-28 11:18:18.567,22.6613597,114.5003397,48.8,0.1,-1.54,167.6,34.9,21.9,0.1,5899.53,10.0,2.0,2.5,NR5G-SA,n79,-76,-76,-10,22,-999,9.6
2026-05-28 11:03:32.356,2026-05-28 11:18:18.767,22.6613596,114.5003396,48.3,0.1,-1.55,168.2,34.9,21.9,0.1,5899.55,10.0,2.0,2.5,NR5G-SA,n79,-76,-76,-10,22,-999,6.3
2026-05-28 11:03:32.557,2026-05-28 11:18:18.967,22.6613595,114.5003396,47.9,0.1,-1.61,168.7,34.9,21.9,0.1,5899.56,10.0,2.0,2.5,NR5G-SA,n79,-75,-75,-10,21,-999,5.3
2026-05-28 11:03:32.757,2026-05-28 11:18:18.967,22.6613596,114.5003394,47.5,0.2,-1.47,169.2,37.4,21.9,0.1,5899.58,10.0,2.0,2.5,NR5G-SA,n79,-75,-75,-10,21,-999,10.2
2026-05-28 11:03:32.958,2026-05-28 11:18:19.167,22.6613596,114.5003394,47.5,0.2,-1.47,169.2,37.4,21.9,0.1,5899.58,10.0,2.0,2.5,NR5G-SA,n79,-75,-75,-10,21,-999,11.3
2026-05-28 11:03:33.158,2026-05-28 11:18:19.567,22.6613599,114.5003393,47.1,0.1,-1.35,169.7,37.4,24.1,0.2,5899.62,10.0,2.0,2.5,NR5G-SA,n79,-74,-74,-10,20,-999,8.6
2026-05-28 11:03:33.358,2026-05-28 11:18:19.767,22.6613600,114.5003392,46.8,0.1,-1.36,170.0,37.4,24.1,0.2,5899.63,10.0,2.0,2.5,NR5G-SA,n79,-74,-74,-10,20,-999,6.7
2026-05-28 11:03:33.558,2026-05-28 11:18:19.967,22.6613600,114.5003392,46.5,0.0,-1.43,170.2,37.4,24.1,0.2,5899.63,10.0,2.0,2.5,NR5G-SA,n79,-74,-74,-10,20,-999,7.9
2026-05-28 11:03:33.759,2026-05-28 11:18:19.967,22.6613598,114.5003392,46.1,0.0,-1.36,170.4,24.5,24.1,0.2,5899.66,10.0,2.0,2.5,NR5G-SA,n79,-70,-70,-10,19,-999,10.2
2026-05-28 11:03:33.959,2026-05-28 11:18:20.167,22.6613598,114.5003392,46.1,0.0,-1.36,170.4,24.5,24.1,0.2,5899.66,10.0,2.0,2.5,NR5G-SA,n79,-70,-70,-10,19,-999,14.3
2026-05-28 11:03:34.160,2026-05-28 11:18:20.567,22.6613598,114.5003393,45.7,0.0,-1.39,170.3,24.5,22.1,0.1,5899.67,10.0,2.0,2.5,NR5G-SA,n79,-69,-69,-10,19,-999,7.2
2026-05-28 11:03:34.360,2026-05-28 11:18:20.767,22.6613596,114.5003393,45.4,0.0,-1.42,170.1,24.5,22.1,0.1,5899.69,10.0,2.0,2.5,NR5G-SA,n79,-69,-69,-10,19,-999,8.1
2026-05-28 11:03:34.560,2026-05-28 11:18:20.967,22.6613595,114.5003393,45.0,0.1,-1.53,169.7,24.5,22.1,0.1,5899.70,10.0,2.0,2.5,NR5G-SA,n79,-69,-69,-10,19,-999,6.2
2026-05-28 11:03:34.761,2026-05-28 11:18:20.967,22.6613593,114.5003393,44.6,0.1,-1.58,169.4,44.4,22.1,0.1,5899.72,10.0,2.0,2.5,NR5G-SA,n79,-68,-68,-10,19,-999,11.1
2026-05-28 11:03:34.961,2026-05-28 11:18:21.167,22.6613593,114.5003393,44.6,0.1,-1.58,169.4,44.4,22.1,0.1,5899.72,10.0,2.0,2.5,NR5G-SA,n79,-68,-68,-10,19,-999,11.2
2026-05-28 11:03:35.162,2026-05-28 11:18:21.567,22.6613591,114.5003394,44.2,0.1,-1.59,169.2,44.4,22.6,0.1,5899.75,10.0,2.0,2.5,NR5G-SA,n79,-68,-68,-10,19,-999,8.2
2026-05-28 11:03:35.362,2026-05-28 11:18:21.767,22.6613591,114.5003395,43.8,0.0,-1.55,169.1,44.4,22.6,0.1,5899.76,10.0,2.0,2.5,NR5G-SA,n79,-67,-67,-10,19,-999,7.5
2026-05-28 11:03:35.562,2026-05-28 11:18:21.967,22.6613591,114.5003396,43.4,0.1,-1.52,169.0,44.4,22.6,0.1,5899.77,10.0,2.0,2.5,NR5G-SA,n79,-67,-67,-10,19,-999,6.7
2026-05-28 11:03:35.762,2026-05-28 11:18:21.967,22.6613592,114.5003398,43.1,0.1,-1.49,169.0,10.4,22.6,0.1,5899.79,10.0,2.0,2.5,NR5G-SA,n79,-67,-67,-10,19,-999,13.3
2026-05-28 11:03:35.963,2026-05-28 11:18:22.167,22.6613592,114.5003398,43.1,0.1,-1.49,169.0,10.4,22.6,0.1,5899.79,10.0,2.0,2.5,NR5G-SA,n79,-67,-67,-10,19,-999,14.9
2026-05-28 11:03:36.163,2026-05-28 11:18:22.567,22.6613592,114.5003399,42.7,0.1,-1.50,169.1,10.4,22.9,0.1,5899.80,10.0,2.0,2.5,NR5G-SA,n79,-67,-67,-10,19,-999,8.9
2026-05-28 11:03:36.364,2026-05-28 11:18:22.767,22.6613593,114.5003401,42.3,0.1,-1.49,169.2,10.4,22.9,0.0,5899.82,10.0,2.0,2.5,NR5G-SA,n79,-66,-66,-10,20,-999,7.8
2026-05-28 11:03:36.564,2026-05-28 11:18:22.967,22.6613594,114.5003401,41.9,0.0,-1.47,169.5,10.4,22.9,0.1,5899.84,10.0,2.0,2.5,NR5G-SA,n79,-66,-66,-10,20,-999,5.6
2026-05-28 11:03:36.764,2026-05-28 11:18:22.967,22.6613594,114.5003402,41.6,0.0,-1.42,169.6,0.0,22.9,0.1,5899.85,10.0,2.0,2.5,NR5G-SA,n79,-66,-66,-10,20,-999,9.3
2026-05-28 11:03:36.965,2026-05-28 11:18:23.167,22.6613594,114.5003402,41.2,0.0,-1.46,169.7,0.0,22.9,0.1,5899.85,10.0,2.0,2.5,NR5G-SA,n79,-65,-65,-10,20,-999,10.6
2026-05-28 11:03:37.165,2026-05-28 11:18:23.567,22.6613594,114.5003402,41.2,0.0,-1.46,169.7,0.0,25.0,0.1,5899.85,10.0,2.0,2.5,NR5G-SA,n79,-65,-65,-10,20,-999,9.4
2026-05-28 11:03:37.365,2026-05-28 11:18:23.767,22.6613595,114.5003402,40.8,0.0,-1.47,169.8,0.0,25.0,0.1,5899.86,10.0,2.0,2.5,NR5G-SA,n79,-65,-65,-10,20,-999,6.0
2026-05-28 11:03:37.566,2026-05-28 11:18:23.967,22.6613596,114.5003402,40.5,0.0,-1.49,170.2,0.0,25.0,0.1,5899.87,10.0,2.0,2.5,NR5G-SA,n79,-66,-66,-10,20,-999,6.8
2026-05-28 11:03:37.766,2026-05-28 11:18:23.967,22.6613596,114.5003401,40.1,0.0,-1.48,170.5,7.7,25.0,0.1,5899.88,10.0,2.0,2.5,NR5G-SA,n79,-66,-66,-10,20,-999,9.4
2026-05-28 11:03:37.966,2026-05-28 11:18:24.167,22.6613596,114.5003401,40.1,0.0,-1.48,170.5,7.7,25.0,0.1,5899.88,10.0,2.0,2.5,NR5G-SA,n79,-66,-66,-10,20,-999,16.9
2026-05-28 11:03:38.167,2026-05-28 11:18:24.567,22.6613596,114.5003401,39.7,0.0,-1.50,170.7,7.7,24.4,0.1,5899.88,10.0,2.0,2.5,NR5G-SA,n79,-65,-65,-10,20,-999,8.0
2026-05-28 11:03:38.367,2026-05-28 11:18:24.767,22.6613596,114.5003400,39.3,0.0,-1.52,170.7,7.7,24.4,0.1,5899.89,10.0,2.0,2.5,NR5G-SA,n79,-65,-65,-10,20,-999,6.9
2026-05-28 11:03:38.567,2026-05-28 11:18:24.767,22.6613597,114.5003400,39.0,0.0,-1.52,170.7,7.7,24.4,0.1,5899.90,10.0,2.0,2.5,NR5G-SA,n79,-64,-64,-10,20,-999,10.6
2026-05-28 11:03:38.768,2026-05-28 11:18:24.967,22.6613597,114.5003400,38.6,0.0,-1.45,170.8,0.0,24.4,0.1,5899.90,10.0,2.0,2.5,NR5G-SA,n79,-64,-64,-10,20,-999,7.8
2026-05-28 11:03:38.968,2026-05-28 11:18:25.167,22.6613597,114.5003400,38.6,0.0,-1.45,170.8,0.0,24.4,0.1,5899.90,10.0,2.0,2.5,NR5G-SA,n79,-64,-64,-10,20,-999,12.3
2026-05-28 11:03:39.169,2026-05-28 11:18:25.567,22.6613597,114.5003400,38.2,0.0,-1.50,170.7,0.0,24.4,0.1,5899.90,10.0,2.0,2.5,NR5G-SA,n79,-65,-65,-10,19,-999,7.5
2026-05-28 11:03:39.369,2026-05-28 11:18:25.767,22.6613597,114.5003401,37.8,0.0,-1.51,170.6,0.0,24.5,0.1,5899.91,10.0,2.0,2.5,NR5G-SA,n79,-65,-65,-10,19,-999,7.8
2026-05-28 11:03:39.570,2026-05-28 11:18:25.967,22.6613598,114.5003401,37.5,0.1,-1.52,170.5,0.0,24.5,0.1,5899.92,10.0,2.0,2.5,NR5G-SA,n79,-65,-65,-10,19,-999,7.0
2026-05-28 11:03:39.770,2026-05-28 11:18:25.967,22.6613598,114.5003401,37.1,0.0,-1.47,170.4,22.9,24.5,0.1,5899.92,10.0,2.0,2.5,NR5G-SA,n79,-64,-64,-10,19,-999,9.0
2026-05-28 11:03:39.970,2026-05-28 11:18:26.167,22.6613598,114.5003401,37.1,0.0,-1.47,170.4,22.9,24.5,0.1,5899.92,10.0,2.0,2.5,NR5G-SA,n79,-64,-64,-10,19,-999,9.2
2026-05-28 11:03:40.171,2026-05-28 11:18:26.567,22.6613597,114.5003401,36.7,0.0,-1.47,170.2,22.9,24.5,0.1,5899.93,10.0,2.0,2.5,NR5G-SA,n79,-64,-64,-10,19,-999,5.8
2026-05-28 11:03:40.371,2026-05-28 11:18:26.767,22.6613596,114.5003401,36.3,0.1,-1.50,170.2,22.9,24.0,0.1,5899.94,10.0,2.0,2.5,NR5G-SA,n79,-64,-64,-10,20,-999,6.3
2026-05-28 11:03:40.571,2026-05-28 11:18:26.967,22.6613594,114.5003401,36.0,0.1,-1.52,170.3,22.9,24.0,0.1,5899.97,10.0,2.0,2.5,NR5G-SA,n79,-64,-64,-10,20,-999,7.5
2026-05-28 11:03:40.772,2026-05-28 11:18:26.967,22.6613593,114.5003401,35.6,0.0,-1.48,170.4,39.0,24.0,0.0,5899.98,10.0,2.0,2.5,NR5G-SA,n79,-64,-64,-10,20,-999,8.1
2026-05-28 11:03:40.972,2026-05-28 11:18:27.167,22.6613593,114.5003401,35.6,0.0,-1.48,170.4,39.0,24.0,0.0,5899.98,10.0,2.0,2.5,NR5G-SA,n79,-66,-66,-10,20,-999,8.9
2026-05-28 11:03:41.172,2026-05-28 11:18:27.567,22.6613592,114.5003401,35.2,0.1,-1.51,170.4,39.0,24.0,0.0,5899.99,10.0,2.0,2.5,NR5G-SA,n79,-66,-66,-10,20,-999,6.6
2026-05-28 11:03:41.372,2026-05-28 11:18:27.767,22.6613591,114.5003401,34.8,0.0,-1.49,170.4,39.0,24.3,0.0,5900.00,10.0,2.0,2.5,NR5G-SA,n79,-67,-67,-10,20,-999,7.1
2026-05-28 11:03:41.573,2026-05-28 11:18:27.967,22.6613591,114.5003401,34.5,0.0,-1.49,170.2,39.0,24.3,0.0,5900.00,10.0,2.0,2.5,NR5G-SA,n79,-67,-67,-10,20,-999,7.6
2026-05-28 11:03:41.773,2026-05-28 11:18:27.967,22.6613591,114.5003401,34.1,0.0,-1.53,169.9,32.1,24.3,0.0,5900.00,10.0,2.0,2.5,NR5G-SA,n79,-67,-67,-10,20,-999,7.7
2026-05-28 11:03:41.974,2026-05-28 11:18:28.167,22.6613591,114.5003402,33.7,0.0,-1.46,169.8,32.1,24.3,0.0,5900.01,10.0,2.0,2.5,NR5G-SA,n79,-66,-66,-10,21,-999,11.5
2026-05-28 11:03:42.174,2026-05-28 11:18:28.567,22.6613591,114.5003402,33.7,0.0,-1.46,169.8,32.1,24.3,0.0,5900.01,10.0,2.0,2.5,NR5G-SA,n79,-66,-66,-10,21,-999,9.1
2026-05-28 11:03:42.374,2026-05-28 11:18:28.767,22.6613591,114.5003402,33.3,0.0,-1.51,169.8,32.1,22.6,0.0,5900.01,10.0,2.0,2.5,NR5G-SA,n79,-66,-66,-10,21,-999,6.5
2026-05-28 11:03:42.575,2026-05-28 11:18:28.967,22.6613592,114.5003403,33.0,0.0,-1.52,169.7,32.1,22.6,0.0,5900.02,10.0,2.0,2.5,NR5G-SA,n79,-64,-64,-10,21,-999,7.5
2026-05-28 11:03:42.775,2026-05-28 11:18:28.967,22.6613592,114.5003404,32.6,0.0,-1.51,169.6,30.7,22.6,0.0,5900.03,10.0,2.0,2.5,NR5G-SA,n79,-64,-64,-10,21,-999,10.3
2026-05-28 11:03:42.975,2026-05-28 11:18:29.167,22.6613593,114.5003404,32.2,0.0,-1.51,169.4,30.7,22.6,0.0,5900.05,10.0,2.0,2.5,NR5G-SA,n79,-64,-64,-10,21,-999,11.8
2026-05-28 11:03:43.176,2026-05-28 11:18:29.567,22.6613593,114.5003404,32.2,0.0,-1.48,169.4,30.7,22.6,0.0,5900.05,10.0,2.0,2.5,NR5G-SA,n79,-66,-66,-10,21,-999,8.4
2026-05-28 11:03:43.376,2026-05-28 11:18:29.767,22.6613592,114.5003404,31.8,0.1,-1.46,169.2,30.7,21.0,0.0,5900.06,10.0,2.0,2.5,NR5G-SA,n79,-66,-66,-10,21,-999,5.4
2026-05-28 11:03:43.576,2026-05-28 11:18:29.967,22.6613591,114.5003404,31.5,0.0,-1.44,169.4,30.7,21.0,0.0,5900.07,10.0,2.0,2.5,NR5G-SA,n79,-66,-66,-10,22,-999,5.2
2026-05-28 11:03:43.777,2026-05-28 11:18:30.167,22.6613590,114.5003403,31.1,0.1,-1.46,169.5,38.8,21.0,0.0,5900.08,10.0,2.0,2.5,NR5G-SA,n79,-66,-66,-10,22,-999,6.0
2026-05-28 11:03:43.977,2026-05-28 11:18:30.167,22.6613590,114.5003402,30.7,0.1,-1.46,169.4,38.8,21.0,0.0,5900.09,10.0,2.0,2.5,NR5G-SA,n79,-66,-66,-10,22,-999,16.7
2026-05-28 11:03:44.177,2026-05-28 11:18:30.567,22.6613590,114.5003402,30.7,0.0,-1.53,169.4,38.8,21.0,0.0,5900.09,10.0,2.0,2.5,NR5G-SA,n79,-64,-64,-10,23,-999,7.5
2026-05-28 11:03:44.378,2026-05-28 11:18:30.767,22.6613588,114.5003401,30.3,0.1,-1.52,169.2,38.8,20.0,0.0,5900.12,10.0,2.0,2.5,NR5G-SA,n79,-64,-64,-10,23,-999,6.6
2026-05-28 11:03:44.578,2026-05-28 11:18:30.967,22.6613587,114.5003401,30.0,0.0,-1.53,169.3,38.8,20.0,0.0,5900.13,10.0,2.0,2.5,NR5G-SA,n79,-64,-64,-10,23,-999,7.1
2026-05-28 11:03:44.779,2026-05-28 11:18:31.167,22.6613587,114.5003401,29.6,0.0,-1.47,169.4,19.2,20.0,0.0,5900.13,10.0,2.0,2.5,NR5G-SA,n79,-64,-64,-10,23,-999,7.1
2026-05-28 11:03:44.979,2026-05-28 11:18:31.167,22.6613587,114.5003401,29.2,0.0,-1.48,169.2,19.2,20.0,0.0,5900.13,10.0,2.0,2.5,NR5G-SA,n79,-64,-64,-10,23,-999,12.2
2026-05-28 11:03:45.179,2026-05-28 11:18:31.567,22.6613587,114.5003401,29.2,0.0,-1.48,169.2,19.2,20.0,0.0,5900.13,10.0,2.0,2.5,NR5G-SA,n79,-64,-64,-10,23,-999,8.4
2026-05-28 11:03:45.380,2026-05-28 11:18:31.767,22.6613587,114.5003401,28.8,0.0,-1.50,169.0,19.2,19.0,0.0,5900.13,10.0,2.0,2.5,NR5G-SA,n79,-65,-65,-10,24,-999,7.0
2026-05-28 11:03:45.580,2026-05-28 11:18:31.967,22.6613587,114.5003401,28.5,0.0,-1.51,168.8,19.2,19.0,0.0,5900.13,10.0,2.0,2.5,NR5G-SA,n79,-65,-65,-10,24,-999,6.4
2026-05-28 11:03:45.780,2026-05-28 11:18:31.967,22.6613588,114.5003401,28.1,0.0,-1.46,168.6,0.0,19.0,0.0,5900.14,10.0,2.0,2.5,NR5G-SA,n79,-66,-66,-10,24,-999,9.5
2026-05-28 11:03:45.981,2026-05-28 11:18:32.167,22.6613590,114.5003400,27.7,0.0,-1.51,168.4,0.0,19.0,0.0,5900.16,10.0,2.0,2.5,NR5G-SA,n79,-66,-66,-10,24,-999,11.4
2026-05-28 11:03:46.181,2026-05-28 11:18:32.567,22.6613590,114.5003400,27.7,0.0,-1.51,168.4,0.0,19.0,0.0,5900.16,10.0,2.0,2.5,NR5G-SA,n79,-66,-66,-10,24,-999,8.4
2026-05-28 11:03:46.382,2026-05-28 11:18:32.767,22.6613591,114.5003400,27.3,0.0,-1.50,168.2,0.0,17.5,0.0,5900.18,10.0,2.0,2.5,NR5G-SA,n79,-63,-63,-10,25,-999,6.1
2026-05-28 11:03:46.582,2026-05-28 11:18:32.967,22.6613591,114.5003401,26.9,0.0,-1.51,168.0,0.0,17.5,0.0,5900.19,10.0,2.0,2.5,NR5G-SA,n79,-63,-63,-10,25,-999,7.7
2026-05-28 11:03:46.782,2026-05-28 11:18:32.967,22.6613591,114.5003401,26.5,0.0,-1.50,168.1,1.6,17.5,0.0,5900.19,10.0,2.0,2.5,NR5G-SA,n79,-63,-63,-10,25,-999,7.5
2026-05-28 11:03:46.983,2026-05-28 11:18:33.167,22.6613590,114.5003401,26.2,0.0,-1.50,167.9,1.6,17.5,0.0,5900.20,10.0,2.0,2.5,NR5G-SA,n79,-66,-66,-10,25,-999,13.7
2026-05-28 11:03:47.183,2026-05-28 11:18:33.567,22.6613590,114.5003401,26.2,0.0,-1.46,167.9,1.6,17.5,0.0,5900.20,10.0,2.0,2.5,NR5G-SA,n79,-66,-66,-10,25,-999,9.1
2026-05-28 11:03:47.383,2026-05-28 11:18:33.767,22.6613589,114.5003401,25.8,0.0,-1.51,167.5,1.6,16.1,0.0,5900.21,10.0,2.0,2.5,NR5G-SA,n79,-66,-66,-10,25,-999,7.1
2026-05-28 11:03:47.584,2026-05-28 11:18:33.967,22.6613589,114.5003401,25.4,0.0,-1.48,167.2,1.6,16.1,0.0,5900.21,10.0,2.0,2.5,NR5G-SA,n79,-65,-65,-10,24,-999,6.1
2026-05-28 11:03:47.784,2026-05-28 11:18:34.167,22.6613589,114.5003400,25.0,0.1,-1.45,166.8,1.6,16.1,0.0,5900.22,10.0,2.0,2.5,NR5G-SA,n79,-65,-65,-10,24,-999,5.4
2026-05-28 11:03:47.984,2026-05-28 11:18:34.167,22.6613590,114.5003400,24.7,0.0,-1.46,166.6,14.1,16.1,0.0,5900.23,10.0,2.0,2.5,NR5G-SA,n79,-65,-65,-10,25,-999,12.8
2026-05-28 11:03:48.185,2026-05-28 11:18:34.567,22.6613590,114.5003400,24.7,0.0,-1.46,166.6,14.1,16.1,0.0,5900.23,10.0,2.0,2.5,NR5G-SA,n79,-65,-65,-10,25,-999,8.5
2026-05-28 11:03:48.385,2026-05-28 11:18:34.767,22.6613591,114.5003399,24.3,0.1,-1.46,166.9,14.1,16.1,0.0,5900.24,10.0,2.0,2.5,NR5G-SA,n79,-65,-65,-10,25,-999,6.4
2026-05-28 11:03:48.585,2026-05-28 11:18:34.967,22.6613592,114.5003399,23.9,0.0,-1.39,167.3,14.1,17.0,0.1,5900.26,10.0,2.0,2.5,NR5G-SA,n79,-65,-65,-10,24,-999,5.9
2026-05-28 11:03:48.786,2026-05-28 11:18:35.167,22.6613594,114.5003399,23.6,0.1,-1.46,167.8,14.1,17.0,0.1,5900.28,10.0,2.0,2.5,NR5G-SA,n79,-65,-65,-10,24,-999,7.4
2026-05-28 11:03:48.986,2026-05-28 11:18:35.167,22.6613596,114.5003399,23.2,0.0,-1.47,168.3,0.0,17.0,0.1,5900.30,10.0,2.0,2.5,NR5G-SA,n79,-65,-65,-10,24,-999,13.1
2026-05-28 11:03:49.186,2026-05-28 11:18:35.567,22.6613596,114.5003399,23.2,0.0,-1.47,168.3,0.0,17.0,0.1,5900.30,10.0,2.0,2.5,NR5G-SA,n79,-65,-65,-10,24,-999,10.3
2026-05-28 11:03:49.387,2026-05-28 11:18:35.767,22.6613598,114.5003399,22.8,0.0,-1.37,168.8,0.0,17.0,0.1,5900.32,10.0,2.0,2.5,NR5G-SA,n79,-65,-65,-10,24,-999,5.5
2026-05-28 11:03:49.587,2026-05-28 11:18:35.967,22.6613598,114.5003400,22.5,0.0,-1.40,169.2,0.0,17.0,0.1,5900.33,10.0,2.0,2.5,NR5G-SA,n79,-65,-65,-10,24,-999,7.5
2026-05-28 11:03:49.787,2026-05-28 11:18:36.167,22.6613598,114.5003401,22.1,0.1,-1.53,169.2,0.0,17.0,0.1,5900.34,10.0,2.0,2.5,NR5G-SA,n79,-65,-65,-10,25,-999,5.3
2026-05-28 11:03:49.987,2026-05-28 11:18:36.167,22.6613597,114.5003399,21.7,0.1,-1.55,168.9,52.5,17.0,0.1,5900.37,10.0,2.0,2.5,NR5G-SA,n79,-65,-65,-10,25,-999,12.3
2026-05-28 11:03:50.188,2026-05-28 11:18:36.567,22.6613597,114.5003399,21.7,0.1,-1.55,168.9,52.5,17.0,0.1,5900.37,10.0,2.0,2.5,NR5G-SA,n79,-65,-65,-10,24,-999,8.8
2026-05-28 11:03:50.388,2026-05-28 11:18:36.767,22.6613596,114.5003398,21.3,0.1,-1.54,168.9,52.5,17.0,0.1,5900.38,10.0,2.0,2.5,NR5G-SA,n79,-65,-65,-10,24,-999,6.3
2026-05-28 11:03:50.588,2026-05-28 11:18:36.967,22.6613595,114.5003394,20.9,0.1,-1.47,169.1,52.5,17.2,0.1,5900.42,10.0,2.0,2.5,NR5G-SA,n79,-65,-65,-10,24,-999,6.0
2026-05-28 11:03:50.789,2026-05-28 11:18:37.167,22.6613595,114.5003393,20.5,0.0,-1.46,168.9,52.5,17.2,0.1,5900.43,10.0,2.0,2.5,NR5G-SA,n79,-66,-66,-10,24,-999,6.8
2026-05-28 11:03:50.989,2026-05-28 11:18:37.167,22.6613595,114.5003393,20.2,0.1,-1.40,168.5,35.1,17.2,0.1,5900.43,10.0,2.0,2.5,NR5G-SA,n79,-66,-66,-10,24,-999,13.7
2026-05-28 11:03:51.190,2026-05-28 11:18:37.567,22.6613595,114.5003393,20.2,0.1,-1.40,168.5,35.1,17.2,0.1,5900.43,10.0,2.0,2.5,NR5G-SA,n79,-66,-66,-10,24,-999,8.8
2026-05-28 11:03:51.390,2026-05-28 11:18:37.767,22.6613593,114.5003395,19.8,0.1,-1.42,167.6,35.1,17.2,0.1,5900.46,10.0,2.0,2.5,NR5G-SA,n79,-70,-70,-10,25,-999,5.9
2026-05-28 11:03:51.591,2026-05-28 11:18:37.967,22.6613589,114.5003396,19.4,0.2,-1.47,167.3,35.1,17.8,0.1,5900.51,10.0,2.0,2.5,NR5G-SA,n79,-70,-70,-10,25,-999,5.6
2026-05-28 11:03:51.791,2026-05-28 11:18:38.167,22.6613584,114.5003400,19.1,0.3,-1.44,167.5,35.1,17.8,0.1,5900.58,10.0,2.0,2.5,NR5G-SA,n79,-70,-70,-10,25,-999,7.9
2026-05-28 11:03:51.991,2026-05-28 11:18:38.167,22.6613579,114.5003407,18.7,0.3,-1.50,167.9,37.2,17.8,0.1,5900.67,10.0,2.0,2.5,NR5G-SA,n79,-70,-70,-10,25,-999,14.5
2026-05-28 11:03:52.192,2026-05-28 11:18:38.567,22.6613579,114.5003407,18.7,0.3,-1.50,167.9,37.2,17.8,0.1,5900.67,10.0,2.0,2.5,NR5G-SA,n79,-66,-66,-10,25,-999,9.8
2026-05-28 11:03:52.392,2026-05-28 11:18:38.767,22.6613575,114.5003412,18.3,0.3,-1.51,168.1,37.2,17.8,0.2,5900.74,10.0,2.0,2.5,NR5G-SA,n79,-68,-68,-10,24,-999,6.4
2026-05-28 11:03:52.592,2026-05-28 11:18:38.967,22.6613571,114.5003416,17.9,0.2,-1.53,168.1,37.2,17.8,0.2,5900.80,10.0,2.0,2.5,NR5G-SA,n79,-68,-68,-10,24,-999,6.8
2026-05-28 11:03:52.792,2026-05-28 11:18:39.167,22.6613569,114.5003418,17.5,0.2,-1.54,167.8,37.2,17.8,0.3,5900.83,10.0,2.0,2.5,NR5G-SA,n79,-68,-68,-10,24,-999,8.1
2026-05-28 11:03:52.993,2026-05-28 11:18:39.167,22.6613566,114.5003418,17.2,0.1,-1.53,167.4,24.5,17.8,0.3,5900.86,10.0,2.0,2.5,NR5G-SA,n79,-65,-65,-10,23,-999,9.8
2026-05-28 11:03:53.194,2026-05-28 11:18:39.567,22.6613566,114.5003418,17.2,0.1,-1.53,167.4,24.5,17.8,0.3,5900.86,10.0,2.0,2.5,NR5G-SA,n79,-65,-65,-10,23,-999,8.7
2026-05-28 11:03:53.394,2026-05-28 11:18:39.767,22.6613566,114.5003416,16.8,0.1,-1.50,166.8,24.5,17.8,0.3,5900.88,10.0,2.0,2.5,NR5G-SA,n79,-65,-65,-10,23,-999,6.6
2026-05-28 11:03:53.595,2026-05-28 11:18:39.967,22.6613566,114.5003414,16.4,0.2,-1.49,166.5,24.5,18.8,0.3,5900.90,10.0,2.0,2.5,NR5G-SA,n79,-66,-66,-10,22,-999,6.6
2026-05-28 11:03:53.795,2026-05-28 11:18:39.967,22.6613568,114.5003410,16.0,0.2,-1.48,166.4,24.5,18.8,0.2,5900.95,10.0,2.0,2.5,NR5G-SA,n79,-66,-66,-10,22,-999,10.2
2026-05-28 11:03:53.995,2026-05-28 11:18:40.167,22.6613572,114.5003405,15.6,0.3,-1.46,166.4,44.4,18.8,0.2,5901.02,10.0,2.0,2.5,NR5G-SA,n79,-66,-66,-10,22,-999,8.0
2026-05-28 11:03:54.196,2026-05-28 11:18:40.567,22.6613572,114.5003405,15.6,0.3,-1.46,166.4,44.4,18.8,0.2,5901.02,10.0,2.0,2.5,NR5G-SA,n79,-69,-69,-10,21,-999,8.4
2026-05-28 11:03:54.396,2026-05-28 11:18:40.767,22.6613577,114.5003401,15.3,0.3,-1.45,166.4,44.4,18.8,0.1,5901.09,10.0,2.0,2.5,NR5G-SA,n79,-69,-69,-10,21,-999,7.4
2026-05-28 11:03:54.597,2026-05-28 11:18:40.967,22.6613581,114.5003398,14.9,0.1,-1.43,166.5,44.4,19.9,0.1,5901.14,10.0,2.0,2.5,NR5G-SA,n79,-70,-70,-10,21,-999,6.9
2026-05-28 11:03:54.797,2026-05-28 11:18:41.167,22.6613582,114.5003399,14.5,0.0,-1.42,166.7,44.4,19.9,0.1,5901.16,10.0,2.0,2.5,NR5G-SA,n79,-70,-70,-10,21,-999,6.9
2026-05-28 11:03:54.997,2026-05-28 11:18:41.167,22.6613583,114.5003402,14.2,0.1,-1.43,166.5,10.3,19.9,0.1,5901.19,10.0,2.0,2.5,NR5G-SA,n79,-70,-70,-10,21,-999,13.8
2026-05-28 11:03:55.197,2026-05-28 11:18:41.567,22.6613583,114.5003402,14.2,0.1,-1.43,166.5,10.3,19.9,0.1,5901.19,10.0,2.0,2.5,NR5G-SA,n79,-72,-72,-10,22,-999,9.5
2026-05-28 11:03:55.398,2026-05-28 11:18:41.767,22.6613583,114.5003403,13.8,0.0,-1.45,166.2,10.3,19.9,0.1,5901.20,10.0,2.0,2.5,NR5G-SA,n79,-72,-72,-10,22,-999,6.1
2026-05-28 11:03:55.598,2026-05-28 11:18:41.967,22.6613583,114.5003404,13.4,0.0,-1.49,166.1,10.3,20.8,0.1,5901.21,10.0,2.0,2.5,NR5G-SA,n79,-72,-72,-10,22,-999,4.7
2026-05-28 11:03:55.798,2026-05-28 11:18:42.167,22.6613584,114.5003403,13.1,0.1,-1.47,166.7,10.3,20.8,0.1,5901.23,10.0,2.0,2.5,NR5G-SA,n79,-73,-73,-10,23,-999,7.7
2026-05-28 11:03:55.999,2026-05-28 11:18:42.167,22.6613586,114.5003403,12.7,0.2,-1.44,167.5,0.0,20.8,0.0,5901.25,10.0,2.0,2.5,NR5G-SA,n79,-73,-73,-10,23,-999,9.8
2026-05-28 11:03:56.199,2026-05-28 11:18:42.567,22.6613586,114.5003403,12.7,0.2,-1.44,167.5,0.0,20.8,0.0,5901.25,10.0,2.0,2.5,NR5G-SA,n79,-73,-73,-10,23,-999,8.3
2026-05-28 11:03:56.399,2026-05-28 11:18:42.767,22.6613591,114.5003400,12.3,0.3,-1.37,168.4,0.0,20.8,0.0,5901.31,10.0,2.0,2.5,NR5G-SA,n79,-75,-75,-10,24,-999,10.7
2026-05-28 11:03:56.600,2026-05-28 11:18:42.967,22.6613597,114.5003396,12.0,0.3,-1.37,169.0,0.0,22.4,0.1,5901.39,10.0,2.0,2.5,NR5G-SA,n79,-75,-75,-10,24,-999,5.4
2026-05-28 11:03:56.800,2026-05-28 11:18:43.167,22.6613602,114.5003394,11.6,0.1,-1.46,169.4,0.0,22.4,0.2,5901.45,10.0,2.0,2.5,NR5G-SA,n79,-75,-75,-10,24,-999,7.6
2026-05-28 11:03:57.000,2026-05-28 11:18:43.167,22.6613604,114.5003394,11.3,0.1,-1.42,169.7,7.6,22.4,0.2,5901.47,10.0,2.0,2.5,NR5G-SA,n79,-74,-74,-10,26,-999,8.6
2026-05-28 11:03:57.201,2026-05-28 11:18:43.567,22.6613604,114.5003394,11.3,0.1,-1.42,169.7,7.6,22.4,0.2,5901.47,10.0,2.0,2.5,NR5G-SA,n79,-74,-74,-10,26,-999,8.9
2026-05-28 11:03:57.401,2026-05-28 11:18:43.767,22.6613603,114.5003396,10.9,0.0,-1.30,169.8,7.6,22.4,0.2,5901.49,10.0,2.0,2.5,NR5G-SA,n79,-76,-76,-10,26,-999,5.6
2026-05-28 11:03:57.601,2026-05-28 11:18:43.967,22.6613601,114.5003397,10.6,0.1,-1.04,169.6,7.6,22.4,0.1,5901.52,10.0,2.0,2.5,NR5G-SA,n79,-76,-76,-10,26,-999,6.6
2026-05-28 11:03:57.802,2026-05-28 11:18:44.167,22.6613599,114.5003400,10.4,0.2,-0.73,168.8,7.6,24.3,0.1,5901.56,10.0,2.0,2.5,NR5G-SA,n79,-76,-76,-10,26,-999,5.2
2026-05-28 11:03:58.002,2026-05-28 11:18:44.167,22.6613593,114.5003404,10.3,0.3,-0.51,168.0,0.0,24.3,0.0,5901.64,10.0,2.0,2.5,NR5G-SA,n79,-77,-77,-10,25,-999,8.1
2026-05-28 11:03:58.202,2026-05-28 11:18:44.567,22.6613593,114.5003404,10.3,0.3,-0.51,168.0,0.0,24.3,0.0,5901.64,10.0,2.0,2.5,NR5G-SA,n79,-77,-77,-10,25,-999,9.9
2026-05-28 11:03:58.403,2026-05-28 11:18:44.767,22.6613585,114.5003405,10.2,0.3,-0.43,167.6,0.0,24.3,0.0,5901.73,10.0,2.0,2.5,NR5G-SA,n79,-77,-77,-10,25,-999,9.5
2026-05-28 11:03:58.603,2026-05-28 11:18:44.967,22.6613578,114.5003406,10.1,0.3,-0.44,167.5,0.0,24.3,0.1,5901.80,10.0,2.0,2.5,NR5G-SA,n79,-76,-76,-10,24,-999,4.9
2026-05-28 11:03:58.804,2026-05-28 11:18:45.167,22.6613572,114.5003407,10.0,0.2,-0.47,167.3,0.0,23.3,0.2,5901.87,10.0,2.0,2.5,NR5G-SA,n79,-76,-76,-10,24,-999,7.2
2026-05-28 11:03:59.004,2026-05-28 11:18:45.167,22.6613570,114.5003407,9.9,0.1,-0.53,167.2,23.2,23.3,0.2,5901.89,10.0,2.0,2.5,NR5G-SA,n79,-76,-76,-10,24,-999,6.4
2026-05-28 11:03:59.204,2026-05-28 11:18:45.567,22.6613570,114.5003407,9.9,0.1,-0.53,167.2,23.2,23.3,0.2,5901.89,10.0,2.0,2.5,NR5G-SA,n79,-77,-77,-10,24,-999,9.3
2026-05-28 11:03:59.405,2026-05-28 11:18:45.767,22.6613569,114.5003408,9.7,0.1,-0.59,167.2,23.2,23.3,0.2,5901.91,10.0,2.0,2.5,NR5G-SA,n79,-77,-77,-10,24,-999,10.4
2026-05-28 11:03:59.605,2026-05-28 11:18:45.967,22.6613569,114.5003409,9.6,0.1,-0.57,167.2,23.2,23.3,0.2,5901.92,10.0,2.0,2.5,NR5G-SA,n79,-77,-77,-10,23,-999,5.9
2026-05-28 11:03:59.806,2026-05-28 11:18:46.167,22.6613571,114.5003409,9.5,0.0,-0.52,167.1,23.2,24.1,0.2,5901.94,10.0,2.0,2.5,NR5G-SA,n79,-77,-77,-10,23,-999,5.0
2026-05-28 11:04:00.006,2026-05-28 11:18:46.567,22.6613572,114.5003409,9.3,0.1,-0.50,166.8,38.6,24.1,0.2,5901.95,10.0,2.0,2.5,NR5G-SA,n79,-77,-77,-10,23,-999,6.9
2026-05-28 11:04:00.206,2026-05-28 11:18:46.567,22.6613572,114.5003409,9.3,0.1,-0.50,166.8,38.6,24.1,0.2,5901.95,10.0,2.0,2.5,NR5G-SA,n79,-77,-77,-10,23,-999,9.6
2026-05-28 11:04:00.407,2026-05-28 11:18:46.767,22.6613574,114.5003408,9.2,0.2,-0.47,166.7,38.6,24.1,0.2,5901.98,10.0,2.0,2.5,NR5G-SA,n79,-77,-77,-10,23,-999,9.8
2026-05-28 11:04:00.607,2026-05-28 11:18:46.967,22.6613577,114.5003408,9.1,0.2,-0.49,166.7,38.6,24.1,0.1,5902.01,10.0,2.0,2.5,NR5G-SA,n79,-77,-77,-10,23,-999,6.5
2026-05-28 11:04:00.807,2026-05-28 11:18:47.167,22.6613580,114.5003406,9.0,0.2,-0.49,166.7,38.6,24.1,0.1,5902.05,10.0,2.0,2.5,NR5G-SA,n79,-77,-77,-10,25,-999,5.0
2026-05-28 11:04:01.008,2026-05-28 11:18:47.167,22.6613584,114.5003403,8.8,0.1,-0.52,166.7,33.2,24.1,0.1,5902.10,10.0,2.0,2.5,NR5G-SA,n79,-77,-77,-10,25,-999,10.1
2026-05-28 11:04:01.208,2026-05-28 11:18:47.567,22.6613584,114.5003403,8.8,0.1,-0.52,166.7,33.2,24.1,0.1,5902.10,10.0,2.0,2.5,NR5G-SA,n79,-77,-77,-10,25,-999,10.8
2026-05-28 11:04:01.408,2026-05-28 11:18:47.767,22.6613586,114.5003401,8.7,0.1,-0.51,166.7,33.2,24.1,0.0,5902.13,10.0,2.0,2.5,NR5G-SA,n79,-77,-77,-10,24,-999,9.7
2026-05-28 11:04:01.609,2026-05-28 11:18:47.967,22.6613588,114.5003400,8.6,0.1,-0.52,166.8,33.2,24.1,0.0,5902.16,10.0,2.0,2.5,NR5G-SA,n79,-77,-77,-10,24,-999,7.1
2026-05-28 11:04:01.809,2026-05-28 11:18:48.167,22.6613590,114.5003399,8.4,0.1,-0.50,166.9,33.2,22.9,0.0,5902.18,10.0,2.0,2.5,NR5G-SA,n79,-77,-77,-10,24,-999,7.9
2026-05-28 11:04:02.009,2026-05-28 11:18:48.167,22.6613592,114.5003398,8.3,0.1,-0.49,166.9,29.4,22.9,0.1,5902.21,10.0,2.0,2.5,NR5G-SA,n79,-77,-77,-10,24,-999,8.8
2026-05-28 11:04:02.210,2026-05-28 11:18:48.567,22.6613592,114.5003398,8.3,0.1,-0.49,166.9,29.4,22.9,0.1,5902.21,10.0,2.0,2.5,NR5G-SA,n79,-77,-77,-10,24,-999,10.9
2026-05-28 11:04:02.410,2026-05-28 11:18:48.767,22.6613592,114.5003397,8.2,0.0,-0.50,166.8,29.4,22.9,0.1,5902.22,10.0,2.0,2.5,NR5G-SA,n79,-77,-77,-10,23,-999,9.7
2026-05-28 11:04:02.610,2026-05-28 11:18:48.967,22.6613591,114.5003396,8.1,0.0,-0.51,167.1,29.4,22.9,0.1,5902.23,10.0,2.0,2.5,NR5G-SA,n79,-77,-77,-10,23,-999,5.3
2026-05-28 11:04:02.811,2026-05-28 11:18:49.167,22.6613591,114.5003395,7.9,0.0,-0.48,167.4,29.4,22.2,0.1,5902.24,10.0,2.0,2.5,NR5G-SA,n79,-77,-77,-10,23,-999,6.7
2026-05-28 11:04:03.011,2026-05-28 11:18:49.167,22.6613590,114.5003395,7.8,0.0,-0.43,167.6,59.0,22.2,0.1,5902.25,10.0,2.0,2.5,NR5G-SA,n79,-77,-77,-10,23,-999,10.6
2026-05-28 11:04:03.211,2026-05-28 11:18:49.567,22.6613590,114.5003395,7.8,0.0,-0.43,167.6,59.0,22.2,0.1,5902.25,10.0,2.0,2.5,NR5G-SA,n79,-77,-77,-10,23,-999,15.5
2026-05-28 11:04:03.412,2026-05-28 11:18:49.767,22.6613590,114.5003397,7.7,0.1,-0.49,167.5,59.0,22.2,0.1,5902.28,10.0,2.0,2.5,NR5G-SA,n79,-77,-77,-10,23,-999,11.7
2026-05-28 11:04:03.612,2026-05-28 11:18:49.967,22.6613591,114.5003398,7.6,0.1,-0.49,167.2,59.0,22.2,0.1,5902.29,10.0,2.0,2.5,NR5G-SA,n79,-77,-77,-10,22,-999,6.9
2026-05-28 11:04:03.812,2026-05-28 11:18:50.167,22.6613591,114.5003400,7.4,0.1,-0.48,167.0,59.0,22.2,0.0,5902.31,10.0,2.0,2.5,NR5G-SA,n79,-77,-77,-10,22,-999,5.4
2026-05-28 11:04:04.013,2026-05-28 11:18:50.567,22.6613591,114.5003402,7.3,0.0,-0.48,166.8,16.7,22.2,0.0,5902.33,10.0,2.0,2.5,NR5G-SA,n79,-77,-77,-10,21,-999,4.5
2026-05-28 11:04:04.213,2026-05-28 11:18:50.567,22.6613591,114.5003402,7.3,0.0,-0.48,166.8,16.7,22.2,0.0,5902.33,10.0,2.0,2.5,NR5G-SA,n79,-77,-77,-10,21,-999,9.2
2026-05-28 11:04:04.414,2026-05-28 11:18:50.767,22.6613591,114.5003402,7.2,0.0,-0.46,166.6,16.7,22.2,0.0,5902.33,10.0,2.0,2.5,NR5G-SA,n79,-77,-77,-10,21,-999,11.1
2026-05-28 11:04:04.614,2026-05-28 11:18:50.967,22.6613590,114.5003402,7.1,0.1,-0.48,166.6,16.7,22.2,0.0,5902.34,10.0,2.0,2.5,NR5G-SA,n79,-77,-77,-10,19,-999,7.0
2026-05-28 11:04:04.814,2026-05-28 11:18:51.167,22.6613588,114.5003401,6.9,0.1,-0.50,166.8,16.7,22.5,0.0,5902.37,10.0,2.0,2.5,NR5G-SA,n79,-77,-77,-10,19,-999,7.1
2026-05-28 11:04:05.015,2026-05-28 11:18:51.567,22.6613585,114.5003401,6.8,0.1,-0.49,167.1,0.0,22.5,0.0,5902.40,10.0,2.0,2.5,NR5G-SA,n79,-77,-77,-10,19,-999,5.1
2026-05-28 11:04:05.215,2026-05-28 11:18:51.567,22.6613585,114.5003401,6.8,0.1,-0.49,167.1,0.0,22.5,0.0,5902.40,10.0,2.0,2.5,NR5G-SA,n79,-77,-77,-10,17,-999,15.3
2026-05-28 11:04:05.415,2026-05-28 11:18:51.767,22.6613584,114.5003403,6.7,0.1,-0.47,167.2,0.0,22.5,0.1,5902.42,10.0,2.0,2.5,NR5G-SA,n79,-77,-77,-10,17,-999,10.0
2026-05-28 11:04:05.616,2026-05-28 11:18:51.967,22.6613582,114.5003404,6.6,0.1,-0.48,167.4,0.0,22.5,0.1,5902.45,10.0,2.0,2.5,NR5G-SA,n79,-77,-77,-10,17,-999,6.9
2026-05-28 11:04:05.816,2026-05-28 11:18:52.167,22.6613580,114.5003406,6.5,0.1,-0.49,167.4,0.0,22.5,0.1,5902.48,10.0,2.0,2.5,NR5G-SA,n79,-77,-77,-10,16,-999,6.1
2026-05-28 11:04:06.016,2026-05-28 11:18:52.167,22.6613578,114.5003407,6.3,0.1,-0.52,167.5,0.0,23.4,0.1,5902.50,10.0,2.0,2.5,NR5G-SA,n79,-77,-77,-10,16,-999,10.7
2026-05-28 11:04:06.217,2026-05-28 11:18:52.567,22.6613578,114.5003407,6.3,0.1,-0.52,167.5,0.0,23.4,0.1,5902.50,10.0,2.0,2.5,NR5G-SA,n79,-77,-77,-10,14,-999,11.9
2026-05-28 11:04:06.417,2026-05-28 11:18:52.767,22.6613575,114.5003408,6.2,0.1,-0.51,167.7,0.0,23.4,0.2,5902.54,10.0,2.0,2.5,NR5G-SA,n79,-77,-77,-10,14,-999,11.5
2026-05-28 11:04:06.617,2026-05-28 11:18:52.967,22.6613574,114.5003408,6.1,0.0,-0.53,167.9,0.0,23.4,0.2,5902.55,10.0,2.0,2.5,NR5G-SA,n79,-77,-77,-10,14,-999,8.0
2026-05-28 11:04:06.818,2026-05-28 11:18:53.167,22.6613575,114.5003408,6.0,0.1,-0.55,167.9,0.0,23.4,0.2,5902.56,10.0,2.0,2.5,NR5G-SA,n79,-77,-77,-10,14,-999,6.7
2026-05-28 11:04:07.018,2026-05-28 11:18:53.567,22.6613577,114.5003408,5.8,0.1,-0.51,167.8,0.0,23.3,0.1,5902.58,10.0,2.0,2.5,NR5G-SA,n79,-77,-77,-10,14,-999,3.9
2026-05-28 11:04:07.218,2026-05-28 11:18:53.567,22.6613577,114.5003408,5.8,0.1,-0.51,167.8,0.0,23.3,0.1,5902.58,10.0,2.0,2.5,NR5G-SA,n79,-77,-77,-10,14,-999,14.1
2026-05-28 11:04:07.419,2026-05-28 11:18:53.767,22.6613581,114.5003408,5.7,0.1,-0.51,167.7,0.0,23.3,0.1,5902.63,10.0,2.0,2.5,NR5G-SA,n79,-77,-77,-10,13,-999,10.0
2026-05-28 11:04:07.619,2026-05-28 11:18:53.967,22.6613583,114.5003408,5.6,0.1,-0.49,167.7,0.0,23.3,0.1,5902.65,10.0,2.0,2.5,NR5G-SA,n79,-77,-77,-10,13,-999,9.7
2026-05-28 11:04:07.819,2026-05-28 11:18:54.167,22.6613584,114.5003406,5.5,0.1,-0.46,167.7,0.0,23.3,0.1,5902.67,10.0,2.0,2.5,NR5G-SA,n79,-77,-77,-10,13,-999,8.0
2026-05-28 11:04:08.019,2026-05-28 11:18:54.167,22.6613584,114.5003404,5.3,0.1,-0.47,167.5,17.4,22.2,0.1,5902.69,10.0,2.0,2.5,NR5G-SA,n79,-77,-77,-10,13,-999,7.8
2026-05-28 11:04:08.220,2026-05-28 11:18:54.567,22.6613584,114.5003404,5.3,0.1,-0.47,167.5,17.4,22.2,0.1,5902.69,10.0,2.0,2.5,NR5G-SA,n79,-77,-77,-10,13,-999,15.1
2026-05-28 11:04:08.420,2026-05-28 11:18:54.767,22.6613582,114.5003403,5.2,0.1,-0.49,167.3,17.4,22.2,0.1,5902.72,10.0,2.0,2.5,NR5G-SA,n79,-77,-77,-10,13,-999,9.8
2026-05-28 11:04:08.620,2026-05-28 11:18:54.967,22.6613582,114.5003402,5.1,0.1,-0.49,167.1,17.4,22.2,0.1,5902.73,10.0,2.0,2.5,NR5G-SA,n79,-77,-77,-10,12,-999,6.9
2026-05-28 11:04:08.821,2026-05-28 11:18:55.167,22.6613581,114.5003400,4.9,0.1,-0.52,167.0,17.4,22.2,0.1,5902.75,10.0,2.0,2.5,NR5G-SA,n79,-77,-77,-10,12,-999,6.1
2026-05-28 11:04:09.021,2026-05-28 11:18:55.167,22.6613580,114.5003399,4.8,0.1,-0.47,167.1,42.4,22.3,0.1,5902.77,10.0,2.0,2.5,NR5G-SA,n79,-77,-77,-10,11,-999,7.3
2026-05-28 11:04:09.221,2026-05-28 11:18:55.567,22.6613580,114.5003399,4.8,0.1,-0.47,167.1,42.4,22.3,0.1,5902.77,10.0,2.0,2.5,NR5G-SA,n79,-77,-77,-10,11,-999,15.0
2026-05-28 11:04:09.422,2026-05-28 11:18:55.767,22.6613580,114.5003399,4.7,0.1,-0.48,167.1,42.4,22.3,0.1,5902.77,10.0,2.0,2.5,NR5G-SA,n79,-77,-77,-10,11,-999,9.9
2026-05-28 11:04:09.622,2026-05-28 11:18:55.967,22.6613580,114.5003398,4.6,0.1,-0.50,167.1,42.4,22.3,0.1,5902.78,10.0,2.0,2.5,NR5G-SA,n79,-77,-77,-10,12,-999,7.4
2026-05-28 11:04:09.822,2026-05-28 11:18:56.167,22.6613580,114.5003397,4.4,0.1,-0.52,167.2,42.4,22.3,0.1,5902.79,10.0,2.0,2.5,NR5G-SA,n79,-77,-77,-10,12,-999,5.5
2026-05-28 11:04:10.023,2026-05-28 11:18:56.567,22.6613581,114.5003395,4.3,0.1,-0.45,167.5,42.4,21.1,0.1,5902.81,10.0,2.0,2.5,NR5G-SA,n79,-77,-77,-10,12,-999,4.7
2026-05-28 11:04:10.223,2026-05-28 11:18:56.567,22.6613581,114.5003395,4.3,0.1,-0.45,167.5,25.9,21.1,0.1,5902.81,10.0,2.0,2.5,NR5G-SA,n79,-77,-77,-10,11,-999,14.1
2026-05-28 11:04:10.423,2026-05-28 11:18:56.767,22.6613582,114.5003394,4.2,0.1,-0.47,168.0,25.9,21.1,0.1,5902.83,10.0,2.0,2.5,NR5G-SA,n79,-77,-77,-10,11,-999,11.0
2026-05-28 11:04:10.624,2026-05-28 11:18:56.967,22.6613583,114.5003393,4.1,0.1,-0.48,168.4,25.9,21.1,0.1,5902.84,10.0,2.0,2.5,NR5G-SA,n79,-77,-77,-10,11,-999,8.6
2026-05-28 11:04:10.824,2026-05-28 11:18:57.167,22.6613584,114.5003394,4.0,0.1,-0.48,168.7,25.9,21.1,0.1,5902.86,10.0,2.0,2.5,NR5G-SA,n79,-77,-77,-10,11,-999,6.3
2026-05-28 11:04:11.024,2026-05-28 11:18:57.567,22.6613584,114.5003395,3.8,0.1,-0.48,168.4,36.9,19.2,0.1,5902.87,10.0,2.0,2.5,NR5G-SA,n79,-77,-77,-10,11,-999,4.9
2026-05-28 11:04:11.225,2026-05-28 11:18:57.567,22.6613584,114.5003395,3.8,0.1,-0.48,168.4,36.9,19.2,0.1,5902.87,10.0,2.0,2.5,NR5G-SA,n79,-77,-77,-10,11,-999,13.8
2026-05-28 11:04:11.425,2026-05-28 11:18:57.767,22.6613584,114.5003396,3.7,0.0,-0.50,168.1,36.9,19.2,0.1,5902.88,10.0,2.0,2.5,NR5G-SA,n79,-77,-77,-10,11,-999,10.7
2026-05-28 11:04:11.625,2026-05-28 11:18:57.967,22.6613584,114.5003397,3.6,0.0,-0.49,167.8,36.9,19.2,0.1,5902.89,10.0,2.0,2.5,NR5G-SA,n79,-77,-77,-10,11,-999,7.0
2026-05-28 11:04:11.826,2026-05-28 11:18:58.167,22.6613585,114.5003397,3.5,0.1,-0.48,167.4,36.9,19.2,0.1,5902.90,10.0,2.0,2.5,NR5G-SA,n79,-77,-77,-10,11,-999,4.6
2026-05-28 11:04:12.026,2026-05-28 11:18:58.567,22.6613586,114.5003398,3.3,0.1,-0.55,167.7,37.8,18.1,0.1,5902.91,10.0,2.0,2.5,NR5G-SA,n79,-77,-77,-10,11,-999,9.3
2026-05-28 11:04:12.226,2026-05-28 11:18:58.567,22.6613586,114.5003398,3.3,0.1,-0.55,167.7,37.8,18.1,0.1,5902.91,10.0,2.0,2.5,NR5G-SA,n79,-77,-77,-10,11,-999,15.9
2026-05-28 11:04:12.426,2026-05-28 11:18:58.767,22.6613589,114.5003399,3.2,0.1,-0.55,168.0,37.8,18.1,0.0,5902.95,10.0,2.0,2.5,NR5G-SA,n79,-77,-77,-10,10,-999,10.3
2026-05-28 11:04:12.627,2026-05-28 11:18:58.967,22.6613591,114.5003400,3.0,0.1,-0.52,168.2,37.8,18.1,0.0,5902.97,10.0,2.0,2.5,NR5G-SA,n79,-77,-77,-10,10,-999,6.5
2026-05-28 11:04:12.827,2026-05-28 11:18:59.167,22.6613594,114.5003402,2.9,0.1,-0.49,168.2,37.8,18.1,0.1,5903.01,10.0,2.0,2.5,NR5G-SA,n79,-77,-77,-10,10,-999,5.6
2026-05-28 11:04:13.027,2026-05-28 11:18:59.167,22.6613595,114.5003405,2.8,0.1,-0.45,168.1,37.8,17.9,0.1,5903.04,10.0,2.0,2.5,NR5G-SA,n79,-77,-77,-10,9,-999,8.6
2026-05-28 11:04:13.228,2026-05-28 11:18:59.567,22.6613595,114.5003405,2.8,0.1,-0.45,168.1,25.3,17.9,0.1,5903.04,10.0,2.0,2.5,NR5G-SA,n79,-77,-77,-10,9,-999,12.7
2026-05-28 11:04:13.428,2026-05-28 11:18:59.767,22.6613596,114.5003406,2.7,0.0,-0.45,168.2,25.3,17.9,0.1,5903.06,10.0,2.0,2.5,NR5G-SA,n79,-77,-77,-10,9,-999,11.5
2026-05-28 11:04:13.628,2026-05-28 11:18:59.967,22.6613596,114.5003406,2.6,0.0,-0.46,168.1,25.3,17.9,0.1,5903.06,10.0,2.0,2.5,NR5G-SA,n79,-77,-77,-10,9,-999,7.2
2026-05-28 11:04:13.829,2026-05-28 11:19:00.167,22.6613595,114.5003406,2.4,0.0,-0.47,168.0,25.3,17.9,0.1,5903.07,10.0,2.0,2.5,NR5G-SA,n79,-77,-77,-10,9,-999,5.1
2026-05-28 11:04:14.029,2026-05-28 11:19:00.167,22.6613595,114.5003405,2.3,0.0,-0.46,167.9,25.3,16.9,0.1,5903.08,10.0,2.0,2.5,NR5G-SA,n79,-77,-77,-10,9,-999,7.7
2026-05-28 11:04:14.230,2026-05-28 11:19:00.567,22.6613595,114.5003405,2.2,0.0,-0.46,167.7,44.6,16.9,0.1,5903.08,10.0,2.0,2.5,NR5G-SA,n79,-77,-77,-10,9,-999,11.2
2026-05-28 11:04:14.430,2026-05-28 11:19:00.767,22.6613595,114.5003405,2.2,0.0,-0.51,167.7,44.6,16.9,0.1,5903.08,10.0,2.0,2.5,NR5G-SA,n79,-77,-77,-10,9,-999,9.8
2026-05-28 11:04:14.630,2026-05-28 11:19:00.967,22.6613595,114.5003405,2.1,0.1,-0.51,167.7,44.6,16.9,0.1,5903.08,10.0,2.0,2.5,NR5G-SA,n79,-77,-77,-10,9,-999,6.6
2026-05-28 11:04:14.831,2026-05-28 11:19:01.167,22.6613595,114.5003405,1.9,0.1,-0.50,167.9,44.6,16.9,0.1,5903.08,10.0,2.0,2.5,NR5G-SA,n79,-77,-77,-10,9,-999,5.6
2026-05-28 11:04:15.031,2026-05-28 11:19:01.167,22.6613595,114.5003405,1.8,0.0,-0.50,168.1,44.6,17.2,0.1,5903.08,10.0,2.0,2.5,NR5G-SA,n79,-77,-77,-10,9,-999,10.4
2026-05-28 11:04:15.231,2026-05-28 11:19:01.567,22.6613595,114.5003404,1.7,0.0,-0.51,168.3,10.3,17.2,0.1,5903.09,10.0,2.0,2.5,NR5G-SA,n79,-77,-77,-10,9,-999,13.4
2026-05-28 11:04:15.432,2026-05-28 11:19:01.767,22.6613595,114.5003404,1.7,0.0,-0.51,168.3,10.3,17.2,0.1,5903.09,10.0,2.0,2.5,NR5G-SA,n79,-77,-77,-10,9,-999,11.0
2026-05-28 11:04:15.632,2026-05-28 11:19:01.967,22.6613595,114.5003404,1.6,0.1,-0.53,168.5,10.3,17.2,0.1,5903.09,10.0,2.0,2.5,NR5G-SA,n79,-101,-101,-11,11,-999,7.1
2026-05-28 11:04:15.833,2026-05-28 11:19:02.167,22.6613594,114.5003402,1.5,0.1,-0.48,168.5,10.3,17.2,0.1,5903.11,10.0,2.0,2.5,NR5G-SA,n79,-101,-101,-11,11,-999,5.4
2026-05-28 11:04:16.033,2026-05-28 11:19:02.167,22.6613593,114.5003399,1.4,0.1,-0.47,168.6,10.3,17.2,0.1,5903.15,10.0,2.0,2.5,NR5G-SA,n79,-101,-101,-11,11,-999,8.8
2026-05-28 11:04:16.233,2026-05-28 11:19:02.567,22.6613593,114.5003396,1.2,0.1,-0.47,168.6,0.0,17.0,0.1,5903.18,10.0,2.0,2.5,NR5G-SA,n79,-99,-99,-10,12,-999,13.4
2026-05-28 11:04:16.434,2026-05-28 11:19:02.767,22.6613593,114.5003396,1.2,0.1,-0.47,168.6,0.0,17.0,0.1,5903.18,10.0,2.0,2.5,NR5G-SA,n79,-99,-99,-10,12,-999,10.7
2026-05-28 11:04:16.634,2026-05-28 11:19:02.967,22.6613593,114.5003393,1.1,0.1,-0.46,168.5,0.0,17.0,0.1,5903.21,10.0,2.0,2.5,NR5G-SA,n79,-99,-99,-10,12,-999,7.2
2026-05-28 11:04:16.835,2026-05-28 11:19:03.167,22.6613593,114.5003394,1.1,0.1,-0.08,167.9,0.0,17.0,0.1,5903.22,10.0,2.0,2.5,NR5G-SA,n79,-101,-101,-11,13,-999,5.9
2026-05-28 11:04:17.035,2026-05-28 11:19:03.167,22.6613593,114.5003399,1.1,0.1,0.01,167.9,0.0,17.0,0.1,5903.27,10.0,2.0,2.5,NR5G-SA,n79,-101,-101,-11,13,-999,10.7
2026-05-28 11:04:17.235,2026-05-28 11:19:03.567,22.6613592,114.5003403,1.2,0.1,0.01,168.5,7.6,17.3,0.0,5903.31,10.0,2.0,2.5,NR5G-SA,n79,-101,-101,-11,13,-999,8.6
2026-05-28 11:04:17.436,2026-05-28 11:19:03.767,22.6613592,114.5003403,1.2,0.0,0.03,168.5,7.6,17.3,0.0,5903.31,10.0,2.0,2.5,NR5G-SA,n79,-101,-101,-11,13,-999,9.2
2026-05-28 11:04:17.636,2026-05-28 11:19:03.967,22.6613591,114.5003404,1.2,0.0,0.04,168.3,7.6,17.3,0.0,5903.33,10.0,2.0,2.5,NR5G-SA,n79,-105,-105,-11,12,-999,6.6
2026-05-28 11:04:17.837,2026-05-28 11:19:04.167,22.6613591,114.5003404,1.2,0.0,0.04,168.4,7.6,17.3,0.0,5903.33,10.0,2.0,2.5,NR5G-SA,n79,-104,-104,-11,12,-999,6.2
2026-05-28 11:04:18.037,2026-05-28 11:19:04.567,22.6613591,114.5003404,1.2,0.0,0.05,168.4,7.6,17.3,0.0,5903.33,10.0,2.0,2.5,NR5G-SA,n79,-104,-104,-11,12,-999,5.8
2026-05-28 11:04:18.237,2026-05-28 11:19:04.567,22.6613591,114.5003404,1.2,0.0,0.05,168.4,0.0,19.1,0.0,5903.33,10.0,2.0,2.5,NR5G-SA,n79,-104,-104,-11,12,-999,14.4
2026-05-28 11:04:18.437,2026-05-28 11:19:04.767,22.6613590,114.5003403,1.2,0.0,0.04,168.4,0.0,19.1,0.0,5903.34,10.0,2.0,2.5,NR5G-SA,n79,-105,-105,-11,12,-999,10.5
2026-05-28 11:04:18.638,2026-05-28 11:19:04.967,22.6613590,114.5003402,1.2,0.0,0.04,168.4,0.0,19.1,0.0,5903.35,10.0,2.0,2.5,NR5G-SA,n79,-105,-105,-11,12,-999,7.8
2026-05-28 11:04:18.838,2026-05-28 11:19:05.167,22.6613589,114.5003402,1.2,0.0,0.05,168.4,0.0,19.1,0.0,5903.37,10.0,2.0,2.5,NR5G-SA,n79,-105,-105,-11,12,-999,7.3
2026-05-28 11:04:19.039,2026-05-28 11:19:05.567,22.6613589,114.5003402,1.2,0.0,0.05,168.4,0.0,19.1,0.0,5903.37,10.0,2.0,2.5,NR5G-SA,n79,-104,-104,-11,12,-999,7.4
2026-05-28 11:04:19.239,2026-05-28 11:19:05.567,22.6613589,114.5003401,1.2,0.0,0.05,168.4,21.4,20.3,0.0,5903.38,10.0,2.0,2.5,NR5G-SA,n79,-104,-104,-11,12,-999,12.4
2026-05-28 11:04:19.439,2026-05-28 11:19:05.767,22.6613589,114.5003401,1.2,0.0,0.05,168.4,21.4,20.3,0.0,5903.38,10.0,2.0,2.5,NR5G-SA,n79,-104,-104,-11,12,-999,10.3
