Timestamp,GPS_Time,Latitude,Longitude,Altitude(m),Speed(m/s),Climb(m/s),Heading(deg),Loss_Rate(%),Avg_Ping(ms),Dist_to_Arm_Pt(m),Flight_Dist(m),WP_Speed(m/s),WP_Radius(m),WP_Accel(m/s2),Network,Band,Signal_dBm,RSRP,RSRQ,SNR,RSSI,Jitter(ms)
2026-05-28 11:28:56.737,2026-05-28 11:43:42.967,22.6613607,114.5003360,-0.0,0.0,-0.00,166.3,24.8,22.9,0.0,0.00,10.0,2.0,2.5,NR5G-SA,n79,-101,-101,-10,15,-999,13.8
2026-05-28 11:28:56.938,2026-05-28 11:43:43.167,22.6613607,114.5003360,-0.0,0.0,-0.00,166.3,24.8,22.9,0.0,0.00,10.0,2.0,2.5,NR5G-SA,n79,-101,-101,-10,15,-999,9.9
2026-05-28 11:28:57.138,2026-05-28 11:43:43.567,22.6613607,114.5003360,-0.0,0.0,-0.00,166.3,24.8,22.9,0.0,0.00,10.0,2.0,2.5,NR5G-SA,n79,-100,-100,-10,14,-999,8.8
2026-05-28 11:28:57.339,2026-05-28 11:43:43.767,22.6613607,114.5003360,-0.0,0.0,-0.00,166.3,24.8,21.7,0.0,0.00,10.0,2.0,2.5,NR5G-SA,n79,-100,-100,-10,14,-999,6.3
2026-05-28 11:28:57.539,2026-05-28 11:43:43.967,22.6613607,114.5003360,-0.0,0.0,-0.00,166.3,24.8,21.7,0.0,0.00,10.0,2.0,2.5,NR5G-SA,n79,-100,-100,-10,14,-999,7.2
2026-05-28 11:28:57.739,2026-05-28 11:43:43.967,22.6613607,114.5003360,-0.0,0.0,-0.00,166.3,37.5,21.7,0.0,0.00,10.0,2.0,2.5,NR5G-SA,n79,-100,-100,-10,15,-999,10.7
2026-05-28 11:28:57.939,2026-05-28 11:43:44.167,22.6613607,114.5003360,-0.0,0.0,-0.00,166.3,37.5,21.7,0.0,0.00,10.0,2.0,2.5,NR5G-SA,n79,-100,-100,-10,15,-999,13.8
2026-05-28 11:28:58.140,2026-05-28 11:43:44.567,22.6613607,114.5003360,-0.0,0.0,-0.00,166.3,37.5,21.7,0.0,0.00,10.0,2.0,2.5,NR5G-SA,n79,-102,-102,-11,15,-999,9.1
2026-05-28 11:28:58.340,2026-05-28 11:43:44.767,22.6613607,114.5003360,-0.0,0.0,-0.00,166.2,37.5,21.3,0.0,0.00,10.0,2.0,2.5,NR5G-SA,n79,-102,-102,-11,15,-999,7.2
2026-05-28 11:28:58.541,2026-05-28 11:43:44.967,22.6613607,114.5003360,-0.0,0.0,-0.00,166.3,37.5,21.3,0.0,0.00,10.0,2.0,2.5,NR5G-SA,n79,-102,-102,-11,15,-999,5.7
2026-05-28 11:28:58.741,2026-05-28 11:43:44.967,22.6613607,114.5003360,-0.0,0.0,-0.00,166.2,37.5,21.3,0.0,0.00,10.0,2.0,2.5,NR5G-SA,n79,-100,-100,-11,15,-999,15.3
2026-05-28 11:28:58.942,2026-05-28 11:43:45.167,22.6613607,114.5003360,-0.0,0.0,-0.00,166.2,51.6,21.3,0.0,0.00,10.0,2.0,2.5,NR5G-SA,n79,-100,-100,-11,15,-999,10.0
2026-05-28 11:28:59.142,2026-05-28 11:43:45.567,22.6613607,114.5003360,-0.0,0.0,-0.01,166.3,51.6,21.3,0.0,0.00,10.0,2.0,2.5,NR5G-SA,n79,-100,-100,-11,15,-999,7.6
2026-05-28 11:28:59.342,2026-05-28 11:43:45.767,22.6613607,114.5003360,-0.0,0.0,-0.00,166.3,51.6,22.7,0.0,0.00,10.0,2.0,2.5,NR5G-SA,n79,-99,-99,-11,15,-999,6.6
2026-05-28 11:28:59.543,2026-05-28 11:43:45.767,22.6613607,114.5003360,-0.0,0.0,-0.01,166.3,51.6,22.7,0.0,0.00,10.0,2.0,2.5,NR5G-SA,n79,-99,-99,-11,15,-999,7.9
2026-05-28 11:28:59.744,2026-05-28 11:43:45.967,22.6613607,114.5003360,-0.0,0.0,-0.00,166.3,28.5,22.7,0.0,0.00,10.0,2.0,2.5,NR5G-SA,n79,-99,-99,-11,15,-999,12.2
2026-05-28 11:28:59.944,2026-05-28 11:43:46.167,22.6613607,114.5003360,-0.0,0.0,-0.00,166.3,28.5,22.7,0.0,0.00,10.0,2.0,2.5,NR5G-SA,n79,-101,-101,-10,13,-999,7.4
2026-05-28 11:29:00.144,2026-05-28 11:43:46.567,22.6613607,114.5003360,-0.0,0.0,-0.00,166.3,28.5,22.7,0.0,0.00,10.0,2.0,2.5,NR5G-SA,n79,-101,-101,-10,13,-999,7.7
2026-05-28 11:29:00.345,2026-05-28 11:43:46.767,22.6613607,114.5003360,-0.0,0.0,-0.00,166.3,28.5,23.2,0.0,0.00,10.0,2.0,2.5,NR5G-SA,n79,-101,-101,-11,12,-999,6.1
2026-05-28 11:29:00.545,2026-05-28 11:43:46.767,22.6613607,114.5003360,-0.0,0.0,-0.00,166.3,28.5,23.2,0.0,0.00,10.0,2.0,2.5,NR5G-SA,n79,-101,-101,-11,12,-999,7.7
2026-05-28 11:29:00.745,2026-05-28 11:43:46.967,22.6613607,114.5003360,-0.0,0.0,-0.00,166.3,40.7,23.2,0.0,0.00,10.0,2.0,2.5,NR5G-SA,n79,-101,-101,-11,12,-999,10.3
2026-05-28 11:29:00.946,2026-05-28 11:43:47.167,22.6613607,114.5003360,-0.0,0.0,-0.00,166.3,40.7,23.2,0.0,0.00,10.0,2.0,2.5,NR5G-SA,n79,-100,-100,-11,14,-999,11.5
2026-05-28 11:29:01.146,2026-05-28 11:43:47.567,22.6613607,114.5003360,-0.0,0.0,0.00,166.3,40.7,23.2,0.0,0.00,10.0,2.0,2.5,NR5G-SA,n79,-100,-100,-11,14,-999,8.1
2026-05-28 11:29:01.346,2026-05-28 11:43:47.767,22.6613608,114.5003360,0.0,0.1,0.18,166.4,40.7,23.2,0.0,0.01,10.0,2.0,2.5,NR5G-SA,n79,-100,-100,-11,14,-999,7.1
2026-05-28 11:29:01.547,2026-05-28 11:43:47.967,22.6613612,114.5003358,0.1,0.2,0.42,166.8,40.7,23.2,0.1,0.06,10.0,2.0,2.5,NR5G-SA,n79,-102,-102,-11,12,-999,7.0
2026-05-28 11:29:01.747,2026-05-28 11:43:47.967,22.6613616,114.5003357,0.2,0.2,0.59,167.3,18.2,23.2,0.1,0.11,10.0,2.0,2.5,NR5G-SA,n79,-102,-102,-11,12,-999,12.8
2026-05-28 11:29:01.947,2026-05-28 11:43:48.167,22.6613616,114.5003357,0.2,0.2,0.59,167.3,18.2,23.2,0.1,0.11,10.0,2.0,2.5,NR5G-SA,n79,-102,-102,-11,12,-999,7.7
2026-05-28 11:29:02.148,2026-05-28 11:43:48.567,22.6613621,114.5003356,0.4,0.1,0.78,167.7,18.2,23.2,0.2,0.16,10.0,2.0,2.5,NR5G-SA,n79,-97,-97,-10,15,-999,8.3
2026-05-28 11:29:02.348,2026-05-28 11:43:48.767,22.6613623,114.5003356,0.6,0.1,1.04,167.9,18.2,23.2,0.2,0.18,10.0,2.0,2.5,NR5G-SA,n79,-97,-97,-10,15,-999,5.8
2026-05-28 11:29:02.548,2026-05-28 11:43:48.767,22.6613623,114.5003356,0.9,0.1,1.30,167.8,18.2,23.0,0.2,0.18,10.0,2.0,2.5,NR5G-SA,n79,-97,-97,-10,15,-999,7.6
2026-05-28 11:29:02.748,2026-05-28 11:43:48.967,22.6613623,114.5003357,1.3,0.0,1.59,167.7,0.0,23.0,0.2,0.20,10.0,2.0,2.5,NR5G-SA,n79,-98,-98,-10,14,-999,9.3
2026-05-28 11:29:02.949,2026-05-28 11:43:49.167,22.6613623,114.5003357,1.3,0.0,1.59,167.7,0.0,23.0,0.2,0.20,10.0,2.0,2.5,NR5G-SA,n79,-98,-98,-10,14,-999,9.4
2026-05-28 11:29:03.149,2026-05-28 11:43:49.567,22.6613623,114.5003358,1.8,0.1,1.82,167.6,0.0,23.0,0.2,0.21,10.0,2.0,2.5,NR5G-SA,n79,-101,-101,-10,13,-999,7.1
2026-05-28 11:29:03.349,2026-05-28 11:43:49.767,22.6613622,114.5003359,2.3,0.1,2.09,167.7,0.0,23.0,0.2,0.22,10.0,2.0,2.5,NR5G-SA,n79,-101,-101,-10,13,-999,6.6
2026-05-28 11:29:03.550,2026-05-28 11:43:49.767,22.6613622,114.5003361,2.9,0.1,2.35,167.4,0.0,22.6,0.2,0.24,10.0,2.0,2.5,NR5G-SA,n79,-101,-101,-10,13,-999,7.6
2026-05-28 11:29:03.750,2026-05-28 11:43:49.967,22.6613622,114.5003362,3.5,0.1,2.51,167.3,0.0,22.6,0.2,0.25,10.0,2.0,2.5,NR5G-SA,n79,-99,-99,-10,13,-999,11.4
2026-05-28 11:29:03.950,2026-05-28 11:43:50.167,22.6613622,114.5003362,3.5,0.1,2.51,167.3,0.0,22.6,0.2,0.25,10.0,2.0,2.5,NR5G-SA,n79,-99,-99,-10,13,-999,9.3
2026-05-28 11:29:04.151,2026-05-28 11:43:50.567,22.6613622,114.5003364,4.1,0.1,2.49,167.4,0.0,22.6,0.2,0.27,10.0,2.0,2.5,NR5G-SA,n79,-99,-99,-10,13,-999,8.3
2026-05-28 11:29:04.351,2026-05-28 11:43:50.767,22.6613622,114.5003366,4.7,0.1,2.49,167.3,0.0,22.6,0.2,0.29,10.0,2.0,2.5,NR5G-SA,n79,-96,-96,-10,13,-999,6.1
2026-05-28 11:29:04.551,2026-05-28 11:43:50.967,22.6613623,114.5003368,5.4,0.1,2.44,167.3,0.0,22.4,0.2,0.32,10.0,2.0,2.5,NR5G-SA,n79,-96,-96,-10,13,-999,8.0
2026-05-28 11:29:04.752,2026-05-28 11:43:50.967,22.6613622,114.5003369,6.0,0.1,2.44,167.4,0.0,22.4,0.2,0.33,10.0,2.0,2.5,NR5G-SA,n79,-96,-96,-10,13,-999,11.9
2026-05-28 11:29:04.952,2026-05-28 11:43:51.167,22.6613622,114.5003369,6.0,0.1,2.44,167.4,0.0,22.4,0.2,0.33,10.0,2.0,2.5,NR5G-SA,n79,-89,-89,-10,16,-999,10.9
2026-05-28 11:29:05.152,2026-05-28 11:43:51.567,22.6613621,114.5003369,6.5,0.1,2.48,167.4,0.0,22.4,0.2,0.34,10.0,2.0,2.5,NR5G-SA,n79,-89,-89,-10,16,-999,7.4
2026-05-28 11:29:05.353,2026-05-28 11:43:51.767,22.6613619,114.5003368,7.2,0.1,2.53,167.5,0.0,22.4,0.2,0.37,10.0,2.0,2.5,NR5G-SA,n79,-78,-78,-10,19,-999,7.1
2026-05-28 11:29:05.553,2026-05-28 11:43:51.967,22.6613618,114.5003369,7.8,0.1,2.54,167.6,0.0,24.4,0.2,0.38,10.0,2.0,2.5,NR5G-SA,n79,-78,-78,-10,19,-999,6.6
2026-05-28 11:29:05.753,2026-05-28 11:43:51.967,22.6613616,114.5003370,8.4,0.1,2.56,167.6,0.0,24.4,0.1,0.41,10.0,2.0,2.5,NR5G-SA,n79,-78,-78,-10,19,-999,9.1
2026-05-28 11:29:05.954,2026-05-28 11:43:52.167,22.6613616,114.5003370,8.4,0.1,2.56,167.6,16.0,24.4,0.1,0.41,10.0,2.0,2.5,NR5G-SA,n79,-76,-76,-10,26,-999,11.9
2026-05-28 11:29:06.154,2026-05-28 11:43:52.567,22.6613614,114.5003370,9.0,0.1,2.52,167.7,16.0,24.4,0.1,0.43,10.0,2.0,2.5,NR5G-SA,n79,-76,-76,-10,26,-999,9.2
2026-05-28 11:29:06.354,2026-05-28 11:43:52.767,22.6613613,114.5003370,9.6,0.1,2.57,167.7,16.0,24.4,0.1,0.44,10.0,2.0,2.5,NR5G-SA,n79,-76,-76,-10,26,-999,8.1
2026-05-28 11:29:06.555,2026-05-28 11:43:52.967,22.6613612,114.5003370,10.3,0.0,2.58,167.6,16.0,26.1,0.1,0.45,10.0,2.0,2.5,NR5G-SA,n79,-74,-74,-10,28,-999,8.3
2026-05-28 11:29:06.755,2026-05-28 11:43:52.967,22.6613613,114.5003370,10.9,0.0,2.51,167.6,16.0,26.1,0.1,0.46,10.0,2.0,2.5,NR5G-SA,n79,-74,-74,-10,28,-999,12.3
2026-05-28 11:29:06.955,2026-05-28 11:43:53.167,22.6613613,114.5003370,10.9,0.0,2.51,167.6,43.2,26.1,0.1,0.46,10.0,2.0,2.5,NR5G-SA,n79,-74,-74,-10,28,-999,11.3
2026-05-28 11:29:07.156,2026-05-28 11:43:53.567,22.6613613,114.5003370,11.5,0.0,2.48,167.6,43.2,26.1,0.1,0.46,10.0,2.0,2.5,NR5G-SA,n79,-71,-71,-10,29,-999,8.6
2026-05-28 11:29:07.356,2026-05-28 11:43:53.767,22.6613612,114.5003370,12.1,0.1,2.52,167.6,43.2,26.1,0.1,0.47,10.0,2.0,2.5,NR5G-SA,n79,-71,-71,-10,29,-999,7.0
2026-05-28 11:29:07.557,2026-05-28 11:43:53.967,22.6613612,114.5003368,12.7,0.1,2.57,167.7,43.2,26.2,0.1,0.49,10.0,2.0,2.5,NR5G-SA,n79,-70,-70,-10,30,-999,8.5
2026-05-28 11:29:07.757,2026-05-28 11:43:53.967,22.6613612,114.5003366,13.4,0.1,2.57,167.7,43.2,26.2,0.1,0.51,10.0,2.0,2.5,NR5G-SA,n79,-70,-70,-10,30,-999,10.6
2026-05-28 11:29:07.958,2026-05-28 11:43:54.167,22.6613612,114.5003366,13.4,0.1,2.57,167.7,29.1,26.2,0.1,0.51,10.0,2.0,2.5,NR5G-SA,n79,-70,-70,-10,30,-999,7.8
2026-05-28 11:29:08.158,2026-05-28 11:43:54.567,22.6613611,114.5003364,14.0,0.1,2.56,167.8,29.1,26.2,0.1,0.54,10.0,2.0,2.5,NR5G-SA,n79,-69,-69,-10,30,-999,7.3
2026-05-28 11:29:08.358,2026-05-28 11:43:54.767,22.6613610,114.5003363,14.6,0.0,2.55,167.6,29.1,26.2,0.0,0.55,10.0,2.0,2.5,NR5G-SA,n79,-69,-69,-10,30,-999,7.2
2026-05-28 11:29:08.559,2026-05-28 11:43:54.967,22.6613608,114.5003363,15.3,0.1,2.55,167.7,29.1,26.2,0.0,0.57,10.0,2.0,2.5,NR5G-SA,n79,-69,-69,-10,30,-999,6.3
2026-05-28 11:29:08.759,2026-05-28 11:43:54.967,22.6613607,114.5003363,15.9,0.1,2.57,167.7,29.1,26.5,0.0,0.59,10.0,2.0,2.5,NR5G-SA,n79,-67,-67,-10,30,-999,8.7
2026-05-28 11:29:08.959,2026-05-28 11:43:55.167,22.6613607,114.5003363,15.9,0.1,2.57,167.7,32.3,26.5,0.0,0.59,10.0,2.0,2.5,NR5G-SA,n79,-67,-67,-10,30,-999,12.2
2026-05-28 11:29:09.160,2026-05-28 11:43:55.567,22.6613605,114.5003363,16.5,0.1,2.56,167.8,32.3,26.5,0.0,0.61,10.0,2.0,2.5,NR5G-SA,n79,-67,-67,-10,30,-999,7.7
2026-05-28 11:29:09.360,2026-05-28 11:43:55.767,22.6613605,114.5003363,17.1,0.0,2.53,168.0,32.3,26.5,0.0,0.61,10.0,2.0,2.5,NR5G-SA,n79,-67,-67,-10,30,-999,7.1
2026-05-28 11:29:09.560,2026-05-28 11:43:55.967,22.6613605,114.5003362,17.8,0.1,2.53,167.9,32.3,26.5,0.0,0.62,10.0,2.0,2.5,NR5G-SA,n79,-64,-64,-10,32,-999,5.4
2026-05-28 11:29:09.761,2026-05-28 11:43:55.967,22.6613606,114.5003362,18.4,0.1,2.52,167.6,32.3,27.1,0.0,0.63,10.0,2.0,2.5,NR5G-SA,n79,-65,-65,-10,32,-999,10.6
2026-05-28 11:29:09.961,2026-05-28 11:43:56.167,22.6613606,114.5003362,18.4,0.1,2.52,167.6,39.2,27.1,0.0,0.63,10.0,2.0,2.5,NR5G-SA,n79,-65,-65,-10,32,-999,13.8
2026-05-28 11:29:10.162,2026-05-28 11:43:56.567,22.6613607,114.5003362,19.0,0.1,2.54,167.8,39.2,27.1,0.0,0.64,10.0,2.0,2.5,NR5G-SA,n79,-65,-65,-10,32,-999,12.8
2026-05-28 11:29:10.362,2026-05-28 11:43:56.767,22.6613608,114.5003362,19.7,0.1,2.53,167.9,39.2,27.1,0.0,0.65,10.0,2.0,2.5,NR5G-SA,n79,-66,-66,-10,28,-999,8.6
2026-05-28 11:29:10.562,2026-05-28 11:43:56.967,22.6613609,114.5003361,20.3,0.1,2.49,167.7,39.2,27.1,0.0,0.67,10.0,2.0,2.5,NR5G-SA,n79,-66,-66,-10,28,-999,6.2
2026-05-28 11:29:10.763,2026-05-28 11:43:56.967,22.6613610,114.5003360,20.9,0.1,2.53,168.0,39.2,26.5,0.0,0.68,10.0,2.0,2.5,NR5G-SA,n79,-66,-66,-10,28,-999,9.8
2026-05-28 11:29:10.963,2026-05-28 11:43:57.167,22.6613610,114.5003360,20.9,0.1,2.53,168.0,23.7,26.5,0.0,0.68,10.0,2.0,2.5,NR5G-SA,n79,-64,-64,-10,28,-999,7.6
2026-05-28 11:29:11.163,2026-05-28 11:43:57.567,22.6613611,114.5003359,21.5,0.1,2.51,168.0,23.7,26.5,0.0,0.70,10.0,2.0,2.5,NR5G-SA,n79,-64,-64,-10,28,-999,6.7
2026-05-28 11:29:11.364,2026-05-28 11:43:57.767,22.6613613,114.5003361,22.2,0.1,2.48,167.8,23.7,26.5,0.1,0.73,10.0,2.0,2.5,NR5G-SA,n79,-64,-64,-10,28,-999,6.3
2026-05-28 11:29:11.564,2026-05-28 11:43:57.967,22.6613615,114.5003362,22.8,0.1,2.49,167.6,23.7,26.5,0.1,0.75,10.0,2.0,2.5,NR5G-SA,n79,-64,-64,-10,26,-999,6.0
2026-05-28 11:29:11.764,2026-05-28 11:43:57.967,22.6613616,114.5003365,23.4,0.1,2.47,167.4,23.7,25.8,0.1,0.78,10.0,2.0,2.5,NR5G-SA,n79,-64,-64,-10,26,-999,9.7
2026-05-28 11:29:11.965,2026-05-28 11:43:58.167,22.6613616,114.5003365,23.4,0.1,2.47,167.4,42.1,25.8,0.1,0.78,10.0,2.0,2.5,NR5G-SA,n79,-64,-64,-10,26,-999,10.6
2026-05-28 11:29:12.165,2026-05-28 11:43:58.567,22.6613617,114.5003366,24.0,0.0,2.43,167.4,42.1,25.8,0.1,0.80,10.0,2.0,2.5,NR5G-SA,n79,-64,-64,-10,26,-999,7.7
2026-05-28 11:29:12.365,2026-05-28 11:43:58.767,22.6613618,114.5003365,24.6,0.1,2.44,167.6,42.1,25.8,0.1,0.82,10.0,2.0,2.5,NR5G-SA,n79,-64,-64,-10,26,-999,7.5
2026-05-28 11:29:12.566,2026-05-28 11:43:58.967,22.6613618,114.5003363,25.2,0.1,2.48,168.0,42.1,25.8,0.1,0.84,10.0,2.0,2.5,NR5G-SA,n79,-63,-63,-10,27,-999,6.9
2026-05-28 11:29:12.766,2026-05-28 11:43:58.967,22.6613618,114.5003359,25.9,0.1,2.54,168.1,42.1,27.2,0.1,0.88,10.0,2.0,2.5,NR5G-SA,n79,-63,-63,-10,27,-999,9.7
2026-05-28 11:29:12.966,2026-05-28 11:43:59.167,22.6613618,114.5003359,25.9,0.1,2.54,168.1,10.9,27.2,0.1,0.88,10.0,2.0,2.5,NR5G-SA,n79,-63,-63,-10,27,-999,8.6
2026-05-28 11:29:13.167,2026-05-28 11:43:59.567,22.6613618,114.5003357,26.5,0.1,2.49,167.9,10.9,27.2,0.1,0.90,10.0,2.0,2.5,NR5G-SA,n79,-64,-64,-10,28,-999,8.2
2026-05-28 11:29:13.367,2026-05-28 11:43:59.767,22.6613618,114.5003356,27.1,0.0,2.47,167.9,10.9,27.2,0.1,0.91,10.0,2.0,2.5,NR5G-SA,n79,-64,-64,-10,28,-999,7.8
2026-05-28 11:29:13.567,2026-05-28 11:43:59.967,22.6613618,114.5003356,27.7,0.0,2.51,168.0,10.9,27.2,0.1,0.91,10.0,2.0,2.5,NR5G-SA,n79,-64,-64,-10,28,-999,6.8
2026-05-28 11:29:13.767,2026-05-28 11:43:59.967,22.6613618,114.5003357,28.4,0.0,2.57,168.0,10.9,27.1,0.1,0.92,10.0,2.0,2.5,NR5G-SA,n79,-64,-64,-10,28,-999,7.8
2026-05-28 11:29:13.968,2026-05-28 11:44:00.167,22.6613618,114.5003357,28.4,0.0,2.57,168.0,0.0,27.1,0.1,0.92,10.0,2.0,2.5,NR5G-SA,n79,-64,-64,-10,28,-999,12.9
2026-05-28 11:29:14.168,2026-05-28 11:44:00.567,22.6613618,114.5003357,29.0,0.1,2.58,167.6,0.0,27.1,0.1,0.92,10.0,2.0,2.5,NR5G-SA,n79,-63,-63,-10,28,-999,6.9
2026-05-28 11:29:14.369,2026-05-28 11:44:00.767,22.6613618,114.5003359,29.7,0.2,2.54,167.6,0.0,27.1,0.1,0.94,10.0,2.0,2.5,NR5G-SA,n79,-63,-63,-10,28,-999,7.3
2026-05-28 11:29:14.569,2026-05-28 11:44:00.967,22.6613618,114.5003364,30.3,0.2,2.52,167.3,0.0,27.1,0.1,0.99,10.0,2.0,2.5,NR5G-SA,n79,-63,-63,-10,28,-999,6.5
2026-05-28 11:29:14.769,2026-05-28 11:44:00.967,22.6613619,114.5003370,30.9,0.3,2.54,167.0,0.0,27.2,0.2,1.05,10.0,2.0,2.5,NR5G-SA,n79,-64,-64,-10,28,-999,8.9
2026-05-28 11:29:14.970,2026-05-28 11:44:01.167,22.6613619,114.5003370,30.9,0.3,2.54,167.0,7.4,27.2,0.2,1.05,10.0,2.0,2.5,NR5G-SA,n79,-64,-64,-10,28,-999,13.0
2026-05-28 11:29:15.170,2026-05-28 11:44:01.567,22.6613620,114.5003376,31.6,0.2,2.50,166.9,7.4,27.2,0.2,1.12,10.0,2.0,2.5,NR5G-SA,n79,-64,-64,-10,28,-999,7.4
2026-05-28 11:29:15.371,2026-05-28 11:44:01.767,22.6613622,114.5003380,32.2,0.1,2.48,166.7,7.4,27.2,0.3,1.16,10.0,2.0,2.5,NR5G-SA,n79,-63,-63,-10,28,-999,8.1
2026-05-28 11:29:15.571,2026-05-28 11:44:01.967,22.6613624,114.5003381,32.8,0.1,2.50,166.6,7.4,27.2,0.3,1.19,10.0,2.0,2.5,NR5G-SA,n79,-63,-63,-10,28,-999,6.9
2026-05-28 11:29:15.771,2026-05-28 11:44:02.167,22.6613627,114.5003381,33.5,0.1,2.52,166.0,7.4,27.2,0.3,1.22,10.0,2.0,2.5,NR5G-SA,n79,-63,-63,-10,28,-999,9.1
2026-05-28 11:29:15.972,2026-05-28 11:44:02.167,22.6613627,114.5003381,33.5,0.1,2.52,166.0,22.0,26.2,0.3,1.22,10.0,2.0,2.5,NR5G-SA,n79,-64,-64,-10,28,-999,16.0
2026-05-28 11:29:16.172,2026-05-28 11:44:02.567,22.6613630,114.5003380,34.1,0.2,2.58,165.4,22.0,26.2,0.3,1.25,10.0,2.0,2.5,NR5G-SA,n79,-64,-64,-10,28,-999,7.7
2026-05-28 11:29:16.372,2026-05-28 11:44:02.767,22.6613631,114.5003378,34.7,0.1,2.53,165.1,22.0,26.2,0.3,1.28,10.0,2.0,2.5,NR5G-SA,n79,-65,-65,-10,28,-999,10.2
2026-05-28 11:29:16.573,2026-05-28 11:44:02.967,22.6613631,114.5003377,35.4,0.1,2.44,164.9,22.0,26.2,0.3,1.29,10.0,2.0,2.5,NR5G-SA,n79,-65,-65,-10,28,-999,7.9
2026-05-28 11:29:16.773,2026-05-28 11:44:02.967,22.6613628,114.5003373,36.0,0.2,2.44,165.1,22.0,26.2,0.3,1.34,10.0,2.0,2.5,NR5G-SA,n79,-65,-65,-10,28,-999,10.7
2026-05-28 11:29:16.973,2026-05-28 11:44:03.167,22.6613628,114.5003373,36.0,0.2,2.44,165.1,0.0,26.1,0.3,1.34,10.0,2.0,2.5,NR5G-SA,n79,-65,-65,-10,26,-999,8.7
2026-05-28 11:29:17.174,2026-05-28 11:44:03.567,22.6613623,114.5003369,36.6,0.2,2.44,165.5,0.0,26.1,0.2,1.41,10.0,2.0,2.5,NR5G-SA,n79,-65,-65,-10,26,-999,8.3
2026-05-28 11:29:17.374,2026-05-28 11:44:03.767,22.6613619,114.5003364,37.2,0.2,2.41,165.8,0.0,26.1,0.1,1.48,10.0,2.0,2.5,NR5G-SA,n79,-65,-65,-10,26,-999,7.3
2026-05-28 11:29:17.574,2026-05-28 11:44:03.967,22.6613617,114.5003359,37.8,0.2,2.41,166.1,0.0,26.1,0.1,1.53,10.0,2.0,2.5,NR5G-SA,n79,-65,-65,-10,29,-999,5.9
2026-05-28 11:29:17.775,2026-05-28 11:44:03.967,22.6613615,114.5003356,38.4,0.1,2.49,166.7,0.0,26.1,0.1,1.57,10.0,2.0,2.5,NR5G-SA,n79,-65,-65,-10,29,-999,9.3
2026-05-28 11:29:17.975,2026-05-28 11:44:04.167,22.6613613,114.5003354,39.1,0.1,2.49,167.0,38.1,24.6,0.1,1.60,10.0,2.0,2.5,NR5G-SA,n79,-65,-65,-10,29,-999,10.3
2026-05-28 11:29:18.175,2026-05-28 11:44:04.567,22.6613613,114.5003354,39.1,0.1,2.52,167.0,38.1,24.6,0.1,1.60,10.0,2.0,2.5,NR5G-SA,n79,-67,-67,-10,28,-999,7.4
2026-05-28 11:29:18.376,2026-05-28 11:44:04.767,22.6613613,114.5003353,39.7,0.0,2.54,167.1,38.1,24.6,0.1,1.61,10.0,2.0,2.5,NR5G-SA,n79,-67,-67,-10,28,-999,8.8
2026-05-28 11:29:18.576,2026-05-28 11:44:04.967,22.6613613,114.5003354,40.3,0.0,2.47,167.2,38.1,24.6,0.1,1.62,10.0,2.0,2.5,NR5G-SA,n79,-68,-68,-10,28,-999,6.3
2026-05-28 11:29:18.776,2026-05-28 11:44:04.967,22.6613613,114.5003354,41.0,0.0,2.47,167.2,38.1,24.6,0.1,1.62,10.0,2.0,2.5,NR5G-SA,n79,-68,-68,-10,28,-999,8.4
2026-05-28 11:29:18.976,2026-05-28 11:44:05.167,22.6613613,114.5003354,41.6,0.0,2.44,167.2,33.5,24.1,0.1,1.62,10.0,2.0,2.5,NR5G-SA,n79,-68,-68,-10,28,-999,10.9
2026-05-28 11:29:19.177,2026-05-28 11:44:05.567,22.6613613,114.5003354,41.6,0.0,2.44,167.2,33.5,24.1,0.1,1.62,10.0,2.0,2.5,NR5G-SA,n79,-68,-68,-10,28,-999,5.8
2026-05-28 11:29:19.377,2026-05-28 11:44:05.767,22.6613614,114.5003354,42.2,0.0,2.45,167.3,33.5,24.1,0.1,1.63,10.0,2.0,2.5,NR5G-SA,n79,-68,-68,-10,28,-999,8.5
2026-05-28 11:29:19.578,2026-05-28 11:44:05.967,22.6613613,114.5003355,42.8,0.0,2.47,167.1,33.5,24.1,0.1,1.65,10.0,2.0,2.5,NR5G-SA,n79,-69,-69,-10,27,-999,5.1
2026-05-28 11:29:19.778,2026-05-28 11:44:05.967,22.6613613,114.5003356,43.5,0.0,2.49,166.9,33.5,24.1,0.1,1.66,10.0,2.0,2.5,NR5G-SA,n79,-69,-69,-10,26,-999,8.4
2026-05-28 11:29:19.978,2026-05-28 11:44:06.167,22.6613613,114.5003356,44.1,0.0,2.49,166.8,29.0,21.4,0.1,1.66,10.0,2.0,2.5,NR5G-SA,n79,-69,-69,-10,26,-999,10.2
2026-05-28 11:29:20.179,2026-05-28 11:44:06.567,22.6613613,114.5003356,44.1,0.0,2.46,166.8,29.0,21.4,0.1,1.66,10.0,2.0,2.5,NR5G-SA,n79,-69,-69,-10,26,-999,7.4
2026-05-28 11:29:20.379,2026-05-28 11:44:06.767,22.6613614,114.5003355,44.7,0.0,2.45,166.8,29.0,21.4,0.1,1.67,10.0,2.0,2.5,NR5G-SA,n79,-69,-69,-10,25,-999,9.7
2026-05-28 11:29:20.579,2026-05-28 11:44:06.967,22.6613615,114.5003356,45.3,0.0,2.43,166.8,29.0,21.4,0.1,1.69,10.0,2.0,2.5,NR5G-SA,n79,-69,-69,-10,25,-999,6.6
2026-05-28 11:29:20.780,2026-05-28 11:44:07.167,22.6613614,114.5003356,45.9,0.0,2.44,167.1,29.0,21.4,0.1,1.70,10.0,2.0,2.5,NR5G-SA,n79,-69,-69,-10,25,-999,8.0
2026-05-28 11:29:20.980,2026-05-28 11:44:07.167,22.6613613,114.5003356,46.6,0.0,2.44,167.1,46.9,19.9,0.1,1.71,10.0,2.0,2.5,NR5G-SA,n79,-69,-69,-10,24,-999,14.1
2026-05-28 11:29:21.180,2026-05-28 11:44:07.567,22.6613613,114.5003356,46.6,0.0,2.44,167.1,46.9,19.9,0.1,1.71,10.0,2.0,2.5,NR5G-SA,n79,-69,-69,-10,24,-999,8.8
2026-05-28 11:29:21.381,2026-05-28 11:44:07.767,22.6613613,114.5003354,47.2,0.0,2.44,167.0,46.9,19.9,0.1,1.73,10.0,2.0,2.5,NR5G-SA,n79,-69,-69,-10,23,-999,8.4
2026-05-28 11:29:21.581,2026-05-28 11:44:07.967,22.6613613,114.5003353,47.8,0.0,2.47,167.0,46.9,19.9,0.1,1.74,10.0,2.0,2.5,NR5G-SA,n79,-69,-69,-10,23,-999,6.9
2026-05-28 11:29:21.781,2026-05-28 11:44:07.967,22.6613613,114.5003352,48.5,0.0,2.48,167.1,46.9,19.9,0.1,1.75,10.0,2.0,2.5,NR5G-SA,n79,-69,-69,-10,23,-999,8.8
2026-05-28 11:29:21.981,2026-05-28 11:44:08.167,22.6613614,114.5003352,49.1,0.0,2.51,167.1,0.0,20.1,0.1,1.76,10.0,2.0,2.5,NR5G-SA,n79,-69,-69,-10,22,-999,11.8
2026-05-28 11:29:22.182,2026-05-28 11:44:08.567,22.6613614,114.5003352,49.1,0.0,2.51,167.1,0.0,20.1,0.1,1.76,10.0,2.0,2.5,NR5G-SA,n79,-69,-69,-10,22,-999,7.9
2026-05-28 11:29:22.382,2026-05-28 11:44:08.767,22.6613614,114.5003353,49.7,0.1,2.52,167.1,0.0,20.1,0.1,1.77,10.0,2.0,2.5,NR5G-SA,n79,-69,-69,-10,22,-999,8.9
2026-05-28 11:29:22.582,2026-05-28 11:44:08.967,22.6613614,114.5003353,50.3,0.1,2.49,167.0,0.0,20.1,0.1,1.77,10.0,2.0,2.5,NR5G-SA,n79,-69,-69,-10,22,-999,6.7
2026-05-28 11:29:22.783,2026-05-28 11:44:08.967,22.6613614,114.5003354,51.0,0.1,2.45,166.9,0.0,20.1,0.1,1.79,10.0,2.0,2.5,NR5G-SA,n79,-69,-69,-10,22,-999,10.3
2026-05-28 11:29:22.983,2026-05-28 11:44:09.167,22.6613614,114.5003354,51.0,0.1,2.45,166.9,0.0,19.4,0.1,1.79,10.0,2.0,2.5,NR5G-SA,n79,-69,-69,-10,22,-999,14.0
2026-05-28 11:29:23.184,2026-05-28 11:44:09.567,22.6613614,114.5003356,51.6,0.1,2.44,166.9,0.0,19.4,0.1,1.81,10.0,2.0,2.5,NR5G-SA,n79,-69,-69,-10,23,-999,8.0
2026-05-28 11:29:23.384,2026-05-28 11:44:09.767,22.6613613,114.5003356,52.2,0.0,2.46,166.9,0.0,19.4,0.1,1.82,10.0,2.0,2.5,NR5G-SA,n79,-69,-69,-10,23,-999,7.5
2026-05-28 11:29:23.584,2026-05-28 11:44:09.967,22.6613613,114.5003356,52.8,0.0,2.45,166.8,0.0,19.4,0.1,1.82,10.0,2.0,2.5,NR5G-SA,n79,-69,-69,-10,22,-999,5.8
2026-05-28 11:29:23.785,2026-05-28 11:44:10.167,22.6613613,114.5003357,53.4,0.0,2.48,166.7,0.0,19.4,0.1,1.83,10.0,2.0,2.5,NR5G-SA,n79,-69,-69,-10,22,-999,7.6
2026-05-28 11:29:23.985,2026-05-28 11:44:10.167,22.6613613,114.5003359,54.1,0.1,2.45,166.6,0.0,19.1,0.1,1.85,10.0,2.0,2.5,NR5G-SA,n79,-69,-69,-10,22,-999,11.4
2026-05-28 11:29:24.186,2026-05-28 11:44:10.567,22.6613613,114.5003359,54.1,0.1,2.45,166.6,0.0,19.1,0.1,1.85,10.0,2.0,2.5,NR5G-SA,n79,-86,-86,-10,23,-999,9.4
2026-05-28 11:29:24.386,2026-05-28 11:44:10.767,22.6613613,114.5003360,54.7,0.1,2.53,166.6,0.0,19.1,0.1,1.86,10.0,2.0,2.5,NR5G-SA,n79,-86,-86,-10,23,-999,10.0
2026-05-28 11:29:24.586,2026-05-28 11:44:10.967,22.6613612,114.5003362,55.3,0.0,2.52,166.7,0.0,19.1,0.1,1.88,10.0,2.0,2.5,NR5G-SA,n79,-86,-86,-10,23,-999,6.2
2026-05-28 11:29:24.787,2026-05-28 11:44:11.167,22.6613612,114.5003362,55.9,0.0,2.47,166.8,0.0,19.1,0.1,1.88,10.0,2.0,2.5,NR5G-SA,n79,-81,-81,-10,20,-999,5.5
2026-05-28 11:29:24.987,2026-05-28 11:44:11.167,22.6613611,114.5003361,56.6,0.1,2.49,166.7,28.1,19.1,0.0,1.90,10.0,2.0,2.5,NR5G-SA,n79,-81,-81,-10,20,-999,9.5
2026-05-28 11:29:25.187,2026-05-28 11:44:11.567,22.6613611,114.5003361,56.6,0.1,2.49,166.7,28.1,19.6,0.0,1.90,10.0,2.0,2.5,NR5G-SA,n79,-81,-81,-10,20,-999,9.2
2026-05-28 11:29:25.388,2026-05-28 11:44:11.767,22.6613612,114.5003361,57.2,0.1,2.49,166.7,28.1,19.6,0.1,1.91,10.0,2.0,2.5,NR5G-SA,n79,-80,-80,-10,19,-999,11.2
2026-05-28 11:29:25.588,2026-05-28 11:44:11.967,22.6613612,114.5003359,57.8,0.1,2.45,166.5,28.1,19.6,0.1,1.93,10.0,2.0,2.5,NR5G-SA,n79,-80,-80,-10,19,-999,6.8
2026-05-28 11:29:25.788,2026-05-28 11:44:12.167,22.6613612,114.5003358,58.4,0.0,2.45,166.5,28.1,19.6,0.1,1.94,10.0,2.0,2.5,NR5G-SA,n79,-77,-77,-10,20,-999,8.6
2026-05-28 11:29:25.989,2026-05-28 11:44:12.167,22.6613613,114.5003357,59.0,0.0,2.43,166.5,42.2,19.6,0.1,1.95,10.0,2.0,2.5,NR5G-SA,n79,-77,-77,-10,20,-999,13.5
2026-05-28 11:29:26.189,2026-05-28 11:44:12.567,22.6613613,114.5003357,59.0,0.0,2.43,166.5,42.2,20.1,0.1,1.95,10.0,2.0,2.5,NR5G-SA,n79,-77,-77,-10,20,-999,6.8
2026-05-28 11:29:26.389,2026-05-28 11:44:12.767,22.6613613,114.5003357,59.7,0.0,2.51,166.5,42.2,20.1,0.1,1.95,10.0,2.0,2.5,NR5G-SA,n79,-79,-79,-10,21,-999,10.0
2026-05-28 11:29:26.590,2026-05-28 11:44:12.967,22.6613613,114.5003357,60.3,0.1,2.45,166.5,42.2,20.1,0.1,1.95,10.0,2.0,2.5,NR5G-SA,n79,-79,-79,-10,21,-999,5.9
2026-05-28 11:29:26.790,2026-05-28 11:44:13.167,22.6613613,114.5003358,60.9,0.1,2.46,166.5,42.2,20.1,0.1,1.96,10.0,2.0,2.5,NR5G-SA,n79,-79,-79,-10,21,-999,7.7
2026-05-28 11:29:26.991,2026-05-28 11:44:13.167,22.6613612,114.5003358,61.5,0.0,2.55,166.7,28.9,20.1,0.1,1.97,10.0,2.0,2.5,NR5G-SA,n79,-80,-80,-10,21,-999,9.8
2026-05-28 11:29:27.191,2026-05-28 11:44:13.567,22.6613612,114.5003358,61.5,0.0,2.55,166.7,28.9,20.3,0.1,1.97,10.0,2.0,2.5,NR5G-SA,n79,-80,-80,-10,21,-999,7.1
2026-05-28 11:29:27.391,2026-05-28 11:44:13.767,22.6613611,114.5003358,62.2,0.0,2.53,166.9,28.9,20.3,0.0,1.99,10.0,2.0,2.5,NR5G-SA,n79,-80,-80,-10,21,-999,9.7
2026-05-28 11:29:27.592,2026-05-28 11:44:13.967,22.6613611,114.5003359,62.8,0.0,2.49,166.6,28.9,20.3,0.0,2.00,10.0,2.0,2.5,NR5G-SA,n79,-79,-79,-10,23,-999,6.1
2026-05-28 11:29:27.792,2026-05-28 11:44:14.167,22.6613611,114.5003360,63.4,0.0,2.44,166.3,28.9,20.3,0.0,2.01,10.0,2.0,2.5,NR5G-SA,n79,-79,-79,-10,23,-999,9.0
2026-05-28 11:29:27.992,2026-05-28 11:44:14.167,22.6613611,114.5003360,64.1,0.0,2.50,166.5,33.9,20.3,0.0,2.01,10.0,2.0,2.5,NR5G-SA,n79,-78,-78,-10,26,-999,11.7
2026-05-28 11:29:28.193,2026-05-28 11:44:14.567,22.6613611,114.5003360,64.1,0.0,2.50,166.5,33.9,21.6,0.0,2.01,10.0,2.0,2.5,NR5G-SA,n79,-78,-78,-10,26,-999,6.2
2026-05-28 11:29:28.393,2026-05-28 11:44:14.767,22.6613611,114.5003361,64.7,0.0,2.49,166.7,33.9,21.6,0.0,2.02,10.0,2.0,2.5,NR5G-SA,n79,-78,-78,-10,26,-999,8.2
2026-05-28 11:29:28.593,2026-05-28 11:44:14.967,22.6613612,114.5003361,65.3,0.0,2.48,166.8,33.9,21.6,0.1,2.03,10.0,2.0,2.5,NR5G-SA,n79,-78,-78,-10,27,-999,6.0
2026-05-28 11:29:28.794,2026-05-28 11:44:15.167,22.6613612,114.5003361,66.0,0.0,2.51,166.7,33.9,21.6,0.1,2.03,10.0,2.0,2.5,NR5G-SA,n79,-78,-78,-10,27,-999,4.8
2026-05-28 11:29:28.994,2026-05-28 11:44:15.167,22.6613612,114.5003362,66.6,0.1,2.47,166.5,38.4,21.6,0.1,2.04,10.0,2.0,2.5,NR5G-SA,n79,-78,-78,-10,27,-999,13.4
2026-05-28 11:29:29.195,2026-05-28 11:44:15.567,22.6613612,114.5003362,66.6,0.1,2.47,166.5,38.4,21.2,0.1,2.04,10.0,2.0,2.5,NR5G-SA,n79,-78,-78,-10,27,-999,7.9
2026-05-28 11:29:29.395,2026-05-28 11:44:15.767,22.6613612,114.5003362,67.2,0.0,2.45,166.5,38.4,21.2,0.1,2.04,10.0,2.0,2.5,NR5G-SA,n79,-78,-78,-10,27,-999,8.4
2026-05-28 11:29:29.595,2026-05-28 11:44:15.967,22.6613613,114.5003362,67.8,0.0,2.45,166.4,38.4,21.2,0.1,2.05,10.0,2.0,2.5,NR5G-SA,n79,-78,-78,-10,27,-999,7.3
2026-05-28 11:29:29.796,2026-05-28 11:44:16.167,22.6613613,114.5003362,68.4,0.0,2.44,166.4,38.4,21.2,0.1,2.05,10.0,2.0,2.5,NR5G-SA,n79,-79,-79,-10,26,-999,6.0
2026-05-28 11:29:29.996,2026-05-28 11:44:16.167,22.6613613,114.5003362,69.1,0.0,2.49,166.4,23.1,21.2,0.1,2.05,10.0,2.0,2.5,NR5G-SA,n79,-79,-79,-10,26,-999,12.2
2026-05-28 11:29:30.196,2026-05-28 11:44:16.567,22.6613613,114.5003362,69.1,0.0,2.49,166.4,23.1,21.2,0.1,2.05,10.0,2.0,2.5,NR5G-SA,n79,-81,-81,-10,25,-999,5.8
2026-05-28 11:29:30.397,2026-05-28 11:44:16.767,22.6613613,114.5003362,69.7,0.0,2.50,166.3,23.1,21.2,0.1,2.05,10.0,2.0,2.5,NR5G-SA,n79,-81,-81,-10,25,-999,8.9
2026-05-28 11:29:30.597,2026-05-28 11:44:16.967,22.6613613,114.5003363,70.3,0.0,2.49,166.1,23.1,21.2,0.1,2.06,10.0,2.0,2.5,NR5G-SA,n79,-81,-81,-10,25,-999,5.7
2026-05-28 11:29:30.797,2026-05-28 11:44:17.167,22.6613613,114.5003363,70.9,0.1,2.48,166.0,23.1,21.2,0.1,2.06,10.0,2.0,2.5,NR5G-SA,n79,-81,-81,-10,23,-999,8.1
2026-05-28 11:29:30.998,2026-05-28 11:44:17.167,22.6613613,114.5003364,71.6,0.1,2.53,166.0,0.0,21.2,0.1,2.07,10.0,2.0,2.5,NR5G-SA,n79,-81,-81,-10,23,-999,9.4
2026-05-28 11:29:31.198,2026-05-28 11:44:17.567,22.6613613,114.5003364,71.6,0.1,2.53,166.0,0.0,22.2,0.1,2.07,10.0,2.0,2.5,NR5G-SA,n79,-81,-81,-10,23,-999,7.0
2026-05-28 11:29:31.398,2026-05-28 11:44:17.767,22.6613613,114.5003366,72.2,0.1,2.50,165.9,0.0,22.2,0.1,2.09,10.0,2.0,2.5,NR5G-SA,n79,-84,-84,-10,21,-999,9.7
2026-05-28 11:29:31.598,2026-05-28 11:44:17.967,22.6613612,114.5003367,72.8,0.1,2.53,165.6,0.0,22.2,0.1,2.11,10.0,2.0,2.5,NR5G-SA,n79,-84,-84,-10,21,-999,5.6
2026-05-28 11:29:31.799,2026-05-28 11:44:18.167,22.6613613,114.5003369,73.5,0.1,2.44,165.2,0.0,22.2,0.1,2.13,10.0,2.0,2.5,NR5G-SA,n79,-84,-84,-10,21,-999,6.0
2026-05-28 11:29:31.999,2026-05-28 11:44:18.167,22.6613613,114.5003369,74.1,0.1,2.42,165.6,8.8,22.2,0.1,2.13,10.0,2.0,2.5,NR5G-SA,n79,-84,-84,-10,20,-999,8.3
2026-05-28 11:29:32.200,2026-05-28 11:44:18.567,22.6613613,114.5003369,74.1,0.1,2.42,165.6,8.8,22.7,0.1,2.13,10.0,2.0,2.5,NR5G-SA,n79,-84,-84,-10,20,-999,10.1
2026-05-28 11:29:32.400,2026-05-28 11:44:18.767,22.6613613,114.5003368,74.7,0.1,2.48,166.0,8.8,22.7,0.1,2.14,10.0,2.0,2.5,NR5G-SA,n79,-84,-84,-10,20,-999,10.0
2026-05-28 11:29:32.600,2026-05-28 11:44:18.967,22.6613614,114.5003367,75.3,0.1,2.59,166.5,8.8,22.7,0.1,2.15,10.0,2.0,2.5,NR5G-SA,n79,-84,-84,-10,20,-999,7.1
2026-05-28 11:29:32.801,2026-05-28 11:44:19.167,22.6613615,114.5003365,75.9,0.1,2.57,166.3,8.8,22.7,0.1,2.18,10.0,2.0,2.5,NR5G-SA,n79,-84,-84,-10,18,-999,5.4
2026-05-28 11:29:33.001,2026-05-28 11:44:19.167,22.6613617,114.5003365,76.6,0.1,2.52,165.8,0.0,22.7,0.1,2.20,10.0,2.0,2.5,NR5G-SA,n79,-84,-84,-10,18,-999,10.5
2026-05-28 11:29:33.201,2026-05-28 11:44:19.567,22.6613617,114.5003365,76.6,0.1,2.52,165.8,0.0,22.7,0.1,2.20,10.0,2.0,2.5,NR5G-SA,n79,-84,-84,-10,18,-999,10.6
2026-05-28 11:29:33.402,2026-05-28 11:44:19.767,22.6613619,114.5003365,77.2,0.0,2.46,165.4,0.0,22.2,0.1,2.22,10.0,2.0,2.5,NR5G-SA,n79,-84,-84,-10,18,-999,9.0
2026-05-28 11:29:33.602,2026-05-28 11:44:19.967,22.6613619,114.5003364,77.8,0.0,2.50,165.3,0.0,22.2,0.1,2.23,10.0,2.0,2.5,NR5G-SA,n79,-84,-84,-10,18,-999,7.3
2026-05-28 11:29:33.802,2026-05-28 11:44:20.167,22.6613619,114.5003363,78.4,0.0,2.43,165.6,0.0,22.2,0.1,2.24,10.0,2.0,2.5,NR5G-SA,n79,-84,-84,-10,18,-999,6.1
2026-05-28 11:29:34.003,2026-05-28 11:44:20.167,22.6613618,114.5003362,79.1,0.1,2.45,165.8,9.1,22.2,0.1,2.26,10.0,2.0,2.5,NR5G-SA,n79,-84,-84,-10,18,-999,12.1
2026-05-28 11:29:34.203,2026-05-28 11:44:20.567,22.6613618,114.5003362,79.1,0.1,2.45,165.8,9.1,22.2,0.1,2.26,10.0,2.0,2.5,NR5G-SA,n79,-84,-84,-10,18,-999,10.6
2026-05-28 11:29:34.403,2026-05-28 11:44:20.767,22.6613618,114.5003359,79.7,0.1,2.49,166.0,9.1,24.3,0.1,2.29,10.0,2.0,2.5,NR5G-SA,n79,-84,-84,-10,18,-999,12.9
2026-05-28 11:29:34.604,2026-05-28 11:44:20.967,22.6613617,114.5003356,80.3,0.1,2.47,166.1,9.1,24.3,0.1,2.32,10.0,2.0,2.5,NR5G-SA,n79,-84,-84,-10,18,-999,6.6
2026-05-28 11:29:34.804,2026-05-28 11:44:21.167,22.6613615,114.5003354,80.9,0.1,2.48,166.2,9.1,24.3,0.1,2.35,10.0,2.0,2.5,NR5G-SA,n79,-44,-44,-10,22,-999,6.3
2026-05-28 11:29:35.005,2026-05-28 11:44:21.167,22.6613613,114.5003352,81.5,0.1,2.45,165.9,0.0,24.3,0.1,2.38,10.0,2.0,2.5,NR5G-SA,n79,-44,-44,-10,22,-999,10.7
2026-05-28 11:29:35.205,2026-05-28 11:44:21.567,22.6613613,114.5003352,81.5,0.1,2.45,165.9,0.0,24.3,0.1,2.38,10.0,2.0,2.5,NR5G-SA,n79,-44,-44,-10,23,-999,10.9
2026-05-28 11:29:35.405,2026-05-28 11:44:21.767,22.6613611,114.5003352,82.2,0.1,2.43,165.9,0.0,27.8,0.1,2.40,10.0,2.0,2.5,NR5G-SA,n79,-44,-44,-10,23,-999,10.0
2026-05-28 11:29:35.606,2026-05-28 11:44:21.967,22.6613610,114.5003353,82.8,0.1,2.52,165.8,0.0,27.8,0.1,2.42,10.0,2.0,2.5,NR5G-SA,n79,-44,-44,-10,23,-999,5.7
2026-05-28 11:29:35.806,2026-05-28 11:44:22.167,22.6613610,114.5003355,83.4,0.1,2.48,165.8,0.0,27.8,0.1,2.44,10.0,2.0,2.5,NR5G-SA,n79,-44,-44,-10,24,-999,7.3
2026-05-28 11:29:36.006,2026-05-28 11:44:22.167,22.6613611,114.5003358,84.0,0.1,2.53,165.8,24.2,27.8,0.0,2.47,10.0,2.0,2.5,NR5G-SA,n79,-44,-44,-10,24,-999,9.0
2026-05-28 11:29:36.207,2026-05-28 11:44:22.567,22.6613611,114.5003358,84.0,0.1,2.53,165.8,24.2,27.8,0.0,2.47,10.0,2.0,2.5,NR5G-SA,n79,-44,-44,-10,24,-999,16.0
2026-05-28 11:29:36.407,2026-05-28 11:44:22.767,22.6613611,114.5003360,84.7,0.1,2.49,165.8,24.2,28.2,0.0,2.49,10.0,2.0,2.5,NR5G-SA,n79,-78,-78,-10,31,-999,10.5
2026-05-28 11:29:36.608,2026-05-28 11:44:22.967,22.6613612,114.5003361,85.3,0.0,2.52,165.9,24.2,28.2,0.1,2.51,10.0,2.0,2.5,NR5G-SA,n79,-78,-78,-10,31,-999,7.2
2026-05-28 11:29:36.808,2026-05-28 11:44:23.167,22.6613612,114.5003361,85.9,0.0,2.50,165.9,24.2,28.2,0.1,2.51,10.0,2.0,2.5,NR5G-SA,n79,-78,-78,-10,31,-999,6.3
2026-05-28 11:29:37.008,2026-05-28 11:44:23.167,22.6613612,114.5003361,86.5,0.0,2.51,166.0,37.5,28.2,0.1,2.51,10.0,2.0,2.5,NR5G-SA,n79,-79,-79,-10,31,-999,11.5
2026-05-28 11:29:37.209,2026-05-28 11:44:23.567,22.6613612,114.5003361,86.5,0.0,2.51,166.0,37.5,28.2,0.1,2.51,10.0,2.0,2.5,NR5G-SA,n79,-79,-79,-10,31,-999,11.9
2026-05-28 11:29:37.409,2026-05-28 11:44:23.767,22.6613611,114.5003360,87.2,0.0,2.51,166.0,37.5,26.4,0.0,2.52,10.0,2.0,2.5,NR5G-SA,n79,-78,-78,-10,30,-999,14.0
2026-05-28 11:29:37.609,2026-05-28 11:44:23.967,22.6613612,114.5003360,87.8,0.0,2.54,166.0,37.5,26.4,0.1,2.53,10.0,2.0,2.5,NR5G-SA,n79,-78,-78,-10,30,-999,7.7
2026-05-28 11:29:37.810,2026-05-28 11:44:24.167,22.6613613,114.5003360,88.4,0.1,2.54,165.8,37.5,26.4,0.1,2.55,10.0,2.0,2.5,NR5G-SA,n79,-78,-78,-10,30,-999,6.6
2026-05-28 11:29:38.010,2026-05-28 11:44:24.167,22.6613614,114.5003359,89.1,0.0,2.50,165.8,35.2,26.4,0.1,2.56,10.0,2.0,2.5,NR5G-SA,n79,-76,-76,-10,30,-999,9.5
2026-05-28 11:29:38.210,2026-05-28 11:44:24.567,22.6613614,114.5003359,89.1,0.0,2.50,165.8,35.2,26.4,0.1,2.56,10.0,2.0,2.5,NR5G-SA,n79,-76,-76,-10,30,-999,16.2
2026-05-28 11:29:38.411,2026-05-28 11:44:24.767,22.6613615,114.5003358,89.7,0.0,2.40,165.9,35.2,26.4,0.1,2.58,10.0,2.0,2.5,NR5G-SA,n79,-76,-76,-10,30,-999,11.5
2026-05-28 11:29:38.611,2026-05-28 11:44:24.967,22.6613615,114.5003357,90.3,0.1,2.47,166.0,35.2,26.4,0.1,2.59,10.0,2.0,2.5,NR5G-SA,n79,-79,-79,-10,29,-999,6.1
2026-05-28 11:29:38.812,2026-05-28 11:44:25.167,22.6613615,114.5003356,90.9,0.0,2.48,166.0,35.2,26.4,0.1,2.60,10.0,2.0,2.5,NR5G-SA,n79,-79,-79,-10,29,-999,4.9
2026-05-28 11:29:39.012,2026-05-28 11:44:25.167,22.6613615,114.5003356,91.5,0.0,2.47,166.1,27.7,26.4,0.1,2.60,10.0,2.0,2.5,NR5G-SA,n79,-79,-79,-10,29,-999,7.5
2026-05-28 11:29:39.212,2026-05-28 11:44:25.567,22.6613615,114.5003356,91.5,0.0,2.47,166.1,27.7,26.4,0.1,2.60,10.0,2.0,2.5,NR5G-SA,n79,-79,-79,-10,28,-999,14.7
2026-05-28 11:29:39.413,2026-05-28 11:44:25.767,22.6613614,114.5003356,92.2,0.1,2.47,166.0,27.7,26.9,0.1,2.61,10.0,2.0,2.5,NR5G-SA,n79,-79,-79,-10,28,-999,8.5
2026-05-28 11:29:39.613,2026-05-28 11:44:25.967,22.6613613,114.5003356,92.8,0.1,2.51,166.1,27.7,26.9,0.1,2.62,10.0,2.0,2.5,NR5G-SA,n79,-79,-79,-10,28,-999,5.7
2026-05-28 11:29:39.813,2026-05-28 11:44:26.167,22.6613612,114.5003357,93.4,0.1,2.48,166.2,27.7,26.9,0.1,2.63,10.0,2.0,2.5,NR5G-SA,n79,-79,-79,-10,28,-999,8.6
2026-05-28 11:29:40.013,2026-05-28 11:44:26.167,22.6613613,114.5003359,94.1,0.1,2.52,166.1,42.9,26.9,0.1,2.66,10.0,2.0,2.5,NR5G-SA,n79,-79,-79,-10,28,-999,11.5
2026-05-28 11:29:40.214,2026-05-28 11:44:26.567,22.6613613,114.5003359,94.1,0.1,2.52,166.1,42.9,26.9,0.1,2.66,10.0,2.0,2.5,NR5G-SA,n79,-78,-78,-10,23,-999,16.7
2026-05-28 11:29:40.414,2026-05-28 11:44:26.767,22.6613613,114.5003360,94.7,0.1,2.47,165.8,42.9,26.9,0.1,2.67,10.0,2.0,2.5,NR5G-SA,n79,-78,-78,-10,23,-999,10.1
2026-05-28 11:29:40.614,2026-05-28 11:44:26.967,22.6613613,114.5003360,95.3,0.0,2.31,165.6,42.9,24.4,0.1,2.67,10.0,2.0,2.5,NR5G-SA,n79,-78,-78,-10,23,-999,5.8
2026-05-28 11:29:40.815,2026-05-28 11:44:27.167,22.6613613,114.5003361,95.8,0.1,2.17,165.5,42.9,24.4,0.1,2.68,10.0,2.0,2.5,NR5G-SA,n79,-78,-78,-10,21,-999,5.0
2026-05-28 11:29:41.015,2026-05-28 11:44:27.167,22.6613613,114.5003362,96.4,0.1,2.04,165.4,42.9,24.4,0.1,2.69,10.0,2.0,2.5,NR5G-SA,n79,-78,-78,-10,21,-999,9.3
2026-05-28 11:29:41.215,2026-05-28 11:44:27.567,22.6613613,114.5003362,96.4,0.1,2.04,165.4,15.6,24.4,0.1,2.69,10.0,2.0,2.5,NR5G-SA,n79,-78,-78,-10,21,-999,16.5
2026-05-28 11:29:41.415,2026-05-28 11:44:27.767,22.6613613,114.5003362,96.9,0.0,1.89,165.3,15.6,24.4,0.1,2.69,10.0,2.0,2.5,NR5G-SA,n79,-78,-78,-10,22,-999,11.5
2026-05-28 11:29:41.616,2026-05-28 11:44:27.967,22.6613613,114.5003363,97.3,0.0,1.71,165.2,15.6,23.3,0.1,2.70,10.0,2.0,2.5,NR5G-SA,n79,-78,-78,-10,22,-999,8.2
2026-05-28 11:29:41.816,2026-05-28 11:44:28.167,22.6613612,114.5003362,97.7,0.0,1.60,165.3,15.6,23.3,0.1,2.71,10.0,2.0,2.5,NR5G-SA,n79,-78,-78,-10,22,-999,8.0
2026-05-28 11:29:42.016,2026-05-28 11:44:28.167,22.6613612,114.5003362,98.1,0.0,1.48,165.4,15.6,23.3,0.1,2.71,10.0,2.0,2.5,NR5G-SA,n79,-78,-78,-10,22,-999,9.2
2026-05-28 11:29:42.217,2026-05-28 11:44:28.567,22.6613612,114.5003362,98.1,0.0,1.48,165.4,0.0,23.3,0.1,2.71,10.0,2.0,2.5,NR5G-SA,n79,-78,-78,-10,22,-999,14.9
2026-05-28 11:29:42.417,2026-05-28 11:44:28.767,22.6613611,114.5003362,98.4,0.0,1.37,165.6,0.0,23.3,0.0,2.73,10.0,2.0,2.5,NR5G-SA,n79,-78,-78,-10,23,-999,11.0
2026-05-28 11:29:42.617,2026-05-28 11:44:28.967,22.6613610,114.5003362,98.7,0.0,1.23,165.5,0.0,23.6,0.0,2.74,10.0,2.0,2.5,NR5G-SA,n79,-78,-78,-10,23,-999,7.8
2026-05-28 11:29:42.818,2026-05-28 11:44:29.167,22.6613610,114.5003362,99.0,0.1,1.16,165.3,0.0,23.6,0.0,2.74,10.0,2.0,2.5,NR5G-SA,n79,-78,-78,-10,23,-999,6.4
2026-05-28 11:29:43.018,2026-05-28 11:44:29.167,22.6613610,114.5003362,99.3,0.1,0.99,165.3,0.0,23.6,0.0,2.74,10.0,2.0,2.5,NR5G-SA,n79,-78,-78,-10,23,-999,7.7
2026-05-28 11:29:43.218,2026-05-28 11:44:29.567,22.6613610,114.5003362,99.3,0.1,0.99,165.3,0.0,23.6,0.0,2.74,10.0,2.0,2.5,NR5G-SA,n79,-78,-78,-10,23,-999,14.6
2026-05-28 11:29:43.419,2026-05-28 11:44:29.767,22.6613611,114.5003361,99.5,0.0,0.81,165.3,0.0,23.6,0.0,2.75,10.0,2.0,2.5,NR5G-SA,n79,-78,-78,-10,23,-999,15.0
2026-05-28 11:29:43.619,2026-05-28 11:44:29.967,22.6613613,114.5003360,99.7,0.0,0.63,165.4,0.0,23.6,0.1,2.78,10.0,2.0,2.5,NR5G-SA,n79,-78,-78,-10,23,-999,7.3
2026-05-28 11:29:43.819,2026-05-28 11:44:30.167,22.6613613,114.5003359,99.9,0.1,0.53,165.7,0.0,23.6,0.1,2.79,10.0,2.0,2.5,NR5G-SA,n79,-78,-78,-10,23,-999,7.0
2026-05-28 11:29:44.020,2026-05-28 11:44:30.167,22.6613614,114.5003359,99.9,0.0,0.34,166.0,0.0,23.6,0.1,2.80,10.0,2.0,2.5,NR5G-SA,n79,-78,-78,-10,23,-999,7.8
2026-05-28 11:29:44.220,2026-05-28 11:44:30.567,22.6613614,114.5003359,99.9,0.0,0.34,166.0,0.0,23.6,0.1,2.80,10.0,2.0,2.5,NR5G-SA,n79,-78,-78,-10,23,-999,17.7
2026-05-28 11:29:44.421,2026-05-28 11:44:30.767,22.6613614,114.5003358,100.0,0.0,0.13,166.2,0.0,23.6,0.1,2.81,10.0,2.0,2.5,NR5G-SA,n79,-78,-78,-10,23,-999,13.8
2026-05-28 11:29:44.621,2026-05-28 11:44:30.967,22.6613614,114.5003357,100.0,0.0,0.00,166.3,0.0,22.4,0.1,2.82,10.0,2.0,2.5,NR5G-SA,n79,-78,-78,-10,23,-999,8.1
2026-05-28 11:29:44.821,2026-05-28 11:44:31.167,22.6613614,114.5003357,100.0,0.0,-0.08,166.3,0.0,22.4,0.1,2.82,10.0,2.0,2.5,NR5G-SA,n79,-78,-78,-10,23,-999,5.8
2026-05-28 11:29:45.022,2026-05-28 11:44:31.567,22.6613614,114.5003358,100.0,0.1,-0.03,166.4,0.0,22.4,0.1,2.83,10.0,2.0,2.5,NR5G-SA,n79,-78,-78,-10,23,-999,8.9
2026-05-28 11:29:45.222,2026-05-28 11:44:31.567,22.6613614,114.5003358,100.0,0.1,-0.03,166.4,12.7,22.4,0.1,2.83,10.0,2.0,2.5,NR5G-SA,n79,-78,-78,-10,22,-999,14.5
2026-05-28 11:29:45.422,2026-05-28 11:44:31.767,22.6613616,114.5003364,100.0,0.3,-0.02,166.5,12.7,22.4,0.1,2.89,10.0,2.0,2.5,NR5G-SA,n79,-78,-78,-10,22,-999,11.5
2026-05-28 11:29:45.623,2026-05-28 11:44:31.967,22.6613621,114.5003373,100.0,0.5,0.02,166.8,12.7,23.2,0.2,3.00,10.0,2.0,2.5,NR5G-SA,n79,-78,-78,-10,22,-999,7.8
2026-05-28 11:29:45.823,2026-05-28 11:44:32.167,22.6613630,114.5003386,100.0,0.7,0.04,165.3,12.7,23.2,0.4,3.17,10.0,2.0,2.5,NR5G-SA,n79,-78,-78,-10,22,-999,5.4
2026-05-28 11:29:46.023,2026-05-28 11:44:32.167,22.6613641,114.5003404,100.0,1.0,0.18,156.5,12.7,23.2,0.6,3.39,10.0,2.0,2.5,NR5G-SA,n79,-78,-78,-10,22,-999,8.2
2026-05-28 11:29:46.224,2026-05-28 11:44:32.567,22.6613641,114.5003404,100.0,1.0,0.18,156.5,43.6,23.2,0.6,3.39,10.0,2.0,2.5,NR5G-SA,n79,-78,-78,-10,20,-999,15.1
2026-05-28 11:29:46.424,2026-05-28 11:44:32.767,22.6613658,114.5003428,100.1,1.4,0.17,143.8,43.6,23.2,0.9,3.70,10.0,2.0,2.5,NR5G-SA,n79,-78,-78,-10,20,-999,7.4
2026-05-28 11:29:46.624,2026-05-28 11:44:32.967,22.6613679,114.5003458,100.1,1.6,0.09,128.1,43.6,23.7,1.3,4.09,10.0,2.0,2.5,NR5G-SA,n79,-78,-78,-10,20,-999,5.7
2026-05-28 11:29:46.825,2026-05-28 11:44:33.167,22.6613704,114.5003496,100.1,2.0,-0.10,112.0,43.6,23.7,1.8,4.57,10.0,2.0,2.5,NR5G-SA,n79,-77,-77,-10,20,-999,8.0
2026-05-28 11:29:47.025,2026-05-28 11:44:33.167,22.6613734,114.5003543,100.1,2.4,-0.21,95.6,43.6,23.7,2.4,5.15,10.0,2.0,2.5,NR5G-SA,n79,-77,-77,-10,20,-999,6.9
2026-05-28 11:29:47.226,2026-05-28 11:44:33.567,22.6613734,114.5003543,100.1,2.4,-0.21,95.6,22.4,23.7,2.4,5.15,10.0,2.0,2.5,NR5G-SA,n79,-77,-77,-10,20,-999,14.0
2026-05-28 11:29:47.426,2026-05-28 11:44:33.767,22.6613769,114.5003601,100.0,2.9,-0.25,79.4,22.4,23.7,3.1,5.87,10.0,2.0,2.5,NR5G-SA,n79,-76,-76,-10,18,-999,15.3
2026-05-28 11:29:47.626,2026-05-28 11:44:33.967,22.6613811,114.5003668,100.0,3.5,-0.19,63.9,22.4,23.8,3.9,6.70,10.0,2.0,2.5,NR5G-SA,n79,-76,-76,-10,18,-999,7.2
2026-05-28 11:29:47.827,2026-05-28 11:44:34.167,22.6613862,114.5003744,99.9,4.0,-0.09,55.2,22.4,23.8,4.9,7.66,10.0,2.0,2.5,NR5G-SA,n79,-76,-76,-10,18,-999,5.9
2026-05-28 11:29:48.027,2026-05-28 11:44:34.167,22.6613919,114.5003829,99.9,4.5,-0.04,52.8,22.4,23.8,5.9,8.74,10.0,2.0,2.5,NR5G-SA,n79,-77,-77,-10,20,-999,8.3
2026-05-28 11:29:48.227,2026-05-28 11:44:34.567,22.6613919,114.5003829,99.9,4.5,-0.04,52.8,40.0,23.8,5.9,8.74,10.0,2.0,2.5,NR5G-SA,n79,-77,-77,-10,20,-999,13.4
2026-05-28 11:29:48.428,2026-05-28 11:44:34.767,22.6613980,114.5003922,100.0,4.9,0.02,52.5,40.0,23.8,7.1,9.91,10.0,2.0,2.5,NR5G-SA,n79,-77,-77,-10,20,-999,12.2
2026-05-28 11:29:48.628,2026-05-28 11:44:34.967,22.6614045,114.5004025,100.0,5.4,0.03,53.1,40.0,23.8,8.4,11.20,10.0,2.0,2.5,NR5G-SA,n79,-78,-78,-10,21,-999,6.7
2026-05-28 11:29:48.828,2026-05-28 11:44:35.167,22.6614115,114.5004139,100.0,5.9,0.03,53.5,40.0,24.2,9.8,12.60,10.0,2.0,2.5,NR5G-SA,n79,-78,-78,-10,21,-999,6.4
2026-05-28 11:29:49.029,2026-05-28 11:44:35.167,22.6614193,114.5004263,100.0,6.4,0.01,53.9,40.0,24.2,11.3,14.15,10.0,2.0,2.5,NR5G-SA,n79,-77,-77,-10,23,-999,6.9
2026-05-28 11:29:49.229,2026-05-28 11:44:35.567,22.6614279,114.5004397,100.0,6.9,0.02,54.1,29.6,24.2,13.0,15.82,10.0,2.0,2.5,NR5G-SA,n79,-77,-77,-10,23,-999,13.3
2026-05-28 11:29:49.429,2026-05-28 11:44:35.767,22.6614279,114.5004397,100.0,6.9,0.02,54.1,29.6,24.2,13.0,15.82,10.0,2.0,2.5,NR5G-SA,n79,-77,-77,-10,23,-999,14.9
2026-05-28 11:29:49.630,2026-05-28 11:44:35.967,22.6614371,114.5004542,100.1,7.5,-0.02,54.1,29.6,24.2,14.8,17.63,10.0,2.0,2.5,NR5G-SA,n79,-75,-75,-10,24,-999,6.2
2026-05-28 11:29:49.830,2026-05-28 11:44:36.167,22.6614471,114.5004697,100.1,7.9,-0.01,54.2,29.6,25.6,16.8,19.57,10.0,2.0,2.5,NR5G-SA,n79,-75,-75,-10,24,-999,8.8
2026-05-28 11:29:50.031,2026-05-28 11:44:36.167,22.6614577,114.5004860,100.1,8.3,-0.02,54.4,29.6,25.6,18.8,21.62,10.0,2.0,2.5,NR5G-SA,n79,-75,-75,-10,24,-999,8.0
2026-05-28 11:29:50.231,2026-05-28 11:44:36.567,22.6614577,114.5004860,100.1,8.3,-0.02,54.4,32.8,25.6,18.8,21.62,10.0,2.0,2.5,NR5G-SA,n79,-75,-75,-10,26,-999,13.1
2026-05-28 11:29:50.431,2026-05-28 11:44:36.767,22.6614687,114.5005030,100.1,8.7,-0.07,54.5,32.8,25.6,20.9,23.75,10.0,2.0,2.5,NR5G-SA,n79,-75,-75,-10,26,-999,10.5
2026-05-28 11:29:50.632,2026-05-28 11:44:36.967,22.6614802,114.5005207,100.1,9.1,-0.05,54.7,32.8,25.6,23.2,25.98,10.0,2.0,2.5,NR5G-SA,n79,-77,-77,-10,26,-999,7.9
2026-05-28 11:29:50.832,2026-05-28 11:44:37.167,22.6614921,114.5005388,100.1,9.3,-0.09,54.8,32.8,25.6,25.5,28.26,10.0,2.0,2.5,NR5G-SA,n79,-77,-77,-10,26,-999,7.2
2026-05-28 11:29:51.032,2026-05-28 11:44:37.167,22.6615041,114.5005574,100.1,9.5,-0.07,54.8,32.8,25.6,27.8,30.59,10.0,2.0,2.5,NR5G-SA,n79,-77,-77,-10,26,-999,9.6
2026-05-28 11:29:51.233,2026-05-28 11:44:37.567,22.6615165,114.5005764,100.1,9.7,-0.03,54.9,35.6,25.6,30.2,32.98,10.0,2.0,2.5,NR5G-SA,n79,-78,-78,-10,26,-999,13.0
2026-05-28 11:29:51.433,2026-05-28 11:44:37.767,22.6615165,114.5005764,100.1,9.7,-0.03,54.9,35.6,25.6,30.2,32.98,10.0,2.0,2.5,NR5G-SA,n79,-78,-78,-10,26,-999,12.4
2026-05-28 11:29:51.633,2026-05-28 11:44:37.967,22.6615290,114.5005957,100.1,9.8,-0.03,54.9,35.6,25.6,32.6,35.40,10.0,2.0,2.5,NR5G-SA,n79,-78,-78,-10,26,-999,7.3
2026-05-28 11:29:51.834,2026-05-28 11:44:38.167,22.6615415,114.5006150,100.1,9.8,-0.07,54.9,35.6,25.5,35.0,37.83,10.0,2.0,2.5,NR5G-SA,n79,-78,-78,-10,24,-999,6.0
2026-05-28 11:29:52.034,2026-05-28 11:44:38.567,22.6615540,114.5006343,100.1,9.8,-0.03,54.9,35.6,25.5,37.4,40.25,10.0,2.0,2.5,NR5G-SA,n79,-78,-78,-10,24,-999,5.3
2026-05-28 11:29:52.234,2026-05-28 11:44:38.567,22.6615666,114.5006535,100.1,9.8,-0.04,54.9,26.1,25.5,39.9,42.67,10.0,2.0,2.5,NR5G-SA,n79,-78,-78,-10,24,-999,13.6
2026-05-28 11:29:52.435,2026-05-28 11:44:38.767,22.6615666,114.5006535,100.1,9.8,-0.04,54.9,26.1,25.5,39.9,42.67,10.0,2.0,2.5,NR5G-SA,n79,-79,-79,-10,26,-999,13.0
2026-05-28 11:29:52.635,2026-05-28 11:44:38.967,22.6615792,114.5006727,100.1,9.9,-0.09,54.9,26.1,25.5,42.3,45.09,10.0,2.0,2.5,NR5G-SA,n79,-79,-79,-10,26,-999,7.7
2026-05-28 11:29:52.835,2026-05-28 11:44:39.167,22.6615920,114.5006922,100.1,10.0,-0.10,54.9,26.1,25.5,44.7,47.55,10.0,2.0,2.5,NR5G-SA,n79,-79,-79,-10,26,-999,7.4
2026-05-28 11:29:53.035,2026-05-28 11:44:39.567,22.6616049,114.5007118,100.1,10.0,-0.10,54.9,26.1,25.5,47.2,50.02,10.0,2.0,2.5,NR5G-SA,n79,-79,-79,-10,24,-999,6.7
2026-05-28 11:29:53.236,2026-05-28 11:44:39.567,22.6616179,114.5007317,100.1,10.0,-0.10,55.1,100.0,25.5,49.7,52.52,10.0,2.0,2.5,NR5G-SA,n79,-79,-79,-10,24,-999,14.4
2026-05-28 11:29:53.436,2026-05-28 11:44:39.767,22.6616179,114.5007317,100.1,10.0,-0.09,55.1,100.0,25.5,49.7,52.52,10.0,2.0,2.5,NR5G-SA,n79,-79,-79,-10,24,-999,12.2
2026-05-28 11:29:53.637,2026-05-28 11:44:39.967,22.6616308,114.5007515,100.1,10.0,-0.10,55.1,100.0,25.5,52.2,55.01,10.0,2.0,2.5,NR5G-SA,n79,-79,-79,-10,24,-999,7.1
2026-05-28 11:29:53.837,2026-05-28 11:44:40.167,22.6616437,114.5007712,100.1,10.0,-0.04,55.1,100.0,28.0,54.7,57.50,10.0,2.0,2.5,NR5G-SA,n79,-79,-79,-10,24,-999,6.0
2026-05-28 11:29:54.037,2026-05-28 11:44:40.567,22.6616566,114.5007910,100.1,10.0,-0.06,55.0,100.0,28.0,57.2,59.99,10.0,2.0,2.5,NR5G-SA,n79,-79,-79,-10,25,-999,4.3
2026-05-28 11:29:54.238,2026-05-28 11:44:40.567,22.6616695,114.5008108,100.1,10.0,-0.04,54.9,17.5,28.0,59.7,62.48,10.0,2.0,2.5,NR5G-SA,n79,-79,-79,-10,25,-999,13.5
2026-05-28 11:29:54.438,2026-05-28 11:44:40.767,22.6616695,114.5008108,100.1,10.0,-0.04,54.9,17.5,28.0,59.7,62.48,10.0,2.0,2.5,NR5G-SA,n79,-79,-79,-10,25,-999,7.0
2026-05-28 11:29:54.639,2026-05-28 11:44:40.967,22.6616823,114.5008306,100.1,10.0,-0.05,54.9,17.5,28.0,62.2,64.96,10.0,2.0,2.5,NR5G-SA,n79,-78,-78,-10,20,-999,6.6
2026-05-28 11:29:54.839,2026-05-28 11:44:41.167,22.6616952,114.5008505,100.1,10.0,-0.08,55.0,17.5,27.5,64.7,67.46,10.0,2.0,2.5,NR5G-SA,n79,-78,-78,-10,20,-999,5.1
2026-05-28 11:29:55.039,2026-05-28 11:44:41.567,22.6617081,114.5008703,100.1,10.0,-0.07,55.1,17.5,27.5,67.1,69.95,10.0,2.0,2.5,NR5G-SA,n79,-78,-78,-10,20,-999,5.0
2026-05-28 11:29:55.240,2026-05-28 11:44:41.567,22.6617211,114.5008903,100.1,10.0,-0.08,55.4,0.0,27.5,69.7,72.46,10.0,2.0,2.5,NR5G-SA,n79,-78,-78,-10,20,-999,10.7
2026-05-28 11:29:55.440,2026-05-28 11:44:41.767,22.6617211,114.5008903,100.1,10.0,-0.08,55.4,0.0,27.5,69.7,72.46,10.0,2.0,2.5,NR5G-SA,n79,-78,-78,-10,20,-999,14.3
2026-05-28 11:29:55.640,2026-05-28 11:44:41.967,22.6617340,114.5009102,100.1,10.0,-0.09,55.6,0.0,27.5,72.2,74.96,10.0,2.0,2.5,NR5G-SA,n79,-78,-78,-10,20,-999,6.5
2026-05-28 11:29:55.841,2026-05-28 11:44:42.167,22.6617468,114.5009302,100.1,10.0,-0.08,55.9,0.0,27.5,74.7,77.46,10.0,2.0,2.5,NR5G-SA,n79,-78,-78,-10,20,-999,5.3
2026-05-28 11:29:56.041,2026-05-28 11:44:42.567,22.6617596,114.5009502,100.0,10.0,-0.08,56.0,0.0,26.6,77.2,79.96,10.0,2.0,2.5,NR5G-SA,n79,-78,-78,-10,20,-999,6.3
2026-05-28 11:29:56.241,2026-05-28 11:44:42.567,22.6617724,114.5009703,100.0,10.0,-0.05,56.0,6.6,26.6,79.7,82.47,10.0,2.0,2.5,NR5G-SA,n79,-78,-78,-10,21,-999,13.0
2026-05-28 11:29:56.442,2026-05-28 11:44:42.767,22.6617724,114.5009703,100.0,10.0,-0.05,56.0,6.6,26.6,79.7,82.47,10.0,2.0,2.5,NR5G-SA,n79,-78,-78,-10,21,-999,12.0
2026-05-28 11:29:56.642,2026-05-28 11:44:42.967,22.6617853,114.5009903,100.0,10.0,-0.05,56.0,6.6,26.6,82.2,84.97,10.0,2.0,2.5,NR5G-SA,n79,-78,-78,-10,21,-999,7.3
2026-05-28 11:29:56.842,2026-05-28 11:44:43.167,22.6617983,114.5010103,100.0,10.0,-0.03,56.1,6.6,26.6,84.7,87.49,10.0,2.0,2.5,NR5G-SA,n79,-78,-78,-10,23,-999,6.1
2026-05-28 11:29:57.043,2026-05-28 11:44:43.567,22.6618112,114.5010302,100.0,9.9,-0.04,56.0,6.6,26.6,87.2,89.99,10.0,2.0,2.5,NR5G-SA,n79,-78,-78,-10,23,-999,5.5
2026-05-28 11:29:57.243,2026-05-28 11:44:43.567,22.6618241,114.5010502,100.0,9.9,-0.02,56.0,0.0,26.6,89.7,92.49,10.0,2.0,2.5,NR5G-SA,n79,-78,-78,-10,23,-999,10.6
2026-05-28 11:29:57.443,2026-05-28 11:44:43.767,22.6618241,114.5010502,100.0,9.9,-0.02,56.0,0.0,26.6,89.7,92.49,10.0,2.0,2.5,NR5G-SA,n79,-77,-77,-10,25,-999,13.8
2026-05-28 11:29:57.643,2026-05-28 11:44:43.967,22.6618370,114.5010701,100.0,10.0,-0.04,55.8,0.0,26.6,92.2,94.99,10.0,2.0,2.5,NR5G-SA,n79,-77,-77,-10,25,-999,7.9
2026-05-28 11:29:57.844,2026-05-28 11:44:44.167,22.6618499,114.5010901,100.0,10.0,-0.05,55.6,0.0,26.6,94.7,97.50,10.0,2.0,2.5,NR5G-SA,n79,-76,-76,-10,26,-999,6.0
2026-05-28 11:29:58.044,2026-05-28 11:44:44.567,22.6618628,114.5011101,100.0,10.0,-0.02,55.5,0.0,26.7,97.2,100.00,10.0,2.0,2.5,NR5G-SA,n79,-76,-76,-10,26,-999,5.0
2026-05-28 11:29:58.244,2026-05-28 11:44:44.567,22.6618758,114.5011302,100.0,10.0,-0.00,55.2,5.2,26.7,99.7,102.52,10.0,2.0,2.5,NR5G-SA,n79,-76,-76,-10,26,-999,11.6
2026-05-28 11:29:58.445,2026-05-28 11:44:44.767,22.6618758,114.5011302,100.0,10.0,-0.00,55.2,5.2,26.7,99.7,102.52,10.0,2.0,2.5,NR5G-SA,n79,-76,-76,-10,26,-999,13.5
2026-05-28 11:29:58.645,2026-05-28 11:44:44.967,22.6618888,114.5011504,100.0,10.0,-0.02,55.0,5.2,26.7,102.2,105.05,10.0,2.0,2.5,NR5G-SA,n79,-76,-76,-10,26,-999,7.6
2026-05-28 11:29:58.846,2026-05-28 11:44:45.167,22.6619017,114.5011704,100.0,10.0,-0.02,55.1,5.2,26.7,104.8,107.56,10.0,2.0,2.5,NR5G-SA,n79,-76,-76,-10,26,-999,6.3
2026-05-28 11:29:59.046,2026-05-28 11:44:45.567,22.6619146,114.5011904,100.0,9.9,0.01,55.2,5.2,24.0,107.3,110.07,10.0,2.0,2.5,NR5G-SA,n79,-78,-78,-10,25,-999,5.8
2026-05-28 11:29:59.247,2026-05-28 11:44:45.567,22.6619274,114.5012103,100.0,9.9,-0.00,55.1,0.0,24.0,109.8,112.56,10.0,2.0,2.5,NR5G-SA,n79,-78,-78,-10,25,-999,12.4
2026-05-28 11:29:59.447,2026-05-28 11:44:45.767,22.6619274,114.5012103,100.0,9.9,-0.00,55.1,0.0,24.0,109.8,112.56,10.0,2.0,2.5,NR5G-SA,n79,-78,-78,-10,25,-999,12.4
2026-05-28 11:29:59.647,2026-05-28 11:44:45.967,22.6619403,114.5012302,100.0,9.9,-0.02,55.1,0.0,24.0,112.3,115.06,10.0,2.0,2.5,NR5G-SA,n79,-78,-78,-10,24,-999,7.1
2026-05-28 11:29:59.848,2026-05-28 11:44:46.167,22.6619530,114.5012501,100.0,9.9,-0.03,54.9,0.0,24.0,114.7,117.54,10.0,2.0,2.5,NR5G-SA,n79,-78,-78,-10,24,-999,5.4
2026-05-28 11:30:00.048,2026-05-28 11:44:46.567,22.6619659,114.5012699,100.0,10.0,0.00,54.8,0.0,22.1,117.2,120.03,10.0,2.0,2.5,NR5G-SA,n79,-81,-81,-10,27,-999,4.9
2026-05-28 11:30:00.248,2026-05-28 11:44:46.567,22.6619788,114.5012897,100.0,9.9,0.00,54.7,16.2,22.1,119.7,122.52,10.0,2.0,2.5,NR5G-SA,n79,-81,-81,-10,27,-999,12.4
2026-05-28 11:30:00.449,2026-05-28 11:44:46.767,22.6619788,114.5012897,100.0,9.9,0.00,54.7,16.2,22.1,119.7,122.52,10.0,2.0,2.5,NR5G-SA,n79,-81,-81,-10,27,-999,15.4
2026-05-28 11:30:00.649,2026-05-28 11:44:46.967,22.6619916,114.5013096,100.0,10.0,0.04,54.9,16.2,22.1,122.2,125.01,10.0,2.0,2.5,NR5G-SA,n79,-79,-79,-10,26,-999,6.5
2026-05-28 11:30:00.850,2026-05-28 11:44:47.167,22.6620045,114.5013294,100.0,9.9,0.03,54.8,16.2,22.1,124.7,127.50,10.0,2.0,2.5,NR5G-SA,n79,-79,-79,-10,26,-999,6.8
2026-05-28 11:30:01.050,2026-05-28 11:44:47.167,22.6620174,114.5013493,100.0,10.0,0.06,54.8,16.2,25.1,127.2,130.00,10.0,2.0,2.5,NR5G-SA,n79,-79,-79,-10,26,-999,7.9
2026-05-28 11:30:01.250,2026-05-28 11:44:47.567,22.6620302,114.5013691,100.0,9.9,0.01,54.8,42.5,25.1,129.7,132.49,10.0,2.0,2.5,NR5G-SA,n79,-79,-79,-10,28,-999,10.8
2026-05-28 11:30:01.451,2026-05-28 11:44:47.767,22.6620302,114.5013691,100.0,9.9,0.01,54.8,42.5,25.1,129.7,132.49,10.0,2.0,2.5,NR5G-SA,n79,-79,-79,-10,28,-999,11.8
2026-05-28 11:30:01.651,2026-05-28 11:44:47.967,22.6620430,114.5013890,100.0,10.0,0.02,54.8,42.5,25.1,132.2,134.98,10.0,2.0,2.5,NR5G-SA,n79,-79,-79,-10,28,-999,6.6
2026-05-28 11:30:01.851,2026-05-28 11:44:48.167,22.6620558,114.5014089,100.0,9.9,-0.02,54.9,42.5,25.1,134.7,137.47,10.0,2.0,2.5,NR5G-SA,n79,-80,-80,-10,28,-999,6.1
2026-05-28 11:30:02.052,2026-05-28 11:44:48.567,22.6620685,114.5014289,100.0,10.0,0.00,55.0,42.5,26.6,137.2,139.96,10.0,2.0,2.5,NR5G-SA,n79,-80,-80,-10,28,-999,6.6
2026-05-28 11:30:02.252,2026-05-28 11:44:48.567,22.6620813,114.5014487,100.0,9.9,0.02,55.0,25.0,26.6,139.6,142.45,10.0,2.0,2.5,NR5G-SA,n79,-80,-80,-10,29,-999,12.0
2026-05-28 11:30:02.452,2026-05-28 11:44:48.767,22.6620813,114.5014487,100.0,9.9,0.02,55.0,25.0,26.6,139.6,142.45,10.0,2.0,2.5,NR5G-SA,n79,-80,-80,-10,29,-999,13.4
2026-05-28 11:30:02.653,2026-05-28 11:44:48.967,22.6620942,114.5014686,100.0,10.0,-0.03,55.1,25.0,26.6,142.1,144.95,10.0,2.0,2.5,NR5G-SA,n79,-80,-80,-10,29,-999,7.2
2026-05-28 11:30:02.853,2026-05-28 11:44:49.167,22.6621071,114.5014885,100.0,10.0,-0.01,55.1,25.0,26.6,144.6,147.44,10.0,2.0,2.5,NR5G-SA,n79,-80,-80,-10,26,-999,6.1
2026-05-28 11:30:03.053,2026-05-28 11:44:49.567,22.6621200,114.5015085,100.0,10.0,0.03,55.1,25.0,26.6,147.1,149.95,10.0,2.0,2.5,NR5G-SA,n79,-80,-80,-10,26,-999,6.3
2026-05-28 11:30:03.253,2026-05-28 11:44:49.567,22.6621329,114.5015283,100.0,10.0,0.02,55.1,38.3,25.8,149.6,152.44,10.0,2.0,2.5,NR5G-SA,n79,-80,-80,-10,26,-999,10.5
2026-05-28 11:30:03.454,2026-05-28 11:44:49.767,22.6621329,114.5015283,100.0,10.0,0.02,55.1,38.3,25.8,149.6,152.44,10.0,2.0,2.5,NR5G-SA,n79,-80,-80,-10,24,-999,8.4
2026-05-28 11:30:03.654,2026-05-28 11:44:49.967,22.6621459,114.5015483,100.0,9.9,0.01,55.1,38.3,25.8,152.1,154.95,10.0,2.0,2.5,NR5G-SA,n79,-80,-80,-10,24,-999,6.2
2026-05-28 11:30:03.855,2026-05-28 11:44:50.167,22.6621588,114.5015681,100.0,10.0,0.02,55.1,38.3,25.8,154.6,157.44,10.0,2.0,2.5,NR5G-SA,n79,-80,-80,-10,24,-999,6.6
2026-05-28 11:30:04.055,2026-05-28 11:44:50.567,22.6621718,114.5015880,100.0,9.9,0.04,55.2,38.3,25.8,157.1,159.95,10.0,2.0,2.5,NR5G-SA,n79,-80,-80,-10,22,-999,6.5
2026-05-28 11:30:04.255,2026-05-28 11:44:50.567,22.6621846,114.5016078,100.0,10.0,0.03,55.3,32.3,25.0,159.6,162.43,10.0,2.0,2.5,NR5G-SA,n79,-80,-80,-10,22,-999,13.1
2026-05-28 11:30:04.456,2026-05-28 11:44:50.767,22.6621846,114.5016078,100.0,10.0,0.03,55.3,32.3,25.0,159.6,162.43,10.0,2.0,2.5,NR5G-SA,n79,-80,-80,-10,23,-999,17.1
2026-05-28 11:30:04.656,2026-05-28 11:44:50.967,22.6621974,114.5016278,100.0,9.9,0.01,55.3,32.3,25.0,162.1,164.93,10.0,2.0,2.5,NR5G-SA,n79,-80,-80,-10,23,-999,7.1
2026-05-28 11:30:04.856,2026-05-28 11:44:51.167,22.6622101,114.5016478,100.0,9.9,0.08,55.5,32.3,25.0,164.6,167.43,10.0,2.0,2.5,NR5G-SA,n79,-80,-80,-10,23,-999,5.4
2026-05-28 11:30:05.057,2026-05-28 11:44:51.567,22.6622230,114.5016677,100.0,9.9,0.04,55.7,32.3,25.0,167.1,169.92,10.0,2.0,2.5,NR5G-SA,n79,-80,-80,-10,23,-999,4.8
2026-05-28 11:30:05.257,2026-05-28 11:44:51.567,22.6622358,114.5016875,100.0,9.9,0.04,55.8,31.1,26.3,169.6,172.41,10.0,2.0,2.5,NR5G-SA,n79,-80,-80,-10,23,-999,9.5
2026-05-28 11:30:05.457,2026-05-28 11:44:51.767,22.6622358,114.5016875,100.0,9.9,0.04,55.8,31.1,26.3,169.6,172.41,10.0,2.0,2.5,NR5G-SA,n79,-80,-80,-10,23,-999,13.1
2026-05-28 11:30:05.658,2026-05-28 11:44:51.967,22.6622486,114.5017072,100.0,10.0,0.02,55.6,31.1,26.3,172.1,174.88,10.0,2.0,2.5,NR5G-SA,n79,-80,-80,-10,23,-999,5.5
2026-05-28 11:30:05.858,2026-05-28 11:44:52.167,22.6622616,114.5017270,100.0,10.0,-0.04,55.4,31.1,26.3,174.6,177.38,10.0,2.0,2.5,NR5G-SA,n79,-80,-80,-10,23,-999,5.1
2026-05-28 11:30:06.058,2026-05-28 11:44:52.567,22.6622745,114.5017470,100.0,10.1,-0.02,55.4,31.1,26.3,177.1,179.88,10.0,2.0,2.5,NR5G-SA,n79,-80,-80,-10,23,-999,4.6
2026-05-28 11:30:06.259,2026-05-28 11:44:52.767,22.6622875,114.5017672,100.0,10.0,0.04,55.5,36.8,23.0,179.6,182.41,10.0,2.0,2.5,NR5G-SA,n79,-79,-79,-10,24,-999,7.5
2026-05-28 11:30:06.459,2026-05-28 11:44:52.767,22.6622875,114.5017672,100.0,10.0,0.04,55.5,36.8,23.0,179.6,182.41,10.0,2.0,2.5,NR5G-SA,n79,-79,-79,-10,24,-999,17.4
2026-05-28 11:30:06.659,2026-05-28 11:44:52.967,22.6623005,114.5017873,100.0,10.0,0.05,55.6,36.8,23.0,182.1,184.94,10.0,2.0,2.5,NR5G-SA,n79,-79,-79,-10,24,-999,7.8
2026-05-28 11:30:06.859,2026-05-28 11:44:53.167,22.6623135,114.5018073,100.0,10.0,0.00,55.8,36.8,23.0,184.6,187.45,10.0,2.0,2.5,NR5G-SA,n79,-80,-80,-10,20,-999,6.3
2026-05-28 11:30:07.060,2026-05-28 11:44:53.567,22.6623264,114.5018271,100.0,10.0,0.02,55.8,36.8,23.0,187.1,189.94,10.0,2.0,2.5,NR5G-SA,n79,-80,-80,-10,20,-999,5.8
2026-05-28 11:30:07.260,2026-05-28 11:44:53.567,22.6623394,114.5018472,100.0,10.1,0.03,55.6,24.5,20.0,189.7,192.46,10.0,2.0,2.5,NR5G-SA,n79,-80,-80,-10,19,-999,10.4
2026-05-28 11:30:07.460,2026-05-28 11:44:53.767,22.6623394,114.5018472,100.0,10.1,0.03,55.6,24.5,20.0,189.7,192.46,10.0,2.0,2.5,NR5G-SA,n79,-80,-80,-10,19,-999,12.4
2026-05-28 11:30:07.660,2026-05-28 11:44:53.967,22.6623523,114.5018673,100.0,10.1,-0.01,55.5,24.5,20.0,192.2,194.98,10.0,2.0,2.5,NR5G-SA,n79,-80,-80,-10,19,-999,6.8
2026-05-28 11:30:07.861,2026-05-28 11:44:54.167,22.6623652,114.5018874,100.0,10.0,0.05,55.5,24.5,20.0,194.7,197.49,10.0,2.0,2.5,NR5G-SA,n79,-80,-80,-10,18,-999,6.3
2026-05-28 11:30:08.061,2026-05-28 11:44:54.567,22.6623781,114.5019074,100.0,10.1,0.03,55.5,24.5,20.0,197.2,200.00,10.0,2.0,2.5,NR5G-SA,n79,-80,-80,-10,18,-999,5.7
2026-05-28 11:30:08.262,2026-05-28 11:44:54.767,22.6623910,114.5019274,100.0,10.0,0.02,55.6,41.6,20.1,199.7,202.50,10.0,2.0,2.5,NR5G-SA,n79,-80,-80,-10,18,-999,8.3
2026-05-28 11:30:08.462,2026-05-28 11:44:54.767,22.6623910,114.5019274,100.0,10.0,0.02,55.6,41.6,20.1,199.7,202.50,10.0,2.0,2.5,NR5G-SA,n79,-79,-79,-10,19,-999,17.9
2026-05-28 11:30:08.662,2026-05-28 11:44:54.967,22.6624039,114.5019474,100.0,10.0,0.05,55.6,41.6,20.1,202.2,205.01,10.0,2.0,2.5,NR5G-SA,n79,-79,-79,-10,19,-999,8.4
2026-05-28 11:30:08.863,2026-05-28 11:44:55.167,22.6624168,114.5019674,99.9,10.0,-0.01,55.5,41.6,20.1,204.7,207.52,10.0,2.0,2.5,NR5G-SA,n79,-79,-79,-10,19,-999,4.4
2026-05-28 11:30:09.063,2026-05-28 11:44:55.567,22.6624297,114.5019874,99.9,10.0,0.02,55.5,41.6,20.1,207.2,210.02,10.0,2.0,2.5,NR5G-SA,n79,-78,-78,-10,21,-999,5.6
2026-05-28 11:30:09.263,2026-05-28 11:44:55.567,22.6624427,114.5020075,99.9,10.0,0.02,55.4,41.6,19.6,209.7,212.54,10.0,2.0,2.5,NR5G-SA,n79,-78,-78,-10,21,-999,9.1
2026-05-28 11:30:09.464,2026-05-28 11:44:55.767,22.6624427,114.5020075,99.9,10.0,0.02,55.4,26.3,19.6,209.7,212.54,10.0,2.0,2.5,NR5G-SA,n79,-78,-78,-10,21,-999,16.0
2026-05-28 11:30:09.664,2026-05-28 11:44:55.967,22.6624557,114.5020274,99.9,10.0,0.06,55.2,26.3,19.6,212.2,215.05,10.0,2.0,2.5,NR5G-SA,n79,-78,-78,-10,21,-999,9.1
2026-05-28 11:30:09.865,2026-05-28 11:44:56.167,22.6624686,114.5020472,100.0,10.0,0.02,55.2,26.3,19.6,214.7,217.54,10.0,2.0,2.5,NR5G-SA,n79,-78,-78,-10,21,-999,6.1
2026-05-28 11:30:10.065,2026-05-28 11:44:56.567,22.6624816,114.5020671,100.0,10.0,0.05,55.1,26.3,19.6,217.2,220.04,10.0,2.0,2.5,NR5G-SA,n79,-78,-78,-10,22,-999,4.5
2026-05-28 11:30:10.265,2026-05-28 11:44:56.567,22.6624945,114.5020870,100.0,9.9,0.04,55.0,26.3,17.6,219.7,222.54,10.0,2.0,2.5,NR5G-SA,n79,-78,-78,-10,22,-999,11.4
2026-05-28 11:30:10.466,2026-05-28 11:44:56.767,22.6624945,114.5020870,100.0,9.9,0.04,55.0,0.0,17.6,219.7,222.54,10.0,2.0,2.5,NR5G-SA,n79,-78,-78,-10,22,-999,18.2
2026-05-28 11:30:10.666,2026-05-28 11:44:56.967,22.6625073,114.5021069,100.0,10.0,0.03,55.1,0.0,17.6,222.2,225.03,10.0,2.0,2.5,NR5G-SA,n79,-76,-76,-10,23,-999,8.8
2026-05-28 11:30:10.866,2026-05-28 11:44:57.167,22.6625201,114.5021268,100.0,9.9,0.05,55.5,0.0,17.6,224.7,227.53,10.0,2.0,2.5,NR5G-SA,n79,-76,-76,-10,23,-999,6.4
2026-05-28 11:30:11.067,2026-05-28 11:44:57.567,22.6625328,114.5021467,100.0,10.0,0.04,55.6,0.0,17.6,227.2,230.01,10.0,2.0,2.5,NR5G-SA,n79,-76,-76,-10,23,-999,6.0
2026-05-28 11:30:11.267,2026-05-28 11:44:57.567,22.6625455,114.5021665,100.0,9.9,0.09,55.4,0.0,17.3,229.7,232.49,10.0,2.0,2.5,NR5G-SA,n79,-76,-76,-10,25,-999,10.3
2026-05-28 11:30:11.467,2026-05-28 11:44:57.767,22.6625455,114.5021665,100.0,9.9,0.09,55.4,3.1,17.3,229.7,232.49,10.0,2.0,2.5,NR5G-SA,n79,-76,-76,-10,25,-999,16.1
2026-05-28 11:30:11.668,2026-05-28 11:44:57.967,22.6625581,114.5021863,100.0,9.9,0.05,55.1,3.1,17.3,232.2,234.96,10.0,2.0,2.5,NR5G-SA,n79,-76,-76,-10,26,-999,6.4
2026-05-28 11:30:11.868,2026-05-28 11:44:58.167,22.6625708,114.5022060,100.0,9.9,0.00,54.8,3.1,17.3,234.6,237.43,10.0,2.0,2.5,NR5G-SA,n79,-76,-76,-10,26,-999,5.0
2026-05-28 11:30:12.069,2026-05-28 11:44:58.567,22.6625833,114.5022255,100.0,9.8,-0.02,54.6,3.1,17.3,237.1,239.87,10.0,2.0,2.5,NR5G-SA,n79,-76,-76,-10,26,-999,6.6
2026-05-28 11:30:12.269,2026-05-28 11:44:58.567,22.6625959,114.5022450,100.0,9.9,-0.00,54.5,3.1,17.3,239.5,242.31,10.0,2.0,2.5,NR5G-SA,n79,-75,-75,-10,32,-999,9.3
2026-05-28 11:30:12.469,2026-05-28 11:44:58.767,22.6625959,114.5022450,100.0,9.9,-0.00,54.5,0.0,20.0,239.5,242.31,10.0,2.0,2.5,NR5G-SA,n79,-75,-75,-10,32,-999,16.2
2026-05-28 11:30:12.669,2026-05-28 11:44:58.967,22.6626086,114.5022647,100.0,9.9,-0.02,54.2,0.0,20.0,242.0,244.78,10.0,2.0,2.5,NR5G-SA,n79,-75,-75,-10,32,-999,8.2
2026-05-28 11:30:12.870,2026-05-28 11:44:59.167,22.6626217,114.5022848,100.0,10.0,0.01,54.0,0.0,20.0,244.5,247.31,10.0,2.0,2.5,NR5G-SA,n79,-76,-76,-10,32,-999,5.3
2026-05-28 11:30:13.070,2026-05-28 11:44:59.567,22.6626348,114.5023046,100.0,10.1,-0.00,54.0,0.0,20.0,247.0,249.81,10.0,2.0,2.5,NR5G-SA,n79,-76,-76,-10,32,-999,5.8
2026-05-28 11:30:13.270,2026-05-28 11:44:59.567,22.6626482,114.5023248,100.0,10.2,-0.02,53.9,0.0,20.0,249.6,252.37,10.0,2.0,2.5,NR5G-SA,n79,-76,-76,-10,32,-999,10.1
2026-05-28 11:30:13.471,2026-05-28 11:44:59.767,22.6626616,114.5023449,100.0,10.2,-0.02,54.1,7.0,19.9,252.1,254.91,10.0,2.0,2.5,NR5G-SA,n79,-77,-77,-10,31,-999,17.4
2026-05-28 11:30:13.671,2026-05-28 11:44:59.967,22.6626616,114.5023449,100.0,10.2,-0.03,54.1,7.0,19.9,252.1,254.91,10.0,2.0,2.5,NR5G-SA,n79,-77,-77,-10,31,-999,7.1
2026-05-28 11:30:13.872,2026-05-28 11:45:00.167,22.6626748,114.5023651,100.0,10.1,-0.00,54.3,7.0,19.9,254.6,257.46,10.0,2.0,2.5,NR5G-SA,n79,-77,-77,-10,30,-999,7.9
2026-05-28 11:30:14.072,2026-05-28 11:45:00.567,22.6626878,114.5023851,100.0,10.0,-0.01,54.6,7.0,19.9,257.2,259.97,10.0,2.0,2.5,NR5G-SA,n79,-77,-77,-10,30,-999,5.8
2026-05-28 11:30:14.272,2026-05-28 11:45:00.567,22.6627007,114.5024051,100.0,10.0,-0.03,54.7,7.0,19.9,259.7,262.48,10.0,2.0,2.5,NR5G-SA,n79,-77,-77,-10,30,-999,9.9
2026-05-28 11:30:14.473,2026-05-28 11:45:00.767,22.6627007,114.5024051,100.0,10.0,-0.03,54.7,0.0,20.3,259.7,262.48,10.0,2.0,2.5,NR5G-SA,n79,-77,-77,-10,28,-999,14.9
2026-05-28 11:30:14.673,2026-05-28 11:45:00.967,22.6627134,114.5024249,100.0,10.0,-0.03,54.7,0.0,20.3,262.1,264.95,10.0,2.0,2.5,NR5G-SA,n79,-77,-77,-10,28,-999,6.4
2026-05-28 11:30:14.873,2026-05-28 11:45:01.167,22.6627262,114.5024447,100.0,10.0,-0.03,54.7,0.0,20.3,264.6,267.44,10.0,2.0,2.5,NR5G-SA,n79,-77,-77,-10,28,-999,6.4
2026-05-28 11:30:15.074,2026-05-28 11:45:01.567,22.6627392,114.5024647,100.0,10.1,-0.02,54.5,0.0,20.3,267.1,269.95,10.0,2.0,2.5,NR5G-SA,n79,-76,-76,-10,31,-999,6.8
2026-05-28 11:30:15.274,2026-05-28 11:45:01.767,22.6627523,114.5024848,100.0,10.1,-0.04,54.3,0.0,20.3,269.7,272.48,10.0,2.0,2.5,NR5G-SA,n79,-76,-76,-10,31,-999,8.1
2026-05-28 11:30:15.474,2026-05-28 11:45:01.767,22.6627654,114.5025050,100.0,10.1,-0.01,54.3,17.0,21.0,272.2,275.01,10.0,2.0,2.5,NR5G-SA,n79,-76,-76,-10,31,-999,13.9
2026-05-28 11:30:15.675,2026-05-28 11:45:01.967,22.6627654,114.5025050,100.0,10.1,-0.01,54.3,17.0,21.0,272.2,275.01,10.0,2.0,2.5,NR5G-SA,n79,-78,-78,-10,30,-999,7.3
2026-05-28 11:30:15.875,2026-05-28 11:45:02.167,22.6627784,114.5025252,100.0,10.1,0.02,54.4,17.0,21.0,274.7,277.54,10.0,2.0,2.5,NR5G-SA,n79,-78,-78,-10,30,-999,6.0
2026-05-28 11:30:16.075,2026-05-28 11:45:02.567,22.6627912,114.5025452,100.0,10.0,0.01,54.6,17.0,21.0,277.2,280.04,10.0,2.0,2.5,NR5G-SA,n79,-78,-78,-10,30,-999,5.9
2026-05-28 11:30:16.276,2026-05-28 11:45:02.567,22.6628039,114.5025651,100.0,9.9,-0.03,54.7,17.0,21.0,279.7,282.53,10.0,2.0,2.5,NR5G-SA,n79,-78,-78,-10,30,-999,9.5
2026-05-28 11:30:16.476,2026-05-28 11:45:02.767,22.6628165,114.5025850,100.0,9.9,-0.01,54.6,42.4,20.5,282.2,285.01,10.0,2.0,2.5,NR5G-SA,n79,-78,-78,-10,30,-999,15.4
2026-05-28 11:30:16.676,2026-05-28 11:45:02.967,22.6628165,114.5025850,100.0,9.9,-0.01,54.6,42.4,20.5,282.2,285.01,10.0,2.0,2.5,NR5G-SA,n79,-78,-78,-10,29,-999,8.7
2026-05-28 11:30:16.877,2026-05-28 11:45:03.167,22.6628292,114.5026049,100.0,10.0,-0.04,54.4,42.4,20.5,284.7,287.49,10.0,2.0,2.5,NR5G-SA,n79,-78,-78,-10,29,-999,7.0
2026-05-28 11:30:17.077,2026-05-28 11:45:03.567,22.6628420,114.5026250,100.0,10.1,-0.02,54.7,42.4,20.5,287.2,290.00,10.0,2.0,2.5,NR5G-SA,n79,-78,-78,-10,29,-999,6.2
2026-05-28 11:30:17.277,2026-05-28 11:45:03.567,22.6628550,114.5026453,100.0,10.1,0.01,55.1,42.4,20.5,289.7,292.54,10.0,2.0,2.5,NR5G-SA,n79,-81,-81,-10,29,-999,8.9
2026-05-28 11:30:17.478,2026-05-28 11:45:03.767,22.6628681,114.5026656,100.0,10.1,0.01,55.4,26.7,20.2,292.3,295.08,10.0,2.0,2.5,NR5G-SA,n79,-81,-81,-10,29,-999,15.6
2026-05-28 11:30:17.678,2026-05-28 11:45:03.967,22.6628681,114.5026656,100.0,10.1,0.01,55.4,26.7,20.2,292.3,295.08,10.0,2.0,2.5,NR5G-SA,n79,-81,-81,-10,29,-999,6.4
2026-05-28 11:30:17.878,2026-05-28 11:45:04.167,22.6628812,114.5026857,100.0,10.1,-0.01,55.5,26.7,20.2,294.8,297.61,10.0,2.0,2.5,NR5G-SA,n79,-79,-79,-10,29,-999,5.9
2026-05-28 11:30:18.078,2026-05-28 11:45:04.567,22.6628942,114.5027057,100.0,10.0,0.02,55.4,26.7,20.2,297.3,300.13,10.0,2.0,2.5,NR5G-SA,n79,-79,-79,-10,29,-999,6.2
2026-05-28 11:30:18.279,2026-05-28 11:45:04.567,22.6629072,114.5027256,100.0,9.9,0.03,55.5,26.7,20.2,299.8,302.63,10.0,2.0,2.5,NR5G-SA,n79,-78,-78,-10,23,-999,9.0
2026-05-28 11:30:18.479,2026-05-28 11:45:04.767,22.6629202,114.5027454,100.0,9.9,0.03,55.7,36.0,20.6,302.3,305.13,10.0,2.0,2.5,NR5G-SA,n79,-78,-78,-10,23,-999,16.2
2026-05-28 11:30:18.680,2026-05-28 11:45:04.967,22.6629202,114.5027454,100.0,9.9,0.02,55.7,36.0,20.6,302.3,305.13,10.0,2.0,2.5,NR5G-SA,n79,-78,-78,-10,23,-999,8.2
2026-05-28 11:30:18.880,2026-05-28 11:45:05.167,22.6629332,114.5027651,100.0,9.9,0.00,55.7,36.0,20.6,304.8,307.61,10.0,2.0,2.5,NR5G-SA,n79,-79,-79,-10,21,-999,6.0
2026-05-28 11:30:19.080,2026-05-28 11:45:05.567,22.6629462,114.5027847,100.0,9.9,0.00,55.5,36.0,20.6,307.3,310.09,10.0,2.0,2.5,NR5G-SA,n79,-79,-79,-10,21,-999,6.6
2026-05-28 11:30:19.280,2026-05-28 11:45:05.767,22.6629592,114.5028043,100.0,9.9,-0.04,55.4,36.0,20.6,309.8,312.57,10.0,2.0,2.5,NR5G-SA,n79,-79,-79,-10,21,-999,7.1
2026-05-28 11:30:19.481,2026-05-28 11:45:05.767,22.6629722,114.5028239,100.0,9.9,-0.03,55.1,33.3,21.5,312.2,315.05,10.0,2.0,2.5,NR5G-SA,n79,-81,-81,-10,22,-999,12.7
2026-05-28 11:30:19.681,2026-05-28 11:45:05.967,22.6629722,114.5028239,100.0,9.9,-0.03,55.1,33.3,21.5,312.2,315.05,10.0,2.0,2.5,NR5G-SA,n79,-81,-81,-10,22,-999,7.9
2026-05-28 11:30:19.881,2026-05-28 11:45:06.167,22.6629852,114.5028437,100.0,9.9,0.02,54.9,33.3,21.5,314.7,317.55,10.0,2.0,2.5,NR5G-SA,n79,-81,-81,-10,22,-999,5.1
2026-05-28 11:30:20.082,2026-05-28 11:45:06.567,22.6629982,114.5028635,100.0,10.0,-0.02,54.7,33.3,21.5,317.2,320.05,10.0,2.0,2.5,NR5G-SA,n79,-82,-82,-10,22,-999,5.8
2026-05-28 11:30:20.282,2026-05-28 11:45:06.767,22.6630112,114.5028834,100.0,10.0,-0.03,54.6,33.3,21.5,319.7,322.55,10.0,2.0,2.5,NR5G-SA,n79,-82,-82,-10,22,-999,6.8
2026-05-28 11:30:20.482,2026-05-28 11:45:06.767,22.6630241,114.5029034,100.0,9.9,0.05,54.5,29.1,22.4,322.2,325.06,10.0,2.0,2.5,NR5G-SA,n79,-82,-82,-10,32,-999,12.5
2026-05-28 11:30:20.683,2026-05-28 11:45:06.967,22.6630241,114.5029034,100.0,9.9,0.05,54.5,29.1,22.4,322.2,325.06,10.0,2.0,2.5,NR5G-SA,n79,-82,-82,-10,32,-999,8.1
2026-05-28 11:30:20.883,2026-05-28 11:45:07.167,22.6630369,114.5029233,100.0,10.0,0.01,54.5,29.1,22.4,324.7,327.55,10.0,2.0,2.5,NR5G-SA,n79,-82,-82,-10,32,-999,7.1
2026-05-28 11:30:21.083,2026-05-28 11:45:07.567,22.6630497,114.5029432,100.0,10.0,0.00,54.5,29.1,22.4,327.2,330.04,10.0,2.0,2.5,NR5G-SA,n79,-81,-81,-10,31,-999,5.3
2026-05-28 11:30:21.284,2026-05-28 11:45:07.767,22.6630625,114.5029630,100.0,9.9,-0.00,54.4,29.1,22.4,329.7,332.52,10.0,2.0,2.5,NR5G-SA,n79,-81,-81,-10,31,-999,7.2
2026-05-28 11:30:21.484,2026-05-28 11:45:07.767,22.6630752,114.5029828,100.0,9.9,-0.00,54.5,39.3,22.4,332.2,335.00,10.0,2.0,2.5,NR5G-SA,n79,-81,-81,-10,31,-999,12.1
2026-05-28 11:30:21.684,2026-05-28 11:45:07.967,22.6630752,114.5029828,100.0,9.9,0.03,54.5,39.3,24.0,332.2,335.00,10.0,2.0,2.5,NR5G-SA,n79,-82,-82,-10,30,-999,5.9
2026-05-28 11:30:21.885,2026-05-28 11:45:08.167,22.6630880,114.5030028,100.0,10.0,-0.01,54.5,39.3,24.0,334.7,337.50,10.0,2.0,2.5,NR5G-SA,n79,-82,-82,-10,30,-999,5.4
2026-05-28 11:30:22.085,2026-05-28 11:45:08.567,22.6631008,114.5030226,100.0,9.9,0.03,54.6,39.3,24.0,337.2,339.98,10.0,2.0,2.5,NR5G-SA,n79,-82,-82,-10,30,-999,5.9
2026-05-28 11:30:22.286,2026-05-28 11:45:08.767,22.6631136,114.5030425,100.0,10.0,-0.01,54.6,39.3,24.0,339.7,342.48,10.0,2.0,2.5,NR5G-SA,n79,-82,-82,-10,22,-999,7.5
2026-05-28 11:30:22.486,2026-05-28 11:45:08.767,22.6631263,114.5030623,100.0,9.9,0.01,54.6,22.2,24.0,342.1,344.95,10.0,2.0,2.5,NR5G-SA,n79,-82,-82,-10,22,-999,11.5
2026-05-28 11:30:22.686,2026-05-28 11:45:08.967,22.6631263,114.5030623,100.0,9.9,0.01,54.6,22.2,23.6,342.1,344.95,10.0,2.0,2.5,NR5G-SA,n79,-86,-86,-10,19,-999,6.0
2026-05-28 11:30:22.887,2026-05-28 11:45:09.167,22.6631391,114.5030822,100.0,10.0,0.02,54.7,22.2,23.6,344.6,347.44,10.0,2.0,2.5,NR5G-SA,n79,-86,-86,-10,19,-999,6.0
2026-05-28 11:30:23.087,2026-05-28 11:45:09.567,22.6631519,114.5031021,100.0,10.0,-0.05,54.6,22.2,23.6,347.1,349.94,10.0,2.0,2.5,NR5G-SA,n79,-86,-86,-10,19,-999,5.4
2026-05-28 11:30:23.287,2026-05-28 11:45:09.767,22.6631646,114.5031221,100.0,10.0,-0.03,54.6,22.2,23.6,349.6,352.43,10.0,2.0,2.5,NR5G-SA,n79,-84,-84,-10,20,-999,8.3
2026-05-28 11:30:23.488,2026-05-28 11:45:09.767,22.6631774,114.5031421,100.0,10.0,-0.02,54.5,43.6,23.6,352.1,354.93,10.0,2.0,2.5,NR5G-SA,n79,-84,-84,-10,20,-999,11.3
2026-05-28 11:30:23.688,2026-05-28 11:45:09.967,22.6631774,114.5031421,100.0,10.0,-0.02,54.5,43.6,24.6,352.1,354.93,10.0,2.0,2.5,NR5G-SA,n79,-84,-84,-10,20,-999,7.4
2026-05-28 11:30:23.889,2026-05-28 11:45:10.167,22.6631902,114.5031621,100.0,10.0,-0.01,54.5,43.6,24.6,354.6,357.43,10.0,2.0,2.5,NR5G-SA,n79,-85,-85,-10,20,-999,6.4
2026-05-28 11:30:24.089,2026-05-28 11:45:10.567,22.6632031,114.5031820,100.0,10.0,0.01,54.5,43.6,24.6,357.1,359.93,10.0,2.0,2.5,NR5G-SA,n79,-85,-85,-10,20,-999,5.9
2026-05-28 11:30:24.289,2026-05-28 11:45:10.767,22.6632159,114.5032020,100.0,10.0,0.01,54.5,43.6,24.6,359.6,362.43,10.0,2.0,2.5,NR5G-SA,n79,-85,-85,-10,20,-999,9.2
2026-05-28 11:30:24.490,2026-05-28 11:45:10.767,22.6632288,114.5032220,100.0,10.0,0.01,54.6,12.5,24.6,362.1,364.94,10.0,2.0,2.5,NR5G-SA,n79,-86,-86,-10,19,-999,10.1
2026-05-28 11:30:24.690,2026-05-28 11:45:10.967,22.6632288,114.5032220,100.0,10.0,0.01,54.6,12.5,25.5,362.1,364.94,10.0,2.0,2.5,NR5G-SA,n79,-86,-86,-10,19,-999,6.4
2026-05-28 11:30:24.890,2026-05-28 11:45:11.167,22.6632417,114.5032418,100.0,10.0,0.01,54.7,12.5,25.5,364.6,367.43,10.0,2.0,2.5,NR5G-SA,n79,-86,-86,-10,19,-999,5.1
2026-05-28 11:30:25.091,2026-05-28 11:45:11.567,22.6632546,114.5032618,100.0,10.0,-0.01,55.0,12.5,25.5,367.1,369.93,10.0,2.0,2.5,NR5G-SA,n79,-84,-84,-10,19,-999,5.8
2026-05-28 11:30:25.291,2026-05-28 11:45:11.567,22.6632675,114.5032817,100.0,10.0,-0.02,55.2,12.5,25.5,369.6,372.43,10.0,2.0,2.5,NR5G-SA,n79,-84,-84,-10,19,-999,8.2
2026-05-28 11:30:25.491,2026-05-28 11:45:11.767,22.6632803,114.5033016,100.0,10.0,-0.02,55.3,0.0,25.5,372.1,374.92,10.0,2.0,2.5,NR5G-SA,n79,-84,-84,-10,19,-999,6.5
2026-05-28 11:30:25.692,2026-05-28 11:45:11.967,22.6632803,114.5033016,100.0,10.0,-0.02,55.3,0.0,25.7,372.1,374.92,10.0,2.0,2.5,NR5G-SA,n79,-84,-84,-10,19,-999,7.2
2026-05-28 11:30:25.892,2026-05-28 11:45:12.167,22.6632932,114.5033216,100.0,10.0,-0.03,55.4,0.0,25.7,374.6,377.43,10.0,2.0,2.5,NR5G-SA,n79,-84,-84,-10,19,-999,7.2
2026-05-28 11:30:26.093,2026-05-28 11:45:12.567,22.6633061,114.5033415,100.0,10.0,0.01,55.5,0.0,25.7,377.1,379.93,10.0,2.0,2.5,NR5G-SA,n79,-87,-87,-10,19,-999,5.5
2026-05-28 11:30:26.293,2026-05-28 11:45:12.767,22.6633190,114.5033613,100.0,10.0,0.00,55.6,0.0,25.7,379.6,382.42,10.0,2.0,2.5,NR5G-SA,n79,-87,-87,-10,19,-999,9.4
2026-05-28 11:30:26.493,2026-05-28 11:45:12.767,22.6633320,114.5033811,100.0,10.0,-0.02,55.6,0.0,25.7,382.1,384.91,10.0,2.0,2.5,NR5G-SA,n79,-87,-87,-10,19,-999,9.1
2026-05-28 11:30:26.693,2026-05-28 11:45:12.967,22.6633320,114.5033811,100.0,10.0,-0.02,55.6,0.0,25.5,382.1,384.91,10.0,2.0,2.5,NR5G-SA,n79,-88,-88,-10,19,-999,6.1
2026-05-28 11:30:26.894,2026-05-28 11:45:13.167,22.6633449,114.5034010,100.0,10.0,-0.03,55.7,0.0,25.5,384.6,387.41,10.0,2.0,2.5,NR5G-SA,n79,-88,-88,-10,19,-999,5.9
2026-05-28 11:30:27.094,2026-05-28 11:45:13.567,22.6633578,114.5034209,100.0,10.0,-0.03,55.7,0.0,25.5,387.1,389.91,10.0,2.0,2.5,NR5G-SA,n79,-88,-88,-10,19,-999,6.1
2026-05-28 11:30:27.294,2026-05-28 11:45:13.567,22.6633707,114.5034409,100.0,10.0,0.01,55.5,0.0,25.5,389.6,392.42,10.0,2.0,2.5,NR5G-SA,n79,-86,-86,-10,18,-999,7.8
2026-05-28 11:30:27.495,2026-05-28 11:45:13.767,22.6633836,114.5034610,100.0,10.0,-0.02,55.4,0.0,25.5,392.1,394.93,10.0,2.0,2.5,NR5G-SA,n79,-86,-86,-10,18,-999,5.6
2026-05-28 11:30:27.695,2026-05-28 11:45:13.967,22.6633836,114.5034610,100.0,10.0,-0.02,55.4,0.0,26.2,392.1,394.93,10.0,2.0,2.5,NR5G-SA,n79,-88,-88,-10,18,-999,5.6
2026-05-28 11:30:27.895,2026-05-28 11:45:14.167,22.6633966,114.5034810,100.0,10.0,0.01,55.4,0.0,26.2,394.6,397.44,10.0,2.0,2.5,NR5G-SA,n79,-88,-88,-10,18,-999,5.1
2026-05-28 11:30:28.096,2026-05-28 11:45:14.567,22.6634096,114.5035011,100.0,10.0,-0.03,55.5,0.0,26.2,397.2,399.97,10.0,2.0,2.5,NR5G-SA,n79,-88,-88,-10,18,-999,5.1
2026-05-28 11:30:28.296,2026-05-28 11:45:14.767,22.6634224,114.5035212,100.0,10.0,-0.01,55.5,0.0,26.2,399.7,402.47,10.0,2.0,2.5,NR5G-SA,n79,-86,-86,-10,17,-999,5.2
2026-05-28 11:30:28.496,2026-05-28 11:45:14.767,22.6634353,114.5035412,100.0,10.0,-0.02,55.4,19.0,26.2,402.2,404.98,10.0,2.0,2.5,NR5G-SA,n79,-86,-86,-10,17,-999,12.1
2026-05-28 11:30:28.697,2026-05-28 11:45:14.967,22.6634353,114.5035412,100.0,10.0,-0.02,55.4,19.0,26.2,402.2,404.98,10.0,2.0,2.5,NR5G-SA,n79,-86,-86,-10,17,-999,6.6
2026-05-28 11:30:28.897,2026-05-28 11:45:15.167,22.6634482,114.5035612,100.0,10.0,-0.00,55.3,19.0,24.9,404.7,407.49,10.0,2.0,2.5,NR5G-SA,n79,-85,-85,-10,16,-999,6.3
2026-05-28 11:30:29.098,2026-05-28 11:45:15.567,22.6634611,114.5035811,100.0,10.0,-0.03,55.0,19.0,24.9,407.2,409.99,10.0,2.0,2.5,NR5G-SA,n79,-85,-85,-10,16,-999,7.3
2026-05-28 11:30:29.298,2026-05-28 11:45:15.767,22.6634741,114.5036010,100.0,10.0,-0.01,54.9,19.0,24.9,409.7,412.49,10.0,2.0,2.5,NR5G-SA,n79,-85,-85,-10,16,-999,6.7
2026-05-28 11:30:29.498,2026-05-28 11:45:15.767,22.6634871,114.5036209,100.0,10.0,0.04,54.9,0.0,24.9,412.2,414.99,10.0,2.0,2.5,NR5G-SA,n79,-88,-88,-10,14,-999,11.3
2026-05-28 11:30:29.699,2026-05-28 11:45:15.967,22.6634871,114.5036209,100.0,10.0,0.04,54.9,0.0,24.9,412.2,414.99,10.0,2.0,2.5,NR5G-SA,n79,-88,-88,-10,14,-999,6.6
2026-05-28 11:30:29.899,2026-05-28 11:45:16.167,22.6635000,114.5036408,100.0,10.0,0.02,54.8,0.0,24.5,414.7,417.49,10.0,2.0,2.5,NR5G-SA,n79,-88,-88,-10,15,-999,5.5
2026-05-28 11:30:30.100,2026-05-28 11:45:16.567,22.6635130,114.5036607,100.0,10.0,-0.00,54.6,0.0,24.5,417.2,420.00,10.0,2.0,2.5,NR5G-SA,n79,-88,-88,-10,15,-999,8.1
2026-05-28 11:30:30.300,2026-05-28 11:45:16.767,22.6635259,114.5036806,100.0,10.0,0.01,54.6,0.0,24.5,419.7,422.50,10.0,2.0,2.5,NR5G-SA,n79,-88,-88,-10,15,-999,4.8
2026-05-28 11:30:30.500,2026-05-28 11:45:16.767,22.6635388,114.5037003,100.0,10.0,-0.01,54.5,21.0,24.5,422.2,424.98,10.0,2.0,2.5,NR5G-SA,n79,-88,-88,-10,15,-999,12.1
2026-05-28 11:30:30.701,2026-05-28 11:45:16.967,22.6635388,114.5037003,100.0,10.0,-0.01,54.5,21.0,24.5,422.2,424.98,10.0,2.0,2.5,NR5G-SA,n79,-88,-88,-10,15,-999,10.8
2026-05-28 11:30:30.901,2026-05-28 11:45:17.167,22.6635516,114.5037200,100.0,10.0,-0.02,54.4,21.0,24.9,424.6,427.45,10.0,2.0,2.5,NR5G-SA,n79,-88,-88,-10,15,-999,9.9
2026-05-28 11:30:31.101,2026-05-28 11:45:17.567,22.6635646,114.5037398,100.0,10.0,0.01,54.4,21.0,24.9,427.1,429.95,10.0,2.0,2.5,NR5G-SA,n79,-88,-88,-10,15,-999,6.4
2026-05-28 11:30:31.302,2026-05-28 11:45:17.767,22.6635775,114.5037597,100.0,10.0,0.03,54.5,21.0,24.9,429.6,432.45,10.0,2.0,2.5,NR5G-SA,n79,-88,-88,-10,15,-999,6.1
2026-05-28 11:30:31.502,2026-05-28 11:45:17.767,22.6635905,114.5037797,100.0,10.0,0.01,54.6,40.0,24.9,432.2,434.96,10.0,2.0,2.5,NR5G-SA,n79,-88,-88,-10,15,-999,10.4
2026-05-28 11:30:31.703,2026-05-28 11:45:17.967,22.6635905,114.5037797,100.0,10.0,0.01,54.6,40.0,24.9,432.2,434.96,10.0,2.0,2.5,NR5G-SA,n79,-88,-88,-10,16,-999,11.0
2026-05-28 11:30:31.903,2026-05-28 11:45:18.167,22.6636034,114.5037997,100.0,10.0,0.02,54.8,40.0,26.1,434.7,437.47,10.0,2.0,2.5,NR5G-SA,n79,-88,-88,-10,16,-999,10.9
2026-05-28 11:30:32.103,2026-05-28 11:45:18.567,22.6636163,114.5038198,100.0,10.0,0.05,54.9,40.0,26.1,437.2,439.98,10.0,2.0,2.5,NR5G-SA,n79,-88,-88,-10,15,-999,8.1
2026-05-28 11:30:32.304,2026-05-28 11:45:18.767,22.6636292,114.5038399,100.0,10.0,0.02,54.8,40.0,26.1,439.7,442.50,10.0,2.0,2.5,NR5G-SA,n79,-88,-88,-10,15,-999,7.0
2026-05-28 11:30:32.504,2026-05-28 11:45:18.767,22.6636420,114.5038599,100.0,10.0,0.03,54.8,28.8,26.1,442.2,445.00,10.0,2.0,2.5,NR5G-SA,n79,-88,-88,-10,15,-999,11.1
2026-05-28 11:30:32.704,2026-05-28 11:45:18.967,22.6636420,114.5038599,100.0,10.0,0.03,54.8,28.8,26.1,442.2,445.00,10.0,2.0,2.5,NR5G-SA,n79,-88,-88,-10,15,-999,5.9
2026-05-28 11:30:32.905,2026-05-28 11:45:19.167,22.6636549,114.5038799,100.0,10.0,-0.00,54.8,28.8,26.5,444.7,447.50,10.0,2.0,2.5,NR5G-SA,n79,-88,-88,-10,15,-999,7.8
2026-05-28 11:30:33.105,2026-05-28 11:45:19.567,22.6636678,114.5038999,100.0,10.0,0.02,54.8,28.8,26.5,447.2,450.01,10.0,2.0,2.5,NR5G-SA,n79,-88,-88,-10,15,-999,6.5
2026-05-28 11:30:33.305,2026-05-28 11:45:19.767,22.6636807,114.5039197,100.0,10.0,0.01,54.9,28.8,26.5,449.7,452.50,10.0,2.0,2.5,NR5G-SA,n79,-88,-88,-10,16,-999,6.6
2026-05-28 11:30:33.506,2026-05-28 11:45:19.767,22.6636936,114.5039397,100.0,9.9,0.01,54.9,34.2,26.5,452.2,455.01,10.0,2.0,2.5,NR5G-SA,n79,-88,-88,-10,16,-999,10.3
2026-05-28 11:30:33.706,2026-05-28 11:45:19.967,22.6636936,114.5039397,100.0,9.9,0.01,54.9,34.2,26.5,452.2,455.01,10.0,2.0,2.5,NR5G-SA,n79,-88,-88,-10,16,-999,10.6
2026-05-28 11:30:33.907,2026-05-28 11:45:20.167,22.6637065,114.5039594,100.0,9.9,0.04,54.9,34.2,26.5,454.7,457.49,10.0,2.0,2.5,NR5G-SA,n79,-93,-93,-10,15,-999,8.2
2026-05-28 11:30:34.107,2026-05-28 11:45:20.567,22.6637195,114.5039792,100.0,10.0,-0.01,54.8,34.2,26.5,457.2,459.98,10.0,2.0,2.5,NR5G-SA,n79,-93,-93,-10,15,-999,7.4
2026-05-28 11:30:34.307,2026-05-28 11:45:20.767,22.6637324,114.5039990,100.0,9.9,-0.00,54.7,34.2,26.5,459.7,462.47,10.0,2.0,2.5,NR5G-SA,n79,-92,-92,-10,15,-999,6.6
2026-05-28 11:30:34.508,2026-05-28 11:45:20.767,22.6637453,114.5040188,100.0,9.9,0.03,54.6,35.4,26.5,462.2,464.96,10.0,2.0,2.5,NR5G-SA,n79,-92,-92,-10,15,-999,8.4
2026-05-28 11:30:34.708,2026-05-28 11:45:20.967,22.6637453,114.5040188,100.0,9.9,0.03,54.6,35.4,26.5,462.2,464.96,10.0,2.0,2.5,NR5G-SA,n79,-92,-92,-10,15,-999,12.7
2026-05-28 11:30:34.908,2026-05-28 11:45:21.167,22.6637582,114.5040386,100.0,10.0,-0.01,54.5,35.4,26.7,464.6,467.45,10.0,2.0,2.5,NR5G-SA,n79,-92,-92,-10,15,-999,6.8
2026-05-28 11:30:35.109,2026-05-28 11:45:21.567,22.6637709,114.5040584,100.0,10.0,-0.01,54.3,35.4,26.7,467.1,469.93,10.0,2.0,2.5,NR5G-SA,n79,-92,-92,-10,15,-999,7.7
2026-05-28 11:30:35.309,2026-05-28 11:45:21.767,22.6637837,114.5040783,100.0,10.0,0.04,54.2,35.4,26.7,469.6,472.42,10.0,2.0,2.5,NR5G-SA,n79,-92,-92,-10,15,-999,5.3
2026-05-28 11:30:35.509,2026-05-28 11:45:21.767,22.6637966,114.5040981,100.0,9.9,-0.00,54.2,27.6,26.7,472.1,474.91,10.0,2.0,2.5,NR5G-SA,n79,-94,-94,-10,15,-999,9.1
2026-05-28 11:30:35.710,2026-05-28 11:45:21.967,22.6637966,114.5040981,100.0,9.9,-0.00,54.2,27.6,26.7,472.1,474.91,10.0,2.0,2.5,NR5G-SA,n79,-94,-94,-10,15,-999,15.2
2026-05-28 11:30:35.910,2026-05-28 11:45:22.167,22.6638094,114.5041180,100.0,10.0,0.02,54.2,27.6,26.7,474.6,477.40,10.0,2.0,2.5,NR5G-SA,n79,-94,-94,-10,15,-999,12.4
2026-05-28 11:30:36.110,2026-05-28 11:45:22.567,22.6638223,114.5041378,100.0,9.9,0.03,54.5,27.6,26.2,477.1,479.89,10.0,2.0,2.5,NR5G-SA,n79,-94,-94,-10,14,-999,9.6
2026-05-28 11:30:36.311,2026-05-28 11:45:22.767,22.6638351,114.5041578,100.0,10.0,-0.02,54.7,27.6,26.2,479.6,482.39,10.0,2.0,2.5,NR5G-SA,n79,-94,-94,-10,14,-999,6.5
2026-05-28 11:30:36.511,2026-05-28 11:45:22.767,22.6638479,114.5041777,100.0,10.0,-0.02,54.7,57.6,26.2,482.1,484.89,10.0,2.0,2.5,NR5G-SA,n79,-96,-96,-10,14,-999,9.4
2026-05-28 11:30:36.711,2026-05-28 11:45:22.967,22.6638479,114.5041777,100.0,10.0,-0.02,54.7,57.6,26.2,482.1,484.89,10.0,2.0,2.5,NR5G-SA,n79,-96,-96,-10,14,-999,10.8
2026-05-28 11:30:36.912,2026-05-28 11:45:23.167,22.6638608,114.5041977,100.0,10.0,-0.00,54.8,57.6,26.2,484.6,487.39,10.0,2.0,2.5,NR5G-SA,n79,-96,-96,-10,14,-999,9.0
2026-05-28 11:30:37.112,2026-05-28 11:45:23.567,22.6638737,114.5042177,100.0,10.0,-0.02,54.7,57.6,25.1,487.1,489.90,10.0,2.0,2.5,NR5G-SA,n79,-96,-96,-10,13,-999,6.9
2026-05-28 11:30:37.312,2026-05-28 11:45:23.767,22.6638866,114.5042376,100.0,10.1,-0.05,54.7,57.6,25.1,489.6,492.40,10.0,2.0,2.5,NR5G-SA,n79,-96,-96,-10,13,-999,8.5
2026-05-28 11:30:37.513,2026-05-28 11:45:23.767,22.6638996,114.5042575,100.0,10.0,-0.02,54.7,19.5,25.1,492.1,494.90,10.0,2.0,2.5,NR5G-SA,n79,-96,-96,-10,13,-999,9.9
2026-05-28 11:30:37.713,2026-05-28 11:45:23.967,22.6638996,114.5042575,100.0,10.0,-0.02,54.7,19.5,25.1,492.1,494.90,10.0,2.0,2.5,NR5G-SA,n79,-97,-97,-10,12,-999,15.9
2026-05-28 11:30:37.913,2026-05-28 11:45:24.167,22.6639125,114.5042774,100.0,10.1,0.01,54.8,19.5,25.1,494.6,497.40,10.0,2.0,2.5,NR5G-SA,n79,-97,-97,-10,12,-999,9.3
2026-05-28 11:30:38.114,2026-05-28 11:45:24.567,22.6639254,114.5042975,100.0,10.0,0.01,54.6,19.5,24.9,497.1,499.91,10.0,2.0,2.5,NR5G-SA,n79,-97,-97,-10,12,-999,7.0
2026-05-28 11:30:38.314,2026-05-28 11:45:24.767,22.6639383,114.5043176,100.0,10.0,0.02,54.6,19.5,24.9,499.6,502.43,10.0,2.0,2.5,NR5G-SA,n79,-97,-97,-10,12,-999,5.7
2026-05-28 11:30:38.514,2026-05-28 11:45:24.767,22.6639511,114.5043377,100.0,10.0,0.03,54.7,0.0,24.9,502.1,504.94,10.0,2.0,2.5,NR5G-SA,n79,-97,-97,-10,12,-999,10.7
2026-05-28 11:30:38.715,2026-05-28 11:45:24.967,22.6639511,114.5043377,100.0,10.0,0.03,54.7,0.0,24.9,502.1,504.94,10.0,2.0,2.5,NR5G-SA,n79,-97,-97,-10,12,-999,11.4
2026-05-28 11:30:38.915,2026-05-28 11:45:25.167,22.6639639,114.5043578,100.0,10.0,-0.03,54.7,0.0,24.9,504.6,507.45,10.0,2.0,2.5,NR5G-SA,n79,-96,-96,-10,12,-999,7.9
2026-05-28 11:30:39.116,2026-05-28 11:45:25.567,22.6639768,114.5043779,100.0,10.0,0.02,54.7,0.0,26.0,507.2,509.96,10.0,2.0,2.5,NR5G-SA,n79,-96,-96,-10,12,-999,8.0
2026-05-28 11:30:39.316,2026-05-28 11:45:25.767,22.6639896,114.5043978,100.0,10.0,-0.00,54.8,0.0,26.0,509.6,512.45,10.0,2.0,2.5,NR5G-SA,n79,-96,-96,-10,13,-999,7.1
2026-05-28 11:30:39.517,2026-05-28 11:45:25.767,22.6640025,114.5044177,100.0,10.0,-0.02,54.8,8.5,26.0,512.1,514.95,10.0,2.0,2.5,NR5G-SA,n79,-96,-96,-10,13,-999,9.1
2026-05-28 11:30:39.717,2026-05-28 11:45:25.967,22.6640025,114.5044177,100.0,10.0,-0.02,54.8,8.5,26.0,512.1,514.95,10.0,2.0,2.5,NR5G-SA,n79,-96,-96,-10,13,-999,14.9
2026-05-28 11:30:39.917,2026-05-28 11:45:26.167,22.6640154,114.5044376,100.0,10.0,-0.00,54.8,8.5,26.0,514.6,517.45,10.0,2.0,2.5,NR5G-SA,n79,-96,-96,-10,13,-999,10.4
2026-05-28 11:30:40.118,2026-05-28 11:45:26.567,22.6640282,114.5044575,100.0,10.0,-0.03,54.8,8.5,26.2,517.1,519.94,10.0,2.0,2.5,NR5G-SA,n79,-96,-96,-10,13,-999,7.3
2026-05-28 11:30:40.318,2026-05-28 11:45:26.767,22.6640412,114.5044775,100.0,10.0,-0.06,54.7,8.5,26.2,519.6,522.45,10.0,2.0,2.5,NR5G-SA,n79,-96,-96,-10,13,-999,6.7
2026-05-28 11:30:40.519,2026-05-28 11:45:26.767,22.6640542,114.5044975,100.0,10.0,-0.01,54.7,0.0,26.2,522.2,524.97,10.0,2.0,2.5,NR5G-SA,n79,-96,-96,-10,13,-999,8.9
2026-05-28 11:30:40.719,2026-05-28 11:45:26.967,22.6640542,114.5044975,100.0,10.0,-0.01,54.7,0.0,26.2,522.2,524.97,10.0,2.0,2.5,NR5G-SA,n79,-97,-97,-10,12,-999,16.0
2026-05-28 11:30:40.919,2026-05-28 11:45:27.167,22.6640671,114.5045176,100.0,10.0,0.01,54.6,0.0,26.2,524.7,527.48,10.0,2.0,2.5,NR5G-SA,n79,-97,-97,-10,12,-999,9.9
2026-05-28 11:30:41.120,2026-05-28 11:45:27.567,22.6640800,114.5045375,100.0,10.0,0.04,54.5,0.0,28.2,527.2,529.98,10.0,2.0,2.5,NR5G-SA,n79,-98,-98,-10,14,-999,7.4
2026-05-28 11:30:41.320,2026-05-28 11:45:27.767,22.6640929,114.5045576,100.0,10.0,0.06,54.5,0.0,28.2,529.7,532.50,10.0,2.0,2.5,NR5G-SA,n79,-98,-98,-10,14,-999,6.1
2026-05-28 11:30:41.520,2026-05-28 11:45:27.767,22.6641058,114.5045775,100.0,10.0,0.06,54.4,2.3,28.2,532.2,534.99,10.0,2.0,2.5,NR5G-SA,n79,-98,-98,-11,13,-999,9.8
2026-05-28 11:30:41.721,2026-05-28 11:45:27.967,22.6641058,114.5045775,100.0,10.0,0.06,54.4,2.3,28.2,532.2,534.99,10.0,2.0,2.5,NR5G-SA,n79,-98,-98,-11,13,-999,8.1
2026-05-28 11:30:41.921,2026-05-28 11:45:28.167,22.6641188,114.5045973,100.0,9.9,0.07,54.2,2.3,28.2,534.7,537.49,10.0,2.0,2.5,NR5G-SA,n79,-98,-98,-11,13,-999,7.4
2026-05-28 11:30:42.121,2026-05-28 11:45:28.567,22.6641318,114.5046171,100.0,9.9,0.01,54.2,2.3,29.8,537.2,539.99,10.0,2.0,2.5,NR5G-SA,n79,-97,-97,-10,14,-999,7.4
2026-05-28 11:30:42.322,2026-05-28 11:45:28.767,22.6641448,114.5046371,100.0,10.0,0.02,54.2,2.3,29.8,539.7,542.50,10.0,2.0,2.5,NR5G-SA,n79,-97,-97,-10,14,-999,5.2
2026-05-28 11:30:42.522,2026-05-28 11:45:28.767,22.6641577,114.5046570,100.0,9.9,0.03,54.3,0.0,29.8,542.2,545.00,10.0,2.0,2.5,NR5G-SA,n79,-97,-97,-10,14,-999,7.9
2026-05-28 11:30:42.722,2026-05-28 11:45:28.967,22.6641577,114.5046570,100.0,9.9,0.03,54.3,0.0,29.8,542.2,545.00,10.0,2.0,2.5,NR5G-SA,n79,-90,-90,-10,13,-999,15.5
2026-05-28 11:30:42.923,2026-05-28 11:45:29.167,22.6641705,114.5046768,100.0,9.9,0.03,54.3,0.0,29.8,544.7,547.48,10.0,2.0,2.5,NR5G-SA,n79,-90,-90,-10,13,-999,8.9
2026-05-28 11:30:43.123,2026-05-28 11:45:29.567,22.6641833,114.5046967,100.0,10.0,-0.01,54.2,0.0,29.8,547.2,549.97,10.0,2.0,2.5,NR5G-SA,n79,-90,-90,-10,13,-999,6.2
2026-05-28 11:30:43.323,2026-05-28 11:45:29.767,22.6641962,114.5047165,100.0,10.0,0.01,54.3,0.0,28.5,549.7,552.46,10.0,2.0,2.5,NR5G-SA,n79,-93,-93,-10,13,-999,6.0
2026-05-28 11:30:43.524,2026-05-28 11:45:29.767,22.6642090,114.5047363,100.0,10.0,0.04,54.4,12.6,28.5,552.1,554.95,10.0,2.0,2.5,NR5G-SA,n79,-93,-93,-10,13,-999,7.8
2026-05-28 11:30:43.724,2026-05-28 11:45:29.967,22.6642090,114.5047363,100.0,10.0,0.04,54.4,12.6,28.5,552.1,554.95,10.0,2.0,2.5,NR5G-SA,n79,-92,-92,-10,14,-999,15.6
2026-05-28 11:30:43.924,2026-05-28 11:45:30.167,22.6642219,114.5047562,100.0,10.0,0.02,54.4,12.6,28.5,554.6,557.44,10.0,2.0,2.5,NR5G-SA,n79,-92,-92,-10,14,-999,12.9
2026-05-28 11:30:44.125,2026-05-28 11:45:30.567,22.6642348,114.5047763,100.0,10.0,0.01,54.4,12.6,28.5,557.1,559.96,10.0,2.0,2.5,NR5G-SA,n79,-92,-92,-10,14,-999,7.6
2026-05-28 11:30:44.325,2026-05-28 11:45:30.767,22.6642476,114.5047962,100.0,10.0,0.01,54.5,12.6,28.0,559.6,562.45,10.0,2.0,2.5,NR5G-SA,n79,-93,-93,-10,14,-999,7.3
2026-05-28 11:30:44.526,2026-05-28 11:45:30.767,22.6642605,114.5048163,100.0,10.0,0.02,54.7,43.8,28.0,562.2,564.97,10.0,2.0,2.5,NR5G-SA,n79,-93,-93,-10,14,-999,6.5
2026-05-28 11:30:44.726,2026-05-28 11:45:30.967,22.6642605,114.5048163,100.0,10.0,0.02,54.7,43.8,28.0,562.2,564.97,10.0,2.0,2.5,NR5G-SA,n79,-93,-93,-10,14,-999,10.0
2026-05-28 11:30:44.926,2026-05-28 11:45:31.167,22.6642734,114.5048363,100.0,10.0,0.02,54.7,43.8,28.0,564.7,567.47,10.0,2.0,2.5,NR5G-SA,n79,-91,-91,-10,13,-999,7.7
2026-05-28 11:30:45.126,2026-05-28 11:45:31.567,22.6642862,114.5048562,100.0,10.0,0.05,54.9,43.8,28.0,567.2,569.96,10.0,2.0,2.5,NR5G-SA,n79,-91,-91,-10,13,-999,7.2
2026-05-28 11:30:45.327,2026-05-28 11:45:31.767,22.6642991,114.5048760,100.0,9.9,0.06,54.8,43.8,27.1,569.6,572.45,10.0,2.0,2.5,NR5G-SA,n79,-91,-91,-10,13,-999,6.2
2026-05-28 11:30:45.527,2026-05-28 11:45:31.767,22.6643121,114.5048958,100.0,9.9,0.08,54.7,22.7,27.1,572.1,574.95,10.0,2.0,2.5,NR5G-SA,n79,-93,-93,-11,13,-999,10.2
2026-05-28 11:30:45.728,2026-05-28 11:45:31.967,22.6643250,114.5049154,100.0,9.9,0.08,54.4,22.7,27.1,574.6,577.42,10.0,2.0,2.5,NR5G-SA,n79,-93,-93,-11,13,-999,9.4
2026-05-28 11:30:45.928,2026-05-28 11:45:32.167,22.6643250,114.5049154,100.0,9.9,0.03,54.4,22.7,27.1,574.6,577.42,10.0,2.0,2.5,NR5G-SA,n79,-95,-95,-10,14,-999,9.6
2026-05-28 11:30:46.128,2026-05-28 11:45:32.567,22.6643380,114.5049351,100.0,9.9,0.04,54.4,22.7,27.1,577.1,579.91,10.0,2.0,2.5,NR5G-SA,n79,-95,-95,-10,14,-999,7.3
2026-05-28 11:30:46.328,2026-05-28 11:45:32.767,22.6643512,114.5049550,100.0,10.0,0.01,54.4,22.7,25.1,579.6,582.43,10.0,2.0,2.5,NR5G-SA,n79,-95,-95,-10,14,-999,6.6
2026-05-28 11:30:46.529,2026-05-28 11:45:32.967,22.6643644,114.5049748,100.0,10.0,0.01,54.4,38.1,25.1,582.1,584.94,10.0,2.0,2.5,NR5G-SA,n79,-94,-94,-10,13,-999,8.6
2026-05-28 11:30:46.729,2026-05-28 11:45:32.967,22.6643644,114.5049748,100.0,10.0,0.01,54.4,38.1,25.1,582.1,584.94,10.0,2.0,2.5,NR5G-SA,n79,-94,-94,-10,13,-999,15.7
2026-05-28 11:30:46.929,2026-05-28 11:45:33.167,22.6643775,114.5049947,100.0,10.0,-0.03,54.5,38.1,25.1,584.6,587.45,10.0,2.0,2.5,NR5G-SA,n79,-94,-94,-10,13,-999,9.1
2026-05-28 11:30:47.130,2026-05-28 11:45:33.567,22.6643905,114.5050147,100.0,10.0,-0.02,54.6,38.1,25.1,587.2,589.96,10.0,2.0,2.5,NR5G-SA,n79,-96,-96,-11,13,-999,5.4
2026-05-28 11:30:47.330,2026-05-28 11:45:33.767,22.6644033,114.5050346,100.0,10.0,0.03,54.6,38.1,24.5,589.6,592.45,10.0,2.0,2.5,NR5G-SA,n79,-96,-96,-11,13,-999,4.8
2026-05-28 11:30:47.530,2026-05-28 11:45:33.967,22.6644163,114.5050546,100.0,10.0,0.02,54.8,29.7,24.5,592.2,594.97,10.0,2.0,2.5,NR5G-SA,n79,-96,-96,-11,13,-999,5.3
2026-05-28 11:30:47.731,2026-05-28 11:45:33.967,22.6644291,114.5050745,100.0,10.0,0.02,54.8,29.7,24.5,594.6,597.46,10.0,2.0,2.5,NR5G-SA,n79,-100,-100,-11,13,-999,14.4
2026-05-28 11:30:47.931,2026-05-28 11:45:34.167,22.6644291,114.5050745,100.0,10.0,-0.00,54.8,29.7,24.5,594.6,597.46,10.0,2.0,2.5,NR5G-SA,n79,-100,-100,-11,13,-999,9.0
2026-05-28 11:30:48.131,2026-05-28 11:45:34.567,22.6644419,114.5050944,100.0,10.0,-0.01,54.9,29.7,24.5,597.1,599.95,10.0,2.0,2.5,NR5G-SA,n79,-93,-93,-11,13,-999,8.0
2026-05-28 11:30:48.332,2026-05-28 11:45:34.767,22.6644547,114.5051144,100.0,10.0,-0.02,54.8,29.7,25.6,599.6,602.45,10.0,2.0,2.5,NR5G-SA,n79,-93,-93,-11,13,-999,7.1
2026-05-28 11:30:48.532,2026-05-28 11:45:34.767,22.6644675,114.5051344,100.0,10.0,-0.01,54.8,33.5,25.6,602.1,604.95,10.0,2.0,2.5,NR5G-SA,n79,-93,-93,-11,13,-999,6.2
2026-05-28 11:30:48.732,2026-05-28 11:45:34.967,22.6644803,114.5051545,100.0,10.0,0.03,54.6,33.5,25.6,604.6,607.46,10.0,2.0,2.5,NR5G-SA,n79,-91,-91,-10,13,-999,13.1
2026-05-28 11:30:48.933,2026-05-28 11:45:35.167,22.6644803,114.5051545,100.0,10.0,0.03,54.6,33.5,25.6,604.6,607.46,10.0,2.0,2.5,NR5G-SA,n79,-91,-91,-10,13,-999,10.5
2026-05-28 11:30:49.133,2026-05-28 11:45:35.567,22.6644931,114.5051745,100.0,10.0,0.02,54.6,33.5,25.6,607.1,609.96,10.0,2.0,2.5,NR5G-SA,n79,-91,-91,-10,13,-999,7.0
2026-05-28 11:30:49.333,2026-05-28 11:45:35.767,22.6645059,114.5051945,100.0,10.0,-0.00,54.8,33.5,24.5,609.6,612.46,10.0,2.0,2.5,NR5G-SA,n79,-96,-96,-11,14,-999,5.3
2026-05-28 11:30:49.534,2026-05-28 11:45:35.767,22.6645187,114.5052145,100.0,10.0,-0.02,55.0,36.5,24.5,612.1,614.96,10.0,2.0,2.5,NR5G-SA,n79,-96,-96,-11,14,-999,6.2
2026-05-28 11:30:49.734,2026-05-28 11:45:35.967,22.6645316,114.5052346,100.0,10.0,0.01,55.2,36.5,24.5,614.7,617.48,10.0,2.0,2.5,NR5G-SA,n79,-96,-96,-11,14,-999,11.3
2026-05-28 11:30:49.934,2026-05-28 11:45:36.167,22.6645316,114.5052346,100.0,10.0,0.01,55.2,36.5,24.5,614.7,617.48,10.0,2.0,2.5,NR5G-SA,n79,-95,-95,-11,14,-999,8.5
2026-05-28 11:30:50.135,2026-05-28 11:45:36.567,22.6645444,114.5052548,100.0,10.0,0.02,55.2,36.5,24.5,617.2,619.99,10.0,2.0,2.5,NR5G-SA,n79,-95,-95,-11,14,-999,10.7
2026-05-28 11:30:50.335,2026-05-28 11:45:36.767,22.6645572,114.5052748,100.0,10.0,0.05,55.0,36.5,22.7,619.7,622.49,10.0,2.0,2.5,NR5G-SA,n79,-90,-90,-10,13,-999,6.3
2026-05-28 11:30:50.536,2026-05-28 11:45:36.967,22.6645700,114.5052947,100.0,9.9,0.01,55.0,24.3,22.7,622.2,624.98,10.0,2.0,2.5,NR5G-SA,n79,-90,-90,-10,13,-999,5.1
2026-05-28 11:30:50.736,2026-05-28 11:45:36.967,22.6645828,114.5053145,100.0,9.9,-0.01,54.9,24.3,22.7,624.7,627.47,10.0,2.0,2.5,NR5G-SA,n79,-90,-90,-10,13,-999,10.4
2026-05-28 11:30:50.936,2026-05-28 11:45:37.167,22.6645828,114.5053145,100.0,9.9,-0.01,54.9,24.3,22.7,624.7,627.47,10.0,2.0,2.5,NR5G-SA,n79,-94,-94,-11,12,-999,7.2
2026-05-28 11:30:51.137,2026-05-28 11:45:37.567,22.6645956,114.5053343,100.0,10.0,-0.03,54.9,24.3,22.7,627.1,629.95,10.0,2.0,2.5,NR5G-SA,n79,-94,-94,-11,12,-999,6.2
2026-05-28 11:30:51.337,2026-05-28 11:45:37.767,22.6646085,114.5053542,100.0,10.0,-0.04,54.9,24.3,22.7,629.6,632.45,10.0,2.0,2.5,NR5G-SA,n79,-94,-94,-11,12,-999,6.7
2026-05-28 11:30:51.537,2026-05-28 11:45:37.967,22.6646213,114.5053741,100.0,10.0,-0.02,54.8,42.9,21.7,632.1,634.94,10.0,2.0,2.5,NR5G-SA,n79,-91,-91,-10,12,-999,7.0
2026-05-28 11:30:51.738,2026-05-28 11:45:37.967,22.6646342,114.5053941,100.0,10.0,0.01,54.8,42.9,21.7,634.6,637.45,10.0,2.0,2.5,NR5G-SA,n79,-91,-91,-10,12,-999,12.1
2026-05-28 11:30:51.938,2026-05-28 11:45:38.167,22.6646342,114.5053941,100.0,10.0,0.01,54.8,42.9,21.7,634.6,637.45,10.0,2.0,2.5,NR5G-SA,n79,-91,-91,-10,12,-999,8.8
2026-05-28 11:30:52.138,2026-05-28 11:45:38.567,22.6646471,114.5054141,100.0,10.0,0.04,54.9,42.9,21.7,637.1,639.95,10.0,2.0,2.5,NR5G-SA,n79,-90,-90,-11,14,-999,7.6
2026-05-28 11:30:52.339,2026-05-28 11:45:38.767,22.6646600,114.5054340,100.0,10.0,0.01,55.0,42.9,21.7,639.6,642.45,10.0,2.0,2.5,NR5G-SA,n79,-90,-90,-11,14,-999,5.9
2026-05-28 11:30:52.539,2026-05-28 11:45:38.967,22.6646729,114.5054540,100.0,10.0,0.01,55.0,17.2,20.1,642.1,644.96,10.0,2.0,2.5,NR5G-SA,n79,-93,-93,-10,14,-999,5.6
2026-05-28 11:30:52.739,2026-05-28 11:45:38.967,22.6646858,114.5054739,100.0,10.0,0.03,55.0,17.2,20.1,644.6,647.46,10.0,2.0,2.5,NR5G-SA,n79,-93,-93,-10,14,-999,10.8
2026-05-28 11:30:52.940,2026-05-28 11:45:39.167,22.6646858,114.5054739,100.0,10.0,0.03,55.0,17.2,20.1,644.6,647.46,10.0,2.0,2.5,NR5G-SA,n79,-93,-93,-10,14,-999,8.5
2026-05-28 11:30:53.140,2026-05-28 11:45:39.567,22.6646988,114.5054938,100.0,10.0,0.05,55.0,17.2,20.1,647.2,649.96,10.0,2.0,2.5,NR5G-SA,n79,-90,-90,-10,13,-999,9.1
2026-05-28 11:30:53.340,2026-05-28 11:45:39.767,22.6647118,114.5055137,100.0,10.0,0.00,55.1,17.2,20.1,649.7,652.47,10.0,2.0,2.5,NR5G-SA,n79,-90,-90,-10,13,-999,6.2
2026-05-28 11:30:53.541,2026-05-28 11:45:39.967,22.6647249,114.5055337,100.0,10.0,0.01,55.1,0.0,17.3,652.2,654.99,10.0,2.0,2.5,NR5G-SA,n79,-90,-90,-10,13,-999,6.2
2026-05-28 11:30:53.741,2026-05-28 11:45:39.967,22.6647379,114.5055536,100.0,10.0,-0.02,55.2,0.0,17.3,654.7,657.49,10.0,2.0,2.5,NR5G-SA,n79,-89,-89,-10,12,-999,11.3
2026-05-28 11:30:53.942,2026-05-28 11:45:40.167,22.6647379,114.5055536,100.0,10.0,-0.02,55.2,0.0,17.3,654.7,657.49,10.0,2.0,2.5,NR5G-SA,n79,-89,-89,-10,12,-999,8.3
2026-05-28 11:30:54.142,2026-05-28 11:45:40.567,22.6647509,114.5055734,100.0,10.0,-0.03,55.0,0.0,17.3,657.2,659.99,10.0,2.0,2.5,NR5G-SA,n79,-89,-89,-10,12,-999,7.5
2026-05-28 11:30:54.342,2026-05-28 11:45:40.767,22.6647639,114.5055932,100.0,10.0,-0.00,54.8,0.0,17.3,659.7,662.48,10.0,2.0,2.5,NR5G-SA,n79,-92,-92,-11,12,-999,6.3
2026-05-28 11:30:54.543,2026-05-28 11:45:40.767,22.6647768,114.5056130,100.0,10.0,-0.03,54.8,0.0,17.0,662.2,664.97,10.0,2.0,2.5,NR5G-SA,n79,-92,-92,-11,12,-999,6.6
2026-05-28 11:30:54.743,2026-05-28 11:45:40.967,22.6647897,114.5056329,100.0,10.0,-0.01,55.0,7.0,17.0,664.7,667.47,10.0,2.0,2.5,NR5G-SA,n79,-92,-92,-11,12,-999,9.2
2026-05-28 11:30:54.943,2026-05-28 11:45:41.167,22.6647897,114.5056329,100.0,10.0,-0.01,55.0,7.0,17.0,664.7,667.47,10.0,2.0,2.5,NR5G-SA,n79,-93,-93,-11,13,-999,7.9
2026-05-28 11:30:55.144,2026-05-28 11:45:41.567,22.6648024,114.5056529,100.0,10.0,-0.02,55.1,7.0,17.0,667.2,669.96,10.0,2.0,2.5,NR5G-SA,n79,-93,-93,-11,13,-999,7.6
2026-05-28 11:30:55.344,2026-05-28 11:45:41.767,22.6648152,114.5056730,100.0,10.0,-0.01,55.3,7.0,17.0,669.7,672.47,10.0,2.0,2.5,NR5G-SA,n79,-98,-98,-11,13,-999,5.2
2026-05-28 11:30:55.544,2026-05-28 11:45:41.967,22.6648280,114.5056931,100.0,10.0,-0.06,55.3,0.0,17.4,672.2,674.98,10.0,2.0,2.5,NR5G-SA,n79,-98,-98,-11,13,-999,5.5
2026-05-28 11:30:55.745,2026-05-28 11:45:41.967,22.6648408,114.5057131,100.0,10.0,-0.03,55.1,0.0,17.4,674.7,677.48,10.0,2.0,2.5,NR5G-SA,n79,-98,-98,-11,13,-999,11.8
2026-05-28 11:30:55.945,2026-05-28 11:45:42.167,22.6648408,114.5057131,100.0,10.0,-0.03,55.1,0.0,17.4,674.7,677.48,10.0,2.0,2.5,NR5G-SA,n79,-94,-94,-11,14,-999,10.1
2026-05-28 11:30:56.145,2026-05-28 11:45:42.567,22.6648538,114.5057330,100.0,10.0,-0.03,54.9,0.0,17.4,677.2,679.99,10.0,2.0,2.5,NR5G-SA,n79,-94,-94,-11,14,-999,6.1
2026-05-28 11:30:56.346,2026-05-28 11:45:42.767,22.6648669,114.5057528,100.0,10.0,-0.02,54.9,0.0,17.4,679.7,682.49,10.0,2.0,2.5,NR5G-SA,n79,-94,-94,-11,14,-999,5.4
2026-05-28 11:30:56.546,2026-05-28 11:45:42.967,22.6648799,114.5057726,100.0,10.0,0.00,54.7,5.4,16.9,682.2,684.99,10.0,2.0,2.5,NR5G-SA,n79,-92,-92,-10,13,-999,6.5
2026-05-28 11:30:56.746,2026-05-28 11:45:42.967,22.6648930,114.5057924,100.0,10.0,0.01,54.8,5.4,16.9,684.7,687.49,10.0,2.0,2.5,NR5G-SA,n79,-92,-92,-10,13,-999,12.0
2026-05-28 11:30:56.947,2026-05-28 11:45:43.167,22.6648930,114.5057924,100.0,10.0,0.01,54.8,5.4,16.9,684.7,687.49,10.0,2.0,2.5,NR5G-SA,n79,-92,-92,-10,13,-999,9.7
2026-05-28 11:30:57.147,2026-05-28 11:45:43.567,22.6649060,114.5058124,100.0,10.0,0.03,54.7,5.4,16.9,687.2,690.00,10.0,2.0,2.5,NR5G-SA,n79,-92,-92,-11,13,-999,7.3
2026-05-28 11:30:57.347,2026-05-28 11:45:43.767,22.6649189,114.5058324,100.0,10.0,0.02,54.8,5.4,16.9,689.7,692.51,10.0,2.0,2.5,NR5G-SA,n79,-92,-92,-11,13,-999,5.4
2026-05-28 11:30:57.548,2026-05-28 11:45:43.767,22.6649319,114.5058524,100.0,10.0,0.02,54.9,5.4,16.0,692.2,695.02,10.0,2.0,2.5,NR5G-SA,n79,-92,-92,-11,13,-999,7.5
2026-05-28 11:30:57.748,2026-05-28 11:45:43.967,22.6649448,114.5058725,100.0,10.0,0.01,55.1,0.0,16.0,694.7,697.54,10.0,2.0,2.5,NR5G-SA,n79,-92,-92,-11,13,-999,7.9
2026-05-28 11:30:57.948,2026-05-28 11:45:44.167,22.6649448,114.5058725,100.0,10.0,0.01,55.1,0.0,16.0,694.7,697.54,10.0,2.0,2.5,NR5G-SA,n79,-91,-91,-11,14,-999,9.8
2026-05-28 11:30:58.149,2026-05-28 11:45:44.567,22.6649577,114.5058925,100.0,10.0,0.02,55.1,0.0,16.0,697.2,700.04,10.0,2.0,2.5,NR5G-SA,n79,-97,-97,-11,14,-999,6.0
2026-05-28 11:30:58.349,2026-05-28 11:45:44.567,22.6649706,114.5059125,100.0,10.0,0.02,55.2,0.0,16.0,699.7,702.55,10.0,2.0,2.5,NR5G-SA,n79,-97,-97,-11,14,-999,13.6
2026-05-28 11:30:58.549,2026-05-28 11:45:44.967,22.6649835,114.5059324,100.0,10.0,0.01,55.3,0.0,16.3,702.2,705.05,10.0,2.0,2.5,NR5G-SA,n79,-97,-97,-11,14,-999,5.5
2026-05-28 11:30:58.750,2026-05-28 11:45:44.967,22.6649964,114.5059522,100.0,10.0,-0.01,55.3,15.2,16.3,704.7,707.54,10.0,2.0,2.5,NR5G-SA,n79,-92,-92,-10,23,-999,10.4
2026-05-28 11:30:58.950,2026-05-28 11:45:45.167,22.6649964,114.5059522,100.0,10.0,-0.01,55.3,15.2,16.3,704.7,707.54,10.0,2.0,2.5,NR5G-SA,n79,-92,-92,-10,23,-999,10.4
2026-05-28 11:30:59.150,2026-05-28 11:45:45.567,22.6650092,114.5059721,100.0,10.0,0.00,55.4,15.2,16.3,707.2,710.03,10.0,2.0,2.5,NR5G-SA,n79,-92,-92,-10,23,-999,7.6
2026-05-28 11:30:59.351,2026-05-28 11:45:45.767,22.6650220,114.5059919,100.0,10.0,0.01,55.5,15.2,16.3,709.7,712.51,10.0,2.0,2.5,NR5G-SA,n79,-89,-89,-10,22,-999,6.3
2026-05-28 11:30:59.551,2026-05-28 11:45:45.967,22.6650349,114.5060118,100.0,10.0,0.00,55.6,15.2,16.2,712.2,715.01,10.0,2.0,2.5,NR5G-SA,n79,-89,-89,-10,22,-999,6.1
2026-05-28 11:30:59.751,2026-05-28 11:45:45.967,22.6650478,114.5060316,100.0,10.0,-0.01,55.7,42.2,16.2,714.7,717.50,10.0,2.0,2.5,NR5G-SA,n79,-89,-89,-10,23,-999,10.3
2026-05-28 11:30:59.952,2026-05-28 11:45:46.167,22.6650478,114.5060316,100.0,10.0,-0.01,55.7,42.2,16.2,714.7,717.50,10.0,2.0,2.5,NR5G-SA,n79,-89,-89,-10,23,-999,9.4
2026-05-28 11:31:00.152,2026-05-28 11:45:46.567,22.6650606,114.5060516,100.0,10.0,0.05,55.6,42.2,16.2,717.2,720.00,10.0,2.0,2.5,NR5G-SA,n79,-89,-89,-10,23,-999,7.7
2026-05-28 11:31:00.352,2026-05-28 11:45:46.767,22.6650734,114.5060716,100.0,10.0,0.00,55.4,42.2,16.2,719.7,722.50,10.0,2.0,2.5,NR5G-SA,n79,-89,-89,-10,26,-999,6.5
2026-05-28 11:31:00.553,2026-05-28 11:45:46.967,22.6650864,114.5060915,100.0,10.0,-0.03,55.3,42.2,17.2,722.2,725.00,10.0,2.0,2.5,NR5G-SA,n79,-89,-89,-10,26,-999,6.2
2026-05-28 11:31:00.753,2026-05-28 11:45:46.967,22.6650994,114.5061113,100.0,10.0,-0.00,55.4,25.9,17.2,724.7,727.50,10.0,2.0,2.5,NR5G-SA,n79,-89,-89,-10,26,-999,12.7
2026-05-28 11:31:00.953,2026-05-28 11:45:47.167,22.6650994,114.5061113,100.0,10.0,-0.00,55.4,25.9,17.2,724.7,727.50,10.0,2.0,2.5,NR5G-SA,n79,-84,-84,-10,20,-999,7.7
2026-05-28 11:31:01.154,2026-05-28 11:45:47.567,22.6651125,114.5061312,100.0,9.9,0.03,55.4,25.9,17.2,727.2,730.01,10.0,2.0,2.5,NR5G-SA,n79,-84,-84,-10,20,-999,6.9
2026-05-28 11:31:01.354,2026-05-28 11:45:47.767,22.6651254,114.5061509,100.1,10.0,-0.04,55.6,25.9,17.2,729.7,732.49,10.0,2.0,2.5,NR5G-SA,n79,-84,-84,-10,20,-999,5.5
2026-05-28 11:31:01.555,2026-05-28 11:45:47.967,22.6651383,114.5061706,100.1,9.9,-0.06,55.6,25.9,17.2,732.2,734.97,10.0,2.0,2.5,NR5G-SA,n79,-84,-84,-10,22,-999,7.7
2026-05-28 11:31:01.755,2026-05-28 11:45:47.967,22.6651511,114.5061903,100.1,10.0,-0.06,55.5,38.1,20.2,734.6,737.45,10.0,2.0,2.5,NR5G-SA,n79,-84,-84,-10,22,-999,9.5
2026-05-28 11:31:01.956,2026-05-28 11:45:48.167,22.6651511,114.5061903,100.1,10.0,-0.06,55.5,38.1,20.2,734.6,737.45,10.0,2.0,2.5,NR5G-SA,n79,-86,-86,-10,22,-999,8.2
2026-05-28 11:31:02.156,2026-05-28 11:45:48.567,22.6651639,114.5062103,100.1,10.0,-0.07,55.3,38.1,20.2,737.1,739.95,10.0,2.0,2.5,NR5G-SA,n79,-86,-86,-10,22,-999,6.4
2026-05-28 11:31:02.356,2026-05-28 11:45:48.767,22.6651768,114.5062302,100.1,10.0,-0.02,55.4,38.1,20.2,739.6,742.45,10.0,2.0,2.5,NR5G-SA,n79,-86,-86,-10,22,-999,6.5
2026-05-28 11:31:02.557,2026-05-28 11:45:48.967,22.6651897,114.5062502,100.1,10.0,-0.04,55.4,38.1,20.2,742.1,744.95,10.0,2.0,2.5,NR5G-SA,n79,-81,-81,-10,22,-999,7.2
2026-05-28 11:31:02.757,2026-05-28 11:45:48.967,22.6652027,114.5062702,100.1,10.0,-0.03,55.6,31.4,20.2,744.7,747.47,10.0,2.0,2.5,NR5G-SA,n79,-81,-81,-10,22,-999,9.0
2026-05-28 11:31:02.957,2026-05-28 11:45:49.167,22.6652027,114.5062702,100.1,10.0,-0.03,55.6,31.4,20.2,744.7,747.47,10.0,2.0,2.5,NR5G-SA,n79,-81,-81,-10,22,-999,9.1
2026-05-28 11:31:03.158,2026-05-28 11:45:49.567,22.6652156,114.5062902,100.1,10.0,-0.03,55.6,31.4,20.2,747.2,749.97,10.0,2.0,2.5,NR5G-SA,n79,-85,-85,-10,22,-999,7.8
2026-05-28 11:31:03.358,2026-05-28 11:45:49.767,22.6652285,114.5063102,100.1,10.0,-0.08,55.6,31.4,20.2,749.7,752.48,10.0,2.0,2.5,NR5G-SA,n79,-85,-85,-10,22,-999,6.6
2026-05-28 11:31:03.559,2026-05-28 11:45:49.767,22.6652414,114.5063302,100.1,10.0,-0.05,55.6,31.4,20.2,752.2,754.99,10.0,2.0,2.5,NR5G-SA,n79,-85,-85,-10,22,-999,8.1
2026-05-28 11:31:03.759,2026-05-28 11:45:49.967,22.6652542,114.5063501,100.1,10.0,-0.07,55.6,32.4,21.7,754.7,757.48,10.0,2.0,2.5,NR5G-SA,n79,-85,-85,-10,22,-999,7.7
2026-05-28 11:31:03.959,2026-05-28 11:45:50.167,22.6652542,114.5063501,100.1,10.0,-0.07,55.6,32.4,21.7,754.7,757.48,10.0,2.0,2.5,NR5G-SA,n79,-85,-85,-10,22,-999,8.4
2026-05-28 11:31:04.160,2026-05-28 11:45:50.567,22.6652671,114.5063699,100.1,10.0,-0.06,55.5,32.4,21.7,757.2,759.97,10.0,2.0,2.5,NR5G-SA,n79,-85,-85,-10,22,-999,7.1
2026-05-28 11:31:04.360,2026-05-28 11:45:50.767,22.6652800,114.5063898,100.0,10.0,-0.06,55.4,32.4,21.7,759.7,762.47,10.0,2.0,2.5,NR5G-SA,n79,-85,-85,-10,22,-999,5.6
2026-05-28 11:31:04.561,2026-05-28 11:45:50.967,22.6652929,114.5064097,100.0,10.0,-0.05,55.5,32.4,21.7,762.2,764.97,10.0,2.0,2.5,NR5G-SA,n79,-85,-85,-10,22,-999,5.5
2026-05-28 11:31:04.761,2026-05-28 11:45:51.167,22.6653058,114.5064296,100.0,10.0,-0.06,55.5,36.3,22.2,764.7,767.46,10.0,2.0,2.5,NR5G-SA,n79,-82,-82,-10,21,-999,7.3
2026-05-28 11:31:04.961,2026-05-28 11:45:51.167,22.6653058,114.5064296,100.0,10.0,-0.06,55.5,36.3,22.2,764.7,767.46,10.0,2.0,2.5,NR5G-SA,n79,-82,-82,-10,21,-999,12.3
2026-05-28 11:31:05.162,2026-05-28 11:45:51.567,22.6653187,114.5064497,100.0,10.0,-0.04,55.5,36.3,22.2,767.2,769.98,10.0,2.0,2.5,NR5G-SA,n79,-82,-82,-10,21,-999,7.5
2026-05-28 11:31:05.362,2026-05-28 11:45:51.767,22.6653316,114.5064698,100.0,10.0,-0.05,55.5,36.3,22.2,769.7,772.49,10.0,2.0,2.5,NR5G-SA,n79,-82,-82,-10,18,-999,6.4
2026-05-28 11:31:05.562,2026-05-28 11:45:51.967,22.6653445,114.5064898,100.0,10.0,0.00,55.5,36.3,22.2,772.2,775.00,10.0,2.0,2.5,NR5G-SA,n79,-82,-82,-10,18,-999,5.8
2026-05-28 11:31:05.763,2026-05-28 11:45:51.967,22.6653574,114.5065098,100.0,10.0,0.00,55.4,100.0,24.8,774.7,777.51,10.0,2.0,2.5,NR5G-SA,n79,-82,-82,-10,18,-999,9.5
2026-05-28 11:31:05.963,2026-05-28 11:45:52.167,22.6653574,114.5065098,100.0,10.0,0.00,55.4,100.0,24.8,774.7,777.51,10.0,2.0,2.5,NR5G-SA,n79,-81,-81,-10,17,-999,10.5
2026-05-28 11:31:06.164,2026-05-28 11:45:52.567,22.6653703,114.5065297,100.0,10.0,-0.06,55.4,100.0,24.8,777.2,780.00,10.0,2.0,2.5,NR5G-SA,n79,-81,-81,-10,17,-999,7.3
2026-05-28 11:31:06.364,2026-05-28 11:45:52.767,22.6653832,114.5065497,100.0,10.0,-0.04,55.3,100.0,24.8,779.7,782.51,10.0,2.0,2.5,NR5G-SA,n79,-82,-82,-10,18,-999,5.5
2026-05-28 11:31:06.565,2026-05-28 11:45:52.967,22.6653962,114.5065697,100.0,10.0,-0.01,55.3,100.0,24.8,782.2,785.02,10.0,2.0,2.5,NR5G-SA,n79,-82,-82,-10,18,-999,5.0
2026-05-28 11:31:06.765,2026-05-28 11:45:52.967,22.6654091,114.5065897,100.0,10.0,-0.00,55.4,43.0,25.3,784.7,787.53,10.0,2.0,2.5,NR5G-SA,n79,-82,-82,-10,18,-999,9.7
2026-05-28 11:31:06.965,2026-05-28 11:45:53.167,22.6654091,114.5065897,100.0,10.0,-0.00,55.4,43.0,25.3,784.7,787.53,10.0,2.0,2.5,NR5G-SA,n79,-82,-82,-10,20,-999,9.3
2026-05-28 11:31:07.166,2026-05-28 11:45:53.567,22.6654220,114.5066097,100.0,10.0,-0.02,55.4,43.0,25.3,787.2,790.04,10.0,2.0,2.5,NR5G-SA,n79,-82,-82,-10,20,-999,6.0
2026-05-28 11:31:07.366,2026-05-28 11:45:53.767,22.6654350,114.5066297,100.0,10.0,-0.07,55.6,43.0,25.3,789.7,792.55,10.0,2.0,2.5,NR5G-SA,n79,-82,-82,-10,20,-999,5.9
2026-05-28 11:31:07.566,2026-05-28 11:45:53.967,22.6654479,114.5066498,100.0,10.0,-0.04,55.6,43.0,25.3,792.3,795.07,10.0,2.0,2.5,NR5G-SA,n79,-80,-80,-10,21,-999,6.5
2026-05-28 11:31:07.767,2026-05-28 11:45:53.967,22.6654607,114.5066698,100.0,10.0,-0.02,55.6,14.2,27.9,794.8,797.57,10.0,2.0,2.5,NR5G-SA,n79,-80,-80,-10,21,-999,7.7
2026-05-28 11:31:07.967,2026-05-28 11:45:54.167,22.6654607,114.5066698,100.0,10.0,-0.02,55.6,14.2,27.9,794.8,797.57,10.0,2.0,2.5,NR5G-SA,n79,-80,-80,-10,21,-999,9.2
2026-05-28 11:31:08.168,2026-05-28 11:45:54.567,22.6654735,114.5066898,100.0,10.0,0.01,55.7,14.2,27.9,797.3,800.07,10.0,2.0,2.5,NR5G-SA,n79,-79,-79,-10,21,-999,6.5
2026-05-28 11:31:08.368,2026-05-28 11:45:54.767,22.6654862,114.5067097,100.0,10.0,0.03,55.7,14.2,27.9,799.7,802.55,10.0,2.0,2.5,NR5G-SA,n79,-79,-79,-10,21,-999,5.0
2026-05-28 11:31:08.568,2026-05-28 11:45:54.967,22.6654990,114.5067297,100.0,10.0,0.04,55.7,14.2,27.9,802.2,805.05,10.0,2.0,2.5,NR5G-SA,n79,-79,-79,-10,21,-999,5.9
2026-05-28 11:31:08.769,2026-05-28 11:45:55.167,22.6655119,114.5067495,100.0,10.0,-0.01,55.6,0.0,27.9,804.7,807.54,10.0,2.0,2.5,NR5G-SA,n79,-80,-80,-10,23,-999,5.0
2026-05-28 11:31:08.969,2026-05-28 11:45:55.167,22.6655119,114.5067495,100.0,10.0,-0.01,55.6,0.0,27.1,804.7,807.54,10.0,2.0,2.5,NR5G-SA,n79,-80,-80,-10,23,-999,15.1
2026-05-28 11:31:09.170,2026-05-28 11:45:55.567,22.6655248,114.5067695,100.0,10.0,-0.02,55.5,0.0,27.1,807.2,810.05,10.0,2.0,2.5,NR5G-SA,n79,-76,-76,-10,25,-999,8.8
2026-05-28 11:31:09.370,2026-05-28 11:45:55.767,22.6655377,114.5067895,100.0,10.0,0.02,55.4,0.0,27.1,809.7,812.55,10.0,2.0,2.5,NR5G-SA,n79,-76,-76,-10,25,-999,5.9
2026-05-28 11:31:09.570,2026-05-28 11:45:55.967,22.6655507,114.5068094,100.0,10.0,-0.02,55.4,0.0,27.1,812.2,815.06,10.0,2.0,2.5,NR5G-SA,n79,-76,-76,-10,25,-999,5.7
2026-05-28 11:31:09.771,2026-05-28 11:45:55.967,22.6655636,114.5068292,100.0,10.0,0.03,55.3,2.3,27.1,814.7,817.55,10.0,2.0,2.5,NR5G-SA,n79,-76,-76,-10,26,-999,11.1
2026-05-28 11:31:09.971,2026-05-28 11:45:56.167,22.6655765,114.5068491,100.0,10.0,0.01,55.3,2.3,27.5,817.2,820.05,10.0,2.0,2.5,NR5G-SA,n79,-76,-76,-10,26,-999,6.1
2026-05-28 11:31:10.172,2026-05-28 11:45:56.567,22.6655765,114.5068491,100.0,10.0,0.01,55.3,2.3,27.5,817.2,820.05,10.0,2.0,2.5,NR5G-SA,n79,-76,-76,-10,26,-999,12.1
2026-05-28 11:31:10.372,2026-05-28 11:45:56.767,22.6655895,114.5068691,100.0,10.0,0.03,55.3,2.3,27.5,819.7,822.56,10.0,2.0,2.5,NR5G-SA,n79,-77,-77,-10,27,-999,6.7
2026-05-28 11:31:10.572,2026-05-28 11:45:56.967,22.6656024,114.5068889,100.0,10.0,-0.01,55.3,2.3,27.5,822.2,825.05,10.0,2.0,2.5,NR5G-SA,n79,-77,-77,-10,27,-999,4.9
2026-05-28 11:31:10.773,2026-05-28 11:45:57.167,22.6656153,114.5069088,100.0,10.0,-0.00,55.2,0.0,27.5,824.7,827.55,10.0,2.0,2.5,NR5G-SA,n79,-77,-77,-10,27,-999,8.3
2026-05-28 11:31:10.973,2026-05-28 11:45:57.167,22.6656153,114.5069088,100.0,10.0,-0.00,55.2,0.0,25.9,824.7,827.55,10.0,2.0,2.5,NR5G-SA,n79,-76,-76,-10,27,-999,11.9
2026-05-28 11:31:11.174,2026-05-28 11:45:57.567,22.6656283,114.5069287,100.0,10.0,0.03,55.1,0.0,25.9,827.2,830.05,10.0,2.0,2.5,NR5G-SA,n79,-76,-76,-10,27,-999,7.8
2026-05-28 11:31:11.374,2026-05-28 11:45:57.767,22.6656412,114.5069487,100.0,10.0,0.00,55.0,0.0,25.9,829.7,832.56,10.0,2.0,2.5,NR5G-SA,n79,-75,-75,-10,26,-999,6.8
2026-05-28 11:31:11.574,2026-05-28 11:45:57.967,22.6656542,114.5069686,100.0,10.0,0.05,54.8,0.0,25.9,832.3,835.06,10.0,2.0,2.5,NR5G-SA,n79,-75,-75,-10,26,-999,5.5
2026-05-28 11:31:11.775,2026-05-28 11:45:58.167,22.6656671,114.5069885,100.0,10.0,0.05,54.8,8.6,25.9,834.7,837.56,10.0,2.0,2.5,NR5G-SA,n79,-75,-75,-10,26,-999,8.6
2026-05-28 11:31:11.975,2026-05-28 11:45:58.167,22.6656800,114.5070085,100.0,10.0,0.07,54.9,8.6,23.3,837.3,840.07,10.0,2.0,2.5,NR5G-SA,n79,-76,-76,-10,25,-999,11.2
2026-05-28 11:31:12.176,2026-05-28 11:45:58.567,22.6656800,114.5070085,100.0,10.0,0.07,54.9,8.6,23.3,837.3,840.07,10.0,2.0,2.5,NR5G-SA,n79,-76,-76,-10,25,-999,7.4
2026-05-28 11:31:12.376,2026-05-28 11:45:58.767,22.6656930,114.5070284,100.0,10.0,-0.01,55.0,8.6,23.3,839.8,842.57,10.0,2.0,2.5,NR5G-SA,n79,-76,-76,-10,25,-999,5.5
2026-05-28 11:31:12.577,2026-05-28 11:45:58.967,22.6657059,114.5070484,100.0,10.0,-0.02,55.1,8.6,23.3,842.3,845.08,10.0,2.0,2.5,NR5G-SA,n79,-77,-77,-10,23,-999,4.6
2026-05-28 11:31:12.777,2026-05-28 11:45:59.167,22.6657188,114.5070682,100.0,10.0,-0.00,55.2,0.0,23.3,844.8,847.57,10.0,2.0,2.5,NR5G-SA,n79,-77,-77,-10,23,-999,6.8
2026-05-28 11:31:12.977,2026-05-28 11:45:59.167,22.6657188,114.5070682,100.0,10.0,-0.00,55.2,0.0,21.7,844.8,847.57,10.0,2.0,2.5,NR5G-SA,n79,-77,-77,-10,23,-999,13.2
2026-05-28 11:31:13.178,2026-05-28 11:45:59.567,22.6657317,114.5070881,100.0,10.0,0.02,55.3,0.0,21.7,847.3,850.07,10.0,2.0,2.5,NR5G-SA,n79,-78,-78,-10,22,-999,7.3
2026-05-28 11:31:13.378,2026-05-28 11:45:59.767,22.6657445,114.5071080,100.0,10.0,-0.02,55.2,0.0,21.7,849.7,852.56,10.0,2.0,2.5,NR5G-SA,n79,-78,-78,-10,22,-999,5.8
2026-05-28 11:31:13.578,2026-05-28 11:45:59.967,22.6657573,114.5071279,100.0,10.0,-0.00,55.2,0.0,21.7,852.2,855.05,10.0,2.0,2.5,NR5G-SA,n79,-76,-76,-10,22,-999,5.2
2026-05-28 11:31:13.779,2026-05-28 11:46:00.167,22.6657701,114.5071480,100.0,10.0,0.00,55.2,19.2,21.7,854.7,857.56,10.0,2.0,2.5,NR5G-SA,n79,-76,-76,-10,22,-999,6.4
2026-05-28 11:31:13.979,2026-05-28 11:46:00.167,22.6657701,114.5071480,100.0,10.0,0.00,55.2,19.2,24.0,854.7,857.56,10.0,2.0,2.5,NR5G-SA,n79,-76,-76,-10,22,-999,9.0
2026-05-28 11:31:14.179,2026-05-28 11:46:00.567,22.6657829,114.5071680,100.0,10.0,-0.01,55.1,19.2,24.0,857.2,860.06,10.0,2.0,2.5,NR5G-SA,n79,-79,-79,-10,21,-999,6.4
2026-05-28 11:31:14.380,2026-05-28 11:46:00.767,22.6657958,114.5071881,100.0,10.0,0.01,55.0,19.2,24.0,859.8,862.57,10.0,2.0,2.5,NR5G-SA,n79,-79,-79,-10,21,-999,6.3
2026-05-28 11:31:14.580,2026-05-28 11:46:00.967,22.6658087,114.5072081,100.0,10.0,0.00,54.9,19.2,24.0,862.3,865.08,10.0,2.0,2.5,NR5G-SA,n79,-79,-79,-10,21,-999,5.0
2026-05-28 11:31:14.781,2026-05-28 11:46:00.967,22.6658216,114.5072282,100.0,10.0,0.02,54.9,41.0,24.0,864.8,867.60,10.0,2.0,2.5,NR5G-SA,n79,-79,-79,-10,21,-999,7.7
2026-05-28 11:31:14.981,2026-05-28 11:46:01.167,22.6658345,114.5072481,100.0,10.0,0.04,54.9,41.0,24.0,867.3,870.09,10.0,2.0,2.5,NR5G-SA,n79,-79,-79,-10,21,-999,8.0
2026-05-28 11:31:15.181,2026-05-28 11:46:01.567,22.6658345,114.5072481,100.0,10.0,0.04,54.9,41.0,24.0,867.3,870.09,10.0,2.0,2.5,NR5G-SA,n79,-79,-79,-10,21,-999,8.4
2026-05-28 11:31:15.382,2026-05-28 11:46:01.767,22.6658475,114.5072680,100.0,10.0,0.02,55.1,41.0,24.0,869.8,872.60,10.0,2.0,2.5,NR5G-SA,n79,-79,-79,-10,22,-999,6.6
2026-05-28 11:31:15.582,2026-05-28 11:46:01.967,22.6658604,114.5072879,100.0,10.0,-0.00,55.2,41.0,24.0,872.3,875.10,10.0,2.0,2.5,NR5G-SA,n79,-79,-79,-10,22,-999,7.7
2026-05-28 11:31:15.783,2026-05-28 11:46:02.167,22.6658733,114.5073078,100.0,10.0,0.00,55.3,26.4,24.0,874.8,877.60,10.0,2.0,2.5,NR5G-SA,n79,-79,-79,-10,21,-999,5.4
2026-05-28 11:31:15.983,2026-05-28 11:46:02.167,22.6658863,114.5073277,100.0,10.0,-0.02,55.3,26.4,25.5,877.3,880.10,10.0,2.0,2.5,NR5G-SA,n79,-79,-79,-10,21,-999,10.7
2026-05-28 11:31:16.183,2026-05-28 11:46:02.567,22.6658863,114.5073277,100.0,10.0,-0.02,55.3,26.4,25.5,877.3,880.10,10.0,2.0,2.5,NR5G-SA,n79,-79,-79,-10,21,-999,7.9
2026-05-28 11:31:16.384,2026-05-28 11:46:02.767,22.6658992,114.5073477,100.0,10.0,-0.02,55.3,26.4,25.5,879.8,882.61,10.0,2.0,2.5,NR5G-SA,n79,-78,-78,-10,20,-999,4.8
2026-05-28 11:31:16.584,2026-05-28 11:46:02.967,22.6659122,114.5073676,100.0,10.0,-0.00,55.3,26.4,25.5,882.3,885.11,10.0,2.0,2.5,NR5G-SA,n79,-78,-78,-10,20,-999,5.2
2026-05-28 11:31:16.785,2026-05-28 11:46:03.167,22.6659252,114.5073875,100.0,10.0,0.01,55.5,35.7,25.5,884.8,887.62,10.0,2.0,2.5,NR5G-SA,n79,-78,-78,-10,20,-999,6.9
2026-05-28 11:31:16.985,2026-05-28 11:46:03.167,22.6659380,114.5074074,100.0,10.0,0.02,55.4,35.7,25.5,887.3,890.11,10.0,2.0,2.5,NR5G-SA,n79,-77,-77,-10,21,-999,7.8
2026-05-28 11:31:17.185,2026-05-28 11:46:03.567,22.6659380,114.5074074,100.0,10.0,0.02,55.4,35.7,26.0,887.3,890.11,10.0,2.0,2.5,NR5G-SA,n79,-77,-77,-10,21,-999,8.8
2026-05-28 11:31:17.386,2026-05-28 11:46:03.767,22.6659509,114.5074273,100.0,10.0,0.04,55.3,35.7,26.0,889.8,892.61,10.0,2.0,2.5,NR5G-SA,n79,-77,-77,-10,21,-999,5.6
2026-05-28 11:31:17.586,2026-05-28 11:46:03.967,22.6659639,114.5074472,100.0,10.0,0.01,55.1,35.7,26.0,892.3,895.11,10.0,2.0,2.5,NR5G-SA,n79,-75,-75,-10,22,-999,6.3
2026-05-28 11:31:17.786,2026-05-28 11:46:04.167,22.6659768,114.5074672,100.0,10.0,0.04,55.2,33.3,26.0,894.8,897.62,10.0,2.0,2.5,NR5G-SA,n79,-75,-75,-10,22,-999,6.2
2026-05-28 11:31:17.987,2026-05-28 11:46:04.167,22.6659897,114.5074871,100.0,10.0,0.04,55.1,33.3,26.0,897.3,900.11,10.0,2.0,2.5,NR5G-SA,n79,-74,-74,-10,23,-999,12.5
2026-05-28 11:31:18.187,2026-05-28 11:46:04.567,22.6659897,114.5074871,100.0,10.0,0.03,55.1,33.3,27.4,897.3,900.11,10.0,2.0,2.5,NR5G-SA,n79,-74,-74,-10,23,-999,8.2
2026-05-28 11:31:18.388,2026-05-28 11:46:04.767,22.6660027,114.5075070,100.0,10.0,0.02,55.0,33.3,27.4,899.8,902.62,10.0,2.0,2.5,NR5G-SA,n79,-74,-74,-10,23,-999,6.6
2026-05-28 11:31:18.588,2026-05-28 11:46:04.967,22.6660157,114.5075269,100.0,10.0,0.01,55.0,33.3,27.4,902.3,905.12,10.0,2.0,2.5,NR5G-SA,n79,-74,-74,-10,23,-999,5.4
2026-05-28 11:31:18.788,2026-05-28 11:46:04.967,22.6660286,114.5075468,100.0,10.0,0.03,55.0,29.8,27.4,904.8,907.62,10.0,2.0,2.5,NR5G-SA,n79,-74,-74,-10,23,-999,11.3
2026-05-28 11:31:18.989,2026-05-28 11:46:05.167,22.6660416,114.5075667,100.0,10.0,0.01,54.8,29.8,27.4,907.3,910.13,10.0,2.0,2.5,NR5G-SA,n79,-74,-74,-10,23,-999,11.9
2026-05-28 11:31:19.189,2026-05-28 11:46:05.567,22.6660416,114.5075667,100.0,10.0,0.01,54.8,29.8,27.2,907.3,910.13,10.0,2.0,2.5,NR5G-SA,n79,-75,-75,-10,23,-999,6.6
2026-05-28 11:31:19.390,2026-05-28 11:46:05.767,22.6660547,114.5075868,100.0,10.0,0.01,54.9,29.8,27.2,909.8,912.65,10.0,2.0,2.5,NR5G-SA,n79,-75,-75,-10,23,-999,5.8
2026-05-28 11:31:19.590,2026-05-28 11:46:05.967,22.6660676,114.5076068,100.0,10.0,0.03,54.9,29.8,27.2,912.3,915.16,10.0,2.0,2.5,NR5G-SA,n79,-75,-75,-10,23,-999,6.2
2026-05-28 11:31:19.790,2026-05-28 11:46:05.967,22.6660804,114.5076267,100.0,10.0,0.02,55.0,39.0,27.2,914.8,917.65,10.0,2.0,2.5,NR5G-SA,n79,-73,-73,-10,23,-999,9.6
2026-05-28 11:31:19.991,2026-05-28 11:46:06.167,22.6660932,114.5076466,100.0,9.9,0.02,55.1,39.0,27.2,917.3,920.14,10.0,2.0,2.5,NR5G-SA,n79,-73,-73,-10,23,-999,9.4
2026-05-28 11:31:20.191,2026-05-28 11:46:06.567,22.6660932,114.5076466,100.0,9.9,0.02,55.1,39.0,27.1,917.3,920.14,10.0,2.0,2.5,NR5G-SA,n79,-73,-73,-10,23,-999,7.9
2026-05-28 11:31:20.392,2026-05-28 11:46:06.767,22.6661060,114.5076664,100.0,9.9,0.02,55.0,39.0,27.1,919.8,922.63,10.0,2.0,2.5,NR5G-SA,n79,-73,-73,-10,23,-999,6.4
2026-05-28 11:31:20.592,2026-05-28 11:46:06.967,22.6661187,114.5076861,100.0,9.9,0.01,55.0,39.0,27.1,922.3,925.10,10.0,2.0,2.5,NR5G-SA,n79,-73,-73,-10,23,-999,5.8
2026-05-28 11:31:20.792,2026-05-28 11:46:06.967,22.6661315,114.5077058,100.0,9.9,0.05,55.1,21.7,27.1,924.8,927.57,10.0,2.0,2.5,NR5G-SA,n79,-73,-73,-10,22,-999,7.4
2026-05-28 11:31:20.993,2026-05-28 11:46:07.167,22.6661442,114.5077256,100.0,10.0,0.01,55.0,21.7,27.1,927.2,930.05,10.0,2.0,2.5,NR5G-SA,n79,-73,-73,-10,22,-999,8.8
2026-05-28 11:31:21.193,2026-05-28 11:46:07.567,22.6661442,114.5077256,100.0,10.0,0.01,55.0,21.7,24.6,927.2,930.05,10.0,2.0,2.5,NR5G-SA,n79,-73,-73,-10,22,-999,6.7
2026-05-28 11:31:21.394,2026-05-28 11:46:07.767,22.6661571,114.5077456,100.0,10.0,0.01,55.0,21.7,24.6,929.7,932.56,10.0,2.0,2.5,NR5G-SA,n79,-74,-74,-10,23,-999,6.2
2026-05-28 11:31:21.594,2026-05-28 11:46:07.967,22.6661699,114.5077657,100.0,10.0,0.02,54.9,21.7,24.6,932.3,935.06,10.0,2.0,2.5,NR5G-SA,n79,-74,-74,-10,23,-999,6.2
2026-05-28 11:31:21.795,2026-05-28 11:46:08.167,22.6661828,114.5077856,100.0,10.0,0.01,54.6,41.6,24.6,934.7,937.56,10.0,2.0,2.5,NR5G-SA,n79,-74,-74,-10,23,-999,5.0
2026-05-28 11:31:21.995,2026-05-28 11:46:08.167,22.6661958,114.5078055,100.0,10.0,0.01,54.5,41.6,24.6,937.3,940.07,10.0,2.0,2.5,NR5G-SA,n79,-75,-75,-10,22,-999,10.7
2026-05-28 11:31:22.196,2026-05-28 11:46:08.567,22.6661958,114.5078055,100.0,10.0,0.01,54.5,41.6,24.1,937.3,940.07,10.0,2.0,2.5,NR5G-SA,n79,-75,-75,-10,22,-999,7.2
2026-05-28 11:31:22.396,2026-05-28 11:46:08.767,22.6662086,114.5078253,100.0,10.0,-0.01,54.4,41.6,24.1,939.7,942.55,10.0,2.0,2.5,NR5G-SA,n79,-74,-74,-10,20,-999,9.8
2026-05-28 11:31:22.597,2026-05-28 11:46:08.967,22.6662216,114.5078453,100.0,10.0,0.01,54.4,41.6,24.1,942.2,945.06,10.0,2.0,2.5,NR5G-SA,n79,-74,-74,-10,20,-999,4.6
2026-05-28 11:31:22.797,2026-05-28 11:46:09.167,22.6662345,114.5078653,100.0,10.0,-0.00,54.4,25.0,24.1,944.8,947.57,10.0,2.0,2.5,NR5G-SA,n79,-74,-74,-10,20,-999,8.1
2026-05-28 11:31:22.998,2026-05-28 11:46:09.167,22.6662474,114.5078852,100.0,10.0,0.03,54.4,25.0,24.1,947.3,950.07,10.0,2.0,2.5,NR5G-SA,n79,-74,-74,-10,20,-999,10.4
2026-05-28 11:31:23.198,2026-05-28 11:46:09.567,22.6662474,114.5078852,100.0,10.0,0.03,54.4,25.0,23.1,947.3,950.07,10.0,2.0,2.5,NR5G-SA,n79,-74,-74,-10,20,-999,12.3
2026-05-28 11:31:23.398,2026-05-28 11:46:09.767,22.6662604,114.5079052,100.0,10.0,0.01,54.6,25.0,23.1,949.8,952.58,10.0,2.0,2.5,NR5G-SA,n79,-74,-74,-10,20,-999,6.6
2026-05-28 11:31:23.599,2026-05-28 11:46:09.967,22.6662733,114.5079250,100.0,10.0,0.02,54.8,25.0,23.1,952.3,955.07,10.0,2.0,2.5,NR5G-SA,n79,-77,-77,-10,19,-999,6.7
2026-05-28 11:31:23.799,2026-05-28 11:46:10.167,22.6662861,114.5079449,100.0,9.9,0.04,55.0,0.0,23.1,954.7,957.56,10.0,2.0,2.5,NR5G-SA,n79,-77,-77,-10,19,-999,5.0
2026-05-28 11:31:24.000,2026-05-28 11:46:10.167,22.6662989,114.5079647,100.0,10.0,0.03,54.9,0.0,23.1,957.2,960.05,10.0,2.0,2.5,NR5G-SA,n79,-77,-77,-10,19,-999,9.6
2026-05-28 11:31:24.200,2026-05-28 11:46:10.567,22.6662989,114.5079647,100.0,10.0,0.03,54.9,0.0,23.1,957.2,960.05,10.0,2.0,2.5,NR5G-SA,n79,-78,-78,-10,18,-999,8.0
2026-05-28 11:31:24.400,2026-05-28 11:46:10.767,22.6663117,114.5079845,100.0,9.9,0.04,54.8,0.0,23.4,959.7,962.53,10.0,2.0,2.5,NR5G-SA,n79,-78,-78,-10,18,-999,8.4
2026-05-28 11:31:24.601,2026-05-28 11:46:10.967,22.6663245,114.5080042,100.0,9.9,0.05,54.9,0.0,23.4,962.2,965.00,10.0,2.0,2.5,NR5G-SA,n79,-78,-78,-10,17,-999,7.2
2026-05-28 11:31:24.801,2026-05-28 11:46:11.167,22.6663373,114.5080241,100.0,10.0,-0.04,55.0,0.0,23.4,964.7,967.50,10.0,2.0,2.5,NR5G-SA,n79,-78,-78,-10,17,-999,6.1
2026-05-28 11:31:25.002,2026-05-28 11:46:11.167,22.6663373,114.5080241,100.0,10.0,-0.04,55.0,0.0,23.4,964.7,967.50,10.0,2.0,2.5,NR5G-SA,n79,-78,-78,-10,17,-999,13.5
2026-05-28 11:31:25.202,2026-05-28 11:46:11.567,22.6663501,114.5080440,100.0,10.0,-0.04,55.0,0.0,23.4,967.2,969.99,10.0,2.0,2.5,NR5G-SA,n79,-78,-78,-10,17,-999,9.9
2026-05-28 11:31:25.402,2026-05-28 11:46:11.767,22.6663631,114.5080641,100.0,10.0,-0.05,54.9,0.0,24.8,969.7,972.51,10.0,2.0,2.5,NR5G-SA,n79,-78,-78,-10,17,-999,9.4
2026-05-28 11:31:25.603,2026-05-28 11:46:11.967,22.6663761,114.5080843,100.0,10.1,-0.06,54.8,0.0,24.8,972.2,975.04,10.0,2.0,2.5,NR5G-SA,n79,-78,-78,-10,17,-999,6.7
2026-05-28 11:31:25.803,2026-05-28 11:46:11.967,22.6663890,114.5081044,100.0,10.1,-0.05,54.8,0.0,24.8,974.7,977.55,10.0,2.0,2.5,NR5G-SA,n79,-80,-80,-10,18,-999,10.0
2026-05-28 11:31:26.004,2026-05-28 11:46:12.167,22.6664021,114.5081245,100.0,10.1,0.00,54.7,0.0,24.8,977.3,980.08,10.0,2.0,2.5,NR5G-SA,n79,-80,-80,-10,18,-999,9.1
2026-05-28 11:31:26.204,2026-05-28 11:46:12.567,22.6664021,114.5081245,100.0,10.1,0.00,54.7,0.0,24.8,977.3,980.08,10.0,2.0,2.5,NR5G-SA,n79,-80,-80,-10,18,-999,10.3
2026-05-28 11:31:26.404,2026-05-28 11:46:12.767,22.6664152,114.5081445,100.0,10.0,0.01,54.5,0.0,24.7,979.8,982.60,10.0,2.0,2.5,NR5G-SA,n79,-82,-82,-10,18,-999,7.5
2026-05-28 11:31:26.605,2026-05-28 11:46:12.967,22.6664281,114.5081644,100.0,10.0,0.02,54.4,0.0,24.7,982.3,985.10,10.0,2.0,2.5,NR5G-SA,n79,-82,-82,-10,18,-999,5.4
2026-05-28 11:31:26.805,2026-05-28 11:46:13.167,22.6664410,114.5081843,100.0,10.0,0.00,54.2,11.3,24.7,984.8,987.60,10.0,2.0,2.5,NR5G-SA,n79,-82,-82,-10,18,-999,8.2
2026-05-28 11:31:27.006,2026-05-28 11:46:13.167,22.6664540,114.5082041,100.0,10.0,0.01,54.2,11.3,24.7,987.3,990.09,10.0,2.0,2.5,NR5G-SA,n79,-82,-82,-10,19,-999,8.2
2026-05-28 11:31:27.206,2026-05-28 11:46:13.567,22.6664540,114.5082041,100.0,10.0,0.01,54.2,11.3,24.7,987.3,990.09,10.0,2.0,2.5,NR5G-SA,n79,-82,-82,-10,19,-999,10.4
2026-05-28 11:31:27.406,2026-05-28 11:46:13.767,22.6664669,114.5082241,100.0,10.0,0.01,54.3,11.3,25.2,989.8,992.60,10.0,2.0,2.5,NR5G-SA,n79,-82,-82,-10,18,-999,5.9
2026-05-28 11:31:27.607,2026-05-28 11:46:13.967,22.6664798,114.5082439,100.0,10.0,-0.05,54.2,11.3,25.2,992.3,995.09,10.0,2.0,2.5,NR5G-SA,n79,-82,-82,-10,18,-999,6.2
2026-05-28 11:31:27.807,2026-05-28 11:46:14.167,22.6664928,114.5082638,100.0,10.0,-0.00,54.1,0.0,25.2,994.8,997.59,10.0,2.0,2.5,NR5G-SA,n79,-82,-82,-10,18,-999,6.9
2026-05-28 11:31:28.007,2026-05-28 11:46:14.167,22.6665058,114.5082837,100.0,10.0,-0.01,54.1,0.0,25.2,997.3,1000.10,10.0,2.0,2.5,NR5G-SA,n79,-82,-82,-10,17,-999,7.5
2026-05-28 11:31:28.208,2026-05-28 11:46:14.567,22.6665058,114.5082837,100.0,10.0,-0.01,54.1,0.0,25.2,997.3,1000.10,10.0,2.0,2.5,NR5G-SA,n79,-82,-82,-10,17,-999,16.1
2026-05-28 11:31:28.408,2026-05-28 11:46:14.767,22.6665188,114.5083037,100.0,10.0,0.01,54.0,0.0,25.3,999.8,1002.61,10.0,2.0,2.5,NR5G-SA,n79,-82,-82,-10,17,-999,7.5
2026-05-28 11:31:28.608,2026-05-28 11:46:14.967,22.6665316,114.5083236,100.0,9.9,0.03,54.1,0.0,25.3,1002.3,1005.10,10.0,2.0,2.5,NR5G-SA,n79,-82,-82,-10,18,-999,5.2
2026-05-28 11:31:28.809,2026-05-28 11:46:15.167,22.6665444,114.5083436,100.0,9.9,0.02,54.3,20.7,25.3,1004.8,1007.60,10.0,2.0,2.5,NR5G-SA,n79,-82,-82,-10,18,-999,5.4
2026-05-28 11:31:29.009,2026-05-28 11:46:15.567,22.6665572,114.5083636,100.0,9.9,0.03,54.5,20.7,25.3,1007.3,1010.10,10.0,2.0,2.5,NR5G-SA,n79,-82,-82,-10,18,-999,5.7
2026-05-28 11:31:29.210,2026-05-28 11:46:15.567,22.6665572,114.5083636,100.0,9.9,0.03,54.5,20.7,25.3,1007.3,1010.10,10.0,2.0,2.5,NR5G-SA,n79,-82,-82,-10,17,-999,9.4
2026-05-28 11:31:29.410,2026-05-28 11:46:15.767,22.6665699,114.5083836,100.0,9.9,-0.02,54.8,20.7,23.6,1009.8,1012.60,10.0,2.0,2.5,NR5G-SA,n79,-82,-82,-10,17,-999,8.9
2026-05-28 11:31:29.610,2026-05-28 11:46:15.967,22.6665827,114.5084035,100.0,10.0,0.00,55.2,20.7,23.6,1012.3,1015.09,10.0,2.0,2.5,NR5G-SA,n79,-82,-82,-10,19,-999,5.2
2026-05-28 11:31:29.811,2026-05-28 11:46:16.167,22.6665955,114.5084234,100.0,9.9,-0.00,55.5,39.3,23.6,1014.8,1017.58,10.0,2.0,2.5,NR5G-SA,n79,-82,-82,-10,19,-999,4.3
2026-05-28 11:31:30.011,2026-05-28 11:46:16.167,22.6666084,114.5084433,100.0,10.0,-0.03,55.6,39.3,23.6,1017.3,1020.08,10.0,2.0,2.5,NR5G-SA,n79,-82,-82,-10,19,-999,9.0
2026-05-28 11:31:30.212,2026-05-28 11:46:16.567,22.6666084,114.5084433,100.0,10.0,-0.03,55.6,39.3,23.6,1017.3,1020.08,10.0,2.0,2.5,NR5G-SA,n79,-82,-82,-10,18,-999,9.8
2026-05-28 11:31:30.412,2026-05-28 11:46:16.767,22.6666215,114.5084633,100.0,10.0,-0.04,55.6,39.3,22.7,1019.8,1022.60,10.0,2.0,2.5,NR5G-SA,n79,-82,-82,-10,18,-999,9.5
2026-05-28 11:31:30.612,2026-05-28 11:46:16.967,22.6666345,114.5084833,100.0,10.0,-0.04,55.4,39.3,22.7,1022.3,1025.11,10.0,2.0,2.5,NR5G-SA,n79,-82,-82,-10,18,-999,6.5
2026-05-28 11:31:30.813,2026-05-28 11:46:17.167,22.6666475,114.5085034,100.0,10.0,-0.02,55.3,29.2,22.7,1024.8,1027.63,10.0,2.0,2.5,NR5G-SA,n79,-82,-82,-10,18,-999,4.0
2026-05-28 11:31:31.013,2026-05-28 11:46:17.167,22.6666605,114.5085235,100.0,10.1,-0.03,55.2,29.2,22.7,1027.3,1030.15,10.0,2.0,2.5,NR5G-SA,n79,-82,-82,-10,18,-999,6.9
2026-05-28 11:31:31.213,2026-05-28 11:46:17.567,22.6666605,114.5085235,100.0,10.1,-0.03,55.2,29.2,22.7,1027.3,1030.15,10.0,2.0,2.5,NR5G-SA,n79,-82,-82,-10,18,-999,14.4
2026-05-28 11:31:31.414,2026-05-28 11:46:17.767,22.6666734,114.5085436,100.0,10.0,-0.00,55.2,29.2,23.4,1029.9,1032.67,10.0,2.0,2.5,NR5G-SA,n79,-82,-82,-10,22,-999,8.4
2026-05-28 11:31:31.614,2026-05-28 11:46:17.967,22.6666864,114.5085636,100.0,10.0,0.01,55.1,29.2,23.4,1032.4,1035.18,10.0,2.0,2.5,NR5G-SA,n79,-82,-82,-10,22,-999,5.3
2026-05-28 11:31:31.815,2026-05-28 11:46:18.167,22.6666992,114.5085834,100.0,9.9,0.02,55.1,34.7,23.4,1034.9,1037.67,10.0,2.0,2.5,NR5G-SA,n79,-82,-82,-10,18,-999,6.4
2026-05-28 11:31:32.015,2026-05-28 11:46:18.567,22.6667121,114.5086034,100.0,10.0,0.01,55.0,34.7,23.4,1037.4,1040.17,10.0,2.0,2.5,NR5G-SA,n79,-82,-82,-10,18,-999,6.2
2026-05-28 11:31:32.216,2026-05-28 11:46:18.567,22.6667121,114.5086034,100.0,10.0,0.01,55.0,34.7,23.4,1037.4,1040.17,10.0,2.0,2.5,NR5G-SA,n79,-82,-82,-10,18,-999,14.7
2026-05-28 11:31:32.416,2026-05-28 11:46:18.767,22.6667250,114.5086234,100.0,10.0,-0.04,55.0,34.7,23.4,1039.9,1042.68,10.0,2.0,2.5,NR5G-SA,n79,-82,-82,-10,17,-999,8.2
2026-05-28 11:31:32.617,2026-05-28 11:46:18.967,22.6667379,114.5086433,100.0,10.0,-0.05,55.0,34.7,25.3,1042.4,1045.18,10.0,2.0,2.5,NR5G-SA,n79,-82,-82,-10,17,-999,6.2
2026-05-28 11:31:32.817,2026-05-28 11:46:19.167,22.6667507,114.5086631,100.0,10.0,-0.08,55.1,34.7,25.3,1044.8,1047.66,10.0,2.0,2.5,NR5G-SA,n79,-82,-82,-10,17,-999,5.7
2026-05-28 11:31:33.018,2026-05-28 11:46:19.567,22.6667637,114.5086832,100.0,10.0,0.03,55.1,100.0,25.3,1047.4,1050.18,10.0,2.0,2.5,NR5G-SA,n79,-82,-82,-10,17,-999,4.7
2026-05-28 11:31:33.218,2026-05-28 11:46:19.567,22.6667637,114.5086832,100.0,10.0,0.03,55.1,100.0,25.3,1047.4,1050.18,10.0,2.0,2.5,NR5G-SA,n79,-82,-82,-10,17,-999,12.6
2026-05-28 11:31:33.418,2026-05-28 11:46:19.767,22.6667766,114.5087032,100.0,10.0,0.05,55.0,100.0,25.3,1049.9,1052.69,10.0,2.0,2.5,NR5G-SA,n79,-82,-82,-10,17,-999,9.6
2026-05-28 11:31:33.619,2026-05-28 11:46:19.967,22.6667895,114.5087231,100.0,9.9,0.02,55.0,100.0,25.5,1052.4,1055.19,10.0,2.0,2.5,NR5G-SA,n79,-82,-82,-10,17,-999,5.9
2026-05-28 11:31:33.819,2026-05-28 11:46:20.167,22.6668023,114.5087429,100.0,9.9,0.02,55.0,100.0,25.5,1054.9,1057.67,10.0,2.0,2.5,NR5G-SA,n79,-82,-82,-10,17,-999,4.6
2026-05-28 11:31:34.020,2026-05-28 11:46:20.167,22.6668152,114.5087627,100.0,9.9,0.04,55.0,51.7,25.5,1057.3,1060.16,10.0,2.0,2.5,NR5G-SA,n79,-82,-82,-10,17,-999,12.7
2026-05-28 11:31:34.220,2026-05-28 11:46:20.567,22.6668152,114.5087627,100.0,9.9,0.04,55.0,51.7,25.5,1057.3,1060.16,10.0,2.0,2.5,NR5G-SA,n79,-82,-82,-10,18,-999,10.7
2026-05-28 11:31:34.420,2026-05-28 11:46:20.767,22.6668281,114.5087826,100.0,10.0,0.03,55.0,51.7,25.5,1059.8,1062.66,10.0,2.0,2.5,NR5G-SA,n79,-82,-82,-10,18,-999,9.9
2026-05-28 11:31:34.621,2026-05-28 11:46:20.967,22.6668409,114.5088025,100.0,10.0,0.01,54.9,51.7,24.1,1062.3,1065.15,10.0,2.0,2.5,NR5G-SA,n79,-82,-82,-10,19,-999,6.1
2026-05-28 11:31:34.821,2026-05-28 11:46:21.167,22.6668538,114.5088224,100.0,10.0,0.02,54.9,51.7,24.1,1064.8,1067.65,10.0,2.0,2.5,NR5G-SA,n79,-82,-82,-10,19,-999,6.9
2026-05-28 11:31:35.022,2026-05-28 11:46:21.567,22.6668667,114.5088424,100.0,10.0,0.00,54.9,19.1,24.1,1067.3,1070.15,10.0,2.0,2.5,NR5G-SA,n79,-82,-82,-10,19,-999,6.4
2026-05-28 11:31:35.222,2026-05-28 11:46:21.567,22.6668667,114.5088424,100.0,10.0,0.00,54.9,19.1,24.1,1067.3,1070.15,10.0,2.0,2.5,NR5G-SA,n79,-82,-82,-10,18,-999,13.7
2026-05-28 11:31:35.423,2026-05-28 11:46:21.767,22.6668796,114.5088624,100.0,10.0,-0.00,54.9,19.1,24.1,1069.8,1072.66,10.0,2.0,2.5,NR5G-SA,n79,-82,-82,-10,18,-999,11.7
2026-05-28 11:31:35.623,2026-05-28 11:46:21.967,22.6668926,114.5088823,100.0,10.0,0.02,55.0,19.1,24.0,1072.4,1075.16,10.0,2.0,2.5,NR5G-SA,n79,-82,-82,-10,18,-999,7.0
2026-05-28 11:31:35.824,2026-05-28 11:46:22.167,22.6669056,114.5089022,100.0,10.0,-0.02,55.0,19.1,24.0,1074.9,1077.67,10.0,2.0,2.5,NR5G-SA,n79,-82,-82,-10,18,-999,5.3
2026-05-28 11:31:36.024,2026-05-28 11:46:22.167,22.6669186,114.5089225,100.0,10.0,-0.02,55.0,0.0,24.0,1077.4,1080.21,10.0,2.0,2.5,NR5G-SA,n79,-82,-82,-10,18,-999,7.4
2026-05-28 11:31:36.224,2026-05-28 11:46:22.567,22.6669186,114.5089225,100.0,10.0,-0.02,55.0,0.0,24.0,1077.4,1080.21,10.0,2.0,2.5,NR5G-SA,n79,-82,-82,-10,18,-999,15.6
2026-05-28 11:31:36.425,2026-05-28 11:46:22.767,22.6669313,114.5089423,100.0,10.0,0.01,55.1,0.0,24.0,1079.9,1082.68,10.0,2.0,2.5,NR5G-SA,n79,-82,-82,-10,18,-999,11.4
2026-05-28 11:31:36.625,2026-05-28 11:46:22.967,22.6669442,114.5089623,100.0,10.0,-0.01,55.2,0.0,23.0,1082.4,1085.19,10.0,2.0,2.5,NR5G-SA,n79,-82,-82,-10,18,-999,5.6
2026-05-28 11:31:36.825,2026-05-28 11:46:23.167,22.6669570,114.5089824,100.0,10.0,0.01,55.1,0.0,23.0,1084.9,1087.70,10.0,2.0,2.5,NR5G-SA,n79,-82,-82,-10,17,-999,5.0
2026-05-28 11:31:37.026,2026-05-28 11:46:23.167,22.6669699,114.5090024,100.0,10.0,0.00,55.1,8.7,23.0,1087.4,1090.21,10.0,2.0,2.5,NR5G-SA,n79,-82,-82,-10,17,-999,7.5
2026-05-28 11:31:37.226,2026-05-28 11:46:23.567,22.6669827,114.5090222,100.0,10.0,0.00,55.1,8.7,23.0,1089.9,1092.69,10.0,2.0,2.5,NR5G-SA,n79,-82,-82,-10,17,-999,13.1
2026-05-28 11:31:37.426,2026-05-28 11:46:23.767,22.6669827,114.5090222,100.0,10.0,0.04,55.1,8.7,23.0,1089.9,1092.69,10.0,2.0,2.5,NR5G-SA,n79,-82,-82,-10,15,-999,10.2
2026-05-28 11:31:37.627,2026-05-28 11:46:23.967,22.6669956,114.5090421,100.0,10.0,0.03,54.9,8.7,19.9,1092.4,1095.19,10.0,2.0,2.5,NR5G-SA,n79,-82,-82,-10,15,-999,4.6
2026-05-28 11:31:37.827,2026-05-28 11:46:24.167,22.6670085,114.5090621,100.0,10.0,0.01,54.9,8.7,19.9,1094.9,1097.69,10.0,2.0,2.5,NR5G-SA,n79,-82,-82,-10,15,-999,5.6
2026-05-28 11:31:38.028,2026-05-28 11:46:24.567,22.6670214,114.5090821,100.0,10.0,-0.01,54.9,0.0,19.9,1097.4,1100.20,10.0,2.0,2.5,NR5G-SA,n79,-82,-82,-10,16,-999,7.2
2026-05-28 11:31:38.228,2026-05-28 11:46:24.567,22.6670343,114.5091020,100.0,10.0,-0.02,54.8,0.0,19.9,1099.9,1102.70,10.0,2.0,2.5,NR5G-SA,n79,-82,-82,-10,16,-999,13.1
2026-05-28 11:31:38.429,2026-05-28 11:46:24.767,22.6670343,114.5091020,100.0,10.0,-0.02,54.8,0.0,19.9,1099.9,1102.70,10.0,2.0,2.5,NR5G-SA,n79,-82,-82,-10,15,-999,11.1
2026-05-28 11:31:38.629,2026-05-28 11:46:24.967,22.6670473,114.5091218,100.0,9.9,0.01,54.8,0.0,18.2,1102.4,1105.20,10.0,2.0,2.5,NR5G-SA,n79,-82,-82,-10,15,-999,5.0
2026-05-28 11:31:38.829,2026-05-28 11:46:25.167,22.6670602,114.5091416,100.0,10.0,-0.02,54.8,0.0,18.2,1104.9,1107.68,10.0,2.0,2.5,NR5G-SA,n79,-82,-82,-10,15,-999,3.7
2026-05-28 11:31:39.030,2026-05-28 11:46:25.167,22.6670732,114.5091615,100.0,9.9,-0.04,54.7,3.1,18.2,1107.4,1110.19,10.0,2.0,2.5,NR5G-SA,n79,-82,-82,-10,15,-999,6.4
2026-05-28 11:31:39.230,2026-05-28 11:46:25.567,22.6670732,114.5091615,100.0,9.9,-0.04,54.7,3.1,18.2,1107.4,1110.19,10.0,2.0,2.5,NR5G-SA,n79,-82,-82,-10,15,-999,14.1
2026-05-28 11:31:39.431,2026-05-28 11:46:25.767,22.6670861,114.5091814,100.0,10.0,-0.04,54.7,3.1,18.2,1109.9,1112.69,10.0,2.0,2.5,NR5G-SA,n79,-82,-82,-10,15,-999,10.9
2026-05-28 11:31:39.631,2026-05-28 11:46:25.967,22.6670989,114.5092012,100.0,10.0,-0.05,54.6,3.1,18.6,1112.4,1115.17,10.0,2.0,2.5,NR5G-SA,n79,-82,-82,-10,16,-999,6.3
2026-05-28 11:31:39.832,2026-05-28 11:46:26.167,22.6671117,114.5092212,100.0,10.0,-0.00,54.6,3.1,18.6,1114.9,1117.67,10.0,2.0,2.5,NR5G-SA,n79,-82,-82,-10,16,-999,6.4
2026-05-28 11:31:40.032,2026-05-28 11:46:26.567,22.6671246,114.5092412,100.0,10.0,-0.03,54.7,0.0,18.6,1117.4,1120.18,10.0,2.0,2.5,NR5G-SA,n79,-82,-82,-10,16,-999,5.1
2026-05-28 11:31:40.232,2026-05-28 11:46:26.567,22.6671246,114.5092412,100.0,10.0,-0.03,54.7,0.0,18.6,1117.4,1120.18,10.0,2.0,2.5,NR5G-SA,n79,-82,-82,-10,16,-999,9.1
2026-05-28 11:31:40.433,2026-05-28 11:46:26.767,22.6671375,114.5092614,100.0,10.0,-0.01,54.8,0.0,18.6,1119.9,1122.70,10.0,2.0,2.5,NR5G-SA,n79,-82,-82,-10,16,-999,10.3
2026-05-28 11:31:40.634,2026-05-28 11:46:26.967,22.6671504,114.5092814,100.0,10.0,0.00,54.8,0.0,17.8,1122.4,1125.21,10.0,2.0,2.5,NR5G-SA,n79,-82,-82,-10,14,-999,7.7
2026-05-28 11:31:40.834,2026-05-28 11:46:27.167,22.6671633,114.5093014,100.0,10.0,0.01,55.0,0.0,17.8,1124.9,1127.71,10.0,2.0,2.5,NR5G-SA,n79,-82,-82,-10,14,-999,5.7
2026-05-28 11:31:41.035,2026-05-28 11:46:27.167,22.6671762,114.5093214,100.0,10.0,-0.05,54.8,14.7,17.8,1127.4,1130.22,10.0,2.0,2.5,NR5G-SA,n79,-82,-82,-10,14,-999,8.5
2026-05-28 11:31:41.235,2026-05-28 11:46:27.567,22.6671892,114.5093413,100.0,10.0,-0.04,54.7,14.7,17.8,1129.9,1132.73,10.0,2.0,2.5,NR5G-SA,n79,-82,-82,-10,15,-999,13.9
2026-05-28 11:31:41.435,2026-05-28 11:46:27.767,22.6671892,114.5093413,100.0,10.0,-0.04,54.7,14.7,17.8,1129.9,1132.73,10.0,2.0,2.5,NR5G-SA,n79,-82,-82,-10,15,-999,11.8
2026-05-28 11:31:41.636,2026-05-28 11:46:27.967,22.6672021,114.5093613,100.0,10.0,-0.05,54.6,14.7,17.8,1132.4,1135.23,10.0,2.0,2.5,NR5G-SA,n79,-82,-82,-10,15,-999,6.8
2026-05-28 11:31:41.836,2026-05-28 11:46:28.167,22.6672150,114.5093812,100.0,10.0,-0.02,54.5,14.7,17.1,1134.9,1137.73,10.0,2.0,2.5,NR5G-SA,n79,-82,-82,-10,15,-999,6.7
2026-05-28 11:31:42.036,2026-05-28 11:46:28.567,22.6672279,114.5094012,100.0,10.0,0.03,54.5,42.7,17.1,1137.4,1140.24,10.0,2.0,2.5,NR5G-SA,n79,-82,-82,-10,15,-999,5.8
2026-05-28 11:31:42.237,2026-05-28 11:46:28.567,22.6672408,114.5094212,100.0,10.0,0.04,54.5,42.7,17.1,1139.9,1142.74,10.0,2.0,2.5,NR5G-SA,n79,-82,-82,-10,15,-999,12.1
2026-05-28 11:31:42.437,2026-05-28 11:46:28.767,22.6672408,114.5094212,100.0,10.0,0.04,54.5,42.7,17.1,1139.9,1142.74,10.0,2.0,2.5,NR5G-SA,n79,-82,-82,-10,14,-999,9.6
2026-05-28 11:31:42.638,2026-05-28 11:46:28.967,22.6672537,114.5094411,100.0,10.0,0.04,54.7,42.7,17.1,1142.4,1145.24,10.0,2.0,2.5,NR5G-SA,n79,-82,-82,-10,14,-999,5.8
2026-05-28 11:31:42.838,2026-05-28 11:46:29.167,22.6672666,114.5094610,100.0,10.0,0.02,54.7,42.7,16.7,1144.9,1147.74,10.0,2.0,2.5,NR5G-SA,n79,-82,-82,-10,14,-999,6.2
2026-05-28 11:31:43.039,2026-05-28 11:46:29.567,22.6672795,114.5094807,100.0,10.0,0.02,54.7,23.2,16.7,1147.4,1150.22,10.0,2.0,2.5,NR5G-SA,n79,-82,-82,-10,14,-999,6.3
2026-05-28 11:31:43.239,2026-05-28 11:46:29.567,22.6672925,114.5095006,100.0,10.0,0.00,54.5,23.2,16.7,1149.9,1152.73,10.0,2.0,2.5,NR5G-SA,n79,-82,-82,-10,14,-999,10.8
2026-05-28 11:31:43.439,2026-05-28 11:46:29.767,22.6672925,114.5095006,100.0,10.0,0.00,54.5,23.2,16.7,1149.9,1152.73,10.0,2.0,2.5,NR5G-SA,n79,-82,-82,-10,14,-999,10.9
2026-05-28 11:31:43.640,2026-05-28 11:46:29.967,22.6673054,114.5095205,100.0,10.0,0.00,54.4,23.2,16.7,1152.4,1155.22,10.0,2.0,2.5,NR5G-SA,n79,-82,-82,-10,14,-999,7.6
2026-05-28 11:31:43.840,2026-05-28 11:46:30.167,22.6673183,114.5095405,100.0,10.0,0.04,54.5,23.2,16.7,1154.9,1157.73,10.0,2.0,2.5,NR5G-SA,n79,-82,-82,-10,16,-999,6.8
2026-05-28 11:31:44.040,2026-05-28 11:46:30.567,22.6673312,114.5095605,100.0,10.0,0.02,54.4,38.3,16.7,1157.4,1160.24,10.0,2.0,2.5,NR5G-SA,n79,-82,-82,-10,17,-999,5.3
2026-05-28 11:31:44.241,2026-05-28 11:46:30.567,22.6673440,114.5095803,100.0,10.0,0.03,54.3,38.3,16.7,1159.9,1162.72,10.0,2.0,2.5,NR5G-SA,n79,-82,-82,-10,17,-999,10.0
2026-05-28 11:31:44.441,2026-05-28 11:46:30.767,22.6673440,114.5095803,100.0,10.0,0.03,54.3,38.3,16.7,1159.9,1162.72,10.0,2.0,2.5,NR5G-SA,n79,-82,-82,-10,17,-999,10.0
2026-05-28 11:31:44.641,2026-05-28 11:46:30.967,22.6673568,114.5096001,100.0,9.9,0.04,54.2,38.3,16.7,1162.4,1165.20,10.0,2.0,2.5,NR5G-SA,n79,-82,-82,-10,17,-999,5.7
2026-05-28 11:31:44.842,2026-05-28 11:46:31.167,22.6673696,114.5096201,100.0,10.0,0.00,54.4,38.3,16.5,1164.9,1167.70,10.0,2.0,2.5,NR5G-SA,n79,-82,-82,-10,17,-999,5.7
2026-05-28 11:31:45.042,2026-05-28 11:46:31.567,22.6673824,114.5096400,100.0,10.0,0.01,54.5,46.4,16.5,1167.4,1170.20,10.0,2.0,2.5,NR5G-SA,n79,-82,-82,-10,17,-999,7.2
2026-05-28 11:31:45.243,2026-05-28 11:46:31.567,22.6673953,114.5096599,100.0,10.0,0.00,54.7,46.4,16.5,1169.9,1172.69,10.0,2.0,2.5,NR5G-SA,n79,-82,-82,-10,17,-999,10.6
2026-05-28 11:31:45.443,2026-05-28 11:46:31.767,22.6673953,114.5096599,100.0,10.0,0.00,54.7,46.4,16.5,1169.9,1172.69,10.0,2.0,2.5,NR5G-SA,n79,-82,-82,-10,17,-999,9.7
2026-05-28 11:31:45.643,2026-05-28 11:46:31.967,22.6674082,114.5096799,100.0,10.0,0.00,54.7,46.4,16.5,1172.4,1175.20,10.0,2.0,2.5,NR5G-SA,n79,-82,-82,-10,16,-999,6.5
2026-05-28 11:31:45.844,2026-05-28 11:46:32.167,22.6674211,114.5096999,100.0,10.0,-0.00,54.8,46.4,16.0,1174.9,1177.71,10.0,2.0,2.5,NR5G-SA,n79,-82,-82,-10,16,-999,6.4
2026-05-28 11:31:46.044,2026-05-28 11:46:32.567,22.6674341,114.5097198,100.0,10.0,-0.00,54.8,31.5,16.0,1177.4,1180.21,10.0,2.0,2.5,NR5G-SA,n79,-82,-82,-10,16,-999,5.3
2026-05-28 11:31:46.245,2026-05-28 11:46:32.567,22.6674471,114.5097398,100.0,10.0,-0.03,54.8,31.5,16.0,1179.9,1182.72,10.0,2.0,2.5,NR5G-SA,n79,-82,-82,-10,16,-999,9.5
2026-05-28 11:31:46.445,2026-05-28 11:46:32.767,22.6674471,114.5097398,100.0,10.0,-0.03,54.8,31.5,16.0,1179.9,1182.72,10.0,2.0,2.5,NR5G-SA,n79,-82,-82,-10,16,-999,12.2
2026-05-28 11:31:46.645,2026-05-28 11:46:32.967,22.6674601,114.5097598,100.0,10.0,-0.02,54.8,31.5,16.0,1182.4,1185.24,10.0,2.0,2.5,NR5G-SA,n79,-82,-82,-10,16,-999,6.4
2026-05-28 11:31:46.846,2026-05-28 11:46:33.167,22.6674729,114.5097797,100.0,10.0,-0.01,54.9,31.5,17.3,1184.9,1187.73,10.0,2.0,2.5,NR5G-SA,n79,-82,-82,-10,15,-999,5.3
2026-05-28 11:31:47.046,2026-05-28 11:46:33.567,22.6674859,114.5097998,100.0,10.0,-0.02,54.8,37.6,17.3,1187.4,1190.25,10.0,2.0,2.5,NR5G-SA,n79,-82,-82,-10,15,-999,5.6
2026-05-28 11:31:47.246,2026-05-28 11:46:33.567,22.6674988,114.5098198,100.0,10.0,-0.03,54.8,37.6,17.3,1189.9,1192.76,10.0,2.0,2.5,NR5G-SA,n79,-82,-82,-10,15,-999,13.6
2026-05-28 11:31:47.447,2026-05-28 11:46:33.767,22.6674988,114.5098198,100.0,10.0,-0.03,54.8,37.6,17.3,1189.9,1192.76,10.0,2.0,2.5,NR5G-SA,n79,-82,-82,-10,16,-999,9.2
2026-05-28 11:31:47.647,2026-05-28 11:46:33.967,22.6675118,114.5098399,100.0,10.0,-0.02,54.8,37.6,17.3,1192.5,1195.28,10.0,2.0,2.5,NR5G-SA,n79,-82,-82,-10,16,-999,6.7
2026-05-28 11:31:47.848,2026-05-28 11:46:34.167,22.6675248,114.5098599,100.0,10.0,0.00,54.8,37.6,17.3,1195.0,1197.79,10.0,2.0,2.5,NR5G-SA,n79,-82,-82,-10,16,-999,5.8
2026-05-28 11:31:48.048,2026-05-28 11:46:34.567,22.6675378,114.5098798,100.0,9.9,-0.03,54.9,25.3,17.3,1197.5,1200.30,10.0,2.0,2.5,NR5G-SA,n79,-82,-82,-10,16,-999,7.0
2026-05-28 11:31:48.249,2026-05-28 11:46:34.567,22.6675506,114.5098997,100.0,9.9,-0.02,55.1,25.3,17.3,1200.0,1202.79,10.0,2.0,2.5,NR5G-SA,n79,-82,-82,-10,16,-999,11.2
2026-05-28 11:31:48.449,2026-05-28 11:46:34.767,22.6675506,114.5098997,100.0,9.9,-0.02,55.1,25.3,17.3,1200.0,1202.79,10.0,2.0,2.5,NR5G-SA,n79,-82,-82,-10,15,-999,10.0
2026-05-28 11:31:48.649,2026-05-28 11:46:34.967,22.6675636,114.5099196,100.0,10.0,-0.02,55.2,25.3,17.3,1202.5,1205.29,10.0,2.0,2.5,NR5G-SA,n79,-82,-82,-10,15,-999,7.1
2026-05-28 11:31:48.850,2026-05-28 11:46:35.167,22.6675764,114.5099394,100.0,9.9,-0.01,55.3,25.3,19.0,1205.0,1207.78,10.0,2.0,2.5,NR5G-SA,n79,-82,-82,-10,15,-999,6.8
2026-05-28 11:31:49.050,2026-05-28 11:46:35.567,22.6675893,114.5099593,100.0,10.0,-0.03,55.3,25.3,19.0,1207.5,1210.27,10.0,2.0,2.5,NR5G-SA,n79,-82,-82,-10,15,-999,5.5
2026-05-28 11:31:49.251,2026-05-28 11:46:35.567,22.6676021,114.5099793,100.0,10.0,0.02,55.2,39.5,19.0,1210.0,1212.77,10.0,2.0,2.5,NR5G-SA,n79,-82,-82,-10,15,-999,9.7
2026-05-28 11:31:49.451,2026-05-28 11:46:35.767,22.6676021,114.5099793,100.0,10.0,0.02,55.2,39.5,19.0,1210.0,1212.77,10.0,2.0,2.5,NR5G-SA,n79,-82,-82,-10,15,-999,10.8
2026-05-28 11:31:49.652,2026-05-28 11:46:35.967,22.6676149,114.5099992,100.0,10.0,0.01,55.0,39.5,19.0,1212.5,1215.27,10.0,2.0,2.5,NR5G-SA,n79,-82,-82,-10,15,-999,8.1
2026-05-28 11:31:49.852,2026-05-28 11:46:36.167,22.6676277,114.5100191,100.0,10.0,0.01,55.0,39.5,19.2,1214.9,1217.76,10.0,2.0,2.5,NR5G-SA,n79,-82,-82,-10,15,-999,5.4
2026-05-28 11:31:50.053,2026-05-28 11:46:36.567,22.6676406,114.5100390,100.0,10.0,0.01,55.0,39.5,19.2,1217.4,1220.25,10.0,2.0,2.5,NR5G-SA,n79,-82,-82,-10,14,-999,6.1
2026-05-28 11:31:50.253,2026-05-28 11:46:36.567,22.6676535,114.5100588,100.0,9.9,0.06,54.9,17.1,19.2,1219.9,1222.74,10.0,2.0,2.5,NR5G-SA,n79,-82,-82,-10,14,-999,8.4
2026-05-28 11:31:50.453,2026-05-28 11:46:36.767,22.6676535,114.5100588,100.0,9.9,0.06,54.9,17.1,19.2,1219.9,1222.74,10.0,2.0,2.5,NR5G-SA,n79,-82,-82,-10,14,-999,9.0
2026-05-28 11:31:50.654,2026-05-28 11:46:36.967,22.6676664,114.5100786,100.0,10.0,0.02,54.8,17.1,19.2,1222.4,1225.23,10.0,2.0,2.5,NR5G-SA,n79,-82,-82,-10,14,-999,5.8
2026-05-28 11:31:50.854,2026-05-28 11:46:37.167,22.6676793,114.5100983,100.0,10.0,-0.00,54.8,17.1,20.4,1224.9,1227.72,10.0,2.0,2.5,NR5G-SA,n79,-82,-82,-10,14,-999,6.2
2026-05-28 11:31:51.055,2026-05-28 11:46:37.567,22.6676923,114.5101181,100.0,10.0,0.01,54.8,17.1,20.4,1227.4,1230.21,10.0,2.0,2.5,NR5G-SA,n79,-82,-82,-10,14,-999,5.8
2026-05-28 11:31:51.255,2026-05-28 11:46:37.567,22.6677052,114.5101379,100.0,10.0,-0.01,54.9,0.0,20.4,1229.9,1232.70,10.0,2.0,2.5,NR5G-SA,n79,-82,-82,-10,15,-999,9.7
2026-05-28 11:31:51.456,2026-05-28 11:46:37.767,22.6677052,114.5101379,100.0,10.0,-0.01,54.9,0.0,20.4,1229.9,1232.70,10.0,2.0,2.5,NR5G-SA,n79,-82,-82,-10,15,-999,8.8
2026-05-28 11:31:51.656,2026-05-28 11:46:37.967,22.6677182,114.5101578,100.0,10.1,-0.04,54.9,0.0,20.4,1232.4,1235.21,10.0,2.0,2.5,NR5G-SA,n79,-82,-82,-10,15,-999,6.9
2026-05-28 11:31:51.856,2026-05-28 11:46:38.167,22.6677311,114.5101778,100.0,10.1,-0.03,54.9,0.0,20.4,1234.9,1237.71,10.0,2.0,2.5,NR5G-SA,n79,-82,-82,-10,15,-999,4.7
2026-05-28 11:31:52.057,2026-05-28 11:46:38.567,22.6677441,114.5101977,100.0,10.1,-0.02,54.9,0.0,23.4,1237.4,1240.22,10.0,2.0,2.5,NR5G-SA,n79,-82,-82,-10,15,-999,5.8
2026-05-28 11:31:52.257,2026-05-28 11:46:38.567,22.6677569,114.5102177,100.0,10.0,0.01,54.7,6.7,23.4,1239.9,1242.72,10.0,2.0,2.5,NR5G-SA,n79,-82,-82,-10,14,-999,7.9
2026-05-28 11:31:52.457,2026-05-28 11:46:38.767,22.6677569,114.5102177,100.0,10.0,0.01,54.7,6.7,23.4,1239.9,1242.72,10.0,2.0,2.5,NR5G-SA,n79,-82,-82,-10,14,-999,8.6
2026-05-28 11:31:52.658,2026-05-28 11:46:38.967,22.6677698,114.5102379,100.0,10.0,0.03,54.6,6.7,23.4,1242.4,1245.24,10.0,2.0,2.5,NR5G-SA,n79,-82,-82,-10,14,-999,6.4
2026-05-28 11:31:52.858,2026-05-28 11:46:39.167,22.6677827,114.5102580,100.0,10.0,0.01,54.5,6.7,23.4,1244.9,1247.76,10.0,2.0,2.5,NR5G-SA,n79,-82,-82,-10,14,-999,5.1
2026-05-28 11:31:53.059,2026-05-28 11:46:39.567,22.6677956,114.5102779,100.0,10.0,0.03,54.4,6.7,26.3,1247.4,1250.25,10.0,2.0,2.5,NR5G-SA,n79,-82,-82,-10,14,-999,7.6
2026-05-28 11:31:53.259,2026-05-28 11:46:39.567,22.6678085,114.5102976,100.0,9.9,0.02,54.5,0.0,26.3,1249.9,1252.74,10.0,2.0,2.5,NR5G-SA,n79,-82,-82,-10,14,-999,9.6
2026-05-28 11:31:53.460,2026-05-28 11:46:39.767,22.6678085,114.5102976,100.0,9.9,0.02,54.5,0.0,26.3,1249.9,1252.74,10.0,2.0,2.5,NR5G-SA,n79,-82,-82,-10,15,-999,10.0
2026-05-28 11:31:53.660,2026-05-28 11:46:39.967,22.6678214,114.5103173,100.0,9.9,-0.01,54.7,0.0,26.3,1252.4,1255.22,10.0,2.0,2.5,NR5G-SA,n79,-82,-82,-10,15,-999,5.9
2026-05-28 11:31:53.861,2026-05-28 11:46:40.167,22.6678344,114.5103370,100.0,10.0,-0.05,54.9,0.0,26.3,1254.9,1257.70,10.0,2.0,2.5,NR5G-SA,n79,-82,-82,-10,15,-999,5.8
2026-05-28 11:31:54.061,2026-05-28 11:46:40.567,22.6678474,114.5103569,100.0,10.0,-0.03,55.1,0.0,25.5,1257.4,1260.21,10.0,2.0,2.5,NR5G-SA,n79,-82,-82,-10,14,-999,5.6
2026-05-28 11:31:54.261,2026-05-28 11:46:40.567,22.6678605,114.5103769,100.0,10.0,-0.05,55.1,5.3,25.5,1259.9,1262.73,10.0,2.0,2.5,NR5G-SA,n79,-82,-82,-10,14,-999,10.4
2026-05-28 11:31:54.462,2026-05-28 11:46:40.767,22.6678605,114.5103769,100.0,10.0,-0.05,55.1,5.3,25.5,1259.9,1262.73,10.0,2.0,2.5,NR5G-SA,n79,-82,-82,-10,16,-999,10.8
2026-05-28 11:31:54.662,2026-05-28 11:46:40.967,22.6678734,114.5103969,100.0,10.0,-0.04,55.1,5.3,25.5,1262.4,1265.24,10.0,2.0,2.5,NR5G-SA,n79,-82,-82,-10,16,-999,6.1
2026-05-28 11:31:54.863,2026-05-28 11:46:41.167,22.6678864,114.5104169,100.0,10.1,-0.04,55.1,5.3,25.5,1264.9,1267.75,10.0,2.0,2.5,NR5G-SA,n79,-82,-82,-10,16,-999,5.3
2026-05-28 11:31:55.063,2026-05-28 11:46:41.567,22.6678993,114.5104370,100.0,10.0,-0.04,55.1,5.3,27.1,1267.4,1270.26,10.0,2.0,2.5,NR5G-SA,n79,-82,-82,-10,16,-999,5.5
2026-05-28 11:31:55.264,2026-05-28 11:46:41.567,22.6679123,114.5104570,100.0,10.0,-0.00,55.0,0.0,27.1,1270.0,1272.78,10.0,2.0,2.5,NR5G-SA,n79,-82,-82,-10,16,-999,8.1
2026-05-28 11:31:55.464,2026-05-28 11:46:41.767,22.6679123,114.5104570,100.0,10.0,-0.00,55.0,0.0,27.1,1270.0,1272.78,10.0,2.0,2.5,NR5G-SA,n79,-82,-82,-10,16,-999,14.1
2026-05-28 11:31:55.664,2026-05-28 11:46:41.967,22.6679252,114.5104770,100.0,10.0,0.01,55.1,0.0,27.1,1272.5,1275.28,10.0,2.0,2.5,NR5G-SA,n79,-82,-82,-10,16,-999,7.1
2026-05-28 11:31:55.865,2026-05-28 11:46:42.167,22.6679380,114.5104970,100.0,10.0,0.01,55.1,0.0,27.1,1275.0,1277.78,10.0,2.0,2.5,NR5G-SA,n79,-82,-82,-10,16,-999,5.4
2026-05-28 11:31:56.065,2026-05-28 11:46:42.567,22.6679509,114.5105169,100.0,9.9,0.01,55.0,0.0,27.4,1277.5,1280.28,10.0,2.0,2.5,NR5G-SA,n79,-82,-82,-10,16,-999,6.3
2026-05-28 11:31:56.266,2026-05-28 11:46:42.567,22.6679637,114.5105368,100.0,9.9,-0.01,54.9,16.6,27.4,1280.0,1282.77,10.0,2.0,2.5,NR5G-SA,n79,-82,-82,-10,17,-999,10.7
2026-05-28 11:31:56.466,2026-05-28 11:46:42.767,22.6679637,114.5105368,100.0,9.9,-0.01,54.9,16.6,27.4,1280.0,1282.77,10.0,2.0,2.5,NR5G-SA,n79,-82,-82,-10,17,-999,10.3
2026-05-28 11:31:56.667,2026-05-28 11:46:42.967,22.6679765,114.5105567,100.0,9.9,0.03,54.8,16.6,27.4,1282.4,1285.26,10.0,2.0,2.5,NR5G-SA,n79,-82,-82,-10,17,-999,4.8
2026-05-28 11:31:56.867,2026-05-28 11:46:43.167,22.6679893,114.5105766,100.0,9.9,-0.01,54.7,16.6,27.4,1284.9,1287.76,10.0,2.0,2.5,NR5G-SA,n79,-82,-82,-10,17,-999,5.1
2026-05-28 11:31:57.067,2026-05-28 11:46:43.567,22.6680022,114.5105965,100.0,10.0,-0.02,54.6,16.6,26.0,1287.4,1290.25,10.0,2.0,2.5,NR5G-SA,n79,-82,-82,-10,17,-999,7.1
2026-05-28 11:31:57.267,2026-05-28 11:46:43.567,22.6680150,114.5106164,100.0,10.0,-0.00,54.5,42.0,26.0,1289.9,1292.75,10.0,2.0,2.5,NR5G-SA,n79,-82,-82,-10,17,-999,8.0
2026-05-28 11:31:57.468,2026-05-28 11:46:43.767,22.6680150,114.5106164,100.0,10.0,-0.00,54.5,42.0,26.0,1289.9,1292.75,10.0,2.0,2.5,NR5G-SA,n79,-82,-82,-10,17,-999,11.6
2026-05-28 11:31:57.668,2026-05-28 11:46:43.967,22.6680280,114.5106364,100.0,10.0,-0.01,54.5,42.0,26.0,1292.4,1295.26,10.0,2.0,2.5,NR5G-SA,n79,-82,-82,-10,17,-999,7.2
2026-05-28 11:31:57.869,2026-05-28 11:46:44.167,22.6680408,114.5106563,100.0,10.0,0.04,54.5,42.0,26.0,1294.9,1297.75,10.0,2.0,2.5,NR5G-SA,n79,-82,-82,-10,18,-999,4.7
2026-05-28 11:31:58.069,2026-05-28 11:46:44.567,22.6680537,114.5106763,100.0,10.0,0.02,54.5,42.0,24.1,1297.4,1300.26,10.0,2.0,2.5,NR5G-SA,n79,-82,-82,-10,18,-999,5.5
2026-05-28 11:31:58.269,2026-05-28 11:46:44.567,22.6680665,114.5106963,100.0,10.0,-0.01,54.6,25.4,24.1,1299.9,1302.76,10.0,2.0,2.5,NR5G-SA,n79,-82,-82,-10,18,-999,9.7
2026-05-28 11:31:58.470,2026-05-28 11:46:44.767,22.6680665,114.5106963,100.0,10.0,-0.01,54.6,25.4,24.1,1299.9,1302.76,10.0,2.0,2.5,NR5G-SA,n79,-82,-82,-10,19,-999,8.2
2026-05-28 11:31:58.670,2026-05-28 11:46:44.967,22.6680793,114.5107162,100.0,10.0,0.00,54.6,25.4,24.1,1302.4,1305.25,10.0,2.0,2.5,NR5G-SA,n79,-82,-82,-10,19,-999,4.9
2026-05-28 11:31:58.870,2026-05-28 11:46:45.167,22.6680922,114.5107362,100.0,10.0,0.04,54.5,25.4,24.1,1304.9,1307.76,10.0,2.0,2.5,NR5G-SA,n79,-82,-82,-10,19,-999,4.7
2026-05-28 11:31:59.071,2026-05-28 11:46:45.567,22.6681051,114.5107561,100.0,10.0,-0.00,54.6,25.4,24.1,1307.4,1310.25,10.0,2.0,2.5,NR5G-SA,n79,-82,-82,-10,20,-999,5.3
2026-05-28 11:31:59.271,2026-05-28 11:46:45.567,22.6681180,114.5107760,100.0,10.0,-0.06,54.7,37.0,24.8,1309.9,1312.75,10.0,2.0,2.5,NR5G-SA,n79,-82,-82,-10,20,-999,10.4
2026-05-28 11:31:59.472,2026-05-28 11:46:45.767,22.6681180,114.5107760,100.0,10.0,-0.06,54.7,37.0,24.8,1309.9,1312.75,10.0,2.0,2.5,NR5G-SA,n79,-82,-82,-10,19,-999,14.3
2026-05-28 11:31:59.672,2026-05-28 11:46:45.967,22.6681310,114.5107960,100.0,10.1,-0.06,54.9,37.0,24.8,1312.4,1315.26,10.0,2.0,2.5,NR5G-SA,n79,-82,-82,-10,19,-999,6.8
2026-05-28 11:31:59.872,2026-05-28 11:46:46.167,22.6681439,114.5108160,100.0,10.0,-0.05,55.1,37.0,24.8,1315.0,1317.77,10.0,2.0,2.5,NR5G-SA,n79,-82,-82,-10,19,-999,5.2
2026-05-28 11:32:00.073,2026-05-28 11:46:46.567,22.6681568,114.5108361,100.0,10.0,0.00,55.1,37.0,24.8,1317.5,1320.29,10.0,2.0,2.5,NR5G-SA,n79,-82,-82,-10,19,-999,6.8
2026-05-28 11:32:00.273,2026-05-28 11:46:46.767,22.6681698,114.5108561,100.0,10.0,0.00,55.1,32.4,25.2,1320.0,1322.80,10.0,2.0,2.5,NR5G-SA,n79,-82,-82,-10,19,-999,6.8
2026-05-28 11:32:00.473,2026-05-28 11:46:46.767,22.6681698,114.5108561,100.0,10.0,0.00,55.1,32.4,25.2,1320.0,1322.80,10.0,2.0,2.5,NR5G-SA,n79,-82,-82,-10,19,-999,16.1
2026-05-28 11:32:00.674,2026-05-28 11:46:46.967,22.6681827,114.5108761,100.0,10.0,0.02,55.1,32.4,25.2,1322.5,1325.31,10.0,2.0,2.5,NR5G-SA,n79,-82,-82,-10,19,-999,6.9
2026-05-28 11:32:00.874,2026-05-28 11:46:47.167,22.6681956,114.5108960,100.0,9.9,0.02,55.0,32.4,25.2,1325.0,1327.80,10.0,2.0,2.5,NR5G-SA,n79,-82,-82,-10,19,-999,6.1
2026-05-28 11:32:01.075,2026-05-28 11:46:47.567,22.6682085,114.5109158,100.0,10.0,0.02,55.0,32.4,25.2,1327.5,1330.29,10.0,2.0,2.5,NR5G-SA,n79,-82,-82,-10,19,-999,5.5
2026-05-28 11:32:01.275,2026-05-28 11:46:47.767,22.6682215,114.5109358,100.0,10.0,0.02,54.9,47.5,25.7,1330.0,1332.81,10.0,2.0,2.5,NR5G-SA,n79,-82,-82,-10,18,-999,7.7
2026-05-28 11:32:01.476,2026-05-28 11:46:47.767,22.6682345,114.5109556,100.0,10.0,-0.00,54.8,47.5,25.7,1332.5,1335.30,10.0,2.0,2.5,NR5G-SA,n79,-82,-82,-10,18,-999,13.1
2026-05-28 11:32:01.676,2026-05-28 11:46:47.967,22.6682345,114.5109556,100.0,10.0,-0.00,54.8,47.5,25.7,1332.5,1335.30,10.0,2.0,2.5,NR5G-SA,n79,-82,-82,-10,18,-999,7.2
2026-05-28 11:32:01.876,2026-05-28 11:46:48.167,22.6682475,114.5109756,100.0,10.0,0.01,54.9,47.5,25.7,1335.0,1337.82,10.0,2.0,2.5,NR5G-SA,n79,-82,-82,-10,18,-999,5.3
2026-05-28 11:32:02.077,2026-05-28 11:46:48.567,22.6682605,114.5109955,100.0,10.0,-0.01,55.1,47.5,25.7,1337.5,1340.32,10.0,2.0,2.5,NR5G-SA,n79,-82,-82,-10,18,-999,4.9
2026-05-28 11:32:02.277,2026-05-28 11:46:48.567,22.6682735,114.5110154,100.0,10.0,0.03,55.0,38.2,23.9,1340.0,1342.82,10.0,2.0,2.5,NR5G-SA,n79,-82,-82,-10,17,-999,8.3
2026-05-28 11:32:02.477,2026-05-28 11:46:48.767,22.6682863,114.5110353,100.0,10.0,0.03,54.8,38.2,23.9,1342.5,1345.32,10.0,2.0,2.5,NR5G-SA,n79,-82,-82,-10,17,-999,11.8
2026-05-28 11:32:02.678,2026-05-28 11:46:48.967,22.6682863,114.5110353,100.0,10.0,0.01,54.8,38.2,23.9,1342.5,1345.32,10.0,2.0,2.5,NR5G-SA,n79,-82,-82,-10,17,-999,5.1
2026-05-28 11:32:02.878,2026-05-28 11:46:49.167,22.6682991,114.5110552,100.0,10.0,0.02,54.8,38.2,23.9,1345.0,1347.81,10.0,2.0,2.5,NR5G-SA,n79,-82,-82,-10,17,-999,5.4
2026-05-28 11:32:03.079,2026-05-28 11:46:49.567,22.6683120,114.5110752,100.0,10.0,-0.02,54.8,38.2,23.9,1347.5,1350.31,10.0,2.0,2.5,NR5G-SA,n79,-82,-82,-10,17,-999,5.9
2026-05-28 11:32:03.279,2026-05-28 11:46:49.567,22.6683249,114.5110953,100.0,10.0,-0.02,54.9,23.6,26.6,1350.0,1352.83,10.0,2.0,2.5,NR5G-SA,n79,-82,-82,-10,17,-999,10.0
2026-05-28 11:32:03.479,2026-05-28 11:46:49.767,22.6683379,114.5111154,100.0,10.0,-0.02,55.0,23.6,26.6,1352.5,1355.35,10.0,2.0,2.5,NR5G-SA,n79,-82,-82,-10,17,-999,12.0
2026-05-28 11:32:03.680,2026-05-28 11:46:49.967,22.6683379,114.5111154,100.0,10.0,-0.02,55.0,23.6,26.6,1352.5,1355.35,10.0,2.0,2.5,NR5G-SA,n79,-82,-82,-10,17,-999,6.4
2026-05-28 11:32:03.880,2026-05-28 11:46:50.167,22.6683508,114.5111356,100.0,10.0,0.02,55.1,23.6,26.6,1355.1,1357.87,10.0,2.0,2.5,NR5G-SA,n79,-82,-82,-10,16,-999,5.3
2026-05-28 11:32:04.080,2026-05-28 11:46:50.567,22.6683637,114.5111556,100.0,10.0,0.05,55.1,23.6,26.6,1357.6,1360.38,10.0,2.0,2.5,NR5G-SA,n79,-82,-82,-10,16,-999,6.8
2026-05-28 11:32:04.280,2026-05-28 11:46:50.567,22.6683766,114.5111756,100.0,10.0,0.04,54.8,43.2,28.1,1360.1,1362.89,10.0,2.0,2.5,NR5G-SA,n79,-82,-82,-10,16,-999,10.2
2026-05-28 11:32:04.481,2026-05-28 11:46:50.767,22.6683895,114.5111954,100.0,9.9,0.04,54.7,43.2,28.1,1362.6,1365.38,10.0,2.0,2.5,NR5G-SA,n79,-82,-82,-10,13,-999,10.4
2026-05-28 11:32:04.681,2026-05-28 11:46:50.967,22.6683895,114.5111954,100.0,9.9,0.04,54.7,43.2,28.1,1362.6,1365.38,10.0,2.0,2.5,NR5G-SA,n79,-82,-82,-10,13,-999,4.3
2026-05-28 11:32:04.881,2026-05-28 11:46:51.167,22.6684024,114.5112152,100.0,10.0,-0.03,54.8,43.2,28.1,1365.1,1367.87,10.0,2.0,2.5,NR5G-SA,n79,-82,-82,-10,13,-999,5.6
2026-05-28 11:32:05.082,2026-05-28 11:46:51.567,22.6684152,114.5112350,100.0,9.9,-0.01,54.7,43.2,28.1,1367.5,1370.35,10.0,2.0,2.5,NR5G-SA,n79,-44,-44,-10,14,-999,4.4
2026-05-28 11:32:05.282,2026-05-28 11:46:51.567,22.6684280,114.5112548,100.0,10.0,-0.01,54.6,14.1,29.1,1370.0,1372.83,10.0,2.0,2.5,NR5G-SA,n79,-44,-44,-10,14,-999,9.1
2026-05-28 11:32:05.482,2026-05-28 11:46:51.767,22.6684408,114.5112747,100.0,10.0,-0.01,54.4,14.1,29.1,1372.5,1375.33,10.0,2.0,2.5,NR5G-SA,n79,-44,-44,-10,14,-999,10.7
2026-05-28 11:32:05.683,2026-05-28 11:46:51.967,22.6684408,114.5112747,100.0,10.0,-0.01,54.4,14.1,29.1,1372.5,1375.33,10.0,2.0,2.5,NR5G-SA,n79,-44,-44,-10,14,-999,6.1
2026-05-28 11:32:05.883,2026-05-28 11:46:52.167,22.6684537,114.5112945,100.0,10.0,0.00,54.4,14.1,29.1,1375.0,1377.82,10.0,2.0,2.5,NR5G-SA,n79,-44,-44,-10,14,-999,4.9
2026-05-28 11:32:06.083,2026-05-28 11:46:52.567,22.6684666,114.5113144,100.0,10.0,0.02,54.4,14.1,29.1,1377.5,1380.31,10.0,2.0,2.5,NR5G-SA,n79,-86,-86,-10,15,-999,6.2
2026-05-28 11:32:06.284,2026-05-28 11:46:52.767,22.6684795,114.5113344,100.0,10.1,-0.03,54.7,0.0,29.1,1380.0,1382.82,10.0,2.0,2.5,NR5G-SA,n79,-86,-86,-10,15,-999,7.6
2026-05-28 11:32:06.484,2026-05-28 11:46:52.767,22.6684924,114.5113544,100.0,10.0,0.01,54.9,0.0,28.3,1382.5,1385.33,10.0,2.0,2.5,NR5G-SA,n79,-86,-86,-10,15,-999,11.0
2026-05-28 11:32:06.684,2026-05-28 11:46:52.967,22.6684924,114.5113544,100.0,10.0,0.01,54.9,0.0,28.3,1382.5,1385.33,10.0,2.0,2.5,NR5G-SA,n79,-88,-88,-10,14,-999,5.0
2026-05-28 11:32:06.885,2026-05-28 11:46:53.167,22.6685053,114.5113744,100.0,10.0,0.03,54.6,0.0,28.3,1385.0,1387.83,10.0,2.0,2.5,NR5G-SA,n79,-88,-88,-10,14,-999,6.5
2026-05-28 11:32:07.085,2026-05-28 11:46:53.567,22.6685182,114.5113943,100.0,9.9,-0.00,54.7,0.0,28.3,1387.5,1390.33,10.0,2.0,2.5,NR5G-SA,n79,-88,-88,-10,14,-999,5.2
2026-05-28 11:32:07.286,2026-05-28 11:46:53.767,22.6685311,114.5114141,100.0,10.0,-0.03,54.8,2.3,28.3,1390.0,1392.82,10.0,2.0,2.5,NR5G-SA,n79,-89,-89,-10,13,-999,8.2
2026-05-28 11:32:07.486,2026-05-28 11:46:53.767,22.6685440,114.5114341,100.0,10.0,0.01,54.8,2.3,29.1,1392.5,1395.33,10.0,2.0,2.5,NR5G-SA,n79,-89,-89,-10,13,-999,10.0
2026-05-28 11:32:07.686,2026-05-28 11:46:53.967,22.6685440,114.5114341,100.0,10.0,0.01,54.8,2.3,29.1,1392.5,1395.33,10.0,2.0,2.5,NR5G-SA,n79,-89,-89,-10,13,-999,6.7
2026-05-28 11:32:07.887,2026-05-28 11:46:54.167,22.6685569,114.5114540,100.0,10.0,-0.02,54.9,2.3,29.1,1395.0,1397.83,10.0,2.0,2.5,NR5G-SA,n79,-87,-87,-10,14,-999,5.6
2026-05-28 11:32:08.087,2026-05-28 11:46:54.567,22.6685699,114.5114740,100.0,10.0,-0.02,55.1,2.3,29.1,1397.5,1400.34,10.0,2.0,2.5,NR5G-SA,n79,-87,-87,-10,14,-999,6.8
2026-05-28 11:32:08.287,2026-05-28 11:46:54.567,22.6685828,114.5114940,100.0,10.0,-0.01,55.2,0.0,29.1,1400.0,1402.84,10.0,2.0,2.5,NR5G-SA,n79,-87,-87,-10,15,-999,10.7
2026-05-28 11:32:08.488,2026-05-28 11:46:54.767,22.6685957,114.5115141,100.0,10.0,-0.01,55.3,0.0,27.6,1402.5,1405.36,10.0,2.0,2.5,NR5G-SA,n79,-87,-87,-10,15,-999,10.2
2026-05-28 11:32:08.688,2026-05-28 11:46:54.967,22.6685957,114.5115141,100.0,10.0,-0.01,55.3,0.0,27.6,1402.5,1405.36,10.0,2.0,2.5,NR5G-SA,n79,-87,-87,-10,15,-999,7.1
2026-05-28 11:32:08.888,2026-05-28 11:46:55.167,22.6686086,114.5115342,100.0,10.1,-0.03,55.5,0.0,27.6,1405.1,1407.87,10.0,2.0,2.5,NR5G-SA,n79,-87,-87,-10,14,-999,9.3
2026-05-28 11:32:09.089,2026-05-28 11:46:55.567,22.6686215,114.5115543,100.0,10.0,0.01,55.7,0.0,27.6,1407.6,1410.39,10.0,2.0,2.5,NR5G-SA,n79,-87,-87,-10,14,-999,5.9
2026-05-28 11:32:09.289,2026-05-28 11:46:55.767,22.6686344,114.5115741,100.0,10.0,-0.03,56.1,8.6,27.6,1410.1,1412.88,10.0,2.0,2.5,NR5G-SA,n79,-87,-87,-10,14,-999,7.0
2026-05-28 11:32:09.490,2026-05-28 11:46:55.767,22.6686472,114.5115939,100.0,9.9,-0.01,56.4,8.6,27.0,1412.5,1415.36,10.0,2.0,2.5,NR5G-SA,n79,-87,-87,-10,15,-999,11.0
2026-05-28 11:32:09.690,2026-05-28 11:46:55.967,22.6686472,114.5115939,100.0,9.9,-0.01,56.4,8.6,27.0,1412.5,1415.36,10.0,2.0,2.5,NR5G-SA,n79,-87,-87,-10,15,-999,6.9
2026-05-28 11:32:09.891,2026-05-28 11:46:56.167,22.6686600,114.5116137,100.0,9.9,-0.01,56.3,8.6,27.0,1415.0,1417.85,10.0,2.0,2.5,NR5G-SA,n79,-87,-87,-10,15,-999,6.0
2026-05-28 11:32:10.091,2026-05-28 11:46:56.567,22.6686729,114.5116335,100.0,10.0,0.03,56.1,8.6,27.0,1417.5,1420.34,10.0,2.0,2.5,NR5G-SA,n79,-91,-91,-10,15,-999,5.0
2026-05-28 11:32:10.291,2026-05-28 11:46:56.567,22.6686859,114.5116535,100.0,10.0,0.02,56.0,0.0,27.0,1420.0,1422.85,10.0,2.0,2.5,NR5G-SA,n79,-91,-91,-10,15,-999,9.3
2026-05-28 11:32:10.492,2026-05-28 11:46:56.767,22.6686990,114.5116734,100.0,10.0,0.04,56.0,0.0,24.5,1422.5,1425.36,10.0,2.0,2.5,NR5G-SA,n79,-84,-84,-10,16,-999,10.6
2026-05-28 11:32:10.692,2026-05-28 11:46:56.967,22.6686990,114.5116734,100.0,10.0,0.04,56.0,0.0,24.5,1422.5,1425.36,10.0,2.0,2.5,NR5G-SA,n79,-84,-84,-10,16,-999,7.4
2026-05-28 11:32:10.892,2026-05-28 11:46:57.167,22.6687120,114.5116933,100.0,10.0,-0.00,56.0,0.0,24.5,1425.0,1427.86,10.0,2.0,2.5,NR5G-SA,n79,-84,-84,-10,16,-999,6.9
2026-05-28 11:32:11.093,2026-05-28 11:46:57.567,22.6687250,114.5117134,100.0,10.1,-0.04,55.9,0.0,24.5,1427.6,1430.39,10.0,2.0,2.5,NR5G-SA,n79,-87,-87,-10,16,-999,7.8
2026-05-28 11:32:11.293,2026-05-28 11:46:57.767,22.6687381,114.5117335,100.0,10.1,-0.03,55.8,18.4,24.5,1430.1,1432.91,10.0,2.0,2.5,NR5G-SA,n79,-87,-87,-10,16,-999,6.4
2026-05-28 11:32:11.494,2026-05-28 11:46:57.767,22.6687511,114.5117535,100.0,10.0,-0.00,55.7,18.4,26.0,1432.6,1435.43,10.0,2.0,2.5,NR5G-SA,n79,-87,-87,-10,16,-999,10.1
2026-05-28 11:32:11.694,2026-05-28 11:46:57.967,22.6687511,114.5117535,100.0,10.0,-0.00,55.7,18.4,26.0,1432.6,1435.43,10.0,2.0,2.5,NR5G-SA,n79,-88,-88,-10,16,-999,7.6
2026-05-28 11:32:11.894,2026-05-28 11:46:58.167,22.6687640,114.5117735,100.0,10.0,0.05,55.5,18.4,26.0,1435.1,1437.93,10.0,2.0,2.5,NR5G-SA,n79,-88,-88,-10,16,-999,5.2
2026-05-28 11:32:12.095,2026-05-28 11:46:58.567,22.6687769,114.5117934,100.0,9.9,-0.03,55.3,18.4,26.0,1437.6,1440.43,10.0,2.0,2.5,NR5G-SA,n79,-88,-88,-10,16,-999,5.7
2026-05-28 11:32:12.295,2026-05-28 11:46:58.767,22.6687897,114.5118133,100.0,10.0,-0.03,55.1,58.7,26.0,1440.1,1442.92,10.0,2.0,2.5,NR5G-SA,n79,-89,-89,-10,17,-999,6.5
2026-05-28 11:32:12.495,2026-05-28 11:46:58.767,22.6688025,114.5118332,100.0,10.0,-0.00,54.8,58.7,25.6,1442.6,1445.41,10.0,2.0,2.5,NR5G-SA,n79,-89,-89,-10,17,-999,8.8
2026-05-28 11:32:12.696,2026-05-28 11:46:58.967,22.6688025,114.5118332,100.0,10.0,-0.00,54.8,58.7,25.6,1442.6,1445.41,10.0,2.0,2.5,NR5G-SA,n79,-85,-85,-10,17,-999,6.4
2026-05-28 11:32:12.896,2026-05-28 11:46:59.167,22.6688154,114.5118532,100.0,10.0,-0.01,54.6,58.7,25.6,1445.1,1447.92,10.0,2.0,2.5,NR5G-SA,n79,-85,-85,-10,17,-999,8.5
2026-05-28 11:32:13.097,2026-05-28 11:46:59.567,22.6688283,114.5118732,100.0,10.0,-0.03,54.6,58.7,25.6,1447.6,1450.43,10.0,2.0,2.5,NR5G-SA,n79,-85,-85,-10,17,-999,7.5
2026-05-28 11:32:13.297,2026-05-28 11:46:59.767,22.6688412,114.5118933,100.0,10.0,-0.01,54.6,43.2,25.6,1450.1,1452.94,10.0,2.0,2.5,NR5G-SA,n79,-88,-88,-10,16,-999,7.7
2026-05-28 11:32:13.497,2026-05-28 11:46:59.767,22.6688542,114.5119132,100.0,10.0,0.02,54.6,43.2,25.6,1452.6,1455.45,10.0,2.0,2.5,NR5G-SA,n79,-88,-88,-10,16,-999,10.1
2026-05-28 11:32:13.698,2026-05-28 11:46:59.967,22.6688542,114.5119132,100.0,10.0,0.02,54.6,43.2,26.1,1452.6,1455.45,10.0,2.0,2.5,NR5G-SA,n79,-88,-88,-10,16,-999,7.3
2026-05-28 11:32:13.898,2026-05-28 11:47:00.167,22.6688671,114.5119331,100.0,10.0,0.05,54.7,43.2,26.1,1455.1,1457.94,10.0,2.0,2.5,NR5G-SA,n79,-86,-86,-10,16,-999,9.9
2026-05-28 11:32:14.098,2026-05-28 11:47:00.567,22.6688800,114.5119528,100.0,9.9,0.01,54.6,43.2,26.1,1457.6,1460.43,10.0,2.0,2.5,NR5G-SA,n79,-86,-86,-10,16,-999,7.2
2026-05-28 11:32:14.299,2026-05-28 11:47:00.767,22.6688929,114.5119726,100.0,10.0,-0.02,54.6,35.6,26.1,1460.1,1462.92,10.0,2.0,2.5,NR5G-SA,n79,-86,-86,-10,16,-999,7.0
2026-05-28 11:32:14.499,2026-05-28 11:47:00.767,22.6689057,114.5119925,100.0,10.0,0.01,54.6,35.6,26.1,1462.6,1465.41,10.0,2.0,2.5,NR5G-SA,n79,-89,-89,-10,18,-999,8.5
2026-05-28 11:32:14.700,2026-05-28 11:47:00.967,22.6689057,114.5119925,100.0,10.0,0.01,54.6,35.6,25.1,1462.6,1465.41,10.0,2.0,2.5,NR5G-SA,n79,-89,-89,-10,18,-999,5.6
2026-05-28 11:32:14.900,2026-05-28 11:47:01.167,22.6689185,114.5120125,100.0,10.0,-0.01,54.5,35.6,25.1,1465.1,1467.91,10.0,2.0,2.5,NR5G-SA,n79,-87,-87,-10,19,-999,10.2
2026-05-28 11:32:15.101,2026-05-28 11:47:01.567,22.6689313,114.5120326,100.0,10.0,0.03,54.6,35.6,25.1,1467.6,1470.42,10.0,2.0,2.5,NR5G-SA,n79,-87,-87,-10,19,-999,7.6
2026-05-28 11:32:15.301,2026-05-28 11:47:01.767,22.6689441,114.5120526,100.0,9.9,0.04,54.6,34.0,25.1,1470.1,1472.92,10.0,2.0,2.5,NR5G-SA,n79,-87,-87,-10,19,-999,6.7
2026-05-28 11:32:15.502,2026-05-28 11:47:01.767,22.6689569,114.5120724,100.0,9.9,0.02,54.6,34.0,25.1,1472.6,1475.40,10.0,2.0,2.5,NR5G-SA,n79,-90,-90,-10,19,-999,9.4
2026-05-28 11:32:15.702,2026-05-28 11:47:01.967,22.6689569,114.5120724,100.0,9.9,0.02,54.6,34.0,24.9,1472.6,1475.40,10.0,2.0,2.5,NR5G-SA,n79,-90,-90,-10,19,-999,9.3
2026-05-28 11:32:15.902,2026-05-28 11:47:02.167,22.6689698,114.5120923,100.0,9.9,0.04,54.5,34.0,24.9,1475.1,1477.90,10.0,2.0,2.5,NR5G-SA,n79,-90,-90,-10,19,-999,10.6
2026-05-28 11:32:16.103,2026-05-28 11:47:02.567,22.6689826,114.5121121,100.0,10.0,0.02,54.5,34.0,24.9,1477.6,1480.38,10.0,2.0,2.5,NR5G-SA,n79,-87,-87,-10,19,-999,8.2
2026-05-28 11:32:16.303,2026-05-28 11:47:02.767,22.6689955,114.5121320,100.0,10.0,-0.01,54.5,28.3,24.9,1480.1,1482.88,10.0,2.0,2.5,NR5G-SA,n79,-87,-87,-10,19,-999,6.8
2026-05-28 11:32:16.503,2026-05-28 11:47:02.767,22.6690084,114.5121519,100.0,10.0,-0.01,54.7,28.3,24.9,1482.6,1485.38,10.0,2.0,2.5,NR5G-SA,n79,-87,-87,-10,19,-999,11.1
2026-05-28 11:32:16.704,2026-05-28 11:47:02.967,22.6690084,114.5121519,100.0,10.0,-0.01,54.7,28.3,24.2,1482.6,1485.38,10.0,2.0,2.5,NR5G-SA,n79,-85,-85,-10,18,-999,11.5
2026-05-28 11:32:16.904,2026-05-28 11:47:03.167,22.6690213,114.5121719,100.0,10.0,-0.00,54.8,28.3,24.2,1485.1,1487.88,10.0,2.0,2.5,NR5G-SA,n79,-85,-85,-10,18,-999,9.5
2026-05-28 11:32:17.104,2026-05-28 11:47:03.567,22.6690343,114.5121919,100.0,10.0,-0.02,54.8,28.3,24.2,1487.6,1490.40,10.0,2.0,2.5,NR5G-SA,n79,-85,-85,-10,18,-999,6.8
2026-05-28 11:32:17.305,2026-05-28 11:47:03.767,22.6690472,114.5122118,100.0,10.0,0.01,54.8,41.1,24.2,1490.1,1492.90,10.0,2.0,2.5,NR5G-SA,n79,-88,-88,-10,18,-999,8.4
2026-05-28 11:32:17.505,2026-05-28 11:47:03.967,22.6690601,114.5122318,100.0,10.0,0.01,54.8,41.1,24.2,1492.6,1495.40,10.0,2.0,2.5,NR5G-SA,n79,-88,-88,-10,18,-999,6.9
2026-05-28 11:32:17.705,2026-05-28 11:47:03.967,22.6690601,114.5122318,100.0,10.0,0.01,54.8,41.1,24.1,1492.6,1495.40,10.0,2.0,2.5,NR5G-SA,n79,-88,-88,-10,18,-999,11.9
2026-05-28 11:32:17.906,2026-05-28 11:47:04.167,22.6690730,114.5122517,100.0,10.0,-0.01,54.7,41.1,24.1,1495.1,1497.90,10.0,2.0,2.5,NR5G-SA,n79,-88,-88,-10,18,-999,8.1
2026-05-28 11:32:18.106,2026-05-28 11:47:04.567,22.6690859,114.5122716,100.0,10.0,-0.03,54.7,41.1,24.1,1497.6,1500.40,10.0,2.0,2.5,NR5G-SA,n79,-88,-88,-10,18,-999,5.9
2026-05-28 11:32:18.306,2026-05-28 11:47:04.767,22.6690988,114.5122915,100.0,10.1,0.02,54.7,20.8,24.1,1500.1,1502.90,10.0,2.0,2.5,NR5G-SA,n79,-87,-87,-10,18,-999,5.3
2026-05-28 11:32:18.507,2026-05-28 11:47:04.767,22.6691118,114.5123115,100.0,10.0,0.02,54.7,20.8,24.1,1502.6,1505.41,10.0,2.0,2.5,NR5G-SA,n79,-87,-87,-10,18,-999,10.5
2026-05-28 11:32:18.707,2026-05-28 11:47:04.967,22.6691118,114.5123115,100.0,10.0,0.02,54.7,20.8,22.0,1502.6,1505.41,10.0,2.0,2.5,NR5G-SA,n79,-87,-87,-10,18,-999,10.2
2026-05-28 11:32:18.908,2026-05-28 11:47:05.167,22.6691247,114.5123314,100.0,10.1,-0.00,54.6,20.8,22.0,1505.1,1507.91,10.0,2.0,2.5,NR5G-SA,n79,-86,-86,-10,20,-999,8.8
2026-05-28 11:32:19.108,2026-05-28 11:47:05.567,22.6691376,114.5123513,100.0,10.0,0.03,54.6,20.8,22.0,1507.6,1510.41,10.0,2.0,2.5,NR5G-SA,n79,-86,-86,-10,20,-999,7.7
2026-05-28 11:32:19.309,2026-05-28 11:47:05.767,22.6691505,114.5123712,100.0,10.0,0.01,54.6,0.0,22.0,1510.1,1512.90,10.0,2.0,2.5,NR5G-SA,n79,-86,-86,-10,20,-999,5.8
2026-05-28 11:32:19.509,2026-05-28 11:47:05.767,22.6691633,114.5123911,100.0,10.0,-0.00,54.6,0.0,22.0,1512.6,1515.40,10.0,2.0,2.5,NR5G-SA,n79,-87,-87,-10,21,-999,10.9
2026-05-28 11:32:19.710,2026-05-28 11:47:05.967,22.6691633,114.5123911,100.0,10.0,-0.00,54.6,0.0,21.6,1512.6,1515.40,10.0,2.0,2.5,NR5G-SA,n79,-87,-87,-10,21,-999,6.3
2026-05-28 11:32:19.910,2026-05-28 11:47:06.167,22.6691761,114.5124111,100.0,10.0,0.00,54.6,0.0,21.6,1515.1,1517.90,10.0,2.0,2.5,NR5G-SA,n79,-89,-89,-10,20,-999,6.2
2026-05-28 11:32:20.110,2026-05-28 11:47:06.567,22.6691890,114.5124311,100.0,10.0,-0.02,54.7,0.0,21.6,1517.6,1520.40,10.0,2.0,2.5,NR5G-SA,n79,-89,-89,-10,20,-999,7.5
2026-05-28 11:32:20.311,2026-05-28 11:47:06.767,22.6692019,114.5124511,100.0,10.0,0.01,54.6,12.0,21.6,1520.1,1522.91,10.0,2.0,2.5,NR5G-SA,n79,-89,-89,-10,20,-999,5.1
2026-05-28 11:32:20.511,2026-05-28 11:47:06.767,22.6692148,114.5124711,100.0,10.0,-0.03,54.6,12.0,21.6,1522.6,1525.41,10.0,2.0,2.5,NR5G-SA,n79,-85,-85,-10,20,-999,9.4
2026-05-28 11:32:20.711,2026-05-28 11:47:06.967,22.6692148,114.5124711,100.0,10.0,-0.03,54.6,12.0,21.0,1522.6,1525.41,10.0,2.0,2.5,NR5G-SA,n79,-85,-85,-10,20,-999,13.8
2026-05-28 11:32:20.912,2026-05-28 11:47:07.167,22.6692277,114.5124909,100.0,10.0,-0.01,54.5,12.0,21.0,1525.1,1527.90,10.0,2.0,2.5,NR5G-SA,n79,-85,-85,-10,20,-999,8.6
2026-05-28 11:32:21.112,2026-05-28 11:47:07.567,22.6692408,114.5125108,100.0,10.0,-0.04,54.4,12.0,21.0,1527.6,1530.42,10.0,2.0,2.5,NR5G-SA,n79,-90,-90,-10,20,-999,6.5
2026-05-28 11:32:21.312,2026-05-28 11:47:07.767,22.6692537,114.5125307,100.0,10.0,-0.01,54.4,1.5,21.0,1530.1,1532.91,10.0,2.0,2.5,NR5G-SA,n79,-90,-90,-10,20,-999,6.0
2026-05-28 11:32:21.513,2026-05-28 11:47:07.767,22.6692666,114.5125507,100.0,10.1,-0.01,54.5,1.5,21.0,1532.6,1535.42,10.0,2.0,2.5,NR5G-SA,n79,-90,-90,-10,20,-999,9.9
2026-05-28 11:32:21.713,2026-05-28 11:47:07.967,22.6692666,114.5125507,100.0,10.1,-0.01,54.5,1.5,19.1,1532.6,1535.42,10.0,2.0,2.5,NR5G-SA,n79,-87,-87,-10,20,-999,16.0
2026-05-28 11:32:21.914,2026-05-28 11:47:08.167,22.6692795,114.5125706,100.0,10.0,0.01,54.4,1.5,19.1,1535.1,1537.92,10.0,2.0,2.5,NR5G-SA,n79,-87,-87,-10,20,-999,10.2
2026-05-28 11:32:22.114,2026-05-28 11:47:08.567,22.6692925,114.5125906,100.0,10.0,-0.01,54.4,1.5,19.1,1537.6,1540.43,10.0,2.0,2.5,NR5G-SA,n79,-88,-88,-10,19,-999,7.0
2026-05-28 11:32:22.314,2026-05-28 11:47:08.767,22.6693054,114.5126105,100.0,10.0,-0.00,54.3,0.0,19.1,1540.1,1542.93,10.0,2.0,2.5,NR5G-SA,n79,-88,-88,-10,19,-999,8.7
2026-05-28 11:32:22.515,2026-05-28 11:47:08.767,22.6693183,114.5126305,100.0,10.0,-0.02,54.3,0.0,19.1,1542.6,1545.44,10.0,2.0,2.5,NR5G-SA,n79,-88,-88,-10,19,-999,7.6
2026-05-28 11:32:22.715,2026-05-28 11:47:08.967,22.6693183,114.5126305,100.0,10.0,-0.02,54.3,0.0,19.1,1542.6,1545.44,10.0,2.0,2.5,NR5G-SA,n79,-92,-92,-10,20,-999,16.2
2026-05-28 11:32:22.916,2026-05-28 11:47:09.167,22.6693312,114.5126505,100.0,10.0,-0.02,54.3,0.0,17.7,1545.1,1547.94,10.0,2.0,2.5,NR5G-SA,n79,-92,-92,-10,20,-999,8.5
2026-05-28 11:32:23.116,2026-05-28 11:47:09.567,22.6693440,114.5126705,100.0,10.0,-0.04,54.4,0.0,17.7,1547.6,1550.44,10.0,2.0,2.5,NR5G-SA,n79,-92,-92,-10,20,-999,6.3
2026-05-28 11:32:23.316,2026-05-28 11:47:09.767,22.6693570,114.5126904,100.0,10.0,-0.01,54.4,0.0,17.7,1550.1,1552.95,10.0,2.0,2.5,NR5G-SA,n79,-91,-91,-10,20,-999,6.0
2026-05-28 11:32:23.517,2026-05-28 11:47:09.967,22.6693700,114.5127103,100.0,10.0,0.02,54.5,0.0,17.7,1552.6,1555.45,10.0,2.0,2.5,NR5G-SA,n79,-91,-91,-10,20,-999,4.7
2026-05-28 11:32:23.717,2026-05-28 11:47:09.967,22.6693700,114.5127103,100.0,10.0,0.02,54.5,0.0,17.7,1552.6,1555.45,10.0,2.0,2.5,NR5G-SA,n79,-91,-91,-10,20,-999,14.4
2026-05-28 11:32:23.917,2026-05-28 11:47:10.167,22.6693829,114.5127303,100.0,10.0,-0.00,54.5,0.0,17.5,1555.1,1557.96,10.0,2.0,2.5,NR5G-SA,n79,-90,-90,-10,19,-999,10.1
2026-05-28 11:32:24.118,2026-05-28 11:47:10.567,22.6693959,114.5127502,100.0,10.0,-0.01,54.6,0.0,17.5,1557.6,1560.46,10.0,2.0,2.5,NR5G-SA,n79,-90,-90,-10,19,-999,7.0
2026-05-28 11:32:24.318,2026-05-28 11:47:10.767,22.6694088,114.5127702,100.0,9.9,0.01,54.6,0.0,17.5,1560.2,1562.97,10.0,2.0,2.5,NR5G-SA,n79,-91,-91,-10,19,-999,5.2
2026-05-28 11:32:24.519,2026-05-28 11:47:10.767,22.6694217,114.5127902,100.0,10.0,-0.00,54.7,100.0,17.5,1562.7,1565.48,10.0,2.0,2.5,NR5G-SA,n79,-91,-91,-10,19,-999,10.3
2026-05-28 11:32:24.719,2026-05-28 11:47:10.967,22.6694217,114.5127902,100.0,10.0,-0.00,54.7,100.0,17.5,1562.7,1565.48,10.0,2.0,2.5,NR5G-SA,n79,-91,-91,-10,19,-999,14.5
2026-05-28 11:32:24.919,2026-05-28 11:47:11.167,22.6694346,114.5128101,100.0,10.0,-0.01,54.7,100.0,18.6,1565.2,1567.97,10.0,2.0,2.5,NR5G-SA,n79,-86,-86,-10,20,-999,7.9
2026-05-28 11:32:25.120,2026-05-28 11:47:11.567,22.6694475,114.5128300,100.0,10.0,-0.00,54.7,100.0,18.6,1567.7,1570.47,10.0,2.0,2.5,NR5G-SA,n79,-86,-86,-10,20,-999,6.6
2026-05-28 11:32:25.320,2026-05-28 11:47:11.767,22.6694603,114.5128499,100.0,10.0,-0.01,54.7,0.0,18.6,1570.1,1572.96,10.0,2.0,2.5,NR5G-SA,n79,-86,-86,-10,20,-999,6.3
2026-05-28 11:32:25.520,2026-05-28 11:47:11.767,22.6694732,114.5128698,100.0,10.0,-0.07,54.6,0.0,18.6,1572.6,1575.46,10.0,2.0,2.5,NR5G-SA,n79,-86,-86,-10,21,-999,8.4
2026-05-28 11:32:25.721,2026-05-28 11:47:11.967,22.6694732,114.5128698,100.0,10.0,-0.07,54.6,0.0,18.6,1572.6,1575.46,10.0,2.0,2.5,NR5G-SA,n79,-86,-86,-10,21,-999,14.7
2026-05-28 11:32:25.921,2026-05-28 11:47:12.167,22.6694859,114.5128899,100.0,10.0,-0.02,54.5,0.0,18.2,1575.1,1577.96,10.0,2.0,2.5,NR5G-SA,n79,-86,-86,-10,21,-999,9.5
2026-05-28 11:32:26.121,2026-05-28 11:47:12.567,22.6694987,114.5129099,100.0,10.0,-0.05,54.5,0.0,18.2,1577.6,1580.46,10.0,2.0,2.5,NR5G-SA,n79,-88,-88,-10,20,-999,7.6
2026-05-28 11:32:26.322,2026-05-28 11:47:12.767,22.6695116,114.5129299,100.0,10.0,-0.00,54.6,21.9,18.2,1580.2,1582.97,10.0,2.0,2.5,NR5G-SA,n79,-88,-88,-10,20,-999,5.9
2026-05-28 11:32:26.522,2026-05-28 11:47:12.767,22.6695246,114.5129499,100.0,10.0,0.00,54.6,21.9,18.2,1582.7,1585.48,10.0,2.0,2.5,NR5G-SA,n79,-88,-88,-10,20,-999,8.0
2026-05-28 11:32:26.722,2026-05-28 11:47:12.967,22.6695246,114.5129499,100.0,10.0,0.00,54.6,21.9,18.2,1582.7,1585.48,10.0,2.0,2.5,NR5G-SA,n79,-88,-88,-10,20,-999,8.2
2026-05-28 11:32:26.923,2026-05-28 11:47:13.167,22.6695375,114.5129697,100.0,10.0,0.02,54.6,21.9,18.3,1585.2,1587.97,10.0,2.0,2.5,NR5G-SA,n79,-88,-88,-10,20,-999,9.1
2026-05-28 11:32:27.123,2026-05-28 11:47:13.567,22.6695506,114.5129896,100.0,10.0,-0.01,54.6,21.9,18.3,1587.7,1590.48,10.0,2.0,2.5,NR5G-SA,n79,-87,-87,-10,20,-999,6.0
2026-05-28 11:32:27.324,2026-05-28 11:47:13.767,22.6695635,114.5130095,100.0,10.0,-0.04,54.6,40.1,18.3,1590.2,1592.98,10.0,2.0,2.5,NR5G-SA,n79,-87,-87,-10,20,-999,4.8
2026-05-28 11:32:27.524,2026-05-28 11:47:13.767,22.6695765,114.5130294,100.0,10.0,-0.06,54.6,40.1,18.3,1592.7,1595.49,10.0,2.0,2.5,NR5G-SA,n79,-87,-87,-10,20,-999,7.1
2026-05-28 11:32:27.724,2026-05-28 11:47:13.967,22.6695894,114.5130495,100.0,10.0,-0.02,54.5,40.1,18.3,1595.2,1598.00,10.0,2.0,2.5,NR5G-SA,n79,-89,-89,-10,20,-999,12.2
2026-05-28 11:32:27.924,2026-05-28 11:47:14.167,22.6695894,114.5130495,100.0,10.0,-0.02,54.5,40.1,18.2,1595.2,1598.00,10.0,2.0,2.5,NR5G-SA,n79,-89,-89,-10,20,-999,10.0
2026-05-28 11:32:28.125,2026-05-28 11:47:14.567,22.6696022,114.5130695,100.0,10.0,-0.02,54.5,40.1,18.2,1597.7,1600.50,10.0,2.0,2.5,NR5G-SA,n79,-89,-89,-10,20,-999,7.2
2026-05-28 11:32:28.325,2026-05-28 11:47:14.767,22.6696151,114.5130894,100.0,10.0,0.01,54.5,29.2,18.2,1600.2,1603.00,10.0,2.0,2.5,NR5G-SA,n79,-85,-85,-10,20,-999,7.2
2026-05-28 11:32:28.526,2026-05-28 11:47:14.967,22.6696280,114.5131094,100.0,10.0,0.00,54.4,29.2,18.2,1602.7,1605.51,10.0,2.0,2.5,NR5G-SA,n79,-85,-85,-10,20,-999,7.1
2026-05-28 11:32:28.726,2026-05-28 11:47:14.967,22.6696408,114.5131294,100.0,10.0,0.00,54.4,29.2,18.2,1605.2,1608.01,10.0,2.0,2.5,NR5G-SA,n79,-87,-87,-10,20,-999,12.1
2026-05-28 11:32:28.927,2026-05-28 11:47:15.167,22.6696408,114.5131294,100.0,10.0,0.01,54.4,29.2,17.9,1605.2,1608.01,10.0,2.0,2.5,NR5G-SA,n79,-87,-87,-10,20,-999,8.0
2026-05-28 11:32:29.127,2026-05-28 11:47:15.567,22.6696537,114.5131493,100.0,10.0,-0.01,54.4,29.2,17.9,1607.7,1610.51,10.0,2.0,2.5,NR5G-SA,n79,-87,-87,-10,20,-999,8.7
2026-05-28 11:32:29.327,2026-05-28 11:47:15.767,22.6696666,114.5131691,100.0,10.0,0.03,54.4,32.5,17.9,1610.2,1612.99,10.0,2.0,2.5,NR5G-SA,n79,-91,-91,-10,21,-999,5.9
2026-05-28 11:32:29.527,2026-05-28 11:47:15.967,22.6696795,114.5131890,100.0,10.0,-0.01,54.3,32.5,17.9,1612.7,1615.49,10.0,2.0,2.5,NR5G-SA,n79,-91,-91,-10,21,-999,6.8
2026-05-28 11:32:29.728,2026-05-28 11:47:15.967,22.6696924,114.5132090,100.0,10.0,0.01,54.3,32.5,17.9,1615.2,1618.00,10.0,2.0,2.5,NR5G-SA,n79,-91,-91,-10,21,-999,12.6
2026-05-28 11:32:29.928,2026-05-28 11:47:16.167,22.6696924,114.5132090,100.0,10.0,0.01,54.3,32.5,15.8,1615.2,1618.00,10.0,2.0,2.5,NR5G-SA,n79,-86,-86,-10,20,-999,9.3
2026-05-28 11:32:30.129,2026-05-28 11:47:16.567,22.6697053,114.5132291,100.0,10.0,-0.03,54.3,32.5,15.8,1617.7,1620.51,10.0,2.0,2.5,NR5G-SA,n79,-86,-86,-10,20,-999,9.5
2026-05-28 11:32:30.329,2026-05-28 11:47:16.767,22.6697182,114.5132490,100.0,10.0,-0.03,54.2,36.3,15.8,1620.2,1623.01,10.0,2.0,2.5,NR5G-SA,n79,-86,-86,-10,20,-999,5.0
2026-05-28 11:32:30.529,2026-05-28 11:47:16.967,22.6697312,114.5132689,100.0,10.0,-0.03,54.2,36.3,15.8,1622.7,1625.52,10.0,2.0,2.5,NR5G-SA,n79,-91,-91,-10,20,-999,5.7
2026-05-28 11:32:30.730,2026-05-28 11:47:16.967,22.6697441,114.5132887,100.0,10.0,-0.06,54.3,36.3,15.8,1625.2,1628.01,10.0,2.0,2.5,NR5G-SA,n79,-91,-91,-10,20,-999,11.9
2026-05-28 11:32:30.930,2026-05-28 11:47:17.167,22.6697441,114.5132887,100.0,10.0,-0.06,54.3,36.3,16.2,1625.2,1628.01,10.0,2.0,2.5,NR5G-SA,n79,-89,-89,-10,20,-999,8.1
2026-05-28 11:32:31.130,2026-05-28 11:47:17.567,22.6697570,114.5133086,100.0,10.0,0.01,54.4,36.3,16.2,1627.7,1630.50,10.0,2.0,2.5,NR5G-SA,n79,-89,-89,-10,20,-999,8.0
2026-05-28 11:32:31.331,2026-05-28 11:47:17.767,22.6697698,114.5133285,100.0,10.0,-0.01,54.5,27.1,16.2,1630.2,1633.00,10.0,2.0,2.5,NR5G-SA,n79,-89,-89,-10,20,-999,6.7
2026-05-28 11:32:31.531,2026-05-28 11:47:17.767,22.6697827,114.5133484,100.0,9.9,0.03,54.7,27.1,16.2,1632.7,1635.49,10.0,2.0,2.5,NR5G-SA,n79,-87,-87,-10,20,-999,8.7
2026-05-28 11:32:31.731,2026-05-28 11:47:17.967,22.6697955,114.5133683,100.0,9.9,-0.00,54.9,27.1,16.2,1635.2,1637.99,10.0,2.0,2.5,NR5G-SA,n79,-87,-87,-10,20,-999,12.7
2026-05-28 11:32:31.932,2026-05-28 11:47:18.167,22.6697955,114.5133683,100.0,9.9,-0.00,54.9,27.1,17.0,1635.2,1637.99,10.0,2.0,2.5,NR5G-SA,n79,-87,-87,-10,20,-999,9.4
2026-05-28 11:32:32.132,2026-05-28 11:47:18.567,22.6698081,114.5133879,100.0,9.8,0.02,55.0,27.1,17.0,1637.6,1640.44,10.0,2.0,2.5,NR5G-SA,n79,-87,-87,-10,19,-999,8.0
2026-05-28 11:32:32.332,2026-05-28 11:47:18.767,22.6698205,114.5134070,100.0,9.5,0.01,55.2,59.6,17.0,1640.0,1642.84,10.0,2.0,2.5,NR5G-SA,n79,-87,-87,-10,19,-999,6.6
2026-05-28 11:32:32.533,2026-05-28 11:47:18.767,22.6698326,114.5134255,100.0,9.3,-0.02,55.2,59.6,17.0,1642.4,1645.17,10.0,2.0,2.5,NR5G-SA,n79,-87,-87,-10,19,-999,6.1
2026-05-28 11:32:32.733,2026-05-28 11:47:18.967,22.6698443,114.5134433,100.0,8.9,-0.04,55.2,59.6,17.0,1644.6,1647.41,10.0,2.0,2.5,NR5G-SA,n79,-90,-90,-10,18,-999,10.8
2026-05-28 11:32:32.934,2026-05-28 11:47:19.167,22.6698443,114.5134433,100.0,8.9,-0.04,55.2,59.6,17.0,1644.6,1647.41,10.0,2.0,2.5,NR5G-SA,n79,-90,-90,-10,18,-999,9.7
2026-05-28 11:32:33.134,2026-05-28 11:47:19.567,22.6698554,114.5134604,100.0,8.5,-0.03,55.3,59.6,18.5,1646.7,1649.56,10.0,2.0,2.5,NR5G-SA,n79,-90,-90,-10,18,-999,6.8
2026-05-28 11:32:33.335,2026-05-28 11:47:19.767,22.6698660,114.5134767,100.0,8.0,-0.05,55.9,19.5,18.5,1648.8,1651.61,10.0,2.0,2.5,NR5G-SA,n79,-89,-89,-10,18,-999,5.2
2026-05-28 11:32:33.535,2026-05-28 11:47:19.767,22.6698758,114.5134919,100.0,7.5,-0.04,56.5,19.5,18.5,1650.7,1653.51,10.0,2.0,2.5,NR5G-SA,n79,-89,-89,-10,18,-999,6.2
2026-05-28 11:32:33.735,2026-05-28 11:47:19.967,22.6698848,114.5135061,100.0,7.0,-0.03,57.0,19.5,18.5,1652.5,1655.28,10.0,2.0,2.5,NR5G-SA,n79,-89,-89,-10,18,-999,9.3
2026-05-28 11:32:33.936,2026-05-28 11:47:20.167,22.6698848,114.5135061,100.0,7.0,-0.03,57.0,19.5,18.5,1652.5,1655.28,10.0,2.0,2.5,NR5G-SA,n79,-89,-89,-10,18,-999,6.5
2026-05-28 11:32:34.136,2026-05-28 11:47:20.567,22.6698931,114.5135193,100.0,6.4,-0.00,57.6,19.5,19.0,1654.1,1656.92,10.0,2.0,2.5,NR5G-SA,n79,-89,-89,-10,18,-999,8.1
2026-05-28 11:32:34.336,2026-05-28 11:47:20.767,22.6699006,114.5135316,100.0,6.0,-0.04,58.7,0.0,19.0,1655.6,1658.44,10.0,2.0,2.5,NR5G-SA,n79,-87,-87,-10,18,-999,6.8
2026-05-28 11:32:34.537,2026-05-28 11:47:20.967,22.6699071,114.5135433,100.0,5.5,-0.05,60.9,0.0,19.0,1657.0,1659.84,10.0,2.0,2.5,NR5G-SA,n79,-87,-87,-10,18,-999,8.1
2026-05-28 11:32:34.737,2026-05-28 11:47:20.967,22.6699126,114.5135543,100.0,4.9,-0.04,64.5,0.0,19.0,1658.3,1661.13,10.0,2.0,2.5,NR5G-SA,n79,-87,-87,-10,18,-999,10.9
2026-05-28 11:32:34.937,2026-05-28 11:47:21.167,22.6699126,114.5135543,100.0,4.9,-0.04,64.5,0.0,19.0,1658.3,1661.13,10.0,2.0,2.5,NR5G-SA,n79,-89,-89,-10,17,-999,10.5
2026-05-28 11:32:35.138,2026-05-28 11:47:21.567,22.6699168,114.5135646,100.0,4.4,-0.04,70.0,0.0,20.4,1659.4,1662.28,10.0,2.0,2.5,NR5G-SA,n79,-89,-89,-10,17,-999,5.8
2026-05-28 11:32:35.338,2026-05-28 11:47:21.767,22.6699196,114.5135740,100.0,3.9,-0.01,77.4,0.0,20.4,1660.4,1663.30,10.0,2.0,2.5,NR5G-SA,n79,-89,-89,-10,17,-999,5.3
2026-05-28 11:32:35.538,2026-05-28 11:47:21.967,22.6699207,114.5135828,100.0,3.5,0.00,86.8,16.5,20.4,1661.2,1664.21,10.0,2.0,2.5,NR5G-SA,n79,-91,-91,-10,14,-999,7.8
2026-05-28 11:32:35.739,2026-05-28 11:47:21.967,22.6699202,114.5135911,100.0,3.4,0.05,97.5,16.5,20.4,1661.9,1665.06,10.0,2.0,2.5,NR5G-SA,n79,-91,-91,-10,14,-999,7.3
2026-05-28 11:32:35.939,2026-05-28 11:47:22.167,22.6699202,114.5135911,100.0,3.4,0.05,97.5,16.5,20.4,1661.9,1665.06,10.0,2.0,2.5,NR5G-SA,n79,-94,-94,-10,13,-999,9.9
2026-05-28 11:32:36.139,2026-05-28 11:47:22.567,22.6699181,114.5135991,100.0,3.5,0.04,108.6,16.5,22.0,1662.4,1665.92,10.0,2.0,2.5,NR5G-SA,n79,-94,-94,-10,13,-999,7.0
2026-05-28 11:32:36.340,2026-05-28 11:47:22.767,22.6699143,114.5136073,100.0,3.8,0.04,118.5,16.5,22.0,1662.9,1666.86,10.0,2.0,2.5,NR5G-SA,n79,-94,-94,-10,13,-999,6.1
2026-05-28 11:32:36.540,2026-05-28 11:47:22.967,22.6699092,114.5136155,100.0,4.1,0.08,126.0,0.0,22.0,1663.2,1667.88,10.0,2.0,2.5,NR5G-SA,n79,-92,-92,-10,16,-999,5.8
2026-05-28 11:32:36.741,2026-05-28 11:47:22.967,22.6699027,114.5136241,100.0,4.6,-0.01,131.0,0.0,22.0,1663.5,1669.02,10.0,2.0,2.5,NR5G-SA,n79,-92,-92,-10,16,-999,11.1
2026-05-28 11:32:36.941,2026-05-28 11:47:23.167,22.6699027,114.5136241,100.0,4.6,-0.01,131.0,0.0,22.0,1663.5,1669.02,10.0,2.0,2.5,NR5G-SA,n79,-92,-92,-10,16,-999,8.4
2026-05-28 11:32:37.141,2026-05-28 11:47:23.567,22.6698949,114.5136330,100.0,5.2,0.05,134.2,0.0,24.1,1663.8,1670.28,10.0,2.0,2.5,NR5G-SA,n79,-95,-95,-10,15,-999,6.2
2026-05-28 11:32:37.342,2026-05-28 11:47:23.767,22.6698859,114.5136424,100.0,5.7,-0.02,135.9,0.0,24.1,1664.0,1671.67,10.0,2.0,2.5,NR5G-SA,n79,-95,-95,-10,15,-999,6.6
2026-05-28 11:32:37.542,2026-05-28 11:47:23.767,22.6698758,114.5136525,100.0,6.4,-0.06,137.0,0.8,24.1,1664.2,1673.20,10.0,2.0,2.5,NR5G-SA,n79,-95,-95,-10,15,-999,7.8
2026-05-28 11:32:37.743,2026-05-28 11:47:23.967,22.6698646,114.5136635,100.0,7.0,-0.04,137.2,0.8,24.1,1664.4,1674.88,10.0,2.0,2.5,NR5G-SA,n79,-97,-97,-10,17,-999,11.6
2026-05-28 11:32:37.943,2026-05-28 11:47:24.167,22.6698646,114.5136635,100.0,7.0,-0.04,137.2,0.8,24.1,1664.4,1674.88,10.0,2.0,2.5,NR5G-SA,n79,-97,-97,-10,17,-999,10.2
2026-05-28 11:32:38.143,2026-05-28 11:47:24.567,22.6698522,114.5136755,100.0,7.6,-0.02,136.8,0.8,24.1,1664.7,1676.73,10.0,2.0,2.5,NR5G-SA,n79,-95,-95,-10,17,-999,7.7
2026-05-28 11:32:38.343,2026-05-28 11:47:24.767,22.6698389,114.5136885,100.0,8.2,-0.04,136.2,0.8,24.1,1664.9,1678.73,10.0,2.0,2.5,NR5G-SA,n79,-95,-95,-10,17,-999,6.3
2026-05-28 11:32:38.544,2026-05-28 11:47:24.967,22.6698248,114.5137022,100.0,8.6,-0.02,135.7,0.0,24.1,1665.2,1680.84,10.0,2.0,2.5,NR5G-SA,n79,-95,-95,-10,17,-999,7.6
2026-05-28 11:32:38.744,2026-05-28 11:47:24.967,22.6698101,114.5137163,100.0,9.0,-0.09,135.2,0.0,24.1,1665.5,1683.02,10.0,2.0,2.5,NR5G-SA,n79,-97,-97,-10,17,-999,11.6
2026-05-28 11:32:38.944,2026-05-28 11:47:25.167,22.6698101,114.5137163,100.0,9.0,-0.09,135.2,0.0,24.1,1665.5,1683.02,10.0,2.0,2.5,NR5G-SA,n79,-97,-97,-10,17,-999,7.8
2026-05-28 11:32:39.145,2026-05-28 11:47:25.567,22.6697948,114.5137309,100.0,9.3,-0.05,135.0,0.0,25.9,1665.8,1685.29,10.0,2.0,2.5,NR5G-SA,n79,-97,-97,-10,17,-999,6.2
2026-05-28 11:32:39.345,2026-05-28 11:47:25.767,22.6697790,114.5137459,100.0,9.6,0.01,134.7,0.0,25.9,1666.0,1687.63,10.0,2.0,2.5,NR5G-SA,n79,-97,-97,-10,17,-999,6.2
2026-05-28 11:32:39.546,2026-05-28 11:47:25.967,22.6697627,114.5137612,100.0,9.8,0.04,134.5,24.0,25.9,1666.3,1690.03,10.0,2.0,2.5,NR5G-SA,n79,-97,-97,-10,17,-999,5.6
2026-05-28 11:32:39.746,2026-05-28 11:47:25.967,22.6697463,114.5137767,100.0,10.0,0.01,134.3,24.0,25.9,1666.6,1692.45,10.0,2.0,2.5,NR5G-SA,n79,-97,-97,-10,17,-999,10.5
2026-05-28 11:32:39.946,2026-05-28 11:47:26.167,22.6697463,114.5137767,100.0,10.0,0.01,134.3,24.0,25.9,1666.6,1692.45,10.0,2.0,2.5,NR5G-SA,n79,-93,-93,-10,18,-999,6.3
2026-05-28 11:32:40.146,2026-05-28 11:47:26.567,22.6697295,114.5137924,100.0,10.1,0.01,134.2,24.0,25.9,1666.9,1694.92,10.0,2.0,2.5,NR5G-SA,n79,-93,-93,-10,18,-999,8.1
2026-05-28 11:32:40.347,2026-05-28 11:47:26.767,22.6697127,114.5138083,100.0,10.1,0.01,134.3,24.0,28.0,1667.2,1697.40,10.0,2.0,2.5,NR5G-SA,n79,-97,-97,-10,20,-999,4.9
2026-05-28 11:32:40.547,2026-05-28 11:47:26.967,22.6696958,114.5138243,100.1,10.1,-0.00,134.2,43.3,28.0,1667.5,1699.90,10.0,2.0,2.5,NR5G-SA,n79,-97,-97,-10,20,-999,6.6
2026-05-28 11:32:40.747,2026-05-28 11:47:26.967,22.6696790,114.5138403,100.0,10.1,-0.05,134.0,43.3,28.0,1667.9,1702.39,10.0,2.0,2.5,NR5G-SA,n79,-97,-97,-10,20,-999,10.4
2026-05-28 11:32:40.948,2026-05-28 11:47:27.167,22.6696790,114.5138403,100.0,10.1,-0.05,134.0,43.3,28.0,1667.9,1702.39,10.0,2.0,2.5,NR5G-SA,n79,-95,-95,-10,20,-999,8.6
2026-05-28 11:32:41.148,2026-05-28 11:47:27.567,22.6696621,114.5138565,100.0,10.1,-0.05,134.0,43.3,28.0,1668.2,1704.90,10.0,2.0,2.5,NR5G-SA,n79,-95,-95,-10,20,-999,4.4
2026-05-28 11:32:41.349,2026-05-28 11:47:27.767,22.6696453,114.5138726,100.0,10.2,-0.05,134.1,43.3,29.5,1668.5,1707.40,10.0,2.0,2.5,NR5G-SA,n79,-95,-95,-10,20,-999,5.0
2026-05-28 11:32:41.549,2026-05-28 11:47:27.967,22.6696283,114.5138888,100.0,10.1,-0.02,134.1,22.6,29.5,1668.9,1709.92,10.0,2.0,2.5,NR5G-SA,n79,-95,-95,-10,20,-999,4.7
2026-05-28 11:32:41.749,2026-05-28 11:47:27.967,22.6696114,114.5139049,100.0,10.2,-0.03,134.2,22.6,29.5,1669.2,1712.43,10.0,2.0,2.5,NR5G-SA,n79,-95,-95,-10,20,-999,9.2
2026-05-28 11:32:41.950,2026-05-28 11:47:28.167,22.6696114,114.5139049,100.0,10.2,-0.03,134.2,22.6,29.5,1669.2,1712.43,10.0,2.0,2.5,NR5G-SA,n79,-95,-95,-10,20,-999,8.5
2026-05-28 11:32:42.150,2026-05-28 11:47:28.567,22.6695943,114.5139213,100.0,10.2,0.01,134.3,22.6,29.5,1669.6,1714.97,10.0,2.0,2.5,NR5G-SA,n79,-97,-97,-10,20,-999,7.2
2026-05-28 11:32:42.350,2026-05-28 11:47:28.767,22.6695772,114.5139376,100.0,10.1,-0.00,134.5,22.6,27.9,1669.9,1717.50,10.0,2.0,2.5,NR5G-SA,n79,-97,-97,-10,20,-999,5.7
2026-05-28 11:32:42.551,2026-05-28 11:47:28.967,22.6695603,114.5139539,100.0,10.1,-0.02,134.7,38.6,27.9,1670.3,1720.02,10.0,2.0,2.5,NR5G-SA,n79,-97,-97,-10,21,-999,6.0
2026-05-28 11:32:42.751,2026-05-28 11:47:28.967,22.6695433,114.5139701,100.0,10.2,0.03,134.8,38.6,27.9,1670.7,1722.54,10.0,2.0,2.5,NR5G-SA,n79,-97,-97,-10,21,-999,11.8
2026-05-28 11:32:42.951,2026-05-28 11:47:29.167,22.6695433,114.5139701,100.0,10.2,0.03,134.8,38.6,27.9,1670.7,1722.54,10.0,2.0,2.5,NR5G-SA,n79,-97,-97,-10,21,-999,8.6
2026-05-28 11:32:43.152,2026-05-28 11:47:29.567,22.6695262,114.5139865,100.0,10.1,0.00,135.0,38.6,27.9,1671.1,1725.08,10.0,2.0,2.5,NR5G-SA,n79,-97,-97,-10,21,-999,7.4
2026-05-28 11:32:43.353,2026-05-28 11:47:29.767,22.6695091,114.5140028,100.0,10.1,-0.01,135.2,38.6,27.4,1671.4,1727.62,10.0,2.0,2.5,NR5G-SA,n79,-97,-97,-10,21,-999,6.1
2026-05-28 11:32:43.553,2026-05-28 11:47:29.967,22.6694919,114.5140192,100.0,10.1,0.02,135.4,30.4,27.4,1671.8,1730.17,10.0,2.0,2.5,NR5G-SA,n79,-97,-97,-10,21,-999,5.9
2026-05-28 11:32:43.754,2026-05-28 11:47:29.967,22.6694749,114.5140355,100.0,10.1,-0.01,135.4,30.4,27.4,1672.2,1732.69,10.0,2.0,2.5,NR5G-SA,n79,-97,-97,-10,22,-999,8.9
2026-05-28 11:32:43.954,2026-05-28 11:47:30.167,22.6694749,114.5140355,100.0,10.1,-0.01,135.4,30.4,27.4,1672.2,1732.69,10.0,2.0,2.5,NR5G-SA,n79,-97,-97,-10,22,-999,8.3
2026-05-28 11:32:44.154,2026-05-28 11:47:30.567,22.6694579,114.5140518,100.0,10.0,0.01,135.6,30.4,27.4,1672.6,1735.22,10.0,2.0,2.5,NR5G-SA,n79,-97,-97,-10,22,-999,5.8
2026-05-28 11:32:44.355,2026-05-28 11:47:30.767,22.6694410,114.5140681,100.0,10.0,0.03,135.5,30.4,26.0,1673.0,1737.74,10.0,2.0,2.5,NR5G-SA,n79,-94,-94,-10,21,-999,5.8
2026-05-28 11:32:44.555,2026-05-28 11:47:30.767,22.6694242,114.5140843,100.0,9.9,0.01,135.5,49.8,26.0,1673.4,1740.24,10.0,2.0,2.5,NR5G-SA,n79,-94,-94,-10,21,-999,6.9
2026-05-28 11:32:44.755,2026-05-28 11:47:30.967,22.6694073,114.5141005,100.0,9.9,-0.01,135.4,49.8,26.0,1673.8,1742.75,10.0,2.0,2.5,NR5G-SA,n79,-94,-94,-10,21,-999,10.1
2026-05-28 11:32:44.956,2026-05-28 11:47:31.167,22.6694073,114.5141005,100.0,9.9,-0.01,135.4,49.8,26.0,1673.8,1742.75,10.0,2.0,2.5,NR5G-SA,n79,-96,-96,-10,21,-999,6.9
2026-05-28 11:32:45.157,2026-05-28 11:47:31.567,22.6693905,114.5141167,100.0,9.9,-0.01,135.3,49.8,26.0,1674.2,1745.26,10.0,2.0,2.5,NR5G-SA,n79,-96,-96,-10,21,-999,6.8
2026-05-28 11:32:45.357,2026-05-28 11:47:31.767,22.6693738,114.5141330,100.0,9.9,0.04,135.3,49.8,24.9,1674.6,1747.76,10.0,2.0,2.5,NR5G-SA,n79,-93,-93,-10,22,-999,7.2
2026-05-28 11:32:45.557,2026-05-28 11:47:31.967,22.6693571,114.5141494,100.0,9.9,0.05,135.3,37.1,24.9,1675.0,1750.27,10.0,2.0,2.5,NR5G-SA,n79,-93,-93,-10,22,-999,7.2
2026-05-28 11:32:45.758,2026-05-28 11:47:31.967,22.6693404,114.5141657,100.0,9.9,0.10,135.2,37.1,24.9,1675.5,1752.77,10.0,2.0,2.5,NR5G-SA,n79,-93,-93,-10,22,-999,10.1
2026-05-28 11:32:45.958,2026-05-28 11:47:32.167,22.6693404,114.5141657,100.0,9.9,0.10,135.2,37.1,24.9,1675.5,1752.77,10.0,2.0,2.5,NR5G-SA,n79,-92,-92,-10,23,-999,7.8
2026-05-28 11:32:46.159,2026-05-28 11:47:32.567,22.6693236,114.5141820,100.0,10.0,0.07,135.3,37.1,24.9,1675.9,1755.28,10.0,2.0,2.5,NR5G-SA,n79,-92,-92,-10,23,-999,5.8
2026-05-28 11:32:46.359,2026-05-28 11:47:32.767,22.6693068,114.5141981,100.0,10.0,0.05,135.5,37.1,23.5,1676.3,1757.78,10.0,2.0,2.5,NR5G-SA,n79,-92,-92,-10,23,-999,5.3
2026-05-28 11:32:46.559,2026-05-28 11:47:32.967,22.6692901,114.5142141,100.0,9.9,0.02,135.6,25.6,23.5,1676.7,1760.26,10.0,2.0,2.5,NR5G-SA,n79,-92,-92,-10,23,-999,5.0
2026-05-28 11:32:46.760,2026-05-28 11:47:32.967,22.6692733,114.5142303,100.0,9.9,0.02,135.6,25.6,23.5,1677.2,1762.76,10.0,2.0,2.5,NR5G-SA,n79,-95,-95,-10,22,-999,7.9
2026-05-28 11:32:46.960,2026-05-28 11:47:33.167,22.6692733,114.5142303,100.0,9.9,0.02,135.6,25.6,23.5,1677.2,1762.76,10.0,2.0,2.5,NR5G-SA,n79,-95,-95,-10,23,-999,7.5
2026-05-28 11:32:47.160,2026-05-28 11:47:33.567,22.6692565,114.5142465,100.0,10.0,-0.04,135.8,25.6,23.5,1677.6,1765.27,10.0,2.0,2.5,NR5G-SA,n79,-95,-95,-10,23,-999,5.9
2026-05-28 11:32:47.361,2026-05-28 11:47:33.767,22.6692396,114.5142626,100.0,9.9,0.03,135.8,25.6,23.2,1678.0,1767.77,10.0,2.0,2.5,NR5G-SA,n79,-95,-95,-10,23,-999,5.5
2026-05-28 11:32:47.561,2026-05-28 11:47:33.967,22.6692228,114.5142788,100.0,9.9,0.06,136.0,40.6,23.2,1678.5,1770.27,10.0,2.0,2.5,NR5G-SA,n79,-94,-94,-10,22,-999,6.2
2026-05-28 11:32:47.761,2026-05-28 11:47:33.967,22.6692059,114.5142950,100.0,10.0,0.05,136.0,40.6,23.2,1678.9,1772.79,10.0,2.0,2.5,NR5G-SA,n79,-94,-94,-10,22,-999,7.7
2026-05-28 11:32:47.962,2026-05-28 11:47:34.167,22.6692059,114.5142950,100.0,10.0,0.05,136.0,40.6,23.2,1678.9,1772.79,10.0,2.0,2.5,NR5G-SA,n79,-94,-94,-10,22,-999,12.1
2026-05-28 11:32:48.162,2026-05-28 11:47:34.567,22.6691890,114.5143111,100.0,9.9,-0.01,136.0,40.6,23.2,1679.4,1775.29,10.0,2.0,2.5,NR5G-SA,n79,-96,-96,-10,22,-999,6.6
2026-05-28 11:32:48.362,2026-05-28 11:47:34.767,22.6691722,114.5143272,100.0,10.0,0.03,136.1,40.6,23.2,1679.8,1777.79,10.0,2.0,2.5,NR5G-SA,n79,-96,-96,-10,22,-999,5.3
2026-05-28 11:32:48.563,2026-05-28 11:47:34.967,22.6691554,114.5143434,100.0,10.0,0.03,136.2,18.1,22.2,1680.3,1780.29,10.0,2.0,2.5,NR5G-SA,n79,-96,-96,-10,22,-999,7.0
2026-05-28 11:32:48.763,2026-05-28 11:47:34.967,22.6691386,114.5143596,100.0,10.0,0.04,136.2,18.1,22.2,1680.7,1782.79,10.0,2.0,2.5,NR5G-SA,n79,-93,-93,-10,22,-999,8.4
2026-05-28 11:32:48.964,2026-05-28 11:47:35.167,22.6691386,114.5143596,100.0,10.0,0.04,136.2,18.1,22.2,1680.7,1782.79,10.0,2.0,2.5,NR5G-SA,n79,-93,-93,-10,22,-999,8.2
2026-05-28 11:32:49.164,2026-05-28 11:47:35.567,22.6691218,114.5143757,100.0,10.0,-0.05,136.1,18.1,22.2,1681.2,1785.29,10.0,2.0,2.5,NR5G-SA,n79,-93,-93,-10,22,-999,9.1
2026-05-28 11:32:49.364,2026-05-28 11:47:35.767,22.6691050,114.5143919,100.0,10.0,-0.01,136.3,18.1,22.2,1681.6,1787.79,10.0,2.0,2.5,NR5G-SA,n79,-93,-93,-10,22,-999,6.7
2026-05-28 11:32:49.565,2026-05-28 11:47:35.967,22.6690883,114.5144081,100.0,9.9,0.05,136.4,0.0,21.7,1682.1,1790.29,10.0,2.0,2.5,NR5G-SA,n79,-93,-93,-10,22,-999,6.7
2026-05-28 11:32:49.765,2026-05-28 11:47:35.967,22.6690715,114.5144243,100.0,10.0,0.05,136.4,0.0,21.7,1682.6,1792.79,10.0,2.0,2.5,NR5G-SA,n79,-95,-95,-10,20,-999,12.1
2026-05-28 11:32:49.965,2026-05-28 11:47:36.167,22.6690715,114.5144243,100.0,10.0,0.05,136.4,0.0,21.7,1682.6,1792.79,10.0,2.0,2.5,NR5G-SA,n79,-95,-95,-10,20,-999,8.2
2026-05-28 11:32:50.166,2026-05-28 11:47:36.567,22.6690547,114.5144405,100.0,10.0,0.02,136.4,0.0,21.7,1683.1,1795.29,10.0,2.0,2.5,NR5G-SA,n79,-95,-95,-10,20,-999,6.8
2026-05-28 11:32:50.366,2026-05-28 11:47:36.767,22.6690378,114.5144568,100.0,10.0,0.02,136.4,0.0,21.7,1683.6,1797.81,10.0,2.0,2.5,NR5G-SA,n79,-92,-92,-10,21,-999,5.3
2026-05-28 11:32:50.567,2026-05-28 11:47:36.967,22.6690210,114.5144731,100.0,10.0,0.04,136.4,7.2,19.3,1684.1,1800.32,10.0,2.0,2.5,NR5G-SA,n79,-92,-92,-10,21,-999,5.8
2026-05-28 11:32:50.767,2026-05-28 11:47:36.967,22.6690042,114.5144893,100.0,10.0,-0.02,136.6,7.2,19.3,1684.5,1802.83,10.0,2.0,2.5,NR5G-SA,n79,-92,-92,-10,21,-999,8.1
2026-05-28 11:32:50.967,2026-05-28 11:47:37.167,22.6690042,114.5144893,100.0,10.0,-0.02,136.6,7.2,19.3,1684.5,1802.83,10.0,2.0,2.5,NR5G-SA,n79,-93,-93,-10,22,-999,11.6
2026-05-28 11:32:51.168,2026-05-28 11:47:37.567,22.6689874,114.5145056,100.0,9.9,0.01,136.8,7.2,19.3,1685.0,1805.34,10.0,2.0,2.5,NR5G-SA,n79,-93,-93,-10,22,-999,7.0
2026-05-28 11:32:51.368,2026-05-28 11:47:37.767,22.6689706,114.5145217,100.0,9.9,-0.04,136.9,7.2,19.3,1685.5,1807.83,10.0,2.0,2.5,NR5G-SA,n79,-93,-93,-10,22,-999,7.5
2026-05-28 11:32:51.569,2026-05-28 11:47:37.967,22.6689537,114.5145378,100.0,9.9,-0.03,136.9,0.0,18.0,1686.0,1810.34,10.0,2.0,2.5,NR5G-SA,n79,-95,-95,-10,21,-999,7.1
2026-05-28 11:32:51.769,2026-05-28 11:47:37.967,22.6689369,114.5145540,100.0,9.9,-0.08,137.1,0.0,18.0,1686.5,1812.84,10.0,2.0,2.5,NR5G-SA,n79,-95,-95,-10,21,-999,7.3
2026-05-28 11:32:51.969,2026-05-28 11:47:38.167,22.6689369,114.5145540,100.0,9.9,-0.08,137.1,0.0,18.0,1686.5,1812.84,10.0,2.0,2.5,NR5G-SA,n79,-94,-94,-10,21,-999,15.6
2026-05-28 11:32:52.170,2026-05-28 11:47:38.567,22.6689201,114.5145701,100.0,9.9,-0.05,137.2,0.0,18.0,1687.0,1815.34,10.0,2.0,2.5,NR5G-SA,n79,-94,-94,-10,21,-999,6.5
2026-05-28 11:32:52.370,2026-05-28 11:47:38.767,22.6689034,114.5145861,100.0,9.9,-0.03,137.2,0.0,18.0,1687.5,1817.82,10.0,2.0,2.5,NR5G-SA,n79,-94,-94,-10,21,-999,6.4
2026-05-28 11:32:52.571,2026-05-28 11:47:38.967,22.6688867,114.5146021,100.0,9.9,-0.04,137.1,4.0,18.7,1688.0,1820.30,10.0,2.0,2.5,NR5G-SA,n79,-97,-97,-10,21,-999,6.1
2026-05-28 11:32:52.771,2026-05-28 11:47:38.967,22.6688699,114.5146182,100.0,9.9,0.02,136.9,4.0,18.7,1688.5,1822.80,10.0,2.0,2.5,NR5G-SA,n79,-97,-97,-10,21,-999,8.4
2026-05-28 11:32:52.971,2026-05-28 11:47:39.167,22.6688699,114.5146182,100.0,9.9,0.02,136.9,4.0,18.7,1688.5,1822.80,10.0,2.0,2.5,NR5G-SA,n79,-97,-97,-10,21,-999,14.1
2026-05-28 11:32:53.172,2026-05-28 11:47:39.567,22.6688532,114.5146344,100.0,9.9,0.05,136.8,4.0,18.7,1689.1,1825.29,10.0,2.0,2.5,NR5G-SA,n79,-89,-89,-10,20,-999,6.2
2026-05-28 11:32:53.372,2026-05-28 11:47:39.767,22.6688365,114.5146506,100.0,10.0,0.02,136.8,4.0,18.7,1689.6,1827.79,10.0,2.0,2.5,NR5G-SA,n79,-89,-89,-10,20,-999,6.1
2026-05-28 11:32:53.572,2026-05-28 11:47:39.967,22.6688198,114.5146670,100.0,10.0,-0.02,136.8,0.0,19.3,1690.1,1830.30,10.0,2.0,2.5,NR5G-SA,n79,-89,-89,-10,20,-999,7.3
2026-05-28 11:32:53.773,2026-05-28 11:47:39.967,22.6688030,114.5146834,100.0,10.0,0.00,136.8,0.0,19.3,1690.7,1832.81,10.0,2.0,2.5,NR5G-SA,n79,-93,-93,-10,21,-999,7.4
2026-05-28 11:32:53.973,2026-05-28 11:47:40.167,22.6687863,114.5146996,100.0,10.0,-0.02,136.9,0.0,19.3,1691.2,1835.31,10.0,2.0,2.5,NR5G-SA,n79,-93,-93,-10,21,-999,13.3
2026-05-28 11:32:54.173,2026-05-28 11:47:40.567,22.6687863,114.5146996,100.0,10.0,-0.02,136.9,0.0,19.3,1691.2,1835.31,10.0,2.0,2.5,NR5G-SA,n79,-95,-95,-10,21,-999,7.2
2026-05-28 11:32:54.374,2026-05-28 11:47:40.767,22.6687695,114.5147159,100.0,10.0,-0.00,137.1,0.0,19.3,1691.8,1837.82,10.0,2.0,2.5,NR5G-SA,n79,-95,-95,-10,21,-999,5.0
2026-05-28 11:32:54.574,2026-05-28 11:47:40.967,22.6687526,114.5147320,100.0,10.0,0.00,137.2,15.0,19.3,1692.3,1840.32,10.0,2.0,2.5,NR5G-SA,n79,-95,-95,-10,21,-999,5.6
2026-05-28 11:32:54.775,2026-05-28 11:47:40.967,22.6687359,114.5147481,100.0,9.9,0.01,137.2,15.0,19.3,1692.9,1842.81,10.0,2.0,2.5,NR5G-SA,n79,-96,-96,-10,21,-999,8.4
2026-05-28 11:32:54.975,2026-05-28 11:47:41.167,22.6687192,114.5147642,100.0,10.0,-0.02,137.1,15.0,19.3,1693.4,1845.30,10.0,2.0,2.5,NR5G-SA,n79,-96,-96,-10,21,-999,13.7
2026-05-28 11:32:55.175,2026-05-28 11:47:41.567,22.6687192,114.5147642,100.0,10.0,-0.02,137.1,15.0,19.3,1693.4,1845.30,10.0,2.0,2.5,NR5G-SA,n79,-96,-96,-10,21,-999,9.0
2026-05-28 11:32:55.376,2026-05-28 11:47:41.767,22.6687025,114.5147803,100.0,10.0,-0.01,137.0,15.0,19.3,1694.0,1847.79,10.0,2.0,2.5,NR5G-SA,n79,-91,-91,-10,20,-999,7.0
2026-05-28 11:32:55.576,2026-05-28 11:47:41.967,22.6686858,114.5147964,100.0,10.1,-0.08,137.1,43.5,21.1,1694.5,1850.28,10.0,2.0,2.5,NR5G-SA,n79,-91,-91,-10,20,-999,4.9
2026-05-28 11:32:55.776,2026-05-28 11:47:41.967,22.6686690,114.5148126,100.0,10.0,-0.01,137.3,43.5,21.1,1695.1,1852.78,10.0,2.0,2.5,NR5G-SA,n79,-91,-91,-10,20,-999,7.9
2026-05-28 11:32:55.977,2026-05-28 11:47:42.167,22.6686690,114.5148126,100.0,10.0,-0.01,137.3,43.5,21.1,1695.1,1852.78,10.0,2.0,2.5,NR5G-SA,n79,-96,-96,-10,18,-999,15.2
2026-05-28 11:32:56.177,2026-05-28 11:47:42.567,22.6686522,114.5148288,100.0,10.0,0.01,137.4,43.5,21.1,1695.6,1855.28,10.0,2.0,2.5,NR5G-SA,n79,-96,-96,-10,18,-999,7.1
2026-05-28 11:32:56.378,2026-05-28 11:47:42.767,22.6686354,114.5148450,100.0,10.0,-0.04,137.5,43.5,21.1,1696.2,1857.79,10.0,2.0,2.5,NR5G-SA,n79,-93,-93,-10,19,-999,6.8
2026-05-28 11:32:56.578,2026-05-28 11:47:42.967,22.6686186,114.5148612,100.0,10.0,0.01,137.5,24.4,21.9,1696.8,1860.29,10.0,2.0,2.5,NR5G-SA,n79,-93,-93,-10,19,-999,6.9
2026-05-28 11:32:56.779,2026-05-28 11:47:43.167,22.6686019,114.5148773,100.0,10.0,-0.03,137.5,24.4,21.9,1697.3,1862.78,10.0,2.0,2.5,NR5G-SA,n79,-93,-93,-10,19,-999,6.0
2026-05-28 11:32:56.979,2026-05-28 11:47:43.167,22.6685851,114.5148935,100.0,10.0,0.02,137.5,24.4,21.9,1697.9,1865.28,10.0,2.0,2.5,NR5G-SA,n79,-94,-94,-10,19,-999,12.3
2026-05-28 11:32:57.179,2026-05-28 11:47:43.567,22.6685851,114.5148935,100.0,10.0,0.02,137.5,24.4,21.9,1697.9,1865.28,10.0,2.0,2.5,NR5G-SA,n79,-94,-94,-10,19,-999,6.4
2026-05-28 11:32:57.380,2026-05-28 11:47:43.767,22.6685683,114.5149097,100.0,10.0,-0.00,137.5,24.4,21.9,1698.5,1867.78,10.0,2.0,2.5,NR5G-SA,n79,-94,-94,-10,19,-999,5.5
2026-05-28 11:32:57.580,2026-05-28 11:47:43.967,22.6685515,114.5149258,100.0,10.0,0.01,137.6,34.7,21.9,1699.1,1870.28,10.0,2.0,2.5,NR5G-SA,n79,-94,-94,-10,20,-999,7.3
2026-05-28 11:32:57.781,2026-05-28 11:47:44.167,22.6685347,114.5149421,100.0,10.0,0.04,137.6,34.7,20.7,1699.7,1872.79,10.0,2.0,2.5,NR5G-SA,n79,-94,-94,-10,20,-999,7.4
2026-05-28 11:32:57.981,2026-05-28 11:47:44.167,22.6685347,114.5149421,100.0,10.0,0.04,137.6,34.7,20.7,1699.7,1872.79,10.0,2.0,2.5,NR5G-SA,n79,-94,-94,-10,20,-999,12.8
2026-05-28 11:32:58.182,2026-05-28 11:47:44.567,22.6685179,114.5149583,100.0,10.0,0.01,137.7,34.7,20.7,1700.3,1875.29,10.0,2.0,2.5,NR5G-SA,n79,-94,-94,-10,21,-999,5.9
2026-05-28 11:32:58.382,2026-05-28 11:47:44.767,22.6685013,114.5149745,100.0,10.0,0.01,137.6,34.7,20.7,1700.9,1877.78,10.0,2.0,2.5,NR5G-SA,n79,-94,-94,-10,21,-999,5.5
2026-05-28 11:32:58.583,2026-05-28 11:47:44.967,22.6684846,114.5149906,100.0,9.9,0.04,137.6,33.9,20.7,1701.5,1880.27,10.0,2.0,2.5,NR5G-SA,n79,-97,-97,-10,21,-999,4.8
2026-05-28 11:32:58.783,2026-05-28 11:47:45.167,22.6684678,114.5150069,100.0,10.0,0.04,137.6,33.9,19.9,1702.1,1882.78,10.0,2.0,2.5,NR5G-SA,n79,-97,-97,-10,21,-999,5.3
2026-05-28 11:32:58.983,2026-05-28 11:47:45.167,22.6684510,114.5150231,100.0,10.0,0.02,137.6,33.9,19.9,1702.7,1885.28,10.0,2.0,2.5,NR5G-SA,n79,-97,-97,-10,21,-999,12.6
2026-05-28 11:32:59.183,2026-05-28 11:47:45.567,22.6684510,114.5150231,100.0,10.0,0.02,137.6,33.9,19.9,1702.7,1885.28,10.0,2.0,2.5,NR5G-SA,n79,-95,-95,-10,20,-999,5.7
2026-05-28 11:32:59.384,2026-05-28 11:47:45.767,22.6684340,114.5150396,100.0,10.1,-0.05,137.4,33.9,19.9,1703.3,1887.82,10.0,2.0,2.5,NR5G-SA,n79,-95,-95,-10,20,-999,5.7
2026-05-28 11:32:59.584,2026-05-28 11:47:45.967,22.6684175,114.5150558,100.0,10.0,-0.02,137.4,31.4,19.9,1703.9,1890.30,10.0,2.0,2.5,NR5G-SA,n79,-95,-95,-10,20,-999,5.6
2026-05-28 11:32:59.785,2026-05-28 11:47:45.967,22.6684008,114.5150722,100.0,10.0,-0.02,137.5,31.4,19.8,1704.6,1892.81,10.0,2.0,2.5,NR5G-SA,n79,-90,-90,-10,19,-999,7.5
2026-05-28 11:32:59.985,2026-05-28 11:47:46.167,22.6683840,114.5150884,100.0,10.0,0.03,137.7,31.4,19.8,1705.2,1895.31,10.0,2.0,2.5,NR5G-SA,n79,-90,-90,-10,19,-999,6.7
2026-05-28 11:33:00.185,2026-05-28 11:47:46.567,22.6683840,114.5150884,100.0,10.0,0.03,137.7,31.4,19.8,1705.2,1895.31,10.0,2.0,2.5,NR5G-SA,n79,-90,-90,-10,19,-999,7.3
2026-05-28 11:33:00.386,2026-05-28 11:47:46.767,22.6683672,114.5151045,100.0,10.0,-0.02,137.7,31.4,19.8,1705.8,1897.81,10.0,2.0,2.5,NR5G-SA,n79,-93,-93,-10,20,-999,4.3
2026-05-28 11:33:00.586,2026-05-28 11:47:46.967,22.6683504,114.5151207,100.0,10.0,-0.04,137.7,37.7,19.8,1706.4,1900.31,10.0,2.0,2.5,NR5G-SA,n79,-93,-93,-10,20,-999,5.1
2026-05-28 11:33:00.787,2026-05-28 11:47:46.967,22.6683336,114.5151368,100.0,9.9,-0.05,137.7,37.7,18.2,1707.1,1902.81,10.0,2.0,2.5,NR5G-SA,n79,-91,-91,-10,21,-999,6.3
2026-05-28 11:33:00.987,2026-05-28 11:47:47.167,22.6683168,114.5151529,100.0,9.9,-0.05,137.7,37.7,18.2,1707.7,1905.31,10.0,2.0,2.5,NR5G-SA,n79,-91,-91,-10,21,-999,9.0
2026-05-28 11:33:01.188,2026-05-28 11:47:47.567,22.6683168,114.5151529,100.0,10.0,-0.03,137.7,37.7,18.2,1707.7,1905.31,10.0,2.0,2.5,NR5G-SA,n79,-91,-91,-10,21,-999,5.4
2026-05-28 11:33:01.388,2026-05-28 11:47:47.767,22.6683000,114.5151690,100.0,9.9,-0.01,137.7,37.7,18.2,1708.3,1907.80,10.0,2.0,2.5,NR5G-SA,n79,-92,-92,-10,20,-999,6.8
2026-05-28 11:33:01.588,2026-05-28 11:47:47.967,22.6682832,114.5151851,100.0,10.0,-0.03,137.6,24.6,18.2,1708.9,1910.30,10.0,2.0,2.5,NR5G-SA,n79,-92,-92,-10,20,-999,6.1
2026-05-28 11:33:01.789,2026-05-28 11:47:47.967,22.6682665,114.5152013,100.0,10.0,-0.01,137.5,24.6,18.1,1709.6,1912.79,10.0,2.0,2.5,NR5G-SA,n79,-92,-92,-10,20,-999,9.3
2026-05-28 11:33:01.989,2026-05-28 11:47:48.167,22.6682498,114.5152175,100.0,10.0,0.05,137.5,24.6,18.1,1710.2,1915.29,10.0,2.0,2.5,NR5G-SA,n79,-93,-93,-10,19,-999,10.1
2026-05-28 11:33:02.190,2026-05-28 11:47:48.567,22.6682498,114.5152175,100.0,10.0,0.05,137.5,24.6,18.1,1710.2,1915.29,10.0,2.0,2.5,NR5G-SA,n79,-93,-93,-10,19,-999,7.1
2026-05-28 11:33:02.390,2026-05-28 11:47:48.767,22.6682330,114.5152338,100.0,10.0,0.06,137.6,24.6,18.1,1710.9,1917.80,10.0,2.0,2.5,NR5G-SA,n79,-93,-93,-10,19,-999,4.7
2026-05-28 11:33:02.591,2026-05-28 11:47:48.967,22.6682163,114.5152499,100.0,9.9,0.04,137.7,41.8,18.1,1711.6,1920.29,10.0,2.0,2.5,NR5G-SA,n79,-97,-97,-10,20,-999,4.9
2026-05-28 11:33:02.791,2026-05-28 11:47:49.167,22.6681995,114.5152661,100.0,10.0,0.03,137.7,41.8,19.1,1712.2,1922.79,10.0,2.0,2.5,NR5G-SA,n79,-97,-97,-10,20,-999,6.8
2026-05-28 11:33:02.991,2026-05-28 11:47:49.167,22.6681827,114.5152823,100.0,10.0,0.03,137.8,41.8,19.1,1712.9,1925.29,10.0,2.0,2.5,NR5G-SA,n79,-97,-97,-10,20,-999,9.5
2026-05-28 11:33:03.192,2026-05-28 11:47:49.567,22.6681827,114.5152823,100.0,10.0,0.02,137.8,41.8,19.1,1712.9,1925.29,10.0,2.0,2.5,NR5G-SA,n79,-97,-97,-10,18,-999,5.8
2026-05-28 11:33:03.392,2026-05-28 11:47:49.767,22.6681659,114.5152984,100.0,10.0,-0.01,137.8,41.8,19.1,1713.5,1927.79,10.0,2.0,2.5,NR5G-SA,n79,-97,-97,-10,18,-999,5.3
2026-05-28 11:33:03.592,2026-05-28 11:47:49.967,22.6681491,114.5153146,100.0,10.0,-0.00,137.9,15.5,19.1,1714.2,1930.29,10.0,2.0,2.5,NR5G-SA,n79,-97,-97,-10,19,-999,5.2
2026-05-28 11:33:03.793,2026-05-28 11:47:50.167,22.6681323,114.5153307,100.0,10.0,0.03,137.9,15.5,21.6,1714.9,1932.79,10.0,2.0,2.5,NR5G-SA,n79,-97,-97,-10,19,-999,6.6
2026-05-28 11:33:03.993,2026-05-28 11:47:50.167,22.6681156,114.5153468,100.0,10.0,0.04,137.7,15.5,21.6,1715.5,1935.28,10.0,2.0,2.5,NR5G-SA,n79,-97,-97,-10,19,-999,9.4
2026-05-28 11:33:04.194,2026-05-28 11:47:50.567,22.6681156,114.5153468,100.0,10.0,0.04,137.7,15.5,21.6,1715.5,1935.28,10.0,2.0,2.5,NR5G-SA,n79,-92,-92,-10,18,-999,5.4
2026-05-28 11:33:04.394,2026-05-28 11:47:50.767,22.6680989,114.5153629,100.0,10.0,0.02,137.8,15.5,21.6,1716.2,1937.77,10.0,2.0,2.5,NR5G-SA,n79,-92,-92,-10,18,-999,5.6
2026-05-28 11:33:04.594,2026-05-28 11:47:50.967,22.6680822,114.5153790,100.0,10.0,0.06,137.7,0.0,21.6,1716.9,1940.26,10.0,2.0,2.5,NR5G-SA,n79,-92,-92,-10,18,-999,6.0
2026-05-28 11:33:04.795,2026-05-28 11:47:51.167,22.6680655,114.5153952,100.0,10.0,0.01,137.6,0.0,22.1,1717.6,1942.75,10.0,2.0,2.5,NR5G-SA,n79,-94,-94,-10,20,-999,4.0
2026-05-28 11:33:04.995,2026-05-28 11:47:51.167,22.6680488,114.5154115,100.0,10.0,0.02,137.6,0.0,22.1,1718.3,1945.25,10.0,2.0,2.5,NR5G-SA,n79,-94,-94,-10,20,-999,8.9
2026-05-28 11:33:05.196,2026-05-28 11:47:51.567,22.6680488,114.5154115,100.0,10.0,0.02,137.6,0.0,22.1,1718.3,1945.25,10.0,2.0,2.5,NR5G-SA,n79,-94,-94,-10,20,-999,5.4
2026-05-28 11:33:05.396,2026-05-28 11:47:51.767,22.6680321,114.5154278,100.0,10.0,-0.02,137.5,0.0,22.1,1719.0,1947.75,10.0,2.0,2.5,NR5G-SA,n79,-94,-94,-10,21,-999,7.9
2026-05-28 11:33:05.597,2026-05-28 11:47:51.967,22.6680153,114.5154441,100.0,10.1,-0.00,137.6,3.7,22.1,1719.7,1950.26,10.0,2.0,2.5,NR5G-SA,n79,-94,-94,-10,21,-999,5.8
2026-05-28 11:33:05.797,2026-05-28 11:47:52.167,22.6679984,114.5154603,100.0,10.0,0.07,137.6,3.7,23.3,1720.4,1952.78,10.0,2.0,2.5,NR5G-SA,n79,-94,-94,-10,20,-999,7.4
2026-05-28 11:33:05.997,2026-05-28 11:47:52.567,22.6679816,114.5154765,100.0,10.1,0.02,137.6,3.7,23.3,1721.1,1955.28,10.0,2.0,2.5,NR5G-SA,n79,-94,-94,-10,20,-999,5.9
2026-05-28 11:33:06.198,2026-05-28 11:47:52.567,22.6679816,114.5154765,100.0,10.1,0.02,137.6,3.7,23.3,1721.1,1955.28,10.0,2.0,2.5,NR5G-SA,n79,-94,-94,-10,20,-999,9.7
2026-05-28 11:33:06.399,2026-05-28 11:47:52.767,22.6679647,114.5154928,100.0,10.0,0.06,137.7,3.7,23.3,1721.8,1957.80,10.0,2.0,2.5,NR5G-SA,n79,-100,-100,-10,22,-999,9.8
2026-05-28 11:33:06.599,2026-05-28 11:47:52.967,22.6679479,114.5155090,100.0,10.0,0.06,137.9,0.0,23.3,1722.5,1960.30,10.0,2.0,2.5,NR5G-SA,n79,-100,-100,-10,22,-999,5.4
2026-05-28 11:33:06.800,2026-05-28 11:47:53.167,22.6679310,114.5155251,100.0,10.0,0.03,138.0,0.0,23.3,1723.2,1962.81,10.0,2.0,2.5,NR5G-SA,n79,-100,-100,-10,22,-999,6.1
2026-05-28 11:33:07.000,2026-05-28 11:47:53.167,22.6679141,114.5155413,100.0,10.0,0.07,138.2,0.0,23.8,1723.9,1965.32,10.0,2.0,2.5,NR5G-SA,n79,-95,-95,-10,20,-999,9.5
2026-05-28 11:33:07.200,2026-05-28 11:47:53.567,22.6679141,114.5155413,100.0,10.0,0.07,138.2,0.0,23.8,1723.9,1965.32,10.0,2.0,2.5,NR5G-SA,n79,-95,-95,-10,20,-999,11.7
2026-05-28 11:33:07.401,2026-05-28 11:47:53.767,22.6678972,114.5155574,100.0,10.0,-0.02,138.3,0.0,23.8,1724.6,1967.82,10.0,2.0,2.5,NR5G-SA,n79,-95,-95,-10,20,-999,10.4
2026-05-28 11:33:07.601,2026-05-28 11:47:53.967,22.6678803,114.5155737,100.0,10.0,-0.06,138.3,0.0,23.8,1725.3,1970.34,10.0,2.0,2.5,NR5G-SA,n79,-96,-96,-10,22,-999,6.5
2026-05-28 11:33:07.801,2026-05-28 11:47:54.167,22.6678636,114.5155899,100.0,9.9,-0.06,138.2,7.3,23.8,1726.1,1972.84,10.0,2.0,2.5,NR5G-SA,n79,-96,-96,-10,22,-999,5.0
2026-05-28 11:33:08.002,2026-05-28 11:47:54.167,22.6678469,114.5156060,100.0,9.9,-0.03,138.0,7.3,22.7,1726.8,1975.32,10.0,2.0,2.5,NR5G-SA,n79,-94,-94,-10,22,-999,8.4
2026-05-28 11:33:08.202,2026-05-28 11:47:54.567,22.6678469,114.5156060,100.0,9.9,-0.03,138.0,7.3,22.7,1726.8,1975.32,10.0,2.0,2.5,NR5G-SA,n79,-94,-94,-10,22,-999,9.6
2026-05-28 11:33:08.403,2026-05-28 11:47:54.767,22.6678303,114.5156222,100.0,9.9,0.04,137.9,7.3,22.7,1727.5,1977.81,10.0,2.0,2.5,NR5G-SA,n79,-94,-94,-10,22,-999,9.3
2026-05-28 11:33:08.603,2026-05-28 11:47:54.967,22.6678137,114.5156384,100.0,9.9,0.05,137.9,7.3,22.7,1728.3,1980.30,10.0,2.0,2.5,NR5G-SA,n79,-94,-94,-10,22,-999,6.8
2026-05-28 11:33:08.804,2026-05-28 11:47:55.167,22.6677970,114.5156546,100.0,10.0,0.03,137.9,0.0,22.7,1729.0,1982.79,10.0,2.0,2.5,NR5G-SA,n79,-94,-94,-10,22,-999,5.9
2026-05-28 11:33:09.004,2026-05-28 11:47:55.167,22.6677803,114.5156709,100.0,10.0,0.04,138.0,0.0,22.0,1729.8,1985.29,10.0,2.0,2.5,NR5G-SA,n79,-94,-94,-10,22,-999,9.6
2026-05-28 11:33:09.204,2026-05-28 11:47:55.567,22.6677803,114.5156709,100.0,10.0,0.04,138.0,0.0,22.0,1729.8,1985.29,10.0,2.0,2.5,NR5G-SA,n79,-94,-94,-10,22,-999,9.9
2026-05-28 11:33:09.405,2026-05-28 11:47:55.767,22.6677635,114.5156871,100.0,10.0,-0.01,138.2,0.0,22.0,1730.5,1987.80,10.0,2.0,2.5,NR5G-SA,n79,-95,-95,-10,22,-999,10.9
2026-05-28 11:33:09.605,2026-05-28 11:47:55.967,22.6677466,114.5157033,100.0,10.0,-0.01,138.4,0.0,22.0,1731.3,1990.31,10.0,2.0,2.5,NR5G-SA,n79,-95,-95,-10,22,-999,4.8
2026-05-28 11:33:09.806,2026-05-28 11:47:56.167,22.6677298,114.5157194,100.0,10.0,-0.05,138.5,18.6,22.0,1732.0,1992.81,10.0,2.0,2.5,NR5G-SA,n79,-100,-100,-10,22,-999,5.5
2026-05-28 11:33:10.006,2026-05-28 11:47:56.567,22.6677129,114.5157356,100.0,10.0,-0.03,138.6,18.6,22.0,1732.7,1995.32,10.0,2.0,2.5,NR5G-SA,n79,-100,-100,-10,22,-999,4.1
2026-05-28 11:33:10.206,2026-05-28 11:47:56.567,22.6677129,114.5157356,100.0,10.0,-0.03,138.6,18.6,22.0,1732.7,1995.32,10.0,2.0,2.5,NR5G-SA,n79,-96,-96,-10,21,-999,11.4
2026-05-28 11:33:10.406,2026-05-28 11:47:56.767,22.6676961,114.5157517,100.0,10.0,0.02,138.7,18.6,22.0,1733.5,1997.81,10.0,2.0,2.5,NR5G-SA,n79,-96,-96,-10,21,-999,9.5
2026-05-28 11:33:10.607,2026-05-28 11:47:56.967,22.6676792,114.5157679,100.0,10.0,-0.03,138.6,18.6,22.0,1734.3,2000.33,10.0,2.0,2.5,NR5G-SA,n79,-96,-96,-10,21,-999,4.9
2026-05-28 11:33:10.807,2026-05-28 11:47:57.167,22.6676624,114.5157842,100.0,10.0,-0.05,138.6,40.9,22.0,1735.0,2002.84,10.0,2.0,2.5,NR5G-SA,n79,-100,-100,-10,22,-999,4.9
2026-05-28 11:33:11.008,2026-05-28 11:47:57.167,22.6676456,114.5158004,100.0,10.0,-0.01,138.6,40.9,22.6,1735.8,2005.34,10.0,2.0,2.5,NR5G-SA,n79,-100,-100,-10,22,-999,9.1
2026-05-28 11:33:11.208,2026-05-28 11:47:57.567,22.6676456,114.5158004,100.0,10.0,-0.01,138.6,40.9,22.6,1735.8,2005.34,10.0,2.0,2.5,NR5G-SA,n79,-100,-100,-10,22,-999,13.9
2026-05-28 11:33:11.409,2026-05-28 11:47:57.767,22.6676290,114.5158167,100.0,10.0,-0.02,138.5,40.9,22.6,1736.6,2007.83,10.0,2.0,2.5,NR5G-SA,n79,-97,-97,-10,23,-999,12.0
2026-05-28 11:33:11.609,2026-05-28 11:47:57.967,22.6676122,114.5158329,100.0,10.0,0.05,138.5,40.9,22.6,1737.4,2010.34,10.0,2.0,2.5,NR5G-SA,n79,-97,-97,-10,23,-999,7.4
2026-05-28 11:33:11.810,2026-05-28 11:47:58.167,22.6675955,114.5158492,100.0,10.0,-0.04,138.5,26.7,22.6,1738.1,2012.84,10.0,2.0,2.5,NR5G-SA,n79,-97,-97,-10,23,-999,6.1
2026-05-28 11:33:12.010,2026-05-28 11:47:58.167,22.6675788,114.5158654,100.0,10.0,0.02,138.5,26.7,24.0,1738.9,2015.33,10.0,2.0,2.5,NR5G-SA,n79,-99,-99,-10,25,-999,9.8
2026-05-28 11:33:12.210,2026-05-28 11:47:58.567,22.6675788,114.5158654,100.0,10.0,0.02,138.5,26.7,24.0,1738.9,2015.33,10.0,2.0,2.5,NR5G-SA,n79,-99,-99,-10,25,-999,16.0
2026-05-28 11:33:12.411,2026-05-28 11:47:58.767,22.6675620,114.5158815,100.0,9.9,-0.01,138.4,26.7,24.0,1739.7,2017.83,10.0,2.0,2.5,NR5G-SA,n79,-97,-97,-10,26,-999,10.4
2026-05-28 11:33:12.611,2026-05-28 11:47:58.967,22.6675453,114.5158977,100.0,9.9,0.03,138.4,26.7,24.0,1740.5,2020.32,10.0,2.0,2.5,NR5G-SA,n79,-97,-97,-10,26,-999,7.0
2026-05-28 11:33:12.812,2026-05-28 11:47:59.167,22.6675286,114.5159139,100.0,10.0,-0.01,138.3,53.1,24.0,1741.3,2022.82,10.0,2.0,2.5,NR5G-SA,n79,-97,-97,-10,26,-999,5.7
2026-05-28 11:33:13.012,2026-05-28 11:47:59.167,22.6675119,114.5159301,100.0,10.0,-0.04,138.2,53.1,25.4,1742.1,2025.31,10.0,2.0,2.5,NR5G-SA,n79,-99,-99,-10,25,-999,10.1
2026-05-28 11:33:13.212,2026-05-28 11:47:59.567,22.6675119,114.5159301,100.0,10.0,-0.04,138.2,53.1,25.4,1742.1,2025.31,10.0,2.0,2.5,NR5G-SA,n79,-99,-99,-10,25,-999,17.7
2026-05-28 11:33:13.413,2026-05-28 11:47:59.767,22.6674952,114.5159463,100.0,10.0,0.01,138.2,53.1,25.4,1742.9,2027.81,10.0,2.0,2.5,NR5G-SA,n79,-99,-99,-10,25,-999,9.4
2026-05-28 11:33:13.613,2026-05-28 11:47:59.967,22.6674785,114.5159624,100.0,10.0,0.05,138.3,53.1,25.4,1743.7,2030.30,10.0,2.0,2.5,NR5G-SA,n79,-103,-103,-10,24,-999,5.8
2026-05-28 11:33:13.814,2026-05-28 11:48:00.167,22.6674617,114.5159786,100.0,10.0,0.02,138.4,33.5,25.4,1744.5,2032.80,10.0,2.0,2.5,NR5G-SA,n79,-103,-103,-10,24,-999,5.5
2026-05-28 11:33:14.014,2026-05-28 11:48:00.167,22.6674448,114.5159947,100.0,10.0,0.01,138.5,33.5,25.4,1745.3,2035.31,10.0,2.0,2.5,NR5G-SA,n79,-103,-103,-10,24,-999,10.8
2026-05-28 11:33:14.214,2026-05-28 11:48:00.567,22.6674280,114.5160109,100.0,10.0,0.01,138.4,33.5,25.4,1746.1,2037.81,10.0,2.0,2.5,NR5G-SA,n79,-103,-103,-11,24,-999,14.0
2026-05-28 11:33:14.415,2026-05-28 11:48:00.767,22.6674280,114.5160109,100.0,10.0,-0.01,138.4,33.5,25.4,1746.1,2037.81,10.0,2.0,2.5,NR5G-SA,n79,-103,-103,-11,24,-999,10.9
2026-05-28 11:33:14.615,2026-05-28 11:48:00.967,22.6674112,114.5160270,100.0,10.0,-0.03,138.4,33.5,25.4,1746.9,2040.31,10.0,2.0,2.5,NR5G-SA,n79,-100,-100,-10,23,-999,5.8
2026-05-28 11:33:14.816,2026-05-28 11:48:01.167,22.6673944,114.5160433,100.0,10.0,0.00,138.3,29.3,25.4,1747.7,2042.82,10.0,2.0,2.5,NR5G-SA,n79,-100,-100,-10,23,-999,7.3
2026-05-28 11:33:15.016,2026-05-28 11:48:01.167,22.6673777,114.5160595,100.0,10.0,-0.05,138.2,29.3,25.4,1748.5,2045.31,10.0,2.0,2.5,NR5G-SA,n79,-100,-100,-10,23,-999,8.1
2026-05-28 11:33:15.216,2026-05-28 11:48:01.567,22.6673777,114.5160595,100.0,10.0,-0.05,138.2,29.3,25.5,1748.5,2045.31,10.0,2.0,2.5,NR5G-SA,n79,-96,-96,-10,24,-999,16.7
2026-05-28 11:33:15.417,2026-05-28 11:48:01.767,22.6673609,114.5160757,100.0,10.0,-0.03,138.2,29.3,25.5,1749.4,2047.81,10.0,2.0,2.5,NR5G-SA,n79,-96,-96,-10,24,-999,10.6
2026-05-28 11:33:15.617,2026-05-28 11:48:01.967,22.6673442,114.5160919,100.0,9.9,0.03,138.3,29.3,25.5,1750.2,2050.31,10.0,2.0,2.5,NR5G-SA,n79,-96,-96,-10,24,-999,7.1
2026-05-28 11:33:15.818,2026-05-28 11:48:02.167,22.6673274,114.5161081,100.0,10.0,-0.01,138.3,39.2,25.5,1751.0,2052.81,10.0,2.0,2.5,NR5G-SA,n79,-95,-95,-10,25,-999,5.7
2026-05-28 11:33:16.018,2026-05-28 11:48:02.167,22.6673108,114.5161243,100.0,10.0,-0.00,138.2,39.2,25.5,1751.9,2055.30,10.0,2.0,2.5,NR5G-SA,n79,-95,-95,-10,25,-999,7.6
2026-05-28 11:33:16.218,2026-05-28 11:48:02.567,22.6673108,114.5161243,100.0,10.0,-0.00,138.2,39.2,25.2,1751.9,2055.30,10.0,2.0,2.5,NR5G-SA,n79,-95,-95,-10,25,-999,15.3
2026-05-28 11:33:16.419,2026-05-28 11:48:02.767,22.6672940,114.5161405,100.0,10.0,0.00,138.2,39.2,25.2,1752.7,2057.80,10.0,2.0,2.5,NR5G-SA,n79,-94,-94,-10,24,-999,10.9
2026-05-28 11:33:16.619,2026-05-28 11:48:02.967,22.6672773,114.5161567,100.0,10.0,0.03,138.1,39.2,25.2,1753.5,2060.30,10.0,2.0,2.5,NR5G-SA,n79,-94,-94,-10,24,-999,7.6
2026-05-28 11:33:16.820,2026-05-28 11:48:03.167,22.6672606,114.5161729,100.0,10.0,-0.01,138.1,21.7,25.2,1754.4,2062.79,10.0,2.0,2.5,NR5G-SA,n79,-94,-94,-10,23,-999,5.9
2026-05-28 11:33:17.020,2026-05-28 11:48:03.167,22.6672438,114.5161891,100.0,10.0,0.00,138.1,21.7,25.2,1755.2,2065.30,10.0,2.0,2.5,NR5G-SA,n79,-94,-94,-10,23,-999,7.8
2026-05-28 11:33:17.220,2026-05-28 11:48:03.567,22.6672438,114.5161891,100.0,10.0,0.00,138.1,21.7,22.9,1755.2,2065.30,10.0,2.0,2.5,NR5G-SA,n79,-94,-94,-10,23,-999,15.5
2026-05-28 11:33:17.421,2026-05-28 11:48:03.767,22.6672271,114.5162053,100.0,9.9,0.05,138.2,21.7,22.9,1756.1,2067.79,10.0,2.0,2.5,NR5G-SA,n79,-100,-100,-10,23,-999,7.3
2026-05-28 11:33:17.621,2026-05-28 11:48:03.967,22.6672104,114.5162215,100.0,10.0,-0.00,138.2,21.7,22.9,1756.9,2070.29,10.0,2.0,2.5,NR5G-SA,n79,-100,-100,-10,23,-999,7.3
2026-05-28 11:33:17.821,2026-05-28 11:48:04.167,22.6671937,114.5162377,100.0,10.0,-0.02,138.1,0.0,22.9,1757.8,2072.78,10.0,2.0,2.5,NR5G-SA,n79,-100,-100,-10,23,-999,6.8
2026-05-28 11:33:18.022,2026-05-28 11:48:04.567,22.6671771,114.5162539,100.0,10.0,-0.00,138.0,0.0,22.9,1758.7,2075.27,10.0,2.0,2.5,NR5G-SA,n79,-92,-92,-10,23,-999,7.2
2026-05-28 11:33:18.222,2026-05-28 11:48:04.567,22.6671771,114.5162539,100.0,10.0,-0.00,138.0,0.0,20.8,1758.7,2075.27,10.0,2.0,2.5,NR5G-SA,n79,-92,-92,-10,23,-999,14.1
2026-05-28 11:33:18.423,2026-05-28 11:48:04.767,22.6671603,114.5162702,100.0,10.0,-0.02,138.1,0.0,20.8,1759.5,2077.78,10.0,2.0,2.5,NR5G-SA,n79,-92,-92,-10,23,-999,10.4
2026-05-28 11:33:18.623,2026-05-28 11:48:04.967,22.6671435,114.5162864,100.0,10.0,0.03,138.2,0.0,20.8,1760.4,2080.28,10.0,2.0,2.5,NR5G-SA,n79,-98,-98,-10,24,-999,7.2
2026-05-28 11:33:18.824,2026-05-28 11:48:05.167,22.6671267,114.5163026,100.0,10.0,0.01,138.3,12.9,20.8,1761.3,2082.79,10.0,2.0,2.5,NR5G-SA,n79,-98,-98,-10,24,-999,6.3
2026-05-28 11:33:19.024,2026-05-28 11:48:05.167,22.6671098,114.5163187,100.0,10.0,0.02,138.3,12.9,20.8,1762.1,2085.29,10.0,2.0,2.5,NR5G-SA,n79,-93,-93,-10,24,-999,8.3
2026-05-28 11:33:19.224,2026-05-28 11:48:05.567,22.6671098,114.5163187,100.0,10.0,0.02,138.3,12.9,19.2,1762.1,2085.29,10.0,2.0,2.5,NR5G-SA,n79,-93,-93,-10,24,-999,15.5
2026-05-28 11:33:19.425,2026-05-28 11:48:05.767,22.6670929,114.5163348,100.0,10.0,0.00,138.3,12.9,19.2,1763.0,2087.79,10.0,2.0,2.5,NR5G-SA,n79,-93,-93,-10,24,-999,7.7
2026-05-28 11:33:19.625,2026-05-28 11:48:05.967,22.6670762,114.5163510,100.0,9.9,-0.00,138.2,12.9,19.2,1763.9,2090.29,10.0,2.0,2.5,NR5G-SA,n79,-94,-94,-10,25,-999,5.5
2026-05-28 11:33:19.826,2026-05-28 11:48:06.167,22.6670595,114.5163671,100.0,10.0,0.05,138.2,0.0,19.2,1764.7,2092.78,10.0,2.0,2.5,NR5G-SA,n79,-94,-94,-10,25,-999,4.6
2026-05-28 11:33:20.026,2026-05-28 11:48:06.567,22.6670428,114.5163833,100.0,10.0,0.01,138.0,0.0,19.2,1765.6,2095.27,10.0,2.0,2.5,NR5G-SA,n79,-94,-94,-10,25,-999,4.9
2026-05-28 11:33:20.226,2026-05-28 11:48:06.567,22.6670261,114.5163995,100.0,10.0,0.01,137.9,0.0,18.4,1766.5,2097.77,10.0,2.0,2.5,NR5G-SA,n79,-96,-96,-10,24,-999,9.6
2026-05-28 11:33:20.427,2026-05-28 11:48:06.767,22.6670261,114.5163995,100.0,10.0,-0.01,137.9,0.0,18.4,1766.5,2097.77,10.0,2.0,2.5,NR5G-SA,n79,-96,-96,-10,24,-999,9.6
2026-05-28 11:33:20.627,2026-05-28 11:48:06.967,22.6670094,114.5164158,100.0,10.0,-0.01,137.8,0.0,18.4,1767.4,2100.27,10.0,2.0,2.5,NR5G-SA,n79,-96,-96,-10,24,-999,5.0
2026-05-28 11:33:20.828,2026-05-28 11:48:07.167,22.6669927,114.5164321,100.0,10.0,-0.06,137.7,0.8,18.4,1768.3,2102.77,10.0,2.0,2.5,NR5G-SA,n79,-92,-92,-10,23,-999,4.8
2026-05-28 11:33:21.028,2026-05-28 11:48:07.567,22.6669760,114.5164482,100.0,9.9,0.02,137.6,0.8,18.4,1769.2,2105.26,10.0,2.0,2.5,NR5G-SA,n79,-92,-92,-10,23,-999,7.5
2026-05-28 11:33:21.229,2026-05-28 11:48:07.567,22.6669594,114.5164644,100.0,9.9,0.02,137.4,0.8,17.5,1770.1,2107.75,10.0,2.0,2.5,NR5G-SA,n79,-92,-92,-10,23,-999,14.2
2026-05-28 11:33:21.429,2026-05-28 11:48:07.767,22.6669594,114.5164644,100.0,9.9,-0.00,137.4,0.8,17.5,1770.1,2107.75,10.0,2.0,2.5,NR5G-SA,n79,-92,-92,-10,24,-999,11.0
2026-05-28 11:33:21.629,2026-05-28 11:48:07.967,22.6669427,114.5164806,100.0,10.0,0.01,137.4,0.8,17.5,1771.0,2110.24,10.0,2.0,2.5,NR5G-SA,n79,-92,-92,-10,24,-999,5.9
2026-05-28 11:33:21.830,2026-05-28 11:48:08.167,22.6669260,114.5164967,100.0,10.1,-0.04,137.4,0.0,17.5,1771.9,2112.73,10.0,2.0,2.5,NR5G-SA,n79,-95,-95,-10,24,-999,5.4
2026-05-28 11:33:22.030,2026-05-28 11:48:08.167,22.6669092,114.5165128,100.0,10.0,-0.04,137.6,0.0,17.5,1772.8,2115.23,10.0,2.0,2.5,NR5G-SA,n79,-95,-95,-10,24,-999,8.4
2026-05-28 11:33:22.231,2026-05-28 11:48:08.567,22.6669092,114.5165128,100.0,10.0,-0.04,137.6,0.0,17.1,1772.8,2115.23,10.0,2.0,2.5,NR5G-SA,n79,-95,-95,-10,24,-999,14.4
2026-05-28 11:33:22.431,2026-05-28 11:48:08.767,22.6668922,114.5165290,100.0,10.0,-0.05,137.7,0.0,17.1,1773.7,2117.75,10.0,2.0,2.5,NR5G-SA,n79,-94,-94,-10,24,-999,10.9
2026-05-28 11:33:22.631,2026-05-28 11:48:08.967,22.6668754,114.5165451,100.0,10.0,0.03,137.8,0.0,17.1,1774.6,2120.24,10.0,2.0,2.5,NR5G-SA,n79,-94,-94,-10,24,-999,6.5
2026-05-28 11:33:22.832,2026-05-28 11:48:09.167,22.6668586,114.5165612,100.0,10.0,-0.00,137.7,17.2,17.1,1775.5,2122.74,10.0,2.0,2.5,NR5G-SA,n79,-94,-94,-10,24,-999,5.2
2026-05-28 11:33:23.032,2026-05-28 11:48:09.167,22.6668419,114.5165773,100.0,10.0,0.01,137.6,17.2,17.1,1776.4,2125.23,10.0,2.0,2.5,NR5G-SA,n79,-92,-92,-10,24,-999,8.8
2026-05-28 11:33:23.233,2026-05-28 11:48:09.567,22.6668251,114.5165937,100.0,10.0,0.01,137.4,17.2,17.7,1777.4,2127.74,10.0,2.0,2.5,NR5G-SA,n79,-92,-92,-10,24,-999,14.8
2026-05-28 11:33:23.433,2026-05-28 11:48:09.767,22.6668251,114.5165937,100.0,10.0,-0.03,137.4,17.2,17.7,1777.4,2127.74,10.0,2.0,2.5,NR5G-SA,n79,-92,-92,-10,24,-999,10.0
2026-05-28 11:33:23.634,2026-05-28 11:48:09.967,22.6668084,114.5166101,100.0,10.1,-0.00,137.4,17.2,17.7,1778.3,2130.25,10.0,2.0,2.5,NR5G-SA,n79,-90,-90,-10,24,-999,5.6
2026-05-28 11:33:23.834,2026-05-28 11:48:10.167,22.6667916,114.5166264,100.0,10.0,0.02,137.5,0.0,17.7,1779.3,2132.76,10.0,2.0,2.5,NR5G-SA,n79,-90,-90,-10,24,-999,4.2
2026-05-28 11:33:24.034,2026-05-28 11:48:10.567,22.6667748,114.5166426,100.0,10.0,0.05,137.6,0.0,17.7,1780.2,2135.27,10.0,2.0,2.5,NR5G-SA,n79,-93,-93,-10,25,-999,6.2
2026-05-28 11:33:24.235,2026-05-28 11:48:10.567,22.6667580,114.5166587,100.0,10.0,0.01,137.6,0.0,17.7,1781.1,2137.76,10.0,2.0,2.5,NR5G-SA,n79,-93,-93,-10,25,-999,13.3
2026-05-28 11:33:24.435,2026-05-28 11:48:10.767,22.6667580,114.5166587,100.0,10.0,0.01,137.6,0.0,17.7,1781.1,2137.76,10.0,2.0,2.5,NR5G-SA,n79,-93,-93,-10,25,-999,9.1
2026-05-28 11:33:24.636,2026-05-28 11:48:10.967,22.6667412,114.5166748,100.0,10.0,0.03,137.7,0.0,17.7,1782.0,2140.26,10.0,2.0,2.5,NR5G-SA,n79,-92,-92,-11,25,-999,6.5
2026-05-28 11:33:24.836,2026-05-28 11:48:11.167,22.6667244,114.5166908,100.0,10.0,-0.02,137.7,20.8,17.7,1783.0,2142.75,10.0,2.0,2.5,NR5G-SA,n79,-92,-92,-11,25,-999,8.3
2026-05-28 11:33:25.036,2026-05-28 11:48:11.167,22.6667077,114.5167069,100.0,9.9,-0.02,137.6,20.8,17.7,1783.9,2145.24,10.0,2.0,2.5,NR5G-SA,n79,-92,-92,-11,25,-999,7.6
2026-05-28 11:33:25.237,2026-05-28 11:48:11.567,22.6666909,114.5167231,100.0,10.0,0.05,137.6,20.8,17.7,1784.9,2147.74,10.0,2.0,2.5,NR5G-SA,n79,-91,-91,-10,25,-999,5.7
2026-05-28 11:33:25.437,2026-05-28 11:48:11.767,22.6666909,114.5167231,100.0,10.0,0.05,137.6,20.8,17.4,1784.9,2147.74,10.0,2.0,2.5,NR5G-SA,n79,-91,-91,-10,25,-999,9.5
2026-05-28 11:33:25.637,2026-05-28 11:48:11.967,22.6666741,114.5167393,100.0,10.0,0.06,137.6,20.8,17.4,1785.8,2150.24,10.0,2.0,2.5,NR5G-SA,n79,-91,-91,-10,25,-999,6.2
2026-05-28 11:33:25.838,2026-05-28 11:48:12.167,22.6666574,114.5167556,100.0,10.0,0.05,137.8,39.9,17.4,1786.8,2152.75,10.0,2.0,2.5,NR5G-SA,n79,-91,-91,-10,24,-999,4.4
2026-05-28 11:33:26.038,2026-05-28 11:48:12.167,22.6666407,114.5167718,100.0,10.0,0.00,137.9,39.9,17.4,1787.7,2155.24,10.0,2.0,2.5,NR5G-SA,n79,-91,-91,-10,24,-999,6.9
2026-05-28 11:33:26.238,2026-05-28 11:48:12.567,22.6666238,114.5167880,100.0,10.0,-0.03,137.8,39.9,17.4,1788.7,2157.75,10.0,2.0,2.5,NR5G-SA,n79,-91,-91,-10,26,-999,9.6
2026-05-28 11:33:26.439,2026-05-28 11:48:12.767,22.6666238,114.5167880,100.0,10.0,-0.03,137.8,39.9,17.1,1788.7,2157.75,10.0,2.0,2.5,NR5G-SA,n79,-91,-91,-10,26,-999,9.8
2026-05-28 11:33:26.639,2026-05-28 11:48:12.967,22.6666069,114.5168043,100.0,10.0,-0.10,137.7,39.9,17.1,1789.6,2160.27,10.0,2.0,2.5,NR5G-SA,n79,-91,-91,-10,26,-999,6.3
2026-05-28 11:33:26.839,2026-05-28 11:48:13.167,22.6665900,114.5168205,100.0,10.0,-0.11,137.5,28.2,17.1,1790.6,2162.78,10.0,2.0,2.5,NR5G-SA,n79,-93,-93,-10,26,-999,5.4
2026-05-28 11:33:27.040,2026-05-28 11:48:13.567,22.6665733,114.5168368,100.0,10.1,-0.06,137.5,28.2,17.1,1791.6,2165.29,10.0,2.0,2.5,NR5G-SA,n79,-93,-93,-10,26,-999,5.3
2026-05-28 11:33:27.240,2026-05-28 11:48:13.567,22.6665565,114.5168532,100.0,10.0,-0.02,137.5,28.2,17.1,1792.6,2167.80,10.0,2.0,2.5,NR5G-SA,n79,-93,-93,-10,26,-999,13.1
2026-05-28 11:33:27.441,2026-05-28 11:48:13.767,22.6665565,114.5168532,100.0,10.0,-0.02,137.5,28.2,18.3,1792.6,2167.80,10.0,2.0,2.5,NR5G-SA,n79,-90,-90,-10,25,-999,8.4
2026-05-28 11:33:27.641,2026-05-28 11:48:13.967,22.6665398,114.5168695,100.0,10.0,0.03,137.8,28.2,18.3,1793.6,2170.30,10.0,2.0,2.5,NR5G-SA,n79,-90,-90,-10,25,-999,4.9
2026-05-28 11:33:27.842,2026-05-28 11:48:14.167,22.6665231,114.5168858,100.0,9.9,0.09,137.7,35.4,18.3,1794.6,2172.81,10.0,2.0,2.5,NR5G-SA,n79,-90,-90,-10,25,-999,5.4
2026-05-28 11:33:28.042,2026-05-28 11:48:14.567,22.6665064,114.5169020,100.0,10.0,0.06,137.5,35.4,18.3,1795.5,2175.30,10.0,2.0,2.5,NR5G-SA,n79,-90,-90,-10,24,-999,7.0
2026-05-28 11:33:28.242,2026-05-28 11:48:14.567,22.6664897,114.5169183,100.0,10.0,0.06,137.6,35.4,18.3,1796.5,2177.80,10.0,2.0,2.5,NR5G-SA,n79,-90,-90,-10,24,-999,14.5
2026-05-28 11:33:28.443,2026-05-28 11:48:14.767,22.6664897,114.5169183,100.0,10.0,0.06,137.6,35.4,17.9,1796.5,2177.80,10.0,2.0,2.5,NR5G-SA,n79,-90,-90,-10,24,-999,10.3
2026-05-28 11:33:28.643,2026-05-28 11:48:14.967,22.6664729,114.5169346,100.1,10.0,-0.02,137.8,35.4,17.9,1797.5,2180.31,10.0,2.0,2.5,NR5G-SA,n79,-90,-90,-10,24,-999,5.5
2026-05-28 11:33:28.844,2026-05-28 11:48:15.167,22.6664560,114.5169508,100.0,10.0,-0.05,137.9,34.3,17.9,1798.5,2182.83,10.0,2.0,2.5,NR5G-SA,n79,-90,-90,-10,24,-999,6.0
2026-05-28 11:33:29.044,2026-05-28 11:48:15.567,22.6664391,114.5169670,100.0,10.0,-0.06,137.9,34.3,17.9,1799.5,2185.34,10.0,2.0,2.5,NR5G-SA,n79,-90,-90,-10,24,-999,7.1
2026-05-28 11:33:29.245,2026-05-28 11:48:15.567,22.6664224,114.5169831,100.0,10.0,-0.05,137.7,34.3,17.9,1800.5,2187.83,10.0,2.0,2.5,NR5G-SA,n79,-90,-90,-10,24,-999,10.3
2026-05-28 11:33:29.445,2026-05-28 11:48:15.767,22.6664224,114.5169831,100.0,10.0,-0.05,137.7,34.3,19.9,1800.5,2187.83,10.0,2.0,2.5,NR5G-SA,n79,-90,-90,-10,24,-999,10.1
2026-05-28 11:33:29.645,2026-05-28 11:48:15.967,22.6664056,114.5169992,100.0,9.9,0.01,137.7,34.3,19.9,1801.5,2190.32,10.0,2.0,2.5,NR5G-SA,n79,-90,-90,-10,24,-999,6.5
2026-05-28 11:33:29.846,2026-05-28 11:48:16.167,22.6663888,114.5170153,100.0,9.9,0.02,137.7,27.2,19.9,1802.5,2192.82,10.0,2.0,2.5,NR5G-SA,n79,-90,-90,-10,24,-999,5.8
2026-05-28 11:33:30.046,2026-05-28 11:48:16.167,22.6663721,114.5170313,100.0,10.0,-0.00,137.9,27.2,19.9,1803.5,2195.30,10.0,2.0,2.5,NR5G-SA,n79,-90,-90,-10,24,-999,9.1
2026-05-28 11:33:30.246,2026-05-28 11:48:16.567,22.6663553,114.5170474,100.0,10.0,0.01,137.9,27.2,19.9,1804.4,2197.80,10.0,2.0,2.5,NR5G-SA,n79,-90,-90,-10,26,-999,7.8
2026-05-28 11:33:30.447,2026-05-28 11:48:16.767,22.6663553,114.5170474,100.0,10.0,0.01,137.9,27.2,22.0,1804.4,2197.80,10.0,2.0,2.5,NR5G-SA,n79,-90,-90,-10,26,-999,8.7
2026-05-28 11:33:30.647,2026-05-28 11:48:16.967,22.6663386,114.5170636,100.0,10.0,0.02,137.8,27.2,22.0,1805.5,2200.29,10.0,2.0,2.5,NR5G-SA,n79,-96,-96,-10,27,-999,4.9
2026-05-28 11:33:30.848,2026-05-28 11:48:17.167,22.6663218,114.5170799,100.0,10.0,-0.02,137.6,40.5,22.0,1806.5,2202.80,10.0,2.0,2.5,NR5G-SA,n79,-96,-96,-10,27,-999,3.5
2026-05-28 11:33:31.048,2026-05-28 11:48:17.167,22.6663051,114.5170963,100.0,10.0,-0.05,137.5,40.5,22.0,1807.5,2205.31,10.0,2.0,2.5,NR5G-SA,n79,-96,-96,-10,27,-999,5.8
2026-05-28 11:33:31.249,2026-05-28 11:48:17.567,22.6662885,114.5171127,100.0,9.9,-0.05,137.6,40.5,22.0,1808.6,2207.81,10.0,2.0,2.5,NR5G-SA,n79,-93,-93,-10,26,-999,7.7
2026-05-28 11:33:31.449,2026-05-28 11:48:17.767,22.6662885,114.5171127,100.0,9.9,-0.05,137.6,40.5,22.6,1808.6,2207.81,10.0,2.0,2.5,NR5G-SA,n79,-93,-93,-10,26,-999,8.2
2026-05-28 11:33:31.649,2026-05-28 11:48:17.967,22.6662717,114.5171290,100.0,10.0,-0.06,137.6,40.5,22.6,1809.6,2210.32,10.0,2.0,2.5,NR5G-SA,n79,-93,-93,-10,26,-999,6.5
2026-05-28 11:33:31.850,2026-05-28 11:48:18.167,22.6662549,114.5171452,100.0,10.0,-0.03,137.7,20.6,22.6,1810.6,2212.82,10.0,2.0,2.5,NR5G-SA,n79,-94,-94,-10,26,-999,6.9
2026-05-28 11:33:32.050,2026-05-28 11:48:18.567,22.6662380,114.5171613,100.0,10.0,-0.02,137.7,20.6,22.6,1811.6,2215.33,10.0,2.0,2.5,NR5G-SA,n79,-94,-94,-10,26,-999,5.8
2026-05-28 11:33:32.251,2026-05-28 11:48:18.567,22.6662212,114.5171774,100.0,10.0,0.01,137.8,20.6,22.6,1812.6,2217.83,10.0,2.0,2.5,NR5G-SA,n79,-94,-94,-10,26,-999,7.6
2026-05-28 11:33:32.451,2026-05-28 11:48:18.767,22.6662212,114.5171774,100.0,10.0,0.01,137.8,20.6,23.8,1812.6,2217.83,10.0,2.0,2.5,NR5G-SA,n79,-99,-99,-10,24,-999,10.9
2026-05-28 11:33:32.651,2026-05-28 11:48:18.967,22.6662045,114.5171936,100.0,9.9,-0.00,137.8,20.6,23.8,1813.7,2220.32,10.0,2.0,2.5,NR5G-SA,n79,-99,-99,-10,24,-999,7.3
2026-05-28 11:33:32.852,2026-05-28 11:48:19.167,22.6661878,114.5172097,100.0,10.0,0.02,137.8,0.0,23.8,1814.7,2222.81,10.0,2.0,2.5,NR5G-SA,n79,-97,-97,-10,23,-999,5.8
2026-05-28 11:33:33.052,2026-05-28 11:48:19.567,22.6661710,114.5172259,100.0,10.0,-0.01,137.7,0.0,23.8,1815.7,2225.31,10.0,2.0,2.5,NR5G-SA,n79,-97,-97,-10,23,-999,6.0
2026-05-28 11:33:33.253,2026-05-28 11:48:19.567,22.6661543,114.5172422,100.0,9.9,0.02,137.7,0.0,23.8,1816.8,2227.81,10.0,2.0,2.5,NR5G-SA,n79,-97,-97,-10,23,-999,7.9
2026-05-28 11:33:33.453,2026-05-28 11:48:19.767,22.6661543,114.5172422,100.0,9.9,0.02,137.7,0.0,23.8,1816.8,2227.81,10.0,2.0,2.5,NR5G-SA,n79,-98,-98,-10,23,-999,8.0
2026-05-28 11:33:33.653,2026-05-28 11:48:19.967,22.6661376,114.5172584,100.0,10.0,0.00,137.7,0.0,25.6,1817.8,2230.31,10.0,2.0,2.5,NR5G-SA,n79,-98,-98,-10,23,-999,6.1
2026-05-28 11:33:33.853,2026-05-28 11:48:20.167,22.6661208,114.5172745,100.0,10.0,0.02,137.8,10.1,25.6,1818.9,2232.81,10.0,2.0,2.5,NR5G-SA,n79,-98,-98,-10,23,-999,4.8
2026-05-28 11:33:34.054,2026-05-28 11:48:20.567,22.6661040,114.5172905,100.0,10.0,0.07,137.9,10.1,25.6,1819.9,2235.30,10.0,2.0,2.5,NR5G-SA,n79,-96,-96,-10,23,-999,6.0
2026-05-28 11:33:34.254,2026-05-28 11:48:20.567,22.6660872,114.5173065,100.0,9.9,0.01,137.8,10.1,25.6,1820.9,2237.78,10.0,2.0,2.5,NR5G-SA,n79,-96,-96,-10,23,-999,9.5
2026-05-28 11:33:34.455,2026-05-28 11:48:20.767,22.6660872,114.5173065,100.0,9.9,0.01,137.8,10.1,25.6,1820.9,2237.78,10.0,2.0,2.5,NR5G-SA,n79,-96,-96,-10,23,-999,9.6
2026-05-28 11:33:34.655,2026-05-28 11:48:20.967,22.6660705,114.5173225,100.0,9.9,0.07,137.8,10.1,26.9,1822.0,2240.27,10.0,2.0,2.5,NR5G-SA,n79,-94,-94,-10,23,-999,6.7
2026-05-28 11:33:34.855,2026-05-28 11:48:21.167,22.6660537,114.5173387,100.0,10.0,0.02,137.6,0.0,26.9,1823.0,2242.77,10.0,2.0,2.5,NR5G-SA,n79,-94,-94,-10,23,-999,4.9
2026-05-28 11:33:35.056,2026-05-28 11:48:21.567,22.6660370,114.5173549,100.0,10.0,0.01,137.6,0.0,26.9,1824.1,2245.26,10.0,2.0,2.5,NR5G-SA,n79,-94,-94,-10,23,-999,5.8
2026-05-28 11:33:35.257,2026-05-28 11:48:21.567,22.6660203,114.5173711,100.0,10.0,-0.01,137.7,0.0,26.9,1825.2,2247.76,10.0,2.0,2.5,NR5G-SA,n79,-96,-96,-10,24,-999,9.1
2026-05-28 11:33:35.457,2026-05-28 11:48:21.767,22.6660203,114.5173711,100.0,10.0,-0.01,137.7,0.0,26.9,1825.2,2247.76,10.0,2.0,2.5,NR5G-SA,n79,-96,-96,-10,24,-999,10.7
2026-05-28 11:33:35.658,2026-05-28 11:48:21.967,22.6660035,114.5173872,100.0,9.9,0.03,137.6,0.0,28.9,1826.2,2250.26,10.0,2.0,2.5,NR5G-SA,n79,-96,-96,-10,24,-999,7.0
2026-05-28 11:33:35.858,2026-05-28 11:48:22.167,22.6659868,114.5174032,100.0,9.9,0.02,137.5,1.7,28.9,1827.3,2252.74,10.0,2.0,2.5,NR5G-SA,n79,-96,-96,-10,24,-999,5.8
2026-05-28 11:33:36.059,2026-05-28 11:48:22.567,22.6659701,114.5174193,100.0,10.0,-0.02,137.3,1.7,28.9,1828.3,2255.23,10.0,2.0,2.5,NR5G-SA,n79,-96,-96,-10,24,-999,5.8
2026-05-28 11:33:36.259,2026-05-28 11:48:22.567,22.6659535,114.5174356,100.0,10.0,-0.06,137.1,1.7,28.9,1829.4,2257.72,10.0,2.0,2.5,NR5G-SA,n79,-96,-96,-10,23,-999,7.9
2026-05-28 11:33:36.460,2026-05-28 11:48:22.767,22.6659535,114.5174356,100.0,10.0,-0.06,137.1,1.7,28.9,1829.4,2257.72,10.0,2.0,2.5,NR5G-SA,n79,-96,-96,-10,23,-999,8.6
2026-05-28 11:33:36.660,2026-05-28 11:48:22.967,22.6659368,114.5174520,100.0,10.0,-0.02,137.1,1.7,29.2,1830.5,2260.23,10.0,2.0,2.5,NR5G-SA,n79,-96,-96,-10,23,-999,6.3
2026-05-28 11:33:36.860,2026-05-28 11:48:23.167,22.6659201,114.5174684,100.0,10.0,-0.01,137.2,0.0,29.2,1831.6,2262.74,10.0,2.0,2.5,NR5G-SA,n79,-96,-96,-10,23,-999,5.9
2026-05-28 11:33:37.061,2026-05-28 11:48:23.567,22.6659034,114.5174847,100.0,10.0,-0.01,137.1,0.0,29.2,1832.7,2265.24,10.0,2.0,2.5,NR5G-SA,n79,-96,-96,-10,23,-999,5.3
2026-05-28 11:33:37.261,2026-05-28 11:48:23.567,22.6658868,114.5175009,100.0,10.0,-0.02,136.9,0.0,29.2,1833.8,2267.73,10.0,2.0,2.5,NR5G-SA,n79,-96,-96,-10,23,-999,10.8
2026-05-28 11:33:37.462,2026-05-28 11:48:23.767,22.6658868,114.5175009,100.0,10.0,-0.02,136.9,0.0,29.2,1833.8,2267.73,10.0,2.0,2.5,NR5G-SA,n79,-94,-94,-10,24,-999,12.4
2026-05-28 11:33:37.662,2026-05-28 11:48:23.967,22.6658702,114.5175170,100.0,9.9,0.07,137.0,0.0,27.6,1834.9,2270.21,10.0,2.0,2.5,NR5G-SA,n79,-94,-94,-10,24,-999,6.2
2026-05-28 11:33:37.862,2026-05-28 11:48:24.167,22.6658534,114.5175331,100.0,10.0,-0.00,136.9,13.3,27.6,1836.0,2272.70,10.0,2.0,2.5,NR5G-SA,n79,-94,-94,-10,24,-999,5.0
2026-05-28 11:33:38.063,2026-05-28 11:48:24.567,22.6658367,114.5175493,100.0,10.0,-0.02,137.0,13.3,27.6,1837.1,2275.20,10.0,2.0,2.5,NR5G-SA,n79,-94,-94,-10,24,-999,4.8
2026-05-28 11:33:38.263,2026-05-28 11:48:24.567,22.6658200,114.5175655,100.0,10.0,0.16,137.1,13.3,27.6,1838.2,2277.69,10.0,2.0,2.5,NR5G-SA,n79,-94,-94,-10,24,-999,6.9
2026-05-28 11:33:38.464,2026-05-28 11:48:24.767,22.6658200,114.5175655,100.0,10.0,0.16,137.1,13.3,27.6,1838.2,2277.69,10.0,2.0,2.5,NR5G-SA,n79,-97,-97,-10,23,-999,9.7
2026-05-28 11:33:38.664,2026-05-28 11:48:24.967,22.6658034,114.5175817,100.0,9.9,0.02,136.9,13.3,27.5,1839.3,2280.18,10.0,2.0,2.5,NR5G-SA,n79,-97,-97,-10,23,-999,5.6
2026-05-28 11:33:38.865,2026-05-28 11:48:25.167,22.6657866,114.5175978,100.0,9.9,0.07,136.8,50.2,27.5,1840.4,2282.68,10.0,2.0,2.5,NR5G-SA,n79,-97,-97,-10,23,-999,7.1
2026-05-28 11:33:39.065,2026-05-28 11:48:25.567,22.6657697,114.5176137,100.0,10.0,0.09,137.2,50.2,27.5,1841.4,2285.17,10.0,2.0,2.5,NR5G-SA,n79,-97,-97,-10,23,-999,7.6
2026-05-28 11:33:39.265,2026-05-28 11:48:25.567,22.6657527,114.5176295,100.0,9.9,0.06,137.4,50.2,27.5,1842.5,2287.66,10.0,2.0,2.5,NR5G-SA,n79,-97,-97,-10,23,-999,7.2
2026-05-28 11:33:39.466,2026-05-28 11:48:25.767,22.6657527,114.5176295,100.0,9.9,0.06,137.4,50.2,27.5,1842.5,2287.66,10.0,2.0,2.5,NR5G-SA,n79,-97,-97,-10,23,-999,9.6
2026-05-28 11:33:39.666,2026-05-28 11:48:25.967,22.6657356,114.5176454,100.0,10.0,0.04,137.7,50.2,25.4,1843.6,2290.17,10.0,2.0,2.5,NR5G-SA,n79,-94,-94,-10,23,-999,7.3
2026-05-28 11:33:39.867,2026-05-28 11:48:26.167,22.6657186,114.5176614,100.0,10.0,-0.03,137.7,50.2,25.4,1844.7,2292.67,10.0,2.0,2.5,NR5G-SA,n79,-94,-94,-10,23,-999,4.4
2026-05-28 11:33:40.067,2026-05-28 11:48:26.567,22.6657016,114.5176776,100.0,10.1,0.01,137.8,38.3,25.4,1845.8,2295.19,10.0,2.0,2.5,NR5G-SA,n79,-94,-94,-10,23,-999,8.4
2026-05-28 11:33:40.267,2026-05-28 11:48:26.567,22.6656847,114.5176940,100.0,10.1,-0.01,138.0,38.3,25.4,1846.9,2297.72,10.0,2.0,2.5,NR5G-SA,n79,-94,-94,-10,23,-999,6.2
2026-05-28 11:33:40.468,2026-05-28 11:48:26.767,22.6656847,114.5176940,100.0,10.1,-0.01,138.0,38.3,25.4,1846.9,2297.72,10.0,2.0,2.5,NR5G-SA,n79,-94,-94,-10,23,-999,9.3
2026-05-28 11:33:40.668,2026-05-28 11:48:26.967,22.6656678,114.5177104,100.0,10.0,-0.00,138.1,38.3,25.4,1848.0,2300.25,10.0,2.0,2.5,NR5G-SA,n79,-98,-98,-10,25,-999,4.8
2026-05-28 11:33:40.869,2026-05-28 11:48:27.167,22.6656511,114.5177266,100.0,10.1,-0.04,138.1,0.0,22.4,1849.2,2302.74,10.0,2.0,2.5,NR5G-SA,n79,-98,-98,-10,25,-999,5.3
2026-05-28 11:33:41.069,2026-05-28 11:48:27.567,22.6656343,114.5177428,100.0,10.0,-0.07,138.1,0.0,22.4,1850.3,2305.24,10.0,2.0,2.5,NR5G-SA,n79,-98,-98,-10,25,-999,5.0
2026-05-28 11:33:41.270,2026-05-28 11:48:27.767,22.6656176,114.5177590,100.0,10.0,0.00,138.0,0.0,22.4,1851.4,2307.74,10.0,2.0,2.5,NR5G-SA,n79,-93,-93,-10,24,-999,4.2
2026-05-28 11:33:41.470,2026-05-28 11:48:27.767,22.6656176,114.5177590,100.0,10.0,0.00,138.0,0.0,22.4,1851.4,2307.74,10.0,2.0,2.5,NR5G-SA,n79,-93,-93,-10,24,-999,14.5
2026-05-28 11:33:41.670,2026-05-28 11:48:27.967,22.6656009,114.5177753,100.0,10.0,0.04,138.0,0.0,22.4,1852.6,2310.24,10.0,2.0,2.5,NR5G-SA,n79,-93,-93,-10,24,-999,6.5
2026-05-28 11:33:41.870,2026-05-28 11:48:28.167,22.6655843,114.5177915,100.0,10.0,0.00,137.9,31.2,22.3,1853.7,2312.73,10.0,2.0,2.5,NR5G-SA,n79,-96,-96,-10,24,-999,6.0
2026-05-28 11:33:42.071,2026-05-28 11:48:28.567,22.6655675,114.5178079,100.0,10.0,-0.01,138.0,31.2,22.3,1854.9,2315.24,10.0,2.0,2.5,NR5G-SA,n79,-96,-96,-10,24,-999,5.6
2026-05-28 11:33:42.271,2026-05-28 11:48:28.567,22.6655507,114.5178240,100.0,10.0,0.02,138.1,31.2,22.3,1856.0,2317.74,10.0,2.0,2.5,NR5G-SA,n79,-93,-93,-10,23,-999,7.9
2026-05-28 11:33:42.471,2026-05-28 11:48:28.767,22.6655507,114.5178240,100.0,10.0,0.02,138.1,31.2,22.3,1856.0,2317.74,10.0,2.0,2.5,NR5G-SA,n79,-93,-93,-10,23,-999,13.7
2026-05-28 11:33:42.672,2026-05-28 11:48:28.967,22.6655338,114.5178401,100.0,10.0,0.08,138.2,31.2,22.3,1857.1,2320.25,10.0,2.0,2.5,NR5G-SA,n79,-93,-93,-10,23,-999,6.1
2026-05-28 11:33:42.873,2026-05-28 11:48:29.167,22.6655171,114.5178563,100.0,10.0,-0.03,138.3,50.2,23.5,1858.3,2322.74,10.0,2.0,2.5,NR5G-SA,n79,-98,-98,-10,24,-999,5.8
2026-05-28 11:33:43.073,2026-05-28 11:48:29.567,22.6655003,114.5178725,100.0,10.0,-0.07,138.1,50.2,23.5,1859.4,2325.24,10.0,2.0,2.5,NR5G-SA,n79,-98,-98,-10,24,-999,7.3
2026-05-28 11:33:43.273,2026-05-28 11:48:29.567,22.6654836,114.5178887,100.0,10.0,-0.06,137.9,50.2,23.5,1860.6,2327.74,10.0,2.0,2.5,NR5G-SA,n79,-98,-98,-10,24,-999,9.1
2026-05-28 11:33:43.474,2026-05-28 11:48:29.767,22.6654836,114.5178887,100.0,10.0,-0.06,137.9,50.2,23.5,1860.6,2327.74,10.0,2.0,2.5,NR5G-SA,n79,-93,-93,-10,25,-999,11.6
2026-05-28 11:33:43.674,2026-05-28 11:48:29.967,22.6654669,114.5179051,100.0,10.0,-0.01,137.8,50.2,23.5,1861.8,2330.25,10.0,2.0,2.5,NR5G-SA,n79,-93,-93,-10,25,-999,5.5
2026-05-28 11:33:43.874,2026-05-28 11:48:30.167,22.6654500,114.5179215,100.0,10.0,-0.01,137.8,0.0,22.2,1862.9,2332.77,10.0,2.0,2.5,NR5G-SA,n79,-93,-93,-10,25,-999,6.8
2026-05-28 11:33:44.075,2026-05-28 11:48:30.567,22.6654332,114.5179380,100.0,10.1,-0.00,137.8,0.0,22.2,1864.1,2335.30,10.0,2.0,2.5,NR5G-SA,n79,-93,-93,-10,24,-999,5.6
2026-05-28 11:33:44.275,2026-05-28 11:48:30.567,22.6654165,114.5179543,100.0,10.0,0.02,137.9,0.0,22.2,1865.3,2337.80,10.0,2.0,2.5,NR5G-SA,n79,-93,-93,-10,24,-999,9.9
2026-05-28 11:33:44.476,2026-05-28 11:48:30.767,22.6654165,114.5179543,100.0,10.0,0.02,137.9,0.0,22.2,1865.3,2337.80,10.0,2.0,2.5,NR5G-SA,n79,-97,-97,-10,24,-999,10.3
2026-05-28 11:33:44.676,2026-05-28 11:48:30.967,22.6653998,114.5179705,100.0,10.0,0.05,138.1,0.0,22.2,1866.5,2340.29,10.0,2.0,2.5,NR5G-SA,n79,-97,-97,-10,24,-999,6.5
2026-05-28 11:33:44.877,2026-05-28 11:48:31.167,22.6653830,114.5179866,100.0,10.0,-0.02,138.1,0.0,22.1,1867.6,2342.79,10.0,2.0,2.5,NR5G-SA,n79,-97,-97,-10,24,-999,6.6
2026-05-28 11:33:45.077,2026-05-28 11:48:31.567,22.6653661,114.5180027,100.0,10.0,-0.04,138.0,50.4,22.1,1868.8,2345.30,10.0,2.0,2.5,NR5G-SA,n79,-95,-95,-10,23,-999,5.1
2026-05-28 11:33:45.277,2026-05-28 11:48:31.567,22.6653493,114.5180189,100.0,9.9,-0.01,138.0,50.4,22.1,1869.9,2347.80,10.0,2.0,2.5,NR5G-SA,n79,-95,-95,-10,23,-999,8.8
2026-05-28 11:33:45.478,2026-05-28 11:48:31.767,22.6653326,114.5180350,100.0,9.9,-0.01,138.0,50.4,22.1,1871.1,2350.29,10.0,2.0,2.5,NR5G-SA,n79,-95,-95,-10,23,-999,14.4
2026-05-28 11:33:45.678,2026-05-28 11:48:31.967,22.6653326,114.5180350,100.0,9.9,-0.01,138.0,50.4,22.1,1871.1,2350.29,10.0,2.0,2.5,NR5G-SA,n79,-90,-90,-10,23,-999,6.4
2026-05-28 11:33:45.878,2026-05-28 11:48:32.167,22.6653158,114.5180512,100.0,10.0,-0.01,137.9,0.0,22.0,1872.3,2352.79,10.0,2.0,2.5,NR5G-SA,n79,-90,-90,-10,23,-999,5.5
2026-05-28 11:33:46.079,2026-05-28 11:48:32.567,22.6652991,114.5180673,100.0,10.0,-0.01,137.9,0.0,22.0,1873.5,2355.28,10.0,2.0,2.5,NR5G-SA,n79,-90,-90,-10,23,-999,5.5
2026-05-28 11:33:46.279,2026-05-28 11:48:32.767,22.6652822,114.5180836,100.0,9.9,0.01,138.0,0.0,22.0,1874.6,2357.80,10.0,2.0,2.5,NR5G-SA,n79,-90,-90,-10,23,-999,7.3
2026-05-28 11:33:46.480,2026-05-28 11:48:32.767,22.6652655,114.5180997,100.0,9.9,0.01,137.9,0.0,22.0,1875.8,2360.29,10.0,2.0,2.5,NR5G-SA,n79,-90,-90,-10,23,-999,13.2
2026-05-28 11:33:46.680,2026-05-28 11:48:32.967,22.6652655,114.5180997,100.0,9.9,0.01,137.9,0.0,22.0,1875.8,2360.29,10.0,2.0,2.5,NR5G-SA,n79,-90,-90,-10,23,-999,4.8
2026-05-28 11:33:46.881,2026-05-28 11:48:33.167,22.6652487,114.5181159,100.0,10.0,-0.03,137.9,0.0,21.0,1877.0,2362.79,10.0,2.0,2.5,NR5G-SA,n79,-95,-95,-10,23,-999,5.1
2026-05-28 11:33:47.081,2026-05-28 11:48:33.567,22.6652319,114.5181321,100.0,10.0,-0.01,138.0,16.2,21.0,1878.2,2365.29,10.0,2.0,2.5,NR5G-SA,n79,-94,-94,-10,23,-999,6.2
2026-05-28 11:33:47.281,2026-05-28 11:48:33.567,22.6652150,114.5181483,100.0,10.0,-0.02,138.0,16.2,21.0,1879.4,2367.80,10.0,2.0,2.5,NR5G-SA,n79,-95,-95,-10,23,-999,9.8
2026-05-28 11:33:47.482,2026-05-28 11:48:33.767,22.6651983,114.5181644,100.0,10.0,-0.02,138.1,16.2,21.0,1880.6,2370.29,10.0,2.0,2.5,NR5G-SA,n79,-95,-95,-10,23,-999,12.7
2026-05-28 11:33:47.682,2026-05-28 11:48:33.967,22.6651983,114.5181644,100.0,10.0,0.00,138.1,16.2,21.0,1880.6,2370.29,10.0,2.0,2.5,NR5G-SA,n79,-95,-95,-10,23,-999,7.1
2026-05-28 11:33:47.882,2026-05-28 11:48:34.167,22.6651815,114.5181806,100.0,9.9,0.03,138.1,16.2,18.6,1881.8,2372.80,10.0,2.0,2.5,NR5G-SA,n79,-92,-92,-10,22,-999,6.3
2026-05-28 11:33:48.083,2026-05-28 11:48:34.567,22.6651648,114.5181968,100.0,9.9,0.00,138.1,12.5,18.6,1883.0,2375.29,10.0,2.0,2.5,NR5G-SA,n79,-92,-92,-10,22,-999,5.8
2026-05-28 11:33:48.283,2026-05-28 11:48:34.767,22.6651480,114.5182131,100.0,10.0,-0.01,138.0,12.5,18.6,1884.2,2377.80,10.0,2.0,2.5,NR5G-SA,n79,-92,-92,-10,22,-999,4.7
2026-05-28 11:33:48.483,2026-05-28 11:48:34.767,22.6651312,114.5182293,100.0,10.0,-0.01,138.1,12.5,18.6,1885.4,2380.30,10.0,2.0,2.5,NR5G-SA,n79,-97,-97,-10,22,-999,12.6
2026-05-28 11:33:48.684,2026-05-28 11:48:34.967,22.6651312,114.5182293,100.0,10.0,-0.01,138.1,12.5,18.6,1885.4,2380.30,10.0,2.0,2.5,NR5G-SA,n79,-97,-97,-10,22,-999,6.7
2026-05-28 11:33:48.884,2026-05-28 11:48:35.167,22.6651144,114.5182454,100.0,10.0,0.00,138.1,12.5,17.7,1886.6,2382.80,10.0,2.0,2.5,NR5G-SA,n79,-95,-95,-10,22,-999,5.9
2026-05-28 11:33:49.085,2026-05-28 11:48:35.567,22.6650976,114.5182615,100.0,10.0,0.02,138.2,0.0,17.7,1887.8,2385.30,10.0,2.0,2.5,NR5G-SA,n79,-95,-95,-10,22,-999,5.4
2026-05-28 11:33:49.285,2026-05-28 11:48:35.567,22.6650808,114.5182777,100.0,10.0,-0.04,138.1,0.0,17.7,1889.0,2387.80,10.0,2.0,2.5,NR5G-SA,n79,-95,-95,-10,22,-999,8.1
2026-05-28 11:33:49.485,2026-05-28 11:48:35.767,22.6650640,114.5182938,100.0,10.0,-0.04,138.1,0.0,17.7,1890.2,2390.30,10.0,2.0,2.5,NR5G-SA,n79,-95,-95,-10,22,-999,9.8
2026-05-28 11:33:49.686,2026-05-28 11:48:35.967,22.6650640,114.5182938,100.0,10.0,-0.04,138.1,0.0,17.7,1890.2,2390.30,10.0,2.0,2.5,NR5G-SA,n79,-95,-95,-10,22,-999,6.1
2026-05-28 11:33:49.886,2026-05-28 11:48:36.167,22.6650472,114.5183101,100.0,9.9,0.03,138.2,0.0,17.7,1891.4,2392.81,10.0,2.0,2.5,NR5G-SA,n79,-95,-95,-10,22,-999,6.5
2026-05-28 11:33:50.087,2026-05-28 11:48:36.567,22.6650304,114.5183263,100.0,9.9,0.04,138.4,4.5,16.7,1892.6,2395.31,10.0,2.0,2.5,NR5G-SA,n79,-96,-96,-10,22,-999,5.3
2026-05-28 11:33:50.287,2026-05-28 11:48:36.767,22.6650136,114.5183424,100.0,9.9,0.01,138.3,4.5,16.7,1893.9,2397.81,10.0,2.0,2.5,NR5G-SA,n79,-96,-96,-10,22,-999,5.7
2026-05-28 11:33:50.487,2026-05-28 11:48:36.767,22.6649969,114.5183585,100.0,9.9,0.02,138.3,4.5,16.7,1895.1,2400.30,10.0,2.0,2.5,NR5G-SA,n79,-96,-96,-10,22,-999,11.7
2026-05-28 11:33:50.688,2026-05-28 11:48:36.967,22.6649969,114.5183585,100.0,9.9,0.02,138.3,4.5,16.7,1895.1,2400.30,10.0,2.0,2.5,NR5G-SA,n79,-95,-95,-10,21,-999,6.5
2026-05-28 11:33:50.888,2026-05-28 11:48:37.167,22.6649802,114.5183747,100.0,10.0,-0.02,138.3,4.5,16.7,1896.3,2402.79,10.0,2.0,2.5,NR5G-SA,n79,-95,-95,-10,21,-999,7.1
2026-05-28 11:33:51.089,2026-05-28 11:48:37.567,22.6649634,114.5183910,100.0,10.0,-0.02,138.2,0.0,16.6,1897.5,2405.30,10.0,2.0,2.5,NR5G-SA,n79,-96,-96,-10,21,-999,4.7
2026-05-28 11:33:51.289,2026-05-28 11:48:37.767,22.6649467,114.5184073,100.0,10.0,0.00,138.0,0.0,16.6,1898.8,2407.80,10.0,2.0,2.5,NR5G-SA,n79,-96,-96,-10,21,-999,5.0
2026-05-28 11:33:51.490,2026-05-28 11:48:37.767,22.6649301,114.5184236,100.0,10.0,0.03,137.8,0.0,16.6,1900.0,2410.30,10.0,2.0,2.5,NR5G-SA,n79,-96,-96,-10,21,-999,12.5
2026-05-28 11:33:51.690,2026-05-28 11:48:37.967,22.6649301,114.5184236,100.0,10.0,0.03,137.8,0.0,16.6,1900.0,2410.30,10.0,2.0,2.5,NR5G-SA,n79,-97,-97,-10,21,-999,5.7
2026-05-28 11:33:51.890,2026-05-28 11:48:38.167,22.6649135,114.5184400,100.0,10.0,0.05,137.7,0.0,16.6,1901.3,2412.80,10.0,2.0,2.5,NR5G-SA,n79,-97,-97,-10,21,-999,5.1
2026-05-28 11:33:52.091,2026-05-28 11:48:38.567,22.6648968,114.5184563,100.0,10.0,-0.02,137.6,15.1,16.9,1902.6,2415.30,10.0,2.0,2.5,NR5G-SA,n79,-97,-97,-10,21,-999,5.6
2026-05-28 11:33:52.291,2026-05-28 11:48:38.767,22.6648802,114.5184726,100.0,10.0,0.04,137.7,15.1,16.9,1903.8,2417.79,10.0,2.0,2.5,NR5G-SA,n79,-98,-98,-10,21,-999,6.6
2026-05-28 11:33:52.491,2026-05-28 11:48:38.767,22.6648635,114.5184889,100.0,10.0,0.01,137.6,15.1,16.9,1905.1,2420.29,10.0,2.0,2.5,NR5G-SA,n79,-98,-98,-10,21,-999,10.3
2026-05-28 11:33:52.692,2026-05-28 11:48:38.967,22.6648635,114.5184889,100.0,10.0,0.01,137.6,15.1,16.9,1905.1,2420.29,10.0,2.0,2.5,NR5G-SA,n79,-98,-98,-10,21,-999,6.8
2026-05-28 11:33:52.892,2026-05-28 11:48:39.167,22.6648467,114.5185052,100.0,10.1,0.02,137.7,15.1,16.9,1906.3,2422.80,10.0,2.0,2.5,NR5G-SA,n79,-95,-95,-10,20,-999,7.1
2026-05-28 11:33:53.093,2026-05-28 11:48:39.567,22.6648299,114.5185215,100.0,10.0,0.03,137.9,42.7,17.4,1907.6,2425.31,10.0,2.0,2.5,NR5G-SA,n79,-95,-95,-10,20,-999,7.0
2026-05-28 11:33:53.293,2026-05-28 11:48:39.567,22.6648129,114.5185377,100.0,10.0,0.03,138.1,42.7,17.4,1908.8,2427.83,10.0,2.0,2.5,NR5G-SA,n79,-95,-95,-10,20,-999,7.6
2026-05-28 11:33:53.493,2026-05-28 11:48:39.767,22.6647959,114.5185539,100.0,10.0,-0.01,138.1,42.7,17.4,1910.1,2430.35,10.0,2.0,2.5,NR5G-SA,n79,-96,-96,-10,20,-999,8.8
2026-05-28 11:33:53.694,2026-05-28 11:48:39.967,22.6647959,114.5185539,100.0,10.0,-0.01,138.1,42.7,17.4,1910.1,2430.35,10.0,2.0,2.5,NR5G-SA,n79,-96,-96,-10,20,-999,6.8
2026-05-28 11:33:53.894,2026-05-28 11:48:40.167,22.6647791,114.5185700,100.0,10.0,-0.04,138.0,42.7,17.4,1911.3,2432.85,10.0,2.0,2.5,NR5G-SA,n79,-96,-96,-10,20,-999,6.1
2026-05-28 11:33:54.095,2026-05-28 11:48:40.567,22.6647623,114.5185861,100.0,10.0,-0.02,137.9,39.4,19.7,1912.6,2435.35,10.0,2.0,2.5,NR5G-SA,n79,-95,-95,-10,20,-999,5.2
2026-05-28 11:33:54.295,2026-05-28 11:48:40.767,22.6647456,114.5186023,100.0,9.9,-0.02,137.8,39.4,19.7,1913.9,2437.84,10.0,2.0,2.5,NR5G-SA,n79,-95,-95,-10,20,-999,5.4
2026-05-28 11:33:54.496,2026-05-28 11:48:40.767,22.6647288,114.5186185,100.0,9.9,-0.02,137.7,39.4,19.7,1915.1,2440.35,10.0,2.0,2.5,NR5G-SA,n79,-100,-100,-10,20,-999,11.3
2026-05-28 11:33:54.696,2026-05-28 11:48:40.967,22.6647288,114.5186185,100.0,9.9,-0.02,137.7,39.4,19.7,1915.1,2440.35,10.0,2.0,2.5,NR5G-SA,n79,-100,-100,-10,20,-999,6.4
2026-05-28 11:33:54.896,2026-05-28 11:48:41.167,22.6647122,114.5186347,100.0,9.9,-0.04,137.5,39.4,19.7,1916.4,2442.83,10.0,2.0,2.5,NR5G-SA,n79,-100,-100,-10,20,-999,5.6
2026-05-28 11:33:55.097,2026-05-28 11:48:41.567,22.6646956,114.5186508,100.0,10.0,0.02,137.5,37.7,20.3,1917.7,2445.31,10.0,2.0,2.5,NR5G-SA,n79,-96,-96,-10,18,-999,7.9
2026-05-28 11:33:55.297,2026-05-28 11:48:41.567,22.6646788,114.5186670,100.0,10.0,0.01,137.5,37.7,20.3,1918.9,2447.82,10.0,2.0,2.5,NR5G-SA,n79,-96,-96,-10,18,-999,8.6
2026-05-28 11:33:55.497,2026-05-28 11:48:41.767,22.6646619,114.5186833,100.0,10.0,-0.00,137.6,37.7,20.3,1920.2,2450.33,10.0,2.0,2.5,NR5G-SA,n79,-96,-96,-10,18,-999,8.2
2026-05-28 11:33:55.698,2026-05-28 11:48:41.967,22.6646619,114.5186833,100.0,10.0,-0.00,137.6,37.7,20.3,1920.2,2450.33,10.0,2.0,2.5,NR5G-SA,n79,-100,-100,-10,18,-999,9.6
2026-05-28 11:33:55.898,2026-05-28 11:48:42.167,22.6646450,114.5186996,100.0,10.0,-0.01,137.7,37.7,20.3,1921.5,2452.85,10.0,2.0,2.5,NR5G-SA,n79,-100,-100,-10,18,-999,6.1
2026-05-28 11:33:56.099,2026-05-28 11:48:42.567,22.6646283,114.5187158,100.0,10.0,-0.00,137.8,48.4,19.4,1922.8,2455.35,10.0,2.0,2.5,NR5G-SA,n79,-97,-97,-10,18,-999,6.3
2026-05-28 11:33:56.299,2026-05-28 11:48:42.767,22.6646115,114.5187320,100.0,10.0,-0.05,137.8,48.4,19.4,1924.1,2457.85,10.0,2.0,2.5,NR5G-SA,n79,-97,-97,-10,18,-999,6.4
2026-05-28 11:33:56.499,2026-05-28 11:48:42.767,22.6645947,114.5187482,100.0,10.0,-0.00,137.8,48.4,19.4,1925.3,2460.36,10.0,2.0,2.5,NR5G-SA,n79,-97,-97,-10,18,-999,8.0
2026-05-28 11:33:56.700,2026-05-28 11:48:42.967,22.6645947,114.5187482,100.0,10.0,-0.00,137.8,48.4,19.4,1925.3,2460.36,10.0,2.0,2.5,NR5G-SA,n79,-94,-94,-10,18,-999,9.6
2026-05-28 11:33:56.900,2026-05-28 11:48:43.167,22.6645779,114.5187643,100.0,10.0,-0.02,137.8,48.4,19.4,1926.6,2462.85,10.0,2.0,2.5,NR5G-SA,n79,-94,-94,-10,18,-999,9.7
2026-05-28 11:33:57.101,2026-05-28 11:48:43.567,22.6645610,114.5187806,100.0,10.0,0.02,137.8,31.5,21.0,1927.9,2465.37,10.0,2.0,2.5,NR5G-SA,n79,-94,-94,-10,18,-999,6.5
2026-05-28 11:33:57.301,2026-05-28 11:48:43.767,22.6645442,114.5187968,100.0,9.9,-0.02,137.8,31.5,21.0,1929.2,2467.87,10.0,2.0,2.5,NR5G-SA,n79,-94,-94,-10,18,-999,4.5
2026-05-28 11:33:57.502,2026-05-28 11:48:43.967,22.6645274,114.5188130,100.0,9.9,-0.00,137.9,31.5,21.0,1930.5,2470.38,10.0,2.0,2.5,NR5G-SA,n79,-94,-94,-10,18,-999,6.5
2026-05-28 11:33:57.702,2026-05-28 11:48:43.967,22.6645274,114.5188130,100.0,9.9,-0.00,137.9,31.5,21.0,1930.5,2470.38,10.0,2.0,2.5,NR5G-SA,n79,-94,-94,-10,18,-999,9.4
2026-05-28 11:33:57.902,2026-05-28 11:48:44.167,22.6645107,114.5188291,100.0,10.0,-0.00,137.9,31.5,21.0,1931.8,2472.87,10.0,2.0,2.5,NR5G-SA,n79,-97,-97,-10,18,-999,11.0
2026-05-28 11:33:58.103,2026-05-28 11:48:44.567,22.6644940,114.5188453,100.0,10.0,0.03,137.9,37.9,22.5,1933.1,2475.36,10.0,2.0,2.5,NR5G-SA,n79,-97,-97,-10,18,-999,5.5
2026-05-28 11:33:58.303,2026-05-28 11:48:44.767,22.6644774,114.5188615,100.0,10.0,-0.07,137.8,37.9,22.5,1934.4,2477.85,10.0,2.0,2.5,NR5G-SA,n79,-97,-97,-10,18,-999,6.4
2026-05-28 11:33:58.503,2026-05-28 11:48:44.767,22.6644607,114.5188777,100.0,9.9,-0.04,137.7,37.9,22.5,1935.7,2480.34,10.0,2.0,2.5,NR5G-SA,n79,-97,-97,-10,18,-999,10.3
2026-05-28 11:33:58.704,2026-05-28 11:48:44.967,22.6644607,114.5188777,100.0,9.9,-0.04,137.7,37.9,22.5,1935.7,2480.34,10.0,2.0,2.5,NR5G-SA,n79,-97,-97,-10,18,-999,10.8
2026-05-28 11:33:58.904,2026-05-28 11:48:45.167,22.6644441,114.5188938,100.0,10.0,0.01,137.7,37.9,22.5,1937.0,2482.82,10.0,2.0,2.5,NR5G-SA,n79,-94,-94,-10,17,-999,6.9
2026-05-28 11:33:59.105,2026-05-28 11:48:45.567,22.6644273,114.5189101,100.0,10.0,0.07,137.8,24.0,22.5,1938.3,2485.33,10.0,2.0,2.5,NR5G-SA,n79,-94,-94,-10,17,-999,5.9
2026-05-28 11:33:59.305,2026-05-28 11:48:45.767,22.6644104,114.5189263,100.0,10.0,0.08,137.8,24.0,21.0,1939.6,2487.84,10.0,2.0,2.5,NR5G-SA,n79,-94,-94,-10,17,-999,5.8
2026-05-28 11:33:59.505,2026-05-28 11:48:45.767,22.6643935,114.5189425,100.0,10.0,0.04,137.7,24.0,21.0,1940.9,2490.36,10.0,2.0,2.5,NR5G-SA,n79,-97,-97,-10,16,-999,9.8
2026-05-28 11:33:59.706,2026-05-28 11:48:45.967,22.6643935,114.5189425,100.0,10.0,0.04,137.7,24.0,21.0,1940.9,2490.36,10.0,2.0,2.5,NR5G-SA,n79,-97,-97,-10,16,-999,10.6
2026-05-28 11:33:59.906,2026-05-28 11:48:46.167,22.6643767,114.5189587,100.0,10.0,0.05,137.8,24.0,21.0,1942.2,2492.86,10.0,2.0,2.5,NR5G-SA,n79,-97,-97,-10,16,-999,9.9
2026-05-28 11:34:00.107,2026-05-28 11:48:46.567,22.6643597,114.5189749,100.0,10.0,0.02,137.8,42.0,21.0,1943.6,2495.38,10.0,2.0,2.5,NR5G-SA,n79,-97,-97,-10,17,-999,6.1
2026-05-28 11:34:00.307,2026-05-28 11:48:46.767,22.6643429,114.5189910,100.0,10.1,-0.02,137.9,42.0,22.7,1944.9,2497.88,10.0,2.0,2.5,NR5G-SA,n79,-97,-97,-10,17,-999,5.8
2026-05-28 11:34:00.508,2026-05-28 11:48:46.767,22.6643261,114.5190072,100.0,10.0,-0.01,137.9,42.0,22.7,1946.2,2500.38,10.0,2.0,2.5,NR5G-SA,n79,-94,-94,-10,17,-999,10.8
2026-05-28 11:34:00.708,2026-05-28 11:48:46.967,22.6643261,114.5190072,100.0,10.0,-0.01,137.9,42.0,22.7,1946.2,2500.38,10.0,2.0,2.5,NR5G-SA,n79,-94,-94,-10,17,-999,11.4
2026-05-28 11:34:00.908,2026-05-28 11:48:47.167,22.6643092,114.5190235,100.0,10.0,-0.04,138.1,42.0,22.7,1947.5,2502.90,10.0,2.0,2.5,NR5G-SA,n79,-94,-94,-10,17,-999,8.3
2026-05-28 11:34:01.109,2026-05-28 11:48:47.567,22.6642924,114.5190397,100.0,10.0,-0.03,138.1,15.6,22.7,1948.8,2505.40,10.0,2.0,2.5,NR5G-SA,n79,-100,-100,-10,17,-999,4.9
2026-05-28 11:34:01.310,2026-05-28 11:48:47.767,22.6642756,114.5190560,100.0,10.0,0.03,138.1,15.6,23.6,1950.2,2507.91,10.0,2.0,2.5,NR5G-SA,n79,-100,-100,-10,17,-999,5.1
2026-05-28 11:34:01.510,2026-05-28 11:48:47.767,22.6642588,114.5190722,100.0,9.9,-0.00,138.1,15.6,23.6,1951.5,2510.41,10.0,2.0,2.5,NR5G-SA,n79,-100,-100,-10,17,-999,7.9
2026-05-28 11:34:01.710,2026-05-28 11:48:47.967,22.6642588,114.5190722,100.0,9.9,-0.00,138.1,15.6,23.6,1951.5,2510.41,10.0,2.0,2.5,NR5G-SA,n79,-100,-100,-10,16,-999,10.7
2026-05-28 11:34:01.911,2026-05-28 11:48:48.167,22.6642420,114.5190884,100.0,10.0,0.00,138.1,15.6,23.6,1952.8,2512.92,10.0,2.0,2.5,NR5G-SA,n79,-100,-100,-10,16,-999,9.1
2026-05-28 11:34:02.111,2026-05-28 11:48:48.567,22.6642252,114.5191046,100.0,10.0,-0.02,138.1,0.0,23.6,1954.2,2515.42,10.0,2.0,2.5,NR5G-SA,n79,-100,-100,-10,16,-999,6.3
2026-05-28 11:34:02.312,2026-05-28 11:48:48.767,22.6642084,114.5191208,100.0,10.0,-0.00,138.2,0.0,22.7,1955.5,2517.92,10.0,2.0,2.5,NR5G-SA,n79,-95,-95,-10,17,-999,8.3
2026-05-28 11:34:02.512,2026-05-28 11:48:48.767,22.6641916,114.5191369,100.0,10.0,-0.02,138.3,0.0,22.7,1956.9,2520.42,10.0,2.0,2.5,NR5G-SA,n79,-95,-95,-10,17,-999,8.1
2026-05-28 11:34:02.712,2026-05-28 11:48:48.967,22.6641916,114.5191369,100.0,10.0,-0.02,138.3,0.0,22.7,1956.9,2520.42,10.0,2.0,2.5,NR5G-SA,n79,-97,-97,-10,16,-999,10.1
2026-05-28 11:34:02.913,2026-05-28 11:48:49.167,22.6641748,114.5191530,100.0,10.0,-0.03,138.4,0.0,22.7,1958.2,2522.92,10.0,2.0,2.5,NR5G-SA,n79,-97,-97,-10,16,-999,7.6
2026-05-28 11:34:03.113,2026-05-28 11:48:49.567,22.6641580,114.5191690,100.0,10.0,-0.04,138.4,3.7,22.7,1959.5,2525.41,10.0,2.0,2.5,NR5G-SA,n79,-97,-97,-10,16,-999,6.6
2026-05-28 11:34:03.313,2026-05-28 11:48:49.767,22.6641413,114.5191851,100.0,10.0,-0.03,138.3,3.7,24.5,1960.8,2527.90,10.0,2.0,2.5,NR5G-SA,n79,-93,-93,-10,21,-999,8.8
2026-05-28 11:34:03.514,2026-05-28 11:48:49.767,22.6641246,114.5192013,100.0,9.9,0.04,138.3,3.7,24.5,1962.2,2530.39,10.0,2.0,2.5,NR5G-SA,n79,-93,-93,-10,21,-999,9.4
2026-05-28 11:34:03.714,2026-05-28 11:48:49.967,22.6641246,114.5192013,100.0,9.9,0.04,138.3,3.7,24.5,1962.2,2530.39,10.0,2.0,2.5,NR5G-SA,n79,-93,-93,-10,21,-999,16.0
2026-05-28 11:34:03.915,2026-05-28 11:48:50.167,22.6641080,114.5192175,100.0,10.0,0.01,138.2,3.7,24.5,1963.6,2532.88,10.0,2.0,2.5,NR5G-SA,n79,-88,-88,-10,15,-999,11.9
2026-05-28 11:34:04.115,2026-05-28 11:48:50.567,22.6640914,114.5192337,100.0,10.0,-0.03,138.2,0.0,24.5,1964.9,2535.36,10.0,2.0,2.5,NR5G-SA,n79,-88,-88,-10,15,-999,6.7
2026-05-28 11:34:04.315,2026-05-28 11:48:50.767,22.6640746,114.5192500,100.0,10.0,-0.02,138.1,0.0,24.4,1966.3,2537.87,10.0,2.0,2.5,NR5G-SA,n79,-88,-88,-10,15,-999,7.1
2026-05-28 11:34:04.516,2026-05-28 11:48:50.767,22.6640579,114.5192663,100.0,10.0,0.01,138.1,0.0,24.4,1967.6,2540.38,10.0,2.0,2.5,NR5G-SA,n79,-88,-88,-10,16,-999,7.8
2026-05-28 11:34:04.716,2026-05-28 11:48:50.967,22.6640579,114.5192663,100.0,10.0,0.01,138.1,0.0,24.4,1967.6,2540.38,10.0,2.0,2.5,NR5G-SA,n79,-88,-88,-10,16,-999,14.2
2026-05-28 11:34:04.917,2026-05-28 11:48:51.167,22.6640412,114.5192826,100.0,10.0,0.01,138.1,0.0,24.4,1969.0,2542.88,10.0,2.0,2.5,NR5G-SA,n79,-88,-88,-10,15,-999,11.5
2026-05-28 11:34:05.117,2026-05-28 11:48:51.567,22.6640244,114.5192989,100.0,10.0,-0.02,138.0,6.6,24.4,1970.4,2545.39,10.0,2.0,2.5,NR5G-SA,n79,-88,-88,-10,15,-999,6.7
2026-05-28 11:34:05.318,2026-05-28 11:48:51.767,22.6640077,114.5193150,100.0,10.0,-0.02,138.0,6.6,22.8,1971.7,2547.88,10.0,2.0,2.5,NR5G-SA,n79,-88,-88,-10,15,-999,5.7
2026-05-28 11:34:05.518,2026-05-28 11:48:51.767,22.6639909,114.5193312,100.0,10.0,-0.02,138.0,6.6,22.8,1973.1,2550.38,10.0,2.0,2.5,NR5G-SA,n79,-92,-92,-10,19,-999,8.9
2026-05-28 11:34:05.719,2026-05-28 11:48:51.967,22.6639909,114.5193312,100.0,10.0,-0.02,138.0,6.6,22.8,1973.1,2550.38,10.0,2.0,2.5,NR5G-SA,n79,-92,-92,-10,19,-999,8.5
2026-05-28 11:34:05.919,2026-05-28 11:48:52.167,22.6639743,114.5193474,100.0,10.0,0.00,137.9,6.6,22.8,1974.5,2552.87,10.0,2.0,2.5,NR5G-SA,n79,-92,-92,-10,19,-999,5.5
2026-05-28 11:34:06.119,2026-05-28 11:48:52.567,22.6639575,114.5193635,100.0,10.0,-0.00,137.9,0.0,22.8,1975.9,2555.36,10.0,2.0,2.5,NR5G-SA,n79,-96,-96,-10,14,-999,6.4
2026-05-28 11:34:06.320,2026-05-28 11:48:52.767,22.6639407,114.5193798,100.0,10.0,0.02,137.9,0.0,23.5,1977.2,2557.87,10.0,2.0,2.5,NR5G-SA,n79,-96,-96,-10,14,-999,6.2
2026-05-28 11:34:06.520,2026-05-28 11:48:52.767,22.6639239,114.5193959,100.0,10.0,0.00,137.8,0.0,23.5,1978.6,2560.37,10.0,2.0,2.5,NR5G-SA,n79,-96,-96,-10,14,-999,6.8
2026-05-28 11:34:06.721,2026-05-28 11:48:52.967,22.6639239,114.5193959,100.0,10.0,0.00,137.8,0.0,23.5,1978.6,2560.37,10.0,2.0,2.5,NR5G-SA,n79,-96,-96,-10,20,-999,14.4
2026-05-28 11:34:06.921,2026-05-28 11:48:53.167,22.6639071,114.5194122,100.0,10.0,0.03,137.9,0.0,23.5,1980.0,2562.88,10.0,2.0,2.5,NR5G-SA,n79,-96,-96,-10,20,-999,8.1
2026-05-28 11:34:07.122,2026-05-28 11:48:53.567,22.6638903,114.5194285,100.0,9.9,-0.00,137.8,18.7,23.5,1981.4,2565.39,10.0,2.0,2.5,NR5G-SA,n79,-98,-98,-11,20,-999,6.9
2026-05-28 11:34:07.322,2026-05-28 11:48:53.767,22.6638734,114.5194447,100.0,10.0,0.03,137.8,18.7,23.5,1982.8,2567.90,10.0,2.0,2.5,NR5G-SA,n79,-98,-98,-11,20,-999,4.9
2026-05-28 11:34:07.522,2026-05-28 11:48:53.767,22.6638564,114.5194610,100.0,10.0,0.02,137.8,18.7,23.0,1984.2,2570.43,10.0,2.0,2.5,NR5G-SA,n79,-98,-98,-11,20,-999,8.7
2026-05-28 11:34:07.723,2026-05-28 11:48:53.967,22.6638564,114.5194610,100.0,10.0,0.02,137.8,18.7,23.0,1984.2,2570.43,10.0,2.0,2.5,NR5G-SA,n79,-96,-96,-11,20,-999,15.3
2026-05-28 11:34:07.923,2026-05-28 11:48:54.167,22.6638395,114.5194773,100.0,9.9,-0.02,137.9,18.7,23.0,1985.5,2572.95,10.0,2.0,2.5,NR5G-SA,n79,-96,-96,-11,20,-999,9.8
2026-05-28 11:34:08.124,2026-05-28 11:48:54.567,22.6638227,114.5194935,100.0,10.0,-0.01,137.9,41.3,23.0,1986.9,2575.45,10.0,2.0,2.5,NR5G-SA,n79,-96,-96,-11,20,-999,6.2
2026-05-28 11:34:08.324,2026-05-28 11:48:54.767,22.6638059,114.5195097,100.0,10.0,-0.04,137.9,41.3,23.0,1988.3,2577.95,10.0,2.0,2.5,NR5G-SA,n79,-93,-93,-10,19,-999,5.9
2026-05-28 11:34:08.524,2026-05-28 11:48:54.767,22.6637892,114.5195258,100.0,9.9,-0.04,137.8,41.3,19.8,1989.7,2580.44,10.0,2.0,2.5,NR5G-SA,n79,-93,-93,-10,19,-999,7.7
2026-05-28 11:34:08.725,2026-05-28 11:48:54.967,22.6637892,114.5195258,100.0,9.9,-0.04,137.8,41.3,19.8,1989.7,2580.44,10.0,2.0,2.5,NR5G-SA,n79,-93,-93,-10,19,-999,13.8
2026-05-28 11:34:08.925,2026-05-28 11:48:55.167,22.6637724,114.5195419,100.0,9.9,-0.02,137.7,41.3,19.8,1991.1,2582.94,10.0,2.0,2.5,NR5G-SA,n79,-96,-96,-10,17,-999,8.3
2026-05-28 11:34:09.126,2026-05-28 11:48:55.567,22.6637557,114.5195579,100.0,9.9,-0.01,137.6,26.4,19.8,1992.5,2585.42,10.0,2.0,2.5,NR5G-SA,n79,-96,-96,-10,17,-999,5.0
2026-05-28 11:34:09.326,2026-05-28 11:48:55.767,22.6637390,114.5195740,100.0,10.0,-0.05,137.6,26.4,19.8,1993.9,2587.91,10.0,2.0,2.5,NR5G-SA,n79,-96,-96,-10,17,-999,5.8
2026-05-28 11:34:09.526,2026-05-28 11:48:55.967,22.6637222,114.5195902,100.0,10.0,0.02,137.6,26.4,19.0,1995.3,2590.41,10.0,2.0,2.5,NR5G-SA,n79,-93,-93,-10,16,-999,7.4
2026-05-28 11:34:09.727,2026-05-28 11:48:55.967,22.6637222,114.5195902,100.0,10.0,0.02,137.6,26.4,19.0,1995.3,2590.41,10.0,2.0,2.5,NR5G-SA,n79,-93,-93,-10,16,-999,13.9
2026-05-28 11:34:09.927,2026-05-28 11:48:56.167,22.6637055,114.5196065,100.0,9.9,-0.01,137.5,26.4,19.0,1996.7,2592.91,10.0,2.0,2.5,NR5G-SA,n79,-102,-102,-11,19,-999,8.6
2026-05-28 11:34:10.128,2026-05-28 11:48:56.567,22.6636889,114.5196228,100.0,9.9,-0.01,137.4,26.4,19.0,1998.1,2595.41,10.0,2.0,2.5,NR5G-SA,n79,-102,-102,-11,19,-999,8.3
2026-05-28 11:34:10.328,2026-05-28 11:48:56.767,22.6636722,114.5196390,100.0,10.0,-0.04,137.3,33.3,19.0,1999.5,2597.90,10.0,2.0,2.5,NR5G-SA,n79,-102,-102,-11,19,-999,6.3
2026-05-28 11:34:10.529,2026-05-28 11:48:56.967,22.6636555,114.5196552,100.0,9.9,-0.01,137.3,33.3,19.5,2000.9,2600.40,10.0,2.0,2.5,NR5G-SA,n79,-94,-94,-10,19,-999,7.4
2026-05-28 11:34:10.729,2026-05-28 11:48:56.967,22.6636386,114.5196714,100.0,9.9,-0.01,137.3,33.3,19.5,2002.3,2602.91,10.0,2.0,2.5,NR5G-SA,n79,-94,-94,-10,19,-999,13.7
2026-05-28 11:34:10.929,2026-05-28 11:48:57.167,22.6636386,114.5196714,100.0,10.0,0.06,137.3,33.3,19.5,2002.3,2602.91,10.0,2.0,2.5,NR5G-SA,n79,-94,-94,-10,19,-999,9.8
2026-05-28 11:34:11.130,2026-05-28 11:48:57.567,22.6636218,114.5196875,100.0,9.9,0.08,137.5,33.3,19.5,2003.7,2605.41,10.0,2.0,2.5,NR5G-SA,n79,-92,-92,-10,13,-999,7.3
2026-05-28 11:34:11.330,2026-05-28 11:48:57.767,22.6636050,114.5197036,100.0,10.0,-0.01,137.5,33.5,19.5,2005.2,2607.90,10.0,2.0,2.5,NR5G-SA,n79,-92,-92,-10,13,-999,6.7
2026-05-28 11:34:11.531,2026-05-28 11:48:57.767,22.6635883,114.5197197,100.0,10.0,-0.02,137.5,33.5,17.8,2006.6,2610.39,10.0,2.0,2.5,NR5G-SA,n79,-92,-92,-10,13,-999,7.1
2026-05-28 11:34:11.731,2026-05-28 11:48:57.967,22.6635883,114.5197197,100.0,10.0,-0.02,137.5,33.5,17.8,2006.6,2610.39,10.0,2.0,2.5,NR5G-SA,n79,-93,-93,-10,19,-999,14.6
2026-05-28 11:34:11.931,2026-05-28 11:48:58.167,22.6635715,114.5197359,100.0,10.0,0.01,137.5,33.5,17.8,2008.0,2612.89,10.0,2.0,2.5,NR5G-SA,n79,-93,-93,-10,19,-999,8.8
2026-05-28 11:34:12.132,2026-05-28 11:48:58.567,22.6635547,114.5197522,100.0,10.0,0.03,137.6,33.5,17.8,2009.4,2615.40,10.0,2.0,2.5,NR5G-SA,n79,-98,-98,-11,13,-999,5.4
2026-05-28 11:34:12.332,2026-05-28 11:48:58.767,22.6635379,114.5197684,100.0,10.0,0.01,137.8,29.6,17.8,2010.8,2617.91,10.0,2.0,2.5,NR5G-SA,n79,-98,-98,-11,13,-999,6.2
2026-05-28 11:34:12.533,2026-05-28 11:48:58.767,22.6635211,114.5197845,100.0,10.0,-0.00,137.8,29.6,17.5,2012.3,2620.40,10.0,2.0,2.5,NR5G-SA,n79,-98,-98,-11,13,-999,8.8
2026-05-28 11:34:12.733,2026-05-28 11:48:58.967,22.6635043,114.5198008,100.0,10.1,-0.01,137.9,29.6,17.5,2013.7,2622.91,10.0,2.0,2.5,NR5G-SA,n79,-95,-95,-11,19,-999,12.4
2026-05-28 11:34:12.933,2026-05-28 11:48:59.167,22.6635043,114.5198008,100.0,10.1,-0.01,137.9,29.6,17.5,2013.7,2622.91,10.0,2.0,2.5,NR5G-SA,n79,-95,-95,-11,19,-999,8.7
2026-05-28 11:34:13.134,2026-05-28 11:48:59.567,22.6634876,114.5198171,100.0,10.0,0.05,138.0,29.6,17.5,2015.1,2625.42,10.0,2.0,2.5,NR5G-SA,n79,-95,-95,-11,19,-999,5.8
2026-05-28 11:34:13.334,2026-05-28 11:48:59.767,22.6634709,114.5198334,100.0,10.0,0.04,138.1,39.2,17.5,2016.6,2627.92,10.0,2.0,2.5,NR5G-SA,n79,-95,-95,-10,18,-999,6.0
2026-05-28 11:34:13.535,2026-05-28 11:48:59.767,22.6634541,114.5198498,100.0,10.0,0.07,138.2,39.2,17.3,2018.0,2630.43,10.0,2.0,2.5,NR5G-SA,n79,-95,-95,-10,18,-999,10.7
2026-05-28 11:34:13.735,2026-05-28 11:48:59.967,22.6634374,114.5198660,100.0,10.0,0.03,138.2,39.2,17.3,2019.5,2632.93,10.0,2.0,2.5,NR5G-SA,n79,-95,-95,-10,18,-999,13.6
2026-05-28 11:34:13.935,2026-05-28 11:49:00.167,22.6634374,114.5198660,100.0,10.0,0.03,138.2,39.2,17.3,2019.5,2632.93,10.0,2.0,2.5,NR5G-SA,n79,-103,-103,-11,20,-999,8.6
2026-05-28 11:34:14.136,2026-05-28 11:49:00.567,22.6634206,114.5198822,100.0,10.0,-0.01,138.1,39.2,17.3,2020.9,2635.43,10.0,2.0,2.5,NR5G-SA,n79,-103,-103,-11,20,-999,6.1
2026-05-28 11:34:14.336,2026-05-28 11:49:00.767,22.6634038,114.5198984,100.0,9.9,-0.02,138.2,21.7,17.3,2022.4,2637.94,10.0,2.0,2.5,NR5G-SA,n79,-97,-97,-11,18,-999,5.8
2026-05-28 11:34:14.537,2026-05-28 11:49:00.767,22.6633870,114.5199145,100.0,10.0,-0.04,138.1,21.7,18.2,2023.8,2640.43,10.0,2.0,2.5,NR5G-SA,n79,-97,-97,-11,18,-999,9.4
2026-05-28 11:34:14.737,2026-05-28 11:49:00.967,22.6633703,114.5199307,100.0,10.0,-0.06,138.1,21.7,18.2,2025.3,2642.93,10.0,2.0,2.5,NR5G-SA,n79,-97,-97,-11,18,-999,11.1
2026-05-28 11:34:14.937,2026-05-28 11:49:01.167,22.6633703,114.5199307,100.0,10.0,-0.06,138.1,21.7,18.2,2025.3,2642.93,10.0,2.0,2.5,NR5G-SA,n79,-100,-100,-10,19,-999,12.2
2026-05-28 11:34:15.138,2026-05-28 11:49:01.567,22.6633535,114.5199469,100.0,10.0,-0.05,138.0,21.7,18.2,2026.7,2645.43,10.0,2.0,2.5,NR5G-SA,n79,-100,-100,-10,19,-999,7.9
2026-05-28 11:34:15.338,2026-05-28 11:49:01.767,22.6633366,114.5199631,100.0,10.0,-0.01,138.1,0.0,18.2,2028.2,2647.94,10.0,2.0,2.5,NR5G-SA,n79,-100,-100,-10,19,-999,6.5
2026-05-28 11:34:15.538,2026-05-28 11:49:01.967,22.6633198,114.5199792,100.0,10.0,-0.01,138.3,0.0,19.2,2029.6,2650.44,10.0,2.0,2.5,NR5G-SA,n79,-93,-93,-11,17,-999,9.7
2026-05-28 11:34:15.739,2026-05-28 11:49:01.967,22.6633029,114.5199953,100.0,10.0,-0.01,138.5,0.0,19.2,2031.0,2652.94,10.0,2.0,2.5,NR5G-SA,n79,-93,-93,-11,17,-999,8.1
2026-05-28 11:34:15.939,2026-05-28 11:49:02.167,22.6633029,114.5199953,100.0,10.0,-0.01,138.5,0.0,19.2,2031.0,2652.94,10.0,2.0,2.5,NR5G-SA,n79,-93,-93,-11,17,-999,9.2
2026-05-28 11:34:16.139,2026-05-28 11:49:02.567,22.6632861,114.5200115,100.0,10.0,-0.02,138.4,0.0,19.2,2032.5,2655.45,10.0,2.0,2.5,NR5G-SA,n79,-97,-97,-10,18,-999,6.9
2026-05-28 11:34:16.340,2026-05-28 11:49:02.767,22.6632692,114.5200278,100.0,10.0,-0.02,138.4,22.2,19.2,2034.0,2657.97,10.0,2.0,2.5,NR5G-SA,n79,-97,-97,-10,18,-999,6.1
2026-05-28 11:34:16.540,2026-05-28 11:49:02.967,22.6632524,114.5200441,100.0,10.0,0.05,138.4,22.2,19.2,2035.4,2660.48,10.0,2.0,2.5,NR5G-SA,n79,-95,-95,-11,18,-999,9.4
2026-05-28 11:34:16.741,2026-05-28 11:49:02.967,22.6632357,114.5200603,100.0,10.0,-0.00,138.3,22.2,20.6,2036.9,2662.97,10.0,2.0,2.5,NR5G-SA,n79,-95,-95,-11,18,-999,12.7
2026-05-28 11:34:16.941,2026-05-28 11:49:03.167,22.6632357,114.5200603,100.0,10.0,-0.00,138.3,22.2,20.6,2036.9,2662.97,10.0,2.0,2.5,NR5G-SA,n79,-95,-95,-11,18,-999,11.4
2026-05-28 11:34:17.142,2026-05-28 11:49:03.567,22.6632189,114.5200766,100.0,10.0,0.02,138.4,22.2,20.6,2038.4,2665.48,10.0,2.0,2.5,NR5G-SA,n79,-94,-94,-10,18,-999,7.2
2026-05-28 11:34:17.342,2026-05-28 11:49:03.767,22.6632022,114.5200927,100.0,10.0,0.03,138.5,0.0,20.6,2039.8,2667.97,10.0,2.0,2.5,NR5G-SA,n79,-94,-94,-10,18,-999,7.1
2026-05-28 11:34:17.542,2026-05-28 11:49:03.767,22.6631855,114.5201088,100.0,10.0,0.00,138.7,0.0,20.6,2041.3,2670.46,10.0,2.0,2.5,NR5G-SA,n79,-94,-94,-10,18,-999,8.8
2026-05-28 11:34:17.743,2026-05-28 11:49:03.967,22.6631686,114.5201249,100.0,10.0,-0.01,138.6,0.0,19.9,2042.7,2672.96,10.0,2.0,2.5,NR5G-SA,n79,-98,-98,-10,22,-999,7.5
2026-05-28 11:34:17.943,2026-05-28 11:49:04.167,22.6631686,114.5201249,100.0,10.0,-0.01,138.6,0.0,19.9,2042.7,2672.96,10.0,2.0,2.5,NR5G-SA,n79,-98,-98,-10,22,-999,8.7
2026-05-28 11:34:18.144,2026-05-28 11:49:04.567,22.6631517,114.5201411,100.0,10.0,-0.04,138.7,0.0,19.9,2044.2,2675.48,10.0,2.0,2.5,NR5G-SA,n79,-98,-98,-10,22,-999,6.6
2026-05-28 11:34:18.344,2026-05-28 11:49:04.767,22.6631350,114.5201571,100.0,10.0,-0.08,138.6,0.0,19.9,2045.7,2677.96,10.0,2.0,2.5,NR5G-SA,n79,-92,-92,-10,20,-999,5.8
2026-05-28 11:34:18.544,2026-05-28 11:49:04.967,22.6631183,114.5201732,100.0,10.0,-0.08,138.5,0.0,19.9,2047.1,2680.44,10.0,2.0,2.5,NR5G-SA,n79,-92,-92,-10,20,-999,7.6
2026-05-28 11:34:18.745,2026-05-28 11:49:04.967,22.6631016,114.5201895,100.0,10.0,-0.01,138.4,0.0,20.0,2048.6,2682.95,10.0,2.0,2.5,NR5G-SA,n79,-103,-103,-11,15,-999,11.8
2026-05-28 11:34:18.945,2026-05-28 11:49:05.167,22.6631016,114.5201895,100.0,10.0,-0.01,138.4,0.0,20.0,2048.6,2682.95,10.0,2.0,2.5,NR5G-SA,n79,-103,-103,-11,15,-999,7.3
2026-05-28 11:34:19.146,2026-05-28 11:49:05.567,22.6630849,114.5202057,100.0,10.0,0.01,138.4,0.0,20.0,2050.1,2685.44,10.0,2.0,2.5,NR5G-SA,n79,-103,-103,-11,15,-999,6.7
2026-05-28 11:34:19.346,2026-05-28 11:49:05.767,22.6630682,114.5202219,100.0,9.9,0.05,138.4,0.0,20.0,2051.6,2687.94,10.0,2.0,2.5,NR5G-SA,n79,-93,-93,-10,22,-999,6.8
2026-05-28 11:34:19.546,2026-05-28 11:49:05.967,22.6630514,114.5202381,100.0,10.0,0.01,138.3,0.0,20.0,2053.1,2690.44,10.0,2.0,2.5,NR5G-SA,n79,-93,-93,-10,22,-999,8.0
2026-05-28 11:34:19.746,2026-05-28 11:49:05.967,22.6630347,114.5202543,100.0,10.0,0.01,138.2,0.0,19.2,2054.6,2692.94,10.0,2.0,2.5,NR5G-SA,n79,-93,-93,-10,22,-999,11.6
2026-05-28 11:34:19.947,2026-05-28 11:49:06.167,22.6630347,114.5202543,100.0,10.0,0.01,138.2,0.0,19.2,2054.6,2692.94,10.0,2.0,2.5,NR5G-SA,n79,-94,-94,-11,16,-999,11.2
2026-05-28 11:34:20.147,2026-05-28 11:49:06.567,22.6630178,114.5202705,100.0,10.0,0.08,138.2,0.0,19.2,2056.1,2695.45,10.0,2.0,2.5,NR5G-SA,n79,-94,-94,-11,16,-999,5.1
2026-05-28 11:34:20.348,2026-05-28 11:49:06.767,22.6630011,114.5202867,100.0,10.0,0.03,138.0,9.8,19.2,2057.6,2697.94,10.0,2.0,2.5,NR5G-SA,n79,-94,-94,-11,16,-999,4.9
2026-05-28 11:34:20.548,2026-05-28 11:49:06.967,22.6629843,114.5203030,100.0,10.0,0.03,138.0,9.8,19.2,2059.1,2700.45,10.0,2.0,2.5,NR5G-SA,n79,-103,-103,-11,22,-999,6.3
2026-05-28 11:34:20.749,2026-05-28 11:49:06.967,22.6629676,114.5203194,100.0,10.0,0.00,138.0,9.8,18.0,2060.6,2702.96,10.0,2.0,2.5,NR5G-SA,n79,-103,-103,-11,22,-999,10.7
2026-05-28 11:34:20.949,2026-05-28 11:49:07.167,22.6629676,114.5203194,100.0,10.0,0.00,138.0,9.8,18.0,2060.6,2702.96,10.0,2.0,2.5,NR5G-SA,n79,-95,-95,-10,20,-999,10.4
2026-05-28 11:34:21.150,2026-05-28 11:49:07.567,22.6629508,114.5203356,100.0,10.0,-0.02,138.0,9.8,18.0,2062.1,2705.46,10.0,2.0,2.5,NR5G-SA,n79,-95,-95,-10,20,-999,5.7
2026-05-28 11:34:21.350,2026-05-28 11:49:07.767,22.6629340,114.5203519,100.0,10.0,-0.02,138.1,0.0,18.0,2063.6,2707.97,10.0,2.0,2.5,NR5G-SA,n79,-95,-95,-10,20,-999,6.1
2026-05-28 11:34:21.550,2026-05-28 11:49:07.967,22.6629173,114.5203682,100.0,10.0,-0.00,138.1,0.0,18.0,2065.1,2710.48,10.0,2.0,2.5,NR5G-SA,n79,-97,-97,-10,19,-999,5.9
2026-05-28 11:34:21.750,2026-05-28 11:49:07.967,22.6629005,114.5203844,100.0,10.0,-0.00,138.1,0.0,16.7,2066.6,2712.98,10.0,2.0,2.5,NR5G-SA,n79,-97,-97,-10,19,-999,9.1
2026-05-28 11:34:21.951,2026-05-28 11:49:08.167,22.6629005,114.5203844,100.0,10.0,-0.00,138.1,0.0,16.7,2066.6,2712.98,10.0,2.0,2.5,NR5G-SA,n79,-97,-97,-10,19,-999,9.3
2026-05-28 11:34:22.151,2026-05-28 11:49:08.567,22.6628836,114.5204007,100.0,10.0,0.01,138.2,0.0,16.7,2068.1,2715.50,10.0,2.0,2.5,NR5G-SA,n79,-97,-97,-11,20,-999,7.9
2026-05-28 11:34:22.352,2026-05-28 11:49:08.767,22.6628668,114.5204168,100.0,9.9,0.01,138.3,20.3,16.7,2069.6,2718.00,10.0,2.0,2.5,NR5G-SA,n79,-97,-97,-11,20,-999,6.9
2026-05-28 11:34:22.552,2026-05-28 11:49:08.967,22.6628497,114.5204331,100.0,9.9,0.03,138.6,20.3,16.7,2071.1,2720.53,10.0,2.0,2.5,NR5G-SA,n79,-97,-97,-11,20,-999,5.5
2026-05-28 11:34:22.753,2026-05-28 11:49:08.967,22.6628331,114.5204489,100.0,9.9,0.01,138.7,20.3,18.1,2072.6,2722.99,10.0,2.0,2.5,NR5G-SA,n79,-96,-96,-10,22,-999,8.7
2026-05-28 11:34:22.953,2026-05-28 11:49:09.167,22.6628331,114.5204489,100.0,9.9,0.01,138.7,20.3,18.1,2072.6,2722.99,10.0,2.0,2.5,NR5G-SA,n79,-96,-96,-10,22,-999,10.4
2026-05-28 11:34:23.153,2026-05-28 11:49:09.567,22.6628166,114.5204648,100.0,9.7,0.03,138.6,20.3,18.1,2074.1,2725.45,10.0,2.0,2.5,NR5G-SA,n79,-98,-98,-11,21,-999,6.9
2026-05-28 11:34:23.354,2026-05-28 11:49:09.767,22.6628004,114.5204803,100.0,9.5,0.04,138.7,40.4,18.1,2075.5,2727.85,10.0,2.0,2.5,NR5G-SA,n79,-98,-98,-11,21,-999,7.4
2026-05-28 11:34:23.554,2026-05-28 11:49:09.967,22.6627848,114.5204955,100.0,9.3,0.00,138.9,40.4,18.1,2076.9,2730.19,10.0,2.0,2.5,NR5G-SA,n79,-98,-98,-11,21,-999,6.9
2026-05-28 11:34:23.755,2026-05-28 11:49:09.967,22.6627699,114.5205100,100.0,8.9,0.00,139.0,40.4,20.0,2078.3,2732.42,10.0,2.0,2.5,NR5G-SA,n79,-97,-97,-10,19,-999,10.4
2026-05-28 11:34:23.955,2026-05-28 11:49:10.167,22.6627699,114.5205100,100.0,8.9,0.00,139.0,40.4,20.0,2078.3,2732.42,10.0,2.0,2.5,NR5G-SA,n79,-97,-97,-10,19,-999,8.7
2026-05-28 11:34:24.155,2026-05-28 11:49:10.567,22.6627554,114.5205239,100.0,8.5,0.03,139.2,40.4,20.0,2079.6,2734.57,10.0,2.0,2.5,NR5G-SA,n79,-97,-97,-10,19,-999,8.4
2026-05-28 11:34:24.356,2026-05-28 11:49:10.767,22.6627417,114.5205372,100.0,8.0,0.02,139.5,27.9,20.0,2080.9,2736.62,10.0,2.0,2.5,NR5G-SA,n79,-99,-99,-10,19,-999,6.5
2026-05-28 11:34:24.556,2026-05-28 11:49:10.967,22.6627288,114.5205495,100.0,7.5,0.01,139.8,27.9,20.0,2082.0,2738.53,10.0,2.0,2.5,NR5G-SA,n79,-99,-99,-10,19,-999,7.1
2026-05-28 11:34:24.757,2026-05-28 11:49:10.967,22.6627169,114.5205610,100.0,6.9,-0.00,140.2,27.9,21.3,2083.1,2740.31,10.0,2.0,2.5,NR5G-SA,n79,-99,-99,-10,19,-999,11.9
2026-05-28 11:34:24.957,2026-05-28 11:49:11.167,22.6627169,114.5205610,100.0,6.9,-0.00,140.2,27.9,21.3,2083.1,2740.31,10.0,2.0,2.5,NR5G-SA,n79,-94,-94,-10,18,-999,7.9
2026-05-28 11:34:25.157,2026-05-28 11:49:11.567,22.6627060,114.5205714,100.0,6.4,-0.03,140.8,27.9,21.3,2084.1,2741.93,10.0,2.0,2.5,NR5G-SA,n79,-94,-94,-10,18,-999,6.6
2026-05-28 11:34:25.357,2026-05-28 11:49:11.767,22.6626962,114.5205808,100.0,5.7,-0.01,142.1,35.1,21.3,2085.0,2743.38,10.0,2.0,2.5,NR5G-SA,n79,-95,-95,-10,20,-999,5.7
2026-05-28 11:34:25.558,2026-05-28 11:49:11.967,22.6626871,114.5205890,100.0,5.1,-0.08,144.2,35.1,21.3,2085.7,2744.70,10.0,2.0,2.5,NR5G-SA,n79,-95,-95,-10,20,-999,4.2
2026-05-28 11:34:25.758,2026-05-28 11:49:12.167,22.6626788,114.5205958,100.0,4.4,-0.10,147.6,35.1,21.6,2086.4,2745.86,10.0,2.0,2.5,NR5G-SA,n79,-95,-95,-10,20,-999,6.7
2026-05-28 11:34:25.958,2026-05-28 11:49:12.167,22.6626788,114.5205958,100.0,4.4,-0.10,147.6,35.1,21.6,2086.4,2745.86,10.0,2.0,2.5,NR5G-SA,n79,-97,-97,-11,21,-999,8.6
2026-05-28 11:34:26.159,2026-05-28 11:49:12.567,22.6626710,114.5206012,100.0,3.9,-0.08,152.9,35.1,21.6,2086.8,2746.89,10.0,2.0,2.5,NR5G-SA,n79,-97,-97,-11,21,-999,5.1
2026-05-28 11:34:26.359,2026-05-28 11:49:12.767,22.6626637,114.5206049,99.9,3.3,-0.03,160.9,51.9,21.6,2087.2,2747.79,10.0,2.0,2.5,NR5G-SA,n79,-97,-97,-11,21,-999,6.8
2026-05-28 11:34:26.559,2026-05-28 11:49:12.967,22.6626570,114.5206069,99.9,2.9,0.01,171.9,51.9,21.6,2087.3,2748.56,10.0,2.0,2.5,NR5G-SA,n79,-107,-107,-11,19,-999,7.2
2026-05-28 11:34:26.760,2026-05-28 11:49:12.967,22.6626506,114.5206071,99.9,2.7,0.00,185.4,51.9,21.6,2087.3,2749.27,10.0,2.0,2.5,NR5G-SA,n79,-107,-107,-11,19,-999,10.2
2026-05-28 11:34:26.960,2026-05-28 11:49:13.167,22.6626506,114.5206071,99.9,2.7,0.00,185.4,51.9,22.7,2087.3,2749.27,10.0,2.0,2.5,NR5G-SA,n79,-107,-107,-11,19,-999,8.2
2026-05-28 11:34:27.161,2026-05-28 11:49:13.567,22.6626445,114.5206053,99.9,2.8,-0.01,199.6,51.9,22.7,2087.1,2749.98,10.0,2.0,2.5,NR5G-SA,n79,-105,-105,-10,16,-999,6.5
2026-05-28 11:34:27.361,2026-05-28 11:49:13.767,22.6626381,114.5206014,100.0,3.2,0.02,213.9,29.3,22.7,2086.6,2750.79,10.0,2.0,2.5,NR5G-SA,n79,-105,-105,-10,16,-999,5.8
2026-05-28 11:34:27.561,2026-05-28 11:49:13.967,22.6626317,114.5205957,100.0,3.7,0.04,225.0,29.3,22.7,2086.0,2751.71,10.0,2.0,2.5,NR5G-SA,n79,-105,-105,-10,16,-999,5.2
2026-05-28 11:34:27.762,2026-05-28 11:49:13.967,22.6626250,114.5205883,100.0,4.3,0.01,232.4,29.3,22.7,2085.2,2752.78,10.0,2.0,2.5,NR5G-SA,n79,-100,-100,-10,14,-999,10.7
2026-05-28 11:34:27.962,2026-05-28 11:49:14.167,22.6626250,114.5205883,100.0,4.3,0.01,232.4,29.3,23.8,2085.2,2752.78,10.0,2.0,2.5,NR5G-SA,n79,-100,-100,-10,14,-999,9.1
2026-05-28 11:34:28.162,2026-05-28 11:49:14.567,22.6626179,114.5205795,100.0,4.8,-0.01,237.0,29.3,23.8,2084.2,2753.98,10.0,2.0,2.5,NR5G-SA,n79,-97,-97,-10,15,-999,7.4
2026-05-28 11:34:28.363,2026-05-28 11:49:14.767,22.6626103,114.5205696,100.0,5.4,-0.09,239.8,0.0,23.8,2083.1,2755.30,10.0,2.0,2.5,NR5G-SA,n79,-97,-97,-10,15,-999,5.6
2026-05-28 11:34:28.563,2026-05-28 11:49:14.967,22.6626022,114.5205585,100.0,6.0,-0.06,241.3,0.0,23.8,2081.9,2756.76,10.0,2.0,2.5,NR5G-SA,n79,-97,-97,-10,15,-999,5.3
2026-05-28 11:34:28.764,2026-05-28 11:49:15.167,22.6625935,114.5205462,100.0,6.6,-0.03,241.8,0.0,23.8,2080.6,2758.35,10.0,2.0,2.5,NR5G-SA,n79,-101,-101,-10,17,-999,5.0
2026-05-28 11:34:28.964,2026-05-28 11:49:15.167,22.6625935,114.5205462,100.0,6.6,-0.03,241.8,0.0,23.5,2080.6,2758.35,10.0,2.0,2.5,NR5G-SA,n79,-101,-101,-10,17,-999,15.4
2026-05-28 11:34:29.164,2026-05-28 11:49:15.567,22.6625840,114.5205327,100.0,7.2,-0.07,241.8,0.0,23.5,2079.2,2760.09,10.0,2.0,2.5,NR5G-SA,n79,-101,-101,-10,17,-999,6.8
2026-05-28 11:34:29.365,2026-05-28 11:49:15.767,22.6625738,114.5205179,100.0,7.8,-0.01,241.3,0.0,23.5,2077.6,2761.99,10.0,2.0,2.5,NR5G-SA,n79,-99,-99,-10,16,-999,6.2
2026-05-28 11:34:29.565,2026-05-28 11:49:15.967,22.6625630,114.5205021,100.0,8.3,0.02,240.7,0.0,23.5,2075.9,2764.01,10.0,2.0,2.5,NR5G-SA,n79,-99,-99,-10,16,-999,6.0
2026-05-28 11:34:29.766,2026-05-28 11:49:15.967,22.6625517,114.5204854,100.0,8.7,0.03,240.1,0.0,23.5,2074.1,2766.14,10.0,2.0,2.5,NR5G-SA,n79,-99,-99,-10,16,-999,9.6
2026-05-28 11:34:29.966,2026-05-28 11:49:16.167,22.6625517,114.5204854,100.0,8.7,0.03,240.1,0.0,24.1,2074.1,2766.14,10.0,2.0,2.5,NR5G-SA,n79,-100,-100,-10,16,-999,9.2
2026-05-28 11:34:30.167,2026-05-28 11:49:16.567,22.6625400,114.5204679,100.0,9.0,0.03,239.5,0.0,24.1,2072.2,2768.36,10.0,2.0,2.5,NR5G-SA,n79,-100,-100,-10,16,-999,6.1
2026-05-28 11:34:30.367,2026-05-28 11:49:16.767,22.6625281,114.5204499,100.0,9.4,-0.01,239.2,0.0,24.1,2070.3,2770.63,10.0,2.0,2.5,NR5G-SA,n79,-103,-103,-11,17,-999,6.0
2026-05-28 11:34:30.567,2026-05-28 11:49:16.967,22.6625158,114.5204312,100.0,9.6,0.03,238.7,0.0,24.1,2068.3,2772.99,10.0,2.0,2.5,NR5G-SA,n79,-103,-103,-11,17,-999,8.9
2026-05-28 11:34:30.768,2026-05-28 11:49:16.967,22.6625033,114.5204121,100.1,9.8,0.00,238.4,0.0,24.1,2066.2,2775.40,10.0,2.0,2.5,NR5G-SA,n79,-103,-103,-11,17,-999,9.9
2026-05-28 11:34:30.968,2026-05-28 11:49:17.167,22.6625033,114.5204121,100.1,9.8,0.00,238.4,0.0,23.9,2066.2,2775.40,10.0,2.0,2.5,NR5G-SA,n79,-102,-102,-11,17,-999,13.0
2026-05-28 11:34:31.168,2026-05-28 11:49:17.567,22.6624906,114.5203926,100.1,9.9,0.02,238.3,0.0,23.9,2064.1,2777.85,10.0,2.0,2.5,NR5G-SA,n79,-102,-102,-11,17,-999,5.2
2026-05-28 11:34:31.369,2026-05-28 11:49:17.767,22.6624779,114.5203729,100.1,10.0,-0.03,238.2,13.0,23.9,2062.0,2780.32,10.0,2.0,2.5,NR5G-SA,n79,-102,-102,-11,17,-999,4.8
2026-05-28 11:34:31.569,2026-05-28 11:49:17.967,22.6624650,114.5203532,100.1,10.0,0.01,238.0,13.0,23.9,2059.9,2782.80,10.0,2.0,2.5,NR5G-SA,n79,-99,-99,-10,16,-999,5.2
2026-05-28 11:34:31.770,2026-05-28 11:49:17.967,22.6624521,114.5203335,100.1,10.1,-0.07,238.0,13.0,23.9,2057.8,2785.28,10.0,2.0,2.5,NR5G-SA,n79,-99,-99,-10,16,-999,8.3
2026-05-28 11:34:31.970,2026-05-28 11:49:18.167,22.6624393,114.5203136,100.1,10.1,-0.01,237.8,13.0,24.2,2055.7,2787.77,10.0,2.0,2.5,NR5G-SA,n79,-99,-99,-10,16,-999,10.1
2026-05-28 11:34:32.170,2026-05-28 11:49:18.167,22.6624393,114.5203136,100.1,10.1,-0.01,237.8,13.0,24.2,2055.7,2787.77,10.0,2.0,2.5,NR5G-SA,n79,-99,-99,-10,16,-999,25.6
2026-05-28 11:34:32.371,2026-05-28 11:49:18.567,22.6624263,114.5202935,100.1,10.1,-0.10,237.6,4.3,24.2,2053.6,2790.29,10.0,2.0,2.5,NR5G-SA,n79,-105,-105,-10,16,-999,24.8
2026-05-28 11:34:32.571,2026-05-28 11:49:18.967,22.6624133,114.5202734,100.0,10.2,-0.04,237.7,4.3,24.2,2051.4,2792.81,10.0,2.0,2.5,NR5G-SA,n79,-102,-102,-11,16,-999,5.5
2026-05-28 11:34:32.772,2026-05-28 11:49:18.967,22.6624002,114.5202533,100.0,10.2,-0.09,237.7,4.3,24.2,2049.3,2795.34,10.0,2.0,2.5,NR5G-SA,n79,-102,-102,-11,16,-999,9.9
2026-05-28 11:34:32.972,2026-05-28 11:49:19.167,22.6624002,114.5202533,100.0,10.2,-0.09,237.7,4.3,24.4,2049.3,2795.34,10.0,2.0,2.5,NR5G-SA,n79,-102,-102,-11,16,-999,16.7
2026-05-28 11:34:33.172,2026-05-28 11:49:19.567,22.6623870,114.5202331,100.0,10.1,-0.00,237.7,4.3,24.4,2047.1,2797.88,10.0,2.0,2.5,NR5G-SA,n79,-97,-97,-10,18,-999,17.0
2026-05-28 11:34:33.373,2026-05-28 11:49:19.767,22.6623739,114.5202130,100.0,10.1,-0.01,237.6,0.0,24.4,2045.0,2800.41,10.0,2.0,2.5,NR5G-SA,n79,-97,-97,-10,18,-999,8.4
2026-05-28 11:34:33.573,2026-05-28 11:49:19.967,22.6623607,114.5201930,100.0,10.1,0.04,237.7,0.0,24.4,2042.8,2802.94,10.0,2.0,2.5,NR5G-SA,n79,-97,-97,-10,18,-999,4.9
2026-05-28 11:34:33.774,2026-05-28 11:49:19.967,22.6623475,114.5201729,100.0,10.1,0.05,237.7,0.0,24.4,2040.7,2805.47,10.0,2.0,2.5,NR5G-SA,n79,-97,-97,-10,18,-999,7.9
2026-05-28 11:34:33.974,2026-05-28 11:49:20.167,22.6623475,114.5201729,100.0,10.1,0.05,237.7,0.0,23.4,2040.7,2805.47,10.0,2.0,2.5,NR5G-SA,n79,-97,-97,-10,18,-999,11.7
2026-05-28 11:34:34.174,2026-05-28 11:49:20.567,22.6623344,114.5201529,100.0,10.1,0.02,237.8,0.0,23.4,2038.6,2807.99,10.0,2.0,2.5,NR5G-SA,n79,-97,-97,-10,18,-999,4.4
2026-05-28 11:34:34.375,2026-05-28 11:49:20.767,22.6623212,114.5201328,100.0,10.1,0.04,237.9,0.0,23.4,2036.4,2810.53,10.0,2.0,2.5,NR5G-SA,n79,-97,-97,-10,18,-999,5.1
2026-05-28 11:34:34.575,2026-05-28 11:49:20.967,22.6623080,114.5201126,100.0,10.1,0.03,237.9,0.0,23.4,2034.3,2813.07,10.0,2.0,2.5,NR5G-SA,n79,-97,-97,-10,18,-999,6.8
2026-05-28 11:34:34.776,2026-05-28 11:49:20.967,22.6622948,114.5200925,100.0,10.0,-0.01,238.0,0.0,23.4,2032.1,2815.60,10.0,2.0,2.5,NR5G-SA,n79,-100,-100,-10,17,-999,7.8
2026-05-28 11:34:34.976,2026-05-28 11:49:21.167,22.6622948,114.5200925,100.0,10.0,-0.01,238.0,0.0,23.4,2032.1,2815.60,10.0,2.0,2.5,NR5G-SA,n79,-100,-100,-10,17,-999,12.2
2026-05-28 11:34:35.176,2026-05-28 11:49:21.567,22.6622817,114.5200724,100.0,10.0,0.10,238.1,0.0,21.3,2030.0,2818.13,10.0,2.0,2.5,NR5G-SA,n79,-100,-100,-10,17,-999,5.9
2026-05-28 11:34:35.377,2026-05-28 11:49:21.767,22.6622685,114.5200525,100.0,10.0,0.03,238.0,0.0,21.3,2027.9,2820.65,10.0,2.0,2.5,NR5G-SA,n79,-102,-102,-10,17,-999,5.7
2026-05-28 11:34:35.577,2026-05-28 11:49:21.967,22.6622553,114.5200326,100.0,10.0,-0.00,237.8,11.8,21.3,2025.8,2823.17,10.0,2.0,2.5,NR5G-SA,n79,-102,-102,-10,17,-999,4.8
2026-05-28 11:34:35.777,2026-05-28 11:49:22.167,22.6622420,114.5200128,100.0,10.0,-0.06,237.6,11.8,21.3,2023.7,2825.68,10.0,2.0,2.5,NR5G-SA,n79,-102,-102,-10,17,-999,4.7
2026-05-28 11:34:35.978,2026-05-28 11:49:22.167,22.6622288,114.5199930,100.0,10.0,-0.01,237.5,11.8,21.3,2021.6,2828.19,10.0,2.0,2.5,NR5G-SA,n79,-108,-108,-11,17,-999,12.9
2026-05-28 11:34:36.178,2026-05-28 11:49:22.567,22.6622288,114.5199930,100.0,10.0,-0.01,237.5,11.8,20.4,2021.6,2828.19,10.0,2.0,2.5,NR5G-SA,n79,-108,-108,-11,17,-999,6.3
2026-05-28 11:34:36.379,2026-05-28 11:49:22.767,22.6622156,114.5199731,100.0,9.9,0.10,237.4,11.8,20.4,2019.5,2830.71,10.0,2.0,2.5,NR5G-SA,n79,-108,-108,-11,17,-999,6.1
2026-05-28 11:34:36.579,2026-05-28 11:49:22.967,22.6622024,114.5199532,100.0,9.9,0.06,237.4,0.0,20.4,2017.4,2833.23,10.0,2.0,2.5,NR5G-SA,n79,-108,-108,-11,17,-999,5.6
2026-05-28 11:34:36.779,2026-05-28 11:49:22.967,22.6621892,114.5199332,100.0,10.0,-0.01,237.2,0.0,20.4,2015.2,2835.75,10.0,2.0,2.5,NR5G-SA,n79,-105,-105,-10,17,-999,8.6
2026-05-28 11:34:36.980,2026-05-28 11:49:23.167,22.6621892,114.5199332,100.0,10.0,-0.01,237.2,0.0,20.4,2015.2,2835.75,10.0,2.0,2.5,NR5G-SA,n79,-100,-100,-10,17,-999,9.9
2026-05-28 11:34:37.180,2026-05-28 11:49:23.567,22.6621760,114.5199133,100.0,10.0,0.01,236.9,0.0,19.6,2013.1,2838.27,10.0,2.0,2.5,NR5G-SA,n79,-100,-100,-10,17,-999,5.5
2026-05-28 11:34:37.380,2026-05-28 11:49:23.767,22.6621627,114.5198935,100.0,9.9,0.02,236.8,0.0,19.6,2011.0,2840.79,10.0,2.0,2.5,NR5G-SA,n79,-100,-100,-10,17,-999,5.7
2026-05-28 11:34:37.581,2026-05-28 11:49:23.967,22.6621495,114.5198738,100.0,9.9,-0.03,236.6,21.5,19.6,2008.9,2843.29,10.0,2.0,2.5,NR5G-SA,n79,-104,-104,-10,18,-999,4.5
2026-05-28 11:34:37.781,2026-05-28 11:49:24.167,22.6621364,114.5198541,99.9,9.9,-0.01,236.6,21.5,19.6,2006.9,2845.78,10.0,2.0,2.5,NR5G-SA,n79,-104,-104,-10,18,-999,7.7
2026-05-28 11:34:37.981,2026-05-28 11:49:24.167,22.6621233,114.5198345,99.9,9.9,-0.01,236.4,21.5,19.6,2004.8,2848.27,10.0,2.0,2.5,NR5G-SA,n79,-104,-104,-10,18,-999,16.4
2026-05-28 11:34:38.182,2026-05-28 11:49:24.567,22.6621233,114.5198345,99.9,9.9,0.01,236.4,21.5,17.8,2004.8,2848.27,10.0,2.0,2.5,NR5G-SA,n79,-101,-101,-10,18,-999,5.8
2026-05-28 11:34:38.382,2026-05-28 11:49:24.767,22.6621101,114.5198148,99.9,9.9,0.03,236.3,21.5,17.8,2002.7,2850.77,10.0,2.0,2.5,NR5G-SA,n79,-101,-101,-10,18,-999,6.1
2026-05-28 11:34:38.582,2026-05-28 11:49:24.967,22.6620969,114.5197951,100.0,10.0,-0.00,236.1,39.7,17.8,2000.6,2853.27,10.0,2.0,2.5,NR5G-SA,n79,-101,-101,-10,18,-999,5.3
2026-05-28 11:34:38.783,2026-05-28 11:49:24.967,22.6620838,114.5197754,100.0,10.0,0.03,236.0,39.7,17.8,1998.5,2855.76,10.0,2.0,2.5,NR5G-SA,n79,-104,-104,-11,17,-999,8.4
2026-05-28 11:34:38.983,2026-05-28 11:49:25.167,22.6620707,114.5197556,100.0,10.0,0.03,235.8,39.7,17.8,1996.4,2858.27,10.0,2.0,2.5,NR5G-SA,n79,-104,-104,-11,17,-999,11.6
2026-05-28 11:34:39.200,2026-05-28 11:49:25.567,22.6620707,114.5197556,100.0,9.9,0.07,235.8,39.7,17.2,1996.4,2858.27,10.0,2.0,2.5,NR5G-SA,n79,-101,-101,-10,18,-999,9.5
2026-05-28 11:34:39.400,2026-05-28 11:49:25.767,22.6620576,114.5197359,100.0,9.9,-0.01,235.7,39.7,17.2,1994.4,2860.76,10.0,2.0,2.5,NR5G-SA,n79,-101,-101,-10,18,-999,9.4
2026-05-28 11:34:39.601,2026-05-28 11:49:25.967,22.6620445,114.5197163,100.0,9.9,0.09,235.5,28.9,17.2,1992.3,2863.25,10.0,2.0,2.5,NR5G-SA,n79,-101,-101,-10,18,-999,4.3
2026-05-28 11:34:39.801,2026-05-28 11:49:26.167,22.6620313,114.5196966,100.0,10.0,0.01,235.2,28.9,17.2,1990.2,2865.75,10.0,2.0,2.5,NR5G-SA,n79,-105,-105,-11,19,-999,6.8
2026-05-28 11:34:40.001,2026-05-28 11:49:26.567,22.6620182,114.5196769,100.0,10.0,-0.01,235.1,28.9,17.2,1988.1,2868.24,10.0,2.0,2.5,NR5G-SA,n79,-105,-105,-11,19,-999,5.7
2026-05-28 11:34:40.202,2026-05-28 11:49:26.567,22.6620182,114.5196769,100.0,10.0,-0.01,235.1,28.9,17.5,1988.1,2868.24,10.0,2.0,2.5,NR5G-SA,n79,-105,-105,-11,19,-999,9.6
2026-05-28 11:34:40.402,2026-05-28 11:49:26.767,22.6620052,114.5196571,100.0,10.0,0.04,235.0,28.9,17.5,1986.1,2870.74,10.0,2.0,2.5,NR5G-SA,n79,-103,-103,-11,18,-999,10.5
2026-05-28 11:34:40.602,2026-05-28 11:49:26.967,22.6619921,114.5196374,100.0,10.0,-0.04,235.0,0.0,17.5,1984.0,2873.23,10.0,2.0,2.5,NR5G-SA,n79,-103,-103,-11,18,-999,5.8
2026-05-28 11:34:40.803,2026-05-28 11:49:26.967,22.6619789,114.5196176,100.0,10.0,-0.02,235.0,0.0,17.5,1981.9,2875.74,10.0,2.0,2.5,NR5G-SA,n79,-103,-103,-11,18,-999,7.7
2026-05-28 11:34:41.003,2026-05-28 11:49:27.167,22.6619658,114.5195978,100.0,10.0,0.01,235.0,0.0,17.5,1979.8,2878.24,10.0,2.0,2.5,NR5G-SA,n79,-99,-99,-10,18,-999,10.3
2026-05-28 11:34:41.204,2026-05-28 11:49:27.567,22.6619658,114.5195978,100.0,10.0,0.01,235.0,0.0,17.5,1979.8,2878.24,10.0,2.0,2.5,NR5G-SA,n79,-99,-99,-10,18,-999,10.6
2026-05-28 11:34:41.404,2026-05-28 11:49:27.767,22.6619526,114.5195780,100.0,10.0,0.03,235.0,0.0,17.5,1977.7,2880.75,10.0,2.0,2.5,NR5G-SA,n79,-99,-99,-10,18,-999,11.4
2026-05-28 11:34:41.604,2026-05-28 11:49:27.967,22.6619395,114.5195582,100.0,9.9,0.02,234.9,35.5,17.5,1975.7,2883.26,10.0,2.0,2.5,NR5G-SA,n79,-99,-99,-10,18,-999,6.5
2026-05-28 11:34:41.805,2026-05-28 11:49:28.167,22.6619264,114.5195385,100.0,9.9,0.01,235.1,35.5,17.5,1973.6,2885.75,10.0,2.0,2.5,NR5G-SA,n79,-106,-106,-11,19,-999,8.8
2026-05-28 11:34:42.005,2026-05-28 11:49:28.167,22.6619133,114.5195187,100.0,10.0,0.04,235.1,35.5,17.5,1971.5,2888.25,10.0,2.0,2.5,NR5G-SA,n79,-96,-96,-10,19,-999,7.5
2026-05-28 11:34:42.205,2026-05-28 11:49:28.567,22.6619133,114.5195187,100.0,10.0,0.04,235.1,35.5,16.9,1971.5,2888.25,10.0,2.0,2.5,NR5G-SA,n79,-96,-96,-10,19,-999,10.6
2026-05-28 11:34:42.406,2026-05-28 11:49:28.767,22.6619003,114.5194990,100.0,10.0,-0.08,235.1,35.5,16.9,1969.4,2890.74,10.0,2.0,2.5,NR5G-SA,n79,-96,-96,-10,19,-999,10.1
2026-05-28 11:34:42.606,2026-05-28 11:49:28.967,22.6618871,114.5194792,100.0,10.0,-0.01,235.1,43.8,16.9,1967.4,2893.25,10.0,2.0,2.5,NR5G-SA,n79,-100,-100,-11,20,-999,5.5
2026-05-28 11:34:42.806,2026-05-28 11:49:29.167,22.6618741,114.5194594,100.0,10.0,0.02,235.2,43.8,16.9,1965.3,2895.75,10.0,2.0,2.5,NR5G-SA,n79,-100,-100,-11,20,-999,6.2
2026-05-28 11:34:43.007,2026-05-28 11:49:29.167,22.6618609,114.5194395,100.0,10.0,0.03,235.1,43.8,16.9,1963.2,2898.26,10.0,2.0,2.5,NR5G-SA,n79,-100,-100,-11,20,-999,10.3
2026-05-28 11:34:43.207,2026-05-28 11:49:29.567,22.6618609,114.5194395,100.0,10.0,0.03,235.1,43.8,16.0,1963.2,2898.26,10.0,2.0,2.5,NR5G-SA,n79,-101,-101,-11,19,-999,10.4
2026-05-28 11:34:43.407,2026-05-28 11:49:29.767,22.6618478,114.5194198,100.0,10.0,-0.01,235.0,43.8,16.0,1961.1,2900.76,10.0,2.0,2.5,NR5G-SA,n79,-101,-101,-11,19,-999,6.2
2026-05-28 11:34:43.608,2026-05-28 11:49:29.967,22.6618347,114.5194000,100.0,10.0,0.02,235.1,40.9,16.0,1959.1,2903.26,10.0,2.0,2.5,NR5G-SA,n79,-101,-101,-11,19,-999,6.1
2026-05-28 11:34:43.809,2026-05-28 11:49:30.167,22.6618217,114.5193801,100.0,10.0,0.03,235.1,40.9,16.0,1957.0,2905.77,10.0,2.0,2.5,NR5G-SA,n79,-101,-101,-11,20,-999,6.6
2026-05-28 11:34:44.009,2026-05-28 11:49:30.167,22.6618086,114.5193602,100.0,10.0,0.02,235.2,40.9,16.0,1954.9,2908.28,10.0,2.0,2.5,NR5G-SA,n79,-101,-101,-11,20,-999,7.2
2026-05-28 11:34:44.209,2026-05-28 11:49:30.567,22.6618086,114.5193602,100.0,10.0,0.02,235.2,40.9,17.5,1954.9,2908.28,10.0,2.0,2.5,NR5G-SA,n79,-101,-101,-11,19,-999,11.4
2026-05-28 11:34:44.410,2026-05-28 11:49:30.767,22.6617956,114.5193404,100.0,10.0,0.09,235.2,40.9,17.5,1952.8,2910.77,10.0,2.0,2.5,NR5G-SA,n79,-101,-101,-11,19,-999,8.2
2026-05-28 11:34:44.610,2026-05-28 11:49:30.967,22.6617824,114.5193207,100.0,10.0,-0.02,235.2,19.2,17.5,1950.8,2913.27,10.0,2.0,2.5,NR5G-SA,n79,-101,-101,-11,19,-999,5.8
2026-05-28 11:34:44.811,2026-05-28 11:49:31.167,22.6617692,114.5193012,100.0,9.9,0.03,235.2,19.2,17.5,1948.7,2915.76,10.0,2.0,2.5,NR5G-SA,n79,-98,-98,-10,21,-999,5.1
2026-05-28 11:34:45.011,2026-05-28 11:49:31.167,22.6617559,114.5192816,100.0,10.0,0.01,235.2,19.2,17.5,1946.7,2918.26,10.0,2.0,2.5,NR5G-SA,n79,-98,-98,-10,21,-999,9.7
2026-05-28 11:34:45.211,2026-05-28 11:49:31.567,22.6617559,114.5192816,100.0,10.0,0.01,235.2,19.2,17.9,1946.7,2918.26,10.0,2.0,2.5,NR5G-SA,n79,-98,-98,-10,21,-999,16.2
2026-05-28 11:34:45.412,2026-05-28 11:49:31.767,22.6617427,114.5192619,100.0,10.0,0.06,235.2,19.2,17.9,1944.6,2920.76,10.0,2.0,2.5,NR5G-SA,n79,-105,-105,-11,20,-999,9.3
2026-05-28 11:34:45.612,2026-05-28 11:49:31.967,22.6617296,114.5192422,100.0,10.0,0.02,235.1,0.0,17.9,1942.6,2923.25,10.0,2.0,2.5,NR5G-SA,n79,-105,-105,-11,20,-999,6.2
2026-05-28 11:34:45.812,2026-05-28 11:49:32.167,22.6617164,114.5192225,100.0,10.0,0.01,235.1,0.0,17.9,1940.5,2925.75,10.0,2.0,2.5,NR5G-SA,n79,-99,-99,-10,20,-999,7.3
2026-05-28 11:34:46.013,2026-05-28 11:49:32.167,22.6617034,114.5192028,100.0,10.0,-0.02,235.1,0.0,17.9,1938.5,2928.24,10.0,2.0,2.5,NR5G-SA,n79,-99,-99,-10,20,-999,9.8
2026-05-28 11:34:46.213,2026-05-28 11:49:32.567,22.6617034,114.5192028,100.0,10.0,-0.02,235.1,0.0,17.9,1938.5,2928.24,10.0,2.0,2.5,NR5G-SA,n79,-99,-99,-10,20,-999,15.9
2026-05-28 11:34:46.414,2026-05-28 11:49:32.767,22.6616903,114.5191830,100.0,10.0,0.04,235.1,0.0,18.5,1936.4,2930.74,10.0,2.0,2.5,NR5G-SA,n79,-99,-99,-10,21,-999,8.7
2026-05-28 11:34:46.614,2026-05-28 11:49:32.967,22.6616772,114.5191632,100.0,10.0,0.04,235.1,8.0,18.5,1934.4,2933.25,10.0,2.0,2.5,NR5G-SA,n79,-99,-99,-10,21,-999,4.7
2026-05-28 11:34:46.814,2026-05-28 11:49:33.167,22.6616641,114.5191435,99.9,10.0,0.01,235.0,8.0,18.5,1932.3,2935.74,10.0,2.0,2.5,NR5G-SA,n79,-99,-99,-10,21,-999,4.4
2026-05-28 11:34:47.015,2026-05-28 11:49:33.167,22.6616509,114.5191238,100.0,10.0,0.03,234.9,8.0,18.5,1930.3,2938.24,10.0,2.0,2.5,NR5G-SA,n79,-105,-105,-11,21,-999,8.8
2026-05-28 11:34:47.215,2026-05-28 11:49:33.567,22.6616509,114.5191238,100.0,10.0,0.03,234.9,8.0,18.5,1930.3,2938.24,10.0,2.0,2.5,NR5G-SA,n79,-105,-105,-11,21,-999,11.0
2026-05-28 11:34:47.415,2026-05-28 11:49:33.767,22.6616378,114.5191042,100.0,10.0,0.03,234.9,8.0,18.9,1928.2,2940.73,10.0,2.0,2.5,NR5G-SA,n79,-105,-105,-11,21,-999,10.2
2026-05-28 11:34:47.616,2026-05-28 11:49:33.967,22.6616247,114.5190844,100.0,10.0,0.01,234.9,0.0,18.9,1926.2,2943.23,10.0,2.0,2.5,NR5G-SA,n79,-104,-104,-11,21,-999,7.5
2026-05-28 11:34:47.816,2026-05-28 11:49:34.167,22.6616116,114.5190646,100.0,10.0,0.06,235.0,0.0,18.9,1924.1,2945.73,10.0,2.0,2.5,NR5G-SA,n79,-104,-104,-11,21,-999,6.4
2026-05-28 11:34:48.016,2026-05-28 11:49:34.167,22.6615987,114.5190448,99.9,10.0,0.05,235.1,0.0,18.9,1922.1,2948.22,10.0,2.0,2.5,NR5G-SA,n79,-104,-104,-11,21,-999,8.8
2026-05-28 11:34:48.217,2026-05-28 11:49:34.567,22.6615987,114.5190448,99.9,10.0,0.05,235.1,0.0,18.9,1922.1,2948.22,10.0,2.0,2.5,NR5G-SA,n79,-101,-101,-10,21,-999,16.3
2026-05-28 11:34:48.417,2026-05-28 11:49:34.767,22.6615857,114.5190250,100.0,10.0,0.06,235.0,0.0,20.2,1920.0,2950.72,10.0,2.0,2.5,NR5G-SA,n79,-101,-101,-10,21,-999,10.5
2026-05-28 11:34:48.617,2026-05-28 11:49:34.967,22.6615725,114.5190051,100.0,10.0,0.09,234.8,3.8,20.2,1917.9,2953.24,10.0,2.0,2.5,NR5G-SA,n79,-101,-101,-10,21,-999,6.1
2026-05-28 11:34:48.818,2026-05-28 11:49:35.167,22.6615593,114.5189853,100.0,10.0,0.03,234.8,3.8,20.2,1915.9,2955.75,10.0,2.0,2.5,NR5G-SA,n79,-98,-98,-10,21,-999,5.3
2026-05-28 11:34:49.018,2026-05-28 11:49:35.167,22.6615461,114.5189656,100.0,10.0,0.08,234.7,3.8,20.2,1913.8,2958.25,10.0,2.0,2.5,NR5G-SA,n79,-98,-98,-10,21,-999,7.6
2026-05-28 11:34:49.218,2026-05-28 11:49:35.567,22.6615461,114.5189656,100.0,10.0,0.08,234.7,3.8,20.2,1913.8,2958.25,10.0,2.0,2.5,NR5G-SA,n79,-102,-102,-11,20,-999,16.0
2026-05-28 11:34:49.419,2026-05-28 11:49:35.767,22.6615329,114.5189459,100.0,10.0,0.07,234.7,3.8,19.6,1911.8,2960.75,10.0,2.0,2.5,NR5G-SA,n79,-102,-102,-11,20,-999,7.2
2026-05-28 11:34:49.619,2026-05-28 11:49:35.967,22.6615198,114.5189261,100.0,10.0,0.01,234.7,0.0,19.6,1909.8,2963.25,10.0,2.0,2.5,NR5G-SA,n79,-102,-102,-11,20,-999,6.3
2026-05-28 11:34:49.819,2026-05-28 11:49:36.167,22.6615067,114.5189063,100.0,10.0,0.00,234.7,0.0,19.6,1907.7,2965.75,10.0,2.0,2.5,NR5G-SA,n79,-96,-96,-10,20,-999,4.6
2026-05-28 11:34:50.020,2026-05-28 11:49:36.167,22.6614936,114.5188865,100.0,10.0,-0.02,234.7,0.0,19.6,1905.7,2968.26,10.0,2.0,2.5,NR5G-SA,n79,-96,-96,-10,20,-999,8.2
2026-05-28 11:34:50.220,2026-05-28 11:49:36.567,22.6614936,114.5188865,100.0,10.0,-0.02,234.7,0.0,19.6,1905.7,2968.26,10.0,2.0,2.5,NR5G-SA,n79,-96,-96,-10,20,-999,14.9
2026-05-28 11:34:50.420,2026-05-28 11:49:36.767,22.6614804,114.5188668,100.0,10.0,-0.02,234.7,0.0,19.4,1903.6,2970.76,10.0,2.0,2.5,NR5G-SA,n79,-101,-101,-11,20,-999,10.1
2026-05-28 11:34:50.621,2026-05-28 11:49:36.967,22.6614672,114.5188470,100.0,10.0,0.03,234.8,14.8,19.4,1901.6,2973.27,10.0,2.0,2.5,NR5G-SA,n79,-101,-101,-11,20,-999,7.9
2026-05-28 11:34:50.821,2026-05-28 11:49:37.167,22.6614540,114.5188273,100.0,10.0,0.03,234.7,14.8,19.4,1899.6,2975.77,10.0,2.0,2.5,NR5G-SA,n79,-105,-105,-11,19,-999,4.4
2026-05-28 11:34:51.022,2026-05-28 11:49:37.167,22.6614409,114.5188076,100.0,10.0,-0.01,234.7,14.8,19.4,1897.5,2978.26,10.0,2.0,2.5,NR5G-SA,n79,-105,-105,-11,19,-999,8.6
2026-05-28 11:34:51.222,2026-05-28 11:49:37.567,22.6614409,114.5188076,100.0,10.0,-0.01,234.7,14.8,19.4,1897.5,2978.26,10.0,2.0,2.5,NR5G-SA,n79,-105,-105,-11,19,-999,14.1
2026-05-28 11:34:51.423,2026-05-28 11:49:37.767,22.6614278,114.5187878,100.0,10.0,0.08,234.7,14.8,20.2,1895.5,2980.76,10.0,2.0,2.5,NR5G-SA,n79,-102,-102,-11,20,-999,9.8
2026-05-28 11:34:51.623,2026-05-28 11:49:37.967,22.6614148,114.5187680,100.0,10.0,0.01,234.7,43.5,20.2,1893.4,2983.26,10.0,2.0,2.5,NR5G-SA,n79,-102,-102,-11,20,-999,6.9
2026-05-28 11:34:51.823,2026-05-28 11:49:38.167,22.6614017,114.5187482,100.0,10.0,0.06,234.7,43.5,20.2,1891.4,2985.76,10.0,2.0,2.5,NR5G-SA,n79,-102,-102,-11,20,-999,5.3
2026-05-28 11:34:52.024,2026-05-28 11:49:38.167,22.6613886,114.5187284,100.0,10.0,-0.02,234.5,43.5,20.2,1889.4,2988.27,10.0,2.0,2.5,NR5G-SA,n79,-96,-96,-10,20,-999,7.1
2026-05-28 11:34:52.224,2026-05-28 11:49:38.567,22.6613755,114.5187087,100.0,10.0,-0.02,234.5,43.5,20.2,1887.3,2990.76,10.0,2.0,2.5,NR5G-SA,n79,-96,-96,-10,20,-999,14.5
2026-05-28 11:34:52.424,2026-05-28 11:49:38.767,22.6613755,114.5187087,100.0,10.0,0.00,234.5,43.5,20.4,1887.3,2990.76,10.0,2.0,2.5,NR5G-SA,n79,-96,-96,-10,20,-999,9.2
2026-05-28 11:34:52.625,2026-05-28 11:49:38.967,22.6613623,114.5186890,100.0,10.0,-0.06,234.3,23.6,20.4,1885.3,2993.26,10.0,2.0,2.5,NR5G-SA,n79,-100,-100,-11,20,-999,4.9
2026-05-28 11:34:52.825,2026-05-28 11:49:39.167,22.6613492,114.5186693,100.0,10.0,0.03,234.2,23.6,20.4,1883.3,2995.76,10.0,2.0,2.5,NR5G-SA,n79,-100,-100,-11,20,-999,4.7
2026-05-28 11:34:53.025,2026-05-28 11:49:39.567,22.6613360,114.5186496,100.0,10.0,0.03,234.2,23.6,20.4,1881.3,2998.26,10.0,2.0,2.5,NR5G-SA,n79,-112,-112,-11,16,-999,5.0
2026-05-28 11:34:53.226,2026-05-28 11:49:39.567,22.6613227,114.5186298,100.0,10.0,0.03,234.2,23.6,20.4,1879.2,3000.77,10.0,2.0,2.5,NR5G-SA,n79,-112,-112,-11,16,-999,12.9
2026-05-28 11:34:53.426,2026-05-28 11:49:39.767,22.6613227,114.5186298,100.0,10.0,-0.02,234.2,23.6,22.1,1879.2,3000.77,10.0,2.0,2.5,NR5G-SA,n79,-112,-112,-11,16,-999,10.0
2026-05-28 11:34:53.626,2026-05-28 11:49:39.967,22.6613095,114.5186100,100.0,10.0,0.05,234.3,38.2,22.1,1877.2,3003.28,10.0,2.0,2.5,NR5G-SA,n79,-102,-102,-11,21,-999,5.8
2026-05-28 11:34:53.827,2026-05-28 11:49:40.167,22.6612964,114.5185901,100.0,10.0,0.04,234.4,38.2,22.1,1875.2,3005.79,10.0,2.0,2.5,NR5G-SA,n79,-102,-102,-11,21,-999,4.8
2026-05-28 11:34:54.027,2026-05-28 11:49:40.567,22.6612833,114.5185702,100.0,10.0,0.01,234.4,38.2,22.1,1873.1,3008.30,10.0,2.0,2.5,NR5G-SA,n79,-102,-102,-11,21,-999,7.4
2026-05-28 11:34:54.227,2026-05-28 11:49:40.567,22.6612701,114.5185503,100.0,10.1,-0.05,234.5,38.2,22.1,1871.1,3010.82,10.0,2.0,2.5,NR5G-SA,n79,-99,-99,-10,20,-999,12.8
2026-05-28 11:34:54.428,2026-05-28 11:49:40.767,22.6612701,114.5185503,100.0,10.1,-0.05,234.5,38.2,22.1,1871.1,3010.82,10.0,2.0,2.5,NR5G-SA,n79,-99,-99,-10,20,-999,10.4
2026-05-28 11:34:54.628,2026-05-28 11:49:40.967,22.6612570,114.5185305,100.0,10.0,0.03,234.5,46.9,22.8,1869.1,3013.32,10.0,2.0,2.5,NR5G-SA,n79,-99,-99,-10,20,-999,6.6
2026-05-28 11:34:54.828,2026-05-28 11:49:41.167,22.6612439,114.5185107,100.0,10.0,-0.01,234.5,46.9,22.8,1867.0,3015.83,10.0,2.0,2.5,NR5G-SA,n79,-111,-111,-11,20,-999,4.8
2026-05-28 11:34:55.029,2026-05-28 11:49:41.567,22.6612307,114.5184910,100.0,10.0,-0.01,234.6,46.9,22.8,1865.0,3018.33,10.0,2.0,2.5,NR5G-SA,n79,-111,-111,-11,20,-999,5.5
2026-05-28 11:34:55.229,2026-05-28 11:49:41.567,22.6612176,114.5184713,100.0,10.0,-0.01,234.7,46.9,22.8,1863.0,3020.82,10.0,2.0,2.5,NR5G-SA,n79,-101,-101,-11,20,-999,13.2
2026-05-28 11:34:55.429,2026-05-28 11:49:41.767,22.6612176,114.5184713,100.0,10.0,-0.02,234.7,46.9,22.8,1863.0,3020.82,10.0,2.0,2.5,NR5G-SA,n79,-101,-101,-11,20,-999,11.0
2026-05-28 11:34:55.630,2026-05-28 11:49:41.967,22.6612045,114.5184517,100.0,10.0,0.04,234.8,32.4,23.1,1861.0,3023.31,10.0,2.0,2.5,NR5G-SA,n79,-101,-101,-11,20,-999,6.8
2026-05-28 11:34:55.830,2026-05-28 11:49:42.167,22.6611913,114.5184320,100.0,10.0,0.02,234.8,32.4,23.1,1859.0,3025.81,10.0,2.0,2.5,NR5G-SA,n79,-104,-104,-11,20,-999,5.3
2026-05-28 11:34:56.030,2026-05-28 11:49:42.567,22.6611782,114.5184123,100.0,9.9,-0.00,234.7,32.4,23.1,1857.0,3028.30,10.0,2.0,2.5,NR5G-SA,n79,-104,-104,-11,20,-999,6.9
2026-05-28 11:34:56.231,2026-05-28 11:49:42.567,22.6611650,114.5183925,100.0,9.9,-0.02,234.7,32.4,23.1,1855.0,3030.81,10.0,2.0,2.5,NR5G-SA,n79,-104,-104,-11,20,-999,13.2
2026-05-28 11:34:56.431,2026-05-28 11:49:42.767,22.6611650,114.5183925,100.0,9.9,-0.02,234.7,32.4,23.1,1855.0,3030.81,10.0,2.0,2.5,NR5G-SA,n79,-109,-109,-11,20,-999,8.8
2026-05-28 11:34:56.631,2026-05-28 11:49:42.967,22.6611519,114.5183728,100.0,10.0,0.02,234.7,37.2,23.1,1853.0,3033.31,10.0,2.0,2.5,NR5G-SA,n79,-109,-109,-11,20,-999,6.1
2026-05-28 11:34:56.831,2026-05-28 11:49:43.167,22.6611388,114.5183532,100.0,10.0,-0.03,234.5,37.2,23.1,1851.0,3035.79,10.0,2.0,2.5,NR5G-SA,n79,-109,-109,-11,20,-999,4.7
2026-05-28 11:34:57.032,2026-05-28 11:49:43.567,22.6611257,114.5183334,100.0,10.0,0.06,234.4,37.2,23.1,1849.0,3038.30,10.0,2.0,2.5,NR5G-SA,n79,-105,-105,-11,20,-999,6.2
2026-05-28 11:34:57.232,2026-05-28 11:49:43.567,22.6611125,114.5183137,100.0,10.0,0.06,234.3,37.2,23.1,1847.0,3040.80,10.0,2.0,2.5,NR5G-SA,n79,-105,-105,-11,20,-999,14.1
2026-05-28 11:34:57.432,2026-05-28 11:49:43.767,22.6611125,114.5183137,100.0,10.0,0.04,234.3,37.2,23.1,1847.0,3040.80,10.0,2.0,2.5,NR5G-SA,n79,-100,-100,-11,19,-999,7.7
2026-05-28 11:34:57.633,2026-05-28 11:49:43.967,22.6610993,114.5182939,100.0,10.0,-0.01,234.2,25.6,24.1,1845.0,3043.31,10.0,2.0,2.5,NR5G-SA,n79,-100,-100,-11,19,-999,6.7
2026-05-28 11:34:57.833,2026-05-28 11:49:44.167,22.6610862,114.5182741,100.0,10.0,-0.04,234.3,25.6,24.1,1843.0,3045.81,10.0,2.0,2.5,NR5G-SA,n79,-100,-100,-11,19,-999,5.7
2026-05-28 11:34:58.034,2026-05-28 11:49:44.567,22.6610732,114.5182545,100.0,9.9,-0.03,234.4,25.6,24.1,1841.0,3048.29,10.0,2.0,2.5,NR5G-SA,n79,-94,-94,-11,22,-999,5.4
2026-05-28 11:34:58.234,2026-05-28 11:49:44.567,22.6610603,114.5182347,100.0,9.9,-0.03,234.5,25.6,24.1,1839.0,3050.78,10.0,2.0,2.5,NR5G-SA,n79,-94,-94,-11,22,-999,13.4
2026-05-28 11:34:58.434,2026-05-28 11:49:44.767,22.6610603,114.5182347,100.0,10.0,-0.02,234.5,25.6,24.1,1839.0,3050.78,10.0,2.0,2.5,NR5G-SA,n79,-94,-94,-11,22,-999,9.3
2026-05-28 11:34:58.635,2026-05-28 11:49:44.967,22.6610472,114.5182150,100.0,10.0,-0.04,234.5,42.2,22.9,1837.0,3053.27,10.0,2.0,2.5,NR5G-SA,n79,-103,-103,-11,19,-999,4.7
2026-05-28 11:34:58.835,2026-05-28 11:49:45.167,22.6610340,114.5181953,100.0,9.9,0.11,234.5,42.2,22.9,1835.0,3055.77,10.0,2.0,2.5,NR5G-SA,n79,-103,-103,-11,19,-999,4.9
2026-05-28 11:34:59.036,2026-05-28 11:49:45.167,22.6610209,114.5181756,100.0,10.0,0.02,234.5,42.2,22.9,1833.0,3058.27,10.0,2.0,2.5,NR5G-SA,n79,-103,-103,-11,19,-999,7.8
2026-05-28 11:34:59.236,2026-05-28 11:49:45.567,22.6610078,114.5181560,100.0,9.9,0.05,234.5,42.2,22.9,1831.0,3060.75,10.0,2.0,2.5,NR5G-SA,n79,-96,-96,-11,19,-999,9.9
2026-05-28 11:34:59.436,2026-05-28 11:49:45.767,22.6610078,114.5181560,100.0,9.9,0.05,234.5,42.2,22.9,1831.0,3060.75,10.0,2.0,2.5,NR5G-SA,n79,-96,-96,-11,19,-999,11.1
2026-05-28 11:34:59.637,2026-05-28 11:49:45.967,22.6609948,114.5181364,100.0,10.0,-0.04,234.4,16.2,22.3,1829.0,3063.23,10.0,2.0,2.5,NR5G-SA,n79,-96,-96,-11,19,-999,6.2
2026-05-28 11:34:59.837,2026-05-28 11:49:46.167,22.6609818,114.5181167,100.0,10.0,-0.00,234.6,16.2,22.3,1827.0,3065.72,10.0,2.0,2.5,NR5G-SA,n79,-96,-96,-11,19,-999,5.0
2026-05-28 11:35:00.037,2026-05-28 11:49:46.567,22.6609688,114.5180970,100.0,10.0,-0.03,234.8,16.2,22.3,1825.0,3068.21,10.0,2.0,2.5,NR5G-SA,n79,-97,-97,-11,19,-999,7.1
2026-05-28 11:35:00.238,2026-05-28 11:49:46.567,22.6609558,114.5180773,100.0,10.0,-0.01,235.0,16.2,22.3,1823.0,3070.70,10.0,2.0,2.5,NR5G-SA,n79,-99,-99,-11,20,-999,11.6
2026-05-28 11:35:00.438,2026-05-28 11:49:46.767,22.6609558,114.5180773,100.0,10.0,-0.01,235.0,16.2,22.3,1823.0,3070.70,10.0,2.0,2.5,NR5G-SA,n79,-99,-99,-11,20,-999,11.0
2026-05-28 11:35:00.639,2026-05-28 11:49:46.967,22.6609426,114.5180575,100.0,10.0,0.00,235.1,0.0,23.0,1821.0,3073.21,10.0,2.0,2.5,NR5G-SA,n79,-99,-99,-11,20,-999,7.8
2026-05-28 11:35:00.839,2026-05-28 11:49:47.167,22.6609295,114.5180376,100.0,10.1,0.04,235.2,0.0,23.0,1819.0,3075.72,10.0,2.0,2.5,NR5G-SA,n79,-97,-97,-11,19,-999,5.7
2026-05-28 11:35:01.039,2026-05-28 11:49:47.567,22.6609163,114.5180178,100.0,10.0,-0.01,235.1,0.0,23.0,1817.0,3078.23,10.0,2.0,2.5,NR5G-SA,n79,-97,-97,-11,19,-999,4.6
2026-05-28 11:35:01.240,2026-05-28 11:49:47.567,22.6609032,114.5179980,100.0,10.1,-0.01,235.0,0.0,23.0,1815.1,3080.73,10.0,2.0,2.5,NR5G-SA,n79,-97,-97,-11,19,-999,13.2
2026-05-28 11:35:01.440,2026-05-28 11:49:47.767,22.6609032,114.5179980,100.0,10.1,-0.01,235.0,0.0,23.0,1815.1,3080.73,10.0,2.0,2.5,NR5G-SA,n79,-95,-95,-10,18,-999,10.6
2026-05-28 11:35:01.640,2026-05-28 11:49:47.967,22.6608900,114.5179782,100.0,10.0,0.00,234.9,5.5,22.4,1813.1,3083.24,10.0,2.0,2.5,NR5G-SA,n79,-95,-95,-10,18,-999,5.9
2026-05-28 11:35:01.841,2026-05-28 11:49:48.167,22.6608767,114.5179585,100.0,10.0,-0.00,234.8,5.5,22.4,1811.1,3085.75,10.0,2.0,2.5,NR5G-SA,n79,-104,-104,-11,19,-999,4.8
2026-05-28 11:35:02.041,2026-05-28 11:49:48.567,22.6608635,114.5179387,100.0,10.0,0.02,234.7,5.5,22.4,1809.1,3088.26,10.0,2.0,2.5,NR5G-SA,n79,-104,-104,-11,19,-999,5.7
2026-05-28 11:35:02.241,2026-05-28 11:49:48.567,22.6608503,114.5179191,100.0,10.0,-0.00,234.6,5.5,22.4,1807.1,3090.75,10.0,2.0,2.5,NR5G-SA,n79,-104,-104,-11,19,-999,10.8
2026-05-28 11:35:02.442,2026-05-28 11:49:48.767,22.6608503,114.5179191,100.0,10.0,-0.00,234.6,5.5,22.4,1807.1,3090.75,10.0,2.0,2.5,NR5G-SA,n79,-99,-99,-11,19,-999,7.3
2026-05-28 11:35:02.642,2026-05-28 11:49:48.967,22.6608371,114.5178994,100.0,10.0,-0.04,234.7,0.0,22.4,1805.2,3093.25,10.0,2.0,2.5,NR5G-SA,n79,-99,-99,-11,19,-999,5.5
2026-05-28 11:35:02.843,2026-05-28 11:49:49.167,22.6608240,114.5178796,100.0,10.0,0.01,234.7,0.0,21.2,1803.2,3095.75,10.0,2.0,2.5,NR5G-SA,n79,-99,-99,-11,19,-999,6.0
2026-05-28 11:35:03.043,2026-05-28 11:49:49.567,22.6608108,114.5178598,100.0,10.0,0.05,234.6,0.0,21.2,1801.2,3098.26,10.0,2.0,2.5,NR5G-SA,n79,-96,-96,-11,20,-999,6.2
2026-05-28 11:35:03.243,2026-05-28 11:49:49.567,22.6607977,114.5178400,99.9,10.0,0.05,234.5,0.0,21.2,1799.2,3100.76,10.0,2.0,2.5,NR5G-SA,n79,-96,-96,-11,20,-999,12.4
2026-05-28 11:35:03.444,2026-05-28 11:49:49.767,22.6607977,114.5178400,99.9,10.0,0.05,234.5,0.0,21.2,1799.2,3100.76,10.0,2.0,2.5,NR5G-SA,n79,-96,-96,-11,20,-999,9.5
2026-05-28 11:35:03.644,2026-05-28 11:49:49.967,22.6607846,114.5178202,99.9,10.0,0.06,234.5,6.2,21.2,1797.2,3103.27,10.0,2.0,2.5,NR5G-SA,n79,-95,-95,-11,20,-999,6.1
2026-05-28 11:35:03.845,2026-05-28 11:49:50.167,22.6607715,114.5178003,99.9,10.0,0.02,234.6,6.2,20.4,1795.2,3105.78,10.0,2.0,2.5,NR5G-SA,n79,-95,-95,-11,20,-999,4.4
2026-05-28 11:35:04.045,2026-05-28 11:49:50.567,22.6607584,114.5177805,99.9,10.0,0.03,234.7,6.2,20.4,1793.3,3108.28,10.0,2.0,2.5,NR5G-SA,n79,-95,-95,-11,20,-999,5.8
2026-05-28 11:35:04.245,2026-05-28 11:49:50.567,22.6607454,114.5177608,99.9,10.0,-0.01,234.8,6.2,20.4,1791.3,3110.77,10.0,2.0,2.5,NR5G-SA,n79,-101,-101,-11,20,-999,11.9
2026-05-28 11:35:04.446,2026-05-28 11:49:50.767,22.6607454,114.5177608,99.9,10.0,-0.01,234.8,6.2,20.4,1791.3,3110.77,10.0,2.0,2.5,NR5G-SA,n79,-101,-101,-11,20,-999,11.2
2026-05-28 11:35:04.646,2026-05-28 11:49:50.967,22.6607324,114.5177411,99.9,10.0,0.03,234.9,0.0,20.4,1789.3,3113.26,10.0,2.0,2.5,NR5G-SA,n79,-96,-96,-11,19,-999,4.9
2026-05-28 11:35:04.846,2026-05-28 11:49:51.167,22.6607193,114.5177214,100.0,10.0,0.12,235.1,0.0,19.8,1787.4,3115.75,10.0,2.0,2.5,NR5G-SA,n79,-96,-96,-11,19,-999,5.5
2026-05-28 11:35:05.047,2026-05-28 11:49:51.567,22.6607062,114.5177017,100.0,10.0,0.10,234.9,0.0,19.8,1785.4,3118.24,10.0,2.0,2.5,NR5G-SA,n79,-96,-96,-11,19,-999,5.0
2026-05-28 11:35:05.247,2026-05-28 11:49:51.567,22.6606931,114.5176819,100.0,10.0,-0.00,234.7,0.0,19.8,1783.4,3120.75,10.0,2.0,2.5,NR5G-SA,n79,-97,-97,-11,19,-999,10.0
2026-05-28 11:35:05.447,2026-05-28 11:49:51.767,22.6606931,114.5176819,100.0,10.0,-0.00,234.7,0.0,19.8,1783.4,3120.75,10.0,2.0,2.5,NR5G-SA,n79,-97,-97,-11,19,-999,10.8
2026-05-28 11:35:05.648,2026-05-28 11:49:51.967,22.6606798,114.5176622,100.0,10.0,0.01,234.5,16.9,19.8,1781.5,3123.25,10.0,2.0,2.5,NR5G-SA,n79,-97,-97,-11,19,-999,5.7
2026-05-28 11:35:05.848,2026-05-28 11:49:52.167,22.6606666,114.5176424,100.0,10.0,0.01,234.3,16.9,19.2,1779.5,3125.76,10.0,2.0,2.5,NR5G-SA,n79,-99,-99,-11,19,-999,4.6
2026-05-28 11:35:06.048,2026-05-28 11:49:52.567,22.6606534,114.5176226,100.0,10.0,-0.03,234.2,16.9,19.2,1777.5,3128.27,10.0,2.0,2.5,NR5G-SA,n79,-99,-99,-11,19,-999,5.9
2026-05-28 11:35:06.248,2026-05-28 11:49:52.567,22.6606402,114.5176029,100.0,10.1,0.05,234.1,16.9,19.2,1775.6,3130.77,10.0,2.0,2.5,NR5G-SA,n79,-99,-99,-11,19,-999,9.5
2026-05-28 11:35:06.449,2026-05-28 11:49:52.767,22.6606402,114.5176029,100.0,10.1,0.05,234.1,16.9,19.2,1775.6,3130.77,10.0,2.0,2.5,NR5G-SA,n79,-96,-96,-10,18,-999,11.1
2026-05-28 11:35:06.649,2026-05-28 11:49:52.967,22.6606270,114.5175831,100.0,10.0,0.08,234.3,41.6,19.2,1773.6,3133.28,10.0,2.0,2.5,NR5G-SA,n79,-96,-96,-10,18,-999,7.1
2026-05-28 11:35:06.849,2026-05-28 11:49:53.167,22.6606140,114.5175633,100.0,10.0,0.03,234.6,41.6,18.3,1771.6,3135.78,10.0,2.0,2.5,NR5G-SA,n79,-94,-94,-10,19,-999,5.7
2026-05-28 11:35:07.050,2026-05-28 11:49:53.567,22.6606010,114.5175434,100.0,10.0,0.01,234.7,41.6,18.3,1769.7,3138.28,10.0,2.0,2.5,NR5G-SA,n79,-94,-94,-10,19,-999,6.7
2026-05-28 11:35:07.250,2026-05-28 11:49:53.567,22.6605880,114.5175236,100.0,10.0,0.02,234.9,41.6,18.3,1767.7,3140.78,10.0,2.0,2.5,NR5G-SA,n79,-94,-94,-10,19,-999,10.1
2026-05-28 11:35:07.451,2026-05-28 11:49:53.767,22.6605880,114.5175236,100.0,10.0,0.02,234.9,41.6,18.3,1767.7,3140.78,10.0,2.0,2.5,NR5G-SA,n79,-104,-104,-11,20,-999,10.1
2026-05-28 11:35:07.651,2026-05-28 11:49:53.967,22.6605750,114.5175039,100.0,9.9,0.05,235.1,26.2,18.3,1765.8,3143.27,10.0,2.0,2.5,NR5G-SA,n79,-104,-104,-11,20,-999,5.7
2026-05-28 11:35:07.851,2026-05-28 11:49:54.167,22.6605619,114.5174841,100.0,10.0,0.02,235.2,26.2,19.1,1763.8,3145.77,10.0,2.0,2.5,NR5G-SA,n79,-104,-104,-11,20,-999,5.6
2026-05-28 11:35:08.052,2026-05-28 11:49:54.567,22.6605487,114.5174644,100.0,10.0,-0.01,235.2,26.2,19.1,1761.8,3148.27,10.0,2.0,2.5,NR5G-SA,n79,-96,-96,-10,21,-999,4.9
2026-05-28 11:35:08.252,2026-05-28 11:49:54.767,22.6605355,114.5174446,100.0,10.0,0.01,235.4,26.2,19.1,1759.9,3150.78,10.0,2.0,2.5,NR5G-SA,n79,-96,-96,-10,21,-999,7.7
2026-05-28 11:35:08.452,2026-05-28 11:49:54.767,22.6605355,114.5174446,100.0,10.0,0.01,235.4,26.2,19.1,1759.9,3150.78,10.0,2.0,2.5,NR5G-SA,n79,-96,-96,-10,21,-999,10.6
2026-05-28 11:35:08.653,2026-05-28 11:49:54.967,22.6605224,114.5174249,100.0,10.0,0.05,235.5,37.4,19.1,1757.9,3153.28,10.0,2.0,2.5,NR5G-SA,n79,-98,-98,-10,20,-999,7.5
2026-05-28 11:35:08.853,2026-05-28 11:49:55.167,22.6605092,114.5174052,100.0,10.0,0.06,235.3,37.4,18.6,1756.0,3155.78,10.0,2.0,2.5,NR5G-SA,n79,-98,-98,-10,20,-999,6.7
2026-05-28 11:35:09.053,2026-05-28 11:49:55.567,22.6604960,114.5173855,100.0,10.0,0.01,235.1,37.4,18.6,1754.1,3158.28,10.0,2.0,2.5,NR5G-SA,n79,-100,-100,-11,20,-999,5.5
2026-05-28 11:35:09.254,2026-05-28 11:49:55.567,22.6604828,114.5173656,100.0,10.0,-0.01,235.0,37.4,18.6,1752.1,3160.79,10.0,2.0,2.5,NR5G-SA,n79,-100,-100,-11,20,-999,9.1
2026-05-28 11:35:09.454,2026-05-28 11:49:55.767,22.6604828,114.5173656,100.0,10.0,-0.01,235.0,37.4,18.6,1752.1,3160.79,10.0,2.0,2.5,NR5G-SA,n79,-100,-100,-11,20,-999,9.8
2026-05-28 11:35:09.654,2026-05-28 11:49:55.967,22.6604697,114.5173459,100.0,10.0,0.03,234.8,48.1,18.6,1750.2,3163.29,10.0,2.0,2.5,NR5G-SA,n79,-101,-101,-11,20,-999,5.1
2026-05-28 11:35:09.855,2026-05-28 11:49:56.167,22.6604565,114.5173262,100.0,9.9,0.04,234.6,48.1,20.4,1748.2,3165.79,10.0,2.0,2.5,NR5G-SA,n79,-101,-101,-11,20,-999,5.6
2026-05-28 11:35:10.055,2026-05-28 11:49:56.567,22.6604434,114.5173065,100.0,10.0,-0.02,234.5,48.1,20.4,1746.3,3168.28,10.0,2.0,2.5,NR5G-SA,n79,-101,-101,-11,20,-999,3.6
2026-05-28 11:35:10.256,2026-05-28 11:49:56.567,22.6604302,114.5172869,100.0,9.9,-0.00,234.4,48.1,20.4,1744.4,3170.78,10.0,2.0,2.5,NR5G-SA,n79,-93,-93,-10,19,-999,10.4
2026-05-28 11:35:10.456,2026-05-28 11:49:56.767,22.6604302,114.5172869,100.0,9.9,-0.00,234.4,48.1,20.4,1744.4,3170.78,10.0,2.0,2.5,NR5G-SA,n79,-93,-93,-10,19,-999,7.9
2026-05-28 11:35:10.656,2026-05-28 11:49:56.967,22.6604171,114.5172674,100.0,10.0,-0.00,234.2,28.9,20.4,1742.5,3173.25,10.0,2.0,2.5,NR5G-SA,n79,-93,-93,-10,19,-999,5.6
2026-05-28 11:35:10.857,2026-05-28 11:49:57.167,22.6604039,114.5172478,100.0,9.9,0.01,234.1,28.9,20.2,1740.5,3175.75,10.0,2.0,2.5,NR5G-SA,n79,-95,-95,-10,19,-999,5.4
2026-05-28 11:35:11.057,2026-05-28 11:49:57.567,22.6603908,114.5172281,100.0,10.0,0.03,234.1,28.9,20.2,1738.6,3178.24,10.0,2.0,2.5,NR5G-SA,n79,-95,-95,-10,19,-999,5.4
2026-05-28 11:35:11.257,2026-05-28 11:49:57.567,22.6603777,114.5172083,100.0,10.0,0.01,234.2,28.9,20.2,1736.7,3180.74,10.0,2.0,2.5,NR5G-SA,n79,-99,-99,-11,19,-999,8.6
2026-05-28 11:35:11.458,2026-05-28 11:49:57.767,22.6603777,114.5172083,100.0,10.0,0.01,234.2,28.9,20.2,1736.7,3180.74,10.0,2.0,2.5,NR5G-SA,n79,-99,-99,-11,19,-999,9.9
2026-05-28 11:35:11.658,2026-05-28 11:49:57.967,22.6603647,114.5171886,100.0,9.9,-0.00,234.3,38.7,20.2,1734.7,3183.23,10.0,2.0,2.5,NR5G-SA,n79,-99,-99,-11,19,-999,6.1
2026-05-28 11:35:11.858,2026-05-28 11:49:58.167,22.6603517,114.5171689,100.0,10.0,-0.02,234.3,38.7,20.1,1732.8,3185.72,10.0,2.0,2.5,NR5G-SA,n79,-93,-93,-10,19,-999,6.3
2026-05-28 11:35:12.059,2026-05-28 11:49:58.567,22.6603387,114.5171493,100.0,10.0,-0.07,234.5,38.7,20.1,1730.9,3188.20,10.0,2.0,2.5,NR5G-SA,n79,-93,-93,-10,19,-999,4.8
2026-05-28 11:35:12.259,2026-05-28 11:49:58.567,22.6603256,114.5171295,100.0,10.0,-0.01,234.6,38.7,20.1,1729.0,3190.70,10.0,2.0,2.5,NR5G-SA,n79,-93,-93,-10,19,-999,11.4
2026-05-28 11:35:12.459,2026-05-28 11:49:58.767,22.6603256,114.5171295,100.0,10.0,-0.01,234.6,38.7,20.1,1729.0,3190.70,10.0,2.0,2.5,NR5G-SA,n79,-94,-94,-10,19,-999,9.0
2026-05-28 11:35:12.660,2026-05-28 11:49:58.967,22.6603124,114.5171098,100.0,10.0,0.01,234.5,38.7,20.1,1727.0,3193.20,10.0,2.0,2.5,NR5G-SA,n79,-94,-94,-10,19,-999,5.8
2026-05-28 11:35:12.860,2026-05-28 11:49:59.167,22.6602993,114.5170900,100.0,10.0,0.04,234.6,22.9,20.1,1725.1,3195.71,10.0,2.0,2.5,NR5G-SA,n79,-94,-94,-10,19,-999,4.9
2026-05-28 11:35:13.060,2026-05-28 11:49:59.567,22.6602861,114.5170702,100.0,10.0,-0.06,234.8,22.9,19.3,1723.2,3198.22,10.0,2.0,2.5,NR5G-SA,n79,-97,-97,-10,19,-999,5.1
2026-05-28 11:35:13.260,2026-05-28 11:49:59.567,22.6602729,114.5170502,100.0,10.1,0.02,234.8,22.9,19.3,1721.2,3200.74,10.0,2.0,2.5,NR5G-SA,n79,-97,-97,-10,19,-999,8.4
2026-05-28 11:35:13.461,2026-05-28 11:49:59.767,22.6602729,114.5170502,100.0,10.1,0.02,234.8,22.9,19.3,1721.2,3200.74,10.0,2.0,2.5,NR5G-SA,n79,-99,-99,-10,19,-999,10.0
2026-05-28 11:35:13.661,2026-05-28 11:49:59.967,22.6602598,114.5170303,100.0,10.1,-0.05,234.8,22.9,19.3,1719.3,3203.25,10.0,2.0,2.5,NR5G-SA,n79,-99,-99,-10,19,-999,6.7
2026-05-28 11:35:13.862,2026-05-28 11:50:00.167,22.6602466,114.5170105,100.0,10.0,0.06,234.7,43.5,19.3,1717.4,3205.76,10.0,2.0,2.5,NR5G-SA,n79,-99,-99,-10,19,-999,6.2
2026-05-28 11:35:14.062,2026-05-28 11:50:00.567,22.6602335,114.5169907,100.0,10.0,-0.00,234.7,43.5,19.3,1715.5,3208.26,10.0,2.0,2.5,NR5G-SA,n79,-94,-94,-10,19,-999,5.8
2026-05-28 11:35:14.262,2026-05-28 11:50:00.567,22.6602204,114.5169709,100.0,10.0,0.08,234.7,43.5,19.3,1713.5,3210.77,10.0,2.0,2.5,NR5G-SA,n79,-94,-94,-10,19,-999,10.6
2026-05-28 11:35:14.463,2026-05-28 11:50:00.767,22.6602204,114.5169709,100.0,10.0,0.08,234.7,43.5,19.3,1713.5,3210.77,10.0,2.0,2.5,NR5G-SA,n79,-94,-94,-10,19,-999,14.5
2026-05-28 11:35:14.663,2026-05-28 11:50:00.967,22.6602073,114.5169511,100.0,10.0,0.06,234.9,43.5,19.3,1711.6,3213.27,10.0,2.0,2.5,NR5G-SA,n79,-96,-96,-10,19,-999,5.0
2026-05-28 11:35:14.863,2026-05-28 11:50:01.167,22.6601942,114.5169314,100.0,10.0,-0.01,234.9,24.1,19.3,1709.7,3215.76,10.0,2.0,2.5,NR5G-SA,n79,-96,-96,-10,19,-999,4.9
2026-05-28 11:35:15.064,2026-05-28 11:50:01.567,22.6601811,114.5169117,100.0,10.0,-0.08,235.1,24.1,17.7,1707.8,3218.26,10.0,2.0,2.5,NR5G-SA,n79,-96,-96,-10,19,-999,5.7
2026-05-28 11:35:15.264,2026-05-28 11:50:01.567,22.6601680,114.5168919,100.0,9.9,0.06,235.0,24.1,17.7,1705.9,3220.76,10.0,2.0,2.5,NR5G-SA,n79,-103,-103,-11,19,-999,10.4
2026-05-28 11:35:15.464,2026-05-28 11:50:01.767,22.6601680,114.5168919,100.0,9.9,0.06,235.0,24.1,17.7,1705.9,3220.76,10.0,2.0,2.5,NR5G-SA,n79,-103,-103,-11,19,-999,17.1
2026-05-28 11:35:15.665,2026-05-28 11:50:01.967,22.6601549,114.5168722,100.0,10.0,0.06,235.0,24.1,17.7,1704.0,3223.26,10.0,2.0,2.5,NR5G-SA,n79,-96,-96,-10,19,-999,8.5
2026-05-28 11:35:15.865,2026-05-28 11:50:02.167,22.6601418,114.5168526,100.0,9.9,-0.06,234.9,0.0,17.7,1702.1,3225.74,10.0,2.0,2.5,NR5G-SA,n79,-96,-96,-10,19,-999,5.6
2026-05-28 11:35:16.065,2026-05-28 11:50:02.567,22.6601286,114.5168329,100.0,10.0,0.02,235.0,0.0,16.9,1700.2,3228.24,10.0,2.0,2.5,NR5G-SA,n79,-96,-96,-10,19,-999,7.3
2026-05-28 11:35:16.266,2026-05-28 11:50:02.567,22.6601153,114.5168133,100.0,10.0,-0.03,234.8,0.0,16.9,1698.3,3230.74,10.0,2.0,2.5,NR5G-SA,n79,-93,-93,-10,19,-999,7.2
2026-05-28 11:35:16.466,2026-05-28 11:50:02.767,22.6601153,114.5168133,100.0,10.0,-0.03,234.8,0.0,16.9,1698.3,3230.74,10.0,2.0,2.5,NR5G-SA,n79,-93,-93,-10,19,-999,15.3
2026-05-28 11:35:16.666,2026-05-28 11:50:02.967,22.6601020,114.5167937,100.0,10.0,-0.02,234.6,0.0,16.9,1696.4,3233.24,10.0,2.0,2.5,NR5G-SA,n79,-93,-93,-10,19,-999,6.8
2026-05-28 11:35:16.867,2026-05-28 11:50:03.167,22.6600887,114.5167740,100.0,10.0,-0.02,234.5,0.8,16.9,1694.5,3235.75,10.0,2.0,2.5,NR5G-SA,n79,-96,-96,-10,18,-999,5.4
2026-05-28 11:35:17.067,2026-05-28 11:50:03.567,22.6600756,114.5167543,100.0,10.0,-0.01,234.6,0.8,18.1,1692.6,3238.24,10.0,2.0,2.5,NR5G-SA,n79,-96,-96,-10,18,-999,4.7
2026-05-28 11:35:17.268,2026-05-28 11:50:03.567,22.6600626,114.5167346,100.0,10.0,0.03,234.6,0.8,18.1,1690.7,3240.73,10.0,2.0,2.5,NR5G-SA,n79,-96,-96,-10,18,-999,8.6
2026-05-28 11:35:17.468,2026-05-28 11:50:03.767,22.6600626,114.5167346,100.0,10.0,0.03,234.6,0.8,18.1,1690.7,3240.73,10.0,2.0,2.5,NR5G-SA,n79,-102,-102,-11,18,-999,14.3
2026-05-28 11:35:17.668,2026-05-28 11:50:03.967,22.6600497,114.5167148,100.0,9.9,0.05,234.8,0.8,18.1,1688.8,3243.22,10.0,2.0,2.5,NR5G-SA,n79,-102,-102,-11,18,-999,7.3
2026-05-28 11:35:17.869,2026-05-28 11:50:04.167,22.6600367,114.5166951,100.0,10.0,-0.05,234.9,0.0,18.1,1687.0,3245.71,10.0,2.0,2.5,NR5G-SA,n79,-94,-94,-10,18,-999,6.0
2026-05-28 11:35:18.069,2026-05-28 11:50:04.567,22.6600237,114.5166752,100.0,10.0,0.02,234.9,0.0,20.9,1685.0,3248.21,10.0,2.0,2.5,NR5G-SA,n79,-94,-94,-10,18,-999,4.8
2026-05-28 11:35:18.269,2026-05-28 11:50:04.567,22.6600105,114.5166554,100.0,10.0,0.06,235.0,0.0,20.9,1683.1,3250.72,10.0,2.0,2.5,NR5G-SA,n79,-94,-94,-10,18,-999,9.4
2026-05-28 11:35:18.470,2026-05-28 11:50:04.767,22.6600105,114.5166554,100.0,10.0,0.06,235.0,0.0,20.9,1683.1,3250.72,10.0,2.0,2.5,NR5G-SA,n79,-95,-95,-10,18,-999,9.0
2026-05-28 11:35:18.670,2026-05-28 11:50:04.967,22.6599973,114.5166356,100.0,10.0,0.02,234.9,0.0,20.9,1681.3,3253.23,10.0,2.0,2.5,NR5G-SA,n79,-95,-95,-10,18,-999,5.8
2026-05-28 11:35:18.871,2026-05-28 11:50:05.167,22.6599841,114.5166157,100.0,10.1,0.06,234.8,10.5,20.9,1679.4,3255.75,10.0,2.0,2.5,NR5G-SA,n79,-95,-95,-10,18,-999,4.4
2026-05-28 11:35:19.071,2026-05-28 11:50:05.567,22.6599710,114.5165959,100.0,10.0,0.09,234.8,10.5,22.1,1677.5,3258.25,10.0,2.0,2.5,NR5G-SA,n79,-95,-95,-10,16,-999,5.6
2026-05-28 11:35:19.271,2026-05-28 11:50:05.567,22.6599579,114.5165761,100.0,10.0,-0.03,234.7,10.5,22.1,1675.6,3260.75,10.0,2.0,2.5,NR5G-SA,n79,-95,-95,-10,16,-999,10.0
2026-05-28 11:35:19.472,2026-05-28 11:50:05.767,22.6599579,114.5165761,100.0,10.0,-0.03,234.7,10.5,22.1,1675.6,3260.75,10.0,2.0,2.5,NR5G-SA,n79,-95,-95,-10,16,-999,10.3
2026-05-28 11:35:19.672,2026-05-28 11:50:05.967,22.6599447,114.5165564,100.0,10.0,-0.05,234.5,10.5,22.1,1673.7,3263.26,10.0,2.0,2.5,NR5G-SA,n79,-101,-101,-11,16,-999,5.8
2026-05-28 11:35:19.872,2026-05-28 11:50:06.167,22.6599316,114.5165367,100.0,10.0,-0.02,234.4,0.0,22.1,1671.8,3265.75,10.0,2.0,2.5,NR5G-SA,n79,-101,-101,-11,16,-999,7.2
2026-05-28 11:35:20.072,2026-05-28 11:50:06.567,22.6599184,114.5165169,100.0,10.0,-0.07,234.6,0.0,22.7,1669.9,3268.26,10.0,2.0,2.5,NR5G-SA,n79,-101,-101,-11,16,-999,4.9
2026-05-28 11:35:20.273,2026-05-28 11:50:06.567,22.6599053,114.5164971,100.0,10.0,0.02,234.8,0.0,22.7,1668.1,3270.76,10.0,2.0,2.5,NR5G-SA,n79,-98,-98,-10,15,-999,9.5
2026-05-28 11:35:20.473,2026-05-28 11:50:06.767,22.6599053,114.5164971,100.0,10.0,0.02,234.8,0.0,22.7,1668.1,3270.76,10.0,2.0,2.5,NR5G-SA,n79,-98,-98,-10,15,-999,11.1
2026-05-28 11:35:20.674,2026-05-28 11:50:06.967,22.6598921,114.5164773,100.0,10.0,0.12,235.0,0.0,22.7,1666.2,3273.27,10.0,2.0,2.5,NR5G-SA,n79,-97,-97,-10,14,-999,5.7
2026-05-28 11:35:20.874,2026-05-28 11:50:07.167,22.6598790,114.5164574,100.0,10.0,-0.01,235.3,20.1,22.7,1664.3,3275.78,10.0,2.0,2.5,NR5G-SA,n79,-97,-97,-10,14,-999,5.6
2026-05-28 11:35:21.074,2026-05-28 11:50:07.567,22.6598659,114.5164377,100.0,9.9,-0.04,235.6,20.1,22.7,1662.4,3278.28,10.0,2.0,2.5,NR5G-SA,n79,-97,-97,-10,14,-999,5.3
2026-05-28 11:35:21.275,2026-05-28 11:50:07.767,22.6598528,114.5164180,100.0,10.0,-0.05,235.5,20.1,24.0,1660.5,3280.77,10.0,2.0,2.5,NR5G-SA,n79,-93,-93,-10,15,-999,6.7
2026-05-28 11:35:21.475,2026-05-28 11:50:07.767,22.6598528,114.5164180,100.0,10.0,-0.05,235.5,20.1,24.0,1660.5,3280.77,10.0,2.0,2.5,NR5G-SA,n79,-93,-93,-10,15,-999,13.6
2026-05-28 11:35:21.675,2026-05-28 11:50:07.967,22.6598397,114.5163984,100.0,10.0,0.03,235.4,20.1,24.0,1658.7,3283.26,10.0,2.0,2.5,NR5G-SA,n79,-93,-93,-10,15,-999,6.8
2026-05-28 11:35:21.876,2026-05-28 11:50:08.167,22.6598265,114.5163788,100.0,9.9,-0.05,235.2,40.3,24.0,1656.8,3285.75,10.0,2.0,2.5,NR5G-SA,n79,-101,-101,-11,14,-999,4.4
2026-05-28 11:35:22.076,2026-05-28 11:50:08.567,22.6598134,114.5163591,100.0,10.0,-0.05,235.2,40.3,24.0,1655.0,3288.24,10.0,2.0,2.5,NR5G-SA,n79,-101,-101,-11,14,-999,5.1
2026-05-28 11:35:22.277,2026-05-28 11:50:08.567,22.6598002,114.5163393,100.0,10.0,-0.01,235.3,40.3,24.5,1653.1,3290.75,10.0,2.0,2.5,NR5G-SA,n79,-101,-101,-11,14,-999,8.3
2026-05-28 11:35:22.477,2026-05-28 11:50:08.767,22.6598002,114.5163393,100.0,10.0,-0.01,235.3,40.3,24.5,1653.1,3290.75,10.0,2.0,2.5,NR5G-SA,n79,-99,-99,-10,14,-999,14.4
2026-05-28 11:35:22.677,2026-05-28 11:50:08.967,22.6597870,114.5163194,100.0,10.0,0.10,235.3,40.3,24.5,1651.2,3293.27,10.0,2.0,2.5,NR5G-SA,n79,-99,-99,-10,14,-999,6.5
2026-05-28 11:35:22.878,2026-05-28 11:50:09.167,22.6597739,114.5162997,100.0,10.0,0.04,235.2,26.6,24.5,1649.4,3295.77,10.0,2.0,2.5,NR5G-SA,n79,-96,-96,-10,14,-999,6.9
2026-05-28 11:35:23.078,2026-05-28 11:50:09.567,22.6597608,114.5162801,100.0,10.0,-0.01,235.3,26.6,24.5,1647.5,3298.25,10.0,2.0,2.5,NR5G-SA,n79,-96,-96,-10,14,-999,7.8
2026-05-28 11:35:23.279,2026-05-28 11:50:09.767,22.6597478,114.5162604,100.0,10.0,-0.06,235.2,26.6,22.7,1645.7,3300.74,10.0,2.0,2.5,NR5G-SA,n79,-96,-96,-10,14,-999,6.5
2026-05-28 11:35:23.479,2026-05-28 11:50:09.767,22.6597346,114.5162406,100.0,10.0,0.05,235.0,26.6,22.7,1643.8,3303.25,10.0,2.0,2.5,NR5G-SA,n79,-99,-99,-10,13,-999,11.9
2026-05-28 11:35:23.679,2026-05-28 11:50:09.967,22.6597346,114.5162406,100.0,10.0,0.05,235.0,26.6,22.7,1643.8,3303.25,10.0,2.0,2.5,NR5G-SA,n79,-99,-99,-10,13,-999,6.5
2026-05-28 11:35:23.880,2026-05-28 11:50:10.167,22.6597215,114.5162206,100.0,10.0,0.10,234.6,34.8,22.7,1641.9,3305.77,10.0,2.0,2.5,NR5G-SA,n79,-99,-99,-10,13,-999,6.3
2026-05-28 11:35:24.080,2026-05-28 11:50:10.567,22.6597084,114.5162007,100.1,10.0,0.01,234.1,34.8,22.7,1640.1,3308.28,10.0,2.0,2.5,NR5G-SA,n79,-100,-100,-11,14,-999,5.1
2026-05-28 11:35:24.281,2026-05-28 11:50:10.567,22.6596953,114.5161809,100.0,10.0,-0.03,233.9,34.8,23.1,1638.2,3310.78,10.0,2.0,2.5,NR5G-SA,n79,-100,-100,-11,14,-999,8.3
2026-05-28 11:35:24.481,2026-05-28 11:50:10.767,22.6596822,114.5161611,100.0,10.0,-0.03,233.8,34.8,23.1,1636.4,3313.28,10.0,2.0,2.5,NR5G-SA,n79,-100,-100,-11,14,-999,12.7
2026-05-28 11:35:24.681,2026-05-28 11:50:10.967,22.6596822,114.5161611,100.0,10.0,-0.01,233.8,34.8,23.1,1636.4,3313.28,10.0,2.0,2.5,NR5G-SA,n79,-97,-97,-11,15,-999,6.2
2026-05-28 11:35:24.882,2026-05-28 11:50:11.167,22.6596691,114.5161412,100.0,10.0,-0.04,233.6,32.2,23.1,1634.5,3315.80,10.0,2.0,2.5,NR5G-SA,n79,-97,-97,-11,15,-999,8.0
2026-05-28 11:35:25.082,2026-05-28 11:50:11.567,22.6596560,114.5161215,100.0,10.0,0.01,233.4,32.2,23.1,1632.6,3318.29,10.0,2.0,2.5,NR5G-SA,n79,-99,-99,-10,16,-999,5.4
2026-05-28 11:35:25.282,2026-05-28 11:50:11.567,22.6596429,114.5161018,100.0,9.9,0.03,233.2,32.2,23.6,1630.8,3320.78,10.0,2.0,2.5,NR5G-SA,n79,-99,-99,-10,16,-999,8.3
2026-05-28 11:35:25.483,2026-05-28 11:50:11.767,22.6596298,114.5160821,100.0,10.0,-0.04,233.2,32.2,23.6,1629.0,3323.28,10.0,2.0,2.5,NR5G-SA,n79,-99,-99,-10,16,-999,11.8
2026-05-28 11:35:25.683,2026-05-28 11:50:11.967,22.6596298,114.5160821,100.0,10.0,-0.04,233.2,32.2,23.6,1629.0,3323.28,10.0,2.0,2.5,NR5G-SA,n79,-98,-98,-11,16,-999,4.7
2026-05-28 11:35:25.884,2026-05-28 11:50:12.167,22.6596167,114.5160625,100.0,9.9,-0.01,232.9,30.5,23.6,1627.1,3325.77,10.0,2.0,2.5,NR5G-SA,n79,-98,-98,-11,16,-999,7.1
2026-05-28 11:35:26.084,2026-05-28 11:50:12.567,22.6596035,114.5160428,100.0,9.9,-0.06,232.5,30.5,23.6,1625.3,3328.27,10.0,2.0,2.5,NR5G-SA,n79,-98,-98,-11,16,-999,5.1
2026-05-28 11:35:26.284,2026-05-28 11:50:12.767,22.6595902,114.5160230,100.0,10.0,0.02,232.3,30.5,24.2,1623.5,3330.78,10.0,2.0,2.5,NR5G-SA,n79,-99,-99,-11,18,-999,6.6
2026-05-28 11:35:26.485,2026-05-28 11:50:12.767,22.6595769,114.5160033,100.0,10.0,-0.01,232.2,30.5,24.2,1621.6,3333.29,10.0,2.0,2.5,NR5G-SA,n79,-99,-99,-11,18,-999,11.2
2026-05-28 11:35:26.685,2026-05-28 11:50:12.967,22.6595769,114.5160033,100.0,10.0,-0.01,232.2,30.5,24.2,1621.6,3333.29,10.0,2.0,2.5,NR5G-SA,n79,-99,-99,-11,18,-999,6.1
2026-05-28 11:35:26.885,2026-05-28 11:50:13.167,22.6595637,114.5159836,100.0,10.0,0.05,232.2,40.4,24.2,1619.8,3335.79,10.0,2.0,2.5,NR5G-SA,n79,-99,-99,-11,17,-999,5.8
2026-05-28 11:35:27.086,2026-05-28 11:50:13.567,22.6595505,114.5159639,100.0,10.0,0.01,232.1,40.4,24.2,1618.0,3338.29,10.0,2.0,2.5,NR5G-SA,n79,-99,-99,-11,17,-999,5.2
2026-05-28 11:35:27.286,2026-05-28 11:50:13.567,22.6595373,114.5159440,100.0,10.0,0.06,232.2,40.4,23.8,1616.1,3340.81,10.0,2.0,2.5,NR5G-SA,n79,-96,-96,-11,18,-999,7.4
2026-05-28 11:35:27.486,2026-05-28 11:50:13.767,22.6595241,114.5159242,100.0,10.0,0.03,232.3,40.4,23.8,1614.3,3343.32,10.0,2.0,2.5,NR5G-SA,n79,-96,-96,-11,18,-999,10.2
2026-05-28 11:35:27.687,2026-05-28 11:50:13.967,22.6595241,114.5159242,100.0,10.0,0.03,232.3,40.4,23.8,1614.3,3343.32,10.0,2.0,2.5,NR5G-SA,n79,-96,-96,-11,18,-999,5.9
2026-05-28 11:35:27.887,2026-05-28 11:50:14.167,22.6595108,114.5159043,100.0,10.0,-0.07,232.4,20.8,23.8,1612.5,3345.84,10.0,2.0,2.5,NR5G-SA,n79,-104,-104,-11,18,-999,6.1
2026-05-28 11:35:28.088,2026-05-28 11:50:14.567,22.6594977,114.5158845,100.0,10.0,-0.07,232.6,20.8,23.8,1610.6,3348.34,10.0,2.0,2.5,NR5G-SA,n79,-104,-104,-11,18,-999,4.7
2026-05-28 11:35:28.288,2026-05-28 11:50:14.767,22.6594848,114.5158650,100.0,10.0,-0.02,232.6,20.8,23.3,1608.8,3350.81,10.0,2.0,2.5,NR5G-SA,n79,-104,-104,-11,18,-999,7.3
2026-05-28 11:35:28.488,2026-05-28 11:50:14.767,22.6594718,114.5158454,100.0,10.0,-0.05,232.8,20.8,23.3,1607.0,3353.29,10.0,2.0,2.5,NR5G-SA,n79,-101,-101,-11,20,-999,12.1
2026-05-28 11:35:28.689,2026-05-28 11:50:14.967,22.6594718,114.5158454,100.0,10.0,-0.05,232.8,20.8,23.3,1607.0,3353.29,10.0,2.0,2.5,NR5G-SA,n79,-101,-101,-11,20,-999,6.2
2026-05-28 11:35:28.889,2026-05-28 11:50:15.167,22.6594589,114.5158258,100.0,10.0,-0.03,232.9,0.0,23.3,1605.2,3355.76,10.0,2.0,2.5,NR5G-SA,n79,-101,-101,-11,20,-999,5.7
2026-05-28 11:35:29.089,2026-05-28 11:50:15.567,22.6594460,114.5158061,100.0,10.0,-0.04,233.0,0.0,23.3,1603.4,3358.24,10.0,2.0,2.5,NR5G-SA,n79,-101,-101,-11,20,-999,6.2
2026-05-28 11:35:29.289,2026-05-28 11:50:15.767,22.6594330,114.5157864,100.0,10.0,0.03,233.0,0.0,21.8,1601.6,3360.73,10.0,2.0,2.5,NR5G-SA,n79,-101,-101,-11,20,-999,5.9
2026-05-28 11:35:29.490,2026-05-28 11:50:15.767,22.6594199,114.5157668,100.0,9.9,0.02,232.8,0.0,21.8,1599.8,3363.22,10.0,2.0,2.5,NR5G-SA,n79,-101,-101,-11,20,-999,15.6
2026-05-28 11:35:29.690,2026-05-28 11:50:15.967,22.6594199,114.5157668,100.0,9.9,0.02,232.8,0.0,21.8,1599.8,3363.22,10.0,2.0,2.5,NR5G-SA,n79,-101,-101,-11,20,-999,8.8
2026-05-28 11:35:29.890,2026-05-28 11:50:16.167,22.6594066,114.5157472,100.0,10.0,-0.05,232.8,10.3,21.8,1598.0,3365.72,10.0,2.0,2.5,NR5G-SA,n79,-101,-101,-11,20,-999,9.2
2026-05-28 11:35:30.091,2026-05-28 11:50:16.567,22.6593934,114.5157275,100.0,10.0,-0.08,232.9,10.3,21.8,1596.2,3368.22,10.0,2.0,2.5,NR5G-SA,n79,-96,-96,-10,19,-999,5.6
2026-05-28 11:35:30.291,2026-05-28 11:50:16.767,22.6593802,114.5157078,100.0,10.0,-0.04,233.0,10.3,21.8,1594.4,3370.72,10.0,2.0,2.5,NR5G-SA,n79,-96,-96,-10,19,-999,5.2
2026-05-28 11:35:30.491,2026-05-28 11:50:16.767,22.6593669,114.5156880,100.0,10.0,0.02,233.0,10.3,19.5,1592.6,3373.23,10.0,2.0,2.5,NR5G-SA,n79,-96,-96,-10,19,-999,12.2
2026-05-28 11:35:30.692,2026-05-28 11:50:16.967,22.6593669,114.5156880,100.0,10.0,0.02,233.0,10.3,19.5,1592.6,3373.23,10.0,2.0,2.5,NR5G-SA,n79,-102,-102,-11,18,-999,5.1
2026-05-28 11:35:30.892,2026-05-28 11:50:17.167,22.6593537,114.5156682,100.0,10.0,0.01,232.8,0.0,19.5,1590.8,3375.74,10.0,2.0,2.5,NR5G-SA,n79,-102,-102,-11,18,-999,8.7
2026-05-28 11:35:31.093,2026-05-28 11:50:17.567,22.6593404,114.5156483,100.0,10.0,0.08,232.6,0.0,19.5,1589.0,3378.27,10.0,2.0,2.5,NR5G-SA,n79,-102,-102,-11,18,-999,4.8
2026-05-28 11:35:31.293,2026-05-28 11:50:17.767,22.6593272,114.5156286,100.1,10.0,-0.03,232.4,0.0,19.5,1587.2,3380.77,10.0,2.0,2.5,NR5G-SA,n79,-96,-96,-10,19,-999,5.2
2026-05-28 11:35:31.493,2026-05-28 11:50:17.767,22.6593140,114.5156088,100.1,10.0,0.02,232.3,0.0,17.9,1585.4,3383.28,10.0,2.0,2.5,NR5G-SA,n79,-96,-96,-10,19,-999,10.9
2026-05-28 11:35:31.694,2026-05-28 11:50:17.967,22.6593140,114.5156088,100.1,10.0,0.02,232.3,0.0,17.9,1585.4,3383.28,10.0,2.0,2.5,NR5G-SA,n79,-96,-96,-10,19,-999,6.8
2026-05-28 11:35:31.894,2026-05-28 11:50:18.167,22.6593009,114.5155890,100.1,10.0,-0.10,232.2,0.0,17.9,1583.6,3385.78,10.0,2.0,2.5,NR5G-SA,n79,-98,-98,-11,19,-999,5.4
2026-05-28 11:35:32.094,2026-05-28 11:50:18.567,22.6592877,114.5155692,100.1,10.0,-0.05,232.2,0.0,17.9,1581.8,3388.29,10.0,2.0,2.5,NR5G-SA,n79,-98,-98,-11,19,-999,8.6
2026-05-28 11:35:32.295,2026-05-28 11:50:18.567,22.6592746,114.5155496,100.1,10.0,-0.05,232.1,0.0,17.9,1580.0,3390.78,10.0,2.0,2.5,NR5G-SA,n79,-98,-98,-11,20,-999,9.8
2026-05-28 11:35:32.495,2026-05-28 11:50:18.767,22.6592615,114.5155299,100.1,9.9,-0.07,231.9,0.0,16.8,1578.2,3393.27,10.0,2.0,2.5,NR5G-SA,n79,-98,-98,-11,20,-999,9.0
2026-05-28 11:35:32.696,2026-05-28 11:50:18.967,22.6592615,114.5155299,100.1,9.9,-0.07,231.9,0.0,16.8,1578.2,3393.27,10.0,2.0,2.5,NR5G-SA,n79,-98,-98,-11,20,-999,6.5
2026-05-28 11:35:32.896,2026-05-28 11:50:19.167,22.6592483,114.5155101,100.1,10.0,-0.03,231.9,0.0,16.8,1576.4,3395.78,10.0,2.0,2.5,NR5G-SA,n79,-95,-95,-10,19,-999,5.0
2026-05-28 11:35:33.097,2026-05-28 11:50:19.567,22.6592352,114.5154904,100.0,10.0,-0.06,232.0,0.0,16.8,1574.6,3398.27,10.0,2.0,2.5,NR5G-SA,n79,-95,-95,-10,19,-999,7.3
2026-05-28 11:35:33.297,2026-05-28 11:50:19.767,22.6592221,114.5154708,100.0,9.9,-0.17,232.1,0.0,16.8,1572.9,3400.76,10.0,2.0,2.5,NR5G-SA,n79,-95,-95,-10,19,-999,5.4
2026-05-28 11:35:33.497,2026-05-28 11:50:19.767,22.6592090,114.5154511,100.0,9.9,-0.11,232.4,0.0,16.3,1571.1,3403.25,10.0,2.0,2.5,NR5G-SA,n79,-100,-100,-11,18,-999,9.4
2026-05-28 11:35:33.698,2026-05-28 11:50:19.967,22.6592090,114.5154511,100.0,9.9,-0.11,232.4,0.0,16.3,1571.1,3403.25,10.0,2.0,2.5,NR5G-SA,n79,-100,-100,-11,18,-999,5.8
2026-05-28 11:35:33.898,2026-05-28 11:50:20.167,22.6591958,114.5154314,100.0,9.9,-0.08,232.5,12.5,16.3,1569.3,3405.76,10.0,2.0,2.5,NR5G-SA,n79,-106,-106,-11,17,-999,5.2
2026-05-28 11:35:34.098,2026-05-28 11:50:20.567,22.6591827,114.5154117,100.0,9.9,-0.01,232.6,12.5,16.3,1567.5,3408.25,10.0,2.0,2.5,NR5G-SA,n79,-106,-106,-11,17,-999,7.5
2026-05-28 11:35:34.299,2026-05-28 11:50:20.767,22.6591697,114.5153921,100.0,10.0,0.02,232.8,12.5,16.3,1565.8,3410.73,10.0,2.0,2.5,NR5G-SA,n79,-106,-106,-11,17,-999,7.8
2026-05-28 11:35:34.499,2026-05-28 11:50:20.767,22.6591565,114.5153723,100.0,10.0,-0.01,232.9,12.5,16.0,1564.0,3413.24,10.0,2.0,2.5,NR5G-SA,n79,-98,-98,-11,15,-999,7.3
2026-05-28 11:35:34.699,2026-05-28 11:50:20.967,22.6591565,114.5153723,100.0,10.0,-0.01,232.9,12.5,16.0,1564.0,3413.24,10.0,2.0,2.5,NR5G-SA,n79,-98,-98,-11,15,-999,4.9
2026-05-28 11:35:34.900,2026-05-28 11:50:21.167,22.6591434,114.5153526,100.0,10.0,-0.10,233.1,45.0,16.0,1562.2,3415.73,10.0,2.0,2.5,NR5G-SA,n79,-98,-98,-11,15,-999,7.0
2026-05-28 11:35:35.100,2026-05-28 11:50:21.567,22.6591303,114.5153328,100.0,10.0,-0.05,233.3,45.0,16.0,1560.4,3418.24,10.0,2.0,2.5,NR5G-SA,n79,-93,-93,-11,12,-999,4.8
2026-05-28 11:35:35.300,2026-05-28 11:50:21.567,22.6591172,114.5153130,100.0,10.0,-0.07,233.6,45.0,16.0,1558.7,3420.74,10.0,2.0,2.5,NR5G-SA,n79,-93,-93,-11,12,-999,8.7
2026-05-28 11:35:35.501,2026-05-28 11:50:21.767,22.6591042,114.5152932,100.0,10.0,-0.04,233.8,45.0,16.3,1556.9,3423.24,10.0,2.0,2.5,NR5G-SA,n79,-93,-93,-11,12,-999,8.8
2026-05-28 11:35:35.701,2026-05-28 11:50:21.967,22.6591042,114.5152932,100.0,10.0,-0.04,233.8,45.0,16.3,1556.9,3423.24,10.0,2.0,2.5,NR5G-SA,n79,-95,-95,-11,12,-999,10.3
2026-05-28 11:35:35.901,2026-05-28 11:50:22.167,22.6590912,114.5152734,100.0,10.0,0.04,233.9,46.1,16.3,1555.1,3425.73,10.0,2.0,2.5,NR5G-SA,n79,-95,-95,-11,12,-999,9.0
2026-05-28 11:35:36.102,2026-05-28 11:50:22.567,22.6590781,114.5152535,100.0,10.0,-0.02,233.9,46.1,16.3,1553.3,3428.24,10.0,2.0,2.5,NR5G-SA,n79,-95,-95,-11,12,-999,5.5
2026-05-28 11:35:36.302,2026-05-28 11:50:22.767,22.6590650,114.5152338,100.0,10.0,0.05,234.1,46.1,16.3,1551.6,3430.74,10.0,2.0,2.5,NR5G-SA,n79,-101,-101,-11,15,-999,5.4
2026-05-28 11:35:36.502,2026-05-28 11:50:22.767,22.6590518,114.5152140,100.0,10.0,-0.02,234.0,46.1,16.3,1549.8,3433.25,10.0,2.0,2.5,NR5G-SA,n79,-101,-101,-11,15,-999,8.9
2026-05-28 11:35:36.703,2026-05-28 11:50:22.967,22.6590518,114.5152140,100.0,10.0,-0.02,234.0,46.1,16.3,1549.8,3433.25,10.0,2.0,2.5,NR5G-SA,n79,-102,-102,-11,16,-999,14.9
2026-05-28 11:35:36.903,2026-05-28 11:50:23.167,22.6590386,114.5151944,100.0,10.1,-0.02,233.8,29.9,16.3,1548.1,3435.74,10.0,2.0,2.5,NR5G-SA,n79,-102,-102,-11,16,-999,8.9
2026-05-28 11:35:37.103,2026-05-28 11:50:23.567,22.6590254,114.5151745,100.1,10.0,0.06,233.7,29.9,16.3,1546.3,3438.26,10.0,2.0,2.5,NR5G-SA,n79,-102,-102,-11,16,-999,6.8
2026-05-28 11:35:37.303,2026-05-28 11:50:23.767,22.6590122,114.5151547,100.1,10.1,-0.06,233.4,29.9,16.3,1544.6,3440.77,10.0,2.0,2.5,NR5G-SA,n79,-98,-98,-11,15,-999,8.1
2026-05-28 11:35:37.504,2026-05-28 11:50:23.967,22.6589990,114.5151349,100.0,10.0,-0.06,233.4,29.9,16.9,1542.8,3443.27,10.0,2.0,2.5,NR5G-SA,n79,-98,-98,-11,15,-999,6.4
2026-05-28 11:35:37.704,2026-05-28 11:50:23.967,22.6589990,114.5151349,100.0,10.0,-0.06,233.4,29.9,16.9,1542.8,3443.27,10.0,2.0,2.5,NR5G-SA,n79,-98,-98,-11,15,-999,9.7
2026-05-28 11:35:37.904,2026-05-28 11:50:24.167,22.6589857,114.5151151,100.0,10.0,-0.03,233.2,0.0,16.9,1541.1,3445.79,10.0,2.0,2.5,NR5G-SA,n79,-98,-98,-11,12,-999,7.2
2026-05-28 11:35:38.105,2026-05-28 11:50:24.567,22.6589725,114.5150953,100.0,10.0,0.01,233.2,0.0,16.9,1539.3,3448.30,10.0,2.0,2.5,NR5G-SA,n79,-98,-98,-11,12,-999,5.6
2026-05-28 11:35:38.305,2026-05-28 11:50:24.767,22.6589593,114.5150755,100.0,10.0,-0.04,233.4,0.0,16.9,1537.6,3450.81,10.0,2.0,2.5,NR5G-SA,n79,-98,-98,-11,12,-999,5.1
2026-05-28 11:35:38.506,2026-05-28 11:50:24.767,22.6589463,114.5150557,100.0,10.0,-0.08,233.9,0.0,17.3,1535.8,3453.31,10.0,2.0,2.5,NR5G-SA,n79,-94,-94,-10,13,-999,10.4
2026-05-28 11:35:38.706,2026-05-28 11:50:24.967,22.6589463,114.5150557,100.0,10.0,-0.08,233.9,0.0,17.3,1535.8,3453.31,10.0,2.0,2.5,NR5G-SA,n79,-94,-94,-10,13,-999,10.6
2026-05-28 11:35:38.907,2026-05-28 11:50:25.167,22.6589333,114.5150359,100.0,10.0,-0.09,234.3,32.5,17.3,1534.1,3455.80,10.0,2.0,2.5,NR5G-SA,n79,-99,-99,-11,14,-999,9.6
2026-05-28 11:35:39.107,2026-05-28 11:50:25.567,22.6589204,114.5150162,100.0,9.9,-0.04,234.8,32.5,17.3,1532.3,3458.28,10.0,2.0,2.5,NR5G-SA,n79,-99,-99,-11,14,-999,6.4
2026-05-28 11:35:39.307,2026-05-28 11:50:25.767,22.6589074,114.5149964,100.0,10.0,0.01,235.1,32.5,17.3,1530.6,3460.78,10.0,2.0,2.5,NR5G-SA,n79,-99,-99,-11,14,-999,7.6
2026-05-28 11:35:39.508,2026-05-28 11:50:25.767,22.6588944,114.5149766,100.0,10.0,-0.04,235.2,32.5,18.6,1528.8,3463.28,10.0,2.0,2.5,NR5G-SA,n79,-96,-96,-11,16,-999,6.9
2026-05-28 11:35:39.708,2026-05-28 11:50:25.967,22.6588944,114.5149766,100.0,10.0,-0.04,235.2,32.5,18.6,1528.8,3463.28,10.0,2.0,2.5,NR5G-SA,n79,-96,-96,-11,16,-999,8.4
2026-05-28 11:35:39.908,2026-05-28 11:50:26.167,22.6588813,114.5149568,100.0,10.0,-0.02,235.2,37.1,18.6,1527.1,3465.78,10.0,2.0,2.5,NR5G-SA,n79,-96,-96,-11,16,-999,7.1
2026-05-28 11:35:40.109,2026-05-28 11:50:26.567,22.6588681,114.5149371,100.0,10.0,0.03,235.0,37.1,18.6,1525.4,3468.28,10.0,2.0,2.5,NR5G-SA,n79,-98,-98,-10,18,-999,4.9
2026-05-28 11:35:40.309,2026-05-28 11:50:26.767,22.6588549,114.5149174,100.0,10.0,0.06,235.0,37.1,18.6,1523.6,3470.78,10.0,2.0,2.5,NR5G-SA,n79,-98,-98,-10,18,-999,6.1
2026-05-28 11:35:40.509,2026-05-28 11:50:26.767,22.6588417,114.5148978,100.0,10.0,0.05,234.9,37.1,18.6,1521.9,3473.27,10.0,2.0,2.5,NR5G-SA,n79,-98,-98,-10,18,-999,8.4
2026-05-28 11:35:40.710,2026-05-28 11:50:26.967,22.6588417,114.5148978,100.0,10.0,0.05,234.9,37.1,19.1,1521.9,3473.27,10.0,2.0,2.5,NR5G-SA,n79,-101,-101,-11,17,-999,7.1
2026-05-28 11:35:40.910,2026-05-28 11:50:27.167,22.6588286,114.5148781,100.0,10.1,0.01,235.1,49.8,19.1,1520.2,3475.77,10.0,2.0,2.5,NR5G-SA,n79,-101,-101,-11,17,-999,8.0
2026-05-28 11:35:41.110,2026-05-28 11:50:27.567,22.6588154,114.5148583,100.0,10.0,0.02,235.0,49.8,19.1,1518.5,3478.28,10.0,2.0,2.5,NR5G-SA,n79,-96,-96,-11,16,-999,6.4
2026-05-28 11:35:41.311,2026-05-28 11:50:27.767,22.6588022,114.5148384,100.0,10.0,-0.00,235.0,49.8,19.1,1516.8,3480.79,10.0,2.0,2.5,NR5G-SA,n79,-96,-96,-11,16,-999,7.0
2026-05-28 11:35:41.511,2026-05-28 11:50:27.767,22.6587890,114.5148185,100.0,10.0,0.06,235.0,49.8,19.1,1515.0,3483.31,10.0,2.0,2.5,NR5G-SA,n79,-96,-96,-11,16,-999,6.0
2026-05-28 11:35:41.711,2026-05-28 11:50:27.967,22.6587890,114.5148185,100.0,10.0,0.06,235.0,49.8,19.7,1515.0,3483.31,10.0,2.0,2.5,NR5G-SA,n79,-94,-94,-10,16,-999,10.3
2026-05-28 11:35:41.912,2026-05-28 11:50:28.167,22.6587759,114.5147987,100.0,10.0,0.02,235.0,18.2,19.7,1513.3,3485.81,10.0,2.0,2.5,NR5G-SA,n79,-94,-94,-10,16,-999,8.8
2026-05-28 11:35:42.112,2026-05-28 11:50:28.567,22.6587628,114.5147788,100.0,10.0,0.02,235.1,18.2,19.7,1511.6,3488.33,10.0,2.0,2.5,NR5G-SA,n79,-94,-94,-10,16,-999,6.9
2026-05-28 11:35:42.312,2026-05-28 11:50:28.767,22.6587497,114.5147590,100.0,10.0,-0.01,235.0,18.2,19.7,1509.9,3490.83,10.0,2.0,2.5,NR5G-SA,n79,-96,-96,-11,18,-999,5.1
2026-05-28 11:35:42.512,2026-05-28 11:50:28.767,22.6587366,114.5147393,100.0,10.0,-0.05,234.9,18.2,19.7,1508.2,3493.32,10.0,2.0,2.5,NR5G-SA,n79,-96,-96,-11,18,-999,7.0
2026-05-28 11:35:42.713,2026-05-28 11:50:28.967,22.6587366,114.5147393,100.0,10.0,-0.05,234.9,18.2,19.2,1508.2,3493.32,10.0,2.0,2.5,NR5G-SA,n79,-96,-96,-11,18,-999,13.8
2026-05-28 11:35:42.913,2026-05-28 11:50:29.167,22.6587235,114.5147196,100.0,10.0,-0.03,234.8,0.0,19.2,1506.5,3495.82,10.0,2.0,2.5,NR5G-SA,n79,-99,-99,-11,19,-999,8.3
2026-05-28 11:35:43.113,2026-05-28 11:50:29.567,22.6587104,114.5147000,100.0,10.0,-0.02,234.9,0.0,19.2,1504.8,3498.30,10.0,2.0,2.5,NR5G-SA,n79,-99,-99,-11,19,-999,5.7
2026-05-28 11:35:43.314,2026-05-28 11:50:29.767,22.6586971,114.5146802,100.0,10.0,0.01,234.8,0.0,19.2,1503.1,3500.82,10.0,2.0,2.5,NR5G-SA,n79,-108,-108,-11,19,-999,4.7
2026-05-28 11:35:43.514,2026-05-28 11:50:29.767,22.6586839,114.5146605,100.0,10.0,0.03,234.9,0.0,19.2,1501.4,3503.32,10.0,2.0,2.5,NR5G-SA,n79,-108,-108,-11,19,-999,9.4
2026-05-28 11:35:43.714,2026-05-28 11:50:29.967,22.6586839,114.5146605,100.0,10.0,0.03,234.9,0.0,17.9,1501.4,3503.32,10.0,2.0,2.5,NR5G-SA,n79,-108,-108,-11,19,-999,10.6
2026-05-28 11:35:43.915,2026-05-28 11:50:30.167,22.6586708,114.5146408,100.0,10.0,0.02,234.8,0.0,17.9,1499.7,3505.81,10.0,2.0,2.5,NR5G-SA,n79,-98,-98,-11,16,-999,9.5
2026-05-28 11:35:44.115,2026-05-28 11:50:30.567,22.6586576,114.5146210,100.0,10.0,0.06,234.7,7.2,17.9,1498.0,3508.32,10.0,2.0,2.5,NR5G-SA,n79,-98,-98,-11,16,-999,4.6
2026-05-28 11:35:44.316,2026-05-28 11:50:30.767,22.6586444,114.5146012,100.0,10.0,0.08,234.6,7.2,17.9,1496.3,3510.83,10.0,2.0,2.5,NR5G-SA,n79,-98,-98,-11,16,-999,7.2
2026-05-28 11:35:44.516,2026-05-28 11:50:30.767,22.6586314,114.5145815,100.0,10.0,-0.03,234.5,7.2,17.9,1494.6,3513.32,10.0,2.0,2.5,NR5G-SA,n79,-98,-98,-10,19,-999,8.3
2026-05-28 11:35:44.716,2026-05-28 11:50:30.967,22.6586314,114.5145815,100.0,10.0,-0.03,234.5,7.2,18.0,1494.6,3513.32,10.0,2.0,2.5,NR5G-SA,n79,-98,-98,-10,19,-999,8.8
2026-05-28 11:35:44.917,2026-05-28 11:50:31.167,22.6586183,114.5145617,100.0,10.0,-0.03,234.6,7.2,18.0,1492.9,3515.82,10.0,2.0,2.5,NR5G-SA,n79,-98,-98,-10,19,-999,8.4
2026-05-28 11:35:45.117,2026-05-28 11:50:31.567,22.6586052,114.5145418,100.0,10.0,-0.02,234.6,0.0,18.0,1491.2,3518.33,10.0,2.0,2.5,NR5G-SA,n79,-100,-100,-10,22,-999,5.5
2026-05-28 11:35:45.318,2026-05-28 11:50:31.767,22.6585921,114.5145220,100.0,10.0,-0.01,234.6,0.0,18.0,1489.5,3520.84,10.0,2.0,2.5,NR5G-SA,n79,-100,-100,-10,22,-999,5.0
2026-05-28 11:35:45.518,2026-05-28 11:50:31.767,22.6585789,114.5145023,100.0,9.9,-0.02,234.6,0.0,18.0,1487.8,3523.34,10.0,2.0,2.5,NR5G-SA,n79,-97,-97,-10,21,-999,7.1
2026-05-28 11:35:45.718,2026-05-28 11:50:31.967,22.6585657,114.5144823,100.0,10.0,-0.06,234.7,0.0,19.8,1486.1,3525.86,10.0,2.0,2.5,NR5G-SA,n79,-97,-97,-10,21,-999,11.9
2026-05-28 11:35:45.919,2026-05-28 11:50:32.167,22.6585657,114.5144823,100.0,10.0,-0.06,234.7,0.0,19.8,1486.1,3525.86,10.0,2.0,2.5,NR5G-SA,n79,-97,-97,-10,21,-999,11.6
2026-05-28 11:35:46.119,2026-05-28 11:50:32.567,22.6585527,114.5144628,100.0,10.0,-0.02,234.7,3.8,19.8,1484.5,3528.34,10.0,2.0,2.5,NR5G-SA,n79,-99,-99,-11,19,-999,6.4
2026-05-28 11:35:46.319,2026-05-28 11:50:32.767,22.6585394,114.5144432,100.0,10.0,0.00,234.5,3.8,19.8,1482.8,3530.83,10.0,2.0,2.5,NR5G-SA,n79,-99,-99,-11,19,-999,4.2
2026-05-28 11:35:46.520,2026-05-28 11:50:32.767,22.6585263,114.5144235,100.0,10.0,0.04,234.2,3.8,19.8,1481.2,3533.33,10.0,2.0,2.5,NR5G-SA,n79,-99,-99,-11,19,-999,6.5
2026-05-28 11:35:46.720,2026-05-28 11:50:32.967,22.6585263,114.5144235,100.0,10.0,0.04,234.2,3.8,20.3,1481.2,3533.33,10.0,2.0,2.5,NR5G-SA,n79,-102,-102,-11,19,-999,15.3
2026-05-28 11:35:46.920,2026-05-28 11:50:33.167,22.6585131,114.5144038,100.0,10.0,0.01,234.0,3.8,20.3,1479.5,3535.83,10.0,2.0,2.5,NR5G-SA,n79,-102,-102,-11,19,-999,6.9
2026-05-28 11:35:47.121,2026-05-28 11:50:33.567,22.6584999,114.5143841,100.0,10.0,-0.02,233.9,0.0,20.3,1477.8,3538.33,10.0,2.0,2.5,NR5G-SA,n79,-102,-102,-11,19,-999,4.9
2026-05-28 11:35:47.321,2026-05-28 11:50:33.767,22.6584868,114.5143643,100.0,9.9,0.00,233.9,0.0,20.3,1476.2,3540.83,10.0,2.0,2.5,NR5G-SA,n79,-102,-102,-11,19,-999,8.1
2026-05-28 11:35:47.521,2026-05-28 11:50:33.767,22.6584737,114.5143446,100.0,10.0,-0.01,234.0,0.0,20.3,1474.5,3543.33,10.0,2.0,2.5,NR5G-SA,n79,-102,-102,-11,19,-999,7.3
2026-05-28 11:35:47.722,2026-05-28 11:50:33.967,22.6584737,114.5143446,100.0,10.0,-0.01,234.0,0.0,23.4,1474.5,3543.33,10.0,2.0,2.5,NR5G-SA,n79,-107,-107,-11,17,-999,15.4
2026-05-28 11:35:47.922,2026-05-28 11:50:34.167,22.6584605,114.5143249,100.0,10.0,-0.04,234.1,0.0,23.4,1472.9,3545.83,10.0,2.0,2.5,NR5G-SA,n79,-107,-107,-11,17,-999,7.1
2026-05-28 11:35:48.122,2026-05-28 11:50:34.167,22.6584605,114.5143249,100.0,10.0,-0.04,234.1,100.0,23.4,1472.9,3545.83,10.0,2.0,2.5,NR5G-SA,n79,-107,-107,-11,17,-999,7.1
2026-05-28 11:35:48.323,2026-05-28 11:50:34.767,22.6584343,114.5142854,100.0,10.0,-0.06,234.2,100.0,23.4,1469.5,3550.83,10.0,2.0,2.5,NR5G-SA,n79,-103,-103,-11,17,-999,5.8
2026-05-28 11:35:48.523,2026-05-28 11:50:34.767,22.6584212,114.5142655,100.0,9.9,0.01,234.2,100.0,23.4,1467.9,3553.34,10.0,2.0,2.5,NR5G-SA,n79,-103,-103,-11,17,-999,9.0
2026-05-28 11:35:48.723,2026-05-28 11:50:34.967,22.6584212,114.5142655,100.0,9.9,0.01,234.2,100.0,23.4,1467.9,3553.34,10.0,2.0,2.5,NR5G-SA,n79,-103,-103,-11,17,-999,5.3
2026-05-28 11:35:48.923,2026-05-28 11:50:35.167,22.6584080,114.5142457,100.0,10.0,-0.05,234.2,100.0,34.1,1466.2,3555.85,10.0,2.0,2.5,NR5G-SA,n79,-44,-44,-11,-2,-999,5.3
2026-05-28 11:35:49.124,2026-05-28 11:50:35.567,22.6583948,114.5142259,100.0,10.0,-0.04,234.1,42.3,34.1,1464.6,3558.36,10.0,2.0,2.5,NR5G-SA,n79,-44,-44,-11,-2,-999,7.1
2026-05-28 11:35:49.324,2026-05-28 11:50:35.767,22.6583816,114.5142060,100.0,10.0,-0.05,234.1,42.3,34.1,1462.9,3560.87,10.0,2.0,2.5,NR5G-SA,n79,-44,-44,-11,-2,-999,6.9
2026-05-28 11:35:49.524,2026-05-28 11:50:35.767,22.6583685,114.5141862,100.0,10.0,-0.00,234.1,42.3,34.1,1461.3,3563.38,10.0,2.0,2.5,NR5G-SA,n79,-95,-95,-10,21,-999,8.6
2026-05-28 11:35:49.725,2026-05-28 11:50:35.967,22.6583685,114.5141862,100.0,10.0,-0.00,234.1,42.3,34.1,1461.3,3563.38,10.0,2.0,2.5,NR5G-SA,n79,-95,-95,-10,21,-999,9.0
2026-05-28 11:35:49.925,2026-05-28 11:50:36.167,22.6583554,114.5141663,100.0,9.9,-0.02,234.0,42.3,33.4,1459.6,3565.89,10.0,2.0,2.5,NR5G-SA,n79,-95,-95,-10,21,-999,9.3
2026-05-28 11:35:50.125,2026-05-28 11:50:36.567,22.6583423,114.5141466,100.0,10.0,-0.05,234.1,22.2,33.4,1458.0,3568.38,10.0,2.0,2.5,NR5G-SA,n79,-96,-96,-10,21,-999,7.0
2026-05-28 11:35:50.326,2026-05-28 11:50:36.767,22.6583292,114.5141267,100.0,10.0,-0.04,234.2,22.2,33.4,1456.3,3570.89,10.0,2.0,2.5,NR5G-SA,n79,-96,-96,-10,21,-999,5.4
2026-05-28 11:35:50.526,2026-05-28 11:50:36.767,22.6583161,114.5141070,100.0,10.0,-0.09,234.2,22.2,33.4,1454.7,3573.39,10.0,2.0,2.5,NR5G-SA,n79,-95,-95,-10,20,-999,8.1
2026-05-28 11:35:50.726,2026-05-28 11:50:36.967,22.6583030,114.5140873,100.0,10.0,-0.09,234.1,22.2,33.4,1453.1,3575.88,10.0,2.0,2.5,NR5G-SA,n79,-95,-95,-10,20,-999,12.4
2026-05-28 11:35:50.927,2026-05-28 11:50:37.167,22.6583030,114.5140873,100.0,9.9,-0.04,234.1,22.2,32.7,1453.1,3575.88,10.0,2.0,2.5,NR5G-SA,n79,-95,-95,-10,20,-999,8.1
2026-05-28 11:35:51.127,2026-05-28 11:50:37.567,22.6582900,114.5140677,100.0,9.9,-0.04,234.1,39.2,32.7,1451.4,3578.36,10.0,2.0,2.5,NR5G-SA,n79,-100,-100,-11,20,-999,5.6
2026-05-28 11:35:51.327,2026-05-28 11:50:37.767,22.6582770,114.5140480,100.0,9.9,-0.01,234.1,39.2,32.7,1449.8,3580.85,10.0,2.0,2.5,NR5G-SA,n79,-100,-100,-11,20,-999,5.3
2026-05-28 11:35:51.528,2026-05-28 11:50:37.967,22.6582639,114.5140283,100.0,10.0,-0.11,234.1,39.2,32.7,1448.2,3583.34,10.0,2.0,2.5,NR5G-SA,n79,-100,-100,-11,20,-999,6.3
2026-05-28 11:35:51.728,2026-05-28 11:50:37.967,22.6582507,114.5140085,100.0,10.0,-0.11,234.1,39.2,32.7,1446.6,3585.85,10.0,2.0,2.5,NR5G-SA,n79,-97,-97,-10,20,-999,11.9
2026-05-28 11:35:51.928,2026-05-28 11:50:38.167,22.6582507,114.5140085,100.0,10.0,-0.04,234.1,39.2,32.3,1446.6,3585.85,10.0,2.0,2.5,NR5G-SA,n79,-97,-97,-10,20,-999,8.4
2026-05-28 11:35:52.129,2026-05-28 11:50:38.567,22.6582377,114.5139887,100.0,9.9,0.00,234.1,29.1,32.3,1444.9,3588.35,10.0,2.0,2.5,NR5G-SA,n79,-97,-97,-10,20,-999,8.4
2026-05-28 11:35:52.329,2026-05-28 11:50:38.767,22.6582246,114.5139689,100.0,10.0,-0.07,234.1,29.1,32.3,1443.3,3590.85,10.0,2.0,2.5,NR5G-SA,n79,-106,-106,-11,20,-999,5.2
2026-05-28 11:35:52.529,2026-05-28 11:50:38.767,22.6582114,114.5139491,100.0,10.0,-0.09,234.1,29.1,32.3,1441.7,3593.36,10.0,2.0,2.5,NR5G-SA,n79,-106,-106,-11,20,-999,7.5
2026-05-28 11:35:52.730,2026-05-28 11:50:38.967,22.6581981,114.5139294,100.0,10.0,-0.02,234.1,29.1,32.3,1440.1,3595.87,10.0,2.0,2.5,NR5G-SA,n79,-100,-100,-11,20,-999,13.1
2026-05-28 11:35:52.930,2026-05-28 11:50:39.167,22.6581981,114.5139294,100.0,10.0,-0.02,234.1,29.1,30.0,1440.1,3595.87,10.0,2.0,2.5,NR5G-SA,n79,-100,-100,-11,20,-999,8.4
2026-05-28 11:35:53.130,2026-05-28 11:50:39.567,22.6581849,114.5139097,100.0,10.0,-0.06,234.1,34.9,30.0,1438.5,3598.37,10.0,2.0,2.5,NR5G-SA,n79,-100,-100,-11,20,-999,5.4
2026-05-28 11:35:53.331,2026-05-28 11:50:39.767,22.6581717,114.5138899,100.0,10.0,-0.04,234.2,34.9,30.0,1436.9,3600.88,10.0,2.0,2.5,NR5G-SA,n79,-99,-99,-10,21,-999,6.0
2026-05-28 11:35:53.531,2026-05-28 11:50:39.767,22.6581587,114.5138701,100.0,10.0,-0.07,234.2,34.9,30.0,1435.3,3603.38,10.0,2.0,2.5,NR5G-SA,n79,-99,-99,-10,21,-999,6.9
2026-05-28 11:35:53.732,2026-05-28 11:50:39.967,22.6581456,114.5138503,100.0,9.9,0.01,234.2,34.9,30.0,1433.7,3605.88,10.0,2.0,2.5,NR5G-SA,n79,-99,-99,-10,21,-999,10.7
2026-05-28 11:35:53.932,2026-05-28 11:50:40.167,22.6581456,114.5138503,100.0,9.9,0.01,234.2,34.9,21.8,1433.7,3605.88,10.0,2.0,2.5,NR5G-SA,n79,-97,-97,-10,20,-999,9.3
2026-05-28 11:35:54.132,2026-05-28 11:50:40.567,22.6581325,114.5138307,100.0,10.0,-0.04,234.2,37.3,21.8,1432.1,3608.36,10.0,2.0,2.5,NR5G-SA,n79,-97,-97,-10,20,-999,7.0
2026-05-28 11:35:54.333,2026-05-28 11:50:40.767,22.6581192,114.5138110,100.0,10.0,-0.04,234.2,37.3,21.8,1430.5,3610.87,10.0,2.0,2.5,NR5G-SA,n79,-97,-97,-10,20,-999,5.3
2026-05-28 11:35:54.533,2026-05-28 11:50:40.767,22.6581059,114.5137912,100.0,10.0,0.03,234.1,37.3,21.8,1428.9,3613.39,10.0,2.0,2.5,NR5G-SA,n79,-97,-97,-10,20,-999,8.6
2026-05-28 11:35:54.733,2026-05-28 11:50:40.967,22.6580927,114.5137715,100.0,10.0,-0.03,234.0,37.3,21.8,1427.3,3615.89,10.0,2.0,2.5,NR5G-SA,n79,-97,-97,-10,20,-999,11.2
2026-05-28 11:35:54.934,2026-05-28 11:50:41.167,22.6580927,114.5137715,100.0,10.0,-0.03,234.0,37.3,21.8,1427.3,3615.89,10.0,2.0,2.5,NR5G-SA,n79,-97,-97,-10,20,-999,6.6
2026-05-28 11:35:55.134,2026-05-28 11:50:41.567,22.6580795,114.5137517,100.0,10.0,0.03,234.0,24.7,25.5,1425.7,3618.40,10.0,2.0,2.5,NR5G-SA,n79,-98,-98,-10,19,-999,7.3
2026-05-28 11:35:55.334,2026-05-28 11:50:41.767,22.6580665,114.5137318,100.0,10.0,-0.04,233.9,24.7,25.5,1424.1,3620.90,10.0,2.0,2.5,NR5G-SA,n79,-98,-98,-10,19,-999,6.3
2026-05-28 11:35:55.534,2026-05-28 11:50:41.767,22.6580535,114.5137120,100.0,9.9,-0.00,234.1,24.7,25.5,1422.5,3623.40,10.0,2.0,2.5,NR5G-SA,n79,-107,-107,-11,19,-999,8.0
2026-05-28 11:35:55.735,2026-05-28 11:50:41.967,22.6580405,114.5136923,100.0,10.0,-0.00,234.3,24.7,25.5,1421.0,3625.89,10.0,2.0,2.5,NR5G-SA,n79,-107,-107,-11,19,-999,13.6
2026-05-28 11:35:55.935,2026-05-28 11:50:42.167,22.6580405,114.5136923,100.0,10.0,-0.00,234.3,24.7,25.5,1421.0,3625.89,10.0,2.0,2.5,NR5G-SA,n79,-107,-107,-11,19,-999,8.8
2026-05-28 11:35:56.135,2026-05-28 11:50:42.567,22.6580275,114.5136724,100.0,9.9,-0.01,234.3,42.3,26.0,1419.4,3628.39,10.0,2.0,2.5,NR5G-SA,n79,-103,-103,-11,18,-999,5.0
2026-05-28 11:35:56.336,2026-05-28 11:50:42.767,22.6580144,114.5136527,100.0,10.0,0.03,234.4,42.3,26.0,1417.8,3630.89,10.0,2.0,2.5,NR5G-SA,n79,-103,-103,-11,18,-999,5.2
2026-05-28 11:35:56.536,2026-05-28 11:50:42.767,22.6580011,114.5136330,100.0,10.0,0.02,234.5,42.3,26.0,1416.2,3633.39,10.0,2.0,2.5,NR5G-SA,n79,-103,-103,-11,18,-999,5.9
2026-05-28 11:35:56.737,2026-05-28 11:50:42.967,22.6579879,114.5136132,100.0,10.0,-0.05,234.5,42.3,26.0,1414.7,3635.90,10.0,2.0,2.5,NR5G-SA,n79,-101,-101,-11,18,-999,10.3
2026-05-28 11:35:56.937,2026-05-28 11:50:43.167,22.6579879,114.5136132,100.0,10.0,-0.05,234.5,42.3,26.0,1414.7,3635.90,10.0,2.0,2.5,NR5G-SA,n79,-101,-101,-11,18,-999,6.5
2026-05-28 11:35:57.137,2026-05-28 11:50:43.567,22.6579746,114.5135935,100.0,10.0,-0.04,234.3,15.2,25.2,1413.1,3638.41,10.0,2.0,2.5,NR5G-SA,n79,-106,-106,-11,19,-999,6.4
2026-05-28 11:35:57.338,2026-05-28 11:50:43.767,22.6579613,114.5135739,100.0,9.9,-0.01,234.3,15.2,25.2,1411.6,3640.91,10.0,2.0,2.5,NR5G-SA,n79,-106,-106,-11,19,-999,5.8
2026-05-28 11:35:57.538,2026-05-28 11:50:43.967,22.6579481,114.5135541,100.0,10.0,0.03,234.4,15.2,25.2,1410.0,3643.42,10.0,2.0,2.5,NR5G-SA,n79,-106,-106,-11,19,-999,5.9
2026-05-28 11:35:57.738,2026-05-28 11:50:43.967,22.6579349,114.5135343,100.0,9.9,0.00,234.4,15.2,25.2,1408.4,3645.93,10.0,2.0,2.5,NR5G-SA,n79,-104,-104,-11,19,-999,12.1
2026-05-28 11:35:57.939,2026-05-28 11:50:44.167,22.6579349,114.5135343,100.0,9.9,0.00,234.4,15.2,25.2,1408.4,3645.93,10.0,2.0,2.5,NR5G-SA,n79,-104,-104,-11,19,-999,9.4
2026-05-28 11:35:58.139,2026-05-28 11:50:44.567,22.6579218,114.5135146,100.0,10.0,0.02,234.4,0.0,25.3,1406.9,3648.42,10.0,2.0,2.5,NR5G-SA,n79,-104,-104,-11,19,-999,6.6
2026-05-28 11:35:58.339,2026-05-28 11:50:44.767,22.6579088,114.5134949,100.0,10.0,0.09,234.3,0.0,25.3,1405.3,3650.91,10.0,2.0,2.5,NR5G-SA,n79,-101,-101,-11,20,-999,5.0
2026-05-28 11:35:58.540,2026-05-28 11:50:44.967,22.6578957,114.5134752,100.0,10.0,0.02,234.2,0.0,25.3,1403.8,3653.40,10.0,2.0,2.5,NR5G-SA,n79,-101,-101,-11,20,-999,6.2
2026-05-28 11:35:58.740,2026-05-28 11:50:44.967,22.6578826,114.5134554,100.0,10.0,0.02,234.2,0.0,25.3,1402.2,3655.91,10.0,2.0,2.5,NR5G-SA,n79,-101,-101,-11,20,-999,12.1
2026-05-28 11:35:58.941,2026-05-28 11:50:45.167,22.6578826,114.5134554,100.0,10.0,0.02,234.2,0.0,25.3,1402.2,3655.91,10.0,2.0,2.5,NR5G-SA,n79,-105,-105,-11,19,-999,7.6
2026-05-28 11:35:59.141,2026-05-28 11:50:45.567,22.6578695,114.5134356,100.0,10.0,-0.02,234.2,4.7,24.6,1400.7,3658.41,10.0,2.0,2.5,NR5G-SA,n79,-105,-105,-11,19,-999,6.4
2026-05-28 11:35:59.341,2026-05-28 11:50:45.767,22.6578564,114.5134158,100.0,10.0,-0.01,234.2,4.7,24.6,1399.1,3660.91,10.0,2.0,2.5,NR5G-SA,n79,-100,-100,-11,20,-999,5.1
2026-05-28 11:35:59.542,2026-05-28 11:50:45.967,22.6578432,114.5133960,100.0,10.0,-0.03,234.1,4.7,24.6,1397.6,3663.42,10.0,2.0,2.5,NR5G-SA,n79,-100,-100,-11,20,-999,7.5
2026-05-28 11:35:59.742,2026-05-28 11:50:45.967,22.6578301,114.5133763,100.0,10.0,-0.02,234.1,4.7,24.6,1396.1,3665.92,10.0,2.0,2.5,NR5G-SA,n79,-100,-100,-11,20,-999,12.4
2026-05-28 11:35:59.942,2026-05-28 11:50:46.167,22.6578301,114.5133763,100.0,10.0,-0.02,234.1,4.7,24.6,1396.1,3665.92,10.0,2.0,2.5,NR5G-SA,n79,-101,-101,-11,19,-999,10.1
2026-05-28 11:36:00.143,2026-05-28 11:50:46.567,22.6578170,114.5133566,100.0,9.9,0.03,234.1,0.0,20.0,1394.5,3668.41,10.0,2.0,2.5,NR5G-SA,n79,-101,-101,-11,19,-999,5.5
2026-05-28 11:36:00.343,2026-05-28 11:50:46.767,22.6578040,114.5133368,100.0,10.0,0.09,234.2,0.0,20.0,1393.0,3670.91,10.0,2.0,2.5,NR5G-SA,n79,-101,-101,-11,19,-999,3.8
2026-05-28 11:36:00.543,2026-05-28 11:50:46.967,22.6577910,114.5133170,100.0,10.0,0.06,234.3,0.0,20.0,1391.4,3673.40,10.0,2.0,2.5,NR5G-SA,n79,-108,-108,-11,20,-999,5.6
2026-05-28 11:36:00.744,2026-05-28 11:50:46.967,22.6577779,114.5132972,100.0,10.0,0.02,234.4,0.0,20.0,1389.9,3675.91,10.0,2.0,2.5,NR5G-SA,n79,-108,-108,-11,20,-999,13.7
2026-05-28 11:36:00.944,2026-05-28 11:50:47.167,22.6577779,114.5132972,100.0,10.0,0.02,234.4,0.0,20.0,1389.9,3675.91,10.0,2.0,2.5,NR5G-SA,n79,-108,-108,-11,20,-999,8.8
2026-05-28 11:36:01.144,2026-05-28 11:50:47.567,22.6577649,114.5132775,100.0,10.0,-0.01,234.4,6.8,18.2,1388.4,3678.39,10.0,2.0,2.5,NR5G-SA,n79,-99,-99,-10,20,-999,6.6
2026-05-28 11:36:01.345,2026-05-28 11:50:47.767,22.6577519,114.5132578,100.0,10.0,0.01,234.4,6.8,18.2,1386.9,3680.88,10.0,2.0,2.5,NR5G-SA,n79,-99,-99,-10,20,-999,5.8
2026-05-28 11:36:01.545,2026-05-28 11:50:47.967,22.6577388,114.5132381,100.0,10.0,0.00,234.3,6.8,18.2,1385.4,3683.38,10.0,2.0,2.5,NR5G-SA,n79,-102,-102,-11,21,-999,5.4
2026-05-28 11:36:01.745,2026-05-28 11:50:47.967,22.6577257,114.5132184,100.0,10.0,0.05,234.5,6.8,18.2,1383.8,3685.87,10.0,2.0,2.5,NR5G-SA,n79,-102,-102,-11,21,-999,10.3
2026-05-28 11:36:01.946,2026-05-28 11:50:48.167,22.6577257,114.5132184,100.0,10.0,0.05,234.5,6.8,18.2,1383.8,3685.87,10.0,2.0,2.5,NR5G-SA,n79,-102,-102,-11,21,-999,9.2
2026-05-28 11:36:02.146,2026-05-28 11:50:48.567,22.6577126,114.5131986,100.0,10.0,-0.03,234.6,0.0,20.2,1382.3,3688.37,10.0,2.0,2.5,NR5G-SA,n79,-104,-104,-11,20,-999,4.8
2026-05-28 11:36:02.346,2026-05-28 11:50:48.767,22.6576996,114.5131788,100.0,10.0,0.04,234.7,0.0,20.2,1380.8,3690.87,10.0,2.0,2.5,NR5G-SA,n79,-104,-104,-11,20,-999,5.5
2026-05-28 11:36:02.546,2026-05-28 11:50:48.967,22.6576865,114.5131590,100.0,10.0,0.02,234.8,0.0,20.2,1379.3,3693.37,10.0,2.0,2.5,NR5G-SA,n79,-104,-104,-11,20,-999,5.8
2026-05-28 11:36:02.747,2026-05-28 11:50:48.967,22.6576735,114.5131392,100.0,10.0,-0.04,234.9,0.0,20.2,1377.8,3695.87,10.0,2.0,2.5,NR5G-SA,n79,-98,-98,-11,20,-999,10.0
2026-05-28 11:36:02.947,2026-05-28 11:50:49.167,22.6576735,114.5131392,100.0,10.0,-0.04,234.9,0.0,20.2,1377.8,3695.87,10.0,2.0,2.5,NR5G-SA,n79,-98,-98,-11,20,-999,9.1
2026-05-28 11:36:03.148,2026-05-28 11:50:49.567,22.6576603,114.5131193,100.0,10.1,-0.00,234.9,17.6,18.7,1376.3,3698.39,10.0,2.0,2.5,NR5G-SA,n79,-98,-98,-11,20,-999,6.1
2026-05-28 11:36:03.348,2026-05-28 11:50:49.767,22.6576471,114.5130995,99.9,10.1,0.05,235.0,17.6,18.7,1374.8,3700.90,10.0,2.0,2.5,NR5G-SA,n79,-106,-106,-11,20,-999,5.1
2026-05-28 11:36:03.548,2026-05-28 11:50:49.967,22.6576339,114.5130797,99.9,10.0,0.04,235.1,17.6,18.7,1373.3,3703.40,10.0,2.0,2.5,NR5G-SA,n79,-106,-106,-11,20,-999,6.6
2026-05-28 11:36:03.749,2026-05-28 11:50:49.967,22.6576208,114.5130599,99.9,10.0,0.09,235.0,17.6,18.7,1371.8,3705.91,10.0,2.0,2.5,NR5G-SA,n79,-95,-95,-10,20,-999,10.3
2026-05-28 11:36:03.949,2026-05-28 11:50:50.167,22.6576208,114.5130599,99.9,10.0,0.09,235.0,17.6,18.7,1371.8,3705.91,10.0,2.0,2.5,NR5G-SA,n79,-95,-95,-10,20,-999,8.2
2026-05-28 11:36:04.149,2026-05-28 11:50:50.567,22.6576076,114.5130403,99.9,10.0,0.11,235.0,43.3,18.7,1370.3,3708.40,10.0,2.0,2.5,NR5G-SA,n79,-95,-95,-10,20,-999,4.3
2026-05-28 11:36:04.349,2026-05-28 11:50:50.767,22.6575945,114.5130207,100.0,10.0,0.04,234.9,43.3,19.0,1368.8,3710.89,10.0,2.0,2.5,NR5G-SA,n79,-102,-102,-11,20,-999,4.2
2026-05-28 11:36:04.550,2026-05-28 11:50:50.967,22.6575812,114.5130009,100.0,10.0,0.08,234.9,43.3,19.0,1367.4,3713.40,10.0,2.0,2.5,NR5G-SA,n79,-102,-102,-11,20,-999,5.4
2026-05-28 11:36:04.750,2026-05-28 11:50:50.967,22.6575680,114.5129811,100.0,10.0,0.10,234.8,43.3,19.0,1365.9,3715.91,10.0,2.0,2.5,NR5G-SA,n79,-102,-102,-11,20,-999,10.2
2026-05-28 11:36:04.950,2026-05-28 11:50:51.167,22.6575680,114.5129811,100.0,10.0,0.10,234.8,43.3,19.0,1365.9,3715.91,10.0,2.0,2.5,NR5G-SA,n79,-101,-101,-11,19,-999,5.6
2026-05-28 11:36:05.150,2026-05-28 11:50:51.567,22.6575547,114.5129613,100.0,10.0,0.03,234.8,43.3,19.0,1364.4,3718.43,10.0,2.0,2.5,NR5G-SA,n79,-101,-101,-11,19,-999,4.7
2026-05-28 11:36:05.351,2026-05-28 11:50:51.767,22.6575415,114.5129414,100.0,10.0,0.10,234.7,100.0,18.6,1362.9,3720.94,10.0,2.0,2.5,NR5G-SA,n79,-101,-101,-11,19,-999,6.3
2026-05-28 11:36:05.551,2026-05-28 11:50:51.967,22.6575283,114.5129216,100.0,10.0,0.09,234.5,100.0,18.6,1361.4,3723.45,10.0,2.0,2.5,NR5G-SA,n79,-101,-101,-11,19,-999,6.8
2026-05-28 11:36:05.752,2026-05-28 11:50:51.967,22.6575150,114.5129018,100.0,10.0,0.02,234.2,100.0,18.6,1360.0,3725.97,10.0,2.0,2.5,NR5G-SA,n79,-101,-101,-11,19,-999,11.6
2026-05-28 11:36:05.952,2026-05-28 11:50:52.167,22.6575150,114.5129018,100.0,10.0,0.02,234.2,100.0,18.6,1360.0,3725.97,10.0,2.0,2.5,NR5G-SA,n79,-101,-101,-11,19,-999,9.7
2026-05-28 11:36:06.152,2026-05-28 11:50:52.567,22.6575018,114.5128820,100.0,9.9,-0.01,233.9,100.0,18.6,1358.5,3728.48,10.0,2.0,2.5,NR5G-SA,n79,-103,-103,-10,19,-999,5.0
2026-05-28 11:36:06.353,2026-05-28 11:50:52.767,22.6574886,114.5128623,100.0,10.0,0.00,233.7,36.2,19.5,1357.1,3730.98,10.0,2.0,2.5,NR5G-SA,n79,-103,-103,-10,19,-999,5.5
2026-05-28 11:36:06.553,2026-05-28 11:50:52.967,22.6574753,114.5128425,100.0,9.9,-0.01,233.4,36.2,19.5,1355.6,3733.50,10.0,2.0,2.5,NR5G-SA,n79,-101,-101,-10,20,-999,6.3
2026-05-28 11:36:06.754,2026-05-28 11:50:52.967,22.6574621,114.5128228,100.0,9.9,-0.02,233.4,36.2,19.5,1354.2,3736.00,10.0,2.0,2.5,NR5G-SA,n79,-101,-101,-10,20,-999,12.2
2026-05-28 11:36:06.954,2026-05-28 11:50:53.167,22.6574621,114.5128228,100.0,9.9,-0.02,233.4,36.2,19.5,1354.2,3736.00,10.0,2.0,2.5,NR5G-SA,n79,-101,-101,-10,20,-999,6.4
2026-05-28 11:36:07.154,2026-05-28 11:50:53.567,22.6574489,114.5128031,100.0,10.0,-0.01,233.3,36.2,19.5,1352.7,3738.50,10.0,2.0,2.5,NR5G-SA,n79,-95,-95,-10,19,-999,6.8
2026-05-28 11:36:07.355,2026-05-28 11:50:53.767,22.6574358,114.5127834,100.0,10.0,-0.02,233.4,33.3,17.8,1351.3,3740.99,10.0,2.0,2.5,NR5G-SA,n79,-95,-95,-10,19,-999,6.7
2026-05-28 11:36:07.555,2026-05-28 11:50:53.967,22.6574227,114.5127637,100.0,9.9,0.00,233.4,33.3,17.8,1349.8,3743.49,10.0,2.0,2.5,NR5G-SA,n79,-95,-95,-10,19,-999,4.7
2026-05-28 11:36:07.755,2026-05-28 11:50:53.967,22.6574097,114.5127440,100.0,9.9,-0.05,233.5,33.3,17.8,1348.4,3745.97,10.0,2.0,2.5,NR5G-SA,n79,-100,-100,-11,18,-999,9.7
2026-05-28 11:36:07.956,2026-05-28 11:50:54.167,22.6574097,114.5127440,100.0,9.9,-0.05,233.5,33.3,17.8,1348.4,3745.97,10.0,2.0,2.5,NR5G-SA,n79,-100,-100,-11,18,-999,8.4
2026-05-28 11:36:08.156,2026-05-28 11:50:54.567,22.6573967,114.5127243,100.0,10.0,0.04,233.5,33.3,17.8,1346.9,3748.46,10.0,2.0,2.5,NR5G-SA,n79,-100,-100,-11,18,-999,9.1
2026-05-28 11:36:08.356,2026-05-28 11:50:54.767,22.6573835,114.5127047,100.0,10.0,0.04,233.2,30.0,20.6,1345.5,3750.96,10.0,2.0,2.5,NR5G-SA,n79,-96,-96,-10,18,-999,6.6
2026-05-28 11:36:08.557,2026-05-28 11:50:54.967,22.6573704,114.5126851,100.0,9.9,0.03,233.0,30.0,20.6,1344.1,3753.44,10.0,2.0,2.5,NR5G-SA,n79,-96,-96,-10,18,-999,5.6
2026-05-28 11:36:08.757,2026-05-28 11:50:54.967,22.6573573,114.5126654,100.0,10.0,0.06,232.9,30.0,20.6,1342.7,3755.94,10.0,2.0,2.5,NR5G-SA,n79,-97,-97,-10,17,-999,7.6
2026-05-28 11:36:08.958,2026-05-28 11:50:55.167,22.6573573,114.5126654,100.0,10.0,0.06,232.9,30.0,20.6,1342.7,3755.94,10.0,2.0,2.5,NR5G-SA,n79,-97,-97,-10,17,-999,10.2
2026-05-28 11:36:09.158,2026-05-28 11:50:55.567,22.6573442,114.5126456,100.0,10.0,0.05,232.9,39.5,20.6,1341.2,3758.44,10.0,2.0,2.5,NR5G-SA,n79,-97,-97,-10,17,-999,7.4
2026-05-28 11:36:09.359,2026-05-28 11:50:55.767,22.6573310,114.5126256,100.0,10.0,0.03,233.0,39.5,18.8,1339.8,3760.96,10.0,2.0,2.5,NR5G-SA,n79,-102,-102,-11,17,-999,5.0
2026-05-28 11:36:09.559,2026-05-28 11:50:55.967,22.6573180,114.5126057,100.0,10.1,0.01,233.2,39.5,18.8,1338.4,3763.47,10.0,2.0,2.5,NR5G-SA,n79,-102,-102,-11,17,-999,5.6
2026-05-28 11:36:09.759,2026-05-28 11:50:55.967,22.6573050,114.5125858,100.0,10.0,0.03,233.2,39.5,18.8,1336.9,3765.97,10.0,2.0,2.5,NR5G-SA,n79,-102,-102,-11,17,-999,10.3
2026-05-28 11:36:09.960,2026-05-28 11:50:56.167,22.6573050,114.5125858,100.0,10.0,0.03,233.2,39.5,18.8,1336.9,3765.97,10.0,2.0,2.5,NR5G-SA,n79,-94,-94,-10,17,-999,7.8
2026-05-28 11:36:10.160,2026-05-28 11:50:56.567,22.6572919,114.5125659,100.0,10.0,-0.04,233.2,39.5,18.8,1335.5,3768.48,10.0,2.0,2.5,NR5G-SA,n79,-94,-94,-10,17,-999,11.5
2026-05-28 11:36:10.361,2026-05-28 11:50:56.767,22.6572786,114.5125461,100.0,10.0,-0.06,233.2,21.8,19.6,1334.1,3771.00,10.0,2.0,2.5,NR5G-SA,n79,-94,-94,-10,17,-999,5.8
2026-05-28 11:36:10.561,2026-05-28 11:50:56.967,22.6572655,114.5125264,100.0,9.9,-0.07,233.1,21.8,19.6,1332.7,3773.50,10.0,2.0,2.5,NR5G-SA,n79,-100,-100,-10,17,-999,7.2
2026-05-28 11:36:10.761,2026-05-28 11:50:56.967,22.6572523,114.5125067,100.0,10.0,-0.10,233.2,21.8,19.6,1331.3,3776.00,10.0,2.0,2.5,NR5G-SA,n79,-100,-100,-10,17,-999,5.8
2026-05-28 11:36:10.962,2026-05-28 11:50:57.167,22.6572523,114.5125067,100.0,10.0,-0.10,233.2,21.8,19.6,1331.3,3776.00,10.0,2.0,2.5,NR5G-SA,n79,-96,-96,-10,16,-999,7.7
2026-05-28 11:36:11.162,2026-05-28 11:50:57.567,22.6572393,114.5124871,100.0,9.9,-0.06,233.6,21.8,19.6,1329.9,3778.48,10.0,2.0,2.5,NR5G-SA,n79,-96,-96,-10,16,-999,7.6
2026-05-28 11:36:11.362,2026-05-28 11:50:57.767,22.6572262,114.5124675,100.0,10.0,-0.09,234.0,43.6,22.0,1328.5,3780.96,10.0,2.0,2.5,NR5G-SA,n79,-96,-96,-10,16,-999,5.4
2026-05-28 11:36:11.563,2026-05-28 11:50:57.967,22.6572131,114.5124477,100.0,9.9,-0.01,234.2,43.6,22.0,1327.1,3783.46,10.0,2.0,2.5,NR5G-SA,n79,-98,-98,-10,16,-999,5.3
2026-05-28 11:36:11.763,2026-05-28 11:50:57.967,22.6572000,114.5124280,100.0,10.0,0.02,234.4,43.6,22.0,1325.7,3785.96,10.0,2.0,2.5,NR5G-SA,n79,-98,-98,-10,16,-999,8.0
2026-05-28 11:36:11.963,2026-05-28 11:50:58.167,22.6572000,114.5124280,100.0,10.0,0.02,234.4,43.6,22.0,1325.7,3785.96,10.0,2.0,2.5,NR5G-SA,n79,-98,-98,-10,16,-999,9.6
2026-05-28 11:36:12.164,2026-05-28 11:50:58.567,22.6571868,114.5124082,100.0,10.0,0.02,234.5,43.6,22.0,1324.3,3788.47,10.0,2.0,2.5,NR5G-SA,n79,-98,-98,-10,16,-999,7.2
2026-05-28 11:36:12.364,2026-05-28 11:50:58.767,22.6571737,114.5123884,100.0,10.0,0.04,234.5,13.1,22.7,1322.9,3790.97,10.0,2.0,2.5,NR5G-SA,n79,-98,-98,-10,16,-999,4.5
2026-05-28 11:36:12.565,2026-05-28 11:50:58.967,22.6571606,114.5123686,100.0,10.0,0.05,234.7,13.1,22.7,1321.5,3793.47,10.0,2.0,2.5,NR5G-SA,n79,-98,-98,-10,16,-999,5.6
2026-05-28 11:36:12.765,2026-05-28 11:50:59.167,22.6571475,114.5123488,100.0,10.0,-0.04,234.7,13.1,22.7,1320.2,3795.98,10.0,2.0,2.5,NR5G-SA,n79,-95,-95,-10,17,-999,7.5
2026-05-28 11:36:12.965,2026-05-28 11:50:59.167,22.6571475,114.5123488,100.0,10.0,-0.04,234.7,13.1,22.7,1320.2,3795.98,10.0,2.0,2.5,NR5G-SA,n79,-95,-95,-10,17,-999,10.9
2026-05-28 11:36:13.166,2026-05-28 11:50:59.567,22.6571344,114.5123290,100.0,10.0,-0.08,234.7,13.1,22.7,1318.8,3798.48,10.0,2.0,2.5,NR5G-SA,n79,-97,-97,-10,15,-999,6.3
2026-05-28 11:36:13.366,2026-05-28 11:50:59.767,22.6571212,114.5123092,100.0,10.0,0.01,234.8,0.0,22.7,1317.4,3800.99,10.0,2.0,2.5,NR5G-SA,n79,-97,-97,-10,15,-999,4.1
2026-05-28 11:36:13.566,2026-05-28 11:50:59.967,22.6571080,114.5122895,100.0,10.0,-0.02,234.8,0.0,21.5,1316.0,3803.49,10.0,2.0,2.5,NR5G-SA,n79,-97,-97,-10,15,-999,4.7
2026-05-28 11:36:13.767,2026-05-28 11:50:59.967,22.6570948,114.5122698,100.0,10.0,-0.05,234.8,0.0,21.5,1314.7,3805.99,10.0,2.0,2.5,NR5G-SA,n79,-100,-100,-10,16,-999,8.3
2026-05-28 11:36:13.967,2026-05-28 11:51:00.167,22.6570948,114.5122698,100.0,10.0,-0.05,234.8,0.0,21.5,1314.7,3805.99,10.0,2.0,2.5,NR5G-SA,n79,-100,-100,-10,16,-999,9.1
2026-05-28 11:36:14.168,2026-05-28 11:51:00.567,22.6570817,114.5122501,100.0,10.0,-0.05,234.8,0.0,21.5,1313.3,3808.48,10.0,2.0,2.5,NR5G-SA,n79,-100,-100,-10,16,-999,8.6
2026-05-28 11:36:14.368,2026-05-28 11:51:00.767,22.6570685,114.5122304,100.0,10.0,-0.00,234.8,0.8,21.5,1312.0,3810.99,10.0,2.0,2.5,NR5G-SA,n79,-98,-98,-10,16,-999,6.6
2026-05-28 11:36:14.569,2026-05-28 11:51:00.967,22.6570553,114.5122107,100.0,10.0,-0.05,234.9,0.8,24.1,1310.6,3813.49,10.0,2.0,2.5,NR5G-SA,n79,-98,-98,-10,16,-999,5.2
2026-05-28 11:36:14.769,2026-05-28 11:51:00.967,22.6570421,114.5121909,100.0,10.0,-0.03,234.9,0.8,24.1,1309.3,3816.00,10.0,2.0,2.5,NR5G-SA,n79,-98,-98,-10,16,-999,10.1
2026-05-28 11:36:14.970,2026-05-28 11:51:01.167,22.6570290,114.5121711,100.0,10.0,0.00,234.8,0.8,24.1,1307.9,3818.50,10.0,2.0,2.5,NR5G-SA,n79,-94,-94,-10,16,-999,10.5
2026-05-28 11:36:15.170,2026-05-28 11:51:01.567,22.6570290,114.5121711,100.0,10.0,0.00,234.8,0.8,24.1,1307.9,3818.50,10.0,2.0,2.5,NR5G-SA,n79,-94,-94,-10,16,-999,8.3
2026-05-28 11:36:15.370,2026-05-28 11:51:01.767,22.6570158,114.5121512,100.0,10.0,-0.02,234.9,0.0,24.1,1306.6,3821.02,10.0,2.0,2.5,NR5G-SA,n79,-94,-94,-10,16,-999,4.9
2026-05-28 11:36:15.571,2026-05-28 11:51:01.967,22.6570026,114.5121315,100.0,10.0,-0.06,234.8,0.0,24.2,1305.2,3823.52,10.0,2.0,2.5,NR5G-SA,n79,-94,-94,-10,16,-999,7.1
2026-05-28 11:36:15.771,2026-05-28 11:51:01.967,22.6569895,114.5121118,100.0,9.9,0.03,234.8,0.0,24.2,1303.9,3826.01,10.0,2.0,2.5,NR5G-SA,n79,-94,-94,-10,16,-999,8.0
2026-05-28 11:36:15.972,2026-05-28 11:51:02.167,22.6569895,114.5121118,100.0,9.9,0.03,234.8,0.0,24.2,1303.9,3826.01,10.0,2.0,2.5,NR5G-SA,n79,-94,-94,-10,17,-999,6.5
2026-05-28 11:36:16.172,2026-05-28 11:51:02.567,22.6569764,114.5120920,100.0,10.0,0.01,234.8,0.0,24.2,1302.6,3828.51,10.0,2.0,2.5,NR5G-SA,n79,-94,-94,-10,17,-999,7.6
2026-05-28 11:36:16.372,2026-05-28 11:51:02.767,22.6569633,114.5120722,100.0,10.0,-0.02,234.7,10.6,24.2,1301.2,3831.02,10.0,2.0,2.5,NR5G-SA,n79,-94,-94,-10,17,-999,5.0
2026-05-28 11:36:16.573,2026-05-28 11:51:02.967,22.6569501,114.5120524,100.0,10.0,-0.08,234.8,10.6,23.1,1299.9,3833.53,10.0,2.0,2.5,NR5G-SA,n79,-94,-94,-10,17,-999,6.5
2026-05-28 11:36:16.773,2026-05-28 11:51:02.967,22.6569370,114.5120327,100.0,10.0,-0.06,234.7,10.6,23.1,1298.6,3836.02,10.0,2.0,2.5,NR5G-SA,n79,-94,-94,-10,17,-999,11.5
2026-05-28 11:36:16.974,2026-05-28 11:51:03.167,22.6569370,114.5120327,100.0,10.0,-0.06,234.7,10.6,23.1,1298.6,3836.02,10.0,2.0,2.5,NR5G-SA,n79,-94,-94,-10,17,-999,8.8
2026-05-28 11:36:17.174,2026-05-28 11:51:03.567,22.6569239,114.5120130,100.0,10.0,-0.02,234.7,10.6,23.1,1297.2,3838.52,10.0,2.0,2.5,NR5G-SA,n79,-94,-94,-10,17,-999,9.1
2026-05-28 11:36:17.374,2026-05-28 11:51:03.767,22.6569109,114.5119933,100.0,10.0,-0.04,234.7,0.0,23.1,1295.9,3841.00,10.0,2.0,2.5,NR5G-SA,n79,-94,-94,-10,17,-999,4.9
2026-05-28 11:36:17.575,2026-05-28 11:51:03.967,22.6568978,114.5119735,100.0,10.0,-0.03,234.6,0.0,22.9,1294.6,3843.51,10.0,2.0,2.5,NR5G-SA,n79,-94,-94,-10,17,-999,5.1
2026-05-28 11:36:17.775,2026-05-28 11:51:03.967,22.6568846,114.5119538,100.0,10.0,0.02,234.4,0.0,22.9,1293.3,3846.01,10.0,2.0,2.5,NR5G-SA,n79,-94,-94,-10,17,-999,7.4
2026-05-28 11:36:17.976,2026-05-28 11:51:04.167,22.6568846,114.5119538,100.0,10.0,0.02,234.4,0.0,22.9,1293.3,3846.01,10.0,2.0,2.5,NR5G-SA,n79,-94,-94,-10,17,-999,13.7
2026-05-28 11:36:18.176,2026-05-28 11:51:04.567,22.6568715,114.5119340,100.0,10.0,-0.04,234.4,0.0,22.9,1292.0,3848.51,10.0,2.0,2.5,NR5G-SA,n79,-94,-94,-10,17,-999,8.4
2026-05-28 11:36:18.376,2026-05-28 11:51:04.767,22.6568583,114.5119143,100.0,10.0,0.02,234.3,20.6,22.9,1290.7,3851.01,10.0,2.0,2.5,NR5G-SA,n79,-94,-94,-10,17,-999,7.6
2026-05-28 11:36:18.577,2026-05-28 11:51:04.967,22.6568451,114.5118945,100.0,10.0,-0.03,234.3,20.6,23.2,1289.4,3853.52,10.0,2.0,2.5,NR5G-SA,n79,-94,-94,-10,17,-999,5.8
2026-05-28 11:36:18.777,2026-05-28 11:51:05.167,22.6568319,114.5118746,100.0,10.0,0.01,234.3,20.6,23.2,1288.1,3856.04,10.0,2.0,2.5,NR5G-SA,n79,-94,-94,-10,16,-999,6.7
2026-05-28 11:36:18.977,2026-05-28 11:51:05.167,22.6568319,114.5118746,100.0,10.0,0.01,234.3,20.6,23.2,1288.1,3856.04,10.0,2.0,2.5,NR5G-SA,n79,-94,-94,-10,16,-999,13.2
2026-05-28 11:36:19.178,2026-05-28 11:51:05.567,22.6568188,114.5118548,100.0,10.0,0.02,234.3,20.6,23.2,1286.8,3858.54,10.0,2.0,2.5,NR5G-SA,n79,-94,-94,-10,16,-999,5.3
2026-05-28 11:36:19.378,2026-05-28 11:51:05.767,22.6568056,114.5118351,100.0,10.0,0.01,234.2,40.0,23.2,1285.5,3861.04,10.0,2.0,2.5,NR5G-SA,n79,-94,-94,-10,15,-999,5.8
2026-05-28 11:36:19.579,2026-05-28 11:51:05.967,22.6567925,114.5118153,100.0,10.0,0.00,234.1,40.0,22.0,1284.2,3863.54,10.0,2.0,2.5,NR5G-SA,n79,-94,-94,-10,15,-999,5.3
2026-05-28 11:36:19.779,2026-05-28 11:51:05.967,22.6567793,114.5117955,100.0,10.0,0.05,233.9,40.0,22.0,1282.9,3866.05,10.0,2.0,2.5,NR5G-SA,n79,-94,-94,-10,15,-999,7.2
2026-05-28 11:36:19.979,2026-05-28 11:51:06.167,22.6567793,114.5117955,100.0,10.0,0.05,233.9,40.0,22.0,1282.9,3866.05,10.0,2.0,2.5,NR5G-SA,n79,-94,-94,-10,15,-999,11.5
2026-05-28 11:36:20.180,2026-05-28 11:51:06.567,22.6567661,114.5117758,100.0,9.9,0.02,234.0,40.0,22.0,1281.7,3868.55,10.0,2.0,2.5,NR5G-SA,n79,-94,-94,-10,15,-999,7.4
2026-05-28 11:36:20.380,2026-05-28 11:51:06.767,22.6567531,114.5117561,100.0,10.0,-0.01,234.1,29.0,22.0,1280.4,3871.04,10.0,2.0,2.5,NR5G-SA,n79,-94,-94,-10,15,-999,6.2
2026-05-28 11:36:20.581,2026-05-28 11:51:06.967,22.6567400,114.5117364,100.0,10.0,0.05,234.2,29.0,23.4,1279.1,3873.54,10.0,2.0,2.5,NR5G-SA,n79,-94,-94,-10,15,-999,5.6
2026-05-28 11:36:20.781,2026-05-28 11:51:06.967,22.6567269,114.5117168,100.0,10.0,-0.00,234.2,29.0,23.4,1277.9,3876.02,10.0,2.0,2.5,NR5G-SA,n79,-94,-94,-10,15,-999,7.6
2026-05-28 11:36:20.981,2026-05-28 11:51:07.167,22.6567269,114.5117168,100.0,10.0,-0.00,234.2,29.0,23.4,1277.9,3876.02,10.0,2.0,2.5,NR5G-SA,n79,-94,-94,-10,15,-999,11.4
2026-05-28 11:36:21.182,2026-05-28 11:51:07.567,22.6567138,114.5116970,100.0,10.0,-0.02,234.3,29.0,23.4,1276.6,3878.53,10.0,2.0,2.5,NR5G-SA,n79,-94,-94,-10,15,-999,6.3
2026-05-28 11:36:21.382,2026-05-28 11:51:07.767,22.6567007,114.5116773,100.0,10.0,0.01,234.3,34.2,23.4,1275.3,3881.02,10.0,2.0,2.5,NR5G-SA,n79,-94,-94,-10,15,-999,5.8
2026-05-28 11:36:21.582,2026-05-28 11:51:07.967,22.6566875,114.5116576,100.0,10.0,0.02,234.3,34.2,23.4,1274.1,3883.52,10.0,2.0,2.5,NR5G-SA,n79,-94,-94,-10,16,-999,6.4
2026-05-28 11:36:21.783,2026-05-28 11:51:08.167,22.6566744,114.5116379,100.0,10.0,0.00,234.3,34.2,22.5,1272.8,3886.02,10.0,2.0,2.5,NR5G-SA,n79,-94,-94,-10,16,-999,6.1
2026-05-28 11:36:21.983,2026-05-28 11:51:08.167,22.6566614,114.5116182,100.0,10.0,-0.00,234.2,34.2,22.5,1271.6,3888.50,10.0,2.0,2.5,NR5G-SA,n79,-94,-94,-10,16,-999,12.3
2026-05-28 11:36:22.184,2026-05-28 11:51:08.567,22.6566614,114.5116182,100.0,10.0,-0.00,234.2,34.2,22.5,1271.6,3888.50,10.0,2.0,2.5,NR5G-SA,n79,-94,-94,-10,15,-999,7.2
2026-05-28 11:36:22.384,2026-05-28 11:51:08.767,22.6566483,114.5115985,100.0,10.0,0.03,234.2,52.3,22.5,1270.3,3891.00,10.0,2.0,2.5,NR5G-SA,n79,-94,-94,-10,15,-999,5.4
2026-05-28 11:36:22.585,2026-05-28 11:51:08.967,22.6566351,114.5115788,100.0,10.0,0.11,233.9,52.3,22.5,1269.1,3893.50,10.0,2.0,2.5,NR5G-SA,n79,-94,-94,-10,16,-999,3.9
2026-05-28 11:36:22.785,2026-05-28 11:51:09.167,22.6566220,114.5115591,100.0,10.0,0.11,233.6,52.3,21.0,1267.9,3895.99,10.0,2.0,2.5,NR5G-SA,n79,-94,-94,-10,16,-999,8.0
2026-05-28 11:36:22.986,2026-05-28 11:51:09.167,22.6566088,114.5115394,100.1,10.0,0.05,233.4,52.3,21.0,1266.6,3898.49,10.0,2.0,2.5,NR5G-SA,n79,-94,-94,-10,16,-999,10.0
2026-05-28 11:36:23.186,2026-05-28 11:51:09.567,22.6566088,114.5115394,100.1,10.0,0.05,233.4,52.3,21.0,1266.6,3898.49,10.0,2.0,2.5,NR5G-SA,n79,-94,-94,-10,16,-999,7.5
2026-05-28 11:36:23.386,2026-05-28 11:51:09.767,22.6565956,114.5115196,100.1,10.0,0.02,233.2,27.7,21.0,1265.4,3901.00,10.0,2.0,2.5,NR5G-SA,n79,-94,-94,-10,16,-999,5.9
2026-05-28 11:36:23.587,2026-05-28 11:51:09.967,22.6565825,114.5114998,100.0,10.1,-0.09,233.1,27.7,21.0,1264.2,3903.51,10.0,2.0,2.5,NR5G-SA,n79,-94,-94,-10,16,-999,5.2
2026-05-28 11:36:23.787,2026-05-28 11:51:09.967,22.6565693,114.5114798,100.0,10.1,-0.04,233.2,27.7,19.8,1262.9,3906.03,10.0,2.0,2.5,NR5G-SA,n79,-94,-94,-10,16,-999,8.0
2026-05-28 11:36:23.987,2026-05-28 11:51:10.167,22.6565693,114.5114798,100.0,10.1,-0.04,233.2,27.7,19.8,1262.9,3906.03,10.0,2.0,2.5,NR5G-SA,n79,-94,-94,-10,16,-999,11.2
2026-05-28 11:36:24.188,2026-05-28 11:51:10.567,22.6565562,114.5114599,100.0,10.0,-0.05,233.3,27.7,19.8,1261.7,3908.54,10.0,2.0,2.5,NR5G-SA,n79,-94,-94,-10,16,-999,6.8
2026-05-28 11:36:24.388,2026-05-28 11:51:10.767,22.6565431,114.5114401,100.0,10.0,0.09,233.2,39.3,19.8,1260.5,3911.05,10.0,2.0,2.5,NR5G-SA,n79,-94,-94,-10,16,-999,7.1
2026-05-28 11:36:24.589,2026-05-28 11:51:10.967,22.6565301,114.5114204,100.0,10.0,0.01,233.1,39.3,19.8,1259.3,3913.53,10.0,2.0,2.5,NR5G-SA,n79,-94,-94,-10,16,-999,5.2
2026-05-28 11:36:24.789,2026-05-28 11:51:11.167,22.6565170,114.5114006,100.0,10.0,-0.02,233.0,39.3,18.6,1258.0,3916.04,10.0,2.0,2.5,NR5G-SA,n79,-94,-94,-10,16,-999,7.4
2026-05-28 11:36:24.989,2026-05-28 11:51:11.167,22.6565040,114.5113810,100.0,10.0,-0.03,233.0,39.3,18.6,1256.8,3918.52,10.0,2.0,2.5,NR5G-SA,n79,-94,-94,-10,16,-999,10.0
2026-05-28 11:36:25.190,2026-05-28 11:51:11.567,22.6565040,114.5113810,100.0,10.0,-0.03,233.0,39.3,18.6,1256.8,3918.52,10.0,2.0,2.5,NR5G-SA,n79,-94,-94,-10,16,-999,6.1
2026-05-28 11:36:25.390,2026-05-28 11:51:11.767,22.6564909,114.5113612,100.0,10.0,-0.02,232.9,20.5,18.6,1255.6,3921.02,10.0,2.0,2.5,NR5G-SA,n79,-94,-94,-10,17,-999,7.1
2026-05-28 11:36:25.590,2026-05-28 11:51:11.967,22.6564777,114.5113415,100.0,10.0,-0.01,232.9,20.5,18.6,1254.5,3923.52,10.0,2.0,2.5,NR5G-SA,n79,-94,-94,-10,17,-999,4.1
2026-05-28 11:36:25.791,2026-05-28 11:51:12.167,22.6564647,114.5113218,99.9,10.0,-0.03,233.1,20.5,17.0,1253.3,3926.01,10.0,2.0,2.5,NR5G-SA,n79,-94,-94,-10,17,-999,5.9
2026-05-28 11:36:25.991,2026-05-28 11:51:12.167,22.6564516,114.5113020,100.0,10.0,-0.03,233.2,20.5,17.0,1252.1,3928.51,10.0,2.0,2.5,NR5G-SA,n79,-94,-94,-10,17,-999,10.3
2026-05-28 11:36:26.191,2026-05-28 11:51:12.567,22.6564516,114.5113020,100.0,10.0,0.08,233.2,20.5,17.0,1252.1,3928.51,10.0,2.0,2.5,NR5G-SA,n79,-94,-94,-10,17,-999,5.9
2026-05-28 11:36:26.392,2026-05-28 11:51:12.767,22.6564383,114.5112821,100.0,10.1,0.09,233.2,0.0,17.0,1250.9,3931.04,10.0,2.0,2.5,NR5G-SA,n79,-94,-94,-10,17,-999,7.4
2026-05-28 11:36:26.592,2026-05-28 11:51:12.967,22.6564251,114.5112622,100.0,10.0,0.03,233.3,0.0,17.0,1249.7,3933.55,10.0,2.0,2.5,NR5G-SA,n79,-94,-94,-10,17,-999,5.1
2026-05-28 11:36:26.792,2026-05-28 11:51:13.167,22.6564119,114.5112424,100.0,10.0,0.01,233.5,0.0,16.2,1248.5,3936.06,10.0,2.0,2.5,NR5G-SA,n79,-94,-94,-10,17,-999,5.3
2026-05-28 11:36:26.993,2026-05-28 11:51:13.167,22.6563987,114.5112226,100.0,10.0,0.05,233.7,0.0,16.2,1247.3,3938.57,10.0,2.0,2.5,NR5G-SA,n79,-94,-94,-10,17,-999,10.7
2026-05-28 11:36:27.193,2026-05-28 11:51:13.567,22.6563987,114.5112226,100.0,10.0,0.05,233.7,0.0,16.2,1247.3,3938.57,10.0,2.0,2.5,NR5G-SA,n79,-94,-94,-10,17,-999,5.4
2026-05-28 11:36:27.393,2026-05-28 11:51:13.767,22.6563855,114.5112028,100.0,10.0,0.09,233.7,10.2,16.2,1246.2,3941.08,10.0,2.0,2.5,NR5G-SA,n79,-94,-94,-10,17,-999,4.7
2026-05-28 11:36:27.594,2026-05-28 11:51:13.967,22.6563723,114.5111830,100.0,10.0,0.00,233.7,10.2,16.2,1245.0,3943.59,10.0,2.0,2.5,NR5G-SA,n79,-94,-94,-10,17,-999,7.1
2026-05-28 11:36:27.794,2026-05-28 11:51:13.967,22.6563592,114.5111632,100.0,10.0,-0.03,233.5,10.2,17.9,1243.8,3946.09,10.0,2.0,2.5,NR5G-SA,n79,-94,-94,-10,17,-999,9.1
2026-05-28 11:36:27.994,2026-05-28 11:51:14.167,22.6563461,114.5111434,100.0,10.0,-0.06,233.6,10.2,17.9,1242.7,3948.60,10.0,2.0,2.5,NR5G-SA,n79,-94,-94,-10,17,-999,10.3
2026-05-28 11:36:28.195,2026-05-28 11:51:14.567,22.6563461,114.5111434,100.0,10.0,-0.06,233.6,10.2,17.9,1242.7,3948.60,10.0,2.0,2.5,NR5G-SA,n79,-94,-94,-10,17,-999,7.2
2026-05-28 11:36:28.395,2026-05-28 11:51:14.767,22.6563330,114.5111236,100.0,10.0,-0.07,233.8,0.0,17.9,1241.5,3951.10,10.0,2.0,2.5,NR5G-SA,n79,-94,-94,-10,17,-999,5.4
2026-05-28 11:36:28.595,2026-05-28 11:51:14.967,22.6563198,114.5111039,99.9,10.0,0.00,234.0,0.0,17.9,1240.4,3953.60,10.0,2.0,2.5,NR5G-SA,n79,-94,-94,-10,17,-999,5.1
2026-05-28 11:36:28.796,2026-05-28 11:51:15.167,22.6563067,114.5110843,99.9,10.0,0.01,234.1,0.0,18.4,1239.2,3956.09,10.0,2.0,2.5,NR5G-SA,n79,-94,-94,-10,18,-999,5.7
2026-05-28 11:36:28.996,2026-05-28 11:51:15.167,22.6562935,114.5110646,100.0,9.9,0.00,234.2,0.0,18.4,1238.1,3958.59,10.0,2.0,2.5,NR5G-SA,n79,-94,-94,-10,18,-999,8.6
2026-05-28 11:36:29.197,2026-05-28 11:51:15.567,22.6562935,114.5110646,100.0,9.9,0.00,234.2,0.0,18.4,1238.1,3958.59,10.0,2.0,2.5,NR5G-SA,n79,-94,-94,-10,18,-999,9.3
2026-05-28 11:36:29.397,2026-05-28 11:51:15.767,22.6562804,114.5110449,100.0,10.0,0.01,234.3,0.8,18.4,1236.9,3961.08,10.0,2.0,2.5,NR5G-SA,n79,-94,-94,-10,18,-999,6.4
2026-05-28 11:36:29.597,2026-05-28 11:51:15.967,22.6562673,114.5110252,100.0,10.0,0.07,234.6,0.8,18.4,1235.8,3963.58,10.0,2.0,2.5,NR5G-SA,n79,-94,-94,-10,18,-999,5.1
2026-05-28 11:36:29.798,2026-05-28 11:51:16.167,22.6562544,114.5110055,100.0,10.0,0.08,234.8,0.8,19.0,1234.7,3966.06,10.0,2.0,2.5,NR5G-SA,n79,-94,-94,-10,18,-999,5.4
2026-05-28 11:36:29.998,2026-05-28 11:51:16.167,22.6562413,114.5109856,100.0,10.0,0.01,234.9,0.8,19.0,1233.5,3968.57,10.0,2.0,2.5,NR5G-SA,n79,-94,-94,-10,18,-999,8.9
2026-05-28 11:36:30.198,2026-05-28 11:51:16.567,22.6562413,114.5109856,100.0,10.0,0.01,234.9,0.8,19.0,1233.5,3968.57,10.0,2.0,2.5,NR5G-SA,n79,-94,-94,-10,18,-999,9.7
2026-05-28 11:36:30.399,2026-05-28 11:51:16.767,22.6562282,114.5109657,100.0,10.0,0.01,235.0,0.0,19.0,1232.4,3971.08,10.0,2.0,2.5,NR5G-SA,n79,-94,-94,-10,18,-999,6.7
2026-05-28 11:36:30.599,2026-05-28 11:51:16.967,22.6562150,114.5109458,100.0,10.0,0.06,235.1,0.0,19.0,1231.3,3973.60,10.0,2.0,2.5,NR5G-SA,n79,-94,-94,-10,18,-999,5.3
2026-05-28 11:36:30.799,2026-05-28 11:51:17.167,22.6562019,114.5109259,100.0,10.0,0.08,235.4,0.0,19.1,1230.1,3976.11,10.0,2.0,2.5,NR5G-SA,n79,-94,-94,-10,18,-999,6.9
2026-05-28 11:36:31.000,2026-05-28 11:51:17.167,22.6561888,114.5109060,100.0,10.0,0.02,235.8,0.0,19.1,1229.0,3978.62,10.0,2.0,2.5,NR5G-SA,n79,-94,-94,-10,18,-999,11.0
2026-05-28 11:36:31.200,2026-05-28 11:51:17.567,22.6561888,114.5109060,100.0,10.0,0.02,235.8,0.0,19.1,1229.0,3978.62,10.0,2.0,2.5,NR5G-SA,n79,-94,-94,-10,18,-999,5.1
2026-05-28 11:36:31.400,2026-05-28 11:51:17.767,22.6561759,114.5108863,100.0,9.9,-0.00,236.1,12.2,19.1,1227.9,3981.10,10.0,2.0,2.5,NR5G-SA,n79,-94,-94,-10,18,-999,5.7
2026-05-28 11:36:31.601,2026-05-28 11:51:17.967,22.6561629,114.5108668,100.0,10.0,0.05,236.0,12.2,19.1,1226.8,3983.57,10.0,2.0,2.5,NR5G-SA,n79,-94,-94,-10,18,-999,5.5
2026-05-28 11:36:31.801,2026-05-28 11:51:18.167,22.6561499,114.5108471,100.0,9.9,-0.00,236.0,12.2,19.6,1225.7,3986.06,10.0,2.0,2.5,NR5G-SA,n79,-94,-94,-10,18,-999,6.0
2026-05-28 11:36:32.001,2026-05-28 11:51:18.567,22.6561368,114.5108275,100.0,10.0,-0.05,236.2,12.2,19.6,1224.6,3988.55,10.0,2.0,2.5,NR5G-SA,n79,-94,-94,-10,19,-999,5.8
2026-05-28 11:36:32.202,2026-05-28 11:51:18.567,22.6561368,114.5108275,100.0,10.0,-0.05,236.2,12.2,19.6,1224.6,3988.55,10.0,2.0,2.5,NR5G-SA,n79,-94,-94,-10,19,-999,8.9
2026-05-28 11:36:32.402,2026-05-28 11:51:18.767,22.6561238,114.5108079,100.0,10.0,-0.03,236.4,43.6,19.6,1223.6,3991.03,10.0,2.0,2.5,NR5G-SA,n79,-94,-94,-10,19,-999,9.5
2026-05-28 11:36:32.602,2026-05-28 11:51:18.967,22.6561107,114.5107882,100.0,10.0,0.12,236.3,43.6,19.6,1222.5,3993.52,10.0,2.0,2.5,NR5G-SA,n79,-94,-94,-10,19,-999,5.2
2026-05-28 11:36:32.803,2026-05-28 11:51:18.967,22.6560976,114.5107686,100.0,10.0,0.03,236.3,43.6,19.6,1221.4,3996.01,10.0,2.0,2.5,NR5G-SA,n79,-94,-94,-10,19,-999,7.4
2026-05-28 11:36:33.003,2026-05-28 11:51:19.167,22.6560844,114.5107489,100.0,10.0,0.00,236.2,43.6,18.3,1220.3,3998.51,10.0,2.0,2.5,NR5G-SA,n79,-94,-94,-10,19,-999,8.4
2026-05-28 11:36:33.203,2026-05-28 11:51:19.567,22.6560844,114.5107489,100.0,10.0,0.00,236.2,43.6,18.3,1220.3,3998.51,10.0,2.0,2.5,NR5G-SA,n79,-94,-94,-10,19,-999,10.2
2026-05-28 11:36:33.404,2026-05-28 11:51:19.767,22.6560712,114.5107292,100.0,10.0,0.04,236.1,22.6,18.3,1219.3,4001.01,10.0,2.0,2.5,NR5G-SA,n79,-94,-94,-10,19,-999,7.0
2026-05-28 11:36:33.604,2026-05-28 11:51:19.967,22.6560580,114.5107094,100.0,10.0,0.04,235.8,22.6,18.3,1218.2,4003.52,10.0,2.0,2.5,NR5G-SA,n79,-94,-94,-10,19,-999,4.7
2026-05-28 11:36:33.805,2026-05-28 11:51:20.167,22.6560447,114.5106897,100.0,10.1,-0.01,235.7,22.6,18.3,1217.2,4006.02,10.0,2.0,2.5,NR5G-SA,n79,-94,-94,-10,19,-999,5.1
2026-05-28 11:36:34.005,2026-05-28 11:51:20.167,22.6560315,114.5106698,100.0,10.0,-0.02,235.7,22.6,17.8,1216.1,4008.54,10.0,2.0,2.5,NR5G-SA,n79,-94,-94,-10,19,-999,9.6
2026-05-28 11:36:34.205,2026-05-28 11:51:20.567,22.6560315,114.5106698,100.0,10.0,-0.02,235.7,22.6,17.8,1216.1,4008.54,10.0,2.0,2.5,NR5G-SA,n79,-94,-94,-10,19,-999,10.8
2026-05-28 11:36:34.406,2026-05-28 11:51:20.767,22.6560183,114.5106500,100.0,10.1,-0.03,235.6,54.3,17.8,1215.0,4011.05,10.0,2.0,2.5,NR5G-SA,n79,-94,-94,-10,19,-999,11.7
2026-05-28 11:36:34.606,2026-05-28 11:51:20.967,22.6560052,114.5106302,100.0,10.0,0.10,235.4,54.3,17.8,1214.0,4013.55,10.0,2.0,2.5,NR5G-SA,n79,-94,-94,-10,19,-999,7.1
2026-05-28 11:36:34.807,2026-05-28 11:51:21.167,22.6559919,114.5106104,100.0,10.0,0.03,235.0,54.3,17.8,1212.9,4016.07,10.0,2.0,2.5,NR5G-SA,n79,-94,-94,-10,18,-999,7.0
2026-05-28 11:36:35.007,2026-05-28 11:51:21.167,22.6559786,114.5105907,100.0,10.0,0.02,234.8,54.3,16.7,1211.9,4018.58,10.0,2.0,2.5,NR5G-SA,n79,-94,-94,-10,18,-999,9.0
2026-05-28 11:36:35.207,2026-05-28 11:51:21.567,22.6559786,114.5105907,100.0,10.0,0.02,234.8,54.3,16.7,1211.9,4018.58,10.0,2.0,2.5,NR5G-SA,n79,-94,-94,-10,18,-999,10.2
2026-05-28 11:36:35.407,2026-05-28 11:51:21.767,22.6559654,114.5105710,100.0,10.0,0.04,234.7,31.0,16.7,1210.9,4021.08,10.0,2.0,2.5,NR5G-SA,n79,-94,-94,-10,18,-999,9.9
2026-05-28 11:36:35.608,2026-05-28 11:51:21.967,22.6559522,114.5105514,100.0,10.0,-0.06,234.4,31.0,16.7,1209.8,4023.57,10.0,2.0,2.5,NR5G-SA,n79,-94,-94,-10,18,-999,5.7
2026-05-28 11:36:35.808,2026-05-28 11:51:22.167,22.6559390,114.5105316,100.0,10.1,-0.05,234.3,31.0,16.7,1208.8,4026.08,10.0,2.0,2.5,NR5G-SA,n79,-94,-94,-10,18,-999,5.3
2026-05-28 11:36:36.009,2026-05-28 11:51:22.167,22.6559258,114.5105118,100.0,10.0,0.06,234.2,31.0,18.0,1207.8,4028.59,10.0,2.0,2.5,NR5G-SA,n79,-94,-94,-10,18,-999,10.1
2026-05-28 11:36:36.209,2026-05-28 11:51:22.567,22.6559258,114.5105118,100.0,10.0,0.06,234.2,31.0,18.0,1207.8,4028.59,10.0,2.0,2.5,NR5G-SA,n79,-94,-94,-10,18,-999,15.4
2026-05-28 11:36:36.409,2026-05-28 11:51:22.767,22.6559126,114.5104920,100.0,10.0,0.04,234.2,32.3,18.0,1206.8,4031.10,10.0,2.0,2.5,NR5G-SA,n79,-94,-94,-10,18,-999,9.4
2026-05-28 11:36:36.610,2026-05-28 11:51:22.967,22.6558995,114.5104722,100.0,10.0,0.02,234.4,32.3,18.0,1205.7,4033.60,10.0,2.0,2.5,NR5G-SA,n79,-94,-94,-10,18,-999,4.5
2026-05-28 11:36:36.810,2026-05-28 11:51:23.167,22.6558864,114.5104523,100.0,10.0,0.03,234.4,32.3,18.0,1204.7,4036.11,10.0,2.0,2.5,NR5G-SA,n79,-94,-94,-10,18,-999,5.2
2026-05-28 11:36:37.010,2026-05-28 11:51:23.167,22.6558733,114.5104326,100.0,10.0,0.04,234.5,32.3,16.6,1203.7,4038.61,10.0,2.0,2.5,NR5G-SA,n79,-94,-94,-10,19,-999,8.2
2026-05-28 11:36:37.211,2026-05-28 11:51:23.567,22.6558733,114.5104326,100.0,10.0,0.04,234.5,32.3,16.6,1203.7,4038.61,10.0,2.0,2.5,NR5G-SA,n79,-94,-94,-10,19,-999,15.3
2026-05-28 11:36:37.411,2026-05-28 11:51:23.767,22.6558602,114.5104129,100.0,10.0,0.01,234.4,37.3,16.6,1202.7,4041.10,10.0,2.0,2.5,NR5G-SA,n79,-94,-94,-10,19,-999,8.6
2026-05-28 11:36:37.612,2026-05-28 11:51:23.967,22.6558471,114.5103932,100.0,10.0,0.07,234.3,37.3,16.6,1201.7,4043.60,10.0,2.0,2.5,NR5G-SA,n79,-94,-94,-10,19,-999,6.3
2026-05-28 11:36:37.812,2026-05-28 11:51:24.167,22.6558339,114.5103735,100.0,10.0,0.04,234.3,37.3,16.6,1200.7,4046.10,10.0,2.0,2.5,NR5G-SA,n79,-94,-94,-10,19,-999,5.8
2026-05-28 11:36:38.012,2026-05-28 11:51:24.167,22.6558207,114.5103537,100.0,10.0,0.05,234.4,37.3,18.1,1199.7,4048.61,10.0,2.0,2.5,NR5G-SA,n79,-94,-94,-10,19,-999,10.6
2026-05-28 11:36:38.213,2026-05-28 11:51:24.567,22.6558207,114.5103537,100.0,10.0,0.05,234.4,37.3,18.1,1199.7,4048.61,10.0,2.0,2.5,NR5G-SA,n79,-94,-94,-10,19,-999,16.3
2026-05-28 11:36:38.413,2026-05-28 11:51:24.767,22.6558076,114.5103339,100.0,10.0,-0.01,234.4,25.7,18.1,1198.7,4051.11,10.0,2.0,2.5,NR5G-SA,n79,-94,-94,-10,19,-999,9.6
2026-05-28 11:36:38.613,2026-05-28 11:51:24.967,22.6557945,114.5103141,100.0,10.1,-0.06,234.4,25.7,18.1,1197.8,4053.61,10.0,2.0,2.5,NR5G-SA,n79,-94,-94,-10,19,-999,6.8
2026-05-28 11:36:38.814,2026-05-28 11:51:25.167,22.6557813,114.5102943,100.0,10.0,-0.05,234.2,25.7,18.1,1196.8,4056.12,10.0,2.0,2.5,NR5G-SA,n79,-94,-94,-10,19,-999,5.9
2026-05-28 11:36:39.014,2026-05-28 11:51:25.167,22.6557680,114.5102747,100.0,10.0,-0.03,234.1,25.7,22.6,1195.8,4058.62,10.0,2.0,2.5,NR5G-SA,n79,-94,-94,-10,19,-999,8.0
2026-05-28 11:36:39.214,2026-05-28 11:51:25.567,22.6557680,114.5102747,100.0,10.0,-0.03,234.1,25.7,22.6,1195.8,4058.62,10.0,2.0,2.5,NR5G-SA,n79,-94,-94,-10,19,-999,14.6
2026-05-28 11:36:39.415,2026-05-28 11:51:25.767,22.6557546,114.5102551,100.0,10.0,-0.02,233.9,42.3,22.6,1194.9,4061.13,10.0,2.0,2.5,NR5G-SA,n79,-94,-94,-10,19,-999,8.4
2026-05-28 11:36:39.615,2026-05-28 11:51:25.967,22.6557414,114.5102354,100.0,10.0,0.02,233.9,42.3,22.6,1193.9,4063.63,10.0,2.0,2.5,NR5G-SA,n79,-94,-94,-10,19,-999,4.7
2026-05-28 11:36:39.815,2026-05-28 11:51:26.167,22.6557282,114.5102156,100.0,10.0,0.02,233.9,42.3,22.6,1193.0,4066.14,10.0,2.0,2.5,NR5G-SA,n79,-94,-94,-10,17,-999,4.8
2026-05-28 11:36:40.016,2026-05-28 11:51:26.567,22.6557152,114.5101959,100.0,10.0,0.05,233.8,42.3,25.2,1192.0,4068.62,10.0,2.0,2.5,NR5G-SA,n79,-94,-94,-10,17,-999,5.8
2026-05-28 11:36:40.216,2026-05-28 11:51:26.567,22.6557152,114.5101959,100.0,10.0,0.05,233.8,42.3,25.2,1192.0,4068.62,10.0,2.0,2.5,NR5G-SA,n79,-94,-94,-10,17,-999,13.9
2026-05-28 11:36:40.416,2026-05-28 11:51:26.767,22.6557021,114.5101760,100.0,10.0,0.04,233.9,17.6,25.2,1191.0,4071.14,10.0,2.0,2.5,NR5G-SA,n79,-94,-94,-10,18,-999,7.8
2026-05-28 11:36:40.617,2026-05-28 11:51:26.967,22.6556891,114.5101562,100.0,9.9,0.06,233.8,17.6,25.2,1190.1,4073.63,10.0,2.0,2.5,NR5G-SA,n79,-94,-94,-10,18,-999,5.4
2026-05-28 11:36:40.817,2026-05-28 11:51:27.167,22.6556760,114.5101364,100.0,10.0,0.06,233.7,17.6,25.2,1189.1,4076.14,10.0,2.0,2.5,NR5G-SA,n79,-94,-94,-10,17,-999,4.6
2026-05-28 11:36:41.017,2026-05-28 11:51:27.167,22.6556629,114.5101166,100.0,9.9,0.03,233.6,17.6,25.2,1188.2,4078.64,10.0,2.0,2.5,NR5G-SA,n79,-94,-94,-10,17,-999,10.6
2026-05-28 11:36:41.218,2026-05-28 11:51:27.567,22.6556629,114.5101166,100.0,9.9,0.03,233.6,17.6,25.2,1188.2,4078.64,10.0,2.0,2.5,NR5G-SA,n79,-94,-94,-10,17,-999,16.0
2026-05-28 11:36:41.418,2026-05-28 11:51:27.767,22.6556497,114.5100969,100.0,10.0,0.04,233.6,0.0,25.2,1187.3,4081.14,10.0,2.0,2.5,NR5G-SA,n79,-94,-94,-10,17,-999,9.4
2026-05-28 11:36:41.618,2026-05-28 11:51:27.967,22.6556365,114.5100771,100.0,10.0,0.00,233.6,0.0,25.2,1186.3,4083.65,10.0,2.0,2.5,NR5G-SA,n79,-94,-94,-10,17,-999,5.0
2026-05-28 11:36:41.819,2026-05-28 11:51:28.167,22.6556234,114.5100572,100.0,10.0,0.02,233.8,0.0,25.2,1185.4,4086.16,10.0,2.0,2.5,NR5G-SA,n79,-94,-94,-10,17,-999,6.8
2026-05-28 11:36:42.019,2026-05-28 11:51:28.167,22.6556102,114.5100373,100.0,10.0,-0.05,233.7,0.0,25.2,1184.5,4088.68,10.0,2.0,2.5,NR5G-SA,n79,-94,-94,-10,16,-999,8.4
2026-05-28 11:36:42.219,2026-05-28 11:51:28.567,22.6556102,114.5100373,100.0,10.0,-0.05,233.7,0.0,28.6,1184.5,4088.68,10.0,2.0,2.5,NR5G-SA,n79,-94,-94,-10,16,-999,12.9
2026-05-28 11:36:42.420,2026-05-28 11:51:28.767,22.6555970,114.5100175,100.0,10.0,-0.03,233.6,7.2,28.6,1183.6,4091.19,10.0,2.0,2.5,NR5G-SA,n79,-94,-94,-10,16,-999,8.8
2026-05-28 11:36:42.620,2026-05-28 11:51:28.967,22.6555839,114.5099978,100.0,10.0,-0.00,233.5,7.2,28.6,1182.7,4093.68,10.0,2.0,2.5,NR5G-SA,n79,-100,-100,-11,18,-999,5.1
2026-05-28 11:36:42.820,2026-05-28 11:51:29.167,22.6555709,114.5099780,100.0,9.9,-0.02,233.2,7.2,28.6,1181.7,4096.18,10.0,2.0,2.5,NR5G-SA,n79,-100,-100,-11,18,-999,5.3
2026-05-28 11:36:43.021,2026-05-28 11:51:29.167,22.6555577,114.5099582,100.0,10.0,-0.04,233.3,7.2,28.6,1180.8,4098.69,10.0,2.0,2.5,NR5G-SA,n79,-104,-104,-11,17,-999,7.8
2026-05-28 11:36:43.221,2026-05-28 11:51:29.567,22.6555577,114.5099582,100.0,10.0,-0.04,233.3,7.2,29.0,1180.8,4098.69,10.0,2.0,2.5,NR5G-SA,n79,-104,-104,-11,17,-999,14.9
2026-05-28 11:36:43.421,2026-05-28 11:51:29.767,22.6555446,114.5099384,100.0,10.0,-0.06,233.2,0.0,29.0,1179.9,4101.19,10.0,2.0,2.5,NR5G-SA,n79,-104,-104,-11,17,-999,7.8
2026-05-28 11:36:43.622,2026-05-28 11:51:29.967,22.6555314,114.5099186,100.0,10.0,-0.10,233.1,0.0,29.0,1179.0,4103.70,10.0,2.0,2.5,NR5G-SA,n79,-92,-92,-10,17,-999,6.6
2026-05-28 11:36:43.822,2026-05-28 11:51:30.167,22.6555183,114.5098989,100.0,10.0,-0.03,232.9,0.0,29.0,1178.2,4106.19,10.0,2.0,2.5,NR5G-SA,n79,-92,-92,-10,17,-999,5.3
2026-05-28 11:36:44.022,2026-05-28 11:51:30.567,22.6555053,114.5098792,100.0,9.9,-0.00,232.8,0.0,29.0,1177.3,4108.68,10.0,2.0,2.5,NR5G-SA,n79,-92,-92,-10,17,-999,6.1
2026-05-28 11:36:44.223,2026-05-28 11:51:30.567,22.6555053,114.5098792,100.0,9.9,-0.00,232.8,0.0,25.6,1177.3,4108.68,10.0,2.0,2.5,NR5G-SA,n79,-97,-97,-11,17,-999,13.9
2026-05-28 11:36:44.423,2026-05-28 11:51:30.767,22.6554921,114.5098596,100.0,9.9,0.05,232.8,8.5,25.6,1176.4,4111.17,10.0,2.0,2.5,NR5G-SA,n79,-97,-97,-11,17,-999,6.4
2026-05-28 11:36:44.623,2026-05-28 11:51:30.967,22.6554790,114.5098400,100.0,10.0,0.02,232.7,8.5,25.6,1175.5,4113.66,10.0,2.0,2.5,NR5G-SA,n79,-97,-97,-11,17,-999,6.0
2026-05-28 11:36:44.824,2026-05-28 11:51:31.167,22.6554658,114.5098203,100.0,10.0,0.01,232.8,8.5,25.6,1174.7,4116.16,10.0,2.0,2.5,NR5G-SA,n79,-98,-98,-10,17,-999,6.8
2026-05-28 11:36:45.024,2026-05-28 11:51:31.167,22.6554527,114.5098005,100.0,10.0,-0.01,232.9,8.5,25.6,1173.8,4118.66,10.0,2.0,2.5,NR5G-SA,n79,-98,-98,-10,17,-999,6.7
2026-05-28 11:36:45.224,2026-05-28 11:51:31.567,22.6554396,114.5097807,100.0,10.0,-0.01,232.9,8.5,24.4,1172.9,4121.17,10.0,2.0,2.5,NR5G-SA,n79,-100,-100,-10,18,-999,12.7
2026-05-28 11:36:45.425,2026-05-28 11:51:31.767,22.6554396,114.5097807,100.0,10.0,0.05,232.9,0.0,24.4,1172.9,4121.17,10.0,2.0,2.5,NR5G-SA,n79,-100,-100,-10,18,-999,8.3
2026-05-28 11:36:45.625,2026-05-28 11:51:31.967,22.6554265,114.5097609,100.1,10.0,0.03,232.9,0.0,24.4,1172.1,4123.67,10.0,2.0,2.5,NR5G-SA,n79,-100,-100,-10,18,-999,6.6
2026-05-28 11:36:45.825,2026-05-28 11:51:32.167,22.6554133,114.5097411,100.1,10.1,-0.03,232.8,0.0,24.4,1171.2,4126.18,10.0,2.0,2.5,NR5G-SA,n79,-102,-102,-11,18,-999,4.5
2026-05-28 11:36:46.026,2026-05-28 11:51:32.167,22.6554001,114.5097212,100.1,10.0,-0.02,232.8,0.0,24.4,1170.4,4128.70,10.0,2.0,2.5,NR5G-SA,n79,-102,-102,-11,18,-999,8.6
2026-05-28 11:36:46.226,2026-05-28 11:51:32.567,22.6553871,114.5097014,100.0,10.0,-0.02,232.8,0.0,24.8,1169.5,4131.19,10.0,2.0,2.5,NR5G-SA,n79,-102,-102,-11,18,-999,13.9
2026-05-28 11:36:46.427,2026-05-28 11:51:32.767,22.6553871,114.5097014,100.0,10.0,-0.02,232.8,16.0,24.8,1169.5,4131.19,10.0,2.0,2.5,NR5G-SA,n79,-96,-96,-10,18,-999,7.4
2026-05-28 11:36:46.627,2026-05-28 11:51:32.967,22.6553741,114.5096816,100.0,10.0,-0.07,233.0,16.0,24.8,1168.7,4133.69,10.0,2.0,2.5,NR5G-SA,n79,-96,-96,-10,18,-999,5.6
2026-05-28 11:36:46.827,2026-05-28 11:51:33.167,22.6553612,114.5096619,100.0,10.0,-0.05,233.1,16.0,24.8,1167.8,4136.17,10.0,2.0,2.5,NR5G-SA,n79,-96,-96,-10,18,-999,5.4
2026-05-28 11:36:47.028,2026-05-28 11:51:33.167,22.6553481,114.5096421,100.0,10.0,-0.01,233.4,16.0,24.8,1167.0,4138.67,10.0,2.0,2.5,NR5G-SA,n79,-100,-100,-11,18,-999,7.2
2026-05-28 11:36:47.228,2026-05-28 11:51:33.567,22.6553350,114.5096224,100.0,10.0,-0.01,233.5,16.0,23.6,1166.2,4141.17,10.0,2.0,2.5,NR5G-SA,n79,-100,-100,-11,18,-999,13.9
2026-05-28 11:36:47.428,2026-05-28 11:51:33.767,22.6553350,114.5096224,100.0,10.0,-0.04,233.5,42.5,23.6,1166.2,4141.17,10.0,2.0,2.5,NR5G-SA,n79,-101,-101,-11,17,-999,7.9
2026-05-28 11:36:47.629,2026-05-28 11:51:33.967,22.6553218,114.5096026,100.0,10.0,0.02,233.6,42.5,23.6,1165.4,4143.68,10.0,2.0,2.5,NR5G-SA,n79,-101,-101,-11,17,-999,5.8
2026-05-28 11:36:47.829,2026-05-28 11:51:34.167,22.6553085,114.5095828,100.0,10.0,0.01,233.7,42.5,23.6,1164.6,4146.19,10.0,2.0,2.5,NR5G-SA,n79,-101,-101,-11,17,-999,5.3
2026-05-28 11:36:48.029,2026-05-28 11:51:34.567,22.6552952,114.5095631,100.0,10.0,0.04,233.8,42.5,23.6,1163.8,4148.70,10.0,2.0,2.5,NR5G-SA,n79,-102,-102,-11,19,-999,7.0
2026-05-28 11:36:48.230,2026-05-28 11:51:34.567,22.6552821,114.5095433,100.0,10.0,0.08,233.9,42.5,23.6,1163.0,4151.20,10.0,2.0,2.5,NR5G-SA,n79,-102,-102,-11,19,-999,12.8
2026-05-28 11:36:48.430,2026-05-28 11:51:34.767,22.6552821,114.5095433,100.0,10.0,0.08,233.9,25.0,25.1,1163.0,4151.20,10.0,2.0,2.5,NR5G-SA,n79,-102,-102,-11,19,-999,7.6
2026-05-28 11:36:48.630,2026-05-28 11:51:34.967,22.6552689,114.5095234,100.0,10.0,0.06,233.9,25.0,25.1,1162.2,4153.72,10.0,2.0,2.5,NR5G-SA,n79,-99,-99,-10,20,-999,4.7
2026-05-28 11:36:48.831,2026-05-28 11:51:35.167,22.6552558,114.5095037,100.0,10.0,0.02,234.1,25.0,25.1,1161.4,4156.21,10.0,2.0,2.5,NR5G-SA,n79,-99,-99,-10,20,-999,4.7
2026-05-28 11:36:49.031,2026-05-28 11:51:35.567,22.6552427,114.5094839,100.0,10.0,-0.05,234.1,25.0,25.1,1160.6,4158.72,10.0,2.0,2.5,NR5G-SA,n79,-99,-99,-10,20,-999,5.7
2026-05-28 11:36:49.231,2026-05-28 11:51:35.567,22.6552295,114.5094642,100.0,10.0,-0.02,234.1,25.0,25.1,1159.8,4161.22,10.0,2.0,2.5,NR5G-SA,n79,-97,-97,-10,20,-999,14.6
2026-05-28 11:36:49.432,2026-05-28 11:51:35.767,22.6552295,114.5094642,100.0,10.0,-0.02,234.1,54.7,25.6,1159.8,4161.22,10.0,2.0,2.5,NR5G-SA,n79,-97,-97,-10,20,-999,9.5
2026-05-28 11:36:49.632,2026-05-28 11:51:35.967,22.6552164,114.5094445,100.0,10.0,-0.06,234.1,54.7,25.6,1159.0,4163.71,10.0,2.0,2.5,NR5G-SA,n79,-97,-97,-10,20,-999,6.8
2026-05-28 11:36:49.832,2026-05-28 11:51:36.167,22.6552033,114.5094248,100.0,10.0,-0.07,233.9,54.7,25.6,1158.3,4166.21,10.0,2.0,2.5,NR5G-SA,n79,-98,-98,-10,19,-999,4.7
2026-05-28 11:36:50.033,2026-05-28 11:51:36.167,22.6551901,114.5094051,100.0,10.0,-0.05,233.9,54.7,25.6,1157.5,4168.71,10.0,2.0,2.5,NR5G-SA,n79,-98,-98,-10,19,-999,7.5
2026-05-28 11:36:50.233,2026-05-28 11:51:36.567,22.6551770,114.5093853,100.0,10.0,0.05,233.9,54.7,25.6,1156.7,4171.21,10.0,2.0,2.5,NR5G-SA,n79,-101,-101,-10,19,-999,12.3
2026-05-28 11:36:50.433,2026-05-28 11:51:36.767,22.6551770,114.5093853,100.0,10.0,0.05,233.9,48.6,24.5,1156.7,4171.21,10.0,2.0,2.5,NR5G-SA,n79,-101,-101,-10,19,-999,10.0
2026-05-28 11:36:50.634,2026-05-28 11:51:36.967,22.6551638,114.5093656,100.0,10.0,0.08,234.0,48.6,24.5,1156.0,4173.71,10.0,2.0,2.5,NR5G-SA,n79,-101,-101,-10,19,-999,6.2
2026-05-28 11:36:50.834,2026-05-28 11:51:37.167,22.6551506,114.5093459,100.0,10.0,0.03,234.0,48.6,24.5,1155.2,4176.21,10.0,2.0,2.5,NR5G-SA,n79,-98,-98,-10,19,-999,4.3
2026-05-28 11:36:51.035,2026-05-28 11:51:37.567,22.6551375,114.5093262,100.0,10.0,0.02,234.0,48.6,24.5,1154.5,4178.71,10.0,2.0,2.5,NR5G-SA,n79,-98,-98,-10,19,-999,5.5
2026-05-28 11:36:51.235,2026-05-28 11:51:37.567,22.6551244,114.5093064,100.0,10.0,0.02,233.8,48.6,24.5,1153.7,4181.21,10.0,2.0,2.5,NR5G-SA,n79,-98,-98,-10,19,-999,14.2
2026-05-28 11:36:51.435,2026-05-28 11:51:37.767,22.6551244,114.5093064,100.0,10.0,0.01,233.8,31.5,22.9,1153.7,4181.21,10.0,2.0,2.5,NR5G-SA,n79,-95,-95,-10,20,-999,10.5
2026-05-28 11:36:51.636,2026-05-28 11:51:37.967,22.6551112,114.5092867,100.0,10.0,0.00,233.9,31.5,22.9,1153.0,4183.71,10.0,2.0,2.5,NR5G-SA,n79,-95,-95,-10,20,-999,8.1
2026-05-28 11:36:51.836,2026-05-28 11:51:38.167,22.6550981,114.5092668,100.0,10.0,-0.01,234.0,31.5,22.9,1152.3,4186.22,10.0,2.0,2.5,NR5G-SA,n79,-95,-95,-10,20,-999,7.4
2026-05-28 11:36:52.036,2026-05-28 11:51:38.567,22.6550851,114.5092470,100.0,10.0,0.03,234.1,31.5,22.9,1151.5,4188.72,10.0,2.0,2.5,NR5G-SA,n79,-100,-100,-10,19,-999,4.0
2026-05-28 11:36:52.237,2026-05-28 11:51:38.567,22.6550720,114.5092271,100.0,10.0,0.04,234.1,31.5,22.9,1150.8,4191.23,10.0,2.0,2.5,NR5G-SA,n79,-100,-100,-10,19,-999,10.6
2026-05-28 11:36:52.437,2026-05-28 11:51:38.767,22.6550720,114.5092271,100.0,10.0,0.04,234.1,37.9,21.2,1150.8,4191.23,10.0,2.0,2.5,NR5G-SA,n79,-100,-100,-11,19,-999,13.1
2026-05-28 11:36:52.638,2026-05-28 11:51:38.967,22.6550589,114.5092073,100.0,9.9,0.09,234.0,37.9,21.2,1150.1,4193.73,10.0,2.0,2.5,NR5G-SA,n79,-100,-100,-11,19,-999,5.8
2026-05-28 11:36:52.838,2026-05-28 11:51:39.167,22.6550457,114.5091876,100.0,10.0,-0.00,234.1,37.9,21.2,1149.4,4196.23,10.0,2.0,2.5,NR5G-SA,n79,-100,-100,-11,19,-999,4.4
2026-05-28 11:36:53.038,2026-05-28 11:51:39.167,22.6550326,114.5091678,100.0,10.0,0.02,234.1,37.9,21.2,1148.6,4198.74,10.0,2.0,2.5,NR5G-SA,n79,-99,-99,-10,20,-999,6.2
2026-05-28 11:36:53.239,2026-05-28 11:51:39.567,22.6550195,114.5091481,100.0,9.9,0.04,234.3,37.9,21.2,1147.9,4201.23,10.0,2.0,2.5,NR5G-SA,n79,-99,-99,-10,20,-999,11.2
2026-05-28 11:36:53.439,2026-05-28 11:51:39.767,22.6550195,114.5091481,100.0,9.9,0.04,234.3,24.1,19.6,1147.9,4201.23,10.0,2.0,2.5,NR5G-SA,n79,-99,-99,-10,20,-999,15.9
2026-05-28 11:36:53.640,2026-05-28 11:51:39.967,22.6550064,114.5091285,100.0,9.9,0.01,234.2,24.1,19.6,1147.3,4203.72,10.0,2.0,2.5,NR5G-SA,n79,-99,-99,-11,21,-999,6.7
2026-05-28 11:36:53.840,2026-05-28 11:51:40.167,22.6549932,114.5091087,100.0,9.9,-0.06,234.2,24.1,19.6,1146.6,4206.23,10.0,2.0,2.5,NR5G-SA,n79,-99,-99,-11,21,-999,5.4
2026-05-28 11:36:54.040,2026-05-28 11:51:40.567,22.6549801,114.5090890,100.0,10.0,0.04,234.3,24.1,19.6,1145.9,4208.72,10.0,2.0,2.5,NR5G-SA,n79,-99,-99,-11,21,-999,7.0
2026-05-28 11:36:54.240,2026-05-28 11:51:40.567,22.6549670,114.5090693,100.0,10.0,0.02,234.4,24.1,19.6,1145.2,4211.22,10.0,2.0,2.5,NR5G-SA,n79,-102,-102,-11,21,-999,12.0
2026-05-28 11:36:54.441,2026-05-28 11:51:40.767,22.6549670,114.5090693,100.0,10.0,0.02,234.4,43.2,19.0,1145.2,4211.22,10.0,2.0,2.5,NR5G-SA,n79,-102,-102,-11,21,-999,15.9
2026-05-28 11:36:54.641,2026-05-28 11:51:40.967,22.6549538,114.5090494,100.0,10.0,0.03,234.5,43.2,19.0,1144.5,4213.73,10.0,2.0,2.5,NR5G-SA,n79,-101,-101,-10,21,-999,5.6
2026-05-28 11:36:54.841,2026-05-28 11:51:41.167,22.6549408,114.5090295,100.0,10.0,-0.02,234.4,43.2,19.0,1143.8,4216.24,10.0,2.0,2.5,NR5G-SA,n79,-101,-101,-10,21,-999,4.0
2026-05-28 11:36:55.042,2026-05-28 11:51:41.567,22.6549278,114.5090097,100.0,10.0,-0.01,234.4,43.2,19.0,1143.1,4218.73,10.0,2.0,2.5,NR5G-SA,n79,-101,-101,-10,21,-999,5.4
2026-05-28 11:36:55.242,2026-05-28 11:51:41.567,22.6549147,114.5089900,100.0,10.0,0.01,234.3,43.2,19.0,1142.5,4221.23,10.0,2.0,2.5,NR5G-SA,n79,-102,-102,-10,21,-999,9.8
2026-05-28 11:36:55.442,2026-05-28 11:51:41.767,22.6549147,114.5089900,100.0,10.0,0.01,234.3,43.2,19.1,1142.5,4221.23,10.0,2.0,2.5,NR5G-SA,n79,-102,-102,-10,21,-999,14.7
2026-05-28 11:36:55.643,2026-05-28 11:51:41.967,22.6549015,114.5089702,100.0,10.0,-0.01,234.2,15.5,19.1,1141.8,4223.74,10.0,2.0,2.5,NR5G-SA,n79,-102,-102,-10,21,-999,6.7
2026-05-28 11:36:55.843,2026-05-28 11:51:42.167,22.6548884,114.5089505,100.0,10.0,0.04,234.3,15.5,19.1,1141.2,4226.23,10.0,2.0,2.5,NR5G-SA,n79,-101,-101,-10,21,-999,5.4
2026-05-28 11:36:56.043,2026-05-28 11:51:42.567,22.6548752,114.5089307,100.0,10.0,0.04,234.3,15.5,19.1,1140.5,4228.74,10.0,2.0,2.5,NR5G-SA,n79,-101,-101,-10,21,-999,5.9
2026-05-28 11:36:56.244,2026-05-28 11:51:42.567,22.6548619,114.5089109,100.0,10.0,0.01,234.2,15.5,19.1,1139.9,4231.26,10.0,2.0,2.5,NR5G-SA,n79,-101,-101,-10,21,-999,13.4
2026-05-28 11:36:56.444,2026-05-28 11:51:42.767,22.6548619,114.5089109,100.0,10.0,0.01,234.2,15.5,18.9,1139.9,4231.26,10.0,2.0,2.5,NR5G-SA,n79,-101,-101,-11,22,-999,8.6
2026-05-28 11:36:56.644,2026-05-28 11:51:42.967,22.6548487,114.5088910,100.0,10.0,0.02,234.2,0.0,18.9,1139.2,4233.77,10.0,2.0,2.5,NR5G-SA,n79,-101,-101,-11,22,-999,5.3
2026-05-28 11:36:56.845,2026-05-28 11:51:43.167,22.6548355,114.5088713,100.0,10.0,-0.02,234.2,0.0,18.9,1138.6,4236.28,10.0,2.0,2.5,NR5G-SA,n79,-101,-101,-11,22,-999,6.3
2026-05-28 11:36:57.045,2026-05-28 11:51:43.567,22.6548224,114.5088515,100.0,10.0,-0.01,234.3,0.0,18.9,1138.0,4238.78,10.0,2.0,2.5,NR5G-SA,n79,-101,-101,-11,22,-999,6.9
2026-05-28 11:36:57.246,2026-05-28 11:51:43.567,22.6548094,114.5088317,100.0,10.0,-0.02,234.4,0.0,18.9,1137.3,4241.27,10.0,2.0,2.5,NR5G-SA,n79,-101,-101,-11,22,-999,11.8
2026-05-28 11:36:57.446,2026-05-28 11:51:43.767,22.6548094,114.5088317,100.0,10.0,-0.02,234.4,0.0,18.9,1137.3,4241.27,10.0,2.0,2.5,NR5G-SA,n79,-101,-101,-11,22,-999,10.7
2026-05-28 11:36:57.646,2026-05-28 11:51:43.967,22.6547963,114.5088120,100.0,10.0,-0.10,234.6,4.5,19.8,1136.7,4243.77,10.0,2.0,2.5,NR5G-SA,n79,-101,-101,-11,22,-999,6.0
2026-05-28 11:36:57.847,2026-05-28 11:51:44.167,22.6547832,114.5087923,100.0,10.0,-0.07,234.7,4.5,19.8,1136.1,4246.26,10.0,2.0,2.5,NR5G-SA,n79,-96,-96,-10,21,-999,4.8
2026-05-28 11:36:58.047,2026-05-28 11:51:44.567,22.6547701,114.5087726,100.0,10.0,0.06,234.8,4.5,19.8,1135.5,4248.76,10.0,2.0,2.5,NR5G-SA,n79,-98,-98,-10,22,-999,5.5
2026-05-28 11:36:58.247,2026-05-28 11:51:44.567,22.6547570,114.5087529,100.0,10.0,0.06,234.7,4.5,19.8,1134.9,4251.25,10.0,2.0,2.5,NR5G-SA,n79,-98,-98,-10,22,-999,9.7
2026-05-28 11:36:58.448,2026-05-28 11:51:44.767,22.6547570,114.5087529,100.0,10.0,0.06,234.7,4.5,19.8,1134.9,4251.25,10.0,2.0,2.5,NR5G-SA,n79,-98,-98,-10,22,-999,11.3
2026-05-28 11:36:58.648,2026-05-28 11:51:44.967,22.6547438,114.5087331,100.0,10.0,0.04,234.7,0.0,20.6,1134.3,4253.76,10.0,2.0,2.5,NR5G-SA,n79,-97,-97,-10,22,-999,5.5
2026-05-28 11:36:58.848,2026-05-28 11:51:45.167,22.6547307,114.5087134,100.0,10.0,0.01,234.7,0.0,20.6,1133.7,4256.26,10.0,2.0,2.5,NR5G-SA,n79,-97,-97,-10,22,-999,5.7
2026-05-28 11:36:59.049,2026-05-28 11:51:45.567,22.6547176,114.5086937,100.0,10.0,0.01,234.7,0.0,20.6,1133.1,4258.75,10.0,2.0,2.5,NR5G-SA,n79,-102,-102,-11,21,-999,4.0
2026-05-28 11:36:59.249,2026-05-28 11:51:45.567,22.6547045,114.5086740,100.0,10.0,0.03,234.6,0.0,20.6,1132.6,4261.25,10.0,2.0,2.5,NR5G-SA,n79,-102,-102,-11,21,-999,10.5
2026-05-28 11:36:59.450,2026-05-28 11:51:45.767,22.6547045,114.5086740,100.0,10.0,0.03,234.6,0.0,20.6,1132.6,4261.25,10.0,2.0,2.5,NR5G-SA,n79,-102,-102,-11,21,-999,12.1
2026-05-28 11:36:59.650,2026-05-28 11:51:45.967,22.6546913,114.5086542,100.0,10.0,0.01,234.5,13.7,20.0,1132.0,4263.75,10.0,2.0,2.5,NR5G-SA,n79,-98,-98,-10,21,-999,5.4
2026-05-28 11:36:59.851,2026-05-28 11:51:46.167,22.6546781,114.5086345,100.0,10.0,-0.02,234.4,13.7,20.0,1131.4,4266.26,10.0,2.0,2.5,NR5G-SA,n79,-98,-98,-10,21,-999,5.0
2026-05-28 11:37:00.051,2026-05-28 11:51:46.567,22.6546648,114.5086147,100.0,10.0,0.02,234.3,13.7,20.0,1130.9,4268.77,10.0,2.0,2.5,NR5G-SA,n79,-98,-98,-10,21,-999,6.0
2026-05-28 11:37:00.251,2026-05-28 11:51:46.567,22.6546516,114.5085948,100.0,10.0,0.04,234.2,13.7,20.0,1130.3,4271.29,10.0,2.0,2.5,NR5G-SA,n79,-95,-95,-10,21,-999,12.2
2026-05-28 11:37:00.452,2026-05-28 11:51:46.767,22.6546516,114.5085948,100.0,10.0,0.04,234.2,13.7,20.0,1130.3,4271.29,10.0,2.0,2.5,NR5G-SA,n79,-95,-95,-10,21,-999,9.4
2026-05-28 11:37:00.652,2026-05-28 11:51:46.967,22.6546385,114.5085750,100.0,10.0,0.01,234.2,0.0,21.1,1129.7,4273.79,10.0,2.0,2.5,NR5G-SA,n79,-95,-95,-10,21,-999,5.6
2026-05-28 11:37:00.853,2026-05-28 11:51:47.167,22.6546253,114.5085552,100.0,10.0,0.07,234.3,0.0,21.1,1129.2,4276.30,10.0,2.0,2.5,NR5G-SA,n79,-96,-96,-10,21,-999,4.9
2026-05-28 11:37:01.053,2026-05-28 11:51:47.567,22.6546122,114.5085354,100.0,10.0,-0.03,234.3,0.0,21.1,1128.6,4278.80,10.0,2.0,2.5,NR5G-SA,n79,-96,-96,-10,21,-999,4.8
2026-05-28 11:37:01.253,2026-05-28 11:51:47.567,22.6545992,114.5085157,100.0,10.0,-0.04,234.3,0.0,21.1,1128.1,4281.29,10.0,2.0,2.5,NR5G-SA,n79,-96,-96,-10,21,-999,12.1
2026-05-28 11:37:01.454,2026-05-28 11:51:47.767,22.6545992,114.5085157,100.0,10.0,-0.04,234.3,0.0,21.1,1128.1,4281.29,10.0,2.0,2.5,NR5G-SA,n79,-94,-94,-10,22,-999,10.1
2026-05-28 11:37:01.654,2026-05-28 11:51:47.967,22.6545860,114.5084959,100.0,9.9,0.03,234.3,17.5,22.1,1127.6,4283.80,10.0,2.0,2.5,NR5G-SA,n79,-94,-94,-10,22,-999,6.3
2026-05-28 11:37:01.854,2026-05-28 11:51:48.167,22.6545728,114.5084762,100.0,10.0,0.05,234.4,17.5,22.1,1127.1,4286.30,10.0,2.0,2.5,NR5G-SA,n79,-101,-101,-11,21,-999,4.6
2026-05-28 11:37:02.055,2026-05-28 11:51:48.567,22.6545596,114.5084565,100.0,10.0,0.04,234.4,17.5,22.1,1126.5,4288.80,10.0,2.0,2.5,NR5G-SA,n79,-101,-101,-11,21,-999,5.4
2026-05-28 11:37:02.255,2026-05-28 11:51:48.567,22.6545463,114.5084366,100.1,10.0,0.01,234.4,17.5,22.1,1126.0,4291.33,10.0,2.0,2.5,NR5G-SA,n79,-101,-101,-11,21,-999,9.1
2026-05-28 11:37:02.455,2026-05-28 11:51:48.767,22.6545463,114.5084366,100.1,10.0,0.01,234.4,17.5,22.1,1126.0,4291.33,10.0,2.0,2.5,NR5G-SA,n79,-98,-98,-10,21,-999,9.3
2026-05-28 11:37:02.656,2026-05-28 11:51:48.967,22.6545332,114.5084168,100.0,10.0,-0.07,234.5,41.9,21.2,1125.5,4293.83,10.0,2.0,2.5,NR5G-SA,n79,-98,-98,-10,21,-999,6.1
2026-05-28 11:37:02.856,2026-05-28 11:51:49.167,22.6545201,114.5083969,100.0,9.9,-0.06,234.5,41.9,21.2,1125.0,4296.34,10.0,2.0,2.5,NR5G-SA,n79,-98,-98,-10,21,-999,6.0
2026-05-28 11:37:03.056,2026-05-28 11:51:49.567,22.6545070,114.5083771,100.0,9.9,-0.04,234.4,41.9,21.2,1124.5,4298.84,10.0,2.0,2.5,NR5G-SA,n79,-100,-100,-10,20,-999,7.6
2026-05-28 11:37:03.257,2026-05-28 11:51:49.567,22.6544939,114.5083573,100.0,9.9,-0.06,234.2,41.9,21.2,1124.0,4301.35,10.0,2.0,2.5,NR5G-SA,n79,-100,-100,-10,20,-999,12.3
2026-05-28 11:37:03.457,2026-05-28 11:51:49.767,22.6544939,114.5083573,100.0,9.9,-0.06,234.2,41.9,21.2,1124.0,4301.35,10.0,2.0,2.5,NR5G-SA,n79,-100,-100,-10,20,-999,9.8
2026-05-28 11:37:03.657,2026-05-28 11:51:49.967,22.6544808,114.5083376,100.0,9.9,-0.03,234.3,26.3,18.5,1123.5,4303.84,10.0,2.0,2.5,NR5G-SA,n79,-100,-100,-11,21,-999,4.6
2026-05-28 11:37:03.858,2026-05-28 11:51:50.167,22.6544677,114.5083179,100.0,9.9,-0.05,234.5,26.3,18.5,1123.0,4306.34,10.0,2.0,2.5,NR5G-SA,n79,-100,-100,-11,21,-999,5.3
2026-05-28 11:37:04.058,2026-05-28 11:51:50.567,22.6544547,114.5082981,100.0,9.9,-0.06,234.7,26.3,18.5,1122.5,4308.83,10.0,2.0,2.5,NR5G-SA,n79,-99,-99,-10,20,-999,5.6
2026-05-28 11:37:04.259,2026-05-28 11:51:50.567,22.6544415,114.5082785,100.1,10.0,-0.05,234.8,26.3,18.5,1122.0,4311.33,10.0,2.0,2.5,NR5G-SA,n79,-99,-99,-10,20,-999,7.4
2026-05-28 11:37:04.459,2026-05-28 11:51:50.767,22.6544415,114.5082785,100.1,10.0,-0.05,234.8,26.3,18.5,1122.0,4311.33,10.0,2.0,2.5,NR5G-SA,n79,-99,-99,-10,20,-999,9.1
2026-05-28 11:37:04.659,2026-05-28 11:51:50.967,22.6544284,114.5082588,100.1,9.9,-0.04,234.9,36.0,18.4,1121.6,4313.82,10.0,2.0,2.5,NR5G-SA,n79,-104,-104,-11,20,-999,5.5
2026-05-28 11:37:04.860,2026-05-28 11:51:51.167,22.6544153,114.5082391,100.1,10.0,-0.10,235.0,36.0,18.4,1121.1,4316.31,10.0,2.0,2.5,NR5G-SA,n79,-104,-104,-11,20,-999,5.1
2026-05-28 11:37:05.060,2026-05-28 11:51:51.567,22.6544022,114.5082195,100.1,9.9,0.04,235.2,36.0,18.4,1120.7,4318.80,10.0,2.0,2.5,NR5G-SA,n79,-104,-104,-11,20,-999,4.5
2026-05-28 11:37:05.260,2026-05-28 11:51:51.567,22.6543891,114.5081998,100.0,9.9,-0.06,235.4,36.0,18.4,1120.2,4321.29,10.0,2.0,2.5,NR5G-SA,n79,-99,-99,-10,21,-999,7.5
2026-05-28 11:37:05.461,2026-05-28 11:51:51.767,22.6543891,114.5081998,100.0,9.9,-0.06,235.4,36.0,18.4,1120.2,4321.29,10.0,2.0,2.5,NR5G-SA,n79,-99,-99,-10,21,-999,12.3
2026-05-28 11:37:05.661,2026-05-28 11:51:51.967,22.6543760,114.5081800,100.0,10.0,-0.07,235.4,33.3,18.9,1119.8,4323.80,10.0,2.0,2.5,NR5G-SA,n79,-99,-99,-10,21,-999,6.7
2026-05-28 11:37:05.861,2026-05-28 11:51:52.167,22.6543628,114.5081603,100.0,10.0,-0.07,235.3,33.3,18.9,1119.3,4326.30,10.0,2.0,2.5,NR5G-SA,n79,-102,-102,-11,21,-999,6.2
2026-05-28 11:37:06.062,2026-05-28 11:51:52.567,22.6543496,114.5081406,100.0,10.0,-0.07,235.2,33.3,18.9,1118.9,4328.80,10.0,2.0,2.5,NR5G-SA,n79,-102,-102,-11,21,-999,6.9
2026-05-28 11:37:06.262,2026-05-28 11:51:52.567,22.6543364,114.5081209,100.0,10.0,0.00,235.0,33.3,18.9,1118.5,4331.30,10.0,2.0,2.5,NR5G-SA,n79,-104,-104,-11,20,-999,12.3
2026-05-28 11:37:06.462,2026-05-28 11:51:52.767,22.6543364,114.5081209,100.0,10.0,0.00,235.0,33.3,18.9,1118.5,4331.30,10.0,2.0,2.5,NR5G-SA,n79,-104,-104,-11,20,-999,8.6
2026-05-28 11:37:06.663,2026-05-28 11:51:52.967,22.6543232,114.5081013,100.0,10.0,-0.06,234.8,29.8,18.9,1118.1,4333.79,10.0,2.0,2.5,NR5G-SA,n79,-104,-104,-11,20,-999,4.4
2026-05-28 11:37:06.863,2026-05-28 11:51:53.167,22.6543101,114.5080815,100.0,10.0,-0.08,234.9,29.8,19.0,1117.6,4336.30,10.0,2.0,2.5,NR5G-SA,n79,-103,-103,-10,20,-999,5.3
2026-05-28 11:37:07.063,2026-05-28 11:51:53.567,22.6542969,114.5080616,100.0,10.0,-0.03,234.8,29.8,19.0,1117.2,4338.81,10.0,2.0,2.5,NR5G-SA,n79,-103,-103,-10,20,-999,5.1
2026-05-28 11:37:07.264,2026-05-28 11:51:53.567,22.6542839,114.5080416,100.0,10.0,-0.00,234.9,29.8,19.0,1116.8,4341.33,10.0,2.0,2.5,NR5G-SA,n79,-103,-103,-10,20,-999,10.4
2026-05-28 11:37:07.464,2026-05-28 11:51:53.767,22.6542839,114.5080416,100.0,10.0,-0.00,234.9,29.8,19.0,1116.8,4341.33,10.0,2.0,2.5,NR5G-SA,n79,-99,-99,-10,19,-999,11.2
2026-05-28 11:37:07.664,2026-05-28 11:51:53.967,22.6542709,114.5080219,100.0,10.0,0.05,234.9,38.4,19.0,1116.4,4343.81,10.0,2.0,2.5,NR5G-SA,n79,-99,-99,-10,19,-999,5.3
2026-05-28 11:37:07.865,2026-05-28 11:51:54.167,22.6542579,114.5080021,100.0,9.9,0.02,234.8,38.4,20.1,1116.0,4346.31,10.0,2.0,2.5,NR5G-SA,n79,-99,-99,-10,19,-999,8.6
2026-05-28 11:37:08.065,2026-05-28 11:51:54.567,22.6542448,114.5079824,100.0,10.0,-0.03,234.8,38.4,20.1,1115.6,4348.81,10.0,2.0,2.5,NR5G-SA,n79,-99,-99,-10,19,-999,5.9
2026-05-28 11:37:08.266,2026-05-28 11:51:54.567,22.6542317,114.5079627,100.0,10.0,0.01,234.8,38.4,20.1,1115.2,4351.30,10.0,2.0,2.5,NR5G-SA,n79,-99,-99,-10,19,-999,10.1
2026-05-28 11:37:08.466,2026-05-28 11:51:54.767,22.6542317,114.5079627,100.0,10.0,0.01,234.8,38.4,20.1,1115.2,4351.30,10.0,2.0,2.5,NR5G-SA,n79,-99,-99,-10,19,-999,15.1
2026-05-28 11:37:08.666,2026-05-28 11:51:54.967,22.6542185,114.5079431,100.0,10.0,-0.02,234.7,22.8,20.1,1114.8,4353.79,10.0,2.0,2.5,NR5G-SA,n79,-99,-99,-10,19,-999,6.6
2026-05-28 11:37:08.867,2026-05-28 11:51:55.167,22.6542052,114.5079233,100.0,10.0,-0.04,234.7,22.8,21.3,1114.4,4356.31,10.0,2.0,2.5,NR5G-SA,n79,-99,-99,-10,19,-999,5.8
2026-05-28 11:37:09.067,2026-05-28 11:51:55.567,22.6541917,114.5079033,100.0,10.0,-0.00,234.7,22.8,21.3,1114.1,4358.85,10.0,2.0,2.5,NR5G-SA,n79,-102,-102,-10,19,-999,5.7
2026-05-28 11:37:09.267,2026-05-28 11:51:55.567,22.6541787,114.5078838,100.0,10.0,0.01,234.7,22.8,21.3,1113.7,4361.33,10.0,2.0,2.5,NR5G-SA,n79,-102,-102,-10,19,-999,8.0
2026-05-28 11:37:09.468,2026-05-28 11:51:55.767,22.6541787,114.5078838,100.0,10.0,0.01,234.7,22.8,21.3,1113.7,4361.33,10.0,2.0,2.5,NR5G-SA,n79,-102,-102,-10,19,-999,13.0
2026-05-28 11:37:09.668,2026-05-28 11:51:55.967,22.6541656,114.5078641,100.0,9.9,-0.02,234.6,43.8,21.3,1113.4,4363.82,10.0,2.0,2.5,NR5G-SA,n79,-100,-100,-11,18,-999,5.7
2026-05-28 11:37:09.868,2026-05-28 11:51:56.167,22.6541525,114.5078444,100.0,10.0,-0.03,234.7,43.8,22.3,1113.0,4366.31,10.0,2.0,2.5,NR5G-SA,n79,-100,-100,-11,18,-999,5.3
2026-05-28 11:37:10.069,2026-05-28 11:51:56.567,22.6541393,114.5078246,100.0,10.0,0.04,234.6,43.8,22.3,1112.7,4368.82,10.0,2.0,2.5,NR5G-SA,n79,-100,-100,-11,18,-999,4.0
2026-05-28 11:37:10.269,2026-05-28 11:51:56.567,22.6541262,114.5078048,100.0,10.0,0.02,234.5,43.8,22.3,1112.3,4371.33,10.0,2.0,2.5,NR5G-SA,n79,-97,-97,-10,18,-999,7.9
2026-05-28 11:37:10.469,2026-05-28 11:51:56.767,22.6541262,114.5078048,100.0,10.0,0.02,234.5,43.8,22.3,1112.3,4371.33,10.0,2.0,2.5,NR5G-SA,n79,-97,-97,-10,18,-999,14.2
2026-05-28 11:37:10.670,2026-05-28 11:51:56.967,22.6541130,114.5077850,100.0,10.0,0.03,234.3,12.4,22.3,1112.0,4373.84,10.0,2.0,2.5,NR5G-SA,n79,-102,-102,-10,18,-999,6.4
2026-05-28 11:37:10.870,2026-05-28 11:51:57.167,22.6540999,114.5077653,100.0,10.0,-0.01,234.4,12.4,22.8,1111.7,4376.33,10.0,2.0,2.5,NR5G-SA,n79,-102,-102,-10,18,-999,5.9
2026-05-28 11:37:11.070,2026-05-28 11:51:57.567,22.6540867,114.5077454,100.0,10.0,-0.10,234.6,12.4,22.8,1111.3,4378.85,10.0,2.0,2.5,NR5G-SA,n79,-102,-102,-10,18,-999,6.3
2026-05-28 11:37:11.271,2026-05-28 11:51:57.767,22.6540736,114.5077256,100.0,10.0,-0.08,234.6,12.4,22.8,1111.0,4381.35,10.0,2.0,2.5,NR5G-SA,n79,-100,-100,-10,18,-999,7.0
2026-05-28 11:37:11.471,2026-05-28 11:51:57.767,22.6540736,114.5077256,100.0,10.0,-0.08,234.6,12.4,22.8,1111.0,4381.35,10.0,2.0,2.5,NR5G-SA,n79,-100,-100,-10,18,-999,16.0
2026-05-28 11:37:11.672,2026-05-28 11:51:57.967,22.6540606,114.5077059,100.0,10.0,-0.02,234.4,0.0,22.8,1110.7,4383.84,10.0,2.0,2.5,NR5G-SA,n79,-100,-100,-10,18,-999,7.0
2026-05-28 11:37:11.872,2026-05-28 11:51:58.167,22.6540475,114.5076863,99.9,10.0,0.04,234.3,0.0,22.8,1110.4,4386.32,10.0,2.0,2.5,NR5G-SA,n79,-100,-100,-11,18,-999,6.0
2026-05-28 11:37:12.072,2026-05-28 11:51:58.567,22.6540344,114.5076667,99.9,10.0,0.04,234.3,0.0,22.8,1110.1,4388.81,10.0,2.0,2.5,NR5G-SA,n79,-100,-100,-11,18,-999,9.4
2026-05-28 11:37:12.272,2026-05-28 11:51:58.567,22.6540212,114.5076470,100.0,10.0,0.09,234.2,0.0,22.8,1109.8,4391.31,10.0,2.0,2.5,NR5G-SA,n79,-100,-100,-11,18,-999,9.6
2026-05-28 11:37:12.473,2026-05-28 11:51:58.767,22.6540212,114.5076470,100.0,10.0,0.09,234.2,0.0,22.8,1109.8,4391.31,10.0,2.0,2.5,NR5G-SA,n79,-103,-103,-11,17,-999,12.4
2026-05-28 11:37:12.673,2026-05-28 11:51:58.967,22.6540080,114.5076273,100.0,10.0,0.04,234.2,0.8,22.8,1109.5,4393.81,10.0,2.0,2.5,NR5G-SA,n79,-103,-103,-11,17,-999,6.5
2026-05-28 11:37:12.873,2026-05-28 11:51:59.167,22.6539949,114.5076075,100.0,10.0,0.04,234.2,0.8,23.5,1109.2,4396.32,10.0,2.0,2.5,NR5G-SA,n79,-99,-99,-10,17,-999,5.5
2026-05-28 11:37:13.074,2026-05-28 11:51:59.567,22.6539818,114.5075877,100.0,10.0,-0.04,234.2,0.8,23.5,1108.9,4398.82,10.0,2.0,2.5,NR5G-SA,n79,-99,-99,-10,17,-999,5.4
2026-05-28 11:37:13.274,2026-05-28 11:51:59.567,22.6539686,114.5075679,100.0,10.0,-0.03,234.3,0.8,23.5,1108.6,4401.33,10.0,2.0,2.5,NR5G-SA,n79,-99,-99,-10,17,-999,9.9
2026-05-28 11:37:13.474,2026-05-28 11:51:59.767,22.6539686,114.5075679,100.0,10.0,-0.03,234.3,0.8,23.5,1108.6,4401.33,10.0,2.0,2.5,NR5G-SA,n79,-97,-97,-10,17,-999,12.8
2026-05-28 11:37:13.675,2026-05-28 11:51:59.967,22.6539553,114.5075480,100.0,10.0,0.05,234.2,0.0,23.5,1108.4,4403.85,10.0,2.0,2.5,NR5G-SA,n79,-97,-97,-10,17,-999,6.2
2026-05-28 11:37:13.875,2026-05-28 11:52:00.167,22.6539422,114.5075282,100.0,10.0,-0.02,234.1,0.0,23.6,1108.1,4406.35,10.0,2.0,2.5,NR5G-SA,n79,-97,-97,-10,17,-999,6.4
2026-05-28 11:37:14.075,2026-05-28 11:52:00.567,22.6539291,114.5075084,100.0,9.9,0.05,234.2,0.0,23.6,1107.8,4408.86,10.0,2.0,2.5,NR5G-SA,n79,-99,-99,-10,17,-999,5.6
2026-05-28 11:37:14.276,2026-05-28 11:52:00.567,22.6539160,114.5074886,100.0,10.0,-0.00,234.4,0.0,23.6,1107.6,4411.36,10.0,2.0,2.5,NR5G-SA,n79,-99,-99,-10,17,-999,9.1
2026-05-28 11:37:14.476,2026-05-28 11:52:00.767,22.6539160,114.5074886,100.0,10.0,-0.00,234.4,0.0,23.6,1107.6,4411.36,10.0,2.0,2.5,NR5G-SA,n79,-99,-99,-10,17,-999,13.0
2026-05-28 11:37:14.676,2026-05-28 11:52:00.967,22.6539029,114.5074690,100.0,9.9,0.08,234.5,10.6,23.6,1107.3,4413.85,10.0,2.0,2.5,NR5G-SA,n79,-100,-100,-11,17,-999,6.1
2026-05-28 11:37:14.877,2026-05-28 11:52:01.167,22.6538899,114.5074494,100.0,9.9,0.03,234.5,10.6,23.6,1107.1,4416.33,10.0,2.0,2.5,NR5G-SA,n79,-100,-100,-11,17,-999,6.3
2026-05-28 11:37:15.077,2026-05-28 11:52:01.567,22.6538768,114.5074299,100.0,10.0,0.08,234.5,10.6,23.4,1106.9,4418.80,10.0,2.0,2.5,NR5G-SA,n79,-100,-100,-11,17,-999,6.4
2026-05-28 11:37:15.277,2026-05-28 11:52:01.567,22.6538636,114.5074102,100.0,10.0,-0.03,234.5,10.6,23.4,1106.6,4421.30,10.0,2.0,2.5,NR5G-SA,n79,-98,-98,-10,16,-999,9.3
2026-05-28 11:37:15.478,2026-05-28 11:52:01.767,22.6538636,114.5074102,100.0,10.0,-0.03,234.5,10.6,23.4,1106.6,4421.30,10.0,2.0,2.5,NR5G-SA,n79,-98,-98,-10,16,-999,14.3
2026-05-28 11:37:15.678,2026-05-28 11:52:01.967,22.6538506,114.5073905,100.0,10.0,-0.05,234.5,0.0,23.4,1106.4,4423.79,10.0,2.0,2.5,NR5G-SA,n79,-97,-97,-10,17,-999,6.4
2026-05-28 11:37:15.878,2026-05-28 11:52:02.167,22.6538375,114.5073706,100.0,10.0,-0.01,234.6,0.0,23.4,1106.2,4426.30,10.0,2.0,2.5,NR5G-SA,n79,-97,-97,-10,17,-999,5.8
2026-05-28 11:37:16.079,2026-05-28 11:52:02.567,22.6538244,114.5073506,100.0,10.0,0.08,234.5,0.0,22.2,1105.9,4428.82,10.0,2.0,2.5,NR5G-SA,n79,-97,-97,-10,17,-999,6.7
2026-05-28 11:37:16.279,2026-05-28 11:52:02.767,22.6538112,114.5073309,100.0,10.1,0.05,234.3,0.0,22.2,1105.7,4431.32,10.0,2.0,2.5,NR5G-SA,n79,-100,-100,-10,15,-999,8.3
2026-05-28 11:37:16.479,2026-05-28 11:52:02.767,22.6537979,114.5073111,100.0,10.0,0.04,234.0,0.0,22.2,1105.5,4433.84,10.0,2.0,2.5,NR5G-SA,n79,-100,-100,-10,15,-999,11.2
2026-05-28 11:37:16.680,2026-05-28 11:52:02.967,22.6537979,114.5073111,100.0,10.0,0.04,234.0,19.8,22.2,1105.5,4433.84,10.0,2.0,2.5,NR5G-SA,n79,-100,-100,-10,15,-999,6.0
2026-05-28 11:37:16.880,2026-05-28 11:52:03.167,22.6537846,114.5072912,100.0,10.0,0.02,233.8,19.8,22.2,1105.3,4436.36,10.0,2.0,2.5,NR5G-SA,n79,-96,-96,-10,17,-999,6.7
2026-05-28 11:37:17.080,2026-05-28 11:52:03.567,22.6537713,114.5072714,100.0,10.0,-0.01,233.9,19.8,23.2,1105.2,4438.88,10.0,2.0,2.5,NR5G-SA,n79,-96,-96,-10,17,-999,6.4
2026-05-28 11:37:17.281,2026-05-28 11:52:03.767,22.6537582,114.5072517,100.0,10.0,0.06,234.0,19.8,23.2,1105.0,4441.37,10.0,2.0,2.5,NR5G-SA,n79,-96,-96,-10,17,-999,6.5
2026-05-28 11:37:17.481,2026-05-28 11:52:03.767,22.6537450,114.5072319,100.0,10.0,0.06,234.1,19.8,23.2,1104.8,4443.88,10.0,2.0,2.5,NR5G-SA,n79,-98,-98,-10,15,-999,13.7
2026-05-28 11:37:17.682,2026-05-28 11:52:03.967,22.6537450,114.5072319,100.0,10.0,0.02,234.1,41.0,23.2,1104.8,4443.88,10.0,2.0,2.5,NR5G-SA,n79,-98,-98,-10,15,-999,7.5
2026-05-28 11:37:17.882,2026-05-28 11:52:04.167,22.6537318,114.5072121,100.0,10.0,-0.06,234.1,41.0,23.2,1104.6,4446.39,10.0,2.0,2.5,NR5G-SA,n79,-96,-96,-10,18,-999,7.5
2026-05-28 11:37:18.082,2026-05-28 11:52:04.567,22.6537186,114.5071924,100.0,10.0,-0.04,234.1,41.0,23.6,1104.5,4448.89,10.0,2.0,2.5,NR5G-SA,n79,-96,-96,-10,18,-999,6.2
2026-05-28 11:37:18.283,2026-05-28 11:52:04.567,22.6537055,114.5071726,100.0,9.9,-0.01,234.1,41.0,23.6,1104.3,4451.40,10.0,2.0,2.5,NR5G-SA,n79,-96,-96,-10,18,-999,8.4
2026-05-28 11:37:18.483,2026-05-28 11:52:04.767,22.6537055,114.5071726,100.0,9.9,-0.01,234.1,41.0,23.6,1104.3,4451.40,10.0,2.0,2.5,NR5G-SA,n79,-97,-97,-10,16,-999,12.7
2026-05-28 11:37:18.683,2026-05-28 11:52:04.967,22.6536924,114.5071528,100.0,10.0,-0.06,234.1,28.7,23.6,1104.1,4453.90,10.0,2.0,2.5,NR5G-SA,n79,-97,-97,-10,16,-999,7.4
2026-05-28 11:37:18.884,2026-05-28 11:52:05.167,22.6536794,114.5071331,100.0,10.0,-0.04,234.2,28.7,23.6,1104.0,4456.39,10.0,2.0,2.5,NR5G-SA,n79,-97,-97,-10,16,-999,6.9
2026-05-28 11:37:19.084,2026-05-28 11:52:05.567,22.6536663,114.5071134,100.0,10.0,-0.11,234.3,28.7,23.0,1103.8,4458.88,10.0,2.0,2.5,NR5G-SA,n79,-97,-97,-10,16,-999,6.7
2026-05-28 11:37:19.284,2026-05-28 11:52:05.567,22.6536532,114.5070936,100.0,10.0,-0.05,234.2,28.7,23.0,1103.7,4461.39,10.0,2.0,2.5,NR5G-SA,n79,-97,-97,-10,16,-999,9.2
2026-05-28 11:37:19.485,2026-05-28 11:52:05.767,22.6536402,114.5070739,100.0,10.0,0.01,234.1,28.7,23.0,1103.5,4463.87,10.0,2.0,2.5,NR5G-SA,n79,-97,-97,-10,16,-999,9.5
2026-05-28 11:37:19.685,2026-05-28 11:52:05.967,22.6536402,114.5070739,100.0,10.0,0.01,234.1,33.8,23.0,1103.5,4463.87,10.0,2.0,2.5,NR5G-SA,n79,-97,-97,-10,16,-999,5.7
2026-05-28 11:37:19.885,2026-05-28 11:52:06.167,22.6536270,114.5070541,100.0,10.0,0.05,234.1,33.8,23.0,1103.4,4466.38,10.0,2.0,2.5,NR5G-SA,n79,-97,-97,-10,16,-999,5.1
2026-05-28 11:37:20.086,2026-05-28 11:52:06.567,22.6536139,114.5070343,100.0,10.0,0.04,234.0,33.8,21.7,1103.3,4468.89,10.0,2.0,2.5,NR5G-SA,n79,-94,-94,-10,18,-999,5.3
2026-05-28 11:37:20.286,2026-05-28 11:52:06.767,22.6536008,114.5070145,100.0,10.0,-0.01,234.0,33.8,21.7,1103.1,4471.39,10.0,2.0,2.5,NR5G-SA,n79,-94,-94,-10,18,-999,6.2
2026-05-28 11:37:20.486,2026-05-28 11:52:06.767,22.6535876,114.5069947,100.0,10.0,0.01,234.1,33.8,21.7,1103.0,4473.90,10.0,2.0,2.5,NR5G-SA,n79,-94,-94,-10,18,-999,12.9
2026-05-28 11:37:20.687,2026-05-28 11:52:06.967,22.6535876,114.5069947,100.0,10.0,0.01,234.1,35.9,21.7,1103.0,4473.90,10.0,2.0,2.5,NR5G-SA,n79,-97,-97,-10,17,-999,6.4
2026-05-28 11:37:20.887,2026-05-28 11:52:07.167,22.6535745,114.5069748,100.0,10.0,0.02,234.1,35.9,21.7,1102.9,4476.41,10.0,2.0,2.5,NR5G-SA,n79,-97,-97,-10,17,-999,5.8
2026-05-28 11:37:21.087,2026-05-28 11:52:07.567,22.6535616,114.5069551,100.0,9.9,-0.04,234.1,35.9,21.8,1102.8,4478.89,10.0,2.0,2.5,NR5G-SA,n79,-97,-97,-10,17,-999,5.8
2026-05-28 11:37:21.288,2026-05-28 11:52:07.767,22.6535486,114.5069354,100.0,9.9,-0.08,234.2,35.9,21.8,1102.7,4481.38,10.0,2.0,2.5,NR5G-SA,n79,-96,-96,-10,17,-999,6.8
2026-05-28 11:37:21.488,2026-05-28 11:52:07.767,22.6535356,114.5069156,100.0,10.0,-0.01,234.4,35.9,21.8,1102.6,4483.87,10.0,2.0,2.5,NR5G-SA,n79,-96,-96,-10,17,-999,12.3
2026-05-28 11:37:21.689,2026-05-28 11:52:07.967,22.6535356,114.5069156,100.0,10.0,-0.01,234.4,28.2,21.8,1102.6,4483.87,10.0,2.0,2.5,NR5G-SA,n79,-96,-96,-10,17,-999,6.8
2026-05-28 11:37:21.889,2026-05-28 11:52:08.167,22.6535225,114.5068958,100.0,10.1,-0.06,234.5,28.2,21.8,1102.5,4486.38,10.0,2.0,2.5,NR5G-SA,n79,-96,-96,-10,17,-999,6.4
2026-05-28 11:37:22.089,2026-05-28 11:52:08.567,22.6535094,114.5068760,100.0,10.0,0.03,234.5,28.2,19.9,1102.4,4488.88,10.0,2.0,2.5,NR5G-SA,n79,-96,-96,-10,17,-999,6.0
2026-05-28 11:37:22.290,2026-05-28 11:52:08.767,22.6534961,114.5068563,100.0,10.0,0.01,234.5,28.2,19.9,1102.3,4491.39,10.0,2.0,2.5,NR5G-SA,n79,-96,-96,-10,18,-999,7.8
2026-05-28 11:37:22.490,2026-05-28 11:52:08.767,22.6534829,114.5068367,100.0,10.0,0.00,234.4,28.2,19.9,1102.3,4493.88,10.0,2.0,2.5,NR5G-SA,n79,-96,-96,-10,18,-999,9.4
2026-05-28 11:37:22.690,2026-05-28 11:52:08.967,22.6534829,114.5068367,100.0,10.0,0.00,234.4,38.6,19.9,1102.3,4493.88,10.0,2.0,2.5,NR5G-SA,n79,-96,-96,-10,18,-999,7.9
2026-05-28 11:37:22.891,2026-05-28 11:52:09.167,22.6534698,114.5068170,100.0,10.0,0.06,234.4,38.6,19.9,1102.2,4496.37,10.0,2.0,2.5,NR5G-SA,n79,-96,-96,-10,18,-999,5.6
2026-05-28 11:37:23.091,2026-05-28 11:52:09.567,22.6534567,114.5067975,100.0,10.0,-0.06,234.3,38.6,18.6,1102.2,4498.85,10.0,2.0,2.5,NR5G-SA,n79,-96,-96,-10,18,-999,4.4
2026-05-28 11:37:23.291,2026-05-28 11:52:09.767,22.6534436,114.5067778,100.0,10.0,-0.01,234.3,38.6,18.6,1102.1,4501.35,10.0,2.0,2.5,NR5G-SA,n79,-96,-96,-10,18,-999,5.9
2026-05-28 11:37:23.492,2026-05-28 11:52:09.767,22.6534304,114.5067580,100.0,10.1,-0.01,234.2,38.6,18.6,1102.1,4503.86,10.0,2.0,2.5,NR5G-SA,n79,-94,-94,-10,18,-999,14.5
2026-05-28 11:37:23.692,2026-05-28 11:52:09.967,22.6534304,114.5067580,100.0,10.1,-0.01,234.2,20.7,18.6,1102.1,4503.86,10.0,2.0,2.5,NR5G-SA,n79,-94,-94,-10,18,-999,6.8
2026-05-28 11:37:23.893,2026-05-28 11:52:10.167,22.6534172,114.5067381,99.9,10.1,0.02,234.0,20.7,18.6,1102.0,4506.37,10.0,2.0,2.5,NR5G-SA,n79,-94,-94,-10,18,-999,5.5
2026-05-28 11:37:24.093,2026-05-28 11:52:10.567,22.6534039,114.5067182,99.9,10.0,0.05,233.9,20.7,18.6,1102.0,4508.90,10.0,2.0,2.5,NR5G-SA,n79,-95,-95,-10,17,-999,5.9
2026-05-28 11:37:24.293,2026-05-28 11:52:10.767,22.6533906,114.5066983,100.0,10.1,0.00,233.8,20.7,17.9,1102.0,4511.42,10.0,2.0,2.5,NR5G-SA,n79,-95,-95,-10,17,-999,6.1
2026-05-28 11:37:24.494,2026-05-28 11:52:10.767,22.6533774,114.5066785,100.0,10.0,0.02,233.8,20.7,17.9,1102.0,4513.93,10.0,2.0,2.5,NR5G-SA,n79,-96,-96,-10,18,-999,10.0
2026-05-28 11:37:24.694,2026-05-28 11:52:10.967,22.6533774,114.5066785,100.0,10.0,0.02,233.8,0.0,17.9,1102.0,4513.93,10.0,2.0,2.5,NR5G-SA,n79,-96,-96,-10,18,-999,4.4
2026-05-28 11:37:24.895,2026-05-28 11:52:11.167,22.6533643,114.5066589,100.0,10.0,-0.00,233.9,0.0,17.9,1101.9,4516.42,10.0,2.0,2.5,NR5G-SA,n79,-96,-96,-10,18,-999,4.9
2026-05-28 11:37:25.095,2026-05-28 11:52:11.567,22.6533512,114.5066392,100.0,10.0,0.12,234.0,0.0,17.9,1101.9,4518.91,10.0,2.0,2.5,NR5G-SA,n79,-97,-97,-10,18,-999,5.5
2026-05-28 11:37:25.295,2026-05-28 11:52:11.767,22.6533381,114.5066195,100.0,10.0,0.09,234.2,0.0,18.1,1101.9,4521.41,10.0,2.0,2.5,NR5G-SA,n79,-97,-97,-10,18,-999,7.2
2026-05-28 11:37:25.496,2026-05-28 11:52:11.767,22.6533251,114.5065998,100.0,10.0,0.05,234.2,0.0,18.1,1101.9,4523.89,10.0,2.0,2.5,NR5G-SA,n79,-97,-97,-10,18,-999,11.4
2026-05-28 11:37:25.696,2026-05-28 11:52:11.967,22.6533251,114.5065998,100.0,10.0,0.05,234.2,9.3,18.1,1101.9,4523.89,10.0,2.0,2.5,NR5G-SA,n79,-97,-97,-10,18,-999,6.7
2026-05-28 11:37:25.896,2026-05-28 11:52:12.167,22.6533120,114.5065799,100.0,10.0,-0.03,234.1,9.3,18.1,1101.9,4526.41,10.0,2.0,2.5,NR5G-SA,n79,-97,-97,-10,18,-999,4.1
2026-05-28 11:37:26.097,2026-05-28 11:52:12.567,22.6532987,114.5065600,100.0,10.1,-0.00,233.9,9.3,18.1,1101.9,4528.93,10.0,2.0,2.5,NR5G-SA,n79,-97,-97,-10,18,-999,7.3
2026-05-28 11:37:26.297,2026-05-28 11:52:12.767,22.6532855,114.5065401,100.0,10.1,0.08,233.9,9.3,17.1,1101.9,4531.45,10.0,2.0,2.5,NR5G-SA,n79,-100,-100,-10,17,-999,6.6
2026-05-28 11:37:26.497,2026-05-28 11:52:12.767,22.6532724,114.5065203,100.0,10.0,0.10,234.1,9.3,17.1,1102.0,4533.95,10.0,2.0,2.5,NR5G-SA,n79,-100,-100,-10,17,-999,10.3
2026-05-28 11:37:26.698,2026-05-28 11:52:12.967,22.6532724,114.5065203,100.0,10.0,0.10,234.1,0.0,17.1,1102.0,4533.95,10.0,2.0,2.5,NR5G-SA,n79,-100,-100,-10,18,-999,8.6
2026-05-28 11:37:26.898,2026-05-28 11:52:13.167,22.6532594,114.5065006,100.0,10.0,0.02,234.2,0.0,17.1,1102.0,4536.44,10.0,2.0,2.5,NR5G-SA,n79,-100,-100,-10,18,-999,4.5
2026-05-28 11:37:27.098,2026-05-28 11:52:13.567,22.6532463,114.5064807,100.0,10.0,-0.03,233.9,0.0,17.1,1102.0,4538.95,10.0,2.0,2.5,NR5G-SA,n79,-100,-100,-10,18,-999,5.5
2026-05-28 11:37:27.299,2026-05-28 11:52:13.567,22.6532331,114.5064609,100.0,10.0,0.05,233.8,0.0,17.9,1102.0,4541.46,10.0,2.0,2.5,NR5G-SA,n79,-101,-101,-10,18,-999,8.5
2026-05-28 11:37:27.499,2026-05-28 11:52:13.767,22.6532199,114.5064410,100.0,10.1,-0.01,233.8,0.0,17.9,1102.1,4543.98,10.0,2.0,2.5,NR5G-SA,n79,-101,-101,-10,18,-999,8.5
2026-05-28 11:37:27.699,2026-05-28 11:52:13.967,22.6532199,114.5064410,100.0,10.1,-0.01,233.8,0.7,17.9,1102.1,4543.98,10.0,2.0,2.5,NR5G-SA,n79,-101,-101,-10,18,-999,9.6
2026-05-28 11:37:27.900,2026-05-28 11:52:14.167,22.6532067,114.5064211,100.0,10.0,0.01,233.8,0.7,17.9,1102.1,4546.49,10.0,2.0,2.5,NR5G-SA,n79,-95,-95,-10,17,-999,10.1
2026-05-28 11:37:28.100,2026-05-28 11:52:14.567,22.6531935,114.5064012,100.0,10.0,0.04,233.9,0.7,17.9,1102.2,4549.01,10.0,2.0,2.5,NR5G-SA,n79,-95,-95,-10,17,-999,8.3
2026-05-28 11:37:28.301,2026-05-28 11:52:14.767,22.6531804,114.5063814,100.0,10.0,0.02,234.0,0.7,16.9,1102.2,4551.51,10.0,2.0,2.5,NR5G-SA,n79,-95,-95,-10,17,-999,7.3
2026-05-28 11:37:28.501,2026-05-28 11:52:14.767,22.6531672,114.5063616,100.0,10.0,-0.00,234.0,0.7,16.9,1102.3,4554.02,10.0,2.0,2.5,NR5G-SA,n79,-93,-93,-10,17,-999,10.7
2026-05-28 11:37:28.701,2026-05-28 11:52:14.967,22.6531672,114.5063616,100.0,10.0,-0.00,234.0,0.0,16.9,1102.3,4554.02,10.0,2.0,2.5,NR5G-SA,n79,-93,-93,-10,17,-999,10.1
2026-05-28 11:37:28.902,2026-05-28 11:52:15.167,22.6531540,114.5063418,100.0,10.0,-0.01,234.0,0.0,16.9,1102.4,4556.53,10.0,2.0,2.5,NR5G-SA,n79,-100,-100,-10,19,-999,8.3
2026-05-28 11:37:29.102,2026-05-28 11:52:15.567,22.6531408,114.5063221,100.0,9.9,-0.02,234.0,0.0,16.9,1102.5,4559.03,10.0,2.0,2.5,NR5G-SA,n79,-100,-100,-10,19,-999,6.6
2026-05-28 11:37:29.302,2026-05-28 11:52:15.767,22.6531277,114.5063025,100.0,10.0,-0.09,233.9,0.0,17.1,1102.6,4561.52,10.0,2.0,2.5,NR5G-SA,n79,-100,-100,-10,19,-999,7.0
2026-05-28 11:37:29.503,2026-05-28 11:52:15.767,22.6531146,114.5062828,100.0,9.9,-0.06,233.9,0.0,17.1,1102.7,4564.02,10.0,2.0,2.5,NR5G-SA,n79,-95,-95,-10,19,-999,8.3
2026-05-28 11:37:29.703,2026-05-28 11:52:15.967,22.6531146,114.5062828,100.0,9.9,-0.06,233.9,12.8,17.1,1102.7,4564.02,10.0,2.0,2.5,NR5G-SA,n79,-95,-95,-10,19,-999,9.7
2026-05-28 11:37:29.903,2026-05-28 11:52:16.167,22.6531015,114.5062630,100.0,10.0,-0.05,234.0,12.8,17.1,1102.7,4566.52,10.0,2.0,2.5,NR5G-SA,n79,-95,-95,-10,19,-999,8.2
2026-05-28 11:37:30.104,2026-05-28 11:52:16.567,22.6530884,114.5062432,100.0,10.0,-0.06,234.0,12.8,17.1,1102.8,4569.02,10.0,2.0,2.5,NR5G-SA,n79,-95,-95,-10,18,-999,7.5
2026-05-28 11:37:30.304,2026-05-28 11:52:16.767,22.6530753,114.5062234,100.0,9.9,0.00,234.2,12.8,17.1,1102.9,4571.52,10.0,2.0,2.5,NR5G-SA,n79,-95,-95,-10,18,-999,7.1
2026-05-28 11:37:30.504,2026-05-28 11:52:16.767,22.6530623,114.5062038,100.0,10.0,0.02,234.4,12.8,17.1,1103.0,4574.00,10.0,2.0,2.5,NR5G-SA,n79,-95,-95,-10,18,-999,9.5
2026-05-28 11:37:30.705,2026-05-28 11:52:16.967,22.6530623,114.5062038,100.0,10.0,0.02,234.4,43.9,17.1,1103.0,4574.00,10.0,2.0,2.5,NR5G-SA,n79,-97,-97,-10,18,-999,9.6
2026-05-28 11:37:30.905,2026-05-28 11:52:17.167,22.6530492,114.5061842,100.0,9.9,0.03,234.5,43.9,17.1,1103.2,4576.49,10.0,2.0,2.5,NR5G-SA,n79,-97,-97,-10,18,-999,7.4
2026-05-28 11:37:31.105,2026-05-28 11:52:17.567,22.6530360,114.5061645,100.0,10.0,0.03,234.6,43.9,17.1,1103.3,4578.99,10.0,2.0,2.5,NR5G-SA,n79,-93,-93,-10,18,-999,6.6
2026-05-28 11:37:31.306,2026-05-28 11:52:17.767,22.6530228,114.5061447,100.0,10.0,0.03,234.7,43.9,17.9,1103.4,4581.50,10.0,2.0,2.5,NR5G-SA,n79,-93,-93,-10,18,-999,6.1
2026-05-28 11:37:31.506,2026-05-28 11:52:17.767,22.6530096,114.5061250,100.0,9.9,0.01,234.7,43.9,17.9,1103.6,4584.00,10.0,2.0,2.5,NR5G-SA,n79,-93,-93,-10,18,-999,9.8
2026-05-28 11:37:31.706,2026-05-28 11:52:17.967,22.6530096,114.5061250,100.0,9.9,0.01,234.7,21.3,17.9,1103.6,4584.00,10.0,2.0,2.5,NR5G-SA,n79,-93,-93,-10,20,-999,9.6
2026-05-28 11:37:31.907,2026-05-28 11:52:18.167,22.6529964,114.5061053,100.0,10.0,0.01,234.7,21.3,17.9,1103.7,4586.50,10.0,2.0,2.5,NR5G-SA,n79,-93,-93,-10,20,-999,5.5
2026-05-28 11:37:32.107,2026-05-28 11:52:18.567,22.6529833,114.5060857,100.0,10.0,0.03,234.7,21.3,17.9,1103.9,4588.99,10.0,2.0,2.5,NR5G-SA,n79,-93,-93,-10,20,-999,7.7
2026-05-28 11:37:32.307,2026-05-28 11:52:18.767,22.6529702,114.5060660,100.0,9.9,0.02,234.8,21.3,17.6,1104.0,4591.48,10.0,2.0,2.5,NR5G-SA,n79,-93,-93,-10,19,-999,6.7
2026-05-28 11:37:32.508,2026-05-28 11:52:18.767,22.6529572,114.5060461,100.0,10.0,0.03,235.2,21.3,17.6,1104.2,4593.99,10.0,2.0,2.5,NR5G-SA,n79,-93,-93,-10,19,-999,8.7
2026-05-28 11:37:32.708,2026-05-28 11:52:18.967,22.6529572,114.5060461,100.0,10.0,0.03,235.2,39.1,17.6,1104.2,4593.99,10.0,2.0,2.5,NR5G-SA,n79,-93,-93,-10,19,-999,12.8
2026-05-28 11:37:32.909,2026-05-28 11:52:19.167,22.6529443,114.5060262,100.0,10.0,-0.07,235.4,39.1,17.6,1104.3,4596.49,10.0,2.0,2.5,NR5G-SA,n79,-94,-94,-10,19,-999,8.5
2026-05-28 11:37:33.109,2026-05-28 11:52:19.567,22.6529312,114.5060065,100.0,9.9,0.03,235.3,39.1,17.6,1104.5,4598.98,10.0,2.0,2.5,NR5G-SA,n79,-94,-94,-10,19,-999,5.5
2026-05-28 11:37:33.309,2026-05-28 11:52:19.767,22.6529181,114.5059868,100.0,10.0,0.02,235.2,39.1,18.9,1104.6,4601.47,10.0,2.0,2.5,NR5G-SA,n79,-94,-94,-10,19,-999,8.8
2026-05-28 11:37:33.510,2026-05-28 11:52:19.767,22.6529048,114.5059669,100.0,10.0,0.00,235.2,39.1,18.9,1104.8,4604.00,10.0,2.0,2.5,NR5G-SA,n79,-94,-94,-10,17,-999,6.4
2026-05-28 11:37:33.710,2026-05-28 11:52:19.967,22.6529048,114.5059669,100.0,10.0,0.00,235.2,30.0,18.9,1104.8,4604.00,10.0,2.0,2.5,NR5G-SA,n79,-94,-94,-10,17,-999,9.4
2026-05-28 11:37:33.910,2026-05-28 11:52:20.167,22.6528917,114.5059472,100.0,10.0,-0.03,235.1,30.0,18.9,1105.0,4606.49,10.0,2.0,2.5,NR5G-SA,n79,-94,-94,-10,18,-999,8.5
2026-05-28 11:37:34.111,2026-05-28 11:52:20.567,22.6528785,114.5059276,100.0,9.9,-0.01,235.0,30.0,18.9,1105.2,4608.99,10.0,2.0,2.5,NR5G-SA,n79,-94,-94,-10,18,-999,8.4
2026-05-28 11:37:34.311,2026-05-28 11:52:20.767,22.6528653,114.5059079,100.0,9.9,-0.04,234.9,30.0,18.9,1105.4,4611.49,10.0,2.0,2.5,NR5G-SA,n79,-94,-94,-10,18,-999,4.8
2026-05-28 11:37:34.511,2026-05-28 11:52:20.767,22.6528522,114.5058881,100.0,10.0,0.00,235.0,30.0,18.9,1105.6,4613.99,10.0,2.0,2.5,NR5G-SA,n79,-94,-94,-10,17,-999,9.0
2026-05-28 11:37:34.712,2026-05-28 11:52:20.967,22.6528522,114.5058881,100.0,10.0,0.00,235.0,33.5,18.9,1105.6,4613.99,10.0,2.0,2.5,NR5G-SA,n79,-94,-94,-10,17,-999,13.2
2026-05-28 11:37:34.912,2026-05-28 11:52:21.167,22.6528390,114.5058683,100.0,10.0,-0.03,235.1,33.5,18.9,1105.8,4616.50,10.0,2.0,2.5,NR5G-SA,n79,-94,-94,-10,17,-999,8.2
2026-05-28 11:37:35.112,2026-05-28 11:52:21.567,22.6528259,114.5058485,100.0,10.0,-0.03,235.0,33.5,18.9,1106.1,4619.00,10.0,2.0,2.5,NR5G-SA,n79,-94,-94,-10,18,-999,8.5
2026-05-28 11:37:35.312,2026-05-28 11:52:21.767,22.6528127,114.5058288,100.0,10.0,-0.00,234.9,33.5,18.9,1106.3,4621.50,10.0,2.0,2.5,NR5G-SA,n79,-94,-94,-10,18,-999,5.2
2026-05-28 11:37:35.513,2026-05-28 11:52:21.767,22.6527995,114.5058090,100.0,10.0,-0.01,234.8,33.5,18.9,1106.5,4624.01,10.0,2.0,2.5,NR5G-SA,n79,-94,-94,-10,18,-999,8.6
2026-05-28 11:37:35.713,2026-05-28 11:52:21.967,22.6527995,114.5058090,100.0,10.0,-0.01,234.8,33.5,18.9,1106.5,4624.01,10.0,2.0,2.5,NR5G-SA,n79,-94,-94,-10,20,-999,15.0
2026-05-28 11:37:35.913,2026-05-28 11:52:22.167,22.6527864,114.5057894,100.0,10.0,0.01,234.8,36.2,18.9,1106.7,4626.50,10.0,2.0,2.5,NR5G-SA,n79,-94,-94,-10,20,-999,8.2
2026-05-28 11:37:36.114,2026-05-28 11:52:22.567,22.6527733,114.5057698,100.0,9.9,-0.05,234.8,36.2,18.9,1107.0,4628.98,10.0,2.0,2.5,NR5G-SA,n79,-94,-94,-10,20,-999,6.2
2026-05-28 11:37:36.314,2026-05-28 11:52:22.767,22.6527602,114.5057501,100.0,9.9,0.00,235.0,36.2,18.9,1107.2,4631.48,10.0,2.0,2.5,NR5G-SA,n79,-94,-94,-10,20,-999,6.2
2026-05-28 11:37:36.514,2026-05-28 11:52:22.767,22.6527472,114.5057304,100.0,10.0,0.02,234.9,36.2,19.8,1107.5,4633.97,10.0,2.0,2.5,NR5G-SA,n79,-94,-94,-10,20,-999,6.5
2026-05-28 11:37:36.715,2026-05-28 11:52:22.967,22.6527472,114.5057304,100.0,10.0,0.02,234.9,36.2,19.8,1107.5,4633.97,10.0,2.0,2.5,NR5G-SA,n79,-94,-94,-10,20,-999,16.0
2026-05-28 11:37:36.915,2026-05-28 11:52:23.167,22.6527341,114.5057107,100.0,10.0,0.01,234.8,26.2,19.8,1107.7,4636.46,10.0,2.0,2.5,NR5G-SA,n79,-94,-94,-10,20,-999,6.9
2026-05-28 11:37:37.116,2026-05-28 11:52:23.567,22.6527209,114.5056910,100.0,10.0,-0.05,234.6,26.2,19.8,1108.0,4638.96,10.0,2.0,2.5,NR5G-SA,n79,-94,-94,-10,20,-999,6.3
2026-05-28 11:37:37.316,2026-05-28 11:52:23.767,22.6527078,114.5056713,100.0,10.0,-0.02,234.6,26.2,19.8,1108.3,4641.46,10.0,2.0,2.5,NR5G-SA,n79,-96,-96,-10,18,-999,6.9
2026-05-28 11:37:37.516,2026-05-28 11:52:23.767,22.6526948,114.5056515,100.0,10.0,-0.02,234.6,26.2,21.5,1108.5,4643.95,10.0,2.0,2.5,NR5G-SA,n79,-96,-96,-10,18,-999,7.3
2026-05-28 11:37:37.717,2026-05-28 11:52:23.967,22.6526948,114.5056515,100.0,10.0,-0.02,234.6,26.2,21.5,1108.5,4643.95,10.0,2.0,2.5,NR5G-SA,n79,-96,-96,-10,18,-999,11.4
2026-05-28 11:37:37.917,2026-05-28 11:52:24.167,22.6526817,114.5056315,100.0,10.0,0.08,234.8,41.9,21.5,1108.8,4646.47,10.0,2.0,2.5,NR5G-SA,n79,-94,-94,-10,18,-999,10.8
2026-05-28 11:37:38.117,2026-05-28 11:52:24.567,22.6526685,114.5056116,100.0,10.1,-0.01,234.8,41.9,21.5,1109.0,4648.99,10.0,2.0,2.5,NR5G-SA,n79,-94,-94,-10,18,-999,8.1
2026-05-28 11:37:38.318,2026-05-28 11:52:24.767,22.6526554,114.5055918,100.0,10.0,0.04,234.9,41.9,21.5,1109.3,4651.49,10.0,2.0,2.5,NR5G-SA,n79,-94,-94,-10,18,-999,7.0
2026-05-28 11:37:38.518,2026-05-28 11:52:24.767,22.6526422,114.5055720,100.0,10.0,-0.02,234.9,41.9,21.3,1109.6,4654.00,10.0,2.0,2.5,NR5G-SA,n79,-94,-94,-10,18,-999,9.0
2026-05-28 11:37:38.719,2026-05-28 11:52:24.967,22.6526422,114.5055720,100.0,10.0,-0.02,234.9,41.9,21.3,1109.6,4654.00,10.0,2.0,2.5,NR5G-SA,n79,-94,-94,-10,18,-999,16.1
2026-05-28 11:37:38.919,2026-05-28 11:52:25.167,22.6526291,114.5055523,100.0,10.1,-0.06,235.0,17.3,21.3,1109.9,4656.50,10.0,2.0,2.5,NR5G-SA,n79,-97,-97,-10,17,-999,10.3
2026-05-28 11:37:39.119,2026-05-28 11:52:25.567,22.6526161,114.5055326,100.0,10.0,0.04,235.0,17.3,21.3,1110.2,4658.98,10.0,2.0,2.5,NR5G-SA,n79,-97,-97,-10,17,-999,7.5
2026-05-28 11:37:39.320,2026-05-28 11:52:25.767,22.6526029,114.5055128,99.9,10.0,0.05,235.0,17.3,21.3,1110.5,4661.49,10.0,2.0,2.5,NR5G-SA,n79,-97,-97,-10,17,-999,4.9
2026-05-28 11:37:39.520,2026-05-28 11:52:25.767,22.6525897,114.5054931,99.9,10.1,-0.00,235.0,17.3,22.3,1110.9,4664.00,10.0,2.0,2.5,NR5G-SA,n79,-97,-97,-10,18,-999,7.7
2026-05-28 11:37:39.720,2026-05-28 11:52:25.967,22.6525897,114.5054931,99.9,10.1,-0.00,235.0,17.3,22.3,1110.9,4664.00,10.0,2.0,2.5,NR5G-SA,n79,-97,-97,-10,18,-999,15.8
2026-05-28 11:37:39.921,2026-05-28 11:52:26.167,22.6525765,114.5054734,99.9,10.1,0.04,235.0,0.0,22.3,1111.2,4666.50,10.0,2.0,2.5,NR5G-SA,n79,-97,-97,-10,18,-999,10.4
2026-05-28 11:37:40.121,2026-05-28 11:52:26.567,22.6525633,114.5054536,99.9,10.1,0.06,235.0,0.0,22.3,1111.5,4669.01,10.0,2.0,2.5,NR5G-SA,n79,-96,-96,-10,20,-999,7.7
2026-05-28 11:37:40.321,2026-05-28 11:52:26.767,22.6525502,114.5054339,99.9,10.0,0.07,235.0,0.0,22.3,1111.8,4671.50,10.0,2.0,2.5,NR5G-SA,n79,-96,-96,-10,20,-999,6.0
2026-05-28 11:37:40.522,2026-05-28 11:52:26.767,22.6525370,114.5054141,99.9,10.0,0.09,235.0,0.0,25.3,1112.2,4674.01,10.0,2.0,2.5,NR5G-SA,n79,-95,-95,-10,20,-999,9.9
2026-05-28 11:37:40.722,2026-05-28 11:52:26.967,22.6525370,114.5054141,99.9,10.0,0.09,235.0,0.0,25.3,1112.2,4674.01,10.0,2.0,2.5,NR5G-SA,n79,-95,-95,-10,20,-999,15.3
2026-05-28 11:37:40.922,2026-05-28 11:52:27.167,22.6525238,114.5053944,99.9,10.0,0.04,234.8,6.6,25.3,1112.5,4676.51,10.0,2.0,2.5,NR5G-SA,n79,-95,-95,-10,20,-999,9.1
2026-05-28 11:37:41.123,2026-05-28 11:52:27.567,22.6525106,114.5053746,99.9,10.0,0.06,234.8,6.6,25.3,1112.9,4679.02,10.0,2.0,2.5,NR5G-SA,n79,-93,-93,-10,19,-999,6.3
2026-05-28 11:37:41.323,2026-05-28 11:52:27.767,22.6524975,114.5053549,99.9,10.1,0.07,234.9,6.6,25.3,1113.2,4681.51,10.0,2.0,2.5,NR5G-SA,n79,-93,-93,-10,19,-999,6.2
2026-05-28 11:37:41.523,2026-05-28 11:52:27.767,22.6524844,114.5053352,100.0,10.0,0.10,234.9,6.6,24.8,1113.6,4684.01,10.0,2.0,2.5,NR5G-SA,n79,-93,-93,-10,19,-999,9.8
2026-05-28 11:37:41.724,2026-05-28 11:52:27.967,22.6524844,114.5053352,100.0,10.0,0.10,234.9,6.6,24.8,1113.6,4684.01,10.0,2.0,2.5,NR5G-SA,n79,-94,-94,-10,19,-999,8.6
2026-05-28 11:37:41.924,2026-05-28 11:52:28.167,22.6524713,114.5053154,100.0,10.0,0.06,234.9,0.0,24.8,1114.0,4686.51,10.0,2.0,2.5,NR5G-SA,n79,-94,-94,-10,19,-999,7.3
2026-05-28 11:37:42.125,2026-05-28 11:52:28.567,22.6524581,114.5052957,100.0,10.0,0.05,234.9,0.0,24.8,1114.3,4689.01,10.0,2.0,2.5,NR5G-SA,n79,-94,-94,-10,19,-999,6.5
2026-05-28 11:37:42.325,2026-05-28 11:52:28.767,22.6524450,114.5052760,100.0,10.0,0.02,234.8,0.0,24.8,1114.7,4691.51,10.0,2.0,2.5,NR5G-SA,n79,-91,-91,-11,19,-999,6.4
2026-05-28 11:37:42.525,2026-05-28 11:52:28.767,22.6524319,114.5052561,100.0,10.0,-0.01,234.9,0.0,24.8,1115.1,4694.02,10.0,2.0,2.5,NR5G-SA,n79,-91,-91,-11,19,-999,8.0
2026-05-28 11:37:42.726,2026-05-28 11:52:28.967,22.6524319,114.5052561,100.0,10.0,-0.01,234.9,0.0,23.9,1115.1,4694.02,10.0,2.0,2.5,NR5G-SA,n79,-92,-92,-10,18,-999,17.4
2026-05-28 11:37:42.926,2026-05-28 11:52:29.167,22.6524187,114.5052363,100.0,10.0,-0.00,235.0,4.5,23.9,1115.5,4696.53,10.0,2.0,2.5,NR5G-SA,n79,-92,-92,-10,18,-999,10.0
2026-05-28 11:37:43.127,2026-05-28 11:52:29.567,22.6524056,114.5052165,100.0,10.0,0.01,235.1,4.5,23.9,1115.9,4699.03,10.0,2.0,2.5,NR5G-SA,n79,-92,-92,-10,18,-999,7.0
2026-05-28 11:37:43.327,2026-05-28 11:52:29.767,22.6523924,114.5051966,100.0,10.0,-0.03,235.1,4.5,23.9,1116.3,4701.55,10.0,2.0,2.5,NR5G-SA,n79,-90,-90,-10,18,-999,6.7
2026-05-28 11:37:43.527,2026-05-28 11:52:29.767,22.6523792,114.5051768,100.0,10.0,0.05,235.0,4.5,23.9,1116.7,4704.06,10.0,2.0,2.5,NR5G-SA,n79,-90,-90,-10,18,-999,7.9
2026-05-28 11:37:43.728,2026-05-28 11:52:29.967,22.6523660,114.5051570,100.0,10.0,0.05,234.8,4.5,24.3,1117.1,4706.57,10.0,2.0,2.5,NR5G-SA,n79,-90,-90,-10,18,-999,13.6
2026-05-28 11:37:43.928,2026-05-28 11:52:30.167,22.6523660,114.5051570,100.0,10.0,-0.02,234.8,0.0,24.3,1117.1,4706.57,10.0,2.0,2.5,NR5G-SA,n79,-94,-94,-10,19,-999,9.4
2026-05-28 11:37:44.128,2026-05-28 11:52:30.567,22.6523529,114.5051373,100.0,10.0,0.06,234.6,0.0,24.3,1117.5,4709.06,10.0,2.0,2.5,NR5G-SA,n79,-94,-94,-10,19,-999,6.9
2026-05-28 11:37:44.329,2026-05-28 11:52:30.767,22.6523396,114.5051175,100.0,10.0,0.03,234.4,0.0,24.3,1117.9,4711.58,10.0,2.0,2.5,NR5G-SA,n79,-94,-94,-10,19,-999,6.0
2026-05-28 11:37:44.529,2026-05-28 11:52:30.767,22.6523264,114.5050977,100.0,10.0,0.07,234.5,0.0,24.3,1118.3,4714.09,10.0,2.0,2.5,NR5G-SA,n79,-94,-94,-10,19,-999,8.1
2026-05-28 11:37:44.730,2026-05-28 11:52:30.967,22.6523264,114.5050977,100.0,10.0,0.07,234.5,0.0,25.2,1118.3,4714.09,10.0,2.0,2.5,NR5G-SA,n79,-94,-94,-10,19,-999,15.2
2026-05-28 11:37:44.930,2026-05-28 11:52:31.167,22.6523132,114.5050778,100.0,9.9,0.00,234.4,16.1,25.2,1118.8,4716.60,10.0,2.0,2.5,NR5G-SA,n79,-95,-95,-10,20,-999,9.5
2026-05-28 11:37:45.130,2026-05-28 11:52:31.567,22.6523001,114.5050581,100.0,9.9,0.03,234.3,16.1,25.2,1119.2,4719.10,10.0,2.0,2.5,NR5G-SA,n79,-95,-95,-10,20,-999,4.1
2026-05-28 11:37:45.331,2026-05-28 11:52:31.767,22.6522869,114.5050385,100.0,9.9,0.11,234.0,16.1,25.2,1119.7,4721.59,10.0,2.0,2.5,NR5G-SA,n79,-95,-95,-10,20,-999,5.6
2026-05-28 11:37:45.531,2026-05-28 11:52:31.767,22.6522737,114.5050189,100.0,10.0,0.03,233.7,16.1,25.2,1120.1,4724.08,10.0,2.0,2.5,NR5G-SA,n79,-95,-95,-10,20,-999,9.3
2026-05-28 11:37:45.732,2026-05-28 11:52:31.967,22.6522606,114.5049993,100.0,9.9,-0.00,233.4,16.1,23.2,1120.6,4726.57,10.0,2.0,2.5,NR5G-SA,n79,-94,-94,-10,21,-999,12.4
2026-05-28 11:37:45.932,2026-05-28 11:52:32.167,22.6522606,114.5049993,100.0,9.9,-0.00,233.4,42.1,23.2,1120.6,4726.57,10.0,2.0,2.5,NR5G-SA,n79,-94,-94,-10,21,-999,8.9
2026-05-28 11:37:46.132,2026-05-28 11:52:32.567,22.6522474,114.5049796,100.0,10.0,0.00,233.4,42.1,23.2,1121.0,4729.07,10.0,2.0,2.5,NR5G-SA,n79,-93,-93,-10,21,-999,7.4
2026-05-28 11:37:46.333,2026-05-28 11:52:32.767,22.6522344,114.5049598,100.0,10.0,-0.10,233.5,42.1,23.2,1121.5,4731.57,10.0,2.0,2.5,NR5G-SA,n79,-93,-93,-10,21,-999,6.5
2026-05-28 11:37:46.533,2026-05-28 11:52:32.967,22.6522214,114.5049400,100.0,10.0,-0.05,233.4,42.1,23.2,1121.9,4734.06,10.0,2.0,2.5,NR5G-SA,n79,-93,-93,-10,21,-999,9.0
2026-05-28 11:37:46.733,2026-05-28 11:52:32.967,22.6522083,114.5049202,100.0,10.0,-0.05,233.6,42.1,23.2,1122.4,4736.57,10.0,2.0,2.5,NR5G-SA,n79,-91,-91,-10,21,-999,13.8
2026-05-28 11:37:46.934,2026-05-28 11:52:33.167,22.6522083,114.5049202,100.0,10.0,-0.02,233.6,25.0,23.2,1122.4,4736.57,10.0,2.0,2.5,NR5G-SA,n79,-91,-91,-10,21,-999,6.9
2026-05-28 11:37:47.134,2026-05-28 11:52:33.567,22.6521952,114.5049004,100.0,10.0,-0.02,233.8,25.0,23.2,1122.9,4739.07,10.0,2.0,2.5,NR5G-SA,n79,-94,-94,-10,21,-999,8.0
2026-05-28 11:37:47.335,2026-05-28 11:52:33.767,22.6521822,114.5048806,100.0,9.9,0.12,233.8,25.0,23.2,1123.4,4741.57,10.0,2.0,2.5,NR5G-SA,n79,-94,-94,-10,21,-999,6.2
2026-05-28 11:37:47.535,2026-05-28 11:52:33.967,22.6521691,114.5048610,100.1,9.8,0.16,233.3,25.0,23.2,1123.8,4744.05,10.0,2.0,2.5,NR5G-SA,n79,-94,-94,-10,21,-999,4.8
2026-05-28 11:37:47.735,2026-05-28 11:52:33.967,22.6521563,114.5048419,100.1,9.6,0.13,232.6,25.0,22.6,1124.3,4746.48,10.0,2.0,2.5,NR5G-SA,n79,-94,-94,-10,22,-999,11.6
2026-05-28 11:37:47.936,2026-05-28 11:52:34.167,22.6521563,114.5048419,100.1,9.6,0.13,232.6,37.1,22.6,1124.3,4746.48,10.0,2.0,2.5,NR5G-SA,n79,-94,-94,-10,22,-999,8.7
2026-05-28 11:37:48.136,2026-05-28 11:52:34.567,22.6521439,114.5048234,100.2,9.3,0.06,232.2,37.1,22.6,1124.8,4748.83,10.0,2.0,2.5,NR5G-SA,n79,-94,-94,-10,22,-999,8.8
2026-05-28 11:37:48.337,2026-05-28 11:52:34.767,22.6521319,114.5048054,100.2,9.0,-0.02,232.0,37.1,22.6,1125.3,4751.11,10.0,2.0,2.5,NR5G-SA,n79,-96,-96,-10,21,-999,6.2
2026-05-28 11:37:48.537,2026-05-28 11:52:34.967,22.6521206,114.5047880,100.2,8.6,-0.07,232.1,37.1,22.6,1125.7,4753.29,10.0,2.0,2.5,NR5G-SA,n79,-96,-96,-10,21,-999,5.6
2026-05-28 11:37:48.737,2026-05-28 11:52:34.967,22.6521098,114.5047715,100.2,8.2,-0.08,232.1,37.1,21.9,1126.1,4755.37,10.0,2.0,2.5,NR5G-SA,n79,-96,-96,-10,21,-999,11.2
2026-05-28 11:37:48.938,2026-05-28 11:52:35.167,22.6521098,114.5047715,100.2,8.2,-0.08,232.1,48.0,21.9,1126.1,4755.37,10.0,2.0,2.5,NR5G-SA,n79,-100,-100,-10,23,-999,11.3
2026-05-28 11:37:49.138,2026-05-28 11:52:35.567,22.6520997,114.5047561,100.2,7.7,-0.06,232.4,48.0,21.9,1126.5,4757.31,10.0,2.0,2.5,NR5G-SA,n79,-100,-100,-10,23,-999,8.0
2026-05-28 11:37:49.339,2026-05-28 11:52:35.767,22.6520902,114.5047418,100.1,7.0,-0.10,232.6,48.0,21.9,1126.9,4759.12,10.0,2.0,2.5,NR5G-SA,n79,-100,-100,-10,23,-999,7.4
2026-05-28 11:37:49.539,2026-05-28 11:52:35.967,22.6520816,114.5047287,100.1,6.5,-0.16,232.5,48.0,21.9,1127.2,4760.77,10.0,2.0,2.5,NR5G-SA,n79,-92,-92,-10,22,-999,6.8
2026-05-28 11:37:49.739,2026-05-28 11:52:35.967,22.6520738,114.5047169,100.1,6.5,-0.16,232.6,48.0,22.5,1127.5,4762.26,10.0,2.0,2.5,NR5G-SA,n79,-92,-92,-10,22,-999,13.4
2026-05-28 11:37:49.939,2026-05-28 11:52:36.167,22.6520738,114.5047169,100.1,5.8,-0.13,232.6,32.2,22.5,1127.5,4762.26,10.0,2.0,2.5,NR5G-SA,n79,-94,-94,-10,19,-999,8.9
2026-05-28 11:37:50.140,2026-05-28 11:52:36.567,22.6520669,114.5047063,100.1,5.2,-0.18,232.8,32.2,22.5,1127.8,4763.60,10.0,2.0,2.5,NR5G-SA,n79,-94,-94,-10,19,-999,6.2
2026-05-28 11:37:50.340,2026-05-28 11:52:36.767,22.6520607,114.5046968,100.1,4.6,-0.22,232.7,32.2,22.5,1128.0,4764.79,10.0,2.0,2.5,NR5G-SA,n79,-94,-94,-10,19,-999,5.5
2026-05-28 11:37:50.541,2026-05-28 11:52:36.767,22.6520554,114.5046885,100.0,4.0,-0.13,232.3,32.2,22.5,1128.2,4765.83,10.0,2.0,2.5,NR5G-SA,n79,-94,-94,-10,21,-999,6.0
2026-05-28 11:37:50.741,2026-05-28 11:52:36.967,22.6520508,114.5046814,100.0,3.4,-0.12,231.8,32.2,22.5,1128.4,4766.72,10.0,2.0,2.5,NR5G-SA,n79,-94,-94,-10,21,-999,7.6
2026-05-28 11:37:50.941,2026-05-28 11:52:37.167,22.6520508,114.5046814,100.0,3.4,-0.12,231.8,37.9,21.9,1128.4,4766.72,10.0,2.0,2.5,NR5G-SA,n79,-94,-94,-10,21,-999,6.8
2026-05-28 11:37:51.142,2026-05-28 11:52:37.567,22.6520468,114.5046754,100.0,2.8,-0.08,231.4,37.9,21.9,1128.6,4767.48,10.0,2.0,2.5,NR5G-SA,n79,-97,-97,-10,22,-999,4.6
2026-05-28 11:37:51.342,2026-05-28 11:52:37.767,22.6520435,114.5046707,100.0,2.3,-0.07,231.4,37.9,21.9,1128.7,4768.09,10.0,2.0,2.5,NR5G-SA,n79,-97,-97,-10,22,-999,5.4
2026-05-28 11:37:51.542,2026-05-28 11:52:37.967,22.6520408,114.5046669,100.0,1.8,-0.07,231.5,37.9,21.9,1128.9,4768.58,10.0,2.0,2.5,NR5G-SA,n79,-97,-97,-10,22,-999,7.2
2026-05-28 11:37:51.743,2026-05-28 11:52:37.967,22.6520386,114.5046639,100.0,1.4,-0.07,231.8,37.9,21.9,1129.0,4768.97,10.0,2.0,2.5,NR5G-SA,n79,-97,-97,-10,22,-999,10.8
2026-05-28 11:37:51.943,2026-05-28 11:52:38.167,22.6520386,114.5046639,100.0,1.4,-0.07,231.8,23.8,22.2,1129.0,4768.97,10.0,2.0,2.5,NR5G-SA,n79,-97,-97,-10,22,-999,7.3
2026-05-28 11:37:52.143,2026-05-28 11:52:38.567,22.6520369,114.5046615,100.0,1.1,-0.07,232.2,23.8,22.2,1129.0,4769.29,10.0,2.0,2.5,NR5G-SA,n79,-97,-97,-10,22,-999,7.9
2026-05-28 11:37:52.344,2026-05-28 11:52:38.767,22.6520357,114.5046597,100.0,0.7,-0.11,232.4,23.8,22.2,1129.1,4769.51,10.0,2.0,2.5,NR5G-SA,n79,-97,-97,-10,22,-999,5.6
2026-05-28 11:37:52.544,2026-05-28 11:52:38.967,22.6520347,114.5046584,100.0,0.4,-0.03,232.8,23.8,22.2,1129.1,4769.69,10.0,2.0,2.5,NR5G-SA,n79,-97,-97,-10,22,-999,6.0
2026-05-28 11:37:52.745,2026-05-28 11:52:38.967,22.6520341,114.5046575,100.0,0.2,-0.02,233.1,23.8,22.2,1129.2,4769.80,10.0,2.0,2.5,NR5G-SA,n79,-97,-97,-10,21,-999,10.0
2026-05-28 11:37:52.945,2026-05-28 11:52:39.167,22.6520341,114.5046575,100.0,0.2,-0.02,233.1,43.0,22.0,1129.2,4769.80,10.0,2.0,2.5,NR5G-SA,n79,-97,-97,-10,21,-999,9.5
2026-05-28 11:37:53.145,2026-05-28 11:52:39.567,22.6520337,114.5046570,100.1,0.0,-0.06,233.3,43.0,22.0,1129.2,4769.87,10.0,2.0,2.5,NR5G-SA,n79,-97,-97,-10,21,-999,6.6
2026-05-28 11:37:53.346,2026-05-28 11:52:39.767,22.6520335,114.5046566,100.1,0.0,-0.10,233.4,43.0,22.0,1129.2,4769.92,10.0,2.0,2.5,NR5G-SA,n79,-98,-98,-10,22,-999,6.3
2026-05-28 11:37:53.546,2026-05-28 11:52:39.967,22.6520335,114.5046565,100.1,0.1,-0.09,233.6,43.0,22.0,1129.2,4769.93,10.0,2.0,2.5,NR5G-SA,n79,-98,-98,-10,22,-999,4.9
2026-05-28 11:37:53.747,2026-05-28 11:52:39.967,22.6520335,114.5046564,100.0,0.1,-0.06,233.6,43.0,22.0,1129.2,4769.94,10.0,2.0,2.5,NR5G-SA,n79,-98,-98,-10,22,-999,10.2
2026-05-28 11:37:53.947,2026-05-28 11:52:40.167,22.6520335,114.5046564,100.0,0.1,-0.06,233.6,15.1,22.3,1129.2,4769.94,10.0,2.0,2.5,NR5G-SA,n79,-96,-96,-10,22,-999,10.0
2026-05-28 11:37:54.148,2026-05-28 11:52:40.567,22.6520335,114.5046563,100.0,0.1,-0.03,233.7,15.1,22.3,1129.2,4769.95,10.0,2.0,2.5,NR5G-SA,n79,-96,-96,-10,22,-999,5.0
2026-05-28 11:37:54.348,2026-05-28 11:52:40.767,22.6520334,114.5046562,100.1,0.2,0.04,233.9,15.1,22.3,1129.2,4769.96,10.0,2.0,2.5,NR5G-SA,n79,-102,-102,-11,22,-999,6.7
2026-05-28 11:37:54.548,2026-05-28 11:52:40.967,22.6520335,114.5046564,100.1,0.2,0.05,233.9,15.1,22.3,1129.2,4769.99,10.0,2.0,2.5,NR5G-SA,n79,-102,-102,-11,22,-999,5.6
2026-05-28 11:37:54.749,2026-05-28 11:52:40.967,22.6520336,114.5046566,100.1,0.2,0.02,233.8,15.1,22.3,1129.2,4770.01,10.0,2.0,2.5,NR5G-SA,n79,-102,-102,-11,22,-999,7.2
2026-05-28 11:37:54.949,2026-05-28 11:52:41.167,22.6520336,114.5046566,100.1,0.2,0.02,233.8,0.0,20.5,1129.2,4770.01,10.0,2.0,2.5,NR5G-SA,n79,-100,-100,-10,21,-999,11.1
2026-05-28 11:37:55.149,2026-05-28 11:52:41.567,22.6520338,114.5046568,100.1,0.2,-0.03,233.8,0.0,20.5,1129.2,4770.04,10.0,2.0,2.5,NR5G-SA,n79,-100,-100,-10,21,-999,9.4
2026-05-28 11:37:55.349,2026-05-28 11:52:41.767,22.6520340,114.5046568,100.1,0.2,-0.07,233.7,0.0,20.5,1129.1,4770.06,10.0,2.0,2.5,NR5G-SA,n79,-100,-100,-10,21,-999,5.7
2026-05-28 11:37:55.550,2026-05-28 11:52:41.967,22.6520347,114.5046567,100.1,0.4,-0.09,233.7,0.0,20.5,1129.1,4770.14,10.0,2.0,2.5,NR5G-SA,n79,-100,-100,-10,21,-999,7.4
2026-05-28 11:37:55.750,2026-05-28 11:52:41.967,22.6520358,114.5046565,100.1,0.6,-0.05,233.7,0.0,20.5,1128.9,4770.26,10.0,2.0,2.5,NR5G-SA,n79,-100,-100,-10,21,-999,10.3
2026-05-28 11:37:55.950,2026-05-28 11:52:42.167,22.6520358,114.5046565,100.1,0.6,-0.05,233.7,6.5,21.1,1128.9,4770.26,10.0,2.0,2.5,NR5G-SA,n79,-97,-97,-11,21,-999,10.1
2026-05-28 11:37:56.151,2026-05-28 11:52:42.567,22.6520375,114.5046559,100.1,0.9,-0.05,238.8,6.5,21.1,1128.8,4770.46,10.0,2.0,2.5,NR5G-SA,n79,-96,-96,-11,21,-999,7.5
2026-05-28 11:37:56.351,2026-05-28 11:52:42.767,22.6520400,114.5046551,100.1,1.3,0.01,251.7,6.5,21.1,1128.5,4770.75,10.0,2.0,2.5,NR5G-SA,n79,-96,-96,-11,21,-999,4.7
2026-05-28 11:37:56.551,2026-05-28 11:52:42.967,22.6520435,114.5046540,100.1,1.7,-0.04,266.7,6.5,21.1,1128.1,4771.16,10.0,2.0,2.5,NR5G-SA,n79,-96,-96,-10,20,-999,5.1
2026-05-28 11:37:56.752,2026-05-28 11:52:42.967,22.6520479,114.5046524,100.1,2.2,-0.04,282.8,6.5,21.1,1127.5,4771.68,10.0,2.0,2.5,NR5G-SA,n79,-96,-96,-10,20,-999,9.3
2026-05-28 11:37:56.952,2026-05-28 11:52:43.167,22.6520479,114.5046524,100.1,2.2,-0.04,282.8,0.0,19.6,1127.5,4771.68,10.0,2.0,2.5,NR5G-SA,n79,-96,-96,-10,20,-999,8.8
2026-05-28 11:37:57.152,2026-05-28 11:52:43.567,22.6520532,114.5046503,100.1,2.6,-0.05,299.0,0.0,19.6,1126.9,4772.30,10.0,2.0,2.5,NR5G-SA,n79,-99,-99,-10,14,-999,7.1
2026-05-28 11:37:57.352,2026-05-28 11:52:43.767,22.6520595,114.5046475,100.1,3.1,-0.04,315.1,0.0,19.6,1126.2,4773.06,10.0,2.0,2.5,NR5G-SA,n79,-99,-99,-10,14,-999,7.5
2026-05-28 11:37:57.553,2026-05-28 11:52:43.967,22.6520669,114.5046443,100.0,3.6,-0.03,330.7,0.0,19.6,1125.3,4773.95,10.0,2.0,2.5,NR5G-SA,n79,-99,-99,-10,14,-999,5.1
2026-05-28 11:37:57.753,2026-05-28 11:52:43.967,22.6520754,114.5046407,100.0,4.1,-0.04,339.4,0.0,19.6,1124.3,4774.96,10.0,2.0,2.5,NR5G-SA,n79,-95,-95,-10,13,-999,8.8
2026-05-28 11:37:57.953,2026-05-28 11:52:44.167,22.6520754,114.5046407,100.0,4.1,-0.04,339.4,5.2,20.1,1124.3,4774.96,10.0,2.0,2.5,NR5G-SA,n79,-95,-95,-10,13,-999,6.1
2026-05-28 11:37:58.154,2026-05-28 11:52:44.567,22.6520850,114.5046367,100.0,4.7,-0.02,341.5,5.2,20.1,1123.1,4776.11,10.0,2.0,2.5,NR5G-SA,n79,-95,-95,-10,13,-999,6.3
2026-05-28 11:37:58.354,2026-05-28 11:52:44.767,22.6520957,114.5046320,100.0,5.2,-0.02,341.4,5.2,20.1,1121.8,4777.39,10.0,2.0,2.5,NR5G-SA,n79,-98,-98,-10,12,-999,5.8
2026-05-28 11:37:58.554,2026-05-28 11:52:44.967,22.6521071,114.5046267,100.1,5.6,-0.03,340.8,5.2,20.1,1120.4,4778.78,10.0,2.0,2.5,NR5G-SA,n79,-98,-98,-10,12,-999,4.7
2026-05-28 11:37:58.755,2026-05-28 11:52:44.967,22.6521195,114.5046207,100.1,6.2,-0.04,340.1,5.2,20.1,1118.9,4780.29,10.0,2.0,2.5,NR5G-SA,n79,-91,-91,-10,13,-999,9.0
2026-05-28 11:37:58.955,2026-05-28 11:52:45.167,22.6521195,114.5046207,100.1,6.2,-0.04,340.1,0.0,18.8,1118.9,4780.29,10.0,2.0,2.5,NR5G-SA,n79,-91,-91,-10,13,-999,10.3
2026-05-28 11:37:59.155,2026-05-28 11:52:45.567,22.6521328,114.5046142,100.1,6.7,-0.01,339.7,0.0,18.8,1117.3,4781.91,10.0,2.0,2.5,NR5G-SA,n79,-91,-91,-10,13,-999,6.0
2026-05-28 11:37:59.356,2026-05-28 11:52:45.767,22.6521473,114.5046071,100.1,7.3,-0.02,339.5,0.0,18.8,1115.5,4783.68,10.0,2.0,2.5,NR5G-SA,n79,-98,-98,-10,13,-999,5.6
2026-05-28 11:37:59.556,2026-05-28 11:52:45.767,22.6521629,114.5045996,100.1,7.8,0.01,339.3,0.0,18.8,1113.6,4785.58,10.0,2.0,2.5,NR5G-SA,n79,-98,-98,-10,13,-999,7.4
2026-05-28 11:37:59.756,2026-05-28 11:52:45.967,22.6521795,114.5045917,100.1,8.3,-0.02,339.1,0.0,18.8,1111.6,4787.60,10.0,2.0,2.5,NR5G-SA,n79,-98,-98,-10,13,-999,6.4
2026-05-28 11:37:59.957,2026-05-28 11:52:46.167,22.6521795,114.5045917,100.1,8.3,-0.02,339.1,16.8,18.8,1111.6,4787.60,10.0,2.0,2.5,NR5G-SA,n79,-95,-95,-10,13,-999,6.4
2026-05-28 11:38:00.157,2026-05-28 11:52:46.567,22.6521970,114.5045835,100.1,8.7,-0.06,338.9,16.8,19.1,1109.5,4789.72,10.0,2.0,2.5,NR5G-SA,n79,-95,-95,-10,13,-999,6.0
2026-05-28 11:38:00.357,2026-05-28 11:52:46.767,22.6522152,114.5045749,100.1,9.1,-0.04,338.7,16.8,19.1,1107.3,4791.93,10.0,2.0,2.5,NR5G-SA,n79,-95,-95,-10,13,-999,6.0
2026-05-28 11:38:00.558,2026-05-28 11:52:46.967,22.6522342,114.5045659,100.1,9.4,-0.05,338.6,16.8,19.1,1105.0,4794.24,10.0,2.0,2.5,NR5G-SA,n79,-93,-93,-10,13,-999,6.6
2026-05-28 11:38:00.758,2026-05-28 11:52:46.967,22.6522536,114.5045568,100.1,9.6,-0.03,338.8,16.8,19.1,1102.6,4796.60,10.0,2.0,2.5,NR5G-SA,n79,-93,-93,-10,13,-999,9.8
2026-05-28 11:38:00.958,2026-05-28 11:52:47.167,22.6522536,114.5045568,100.1,9.6,-0.03,338.8,41.1,19.1,1102.6,4796.60,10.0,2.0,2.5,NR5G-SA,n79,-93,-93,-10,13,-999,8.9
2026-05-28 11:38:01.159,2026-05-28 11:52:47.567,22.6522734,114.5045476,100.1,9.8,-0.02,339.0,41.1,19.9,1100.2,4798.99,10.0,2.0,2.5,NR5G-SA,n79,-93,-93,-10,13,-999,6.5
2026-05-28 11:38:01.359,2026-05-28 11:52:47.767,22.6522934,114.5045382,100.1,9.9,0.01,339.1,41.1,19.9,1097.8,4801.42,10.0,2.0,2.5,NR5G-SA,n79,-93,-93,-10,13,-999,5.5
2026-05-28 11:38:01.560,2026-05-28 11:52:47.967,22.6523136,114.5045288,100.1,10.0,0.01,339.1,41.1,19.9,1095.4,4803.87,10.0,2.0,2.5,NR5G-SA,n79,-89,-89,-10,15,-999,7.5
2026-05-28 11:38:01.760,2026-05-28 11:52:47.967,22.6523338,114.5045193,100.1,10.0,0.02,339.2,41.1,19.9,1092.9,4806.32,10.0,2.0,2.5,NR5G-SA,n79,-89,-89,-10,15,-999,8.1
2026-05-28 11:38:01.960,2026-05-28 11:52:48.167,22.6523338,114.5045193,100.1,10.0,0.02,339.2,24.3,19.9,1092.9,4806.32,10.0,2.0,2.5,NR5G-SA,n79,-89,-89,-10,15,-999,10.1
2026-05-28 11:38:02.161,2026-05-28 11:52:48.567,22.6523542,114.5045098,100.1,10.0,-0.03,339.2,24.3,20.9,1090.4,4808.79,10.0,2.0,2.5,NR5G-SA,n79,-91,-91,-10,15,-999,7.5
2026-05-28 11:38:02.361,2026-05-28 11:52:48.767,22.6523746,114.5045003,100.1,10.1,-0.01,339.2,24.3,20.9,1088.0,4811.26,10.0,2.0,2.5,NR5G-SA,n79,-91,-91,-10,15,-999,7.2
2026-05-28 11:38:02.561,2026-05-28 11:52:48.967,22.6523952,114.5044907,100.1,10.1,-0.05,339.3,24.3,20.9,1085.5,4813.76,10.0,2.0,2.5,NR5G-SA,n79,-91,-91,-10,15,-999,5.3
2026-05-28 11:38:02.762,2026-05-28 11:52:48.967,22.6524159,114.5044811,100.1,10.1,-0.03,339.2,24.3,20.9,1083.0,4816.26,10.0,2.0,2.5,NR5G-SA,n79,-93,-93,-10,15,-999,9.9
2026-05-28 11:38:02.962,2026-05-28 11:52:49.167,22.6524159,114.5044811,100.1,10.1,-0.03,339.2,38.7,20.9,1083.0,4816.26,10.0,2.0,2.5,NR5G-SA,n79,-93,-93,-10,15,-999,7.9
2026-05-28 11:38:03.163,2026-05-28 11:52:49.567,22.6524367,114.5044714,100.1,10.1,-0.00,339.1,38.7,20.3,1080.4,4818.79,10.0,2.0,2.5,NR5G-SA,n79,-95,-95,-10,20,-999,8.2
2026-05-28 11:38:03.363,2026-05-28 11:52:49.767,22.6524577,114.5044616,100.1,10.2,-0.02,338.9,38.7,20.3,1077.9,4821.33,10.0,2.0,2.5,NR5G-SA,n79,-95,-95,-10,20,-999,7.9
2026-05-28 11:38:03.563,2026-05-28 11:52:49.967,22.6524785,114.5044519,100.1,10.2,-0.04,338.8,38.7,20.3,1075.4,4823.85,10.0,2.0,2.5,NR5G-SA,n79,-95,-95,-10,20,-999,8.9
2026-05-28 11:38:03.763,2026-05-28 11:52:49.967,22.6524994,114.5044422,100.0,10.1,-0.03,338.8,38.7,20.3,1072.8,4826.38,10.0,2.0,2.5,NR5G-SA,n79,-92,-92,-10,19,-999,8.6
2026-05-28 11:38:03.964,2026-05-28 11:52:50.167,22.6524994,114.5044422,100.0,10.1,-0.03,338.8,31.4,20.3,1072.8,4826.38,10.0,2.0,2.5,NR5G-SA,n79,-92,-92,-10,19,-999,9.1
2026-05-28 11:38:04.164,2026-05-28 11:52:50.567,22.6525201,114.5044326,100.0,10.1,-0.03,338.7,31.4,20.5,1070.3,4828.89,10.0,2.0,2.5,NR5G-SA,n79,-92,-92,-10,19,-999,6.0
2026-05-28 11:38:04.364,2026-05-28 11:52:50.767,22.6525409,114.5044230,100.0,10.1,0.01,338.8,31.4,20.5,1067.8,4831.41,10.0,2.0,2.5,NR5G-SA,n79,-93,-93,-10,19,-999,6.9
2026-05-28 11:38:04.565,2026-05-28 11:52:50.967,22.6525617,114.5044133,100.0,10.0,0.02,338.7,31.4,20.5,1065.3,4833.93,10.0,2.0,2.5,NR5G-SA,n79,-93,-93,-10,19,-999,6.4
2026-05-28 11:38:04.765,2026-05-28 11:52:50.967,22.6525824,114.5044036,100.0,10.0,0.05,338.7,31.4,20.5,1062.8,4836.44,10.0,2.0,2.5,NR5G-SA,n79,-93,-93,-10,19,-999,12.0
2026-05-28 11:38:04.966,2026-05-28 11:52:51.167,22.6525824,114.5044036,100.0,10.0,0.05,338.7,31.0,20.5,1062.8,4836.44,10.0,2.0,2.5,NR5G-SA,n79,-93,-93,-10,21,-999,10.2
2026-05-28 11:38:05.166,2026-05-28 11:52:51.567,22.6526032,114.5043939,100.0,10.0,0.07,338.6,31.0,19.3,1060.3,4838.96,10.0,2.0,2.5,NR5G-SA,n79,-93,-93,-10,21,-999,6.8
2026-05-28 11:38:05.366,2026-05-28 11:52:51.767,22.6526239,114.5043843,100.0,10.0,0.04,338.6,31.0,19.3,1057.8,4841.46,10.0,2.0,2.5,NR5G-SA,n79,-93,-93,-10,20,-999,7.5
2026-05-28 11:38:05.567,2026-05-28 11:52:51.967,22.6526446,114.5043746,100.0,10.0,-0.02,338.7,31.0,19.3,1055.3,4843.98,10.0,2.0,2.5,NR5G-SA,n79,-93,-93,-10,20,-999,5.8
2026-05-28 11:38:05.767,2026-05-28 11:52:51.967,22.6526654,114.5043649,100.0,10.0,-0.01,338.6,31.0,19.3,1052.7,4846.50,10.0,2.0,2.5,NR5G-SA,n79,-93,-93,-10,20,-999,10.0
2026-05-28 11:38:05.967,2026-05-28 11:52:52.167,22.6526654,114.5043649,100.0,10.0,-0.01,338.6,38.4,19.3,1052.7,4846.50,10.0,2.0,2.5,NR5G-SA,n79,-90,-90,-10,20,-999,9.6
2026-05-28 11:38:06.168,2026-05-28 11:52:52.567,22.6526862,114.5043553,100.0,10.0,-0.00,338.5,38.4,17.4,1050.2,4849.01,10.0,2.0,2.5,NR5G-SA,n79,-90,-90,-10,20,-999,7.5
2026-05-28 11:38:06.368,2026-05-28 11:52:52.767,22.6527070,114.5043456,100.0,10.0,-0.01,338.4,38.4,17.4,1047.7,4851.53,10.0,2.0,2.5,NR5G-SA,n79,-90,-90,-10,20,-999,8.6
2026-05-28 11:38:06.568,2026-05-28 11:52:52.967,22.6527278,114.5043360,100.0,10.0,0.01,338.5,38.4,17.4,1045.2,4854.05,10.0,2.0,2.5,NR5G-SA,n79,-91,-91,-10,20,-999,6.6
2026-05-28 11:38:06.769,2026-05-28 11:52:53.167,22.6527485,114.5043265,100.0,10.0,0.01,338.4,38.4,17.4,1042.7,4856.55,10.0,2.0,2.5,NR5G-SA,n79,-91,-91,-10,20,-999,5.4
2026-05-28 11:38:06.969,2026-05-28 11:52:53.167,22.6527485,114.5043265,100.0,10.0,0.01,338.4,38.4,17.4,1042.7,4856.55,10.0,2.0,2.5,NR5G-SA,n79,-91,-91,-10,20,-999,12.1
2026-05-28 11:38:07.169,2026-05-28 11:52:53.567,22.6527691,114.5043170,100.0,10.0,-0.02,338.4,50.0,16.5,1040.2,4859.04,10.0,2.0,2.5,NR5G-SA,n79,-90,-90,-10,20,-999,7.9
2026-05-28 11:38:07.370,2026-05-28 11:52:53.767,22.6527899,114.5043074,100.0,9.9,0.01,338.5,50.0,16.5,1037.7,4861.56,10.0,2.0,2.5,NR5G-SA,n79,-90,-90,-10,20,-999,6.2
2026-05-28 11:38:07.570,2026-05-28 11:52:53.967,22.6528105,114.5042977,100.0,9.9,0.02,338.3,50.0,16.5,1035.2,4864.06,10.0,2.0,2.5,NR5G-SA,n79,-90,-90,-10,20,-999,6.2
2026-05-28 11:38:07.770,2026-05-28 11:52:53.967,22.6528312,114.5042880,100.0,9.9,0.01,338.2,50.0,16.5,1032.7,4866.57,10.0,2.0,2.5,NR5G-SA,n79,-90,-90,-10,20,-999,9.2
2026-05-28 11:38:07.971,2026-05-28 11:52:54.167,22.6528312,114.5042880,100.0,9.9,0.01,338.2,14.3,16.5,1032.7,4866.57,10.0,2.0,2.5,NR5G-SA,n79,-90,-90,-10,20,-999,13.6
2026-05-28 11:38:08.171,2026-05-28 11:52:54.567,22.6528518,114.5042782,100.1,9.9,0.08,338.1,14.3,16.2,1030.1,4869.08,10.0,2.0,2.5,NR5G-SA,n79,-94,-94,-10,21,-999,7.0
2026-05-28 11:38:08.371,2026-05-28 11:52:54.767,22.6528722,114.5042685,100.1,9.9,0.01,338.0,14.3,16.2,1027.7,4871.56,10.0,2.0,2.5,NR5G-SA,n79,-94,-94,-10,21,-999,6.9
2026-05-28 11:38:08.572,2026-05-28 11:52:54.967,22.6528926,114.5042589,100.1,9.9,0.03,337.9,14.3,16.2,1025.2,4874.03,10.0,2.0,2.5,NR5G-SA,n79,-94,-94,-10,21,-999,6.2
2026-05-28 11:38:08.772,2026-05-28 11:52:54.967,22.6529132,114.5042494,100.1,9.9,0.08,337.9,14.3,16.2,1022.7,4876.52,10.0,2.0,2.5,NR5G-SA,n79,-91,-91,-10,20,-999,9.9
2026-05-28 11:38:08.972,2026-05-28 11:52:55.167,22.6529132,114.5042494,100.1,9.9,0.08,337.9,14.3,16.2,1022.7,4876.52,10.0,2.0,2.5,NR5G-SA,n79,-91,-91,-10,20,-999,10.5
2026-05-28 11:38:09.173,2026-05-28 11:52:55.567,22.6529338,114.5042399,100.1,9.9,0.00,337.6,0.0,16.9,1020.2,4879.02,10.0,2.0,2.5,NR5G-SA,n79,-91,-91,-10,20,-999,7.0
2026-05-28 11:38:09.373,2026-05-28 11:52:55.767,22.6529545,114.5042304,100.1,10.0,-0.02,337.1,0.0,16.9,1017.7,4881.52,10.0,2.0,2.5,NR5G-SA,n79,-94,-94,-10,19,-999,6.5
2026-05-28 11:38:09.573,2026-05-28 11:52:55.967,22.6529751,114.5042208,100.1,10.0,-0.03,337.1,0.0,16.9,1015.2,4884.02,10.0,2.0,2.5,NR5G-SA,n79,-94,-94,-10,19,-999,5.8
2026-05-28 11:38:09.774,2026-05-28 11:52:55.967,22.6529957,114.5042113,100.1,9.9,-0.05,337.2,0.0,16.9,1012.7,4886.51,10.0,2.0,2.5,NR5G-SA,n79,-94,-94,-10,19,-999,8.6
2026-05-28 11:38:09.974,2026-05-28 11:52:56.167,22.6530164,114.5042018,100.1,10.0,-0.07,337.3,2.3,16.9,1010.2,4889.01,10.0,2.0,2.5,NR5G-SA,n79,-92,-92,-10,20,-999,9.4
2026-05-28 11:38:10.174,2026-05-28 11:52:56.567,22.6530164,114.5042018,100.1,10.0,-0.07,337.3,2.3,16.9,1010.2,4889.01,10.0,2.0,2.5,NR5G-SA,n79,-92,-92,-10,20,-999,9.1
2026-05-28 11:38:10.375,2026-05-28 11:52:56.767,22.6530372,114.5041924,100.1,10.0,-0.04,337.4,2.3,17.9,1007.7,4891.52,10.0,2.0,2.5,NR5G-SA,n79,-89,-89,-10,21,-999,7.2
2026-05-28 11:38:10.575,2026-05-28 11:52:56.967,22.6530579,114.5041829,100.1,9.9,-0.01,337.5,2.3,17.9,1005.2,4894.02,10.0,2.0,2.5,NR5G-SA,n79,-89,-89,-10,21,-999,8.0
2026-05-28 11:38:10.775,2026-05-28 11:52:56.967,22.6530786,114.5041735,100.1,9.9,-0.07,337.6,2.3,17.9,1002.7,4896.52,10.0,2.0,2.5,NR5G-SA,n79,-89,-89,-10,21,-999,9.5
2026-05-28 11:38:10.976,2026-05-28 11:52:57.167,22.6530786,114.5041735,100.1,9.9,-0.07,337.6,2.3,17.9,1002.7,4896.52,10.0,2.0,2.5,NR5G-SA,n79,-91,-91,-10,15,-999,8.3
2026-05-28 11:38:11.176,2026-05-28 11:52:57.567,22.6530993,114.5041641,100.1,9.9,-0.07,337.9,0.0,17.9,1000.2,4899.02,10.0,2.0,2.5,NR5G-SA,n79,-91,-91,-10,15,-999,6.0
2026-05-28 11:38:11.376,2026-05-28 11:52:57.767,22.6531199,114.5041547,100.1,10.0,-0.10,338.1,0.0,19.5,997.7,4901.51,10.0,2.0,2.5,NR5G-SA,n79,-91,-91,-10,15,-999,5.4
2026-05-28 11:38:11.577,2026-05-28 11:52:57.967,22.6531407,114.5041452,100.1,9.9,-0.02,338.1,0.0,19.5,995.2,4904.02,10.0,2.0,2.5,NR5G-SA,n79,-91,-91,-10,15,-999,6.5
2026-05-28 11:38:11.777,2026-05-28 11:52:58.167,22.6531614,114.5041358,100.1,9.9,-0.03,338.2,0.0,19.5,992.7,4906.52,10.0,2.0,2.5,NR5G-SA,n79,-91,-91,-10,15,-999,6.0
2026-05-28 11:38:11.977,2026-05-28 11:52:58.167,22.6531614,114.5041358,100.1,9.9,-0.03,338.2,16.0,19.5,992.7,4906.52,10.0,2.0,2.5,NR5G-SA,n79,-91,-91,-10,15,-999,14.6
2026-05-28 11:38:12.178,2026-05-28 11:52:58.567,22.6531821,114.5041265,100.1,9.9,0.02,338.4,16.0,19.5,990.2,4909.01,10.0,2.0,2.5,NR5G-SA,n79,-92,-92,-10,17,-999,7.6
2026-05-28 11:38:12.378,2026-05-28 11:52:58.767,22.6532028,114.5041170,100.1,9.9,0.02,338.4,16.0,21.4,987.7,4911.52,10.0,2.0,2.5,NR5G-SA,n79,-92,-92,-10,17,-999,5.8
2026-05-28 11:38:12.579,2026-05-28 11:52:58.967,22.6532234,114.5041075,100.1,9.9,0.01,338.4,16.0,21.4,985.2,4914.01,10.0,2.0,2.5,NR5G-SA,n79,-90,-90,-10,17,-999,7.2
2026-05-28 11:38:12.779,2026-05-28 11:52:58.967,22.6532440,114.5040980,100.1,10.0,-0.01,338.5,16.0,21.4,982.7,4916.50,10.0,2.0,2.5,NR5G-SA,n79,-90,-90,-10,17,-999,8.5
2026-05-28 11:38:12.979,2026-05-28 11:52:59.167,22.6532646,114.5040884,100.1,10.0,-0.01,338.5,0.0,21.4,980.2,4919.00,10.0,2.0,2.5,NR5G-SA,n79,-90,-90,-10,17,-999,12.4
2026-05-28 11:38:13.180,2026-05-28 11:52:59.567,22.6532646,114.5040884,100.1,10.0,-0.04,338.5,0.0,21.4,980.2,4919.00,10.0,2.0,2.5,NR5G-SA,n79,-91,-91,-10,17,-999,7.2
2026-05-28 11:38:13.380,2026-05-28 11:52:59.767,22.6532852,114.5040788,100.1,10.0,-0.00,338.5,0.0,23.5,977.7,4921.49,10.0,2.0,2.5,NR5G-SA,n79,-91,-91,-10,17,-999,4.6
2026-05-28 11:38:13.580,2026-05-28 11:52:59.967,22.6533058,114.5040692,100.0,10.0,-0.03,338.5,0.0,23.5,975.2,4923.99,10.0,2.0,2.5,NR5G-SA,n79,-91,-91,-10,17,-999,6.0
2026-05-28 11:38:13.781,2026-05-28 11:53:00.167,22.6533266,114.5040596,100.0,9.9,-0.04,338.4,0.0,23.5,972.7,4926.51,10.0,2.0,2.5,NR5G-SA,n79,-93,-93,-10,18,-999,6.0
2026-05-28 11:38:13.981,2026-05-28 11:53:00.167,22.6533474,114.5040499,100.0,9.9,-0.04,338.4,0.0,23.5,970.2,4929.03,10.0,2.0,2.5,NR5G-SA,n79,-93,-93,-10,18,-999,13.8
2026-05-28 11:38:14.181,2026-05-28 11:53:00.567,22.6533474,114.5040499,100.0,10.0,-0.05,338.4,19.0,23.5,970.2,4929.03,10.0,2.0,2.5,NR5G-SA,n79,-93,-93,-10,18,-999,7.5
2026-05-28 11:38:14.381,2026-05-28 11:53:00.767,22.6533682,114.5040402,100.0,10.0,-0.02,338.4,19.0,24.1,967.7,4931.55,10.0,2.0,2.5,NR5G-SA,n79,-93,-93,-10,18,-999,5.6
2026-05-28 11:38:14.582,2026-05-28 11:53:00.967,22.6533888,114.5040305,100.0,10.0,-0.01,338.4,19.0,24.1,965.2,4934.05,10.0,2.0,2.5,NR5G-SA,n79,-93,-93,-10,18,-999,6.4
2026-05-28 11:38:14.782,2026-05-28 11:53:01.167,22.6534095,114.5040208,100.0,10.0,-0.00,338.4,19.0,24.1,962.7,4936.56,10.0,2.0,2.5,NR5G-SA,n79,-91,-91,-10,17,-999,5.1
2026-05-28 11:38:14.983,2026-05-28 11:53:01.167,22.6534302,114.5040112,100.0,10.0,-0.00,338.4,19.0,24.1,960.2,4939.06,10.0,2.0,2.5,NR5G-SA,n79,-91,-91,-10,17,-999,12.7
2026-05-28 11:38:15.183,2026-05-28 11:53:01.567,22.6534302,114.5040112,100.0,10.0,-0.04,338.4,40.7,24.1,960.2,4939.06,10.0,2.0,2.5,NR5G-SA,n79,-91,-91,-10,17,-999,7.5
2026-05-28 11:38:15.383,2026-05-28 11:53:01.767,22.6534508,114.5040016,100.0,10.0,0.03,338.6,40.7,24.1,957.7,4941.56,10.0,2.0,2.5,NR5G-SA,n79,-88,-88,-10,18,-999,8.1
2026-05-28 11:38:15.584,2026-05-28 11:53:01.967,22.6534714,114.5039919,100.0,9.9,0.12,338.7,40.7,24.1,955.2,4944.06,10.0,2.0,2.5,NR5G-SA,n79,-88,-88,-10,18,-999,5.9
2026-05-28 11:38:15.784,2026-05-28 11:53:01.967,22.6534920,114.5039823,100.0,10.0,0.07,338.5,40.7,24.1,952.7,4946.56,10.0,2.0,2.5,NR5G-SA,n79,-88,-88,-10,18,-999,7.7
2026-05-28 11:38:15.984,2026-05-28 11:53:02.167,22.6535126,114.5039726,100.0,10.0,0.07,338.5,40.7,24.1,950.2,4949.06,10.0,2.0,2.5,NR5G-SA,n79,-92,-92,-10,18,-999,11.3
2026-05-28 11:38:16.185,2026-05-28 11:53:02.567,22.6535126,114.5039726,100.0,10.0,0.08,338.5,27.7,24.1,950.2,4949.06,10.0,2.0,2.5,NR5G-SA,n79,-92,-92,-10,18,-999,7.6
2026-05-28 11:38:16.385,2026-05-28 11:53:02.767,22.6535333,114.5039629,100.0,10.0,0.08,338.3,27.7,25.5,947.7,4951.57,10.0,2.0,2.5,NR5G-SA,n79,-92,-92,-10,18,-999,6.9
2026-05-28 11:38:16.585,2026-05-28 11:53:02.967,22.6535539,114.5039533,100.0,10.0,0.03,338.1,27.7,25.5,945.2,4954.06,10.0,2.0,2.5,NR5G-SA,n79,-93,-93,-10,18,-999,6.3
2026-05-28 11:38:16.786,2026-05-28 11:53:03.167,22.6535746,114.5039436,100.0,10.0,0.08,337.9,27.7,25.5,942.7,4956.57,10.0,2.0,2.5,NR5G-SA,n79,-93,-93,-10,18,-999,6.1
2026-05-28 11:38:16.986,2026-05-28 11:53:03.167,22.6535953,114.5039339,100.0,10.0,0.04,337.8,27.7,25.5,940.1,4959.09,10.0,2.0,2.5,NR5G-SA,n79,-89,-89,-10,17,-999,13.1
2026-05-28 11:38:17.186,2026-05-28 11:53:03.567,22.6535953,114.5039339,100.0,10.0,0.04,337.8,35.2,25.5,940.1,4959.09,10.0,2.0,2.5,NR5G-SA,n79,-89,-89,-10,17,-999,7.7
2026-05-28 11:38:17.386,2026-05-28 11:53:03.767,22.6536159,114.5039242,100.0,9.9,-0.01,337.8,35.2,25.5,937.6,4961.59,10.0,2.0,2.5,NR5G-SA,n79,-89,-89,-10,17,-999,6.4
2026-05-28 11:38:17.587,2026-05-28 11:53:03.967,22.6536364,114.5039146,100.0,9.9,0.08,337.9,35.2,24.5,935.2,4964.07,10.0,2.0,2.5,NR5G-SA,n79,-93,-93,-10,18,-999,7.3
2026-05-28 11:38:17.787,2026-05-28 11:53:03.967,22.6536570,114.5039050,100.0,10.0,0.05,337.8,35.2,24.5,932.7,4966.57,10.0,2.0,2.5,NR5G-SA,n79,-93,-93,-10,18,-999,9.0
2026-05-28 11:38:17.987,2026-05-28 11:53:04.167,22.6536776,114.5038954,100.0,10.0,0.03,337.7,35.2,24.5,930.2,4969.06,10.0,2.0,2.5,NR5G-SA,n79,-93,-93,-10,18,-999,9.1
2026-05-28 11:38:18.188,2026-05-28 11:53:04.567,22.6536776,114.5038954,100.0,10.0,0.03,337.7,34.2,24.5,930.2,4969.06,10.0,2.0,2.5,NR5G-SA,n79,-90,-90,-10,18,-999,6.4
2026-05-28 11:38:18.388,2026-05-28 11:53:04.767,22.6536981,114.5038860,100.0,10.0,-0.02,337.7,34.2,24.5,927.7,4971.54,10.0,2.0,2.5,NR5G-SA,n79,-90,-90,-10,18,-999,8.5
2026-05-28 11:38:18.588,2026-05-28 11:53:04.967,22.6537187,114.5038765,100.0,10.0,-0.03,337.7,34.2,23.5,925.2,4974.03,10.0,2.0,2.5,NR5G-SA,n79,-90,-90,-10,18,-999,7.9
2026-05-28 11:38:18.789,2026-05-28 11:53:04.967,22.6537393,114.5038670,100.0,9.9,0.04,337.7,34.2,23.5,922.7,4976.53,10.0,2.0,2.5,NR5G-SA,n79,-88,-88,-10,18,-999,8.6
2026-05-28 11:38:18.989,2026-05-28 11:53:05.167,22.6537599,114.5038574,100.0,10.0,-0.02,337.8,28.8,23.5,920.2,4979.02,10.0,2.0,2.5,NR5G-SA,n79,-88,-88,-10,18,-999,10.9
2026-05-28 11:38:19.189,2026-05-28 11:53:05.567,22.6537599,114.5038574,100.0,10.0,-0.02,337.8,28.8,23.5,920.2,4979.02,10.0,2.0,2.5,NR5G-SA,n79,-88,-88,-10,18,-999,4.6
2026-05-28 11:38:19.390,2026-05-28 11:53:05.767,22.6537805,114.5038478,100.0,10.0,0.05,337.8,28.8,23.5,917.7,4981.52,10.0,2.0,2.5,NR5G-SA,n79,-93,-93,-10,19,-999,5.8
2026-05-28 11:38:19.590,2026-05-28 11:53:05.967,22.6538012,114.5038382,100.0,10.0,0.02,337.8,28.8,23.4,915.2,4984.03,10.0,2.0,2.5,NR5G-SA,n79,-93,-93,-10,19,-999,6.5
2026-05-28 11:38:19.790,2026-05-28 11:53:06.167,22.6538219,114.5038286,100.0,10.0,0.05,337.8,28.8,23.4,912.7,4986.53,10.0,2.0,2.5,NR5G-SA,n79,-89,-89,-10,18,-999,6.4
2026-05-28 11:38:19.990,2026-05-28 11:53:06.167,22.6538426,114.5038191,100.0,10.0,0.01,337.7,28.8,23.4,910.2,4989.03,10.0,2.0,2.5,NR5G-SA,n79,-89,-89,-10,18,-999,7.6
2026-05-28 11:38:20.191,2026-05-28 11:53:06.567,22.6538426,114.5038191,100.0,10.0,0.01,337.7,38.7,23.4,910.2,4989.03,10.0,2.0,2.5,NR5G-SA,n79,-89,-89,-10,18,-999,9.4
2026-05-28 11:38:20.391,2026-05-28 11:53:06.767,22.6538633,114.5038095,100.0,10.0,-0.01,337.5,38.7,23.4,907.7,4991.54,10.0,2.0,2.5,NR5G-SA,n79,-93,-93,-10,18,-999,5.6
2026-05-28 11:38:20.591,2026-05-28 11:53:06.967,22.6538840,114.5037999,100.0,10.0,-0.01,337.5,38.7,24.6,905.2,4994.05,10.0,2.0,2.5,NR5G-SA,n79,-93,-93,-10,18,-999,5.1
2026-05-28 11:38:20.792,2026-05-28 11:53:07.167,22.6539047,114.5037903,100.0,10.0,-0.02,337.6,38.7,24.6,902.7,4996.55,10.0,2.0,2.5,NR5G-SA,n79,-93,-93,-10,18,-999,7.0
2026-05-28 11:38:20.992,2026-05-28 11:53:07.167,22.6539254,114.5037807,100.0,10.0,-0.02,337.6,38.7,24.6,900.2,4999.06,10.0,2.0,2.5,NR5G-SA,n79,-93,-93,-10,18,-999,13.3
2026-05-28 11:38:21.193,2026-05-28 11:53:07.567,22.6539254,114.5037807,100.0,10.0,-0.03,337.6,22.4,24.6,900.2,4999.06,10.0,2.0,2.5,NR5G-SA,n79,-93,-93,-10,18,-999,7.1
2026-05-28 11:38:21.393,2026-05-28 11:53:07.767,22.6539460,114.5037712,100.0,9.9,-0.00,337.8,22.4,24.6,897.7,5001.55,10.0,2.0,2.5,NR5G-SA,n79,-93,-93,-10,18,-999,6.7
2026-05-28 11:38:21.593,2026-05-28 11:53:07.967,22.6539667,114.5037616,100.0,10.0,-0.03,337.8,22.4,25.5,895.2,5004.06,10.0,2.0,2.5,NR5G-SA,n79,-89,-89,-10,17,-999,5.2
2026-05-28 11:38:21.794,2026-05-28 11:53:08.167,22.6539874,114.5037521,100.0,10.0,-0.02,337.9,22.4,25.5,892.7,5006.56,10.0,2.0,2.5,NR5G-SA,n79,-89,-89,-10,17,-999,7.5
2026-05-28 11:38:21.994,2026-05-28 11:53:08.167,22.6540082,114.5037426,100.0,10.0,-0.03,338.0,22.4,25.5,890.2,5009.07,10.0,2.0,2.5,NR5G-SA,n79,-93,-93,-10,16,-999,11.5
2026-05-28 11:38:22.194,2026-05-28 11:53:08.567,22.6540082,114.5037426,100.0,10.0,-0.03,338.0,0.0,25.5,890.2,5009.07,10.0,2.0,2.5,NR5G-SA,n79,-93,-93,-10,16,-999,5.8
2026-05-28 11:38:22.395,2026-05-28 11:53:08.767,22.6540289,114.5037330,100.0,10.0,-0.01,338.0,0.0,25.5,887.6,5011.58,10.0,2.0,2.5,NR5G-SA,n79,-93,-93,-10,16,-999,4.9
2026-05-28 11:38:22.595,2026-05-28 11:53:08.967,22.6540496,114.5037235,100.0,10.0,0.11,338.0,0.0,25.6,885.1,5014.08,10.0,2.0,2.5,NR5G-SA,n79,-87,-87,-10,16,-999,6.4
2026-05-28 11:38:22.796,2026-05-28 11:53:09.167,22.6540703,114.5037139,100.1,10.0,0.03,337.9,0.0,25.6,882.6,5016.59,10.0,2.0,2.5,NR5G-SA,n79,-87,-87,-10,16,-999,7.0
2026-05-28 11:38:22.996,2026-05-28 11:53:09.167,22.6540910,114.5037045,100.1,10.0,0.01,337.7,0.0,25.6,880.1,5019.09,10.0,2.0,2.5,NR5G-SA,n79,-87,-87,-10,16,-999,9.3
2026-05-28 11:38:23.196,2026-05-28 11:53:09.567,22.6540910,114.5037045,100.1,10.0,0.01,337.7,11.2,25.6,880.1,5019.09,10.0,2.0,2.5,NR5G-SA,n79,-93,-93,-10,16,-999,5.8
2026-05-28 11:38:23.397,2026-05-28 11:53:09.767,22.6541116,114.5036951,100.1,10.0,-0.01,337.5,11.2,25.6,877.7,5021.58,10.0,2.0,2.5,NR5G-SA,n79,-93,-93,-10,16,-999,5.9
2026-05-28 11:38:23.597,2026-05-28 11:53:09.967,22.6541323,114.5036856,100.1,10.0,-0.04,337.4,11.2,25.8,875.1,5024.08,10.0,2.0,2.5,NR5G-SA,n79,-93,-93,-10,16,-999,7.2
2026-05-28 11:38:23.798,2026-05-28 11:53:10.167,22.6541530,114.5036761,100.1,9.9,-0.01,337.3,11.2,25.8,872.6,5026.58,10.0,2.0,2.5,NR5G-SA,n79,-89,-89,-10,15,-999,6.7
2026-05-28 11:38:23.998,2026-05-28 11:53:10.167,22.6541737,114.5036665,100.1,10.0,0.01,337.2,11.2,25.8,870.1,5029.09,10.0,2.0,2.5,NR5G-SA,n79,-89,-89,-10,15,-999,14.0
2026-05-28 11:38:24.198,2026-05-28 11:53:10.567,22.6541737,114.5036665,100.1,10.0,0.01,337.2,0.0,25.8,870.1,5029.09,10.0,2.0,2.5,NR5G-SA,n79,-90,-90,-10,15,-999,5.9
2026-05-28 11:38:24.399,2026-05-28 11:53:10.767,22.6541944,114.5036570,100.1,9.9,0.08,337.2,0.0,25.8,867.6,5031.59,10.0,2.0,2.5,NR5G-SA,n79,-90,-90,-10,15,-999,6.5
2026-05-28 11:38:24.599,2026-05-28 11:53:10.967,22.6542150,114.5036473,100.1,9.9,-0.02,336.9,0.0,25.2,865.1,5034.09,10.0,2.0,2.5,NR5G-SA,n79,-90,-90,-10,15,-999,7.2
2026-05-28 11:38:24.800,2026-05-28 11:53:11.167,22.6542356,114.5036374,100.1,10.0,-0.07,336.8,0.0,25.2,862.6,5036.60,10.0,2.0,2.5,NR5G-SA,n79,-93,-93,-10,15,-999,5.8
2026-05-28 11:38:25.000,2026-05-28 11:53:11.167,22.6542561,114.5036277,100.1,9.9,-0.14,336.8,0.0,25.2,860.1,5039.09,10.0,2.0,2.5,NR5G-SA,n79,-93,-93,-10,15,-999,10.7
2026-05-28 11:38:25.201,2026-05-28 11:53:11.567,22.6542561,114.5036277,100.1,9.9,-0.14,336.8,0.0,25.2,860.1,5039.09,10.0,2.0,2.5,NR5G-SA,n79,-93,-93,-10,15,-999,10.4
2026-05-28 11:38:25.401,2026-05-28 11:53:11.767,22.6542766,114.5036180,100.1,10.0,-0.09,336.9,0.0,25.2,857.6,5041.58,10.0,2.0,2.5,NR5G-SA,n79,-92,-92,-10,15,-999,10.0
2026-05-28 11:38:25.602,2026-05-28 11:53:11.967,22.6542973,114.5036083,100.0,10.0,-0.04,337.0,0.0,25.2,855.1,5044.09,10.0,2.0,2.5,NR5G-SA,n79,-92,-92,-10,15,-999,6.7
2026-05-28 11:38:25.802,2026-05-28 11:53:12.167,22.6543180,114.5035987,100.0,10.0,0.03,337.1,0.0,24.0,852.6,5046.60,10.0,2.0,2.5,NR5G-SA,n79,-92,-92,-10,15,-999,5.8
2026-05-28 11:38:26.002,2026-05-28 11:53:12.167,22.6543387,114.5035892,100.0,10.0,0.10,337.0,0.0,24.0,850.1,5049.10,10.0,2.0,2.5,NR5G-SA,n79,-93,-93,-10,15,-999,11.1
2026-05-28 11:38:26.203,2026-05-28 11:53:12.567,22.6543387,114.5035892,100.0,10.0,0.10,337.0,0.0,24.0,850.1,5049.10,10.0,2.0,2.5,NR5G-SA,n79,-93,-93,-10,15,-999,8.3
2026-05-28 11:38:26.403,2026-05-28 11:53:12.767,22.6543595,114.5035797,100.1,10.0,0.04,336.9,0.0,24.0,847.6,5051.61,10.0,2.0,2.5,NR5G-SA,n79,-93,-93,-10,14,-999,4.6
2026-05-28 11:38:26.603,2026-05-28 11:53:12.967,22.6543802,114.5035702,100.1,10.0,-0.01,336.8,0.0,24.0,845.1,5054.11,10.0,2.0,2.5,NR5G-SA,n79,-93,-93,-10,14,-999,9.3
2026-05-28 11:38:26.804,2026-05-28 11:53:13.167,22.6544008,114.5035606,100.1,10.0,0.00,336.6,0.0,20.1,842.6,5056.61,10.0,2.0,2.5,NR5G-SA,n79,-93,-93,-10,14,-999,8.0
2026-05-28 11:38:27.005,2026-05-28 11:53:13.167,22.6544215,114.5035509,100.1,10.0,0.00,336.6,0.0,20.1,840.1,5059.12,10.0,2.0,2.5,NR5G-SA,n79,-90,-90,-10,13,-999,13.5
2026-05-28 11:38:27.205,2026-05-28 11:53:13.567,22.6544215,114.5035509,100.1,10.0,-0.04,336.6,12.7,20.1,840.1,5059.12,10.0,2.0,2.5,NR5G-SA,n79,-90,-90,-10,13,-999,9.1
2026-05-28 11:38:27.406,2026-05-28 11:53:13.767,22.6544422,114.5035414,100.1,10.0,-0.01,336.4,12.7,20.1,837.6,5061.62,10.0,2.0,2.5,NR5G-SA,n79,-90,-90,-10,13,-999,9.0
2026-05-28 11:38:27.606,2026-05-28 11:53:13.967,22.6544630,114.5035318,100.1,10.0,0.01,336.3,12.7,20.1,835.1,5064.14,10.0,2.0,2.5,NR5G-SA,n79,-90,-90,-10,13,-999,8.1
2026-05-28 11:38:27.806,2026-05-28 11:53:14.167,22.6544837,114.5035223,100.1,9.9,-0.04,336.2,12.7,19.5,832.6,5066.64,10.0,2.0,2.5,NR5G-SA,n79,-90,-90,-10,13,-999,5.7
2026-05-28 11:38:28.007,2026-05-28 11:53:14.567,22.6545042,114.5035127,100.1,9.9,-0.07,336.3,12.7,19.5,830.1,5069.13,10.0,2.0,2.5,NR5G-SA,n79,-90,-90,-10,13,-999,6.3
2026-05-28 11:38:28.207,2026-05-28 11:53:14.567,22.6545042,114.5035127,100.1,9.9,-0.07,336.3,0.0,19.5,830.1,5069.13,10.0,2.0,2.5,NR5G-SA,n79,-93,-93,-10,13,-999,10.7
2026-05-28 11:38:28.407,2026-05-28 11:53:14.767,22.6545249,114.5035031,100.1,9.9,-0.05,336.4,0.0,19.5,827.6,5071.64,10.0,2.0,2.5,NR5G-SA,n79,-93,-93,-10,13,-999,11.2
2026-05-28 11:38:28.608,2026-05-28 11:53:14.967,22.6545455,114.5034936,100.1,9.9,0.00,336.5,0.0,19.5,825.1,5074.13,10.0,2.0,2.5,NR5G-SA,n79,-90,-90,-10,18,-999,7.6
2026-05-28 11:38:28.808,2026-05-28 11:53:15.167,22.6545661,114.5034841,100.1,9.9,-0.03,336.6,0.0,17.9,822.6,5076.62,10.0,2.0,2.5,NR5G-SA,n79,-90,-90,-10,18,-999,8.5
2026-05-28 11:38:29.008,2026-05-28 11:53:15.167,22.6545868,114.5034745,100.1,10.0,-0.06,336.7,0.0,17.9,820.1,5079.13,10.0,2.0,2.5,NR5G-SA,n79,-90,-90,-10,18,-999,9.9
2026-05-28 11:38:29.209,2026-05-28 11:53:15.567,22.6545868,114.5034745,100.1,10.0,-0.06,336.7,22.5,17.9,820.1,5079.13,10.0,2.0,2.5,NR5G-SA,n79,-91,-91,-10,14,-999,10.4
2026-05-28 11:38:29.410,2026-05-28 11:53:15.767,22.6546075,114.5034649,100.0,9.9,0.04,336.7,22.5,17.9,817.6,5081.63,10.0,2.0,2.5,NR5G-SA,n79,-91,-91,-10,14,-999,9.4
2026-05-28 11:38:29.610,2026-05-28 11:53:15.967,22.6546281,114.5034553,100.1,9.9,0.01,336.6,22.5,17.9,815.1,5084.13,10.0,2.0,2.5,NR5G-SA,n79,-91,-91,-10,14,-999,5.5
2026-05-28 11:38:29.810,2026-05-28 11:53:16.167,22.6546486,114.5034457,100.1,9.9,-0.01,336.6,22.5,18.2,812.6,5086.61,10.0,2.0,2.5,NR5G-SA,n79,-94,-94,-10,13,-999,4.7
2026-05-28 11:38:30.011,2026-05-28 11:53:16.567,22.6546692,114.5034362,100.0,9.9,-0.05,336.8,22.5,18.2,810.1,5089.11,10.0,2.0,2.5,NR5G-SA,n79,-94,-94,-10,13,-999,4.9
2026-05-28 11:38:30.211,2026-05-28 11:53:16.567,22.6546692,114.5034362,100.0,9.9,-0.05,336.8,37.1,18.2,810.1,5089.11,10.0,2.0,2.5,NR5G-SA,n79,-94,-94,-10,13,-999,14.5
2026-05-28 11:38:30.412,2026-05-28 11:53:16.767,22.6546898,114.5034267,100.1,9.9,0.00,336.7,37.1,18.2,807.6,5091.60,10.0,2.0,2.5,NR5G-SA,n79,-93,-93,-10,13,-999,9.4
2026-05-28 11:38:30.612,2026-05-28 11:53:16.967,22.6547103,114.5034172,100.1,9.9,0.02,336.7,37.1,18.2,805.1,5094.08,10.0,2.0,2.5,NR5G-SA,n79,-93,-93,-10,13,-999,5.8
2026-05-28 11:38:30.812,2026-05-28 11:53:17.167,22.6547308,114.5034077,100.1,10.0,-0.02,336.7,37.1,18.4,802.7,5096.56,10.0,2.0,2.5,NR5G-SA,n79,-91,-91,-10,14,-999,4.9
2026-05-28 11:38:31.013,2026-05-28 11:53:17.167,22.6547514,114.5033981,100.1,10.0,0.00,336.6,37.1,18.4,800.2,5099.06,10.0,2.0,2.5,NR5G-SA,n79,-91,-91,-10,14,-999,8.2
2026-05-28 11:38:31.213,2026-05-28 11:53:17.567,22.6547514,114.5033981,100.1,10.0,0.00,336.6,28.7,18.4,800.2,5099.06,10.0,2.0,2.5,NR5G-SA,n79,-91,-91,-10,14,-999,16.0
2026-05-28 11:38:31.414,2026-05-28 11:53:17.767,22.6547720,114.5033885,100.1,10.0,-0.01,336.8,28.7,18.4,797.7,5101.56,10.0,2.0,2.5,NR5G-SA,n79,-89,-89,-10,18,-999,10.4
2026-05-28 11:38:31.614,2026-05-28 11:53:17.967,22.6547927,114.5033790,100.1,10.0,0.04,336.7,28.7,18.4,795.2,5104.06,10.0,2.0,2.5,NR5G-SA,n79,-89,-89,-10,18,-999,4.6
2026-05-28 11:38:31.814,2026-05-28 11:53:18.167,22.6548133,114.5033695,100.1,10.0,0.01,336.6,28.7,18.6,792.7,5106.55,10.0,2.0,2.5,NR5G-SA,n79,-89,-89,-10,18,-999,5.1
2026-05-28 11:38:32.015,2026-05-28 11:53:18.167,22.6548340,114.5033599,100.1,10.0,0.06,336.2,28.7,18.6,790.2,5109.06,10.0,2.0,2.5,NR5G-SA,n79,-88,-88,-10,18,-999,7.9
2026-05-28 11:38:32.215,2026-05-28 11:53:18.567,22.6548340,114.5033599,100.1,10.0,0.06,336.2,34.4,18.6,790.2,5109.06,10.0,2.0,2.5,NR5G-SA,n79,-88,-88,-10,18,-999,15.5
2026-05-28 11:38:32.415,2026-05-28 11:53:18.767,22.6548549,114.5033503,100.1,10.0,-0.00,335.9,34.4,18.6,787.6,5111.58,10.0,2.0,2.5,NR5G-SA,n79,-88,-88,-10,18,-999,7.3
2026-05-28 11:38:32.616,2026-05-28 11:53:18.967,22.6548755,114.5033408,100.1,10.1,-0.11,335.7,34.4,18.6,785.2,5114.08,10.0,2.0,2.5,NR5G-SA,n79,-89,-89,-10,17,-999,6.5
2026-05-28 11:38:32.816,2026-05-28 11:53:19.167,22.6548963,114.5033311,100.1,10.1,-0.10,335.6,34.4,19.8,782.6,5116.60,10.0,2.0,2.5,NR5G-SA,n79,-89,-89,-10,17,-999,7.3
2026-05-28 11:38:33.016,2026-05-28 11:53:19.167,22.6549170,114.5033214,100.0,10.0,-0.05,335.7,34.4,19.8,780.1,5119.11,10.0,2.0,2.5,NR5G-SA,n79,-91,-91,-10,18,-999,10.8
2026-05-28 11:38:33.217,2026-05-28 11:53:19.567,22.6549170,114.5033214,100.0,10.0,-0.05,335.7,35.2,19.8,780.1,5119.11,10.0,2.0,2.5,NR5G-SA,n79,-91,-91,-10,18,-999,15.8
2026-05-28 11:38:33.417,2026-05-28 11:53:19.767,22.6549377,114.5033119,100.0,10.0,0.02,335.8,35.2,19.8,777.6,5121.61,10.0,2.0,2.5,NR5G-SA,n79,-91,-91,-10,18,-999,8.4
2026-05-28 11:38:33.617,2026-05-28 11:53:19.967,22.6549585,114.5033026,100.0,9.9,0.04,335.9,35.2,19.8,775.1,5124.11,10.0,2.0,2.5,NR5G-SA,n79,-92,-92,-10,18,-999,10.2
2026-05-28 11:38:33.818,2026-05-28 11:53:20.167,22.6549791,114.5032933,100.1,9.9,-0.01,336.1,35.2,19.8,772.6,5126.60,10.0,2.0,2.5,NR5G-SA,n79,-92,-92,-10,18,-999,5.1
2026-05-28 11:38:34.018,2026-05-28 11:53:20.167,22.6549997,114.5032840,100.1,10.0,-0.01,336.3,35.2,19.8,770.1,5129.08,10.0,2.0,2.5,NR5G-SA,n79,-92,-92,-10,18,-999,7.3
2026-05-28 11:38:34.218,2026-05-28 11:53:20.567,22.6549997,114.5032840,100.1,10.0,-0.01,336.3,27.4,19.8,770.1,5129.08,10.0,2.0,2.5,NR5G-SA,n79,-91,-91,-10,17,-999,15.4
2026-05-28 11:38:34.419,2026-05-28 11:53:20.767,22.6550204,114.5032745,100.1,10.0,-0.02,336.6,27.4,19.8,767.6,5131.59,10.0,2.0,2.5,NR5G-SA,n79,-91,-91,-10,17,-999,11.8
2026-05-28 11:38:34.619,2026-05-28 11:53:20.967,22.6550411,114.5032649,100.1,10.0,-0.04,336.7,27.4,19.8,765.1,5134.09,10.0,2.0,2.5,NR5G-SA,n79,-91,-91,-10,17,-999,8.4
2026-05-28 11:38:34.820,2026-05-28 11:53:21.167,22.6550618,114.5032554,100.1,10.0,-0.03,336.5,27.4,19.9,762.6,5136.59,10.0,2.0,2.5,NR5G-SA,n79,-91,-91,-10,18,-999,5.9
2026-05-28 11:38:35.020,2026-05-28 11:53:21.167,22.6550825,114.5032458,100.1,10.0,-0.02,336.4,27.4,19.9,760.1,5139.10,10.0,2.0,2.5,NR5G-SA,n79,-91,-91,-10,18,-999,8.1
2026-05-28 11:38:35.220,2026-05-28 11:53:21.567,22.6550825,114.5032458,100.1,10.0,-0.02,336.4,40.7,19.9,760.1,5139.10,10.0,2.0,2.5,NR5G-SA,n79,-85,-85,-10,18,-999,13.8
2026-05-28 11:38:35.421,2026-05-28 11:53:21.767,22.6551031,114.5032360,100.1,10.0,0.03,336.2,40.7,19.9,757.6,5141.61,10.0,2.0,2.5,NR5G-SA,n79,-85,-85,-10,18,-999,11.4
2026-05-28 11:38:35.621,2026-05-28 11:53:21.967,22.6551238,114.5032263,100.1,10.0,0.02,336.2,40.7,19.9,755.1,5144.12,10.0,2.0,2.5,NR5G-SA,n79,-85,-85,-10,18,-999,6.0
2026-05-28 11:38:35.821,2026-05-28 11:53:22.167,22.6551443,114.5032166,100.1,9.9,0.02,336.1,40.7,19.9,752.6,5146.61,10.0,2.0,2.5,NR5G-SA,n79,-96,-96,-10,18,-999,5.6
2026-05-28 11:38:36.022,2026-05-28 11:53:22.167,22.6551648,114.5032069,100.1,9.9,-0.02,335.9,40.7,19.9,750.1,5149.10,10.0,2.0,2.5,NR5G-SA,n79,-96,-96,-10,18,-999,9.1
2026-05-28 11:38:36.222,2026-05-28 11:53:22.567,22.6551648,114.5032069,100.1,9.9,-0.02,335.9,40.7,19.9,750.1,5149.10,10.0,2.0,2.5,NR5G-SA,n79,-96,-96,-10,18,-999,16.1
2026-05-28 11:38:36.422,2026-05-28 11:53:22.767,22.6551854,114.5031971,100.1,9.9,-0.00,335.9,19.1,19.9,747.6,5151.60,10.0,2.0,2.5,NR5G-SA,n79,-87,-87,-10,18,-999,10.5
2026-05-28 11:38:36.623,2026-05-28 11:53:22.967,22.6552059,114.5031873,100.1,9.9,0.01,336.0,19.1,19.9,745.1,5154.09,10.0,2.0,2.5,NR5G-SA,n79,-87,-87,-10,18,-999,6.5
2026-05-28 11:38:36.823,2026-05-28 11:53:23.167,22.6552264,114.5031777,100.0,9.9,0.01,336.2,19.1,19.9,742.6,5156.58,10.0,2.0,2.5,NR5G-SA,n79,-87,-87,-10,18,-999,4.2
2026-05-28 11:38:37.023,2026-05-28 11:53:23.167,22.6552471,114.5031682,100.0,10.0,0.01,336.4,19.1,19.7,740.1,5159.08,10.0,2.0,2.5,NR5G-SA,n79,-87,-87,-10,17,-999,7.8
2026-05-28 11:38:37.224,2026-05-28 11:53:23.567,22.6552678,114.5031588,100.0,10.0,0.01,336.5,19.1,19.7,737.6,5161.58,10.0,2.0,2.5,NR5G-SA,n79,-87,-87,-10,17,-999,13.8
2026-05-28 11:38:37.424,2026-05-28 11:53:23.767,22.6552678,114.5031588,100.0,9.9,0.00,336.5,0.0,19.7,737.6,5161.58,10.0,2.0,2.5,NR5G-SA,n79,-92,-92,-10,18,-999,9.5
2026-05-28 11:38:37.624,2026-05-28 11:53:23.967,22.6552886,114.5031495,100.0,10.0,-0.00,336.5,0.0,19.7,735.1,5164.09,10.0,2.0,2.5,NR5G-SA,n79,-92,-92,-10,18,-999,7.8
2026-05-28 11:38:37.825,2026-05-28 11:53:24.167,22.6553093,114.5031402,100.1,9.9,0.01,336.6,0.0,19.7,732.6,5166.58,10.0,2.0,2.5,NR5G-SA,n79,-92,-92,-10,18,-999,6.2
2026-05-28 11:38:38.025,2026-05-28 11:53:24.567,22.6553301,114.5031309,100.1,10.0,0.03,336.8,0.0,18.0,730.1,5169.09,10.0,2.0,2.5,NR5G-SA,n79,-89,-89,-10,18,-999,7.5
2026-05-28 11:38:38.225,2026-05-28 11:53:24.567,22.6553508,114.5031214,100.1,10.0,0.03,336.8,0.0,18.0,727.6,5171.59,10.0,2.0,2.5,NR5G-SA,n79,-89,-89,-10,18,-999,14.1
2026-05-28 11:38:38.426,2026-05-28 11:53:24.767,22.6553508,114.5031214,100.1,10.0,-0.06,336.8,8.7,18.0,727.6,5171.59,10.0,2.0,2.5,NR5G-SA,n79,-89,-89,-10,18,-999,10.7
2026-05-28 11:38:38.626,2026-05-28 11:53:24.967,22.6553715,114.5031119,100.1,10.0,-0.00,336.8,8.7,18.0,725.1,5174.09,10.0,2.0,2.5,NR5G-SA,n79,-87,-87,-10,16,-999,8.9
2026-05-28 11:38:38.827,2026-05-28 11:53:25.167,22.6553922,114.5031023,100.1,10.0,-0.05,336.4,8.7,18.0,722.6,5176.60,10.0,2.0,2.5,NR5G-SA,n79,-87,-87,-10,16,-999,7.3
2026-05-28 11:38:39.027,2026-05-28 11:53:25.167,22.6554127,114.5030925,100.1,10.0,-0.02,336.2,8.7,17.9,720.1,5179.09,10.0,2.0,2.5,NR5G-SA,n79,-87,-87,-10,16,-999,8.6
2026-05-28 11:38:39.227,2026-05-28 11:53:25.567,22.6554333,114.5030827,100.1,10.0,-0.02,336.1,8.7,17.9,717.6,5181.60,10.0,2.0,2.5,NR5G-SA,n79,-87,-87,-10,16,-999,14.1
2026-05-28 11:38:39.428,2026-05-28 11:53:25.767,22.6554333,114.5030827,100.1,10.0,-0.01,336.1,0.0,17.9,717.6,5181.60,10.0,2.0,2.5,NR5G-SA,n79,-87,-87,-10,16,-999,9.0
2026-05-28 11:38:39.628,2026-05-28 11:53:25.967,22.6554538,114.5030730,100.0,9.9,0.00,335.9,0.0,17.9,715.1,5184.09,10.0,2.0,2.5,NR5G-SA,n79,-88,-88,-10,16,-999,4.1
2026-05-28 11:38:39.828,2026-05-28 11:53:26.167,22.6554745,114.5030632,100.0,10.0,-0.01,335.9,0.0,17.9,712.6,5186.60,10.0,2.0,2.5,NR5G-SA,n79,-95,-95,-10,15,-999,5.5
2026-05-28 11:38:40.029,2026-05-28 11:53:26.167,22.6554951,114.5030535,100.0,9.9,0.06,336.0,0.0,17.3,710.1,5189.10,10.0,2.0,2.5,NR5G-SA,n79,-95,-95,-10,15,-999,7.8
2026-05-28 11:38:40.229,2026-05-28 11:53:26.567,22.6555158,114.5030439,100.1,9.9,0.00,336.0,0.0,17.3,707.6,5191.61,10.0,2.0,2.5,NR5G-SA,n79,-90,-90,-10,16,-999,12.5
2026-05-28 11:38:40.430,2026-05-28 11:53:26.767,22.6555158,114.5030439,100.1,9.9,0.00,336.0,3.1,17.3,707.6,5191.61,10.0,2.0,2.5,NR5G-SA,n79,-90,-90,-10,16,-999,9.8
2026-05-28 11:38:40.630,2026-05-28 11:53:26.967,22.6555364,114.5030345,100.1,9.9,0.07,336.2,3.1,17.3,705.1,5194.10,10.0,2.0,2.5,NR5G-SA,n79,-90,-90,-10,16,-999,5.6
2026-05-28 11:38:40.830,2026-05-28 11:53:27.167,22.6555570,114.5030250,100.1,9.9,0.01,336.6,3.1,17.3,702.6,5196.59,10.0,2.0,2.5,NR5G-SA,n79,-90,-90,-10,16,-999,6.1
2026-05-28 11:38:41.031,2026-05-28 11:53:27.567,22.6555775,114.5030156,100.1,10.0,-0.03,336.7,3.1,16.0,700.2,5199.07,10.0,2.0,2.5,NR5G-SA,n79,-90,-90,-10,16,-999,5.7
2026-05-28 11:38:41.231,2026-05-28 11:53:27.567,22.6555982,114.5030061,100.1,9.9,0.00,336.5,3.1,16.0,697.7,5201.57,10.0,2.0,2.5,NR5G-SA,n79,-90,-90,-10,16,-999,14.5
2026-05-28 11:38:41.431,2026-05-28 11:53:27.767,22.6555982,114.5030061,100.1,9.9,0.00,336.5,0.0,16.0,697.7,5201.57,10.0,2.0,2.5,NR5G-SA,n79,-93,-93,-10,15,-999,10.8
2026-05-28 11:38:41.632,2026-05-28 11:53:27.967,22.6556189,114.5029966,100.1,10.0,0.08,336.4,0.0,16.0,695.2,5204.07,10.0,2.0,2.5,NR5G-SA,n79,-93,-93,-10,15,-999,6.1
2026-05-28 11:38:41.832,2026-05-28 11:53:28.167,22.6556395,114.5029869,100.1,9.9,0.07,336.2,0.0,16.0,692.7,5206.57,10.0,2.0,2.5,NR5G-SA,n79,-93,-93,-10,15,-999,6.2
2026-05-28 11:38:42.032,2026-05-28 11:53:28.167,22.6556601,114.5029772,100.1,10.0,0.04,336.1,0.0,17.0,690.2,5209.07,10.0,2.0,2.5,NR5G-SA,n79,-89,-89,-10,15,-999,7.5
2026-05-28 11:38:42.233,2026-05-28 11:53:28.567,22.6556809,114.5029674,100.1,10.0,0.08,336.2,0.0,17.0,687.6,5211.60,10.0,2.0,2.5,NR5G-SA,n79,-89,-89,-10,15,-999,11.5
2026-05-28 11:38:42.433,2026-05-28 11:53:28.767,22.6556809,114.5029674,100.1,10.0,0.08,336.2,14.2,17.0,687.6,5211.60,10.0,2.0,2.5,NR5G-SA,n79,-90,-90,-10,16,-999,10.9
2026-05-28 11:38:42.633,2026-05-28 11:53:28.967,22.6557015,114.5029577,100.1,10.0,-0.02,336.3,14.2,17.0,685.1,5214.10,10.0,2.0,2.5,NR5G-SA,n79,-90,-90,-10,16,-999,9.8
2026-05-28 11:38:42.834,2026-05-28 11:53:29.167,22.6557223,114.5029481,100.1,10.0,-0.02,336.2,14.2,17.0,682.6,5216.61,10.0,2.0,2.5,NR5G-SA,n79,-90,-90,-10,16,-999,6.5
2026-05-28 11:38:43.034,2026-05-28 11:53:29.167,22.6557429,114.5029385,100.1,10.0,0.06,336.6,14.2,19.2,680.1,5219.11,10.0,2.0,2.5,NR5G-SA,n79,-86,-86,-10,17,-999,7.6
2026-05-28 11:38:43.234,2026-05-28 11:53:29.567,22.6557635,114.5029290,100.1,10.0,-0.00,337.5,14.2,19.2,677.6,5221.60,10.0,2.0,2.5,NR5G-SA,n79,-86,-86,-10,17,-999,12.5
2026-05-28 11:38:43.435,2026-05-28 11:53:29.767,22.6557635,114.5029290,100.1,10.0,-0.00,337.5,42.5,19.2,677.6,5221.60,10.0,2.0,2.5,NR5G-SA,n79,-86,-86,-10,17,-999,9.8
2026-05-28 11:38:43.635,2026-05-28 11:53:29.967,22.6557841,114.5029195,100.1,9.9,-0.03,337.9,42.5,19.2,675.1,5224.09,10.0,2.0,2.5,NR5G-SA,n79,-93,-93,-10,17,-999,7.6
2026-05-28 11:38:43.835,2026-05-28 11:53:30.167,22.6558047,114.5029099,100.1,10.0,-0.12,338.1,42.5,19.2,672.6,5226.59,10.0,2.0,2.5,NR5G-SA,n79,-93,-93,-10,17,-999,6.4
2026-05-28 11:38:44.036,2026-05-28 11:53:30.567,22.6558252,114.5029004,100.0,10.0,-0.11,337.8,42.5,20.2,670.2,5229.07,10.0,2.0,2.5,NR5G-SA,n79,-93,-93,-10,17,-999,7.3
2026-05-28 11:38:44.236,2026-05-28 11:53:30.567,22.6558458,114.5028907,100.0,9.9,0.01,337.3,42.5,20.2,667.7,5231.57,10.0,2.0,2.5,NR5G-SA,n79,-88,-88,-10,16,-999,15.1
2026-05-28 11:38:44.436,2026-05-28 11:53:30.767,22.6558458,114.5028907,100.0,9.9,0.01,337.3,38.0,20.2,667.7,5231.57,10.0,2.0,2.5,NR5G-SA,n79,-88,-88,-10,16,-999,10.9
2026-05-28 11:38:44.637,2026-05-28 11:53:30.967,22.6558665,114.5028811,100.0,10.0,0.04,337.1,38.0,20.2,665.2,5234.08,10.0,2.0,2.5,NR5G-SA,n79,-88,-88,-10,16,-999,8.1
2026-05-28 11:38:44.837,2026-05-28 11:53:31.167,22.6558872,114.5028715,100.1,10.0,0.03,336.9,38.0,20.2,662.6,5236.59,10.0,2.0,2.5,NR5G-SA,n79,-88,-88,-10,16,-999,7.2
2026-05-28 11:38:45.038,2026-05-28 11:53:31.567,22.6559081,114.5028619,100.1,10.1,-0.02,336.7,38.0,20.2,660.1,5239.11,10.0,2.0,2.5,NR5G-SA,n79,-88,-88,-10,16,-999,5.1
2026-05-28 11:38:45.238,2026-05-28 11:53:31.567,22.6559289,114.5028523,100.1,10.0,0.02,336.4,38.0,20.8,657.6,5241.63,10.0,2.0,2.5,NR5G-SA,n79,-93,-93,-10,16,-999,12.9
2026-05-28 11:38:45.438,2026-05-28 11:53:31.767,22.6559289,114.5028523,100.1,10.0,0.02,336.4,38.0,20.8,657.6,5241.63,10.0,2.0,2.5,NR5G-SA,n79,-93,-93,-10,16,-999,10.3
2026-05-28 11:38:45.639,2026-05-28 11:53:31.967,22.6559497,114.5028427,100.1,10.0,-0.01,336.2,38.0,20.8,655.1,5244.15,10.0,2.0,2.5,NR5G-SA,n79,-93,-93,-10,16,-999,6.8
2026-05-28 11:38:45.839,2026-05-28 11:53:32.167,22.6559705,114.5028331,100.1,10.0,0.00,336.3,38.0,20.8,652.6,5246.66,10.0,2.0,2.5,NR5G-SA,n79,-81,-81,-10,17,-999,6.5
2026-05-28 11:38:46.039,2026-05-28 11:53:32.567,22.6559912,114.5028235,100.1,10.0,-0.09,336.2,38.0,20.8,650.1,5249.17,10.0,2.0,2.5,NR5G-SA,n79,-81,-81,-10,17,-999,6.1
2026-05-28 11:38:46.239,2026-05-28 11:53:32.567,22.6560120,114.5028139,100.1,10.0,-0.02,336.6,38.0,21.9,647.5,5251.69,10.0,2.0,2.5,NR5G-SA,n79,-81,-81,-10,17,-999,12.7
2026-05-28 11:38:46.440,2026-05-28 11:53:32.767,22.6560120,114.5028139,100.1,10.0,-0.02,336.6,30.8,21.9,647.5,5251.69,10.0,2.0,2.5,NR5G-SA,n79,-92,-92,-10,17,-999,11.3
2026-05-28 11:38:46.640,2026-05-28 11:53:32.967,22.6560327,114.5028046,100.1,9.9,-0.03,337.1,30.8,21.9,645.0,5254.18,10.0,2.0,2.5,NR5G-SA,n79,-92,-92,-10,17,-999,9.4
2026-05-28 11:38:46.840,2026-05-28 11:53:33.167,22.6560534,114.5027953,100.1,9.9,-0.11,337.4,30.8,21.9,642.6,5256.68,10.0,2.0,2.5,NR5G-SA,n79,-89,-89,-10,18,-999,6.4
2026-05-28 11:38:47.041,2026-05-28 11:53:33.567,22.6560741,114.5027860,100.1,9.9,-0.08,337.1,30.8,21.9,640.1,5259.17,10.0,2.0,2.5,NR5G-SA,n79,-89,-89,-10,18,-999,6.9
2026-05-28 11:38:47.241,2026-05-28 11:53:33.567,22.6560946,114.5027765,100.1,9.9,-0.02,336.8,30.8,22.0,637.6,5261.65,10.0,2.0,2.5,NR5G-SA,n79,-89,-89,-10,18,-999,12.2
2026-05-28 11:38:47.441,2026-05-28 11:53:33.767,22.6560946,114.5027765,100.1,9.9,-0.02,336.8,48.8,22.0,637.6,5261.65,10.0,2.0,2.5,NR5G-SA,n79,-85,-85,-10,17,-999,9.7
2026-05-28 11:38:47.641,2026-05-28 11:53:33.967,22.6561150,114.5027669,100.1,9.9,0.01,336.6,48.8,22.0,635.1,5264.13,10.0,2.0,2.5,NR5G-SA,n79,-85,-85,-10,17,-999,8.4
2026-05-28 11:38:47.842,2026-05-28 11:53:34.167,22.6561353,114.5027572,100.1,9.9,-0.03,336.7,48.8,22.0,632.6,5266.60,10.0,2.0,2.5,NR5G-SA,n79,-85,-85,-10,17,-999,5.7
2026-05-28 11:38:48.042,2026-05-28 11:53:34.567,22.6561559,114.5027476,100.1,9.9,-0.02,336.8,48.8,22.0,630.1,5269.09,10.0,2.0,2.5,NR5G-SA,n79,-92,-92,-10,17,-999,5.3
2026-05-28 11:38:48.242,2026-05-28 11:53:34.567,22.6561765,114.5027380,100.1,10.0,0.03,336.7,48.8,23.7,627.6,5271.59,10.0,2.0,2.5,NR5G-SA,n79,-92,-92,-10,17,-999,10.3
2026-05-28 11:38:48.443,2026-05-28 11:53:34.767,22.6561765,114.5027380,100.1,10.0,0.03,336.7,37.7,23.7,627.6,5271.59,10.0,2.0,2.5,NR5G-SA,n79,-92,-92,-10,17,-999,10.3
2026-05-28 11:38:48.643,2026-05-28 11:53:34.967,22.6561971,114.5027285,100.1,9.9,-0.03,336.6,37.7,23.7,625.1,5274.08,10.0,2.0,2.5,NR5G-SA,n79,-86,-86,-10,17,-999,5.3
2026-05-28 11:38:48.843,2026-05-28 11:53:35.167,22.6562177,114.5027189,100.1,10.0,-0.04,336.6,37.7,23.7,622.7,5276.58,10.0,2.0,2.5,NR5G-SA,n79,-86,-86,-10,17,-999,5.7
2026-05-28 11:38:49.044,2026-05-28 11:53:35.167,22.6562384,114.5027093,100.1,10.0,0.01,336.7,37.7,23.7,620.1,5279.08,10.0,2.0,2.5,NR5G-SA,n79,-91,-91,-10,17,-999,8.5
2026-05-28 11:38:49.244,2026-05-28 11:53:35.567,22.6562592,114.5026997,100.1,10.0,-0.09,336.9,37.7,24.0,617.6,5281.60,10.0,2.0,2.5,NR5G-SA,n79,-91,-91,-10,17,-999,11.6
2026-05-28 11:38:49.445,2026-05-28 11:53:35.767,22.6562592,114.5026997,100.1,10.0,-0.09,336.9,24.7,24.0,617.6,5281.60,10.0,2.0,2.5,NR5G-SA,n79,-91,-91,-10,17,-999,11.9
2026-05-28 11:38:49.645,2026-05-28 11:53:35.967,22.6562799,114.5026902,100.1,10.0,-0.18,336.7,24.7,24.0,615.1,5284.10,10.0,2.0,2.5,NR5G-SA,n79,-89,-89,-10,17,-999,6.8
2026-05-28 11:38:49.845,2026-05-28 11:53:36.167,22.6563005,114.5026806,100.0,9.9,-0.19,336.1,24.7,24.0,612.6,5286.60,10.0,2.0,2.5,NR5G-SA,n79,-89,-89,-10,17,-999,6.4
2026-05-28 11:38:50.046,2026-05-28 11:53:36.567,22.6563211,114.5026711,100.0,10.0,-0.12,335.8,24.7,24.0,610.1,5289.09,10.0,2.0,2.5,NR5G-SA,n79,-89,-89,-10,17,-999,5.8
2026-05-28 11:38:50.246,2026-05-28 11:53:36.567,22.6563418,114.5026616,100.0,9.9,0.05,335.4,24.7,25.1,607.6,5291.59,10.0,2.0,2.5,NR5G-SA,n79,-86,-86,-10,18,-999,9.5
2026-05-28 11:38:50.446,2026-05-28 11:53:36.767,22.6563418,114.5026616,100.0,9.9,0.05,335.4,43.1,25.1,607.6,5291.59,10.0,2.0,2.5,NR5G-SA,n79,-86,-86,-10,18,-999,6.5
2026-05-28 11:38:50.647,2026-05-28 11:53:36.967,22.6563624,114.5026522,100.0,9.9,0.15,335.4,43.1,25.1,605.1,5294.08,10.0,2.0,2.5,NR5G-SA,n79,-86,-86,-10,18,-999,7.0
2026-05-28 11:38:50.847,2026-05-28 11:53:37.167,22.6563828,114.5026429,100.0,9.9,0.10,335.4,43.1,25.1,602.7,5296.55,10.0,2.0,2.5,NR5G-SA,n79,-89,-89,-10,18,-999,6.6
2026-05-28 11:38:51.047,2026-05-28 11:53:37.567,22.6564033,114.5026334,100.1,9.9,0.06,335.4,43.1,25.1,600.2,5299.03,10.0,2.0,2.5,NR5G-SA,n79,-89,-89,-10,18,-999,5.0
2026-05-28 11:38:51.248,2026-05-28 11:53:37.567,22.6564240,114.5026238,100.1,10.0,-0.01,335.5,43.1,26.0,597.7,5301.54,10.0,2.0,2.5,NR5G-SA,n79,-87,-87,-10,17,-999,10.2
2026-05-28 11:38:51.448,2026-05-28 11:53:37.767,22.6564240,114.5026238,100.1,10.0,-0.01,335.5,15.5,26.0,597.7,5301.54,10.0,2.0,2.5,NR5G-SA,n79,-87,-87,-10,17,-999,11.9
2026-05-28 11:38:51.649,2026-05-28 11:53:37.967,22.6564447,114.5026142,100.1,10.0,-0.00,335.4,15.5,26.0,595.2,5304.04,10.0,2.0,2.5,NR5G-SA,n79,-87,-87,-10,17,-999,5.7
2026-05-28 11:38:51.849,2026-05-28 11:53:38.167,22.6564653,114.5026046,100.1,10.0,-0.07,335.2,15.5,26.0,592.7,5306.54,10.0,2.0,2.5,NR5G-SA,n79,-86,-86,-10,17,-999,5.7
2026-05-28 11:38:52.049,2026-05-28 11:53:38.567,22.6564858,114.5025948,100.0,9.9,-0.04,335.3,15.5,26.0,590.2,5309.03,10.0,2.0,2.5,NR5G-SA,n79,-86,-86,-10,17,-999,5.0
2026-05-28 11:38:52.249,2026-05-28 11:53:38.567,22.6565065,114.5025851,100.0,10.0,-0.04,335.5,15.5,26.1,587.7,5311.54,10.0,2.0,2.5,NR5G-SA,n79,-86,-86,-10,17,-999,9.1
2026-05-28 11:38:52.450,2026-05-28 11:53:38.767,22.6565065,114.5025851,100.0,10.0,-0.04,335.5,100.0,26.1,587.7,5311.54,10.0,2.0,2.5,NR5G-SA,n79,-84,-84,-10,17,-999,10.8
2026-05-28 11:38:52.650,2026-05-28 11:53:38.967,22.6565271,114.5025755,100.1,10.0,-0.02,335.7,100.0,26.1,585.2,5314.04,10.0,2.0,2.5,NR5G-SA,n79,-84,-84,-10,17,-999,9.1
2026-05-28 11:38:52.850,2026-05-28 11:53:39.167,22.6565479,114.5025662,100.1,10.0,-0.00,335.8,100.0,26.1,582.7,5316.54,10.0,2.0,2.5,NR5G-SA,n79,-84,-84,-10,17,-999,5.5
2026-05-28 11:38:53.051,2026-05-28 11:53:39.567,22.6565687,114.5025569,100.1,10.0,-0.02,335.9,100.0,26.1,580.2,5319.05,10.0,2.0,2.5,NR5G-SA,n79,-87,-87,-10,17,-999,5.6
2026-05-28 11:38:53.251,2026-05-28 11:53:39.567,22.6565894,114.5025475,100.1,10.0,-0.05,336.0,100.0,26.1,577.7,5321.55,10.0,2.0,2.5,NR5G-SA,n79,-87,-87,-10,17,-999,11.5
2026-05-28 11:38:53.451,2026-05-28 11:53:39.767,22.6565894,114.5025475,100.1,10.0,-0.05,336.0,5.6,23.9,577.7,5321.55,10.0,2.0,2.5,NR5G-SA,n79,-87,-87,-10,17,-999,10.3
2026-05-28 11:38:53.652,2026-05-28 11:53:39.967,22.6566101,114.5025380,100.1,9.9,0.00,336.2,5.6,23.9,575.2,5324.05,10.0,2.0,2.5,NR5G-SA,n79,-93,-93,-10,16,-999,6.1
2026-05-28 11:38:53.852,2026-05-28 11:53:40.167,22.6566307,114.5025285,100.1,9.9,-0.01,336.4,5.6,23.9,572.7,5326.54,10.0,2.0,2.5,NR5G-SA,n79,-93,-93,-10,16,-999,5.8
2026-05-28 11:38:54.052,2026-05-28 11:53:40.567,22.6566512,114.5025190,100.1,9.9,0.06,336.5,5.6,23.9,570.2,5329.02,10.0,2.0,2.5,NR5G-SA,n79,-88,-88,-10,16,-999,5.7
2026-05-28 11:38:54.253,2026-05-28 11:53:40.567,22.6566716,114.5025094,100.1,9.9,0.12,337.2,5.6,23.9,567.7,5331.50,10.0,2.0,2.5,NR5G-SA,n79,-88,-88,-10,16,-999,11.9
2026-05-28 11:38:54.453,2026-05-28 11:53:40.767,22.6566716,114.5025094,100.1,9.9,0.12,337.2,0.0,23.2,567.7,5331.50,10.0,2.0,2.5,NR5G-SA,n79,-88,-88,-10,16,-999,10.9
2026-05-28 11:38:54.653,2026-05-28 11:53:40.967,22.6566923,114.5024998,100.1,10.0,0.11,338.2,0.0,23.2,565.2,5334.01,10.0,2.0,2.5,NR5G-SA,n79,-85,-85,-10,15,-999,8.9
2026-05-28 11:38:54.854,2026-05-28 11:53:41.167,22.6567131,114.5024902,100.2,10.0,0.01,338.9,0.0,23.2,562.7,5336.52,10.0,2.0,2.5,NR5G-SA,n79,-85,-85,-10,15,-999,5.5
2026-05-28 11:38:55.054,2026-05-28 11:53:41.567,22.6567338,114.5024807,100.2,10.0,-0.12,339.4,0.0,23.2,560.2,5339.02,10.0,2.0,2.5,NR5G-SA,n79,-85,-85,-10,15,-999,7.1
2026-05-28 11:38:55.255,2026-05-28 11:53:41.567,22.6567544,114.5024711,100.1,9.9,-0.15,339.6,0.0,23.2,557.7,5341.52,10.0,2.0,2.5,NR5G-SA,n79,-86,-86,-10,15,-999,10.2
2026-05-28 11:38:55.455,2026-05-28 11:53:41.767,22.6567544,114.5024711,100.1,9.9,-0.15,339.6,100.0,23.2,557.7,5341.52,10.0,2.0,2.5,NR5G-SA,n79,-86,-86,-10,15,-999,10.8
2026-05-28 11:38:55.655,2026-05-28 11:53:41.967,22.6567750,114.5024613,100.1,10.0,-0.12,339.6,100.0,23.2,555.2,5344.03,10.0,2.0,2.5,NR5G-SA,n79,-86,-86,-10,15,-999,6.5
2026-05-28 11:38:55.856,2026-05-28 11:53:42.167,22.6567954,114.5024513,100.1,9.9,-0.08,339.5,100.0,23.2,552.7,5346.52,10.0,2.0,2.5,NR5G-SA,n79,-86,-86,-10,15,-999,5.7
2026-05-28 11:38:56.056,2026-05-28 11:53:42.567,22.6568157,114.5024411,100.0,9.9,-0.07,339.0,100.0,23.2,550.2,5349.01,10.0,2.0,2.5,NR5G-SA,n79,-86,-86,-10,15,-999,7.7
2026-05-28 11:38:56.256,2026-05-28 11:53:42.567,22.6568362,114.5024311,100.0,9.9,-0.00,338.4,100.0,23.2,547.7,5351.51,10.0,2.0,2.5,NR5G-SA,n79,-86,-86,-10,15,-999,13.1
2026-05-28 11:38:56.457,2026-05-28 11:53:42.767,22.6568362,114.5024311,100.0,9.9,-0.00,338.4,0.0,21.3,547.7,5351.51,10.0,2.0,2.5,NR5G-SA,n79,-86,-86,-10,15,-999,9.9
2026-05-28 11:38:56.657,2026-05-28 11:53:42.967,22.6568567,114.5024212,100.0,10.0,-0.01,337.9,0.0,21.3,545.2,5354.01,10.0,2.0,2.5,NR5G-SA,n79,-86,-86,-10,15,-999,7.0
2026-05-28 11:38:56.857,2026-05-28 11:53:43.167,22.6568773,114.5024115,100.1,10.0,-0.03,337.2,0.0,21.3,542.7,5356.51,10.0,2.0,2.5,NR5G-SA,n79,-85,-85,-10,14,-999,6.3
2026-05-28 11:38:57.058,2026-05-28 11:53:43.567,22.6568979,114.5024020,100.0,10.0,-0.04,336.6,0.0,21.3,540.2,5359.00,10.0,2.0,2.5,NR5G-SA,n79,-85,-85,-10,14,-999,7.1
2026-05-28 11:38:57.258,2026-05-28 11:53:43.567,22.6569187,114.5023925,100.0,10.0,-0.04,335.9,0.0,21.3,537.7,5361.52,10.0,2.0,2.5,NR5G-SA,n79,-85,-85,-10,14,-999,8.7
2026-05-28 11:38:57.458,2026-05-28 11:53:43.767,22.6569187,114.5023925,100.0,10.0,-0.04,335.9,16.7,20.1,537.7,5361.52,10.0,2.0,2.5,NR5G-SA,n79,-90,-90,-10,15,-999,11.3
2026-05-28 11:38:57.659,2026-05-28 11:53:43.967,22.6569394,114.5023831,100.0,10.0,0.02,335.3,16.7,20.1,535.2,5364.01,10.0,2.0,2.5,NR5G-SA,n79,-90,-90,-10,15,-999,6.2
2026-05-28 11:38:57.859,2026-05-28 11:53:44.167,22.6569602,114.5023736,100.0,10.0,0.02,335.1,16.7,20.1,532.7,5366.53,10.0,2.0,2.5,NR5G-SA,n79,-90,-90,-10,15,-999,5.2
2026-05-28 11:38:58.059,2026-05-28 11:53:44.567,22.6569810,114.5023642,100.1,10.0,0.08,334.8,16.7,20.1,530.2,5369.04,10.0,2.0,2.5,NR5G-SA,n79,-90,-90,-10,16,-999,5.8
2026-05-28 11:38:58.260,2026-05-28 11:53:44.567,22.6570018,114.5023549,100.1,9.9,0.04,334.9,16.7,20.1,527.7,5371.54,10.0,2.0,2.5,NR5G-SA,n79,-90,-90,-10,16,-999,11.0
2026-05-28 11:38:58.460,2026-05-28 11:53:44.767,22.6570018,114.5023549,100.1,9.9,0.04,334.9,41.3,18.5,527.7,5371.54,10.0,2.0,2.5,NR5G-SA,n79,-88,-88,-10,16,-999,12.3
2026-05-28 11:38:58.660,2026-05-28 11:53:44.967,22.6570226,114.5023456,100.1,9.9,0.01,335.0,41.3,18.5,525.2,5374.04,10.0,2.0,2.5,NR5G-SA,n79,-88,-88,-10,16,-999,6.9
2026-05-28 11:38:58.861,2026-05-28 11:53:45.167,22.6570432,114.5023362,100.1,10.0,-0.07,335.1,41.3,18.5,522.7,5376.53,10.0,2.0,2.5,NR5G-SA,n79,-88,-88,-10,16,-999,6.1
2026-05-28 11:38:59.061,2026-05-28 11:53:45.567,22.6570639,114.5023267,100.1,10.0,-0.08,335.0,41.3,18.5,520.2,5379.04,10.0,2.0,2.5,NR5G-SA,n79,-86,-86,-10,17,-999,7.4
2026-05-28 11:38:59.261,2026-05-28 11:53:45.567,22.6570845,114.5023172,100.1,9.9,-0.05,335.0,41.3,18.5,517.7,5381.53,10.0,2.0,2.5,NR5G-SA,n79,-86,-86,-10,17,-999,9.9
2026-05-28 11:38:59.462,2026-05-28 11:53:45.767,22.6570845,114.5023172,100.1,9.9,-0.05,335.0,25.9,18.4,517.7,5381.53,10.0,2.0,2.5,NR5G-SA,n79,-86,-86,-10,17,-999,8.6
2026-05-28 11:38:59.662,2026-05-28 11:53:45.967,22.6571052,114.5023076,100.1,9.9,-0.03,335.1,25.9,18.4,515.2,5384.03,10.0,2.0,2.5,NR5G-SA,n79,-89,-89,-10,17,-999,6.2
2026-05-28 11:38:59.862,2026-05-28 11:53:46.167,22.6571259,114.5022981,100.1,9.9,-0.04,335.1,25.9,18.4,512.7,5386.54,10.0,2.0,2.5,NR5G-SA,n79,-89,-89,-10,17,-999,5.5
2026-05-28 11:39:00.063,2026-05-28 11:53:46.567,22.6571466,114.5022886,100.0,10.0,-0.03,335.1,25.9,18.4,510.2,5389.04,10.0,2.0,2.5,NR5G-SA,n79,-89,-89,-10,17,-999,4.9
2026-05-28 11:39:00.263,2026-05-28 11:53:46.567,22.6571673,114.5022791,100.0,10.0,-0.06,335.1,25.9,18.4,507.7,5391.54,10.0,2.0,2.5,NR5G-SA,n79,-95,-95,-10,17,-999,9.4
2026-05-28 11:39:00.464,2026-05-28 11:53:46.767,22.6571673,114.5022791,100.0,10.0,-0.06,335.1,36.3,16.3,507.7,5391.54,10.0,2.0,2.5,NR5G-SA,n79,-95,-95,-10,17,-999,10.1
2026-05-28 11:39:00.664,2026-05-28 11:53:46.967,22.6571881,114.5022697,100.0,10.0,-0.14,335.8,36.3,16.3,505.2,5394.05,10.0,2.0,2.5,NR5G-SA,n79,-89,-89,-10,16,-999,7.3
2026-05-28 11:39:00.865,2026-05-28 11:53:47.167,22.6572089,114.5022604,100.0,10.0,-0.08,336.7,36.3,16.3,502.7,5396.56,10.0,2.0,2.5,NR5G-SA,n79,-89,-89,-10,16,-999,4.5
2026-05-28 11:39:01.065,2026-05-28 11:53:47.567,22.6572298,114.5022513,100.0,10.0,0.01,336.9,36.3,16.3,500.2,5399.06,10.0,2.0,2.5,NR5G-SA,n79,-89,-89,-10,16,-999,7.4
2026-05-28 11:39:01.265,2026-05-28 11:53:47.567,22.6572506,114.5022421,100.0,10.0,0.01,336.9,36.3,16.3,497.7,5401.56,10.0,2.0,2.5,NR5G-SA,n79,-85,-85,-10,16,-999,10.2
2026-05-28 11:39:01.466,2026-05-28 11:53:47.767,22.6572506,114.5022421,100.0,10.0,0.01,336.9,31.9,16.6,497.7,5401.56,10.0,2.0,2.5,NR5G-SA,n79,-85,-85,-10,16,-999,13.2
2026-05-28 11:39:01.666,2026-05-28 11:53:47.967,22.6572713,114.5022326,100.0,10.0,0.05,336.9,31.9,16.6,495.2,5404.07,10.0,2.0,2.5,NR5G-SA,n79,-85,-85,-10,16,-999,8.4
2026-05-28 11:39:01.866,2026-05-28 11:53:48.167,22.6572919,114.5022230,100.0,10.0,-0.04,337.0,31.9,16.6,492.7,5406.56,10.0,2.0,2.5,NR5G-SA,n79,-88,-88,-10,16,-999,6.2
2026-05-28 11:39:02.067,2026-05-28 11:53:48.567,22.6573124,114.5022133,100.0,10.0,0.03,337.1,31.9,16.6,490.2,5409.05,10.0,2.0,2.5,NR5G-SA,n79,-88,-88,-10,16,-999,6.5
2026-05-28 11:39:02.267,2026-05-28 11:53:48.567,22.6573329,114.5022036,100.0,9.9,0.02,337.2,31.9,16.6,487.7,5411.54,10.0,2.0,2.5,NR5G-SA,n79,-88,-88,-10,16,-999,10.4
2026-05-28 11:39:02.467,2026-05-28 11:53:48.767,22.6573329,114.5022036,100.0,9.9,0.02,337.2,32.8,16.6,487.7,5411.54,10.0,2.0,2.5,NR5G-SA,n79,-89,-89,-10,16,-999,8.9
2026-05-28 11:39:02.668,2026-05-28 11:53:48.967,22.6573535,114.5021939,100.0,10.0,-0.04,337.4,32.8,17.8,485.2,5414.04,10.0,2.0,2.5,NR5G-SA,n79,-89,-89,-10,16,-999,6.8
2026-05-28 11:39:02.868,2026-05-28 11:53:49.167,22.6573740,114.5021844,100.0,10.0,0.02,337.9,32.8,17.8,482.7,5416.52,10.0,2.0,2.5,NR5G-SA,n79,-86,-86,-10,16,-999,4.8
2026-05-28 11:39:03.068,2026-05-28 11:53:49.567,22.6573946,114.5021749,100.1,9.9,-0.00,337.9,32.8,17.8,480.2,5419.02,10.0,2.0,2.5,NR5G-SA,n79,-86,-86,-10,16,-999,5.4
2026-05-28 11:39:03.269,2026-05-28 11:53:49.767,22.6574153,114.5021655,100.1,10.0,-0.08,338.2,32.8,17.8,477.7,5421.52,10.0,2.0,2.5,NR5G-SA,n79,-86,-86,-10,16,-999,8.0
2026-05-28 11:39:03.469,2026-05-28 11:53:49.767,22.6574153,114.5021655,100.1,10.0,-0.08,338.2,36.6,17.8,477.7,5421.52,10.0,2.0,2.5,NR5G-SA,n79,-86,-86,-10,16,-999,15.8
2026-05-28 11:39:03.670,2026-05-28 11:53:49.967,22.6574360,114.5021559,100.1,10.0,-0.02,338.3,36.6,18.7,475.2,5424.02,10.0,2.0,2.5,NR5G-SA,n79,-86,-86,-10,16,-999,7.1
2026-05-28 11:39:03.870,2026-05-28 11:53:50.167,22.6574565,114.5021463,100.1,10.0,-0.02,338.4,36.6,18.7,472.7,5426.51,10.0,2.0,2.5,NR5G-SA,n79,-92,-92,-10,16,-999,6.8
2026-05-28 11:39:04.070,2026-05-28 11:53:50.567,22.6574771,114.5021366,100.1,10.0,-0.01,338.3,36.6,18.7,470.2,5429.01,10.0,2.0,2.5,NR5G-SA,n79,-90,-90,-10,16,-999,6.1
2026-05-28 11:39:04.271,2026-05-28 11:53:50.567,22.6574977,114.5021269,100.1,10.0,0.02,338.3,36.6,18.7,467.7,5431.51,10.0,2.0,2.5,NR5G-SA,n79,-90,-90,-10,16,-999,9.9
2026-05-28 11:39:04.471,2026-05-28 11:53:50.767,22.6574977,114.5021269,100.1,10.0,0.02,338.3,38.6,18.7,467.7,5431.51,10.0,2.0,2.5,NR5G-SA,n79,-90,-90,-10,16,-999,14.1
2026-05-28 11:39:04.672,2026-05-28 11:53:50.967,22.6575184,114.5021172,100.0,10.0,0.00,338.2,38.6,21.8,465.2,5434.02,10.0,2.0,2.5,NR5G-SA,n79,-90,-90,-10,16,-999,7.5
2026-05-28 11:39:04.872,2026-05-28 11:53:51.167,22.6575390,114.5021075,100.1,10.0,-0.01,338.1,38.6,21.8,462.7,5436.52,10.0,2.0,2.5,NR5G-SA,n79,-85,-85,-10,18,-999,5.0
2026-05-28 11:39:05.072,2026-05-28 11:53:51.567,22.6575595,114.5020977,100.1,10.0,0.02,338.2,38.6,21.8,460.2,5439.01,10.0,2.0,2.5,NR5G-SA,n79,-92,-92,-10,15,-999,4.7
2026-05-28 11:39:05.273,2026-05-28 11:53:51.767,22.6575801,114.5020879,100.1,10.0,-0.02,338.3,38.6,21.8,457.7,5441.52,10.0,2.0,2.5,NR5G-SA,n79,-92,-92,-10,15,-999,6.6
2026-05-28 11:39:05.473,2026-05-28 11:53:51.767,22.6576007,114.5020782,100.1,10.0,-0.01,338.4,43.2,21.8,455.2,5444.02,10.0,2.0,2.5,NR5G-SA,n79,-92,-92,-10,15,-999,14.9
2026-05-28 11:39:05.673,2026-05-28 11:53:51.967,22.6576007,114.5020782,100.1,10.0,-0.01,338.4,43.2,21.9,455.2,5444.02,10.0,2.0,2.5,NR5G-SA,n79,-84,-84,-10,16,-999,7.4
2026-05-28 11:39:05.874,2026-05-28 11:53:52.167,22.6576212,114.5020685,100.1,10.0,-0.06,338.4,43.2,21.9,452.7,5446.51,10.0,2.0,2.5,NR5G-SA,n79,-84,-84,-10,16,-999,5.1
2026-05-28 11:39:06.074,2026-05-28 11:53:52.567,22.6576418,114.5020588,100.1,9.9,0.04,338.4,43.2,21.9,450.2,5449.01,10.0,2.0,2.5,NR5G-SA,n79,-84,-84,-10,16,-999,4.9
2026-05-28 11:39:06.274,2026-05-28 11:53:52.767,22.6576624,114.5020492,100.1,10.0,0.01,338.4,43.2,21.9,447.7,5451.50,10.0,2.0,2.5,NR5G-SA,n79,-85,-85,-10,16,-999,6.9
2026-05-28 11:39:06.475,2026-05-28 11:53:52.767,22.6576624,114.5020492,100.1,10.0,0.01,338.4,14.3,21.9,447.7,5451.50,10.0,2.0,2.5,NR5G-SA,n79,-85,-85,-10,16,-999,16.0
2026-05-28 11:39:06.675,2026-05-28 11:53:52.967,22.6576831,114.5020396,100.1,10.0,0.02,338.3,14.3,22.7,445.2,5454.01,10.0,2.0,2.5,NR5G-SA,n79,-85,-85,-10,16,-999,9.2
2026-05-28 11:39:06.876,2026-05-28 11:53:53.167,22.6577039,114.5020301,100.1,10.0,-0.02,338.3,14.3,22.7,442.7,5456.52,10.0,2.0,2.5,NR5G-SA,n79,-86,-86,-10,16,-999,5.5
2026-05-28 11:39:07.076,2026-05-28 11:53:53.567,22.6577247,114.5020207,100.1,10.0,-0.04,338.4,14.3,22.7,440.2,5459.03,10.0,2.0,2.5,NR5G-SA,n79,-86,-86,-10,16,-999,6.5
2026-05-28 11:39:07.276,2026-05-28 11:53:53.567,22.6577454,114.5020112,100.1,10.0,-0.03,338.4,14.3,22.7,437.7,5461.54,10.0,2.0,2.5,NR5G-SA,n79,-89,-89,-10,18,-999,11.0
2026-05-28 11:39:07.477,2026-05-28 11:53:53.767,22.6577454,114.5020112,100.1,10.0,-0.03,338.4,0.0,22.7,437.7,5461.54,10.0,2.0,2.5,NR5G-SA,n79,-89,-89,-10,18,-999,11.9
2026-05-28 11:39:07.677,2026-05-28 11:53:53.967,22.6577662,114.5020017,100.0,10.0,-0.04,338.4,0.0,23.7,435.2,5464.05,10.0,2.0,2.5,NR5G-SA,n79,-89,-89,-10,18,-999,6.9
2026-05-28 11:39:07.877,2026-05-28 11:53:54.167,22.6577869,114.5019921,100.0,10.0,0.02,338.3,0.0,23.7,432.7,5466.55,10.0,2.0,2.5,NR5G-SA,n79,-88,-88,-10,18,-999,5.1
2026-05-28 11:39:08.077,2026-05-28 11:53:54.567,22.6578076,114.5019826,100.0,10.0,-0.02,338.3,0.0,23.7,430.2,5469.06,10.0,2.0,2.5,NR5G-SA,n79,-88,-88,-10,18,-999,6.8
2026-05-28 11:39:08.278,2026-05-28 11:53:54.767,22.6578283,114.5019730,100.1,10.0,0.03,338.2,0.0,23.7,427.7,5471.56,10.0,2.0,2.5,NR5G-SA,n79,-88,-88,-10,18,-999,6.4
2026-05-28 11:39:08.478,2026-05-28 11:53:54.767,22.6578489,114.5019634,100.1,10.0,0.03,338.2,2.3,23.7,425.2,5474.06,10.0,2.0,2.5,NR5G-SA,n79,-84,-84,-10,18,-999,14.6
2026-05-28 11:39:08.679,2026-05-28 11:53:54.967,22.6578489,114.5019634,100.1,10.0,-0.05,338.2,2.3,23.4,425.2,5474.06,10.0,2.0,2.5,NR5G-SA,n79,-84,-84,-10,18,-999,8.9
2026-05-28 11:39:08.879,2026-05-28 11:53:55.167,22.6578697,114.5019539,100.1,10.0,-0.05,338.4,2.3,23.4,422.7,5476.57,10.0,2.0,2.5,NR5G-SA,n79,-84,-84,-10,18,-999,4.5
2026-05-28 11:39:09.079,2026-05-28 11:53:55.567,22.6578905,114.5019443,100.0,10.0,-0.01,338.3,2.3,23.4,420.1,5479.09,10.0,2.0,2.5,NR5G-SA,n79,-91,-91,-10,18,-999,5.4
2026-05-28 11:39:09.280,2026-05-28 11:53:55.567,22.6579112,114.5019348,100.1,10.0,0.05,338.2,2.3,23.4,417.6,5481.59,10.0,2.0,2.5,NR5G-SA,n79,-91,-91,-10,18,-999,8.1
2026-05-28 11:39:09.480,2026-05-28 11:53:55.767,22.6579318,114.5019252,100.1,10.0,0.05,338.2,0.0,23.4,415.1,5484.09,10.0,2.0,2.5,NR5G-SA,n79,-91,-91,-10,18,-999,12.7
2026-05-28 11:39:09.680,2026-05-28 11:53:55.967,22.6579318,114.5019252,100.1,10.0,-0.03,338.2,0.0,20.2,415.1,5484.09,10.0,2.0,2.5,NR5G-SA,n79,-87,-87,-10,18,-999,7.3
2026-05-28 11:39:09.881,2026-05-28 11:53:56.167,22.6579523,114.5019156,100.1,10.0,0.07,338.1,0.0,20.2,412.7,5486.57,10.0,2.0,2.5,NR5G-SA,n79,-87,-87,-10,18,-999,5.0
2026-05-28 11:39:10.081,2026-05-28 11:53:56.567,22.6579729,114.5019059,100.1,10.0,-0.06,338.0,0.0,20.2,410.2,5489.07,10.0,2.0,2.5,NR5G-SA,n79,-91,-91,-10,16,-999,3.3
2026-05-28 11:39:10.281,2026-05-28 11:53:56.567,22.6579936,114.5018963,100.1,9.9,0.02,338.0,0.0,20.2,407.7,5491.58,10.0,2.0,2.5,NR5G-SA,n79,-91,-91,-10,16,-999,8.1
2026-05-28 11:39:10.482,2026-05-28 11:53:56.767,22.6580144,114.5018865,100.0,9.9,0.02,337.8,9.2,20.2,405.1,5494.11,10.0,2.0,2.5,NR5G-SA,n79,-91,-91,-10,16,-999,11.1
2026-05-28 11:39:10.682,2026-05-28 11:53:56.967,22.6580144,114.5018865,100.0,10.0,0.02,337.8,9.2,20.0,405.1,5494.11,10.0,2.0,2.5,NR5G-SA,n79,-85,-85,-10,16,-999,5.9
2026-05-28 11:39:10.882,2026-05-28 11:53:57.167,22.6580351,114.5018767,100.0,10.0,-0.01,337.7,9.2,20.0,402.6,5496.62,10.0,2.0,2.5,NR5G-SA,n79,-85,-85,-10,16,-999,5.6
2026-05-28 11:39:11.083,2026-05-28 11:53:57.567,22.6580559,114.5018670,100.0,10.0,-0.03,337.9,9.2,20.0,400.1,5499.14,10.0,2.0,2.5,NR5G-SA,n79,-85,-85,-10,16,-999,6.1
2026-05-28 11:39:11.283,2026-05-28 11:53:57.567,22.6580767,114.5018575,100.0,10.0,-0.00,337.9,9.2,20.0,397.6,5501.65,10.0,2.0,2.5,NR5G-SA,n79,-86,-86,-10,16,-999,8.3
2026-05-28 11:39:11.483,2026-05-28 11:53:57.767,22.6580976,114.5018481,100.0,10.0,0.00,337.9,0.0,20.0,395.1,5504.17,10.0,2.0,2.5,NR5G-SA,n79,-86,-86,-10,16,-999,11.3
2026-05-28 11:39:11.684,2026-05-28 11:53:57.967,22.6580976,114.5018481,100.0,10.0,0.00,337.9,0.0,20.0,395.1,5504.17,10.0,2.0,2.5,NR5G-SA,n79,-86,-86,-10,16,-999,7.2
2026-05-28 11:39:11.884,2026-05-28 11:53:58.167,22.6581183,114.5018387,100.0,10.0,0.05,337.6,0.0,19.0,392.6,5506.67,10.0,2.0,2.5,NR5G-SA,n79,-89,-89,-10,16,-999,4.9
2026-05-28 11:39:12.084,2026-05-28 11:53:58.567,22.6581390,114.5018293,100.0,10.0,0.03,337.8,0.0,19.0,390.1,5509.17,10.0,2.0,2.5,NR5G-SA,n79,-89,-89,-10,16,-999,5.1
2026-05-28 11:39:12.285,2026-05-28 11:53:58.767,22.6581598,114.5018199,100.0,10.0,0.01,337.8,0.0,19.0,387.6,5511.68,10.0,2.0,2.5,NR5G-SA,n79,-87,-87,-10,16,-999,6.1
2026-05-28 11:39:12.485,2026-05-28 11:53:58.767,22.6581805,114.5018103,100.0,10.0,-0.00,337.6,19.2,19.0,385.1,5514.18,10.0,2.0,2.5,NR5G-SA,n79,-87,-87,-10,16,-999,12.5
2026-05-28 11:39:12.685,2026-05-28 11:53:58.967,22.6581805,114.5018103,100.0,10.0,-0.00,337.6,19.2,19.0,385.1,5514.18,10.0,2.0,2.5,NR5G-SA,n79,-87,-87,-10,16,-999,7.3
2026-05-28 11:39:12.886,2026-05-28 11:53:59.167,22.6582011,114.5018007,100.0,9.9,0.14,337.5,19.2,17.0,382.6,5516.68,10.0,2.0,2.5,NR5G-SA,n79,-88,-88,-10,17,-999,5.2
2026-05-28 11:39:13.086,2026-05-28 11:53:59.567,22.6582215,114.5017909,100.0,9.9,0.05,337.4,19.2,17.0,380.1,5519.17,10.0,2.0,2.5,NR5G-SA,n79,-88,-88,-10,17,-999,5.6
2026-05-28 11:39:13.286,2026-05-28 11:53:59.567,22.6582418,114.5017810,100.0,9.9,0.07,337.1,19.2,17.0,377.6,5521.64,10.0,2.0,2.5,NR5G-SA,n79,-88,-88,-10,17,-999,7.9
2026-05-28 11:39:13.487,2026-05-28 11:53:59.767,22.6582623,114.5017713,100.0,9.9,0.10,337.0,40.7,17.0,375.1,5524.13,10.0,2.0,2.5,NR5G-SA,n79,-89,-89,-10,17,-999,11.0
2026-05-28 11:39:13.687,2026-05-28 11:53:59.967,22.6582623,114.5017713,100.0,9.9,0.10,337.0,40.7,17.0,375.1,5524.13,10.0,2.0,2.5,NR5G-SA,n79,-89,-89,-10,17,-999,6.0
2026-05-28 11:39:13.888,2026-05-28 11:54:00.167,22.6582828,114.5017616,100.1,10.0,0.02,336.9,40.7,16.2,372.6,5526.62,10.0,2.0,2.5,NR5G-SA,n79,-89,-89,-10,17,-999,4.8
2026-05-28 11:39:14.088,2026-05-28 11:54:00.567,22.6583034,114.5017521,100.1,9.9,0.01,336.9,40.7,16.2,370.1,5529.12,10.0,2.0,2.5,NR5G-SA,n79,-88,-88,-10,16,-999,5.2
2026-05-28 11:39:14.288,2026-05-28 11:54:00.767,22.6583241,114.5017426,100.1,9.9,-0.03,336.8,40.7,16.2,367.6,5531.62,10.0,2.0,2.5,NR5G-SA,n79,-88,-88,-10,16,-999,5.7
2026-05-28 11:39:14.489,2026-05-28 11:54:00.767,22.6583448,114.5017331,100.0,10.0,0.03,336.9,27.6,16.2,365.1,5534.12,10.0,2.0,2.5,NR5G-SA,n79,-87,-87,-10,16,-999,11.8
2026-05-28 11:39:14.689,2026-05-28 11:54:00.967,22.6583448,114.5017331,100.0,10.0,0.03,336.9,27.6,16.2,365.1,5534.12,10.0,2.0,2.5,NR5G-SA,n79,-87,-87,-10,16,-999,8.3
2026-05-28 11:39:14.890,2026-05-28 11:54:01.167,22.6583655,114.5017235,100.0,9.9,0.03,336.9,27.6,16.9,362.6,5536.63,10.0,2.0,2.5,NR5G-SA,n79,-87,-87,-10,16,-999,5.3
2026-05-28 11:39:15.090,2026-05-28 11:54:01.567,22.6583862,114.5017139,100.0,10.0,0.01,336.9,27.6,16.9,360.1,5539.13,10.0,2.0,2.5,NR5G-SA,n79,-87,-87,-10,16,-999,4.7
2026-05-28 11:39:15.290,2026-05-28 11:54:01.767,22.6584069,114.5017044,100.0,9.9,0.03,336.9,27.6,16.9,357.6,5541.64,10.0,2.0,2.5,NR5G-SA,n79,-87,-87,-10,16,-999,6.8
2026-05-28 11:39:15.491,2026-05-28 11:54:01.767,22.6584276,114.5016949,100.0,10.0,0.05,336.7,35.4,16.9,355.1,5544.14,10.0,2.0,2.5,NR5G-SA,n79,-87,-87,-10,16,-999,11.2
2026-05-28 11:39:15.691,2026-05-28 11:54:01.967,22.6584276,114.5016949,100.0,10.0,0.05,336.7,35.4,16.9,355.1,5544.14,10.0,2.0,2.5,NR5G-SA,n79,-89,-89,-10,17,-999,7.1
2026-05-28 11:39:15.891,2026-05-28 11:54:02.167,22.6584482,114.5016855,100.0,10.0,0.07,336.8,35.4,20.1,352.6,5546.63,10.0,2.0,2.5,NR5G-SA,n79,-89,-89,-10,17,-999,4.7
2026-05-28 11:39:16.092,2026-05-28 11:54:02.567,22.6584690,114.5016761,100.0,9.9,0.07,336.7,35.4,20.1,350.1,5549.14,10.0,2.0,2.5,NR5G-SA,n79,-89,-89,-10,17,-999,5.9
2026-05-28 11:39:16.292,2026-05-28 11:54:02.767,22.6584896,114.5016666,100.0,9.9,0.06,336.7,35.4,20.1,347.6,5551.63,10.0,2.0,2.5,NR5G-SA,n79,-90,-90,-10,16,-999,7.4
2026-05-28 11:39:16.492,2026-05-28 11:54:02.767,22.6585104,114.5016570,100.0,10.0,-0.03,336.8,35.4,20.1,345.1,5554.14,10.0,2.0,2.5,NR5G-SA,n79,-90,-90,-10,16,-999,12.5
2026-05-28 11:39:16.693,2026-05-28 11:54:02.967,22.6585104,114.5016570,100.0,10.0,-0.03,336.8,34.0,20.1,345.1,5554.14,10.0,2.0,2.5,NR5G-SA,n79,-87,-87,-10,16,-999,8.3
2026-05-28 11:39:16.893,2026-05-28 11:54:03.167,22.6585311,114.5016474,100.0,10.0,-0.00,337.0,34.0,21.1,342.6,5556.65,10.0,2.0,2.5,NR5G-SA,n79,-87,-87,-10,16,-999,5.7
2026-05-28 11:39:17.093,2026-05-28 11:54:03.567,22.6585518,114.5016380,100.0,10.0,0.05,337.2,34.0,21.1,340.1,5559.15,10.0,2.0,2.5,NR5G-SA,n79,-87,-87,-10,16,-999,5.1
2026-05-28 11:39:17.294,2026-05-28 11:54:03.767,22.6585726,114.5016285,100.0,10.0,0.02,337.4,34.0,21.1,337.6,5561.66,10.0,2.0,2.5,NR5G-SA,n79,-89,-89,-10,16,-999,8.0
2026-05-28 11:39:17.494,2026-05-28 11:54:03.767,22.6585933,114.5016190,100.0,10.0,0.10,337.4,34.0,21.1,335.1,5564.16,10.0,2.0,2.5,NR5G-SA,n79,-89,-89,-10,16,-999,11.0
2026-05-28 11:39:17.694,2026-05-28 11:54:03.967,22.6585933,114.5016190,100.0,10.0,0.10,337.4,29.0,21.1,335.1,5564.16,10.0,2.0,2.5,NR5G-SA,n79,-89,-89,-10,16,-999,8.3
2026-05-28 11:39:17.895,2026-05-28 11:54:04.167,22.6586139,114.5016094,100.0,10.0,0.05,337.5,29.0,21.9,332.6,5566.66,10.0,2.0,2.5,NR5G-SA,n79,-89,-89,-10,16,-999,5.6
2026-05-28 11:39:18.095,2026-05-28 11:54:04.567,22.6586346,114.5015998,100.0,9.9,0.11,337.4,29.0,21.9,330.1,5569.17,10.0,2.0,2.5,NR5G-SA,n79,-89,-89,-10,16,-999,4.3
2026-05-28 11:39:18.295,2026-05-28 11:54:04.767,22.6586553,114.5015901,100.0,10.0,0.13,337.2,29.0,21.9,327.6,5571.68,10.0,2.0,2.5,NR5G-SA,n79,-89,-89,-10,16,-999,7.4
2026-05-28 11:39:18.496,2026-05-28 11:54:04.767,22.6586759,114.5015804,100.0,9.9,0.05,336.9,39.8,21.9,325.1,5574.18,10.0,2.0,2.5,NR5G-SA,n79,-90,-90,-10,16,-999,8.7
2026-05-28 11:39:18.696,2026-05-28 11:54:04.967,22.6586759,114.5015804,100.0,9.9,0.05,336.9,39.8,21.9,325.1,5574.18,10.0,2.0,2.5,NR5G-SA,n79,-90,-90,-10,16,-999,12.1
2026-05-28 11:39:18.897,2026-05-28 11:54:05.167,22.6586964,114.5015706,100.0,10.0,0.08,336.8,39.8,23.7,322.6,5576.67,10.0,2.0,2.5,NR5G-SA,n79,-92,-92,-10,15,-999,9.2
2026-05-28 11:39:19.097,2026-05-28 11:54:05.567,22.6587170,114.5015609,100.0,10.0,0.02,336.9,39.8,23.7,320.1,5579.17,10.0,2.0,2.5,NR5G-SA,n79,-92,-92,-10,15,-999,5.0
2026-05-28 11:39:19.297,2026-05-28 11:54:05.767,22.6587376,114.5015513,100.0,9.9,-0.00,337.0,39.8,23.7,317.6,5581.67,10.0,2.0,2.5,NR5G-SA,n79,-92,-92,-10,15,-999,5.6
2026-05-28 11:39:19.498,2026-05-28 11:54:05.767,22.6587583,114.5015417,100.0,10.0,0.07,337.2,39.8,23.7,315.1,5584.18,10.0,2.0,2.5,NR5G-SA,n79,-88,-88,-10,15,-999,9.8
2026-05-28 11:39:19.698,2026-05-28 11:54:05.967,22.6587583,114.5015417,100.0,10.0,0.07,337.2,20.1,23.7,315.1,5584.18,10.0,2.0,2.5,NR5G-SA,n79,-88,-88,-10,15,-999,8.9
2026-05-28 11:39:19.899,2026-05-28 11:54:06.167,22.6587790,114.5015324,100.0,10.0,0.07,337.3,20.1,24.1,312.6,5586.67,10.0,2.0,2.5,NR5G-SA,n79,-88,-88,-10,15,-999,7.8
2026-05-28 11:39:20.099,2026-05-28 11:54:06.567,22.6587997,114.5015231,100.0,10.0,0.02,337.3,20.1,24.1,310.1,5589.16,10.0,2.0,2.5,NR5G-SA,n79,-86,-86,-10,16,-999,5.7
2026-05-28 11:39:20.299,2026-05-28 11:54:06.567,22.6588204,114.5015138,100.0,10.0,0.01,337.3,20.1,24.1,307.6,5591.66,10.0,2.0,2.5,NR5G-SA,n79,-86,-86,-10,16,-999,9.3
2026-05-28 11:39:20.500,2026-05-28 11:54:06.767,22.6588410,114.5015043,100.0,10.0,0.05,337.2,20.1,24.1,305.1,5594.15,10.0,2.0,2.5,NR5G-SA,n79,-86,-86,-10,16,-999,7.3
2026-05-28 11:39:20.700,2026-05-28 11:54:06.967,22.6588410,114.5015043,100.0,10.0,0.05,337.2,0.0,24.1,305.1,5594.15,10.0,2.0,2.5,NR5G-SA,n79,-90,-90,-10,17,-999,10.3
2026-05-28 11:39:20.900,2026-05-28 11:54:07.167,22.6588618,114.5014947,100.0,10.0,0.02,337.2,0.0,24.1,302.6,5596.67,10.0,2.0,2.5,NR5G-SA,n79,-90,-90,-10,17,-999,7.8
2026-05-28 11:39:21.101,2026-05-28 11:54:07.567,22.6588824,114.5014849,100.0,10.0,0.03,337.1,0.0,22.1,300.1,5599.17,10.0,2.0,2.5,NR5G-SA,n79,-90,-90,-10,17,-999,7.4
2026-05-28 11:39:21.301,2026-05-28 11:54:07.767,22.6589031,114.5014751,100.0,10.0,0.04,337.0,0.0,22.1,297.6,5601.69,10.0,2.0,2.5,NR5G-SA,n79,-90,-90,-10,17,-999,5.9
2026-05-28 11:39:21.501,2026-05-28 11:54:07.767,22.6589237,114.5014654,100.0,9.9,0.09,336.8,0.0,22.1,295.1,5604.19,10.0,2.0,2.5,NR5G-SA,n79,-90,-90,-10,17,-999,9.7
2026-05-28 11:39:21.702,2026-05-28 11:54:07.967,22.6589237,114.5014654,100.0,9.9,0.09,336.8,11.1,22.1,295.1,5604.19,10.0,2.0,2.5,NR5G-SA,n79,-89,-89,-10,18,-999,13.0
2026-05-28 11:39:21.902,2026-05-28 11:54:08.167,22.6589441,114.5014557,100.0,9.9,0.06,336.7,11.1,22.1,292.6,5606.67,10.0,2.0,2.5,NR5G-SA,n79,-89,-89,-10,18,-999,8.4
2026-05-28 11:39:22.102,2026-05-28 11:54:08.567,22.6589647,114.5014461,100.0,9.9,0.01,336.7,11.1,22.3,290.1,5609.16,10.0,2.0,2.5,NR5G-SA,n79,-89,-89,-10,18,-999,7.1
2026-05-28 11:39:22.303,2026-05-28 11:54:08.767,22.6589853,114.5014366,100.0,9.9,0.02,336.8,11.1,22.3,287.6,5611.66,10.0,2.0,2.5,NR5G-SA,n79,-90,-90,-10,18,-999,7.0
2026-05-28 11:39:22.503,2026-05-28 11:54:08.767,22.6590060,114.5014271,100.0,9.9,0.04,337.0,11.1,22.3,285.1,5614.16,10.0,2.0,2.5,NR5G-SA,n79,-90,-90,-10,18,-999,9.2
2026-05-28 11:39:22.703,2026-05-28 11:54:08.967,22.6590060,114.5014271,100.0,9.9,0.04,337.0,0.0,22.3,285.1,5614.16,10.0,2.0,2.5,NR5G-SA,n79,-90,-90,-10,18,-999,12.0
2026-05-28 11:39:22.903,2026-05-28 11:54:09.167,22.6590268,114.5014176,100.0,10.0,0.01,337.1,0.0,22.3,282.6,5616.67,10.0,2.0,2.5,NR5G-SA,n79,-93,-93,-10,19,-999,9.5
2026-05-28 11:39:23.104,2026-05-28 11:54:09.567,22.6590475,114.5014082,100.0,10.0,0.00,337.1,0.0,26.9,280.1,5619.17,10.0,2.0,2.5,NR5G-SA,n79,-93,-93,-10,19,-999,6.5
2026-05-28 11:39:23.304,2026-05-28 11:54:09.767,22.6590682,114.5013987,100.0,9.9,0.11,336.9,0.0,26.9,277.6,5621.67,10.0,2.0,2.5,NR5G-SA,n79,-95,-95,-10,18,-999,7.3
2026-05-28 11:39:23.504,2026-05-28 11:54:09.967,22.6590888,114.5013891,100.0,9.9,0.07,337.0,0.0,26.9,275.1,5624.17,10.0,2.0,2.5,NR5G-SA,n79,-95,-95,-10,18,-999,6.2
2026-05-28 11:39:23.705,2026-05-28 11:54:09.967,22.6590888,114.5013891,100.0,9.9,0.07,337.0,0.0,26.9,275.1,5624.17,10.0,2.0,2.5,NR5G-SA,n79,-95,-95,-10,18,-999,14.3
2026-05-28 11:39:23.905,2026-05-28 11:54:10.167,22.6591092,114.5013795,100.0,9.9,-0.05,337.1,0.0,26.9,272.6,5626.64,10.0,2.0,2.5,NR5G-SA,n79,-89,-89,-10,17,-999,8.9
2026-05-28 11:39:24.106,2026-05-28 11:54:10.567,22.6591298,114.5013699,100.0,9.9,0.01,337.3,0.0,26.4,270.1,5629.14,10.0,2.0,2.5,NR5G-SA,n79,-89,-89,-10,17,-999,6.6
2026-05-28 11:39:24.306,2026-05-28 11:54:10.767,22.6591504,114.5013603,100.0,10.0,0.02,337.4,0.0,26.4,267.6,5631.64,10.0,2.0,2.5,NR5G-SA,n79,-89,-89,-10,17,-999,6.6
2026-05-28 11:39:24.506,2026-05-28 11:54:10.767,22.6591711,114.5013508,100.1,10.0,0.08,337.4,0.0,26.4,265.1,5634.14,10.0,2.0,2.5,NR5G-SA,n79,-93,-93,-10,13,-999,7.9
2026-05-28 11:39:24.706,2026-05-28 11:54:10.967,22.6591711,114.5013508,100.1,10.0,0.08,337.4,0.0,26.4,265.1,5634.14,10.0,2.0,2.5,NR5G-SA,n79,-93,-93,-10,13,-999,13.4
2026-05-28 11:39:24.907,2026-05-28 11:54:11.167,22.6591917,114.5013413,100.1,10.0,0.01,337.3,0.0,26.4,262.6,5636.63,10.0,2.0,2.5,NR5G-SA,n79,-93,-93,-10,13,-999,7.2
2026-05-28 11:39:25.107,2026-05-28 11:54:11.567,22.6592124,114.5013317,100.1,10.0,-0.02,337.3,0.0,26.3,260.1,5639.14,10.0,2.0,2.5,NR5G-SA,n79,-92,-92,-10,14,-999,6.1
2026-05-28 11:39:25.308,2026-05-28 11:54:11.767,22.6592331,114.5013220,100.0,10.0,-0.05,337.2,0.0,26.3,257.6,5641.65,10.0,2.0,2.5,NR5G-SA,n79,-92,-92,-10,14,-999,6.6
2026-05-28 11:39:25.508,2026-05-28 11:54:11.767,22.6592537,114.5013123,100.0,10.0,-0.04,337.2,0.0,26.3,255.1,5644.15,10.0,2.0,2.5,NR5G-SA,n79,-92,-92,-10,14,-999,9.6
2026-05-28 11:39:25.708,2026-05-28 11:54:11.967,22.6592537,114.5013123,100.0,10.0,-0.04,337.2,12.6,26.3,255.1,5644.15,10.0,2.0,2.5,NR5G-SA,n79,-95,-95,-10,14,-999,13.1
2026-05-28 11:39:25.909,2026-05-28 11:54:12.167,22.6592744,114.5013027,100.0,9.9,0.04,337.1,12.6,26.3,252.6,5646.65,10.0,2.0,2.5,NR5G-SA,n79,-95,-95,-10,14,-999,8.9
2026-05-28 11:39:26.109,2026-05-28 11:54:12.567,22.6592951,114.5012931,100.0,10.0,0.03,337.2,12.6,26.0,250.1,5649.16,10.0,2.0,2.5,NR5G-SA,n79,-93,-93,-10,13,-999,6.8
2026-05-28 11:39:26.309,2026-05-28 11:54:12.767,22.6593159,114.5012835,100.0,10.0,0.04,337.3,12.6,26.0,247.6,5651.68,10.0,2.0,2.5,NR5G-SA,n79,-93,-93,-10,13,-999,5.7
2026-05-28 11:39:26.510,2026-05-28 11:54:12.767,22.6593367,114.5012741,100.0,10.0,0.06,337.4,12.6,26.0,245.1,5654.19,10.0,2.0,2.5,NR5G-SA,n79,-93,-93,-10,13,-999,10.1
2026-05-28 11:39:26.710,2026-05-28 11:54:12.967,22.6593367,114.5012741,100.0,10.0,0.06,337.4,43.6,26.0,245.1,5654.19,10.0,2.0,2.5,NR5G-SA,n79,-94,-94,-10,14,-999,13.7
2026-05-28 11:39:26.910,2026-05-28 11:54:13.167,22.6593575,114.5012648,100.0,10.0,-0.00,337.4,43.6,26.0,242.5,5656.69,10.0,2.0,2.5,NR5G-SA,n79,-94,-94,-10,14,-999,9.9
2026-05-28 11:39:27.111,2026-05-28 11:54:13.567,22.6593783,114.5012554,100.1,9.9,-0.02,337.5,43.6,24.8,240.0,5659.20,10.0,2.0,2.5,NR5G-SA,n79,-94,-94,-10,14,-999,5.7
2026-05-28 11:39:27.311,2026-05-28 11:54:13.767,22.6593990,114.5012460,100.1,9.9,-0.02,337.7,43.6,24.8,237.5,5661.70,10.0,2.0,2.5,NR5G-SA,n79,-96,-96,-10,13,-999,5.7
2026-05-28 11:39:27.511,2026-05-28 11:54:13.767,22.6594196,114.5012365,100.1,10.0,-0.03,337.8,43.6,24.8,235.1,5664.19,10.0,2.0,2.5,NR5G-SA,n79,-96,-96,-10,13,-999,10.6
2026-05-28 11:39:27.712,2026-05-28 11:54:13.967,22.6594196,114.5012365,100.1,10.0,-0.03,337.8,27.2,24.8,235.1,5664.19,10.0,2.0,2.5,NR5G-SA,n79,-96,-96,-10,13,-999,10.1
2026-05-28 11:39:27.912,2026-05-28 11:54:14.167,22.6594403,114.5012267,100.1,9.9,-0.05,337.7,27.2,24.8,232.5,5666.71,10.0,2.0,2.5,NR5G-SA,n79,-96,-96,-10,14,-999,9.0
2026-05-28 11:39:28.112,2026-05-28 11:54:14.567,22.6594610,114.5012170,100.1,10.0,-0.00,337.7,27.2,19.4,230.0,5669.22,10.0,2.0,2.5,NR5G-SA,n79,-96,-96,-10,14,-999,7.0
2026-05-28 11:39:28.313,2026-05-28 11:54:14.767,22.6594816,114.5012072,100.1,9.9,0.00,337.7,27.2,19.4,227.5,5671.72,10.0,2.0,2.5,NR5G-SA,n79,-95,-95,-10,14,-999,7.2
2026-05-28 11:39:28.513,2026-05-28 11:54:14.767,22.6595022,114.5011975,100.1,10.0,-0.02,337.7,27.2,19.4,225.0,5674.22,10.0,2.0,2.5,NR5G-SA,n79,-95,-95,-10,14,-999,8.7
2026-05-28 11:39:28.713,2026-05-28 11:54:14.967,22.6595022,114.5011975,100.1,10.0,-0.02,337.7,38.0,19.4,225.0,5674.22,10.0,2.0,2.5,NR5G-SA,n79,-95,-95,-10,14,-999,12.7
2026-05-28 11:39:28.914,2026-05-28 11:54:15.167,22.6595227,114.5011878,100.0,9.9,-0.05,337.7,38.0,19.4,222.5,5676.71,10.0,2.0,2.5,NR5G-SA,n79,-96,-96,-10,12,-999,12.4
2026-05-28 11:39:29.114,2026-05-28 11:54:15.567,22.6595434,114.5011782,100.0,10.0,0.02,337.5,38.0,19.4,220.0,5679.22,10.0,2.0,2.5,NR5G-SA,n79,-96,-96,-10,12,-999,7.8
2026-05-28 11:39:29.314,2026-05-28 11:54:15.767,22.6595640,114.5011685,100.0,9.9,0.01,337.5,38.0,18.8,217.5,5681.72,10.0,2.0,2.5,NR5G-SA,n79,-96,-96,-10,12,-999,7.0
2026-05-28 11:39:29.515,2026-05-28 11:54:15.767,22.6595846,114.5011588,100.1,10.0,0.02,337.2,38.0,18.8,215.0,5684.22,10.0,2.0,2.5,NR5G-SA,n79,-95,-95,-10,13,-999,8.9
2026-05-28 11:39:29.715,2026-05-28 11:54:15.967,22.6595846,114.5011588,100.1,10.0,0.02,337.2,29.5,18.8,215.0,5684.22,10.0,2.0,2.5,NR5G-SA,n79,-95,-95,-10,13,-999,13.3
2026-05-28 11:39:29.915,2026-05-28 11:54:16.167,22.6596051,114.5011493,100.1,9.9,0.06,337.0,29.5,18.8,212.5,5686.70,10.0,2.0,2.5,NR5G-SA,n79,-95,-95,-10,13,-999,11.3
2026-05-28 11:39:30.116,2026-05-28 11:54:16.567,22.6596258,114.5011398,100.0,9.9,-0.01,337.1,29.5,18.8,210.0,5689.20,10.0,2.0,2.5,NR5G-SA,n79,-96,-96,-10,14,-999,7.2
2026-05-28 11:39:30.316,2026-05-28 11:54:16.767,22.6596463,114.5011303,100.0,10.0,-0.04,337.1,29.5,18.9,207.6,5691.68,10.0,2.0,2.5,NR5G-SA,n79,-96,-96,-10,14,-999,6.5
2026-05-28 11:39:30.516,2026-05-28 11:54:16.767,22.6596669,114.5011208,100.0,10.0,-0.04,337.3,29.5,18.9,205.1,5694.18,10.0,2.0,2.5,NR5G-SA,n79,-96,-96,-10,14,-999,8.3
2026-05-28 11:39:30.717,2026-05-28 11:54:16.967,22.6596669,114.5011208,100.0,10.0,-0.04,337.3,34.4,18.9,205.1,5694.18,10.0,2.0,2.5,NR5G-SA,n79,-96,-96,-10,14,-999,13.0
2026-05-28 11:39:30.917,2026-05-28 11:54:17.167,22.6596875,114.5011113,100.0,10.0,0.05,337.3,34.4,18.9,202.6,5696.67,10.0,2.0,2.5,NR5G-SA,n79,-96,-96,-10,14,-999,9.6
2026-05-28 11:39:31.117,2026-05-28 11:54:17.567,22.6597082,114.5011018,100.1,9.9,0.01,337.4,34.4,18.9,200.1,5699.17,10.0,2.0,2.5,NR5G-SA,n79,-94,-94,-10,15,-999,6.5
2026-05-28 11:39:31.318,2026-05-28 11:54:17.767,22.6597289,114.5010922,100.1,10.0,0.05,337.5,34.4,17.9,197.6,5701.68,10.0,2.0,2.5,NR5G-SA,n79,-94,-94,-10,15,-999,8.1
2026-05-28 11:39:31.518,2026-05-28 11:54:17.767,22.6597496,114.5010827,100.1,10.0,-0.02,337.6,34.4,17.9,195.1,5704.18,10.0,2.0,2.5,NR5G-SA,n79,-94,-94,-10,15,-999,8.2
2026-05-28 11:39:31.718,2026-05-28 11:54:17.967,22.6597496,114.5010827,100.1,10.0,-0.02,337.6,35.6,17.9,195.1,5704.18,10.0,2.0,2.5,NR5G-SA,n79,-96,-96,-10,16,-999,16.6
2026-05-28 11:39:31.919,2026-05-28 11:54:18.167,22.6597703,114.5010732,100.1,10.0,0.02,337.6,35.6,17.9,192.6,5706.68,10.0,2.0,2.5,NR5G-SA,n79,-96,-96,-10,16,-999,10.2
2026-05-28 11:39:32.119,2026-05-28 11:54:18.567,22.6597909,114.5010636,100.1,10.0,-0.07,337.6,35.6,17.9,190.1,5709.18,10.0,2.0,2.5,NR5G-SA,n79,-96,-96,-10,16,-999,7.5
2026-05-28 11:39:32.319,2026-05-28 11:54:18.767,22.6598115,114.5010541,100.1,10.0,-0.01,337.7,35.6,17.9,187.6,5711.67,10.0,2.0,2.5,NR5G-SA,n79,-94,-94,-10,17,-999,5.4
2026-05-28 11:39:32.520,2026-05-28 11:54:18.767,22.6598322,114.5010446,100.1,10.0,-0.04,337.7,35.6,17.9,185.1,5714.17,10.0,2.0,2.5,NR5G-SA,n79,-94,-94,-10,17,-999,7.4
2026-05-28 11:39:32.720,2026-05-28 11:54:18.967,22.6598322,114.5010446,100.1,10.0,-0.04,337.7,26.8,17.9,185.1,5714.17,10.0,2.0,2.5,NR5G-SA,n79,-95,-95,-10,18,-999,15.5
2026-05-28 11:39:32.920,2026-05-28 11:54:19.167,22.6598529,114.5010351,100.1,10.0,0.00,337.7,26.8,17.9,182.6,5716.68,10.0,2.0,2.5,NR5G-SA,n79,-95,-95,-10,18,-999,9.3
2026-05-28 11:39:33.121,2026-05-28 11:54:19.567,22.6598737,114.5010256,100.1,9.9,-0.03,337.7,26.8,17.9,180.1,5719.19,10.0,2.0,2.5,NR5G-SA,n79,-95,-95,-10,18,-999,7.4
2026-05-28 11:39:33.321,2026-05-28 11:54:19.767,22.6598944,114.5010160,100.1,10.0,0.02,337.7,26.8,18.9,177.5,5721.69,10.0,2.0,2.5,NR5G-SA,n79,-96,-96,-10,18,-999,6.9
2026-05-28 11:39:33.521,2026-05-28 11:54:19.767,22.6599150,114.5010064,100.1,10.0,-0.06,337.6,26.8,18.9,175.1,5724.19,10.0,2.0,2.5,NR5G-SA,n79,-96,-96,-10,18,-999,6.7
2026-05-28 11:39:33.722,2026-05-28 11:54:19.967,22.6599150,114.5010064,100.1,10.0,-0.06,337.6,40.3,18.9,175.1,5724.19,10.0,2.0,2.5,NR5G-SA,n79,-96,-96,-10,18,-999,13.6
2026-05-28 11:39:33.922,2026-05-28 11:54:20.167,22.6599357,114.5009967,100.1,10.0,-0.01,337.5,40.3,18.9,172.5,5726.70,10.0,2.0,2.5,NR5G-SA,n79,-91,-91,-10,21,-999,7.6
2026-05-28 11:39:34.122,2026-05-28 11:54:20.567,22.6599564,114.5009871,100.1,10.0,-0.04,337.5,40.3,18.9,170.0,5729.21,10.0,2.0,2.5,NR5G-SA,n79,-91,-91,-10,21,-999,7.9
2026-05-28 11:39:34.323,2026-05-28 11:54:20.767,22.6599770,114.5009774,100.1,10.0,-0.04,337.5,40.3,18.8,167.5,5731.71,10.0,2.0,2.5,NR5G-SA,n79,-91,-91,-10,21,-999,6.7
2026-05-28 11:39:34.523,2026-05-28 11:54:20.967,22.6599977,114.5009677,100.1,10.0,-0.02,337.5,40.3,18.8,165.0,5734.22,10.0,2.0,2.5,NR5G-SA,n79,-92,-92,-10,21,-999,5.6
2026-05-28 11:39:34.723,2026-05-28 11:54:20.967,22.6599977,114.5009677,100.1,10.0,-0.02,337.5,18.4,18.8,165.0,5734.22,10.0,2.0,2.5,NR5G-SA,n79,-92,-92,-10,21,-999,15.1
2026-05-28 11:39:34.924,2026-05-28 11:54:21.167,22.6600185,114.5009581,100.1,10.0,-0.03,337.5,18.4,18.8,162.5,5736.74,10.0,2.0,2.5,NR5G-SA,n79,-96,-96,-10,21,-999,10.3
2026-05-28 11:39:35.124,2026-05-28 11:54:21.567,22.6600392,114.5009486,100.1,9.9,0.02,337.5,18.4,18.8,160.0,5739.24,10.0,2.0,2.5,NR5G-SA,n79,-96,-96,-10,21,-999,8.8
2026-05-28 11:39:35.324,2026-05-28 11:54:21.767,22.6600599,114.5009390,100.1,10.0,-0.05,337.6,18.4,17.7,157.5,5741.74,10.0,2.0,2.5,NR5G-SA,n79,-96,-96,-10,21,-999,6.7
2026-05-28 11:39:35.525,2026-05-28 11:54:21.767,22.6600805,114.5009294,100.1,9.9,-0.03,337.6,18.4,17.7,155.0,5744.24,10.0,2.0,2.5,NR5G-SA,n79,-96,-96,-10,20,-999,11.1
2026-05-28 11:39:35.725,2026-05-28 11:54:21.967,22.6600805,114.5009294,100.1,9.9,-0.03,337.6,0.0,17.7,155.0,5744.24,10.0,2.0,2.5,NR5G-SA,n79,-96,-96,-10,20,-999,15.5
2026-05-28 11:39:35.926,2026-05-28 11:54:22.167,22.6601011,114.5009198,100.1,9.9,-0.10,337.7,0.0,17.7,152.5,5746.74,10.0,2.0,2.5,NR5G-SA,n79,-96,-96,-10,20,-999,8.6
2026-05-28 11:39:36.126,2026-05-28 11:54:22.567,22.6601218,114.5009102,100.1,9.9,-0.08,337.8,0.0,17.7,150.0,5749.24,10.0,2.0,2.5,NR5G-SA,n79,-93,-93,-10,20,-999,5.8
2026-05-28 11:39:36.326,2026-05-28 11:54:22.767,22.6601424,114.5009005,100.0,9.9,-0.02,337.9,0.0,18.9,147.5,5751.74,10.0,2.0,2.5,NR5G-SA,n79,-93,-93,-10,20,-999,6.4
2026-05-28 11:39:36.526,2026-05-28 11:54:22.967,22.6601631,114.5008908,100.0,10.0,0.03,338.0,0.0,18.9,145.0,5754.25,10.0,2.0,2.5,NR5G-SA,n79,-93,-93,-10,20,-999,7.2
2026-05-28 11:39:36.727,2026-05-28 11:54:22.967,22.6601631,114.5008908,100.0,10.0,0.03,338.0,8.2,18.9,145.0,5754.25,10.0,2.0,2.5,NR5G-SA,n79,-94,-94,-10,18,-999,14.5
2026-05-28 11:39:36.927,2026-05-28 11:54:23.167,22.6601837,114.5008812,100.0,10.0,0.00,337.9,8.2,18.9,142.5,5756.75,10.0,2.0,2.5,NR5G-SA,n79,-94,-94,-10,18,-999,9.5
2026-05-28 11:39:37.128,2026-05-28 11:54:23.567,22.6602044,114.5008716,100.0,10.0,-0.00,337.9,8.2,18.9,140.0,5759.26,10.0,2.0,2.5,NR5G-SA,n79,-88,-88,-10,17,-999,9.0
2026-05-28 11:39:37.328,2026-05-28 11:54:23.767,22.6602250,114.5008620,100.1,10.0,0.06,337.8,8.2,20.1,137.5,5761.75,10.0,2.0,2.5,NR5G-SA,n79,-88,-88,-10,17,-999,6.2
2026-05-28 11:39:37.528,2026-05-28 11:54:23.767,22.6602457,114.5008524,100.1,9.9,0.06,337.6,8.2,20.1,135.0,5764.26,10.0,2.0,2.5,NR5G-SA,n79,-88,-88,-10,17,-999,7.3
2026-05-28 11:39:37.728,2026-05-28 11:54:23.967,22.6602457,114.5008524,100.1,9.9,0.06,337.6,0.0,20.1,135.0,5764.26,10.0,2.0,2.5,NR5G-SA,n79,-94,-94,-10,16,-999,13.2
2026-05-28 11:39:37.929,2026-05-28 11:54:24.167,22.6602663,114.5008429,100.1,10.0,0.05,337.5,0.0,20.1,132.5,5766.75,10.0,2.0,2.5,NR5G-SA,n79,-94,-94,-10,16,-999,8.4
2026-05-28 11:39:38.129,2026-05-28 11:54:24.567,22.6602870,114.5008333,100.1,10.0,-0.00,337.4,0.0,20.1,130.0,5769.26,10.0,2.0,2.5,NR5G-SA,n79,-94,-94,-10,16,-999,6.9
2026-05-28 11:39:38.330,2026-05-28 11:54:24.767,22.6603076,114.5008238,100.1,9.9,-0.03,337.3,0.0,20.1,127.5,5771.75,10.0,2.0,2.5,NR5G-SA,n79,-94,-94,-10,18,-999,5.7
2026-05-28 11:39:38.530,2026-05-28 11:54:24.967,22.6603283,114.5008142,100.1,9.9,0.06,337.2,0.0,19.7,125.0,5774.26,10.0,2.0,2.5,NR5G-SA,n79,-94,-94,-10,18,-999,6.5
2026-05-28 11:39:38.730,2026-05-28 11:54:24.967,22.6603283,114.5008142,100.1,9.9,0.06,337.2,3.1,19.7,125.0,5774.26,10.0,2.0,2.5,NR5G-SA,n79,-94,-94,-10,18,-999,13.5
2026-05-28 11:39:38.931,2026-05-28 11:54:25.167,22.6603489,114.5008046,100.0,10.0,0.01,337.1,3.1,19.7,122.5,5776.75,10.0,2.0,2.5,NR5G-SA,n79,-91,-91,-10,19,-999,8.5
2026-05-28 11:39:39.131,2026-05-28 11:54:25.567,22.6603697,114.5007951,100.0,10.0,-0.03,337.1,3.1,19.7,120.0,5779.27,10.0,2.0,2.5,NR5G-SA,n79,-91,-91,-10,19,-999,5.6
2026-05-28 11:39:39.331,2026-05-28 11:54:25.767,22.6603903,114.5007856,100.0,10.0,-0.07,337.2,3.1,19.7,117.5,5781.76,10.0,2.0,2.5,NR5G-SA,n79,-91,-91,-10,19,-999,7.3
2026-05-28 11:39:39.532,2026-05-28 11:54:25.767,22.6604110,114.5007761,100.0,9.9,0.02,337.3,3.1,19.0,115.0,5784.26,10.0,2.0,2.5,NR5G-SA,n79,-88,-88,-10,18,-999,6.9
2026-05-28 11:39:39.732,2026-05-28 11:54:25.967,22.6604316,114.5007667,100.0,9.9,0.02,337.5,0.0,19.0,112.5,5786.75,10.0,2.0,2.5,NR5G-SA,n79,-88,-88,-10,18,-999,12.0
2026-05-28 11:39:39.932,2026-05-28 11:54:26.167,22.6604316,114.5007667,100.0,9.9,-0.02,337.5,0.0,19.0,112.5,5786.75,10.0,2.0,2.5,NR5G-SA,n79,-89,-89,-10,18,-999,6.5
2026-05-28 11:39:40.133,2026-05-28 11:54:26.567,22.6604521,114.5007572,100.0,10.0,0.01,337.6,0.0,19.0,110.0,5789.23,10.0,2.0,2.5,NR5G-SA,n79,-89,-89,-10,18,-999,8.9
2026-05-28 11:39:40.333,2026-05-28 11:54:26.767,22.6604729,114.5007478,100.0,10.0,0.02,337.7,0.0,19.0,107.5,5791.74,10.0,2.0,2.5,NR5G-SA,n79,-89,-89,-10,18,-999,6.0
2026-05-28 11:39:40.533,2026-05-28 11:54:26.767,22.6604937,114.5007384,100.0,10.0,0.00,337.8,0.0,19.1,105.0,5794.25,10.0,2.0,2.5,NR5G-SA,n79,-91,-91,-10,17,-999,7.2
2026-05-28 11:39:40.734,2026-05-28 11:54:26.967,22.6604937,114.5007384,100.0,10.0,0.00,337.8,14.8,19.1,105.0,5794.25,10.0,2.0,2.5,NR5G-SA,n79,-91,-91,-10,17,-999,13.9
2026-05-28 11:39:40.934,2026-05-28 11:54:27.167,22.6605144,114.5007288,100.0,10.0,-0.01,337.9,14.8,19.1,102.5,5796.75,10.0,2.0,2.5,NR5G-SA,n79,-91,-91,-10,17,-999,6.5
2026-05-28 11:39:41.134,2026-05-28 11:54:27.567,22.6605350,114.5007192,100.0,10.0,-0.02,337.9,14.8,19.1,100.0,5799.25,10.0,2.0,2.5,NR5G-SA,n79,-91,-91,-10,17,-999,7.1
2026-05-28 11:39:41.335,2026-05-28 11:54:27.767,22.6605556,114.5007096,100.0,10.0,0.01,338.0,14.8,19.1,97.5,5801.75,10.0,2.0,2.5,NR5G-SA,n79,-91,-91,-10,17,-999,6.8
2026-05-28 11:39:41.535,2026-05-28 11:54:27.967,22.6605762,114.5006999,100.0,10.0,-0.02,338.1,14.8,18.0,95.0,5804.25,10.0,2.0,2.5,NR5G-SA,n79,-91,-91,-10,17,-999,6.9
2026-05-28 11:39:41.736,2026-05-28 11:54:27.967,22.6605762,114.5006999,100.0,10.0,-0.02,338.1,43.0,18.0,95.0,5804.25,10.0,2.0,2.5,NR5G-SA,n79,-90,-90,-10,16,-999,15.4
2026-05-28 11:39:41.936,2026-05-28 11:54:28.167,22.6605968,114.5006902,100.0,9.9,-0.03,338.2,43.0,18.0,92.5,5806.75,10.0,2.0,2.5,NR5G-SA,n79,-90,-90,-10,16,-999,9.8
2026-05-28 11:39:42.136,2026-05-28 11:54:28.567,22.6606175,114.5006806,100.0,10.0,0.13,338.4,43.0,18.0,90.0,5809.25,10.0,2.0,2.5,NR5G-SA,n79,-88,-88,-10,16,-999,6.6
2026-05-28 11:39:42.337,2026-05-28 11:54:28.767,22.6606382,114.5006710,100.1,10.0,0.06,338.0,43.0,18.0,87.5,5811.76,10.0,2.0,2.5,NR5G-SA,n79,-88,-88,-10,16,-999,7.9
2026-05-28 11:39:42.537,2026-05-28 11:54:28.967,22.6606590,114.5006615,100.1,10.0,0.04,337.8,43.0,16.9,85.0,5814.27,10.0,2.0,2.5,NR5G-SA,n79,-88,-88,-10,16,-999,7.0
2026-05-28 11:39:42.737,2026-05-28 11:54:28.967,22.6606590,114.5006615,100.1,10.0,0.04,337.8,43.0,16.9,85.0,5814.27,10.0,2.0,2.5,NR5G-SA,n79,-87,-87,-10,15,-999,14.6
2026-05-28 11:39:42.938,2026-05-28 11:54:29.167,22.6606796,114.5006518,100.1,10.0,0.00,337.5,23.4,16.9,82.5,5816.77,10.0,2.0,2.5,NR5G-SA,n79,-87,-87,-10,15,-999,9.5
2026-05-28 11:39:43.138,2026-05-28 11:54:29.567,22.6607004,114.5006421,100.1,10.0,-0.05,337.3,23.4,16.9,79.9,5819.29,10.0,2.0,2.5,NR5G-SA,n79,-87,-87,-10,15,-999,6.0
2026-05-28 11:39:43.338,2026-05-28 11:54:29.767,22.6607212,114.5006325,100.0,10.0,-0.05,337.0,23.4,16.9,77.4,5821.81,10.0,2.0,2.5,NR5G-SA,n79,-89,-89,-10,15,-999,6.1
2026-05-28 11:39:43.539,2026-05-28 11:54:29.967,22.6607419,114.5006228,100.0,10.0,-0.06,336.8,23.4,16.4,74.9,5824.32,10.0,2.0,2.5,NR5G-SA,n79,-89,-89,-10,15,-999,7.4
2026-05-28 11:39:43.739,2026-05-28 11:54:29.967,22.6607625,114.5006132,100.0,9.9,-0.06,336.9,38.2,16.4,72.4,5826.82,10.0,2.0,2.5,NR5G-SA,n79,-89,-89,-10,15,-999,12.0
2026-05-28 11:39:43.940,2026-05-28 11:54:30.167,22.6607625,114.5006132,100.0,9.9,-0.06,336.9,38.2,16.4,72.4,5826.82,10.0,2.0,2.5,NR5G-SA,n79,-87,-87,-10,16,-999,10.4
2026-05-28 11:39:44.140,2026-05-28 11:54:30.567,22.6607830,114.5006035,100.0,9.9,0.04,336.9,38.2,16.4,69.9,5829.31,10.0,2.0,2.5,NR5G-SA,n79,-87,-87,-10,16,-999,5.6
2026-05-28 11:39:44.340,2026-05-28 11:54:30.767,22.6608036,114.5005939,100.0,9.9,0.08,337.0,38.2,16.4,67.4,5831.80,10.0,2.0,2.5,NR5G-SA,n79,-86,-86,-10,17,-999,7.7
2026-05-28 11:39:44.541,2026-05-28 11:54:30.967,22.6608241,114.5005843,100.0,9.9,0.03,337.1,38.2,16.3,65.0,5834.29,10.0,2.0,2.5,NR5G-SA,n79,-86,-86,-10,17,-999,6.0
2026-05-28 11:39:44.741,2026-05-28 11:54:30.967,22.6608448,114.5005748,100.0,10.0,0.06,337.1,38.2,16.3,62.4,5836.79,10.0,2.0,2.5,NR5G-SA,n79,-86,-86,-10,17,-999,11.7
2026-05-28 11:39:44.942,2026-05-28 11:54:31.167,22.6608448,114.5005748,100.0,10.0,0.06,337.1,30.6,16.3,62.4,5836.79,10.0,2.0,2.5,NR5G-SA,n79,-86,-86,-10,17,-999,9.3
2026-05-28 11:39:45.142,2026-05-28 11:54:31.567,22.6608655,114.5005654,100.0,10.0,0.06,337.2,30.6,16.3,60.0,5839.29,10.0,2.0,2.5,NR5G-SA,n79,-86,-86,-10,17,-999,7.8
2026-05-28 11:39:45.342,2026-05-28 11:54:31.767,22.6608862,114.5005559,100.0,10.0,0.00,337.1,30.6,16.3,57.4,5841.79,10.0,2.0,2.5,NR5G-SA,n79,-86,-86,-10,17,-999,7.8
2026-05-28 11:39:45.543,2026-05-28 11:54:31.967,22.6609070,114.5005464,100.0,10.0,0.07,337.0,30.6,16.3,54.9,5844.31,10.0,2.0,2.5,NR5G-SA,n79,-89,-89,-10,18,-999,7.0
2026-05-28 11:39:45.743,2026-05-28 11:54:31.967,22.6609276,114.5005367,100.0,10.0,0.03,336.9,32.3,16.3,52.4,5846.81,10.0,2.0,2.5,NR5G-SA,n79,-89,-89,-10,18,-999,10.4
2026-05-28 11:39:45.943,2026-05-28 11:54:32.167,22.6609276,114.5005367,100.0,10.0,0.03,336.9,32.3,16.3,52.4,5846.81,10.0,2.0,2.5,NR5G-SA,n79,-89,-89,-10,18,-999,10.2
2026-05-28 11:39:46.144,2026-05-28 11:54:32.567,22.6609483,114.5005270,100.0,10.0,0.01,336.7,32.3,16.3,49.9,5849.32,10.0,2.0,2.5,NR5G-SA,n79,-88,-88,-10,19,-999,6.9
2026-05-28 11:39:46.344,2026-05-28 11:54:32.767,22.6609689,114.5005173,100.0,10.0,0.02,336.5,32.3,16.3,47.4,5851.82,10.0,2.0,2.5,NR5G-SA,n79,-88,-88,-10,19,-999,5.7
2026-05-28 11:39:46.544,2026-05-28 11:54:32.767,22.6609896,114.5005076,100.0,10.0,0.06,336.4,32.3,17.3,44.9,5854.33,10.0,2.0,2.5,NR5G-SA,n79,-90,-90,-10,20,-999,9.9
2026-05-28 11:39:46.745,2026-05-28 11:54:32.967,22.6610102,114.5004979,100.1,10.0,-0.01,336.1,32.3,17.3,42.4,5856.83,10.0,2.0,2.5,NR5G-SA,n79,-90,-90,-10,20,-999,14.0
2026-05-28 11:39:46.945,2026-05-28 11:54:33.167,22.6610102,114.5004979,100.1,10.0,-0.01,336.1,37.5,17.3,42.4,5856.83,10.0,2.0,2.5,NR5G-SA,n79,-90,-90,-10,20,-999,8.9
2026-05-28 11:39:47.145,2026-05-28 11:54:33.567,22.6610309,114.5004883,100.1,9.9,0.00,336.0,37.5,17.3,39.9,5859.33,10.0,2.0,2.5,NR5G-SA,n79,-82,-82,-10,29,-999,6.0
2026-05-28 11:39:47.346,2026-05-28 11:54:33.767,22.6610516,114.5004786,100.0,10.0,0.01,335.8,37.5,17.3,37.4,5861.85,10.0,2.0,2.5,NR5G-SA,n79,-82,-82,-10,29,-999,6.9
2026-05-28 11:39:47.546,2026-05-28 11:54:33.967,22.6610723,114.5004690,100.0,10.0,0.02,335.7,37.5,18.3,34.9,5864.35,10.0,2.0,2.5,NR5G-SA,n79,-82,-82,-10,29,-999,5.8
2026-05-28 11:39:47.746,2026-05-28 11:54:33.967,22.6610930,114.5004593,100.0,10.0,0.05,335.6,37.5,18.3,32.4,5866.86,10.0,2.0,2.5,NR5G-SA,n79,-81,-81,-10,31,-999,12.0
2026-05-28 11:39:47.947,2026-05-28 11:54:34.167,22.6610930,114.5004593,100.0,10.0,0.05,335.6,24.7,18.3,32.4,5866.86,10.0,2.0,2.5,NR5G-SA,n79,-81,-81,-10,31,-999,8.9
2026-05-28 11:39:48.147,2026-05-28 11:54:34.567,22.6611137,114.5004498,100.0,9.9,0.02,335.4,24.7,18.3,29.9,5869.36,10.0,2.0,2.5,NR5G-SA,n79,-81,-81,-10,31,-999,7.0
2026-05-28 11:39:48.347,2026-05-28 11:54:34.767,22.6611342,114.5004403,100.0,9.9,0.06,335.3,24.7,18.3,27.4,5871.85,10.0,2.0,2.5,NR5G-SA,n79,-81,-81,-10,31,-999,5.0
2026-05-28 11:39:48.548,2026-05-28 11:54:34.967,22.6611545,114.5004309,100.0,9.7,0.06,335.0,24.7,18.3,24.9,5874.30,10.0,2.0,2.5,NR5G-SA,n79,-81,-81,-10,31,-999,7.2
2026-05-28 11:39:48.748,2026-05-28 11:54:34.967,22.6611744,114.5004218,100.0,9.5,0.10,334.7,24.7,21.0,22.5,5876.71,10.0,2.0,2.5,NR5G-SA,n79,-83,-83,-10,31,-999,12.5
2026-05-28 11:39:48.948,2026-05-28 11:54:35.167,22.6611744,114.5004218,100.0,9.5,0.10,334.7,42.9,21.0,22.5,5876.71,10.0,2.0,2.5,NR5G-SA,n79,-78,-78,-10,29,-999,9.1
2026-05-28 11:39:49.148,2026-05-28 11:54:35.567,22.6611937,114.5004129,100.1,9.2,0.04,334.4,42.9,21.0,20.2,5879.04,10.0,2.0,2.5,NR5G-SA,n79,-78,-78,-10,29,-999,7.2
2026-05-28 11:39:49.349,2026-05-28 11:54:35.767,22.6612123,114.5004045,100.1,8.9,-0.01,334.2,42.9,21.0,18.0,5881.29,10.0,2.0,2.5,NR5G-SA,n79,-77,-77,-10,22,-999,5.8
2026-05-28 11:39:49.549,2026-05-28 11:54:35.967,22.6612301,114.5003963,100.1,8.5,0.02,334.1,42.9,21.0,15.8,5883.44,10.0,2.0,2.5,NR5G-SA,n79,-77,-77,-10,22,-999,8.4
2026-05-28 11:39:49.749,2026-05-28 11:54:35.967,22.6612469,114.5003886,100.1,8.1,-0.02,334.0,42.9,24.1,13.8,5885.47,10.0,2.0,2.5,NR5G-SA,n79,-77,-77,-10,22,-999,9.0
2026-05-28 11:39:49.950,2026-05-28 11:54:36.167,22.6612469,114.5003886,100.1,8.1,-0.02,334.0,15.2,24.1,13.8,5885.47,10.0,2.0,2.5,NR5G-SA,n79,-77,-77,-10,22,-999,12.5
2026-05-28 11:39:50.150,2026-05-28 11:54:36.567,22.6612628,114.5003813,100.1,7.5,0.02,333.8,15.2,24.1,11.9,5887.39,10.0,2.0,2.5,NR5G-SA,n79,-77,-77,-10,22,-999,5.8
2026-05-28 11:39:50.350,2026-05-28 11:54:36.767,22.6612776,114.5003745,100.1,7.0,0.01,333.7,15.2,24.1,10.1,5889.18,10.0,2.0,2.5,NR5G-SA,n79,-77,-77,-10,22,-999,6.6
2026-05-28 11:39:50.551,2026-05-28 11:54:36.767,22.6612912,114.5003682,100.1,6.4,-0.07,333.6,15.2,24.1,8.4,5890.83,10.0,2.0,2.5,NR5G-SA,n79,-75,-75,-10,22,-999,8.3
2026-05-28 11:39:50.751,2026-05-28 11:54:36.967,22.6613035,114.5003625,100.1,5.8,-0.12,333.6,15.2,25.0,6.9,5892.32,10.0,2.0,2.5,NR5G-SA,n79,-75,-75,-10,22,-999,7.7
2026-05-28 11:39:50.951,2026-05-28 11:54:37.167,22.6613035,114.5003625,100.1,5.8,-0.12,333.6,0.0,25.0,6.9,5892.32,10.0,2.0,2.5,NR5G-SA,n79,-74,-74,-10,27,-999,6.2
2026-05-28 11:39:51.152,2026-05-28 11:54:37.567,22.6613146,114.5003573,100.0,5.2,-0.15,333.6,0.0,25.0,5.6,5893.66,10.0,2.0,2.5,NR5G-SA,n79,-74,-74,-10,27,-999,6.3
2026-05-28 11:39:51.352,2026-05-28 11:54:37.767,22.6613245,114.5003528,100.0,4.5,-0.12,333.7,0.0,25.0,4.4,5894.86,10.0,2.0,2.5,NR5G-SA,n79,-74,-74,-10,27,-999,4.3
2026-05-28 11:39:51.552,2026-05-28 11:54:37.967,22.6613329,114.5003490,100.0,3.9,-0.05,333.8,0.0,25.0,3.4,5895.87,10.0,2.0,2.5,NR5G-SA,n79,-73,-73,-10,27,-999,6.0
2026-05-28 11:39:51.753,2026-05-28 11:54:37.967,22.6613401,114.5003458,100.0,3.3,-0.02,334.3,0.0,24.9,2.5,5896.74,10.0,2.0,2.5,NR5G-SA,n79,-73,-73,-10,27,-999,11.5
2026-05-28 11:39:51.953,2026-05-28 11:54:38.167,22.6613401,114.5003458,100.0,3.3,-0.02,334.3,5.2,24.9,2.5,5896.74,10.0,2.0,2.5,NR5G-SA,n79,-73,-73,-10,27,-999,7.9
2026-05-28 11:39:52.154,2026-05-28 11:54:38.567,22.6613462,114.5003431,100.0,2.7,-0.03,334.8,5.2,24.9,1.8,5897.47,10.0,2.0,2.5,NR5G-SA,n79,-73,-73,-10,28,-999,7.1
2026-05-28 11:39:52.354,2026-05-28 11:54:38.767,22.6613514,114.5003409,100.0,2.2,-0.06,335.1,5.2,24.9,1.2,5898.09,10.0,2.0,2.5,NR5G-SA,n79,-73,-73,-10,28,-999,4.2
2026-05-28 11:39:52.554,2026-05-28 11:54:38.967,22.6613557,114.5003390,100.0,1.8,-0.02,335.6,5.2,24.9,0.6,5898.61,10.0,2.0,2.5,NR5G-SA,n79,-73,-73,-10,28,-999,5.8
2026-05-28 11:39:52.754,2026-05-28 11:54:38.967,22.6613593,114.5003373,100.0,1.5,0.02,335.4,5.2,24.9,0.2,5899.05,10.0,2.0,2.5,NR5G-SA,n79,-73,-73,-10,28,-999,11.6
2026-05-28 11:39:52.955,2026-05-28 11:54:39.167,22.6613593,114.5003373,100.0,1.5,0.02,335.4,0.0,24.9,0.2,5899.05,10.0,2.0,2.5,NR5G-SA,n79,-73,-73,-10,28,-999,8.3
2026-05-28 11:39:53.155,2026-05-28 11:54:39.567,22.6613623,114.5003357,100.0,1.2,0.02,334.4,0.0,24.9,0.2,5899.42,10.0,2.0,2.5,NR5G-SA,n79,-72,-72,-10,22,-999,6.6
2026-05-28 11:39:53.356,2026-05-28 11:54:39.767,22.6613647,114.5003344,100.0,0.8,0.04,333.7,0.0,24.9,0.5,5899.72,10.0,2.0,2.5,NR5G-SA,n79,-72,-72,-10,22,-999,6.2
2026-05-28 11:39:53.556,2026-05-28 11:54:39.967,22.6613663,114.5003334,100.1,0.5,0.04,332.7,0.0,24.9,0.7,5899.92,10.0,2.0,2.5,NR5G-SA,n79,-72,-72,-10,22,-999,6.5
2026-05-28 11:39:53.756,2026-05-28 11:54:39.967,22.6613672,114.5003326,100.1,0.2,0.02,331.8,0.0,24.5,0.8,5900.05,10.0,2.0,2.5,NR5G-SA,n79,-72,-72,-10,22,-999,7.5
2026-05-28 11:39:53.957,2026-05-28 11:54:40.167,22.6613672,114.5003326,100.1,0.2,0.02,331.8,6.2,24.5,0.8,5900.05,10.0,2.0,2.5,NR5G-SA,n79,-72,-72,-10,22,-999,10.5
2026-05-28 11:39:54.157,2026-05-28 11:54:40.567,22.6613674,114.5003320,100.1,0.2,-0.00,331.3,6.2,24.5,0.9,5900.12,10.0,2.0,2.5,NR5G-SA,n79,-72,-72,-10,22,-999,5.7
2026-05-28 11:39:54.357,2026-05-28 11:54:40.767,22.6613674,114.5003316,100.1,0.3,-0.02,331.0,6.2,24.5,0.9,5900.16,10.0,2.0,2.5,NR5G-SA,n79,-72,-72,-10,23,-999,6.6
2026-05-28 11:39:54.558,2026-05-28 11:54:40.967,22.6613673,114.5003315,100.1,0.3,0.01,327.9,6.2,24.5,0.9,5900.18,10.0,2.0,2.5,NR5G-SA,n79,-72,-72,-10,23,-999,5.2
2026-05-28 11:39:54.758,2026-05-28 11:54:40.967,22.6613671,114.5003317,100.1,0.4,0.06,316.1,6.2,22.9,0.8,5900.21,10.0,2.0,2.5,NR5G-SA,n79,-72,-72,-10,23,-999,9.2
2026-05-28 11:39:54.958,2026-05-28 11:54:41.167,22.6613671,114.5003317,100.1,0.4,0.06,316.1,0.0,22.9,0.8,5900.21,10.0,2.0,2.5,NR5G-SA,n79,-77,-77,-10,29,-999,7.0
2026-05-28 11:39:55.159,2026-05-28 11:54:41.567,22.6613670,114.5003320,100.2,0.4,-0.02,300.6,0.0,22.9,0.8,5900.24,10.0,2.0,2.5,NR5G-SA,n79,-77,-77,-10,29,-999,5.5
2026-05-28 11:39:55.359,2026-05-28 11:54:41.767,22.6613667,114.5003325,100.2,0.5,-0.14,284.9,0.0,22.9,0.8,5900.30,10.0,2.0,2.5,NR5G-SA,n79,-77,-77,-10,29,-999,4.7
2026-05-28 11:39:55.559,2026-05-28 11:54:41.967,22.6613660,114.5003332,100.1,0.6,-0.14,269.5,0.0,22.9,0.7,5900.41,10.0,2.0,2.5,NR5G-SA,n79,-83,-83,-10,27,-999,4.6
2026-05-28 11:39:55.760,2026-05-28 11:54:41.967,22.6613651,114.5003343,100.1,0.8,-0.10,255.2,0.0,22.9,0.5,5900.56,10.0,2.0,2.5,NR5G-SA,n79,-83,-83,-10,27,-999,9.1
2026-05-28 11:39:55.960,2026-05-28 11:54:42.167,22.6613651,114.5003343,100.1,0.8,-0.10,255.2,17.0,22.8,0.5,5900.56,10.0,2.0,2.5,NR5G-SA,n79,-82,-82,-10,27,-999,8.0
2026-05-28 11:39:56.160,2026-05-28 11:54:42.567,22.6613640,114.5003360,100.1,0.9,-0.07,240.4,17.0,22.8,0.4,5900.77,10.0,2.0,2.5,NR5G-SA,n79,-82,-82,-10,27,-999,6.2
2026-05-28 11:39:56.361,2026-05-28 11:54:42.767,22.6613631,114.5003380,100.1,0.8,0.01,225.0,17.0,22.8,0.3,5901.00,10.0,2.0,2.5,NR5G-SA,n79,-82,-82,-10,27,-999,5.9
2026-05-28 11:39:56.561,2026-05-28 11:54:42.967,22.6613627,114.5003398,100.1,0.7,-0.03,209.3,17.0,22.8,0.4,5901.19,10.0,2.0,2.5,NR5G-SA,n79,-75,-75,-10,26,-999,5.7
2026-05-28 11:39:56.762,2026-05-28 11:54:42.967,22.6613627,114.5003412,100.1,0.5,0.03,194.3,17.0,22.8,0.6,5901.33,10.0,2.0,2.5,NR5G-SA,n79,-75,-75,-10,26,-999,8.3
2026-05-28 11:39:56.962,2026-05-28 11:54:43.167,22.6613627,114.5003412,100.1,0.5,0.03,194.3,41.5,22.9,0.6,5901.33,10.0,2.0,2.5,NR5G-SA,n79,-75,-75,-10,26,-999,8.6
2026-05-28 11:39:57.162,2026-05-28 11:54:43.567,22.6613632,114.5003422,100.1,0.3,0.03,179.3,41.5,22.9,0.7,5901.45,10.0,2.0,2.5,NR5G-SA,n79,-76,-76,-10,24,-999,7.2
2026-05-28 11:39:57.363,2026-05-28 11:54:43.767,22.6613634,114.5003425,100.1,0.0,-0.02,166.7,41.5,22.9,0.7,5901.49,10.0,2.0,2.5,NR5G-SA,n79,-76,-76,-10,24,-999,8.9
2026-05-28 11:39:57.563,2026-05-28 11:54:43.967,22.6613632,114.5003424,100.1,0.3,-0.09,161.7,41.5,22.9,0.7,5901.51,10.0,2.0,2.5,NR5G-SA,n79,-76,-76,-10,24,-999,5.1
2026-05-28 11:39:57.763,2026-05-28 11:54:43.967,22.6613626,114.5003418,100.1,0.5,-0.11,161.3,41.5,22.9,0.6,5901.60,10.0,2.0,2.5,NR5G-SA,n79,-75,-75,-10,21,-999,8.2
2026-05-28 11:39:57.964,2026-05-28 11:54:44.167,22.6613626,114.5003418,100.1,0.5,-0.11,161.3,25.7,23.1,0.6,5901.60,10.0,2.0,2.5,NR5G-SA,n79,-75,-75,-10,21,-999,11.0
2026-05-28 11:39:58.164,2026-05-28 11:54:44.567,22.6613618,114.5003412,100.1,0.5,-0.03,162.1,25.7,23.1,0.5,5901.71,10.0,2.0,2.5,NR5G-SA,n79,-75,-75,-10,20,-999,7.5
2026-05-28 11:39:58.365,2026-05-28 11:54:44.767,22.6613610,114.5003404,100.1,0.5,-0.09,163.0,25.7,23.1,0.5,5901.83,10.0,2.0,2.5,NR5G-SA,n79,-75,-75,-10,20,-999,6.6
2026-05-28 11:39:58.565,2026-05-28 11:54:44.967,22.6613606,114.5003397,100.1,0.4,-0.04,163.5,25.7,23.1,0.4,5901.92,10.0,2.0,2.5,NR5G-SA,n79,-75,-75,-10,20,-999,6.0
2026-05-28 11:39:58.765,2026-05-28 11:54:44.967,22.6613602,114.5003390,100.1,0.4,-0.05,163.6,25.7,23.1,0.3,5902.00,10.0,2.0,2.5,NR5G-SA,n79,-75,-75,-10,19,-999,11.2
2026-05-28 11:39:58.966,2026-05-28 11:54:45.167,22.6613602,114.5003390,100.1,0.4,-0.05,163.6,37.5,22.4,0.3,5902.00,10.0,2.0,2.5,NR5G-SA,n79,-75,-75,-10,19,-999,7.8
2026-05-28 11:39:59.166,2026-05-28 11:54:45.567,22.6613599,114.5003385,100.1,0.3,-0.02,163.8,37.5,22.4,0.3,5902.06,10.0,2.0,2.5,NR5G-SA,n79,-75,-75,-10,19,-999,6.7
2026-05-28 11:39:59.366,2026-05-28 11:54:45.767,22.6613595,114.5003381,100.1,0.3,-0.06,164.0,37.5,22.4,0.3,5902.12,10.0,2.0,2.5,NR5G-SA,n79,-75,-75,-10,20,-999,5.6
2026-05-28 11:39:59.567,2026-05-28 11:54:45.967,22.6613592,114.5003378,100.1,0.3,-0.02,164.2,37.5,22.4,0.2,5902.17,10.0,2.0,2.5,NR5G-SA,n79,-75,-75,-10,20,-999,5.2
2026-05-28 11:39:59.767,2026-05-28 11:54:45.967,22.6613589,114.5003374,100.1,0.3,-0.08,164.3,37.5,22.4,0.2,5902.22,10.0,2.0,2.5,NR5G-SA,n79,-75,-75,-10,20,-999,8.2
2026-05-28 11:39:59.967,2026-05-28 11:54:46.167,22.6613589,114.5003374,100.1,0.3,-0.08,164.3,32.3,22.0,0.2,5902.22,10.0,2.0,2.5,NR5G-SA,n79,-75,-75,-10,20,-999,7.4
2026-05-28 11:40:00.168,2026-05-28 11:54:46.567,22.6613588,114.5003370,100.0,0.3,-0.31,164.1,32.3,22.0,0.2,5902.26,10.0,2.0,2.5,NR5G-SA,n79,-75,-75,-10,20,-999,6.7
2026-05-28 11:40:00.368,2026-05-28 11:54:46.767,22.6613586,114.5003365,99.9,0.3,-0.56,163.9,32.3,22.0,0.2,5902.32,10.0,2.0,2.5,NR5G-SA,n79,-75,-75,-10,23,-999,5.9
2026-05-28 11:40:00.568,2026-05-28 11:54:46.967,22.6613584,114.5003361,99.7,0.3,-0.81,163.8,32.3,22.0,0.3,5902.37,10.0,2.0,2.5,NR5G-SA,n79,-75,-75,-10,23,-999,6.2
2026-05-28 11:40:00.769,2026-05-28 11:54:46.967,22.6613584,114.5003357,99.5,0.3,-1.03,163.8,32.3,22.0,0.3,5902.41,10.0,2.0,2.5,NR5G-SA,n79,-75,-75,-10,23,-999,9.3
2026-05-28 11:40:00.969,2026-05-28 11:54:47.167,22.6613584,114.5003357,99.5,0.3,-1.03,163.8,28.8,20.9,0.3,5902.41,10.0,2.0,2.5,NR5G-SA,n79,-75,-75,-10,24,-999,14.8
2026-05-28 11:40:01.170,2026-05-28 11:54:47.567,22.6613587,114.5003354,99.2,0.2,-1.29,163.8,28.8,20.9,0.2,5902.45,10.0,2.0,2.5,NR5G-SA,n79,-75,-75,-10,24,-999,7.0
2026-05-28 11:40:01.370,2026-05-28 11:54:47.767,22.6613592,114.5003354,98.8,0.3,-1.46,163.6,28.8,20.9,0.2,5902.51,10.0,2.0,2.5,NR5G-SA,n79,-75,-75,-10,24,-999,7.0
2026-05-28 11:40:01.570,2026-05-28 11:54:47.967,22.6613598,114.5003354,98.4,0.3,-1.59,163.5,28.8,20.9,0.1,5902.58,10.0,2.0,2.5,NR5G-SA,n79,-75,-75,-10,24,-999,6.5
2026-05-28 11:40:01.771,2026-05-28 11:54:47.967,22.6613601,114.5003355,98.0,0.2,-1.56,163.7,28.8,20.9,0.1,5902.61,10.0,2.0,2.5,NR5G-SA,n79,-75,-75,-10,24,-999,8.7
2026-05-28 11:40:01.971,2026-05-28 11:54:48.167,22.6613601,114.5003355,98.0,0.2,-1.56,163.7,39.7,19.8,0.1,5902.61,10.0,2.0,2.5,NR5G-SA,n79,-75,-75,-10,24,-999,12.6
2026-05-28 11:40:02.172,2026-05-28 11:54:48.567,22.6613604,114.5003355,97.6,0.2,-1.46,164.1,39.7,19.8,0.1,5902.64,10.0,2.0,2.5,NR5G-SA,n79,-75,-75,-10,24,-999,7.9
2026-05-28 11:40:02.372,2026-05-28 11:54:48.767,22.6613606,114.5003354,97.2,0.1,-1.37,164.5,39.7,19.8,0.1,5902.67,10.0,2.0,2.5,NR5G-SA,n79,-75,-75,-10,24,-999,6.8
2026-05-28 11:40:02.572,2026-05-28 11:54:48.967,22.6613608,114.5003353,96.9,0.1,-1.41,164.5,39.7,19.8,0.1,5902.69,10.0,2.0,2.5,NR5G-SA,n79,-75,-75,-10,24,-999,7.8
2026-05-28 11:40:02.773,2026-05-28 11:54:48.967,22.6613609,114.5003352,96.5,0.1,-1.44,164.5,39.7,19.8,0.1,5902.71,10.0,2.0,2.5,NR5G-SA,n79,-75,-75,-10,24,-999,9.6
2026-05-28 11:40:02.973,2026-05-28 11:54:49.167,22.6613609,114.5003352,96.5,0.1,-1.44,164.5,21.2,20.2,0.1,5902.71,10.0,2.0,2.5,NR5G-SA,n79,-75,-75,-10,24,-999,8.7
2026-05-28 11:40:03.173,2026-05-28 11:54:49.567,22.6613609,114.5003351,96.2,0.1,-1.47,164.6,21.2,20.2,0.1,5902.72,10.0,2.0,2.5,NR5G-SA,n79,-77,-77,-10,29,-999,6.1
2026-05-28 11:40:03.374,2026-05-28 11:54:49.767,22.6613608,114.5003350,95.8,0.1,-1.49,164.8,21.2,20.2,0.1,5902.73,10.0,2.0,2.5,NR5G-SA,n79,-77,-77,-10,29,-999,6.1
2026-05-28 11:40:03.574,2026-05-28 11:54:49.967,22.6613608,114.5003350,95.4,0.0,-1.49,164.9,21.2,20.2,0.1,5902.73,10.0,2.0,2.5,NR5G-SA,n79,-77,-77,-10,29,-999,6.6
2026-05-28 11:40:03.774,2026-05-28 11:54:49.967,22.6613608,114.5003351,95.0,0.0,-1.53,165.1,21.2,20.2,0.1,5902.74,10.0,2.0,2.5,NR5G-SA,n79,-77,-77,-10,27,-999,8.0
2026-05-28 11:40:03.975,2026-05-28 11:54:50.167,22.6613608,114.5003351,95.0,0.0,-1.53,165.1,0.0,18.9,0.1,5902.74,10.0,2.0,2.5,NR5G-SA,n79,-77,-77,-10,27,-999,9.0
2026-05-28 11:40:04.175,2026-05-28 11:54:50.567,22.6613607,114.5003351,94.7,0.1,-1.51,165.3,0.0,18.9,0.1,5902.76,10.0,2.0,2.5,NR5G-SA,n79,-77,-77,-10,27,-999,7.5
2026-05-28 11:40:04.375,2026-05-28 11:54:50.767,22.6613608,114.5003351,94.3,0.1,-1.44,165.5,0.0,18.9,0.1,5902.77,10.0,2.0,2.5,NR5G-SA,n79,-77,-77,-10,26,-999,8.3
2026-05-28 11:40:04.576,2026-05-28 11:54:50.967,22.6613608,114.5003351,93.9,0.1,-1.44,165.6,0.0,18.9,0.1,5902.77,10.0,2.0,2.5,NR5G-SA,n79,-77,-77,-10,26,-999,7.6
2026-05-28 11:40:04.776,2026-05-28 11:54:50.967,22.6613610,114.5003351,93.6,0.1,-1.41,165.7,0.0,18.9,0.1,5902.79,10.0,2.0,2.5,NR5G-SA,n79,-78,-78,-10,25,-999,7.3
2026-05-28 11:40:04.977,2026-05-28 11:54:51.167,22.6613610,114.5003351,93.6,0.1,-1.41,165.7,4.8,18.9,0.1,5902.79,10.0,2.0,2.5,NR5G-SA,n79,-78,-78,-10,25,-999,7.8
2026-05-28 11:40:05.177,2026-05-28 11:54:51.567,22.6613611,114.5003351,93.2,0.1,-1.45,165.5,4.8,17.8,0.1,5902.80,10.0,2.0,2.5,NR5G-SA,n79,-78,-78,-10,25,-999,5.5
2026-05-28 11:40:05.377,2026-05-28 11:54:51.767,22.6613612,114.5003351,92.9,0.0,-1.51,165.4,4.8,17.8,0.1,5902.81,10.0,2.0,2.5,NR5G-SA,n79,-77,-77,-10,23,-999,6.6
2026-05-28 11:40:05.577,2026-05-28 11:54:51.967,22.6613612,114.5003351,92.5,0.1,-1.54,165.3,4.8,17.8,0.1,5902.81,10.0,2.0,2.5,NR5G-SA,n79,-77,-77,-10,23,-999,7.0
2026-05-28 11:40:05.778,2026-05-28 11:54:52.167,22.6613612,114.5003351,92.1,0.1,-1.58,165.3,4.8,17.8,0.1,5902.81,10.0,2.0,2.5,NR5G-SA,n79,-77,-77,-10,23,-999,6.2
2026-05-28 11:40:05.978,2026-05-28 11:54:52.167,22.6613612,114.5003351,92.1,0.1,-1.58,165.3,12.0,17.8,0.1,5902.81,10.0,2.0,2.5,NR5G-SA,n79,-78,-78,-10,23,-999,14.4
2026-05-28 11:40:06.178,2026-05-28 11:54:52.567,22.6613612,114.5003352,91.7,0.0,-1.56,165.4,12.0,18.0,0.1,5902.82,10.0,2.0,2.5,NR5G-SA,n79,-78,-78,-10,23,-999,7.9
2026-05-28 11:40:06.379,2026-05-28 11:54:52.767,22.6613612,114.5003354,91.3,0.1,-1.53,165.5,12.0,18.0,0.1,5902.84,10.0,2.0,2.5,NR5G-SA,n79,-78,-78,-10,23,-999,5.2
2026-05-28 11:40:06.579,2026-05-28 11:54:52.967,22.6613612,114.5003355,91.0,0.0,-1.54,165.7,12.0,18.0,0.1,5902.85,10.0,2.0,2.5,NR5G-SA,n79,-77,-77,-10,23,-999,7.9
2026-05-28 11:40:06.780,2026-05-28 11:54:53.167,22.6613613,114.5003355,90.6,0.0,-1.51,165.9,12.0,18.0,0.1,5902.86,10.0,2.0,2.5,NR5G-SA,n79,-77,-77,-10,23,-999,6.5
2026-05-28 11:40:06.980,2026-05-28 11:54:53.167,22.6613614,114.5003354,90.2,0.0,-1.51,166.1,43.6,18.0,0.1,5902.88,10.0,2.0,2.5,NR5G-SA,n79,-77,-77,-10,22,-999,12.6
2026-05-28 11:40:07.180,2026-05-28 11:54:53.567,22.6613614,114.5003354,90.2,0.1,-1.49,166.1,43.6,18.0,0.1,5902.88,10.0,2.0,2.5,NR5G-SA,n79,-77,-77,-10,22,-999,8.3
2026-05-28 11:40:07.381,2026-05-28 11:54:53.767,22.6613615,114.5003354,89.8,0.1,-1.51,166.3,43.6,18.0,0.1,5902.89,10.0,2.0,2.5,NR5G-SA,n79,-77,-77,-10,22,-999,7.0
2026-05-28 11:40:07.581,2026-05-28 11:54:53.967,22.6613616,114.5003353,89.4,0.1,-1.48,166.6,43.6,18.0,0.1,5902.90,10.0,2.0,2.5,NR5G-SA,n79,-78,-78,-10,22,-999,5.7
2026-05-28 11:40:07.781,2026-05-28 11:54:53.967,22.6613616,114.5003352,89.1,0.1,-1.50,166.9,43.6,18.0,0.1,5902.92,10.0,2.0,2.5,NR5G-SA,n79,-78,-78,-10,22,-999,7.0
2026-05-28 11:40:07.982,2026-05-28 11:54:54.167,22.6613616,114.5003351,88.7,0.0,-1.52,167.2,26.3,18.0,0.1,5902.93,10.0,2.0,2.5,NR5G-SA,n79,-78,-78,-10,22,-999,10.7
2026-05-28 11:40:08.182,2026-05-28 11:54:54.567,22.6613616,114.5003351,88.7,0.0,-1.52,167.2,26.3,16.5,0.1,5902.93,10.0,2.0,2.5,NR5G-SA,n79,-78,-78,-10,22,-999,5.4
2026-05-28 11:40:08.383,2026-05-28 11:54:54.767,22.6613615,114.5003351,88.3,0.0,-1.50,167.7,26.3,16.5,0.1,5902.94,10.0,2.0,2.5,NR5G-SA,n79,-78,-78,-10,22,-999,5.7
2026-05-28 11:40:08.583,2026-05-28 11:54:54.967,22.6613614,114.5003352,88.0,0.1,-1.49,167.9,26.3,16.5,0.1,5902.95,10.0,2.0,2.5,NR5G-SA,n79,-78,-78,-10,22,-999,6.1
2026-05-28 11:40:08.783,2026-05-28 11:54:54.967,22.6613614,114.5003353,87.6,0.1,-1.51,168.2,26.3,16.5,0.1,5902.96,10.0,2.0,2.5,NR5G-SA,n79,-78,-78,-10,22,-999,9.6
2026-05-28 11:40:08.984,2026-05-28 11:54:55.167,22.6613614,114.5003353,87.6,0.1,-1.51,168.2,26.3,16.5,0.1,5902.96,10.0,2.0,2.5,NR5G-SA,n79,-78,-78,-10,22,-999,15.4
2026-05-28 11:40:09.184,2026-05-28 11:54:55.567,22.6613613,114.5003353,87.2,0.1,-1.56,168.4,36.1,16.9,0.1,5902.97,10.0,2.0,2.5,NR5G-SA,n79,-78,-78,-10,21,-999,9.2
2026-05-28 11:40:09.385,2026-05-28 11:54:55.767,22.6613612,114.5003354,86.8,0.0,-1.51,168.7,36.1,16.9,0.1,5902.99,10.0,2.0,2.5,NR5G-SA,n79,-78,-78,-10,21,-999,6.5
2026-05-28 11:40:09.585,2026-05-28 11:54:55.967,22.6613612,114.5003354,86.4,0.1,-1.49,168.9,36.1,16.9,0.1,5902.99,10.0,2.0,2.5,NR5G-SA,n79,-78,-78,-10,21,-999,5.2
2026-05-28 11:40:09.785,2026-05-28 11:54:56.167,22.6613611,114.5003354,86.1,0.1,-1.51,169.0,36.1,16.9,0.1,5903.00,10.0,2.0,2.5,NR5G-SA,n79,-78,-78,-10,21,-999,6.0
2026-05-28 11:40:09.986,2026-05-28 11:54:56.567,22.6613610,114.5003355,85.7,0.1,-1.50,169.0,33.8,16.9,0.1,5903.01,10.0,2.0,2.5,NR5G-SA,n79,-78,-78,-10,21,-999,5.8
2026-05-28 11:40:10.186,2026-05-28 11:54:56.567,22.6613610,114.5003355,85.7,0.1,-1.50,169.0,33.8,17.9,0.1,5903.01,10.0,2.0,2.5,NR5G-SA,n79,-78,-78,-10,21,-999,9.7
2026-05-28 11:40:10.386,2026-05-28 11:54:56.767,22.6613609,114.5003355,85.3,0.1,-1.49,168.9,33.8,17.9,0.1,5903.03,10.0,2.0,2.5,NR5G-SA,n79,-78,-78,-10,23,-999,4.8
2026-05-28 11:40:10.587,2026-05-28 11:54:56.967,22.6613609,114.5003355,84.9,0.1,-1.44,168.9,33.8,17.9,0.1,5903.03,10.0,2.0,2.5,NR5G-SA,n79,-78,-78,-10,23,-999,5.4
2026-05-28 11:40:10.787,2026-05-28 11:54:57.167,22.6613608,114.5003355,84.5,0.0,-1.45,168.8,33.8,17.9,0.1,5903.04,10.0,2.0,2.5,NR5G-SA,n79,-78,-78,-10,23,-999,8.0
2026-05-28 11:40:10.988,2026-05-28 11:54:57.167,22.6613607,114.5003355,84.2,0.0,-1.49,168.6,28.0,17.9,0.1,5903.05,10.0,2.0,2.5,NR5G-SA,n79,-78,-78,-10,23,-999,9.8
2026-05-28 11:40:11.188,2026-05-28 11:54:57.567,22.6613607,114.5003355,84.2,0.0,-1.49,168.6,28.0,18.0,0.1,5903.05,10.0,2.0,2.5,NR5G-SA,n79,-78,-78,-10,23,-999,5.8
2026-05-28 11:40:11.388,2026-05-28 11:54:57.767,22.6613607,114.5003355,83.8,0.0,-1.49,168.5,28.0,18.0,0.1,5903.05,10.0,2.0,2.5,NR5G-SA,n79,-78,-78,-10,23,-999,5.5
2026-05-28 11:40:11.589,2026-05-28 11:54:57.967,22.6613606,114.5003355,83.4,0.0,-1.52,168.6,28.0,18.0,0.1,5903.06,10.0,2.0,2.5,NR5G-SA,n79,-78,-78,-10,23,-999,5.5
2026-05-28 11:40:11.789,2026-05-28 11:54:58.167,22.6613606,114.5003355,83.1,0.0,-1.47,168.8,28.0,18.0,0.1,5903.06,10.0,2.0,2.5,NR5G-SA,n79,-78,-78,-10,23,-999,6.3
2026-05-28 11:40:11.989,2026-05-28 11:54:58.167,22.6613607,114.5003355,82.7,0.0,-1.48,168.9,44.2,18.0,0.1,5903.07,10.0,2.0,2.5,NR5G-SA,n79,-78,-78,-10,23,-999,11.2
2026-05-28 11:40:12.190,2026-05-28 11:54:58.567,22.6613607,114.5003355,82.7,0.0,-1.48,168.9,44.2,18.8,0.1,5903.07,10.0,2.0,2.5,NR5G-SA,n79,-78,-78,-10,23,-999,5.5
2026-05-28 11:40:12.390,2026-05-28 11:54:58.767,22.6613607,114.5003355,82.3,0.1,-1.50,169.1,44.2,18.8,0.1,5903.07,10.0,2.0,2.5,NR5G-SA,n79,-78,-78,-10,23,-999,6.3
2026-05-28 11:40:12.590,2026-05-28 11:54:58.967,22.6613607,114.5003354,81.9,0.0,-1.46,169.1,44.2,18.8,0.1,5903.08,10.0,2.0,2.5,NR5G-SA,n79,-78,-78,-10,21,-999,7.2
2026-05-28 11:40:12.791,2026-05-28 11:54:59.167,22.6613608,114.5003353,81.6,0.1,-1.46,169.2,44.2,18.8,0.1,5903.10,10.0,2.0,2.5,NR5G-SA,n79,-78,-78,-10,21,-999,5.5
2026-05-28 11:40:12.991,2026-05-28 11:54:59.167,22.6613608,114.5003353,81.2,0.1,-1.46,169.1,44.2,18.8,0.1,5903.10,10.0,2.0,2.5,NR5G-SA,n79,-78,-78,-10,21,-999,12.9
2026-05-28 11:40:13.191,2026-05-28 11:54:59.567,22.6613608,114.5003353,81.2,0.0,-1.48,169.1,12.9,20.5,0.1,5903.10,10.0,2.0,2.5,NR5G-SA,n79,-78,-78,-10,21,-999,6.3
2026-05-28 11:40:13.392,2026-05-28 11:54:59.767,22.6613609,114.5003353,80.8,0.1,-1.51,168.8,12.9,20.5,0.1,5903.11,10.0,2.0,2.5,NR5G-SA,n79,-78,-78,-10,21,-999,6.5
2026-05-28 11:40:13.592,2026-05-28 11:54:59.967,22.6613610,114.5003353,80.4,0.0,-1.55,168.8,12.9,20.5,0.1,5903.12,10.0,2.0,2.5,NR5G-SA,n79,-78,-78,-10,21,-999,6.0
2026-05-28 11:40:13.793,2026-05-28 11:55:00.167,22.6613611,114.5003353,80.0,0.0,-1.55,168.7,12.9,20.5,0.1,5903.13,10.0,2.0,2.5,NR5G-SA,n79,-78,-78,-10,21,-999,6.3
2026-05-28 11:40:13.993,2026-05-28 11:55:00.167,22.6613612,114.5003354,79.6,0.0,-1.52,168.6,12.9,20.5,0.1,5903.14,10.0,2.0,2.5,NR5G-SA,n79,-78,-78,-10,21,-999,11.0
2026-05-28 11:40:14.193,2026-05-28 11:55:00.567,22.6613612,114.5003354,79.6,0.0,-1.52,168.6,0.0,19.6,0.1,5903.14,10.0,2.0,2.5,NR5G-SA,n79,-78,-78,-10,21,-999,7.4
2026-05-28 11:40:14.394,2026-05-28 11:55:00.767,22.6613613,114.5003353,79.3,0.0,-1.52,168.4,0.0,19.6,0.1,5903.16,10.0,2.0,2.5,NR5G-SA,n79,-78,-78,-10,21,-999,6.6
2026-05-28 11:40:14.594,2026-05-28 11:55:00.967,22.6613614,114.5003354,78.9,0.0,-1.47,168.2,0.0,19.6,0.1,5903.17,10.0,2.0,2.5,NR5G-SA,n79,-78,-78,-10,21,-999,7.5
2026-05-28 11:40:14.794,2026-05-28 11:55:01.167,22.6613615,114.5003354,78.5,0.0,-1.48,168.1,0.0,19.6,0.1,5903.19,10.0,2.0,2.5,NR5G-SA,n79,-78,-78,-10,20,-999,5.5
2026-05-28 11:40:14.995,2026-05-28 11:55:01.167,22.6613615,114.5003353,78.1,0.1,-1.49,168.1,0.0,19.6,0.1,5903.20,10.0,2.0,2.5,NR5G-SA,n79,-78,-78,-10,20,-999,10.8
2026-05-28 11:40:15.195,2026-05-28 11:55:01.567,22.6613615,114.5003353,78.1,0.1,-1.49,168.1,4.6,19.6,0.1,5903.20,10.0,2.0,2.5,NR5G-SA,n79,-78,-78,-10,20,-999,6.3
2026-05-28 11:40:15.395,2026-05-28 11:55:01.767,22.6613615,114.5003353,77.8,0.0,-1.49,168.0,4.6,18.6,0.1,5903.20,10.0,2.0,2.5,NR5G-SA,n79,-82,-82,-10,31,-999,5.8
2026-05-28 11:40:15.596,2026-05-28 11:55:01.967,22.6613614,114.5003353,77.4,0.0,-1.45,168.0,4.6,18.6,0.1,5903.21,10.0,2.0,2.5,NR5G-SA,n79,-82,-82,-10,31,-999,5.9
2026-05-28 11:40:15.796,2026-05-28 11:55:02.167,22.6613614,114.5003353,77.0,0.1,-1.45,168.1,4.6,18.6,0.1,5903.21,10.0,2.0,2.5,NR5G-SA,n79,-82,-82,-10,31,-999,6.3
2026-05-28 11:40:15.996,2026-05-28 11:55:02.167,22.6613613,114.5003353,76.7,0.1,-1.48,168.0,4.6,18.6,0.1,5903.22,10.0,2.0,2.5,NR5G-SA,n79,-82,-82,-10,30,-999,9.4
2026-05-28 11:40:16.197,2026-05-28 11:55:02.567,22.6613613,114.5003353,76.7,0.1,-1.48,168.0,0.0,18.6,0.1,5903.22,10.0,2.0,2.5,NR5G-SA,n79,-82,-82,-10,30,-999,6.4
2026-05-28 11:40:16.397,2026-05-28 11:55:02.767,22.6613611,114.5003353,76.3,0.1,-1.47,168.0,0.0,18.5,0.1,5903.24,10.0,2.0,2.5,NR5G-SA,n79,-82,-82,-10,29,-999,6.5
2026-05-28 11:40:16.598,2026-05-28 11:55:02.967,22.6613610,114.5003354,75.9,0.1,-1.46,168.2,0.0,18.5,0.1,5903.26,10.0,2.0,2.5,NR5G-SA,n79,-82,-82,-10,29,-999,5.5
2026-05-28 11:40:16.798,2026-05-28 11:55:02.967,22.6613608,114.5003355,75.5,0.1,-1.51,167.9,0.0,18.5,0.1,5903.28,10.0,2.0,2.5,NR5G-SA,n79,-82,-82,-10,29,-999,8.9
2026-05-28 11:40:16.998,2026-05-28 11:55:03.167,22.6613605,114.5003357,75.2,0.1,-1.47,167.7,0.0,18.5,0.0,5903.32,10.0,2.0,2.5,NR5G-SA,n79,-87,-87,-10,21,-999,9.7
2026-05-28 11:40:17.199,2026-05-28 11:55:03.567,22.6613605,114.5003357,75.2,0.1,-1.47,167.7,20.6,18.5,0.0,5903.32,10.0,2.0,2.5,NR5G-SA,n79,-87,-87,-10,21,-999,10.7
2026-05-28 11:40:17.399,2026-05-28 11:55:03.767,22.6613603,114.5003359,74.8,0.2,-1.43,167.5,20.6,17.5,0.0,5903.35,10.0,2.0,2.5,NR5G-SA,n79,-87,-87,-10,21,-999,6.5
2026-05-28 11:40:17.599,2026-05-28 11:55:03.967,22.6613602,114.5003362,74.4,0.1,-1.44,167.5,20.6,17.5,0.1,5903.38,10.0,2.0,2.5,NR5G-SA,n79,-87,-87,-10,21,-999,6.2
2026-05-28 11:40:17.800,2026-05-28 11:55:04.167,22.6613601,114.5003364,74.0,0.0,-1.43,167.5,20.6,17.5,0.1,5903.41,10.0,2.0,2.5,NR5G-SA,n79,-87,-87,-10,21,-999,6.8
2026-05-28 11:40:18.000,2026-05-28 11:55:04.167,22.6613602,114.5003365,73.7,0.0,-1.45,167.1,20.6,17.5,0.1,5903.42,10.0,2.0,2.5,NR5G-SA,n79,-87,-87,-10,21,-999,11.7
2026-05-28 11:40:18.200,2026-05-28 11:55:04.567,22.6613602,114.5003365,73.7,0.0,-1.45,167.1,39.9,17.5,0.1,5903.42,10.0,2.0,2.5,NR5G-SA,n79,-87,-87,-10,21,-999,11.4
2026-05-28 11:40:18.401,2026-05-28 11:55:04.767,22.6613602,114.5003365,73.3,0.0,-1.54,166.8,39.9,17.9,0.1,5903.42,10.0,2.0,2.5,NR5G-SA,n79,-83,-83,-10,18,-999,12.2
2026-05-28 11:40:18.601,2026-05-28 11:55:04.967,22.6613602,114.5003365,72.9,0.0,-1.56,166.4,39.9,17.9,0.1,5903.42,10.0,2.0,2.5,NR5G-SA,n79,-83,-83,-10,19,-999,7.8
2026-05-28 11:40:18.801,2026-05-28 11:55:05.167,22.6613602,114.5003363,72.5,0.1,-1.53,165.9,39.9,17.9,0.1,5903.44,10.0,2.0,2.5,NR5G-SA,n79,-83,-83,-10,19,-999,8.9
2026-05-28 11:40:19.002,2026-05-28 11:55:05.167,22.6613602,114.5003361,72.1,0.1,-1.49,165.5,39.9,17.9,0.1,5903.46,10.0,2.0,2.5,NR5G-SA,n79,-83,-83,-10,19,-999,13.5
2026-05-28 11:40:19.202,2026-05-28 11:55:05.567,22.6613602,114.5003361,72.1,0.1,-1.49,165.5,31.7,17.9,0.1,5903.46,10.0,2.0,2.5,NR5G-SA,n79,-83,-83,-10,19,-999,12.0
2026-05-28 11:40:19.402,2026-05-28 11:55:05.767,22.6613602,114.5003360,71.7,0.0,-1.49,165.1,31.7,17.8,0.1,5903.47,10.0,2.0,2.5,NR5G-SA,n79,-83,-83,-10,19,-999,6.1
2026-05-28 11:40:19.603,2026-05-28 11:55:05.967,22.6613601,114.5003360,71.4,0.0,-1.45,165.0,31.7,17.8,0.1,5903.48,10.0,2.0,2.5,NR5G-SA,n79,-83,-83,-10,19,-999,6.7
2026-05-28 11:40:19.803,2026-05-28 11:55:06.167,22.6613601,114.5003360,71.0,0.0,-1.47,164.8,31.7,17.8,0.1,5903.48,10.0,2.0,2.5,NR5G-SA,n79,-83,-83,-10,19,-999,5.5
2026-05-28 11:40:20.004,2026-05-28 11:55:06.167,22.6613601,114.5003360,70.6,0.0,-1.50,164.4,31.7,17.8,0.1,5903.48,10.0,2.0,2.5,NR5G-SA,n79,-83,-83,-10,19,-999,10.3
2026-05-28 11:40:20.204,2026-05-28 11:55:06.567,22.6613601,114.5003360,70.6,0.0,-1.50,164.4,30.7,17.8,0.1,5903.48,10.0,2.0,2.5,NR5G-SA,n79,-83,-83,-10,19,-999,11.1
2026-05-28 11:40:20.404,2026-05-28 11:55:06.767,22.6613601,114.5003360,70.2,0.1,-1.49,164.3,30.7,19.9,0.1,5903.48,10.0,2.0,2.5,NR5G-SA,n79,-83,-83,-10,20,-999,7.2
2026-05-28 11:40:20.605,2026-05-28 11:55:06.967,22.6613601,114.5003360,69.9,0.0,-1.49,164.3,30.7,19.9,0.1,5903.48,10.0,2.0,2.5,NR5G-SA,n79,-83,-83,-10,20,-999,8.8
2026-05-28 11:40:20.805,2026-05-28 11:55:07.167,22.6613601,114.5003360,69.5,0.0,-1.44,164.3,30.7,19.9,0.1,5903.48,10.0,2.0,2.5,NR5G-SA,n79,-44,-44,-10,22,-999,6.6
2026-05-28 11:40:21.006,2026-05-28 11:55:07.167,22.6613603,114.5003360,69.1,0.1,-1.40,164.3,30.7,19.9,0.0,5903.51,10.0,2.0,2.5,NR5G-SA,n79,-44,-44,-10,22,-999,10.8
2026-05-28 11:40:21.206,2026-05-28 11:55:07.567,22.6613603,114.5003360,69.1,0.1,-1.40,164.3,40.7,19.9,0.0,5903.51,10.0,2.0,2.5,NR5G-SA,n79,-44,-44,-10,22,-999,11.6
2026-05-28 11:40:21.406,2026-05-28 11:55:07.767,22.6613605,114.5003360,68.8,0.1,-1.43,164.3,40.7,20.8,0.0,5903.53,10.0,2.0,2.5,NR5G-SA,n79,-44,-44,-10,22,-999,9.6
2026-05-28 11:40:21.606,2026-05-28 11:55:07.967,22.6613607,114.5003362,68.4,0.0,-1.47,164.2,40.7,20.8,0.0,5903.56,10.0,2.0,2.5,NR5G-SA,n79,-44,-44,-10,22,-999,8.9
2026-05-28 11:40:21.807,2026-05-28 11:55:08.167,22.6613609,114.5003362,68.0,0.0,-1.44,164.2,40.7,20.8,0.0,5903.58,10.0,2.0,2.5,NR5G-SA,n79,-44,-44,-10,22,-999,7.0
2026-05-28 11:40:22.007,2026-05-28 11:55:08.167,22.6613611,114.5003363,67.7,0.0,-1.42,164.4,40.7,20.8,0.1,5903.60,10.0,2.0,2.5,NR5G-SA,n79,-44,-44,-10,23,-999,8.2
2026-05-28 11:40:22.207,2026-05-28 11:55:08.567,22.6613611,114.5003363,67.7,0.0,-1.42,164.4,19.4,20.8,0.1,5903.60,10.0,2.0,2.5,NR5G-SA,n79,-44,-44,-10,23,-999,15.3
2026-05-28 11:40:22.408,2026-05-28 11:55:08.767,22.6613611,114.5003364,67.3,0.0,-1.45,164.5,19.4,21.9,0.1,5903.62,10.0,2.0,2.5,NR5G-SA,n79,-44,-44,-10,23,-999,8.7
2026-05-28 11:40:22.608,2026-05-28 11:55:08.967,22.6613611,114.5003365,66.9,0.0,-1.51,164.7,19.4,21.9,0.1,5903.63,10.0,2.0,2.5,NR5G-SA,n79,-44,-44,-10,25,-999,6.8
2026-05-28 11:40:22.809,2026-05-28 11:55:08.967,22.6613611,114.5003365,66.6,0.0,-1.49,164.9,19.4,21.9,0.1,5903.63,10.0,2.0,2.5,NR5G-SA,n79,-44,-44,-10,25,-999,8.7
2026-05-28 11:40:23.009,2026-05-28 11:55:09.167,22.6613611,114.5003365,66.2,0.1,-1.52,165.1,19.4,21.9,0.1,5903.63,10.0,2.0,2.5,NR5G-SA,n79,-44,-44,-10,25,-999,9.0
2026-05-28 11:40:23.209,2026-05-28 11:55:09.567,22.6613611,114.5003365,66.2,0.1,-1.52,165.1,0.0,21.9,0.1,5903.63,10.0,2.0,2.5,NR5G-SA,n79,-44,-44,-10,25,-999,14.5
2026-05-28 11:40:23.410,2026-05-28 11:55:09.767,22.6613611,114.5003365,65.8,0.0,-1.53,165.3,0.0,21.1,0.1,5903.63,10.0,2.0,2.5,NR5G-SA,n79,-44,-44,-10,25,-999,9.0
2026-05-28 11:40:23.610,2026-05-28 11:55:09.967,22.6613610,114.5003364,65.4,0.0,-1.43,165.5,0.0,21.1,0.1,5903.64,10.0,2.0,2.5,NR5G-SA,n79,-44,-44,-10,25,-999,5.7
2026-05-28 11:40:23.811,2026-05-28 11:55:10.167,22.6613610,114.5003364,65.1,0.0,-1.45,165.8,0.0,21.1,0.1,5903.64,10.0,2.0,2.5,NR5G-SA,n79,-44,-44,-10,25,-999,6.0
2026-05-28 11:40:24.011,2026-05-28 11:55:10.167,22.6613609,114.5003364,64.7,0.0,-1.42,166.2,0.0,21.1,0.0,5903.65,10.0,2.0,2.5,NR5G-SA,n79,-44,-44,-10,25,-999,9.8
2026-05-28 11:40:24.211,2026-05-28 11:55:10.567,22.6613609,114.5003364,64.7,0.0,-1.42,166.2,3.1,21.1,0.0,5903.65,10.0,2.0,2.5,NR5G-SA,n79,-44,-44,-10,26,-999,12.0
2026-05-28 11:40:24.412,2026-05-28 11:55:10.767,22.6613607,114.5003366,64.3,0.1,-1.51,166.5,3.1,21.1,0.1,5903.68,10.0,2.0,2.5,NR5G-SA,n79,-44,-44,-10,26,-999,11.9
2026-05-28 11:40:24.612,2026-05-28 11:55:10.967,22.6613606,114.5003366,64.0,0.1,-1.54,166.9,3.1,22.2,0.1,5903.69,10.0,2.0,2.5,NR5G-SA,n79,-44,-44,-10,26,-999,6.7
2026-05-28 11:40:24.813,2026-05-28 11:55:11.167,22.6613606,114.5003366,63.6,0.1,-1.56,167.1,3.1,22.2,0.1,5903.69,10.0,2.0,2.5,NR5G-SA,n79,-44,-44,-10,26,-999,4.1
2026-05-28 11:40:25.013,2026-05-28 11:55:11.567,22.6613606,114.5003366,63.2,0.1,-1.54,167.2,3.1,22.2,0.1,5903.69,10.0,2.0,2.5,NR5G-SA,n79,-44,-44,-10,26,-999,4.7
2026-05-28 11:40:25.213,2026-05-28 11:55:11.567,22.6613606,114.5003366,63.2,0.1,-1.54,167.2,0.0,22.2,0.1,5903.69,10.0,2.0,2.5,NR5G-SA,n79,-44,-44,-10,26,-999,9.7
2026-05-28 11:40:25.414,2026-05-28 11:55:11.767,22.6613605,114.5003364,62.8,0.1,-1.54,167.3,0.0,22.2,0.0,5903.72,10.0,2.0,2.5,NR5G-SA,n79,-44,-44,-10,26,-999,11.4
2026-05-28 11:40:25.614,2026-05-28 11:55:11.967,22.6613604,114.5003362,62.4,0.1,-1.51,167.4,0.0,21.2,0.0,5903.74,10.0,2.0,2.5,NR5G-SA,n79,-44,-44,-10,25,-999,9.0
2026-05-28 11:40:25.815,2026-05-28 11:55:12.167,22.6613604,114.5003360,62.1,0.1,-1.47,167.5,0.0,21.2,0.0,5903.76,10.0,2.0,2.5,NR5G-SA,n79,-44,-44,-10,24,-999,7.0
2026-05-28 11:40:26.015,2026-05-28 11:55:12.167,22.6613604,114.5003360,62.1,0.1,-1.47,167.5,0.0,21.2,0.0,5903.76,10.0,2.0,2.5,NR5G-SA,n79,-44,-44,-10,24,-999,16.4
2026-05-28 11:40:26.215,2026-05-28 11:55:12.567,22.6613604,114.5003358,61.7,0.0,-1.44,167.6,14.0,21.2,0.0,5903.78,10.0,2.0,2.5,NR5G-SA,n79,-44,-44,-10,24,-999,16.5
2026-05-28 11:40:26.416,2026-05-28 11:55:12.767,22.6613604,114.5003356,61.3,0.1,-1.46,167.7,14.0,21.2,0.1,5903.80,10.0,2.0,2.5,NR5G-SA,n79,-44,-44,-10,23,-999,11.8
2026-05-28 11:40:26.616,2026-05-28 11:55:12.967,22.6613604,114.5003354,60.9,0.1,-1.50,167.6,14.0,22.3,0.1,5903.82,10.0,2.0,2.5,NR5G-SA,n79,-44,-44,-10,23,-999,8.8
2026-05-28 11:40:26.816,2026-05-28 11:55:13.167,22.6613604,114.5003353,60.5,0.0,-1.54,167.3,14.0,22.3,0.1,5903.83,10.0,2.0,2.5,NR5G-SA,n79,-44,-44,-10,23,-999,6.4
2026-05-28 11:40:27.017,2026-05-28 11:55:13.167,22.6613604,114.5003353,60.2,0.0,-1.55,167.0,14.0,22.3,0.1,5903.83,10.0,2.0,2.5,NR5G-SA,n79,-44,-44,-10,23,-999,12.7
2026-05-28 11:40:27.217,2026-05-28 11:55:13.567,22.6613604,114.5003353,60.2,0.0,-1.55,167.0,60.4,22.3,0.1,5903.83,10.0,2.0,2.5,NR5G-SA,n79,-44,-44,-10,23,-999,17.4
2026-05-28 11:40:27.417,2026-05-28 11:55:13.767,22.6613603,114.5003355,59.8,0.1,-1.53,166.8,60.4,22.3,0.1,5903.86,10.0,2.0,2.5,NR5G-SA,n79,-44,-44,-10,23,-999,8.0
2026-05-28 11:40:27.618,2026-05-28 11:55:13.967,22.6613601,114.5003356,59.4,0.1,-1.54,166.7,60.4,23.3,0.1,5903.88,10.0,2.0,2.5,NR5G-SA,n79,-44,-44,-10,23,-999,6.6
2026-05-28 11:40:27.818,2026-05-28 11:55:14.167,22.6613599,114.5003358,59.0,0.1,-1.52,166.7,60.4,23.3,0.1,5903.91,10.0,2.0,2.5,NR5G-SA,n79,-44,-44,-10,23,-999,6.4
2026-05-28 11:40:28.019,2026-05-28 11:55:14.167,22.6613597,114.5003360,58.6,0.0,-1.47,166.6,60.4,23.3,0.1,5903.94,10.0,2.0,2.5,NR5G-SA,n79,-44,-44,-10,22,-999,14.3
2026-05-28 11:40:28.219,2026-05-28 11:55:14.567,22.6613597,114.5003360,58.6,0.0,-1.47,166.6,27.4,23.3,0.1,5903.94,10.0,2.0,2.5,NR5G-SA,n79,-44,-44,-10,22,-999,17.8
2026-05-28 11:40:28.419,2026-05-28 11:55:14.767,22.6613597,114.5003362,58.3,0.1,-1.51,166.6,27.4,23.3,0.1,5903.96,10.0,2.0,2.5,NR5G-SA,n79,-44,-44,-10,22,-999,11.8
2026-05-28 11:40:28.620,2026-05-28 11:55:14.967,22.6613600,114.5003362,57.9,0.1,-1.42,166.8,27.4,24.0,0.1,5903.99,10.0,2.0,2.5,NR5G-SA,n79,-44,-44,-10,23,-999,8.0
2026-05-28 11:40:28.820,2026-05-28 11:55:15.167,22.6613603,114.5003362,57.5,0.1,-1.44,167.2,27.4,24.0,0.0,5904.03,10.0,2.0,2.5,NR5G-SA,n79,-44,-44,-10,23,-999,6.3
2026-05-28 11:40:29.020,2026-05-28 11:55:15.167,22.6613606,114.5003359,57.2,0.1,-1.46,167.2,27.4,24.0,0.0,5904.07,10.0,2.0,2.5,NR5G-SA,n79,-44,-44,-10,23,-999,11.5
2026-05-28 11:40:29.221,2026-05-28 11:55:15.567,22.6613606,114.5003359,57.2,0.1,-1.46,167.2,51.9,24.0,0.0,5904.07,10.0,2.0,2.5,NR5G-SA,n79,-44,-44,-10,24,-999,14.9
2026-05-28 11:40:29.421,2026-05-28 11:55:15.767,22.6613609,114.5003357,56.8,0.1,-1.44,167.2,51.9,24.0,0.0,5904.11,10.0,2.0,2.5,NR5G-SA,n79,-44,-44,-10,24,-999,8.0
2026-05-28 11:40:29.621,2026-05-28 11:55:15.967,22.6613610,114.5003356,56.4,0.1,-1.47,167.2,51.9,23.9,0.1,5904.13,10.0,2.0,2.5,NR5G-SA,n79,-44,-44,-10,24,-999,7.5
2026-05-28 11:40:29.822,2026-05-28 11:55:16.167,22.6613609,114.5003356,56.1,0.0,-1.49,167.3,51.9,23.9,0.0,5904.14,10.0,2.0,2.5,NR5G-SA,n79,-44,-44,-10,25,-999,7.8
2026-05-28 11:40:30.022,2026-05-28 11:55:16.167,22.6613608,114.5003356,55.7,0.1,-1.49,167.4,51.9,23.9,0.0,5904.15,10.0,2.0,2.5,NR5G-SA,n79,-44,-44,-10,25,-999,9.3
2026-05-28 11:40:30.223,2026-05-28 11:55:16.567,22.6613608,114.5003356,55.7,0.1,-1.49,167.4,51.9,23.9,0.0,5904.15,10.0,2.0,2.5,NR5G-SA,n79,-44,-44,-10,26,-999,17.8
2026-05-28 11:40:30.423,2026-05-28 11:55:16.767,22.6613607,114.5003355,55.3,0.1,-1.52,167.2,54.5,23.9,0.1,5904.17,10.0,2.0,2.5,NR5G-SA,n79,-44,-44,-10,26,-999,8.8
2026-05-28 11:40:30.623,2026-05-28 11:55:16.967,22.6613605,114.5003355,54.9,0.1,-1.50,166.9,54.5,24.1,0.1,5904.19,10.0,2.0,2.5,NR5G-SA,n79,-44,-44,-10,26,-999,6.1
2026-05-28 11:40:30.824,2026-05-28 11:55:17.167,22.6613603,114.5003355,54.5,0.1,-1.58,166.4,54.5,24.1,0.1,5904.21,10.0,2.0,2.5,NR5G-SA,n79,-44,-44,-10,26,-999,6.6
2026-05-28 11:40:31.024,2026-05-28 11:55:17.167,22.6613602,114.5003357,54.1,0.1,-1.58,165.9,54.5,24.1,0.1,5904.23,10.0,2.0,2.5,NR5G-SA,n79,-44,-44,-10,26,-999,7.0
2026-05-28 11:40:31.224,2026-05-28 11:55:17.567,22.6613601,114.5003358,53.7,0.1,-1.53,165.2,54.5,24.1,0.1,5904.25,10.0,2.0,2.5,NR5G-SA,n79,-44,-44,-10,26,-999,14.4
2026-05-28 11:40:31.425,2026-05-28 11:55:17.767,22.6613601,114.5003358,53.7,0.1,-1.53,165.2,39.8,24.1,0.1,5904.25,10.0,2.0,2.5,NR5G-SA,n79,-44,-44,-10,26,-999,11.6
2026-05-28 11:40:31.625,2026-05-28 11:55:17.967,22.6613600,114.5003360,53.3,0.1,-1.51,164.7,39.8,23.2,0.1,5904.27,10.0,2.0,2.5,NR5G-SA,n79,-44,-44,-10,26,-999,7.3
2026-05-28 11:40:31.826,2026-05-28 11:55:18.167,22.6613600,114.5003361,53.0,0.1,-1.43,164.6,39.8,23.2,0.1,5904.28,10.0,2.0,2.5,NR5G-SA,n79,-44,-44,-10,26,-999,5.8
2026-05-28 11:40:32.026,2026-05-28 11:55:18.567,22.6613601,114.5003362,52.6,0.1,-1.44,164.4,39.8,23.2,0.1,5904.30,10.0,2.0,2.5,NR5G-SA,n79,-44,-44,-10,27,-999,8.1
2026-05-28 11:40:32.226,2026-05-28 11:55:18.567,22.6613602,114.5003363,52.3,0.1,-1.44,164.4,39.8,23.2,0.1,5904.31,10.0,2.0,2.5,NR5G-SA,n79,-44,-44,-10,27,-999,13.4
2026-05-28 11:40:32.427,2026-05-28 11:55:18.767,22.6613602,114.5003363,52.3,0.0,-1.44,164.4,60.8,23.2,0.1,5904.31,10.0,2.0,2.5,NR5G-SA,n79,-44,-44,-10,27,-999,10.6
2026-05-28 11:40:32.627,2026-05-28 11:55:18.967,22.6613601,114.5003362,51.9,0.0,-1.46,164.4,60.8,23.2,0.1,5904.33,10.0,2.0,2.5,NR5G-SA,n79,-44,-44,-10,27,-999,6.6
2026-05-28 11:40:32.827,2026-05-28 11:55:19.167,22.6613601,114.5003362,51.5,0.0,-1.48,164.5,60.8,21.2,0.1,5904.33,10.0,2.0,2.5,NR5G-SA,n79,-44,-44,-10,27,-999,4.7
2026-05-28 11:40:33.028,2026-05-28 11:55:19.167,22.6613601,114.5003363,51.2,0.0,-1.46,164.5,60.8,21.2,0.1,5904.34,10.0,2.0,2.5,NR5G-SA,n79,-44,-44,-10,27,-999,7.7
2026-05-28 11:40:33.228,2026-05-28 11:55:19.567,22.6613602,114.5003363,50.8,0.0,-1.46,164.5,60.8,21.2,0.1,5904.35,10.0,2.0,2.5,NR5G-SA,n79,-44,-44,-10,27,-999,14.6
2026-05-28 11:40:33.428,2026-05-28 11:55:19.767,22.6613602,114.5003363,50.8,0.0,-1.45,164.5,12.1,21.2,0.1,5904.35,10.0,2.0,2.5,NR5G-SA,n79,-44,-44,-10,27,-999,12.0
2026-05-28 11:40:33.628,2026-05-28 11:55:19.967,22.6613603,114.5003364,50.4,0.0,-1.46,164.3,12.1,21.2,0.1,5904.36,10.0,2.0,2.5,NR5G-SA,n79,-44,-44,-10,27,-999,7.7
2026-05-28 11:40:33.829,2026-05-28 11:55:20.167,22.6613603,114.5003364,50.0,0.1,-1.43,164.1,12.1,19.3,0.1,5904.36,10.0,2.0,2.5,NR5G-SA,n79,-44,-44,-10,27,-999,6.9
2026-05-28 11:40:34.029,2026-05-28 11:55:20.167,22.6613604,114.5003364,49.7,0.0,-1.50,163.9,12.1,19.3,0.1,5904.38,10.0,2.0,2.5,NR5G-SA,n79,-44,-44,-10,27,-999,7.3
2026-05-28 11:40:34.229,2026-05-28 11:55:20.567,22.6613605,114.5003363,49.3,0.0,-1.47,163.8,12.1,19.3,0.0,5904.39,10.0,2.0,2.5,NR5G-SA,n79,-44,-44,-10,27,-999,15.1
2026-05-28 11:40:34.430,2026-05-28 11:55:20.767,22.6613605,114.5003363,49.3,0.0,-1.47,163.8,0.0,19.3,0.0,5904.39,10.0,2.0,2.5,NR5G-SA,n79,-44,-44,-10,27,-999,11.4
2026-05-28 11:40:34.630,2026-05-28 11:55:20.967,22.6613606,114.5003363,48.9,0.1,-1.44,163.9,0.0,19.3,0.0,5904.40,10.0,2.0,2.5,NR5G-SA,n79,-44,-44,-10,26,-999,8.4
2026-05-28 11:40:34.830,2026-05-28 11:55:21.167,22.6613608,114.5003363,48.6,0.1,-1.46,164.4,0.0,19.4,0.0,5904.42,10.0,2.0,2.5,NR5G-SA,n79,-44,-44,-10,26,-999,7.0
2026-05-28 11:40:35.031,2026-05-28 11:55:21.567,22.6613611,114.5003364,48.2,0.1,-1.53,164.7,0.0,19.4,0.1,5904.46,10.0,2.0,2.5,NR5G-SA,n79,-44,-44,-10,26,-999,8.8
2026-05-28 11:40:35.231,2026-05-28 11:55:21.567,22.6613613,114.5003363,47.8,0.1,-1.53,164.9,0.0,19.4,0.1,5904.48,10.0,2.0,2.5,NR5G-SA,n79,-44,-44,-10,26,-999,15.2
2026-05-28 11:40:35.431,2026-05-28 11:55:21.767,22.6613613,114.5003363,47.8,0.1,-1.47,164.9,5.5,19.4,0.1,5904.48,10.0,2.0,2.5,NR5G-SA,n79,-44,-44,-10,26,-999,9.3
2026-05-28 11:40:35.631,2026-05-28 11:55:21.967,22.6613614,114.5003362,47.4,0.1,-1.50,165.3,5.5,19.4,0.1,5904.50,10.0,2.0,2.5,NR5G-SA,n79,-44,-44,-10,26,-999,6.2
2026-05-28 11:40:35.832,2026-05-28 11:55:22.167,22.6613614,114.5003360,47.1,0.0,-1.49,165.5,5.5,19.1,0.1,5904.52,10.0,2.0,2.5,NR5G-SA,n79,-44,-44,-10,26,-999,7.3
2026-05-28 11:40:36.032,2026-05-28 11:55:22.567,22.6613613,114.5003359,46.7,0.0,-1.52,165.9,5.5,19.1,0.1,5904.53,10.0,2.0,2.5,NR5G-SA,n79,-44,-44,-10,26,-999,6.6
2026-05-28 11:40:36.232,2026-05-28 11:55:22.567,22.6613613,114.5003358,46.3,0.0,-1.49,166.6,5.5,19.1,0.1,5904.54,10.0,2.0,2.5,NR5G-SA,n79,-44,-44,-10,26,-999,12.4
2026-05-28 11:40:36.433,2026-05-28 11:55:22.767,22.6613613,114.5003358,46.3,0.0,-1.49,166.6,0.0,19.1,0.1,5904.54,10.0,2.0,2.5,NR5G-SA,n79,-44,-44,-10,27,-999,9.7
2026-05-28 11:40:36.633,2026-05-28 11:55:22.967,22.6613613,114.5003358,46.0,0.1,-1.49,167.2,0.0,19.1,0.1,5904.54,10.0,2.0,2.5,NR5G-SA,n79,-44,-44,-10,27,-999,6.2
2026-05-28 11:40:36.833,2026-05-28 11:55:23.167,22.6613613,114.5003356,45.6,0.1,-1.48,167.5,0.0,19.1,0.1,5904.56,10.0,2.0,2.5,NR5G-SA,n79,-44,-44,-10,26,-999,5.4
2026-05-28 11:40:37.034,2026-05-28 11:55:23.567,22.6613613,114.5003354,45.2,0.1,-1.48,167.8,0.0,19.1,0.1,5904.59,10.0,2.0,2.5,NR5G-SA,n79,-44,-44,-10,26,-999,5.7
2026-05-28 11:40:37.234,2026-05-28 11:55:23.567,22.6613613,114.5003351,44.8,0.0,-1.50,168.2,0.0,19.1,0.1,5904.62,10.0,2.0,2.5,NR5G-SA,n79,-44,-44,-10,26,-999,13.2
2026-05-28 11:40:37.434,2026-05-28 11:55:23.767,22.6613613,114.5003351,44.8,0.0,-1.50,168.2,21.0,19.1,0.1,5904.62,10.0,2.0,2.5,NR5G-SA,n79,-44,-44,-10,27,-999,10.8
2026-05-28 11:40:37.635,2026-05-28 11:55:23.967,22.6613613,114.5003349,44.5,0.1,-1.53,168.7,21.0,19.1,0.1,5904.64,10.0,2.0,2.5,NR5G-SA,n79,-44,-44,-10,27,-999,8.1
2026-05-28 11:40:37.835,2026-05-28 11:55:24.167,22.6613613,114.5003348,44.1,0.0,-1.50,169.1,21.0,19.1,0.1,5904.65,10.0,2.0,2.5,NR5G-SA,n79,-44,-44,-10,27,-999,4.6
2026-05-28 11:40:38.035,2026-05-28 11:55:24.567,22.6613613,114.5003346,43.7,0.1,-1.47,169.5,21.0,19.1,0.2,5904.67,10.0,2.0,2.5,NR5G-SA,n79,-44,-44,-10,25,-999,4.7
2026-05-28 11:40:38.236,2026-05-28 11:55:24.567,22.6613613,114.5003346,43.3,0.1,-1.50,169.9,21.0,19.1,0.2,5904.67,10.0,2.0,2.5,NR5G-SA,n79,-44,-44,-10,25,-999,11.7
2026-05-28 11:40:38.436,2026-05-28 11:55:24.767,22.6613613,114.5003346,43.3,0.1,-1.50,169.9,39.6,19.1,0.2,5904.67,10.0,2.0,2.5,NR5G-SA,n79,-44,-44,-10,25,-999,10.5
2026-05-28 11:40:38.637,2026-05-28 11:55:24.967,22.6613612,114.5003346,43.0,0.1,-1.56,170.0,39.6,19.1,0.2,5904.68,10.0,2.0,2.5,NR5G-SA,n79,-44,-44,-10,23,-999,7.6
2026-05-28 11:40:38.837,2026-05-28 11:55:25.167,22.6613611,114.5003347,42.6,0.1,-1.54,170.2,39.6,19.0,0.1,5904.69,10.0,2.0,2.5,NR5G-SA,n79,-44,-44,-10,23,-999,5.7
2026-05-28 11:40:39.038,2026-05-28 11:55:25.167,22.6613609,114.5003350,42.2,0.1,-1.51,170.5,39.6,19.0,0.1,5904.73,10.0,2.0,2.5,NR5G-SA,n79,-44,-44,-10,23,-999,10.6
2026-05-28 11:40:39.238,2026-05-28 11:55:25.567,22.6613608,114.5003352,41.8,0.1,-1.53,170.7,39.6,19.0,0.1,5904.76,10.0,2.0,2.5,NR5G-SA,n79,-44,-44,-10,22,-999,12.8
2026-05-28 11:40:39.438,2026-05-28 11:55:25.767,22.6613608,114.5003352,41.8,0.1,-1.53,170.7,32.2,19.0,0.1,5904.76,10.0,2.0,2.5,NR5G-SA,n79,-44,-44,-10,22,-999,11.3
2026-05-28 11:40:39.639,2026-05-28 11:55:25.967,22.6613607,114.5003352,41.4,0.0,-1.53,170.4,32.2,19.0,0.1,5904.77,10.0,2.0,2.5,NR5G-SA,n79,-44,-44,-10,22,-999,7.3
2026-05-28 11:40:39.839,2026-05-28 11:55:26.167,22.6613607,114.5003351,41.1,0.0,-1.52,170.1,32.2,18.0,0.1,5904.78,10.0,2.0,2.5,NR5G-SA,n79,-44,-44,-10,22,-999,6.5
2026-05-28 11:40:40.039,2026-05-28 11:55:26.167,22.6613607,114.5003350,40.7,0.1,-1.54,169.7,32.2,18.0,0.1,5904.79,10.0,2.0,2.5,NR5G-SA,n79,-44,-44,-10,22,-999,8.8
2026-05-28 11:40:40.240,2026-05-28 11:55:26.567,22.6613607,114.5003348,40.3,0.0,-1.50,169.8,32.2,18.0,0.1,5904.81,10.0,2.0,2.5,NR5G-SA,n79,-44,-44,-10,20,-999,15.2
2026-05-28 11:40:40.440,2026-05-28 11:55:26.767,22.6613607,114.5003348,40.3,0.0,-1.50,169.8,30.5,18.0,0.1,5904.81,10.0,2.0,2.5,NR5G-SA,n79,-44,-44,-10,20,-999,12.1
2026-05-28 11:40:40.640,2026-05-28 11:55:26.967,22.6613607,114.5003348,39.9,0.0,-1.45,169.4,30.5,18.0,0.1,5904.81,10.0,2.0,2.5,NR5G-SA,n79,-44,-44,-10,20,-999,7.6
2026-05-28 11:40:40.841,2026-05-28 11:55:27.167,22.6613608,114.5003349,39.5,0.1,-1.50,169.1,30.5,17.1,0.1,5904.82,10.0,2.0,2.5,NR5G-SA,n79,-44,-44,-10,19,-999,6.4
2026-05-28 11:40:41.041,2026-05-28 11:55:27.567,22.6613608,114.5003353,39.1,0.2,-1.45,168.9,30.5,17.1,0.1,5904.86,10.0,2.0,2.5,NR5G-SA,n79,-44,-44,-10,19,-999,5.4
2026-05-28 11:40:41.241,2026-05-28 11:55:27.567,22.6613609,114.5003355,38.8,0.1,-1.51,168.7,30.5,17.1,0.1,5904.89,10.0,2.0,2.5,NR5G-SA,n79,-44,-44,-10,19,-999,13.4
2026-05-28 11:40:41.442,2026-05-28 11:55:27.767,22.6613609,114.5003355,38.8,0.1,-1.51,168.7,39.3,17.1,0.1,5904.89,10.0,2.0,2.5,NR5G-SA,n79,-44,-44,-10,20,-999,12.6
2026-05-28 11:40:41.642,2026-05-28 11:55:27.967,22.6613610,114.5003357,38.4,0.1,-1.47,168.7,39.3,17.1,0.0,5904.91,10.0,2.0,2.5,NR5G-SA,n79,-44,-44,-10,20,-999,8.2
2026-05-28 11:40:41.843,2026-05-28 11:55:28.167,22.6613610,114.5003358,38.0,0.1,-1.46,168.4,39.3,16.0,0.0,5904.92,10.0,2.0,2.5,NR5G-SA,n79,-44,-44,-10,21,-999,5.6
2026-05-28 11:40:42.043,2026-05-28 11:55:28.167,22.6613610,114.5003358,37.7,0.0,-1.45,168.4,39.3,16.0,0.0,5904.92,10.0,2.0,2.5,NR5G-SA,n79,-44,-44,-10,21,-999,8.9
2026-05-28 11:40:42.243,2026-05-28 11:55:28.567,22.6613610,114.5003359,37.3,0.1,-1.52,168.4,39.3,16.0,0.0,5904.93,10.0,2.0,2.5,NR5G-SA,n79,-44,-44,-10,21,-999,13.0
2026-05-28 11:40:42.444,2026-05-28 11:55:28.767,22.6613610,114.5003359,37.3,0.1,-1.52,168.4,19.9,16.0,0.0,5904.93,10.0,2.0,2.5,NR5G-SA,n79,-44,-44,-10,21,-999,12.1
2026-05-28 11:40:42.644,2026-05-28 11:55:28.967,22.6613610,114.5003361,36.9,0.1,-1.51,168.3,19.9,16.0,0.0,5904.95,10.0,2.0,2.5,NR5G-SA,n79,-44,-44,-10,21,-999,7.3
2026-05-28 11:40:42.844,2026-05-28 11:55:29.167,22.6613610,114.5003361,36.6,0.1,-1.52,168.3,19.9,16.0,0.0,5904.95,10.0,2.0,2.5,NR5G-SA,n79,-44,-44,-10,21,-999,6.5
2026-05-28 11:40:43.045,2026-05-28 11:55:29.167,22.6613611,114.5003361,36.2,0.0,-1.52,168.3,19.9,16.0,0.0,5904.96,10.0,2.0,2.5,NR5G-SA,n79,-44,-44,-10,21,-999,8.4
2026-05-28 11:40:43.245,2026-05-28 11:55:29.567,22.6613611,114.5003361,35.8,0.0,-1.52,168.1,19.9,16.0,0.0,5904.96,10.0,2.0,2.5,NR5G-SA,n79,-44,-44,-10,21,-999,9.9
2026-05-28 11:40:43.445,2026-05-28 11:55:29.767,22.6613611,114.5003361,35.8,0.0,-1.52,168.1,0.0,16.0,0.0,5904.96,10.0,2.0,2.5,NR5G-SA,n79,-44,-44,-10,21,-999,7.5
2026-05-28 11:40:43.646,2026-05-28 11:55:29.967,22.6613610,114.5003360,35.4,0.0,-1.53,167.8,0.0,16.0,0.0,5904.98,10.0,2.0,2.5,NR5G-SA,n79,-44,-44,-10,21,-999,5.8
2026-05-28 11:40:43.846,2026-05-28 11:55:30.167,22.6613610,114.5003360,35.0,0.0,-1.47,167.6,0.0,16.0,0.0,5904.98,10.0,2.0,2.5,NR5G-SA,n79,-44,-44,-10,21,-999,5.6
2026-05-28 11:40:44.046,2026-05-28 11:55:30.567,22.6613610,114.5003360,34.6,0.0,-1.48,167.4,0.0,16.0,0.0,5904.98,10.0,2.0,2.5,NR5G-SA,n79,-44,-44,-10,21,-999,5.3
2026-05-28 11:40:44.247,2026-05-28 11:55:30.567,22.6613610,114.5003361,34.3,0.0,-1.50,167.3,0.0,16.0,0.0,5904.99,10.0,2.0,2.5,NR5G-SA,n79,-44,-44,-10,21,-999,11.4
2026-05-28 11:40:44.447,2026-05-28 11:55:30.767,22.6613610,114.5003361,34.3,0.0,-1.50,167.3,2.3,16.0,0.0,5904.99,10.0,2.0,2.5,NR5G-SA,n79,-44,-44,-10,21,-999,11.6
2026-05-28 11:40:44.647,2026-05-28 11:55:30.967,22.6613611,114.5003361,33.9,0.1,-1.47,167.4,2.3,16.0,0.0,5905.00,10.0,2.0,2.5,NR5G-SA,n79,-44,-44,-10,22,-999,8.4
2026-05-28 11:40:44.848,2026-05-28 11:55:31.167,22.6613610,114.5003361,33.5,0.0,-1.43,167.6,2.3,16.0,0.0,5905.01,10.0,2.0,2.5,NR5G-SA,n79,-44,-44,-10,22,-999,6.5
2026-05-28 11:40:45.048,2026-05-28 11:55:31.567,22.6613609,114.5003360,33.1,0.1,-1.44,167.4,2.3,16.1,0.0,5905.03,10.0,2.0,2.5,NR5G-SA,n79,-44,-44,-10,22,-999,5.1
2026-05-28 11:40:45.248,2026-05-28 11:55:31.567,22.6613607,114.5003359,32.8,0.1,-1.47,167.2,2.3,16.1,0.0,5905.05,10.0,2.0,2.5,NR5G-SA,n79,-44,-44,-10,22,-999,11.6
2026-05-28 11:40:45.449,2026-05-28 11:55:31.767,22.6613607,114.5003359,32.8,0.1,-1.47,167.2,0.0,16.1,0.0,5905.05,10.0,2.0,2.5,NR5G-SA,n79,-44,-44,-10,22,-999,9.7
2026-05-28 11:40:45.649,2026-05-28 11:55:31.967,22.6613605,114.5003359,32.4,0.1,-1.49,167.2,0.0,16.1,0.0,5905.07,10.0,2.0,2.5,NR5G-SA,n79,-44,-44,-10,22,-999,8.3
2026-05-28 11:40:45.849,2026-05-28 11:55:32.167,22.6613604,114.5003360,32.0,0.1,-1.51,167.5,0.0,16.1,0.0,5905.09,10.0,2.0,2.5,NR5G-SA,n79,-44,-44,-10,23,-999,6.3
2026-05-28 11:40:46.049,2026-05-28 11:55:32.567,22.6613603,114.5003360,31.7,0.1,-1.47,167.9,0.0,17.0,0.0,5905.10,10.0,2.0,2.5,NR5G-SA,n79,-44,-44,-10,23,-999,5.8
2026-05-28 11:40:46.250,2026-05-28 11:55:32.567,22.6613602,114.5003363,31.3,0.1,-1.46,168.4,0.0,17.0,0.1,5905.13,10.0,2.0,2.5,NR5G-SA,n79,-44,-44,-10,23,-999,12.5
2026-05-28 11:40:46.450,2026-05-28 11:55:32.767,22.6613602,114.5003363,31.3,0.1,-1.46,168.4,14.0,17.0,0.1,5905.13,10.0,2.0,2.5,NR5G-SA,n79,-44,-44,-10,23,-999,12.0
2026-05-28 11:40:46.650,2026-05-28 11:55:32.967,22.6613601,114.5003366,30.9,0.1,-1.48,168.4,14.0,17.0,0.1,5905.16,10.0,2.0,2.5,NR5G-SA,n79,-44,-44,-10,23,-999,6.8
2026-05-28 11:40:46.851,2026-05-28 11:55:33.167,22.6613602,114.5003368,30.6,0.1,-1.47,168.5,14.0,17.0,0.1,5905.19,10.0,2.0,2.5,NR5G-SA,n79,-44,-44,-10,23,-999,6.0
2026-05-28 11:40:47.051,2026-05-28 11:55:33.567,22.6613604,114.5003368,30.2,0.1,-1.48,168.2,14.0,17.0,0.1,5905.21,10.0,2.0,2.5,NR5G-SA,n79,-44,-44,-10,23,-999,6.1
2026-05-28 11:40:47.251,2026-05-28 11:55:33.567,22.6613606,114.5003367,29.8,0.1,-1.44,167.6,14.0,17.0,0.1,5905.23,10.0,2.0,2.5,NR5G-SA,n79,-44,-44,-10,23,-999,9.7
2026-05-28 11:40:47.452,2026-05-28 11:55:33.767,22.6613606,114.5003367,29.8,0.1,-1.44,167.6,42.8,17.0,0.1,5905.23,10.0,2.0,2.5,NR5G-SA,n79,-44,-44,-10,23,-999,10.0
2026-05-28 11:40:47.652,2026-05-28 11:55:33.967,22.6613607,114.5003365,29.4,0.1,-1.50,167.6,42.8,17.0,0.1,5905.26,10.0,2.0,2.5,NR5G-SA,n79,-44,-44,-10,23,-999,4.8
2026-05-28 11:40:47.853,2026-05-28 11:55:34.167,22.6613606,114.5003361,29.1,0.2,-1.49,168.1,42.8,17.0,0.0,5905.30,10.0,2.0,2.5,NR5G-SA,n79,-44,-44,-10,23,-999,4.5
2026-05-28 11:40:48.053,2026-05-28 11:55:34.567,22.6613604,114.5003356,28.7,0.2,-1.44,168.8,42.8,17.0,0.1,5905.36,10.0,2.0,2.5,NR5G-SA,n79,-44,-44,-10,23,-999,5.7
2026-05-28 11:40:48.253,2026-05-28 11:55:34.567,22.6613600,114.5003354,28.3,0.2,-1.48,169.7,42.8,17.0,0.1,5905.41,10.0,2.0,2.5,NR5G-SA,n79,-44,-44,-10,23,-999,8.9
2026-05-28 11:40:48.453,2026-05-28 11:55:34.767,22.6613600,114.5003354,28.3,0.2,-1.48,169.7,42.8,17.0,0.1,5905.41,10.0,2.0,2.5,NR5G-SA,n79,-44,-44,-10,25,-999,10.9
2026-05-28 11:40:48.655,2026-05-28 11:55:34.967,22.6613598,114.5003352,27.9,0.2,-1.57,170.4,27.5,17.0,0.1,5905.44,10.0,2.0,2.5,NR5G-SA,n79,-44,-44,-10,25,-999,7.2
2026-05-28 11:40:48.855,2026-05-28 11:55:35.167,22.6613597,114.5003349,27.5,0.1,-1.61,171.0,27.5,17.0,0.2,5905.47,10.0,2.0,2.5,NR5G-SA,n79,-44,-44,-10,25,-999,6.6
2026-05-28 11:40:49.055,2026-05-28 11:55:35.567,22.6613600,114.5003348,27.1,0.1,-1.66,173.4,27.5,17.7,0.1,5905.50,10.0,2.0,2.5,NR5G-SA,n79,-44,-44,-10,23,-999,6.1
2026-05-28 11:40:49.256,2026-05-28 11:55:35.567,22.6613605,114.5003350,26.7,0.3,-1.58,174.3,27.5,17.7,0.1,5905.56,10.0,2.0,2.5,NR5G-SA,n79,-44,-44,-10,23,-999,10.5
2026-05-28 11:40:49.456,2026-05-28 11:55:35.767,22.6613605,114.5003350,26.7,0.3,-1.58,174.3,27.5,17.7,0.1,5905.56,10.0,2.0,2.5,NR5G-SA,n79,-44,-44,-10,23,-999,10.1
2026-05-28 11:40:49.656,2026-05-28 11:55:35.967,22.6613610,114.5003355,26.3,0.2,-1.40,171.2,35.1,17.7,0.1,5905.64,10.0,2.0,2.5,NR5G-SA,n79,-44,-44,-10,25,-999,8.9
2026-05-28 11:40:49.857,2026-05-28 11:55:36.167,22.6613612,114.5003359,26.0,0.1,-1.41,168.4,35.1,17.7,0.1,5905.68,10.0,2.0,2.5,NR5G-SA,n79,-44,-44,-10,25,-999,6.2
2026-05-28 11:40:50.057,2026-05-28 11:55:36.567,22.6613610,114.5003361,25.6,0.1,-1.43,166.5,35.1,17.8,0.0,5905.72,10.0,2.0,2.5,NR5G-SA,n79,-44,-44,-10,25,-999,5.0
2026-05-28 11:40:50.257,2026-05-28 11:55:36.567,22.6613608,114.5003359,25.2,0.1,-1.51,166.1,35.1,17.8,0.0,5905.75,10.0,2.0,2.5,NR5G-SA,n79,-44,-44,-10,25,-999,10.7
2026-05-28 11:40:50.458,2026-05-28 11:55:36.767,22.6613608,114.5003359,25.2,0.1,-1.51,166.1,35.1,17.8,0.0,5905.75,10.0,2.0,2.5,NR5G-SA,n79,-44,-44,-10,25,-999,10.3
2026-05-28 11:40:50.658,2026-05-28 11:55:36.967,22.6613607,114.5003356,24.9,0.1,-1.42,165.4,37.1,17.8,0.0,5905.78,10.0,2.0,2.5,NR5G-SA,n79,-44,-44,-10,25,-999,7.8
2026-05-28 11:40:50.858,2026-05-28 11:55:37.167,22.6613606,114.5003355,24.5,0.1,-1.52,165.4,37.1,17.8,0.1,5905.79,10.0,2.0,2.5,NR5G-SA,n79,-44,-44,-10,23,-999,9.1
2026-05-28 11:40:51.059,2026-05-28 11:55:37.567,22.6613603,114.5003357,24.1,0.2,-1.57,165.2,37.1,17.0,0.1,5905.83,10.0,2.0,2.5,NR5G-SA,n79,-44,-44,-10,23,-999,5.9
2026-05-28 11:40:51.259,2026-05-28 11:55:37.567,22.6613600,114.5003363,23.7,0.2,-1.55,164.7,37.1,17.0,0.1,5905.90,10.0,2.0,2.5,NR5G-SA,n79,-44,-44,-10,23,-999,8.9
2026-05-28 11:40:51.460,2026-05-28 11:55:37.767,22.6613600,114.5003363,23.7,0.2,-1.55,164.7,37.1,17.0,0.1,5905.90,10.0,2.0,2.5,NR5G-SA,n79,-44,-44,-10,23,-999,13.4
2026-05-28 11:40:51.660,2026-05-28 11:55:37.967,22.6613596,114.5003367,23.3,0.2,-1.56,163.9,25.0,17.0,0.1,5905.96,10.0,2.0,2.5,NR5G-SA,n79,-44,-44,-10,23,-999,7.5
2026-05-28 11:40:51.860,2026-05-28 11:55:38.167,22.6613592,114.5003366,22.9,0.1,-1.52,163.1,25.0,17.0,0.2,5906.01,10.0,2.0,2.5,NR5G-SA,n79,-44,-44,-10,23,-999,7.4
2026-05-28 11:40:52.061,2026-05-28 11:55:38.567,22.6613589,114.5003363,22.6,0.1,-1.42,162.3,25.0,18.1,0.2,5906.05,10.0,2.0,2.5,NR5G-SA,n79,-44,-44,-10,23,-999,6.3
2026-05-28 11:40:52.261,2026-05-28 11:55:38.567,22.6613589,114.5003357,22.2,0.2,-1.42,161.6,25.0,18.1,0.2,5906.12,10.0,2.0,2.5,NR5G-SA,n79,-44,-44,-10,23,-999,9.2
2026-05-28 11:40:52.461,2026-05-28 11:55:38.767,22.6613589,114.5003357,22.2,0.2,-1.42,161.6,25.0,18.1,0.2,5906.12,10.0,2.0,2.5,NR5G-SA,n79,-44,-44,-10,22,-999,12.2
2026-05-28 11:40:52.662,2026-05-28 11:55:38.967,22.6613591,114.5003354,21.9,0.1,-1.43,162.1,44.7,18.1,0.2,5906.15,10.0,2.0,2.5,NR5G-SA,n79,-44,-44,-10,22,-999,7.7
2026-05-28 11:40:52.862,2026-05-28 11:55:39.167,22.6613593,114.5003354,21.5,0.1,-1.49,162.8,44.7,18.1,0.2,5906.18,10.0,2.0,2.5,NR5G-SA,n79,-44,-44,-10,22,-999,6.7
2026-05-28 11:40:53.062,2026-05-28 11:55:39.567,22.6613596,114.5003356,21.1,0.1,-1.43,163.5,44.7,18.1,0.1,5906.22,10.0,2.0,2.5,NR5G-SA,n79,-44,-44,-10,22,-999,5.6
2026-05-28 11:40:53.263,2026-05-28 11:55:39.567,22.6613598,114.5003357,20.8,0.2,-1.30,164.7,44.7,18.3,0.1,5906.24,10.0,2.0,2.5,NR5G-SA,n79,-44,-44,-10,22,-999,9.2
2026-05-28 11:40:53.463,2026-05-28 11:55:39.767,22.6613598,114.5003357,20.8,0.2,-1.30,164.7,44.7,18.3,0.1,5906.24,10.0,2.0,2.5,NR5G-SA,n79,-44,-44,-10,23,-999,11.5
2026-05-28 11:40:53.664,2026-05-28 11:55:39.967,22.6613603,114.5003359,20.4,0.3,-1.25,166.8,10.8,18.3,0.0,5906.30,10.0,2.0,2.5,NR5G-SA,n79,-44,-44,-10,23,-999,6.8
2026-05-28 11:40:53.864,2026-05-28 11:55:40.167,22.6613610,114.5003359,20.1,0.3,-1.29,167.4,10.8,18.3,0.0,5906.38,10.0,2.0,2.5,NR5G-SA,n79,-44,-44,-10,23,-999,6.6
2026-05-28 11:40:54.064,2026-05-28 11:55:40.567,22.6613615,114.5003358,19.8,0.2,-1.44,167.7,10.8,18.3,0.1,5906.43,10.0,2.0,2.5,NR5G-SA,n79,-44,-44,-10,24,-999,5.1
2026-05-28 11:40:54.265,2026-05-28 11:55:40.567,22.6613616,114.5003356,19.4,0.2,-1.47,167.6,10.8,18.6,0.1,5906.46,10.0,2.0,2.5,NR5G-SA,n79,-44,-44,-10,24,-999,8.3
2026-05-28 11:40:54.465,2026-05-28 11:55:40.767,22.6613616,114.5003356,19.4,0.2,-1.47,167.6,10.8,18.6,0.1,5906.46,10.0,2.0,2.5,NR5G-SA,n79,-44,-44,-10,24,-999,15.5
2026-05-28 11:40:54.665,2026-05-28 11:55:40.967,22.6613615,114.5003349,19.0,0.3,-1.56,165.6,0.0,18.6,0.1,5906.53,10.0,2.0,2.5,NR5G-SA,n79,-44,-44,-10,26,-999,7.2
2026-05-28 11:40:54.866,2026-05-28 11:55:41.167,22.6613614,114.5003341,18.6,0.3,-1.60,163.5,0.0,18.6,0.2,5906.61,10.0,2.0,2.5,NR5G-SA,n79,-44,-44,-10,26,-999,6.2
2026-05-28 11:40:55.066,2026-05-28 11:55:41.567,22.6613613,114.5003335,18.2,0.1,-1.65,161.8,0.0,18.6,0.3,5906.68,10.0,2.0,2.5,NR5G-SA,n79,-44,-44,-10,26,-999,6.4
2026-05-28 11:40:55.266,2026-05-28 11:55:41.567,22.6613612,114.5003336,17.7,0.1,-1.68,160.9,0.0,19.3,0.3,5906.69,10.0,2.0,2.5,NR5G-SA,n79,-44,-44,-10,24,-999,9.9
2026-05-28 11:40:55.467,2026-05-28 11:55:41.767,22.6613612,114.5003336,17.7,0.1,-1.68,160.9,0.0,19.3,0.3,5906.69,10.0,2.0,2.5,NR5G-SA,n79,-44,-44,-10,24,-999,13.5
2026-05-28 11:40:55.667,2026-05-28 11:55:41.967,22.6613610,114.5003342,17.3,0.3,-1.63,160.2,6.8,19.3,0.2,5906.76,10.0,2.0,2.5,NR5G-SA,n79,-44,-44,-10,24,-999,7.4
2026-05-28 11:40:55.867,2026-05-28 11:55:42.167,22.6613605,114.5003352,16.9,0.4,-1.54,160.3,6.8,19.3,0.1,5906.87,10.0,2.0,2.5,NR5G-SA,n79,-44,-44,-10,24,-999,6.9
2026-05-28 11:40:56.068,2026-05-28 11:55:42.567,22.6613600,114.5003362,16.5,0.4,-1.44,162.1,6.8,19.3,0.1,5906.99,10.0,2.0,2.5,NR5G-SA,n79,-44,-44,-10,24,-999,5.9
2026-05-28 11:40:56.268,2026-05-28 11:55:42.567,22.6613599,114.5003370,16.2,0.3,-1.44,163.2,6.8,20.2,0.1,5907.07,10.0,2.0,2.5,NR5G-SA,n79,-44,-44,-10,22,-999,10.3
2026-05-28 11:40:56.468,2026-05-28 11:55:42.767,22.6613599,114.5003370,16.2,0.3,-1.44,163.2,6.8,20.2,0.1,5907.07,10.0,2.0,2.5,NR5G-SA,n79,-44,-44,-10,22,-999,15.3
2026-05-28 11:40:56.669,2026-05-28 11:55:42.967,22.6613599,114.5003372,15.9,0.1,-1.34,162.8,0.0,20.2,0.2,5907.09,10.0,2.0,2.5,NR5G-SA,n79,-44,-44,-10,22,-999,7.8
2026-05-28 11:40:56.869,2026-05-28 11:55:43.167,22.6613598,114.5003370,15.5,0.2,-1.39,162.9,0.0,20.2,0.1,5907.12,10.0,2.0,2.5,NR5G-SA,n79,-44,-44,-10,21,-999,8.3
2026-05-28 11:40:57.070,2026-05-28 11:55:43.567,22.6613594,114.5003368,15.2,0.2,-1.42,163.4,0.0,20.2,0.2,5907.17,10.0,2.0,2.5,NR5G-SA,n79,-44,-44,-10,21,-999,6.4
2026-05-28 11:40:57.270,2026-05-28 11:55:43.567,22.6613588,114.5003365,14.8,0.1,-1.47,163.7,0.0,20.6,0.2,5907.24,10.0,2.0,2.5,NR5G-SA,n79,-44,-44,-10,21,-999,10.2
2026-05-28 11:40:57.470,2026-05-28 11:55:43.767,22.6613588,114.5003364,14.4,0.1,-1.47,164.2,0.0,20.6,0.2,5907.25,10.0,2.0,2.5,NR5G-SA,n79,-44,-44,-10,20,-999,14.6
2026-05-28 11:40:57.671,2026-05-28 11:55:43.967,22.6613588,114.5003364,14.4,0.1,-1.57,164.2,22.2,20.6,0.2,5907.25,10.0,2.0,2.5,NR5G-SA,n79,-44,-44,-10,20,-999,8.2
2026-05-28 11:40:57.871,2026-05-28 11:55:44.167,22.6613592,114.5003364,14.0,0.3,-1.48,164.1,22.2,20.6,0.2,5907.29,10.0,2.0,2.5,NR5G-SA,n79,-44,-44,-10,21,-999,9.0
2026-05-28 11:40:58.071,2026-05-28 11:55:44.567,22.6613600,114.5003364,13.7,0.3,-1.53,163.4,22.2,20.6,0.1,5907.38,10.0,2.0,2.5,NR5G-SA,n79,-44,-44,-10,21,-999,6.8
2026-05-28 11:40:58.272,2026-05-28 11:55:44.767,22.6613607,114.5003365,13.3,0.3,-1.48,163.2,22.2,22.4,0.1,5907.46,10.0,2.0,2.5,NR5G-SA,n79,-44,-44,-10,21,-999,7.9
2026-05-28 11:40:58.472,2026-05-28 11:55:44.767,22.6613607,114.5003365,13.3,0.3,-1.48,163.2,22.2,22.4,0.1,5907.46,10.0,2.0,2.5,NR5G-SA,n79,-44,-44,-10,22,-999,17.7
2026-05-28 11:40:58.672,2026-05-28 11:55:44.967,22.6613613,114.5003367,12.9,0.2,-1.36,164.0,38.8,22.4,0.1,5907.53,10.0,2.0,2.5,NR5G-SA,n79,-44,-44,-10,22,-999,7.5
2026-05-28 11:40:58.873,2026-05-28 11:55:45.167,22.6613616,114.5003364,12.6,0.3,-1.35,164.5,38.8,22.4,0.1,5907.58,10.0,2.0,2.5,NR5G-SA,n79,-44,-44,-10,22,-999,7.5
2026-05-28 11:40:59.073,2026-05-28 11:55:45.567,22.6613617,114.5003355,12.2,0.4,-1.37,163.4,38.8,22.4,0.1,5907.67,10.0,2.0,2.5,NR5G-SA,n79,-44,-44,-10,23,-999,5.8
2026-05-28 11:40:59.273,2026-05-28 11:55:45.567,22.6613617,114.5003345,11.9,0.3,-1.44,162.2,38.8,22.4,0.2,5907.77,10.0,2.0,2.5,NR5G-SA,n79,-44,-44,-10,23,-999,9.5
2026-05-28 11:40:59.474,2026-05-28 11:55:45.767,22.6613617,114.5003345,11.9,0.3,-1.44,162.2,38.8,22.4,0.2,5907.77,10.0,2.0,2.5,NR5G-SA,n79,-44,-44,-10,23,-999,13.3
2026-05-28 11:40:59.674,2026-05-28 11:55:45.967,22.6613615,114.5003339,11.5,0.2,-1.51,161.0,33.7,22.4,0.2,5907.84,10.0,2.0,2.5,NR5G-SA,n79,-44,-44,-10,23,-999,8.1
2026-05-28 11:40:59.875,2026-05-28 11:55:46.167,22.6613613,114.5003339,11.1,0.1,-1.51,160.1,33.7,22.4,0.2,5907.86,10.0,2.0,2.5,NR5G-SA,n79,-44,-44,-10,23,-999,6.3
2026-05-28 11:41:00.075,2026-05-28 11:55:46.567,22.6613610,114.5003344,10.8,0.2,-1.33,159.4,33.7,22.4,0.2,5907.92,10.0,2.0,2.5,NR5G-SA,n79,-44,-44,-10,23,-999,5.0
2026-05-28 11:41:00.275,2026-05-28 11:55:46.767,22.6613608,114.5003350,10.5,0.2,-1.06,159.1,33.7,22.5,0.1,5907.99,10.0,2.0,2.5,NR5G-SA,n79,-44,-44,-10,23,-999,6.9
2026-05-28 11:41:00.476,2026-05-28 11:55:46.767,22.6613607,114.5003354,10.3,0.2,-1.06,159.9,33.7,22.5,0.1,5908.03,10.0,2.0,2.5,NR5G-SA,n79,-44,-44,-10,23,-999,14.2
2026-05-28 11:41:00.676,2026-05-28 11:55:46.967,22.6613607,114.5003354,10.3,0.1,-0.61,159.9,29.2,22.5,0.1,5908.03,10.0,2.0,2.5,NR5G-SA,n79,-44,-44,-10,23,-999,5.8
2026-05-28 11:41:00.876,2026-05-28 11:55:47.167,22.6613606,114.5003357,10.2,0.2,-0.39,161.6,29.2,22.5,0.0,5908.06,10.0,2.0,2.5,NR5G-SA,n79,-44,-44,-10,23,-999,5.3
2026-05-28 11:41:01.077,2026-05-28 11:55:47.567,22.6613602,114.5003359,10.1,0.3,-0.34,163.6,29.2,22.5,0.1,5908.11,10.0,2.0,2.5,NR5G-SA,n79,-44,-44,-10,23,-999,6.5
2026-05-28 11:41:01.277,2026-05-28 11:55:47.567,22.6613596,114.5003361,10.1,0.2,-0.37,165.4,29.2,23.5,0.1,5908.18,10.0,2.0,2.5,NR5G-SA,n79,-44,-44,-10,24,-999,9.1
2026-05-28 11:41:01.477,2026-05-28 11:55:47.767,22.6613592,114.5003359,10.0,0.2,-0.37,166.1,29.2,23.5,0.2,5908.23,10.0,2.0,2.5,NR5G-SA,n79,-44,-44,-10,24,-999,13.4
2026-05-28 11:41:01.678,2026-05-28 11:55:47.967,22.6613592,114.5003359,10.0,0.1,-0.43,166.1,41.0,23.5,0.2,5908.23,10.0,2.0,2.5,NR5G-SA,n79,-44,-44,-10,24,-999,7.8
2026-05-28 11:41:01.878,2026-05-28 11:55:48.167,22.6613591,114.5003357,9.9,0.1,-0.50,166.3,41.0,23.5,0.2,5908.25,10.0,2.0,2.5,NR5G-SA,n79,-44,-44,-10,23,-999,6.2
2026-05-28 11:41:02.078,2026-05-28 11:55:48.567,22.6613594,114.5003354,9.7,0.2,-0.56,165.8,41.0,23.5,0.2,5908.30,10.0,2.0,2.5,NR5G-SA,n79,-44,-44,-10,23,-999,6.4
2026-05-28 11:41:02.279,2026-05-28 11:55:48.767,22.6613597,114.5003353,9.6,0.2,-0.59,165.5,41.0,23.5,0.1,5908.33,10.0,2.0,2.5,NR5G-SA,n79,-44,-44,-10,23,-999,7.7
2026-05-28 11:41:02.479,2026-05-28 11:55:48.767,22.6613601,114.5003354,9.4,0.2,-0.60,165.1,41.0,23.9,0.1,5908.38,10.0,2.0,2.5,NR5G-SA,n79,-44,-44,-10,23,-999,11.8
2026-05-28 11:41:02.679,2026-05-28 11:55:48.967,22.6613601,114.5003354,9.4,0.2,-0.60,165.1,17.9,23.9,0.1,5908.38,10.0,2.0,2.5,NR5G-SA,n79,-44,-44,-10,23,-999,6.5
2026-05-28 11:41:02.880,2026-05-28 11:55:49.167,22.6613604,114.5003356,9.3,0.2,-0.58,164.9,17.9,23.9,0.1,5908.42,10.0,2.0,2.5,NR5G-SA,n79,-44,-44,-10,23,-999,6.7
2026-05-28 11:41:03.080,2026-05-28 11:55:49.567,22.6613607,114.5003359,9.1,0.2,-0.55,164.8,17.9,23.9,0.0,5908.47,10.0,2.0,2.5,NR5G-SA,n79,-44,-44,-10,23,-999,6.3
2026-05-28 11:41:03.281,2026-05-28 11:55:49.567,22.6613610,114.5003360,9.0,0.1,-0.47,165.3,17.9,23.9,0.0,5908.50,10.0,2.0,2.5,NR5G-SA,n79,-44,-44,-10,23,-999,6.2
2026-05-28 11:41:03.481,2026-05-28 11:55:49.767,22.6613610,114.5003360,9.0,0.1,-0.47,165.3,17.9,24.1,0.0,5908.50,10.0,2.0,2.5,NR5G-SA,n79,-44,-44,-10,23,-999,13.6
2026-05-28 11:41:03.681,2026-05-28 11:55:49.967,22.6613612,114.5003361,8.9,0.1,-0.48,165.5,0.0,24.1,0.1,5908.52,10.0,2.0,2.5,NR5G-SA,n79,-44,-44,-10,23,-999,7.0
2026-05-28 11:41:03.882,2026-05-28 11:55:50.167,22.6613614,114.5003360,8.8,0.1,-0.47,165.4,0.0,24.1,0.1,5908.55,10.0,2.0,2.5,NR5G-SA,n79,-44,-44,-10,23,-999,5.6
2026-05-28 11:41:04.082,2026-05-28 11:55:50.567,22.6613615,114.5003360,8.6,0.0,-0.47,165.2,0.0,24.1,0.1,5908.56,10.0,2.0,2.5,NR5G-SA,n79,-44,-44,-10,23,-999,6.3
2026-05-28 11:41:04.282,2026-05-28 11:55:50.767,22.6613614,114.5003360,8.5,0.1,-0.51,164.9,0.0,24.1,0.1,5908.57,10.0,2.0,2.5,NR5G-SA,n79,-44,-44,-10,23,-999,7.7
2026-05-28 11:41:04.483,2026-05-28 11:55:50.767,22.6613613,114.5003360,8.4,0.1,-0.51,164.9,0.0,25.1,0.1,5908.58,10.0,2.0,2.5,NR5G-SA,n79,-44,-44,-10,23,-999,13.9
2026-05-28 11:41:04.683,2026-05-28 11:55:50.967,22.6613613,114.5003360,8.4,0.1,-0.52,164.9,2.3,25.1,0.1,5908.58,10.0,2.0,2.5,NR5G-SA,n79,-44,-44,-10,23,-999,7.2
2026-05-28 11:41:04.884,2026-05-28 11:55:51.167,22.6613611,114.5003360,8.2,0.1,-0.51,165.2,2.3,25.1,0.0,5908.60,10.0,2.0,2.5,NR5G-SA,n79,-44,-44,-10,23,-999,6.1
2026-05-28 11:41:05.084,2026-05-28 11:55:51.567,22.6613608,114.5003360,8.1,0.1,-0.51,165.3,2.3,25.1,0.0,5908.64,10.0,2.0,2.5,NR5G-SA,n79,-44,-44,-10,23,-999,5.9
2026-05-28 11:41:05.284,2026-05-28 11:55:51.767,22.6613608,114.5003359,8.0,0.0,-0.52,165.7,2.3,25.1,0.0,5908.65,10.0,2.0,2.5,NR5G-SA,n79,-44,-44,-10,23,-999,6.2
2026-05-28 11:41:05.485,2026-05-28 11:55:51.767,22.6613609,114.5003359,7.9,0.0,-0.52,165.9,2.3,24.2,0.0,5908.66,10.0,2.0,2.5,NR5G-SA,n79,-44,-44,-10,23,-999,14.5
2026-05-28 11:41:05.685,2026-05-28 11:55:51.967,22.6613609,114.5003359,7.9,0.0,-0.51,165.9,0.0,24.2,0.0,5908.66,10.0,2.0,2.5,NR5G-SA,n79,-44,-44,-10,23,-999,7.3
2026-05-28 11:41:05.885,2026-05-28 11:55:52.167,22.6613609,114.5003359,7.7,0.0,-0.49,165.8,0.0,24.2,0.0,5908.66,10.0,2.0,2.5,NR5G-SA,n79,-44,-44,-10,23,-999,5.2
2026-05-28 11:41:06.086,2026-05-28 11:55:52.567,22.6613609,114.5003360,7.6,0.0,-0.46,165.3,0.0,24.2,0.0,5908.67,10.0,2.0,2.5,NR5G-SA,n79,-44,-44,-10,23,-999,6.2
2026-05-28 11:41:06.286,2026-05-28 11:55:52.567,22.6613608,114.5003360,7.5,0.0,-0.49,165.2,0.0,24.2,0.0,5908.68,10.0,2.0,2.5,NR5G-SA,n79,-44,-44,-10,23,-999,9.0
2026-05-28 11:41:06.486,2026-05-28 11:55:52.767,22.6613608,114.5003360,7.5,0.0,-0.49,165.2,0.0,22.1,0.0,5908.68,10.0,2.0,2.5,NR5G-SA,n79,-44,-44,-10,23,-999,10.4
2026-05-28 11:41:06.687,2026-05-28 11:55:52.967,22.6613607,114.5003361,7.4,0.0,-0.48,165.6,14.4,22.1,0.0,5908.70,10.0,2.0,2.5,NR5G-SA,n79,-44,-44,-10,23,-999,5.9
2026-05-28 11:41:06.887,2026-05-28 11:55:53.167,22.6613606,114.5003361,7.2,0.1,-0.46,166.0,14.4,22.1,0.0,5908.71,10.0,2.0,2.5,NR5G-SA,n79,-44,-44,-10,23,-999,7.2
2026-05-28 11:41:07.088,2026-05-28 11:55:53.567,22.6613604,114.5003361,7.1,0.1,-0.50,166.2,14.4,22.1,0.0,5908.73,10.0,2.0,2.5,NR5G-SA,n79,-44,-44,-10,23,-999,6.5
2026-05-28 11:41:07.288,2026-05-28 11:55:53.567,22.6613603,114.5003362,7.0,0.0,-0.51,165.9,14.4,22.1,0.0,5908.74,10.0,2.0,2.5,NR5G-SA,n79,-44,-44,-10,23,-999,9.0
2026-05-28 11:41:07.488,2026-05-28 11:55:53.767,22.6613603,114.5003362,6.8,0.0,-0.51,165.4,14.4,21.0,0.0,5908.74,10.0,2.0,2.5,NR5G-SA,n79,-44,-44,-10,23,-999,11.9
2026-05-28 11:41:07.689,2026-05-28 11:55:53.967,22.6613603,114.5003362,6.8,0.0,-0.54,165.4,42.6,21.0,0.0,5908.74,10.0,2.0,2.5,NR5G-SA,n79,-44,-44,-10,23,-999,7.4
2026-05-28 11:41:07.889,2026-05-28 11:55:54.167,22.6613603,114.5003362,6.7,0.0,-0.52,165.0,42.6,21.0,0.0,5908.74,10.0,2.0,2.5,NR5G-SA,n79,-44,-44,-10,23,-999,5.5
2026-05-28 11:41:08.089,2026-05-28 11:55:54.567,22.6613603,114.5003362,6.6,0.0,-0.50,164.8,42.6,21.0,0.0,5908.74,10.0,2.0,2.5,NR5G-SA,n79,-44,-44,-10,23,-999,6.2
2026-05-28 11:41:08.290,2026-05-28 11:55:54.567,22.6613603,114.5003362,6.5,0.0,-0.49,164.8,42.6,21.0,0.0,5908.74,10.0,2.0,2.5,NR5G-SA,n79,-44,-44,-10,23,-999,8.4
2026-05-28 11:41:08.490,2026-05-28 11:55:54.767,22.6613604,114.5003361,6.3,0.0,-0.46,165.3,42.6,19.4,0.0,5908.76,10.0,2.0,2.5,NR5G-SA,n79,-44,-44,-10,22,-999,10.7
2026-05-28 11:41:08.690,2026-05-28 11:55:54.967,22.6613604,114.5003361,6.3,0.0,-0.46,165.3,27.8,19.4,0.0,5908.76,10.0,2.0,2.5,NR5G-SA,n79,-44,-44,-10,22,-999,6.5
2026-05-28 11:41:08.891,2026-05-28 11:55:55.167,22.6613605,114.5003360,6.2,0.0,-0.44,165.4,27.8,19.4,0.0,5908.77,10.0,2.0,2.5,NR5G-SA,n79,-44,-44,-10,21,-999,3.9
2026-05-28 11:41:09.091,2026-05-28 11:55:55.567,22.6613607,114.5003359,6.1,0.0,-0.46,165.0,27.8,19.4,0.0,5908.80,10.0,2.0,2.5,NR5G-SA,n79,-44,-44,-10,21,-999,5.0
2026-05-28 11:41:09.291,2026-05-28 11:55:55.767,22.6613607,114.5003359,6.0,0.0,-0.52,164.4,27.8,19.4,0.0,5908.80,10.0,2.0,2.5,NR5G-SA,n79,-44,-44,-10,21,-999,6.1
2026-05-28 11:41:09.492,2026-05-28 11:55:55.767,22.6613608,114.5003360,5.9,0.1,-0.55,163.8,27.8,18.3,0.0,5908.81,10.0,2.0,2.5,NR5G-SA,n79,-44,-44,-10,21,-999,11.9
2026-05-28 11:41:09.692,2026-05-28 11:55:55.967,22.6613608,114.5003360,5.9,0.1,-0.55,163.8,34.2,18.3,0.0,5908.81,10.0,2.0,2.5,NR5G-SA,n79,-44,-44,-10,21,-999,6.7
2026-05-28 11:41:09.893,2026-05-28 11:55:56.167,22.6613607,114.5003361,5.7,0.1,-0.54,163.6,34.2,18.3,0.0,5908.83,10.0,2.0,2.5,NR5G-SA,n79,-44,-44,-10,21,-999,5.7
2026-05-28 11:41:10.093,2026-05-28 11:55:56.567,22.6613607,114.5003363,5.6,0.1,-0.52,163.6,34.2,18.3,0.0,5908.85,10.0,2.0,2.5,NR5G-SA,n79,-44,-44,-10,21,-999,3.8
2026-05-28 11:41:10.293,2026-05-28 11:55:56.767,22.6613605,114.5003364,5.5,0.1,-0.48,163.6,34.2,18.3,0.0,5908.87,10.0,2.0,2.5,NR5G-SA,n79,-44,-44,-10,21,-999,6.3
2026-05-28 11:41:10.494,2026-05-28 11:55:56.767,22.6613604,114.5003365,5.4,0.0,-0.46,164.1,34.2,18.3,0.1,5908.89,10.0,2.0,2.5,NR5G-SA,n79,-44,-44,-10,20,-999,9.4
2026-05-28 11:41:10.694,2026-05-28 11:55:56.967,22.6613604,114.5003365,5.4,0.0,-0.46,164.1,38.0,18.4,0.1,5908.89,10.0,2.0,2.5,NR5G-SA,n79,-44,-44,-10,18,-999,6.1
2026-05-28 11:41:10.895,2026-05-28 11:55:57.167,22.6613605,114.5003366,5.2,0.0,-0.48,164.9,38.0,18.4,0.1,5908.91,10.0,2.0,2.5,NR5G-SA,n79,-44,-44,-10,18,-999,8.7
2026-05-28 11:41:11.095,2026-05-28 11:55:57.567,22.6613605,114.5003366,5.1,0.0,-0.47,165.2,38.0,18.4,0.1,5908.91,10.0,2.0,2.5,NR5G-SA,n79,-44,-44,-10,16,-999,5.1
2026-05-28 11:41:11.295,2026-05-28 11:55:57.767,22.6613606,114.5003365,5.0,0.1,-0.47,164.9,38.0,18.4,0.1,5908.92,10.0,2.0,2.5,NR5G-SA,n79,-44,-44,-10,16,-999,7.5
2026-05-28 11:41:11.496,2026-05-28 11:55:57.767,22.6613606,114.5003363,4.9,0.1,-0.51,164.7,38.0,18.4,0.0,5908.94,10.0,2.0,2.5,NR5G-SA,n79,-44,-44,-10,16,-999,11.1
2026-05-28 11:41:11.696,2026-05-28 11:55:57.967,22.6613606,114.5003363,4.9,0.1,-0.51,164.7,24.7,21.2,0.0,5908.94,10.0,2.0,2.5,NR5G-SA,n79,-44,-44,-10,16,-999,6.7
2026-05-28 11:41:11.897,2026-05-28 11:55:58.167,22.6613605,114.5003362,4.8,0.1,-0.53,164.6,24.7,21.2,0.0,5908.96,10.0,2.0,2.5,NR5G-SA,n79,-44,-44,-10,16,-999,11.2
2026-05-28 11:41:12.097,2026-05-28 11:55:58.567,22.6613605,114.5003361,4.6,0.1,-0.50,164.8,24.7,21.2,0.0,5908.97,10.0,2.0,2.5,NR5G-SA,n79,-44,-44,-10,16,-999,5.9
2026-05-28 11:41:12.297,2026-05-28 11:55:58.767,22.6613605,114.5003361,4.5,0.0,-0.50,164.8,24.7,21.2,0.0,5908.97,10.0,2.0,2.5,NR5G-SA,n79,-44,-44,-10,16,-999,9.4
2026-05-28 11:41:12.498,2026-05-28 11:55:58.767,22.6613605,114.5003362,4.3,0.1,-0.47,164.4,24.7,21.2,0.0,5908.98,10.0,2.0,2.5,NR5G-SA,n79,-44,-44,-10,16,-999,6.5
2026-05-28 11:41:12.698,2026-05-28 11:55:58.967,22.6613605,114.5003362,4.3,0.1,-0.47,164.4,59.4,21.2,0.0,5908.98,10.0,2.0,2.5,NR5G-SA,n79,-44,-44,-10,16,-999,9.1
2026-05-28 11:41:12.898,2026-05-28 11:55:59.167,22.6613605,114.5003363,4.2,0.1,-0.45,164.0,59.4,21.2,0.0,5908.99,10.0,2.0,2.5,NR5G-SA,n79,-44,-44,-10,15,-999,9.5
2026-05-28 11:41:13.099,2026-05-28 11:55:59.567,22.6613606,114.5003365,4.1,0.1,-0.45,163.8,59.4,21.2,0.1,5909.01,10.0,2.0,2.5,NR5G-SA,n79,-44,-44,-10,15,-999,6.6
2026-05-28 11:41:13.299,2026-05-28 11:55:59.567,22.6613608,114.5003365,4.0,0.0,-0.45,163.9,59.4,21.2,0.1,5909.03,10.0,2.0,2.5,NR5G-SA,n79,-44,-44,-10,15,-999,9.5
2026-05-28 11:41:13.500,2026-05-28 11:55:59.767,22.6613608,114.5003363,3.9,0.0,-0.50,164.0,59.4,21.2,0.0,5909.05,10.0,2.0,2.5,NR5G-SA,n79,-44,-44,-10,15,-999,9.6
2026-05-28 11:41:13.700,2026-05-28 11:55:59.967,22.6613608,114.5003363,3.9,0.0,-0.50,164.0,11.4,21.2,0.0,5909.05,10.0,2.0,2.5,NR5G-SA,n79,-44,-44,-10,15,-999,10.4
2026-05-28 11:41:13.900,2026-05-28 11:56:00.167,22.6613607,114.5003362,3.7,0.1,-0.50,164.2,11.4,21.2,0.0,5909.07,10.0,2.0,2.5,NR5G-SA,n79,-44,-44,-10,14,-999,6.8
2026-05-28 11:41:14.101,2026-05-28 11:56:00.567,22.6613607,114.5003360,3.6,0.1,-0.49,164.5,11.4,21.2,0.0,5909.09,10.0,2.0,2.5,NR5G-SA,n79,-44,-44,-10,14,-999,7.6
2026-05-28 11:41:14.301,2026-05-28 11:56:00.767,22.6613607,114.5003359,3.5,0.0,-0.52,164.7,11.4,21.2,0.0,5909.10,10.0,2.0,2.5,NR5G-SA,n79,-44,-44,-10,14,-999,6.8
2026-05-28 11:41:14.502,2026-05-28 11:56:00.767,22.6613606,114.5003358,3.4,0.1,-0.50,164.8,11.4,21.2,0.0,5909.11,10.0,2.0,2.5,NR5G-SA,n79,-44,-44,-10,14,-999,10.3
2026-05-28 11:41:14.702,2026-05-28 11:56:00.967,22.6613606,114.5003358,3.4,0.1,-0.50,164.8,0.0,20.7,0.0,5909.11,10.0,2.0,2.5,NR5G-SA,n79,-44,-44,-10,14,-999,10.2
2026-05-28 11:41:14.902,2026-05-28 11:56:01.167,22.6613606,114.5003357,3.3,0.0,-0.51,165.0,0.0,20.7,0.0,5909.12,10.0,2.0,2.5,NR5G-SA,n79,-44,-44,-10,14,-999,6.9
2026-05-28 11:41:15.103,2026-05-28 11:56:01.567,22.6613606,114.5003356,3.1,0.1,-0.51,165.2,0.0,20.7,0.0,5909.13,10.0,2.0,2.5,NR5G-SA,n79,-44,-44,-10,14,-999,8.2
2026-05-28 11:41:15.303,2026-05-28 11:56:01.767,22.6613608,114.5003357,3.0,0.1,-0.52,165.3,0.0,20.7,0.0,5909.16,10.0,2.0,2.5,NR5G-SA,n79,-44,-44,-10,14,-999,6.0
2026-05-28 11:41:15.503,2026-05-28 11:56:01.767,22.6613609,114.5003358,2.9,0.1,-0.49,165.6,0.0,20.7,0.0,5909.17,10.0,2.0,2.5,NR5G-SA,n79,-44,-44,-10,14,-999,10.5
2026-05-28 11:41:15.704,2026-05-28 11:56:01.967,22.6613609,114.5003358,2.9,0.1,-0.49,165.6,0.0,20.2,0.0,5909.17,10.0,2.0,2.5,NR5G-SA,n79,-44,-44,-10,14,-999,11.1
2026-05-28 11:41:15.904,2026-05-28 11:56:02.167,22.6613610,114.5003358,2.7,0.0,-0.49,166.0,6.8,20.2,0.0,5909.19,10.0,2.0,2.5,NR5G-SA,n79,-44,-44,-10,14,-999,10.5
2026-05-28 11:41:16.105,2026-05-28 11:56:02.567,22.6613610,114.5003360,2.6,0.0,-0.49,166.2,6.8,20.2,0.0,5909.21,10.0,2.0,2.5,NR5G-SA,n79,-99,-99,-11,14,-999,5.8
2026-05-28 11:41:16.305,2026-05-28 11:56:02.767,22.6613608,114.5003360,2.5,0.0,-0.47,166.0,6.8,20.2,0.0,5909.23,10.0,2.0,2.5,NR5G-SA,n79,-99,-99,-11,14,-999,7.0
2026-05-28 11:41:16.534,2026-05-28 11:56:02.767,22.6613608,114.5003361,2.4,0.1,-0.49,165.6,6.8,20.2,0.0,5909.24,10.0,2.0,2.5,NR5G-SA,n79,-99,-99,-11,14,-999,8.2
2026-05-28 11:41:16.734,2026-05-28 11:56:02.967,22.6613607,114.5003361,2.2,0.1,-0.50,165.3,0.0,18.1,0.0,5909.25,10.0,2.0,2.5,NR5G-SA,n79,-99,-99,-11,13,-999,9.2
2026-05-28 11:41:16.935,2026-05-28 11:56:03.167,22.6613607,114.5003361,2.2,0.1,-0.50,165.3,0.0,18.1,0.0,5909.25,10.0,2.0,2.5,NR5G-SA,n79,-99,-99,-11,13,-999,7.8
2026-05-28 11:41:17.135,2026-05-28 11:56:03.567,22.6613606,114.5003361,2.1,0.1,-0.46,165.3,0.0,18.1,0.0,5909.26,10.0,2.0,2.5,NR5G-SA,n79,-99,-99,-11,13,-999,6.3
2026-05-28 11:41:17.335,2026-05-28 11:56:03.767,22.6613605,114.5003362,2.0,0.1,-0.46,165.3,0.0,18.1,0.0,5909.28,10.0,2.0,2.5,NR5G-SA,n79,-99,-99,-10,13,-999,5.8
2026-05-28 11:41:17.536,2026-05-28 11:56:03.767,22.6613604,114.5003362,1.9,0.0,-0.47,165.2,0.0,18.1,0.0,5909.29,10.0,2.0,2.5,NR5G-SA,n79,-99,-99,-10,13,-999,9.3
2026-05-28 11:41:17.736,2026-05-28 11:56:03.967,22.6613604,114.5003363,1.7,0.0,-0.47,165.0,22.2,17.9,0.0,5909.30,10.0,2.0,2.5,NR5G-SA,n79,-99,-99,-10,13,-999,14.8
2026-05-28 11:41:17.936,2026-05-28 11:56:04.167,22.6613604,114.5003363,1.7,0.0,-0.47,165.0,22.2,17.9,0.0,5909.30,10.0,2.0,2.5,NR5G-SA,n79,-99,-99,-10,13,-999,11.0
2026-05-28 11:41:18.137,2026-05-28 11:56:04.567,22.6613604,114.5003363,1.6,0.0,-0.51,164.6,22.2,17.9,0.0,5909.30,10.0,2.0,2.5,NR5G-SA,n79,-99,-99,-10,13,-999,6.1
2026-05-28 11:41:18.337,2026-05-28 11:56:04.767,22.6613604,114.5003362,1.5,0.0,-0.49,164.3,22.2,17.9,0.0,5909.31,10.0,2.0,2.5,NR5G-SA,n79,-102,-102,-10,13,-999,5.7
2026-05-28 11:41:18.537,2026-05-28 11:56:04.967,22.6613604,114.5003361,1.3,0.0,-0.49,164.0,22.2,17.9,0.0,5909.32,10.0,2.0,2.5,NR5G-SA,n79,-102,-102,-10,13,-999,5.6
2026-05-28 11:41:18.738,2026-05-28 11:56:04.967,22.6613603,114.5003361,1.2,0.0,-0.46,163.9,39.0,18.4,0.0,5909.33,10.0,2.0,2.5,NR5G-SA,n79,-102,-102,-10,13,-999,11.3
2026-05-28 11:41:18.938,2026-05-28 11:56:05.167,22.6613603,114.5003361,1.2,0.0,-0.46,163.9,39.0,18.4,0.0,5909.33,10.0,2.0,2.5,NR5G-SA,n79,-102,-102,-10,13,-999,11.4
2026-05-28 11:41:19.138,2026-05-28 11:56:05.567,22.6613602,114.5003361,1.1,0.0,-0.48,164.0,39.0,18.4,0.1,5909.34,10.0,2.0,2.5,NR5G-SA,n79,-102,-102,-10,13,-999,6.3
2026-05-28 11:41:19.339,2026-05-28 11:56:05.767,22.6613602,114.5003361,1.0,0.0,-0.47,164.1,39.0,18.4,0.1,5909.34,10.0,2.0,2.5,NR5G-SA,n79,-102,-102,-10,13,-999,6.4
2026-05-28 11:41:19.539,2026-05-28 11:56:05.967,22.6613603,114.5003361,0.9,0.0,-0.49,164.6,39.0,18.4,0.0,5909.35,10.0,2.0,2.5,NR5G-SA,n79,-99,-99,-10,13,-999,5.1
2026-05-28 11:41:19.739,2026-05-28 11:56:05.967,22.6613603,114.5003361,0.7,0.1,-0.49,164.9,33.2,17.8,0.0,5909.35,10.0,2.0,2.5,NR5G-SA,n79,-99,-99,-10,13,-999,11.3
2026-05-28 11:41:19.940,2026-05-28 11:56:06.167,22.6613603,114.5003361,0.7,0.1,-0.49,164.9,33.2,17.8,0.0,5909.35,10.0,2.0,2.5,NR5G-SA,n79,-99,-99,-10,14,-999,5.6
2026-05-28 11:41:20.140,2026-05-28 11:56:06.567,22.6613603,114.5003361,0.6,0.0,-0.48,165.3,33.2,17.8,0.0,5909.35,10.0,2.0,2.5,NR5G-SA,n79,-99,-99,-10,14,-999,6.9
2026-05-28 11:41:20.340,2026-05-28 11:56:06.767,22.6613603,114.5003361,0.5,0.0,-0.48,165.6,33.2,17.8,0.0,5909.35,10.0,2.0,2.5,NR5G-SA,n79,-99,-99,-10,14,-999,5.7
2026-05-28 11:41:20.541,2026-05-28 11:56:06.967,22.6613603,114.5003360,0.4,0.0,-0.47,165.8,33.2,17.8,0.0,5909.36,10.0,2.0,2.5,NR5G-SA,n79,-100,-100,-11,15,-999,6.5
2026-05-28 11:41:20.741,2026-05-28 11:56:06.967,22.6613604,114.5003360,0.2,0.0,-0.47,165.8,29.5,19.4,0.0,5909.37,10.0,2.0,2.5,NR5G-SA,n79,-100,-100,-11,15,-999,13.2
2026-05-28 11:41:20.941,2026-05-28 11:56:07.167,22.6613604,114.5003360,0.2,0.0,-0.47,165.8,29.5,19.4,0.0,5909.37,10.0,2.0,2.5,NR5G-SA,n79,-100,-100,-11,15,-999,7.8
2026-05-28 11:41:21.142,2026-05-28 11:56:07.567,22.6613604,114.5003359,0.1,0.0,-0.46,165.7,29.5,19.4,0.0,5909.38,10.0,2.0,2.5,NR5G-SA,n79,-105,-105,-11,15,-999,6.9
2026-05-28 11:41:21.342,2026-05-28 11:56:07.767,22.6613604,114.5003358,0.0,0.0,-0.48,165.7,29.5,19.4,0.0,5909.39,10.0,2.0,2.5,NR5G-SA,n79,-105,-105,-11,15,-999,6.8
2026-05-28 11:41:21.542,2026-05-28 11:56:07.767,22.6613604,114.5003357,-0.1,0.0,-0.47,165.6,29.5,19.4,0.0,5909.40,10.0,2.0,2.5,NR5G-SA,n79,-105,-105,-11,15,-999,9.8
2026-05-28 11:41:21.742,2026-05-28 11:56:07.967,22.6613604,114.5003356,-0.2,0.1,-0.49,165.3,41.0,19.4,0.1,5909.41,10.0,2.0,2.5,NR5G-SA,n79,-105,-105,-11,15,-999,9.4
2026-05-28 11:41:21.943,2026-05-28 11:56:08.167,22.6613604,114.5003356,-0.2,0.1,-0.49,165.3,41.0,18.4,0.1,5909.41,10.0,2.0,2.5,NR5G-SA,n79,-105,-105,-11,15,-999,8.1
2026-05-28 11:41:22.147,2026-05-28 11:56:08.567,22.6613604,114.5003354,-0.4,0.1,-0.47,165.0,41.0,18.4,0.1,5909.43,10.0,2.0,2.5,NR5G-SA,n79,-105,-105,-11,15,-999,5.4
2026-05-28 11:41:22.348,2026-05-28 11:56:08.767,22.6613604,114.5003356,-0.4,0.3,-0.05,163.8,41.0,18.4,0.1,5909.45,10.0,2.0,2.5,NR5G-SA,n79,-105,-105,-11,15,-999,6.5
2026-05-28 11:41:22.548,2026-05-28 11:56:08.967,22.6613604,114.5003359,-0.3,0.1,-0.01,164.4,41.0,18.4,0.0,5909.49,10.0,2.0,2.5,NR5G-SA,n79,-105,-105,-11,15,-999,5.3
2026-05-28 11:41:22.748,2026-05-28 11:56:08.967,22.6613604,114.5003359,-0.3,0.1,-0.01,164.4,18.5,18.4,0.0,5909.49,10.0,2.0,2.5,NR5G-SA,n79,-104,-104,-11,14,-999,13.7
2026-05-28 11:41:22.949,2026-05-28 11:56:09.167,22.6613604,114.5003361,-0.3,0.0,0.01,164.4,18.5,19.3,0.0,5909.51,10.0,2.0,2.5,NR5G-SA,n79,-104,-104,-11,14,-999,11.3
2026-05-28 11:41:23.149,2026-05-28 11:56:09.567,22.6613604,114.5003361,-0.3,0.0,0.02,164.4,18.5,19.3,0.0,5909.51,10.0,2.0,2.5,NR5G-SA,n79,-104,-104,-11,14,-999,8.7
2026-05-28 11:41:23.349,2026-05-28 11:56:09.767,22.6613604,114.5003361,-0.3,0.0,0.02,164.4,18.5,19.3,0.0,5909.51,10.0,2.0,2.5,NR5G-SA,n79,-102,-102,-11,14,-999,6.8
2026-05-28 11:41:23.550,2026-05-28 11:56:09.967,22.6613604,114.5003361,-0.3,0.0,0.02,164.4,18.5,19.3,0.0,5909.51,10.0,2.0,2.5,NR5G-SA,n79,-102,-102,-11,14,-999,7.6
2026-05-28 11:41:23.750,2026-05-28 11:56:09.967,22.6613604,114.5003360,-0.3,0.0,0.02,164.4,0.0,19.3,0.0,5909.52,10.0,2.0,2.5,NR5G-SA,n79,-102,-102,-11,14,-999,12.1
2026-05-28 11:41:23.951,2026-05-28 11:56:10.167,22.6613604,114.5003360,-0.3,0.0,0.02,164.4,0.0,19.3,0.0,5909.52,10.0,2.0,2.5,NR5G-SA,n79,-104,-104,-11,14,-999,12.7
2026-05-28 11:41:24.151,2026-05-28 11:56:10.567,22.6613604,114.5003360,-0.3,0.0,0.02,164.4,0.0,19.3,0.0,5909.52,10.0,2.0,2.5,NR5G-SA,n79,-104,-104,-11,14,-999,6.3
2026-05-28 11:41:24.351,2026-05-28 11:56:10.767,22.6613604,114.5003360,-0.3,0.0,0.03,164.5,0.0,19.3,0.0,5909.52,10.0,2.0,2.5,NR5G-SA,n79,-104,-104,-11,14,-999,4.6
2026-05-28 11:41:24.552,2026-05-28 11:56:10.967,22.6613604,114.5003359,-0.3,0.0,0.03,164.4,0.0,19.3,0.0,5909.53,10.0,2.0,2.5,NR5G-SA,n79,-103,-103,-10,15,-999,5.4
