Timestamp,GPS_Time,Latitude,Longitude,Altitude(m),Speed(m/s),Climb(m/s),Heading(deg),Loss_Rate(%),Avg_Ping(ms),Dist_to_Arm_Pt(m),Flight_Dist(m),WP_Speed(m/s),WP_Radius(m),WP_Accel(m/s2),Network,Band,Signal_dBm,RSRP,RSRQ,SNR,RSSI,Jitter(ms)
2026-05-28 11:09:27.753,2026-05-28 11:24:13.967,22.6613589,114.5003360,0.0,0.0,-0.00,168.1,11.3,22.5,0.0,0.00,10.0,2.0,2.5,NR5G-SA,n79,-106,-106,-11,14,-999,10.1
2026-05-28 11:09:27.953,2026-05-28 11:24:14.167,22.6613589,114.5003360,0.0,0.0,-0.00,168.1,43.3,22.5,0.0,0.00,10.0,2.0,2.5,NR5G-SA,n79,-105,-105,-11,14,-999,8.8
2026-05-28 11:09:28.153,2026-05-28 11:24:14.567,22.6613589,114.5003360,0.0,0.0,-0.00,168.1,43.3,21.9,0.0,0.00,10.0,2.0,2.5,NR5G-SA,n79,-105,-105,-11,14,-999,7.8
2026-05-28 11:09:28.354,2026-05-28 11:24:14.767,22.6613589,114.5003360,0.0,0.0,-0.00,168.1,43.3,21.9,0.0,0.00,10.0,2.0,2.5,NR5G-SA,n79,-105,-105,-11,14,-999,5.0
2026-05-28 11:09:28.554,2026-05-28 11:24:14.967,22.6613589,114.5003360,0.0,0.0,-0.00,168.1,43.3,21.9,0.0,0.00,10.0,2.0,2.5,NR5G-SA,n79,-104,-104,-11,14,-999,6.5
2026-05-28 11:09:28.754,2026-05-28 11:24:14.967,22.6613589,114.5003360,0.0,0.0,-0.00,168.1,43.3,21.9,0.0,0.00,10.0,2.0,2.5,NR5G-SA,n79,-104,-104,-11,14,-999,10.5
2026-05-28 11:09:28.955,2026-05-28 11:24:15.167,22.6613589,114.5003360,0.0,0.0,-0.00,168.1,24.1,21.9,0.0,0.00,10.0,2.0,2.5,NR5G-SA,n79,-104,-104,-11,14,-999,9.4
2026-05-28 11:09:29.155,2026-05-28 11:24:15.567,22.6613589,114.5003359,0.0,0.0,-0.00,168.1,24.1,18.7,0.0,0.01,10.0,2.0,2.5,NR5G-SA,n79,-106,-106,-11,15,-999,9.5
2026-05-28 11:09:29.355,2026-05-28 11:24:15.767,22.6613589,114.5003359,0.0,0.0,-0.00,168.1,24.1,18.7,0.0,0.01,10.0,2.0,2.5,NR5G-SA,n79,-106,-106,-11,15,-999,6.3
2026-05-28 11:09:29.556,2026-05-28 11:24:15.967,22.6613589,114.5003359,0.0,0.0,-0.00,168.1,24.1,18.7,0.0,0.01,10.0,2.0,2.5,NR5G-SA,n79,-106,-106,-11,15,-999,7.0
2026-05-28 11:09:29.756,2026-05-28 11:24:15.967,22.6613589,114.5003359,0.0,0.0,-0.00,168.2,24.1,18.7,0.0,0.01,10.0,2.0,2.5,NR5G-SA,n79,-106,-106,-11,15,-999,12.0
2026-05-28 11:09:29.956,2026-05-28 11:24:16.167,22.6613589,114.5003359,0.0,0.0,-0.00,168.2,37.8,18.7,0.0,0.01,10.0,2.0,2.5,NR5G-SA,n79,-106,-106,-11,15,-999,7.9
2026-05-28 11:09:30.157,2026-05-28 11:24:16.568,22.6613589,114.5003359,0.0,0.0,-0.00,168.1,37.8,19.2,0.0,0.01,10.0,2.0,2.5,NR5G-SA,n79,-105,-105,-11,14,-999,6.7
2026-05-28 11:09:30.357,2026-05-28 11:24:16.768,22.6613589,114.5003359,0.0,0.0,-0.00,168.1,37.8,19.2,0.0,0.01,10.0,2.0,2.5,NR5G-SA,n79,-105,-105,-11,14,-999,6.9
2026-05-28 11:09:30.557,2026-05-28 11:24:16.968,22.6613589,114.5003359,-0.0,0.0,-0.00,168.2,37.8,19.2,0.0,0.01,10.0,2.0,2.5,NR5G-SA,n79,-105,-105,-11,14,-999,7.5
2026-05-28 11:09:30.758,2026-05-28 11:24:16.968,22.6613589,114.5003359,-0.0,0.0,-0.00,168.2,37.8,19.2,0.0,0.01,10.0,2.0,2.5,NR5G-SA,n79,-104,-104,-11,14,-999,11.2
2026-05-28 11:09:30.958,2026-05-28 11:24:17.168,22.6613589,114.5003359,-0.0,0.0,-0.00,168.2,34.4,19.2,0.0,0.01,10.0,2.0,2.5,NR5G-SA,n79,-104,-104,-11,14,-999,9.6
2026-05-28 11:09:31.158,2026-05-28 11:24:17.568,22.6613589,114.5003359,-0.0,0.0,-0.00,168.1,34.4,20.2,0.0,0.01,10.0,2.0,2.5,NR5G-SA,n79,-104,-104,-11,14,-999,7.8
2026-05-28 11:09:31.359,2026-05-28 11:24:17.768,22.6613589,114.5003359,-0.0,0.0,-0.01,168.2,34.4,20.2,0.0,0.01,10.0,2.0,2.5,NR5G-SA,n79,-104,-104,-10,14,-999,6.3
2026-05-28 11:09:31.559,2026-05-28 11:24:17.968,22.6613589,114.5003359,-0.0,0.0,-0.01,168.2,34.4,20.2,0.0,0.01,10.0,2.0,2.5,NR5G-SA,n79,-104,-104,-10,14,-999,7.0
2026-05-28 11:09:31.759,2026-05-28 11:24:17.968,22.6613589,114.5003359,-0.0,0.0,-0.00,168.1,34.4,20.2,0.0,0.01,10.0,2.0,2.5,NR5G-SA,n79,-104,-104,-10,14,-999,11.7
2026-05-28 11:09:31.960,2026-05-28 11:24:18.168,22.6613589,114.5003359,-0.0,0.0,-0.00,168.1,28.7,20.2,0.0,0.01,10.0,2.0,2.5,NR5G-SA,n79,-104,-104,-10,14,-999,8.5
2026-05-28 11:09:32.160,2026-05-28 11:24:18.568,22.6613589,114.5003359,-0.0,0.0,-0.00,168.2,28.7,22.2,0.0,0.01,10.0,2.0,2.5,NR5G-SA,n79,-104,-104,-10,14,-999,7.0
2026-05-28 11:09:32.360,2026-05-28 11:24:18.768,22.6613589,114.5003359,-0.0,0.0,-0.00,168.1,28.7,22.2,0.0,0.01,10.0,2.0,2.5,NR5G-SA,n79,-104,-104,-11,14,-999,7.1
2026-05-28 11:09:32.560,2026-05-28 11:24:18.968,22.6613589,114.5003359,-0.0,0.0,-0.00,168.1,28.7,22.2,0.0,0.01,10.0,2.0,2.5,NR5G-SA,n79,-104,-104,-11,14,-999,6.2
2026-05-28 11:09:32.761,2026-05-28 11:24:18.968,22.6613589,114.5003359,-0.0,0.0,0.01,168.1,28.7,22.2,0.0,0.01,10.0,2.0,2.5,NR5G-SA,n79,-104,-104,-11,14,-999,11.2
2026-05-28 11:09:32.962,2026-05-28 11:24:19.168,22.6613589,114.5003359,-0.0,0.0,0.01,168.1,45.8,22.2,0.0,0.01,10.0,2.0,2.5,NR5G-SA,n79,-103,-103,-11,14,-999,17.0
2026-05-28 11:09:33.162,2026-05-28 11:24:19.568,22.6613589,114.5003359,0.0,0.0,0.17,168.3,45.8,22.2,0.0,0.01,10.0,2.0,2.5,NR5G-SA,n79,-103,-103,-11,14,-999,6.8
2026-05-28 11:09:33.362,2026-05-28 11:24:19.768,22.6613590,114.5003359,0.1,0.1,0.45,168.9,45.8,22.9,0.0,0.02,10.0,2.0,2.5,NR5G-SA,n79,-103,-103,-11,14,-999,6.2
2026-05-28 11:09:33.563,2026-05-28 11:24:19.968,22.6613591,114.5003359,0.2,0.1,0.65,169.3,45.8,22.9,0.0,0.03,10.0,2.0,2.5,NR5G-SA,n79,-103,-103,-11,13,-999,7.2
2026-05-28 11:09:33.763,2026-05-28 11:24:19.968,22.6613592,114.5003360,0.4,0.1,0.86,169.7,45.8,22.9,0.0,0.05,10.0,2.0,2.5,NR5G-SA,n79,-103,-103,-11,13,-999,11.5
2026-05-28 11:09:33.963,2026-05-28 11:24:20.168,22.6613592,114.5003360,0.4,0.1,0.86,169.7,0.0,22.9,0.0,0.05,10.0,2.0,2.5,NR5G-SA,n79,-103,-103,-11,13,-999,11.6
2026-05-28 11:09:34.164,2026-05-28 11:24:20.568,22.6613591,114.5003363,0.7,0.2,1.06,169.9,0.0,22.9,0.0,0.08,10.0,2.0,2.5,NR5G-SA,n79,-99,-99,-10,14,-999,7.0
2026-05-28 11:09:34.364,2026-05-28 11:24:20.768,22.6613589,114.5003367,1.0,0.2,1.29,169.9,0.0,22.4,0.1,0.13,10.0,2.0,2.5,NR5G-SA,n79,-99,-99,-10,14,-999,6.2
2026-05-28 11:09:34.564,2026-05-28 11:24:20.968,22.6613587,114.5003372,1.4,0.2,1.52,170.1,0.0,22.4,0.1,0.18,10.0,2.0,2.5,NR5G-SA,n79,-100,-100,-10,13,-999,5.5
2026-05-28 11:09:34.765,2026-05-28 11:24:20.968,22.6613585,114.5003375,1.8,0.2,1.80,170.4,0.0,22.4,0.2,0.22,10.0,2.0,2.5,NR5G-SA,n79,-100,-100,-10,13,-999,9.1
2026-05-28 11:09:34.965,2026-05-28 11:24:21.168,22.6613585,114.5003375,1.8,0.2,1.80,170.4,0.0,22.4,0.2,0.22,10.0,2.0,2.5,NR5G-SA,n79,-100,-100,-10,13,-999,14.5
2026-05-28 11:09:35.165,2026-05-28 11:24:21.568,22.6613586,114.5003378,2.3,0.1,2.07,170.6,0.0,22.4,0.2,0.25,10.0,2.0,2.5,NR5G-SA,n79,-103,-103,-11,12,-999,8.0
2026-05-28 11:09:35.366,2026-05-28 11:24:21.768,22.6613587,114.5003379,2.9,0.0,2.34,170.4,0.0,23.4,0.2,0.27,10.0,2.0,2.5,NR5G-SA,n79,-103,-103,-11,12,-999,8.6
2026-05-28 11:09:35.566,2026-05-28 11:24:21.968,22.6613587,114.5003377,3.5,0.1,2.57,170.1,0.0,23.4,0.2,0.29,10.0,2.0,2.5,NR5G-SA,n79,-103,-103,-11,12,-999,6.5
2026-05-28 11:09:35.766,2026-05-28 11:24:21.968,22.6613585,114.5003374,4.2,0.2,2.63,169.6,0.0,23.4,0.2,0.33,10.0,2.0,2.5,NR5G-SA,n79,-98,-98,-10,12,-999,9.0
2026-05-28 11:09:35.967,2026-05-28 11:24:22.168,22.6613585,114.5003374,4.2,0.2,2.63,169.6,0.0,23.4,0.2,0.33,10.0,2.0,2.5,NR5G-SA,n79,-98,-98,-10,12,-999,13.7
2026-05-28 11:09:36.167,2026-05-28 11:24:22.568,22.6613581,114.5003369,4.8,0.2,2.52,169.2,0.0,23.4,0.1,0.40,10.0,2.0,2.5,NR5G-SA,n79,-98,-98,-10,12,-999,7.3
2026-05-28 11:09:36.367,2026-05-28 11:24:22.768,22.6613578,114.5003364,5.5,0.1,2.45,169.4,0.0,22.7,0.1,0.46,10.0,2.0,2.5,NR5G-SA,n79,-94,-94,-10,14,-999,6.8
2026-05-28 11:09:36.568,2026-05-28 11:24:22.968,22.6613578,114.5003362,6.1,0.0,2.43,169.9,0.0,22.7,0.1,0.48,10.0,2.0,2.5,NR5G-SA,n79,-94,-94,-10,14,-999,7.1
2026-05-28 11:09:36.768,2026-05-28 11:24:22.968,22.6613579,114.5003364,6.7,0.1,2.36,170.3,0.0,22.7,0.1,0.50,10.0,2.0,2.5,NR5G-SA,n79,-94,-94,-10,14,-999,12.1
2026-05-28 11:09:36.969,2026-05-28 11:24:23.168,22.6613579,114.5003364,6.7,0.1,2.36,170.3,16.9,22.7,0.1,0.50,10.0,2.0,2.5,NR5G-SA,n79,-81,-81,-10,17,-999,13.5
2026-05-28 11:09:37.170,2026-05-28 11:24:23.568,22.6613582,114.5003366,7.3,0.1,2.36,170.6,16.9,22.7,0.1,0.54,10.0,2.0,2.5,NR5G-SA,n79,-81,-81,-10,17,-999,8.4
2026-05-28 11:09:37.370,2026-05-28 11:24:23.768,22.6613584,114.5003366,7.9,0.1,2.34,170.6,16.9,21.6,0.1,0.56,10.0,2.0,2.5,NR5G-SA,n79,-76,-76,-10,23,-999,7.5
2026-05-28 11:09:37.570,2026-05-28 11:24:23.968,22.6613587,114.5003365,8.5,0.1,2.39,170.4,16.9,21.6,0.1,0.60,10.0,2.0,2.5,NR5G-SA,n79,-76,-76,-10,23,-999,7.9
2026-05-28 11:09:37.771,2026-05-28 11:24:23.968,22.6613590,114.5003364,9.1,0.1,2.44,170.6,16.9,21.6,0.0,0.63,10.0,2.0,2.5,NR5G-SA,n79,-76,-76,-10,23,-999,9.4
2026-05-28 11:09:37.971,2026-05-28 11:24:24.168,22.6613590,114.5003364,9.1,0.1,2.44,170.6,41.7,21.6,0.0,0.63,10.0,2.0,2.5,NR5G-SA,n79,-74,-74,-10,26,-999,11.9
2026-05-28 11:09:38.172,2026-05-28 11:24:24.568,22.6613593,114.5003364,9.7,0.1,2.47,170.3,41.7,21.6,0.1,0.67,10.0,2.0,2.5,NR5G-SA,n79,-74,-74,-10,26,-999,5.3
2026-05-28 11:09:38.372,2026-05-28 11:24:24.768,22.6613595,114.5003364,10.3,0.1,2.50,169.7,41.7,22.3,0.1,0.69,10.0,2.0,2.5,NR5G-SA,n79,-74,-74,-10,26,-999,6.7
2026-05-28 11:09:38.572,2026-05-28 11:24:24.968,22.6613596,114.5003366,10.9,0.1,2.52,169.3,41.7,22.3,0.1,0.71,10.0,2.0,2.5,NR5G-SA,n79,-71,-71,-10,28,-999,6.4
2026-05-28 11:09:38.773,2026-05-28 11:24:24.968,22.6613597,114.5003368,11.6,0.1,2.54,169.2,41.7,22.3,0.1,0.73,10.0,2.0,2.5,NR5G-SA,n79,-71,-71,-10,28,-999,11.2
2026-05-28 11:09:38.973,2026-05-28 11:24:25.168,22.6613596,114.5003369,12.2,0.1,2.54,169.2,29.1,22.3,0.1,0.75,10.0,2.0,2.5,NR5G-SA,n79,-72,-72,-10,28,-999,9.5
2026-05-28 11:09:39.174,2026-05-28 11:24:25.568,22.6613596,114.5003369,12.2,0.1,2.54,169.2,29.1,22.3,0.1,0.75,10.0,2.0,2.5,NR5G-SA,n79,-72,-72,-10,28,-999,7.9
2026-05-28 11:09:39.374,2026-05-28 11:24:25.768,22.6613595,114.5003369,12.8,0.1,2.53,169.3,29.1,22.3,0.1,0.76,10.0,2.0,2.5,NR5G-SA,n79,-72,-72,-10,28,-999,6.3
2026-05-28 11:09:39.574,2026-05-28 11:24:25.968,22.6613594,114.5003369,13.5,0.0,2.51,169.8,29.1,22.3,0.1,0.77,10.0,2.0,2.5,NR5G-SA,n79,-70,-70,-10,26,-999,6.3
2026-05-28 11:09:39.775,2026-05-28 11:24:25.968,22.6613595,114.5003368,14.1,0.1,2.51,170.0,29.1,22.3,0.1,0.79,10.0,2.0,2.5,NR5G-SA,n79,-70,-70,-10,26,-999,8.4
2026-05-28 11:09:39.975,2026-05-28 11:24:26.168,22.6613595,114.5003366,14.7,0.1,2.50,169.9,33.7,22.3,0.1,0.81,10.0,2.0,2.5,NR5G-SA,n79,-70,-70,-10,26,-999,9.9
2026-05-28 11:09:40.175,2026-05-28 11:24:26.568,22.6613595,114.5003366,14.7,0.1,2.50,169.9,33.7,22.3,0.1,0.81,10.0,2.0,2.5,NR5G-SA,n79,-72,-72,-10,24,-999,7.4
2026-05-28 11:09:40.375,2026-05-28 11:24:26.768,22.6613597,114.5003365,15.3,0.1,2.45,169.6,33.7,23.0,0.1,0.83,10.0,2.0,2.5,NR5G-SA,n79,-72,-72,-10,24,-999,7.5
2026-05-28 11:09:40.576,2026-05-28 11:24:26.968,22.6613598,114.5003364,16.0,0.0,2.46,169.6,33.7,23.0,0.1,0.85,10.0,2.0,2.5,NR5G-SA,n79,-72,-72,-10,24,-999,6.3
2026-05-28 11:09:40.776,2026-05-28 11:24:27.168,22.6613598,114.5003364,16.6,0.1,2.47,169.7,33.7,23.0,0.1,0.85,10.0,2.0,2.5,NR5G-SA,n79,-72,-72,-10,25,-999,8.3
2026-05-28 11:09:40.976,2026-05-28 11:24:27.168,22.6613597,114.5003364,17.2,0.1,2.47,169.8,38.2,23.0,0.1,0.86,10.0,2.0,2.5,NR5G-SA,n79,-72,-72,-10,25,-999,11.3
2026-05-28 11:09:41.177,2026-05-28 11:24:27.568,22.6613597,114.5003364,17.2,0.0,2.51,169.8,38.2,23.0,0.1,0.86,10.0,2.0,2.5,NR5G-SA,n79,-71,-71,-10,26,-999,7.0
2026-05-28 11:09:41.377,2026-05-28 11:24:27.768,22.6613596,114.5003364,17.8,0.1,2.51,169.6,38.2,23.0,0.1,0.87,10.0,2.0,2.5,NR5G-SA,n79,-71,-71,-10,26,-999,6.1
2026-05-28 11:09:41.577,2026-05-28 11:24:27.968,22.6613595,114.5003364,18.5,0.1,2.51,169.6,38.2,23.9,0.1,0.88,10.0,2.0,2.5,NR5G-SA,n79,-71,-71,-10,26,-999,6.5
2026-05-28 11:09:41.778,2026-05-28 11:24:28.168,22.6613593,114.5003365,19.1,0.1,2.54,169.8,38.2,23.9,0.1,0.91,10.0,2.0,2.5,NR5G-SA,n79,-67,-67,-10,28,-999,5.2
2026-05-28 11:09:41.978,2026-05-28 11:24:28.168,22.6613591,114.5003365,19.7,0.1,2.54,169.9,38.2,23.9,0.1,0.93,10.0,2.0,2.5,NR5G-SA,n79,-67,-67,-10,28,-999,14.2
2026-05-28 11:09:42.178,2026-05-28 11:24:28.568,22.6613591,114.5003365,19.7,0.1,2.52,169.9,38.4,23.9,0.1,0.93,10.0,2.0,2.5,NR5G-SA,n79,-67,-67,-10,28,-999,8.2
2026-05-28 11:09:42.379,2026-05-28 11:24:28.768,22.6613590,114.5003364,20.3,0.0,2.53,169.8,38.4,23.9,0.0,0.94,10.0,2.0,2.5,NR5G-SA,n79,-68,-68,-10,28,-999,6.4
2026-05-28 11:09:42.579,2026-05-28 11:24:28.968,22.6613590,114.5003364,21.0,0.0,2.54,169.4,38.4,23.5,0.0,0.94,10.0,2.0,2.5,NR5G-SA,n79,-68,-68,-10,28,-999,5.6
2026-05-28 11:09:42.779,2026-05-28 11:24:29.168,22.6613590,114.5003363,21.6,0.0,2.51,169.1,38.4,23.5,0.0,0.95,10.0,2.0,2.5,NR5G-SA,n79,-68,-68,-10,28,-999,6.3
2026-05-28 11:09:42.979,2026-05-28 11:24:29.168,22.6613591,114.5003363,22.2,0.0,2.49,169.1,0.0,23.5,0.0,0.96,10.0,2.0,2.5,NR5G-SA,n79,-66,-66,-10,28,-999,14.1
2026-05-28 11:09:43.180,2026-05-28 11:24:29.568,22.6613591,114.5003363,22.2,0.0,2.49,169.1,0.0,23.5,0.0,0.96,10.0,2.0,2.5,NR5G-SA,n79,-66,-66,-10,28,-999,9.5
2026-05-28 11:09:43.380,2026-05-28 11:24:29.768,22.6613591,114.5003363,22.8,0.0,2.51,168.9,0.0,23.5,0.0,0.96,10.0,2.0,2.5,NR5G-SA,n79,-66,-66,-10,28,-999,7.8
2026-05-28 11:09:43.580,2026-05-28 11:24:29.968,22.6613591,114.5003363,23.5,0.0,2.56,168.5,0.0,22.7,0.0,0.96,10.0,2.0,2.5,NR5G-SA,n79,-68,-68,-10,29,-999,7.1
2026-05-28 11:09:43.781,2026-05-28 11:24:30.168,22.6613591,114.5003363,24.1,0.1,2.48,168.5,0.0,22.7,0.0,0.96,10.0,2.0,2.5,NR5G-SA,n79,-68,-68,-10,29,-999,7.3
2026-05-28 11:09:43.981,2026-05-28 11:24:30.168,22.6613591,114.5003364,24.7,0.1,2.49,168.6,8.3,22.7,0.0,0.97,10.0,2.0,2.5,NR5G-SA,n79,-66,-66,-10,29,-999,13.0
2026-05-28 11:09:44.181,2026-05-28 11:24:30.568,22.6613591,114.5003364,24.7,0.1,2.49,168.6,8.3,22.7,0.0,0.97,10.0,2.0,2.5,NR5G-SA,n79,-66,-66,-10,29,-999,7.4
2026-05-28 11:09:44.382,2026-05-28 11:24:30.768,22.6613591,114.5003366,25.4,0.1,2.55,168.7,8.3,22.7,0.1,0.99,10.0,2.0,2.5,NR5G-SA,n79,-66,-66,-10,29,-999,7.5
2026-05-28 11:09:44.582,2026-05-28 11:24:30.968,22.6613591,114.5003367,26.0,0.0,2.46,168.8,8.3,22.1,0.1,1.01,10.0,2.0,2.5,NR5G-SA,n79,-66,-66,-10,29,-999,6.1
2026-05-28 11:09:44.782,2026-05-28 11:24:31.168,22.6613591,114.5003367,26.6,0.1,2.44,168.9,8.3,22.1,0.1,1.01,10.0,2.0,2.5,NR5G-SA,n79,-66,-66,-10,29,-999,8.4
2026-05-28 11:09:44.983,2026-05-28 11:24:31.168,22.6613593,114.5003365,27.2,0.1,2.47,168.8,8.3,22.1,0.1,1.04,10.0,2.0,2.5,NR5G-SA,n79,-66,-66,-10,29,-999,9.0
2026-05-28 11:09:45.183,2026-05-28 11:24:31.568,22.6613593,114.5003365,27.2,0.1,2.47,168.8,0.0,22.1,0.1,1.04,10.0,2.0,2.5,NR5G-SA,n79,-65,-65,-10,29,-999,7.0
2026-05-28 11:09:45.384,2026-05-28 11:24:31.768,22.6613595,114.5003364,27.8,0.1,2.50,168.6,0.0,22.1,0.1,1.06,10.0,2.0,2.5,NR5G-SA,n79,-65,-65,-10,29,-999,5.5
2026-05-28 11:09:45.584,2026-05-28 11:24:31.968,22.6613596,114.5003363,28.4,0.0,2.53,168.5,0.0,21.7,0.1,1.08,10.0,2.0,2.5,NR5G-SA,n79,-65,-65,-10,29,-999,5.3
2026-05-28 11:09:45.784,2026-05-28 11:24:32.168,22.6613597,114.5003362,29.1,0.1,2.55,168.6,0.0,21.7,0.1,1.09,10.0,2.0,2.5,NR5G-SA,n79,-65,-65,-10,29,-999,7.7
2026-05-28 11:09:45.985,2026-05-28 11:24:32.168,22.6613597,114.5003362,29.7,0.0,2.57,168.6,10.1,21.7,0.1,1.09,10.0,2.0,2.5,NR5G-SA,n79,-65,-65,-10,29,-999,9.3
2026-05-28 11:09:46.185,2026-05-28 11:24:32.568,22.6613597,114.5003362,29.7,0.0,2.57,168.6,10.1,21.7,0.1,1.09,10.0,2.0,2.5,NR5G-SA,n79,-65,-65,-10,29,-999,5.5
2026-05-28 11:09:46.385,2026-05-28 11:24:32.768,22.6613598,114.5003361,30.4,0.0,2.57,168.6,10.1,21.7,0.1,1.11,10.0,2.0,2.5,NR5G-SA,n79,-65,-65,-10,29,-999,6.1
2026-05-28 11:09:46.586,2026-05-28 11:24:32.968,22.6613597,114.5003359,31.0,0.1,2.54,168.6,10.1,20.6,0.1,1.13,10.0,2.0,2.5,NR5G-SA,n79,-65,-65,-10,29,-999,6.3
2026-05-28 11:09:46.786,2026-05-28 11:24:33.168,22.6613596,114.5003359,31.6,0.1,2.50,168.6,10.1,20.6,0.1,1.14,10.0,2.0,2.5,NR5G-SA,n79,-65,-65,-10,29,-999,7.1
2026-05-28 11:09:46.986,2026-05-28 11:24:33.168,22.6613595,114.5003359,32.2,0.1,2.48,168.7,10.1,20.6,0.1,1.15,10.0,2.0,2.5,NR5G-SA,n79,-65,-65,-10,29,-999,11.2
2026-05-28 11:09:47.187,2026-05-28 11:24:33.568,22.6613595,114.5003359,32.2,0.1,2.48,168.7,0.0,20.6,0.1,1.15,10.0,2.0,2.5,NR5G-SA,n79,-65,-65,-10,29,-999,7.2
2026-05-28 11:09:47.387,2026-05-28 11:24:33.768,22.6613593,114.5003358,32.9,0.1,2.48,168.6,0.0,20.6,0.0,1.18,10.0,2.0,2.5,NR5G-SA,n79,-65,-65,-10,29,-999,6.3
2026-05-28 11:09:47.587,2026-05-28 11:24:33.968,22.6613592,114.5003358,33.5,0.1,2.52,168.7,0.0,19.1,0.0,1.19,10.0,2.0,2.5,NR5G-SA,n79,-65,-65,-10,29,-999,6.8
2026-05-28 11:09:47.788,2026-05-28 11:24:33.968,22.6613591,114.5003357,34.1,0.1,2.51,168.7,0.0,19.1,0.0,1.20,10.0,2.0,2.5,NR5G-SA,n79,-65,-65,-10,29,-999,7.3
2026-05-28 11:09:47.988,2026-05-28 11:24:34.168,22.6613590,114.5003357,34.7,0.0,2.51,168.8,0.0,19.1,0.0,1.21,10.0,2.0,2.5,NR5G-SA,n79,-66,-66,-10,29,-999,9.6
2026-05-28 11:09:48.189,2026-05-28 11:24:34.568,22.6613590,114.5003357,34.7,0.0,2.51,168.8,23.6,19.1,0.0,1.21,10.0,2.0,2.5,NR5G-SA,n79,-66,-66,-10,29,-999,6.5
2026-05-28 11:09:48.389,2026-05-28 11:24:34.768,22.6613589,114.5003357,35.3,0.0,2.49,168.8,23.6,19.1,0.0,1.22,10.0,2.0,2.5,NR5G-SA,n79,-66,-66,-10,28,-999,14.2
2026-05-28 11:09:48.589,2026-05-28 11:24:34.968,22.6613589,114.5003357,36.0,0.0,2.49,168.8,23.6,18.7,0.0,1.22,10.0,2.0,2.5,NR5G-SA,n79,-66,-66,-10,28,-999,7.6
2026-05-28 11:09:48.790,2026-05-28 11:24:34.968,22.6613589,114.5003357,36.6,0.0,2.54,168.7,23.6,18.7,0.0,1.22,10.0,2.0,2.5,NR5G-SA,n79,-66,-66,-10,28,-999,7.3
2026-05-28 11:09:48.990,2026-05-28 11:24:35.168,22.6613589,114.5003358,37.2,0.0,2.55,168.6,23.6,18.7,0.0,1.23,10.0,2.0,2.5,NR5G-SA,n79,-66,-66,-10,28,-999,7.3
2026-05-28 11:09:49.190,2026-05-28 11:24:35.568,22.6613589,114.5003358,37.2,0.0,2.55,168.6,37.4,18.7,0.0,1.23,10.0,2.0,2.5,NR5G-SA,n79,-66,-66,-10,28,-999,7.5
2026-05-28 11:09:49.391,2026-05-28 11:24:35.768,22.6613590,114.5003360,37.8,0.1,2.50,168.5,37.4,18.7,0.0,1.26,10.0,2.0,2.5,NR5G-SA,n79,-66,-66,-10,28,-999,7.1
2026-05-28 11:09:49.591,2026-05-28 11:24:35.968,22.6613590,114.5003361,38.5,0.0,2.54,168.5,37.4,19.2,0.0,1.27,10.0,2.0,2.5,NR5G-SA,n79,-66,-66,-10,28,-999,6.0
2026-05-28 11:09:49.791,2026-05-28 11:24:35.968,22.6613590,114.5003362,39.1,0.0,2.52,168.6,37.4,19.2,0.0,1.28,10.0,2.0,2.5,NR5G-SA,n79,-66,-66,-10,28,-999,8.1
2026-05-28 11:09:49.992,2026-05-28 11:24:36.168,22.6613590,114.5003362,39.7,0.0,2.52,168.5,37.4,19.2,0.0,1.28,10.0,2.0,2.5,NR5G-SA,n79,-66,-66,-10,28,-999,13.3
2026-05-28 11:09:50.192,2026-05-28 11:24:36.568,22.6613590,114.5003362,39.7,0.0,2.52,168.5,34.8,19.2,0.0,1.28,10.0,2.0,2.5,NR5G-SA,n79,-67,-67,-10,28,-999,6.7
2026-05-28 11:09:50.392,2026-05-28 11:24:36.768,22.6613589,114.5003362,40.3,0.0,2.50,168.4,34.8,19.2,0.0,1.29,10.0,2.0,2.5,NR5G-SA,n79,-67,-67,-10,28,-999,5.8
2026-05-28 11:09:50.592,2026-05-28 11:24:36.968,22.6613589,114.5003362,41.0,0.0,2.49,168.5,34.8,19.2,0.0,1.29,10.0,2.0,2.5,NR5G-SA,n79,-68,-68,-10,26,-999,6.8
2026-05-28 11:09:50.793,2026-05-28 11:24:37.168,22.6613589,114.5003362,41.6,0.1,2.53,168.5,34.8,18.3,0.0,1.29,10.0,2.0,2.5,NR5G-SA,n79,-68,-68,-10,26,-999,6.1
2026-05-28 11:09:50.993,2026-05-28 11:24:37.168,22.6613589,114.5003361,42.2,0.0,2.50,168.6,34.8,18.3,0.0,1.30,10.0,2.0,2.5,NR5G-SA,n79,-68,-68,-10,26,-999,11.6
2026-05-28 11:09:51.194,2026-05-28 11:24:37.568,22.6613589,114.5003361,42.2,0.0,2.50,168.6,28.8,18.3,0.0,1.30,10.0,2.0,2.5,NR5G-SA,n79,-70,-70,-10,26,-999,7.3
2026-05-28 11:09:51.394,2026-05-28 11:24:37.768,22.6613589,114.5003359,42.9,0.1,2.50,168.6,28.8,18.3,0.0,1.32,10.0,2.0,2.5,NR5G-SA,n79,-70,-70,-10,26,-999,5.8
2026-05-28 11:09:51.595,2026-05-28 11:24:37.968,22.6613588,114.5003358,43.5,0.1,2.49,168.6,28.8,18.3,0.0,1.34,10.0,2.0,2.5,NR5G-SA,n79,-70,-70,-10,26,-999,6.5
2026-05-28 11:09:51.795,2026-05-28 11:24:38.168,22.6613586,114.5003357,44.1,0.1,2.45,168.8,28.8,20.2,0.0,1.36,10.0,2.0,2.5,NR5G-SA,n79,-70,-70,-10,26,-999,6.1
2026-05-28 11:09:51.995,2026-05-28 11:24:38.168,22.6613585,114.5003356,44.7,0.0,2.38,169.1,28.8,20.2,0.1,1.38,10.0,2.0,2.5,NR5G-SA,n79,-70,-70,-10,26,-999,11.0
2026-05-28 11:09:52.196,2026-05-28 11:24:38.568,22.6613585,114.5003356,44.7,0.0,2.38,169.1,42.1,20.2,0.1,1.38,10.0,2.0,2.5,NR5G-SA,n79,-70,-70,-10,26,-999,7.8
2026-05-28 11:09:52.396,2026-05-28 11:24:38.768,22.6613585,114.5003357,45.3,0.0,2.27,169.0,42.1,20.2,0.1,1.39,10.0,2.0,2.5,NR5G-SA,n79,-72,-72,-10,26,-999,6.6
2026-05-28 11:09:52.596,2026-05-28 11:24:38.968,22.6613586,114.5003356,45.9,0.0,2.15,168.8,42.1,20.2,0.1,1.40,10.0,2.0,2.5,NR5G-SA,n79,-72,-72,-10,26,-999,6.1
2026-05-28 11:09:52.797,2026-05-28 11:24:39.168,22.6613586,114.5003356,46.4,0.1,2.02,168.7,42.1,23.4,0.1,1.40,10.0,2.0,2.5,NR5G-SA,n79,-72,-72,-10,26,-999,8.3
2026-05-28 11:09:52.997,2026-05-28 11:24:39.168,22.6613586,114.5003356,46.9,0.1,1.87,168.7,42.1,23.4,0.1,1.40,10.0,2.0,2.5,NR5G-SA,n79,-72,-72,-10,26,-999,12.9
2026-05-28 11:09:53.198,2026-05-28 11:24:39.568,22.6613586,114.5003356,46.9,0.1,1.87,168.7,16.0,23.4,0.1,1.40,10.0,2.0,2.5,NR5G-SA,n79,-72,-72,-10,26,-999,8.4
2026-05-28 11:09:53.398,2026-05-28 11:24:39.768,22.6613587,114.5003356,47.3,0.0,1.74,168.6,16.0,23.4,0.0,1.41,10.0,2.0,2.5,NR5G-SA,n79,-72,-72,-10,26,-999,8.5
2026-05-28 11:09:53.598,2026-05-28 11:24:39.968,22.6613587,114.5003356,47.7,0.0,1.59,168.6,16.0,23.4,0.0,1.41,10.0,2.0,2.5,NR5G-SA,n79,-72,-72,-10,26,-999,7.1
2026-05-28 11:09:53.799,2026-05-28 11:24:40.168,22.6613587,114.5003356,48.1,0.0,1.44,168.5,16.0,24.6,0.0,1.41,10.0,2.0,2.5,NR5G-SA,n79,-72,-72,-10,26,-999,6.9
2026-05-28 11:09:53.999,2026-05-28 11:24:40.168,22.6613587,114.5003357,48.5,0.0,1.30,168.7,16.0,24.6,0.0,1.42,10.0,2.0,2.5,NR5G-SA,n79,-72,-72,-10,26,-999,12.6
2026-05-28 11:09:54.200,2026-05-28 11:24:40.568,22.6613587,114.5003357,48.5,0.0,1.30,168.7,0.0,24.6,0.0,1.42,10.0,2.0,2.5,NR5G-SA,n79,-72,-72,-10,26,-999,7.7
2026-05-28 11:09:54.400,2026-05-28 11:24:40.768,22.6613588,114.5003357,48.8,0.1,1.19,168.7,0.0,24.6,0.0,1.43,10.0,2.0,2.5,NR5G-SA,n79,-72,-72,-10,26,-999,7.5
2026-05-28 11:09:54.600,2026-05-28 11:24:40.968,22.6613589,114.5003358,49.1,0.1,1.07,168.3,0.0,24.6,0.0,1.45,10.0,2.0,2.5,NR5G-SA,n79,-72,-72,-10,26,-999,5.7
2026-05-28 11:09:54.801,2026-05-28 11:24:41.168,22.6613591,114.5003359,49.3,0.1,0.94,167.9,0.0,24.7,0.0,1.47,10.0,2.0,2.5,NR5G-SA,n79,-72,-72,-10,26,-999,7.4
2026-05-28 11:09:55.001,2026-05-28 11:24:41.168,22.6613592,114.5003360,49.5,0.0,0.78,167.6,0.0,24.7,0.0,1.49,10.0,2.0,2.5,NR5G-SA,n79,-72,-72,-10,26,-999,9.4
2026-05-28 11:09:55.201,2026-05-28 11:24:41.568,22.6613592,114.5003360,49.5,0.0,0.78,167.6,0.7,24.7,0.0,1.49,10.0,2.0,2.5,NR5G-SA,n79,-72,-72,-10,26,-999,10.3
2026-05-28 11:09:55.402,2026-05-28 11:24:41.768,22.6613592,114.5003361,49.7,0.1,0.64,167.3,0.7,24.7,0.0,1.50,10.0,2.0,2.5,NR5G-SA,n79,-72,-72,-10,26,-999,5.6
2026-05-28 11:09:55.602,2026-05-28 11:24:41.968,22.6613591,114.5003362,49.8,0.0,0.50,167.1,0.7,24.7,0.0,1.51,10.0,2.0,2.5,NR5G-SA,n79,-72,-72,-10,28,-999,6.2
2026-05-28 11:09:55.802,2026-05-28 11:24:41.968,22.6613592,114.5003362,49.9,0.0,0.32,167.0,0.7,24.7,0.0,1.52,10.0,2.0,2.5,NR5G-SA,n79,-72,-72,-10,28,-999,4.7
2026-05-28 11:09:56.003,2026-05-28 11:24:42.168,22.6613592,114.5003361,50.0,0.1,0.16,166.9,0.7,24.7,0.0,1.53,10.0,2.0,2.5,NR5G-SA,n79,-72,-72,-10,28,-999,8.6
2026-05-28 11:09:56.203,2026-05-28 11:24:42.568,22.6613592,114.5003361,50.0,0.1,0.16,166.9,0.0,24.7,0.0,1.53,10.0,2.0,2.5,NR5G-SA,n79,-72,-72,-10,28,-999,10.1
2026-05-28 11:09:56.404,2026-05-28 11:24:42.768,22.6613593,114.5003361,50.0,0.1,-0.05,166.9,0.0,24.7,0.0,1.55,10.0,2.0,2.5,NR5G-SA,n79,-72,-72,-10,28,-999,9.8
2026-05-28 11:09:56.604,2026-05-28 11:24:42.968,22.6613592,114.5003360,50.0,0.0,-0.04,166.9,0.0,24.7,0.0,1.56,10.0,2.0,2.5,NR5G-SA,n79,-72,-72,-10,28,-999,7.1
2026-05-28 11:09:56.804,2026-05-28 11:24:43.168,22.6613593,114.5003361,50.0,0.1,-0.08,166.9,0.0,25.1,0.0,1.58,10.0,2.0,2.5,NR5G-SA,n79,-72,-72,-10,28,-999,7.6
2026-05-28 11:09:57.005,2026-05-28 11:24:43.168,22.6613595,114.5003367,50.0,0.3,-0.02,166.8,0.0,25.1,0.1,1.64,10.0,2.0,2.5,NR5G-SA,n79,-72,-72,-10,28,-999,11.1
2026-05-28 11:09:57.205,2026-05-28 11:24:43.568,22.6613595,114.5003367,50.0,0.3,-0.02,166.8,12.9,25.1,0.1,1.64,10.0,2.0,2.5,NR5G-SA,n79,-72,-72,-10,28,-999,7.7
2026-05-28 11:09:57.405,2026-05-28 11:24:43.768,22.6613599,114.5003378,50.0,0.5,0.03,167.0,12.9,25.1,0.2,1.76,10.0,2.0,2.5,NR5G-SA,n79,-72,-72,-10,28,-999,6.7
2026-05-28 11:09:57.606,2026-05-28 11:24:43.968,22.6613606,114.5003396,50.0,0.8,0.06,162.2,12.9,25.1,0.4,1.96,10.0,2.0,2.5,NR5G-SA,n79,-72,-72,-10,28,-999,5.8
2026-05-28 11:09:57.806,2026-05-28 11:24:44.168,22.6613617,114.5003418,50.0,1.1,0.08,149.2,12.9,25.1,0.7,2.22,10.0,2.0,2.5,NR5G-SA,n79,-72,-72,-10,27,-999,5.2
2026-05-28 11:09:58.006,2026-05-28 11:24:44.168,22.6613631,114.5003446,50.0,1.4,0.06,134.0,12.9,23.0,1.0,2.55,10.0,2.0,2.5,NR5G-SA,n79,-72,-72,-10,27,-999,7.5
2026-05-28 11:09:58.207,2026-05-28 11:24:44.568,22.6613631,114.5003446,50.0,1.4,0.06,134.0,42.1,23.0,1.0,2.55,10.0,2.0,2.5,NR5G-SA,n79,-72,-72,-10,27,-999,12.4
2026-05-28 11:09:58.407,2026-05-28 11:24:44.768,22.6613652,114.5003482,50.0,1.8,0.01,118.2,42.1,23.0,1.4,2.99,10.0,2.0,2.5,NR5G-SA,n79,-72,-72,-10,26,-999,11.6
2026-05-28 11:09:58.607,2026-05-28 11:24:44.968,22.6613679,114.5003525,50.0,2.2,-0.02,102.3,42.1,23.0,2.0,3.52,10.0,2.0,2.5,NR5G-SA,n79,-72,-72,-10,26,-999,8.4
2026-05-28 11:09:58.808,2026-05-28 11:24:45.168,22.6613712,114.5003577,50.0,2.7,-0.05,86.8,42.1,23.0,2.6,4.17,10.0,2.0,2.5,NR5G-SA,n79,-72,-72,-10,26,-999,6.6
2026-05-28 11:09:59.008,2026-05-28 11:24:45.168,22.6613752,114.5003641,50.0,3.2,-0.05,71.3,42.1,23.2,3.4,4.96,10.0,2.0,2.5,NR5G-SA,n79,-72,-72,-10,22,-999,12.3
2026-05-28 11:09:59.209,2026-05-28 11:24:45.568,22.6613752,114.5003641,50.0,3.2,-0.05,71.3,24.0,23.2,3.4,4.96,10.0,2.0,2.5,NR5G-SA,n79,-72,-72,-10,22,-999,8.9
2026-05-28 11:09:59.409,2026-05-28 11:24:45.768,22.6613800,114.5003715,50.0,3.8,-0.04,58.0,24.0,23.2,4.3,5.89,10.0,2.0,2.5,NR5G-SA,n79,-72,-72,-10,22,-999,11.4
2026-05-28 11:09:59.609,2026-05-28 11:24:45.968,22.6613855,114.5003798,50.0,4.3,-0.04,52.9,24.0,23.2,5.4,6.94,10.0,2.0,2.5,NR5G-SA,n79,-72,-72,-10,23,-999,6.3
2026-05-28 11:09:59.810,2026-05-28 11:24:46.168,22.6613916,114.5003888,50.0,4.8,0.00,52.3,24.0,23.2,6.5,8.09,10.0,2.0,2.5,NR5G-SA,n79,-72,-72,-10,23,-999,8.0
2026-05-28 11:10:00.010,2026-05-28 11:24:46.168,22.6613982,114.5003988,50.0,5.4,-0.05,52.9,24.0,23.7,7.8,9.35,10.0,2.0,2.5,NR5G-SA,n79,-72,-72,-10,25,-999,9.3
2026-05-28 11:10:00.210,2026-05-28 11:24:46.568,22.6613982,114.5003988,50.0,5.4,-0.05,52.9,38.6,23.7,7.8,9.35,10.0,2.0,2.5,NR5G-SA,n79,-72,-72,-10,25,-999,8.5
2026-05-28 11:10:00.411,2026-05-28 11:24:46.768,22.6614055,114.5004101,50.0,5.9,-0.01,53.5,38.6,23.7,9.2,10.77,10.0,2.0,2.5,NR5G-SA,n79,-72,-72,-10,25,-999,5.4
2026-05-28 11:10:00.611,2026-05-28 11:24:46.968,22.6614136,114.5004226,50.0,6.5,0.03,53.9,38.6,23.7,10.8,12.34,10.0,2.0,2.5,NR5G-SA,n79,-72,-72,-10,25,-999,7.3
2026-05-28 11:10:00.812,2026-05-28 11:24:47.168,22.6614227,114.5004363,50.0,7.2,0.03,54.2,38.6,23.7,12.5,14.07,10.0,2.0,2.5,NR5G-SA,n79,-72,-72,-10,25,-999,6.0
2026-05-28 11:10:01.012,2026-05-28 11:24:47.168,22.6614325,114.5004510,50.0,7.7,0.00,54.6,38.6,24.2,14.4,15.93,10.0,2.0,2.5,NR5G-SA,n79,-72,-72,-10,25,-999,12.2
2026-05-28 11:10:01.212,2026-05-28 11:24:47.568,22.6614325,114.5004510,50.0,7.7,0.00,54.6,30.5,24.2,14.4,15.93,10.0,2.0,2.5,NR5G-SA,n79,-72,-72,-10,25,-999,13.1
2026-05-28 11:10:01.413,2026-05-28 11:24:47.768,22.6614430,114.5004666,50.0,8.2,-0.01,55.0,30.5,24.2,16.4,17.92,10.0,2.0,2.5,NR5G-SA,n79,-72,-72,-10,26,-999,6.8
2026-05-28 11:10:01.613,2026-05-28 11:24:47.968,22.6614540,114.5004831,50.0,8.5,-0.01,55.3,30.5,24.2,18.5,20.01,10.0,2.0,2.5,NR5G-SA,n79,-72,-72,-10,26,-999,5.8
2026-05-28 11:10:01.813,2026-05-28 11:24:48.168,22.6614653,114.5005005,50.0,8.9,0.01,55.6,30.5,24.2,20.6,22.19,10.0,2.0,2.5,NR5G-SA,n79,-72,-72,-10,26,-999,5.4
2026-05-28 11:10:02.014,2026-05-28 11:24:48.168,22.6614769,114.5005184,50.1,9.2,0.01,56.0,30.5,23.9,22.9,24.44,10.0,2.0,2.5,NR5G-SA,n79,-72,-72,-10,26,-999,7.8
2026-05-28 11:10:02.214,2026-05-28 11:24:48.568,22.6614769,114.5005184,50.1,9.2,0.01,56.0,32.0,23.9,22.9,24.44,10.0,2.0,2.5,NR5G-SA,n79,-72,-72,-10,26,-999,10.8
2026-05-28 11:10:02.414,2026-05-28 11:24:48.768,22.6614886,114.5005367,50.1,9.5,-0.01,56.2,32.0,23.9,25.2,26.73,10.0,2.0,2.5,NR5G-SA,n79,-72,-72,-10,26,-999,10.0
2026-05-28 11:10:02.615,2026-05-28 11:24:48.968,22.6615008,114.5005556,50.1,9.7,0.00,56.1,32.0,23.9,27.5,29.10,10.0,2.0,2.5,NR5G-SA,n79,-72,-72,-10,26,-999,6.1
2026-05-28 11:10:02.815,2026-05-28 11:24:49.168,22.6615133,114.5005746,50.1,9.8,-0.03,55.8,32.0,23.9,29.9,31.49,10.0,2.0,2.5,NR5G-SA,n79,-72,-72,-10,25,-999,7.4
2026-05-28 11:10:03.015,2026-05-28 11:24:49.168,22.6615260,114.5005938,50.1,9.9,-0.02,55.5,32.0,26.1,32.4,33.92,10.0,2.0,2.5,NR5G-SA,n79,-72,-72,-10,25,-999,9.4
2026-05-28 11:10:03.216,2026-05-28 11:24:49.568,22.6615260,114.5005938,50.1,9.9,-0.02,55.5,36.1,26.1,32.4,33.92,10.0,2.0,2.5,NR5G-SA,n79,-72,-72,-10,25,-999,9.5
2026-05-28 11:10:03.416,2026-05-28 11:24:49.768,22.6615389,114.5006130,50.1,9.9,-0.03,55.3,36.1,26.1,34.8,36.36,10.0,2.0,2.5,NR5G-SA,n79,-72,-72,-10,22,-999,9.0
2026-05-28 11:10:03.617,2026-05-28 11:24:49.968,22.6615518,114.5006323,50.1,10.0,-0.05,55.1,36.1,26.1,37.2,38.81,10.0,2.0,2.5,NR5G-SA,n79,-72,-72,-10,22,-999,7.4
2026-05-28 11:10:03.817,2026-05-28 11:24:50.168,22.6615645,114.5006517,50.1,10.0,-0.02,54.7,36.1,26.1,39.7,41.25,10.0,2.0,2.5,NR5G-SA,n79,-72,-72,-10,22,-999,6.4
2026-05-28 11:10:04.017,2026-05-28 11:24:50.168,22.6615773,114.5006712,50.1,10.0,-0.09,54.5,36.1,27.2,42.2,43.71,10.0,2.0,2.5,NR5G-SA,n79,-72,-72,-10,20,-999,6.6
2026-05-28 11:10:04.218,2026-05-28 11:24:50.568,22.6615773,114.5006712,50.1,10.0,-0.09,54.5,25.0,27.2,42.2,43.71,10.0,2.0,2.5,NR5G-SA,n79,-72,-72,-10,20,-999,9.8
2026-05-28 11:10:04.418,2026-05-28 11:24:50.768,22.6615901,114.5006908,50.0,10.0,-0.07,54.5,25.0,27.2,44.6,46.18,10.0,2.0,2.5,NR5G-SA,n79,-72,-72,-10,19,-999,8.9
2026-05-28 11:10:04.618,2026-05-28 11:24:50.968,22.6616029,114.5007106,50.0,10.1,-0.07,54.6,25.0,27.2,47.1,48.66,10.0,2.0,2.5,NR5G-SA,n79,-72,-72,-10,19,-999,5.6
2026-05-28 11:10:04.819,2026-05-28 11:24:51.168,22.6616159,114.5007305,50.0,10.1,-0.03,54.6,25.0,27.2,49.6,51.17,10.0,2.0,2.5,NR5G-SA,n79,-72,-72,-10,19,-999,6.4
2026-05-28 11:10:05.019,2026-05-28 11:24:51.168,22.6616289,114.5007504,50.0,10.2,-0.05,54.9,25.0,27.2,52.1,53.67,10.0,2.0,2.5,NR5G-SA,n79,-72,-72,-10,19,-999,7.4
2026-05-28 11:10:05.219,2026-05-28 11:24:51.568,22.6616289,114.5007504,50.0,10.2,-0.05,54.9,42.5,29.4,52.1,53.67,10.0,2.0,2.5,NR5G-SA,n79,-72,-72,-10,19,-999,12.8
2026-05-28 11:10:05.420,2026-05-28 11:24:51.768,22.6616420,114.5007704,50.0,10.1,-0.02,55.0,42.5,29.4,54.6,56.19,10.0,2.0,2.5,NR5G-SA,n79,-72,-72,-10,19,-999,9.8
2026-05-28 11:10:05.620,2026-05-28 11:24:51.968,22.6616550,114.5007906,50.0,10.1,-0.04,55.1,42.5,29.4,57.2,58.72,10.0,2.0,2.5,NR5G-SA,n79,-72,-72,-10,19,-999,6.8
2026-05-28 11:10:05.820,2026-05-28 11:24:52.168,22.6616679,114.5008108,50.0,10.1,0.03,55.3,42.5,29.4,59.7,61.24,10.0,2.0,2.5,NR5G-SA,n79,-72,-72,-10,19,-999,8.6
2026-05-28 11:10:06.021,2026-05-28 11:24:52.168,22.6616809,114.5008309,50.0,10.0,0.05,55.2,42.5,29.4,62.2,63.76,10.0,2.0,2.5,NR5G-SA,n79,-72,-72,-10,19,-999,8.2
2026-05-28 11:10:06.221,2026-05-28 11:24:52.568,22.6616809,114.5008309,50.0,10.0,0.05,55.2,18.6,30.6,62.2,63.76,10.0,2.0,2.5,NR5G-SA,n79,-72,-72,-10,22,-999,7.5
2026-05-28 11:10:06.421,2026-05-28 11:24:52.768,22.6616938,114.5008508,50.0,10.0,0.04,55.1,18.6,30.6,64.7,66.26,10.0,2.0,2.5,NR5G-SA,n79,-72,-72,-10,22,-999,11.9
2026-05-28 11:10:06.622,2026-05-28 11:24:52.968,22.6617068,114.5008707,50.0,10.0,-0.02,55.0,18.6,30.6,67.2,68.77,10.0,2.0,2.5,NR5G-SA,n79,-72,-72,-10,22,-999,6.4
2026-05-28 11:10:06.822,2026-05-28 11:24:53.167,22.6617196,114.5008906,50.0,10.0,-0.02,54.9,18.6,30.6,69.7,71.26,10.0,2.0,2.5,NR5G-SA,n79,-72,-72,-10,22,-999,6.4
2026-05-28 11:10:07.022,2026-05-28 11:24:53.167,22.6617325,114.5009106,50.0,10.0,-0.03,54.9,18.6,30.6,72.2,73.77,10.0,2.0,2.5,NR5G-SA,n79,-72,-72,-10,22,-999,12.1
2026-05-28 11:10:07.223,2026-05-28 11:24:53.567,22.6617325,114.5009106,50.0,10.0,-0.03,54.9,0.0,30.0,72.2,73.77,10.0,2.0,2.5,NR5G-SA,n79,-72,-72,-10,25,-999,12.6
2026-05-28 11:10:07.423,2026-05-28 11:24:53.767,22.6617454,114.5009306,50.0,10.0,-0.04,54.8,0.0,30.0,74.7,76.27,10.0,2.0,2.5,NR5G-SA,n79,-72,-72,-10,25,-999,9.2
2026-05-28 11:10:07.623,2026-05-28 11:24:53.967,22.6617582,114.5009507,50.0,10.0,0.03,54.9,0.0,30.0,77.2,78.78,10.0,2.0,2.5,NR5G-SA,n79,-72,-72,-10,25,-999,5.9
2026-05-28 11:10:07.824,2026-05-28 11:24:54.167,22.6617712,114.5009708,50.0,10.0,0.00,54.8,0.0,30.0,79.7,81.30,10.0,2.0,2.5,NR5G-SA,n79,-72,-72,-10,26,-999,5.7
2026-05-28 11:10:08.024,2026-05-28 11:24:54.567,22.6617840,114.5009909,50.0,10.0,0.03,54.7,0.0,30.0,82.3,83.81,10.0,2.0,2.5,NR5G-SA,n79,-72,-72,-10,26,-999,5.4
2026-05-28 11:10:08.225,2026-05-28 11:24:54.567,22.6617840,114.5009909,50.0,10.0,0.03,54.7,6.2,28.0,82.3,83.81,10.0,2.0,2.5,NR5G-SA,n79,-72,-72,-10,26,-999,13.0
2026-05-28 11:10:08.425,2026-05-28 11:24:54.767,22.6617969,114.5010110,50.0,10.0,-0.03,54.7,6.2,28.0,84.8,86.33,10.0,2.0,2.5,NR5G-SA,n79,-72,-72,-10,25,-999,6.9
2026-05-28 11:10:08.626,2026-05-28 11:24:54.967,22.6618098,114.5010310,50.0,9.9,-0.04,54.8,6.2,28.0,87.3,88.83,10.0,2.0,2.5,NR5G-SA,n79,-72,-72,-10,25,-999,7.0
2026-05-28 11:10:08.826,2026-05-28 11:24:55.167,22.6618227,114.5010509,50.0,10.0,-0.05,54.9,6.2,28.0,89.8,91.33,10.0,2.0,2.5,NR5G-SA,n79,-72,-72,-10,24,-999,5.9
2026-05-28 11:10:09.026,2026-05-28 11:24:55.167,22.6618357,114.5010709,50.0,9.9,-0.04,54.9,6.2,28.0,92.3,93.84,10.0,2.0,2.5,NR5G-SA,n79,-72,-72,-10,24,-999,8.4
2026-05-28 11:10:09.227,2026-05-28 11:24:55.567,22.6618357,114.5010709,50.0,9.9,-0.04,54.9,0.0,26.0,92.3,93.84,10.0,2.0,2.5,NR5G-SA,n79,-72,-72,-10,24,-999,14.1
2026-05-28 11:10:09.427,2026-05-28 11:24:55.767,22.6618487,114.5010909,50.0,10.0,-0.06,55.0,0.0,26.0,94.8,96.36,10.0,2.0,2.5,NR5G-SA,n79,-72,-72,-10,24,-999,10.0
2026-05-28 11:10:09.627,2026-05-28 11:24:55.967,22.6618617,114.5011110,50.0,10.0,-0.04,55.1,0.0,26.0,97.3,98.88,10.0,2.0,2.5,NR5G-SA,n79,-72,-72,-10,24,-999,7.2
2026-05-28 11:10:09.828,2026-05-28 11:24:56.167,22.6618746,114.5011309,50.0,9.9,-0.00,55.1,0.0,26.0,99.8,101.38,10.0,2.0,2.5,NR5G-SA,n79,-72,-72,-10,24,-999,5.7
2026-05-28 11:10:10.028,2026-05-28 11:24:56.567,22.6618874,114.5011510,50.0,9.9,-0.02,55.1,0.0,26.0,102.3,103.88,10.0,2.0,2.5,NR5G-SA,n79,-72,-72,-10,24,-999,4.0
2026-05-28 11:10:10.228,2026-05-28 11:24:56.567,22.6618874,114.5011510,50.0,9.9,-0.02,55.1,5.3,23.0,102.3,103.88,10.0,2.0,2.5,NR5G-SA,n79,-72,-72,-10,24,-999,13.6
2026-05-28 11:10:10.429,2026-05-28 11:24:56.767,22.6619002,114.5011710,50.0,9.9,-0.04,55.0,5.3,23.0,104.8,106.39,10.0,2.0,2.5,NR5G-SA,n79,-72,-72,-10,24,-999,10.1
2026-05-28 11:10:10.629,2026-05-28 11:24:56.967,22.6619131,114.5011908,50.0,9.9,-0.03,55.1,5.3,23.0,107.3,108.87,10.0,2.0,2.5,NR5G-SA,n79,-72,-72,-10,24,-999,7.2
2026-05-28 11:10:10.829,2026-05-28 11:24:57.167,22.6619260,114.5012108,50.0,9.9,-0.06,55.1,5.3,23.0,109.8,111.38,10.0,2.0,2.5,NR5G-SA,n79,-72,-72,-10,24,-999,5.4
2026-05-28 11:10:11.029,2026-05-28 11:24:57.167,22.6619389,114.5012306,50.0,9.9,-0.05,55.2,5.3,23.0,112.3,113.87,10.0,2.0,2.5,NR5G-SA,n79,-72,-72,-10,23,-999,7.2
2026-05-28 11:10:11.230,2026-05-28 11:24:57.567,22.6619389,114.5012306,50.0,9.9,-0.05,55.2,0.0,22.4,112.3,113.87,10.0,2.0,2.5,NR5G-SA,n79,-72,-72,-10,23,-999,15.0
2026-05-28 11:10:11.430,2026-05-28 11:24:57.767,22.6619517,114.5012504,50.0,9.9,-0.01,55.2,0.0,22.4,114.8,116.35,10.0,2.0,2.5,NR5G-SA,n79,-72,-72,-10,23,-999,10.4
2026-05-28 11:10:11.630,2026-05-28 11:24:57.967,22.6619646,114.5012701,50.0,9.9,0.00,55.1,0.0,22.4,117.3,118.84,10.0,2.0,2.5,NR5G-SA,n79,-72,-72,-10,21,-999,8.0
2026-05-28 11:10:11.831,2026-05-28 11:24:58.167,22.6619775,114.5012899,50.0,9.9,-0.04,55.0,0.0,22.4,119.8,121.33,10.0,2.0,2.5,NR5G-SA,n79,-72,-72,-10,21,-999,6.0
2026-05-28 11:10:12.031,2026-05-28 11:24:58.567,22.6619904,114.5013098,50.0,10.0,-0.01,55.1,0.0,22.4,122.3,123.82,10.0,2.0,2.5,NR5G-SA,n79,-72,-72,-10,21,-999,5.7
2026-05-28 11:10:12.231,2026-05-28 11:24:58.567,22.6619904,114.5013098,50.0,10.0,-0.01,55.1,15.9,22.0,122.3,123.82,10.0,2.0,2.5,NR5G-SA,n79,-95,-95,-10,26,-999,13.6
2026-05-28 11:10:12.432,2026-05-28 11:24:58.767,22.6620032,114.5013297,50.0,9.9,0.01,55.1,15.9,22.0,124.8,126.32,10.0,2.0,2.5,NR5G-SA,n79,-95,-95,-10,26,-999,9.6
2026-05-28 11:10:12.632,2026-05-28 11:24:58.967,22.6620160,114.5013497,50.0,9.9,-0.00,55.1,15.9,22.0,127.3,128.82,10.0,2.0,2.5,NR5G-SA,n79,-95,-95,-10,26,-999,6.9
2026-05-28 11:10:12.833,2026-05-28 11:24:59.167,22.6620288,114.5013697,50.0,10.0,-0.07,55.1,15.9,22.0,129.8,131.32,10.0,2.0,2.5,NR5G-SA,n79,-92,-92,-10,24,-999,6.9
2026-05-28 11:10:13.033,2026-05-28 11:24:59.567,22.6620415,114.5013897,50.0,10.0,-0.06,55.2,15.9,22.0,132.3,133.81,10.0,2.0,2.5,NR5G-SA,n79,-92,-92,-10,24,-999,5.6
2026-05-28 11:10:13.233,2026-05-28 11:24:59.567,22.6620543,114.5014097,50.0,10.0,-0.06,55.2,42.5,22.0,134.8,136.31,10.0,2.0,2.5,NR5G-SA,n79,-87,-87,-10,19,-999,12.8
2026-05-28 11:10:13.434,2026-05-28 11:24:59.767,22.6620543,114.5014097,50.0,10.0,-0.06,55.2,42.5,21.2,134.8,136.31,10.0,2.0,2.5,NR5G-SA,n79,-87,-87,-10,19,-999,10.4
2026-05-28 11:10:13.634,2026-05-28 11:24:59.967,22.6620671,114.5014297,50.0,9.9,-0.04,55.2,42.5,21.2,137.3,138.81,10.0,2.0,2.5,NR5G-SA,n79,-87,-87,-10,19,-999,7.1
2026-05-28 11:10:13.834,2026-05-28 11:25:00.167,22.6620800,114.5014496,50.0,10.0,-0.02,55.4,42.5,21.2,139.7,141.31,10.0,2.0,2.5,NR5G-SA,n79,-89,-89,-10,17,-999,6.5
2026-05-28 11:10:14.035,2026-05-28 11:25:00.567,22.6620929,114.5014694,50.0,10.0,-0.01,55.3,42.5,21.2,142.2,143.80,10.0,2.0,2.5,NR5G-SA,n79,-89,-89,-10,17,-999,7.1
2026-05-28 11:10:14.235,2026-05-28 11:25:00.567,22.6621058,114.5014891,50.0,9.9,0.01,55.1,25.0,21.2,144.7,146.28,10.0,2.0,2.5,NR5G-SA,n79,-89,-89,-10,17,-999,13.3
2026-05-28 11:10:14.436,2026-05-28 11:25:00.767,22.6621058,114.5014891,50.0,9.9,0.01,55.1,25.0,20.7,144.7,146.28,10.0,2.0,2.5,NR5G-SA,n79,-90,-90,-10,17,-999,10.6
2026-05-28 11:10:14.636,2026-05-28 11:25:00.967,22.6621187,114.5015089,50.0,9.9,0.03,55.0,25.0,20.7,147.2,148.77,10.0,2.0,2.5,NR5G-SA,n79,-90,-90,-10,17,-999,6.9
2026-05-28 11:10:14.836,2026-05-28 11:25:01.167,22.6621316,114.5015286,50.1,10.0,-0.02,54.8,25.0,20.7,149.7,151.25,10.0,2.0,2.5,NR5G-SA,n79,-90,-90,-10,17,-999,6.1
2026-05-28 11:10:15.037,2026-05-28 11:25:01.567,22.6621446,114.5015484,50.0,10.0,-0.03,54.7,25.0,20.7,152.2,153.75,10.0,2.0,2.5,NR5G-SA,n79,-88,-88,-10,17,-999,7.3
2026-05-28 11:10:15.237,2026-05-28 11:25:01.567,22.6621576,114.5015683,50.0,10.1,-0.04,54.8,37.1,20.7,154.7,156.25,10.0,2.0,2.5,NR5G-SA,n79,-88,-88,-10,17,-999,13.7
2026-05-28 11:10:15.437,2026-05-28 11:25:01.767,22.6621576,114.5015683,50.0,10.1,-0.04,54.8,37.1,21.6,154.7,156.25,10.0,2.0,2.5,NR5G-SA,n79,-88,-88,-10,17,-999,10.1
2026-05-28 11:10:15.638,2026-05-28 11:25:01.967,22.6621706,114.5015883,50.0,10.0,-0.04,54.8,37.1,21.6,157.2,158.77,10.0,2.0,2.5,NR5G-SA,n79,-91,-91,-10,16,-999,7.3
2026-05-28 11:10:15.838,2026-05-28 11:25:02.167,22.6621834,114.5016083,50.0,10.0,-0.06,54.8,37.1,21.6,159.7,161.27,10.0,2.0,2.5,NR5G-SA,n79,-91,-91,-10,16,-999,6.4
2026-05-28 11:10:16.038,2026-05-28 11:25:02.567,22.6621962,114.5016281,50.0,10.0,-0.04,54.7,37.1,21.6,162.2,163.75,10.0,2.0,2.5,NR5G-SA,n79,-91,-91,-10,17,-999,6.6
2026-05-28 11:10:16.239,2026-05-28 11:25:02.567,22.6622090,114.5016481,50.0,10.0,-0.08,54.8,32.3,21.6,164.7,166.25,10.0,2.0,2.5,NR5G-SA,n79,-91,-91,-10,17,-999,11.7
2026-05-28 11:10:16.439,2026-05-28 11:25:02.767,22.6622090,114.5016481,50.0,10.0,-0.08,54.8,32.3,21.1,164.7,166.25,10.0,2.0,2.5,NR5G-SA,n79,-91,-91,-10,17,-999,9.1
2026-05-28 11:10:16.639,2026-05-28 11:25:02.967,22.6622218,114.5016681,50.0,10.0,-0.06,55.0,32.3,21.1,167.2,168.75,10.0,2.0,2.5,NR5G-SA,n79,-91,-91,-10,17,-999,7.1
2026-05-28 11:10:16.840,2026-05-28 11:25:03.167,22.6622347,114.5016883,50.0,10.0,-0.08,55.1,32.3,21.1,169.7,171.27,10.0,2.0,2.5,NR5G-SA,n79,-91,-91,-10,17,-999,6.3
2026-05-28 11:10:17.040,2026-05-28 11:25:03.167,22.6622476,114.5017085,50.0,10.0,-0.02,55.1,32.3,21.1,172.2,173.80,10.0,2.0,2.5,NR5G-SA,n79,-91,-91,-10,17,-999,8.0
2026-05-28 11:10:17.241,2026-05-28 11:25:03.567,22.6622606,114.5017286,50.0,10.0,-0.01,54.9,31.0,21.1,174.8,176.32,10.0,2.0,2.5,NR5G-SA,n79,-88,-88,-10,18,-999,13.4
2026-05-28 11:10:17.441,2026-05-28 11:25:03.767,22.6622606,114.5017286,50.0,10.0,-0.01,54.9,31.0,22.4,174.8,176.32,10.0,2.0,2.5,NR5G-SA,n79,-88,-88,-10,18,-999,8.7
2026-05-28 11:10:17.641,2026-05-28 11:25:03.967,22.6622735,114.5017485,50.0,10.0,-0.01,55.0,31.0,22.4,177.3,178.82,10.0,2.0,2.5,NR5G-SA,n79,-88,-88,-10,18,-999,6.3
2026-05-28 11:10:17.842,2026-05-28 11:25:04.167,22.6622865,114.5017684,50.0,10.0,0.02,55.1,31.0,22.4,179.8,181.32,10.0,2.0,2.5,NR5G-SA,n79,-89,-89,-10,17,-999,5.3
2026-05-28 11:10:18.042,2026-05-28 11:25:04.567,22.6622995,114.5017882,50.0,10.0,0.10,54.9,31.0,22.4,182.3,183.82,10.0,2.0,2.5,NR5G-SA,n79,-89,-89,-10,17,-999,5.6
2026-05-28 11:10:18.242,2026-05-28 11:25:04.567,22.6623124,114.5018079,50.0,10.0,0.10,55.0,38.2,22.4,184.7,186.30,10.0,2.0,2.5,NR5G-SA,n79,-89,-89,-10,15,-999,13.3
2026-05-28 11:10:18.443,2026-05-28 11:25:04.767,22.6623124,114.5018079,50.0,9.9,0.01,55.0,38.2,24.2,184.7,186.30,10.0,2.0,2.5,NR5G-SA,n79,-89,-89,-10,15,-999,10.3
2026-05-28 11:10:18.643,2026-05-28 11:25:04.967,22.6623253,114.5018277,50.0,10.0,-0.08,55.0,38.2,24.2,187.2,188.79,10.0,2.0,2.5,NR5G-SA,n79,-89,-89,-10,15,-999,8.8
2026-05-28 11:10:18.844,2026-05-28 11:25:05.167,22.6623381,114.5018475,50.0,10.0,-0.06,55.0,38.2,24.2,189.7,191.27,10.0,2.0,2.5,NR5G-SA,n79,-89,-89,-10,16,-999,7.4
2026-05-28 11:10:19.044,2026-05-28 11:25:05.567,22.6623509,114.5018674,50.0,10.0,-0.06,55.1,38.2,24.2,192.2,193.76,10.0,2.0,2.5,NR5G-SA,n79,-89,-89,-10,16,-999,5.8
2026-05-28 11:10:19.244,2026-05-28 11:25:05.567,22.6623637,114.5018874,50.0,10.0,-0.06,55.2,23.9,24.2,194.7,196.26,10.0,2.0,2.5,NR5G-SA,n79,-89,-89,-10,16,-999,14.2
2026-05-28 11:10:19.444,2026-05-28 11:25:05.767,22.6623637,114.5018874,50.0,10.0,-0.05,55.2,23.9,26.2,194.7,196.26,10.0,2.0,2.5,NR5G-SA,n79,-88,-88,-10,20,-999,10.7
2026-05-28 11:10:19.645,2026-05-28 11:25:05.967,22.6623766,114.5019074,50.0,10.0,-0.05,55.3,23.9,26.2,197.2,198.77,10.0,2.0,2.5,NR5G-SA,n79,-88,-88,-10,20,-999,7.1
2026-05-28 11:10:19.845,2026-05-28 11:25:06.167,22.6623895,114.5019275,50.0,10.0,-0.08,55.3,23.9,26.2,199.7,201.29,10.0,2.0,2.5,NR5G-SA,n79,-88,-88,-10,20,-999,5.7
2026-05-28 11:10:20.045,2026-05-28 11:25:06.567,22.6624025,114.5019475,50.0,10.0,-0.02,55.4,23.9,26.2,202.2,203.80,10.0,2.0,2.5,NR5G-SA,n79,-89,-89,-10,13,-999,6.8
2026-05-28 11:10:20.246,2026-05-28 11:25:06.567,22.6624154,114.5019675,50.0,10.0,-0.03,55.3,42.5,26.2,204.7,206.30,10.0,2.0,2.5,NR5G-SA,n79,-89,-89,-10,13,-999,11.8
2026-05-28 11:10:20.446,2026-05-28 11:25:06.767,22.6624154,114.5019675,50.0,10.0,-0.03,55.3,42.5,26.2,204.7,206.30,10.0,2.0,2.5,NR5G-SA,n79,-86,-86,-10,19,-999,9.4
2026-05-28 11:10:20.647,2026-05-28 11:25:06.967,22.6624283,114.5019875,50.0,10.0,-0.05,55.3,42.5,27.1,207.3,208.81,10.0,2.0,2.5,NR5G-SA,n79,-86,-86,-10,19,-999,6.0
2026-05-28 11:10:20.847,2026-05-28 11:25:07.167,22.6624411,114.5020075,50.0,10.0,-0.02,55.3,42.5,27.1,209.8,211.31,10.0,2.0,2.5,NR5G-SA,n79,-86,-86,-10,19,-999,5.4
2026-05-28 11:10:21.047,2026-05-28 11:25:07.567,22.6624538,114.5020275,50.0,10.0,-0.07,55.2,42.5,27.1,212.2,213.81,10.0,2.0,2.5,NR5G-SA,n79,-87,-87,-10,19,-999,7.0
2026-05-28 11:10:21.248,2026-05-28 11:25:07.567,22.6624667,114.5020475,50.0,10.0,-0.04,55.1,14.8,27.1,214.8,216.31,10.0,2.0,2.5,NR5G-SA,n79,-87,-87,-10,19,-999,15.6
2026-05-28 11:10:21.448,2026-05-28 11:25:07.767,22.6624667,114.5020475,50.0,10.0,-0.04,55.1,14.8,27.1,214.8,216.31,10.0,2.0,2.5,NR5G-SA,n79,-87,-87,-10,19,-999,9.7
2026-05-28 11:10:21.649,2026-05-28 11:25:07.967,22.6624796,114.5020675,50.0,10.1,-0.02,55.0,14.8,27.6,217.3,218.82,10.0,2.0,2.5,NR5G-SA,n79,-89,-89,-11,19,-999,6.6
2026-05-28 11:10:21.849,2026-05-28 11:25:08.167,22.6624927,114.5020873,50.0,10.0,-0.01,55.0,14.8,27.6,219.8,221.32,10.0,2.0,2.5,NR5G-SA,n79,-89,-89,-11,19,-999,7.2
2026-05-28 11:10:22.050,2026-05-28 11:25:08.167,22.6625057,114.5021071,50.0,10.0,0.03,55.1,14.8,27.6,222.3,223.82,10.0,2.0,2.5,NR5G-SA,n79,-89,-89,-11,19,-999,8.4
2026-05-28 11:10:22.250,2026-05-28 11:25:08.567,22.6625186,114.5021269,50.0,10.0,0.05,55.2,0.0,27.6,224.7,226.31,10.0,2.0,2.5,NR5G-SA,n79,-86,-86,-11,19,-999,8.6
2026-05-28 11:10:22.451,2026-05-28 11:25:08.767,22.6625186,114.5021269,50.0,10.0,0.05,55.2,0.0,27.6,224.7,226.31,10.0,2.0,2.5,NR5G-SA,n79,-86,-86,-11,19,-999,10.6
2026-05-28 11:10:22.651,2026-05-28 11:25:08.967,22.6625314,114.5021467,50.0,10.0,-0.02,55.1,0.0,27.7,227.2,228.79,10.0,2.0,2.5,NR5G-SA,n79,-88,-88,-10,19,-999,7.4
2026-05-28 11:10:22.851,2026-05-28 11:25:09.167,22.6625441,114.5021665,50.0,10.0,-0.05,55.2,0.0,27.7,229.7,231.27,10.0,2.0,2.5,NR5G-SA,n79,-88,-88,-10,19,-999,4.6
2026-05-28 11:10:23.052,2026-05-28 11:25:09.567,22.6625569,114.5021865,50.0,10.0,-0.05,55.4,0.0,27.7,232.2,233.77,10.0,2.0,2.5,NR5G-SA,n79,-88,-88,-10,19,-999,4.6
2026-05-28 11:10:23.252,2026-05-28 11:25:09.567,22.6625698,114.5022064,50.0,10.0,0.00,55.4,0.0,27.7,234.7,236.27,10.0,2.0,2.5,NR5G-SA,n79,-83,-83,-10,20,-999,9.1
2026-05-28 11:10:23.452,2026-05-28 11:25:09.767,22.6625698,114.5022064,50.0,10.0,0.00,55.4,3.1,27.7,234.7,236.27,10.0,2.0,2.5,NR5G-SA,n79,-83,-83,-10,20,-999,10.0
2026-05-28 11:10:23.653,2026-05-28 11:25:09.967,22.6625826,114.5022264,50.0,10.0,0.00,55.3,3.1,26.8,237.2,238.77,10.0,2.0,2.5,NR5G-SA,n79,-83,-83,-10,20,-999,7.6
2026-05-28 11:10:23.853,2026-05-28 11:25:10.167,22.6625955,114.5022463,50.0,10.0,-0.03,55.1,3.1,26.8,239.7,241.26,10.0,2.0,2.5,NR5G-SA,n79,-84,-84,-10,21,-999,5.9
2026-05-28 11:10:24.054,2026-05-28 11:25:10.567,22.6626085,114.5022662,50.0,10.0,-0.03,55.1,3.1,26.8,242.2,243.77,10.0,2.0,2.5,NR5G-SA,n79,-84,-84,-10,21,-999,5.6
2026-05-28 11:10:24.254,2026-05-28 11:25:10.567,22.6626215,114.5022862,50.0,10.0,-0.03,55.0,3.1,26.8,244.7,246.28,10.0,2.0,2.5,NR5G-SA,n79,-84,-84,-10,21,-999,9.7
2026-05-28 11:10:24.454,2026-05-28 11:25:10.767,22.6626215,114.5022862,50.0,10.0,-0.03,55.0,0.0,26.8,244.7,246.28,10.0,2.0,2.5,NR5G-SA,n79,-88,-88,-10,22,-999,10.6
2026-05-28 11:10:24.654,2026-05-28 11:25:10.967,22.6626344,114.5023062,50.0,10.0,0.01,54.9,0.0,27.4,247.2,248.79,10.0,2.0,2.5,NR5G-SA,n79,-88,-88,-10,22,-999,6.6
2026-05-28 11:10:24.855,2026-05-28 11:25:11.167,22.6626474,114.5023262,50.0,10.0,-0.02,54.9,0.0,27.4,249.7,251.30,10.0,2.0,2.5,NR5G-SA,n79,-88,-88,-10,23,-999,6.3
2026-05-28 11:10:25.055,2026-05-28 11:25:11.567,22.6626604,114.5023461,50.0,9.9,0.01,55.0,0.0,27.4,252.2,253.81,10.0,2.0,2.5,NR5G-SA,n79,-88,-88,-10,23,-999,5.4
2026-05-28 11:10:25.255,2026-05-28 11:25:11.567,22.6626734,114.5023658,50.0,10.0,0.01,55.1,0.0,27.4,254.7,256.29,10.0,2.0,2.5,NR5G-SA,n79,-88,-88,-10,23,-999,10.0
2026-05-28 11:10:25.456,2026-05-28 11:25:11.767,22.6626734,114.5023658,50.0,10.0,0.01,55.1,8.8,27.4,254.7,256.29,10.0,2.0,2.5,NR5G-SA,n79,-89,-89,-10,23,-999,6.5
2026-05-28 11:10:25.656,2026-05-28 11:25:11.967,22.6626864,114.5023856,50.0,9.9,-0.01,55.0,8.8,26.5,257.2,258.79,10.0,2.0,2.5,NR5G-SA,n79,-89,-89,-10,23,-999,5.6
2026-05-28 11:10:25.856,2026-05-28 11:25:12.167,22.6626994,114.5024055,50.0,10.0,-0.02,55.0,8.8,26.5,259.7,261.30,10.0,2.0,2.5,NR5G-SA,n79,-89,-89,-10,23,-999,5.9
2026-05-28 11:10:26.057,2026-05-28 11:25:12.567,22.6627123,114.5024253,50.0,10.0,-0.04,54.9,8.8,26.5,262.2,263.79,10.0,2.0,2.5,NR5G-SA,n79,-86,-86,-10,24,-999,5.8
2026-05-28 11:10:26.257,2026-05-28 11:25:12.567,22.6627252,114.5024453,50.0,10.0,-0.03,54.9,8.8,26.5,264.7,266.29,10.0,2.0,2.5,NR5G-SA,n79,-86,-86,-10,24,-999,11.4
2026-05-28 11:10:26.457,2026-05-28 11:25:12.767,22.6627252,114.5024453,50.0,10.0,-0.03,54.9,0.0,26.5,264.7,266.29,10.0,2.0,2.5,NR5G-SA,n79,-86,-86,-10,24,-999,10.8
2026-05-28 11:10:26.658,2026-05-28 11:25:12.967,22.6627380,114.5024653,50.0,10.0,-0.04,54.9,0.0,27.5,267.2,268.79,10.0,2.0,2.5,NR5G-SA,n79,-87,-87,-10,19,-999,7.5
2026-05-28 11:10:26.858,2026-05-28 11:25:13.167,22.6627508,114.5024855,50.0,10.0,0.03,54.9,0.0,27.5,269.7,271.31,10.0,2.0,2.5,NR5G-SA,n79,-87,-87,-10,19,-999,5.6
2026-05-28 11:10:27.058,2026-05-28 11:25:13.567,22.6627636,114.5025056,50.0,10.0,0.02,54.7,0.0,27.5,272.3,273.82,10.0,2.0,2.5,NR5G-SA,n79,-86,-86,-10,19,-999,5.7
2026-05-28 11:10:27.259,2026-05-28 11:25:13.567,22.6627764,114.5025257,50.0,10.0,-0.02,54.3,0.0,27.5,274.8,276.33,10.0,2.0,2.5,NR5G-SA,n79,-86,-86,-10,19,-999,11.6
2026-05-28 11:10:27.459,2026-05-28 11:25:13.767,22.6627764,114.5025257,50.0,10.0,-0.02,54.3,19.2,27.5,274.8,276.33,10.0,2.0,2.5,NR5G-SA,n79,-86,-86,-10,19,-999,10.1
2026-05-28 11:10:27.659,2026-05-28 11:25:13.967,22.6627892,114.5025457,50.0,10.0,-0.05,54.1,19.2,27.5,277.3,278.83,10.0,2.0,2.5,NR5G-SA,n79,-86,-86,-10,19,-999,7.9
2026-05-28 11:10:27.859,2026-05-28 11:25:14.167,22.6628020,114.5025657,50.0,10.0,-0.11,54.3,19.2,28.8,279.8,281.33,10.0,2.0,2.5,NR5G-SA,n79,-86,-86,-10,19,-999,6.6
2026-05-28 11:10:28.060,2026-05-28 11:25:14.567,22.6628150,114.5025857,50.0,10.1,-0.08,54.6,19.2,28.8,282.3,283.84,10.0,2.0,2.5,NR5G-SA,n79,-86,-86,-10,19,-999,5.7
2026-05-28 11:10:28.260,2026-05-28 11:25:14.567,22.6628281,114.5026056,50.0,10.0,-0.07,54.8,19.2,28.8,284.8,286.35,10.0,2.0,2.5,NR5G-SA,n79,-87,-87,-10,20,-999,10.9
2026-05-28 11:10:28.460,2026-05-28 11:25:14.767,22.6628281,114.5026056,50.0,10.0,-0.07,54.8,41.0,28.8,284.8,286.35,10.0,2.0,2.5,NR5G-SA,n79,-87,-87,-10,20,-999,9.2
2026-05-28 11:10:28.660,2026-05-28 11:25:14.967,22.6628411,114.5026255,50.0,10.0,0.00,55.0,41.0,28.8,287.3,288.86,10.0,2.0,2.5,NR5G-SA,n79,-87,-87,-10,20,-999,5.2
2026-05-28 11:10:28.861,2026-05-28 11:25:15.167,22.6628541,114.5026455,50.0,10.0,-0.03,55.2,41.0,30.4,289.8,291.37,10.0,2.0,2.5,NR5G-SA,n79,-88,-88,-10,19,-999,6.1
2026-05-28 11:10:29.061,2026-05-28 11:25:15.567,22.6628669,114.5026653,50.0,10.0,-0.00,55.2,41.0,30.4,292.3,293.85,10.0,2.0,2.5,NR5G-SA,n79,-88,-88,-10,19,-999,6.2
2026-05-28 11:10:29.262,2026-05-28 11:25:15.567,22.6628798,114.5026852,50.0,9.9,0.01,55.3,41.0,30.4,294.8,296.35,10.0,2.0,2.5,NR5G-SA,n79,-88,-88,-10,20,-999,11.3
2026-05-28 11:10:29.462,2026-05-28 11:25:15.767,22.6628798,114.5026852,50.0,9.9,0.01,55.3,26.7,30.4,294.8,296.35,10.0,2.0,2.5,NR5G-SA,n79,-88,-88,-10,20,-999,10.6
2026-05-28 11:10:29.662,2026-05-28 11:25:15.967,22.6628926,114.5027050,50.0,9.9,0.05,55.1,26.7,30.4,297.3,298.83,10.0,2.0,2.5,NR5G-SA,n79,-88,-88,-10,20,-999,6.2
2026-05-28 11:10:29.863,2026-05-28 11:25:16.167,22.6629055,114.5027247,50.0,9.9,0.02,55.2,26.7,30.6,299.8,301.32,10.0,2.0,2.5,NR5G-SA,n79,-88,-88,-10,19,-999,6.1
2026-05-28 11:10:30.063,2026-05-28 11:25:16.567,22.6629185,114.5027444,50.0,9.9,0.00,55.1,26.7,30.6,302.2,303.80,10.0,2.0,2.5,NR5G-SA,n79,-88,-88,-10,19,-999,5.9
2026-05-28 11:10:30.263,2026-05-28 11:25:16.567,22.6629314,114.5027642,50.0,10.0,-0.03,55.0,26.7,30.6,304.7,306.29,10.0,2.0,2.5,NR5G-SA,n79,-88,-88,-10,19,-999,10.4
2026-05-28 11:10:30.464,2026-05-28 11:25:16.767,22.6629314,114.5027642,50.0,10.0,-0.03,55.0,35.5,30.6,304.7,306.29,10.0,2.0,2.5,NR5G-SA,n79,-87,-87,-10,20,-999,12.5
2026-05-28 11:10:30.664,2026-05-28 11:25:16.967,22.6629443,114.5027840,50.0,10.0,-0.02,55.0,35.5,30.6,307.2,308.78,10.0,2.0,2.5,NR5G-SA,n79,-87,-87,-10,20,-999,6.9
2026-05-28 11:10:30.864,2026-05-28 11:25:17.167,22.6629573,114.5028039,50.0,10.0,0.01,54.9,35.5,30.7,309.7,311.29,10.0,2.0,2.5,NR5G-SA,n79,-87,-87,-10,20,-999,5.6
2026-05-28 11:10:31.064,2026-05-28 11:25:17.567,22.6629701,114.5028238,50.0,10.0,0.03,54.9,35.5,30.7,312.2,313.78,10.0,2.0,2.5,NR5G-SA,n79,-87,-87,-10,19,-999,5.9
2026-05-28 11:10:31.265,2026-05-28 11:25:17.567,22.6629830,114.5028438,50.0,10.0,0.03,54.9,35.5,30.7,314.7,316.29,10.0,2.0,2.5,NR5G-SA,n79,-87,-87,-10,19,-999,9.8
2026-05-28 11:10:31.465,2026-05-28 11:25:17.767,22.6629830,114.5028438,50.0,10.0,0.03,54.9,32.5,30.7,314.7,316.29,10.0,2.0,2.5,NR5G-SA,n79,-87,-87,-10,19,-999,12.7
2026-05-28 11:10:31.665,2026-05-28 11:25:17.967,22.6629960,114.5028638,50.0,10.0,-0.02,55.0,32.5,30.7,317.2,318.80,10.0,2.0,2.5,NR5G-SA,n79,-88,-88,-10,19,-999,9.3
2026-05-28 11:10:31.866,2026-05-28 11:25:18.167,22.6630088,114.5028837,50.0,10.0,-0.01,55.0,32.5,28.1,319.7,321.29,10.0,2.0,2.5,NR5G-SA,n79,-88,-88,-10,19,-999,7.6
2026-05-28 11:10:32.066,2026-05-28 11:25:18.567,22.6630218,114.5029036,50.0,10.0,-0.01,55.0,32.5,28.1,322.2,323.80,10.0,2.0,2.5,NR5G-SA,n79,-88,-88,-10,18,-999,6.6
2026-05-28 11:10:32.266,2026-05-28 11:25:18.567,22.6630347,114.5029235,50.0,10.0,-0.00,54.9,32.5,28.1,324.7,326.29,10.0,2.0,2.5,NR5G-SA,n79,-88,-88,-10,18,-999,9.9
2026-05-28 11:10:32.467,2026-05-28 11:25:18.767,22.6630347,114.5029235,50.0,10.0,-0.00,54.9,47.2,28.1,324.7,326.29,10.0,2.0,2.5,NR5G-SA,n79,-88,-88,-10,18,-999,9.3
2026-05-28 11:10:32.667,2026-05-28 11:25:18.967,22.6630476,114.5029434,50.0,10.0,0.00,54.9,47.2,28.1,327.2,328.79,10.0,2.0,2.5,NR5G-SA,n79,-89,-89,-10,18,-999,7.9
2026-05-28 11:10:32.867,2026-05-28 11:25:19.167,22.6630605,114.5029634,50.0,10.0,-0.01,54.9,47.2,24.7,329.7,331.30,10.0,2.0,2.5,NR5G-SA,n79,-89,-89,-10,18,-999,6.7
2026-05-28 11:10:33.068,2026-05-28 11:25:19.567,22.6630733,114.5029833,50.0,10.0,0.00,55.0,47.2,24.7,332.2,333.79,10.0,2.0,2.5,NR5G-SA,n79,-89,-89,-10,18,-999,5.4
2026-05-28 11:10:33.268,2026-05-28 11:25:19.567,22.6630862,114.5030032,50.0,10.0,-0.03,55.0,47.2,24.7,334.7,336.29,10.0,2.0,2.5,NR5G-SA,n79,-90,-90,-10,18,-999,9.9
2026-05-28 11:10:33.468,2026-05-28 11:25:19.767,22.6630862,114.5030032,50.0,10.0,-0.03,55.0,38.0,24.7,334.7,336.29,10.0,2.0,2.5,NR5G-SA,n79,-90,-90,-10,18,-999,11.0
2026-05-28 11:10:33.668,2026-05-28 11:25:19.967,22.6630991,114.5030232,50.0,10.0,-0.03,54.9,38.0,24.7,337.2,338.79,10.0,2.0,2.5,NR5G-SA,n79,-90,-90,-10,18,-999,6.4
2026-05-28 11:10:33.869,2026-05-28 11:25:20.167,22.6631119,114.5030431,50.0,10.0,-0.03,55.0,38.0,22.3,339.7,341.29,10.0,2.0,2.5,NR5G-SA,n79,-91,-91,-10,18,-999,5.5
2026-05-28 11:10:34.069,2026-05-28 11:25:20.567,22.6631248,114.5030629,50.0,10.0,-0.01,55.1,38.0,22.3,342.2,343.78,10.0,2.0,2.5,NR5G-SA,n79,-91,-91,-10,18,-999,5.3
2026-05-28 11:10:34.269,2026-05-28 11:25:20.567,22.6631377,114.5030828,50.0,9.9,-0.03,55.0,38.0,22.3,344.7,346.27,10.0,2.0,2.5,NR5G-SA,n79,-89,-89,-10,18,-999,9.4
2026-05-28 11:10:34.470,2026-05-28 11:25:20.767,22.6631377,114.5030828,50.0,9.9,-0.03,55.0,22.8,22.3,344.7,346.27,10.0,2.0,2.5,NR5G-SA,n79,-89,-89,-10,18,-999,12.2
2026-05-28 11:10:34.670,2026-05-28 11:25:20.967,22.6631506,114.5031027,50.0,10.0,-0.03,55.0,22.8,22.3,347.2,348.77,10.0,2.0,2.5,NR5G-SA,n79,-89,-89,-10,18,-999,7.8
2026-05-28 11:10:34.870,2026-05-28 11:25:21.167,22.6631634,114.5031228,50.0,10.0,-0.01,55.0,22.8,22.3,349.7,351.28,10.0,2.0,2.5,NR5G-SA,n79,-91,-91,-10,19,-999,6.4
2026-05-28 11:10:35.071,2026-05-28 11:25:21.567,22.6631763,114.5031428,50.0,10.0,-0.03,55.0,22.8,20.8,352.2,353.79,10.0,2.0,2.5,NR5G-SA,n79,-91,-91,-10,19,-999,5.0
2026-05-28 11:10:35.271,2026-05-28 11:25:21.567,22.6631892,114.5031628,50.0,10.0,-0.02,54.9,22.8,20.8,354.7,356.29,10.0,2.0,2.5,NR5G-SA,n79,-91,-91,-10,19,-999,10.9
2026-05-28 11:10:35.471,2026-05-28 11:25:21.767,22.6631892,114.5031628,50.0,10.0,-0.02,54.9,43.6,20.8,354.7,356.29,10.0,2.0,2.5,NR5G-SA,n79,-91,-91,-10,18,-999,12.9
2026-05-28 11:10:35.672,2026-05-28 11:25:21.967,22.6632022,114.5031826,50.0,10.0,-0.01,54.9,43.6,20.8,357.2,358.79,10.0,2.0,2.5,NR5G-SA,n79,-91,-91,-10,18,-999,6.0
2026-05-28 11:10:35.872,2026-05-28 11:25:22.167,22.6632151,114.5032024,50.0,10.0,0.02,54.8,43.6,20.8,359.7,361.28,10.0,2.0,2.5,NR5G-SA,n79,-91,-91,-10,18,-999,6.0
2026-05-28 11:10:36.072,2026-05-28 11:25:22.567,22.6632282,114.5032223,50.0,10.0,0.02,54.8,43.6,19.8,362.2,363.79,10.0,2.0,2.5,NR5G-SA,n79,-89,-89,-10,17,-999,5.7
2026-05-28 11:10:36.273,2026-05-28 11:25:22.767,22.6632412,114.5032421,50.0,10.0,0.07,54.8,43.6,19.8,364.7,366.29,10.0,2.0,2.5,NR5G-SA,n79,-89,-89,-10,17,-999,7.9
2026-05-28 11:10:36.473,2026-05-28 11:25:22.767,22.6632412,114.5032421,50.0,10.0,0.07,54.8,11.8,19.8,364.7,366.29,10.0,2.0,2.5,NR5G-SA,n79,-90,-90,-10,16,-999,19.4
2026-05-28 11:10:36.673,2026-05-28 11:25:22.967,22.6632542,114.5032620,50.0,10.0,-0.03,54.9,11.8,19.8,367.2,368.79,10.0,2.0,2.5,NR5G-SA,n79,-90,-90,-10,16,-999,7.9
2026-05-28 11:10:36.873,2026-05-28 11:25:23.167,22.6632671,114.5032820,50.0,10.0,-0.06,55.0,11.8,19.8,369.7,371.30,10.0,2.0,2.5,NR5G-SA,n79,-90,-90,-10,16,-999,6.5
2026-05-28 11:10:37.074,2026-05-28 11:25:23.567,22.6632800,114.5033022,50.0,10.0,-0.01,55.1,11.8,19.9,372.3,373.82,10.0,2.0,2.5,NR5G-SA,n79,-89,-89,-10,16,-999,6.0
2026-05-28 11:10:37.274,2026-05-28 11:25:23.567,22.6632929,114.5033222,50.0,10.0,0.02,55.1,11.8,19.9,374.8,376.33,10.0,2.0,2.5,NR5G-SA,n79,-89,-89,-10,16,-999,7.7
2026-05-28 11:10:37.474,2026-05-28 11:25:23.767,22.6632929,114.5033222,50.0,10.0,0.02,55.1,0.0,19.9,374.8,376.33,10.0,2.0,2.5,NR5G-SA,n79,-89,-89,-10,16,-999,17.7
2026-05-28 11:10:37.675,2026-05-28 11:25:23.967,22.6633058,114.5033422,50.0,10.0,-0.02,55.1,0.0,19.9,377.3,378.84,10.0,2.0,2.5,NR5G-SA,n79,-89,-89,-10,17,-999,8.7
2026-05-28 11:10:37.875,2026-05-28 11:25:24.167,22.6633186,114.5033621,50.0,10.0,0.00,55.1,0.0,19.9,379.8,381.33,10.0,2.0,2.5,NR5G-SA,n79,-89,-89,-10,17,-999,6.7
2026-05-28 11:10:38.076,2026-05-28 11:25:24.567,22.6633315,114.5033818,50.0,10.0,0.01,55.1,0.0,19.8,382.2,383.81,10.0,2.0,2.5,NR5G-SA,n79,-89,-89,-10,17,-999,6.0
2026-05-28 11:10:38.276,2026-05-28 11:25:24.567,22.6633445,114.5034016,50.0,10.0,0.04,55.0,0.0,19.8,384.7,386.31,10.0,2.0,2.5,NR5G-SA,n79,-91,-91,-10,16,-999,9.5
2026-05-28 11:10:38.476,2026-05-28 11:25:24.767,22.6633445,114.5034016,50.0,10.0,0.04,55.0,0.0,19.8,384.7,386.31,10.0,2.0,2.5,NR5G-SA,n79,-91,-91,-10,16,-999,17.0
2026-05-28 11:10:38.677,2026-05-28 11:25:24.967,22.6633574,114.5034215,50.0,9.9,-0.02,55.0,0.0,19.8,387.2,388.80,10.0,2.0,2.5,NR5G-SA,n79,-89,-89,-10,17,-999,8.4
2026-05-28 11:10:38.877,2026-05-28 11:25:25.167,22.6633702,114.5034414,50.0,10.0,-0.01,54.9,0.0,19.8,389.7,391.30,10.0,2.0,2.5,NR5G-SA,n79,-89,-89,-10,17,-999,6.1
2026-05-28 11:10:39.078,2026-05-28 11:25:25.567,22.6633830,114.5034614,50.0,10.0,-0.01,54.9,0.0,21.6,392.2,393.80,10.0,2.0,2.5,NR5G-SA,n79,-89,-89,-10,17,-999,5.4
2026-05-28 11:10:39.278,2026-05-28 11:25:25.567,22.6633958,114.5034815,50.0,10.0,-0.06,54.8,0.0,21.6,394.7,396.30,10.0,2.0,2.5,NR5G-SA,n79,-89,-89,-10,17,-999,9.4
2026-05-28 11:10:39.478,2026-05-28 11:25:25.767,22.6634086,114.5035016,50.0,10.0,-0.06,54.9,0.0,21.6,397.3,398.81,10.0,2.0,2.5,NR5G-SA,n79,-89,-89,-10,17,-999,11.9
2026-05-28 11:10:39.679,2026-05-28 11:25:25.967,22.6634086,114.5035016,50.0,10.0,-0.02,54.9,0.0,21.6,397.3,398.81,10.0,2.0,2.5,NR5G-SA,n79,-89,-89,-10,17,-999,9.1
2026-05-28 11:10:39.879,2026-05-28 11:25:26.167,22.6634214,114.5035218,50.0,10.1,0.02,54.9,0.0,21.6,399.8,401.33,10.0,2.0,2.5,NR5G-SA,n79,-93,-93,-10,17,-999,8.2
2026-05-28 11:10:40.079,2026-05-28 11:25:26.567,22.6634343,114.5035419,50.0,10.0,0.12,54.7,0.0,21.4,402.3,403.84,10.0,2.0,2.5,NR5G-SA,n79,-93,-93,-10,18,-999,5.0
2026-05-28 11:10:40.280,2026-05-28 11:25:26.767,22.6634472,114.5035616,50.0,9.9,0.15,54.6,0.0,21.4,404.8,406.33,10.0,2.0,2.5,NR5G-SA,n79,-93,-93,-10,18,-999,6.2
2026-05-28 11:10:40.480,2026-05-28 11:25:26.767,22.6634602,114.5035812,50.1,9.9,0.15,54.6,11.2,21.4,407.2,408.81,10.0,2.0,2.5,NR5G-SA,n79,-93,-93,-10,20,-999,16.4
2026-05-28 11:10:40.680,2026-05-28 11:25:26.967,22.6634602,114.5035812,50.1,9.8,0.03,54.6,11.2,21.4,407.2,408.81,10.0,2.0,2.5,NR5G-SA,n79,-93,-93,-10,20,-999,7.6
2026-05-28 11:10:40.881,2026-05-28 11:25:27.167,22.6634732,114.5036006,50.1,9.8,-0.02,54.6,11.2,21.4,409.7,411.27,10.0,2.0,2.5,NR5G-SA,n79,-93,-93,-10,20,-999,5.7
2026-05-28 11:10:41.081,2026-05-28 11:25:27.567,22.6634860,114.5036203,50.0,9.9,-0.09,54.6,11.2,23.4,412.2,413.74,10.0,2.0,2.5,NR5G-SA,n79,-93,-93,-10,19,-999,6.9
2026-05-28 11:10:41.281,2026-05-28 11:25:27.567,22.6634988,114.5036402,50.0,10.0,-0.07,54.8,11.2,23.4,414.7,416.24,10.0,2.0,2.5,NR5G-SA,n79,-93,-93,-10,19,-999,11.1
2026-05-28 11:10:41.482,2026-05-28 11:25:27.767,22.6635117,114.5036604,50.0,10.1,-0.10,54.9,0.0,23.4,417.2,418.76,10.0,2.0,2.5,NR5G-SA,n79,-96,-96,-10,17,-999,9.3
2026-05-28 11:10:41.682,2026-05-28 11:25:27.967,22.6635117,114.5036604,50.0,10.1,-0.10,54.9,0.0,23.4,417.2,418.76,10.0,2.0,2.5,NR5G-SA,n79,-96,-96,-10,17,-999,7.0
2026-05-28 11:10:41.883,2026-05-28 11:25:28.167,22.6635246,114.5036807,50.0,10.1,-0.03,55.1,0.0,23.4,419.7,421.29,10.0,2.0,2.5,NR5G-SA,n79,-96,-96,-10,17,-999,6.8
2026-05-28 11:10:42.083,2026-05-28 11:25:28.567,22.6635375,114.5037008,50.0,10.1,-0.05,55.3,0.0,24.6,422.2,423.81,10.0,2.0,2.5,NR5G-SA,n79,-94,-94,-10,18,-999,6.1
2026-05-28 11:10:42.283,2026-05-28 11:25:28.567,22.6635503,114.5037209,50.0,10.0,0.06,55.1,0.0,24.6,424.8,426.31,10.0,2.0,2.5,NR5G-SA,n79,-94,-94,-10,18,-999,10.6
2026-05-28 11:10:42.484,2026-05-28 11:25:28.767,22.6635632,114.5037409,50.0,10.0,0.06,55.1,20.8,24.6,427.3,428.82,10.0,2.0,2.5,NR5G-SA,n79,-94,-94,-10,18,-999,10.4
2026-05-28 11:10:42.684,2026-05-28 11:25:28.967,22.6635632,114.5037409,50.0,10.0,0.06,55.1,20.8,24.6,427.3,428.82,10.0,2.0,2.5,NR5G-SA,n79,-93,-93,-10,18,-999,6.6
2026-05-28 11:10:42.884,2026-05-28 11:25:29.167,22.6635762,114.5037608,50.0,10.0,-0.01,55.1,20.8,24.6,429.8,431.33,10.0,2.0,2.5,NR5G-SA,n79,-93,-93,-10,18,-999,7.0
2026-05-28 11:10:43.085,2026-05-28 11:25:29.567,22.6635892,114.5037808,50.0,10.0,0.04,55.2,20.8,24.6,432.3,433.84,10.0,2.0,2.5,NR5G-SA,n79,-94,-94,-11,18,-999,6.7
2026-05-28 11:10:43.285,2026-05-28 11:25:29.767,22.6636022,114.5038007,50.0,10.0,0.04,55.1,20.8,26.1,434.8,436.34,10.0,2.0,2.5,NR5G-SA,n79,-94,-94,-11,18,-999,8.3
2026-05-28 11:10:43.486,2026-05-28 11:25:29.767,22.6636151,114.5038206,50.0,9.9,0.01,54.9,39.8,26.1,437.3,438.84,10.0,2.0,2.5,NR5G-SA,n79,-94,-94,-11,18,-999,10.0
2026-05-28 11:10:43.686,2026-05-28 11:25:29.967,22.6636151,114.5038206,50.0,9.9,0.01,54.9,39.8,26.1,437.3,438.84,10.0,2.0,2.5,NR5G-SA,n79,-96,-96,-10,17,-999,9.7
2026-05-28 11:10:43.886,2026-05-28 11:25:30.167,22.6636278,114.5038404,50.0,9.9,-0.03,54.8,39.8,26.1,439.8,441.32,10.0,2.0,2.5,NR5G-SA,n79,-96,-96,-10,17,-999,6.1
2026-05-28 11:10:44.087,2026-05-28 11:25:30.567,22.6636405,114.5038601,50.0,9.9,0.02,54.6,39.8,26.1,442.2,443.79,10.0,2.0,2.5,NR5G-SA,n79,-96,-96,-10,17,-999,5.6
2026-05-28 11:10:44.287,2026-05-28 11:25:30.767,22.6636533,114.5038799,50.0,9.9,-0.00,54.5,39.8,25.7,444.7,446.27,10.0,2.0,2.5,NR5G-SA,n79,-96,-96,-10,17,-999,8.2
2026-05-28 11:10:44.487,2026-05-28 11:25:30.767,22.6636662,114.5038995,50.0,9.9,0.01,54.4,28.8,25.7,447.2,448.74,10.0,2.0,2.5,NR5G-SA,n79,-96,-96,-10,17,-999,12.0
2026-05-28 11:10:44.688,2026-05-28 11:25:30.967,22.6636662,114.5038995,50.0,9.9,0.01,54.4,28.8,25.7,447.2,448.74,10.0,2.0,2.5,NR5G-SA,n79,-96,-96,-10,17,-999,7.1
2026-05-28 11:10:44.888,2026-05-28 11:25:31.167,22.6636792,114.5039192,50.0,10.0,-0.10,54.4,28.8,25.7,449.7,451.23,10.0,2.0,2.5,NR5G-SA,n79,-93,-93,-10,17,-999,6.6
2026-05-28 11:10:45.088,2026-05-28 11:25:31.567,22.6636921,114.5039392,50.0,10.1,-0.08,54.6,28.8,25.7,452.2,453.74,10.0,2.0,2.5,NR5G-SA,n79,-93,-93,-10,17,-999,5.5
2026-05-28 11:10:45.289,2026-05-28 11:25:31.767,22.6637052,114.5039594,50.0,10.1,0.06,54.9,28.8,27.1,454.7,456.27,10.0,2.0,2.5,NR5G-SA,n79,-93,-93,-10,17,-999,7.1
2026-05-28 11:10:45.489,2026-05-28 11:25:31.767,22.6637184,114.5039795,50.0,10.0,0.04,54.8,34.2,27.1,457.2,458.81,10.0,2.0,2.5,NR5G-SA,n79,-96,-96,-10,17,-999,10.5
2026-05-28 11:10:45.689,2026-05-28 11:25:31.967,22.6637184,114.5039795,50.0,10.0,0.04,54.8,34.2,27.1,457.2,458.81,10.0,2.0,2.5,NR5G-SA,n79,-96,-96,-10,17,-999,5.9
2026-05-28 11:10:45.890,2026-05-28 11:25:32.167,22.6637315,114.5039995,50.0,10.0,0.03,54.8,34.2,27.1,459.8,461.33,10.0,2.0,2.5,NR5G-SA,n79,-94,-94,-11,17,-999,6.5
2026-05-28 11:10:46.090,2026-05-28 11:25:32.567,22.6637444,114.5040193,50.0,10.0,-0.04,54.7,34.2,27.1,462.3,463.82,10.0,2.0,2.5,NR5G-SA,n79,-94,-94,-11,17,-999,4.6
2026-05-28 11:10:46.290,2026-05-28 11:25:32.767,22.6637574,114.5040393,50.0,10.0,-0.04,54.6,34.2,26.0,464.8,466.33,10.0,2.0,2.5,NR5G-SA,n79,-94,-94,-11,17,-999,5.4
2026-05-28 11:10:46.490,2026-05-28 11:25:32.767,22.6637701,114.5040589,50.0,10.0,-0.02,54.5,35.6,26.0,467.2,468.79,10.0,2.0,2.5,NR5G-SA,n79,-95,-95,-10,16,-999,12.7
2026-05-28 11:10:46.691,2026-05-28 11:25:32.967,22.6637701,114.5040589,50.0,10.0,-0.02,54.5,35.6,26.0,467.2,468.79,10.0,2.0,2.5,NR5G-SA,n79,-95,-95,-10,16,-999,6.8
2026-05-28 11:10:46.891,2026-05-28 11:25:33.167,22.6637828,114.5040788,50.0,10.0,0.01,54.8,35.6,26.0,469.7,471.28,10.0,2.0,2.5,NR5G-SA,n79,-95,-95,-10,16,-999,5.9
2026-05-28 11:10:47.091,2026-05-28 11:25:33.567,22.6637956,114.5040989,50.0,10.0,0.02,54.8,35.6,26.0,472.2,473.78,10.0,2.0,2.5,NR5G-SA,n79,-97,-97,-10,16,-999,5.8
2026-05-28 11:10:47.291,2026-05-28 11:25:33.767,22.6638084,114.5041189,50.0,10.0,-0.02,54.8,35.6,25.9,474.7,476.29,10.0,2.0,2.5,NR5G-SA,n79,-97,-97,-10,16,-999,7.4
2026-05-28 11:10:47.492,2026-05-28 11:25:33.767,22.6638212,114.5041389,50.0,10.0,-0.06,54.6,27.4,25.9,477.2,478.79,10.0,2.0,2.5,NR5G-SA,n79,-97,-97,-10,16,-999,12.5
2026-05-28 11:10:47.692,2026-05-28 11:25:33.967,22.6638212,114.5041389,50.0,10.0,-0.06,54.6,27.4,25.9,477.2,478.79,10.0,2.0,2.5,NR5G-SA,n79,-97,-97,-11,15,-999,9.7
2026-05-28 11:10:47.893,2026-05-28 11:25:34.167,22.6638339,114.5041589,50.0,10.0,-0.03,54.5,27.4,25.9,479.7,481.28,10.0,2.0,2.5,NR5G-SA,n79,-97,-97,-11,15,-999,6.9
2026-05-28 11:10:48.093,2026-05-28 11:25:34.567,22.6638468,114.5041786,50.0,10.0,0.03,54.6,27.4,25.9,482.2,483.76,10.0,2.0,2.5,NR5G-SA,n79,-95,-95,-10,15,-999,5.9
2026-05-28 11:10:48.293,2026-05-28 11:25:34.767,22.6638598,114.5041984,50.0,10.0,0.01,54.6,27.4,25.3,484.7,486.26,10.0,2.0,2.5,NR5G-SA,n79,-95,-95,-10,15,-999,7.6
2026-05-28 11:10:48.494,2026-05-28 11:25:34.767,22.6638727,114.5042182,50.0,9.9,-0.03,55.2,40.8,25.3,487.2,488.75,10.0,2.0,2.5,NR5G-SA,n79,-95,-95,-10,15,-999,11.1
2026-05-28 11:10:48.694,2026-05-28 11:25:34.967,22.6638727,114.5042182,50.0,9.9,-0.03,55.2,40.8,25.3,487.2,488.75,10.0,2.0,2.5,NR5G-SA,n79,-101,-101,-11,16,-999,7.3
2026-05-28 11:10:48.894,2026-05-28 11:25:35.167,22.6638854,114.5042380,50.0,9.9,0.01,55.1,40.8,25.3,489.7,491.22,10.0,2.0,2.5,NR5G-SA,n79,-101,-101,-11,16,-999,5.6
2026-05-28 11:10:49.095,2026-05-28 11:25:35.567,22.6638982,114.5042578,50.0,9.9,-0.03,54.9,40.8,25.3,492.1,493.71,10.0,2.0,2.5,NR5G-SA,n79,-101,-101,-11,16,-999,5.9
2026-05-28 11:10:49.295,2026-05-28 11:25:35.767,22.6639110,114.5042777,50.0,10.0,-0.03,54.8,40.8,26.2,494.6,496.20,10.0,2.0,2.5,NR5G-SA,n79,-96,-96,-10,14,-999,6.1
2026-05-28 11:10:49.495,2026-05-28 11:25:35.767,22.6639239,114.5042977,50.0,10.1,-0.07,54.8,19.0,26.2,497.1,498.71,10.0,2.0,2.5,NR5G-SA,n79,-96,-96,-10,14,-999,11.6
2026-05-28 11:10:49.696,2026-05-28 11:25:35.967,22.6639239,114.5042977,50.0,10.1,-0.07,54.8,19.0,26.2,497.1,498.71,10.0,2.0,2.5,NR5G-SA,n79,-96,-96,-10,14,-999,9.2
2026-05-28 11:10:49.896,2026-05-28 11:25:36.167,22.6639370,114.5043178,50.0,10.1,-0.02,54.9,19.0,26.2,499.7,501.23,10.0,2.0,2.5,NR5G-SA,n79,-98,-98,-11,14,-999,5.4
2026-05-28 11:10:50.096,2026-05-28 11:25:36.567,22.6639501,114.5043381,50.0,10.1,-0.03,55.1,19.0,26.2,502.2,503.78,10.0,2.0,2.5,NR5G-SA,n79,-98,-98,-11,14,-999,5.9
2026-05-28 11:10:50.296,2026-05-28 11:25:36.767,22.6639630,114.5043583,49.9,10.1,-0.06,55.3,19.0,26.2,504.7,506.30,10.0,2.0,2.5,NR5G-SA,n79,-95,-95,-11,14,-999,5.9
2026-05-28 11:10:50.497,2026-05-28 11:25:36.767,22.6639757,114.5043785,49.9,10.0,-0.03,55.3,0.0,25.0,507.2,508.81,10.0,2.0,2.5,NR5G-SA,n79,-95,-95,-11,14,-999,9.2
2026-05-28 11:10:50.697,2026-05-28 11:25:36.967,22.6639757,114.5043785,49.9,10.0,-0.03,55.3,0.0,25.0,507.2,508.81,10.0,2.0,2.5,NR5G-SA,n79,-95,-95,-11,14,-999,7.7
2026-05-28 11:10:50.897,2026-05-28 11:25:37.167,22.6639885,114.5043986,49.9,10.0,0.07,55.0,0.0,25.0,509.8,511.32,10.0,2.0,2.5,NR5G-SA,n79,-100,-100,-10,14,-999,7.3
2026-05-28 11:10:51.098,2026-05-28 11:25:37.567,22.6640014,114.5044184,50.0,10.0,0.06,54.9,0.0,25.0,512.2,513.81,10.0,2.0,2.5,NR5G-SA,n79,-100,-100,-10,14,-999,6.3
2026-05-28 11:10:51.298,2026-05-28 11:25:37.767,22.6640145,114.5044381,50.0,10.0,0.08,54.7,0.0,25.0,514.7,516.30,10.0,2.0,2.5,NR5G-SA,n79,-100,-100,-10,14,-999,5.7
2026-05-28 11:10:51.498,2026-05-28 11:25:37.767,22.6640275,114.5044579,50.0,9.9,0.16,54.6,9.6,25.1,517.2,518.80,10.0,2.0,2.5,NR5G-SA,n79,-96,-96,-11,13,-999,10.9
2026-05-28 11:10:51.699,2026-05-28 11:25:37.967,22.6640275,114.5044579,50.0,9.9,0.16,54.6,9.6,25.1,517.2,518.80,10.0,2.0,2.5,NR5G-SA,n79,-96,-96,-11,13,-999,8.3
2026-05-28 11:10:51.899,2026-05-28 11:25:38.167,22.6640404,114.5044776,50.1,9.9,0.15,54.7,9.6,25.1,519.7,521.28,10.0,2.0,2.5,NR5G-SA,n79,-96,-96,-11,13,-999,9.5
2026-05-28 11:10:52.099,2026-05-28 11:25:38.567,22.6640532,114.5044972,50.1,9.9,0.03,55.0,9.6,25.1,522.2,523.75,10.0,2.0,2.5,NR5G-SA,n79,-98,-98,-11,14,-999,6.2
2026-05-28 11:10:52.300,2026-05-28 11:25:38.767,22.6640659,114.5045169,50.1,9.9,-0.07,55.2,9.6,25.1,524.7,526.22,10.0,2.0,2.5,NR5G-SA,n79,-98,-98,-11,14,-999,8.3
2026-05-28 11:10:52.500,2026-05-28 11:25:38.767,22.6640786,114.5045367,50.0,9.9,-0.12,55.0,9.6,25.6,527.1,528.69,10.0,2.0,2.5,NR5G-SA,n79,-96,-96,-11,14,-999,11.2
2026-05-28 11:10:52.700,2026-05-28 11:25:38.967,22.6640786,114.5045367,50.0,9.9,-0.12,55.0,0.0,25.6,527.1,528.69,10.0,2.0,2.5,NR5G-SA,n79,-96,-96,-11,14,-999,8.0
2026-05-28 11:10:52.901,2026-05-28 11:25:39.167,22.6640914,114.5045567,50.0,9.9,-0.11,54.9,0.0,25.6,529.6,531.19,10.0,2.0,2.5,NR5G-SA,n79,-96,-96,-11,14,-999,10.0
2026-05-28 11:10:53.101,2026-05-28 11:25:39.567,22.6641041,114.5045766,50.0,9.9,-0.05,54.8,0.0,25.6,532.1,533.68,10.0,2.0,2.5,NR5G-SA,n79,-100,-100,-11,13,-999,4.9
2026-05-28 11:10:53.301,2026-05-28 11:25:39.767,22.6641168,114.5045965,50.0,9.9,-0.00,54.7,0.0,25.6,534.6,536.17,10.0,2.0,2.5,NR5G-SA,n79,-100,-100,-11,13,-999,8.1
2026-05-28 11:10:53.502,2026-05-28 11:25:39.767,22.6641296,114.5046164,50.0,9.9,0.01,54.6,2.3,25.1,537.1,538.66,10.0,2.0,2.5,NR5G-SA,n79,-100,-100,-11,13,-999,8.2
2026-05-28 11:10:53.702,2026-05-28 11:25:39.967,22.6641296,114.5046164,50.0,9.9,0.01,54.6,2.3,25.1,537.1,538.66,10.0,2.0,2.5,NR5G-SA,n79,-100,-100,-10,12,-999,9.0
2026-05-28 11:10:53.902,2026-05-28 11:25:40.167,22.6641424,114.5046363,50.0,10.0,0.04,54.4,2.3,25.1,539.6,541.15,10.0,2.0,2.5,NR5G-SA,n79,-100,-100,-10,12,-999,5.9
2026-05-28 11:10:54.103,2026-05-28 11:25:40.567,22.6641552,114.5046564,50.0,10.0,0.04,54.2,2.3,25.1,542.1,543.66,10.0,2.0,2.5,NR5G-SA,n79,-100,-100,-10,12,-999,8.0
2026-05-28 11:10:54.303,2026-05-28 11:25:40.767,22.6641681,114.5046767,50.0,10.0,0.06,54.1,2.3,25.1,544.6,546.19,10.0,2.0,2.5,NR5G-SA,n79,-99,-99,-11,11,-999,6.2
2026-05-28 11:10:54.504,2026-05-28 11:25:40.767,22.6641811,114.5046969,50.0,10.1,0.03,54.2,0.0,23.5,547.2,548.72,10.0,2.0,2.5,NR5G-SA,n79,-99,-99,-11,11,-999,9.1
2026-05-28 11:10:54.704,2026-05-28 11:25:40.967,22.6641811,114.5046969,50.0,10.1,0.03,54.2,0.0,23.5,547.2,548.72,10.0,2.0,2.5,NR5G-SA,n79,-98,-98,-11,11,-999,10.6
2026-05-28 11:10:54.904,2026-05-28 11:25:41.167,22.6641942,114.5047170,50.1,10.2,-0.00,54.5,0.0,23.5,549.7,551.25,10.0,2.0,2.5,NR5G-SA,n79,-98,-98,-11,11,-999,10.7
2026-05-28 11:10:55.105,2026-05-28 11:25:41.567,22.6642073,114.5047371,50.1,10.1,-0.01,54.5,0.0,23.5,552.2,553.78,10.0,2.0,2.5,NR5G-SA,n79,-98,-98,-11,11,-999,7.0
2026-05-28 11:10:55.305,2026-05-28 11:25:41.767,22.6642204,114.5047572,50.1,10.1,0.01,54.6,0.0,23.5,554.7,556.30,10.0,2.0,2.5,NR5G-SA,n79,-96,-96,-11,9,-999,5.2
2026-05-28 11:10:55.505,2026-05-28 11:25:41.767,22.6642333,114.5047772,50.1,10.0,-0.04,54.4,14.3,22.6,557.2,558.81,10.0,2.0,2.5,NR5G-SA,n79,-96,-96,-11,9,-999,11.6
2026-05-28 11:10:55.706,2026-05-28 11:25:41.967,22.6642333,114.5047772,50.1,10.0,-0.04,54.4,14.3,22.6,557.2,558.81,10.0,2.0,2.5,NR5G-SA,n79,-96,-96,-11,9,-999,12.0
2026-05-28 11:10:55.906,2026-05-28 11:25:42.167,22.6642462,114.5047971,50.1,10.0,-0.09,54.5,14.3,22.6,559.7,561.31,10.0,2.0,2.5,NR5G-SA,n79,-91,-91,-10,8,-999,9.9
2026-05-28 11:10:56.106,2026-05-28 11:25:42.567,22.6642591,114.5048169,50.0,9.9,-0.04,54.6,14.3,22.6,562.2,563.80,10.0,2.0,2.5,NR5G-SA,n79,-91,-91,-10,8,-999,7.4
2026-05-28 11:10:56.307,2026-05-28 11:25:42.767,22.6642718,114.5048368,50.0,10.0,-0.03,55.2,14.3,22.6,564.7,566.28,10.0,2.0,2.5,NR5G-SA,n79,-91,-91,-10,8,-999,5.9
2026-05-28 11:10:56.507,2026-05-28 11:25:42.767,22.6642846,114.5048568,50.0,10.0,-0.09,55.6,14.3,21.6,567.2,568.78,10.0,2.0,2.5,NR5G-SA,n79,-92,-92,-10,9,-999,9.8
2026-05-28 11:10:56.707,2026-05-28 11:25:42.967,22.6642846,114.5048568,50.0,10.0,-0.09,55.6,42.7,21.6,567.2,568.78,10.0,2.0,2.5,NR5G-SA,n79,-92,-92,-10,9,-999,10.7
2026-05-28 11:10:56.908,2026-05-28 11:25:43.167,22.6642973,114.5048770,50.0,10.1,-0.16,55.0,42.7,21.6,569.7,571.29,10.0,2.0,2.5,NR5G-SA,n79,-99,-99,-11,9,-999,13.7
2026-05-28 11:10:57.108,2026-05-28 11:25:43.567,22.6643103,114.5048972,50.0,10.1,-0.11,54.6,42.7,21.6,572.3,573.82,10.0,2.0,2.5,NR5G-SA,n79,-99,-99,-11,9,-999,7.2
2026-05-28 11:10:57.308,2026-05-28 11:25:43.767,22.6643233,114.5049172,50.0,10.0,-0.12,54.0,42.7,21.6,574.8,576.34,10.0,2.0,2.5,NR5G-SA,n79,-99,-99,-11,9,-999,8.5
2026-05-28 11:10:57.508,2026-05-28 11:25:43.767,22.6643365,114.5049371,49.9,10.0,0.05,54.0,39.0,20.5,577.3,578.85,10.0,2.0,2.5,NR5G-SA,n79,-95,-95,-10,8,-999,8.7
2026-05-28 11:10:57.709,2026-05-28 11:25:43.967,22.6643365,114.5049371,49.9,10.0,0.05,54.0,39.0,20.5,577.3,578.85,10.0,2.0,2.5,NR5G-SA,n79,-95,-95,-10,8,-999,15.1
2026-05-28 11:10:57.909,2026-05-28 11:25:44.167,22.6643497,114.5049566,50.0,9.9,0.09,54.0,39.0,20.5,579.8,581.34,10.0,2.0,2.5,NR5G-SA,n79,-95,-95,-10,8,-999,8.7
2026-05-28 11:10:58.109,2026-05-28 11:25:44.567,22.6643629,114.5049760,50.0,9.9,0.06,54.4,39.0,20.5,582.2,583.81,10.0,2.0,2.5,NR5G-SA,n79,-90,-90,-10,9,-999,7.5
2026-05-28 11:10:58.309,2026-05-28 11:25:44.767,22.6643759,114.5049952,50.0,9.9,0.02,54.7,39.0,20.5,584.7,586.26,10.0,2.0,2.5,NR5G-SA,n79,-90,-90,-10,9,-999,5.9
2026-05-28 11:10:58.510,2026-05-28 11:25:44.767,22.6643889,114.5050145,50.0,9.9,-0.04,54.6,37.5,20.1,587.1,588.72,10.0,2.0,2.5,NR5G-SA,n79,-90,-90,-10,9,-999,9.0
2026-05-28 11:10:58.710,2026-05-28 11:25:44.967,22.6643889,114.5050145,50.0,9.9,-0.04,54.6,37.5,20.1,587.1,588.72,10.0,2.0,2.5,NR5G-SA,n79,-90,-90,-10,9,-999,16.3
2026-05-28 11:10:58.910,2026-05-28 11:25:45.167,22.6644020,114.5050343,50.0,10.0,-0.05,54.6,37.5,20.1,589.6,591.22,10.0,2.0,2.5,NR5G-SA,n79,-90,-90,-10,9,-999,9.0
2026-05-28 11:10:59.111,2026-05-28 11:25:45.567,22.6644151,114.5050543,50.0,10.1,-0.06,54.7,37.5,20.1,592.2,593.74,10.0,2.0,2.5,NR5G-SA,n79,-90,-90,-10,9,-999,7.7
2026-05-28 11:10:59.311,2026-05-28 11:25:45.767,22.6644283,114.5050746,50.0,10.1,-0.04,54.7,37.5,20.1,594.7,596.29,10.0,2.0,2.5,NR5G-SA,n79,-94,-94,-11,9,-999,7.8
2026-05-28 11:10:59.511,2026-05-28 11:25:45.767,22.6644413,114.5050947,50.0,10.1,0.02,54.7,37.5,20.1,597.2,598.81,10.0,2.0,2.5,NR5G-SA,n79,-94,-94,-11,9,-999,7.3
2026-05-28 11:10:59.712,2026-05-28 11:25:45.967,22.6644413,114.5050947,50.0,10.1,0.02,54.7,30.1,19.8,597.2,598.81,10.0,2.0,2.5,NR5G-SA,n79,-95,-95,-11,10,-999,10.5
2026-05-28 11:10:59.912,2026-05-28 11:25:46.167,22.6644542,114.5051148,50.0,10.0,-0.02,54.7,30.1,19.8,599.8,601.33,10.0,2.0,2.5,NR5G-SA,n79,-95,-95,-11,10,-999,6.7
2026-05-28 11:11:00.112,2026-05-28 11:25:46.567,22.6644670,114.5051349,50.0,10.0,-0.02,54.6,30.1,19.8,602.3,603.83,10.0,2.0,2.5,NR5G-SA,n79,-95,-95,-11,10,-999,7.7
2026-05-28 11:11:00.313,2026-05-28 11:25:46.767,22.6644798,114.5051549,50.0,10.0,-0.02,54.8,30.1,19.8,604.8,606.33,10.0,2.0,2.5,NR5G-SA,n79,-96,-96,-11,9,-999,5.7
2026-05-28 11:11:00.513,2026-05-28 11:25:46.767,22.6644927,114.5051749,50.0,10.0,-0.01,54.9,30.1,19.8,607.3,608.84,10.0,2.0,2.5,NR5G-SA,n79,-96,-96,-11,9,-999,10.7
2026-05-28 11:11:00.714,2026-05-28 11:25:46.967,22.6644927,114.5051749,50.0,10.0,-0.01,54.9,32.8,20.0,607.3,608.84,10.0,2.0,2.5,NR5G-SA,n79,-96,-96,-11,9,-999,12.2
2026-05-28 11:11:00.914,2026-05-28 11:25:47.167,22.6645056,114.5051948,50.0,10.0,-0.04,55.0,32.8,20.0,609.8,611.34,10.0,2.0,2.5,NR5G-SA,n79,-94,-94,-11,9,-999,9.6
2026-05-28 11:11:01.114,2026-05-28 11:25:47.567,22.6645184,114.5052146,50.0,10.0,-0.01,54.9,32.8,20.0,612.3,613.82,10.0,2.0,2.5,NR5G-SA,n79,-94,-94,-11,9,-999,4.9
2026-05-28 11:11:01.315,2026-05-28 11:25:47.767,22.6645313,114.5052346,50.0,10.0,-0.06,54.9,32.8,20.0,614.8,616.33,10.0,2.0,2.5,NR5G-SA,n79,-94,-94,-11,9,-999,7.1
2026-05-28 11:11:01.515,2026-05-28 11:25:47.767,22.6645440,114.5052546,50.0,10.0,-0.11,55.1,32.8,20.0,617.3,618.82,10.0,2.0,2.5,NR5G-SA,n79,-91,-91,-10,9,-999,9.9
2026-05-28 11:11:01.715,2026-05-28 11:25:47.967,22.6645440,114.5052546,50.0,10.0,-0.11,55.1,36.5,21.0,617.3,618.82,10.0,2.0,2.5,NR5G-SA,n79,-91,-91,-10,9,-999,16.4
2026-05-28 11:11:01.915,2026-05-28 11:25:48.167,22.6645567,114.5052746,50.0,9.9,-0.04,55.2,36.5,21.0,619.7,621.32,10.0,2.0,2.5,NR5G-SA,n79,-99,-99,-11,10,-999,6.2
2026-05-28 11:11:02.116,2026-05-28 11:25:48.567,22.6645694,114.5052945,50.0,9.9,-0.05,55.2,36.5,21.0,622.2,623.80,10.0,2.0,2.5,NR5G-SA,n79,-99,-99,-11,10,-999,6.2
2026-05-28 11:11:02.316,2026-05-28 11:25:48.767,22.6645822,114.5053143,50.0,9.9,0.01,55.0,36.5,21.0,624.7,626.29,10.0,2.0,2.5,NR5G-SA,n79,-99,-99,-11,10,-999,6.7
2026-05-28 11:11:02.516,2026-05-28 11:25:48.767,22.6645950,114.5053341,50.0,9.9,0.02,55.2,36.5,21.0,627.2,628.77,10.0,2.0,2.5,NR5G-SA,n79,-96,-96,-11,10,-999,8.8
2026-05-28 11:11:02.717,2026-05-28 11:25:48.967,22.6645950,114.5053341,50.0,9.9,0.02,55.2,25.6,21.3,627.2,628.77,10.0,2.0,2.5,NR5G-SA,n79,-96,-96,-11,10,-999,11.4
2026-05-28 11:11:02.917,2026-05-28 11:25:49.167,22.6646079,114.5053540,50.0,10.0,-0.01,55.3,25.6,21.3,629.7,631.27,10.0,2.0,2.5,NR5G-SA,n79,-96,-96,-11,10,-999,11.6
2026-05-28 11:11:03.117,2026-05-28 11:25:49.567,22.6646207,114.5053740,50.0,10.0,0.02,55.1,25.6,21.3,632.2,633.77,10.0,2.0,2.5,NR5G-SA,n79,-92,-92,-11,10,-999,8.9
2026-05-28 11:11:03.318,2026-05-28 11:25:49.767,22.6646335,114.5053941,50.1,10.0,0.04,55.0,25.6,21.3,634.7,636.28,10.0,2.0,2.5,NR5G-SA,n79,-92,-92,-11,10,-999,6.6
2026-05-28 11:11:03.518,2026-05-28 11:25:49.767,22.6646464,114.5054139,50.1,10.0,-0.05,54.8,25.6,21.3,637.2,638.77,10.0,2.0,2.5,NR5G-SA,n79,-92,-92,-11,10,-999,9.5
2026-05-28 11:11:03.718,2026-05-28 11:25:49.967,22.6646464,114.5054139,50.1,10.0,-0.05,54.8,41.7,22.8,637.2,638.77,10.0,2.0,2.5,NR5G-SA,n79,-91,-91,-10,10,-999,11.2
2026-05-28 11:11:03.919,2026-05-28 11:25:50.167,22.6646593,114.5054337,50.1,10.0,-0.06,55.0,41.7,22.8,639.7,641.26,10.0,2.0,2.5,NR5G-SA,n79,-91,-91,-10,10,-999,8.8
2026-05-28 11:11:04.119,2026-05-28 11:25:50.567,22.6646723,114.5054536,50.0,10.0,-0.10,55.1,41.7,22.8,642.2,643.76,10.0,2.0,2.5,NR5G-SA,n79,-94,-94,-10,11,-999,5.8
2026-05-28 11:11:04.319,2026-05-28 11:25:50.767,22.6646853,114.5054734,50.0,10.0,-0.08,55.2,41.7,22.8,644.7,646.26,10.0,2.0,2.5,NR5G-SA,n79,-94,-94,-10,11,-999,6.2
2026-05-28 11:11:04.520,2026-05-28 11:25:50.767,22.6646983,114.5054933,50.0,10.0,0.02,55.1,41.7,22.8,647.2,648.76,10.0,2.0,2.5,NR5G-SA,n79,-94,-94,-10,11,-999,7.4
2026-05-28 11:11:04.720,2026-05-28 11:25:50.967,22.6646983,114.5054933,50.0,10.0,0.02,55.1,17.4,25.2,647.2,648.76,10.0,2.0,2.5,NR5G-SA,n79,-96,-96,-11,13,-999,16.0
2026-05-28 11:11:04.920,2026-05-28 11:25:51.167,22.6647113,114.5055132,50.0,10.0,0.00,54.9,17.4,25.2,649.7,651.27,10.0,2.0,2.5,NR5G-SA,n79,-96,-96,-11,13,-999,10.3
2026-05-28 11:11:05.121,2026-05-28 11:25:51.567,22.6647242,114.5055330,50.0,10.0,-0.02,54.7,17.4,25.2,652.2,653.76,10.0,2.0,2.5,NR5G-SA,n79,-96,-96,-11,13,-999,6.1
2026-05-28 11:11:05.321,2026-05-28 11:25:51.767,22.6647372,114.5055529,50.0,10.0,-0.04,54.9,17.4,25.2,654.7,656.26,10.0,2.0,2.5,NR5G-SA,n79,-91,-91,-11,15,-999,6.7
2026-05-28 11:11:05.521,2026-05-28 11:25:51.767,22.6647501,114.5055730,50.0,10.0,0.00,55.1,17.4,25.2,657.2,658.77,10.0,2.0,2.5,NR5G-SA,n79,-91,-91,-11,15,-999,9.5
2026-05-28 11:11:05.721,2026-05-28 11:25:51.967,22.6647501,114.5055730,50.0,10.0,0.00,55.1,0.0,26.3,657.2,658.77,10.0,2.0,2.5,NR5G-SA,n79,-91,-91,-11,15,-999,9.4
2026-05-28 11:11:05.921,2026-05-28 11:25:52.167,22.6647630,114.5055930,50.0,10.0,-0.01,55.1,0.0,26.3,659.7,661.28,10.0,2.0,2.5,NR5G-SA,n79,-90,-90,-11,14,-999,9.2
2026-05-28 11:11:06.122,2026-05-28 11:25:52.567,22.6647758,114.5056131,50.0,10.0,-0.10,55.0,0.0,26.3,662.2,663.79,10.0,2.0,2.5,NR5G-SA,n79,-90,-90,-11,14,-999,7.2
2026-05-28 11:11:06.322,2026-05-28 11:25:52.767,22.6647887,114.5056332,50.0,10.0,-0.02,55.2,0.0,26.3,664.7,666.30,10.0,2.0,2.5,NR5G-SA,n79,-87,-87,-10,13,-999,6.1
2026-05-28 11:11:06.523,2026-05-28 11:25:52.767,22.6648015,114.5056533,50.0,10.0,0.02,55.4,0.0,26.3,667.2,668.81,10.0,2.0,2.5,NR5G-SA,n79,-87,-87,-10,13,-999,9.1
2026-05-28 11:11:06.723,2026-05-28 11:25:52.967,22.6648015,114.5056533,50.0,10.0,0.02,55.4,6.7,26.3,667.2,668.81,10.0,2.0,2.5,NR5G-SA,n79,-87,-87,-10,13,-999,11.5
2026-05-28 11:11:06.923,2026-05-28 11:25:53.167,22.6648144,114.5056734,50.0,10.0,-0.00,55.4,6.7,26.5,669.8,671.33,10.0,2.0,2.5,NR5G-SA,n79,-97,-97,-10,11,-999,8.2
2026-05-28 11:11:07.123,2026-05-28 11:25:53.567,22.6648272,114.5056933,50.0,10.0,0.02,55.4,6.7,26.5,672.3,673.82,10.0,2.0,2.5,NR5G-SA,n79,-97,-97,-10,11,-999,6.7
2026-05-28 11:11:07.324,2026-05-28 11:25:53.767,22.6648401,114.5057133,50.0,10.0,0.03,55.4,6.7,26.5,674.8,676.33,10.0,2.0,2.5,NR5G-SA,n79,-97,-97,-10,11,-999,7.0
2026-05-28 11:11:07.524,2026-05-28 11:25:53.767,22.6648529,114.5057333,50.0,10.0,-0.02,55.4,6.7,26.5,677.3,678.83,10.0,2.0,2.5,NR5G-SA,n79,-90,-90,-10,11,-999,9.4
2026-05-28 11:11:07.724,2026-05-28 11:25:53.967,22.6648529,114.5057333,50.0,10.0,-0.02,55.4,0.0,26.5,677.3,678.83,10.0,2.0,2.5,NR5G-SA,n79,-90,-90,-10,11,-999,10.1
2026-05-28 11:11:07.925,2026-05-28 11:25:54.167,22.6648657,114.5057533,50.0,10.0,-0.02,55.4,0.0,26.6,679.8,681.33,10.0,2.0,2.5,NR5G-SA,n79,-90,-90,-10,11,-999,9.4
2026-05-28 11:11:08.125,2026-05-28 11:25:54.567,22.6648786,114.5057734,50.0,10.0,0.02,55.2,0.0,26.6,682.3,683.84,10.0,2.0,2.5,NR5G-SA,n79,-96,-96,-10,16,-999,7.1
2026-05-28 11:11:08.325,2026-05-28 11:25:54.767,22.6648916,114.5057932,50.0,9.9,0.04,55.3,0.0,26.6,684.8,686.34,10.0,2.0,2.5,NR5G-SA,n79,-96,-96,-10,16,-999,5.6
2026-05-28 11:11:08.526,2026-05-28 11:25:54.967,22.6649045,114.5058130,50.0,10.0,0.01,55.4,0.0,26.6,687.3,688.83,10.0,2.0,2.5,NR5G-SA,n79,-96,-96,-10,17,-999,6.5
2026-05-28 11:11:08.726,2026-05-28 11:25:54.967,22.6649045,114.5058130,50.0,10.0,0.01,55.4,4.8,26.6,687.3,688.83,10.0,2.0,2.5,NR5G-SA,n79,-96,-96,-10,17,-999,15.7
2026-05-28 11:11:08.927,2026-05-28 11:25:55.167,22.6649174,114.5058328,50.0,10.0,-0.05,55.5,4.8,29.4,689.7,691.32,10.0,2.0,2.5,NR5G-SA,n79,-96,-96,-10,17,-999,8.9
2026-05-28 11:11:09.127,2026-05-28 11:25:55.567,22.6649303,114.5058526,50.0,10.0,0.01,55.3,4.8,29.4,692.2,693.81,10.0,2.0,2.5,NR5G-SA,n79,-90,-90,-11,16,-999,6.8
2026-05-28 11:11:09.327,2026-05-28 11:25:55.767,22.6649432,114.5058725,50.0,10.0,0.02,55.3,4.8,29.4,694.7,696.31,10.0,2.0,2.5,NR5G-SA,n79,-90,-90,-11,16,-999,6.1
2026-05-28 11:11:09.528,2026-05-28 11:25:55.767,22.6649561,114.5058923,50.0,10.0,0.03,55.3,4.8,29.4,697.2,698.80,10.0,2.0,2.5,NR5G-SA,n79,-90,-90,-11,16,-999,9.2
2026-05-28 11:11:09.728,2026-05-28 11:25:55.967,22.6649561,114.5058923,50.0,10.0,0.03,55.3,0.0,29.4,697.2,698.80,10.0,2.0,2.5,NR5G-SA,n79,-92,-92,-11,16,-999,14.7
2026-05-28 11:11:09.928,2026-05-28 11:25:56.167,22.6649690,114.5059121,50.0,9.9,0.07,55.2,0.0,28.2,699.7,701.29,10.0,2.0,2.5,NR5G-SA,n79,-92,-92,-11,16,-999,8.4
2026-05-28 11:11:10.129,2026-05-28 11:25:56.567,22.6649820,114.5059319,50.0,10.0,0.00,55.0,0.0,28.2,702.2,703.78,10.0,2.0,2.5,NR5G-SA,n79,-92,-92,-11,16,-999,9.7
2026-05-28 11:11:10.329,2026-05-28 11:25:56.767,22.6649951,114.5059516,50.0,10.0,0.01,54.8,0.0,28.2,704.7,706.28,10.0,2.0,2.5,NR5G-SA,n79,-89,-89,-10,18,-999,6.6
2026-05-28 11:11:10.529,2026-05-28 11:25:56.967,22.6650081,114.5059714,50.0,10.0,-0.01,54.8,0.0,28.2,707.2,708.77,10.0,2.0,2.5,NR5G-SA,n79,-89,-89,-10,18,-999,5.1
2026-05-28 11:11:10.730,2026-05-28 11:25:56.967,22.6650081,114.5059714,50.0,10.0,-0.01,54.8,15.4,28.2,707.2,708.77,10.0,2.0,2.5,NR5G-SA,n79,-86,-86,-11,16,-999,16.6
2026-05-28 11:11:10.930,2026-05-28 11:25:57.167,22.6650211,114.5059913,50.0,10.0,0.05,54.9,15.4,27.7,709.7,711.28,10.0,2.0,2.5,NR5G-SA,n79,-86,-86,-11,16,-999,11.4
2026-05-28 11:11:11.131,2026-05-28 11:25:57.567,22.6650340,114.5060113,50.0,10.0,0.09,54.9,15.4,27.7,712.2,713.78,10.0,2.0,2.5,NR5G-SA,n79,-86,-86,-11,16,-999,8.0
2026-05-28 11:11:11.331,2026-05-28 11:25:57.767,22.6650469,114.5060312,50.0,10.0,0.08,54.8,15.4,27.7,714.7,716.28,10.0,2.0,2.5,NR5G-SA,n79,-101,-101,-11,16,-999,5.3
2026-05-28 11:11:11.531,2026-05-28 11:25:57.767,22.6650598,114.5060510,50.0,10.0,0.05,54.8,15.4,27.7,717.2,718.77,10.0,2.0,2.5,NR5G-SA,n79,-101,-101,-11,16,-999,8.1
2026-05-28 11:11:11.732,2026-05-28 11:25:57.967,22.6650726,114.5060709,50.0,10.0,0.05,54.8,44.1,27.7,719.7,721.26,10.0,2.0,2.5,NR5G-SA,n79,-101,-101,-11,16,-999,11.4
2026-05-28 11:11:11.932,2026-05-28 11:25:58.167,22.6650726,114.5060709,50.0,10.0,0.02,54.8,44.1,28.9,719.7,721.26,10.0,2.0,2.5,NR5G-SA,n79,-92,-92,-11,17,-999,9.3
2026-05-28 11:11:12.132,2026-05-28 11:25:58.567,22.6650854,114.5060909,50.0,10.0,-0.01,54.8,44.1,28.9,722.2,723.76,10.0,2.0,2.5,NR5G-SA,n79,-92,-92,-11,17,-999,9.4
2026-05-28 11:11:12.332,2026-05-28 11:25:58.767,22.6650982,114.5061109,50.0,10.0,-0.00,54.8,44.1,28.9,724.7,726.26,10.0,2.0,2.5,NR5G-SA,n79,-92,-92,-11,17,-999,6.7
2026-05-28 11:11:12.533,2026-05-28 11:25:58.967,22.6651111,114.5061309,50.0,10.0,0.04,54.8,44.1,28.9,727.2,728.77,10.0,2.0,2.5,NR5G-SA,n79,-89,-89,-10,17,-999,8.2
2026-05-28 11:11:12.733,2026-05-28 11:25:58.967,22.6651239,114.5061510,50.0,10.0,0.04,54.8,23.9,28.9,729.7,731.28,10.0,2.0,2.5,NR5G-SA,n79,-89,-89,-10,17,-999,10.3
2026-05-28 11:11:12.933,2026-05-28 11:25:59.167,22.6651239,114.5061510,50.0,10.0,0.02,54.8,23.9,28.9,729.7,731.28,10.0,2.0,2.5,NR5G-SA,n79,-89,-89,-10,17,-999,8.3
2026-05-28 11:11:13.133,2026-05-28 11:25:59.567,22.6651368,114.5061711,50.0,10.0,-0.01,54.8,23.9,31.6,732.2,733.79,10.0,2.0,2.5,NR5G-SA,n79,-96,-96,-11,17,-999,6.8
2026-05-28 11:11:13.334,2026-05-28 11:25:59.767,22.6651496,114.5061911,50.0,10.0,0.01,54.8,23.9,31.6,734.7,736.29,10.0,2.0,2.5,NR5G-SA,n79,-96,-96,-11,17,-999,5.8
2026-05-28 11:11:13.534,2026-05-28 11:25:59.767,22.6651625,114.5062110,50.0,10.0,0.03,54.6,23.9,31.6,737.2,738.79,10.0,2.0,2.5,NR5G-SA,n79,-93,-93,-11,19,-999,9.2
2026-05-28 11:11:13.734,2026-05-28 11:25:59.967,22.6651755,114.5062311,50.0,10.0,0.03,54.5,37.9,31.6,739.7,741.31,10.0,2.0,2.5,NR5G-SA,n79,-93,-93,-11,19,-999,8.9
2026-05-28 11:11:13.935,2026-05-28 11:26:00.167,22.6651755,114.5062311,50.0,10.0,0.03,54.5,37.9,31.6,739.7,741.31,10.0,2.0,2.5,NR5G-SA,n79,-93,-93,-11,19,-999,6.2
2026-05-28 11:11:14.135,2026-05-28 11:26:00.567,22.6651884,114.5062511,50.0,10.0,0.05,54.5,37.9,28.2,742.3,743.82,10.0,2.0,2.5,NR5G-SA,n79,-89,-89,-11,17,-999,7.5
2026-05-28 11:11:14.335,2026-05-28 11:26:00.767,22.6652014,114.5062711,49.9,10.0,0.02,54.6,37.9,28.2,744.8,746.33,10.0,2.0,2.5,NR5G-SA,n79,-89,-89,-11,17,-999,6.1
2026-05-28 11:11:14.536,2026-05-28 11:26:00.767,22.6652143,114.5062911,49.9,10.0,0.03,54.7,37.9,28.2,747.3,748.84,10.0,2.0,2.5,NR5G-SA,n79,-89,-89,-11,17,-999,8.8
2026-05-28 11:11:14.736,2026-05-28 11:26:00.967,22.6652272,114.5063112,49.9,10.0,0.03,54.8,32.1,28.2,749.8,751.35,10.0,2.0,2.5,NR5G-SA,n79,-96,-96,-11,17,-999,8.9
2026-05-28 11:11:14.937,2026-05-28 11:26:01.167,22.6652272,114.5063112,49.9,10.0,0.04,54.8,32.1,28.2,749.8,751.35,10.0,2.0,2.5,NR5G-SA,n79,-96,-96,-11,17,-999,8.5
2026-05-28 11:11:15.137,2026-05-28 11:26:01.567,22.6652400,114.5063312,49.9,10.0,0.06,54.8,32.1,27.6,752.3,753.86,10.0,2.0,2.5,NR5G-SA,n79,-96,-96,-11,17,-999,5.4
2026-05-28 11:11:15.337,2026-05-28 11:26:01.767,22.6652529,114.5063512,49.9,10.0,0.08,54.8,32.1,27.6,754.8,756.36,10.0,2.0,2.5,NR5G-SA,n79,-89,-89,-11,18,-999,6.9
2026-05-28 11:11:15.537,2026-05-28 11:26:01.967,22.6652658,114.5063711,49.9,10.0,0.05,54.8,32.1,27.6,757.3,758.86,10.0,2.0,2.5,NR5G-SA,n79,-89,-89,-11,18,-999,5.1
2026-05-28 11:11:15.738,2026-05-28 11:26:01.967,22.6652786,114.5063909,50.0,10.0,0.08,54.8,30.8,27.6,759.8,761.34,10.0,2.0,2.5,NR5G-SA,n79,-88,-88,-11,19,-999,12.9
2026-05-28 11:11:15.938,2026-05-28 11:26:02.167,22.6652786,114.5063909,50.0,10.0,0.08,54.8,30.8,27.6,759.8,761.34,10.0,2.0,2.5,NR5G-SA,n79,-88,-88,-11,19,-999,8.4
2026-05-28 11:11:16.139,2026-05-28 11:26:02.567,22.6652915,114.5064107,50.0,10.0,0.06,54.8,30.8,26.3,762.3,763.83,10.0,2.0,2.5,NR5G-SA,n79,-88,-88,-11,19,-999,6.9
2026-05-28 11:11:16.339,2026-05-28 11:26:02.767,22.6653044,114.5064307,50.0,10.0,-0.01,54.9,30.8,26.3,764.8,766.34,10.0,2.0,2.5,NR5G-SA,n79,-90,-90,-11,18,-999,6.0
2026-05-28 11:11:16.539,2026-05-28 11:26:02.767,22.6653172,114.5064508,50.0,10.0,-0.04,54.9,30.8,26.3,767.3,768.85,10.0,2.0,2.5,NR5G-SA,n79,-90,-90,-11,18,-999,9.2
2026-05-28 11:11:16.740,2026-05-28 11:26:02.967,22.6653300,114.5064709,49.9,10.0,-0.02,54.9,56.3,26.3,769.8,771.36,10.0,2.0,2.5,NR5G-SA,n79,-90,-90,-11,18,-999,6.7
2026-05-28 11:11:16.940,2026-05-28 11:26:03.167,22.6653300,114.5064709,49.9,10.0,-0.02,54.9,56.3,26.3,769.8,771.36,10.0,2.0,2.5,NR5G-SA,n79,-89,-89,-11,17,-999,9.9
2026-05-28 11:11:17.140,2026-05-28 11:26:03.567,22.6653428,114.5064910,49.9,10.0,0.01,54.9,56.3,24.5,772.3,773.87,10.0,2.0,2.5,NR5G-SA,n79,-89,-89,-11,17,-999,8.6
2026-05-28 11:11:17.341,2026-05-28 11:26:03.767,22.6653556,114.5065110,49.9,10.0,0.08,55.1,56.3,24.5,774.8,776.37,10.0,2.0,2.5,NR5G-SA,n79,-89,-89,-11,17,-999,6.1
2026-05-28 11:11:17.541,2026-05-28 11:26:03.967,22.6653684,114.5065308,49.9,10.0,0.10,55.0,56.3,24.5,777.3,778.85,10.0,2.0,2.5,NR5G-SA,n79,-94,-94,-12,19,-999,6.3
2026-05-28 11:11:17.742,2026-05-28 11:26:03.967,22.6653814,114.5065507,49.9,10.0,0.13,54.8,23.3,24.5,779.8,781.35,10.0,2.0,2.5,NR5G-SA,n79,-94,-94,-12,19,-999,7.8
2026-05-28 11:11:17.942,2026-05-28 11:26:04.167,22.6653814,114.5065507,49.9,10.0,0.13,54.8,23.3,24.5,779.8,781.35,10.0,2.0,2.5,NR5G-SA,n79,-99,-99,-11,19,-999,8.6
2026-05-28 11:11:18.142,2026-05-28 11:26:04.567,22.6653944,114.5065705,50.0,10.0,0.10,54.8,23.3,21.8,782.3,783.85,10.0,2.0,2.5,NR5G-SA,n79,-99,-99,-11,19,-999,9.4
2026-05-28 11:11:18.343,2026-05-28 11:26:04.767,22.6654076,114.5065902,50.0,10.0,0.12,54.7,23.3,21.8,784.8,786.35,10.0,2.0,2.5,NR5G-SA,n79,-99,-99,-11,19,-999,6.8
2026-05-28 11:11:18.543,2026-05-28 11:26:04.967,22.6654207,114.5066100,50.0,10.0,0.08,54.5,23.3,21.8,787.3,788.85,10.0,2.0,2.5,NR5G-SA,n79,-96,-96,-10,24,-999,8.0
2026-05-28 11:11:18.743,2026-05-28 11:26:04.967,22.6654338,114.5066299,50.0,10.0,0.08,54.5,43.0,21.8,789.8,791.36,10.0,2.0,2.5,NR5G-SA,n79,-96,-96,-10,24,-999,11.1
2026-05-28 11:11:18.944,2026-05-28 11:26:05.167,22.6654338,114.5066299,50.0,10.0,0.08,54.5,43.0,21.8,789.8,791.36,10.0,2.0,2.5,NR5G-SA,n79,-96,-96,-10,24,-999,8.7
2026-05-28 11:11:19.144,2026-05-28 11:26:05.567,22.6654469,114.5066497,50.0,10.0,0.06,54.3,43.0,21.0,792.3,793.87,10.0,2.0,2.5,NR5G-SA,n79,-96,-96,-10,23,-999,7.4
2026-05-28 11:11:19.344,2026-05-28 11:26:05.767,22.6654599,114.5066696,50.0,10.0,0.01,54.3,43.0,21.0,794.8,796.37,10.0,2.0,2.5,NR5G-SA,n79,-96,-96,-10,23,-999,6.9
2026-05-28 11:11:19.544,2026-05-28 11:26:05.767,22.6654729,114.5066896,50.0,10.0,-0.03,54.5,43.0,21.0,797.3,798.88,10.0,2.0,2.5,NR5G-SA,n79,-96,-96,-10,23,-999,9.4
2026-05-28 11:11:19.745,2026-05-28 11:26:05.967,22.6654857,114.5067095,50.0,10.0,-0.01,54.8,14.4,21.0,799.8,801.38,10.0,2.0,2.5,NR5G-SA,n79,-92,-92,-10,21,-999,6.6
2026-05-28 11:11:19.945,2026-05-28 11:26:06.167,22.6654857,114.5067095,50.0,10.0,-0.01,54.8,14.4,21.0,799.8,801.38,10.0,2.0,2.5,NR5G-SA,n79,-92,-92,-10,21,-999,8.1
2026-05-28 11:11:20.145,2026-05-28 11:26:06.567,22.6654986,114.5067294,50.0,10.0,0.06,55.1,14.4,19.8,802.3,803.87,10.0,2.0,2.5,NR5G-SA,n79,-91,-91,-10,19,-999,7.7
2026-05-28 11:11:20.346,2026-05-28 11:26:06.767,22.6655115,114.5067492,50.0,10.0,0.04,55.0,14.4,19.8,804.8,806.36,10.0,2.0,2.5,NR5G-SA,n79,-91,-91,-10,19,-999,5.7
2026-05-28 11:11:20.546,2026-05-28 11:26:06.967,22.6655245,114.5067690,50.0,10.0,0.02,54.9,14.4,19.8,807.3,808.86,10.0,2.0,2.5,NR5G-SA,n79,-91,-91,-10,19,-999,9.3
2026-05-28 11:11:20.746,2026-05-28 11:26:07.167,22.6655374,114.5067890,50.0,10.0,-0.02,54.8,0.0,19.8,809.8,811.37,10.0,2.0,2.5,NR5G-SA,n79,-44,-44,-10,24,-999,7.0
2026-05-28 11:11:20.947,2026-05-28 11:26:07.167,22.6655374,114.5067890,50.0,10.0,-0.02,54.8,0.0,19.8,809.8,811.37,10.0,2.0,2.5,NR5G-SA,n79,-44,-44,-10,24,-999,12.7
2026-05-28 11:11:21.147,2026-05-28 11:26:07.567,22.6655503,114.5068090,50.0,10.0,-0.04,54.9,0.0,20.6,812.3,813.87,10.0,2.0,2.5,NR5G-SA,n79,-44,-44,-10,24,-999,9.7
2026-05-28 11:11:21.347,2026-05-28 11:26:07.767,22.6655631,114.5068293,50.0,10.1,-0.08,55.2,0.0,20.6,814.8,816.40,10.0,2.0,2.5,NR5G-SA,n79,-44,-44,-10,21,-999,6.1
2026-05-28 11:11:21.547,2026-05-28 11:26:07.967,22.6655759,114.5068497,50.0,10.0,-0.02,55.4,0.0,20.6,817.4,818.93,10.0,2.0,2.5,NR5G-SA,n79,-44,-44,-10,21,-999,7.0
2026-05-28 11:11:21.748,2026-05-28 11:26:07.967,22.6655886,114.5068701,49.9,10.0,-0.02,55.5,3.1,20.6,819.9,821.46,10.0,2.0,2.5,NR5G-SA,n79,-44,-44,-10,21,-999,9.8
2026-05-28 11:11:21.948,2026-05-28 11:26:08.167,22.6655886,114.5068701,49.9,10.0,-0.02,55.5,3.1,20.6,819.9,821.46,10.0,2.0,2.5,NR5G-SA,n79,-44,-44,-10,19,-999,11.2
2026-05-28 11:11:22.149,2026-05-28 11:26:08.567,22.6656013,114.5068902,50.0,10.0,-0.01,55.5,3.1,20.6,822.4,823.96,10.0,2.0,2.5,NR5G-SA,n79,-44,-44,-10,19,-999,6.5
2026-05-28 11:11:22.349,2026-05-28 11:26:08.767,22.6656142,114.5069102,50.0,9.9,0.06,55.5,3.1,19.9,824.9,826.47,10.0,2.0,2.5,NR5G-SA,n79,-44,-44,-10,23,-999,6.1
2026-05-28 11:11:22.549,2026-05-28 11:26:08.967,22.6656271,114.5069301,50.0,10.0,0.03,55.4,3.1,19.9,827.4,828.97,10.0,2.0,2.5,NR5G-SA,n79,-44,-44,-10,23,-999,6.0
2026-05-28 11:11:22.750,2026-05-28 11:26:08.967,22.6656401,114.5069498,50.0,10.0,0.02,55.3,0.0,19.9,829.9,831.46,10.0,2.0,2.5,NR5G-SA,n79,-44,-44,-10,23,-999,10.4
2026-05-28 11:11:22.950,2026-05-28 11:26:09.167,22.6656401,114.5069498,50.0,10.0,0.02,55.3,0.0,19.9,829.9,831.46,10.0,2.0,2.5,NR5G-SA,n79,-44,-44,-10,22,-999,5.7
2026-05-28 11:11:23.150,2026-05-28 11:26:09.567,22.6656531,114.5069696,50.0,10.0,0.02,55.2,0.0,19.9,832.4,833.95,10.0,2.0,2.5,NR5G-SA,n79,-44,-44,-10,22,-999,7.5
2026-05-28 11:11:23.350,2026-05-28 11:26:09.767,22.6656660,114.5069894,50.0,10.0,-0.01,55.2,0.0,20.1,834.9,836.44,10.0,2.0,2.5,NR5G-SA,n79,-44,-44,-10,22,-999,6.0
2026-05-28 11:11:23.551,2026-05-28 11:26:09.967,22.6656790,114.5070093,50.0,9.9,0.00,55.1,0.0,20.1,837.4,838.95,10.0,2.0,2.5,NR5G-SA,n79,-44,-44,-10,21,-999,6.6
2026-05-28 11:11:23.751,2026-05-28 11:26:09.967,22.6656919,114.5070291,50.0,9.9,-0.03,55.0,8.6,20.1,839.9,841.44,10.0,2.0,2.5,NR5G-SA,n79,-44,-44,-10,21,-999,11.1
2026-05-28 11:11:23.951,2026-05-28 11:26:10.167,22.6656919,114.5070291,50.0,9.9,-0.03,55.0,8.6,20.1,839.9,841.44,10.0,2.0,2.5,NR5G-SA,n79,-44,-44,-10,21,-999,8.7
2026-05-28 11:11:24.152,2026-05-28 11:26:10.567,22.6657048,114.5070488,50.0,9.9,-0.01,55.0,8.6,20.1,842.3,843.92,10.0,2.0,2.5,NR5G-SA,n79,-44,-44,-10,20,-999,7.5
2026-05-28 11:11:24.352,2026-05-28 11:26:10.767,22.6657177,114.5070685,50.0,9.9,-0.03,55.1,8.6,21.9,844.8,846.40,10.0,2.0,2.5,NR5G-SA,n79,-44,-44,-10,20,-999,6.5
2026-05-28 11:11:24.553,2026-05-28 11:26:10.967,22.6657306,114.5070882,50.0,9.9,-0.03,55.2,8.6,21.9,847.3,848.88,10.0,2.0,2.5,NR5G-SA,n79,-44,-44,-10,21,-999,4.6
2026-05-28 11:11:24.753,2026-05-28 11:26:10.967,22.6657434,114.5071081,50.0,10.0,0.00,55.3,0.0,21.9,849.8,851.37,10.0,2.0,2.5,NR5G-SA,n79,-44,-44,-10,21,-999,8.9
2026-05-28 11:11:24.953,2026-05-28 11:26:11.167,22.6657434,114.5071081,50.0,10.0,0.00,55.3,0.0,21.9,849.8,851.37,10.0,2.0,2.5,NR5G-SA,n79,-44,-44,-10,21,-999,9.5
2026-05-28 11:11:25.154,2026-05-28 11:26:11.567,22.6657563,114.5071282,50.0,10.0,-0.05,55.4,0.0,21.9,852.3,853.89,10.0,2.0,2.5,NR5G-SA,n79,-44,-44,-10,22,-999,9.0
2026-05-28 11:11:25.354,2026-05-28 11:26:11.767,22.6657690,114.5071483,50.0,10.0,-0.02,55.4,0.0,23.2,854.8,856.39,10.0,2.0,2.5,NR5G-SA,n79,-44,-44,-10,22,-999,6.1
2026-05-28 11:11:25.554,2026-05-28 11:26:11.967,22.6657818,114.5071683,50.0,9.9,-0.05,55.2,0.0,23.2,857.3,858.89,10.0,2.0,2.5,NR5G-SA,n79,-44,-44,-10,22,-999,7.1
2026-05-28 11:11:25.755,2026-05-28 11:26:11.967,22.6657946,114.5071881,50.1,10.0,-0.04,55.2,19.2,23.2,859.8,861.37,10.0,2.0,2.5,NR5G-SA,n79,-44,-44,-10,24,-999,12.0
2026-05-28 11:11:25.955,2026-05-28 11:26:12.167,22.6657946,114.5071881,50.1,10.0,-0.04,55.2,19.2,23.2,859.8,861.37,10.0,2.0,2.5,NR5G-SA,n79,-44,-44,-10,24,-999,8.0
2026-05-28 11:11:26.155,2026-05-28 11:26:12.567,22.6658074,114.5072079,50.1,10.0,0.02,55.1,19.2,23.2,862.3,863.86,10.0,2.0,2.5,NR5G-SA,n79,-44,-44,-10,24,-999,8.9
2026-05-28 11:11:26.356,2026-05-28 11:26:12.767,22.6658204,114.5072276,50.1,10.0,-0.07,54.9,19.2,24.0,864.8,866.34,10.0,2.0,2.5,NR5G-SA,n79,-44,-44,-10,23,-999,7.1
2026-05-28 11:11:26.556,2026-05-28 11:26:12.967,22.6658333,114.5072473,50.1,10.0,-0.06,54.9,19.2,24.0,867.3,868.83,10.0,2.0,2.5,NR5G-SA,n79,-44,-44,-10,23,-999,5.3
2026-05-28 11:11:26.756,2026-05-28 11:26:12.967,22.6658463,114.5072671,50.1,10.0,-0.03,54.8,40.7,24.0,869.7,871.32,10.0,2.0,2.5,NR5G-SA,n79,-44,-44,-10,22,-999,13.2
2026-05-28 11:11:26.957,2026-05-28 11:26:13.167,22.6658463,114.5072671,50.1,10.0,-0.03,54.8,40.7,24.0,869.7,871.32,10.0,2.0,2.5,NR5G-SA,n79,-44,-44,-10,22,-999,10.5
2026-05-28 11:11:27.157,2026-05-28 11:26:13.567,22.6658591,114.5072870,50.1,10.0,-0.07,54.8,40.7,24.0,872.2,873.81,10.0,2.0,2.5,NR5G-SA,n79,-44,-44,-10,22,-999,6.5
2026-05-28 11:11:27.357,2026-05-28 11:26:13.767,22.6658720,114.5073070,50.1,10.0,-0.05,54.9,40.7,25.1,874.7,876.32,10.0,2.0,2.5,NR5G-SA,n79,-44,-44,-10,24,-999,6.9
2026-05-28 11:11:27.558,2026-05-28 11:26:13.967,22.6658848,114.5073269,50.0,10.0,-0.08,54.9,40.7,25.1,877.2,878.81,10.0,2.0,2.5,NR5G-SA,n79,-44,-44,-10,24,-999,7.6
2026-05-28 11:11:27.758,2026-05-28 11:26:13.967,22.6658977,114.5073471,50.0,10.0,-0.08,54.9,27.3,25.1,879.8,881.34,10.0,2.0,2.5,NR5G-SA,n79,-44,-44,-10,24,-999,8.2
2026-05-28 11:11:27.958,2026-05-28 11:26:14.167,22.6658977,114.5073471,50.0,10.0,-0.08,54.9,27.3,25.1,879.8,881.34,10.0,2.0,2.5,NR5G-SA,n79,-44,-44,-10,22,-999,8.4
2026-05-28 11:11:28.159,2026-05-28 11:26:14.567,22.6659106,114.5073671,50.1,10.0,-0.04,54.9,27.3,25.1,882.3,883.84,10.0,2.0,2.5,NR5G-SA,n79,-44,-44,-10,22,-999,5.5
2026-05-28 11:11:28.359,2026-05-28 11:26:14.767,22.6659235,114.5073871,50.1,10.0,-0.02,55.0,27.3,24.9,884.8,886.35,10.0,2.0,2.5,NR5G-SA,n79,-44,-44,-10,22,-999,6.9
2026-05-28 11:11:28.559,2026-05-28 11:26:14.967,22.6659364,114.5074071,50.1,10.0,-0.04,55.1,27.3,24.9,887.3,888.86,10.0,2.0,2.5,NR5G-SA,n79,-44,-44,-10,21,-999,8.3
2026-05-28 11:11:28.760,2026-05-28 11:26:14.967,22.6659493,114.5074271,50.1,10.0,-0.06,55.1,35.4,24.9,889.8,891.36,10.0,2.0,2.5,NR5G-SA,n79,-44,-44,-10,21,-999,13.8
2026-05-28 11:11:28.960,2026-05-28 11:26:15.167,22.6659493,114.5074271,50.1,10.0,-0.06,55.1,35.4,24.9,889.8,891.36,10.0,2.0,2.5,NR5G-SA,n79,-44,-44,-10,21,-999,10.5
2026-05-28 11:11:29.160,2026-05-28 11:26:15.567,22.6659623,114.5074471,50.1,10.0,-0.07,55.1,35.4,24.9,892.3,893.87,10.0,2.0,2.5,NR5G-SA,n79,-44,-44,-10,21,-999,5.4
2026-05-28 11:11:29.361,2026-05-28 11:26:15.767,22.6659753,114.5074671,50.0,10.1,-0.06,55.1,35.4,24.9,894.8,896.39,10.0,2.0,2.5,NR5G-SA,n79,-44,-44,-10,21,-999,5.0
2026-05-28 11:11:29.561,2026-05-28 11:26:15.967,22.6659882,114.5074872,50.0,10.1,-0.08,55.2,35.4,24.8,897.3,898.90,10.0,2.0,2.5,NR5G-SA,n79,-44,-44,-10,23,-999,6.9
2026-05-28 11:11:29.761,2026-05-28 11:26:15.967,22.6660013,114.5075072,50.0,10.0,-0.02,55.2,33.8,24.8,899.8,901.42,10.0,2.0,2.5,NR5G-SA,n79,-44,-44,-10,23,-999,8.1
2026-05-28 11:11:29.962,2026-05-28 11:26:16.167,22.6660013,114.5075072,50.0,10.0,-0.02,55.2,33.8,24.8,899.8,901.42,10.0,2.0,2.5,NR5G-SA,n79,-44,-44,-10,23,-999,9.5
2026-05-28 11:11:30.162,2026-05-28 11:26:16.567,22.6660143,114.5075272,50.0,10.0,-0.02,55.3,33.8,24.8,902.4,903.93,10.0,2.0,2.5,NR5G-SA,n79,-44,-44,-10,23,-999,6.6
2026-05-28 11:11:30.362,2026-05-28 11:26:16.767,22.6660272,114.5075473,50.0,10.0,-0.01,55.3,33.8,24.8,904.9,906.45,10.0,2.0,2.5,NR5G-SA,n79,-44,-44,-10,23,-999,4.8
2026-05-28 11:11:30.563,2026-05-28 11:26:16.967,22.6660402,114.5075673,50.0,10.0,-0.06,55.4,33.8,25.7,907.4,908.96,10.0,2.0,2.5,NR5G-SA,n79,-44,-44,-10,23,-999,6.4
2026-05-28 11:11:30.763,2026-05-28 11:26:16.967,22.6660530,114.5075872,50.0,10.0,0.01,55.4,29.5,25.7,909.9,911.45,10.0,2.0,2.5,NR5G-SA,n79,-82,-82,-10,27,-999,11.2
2026-05-28 11:11:30.963,2026-05-28 11:26:17.167,22.6660530,114.5075872,50.0,10.0,0.01,55.4,29.5,25.7,909.9,911.45,10.0,2.0,2.5,NR5G-SA,n79,-82,-82,-10,27,-999,12.9
2026-05-28 11:11:31.164,2026-05-28 11:26:17.567,22.6660659,114.5076071,50.0,10.0,-0.02,55.3,29.5,25.7,912.4,913.95,10.0,2.0,2.5,NR5G-SA,n79,-82,-82,-10,27,-999,6.2
2026-05-28 11:11:31.364,2026-05-28 11:26:17.767,22.6660787,114.5076269,50.0,10.0,-0.05,55.4,29.5,25.7,914.9,916.44,10.0,2.0,2.5,NR5G-SA,n79,-73,-73,-10,24,-999,5.7
2026-05-28 11:11:31.564,2026-05-28 11:26:17.967,22.6660916,114.5076468,50.0,10.0,0.01,55.4,29.5,26.2,917.4,918.93,10.0,2.0,2.5,NR5G-SA,n79,-73,-73,-10,24,-999,4.4
2026-05-28 11:11:31.765,2026-05-28 11:26:17.967,22.6661044,114.5076668,50.0,10.0,-0.04,55.3,39.1,26.2,919.9,921.43,10.0,2.0,2.5,NR5G-SA,n79,-81,-81,-10,22,-999,9.0
2026-05-28 11:11:31.965,2026-05-28 11:26:18.167,22.6661044,114.5076668,50.0,10.0,-0.04,55.3,39.1,26.2,919.9,921.43,10.0,2.0,2.5,NR5G-SA,n79,-81,-81,-10,22,-999,15.3
2026-05-28 11:11:32.165,2026-05-28 11:26:18.567,22.6661172,114.5076869,50.0,10.0,-0.02,55.4,39.1,26.2,922.4,923.94,10.0,2.0,2.5,NR5G-SA,n79,-81,-81,-10,22,-999,8.9
2026-05-28 11:11:32.366,2026-05-28 11:26:18.767,22.6661301,114.5077069,50.0,10.0,-0.06,55.4,39.1,26.2,924.9,926.45,10.0,2.0,2.5,NR5G-SA,n79,-81,-81,-10,20,-999,6.1
2026-05-28 11:11:32.566,2026-05-28 11:26:18.967,22.6661429,114.5077270,50.0,10.0,-0.02,55.3,39.1,26.5,927.4,928.96,10.0,2.0,2.5,NR5G-SA,n79,-81,-81,-10,20,-999,8.6
2026-05-28 11:11:32.766,2026-05-28 11:26:18.967,22.6661559,114.5077469,50.0,10.0,0.02,55.3,22.6,26.5,929.9,931.46,10.0,2.0,2.5,NR5G-SA,n79,-81,-81,-10,20,-999,7.8
2026-05-28 11:11:32.967,2026-05-28 11:26:19.167,22.6661559,114.5077469,50.0,10.0,0.02,55.3,22.6,26.5,929.9,931.46,10.0,2.0,2.5,NR5G-SA,n79,-81,-81,-10,21,-999,10.9
2026-05-28 11:11:33.167,2026-05-28 11:26:19.567,22.6661689,114.5077667,50.0,10.0,0.01,55.4,22.6,26.5,932.4,933.96,10.0,2.0,2.5,NR5G-SA,n79,-81,-81,-10,21,-999,5.1
2026-05-28 11:11:33.367,2026-05-28 11:26:19.767,22.6661819,114.5077866,50.0,10.0,-0.00,55.2,22.6,26.5,934.9,936.46,10.0,2.0,2.5,NR5G-SA,n79,-81,-81,-10,21,-999,5.9
2026-05-28 11:11:33.568,2026-05-28 11:26:19.767,22.6661948,114.5078065,50.0,10.0,-0.06,55.2,22.6,26.4,937.4,938.96,10.0,2.0,2.5,NR5G-SA,n79,-81,-81,-10,22,-999,9.7
2026-05-28 11:11:33.768,2026-05-28 11:26:19.967,22.6662077,114.5078263,50.0,10.0,-0.04,55.2,61.1,26.4,939.9,941.45,10.0,2.0,2.5,NR5G-SA,n79,-81,-81,-10,22,-999,8.6
2026-05-28 11:11:33.968,2026-05-28 11:26:20.167,22.6662077,114.5078263,50.0,10.0,-0.04,55.2,61.1,26.4,939.9,941.45,10.0,2.0,2.5,NR5G-SA,n79,-81,-81,-10,21,-999,10.6
2026-05-28 11:11:34.169,2026-05-28 11:26:20.567,22.6662206,114.5078462,50.0,10.0,-0.01,55.3,61.1,26.4,942.4,943.95,10.0,2.0,2.5,NR5G-SA,n79,-81,-81,-10,21,-999,5.5
2026-05-28 11:11:34.369,2026-05-28 11:26:20.767,22.6662335,114.5078661,50.0,10.0,-0.02,55.2,61.1,26.4,944.9,946.45,10.0,2.0,2.5,NR5G-SA,n79,-81,-81,-10,21,-999,6.2
2026-05-28 11:11:34.570,2026-05-28 11:26:20.967,22.6662464,114.5078861,50.1,10.0,-0.05,55.3,61.1,26.0,947.4,948.95,10.0,2.0,2.5,NR5G-SA,n79,-81,-81,-10,23,-999,5.5
2026-05-28 11:11:34.770,2026-05-28 11:26:20.967,22.6662594,114.5079061,50.1,10.1,-0.04,55.4,12.5,26.0,949.9,951.47,10.0,2.0,2.5,NR5G-SA,n79,-81,-81,-10,23,-999,9.5
2026-05-28 11:11:34.970,2026-05-28 11:26:21.167,22.6662594,114.5079061,50.1,10.1,-0.04,55.4,12.5,26.0,949.9,951.47,10.0,2.0,2.5,NR5G-SA,n79,-81,-81,-10,23,-999,12.8
2026-05-28 11:11:35.171,2026-05-28 11:26:21.567,22.6662724,114.5079262,50.1,10.0,-0.02,55.4,12.5,26.0,952.4,953.99,10.0,2.0,2.5,NR5G-SA,n79,-81,-81,-10,25,-999,5.5
2026-05-28 11:11:35.371,2026-05-28 11:26:21.767,22.6662854,114.5079462,50.1,10.0,-0.05,55.3,12.5,26.0,954.9,956.50,10.0,2.0,2.5,NR5G-SA,n79,-81,-81,-10,25,-999,7.2
2026-05-28 11:11:35.571,2026-05-28 11:26:21.967,22.6662984,114.5079660,50.1,10.0,-0.06,55.3,12.5,25.1,957.4,959.00,10.0,2.0,2.5,NR5G-SA,n79,-81,-81,-10,25,-999,6.7
2026-05-28 11:11:35.772,2026-05-28 11:26:22.167,22.6663115,114.5079858,50.1,9.9,-0.04,55.2,0.0,25.1,959.9,961.50,10.0,2.0,2.5,NR5G-SA,n79,-81,-81,-10,24,-999,7.7
2026-05-28 11:11:35.972,2026-05-28 11:26:22.167,22.6663115,114.5079858,50.1,9.9,-0.04,55.2,0.0,25.1,959.9,961.50,10.0,2.0,2.5,NR5G-SA,n79,-81,-81,-10,24,-999,13.0
2026-05-28 11:11:36.172,2026-05-28 11:26:22.567,22.6663245,114.5080056,50.1,10.0,-0.09,55.2,0.0,25.1,962.4,964.00,10.0,2.0,2.5,NR5G-SA,n79,-81,-81,-10,24,-999,7.7
2026-05-28 11:11:36.373,2026-05-28 11:26:22.767,22.6663375,114.5080254,50.1,9.9,-0.05,55.3,0.0,25.1,964.9,966.49,10.0,2.0,2.5,NR5G-SA,n79,-81,-81,-10,24,-999,5.3
2026-05-28 11:11:36.573,2026-05-28 11:26:22.967,22.6663504,114.5080454,50.1,10.0,-0.08,55.4,0.0,25.1,967.4,969.00,10.0,2.0,2.5,NR5G-SA,n79,-81,-81,-10,24,-999,5.6
2026-05-28 11:11:36.773,2026-05-28 11:26:22.967,22.6663633,114.5080655,50.1,10.0,-0.09,55.5,0.8,25.0,969.9,971.51,10.0,2.0,2.5,NR5G-SA,n79,-81,-81,-10,24,-999,8.4
2026-05-28 11:11:36.974,2026-05-28 11:26:23.167,22.6663760,114.5080857,50.1,10.0,-0.09,55.4,0.8,25.0,972.5,974.03,10.0,2.0,2.5,NR5G-SA,n79,-81,-81,-10,24,-999,11.0
2026-05-28 11:11:37.174,2026-05-28 11:26:23.567,22.6663760,114.5080857,50.1,10.0,-0.07,55.4,0.8,25.0,972.5,974.03,10.0,2.0,2.5,NR5G-SA,n79,-81,-81,-10,24,-999,6.5
2026-05-28 11:11:37.374,2026-05-28 11:26:23.767,22.6663888,114.5081057,50.0,10.0,-0.08,55.5,0.8,25.0,975.0,976.53,10.0,2.0,2.5,NR5G-SA,n79,-81,-81,-10,24,-999,6.3
2026-05-28 11:11:37.575,2026-05-28 11:26:23.967,22.6664017,114.5081258,50.0,10.0,-0.08,55.6,0.8,25.0,977.5,979.04,10.0,2.0,2.5,NR5G-SA,n79,-81,-81,-10,24,-999,5.3
2026-05-28 11:11:37.775,2026-05-28 11:26:23.967,22.6664146,114.5081458,50.0,10.0,-0.07,55.6,0.0,25.0,980.0,981.55,10.0,2.0,2.5,NR5G-SA,n79,-81,-81,-10,24,-999,8.0
2026-05-28 11:11:37.975,2026-05-28 11:26:24.167,22.6664146,114.5081458,50.0,10.0,-0.07,55.6,0.0,25.0,980.0,981.55,10.0,2.0,2.5,NR5G-SA,n79,-81,-81,-10,23,-999,10.6
2026-05-28 11:11:38.176,2026-05-28 11:26:24.567,22.6664275,114.5081657,50.0,10.0,-0.07,55.3,0.0,25.0,982.5,984.05,10.0,2.0,2.5,NR5G-SA,n79,-81,-81,-10,23,-999,6.1
2026-05-28 11:11:38.376,2026-05-28 11:26:24.767,22.6664406,114.5081857,50.0,10.0,-0.04,55.2,0.0,25.0,985.0,986.56,10.0,2.0,2.5,NR5G-SA,n79,-81,-81,-10,23,-999,6.2
2026-05-28 11:11:38.576,2026-05-28 11:26:24.967,22.6664536,114.5082055,50.0,10.0,-0.04,55.1,0.0,25.0,987.5,989.06,10.0,2.0,2.5,NR5G-SA,n79,-81,-81,-10,23,-999,6.4
2026-05-28 11:11:38.777,2026-05-28 11:26:24.967,22.6664666,114.5082253,50.0,9.9,0.01,55.1,11.9,26.1,990.0,991.56,10.0,2.0,2.5,NR5G-SA,n79,-81,-81,-10,23,-999,10.3
2026-05-28 11:11:38.977,2026-05-28 11:26:25.167,22.6664796,114.5082451,50.0,9.9,0.01,55.1,11.9,26.1,992.5,994.05,10.0,2.0,2.5,NR5G-SA,n79,-81,-81,-10,23,-999,10.4
2026-05-28 11:11:39.177,2026-05-28 11:26:25.567,22.6664796,114.5082451,50.0,9.9,0.01,55.1,11.9,26.1,992.5,994.05,10.0,2.0,2.5,NR5G-SA,n79,-81,-81,-10,23,-999,7.0
2026-05-28 11:11:39.378,2026-05-28 11:26:25.767,22.6664925,114.5082649,50.0,9.9,0.00,55.2,11.9,26.1,995.0,996.54,10.0,2.0,2.5,NR5G-SA,n79,-81,-81,-10,23,-999,7.4
2026-05-28 11:11:39.578,2026-05-28 11:26:25.967,22.6665055,114.5082847,50.0,9.9,0.01,55.1,11.9,26.1,997.5,999.04,10.0,2.0,2.5,NR5G-SA,n79,-81,-81,-10,23,-999,6.7
2026-05-28 11:11:39.779,2026-05-28 11:26:26.167,22.6665183,114.5083044,50.0,9.9,-0.02,55.0,0.0,25.7,999.9,1001.51,10.0,2.0,2.5,NR5G-SA,n79,-81,-81,-10,23,-999,6.5
2026-05-28 11:11:39.979,2026-05-28 11:26:26.167,22.6665312,114.5083243,50.0,9.9,0.00,54.8,0.0,25.7,1002.4,1004.01,10.0,2.0,2.5,NR5G-SA,n79,-81,-81,-10,23,-999,11.6
2026-05-28 11:11:40.179,2026-05-28 11:26:26.567,22.6665312,114.5083243,50.0,9.9,0.00,54.8,0.0,25.7,1002.4,1004.01,10.0,2.0,2.5,NR5G-SA,n79,-81,-81,-10,24,-999,7.9
2026-05-28 11:11:40.380,2026-05-28 11:26:26.767,22.6665441,114.5083441,50.0,9.9,-0.04,54.7,0.0,25.7,1004.9,1006.50,10.0,2.0,2.5,NR5G-SA,n79,-81,-81,-10,24,-999,5.8
2026-05-28 11:11:40.580,2026-05-28 11:26:26.967,22.6665570,114.5083639,50.0,9.9,-0.03,54.8,0.0,25.7,1007.4,1008.99,10.0,2.0,2.5,NR5G-SA,n79,-81,-81,-10,23,-999,6.0
2026-05-28 11:11:40.780,2026-05-28 11:26:26.967,22.6665698,114.5083837,50.0,10.0,-0.01,54.9,0.0,24.9,1009.9,1011.48,10.0,2.0,2.5,NR5G-SA,n79,-81,-81,-10,23,-999,9.0
2026-05-28 11:11:40.980,2026-05-28 11:26:27.167,22.6665827,114.5084036,50.0,10.0,-0.05,55.0,35.8,24.9,1012.4,1013.97,10.0,2.0,2.5,NR5G-SA,n79,-81,-81,-10,23,-999,10.0
2026-05-28 11:11:41.181,2026-05-28 11:26:27.567,22.6665827,114.5084036,50.0,10.0,-0.05,55.0,35.8,24.9,1012.4,1013.97,10.0,2.0,2.5,NR5G-SA,n79,-81,-81,-10,24,-999,7.0
2026-05-28 11:11:41.381,2026-05-28 11:26:27.767,22.6665954,114.5084236,50.0,10.0,-0.02,55.5,35.8,24.9,1014.9,1016.47,10.0,2.0,2.5,NR5G-SA,n79,-81,-81,-10,24,-999,6.7
2026-05-28 11:11:41.581,2026-05-28 11:26:27.967,22.6666081,114.5084437,50.0,10.0,0.01,55.6,35.8,24.9,1017.4,1018.97,10.0,2.0,2.5,NR5G-SA,n79,-81,-81,-10,24,-999,7.0
2026-05-28 11:11:41.782,2026-05-28 11:26:27.967,22.6666208,114.5084638,50.0,10.0,-0.01,55.4,57.4,24.6,1019.9,1021.47,10.0,2.0,2.5,NR5G-SA,n79,-81,-81,-10,23,-999,9.4
2026-05-28 11:11:41.982,2026-05-28 11:26:28.167,22.6666337,114.5084838,50.0,10.0,0.00,55.3,57.4,24.6,1022.4,1023.98,10.0,2.0,2.5,NR5G-SA,n79,-81,-81,-10,23,-999,11.5
2026-05-28 11:11:42.183,2026-05-28 11:26:28.567,22.6666337,114.5084838,50.0,10.0,0.00,55.3,57.4,24.6,1022.4,1023.98,10.0,2.0,2.5,NR5G-SA,n79,-81,-81,-10,23,-999,8.6
2026-05-28 11:11:42.383,2026-05-28 11:26:28.767,22.6666466,114.5085037,50.0,9.9,0.01,55.2,57.4,24.6,1024.9,1026.48,10.0,2.0,2.5,NR5G-SA,n79,-81,-81,-10,22,-999,6.3
2026-05-28 11:11:42.583,2026-05-28 11:26:28.967,22.6666595,114.5085235,50.0,9.9,-0.02,55.1,57.4,24.6,1027.4,1028.97,10.0,2.0,2.5,NR5G-SA,n79,-81,-81,-10,22,-999,5.7
2026-05-28 11:11:42.783,2026-05-28 11:26:28.967,22.6666724,114.5085433,50.0,10.0,0.03,55.2,57.4,23.8,1029.9,1031.46,10.0,2.0,2.5,NR5G-SA,n79,-85,-85,-10,22,-999,9.3
2026-05-28 11:11:42.984,2026-05-28 11:26:29.167,22.6666854,114.5085632,50.0,10.0,0.01,55.1,28.4,23.8,1032.4,1033.96,10.0,2.0,2.5,NR5G-SA,n79,-85,-85,-10,22,-999,9.5
2026-05-28 11:11:43.184,2026-05-28 11:26:29.567,22.6666854,114.5085632,50.0,10.0,0.01,55.1,28.4,23.8,1032.4,1033.96,10.0,2.0,2.5,NR5G-SA,n79,-85,-85,-10,22,-999,8.1
2026-05-28 11:11:43.384,2026-05-28 11:26:29.767,22.6666984,114.5085829,50.0,10.0,-0.00,55.2,28.4,23.8,1034.9,1036.45,10.0,2.0,2.5,NR5G-SA,n79,-85,-85,-10,23,-999,7.6
2026-05-28 11:11:43.585,2026-05-28 11:26:29.967,22.6667114,114.5086027,50.0,10.0,-0.01,55.1,28.4,23.8,1037.4,1038.94,10.0,2.0,2.5,NR5G-SA,n79,-85,-85,-10,23,-999,5.1
2026-05-28 11:11:43.785,2026-05-28 11:26:30.167,22.6667245,114.5086226,50.0,10.0,0.04,55.0,28.4,21.5,1039.9,1041.46,10.0,2.0,2.5,NR5G-SA,n79,-85,-85,-10,23,-999,5.5
2026-05-28 11:11:43.985,2026-05-28 11:26:30.167,22.6667374,114.5086424,50.0,10.0,0.05,55.0,31.7,21.5,1042.4,1043.95,10.0,2.0,2.5,NR5G-SA,n79,-85,-85,-10,24,-999,11.2
2026-05-28 11:11:44.186,2026-05-28 11:26:30.567,22.6667374,114.5086424,50.0,10.0,0.05,55.0,31.7,21.5,1042.4,1043.95,10.0,2.0,2.5,NR5G-SA,n79,-85,-85,-10,24,-999,4.8
2026-05-28 11:11:44.386,2026-05-28 11:26:30.767,22.6667503,114.5086624,50.0,10.0,0.03,55.0,31.7,21.5,1044.9,1046.45,10.0,2.0,2.5,NR5G-SA,n79,-85,-85,-10,24,-999,6.4
2026-05-28 11:11:44.587,2026-05-28 11:26:30.967,22.6667632,114.5086824,50.0,10.0,0.03,55.0,31.7,21.5,1047.4,1048.96,10.0,2.0,2.5,NR5G-SA,n79,-85,-85,-10,24,-999,6.2
2026-05-28 11:11:44.787,2026-05-28 11:26:31.167,22.6667760,114.5087023,50.0,10.0,0.01,54.8,31.7,21.5,1049.9,1051.45,10.0,2.0,2.5,NR5G-SA,n79,-85,-85,-10,24,-999,7.2
2026-05-28 11:11:44.987,2026-05-28 11:26:31.167,22.6667889,114.5087222,50.0,10.0,0.01,54.8,53.2,22.2,1052.4,1053.95,10.0,2.0,2.5,NR5G-SA,n79,-85,-85,-10,24,-999,10.3
2026-05-28 11:11:45.188,2026-05-28 11:26:31.567,22.6667889,114.5087222,50.0,10.0,0.01,54.8,53.2,22.2,1052.4,1053.95,10.0,2.0,2.5,NR5G-SA,n79,-91,-91,-10,24,-999,6.3
2026-05-28 11:11:45.388,2026-05-28 11:26:31.767,22.6668018,114.5087423,50.0,10.0,0.04,54.9,53.2,22.2,1054.9,1056.46,10.0,2.0,2.5,NR5G-SA,n79,-91,-91,-10,24,-999,7.2
2026-05-28 11:11:45.588,2026-05-28 11:26:31.967,22.6668148,114.5087622,50.0,10.0,0.02,54.8,53.2,22.2,1057.4,1058.97,10.0,2.0,2.5,NR5G-SA,n79,-88,-88,-10,23,-999,6.6
2026-05-28 11:11:45.788,2026-05-28 11:26:31.967,22.6668277,114.5087822,50.0,10.0,0.04,54.8,53.2,22.2,1059.9,1061.47,10.0,2.0,2.5,NR5G-SA,n79,-88,-88,-10,23,-999,9.3
2026-05-28 11:11:45.989,2026-05-28 11:26:32.167,22.6668407,114.5088022,50.0,10.0,0.01,54.8,29.0,22.3,1062.4,1063.99,10.0,2.0,2.5,NR5G-SA,n79,-88,-88,-10,23,-999,8.9
2026-05-28 11:11:46.189,2026-05-28 11:26:32.567,22.6668407,114.5088022,50.0,10.0,0.01,54.8,29.0,22.3,1062.4,1063.99,10.0,2.0,2.5,NR5G-SA,n79,-87,-87,-10,23,-999,8.7
2026-05-28 11:11:46.390,2026-05-28 11:26:32.767,22.6668536,114.5088222,50.0,10.0,0.03,54.7,29.0,22.3,1064.9,1066.49,10.0,2.0,2.5,NR5G-SA,n79,-87,-87,-10,23,-999,4.7
2026-05-28 11:11:46.590,2026-05-28 11:26:32.967,22.6668665,114.5088423,50.0,10.0,0.05,54.8,29.0,22.3,1067.4,1069.01,10.0,2.0,2.5,NR5G-SA,n79,-87,-87,-10,23,-999,6.2
2026-05-28 11:11:46.790,2026-05-28 11:26:32.967,22.6668793,114.5088624,50.0,10.0,0.02,54.8,29.0,22.3,1069.9,1071.52,10.0,2.0,2.5,NR5G-SA,n79,-90,-90,-10,23,-999,8.9
2026-05-28 11:11:46.991,2026-05-28 11:26:33.167,22.6668921,114.5088825,50.0,10.0,0.08,54.8,40.7,20.5,1072.5,1074.03,10.0,2.0,2.5,NR5G-SA,n79,-90,-90,-10,23,-999,8.5
2026-05-28 11:11:47.191,2026-05-28 11:26:33.567,22.6668921,114.5088825,50.0,10.0,0.08,54.8,40.7,20.5,1072.5,1074.03,10.0,2.0,2.5,NR5G-SA,n79,-90,-90,-10,23,-999,7.5
2026-05-28 11:11:47.391,2026-05-28 11:26:33.767,22.6669049,114.5089026,50.0,10.0,0.07,54.8,40.7,20.5,1075.0,1076.53,10.0,2.0,2.5,NR5G-SA,n79,-90,-90,-10,22,-999,6.0
2026-05-28 11:11:47.592,2026-05-28 11:26:33.967,22.6669178,114.5089225,50.0,9.9,0.08,54.7,40.7,20.5,1077.5,1079.03,10.0,2.0,2.5,NR5G-SA,n79,-90,-90,-10,22,-999,4.9
2026-05-28 11:11:47.792,2026-05-28 11:26:34.167,22.6669306,114.5089423,50.0,10.0,0.03,54.7,40.7,20.5,1079.9,1081.52,10.0,2.0,2.5,NR5G-SA,n79,-87,-87,-10,23,-999,7.9
2026-05-28 11:11:47.992,2026-05-28 11:26:34.167,22.6669435,114.5089621,50.0,10.0,0.03,54.8,18.5,19.4,1082.4,1084.01,10.0,2.0,2.5,NR5G-SA,n79,-87,-87,-10,23,-999,8.7
2026-05-28 11:11:48.193,2026-05-28 11:26:34.567,22.6669435,114.5089621,50.0,10.0,0.03,54.8,18.5,19.4,1082.4,1084.01,10.0,2.0,2.5,NR5G-SA,n79,-87,-87,-10,23,-999,6.9
2026-05-28 11:11:48.393,2026-05-28 11:26:34.767,22.6669563,114.5089819,50.0,10.0,0.04,54.8,18.5,19.4,1084.9,1086.49,10.0,2.0,2.5,NR5G-SA,n79,-88,-88,-10,21,-999,6.9
2026-05-28 11:11:48.593,2026-05-28 11:26:34.967,22.6669692,114.5090019,50.0,10.0,-0.01,54.9,18.5,19.4,1087.4,1089.00,10.0,2.0,2.5,NR5G-SA,n79,-88,-88,-10,21,-999,6.0
2026-05-28 11:11:48.794,2026-05-28 11:26:35.167,22.6669821,114.5090219,50.0,10.0,0.01,54.9,18.5,19.4,1089.9,1091.50,10.0,2.0,2.5,NR5G-SA,n79,-88,-88,-10,21,-999,6.6
2026-05-28 11:11:48.994,2026-05-28 11:26:35.167,22.6669951,114.5090421,50.0,10.0,0.03,55.0,0.0,20.6,1092.5,1094.03,10.0,2.0,2.5,NR5G-SA,n79,-89,-89,-10,21,-999,6.4
2026-05-28 11:11:49.194,2026-05-28 11:26:35.567,22.6669951,114.5090421,50.0,10.0,0.03,55.0,0.0,20.6,1092.5,1094.03,10.0,2.0,2.5,NR5G-SA,n79,-89,-89,-10,21,-999,8.6
2026-05-28 11:11:49.395,2026-05-28 11:26:35.767,22.6670080,114.5090622,50.0,10.0,0.04,54.9,0.0,20.6,1095.0,1096.55,10.0,2.0,2.5,NR5G-SA,n79,-89,-89,-10,21,-999,6.3
2026-05-28 11:11:49.595,2026-05-28 11:26:35.967,22.6670210,114.5090821,50.0,10.0,0.04,55.0,0.0,20.6,1097.5,1099.05,10.0,2.0,2.5,NR5G-SA,n79,-89,-89,-10,21,-999,6.8
2026-05-28 11:11:49.796,2026-05-28 11:26:36.167,22.6670339,114.5091019,50.0,10.0,0.00,55.0,0.0,20.6,1100.0,1101.54,10.0,2.0,2.5,NR5G-SA,n79,-89,-89,-10,21,-999,7.6
2026-05-28 11:11:49.996,2026-05-28 11:26:36.167,22.6670469,114.5091217,50.0,9.9,-0.00,55.2,8.6,18.9,1102.5,1104.04,10.0,2.0,2.5,NR5G-SA,n79,-87,-87,-10,23,-999,10.0
2026-05-28 11:11:50.196,2026-05-28 11:26:36.567,22.6670469,114.5091217,50.0,9.9,-0.00,55.2,8.6,18.9,1102.5,1104.04,10.0,2.0,2.5,NR5G-SA,n79,-87,-87,-10,23,-999,6.8
2026-05-28 11:11:50.397,2026-05-28 11:26:36.767,22.6670598,114.5091416,50.0,10.0,0.00,55.2,8.6,18.9,1105.0,1106.54,10.0,2.0,2.5,NR5G-SA,n79,-87,-87,-10,23,-999,5.9
2026-05-28 11:11:50.597,2026-05-28 11:26:36.967,22.6670726,114.5091616,50.0,10.0,0.00,55.5,8.6,18.9,1107.5,1109.04,10.0,2.0,2.5,NR5G-SA,n79,-89,-89,-10,21,-999,5.9
2026-05-28 11:11:50.797,2026-05-28 11:26:37.167,22.6670854,114.5091816,50.0,10.0,0.01,55.5,8.6,18.9,1110.0,1111.54,10.0,2.0,2.5,NR5G-SA,n79,-89,-89,-10,21,-999,8.1
2026-05-28 11:11:50.998,2026-05-28 11:26:37.167,22.6670983,114.5092017,49.9,10.0,0.02,55.5,5.9,19.3,1112.5,1114.05,10.0,2.0,2.5,NR5G-SA,n79,-89,-89,-10,21,-999,10.5
2026-05-28 11:11:51.198,2026-05-28 11:26:37.567,22.6670983,114.5092017,49.9,10.0,0.02,55.5,5.9,19.3,1112.5,1114.05,10.0,2.0,2.5,NR5G-SA,n79,-88,-88,-10,21,-999,8.2
2026-05-28 11:11:51.399,2026-05-28 11:26:37.767,22.6671111,114.5092217,49.9,10.0,0.04,55.2,5.9,19.3,1115.0,1116.55,10.0,2.0,2.5,NR5G-SA,n79,-88,-88,-10,21,-999,6.7
2026-05-28 11:11:51.599,2026-05-28 11:26:37.967,22.6671240,114.5092418,49.9,10.0,0.07,55.1,5.9,19.3,1117.5,1119.07,10.0,2.0,2.5,NR5G-SA,n79,-88,-88,-10,21,-999,6.6
2026-05-28 11:11:51.800,2026-05-28 11:26:38.167,22.6671370,114.5092618,49.9,10.0,0.05,55.0,5.9,19.3,1120.0,1121.58,10.0,2.0,2.5,NR5G-SA,n79,-93,-93,-10,20,-999,9.0
2026-05-28 11:11:52.000,2026-05-28 11:26:38.167,22.6671499,114.5092817,49.9,10.0,0.10,55.0,0.0,20.8,1122.5,1124.08,10.0,2.0,2.5,NR5G-SA,n79,-93,-93,-10,20,-999,8.5
2026-05-28 11:11:52.200,2026-05-28 11:26:38.567,22.6671499,114.5092817,49.9,10.0,0.10,55.0,0.0,20.8,1122.5,1124.08,10.0,2.0,2.5,NR5G-SA,n79,-85,-85,-10,19,-999,4.2
2026-05-28 11:11:52.401,2026-05-28 11:26:38.767,22.6671628,114.5093016,49.9,10.0,0.07,54.9,0.0,20.8,1125.0,1126.58,10.0,2.0,2.5,NR5G-SA,n79,-85,-85,-10,19,-999,10.5
2026-05-28 11:11:52.601,2026-05-28 11:26:38.967,22.6671757,114.5093215,49.9,10.0,0.15,55.0,0.0,20.8,1127.5,1129.07,10.0,2.0,2.5,NR5G-SA,n79,-85,-85,-10,19,-999,6.3
2026-05-28 11:11:52.801,2026-05-28 11:26:39.167,22.6671886,114.5093415,49.9,10.0,0.19,55.1,0.0,20.8,1130.0,1131.58,10.0,2.0,2.5,NR5G-SA,n79,-83,-83,-10,20,-999,8.6
2026-05-28 11:11:53.002,2026-05-28 11:26:39.167,22.6672015,114.5093614,49.9,10.0,0.13,55.1,15.1,23.0,1132.5,1134.08,10.0,2.0,2.5,NR5G-SA,n79,-83,-83,-10,20,-999,9.5
2026-05-28 11:11:53.202,2026-05-28 11:26:39.567,22.6672015,114.5093614,49.9,10.0,0.13,55.1,15.1,23.0,1132.5,1134.08,10.0,2.0,2.5,NR5G-SA,n79,-83,-83,-10,20,-999,10.3
2026-05-28 11:11:53.402,2026-05-28 11:26:39.767,22.6672145,114.5093812,49.9,10.0,0.11,55.0,15.1,23.0,1135.0,1136.57,10.0,2.0,2.5,NR5G-SA,n79,-83,-83,-10,19,-999,6.5
2026-05-28 11:11:53.603,2026-05-28 11:26:39.967,22.6672274,114.5094011,49.9,10.0,0.08,54.9,15.1,23.0,1137.5,1139.07,10.0,2.0,2.5,NR5G-SA,n79,-83,-83,-10,19,-999,5.0
2026-05-28 11:11:53.803,2026-05-28 11:26:40.167,22.6672403,114.5094211,49.9,10.0,0.12,55.0,15.1,23.0,1140.0,1141.58,10.0,2.0,2.5,NR5G-SA,n79,-83,-83,-10,19,-999,6.6
2026-05-28 11:11:54.003,2026-05-28 11:26:40.167,22.6672532,114.5094410,49.9,10.0,0.11,54.9,60.2,23.0,1142.5,1144.08,10.0,2.0,2.5,NR5G-SA,n79,-93,-93,-10,19,-999,9.0
2026-05-28 11:11:54.204,2026-05-28 11:26:40.567,22.6672532,114.5094410,49.9,10.0,0.11,54.9,60.2,23.3,1142.5,1144.08,10.0,2.0,2.5,NR5G-SA,n79,-93,-93,-10,19,-999,11.0
2026-05-28 11:11:54.404,2026-05-28 11:26:40.767,22.6672661,114.5094608,49.9,10.0,0.10,54.9,60.2,23.3,1145.0,1146.57,10.0,2.0,2.5,NR5G-SA,n79,-91,-91,-10,19,-999,9.9
2026-05-28 11:11:54.604,2026-05-28 11:26:40.967,22.6672791,114.5094806,49.9,10.0,0.07,54.7,60.2,23.3,1147.5,1149.06,10.0,2.0,2.5,NR5G-SA,n79,-91,-91,-10,19,-999,7.9
2026-05-28 11:11:54.805,2026-05-28 11:26:41.167,22.6672921,114.5095005,49.9,10.0,0.10,54.7,60.2,23.3,1150.0,1151.57,10.0,2.0,2.5,NR5G-SA,n79,-91,-91,-10,19,-999,6.8
2026-05-28 11:11:55.005,2026-05-28 11:26:41.167,22.6673051,114.5095202,49.9,10.0,0.09,54.6,23.6,23.3,1152.5,1154.06,10.0,2.0,2.5,NR5G-SA,n79,-86,-86,-10,20,-999,8.0
2026-05-28 11:11:55.206,2026-05-28 11:26:41.567,22.6673051,114.5095202,49.9,10.0,0.09,54.6,23.6,24.4,1152.5,1154.06,10.0,2.0,2.5,NR5G-SA,n79,-86,-86,-10,20,-999,11.3
2026-05-28 11:11:55.406,2026-05-28 11:26:41.767,22.6673179,114.5095401,49.9,10.0,0.06,54.6,23.6,24.4,1155.0,1156.55,10.0,2.0,2.5,NR5G-SA,n79,-86,-86,-10,20,-999,10.7
2026-05-28 11:11:55.606,2026-05-28 11:26:41.967,22.6673308,114.5095599,49.9,10.0,0.09,54.6,23.6,24.4,1157.5,1159.04,10.0,2.0,2.5,NR5G-SA,n79,-91,-91,-10,19,-999,6.3
2026-05-28 11:11:55.807,2026-05-28 11:26:42.167,22.6673437,114.5095798,49.9,10.0,0.05,54.6,23.6,24.4,1160.0,1161.54,10.0,2.0,2.5,NR5G-SA,n79,-91,-91,-10,19,-999,5.5
2026-05-28 11:11:56.007,2026-05-28 11:26:42.167,22.6673566,114.5095998,49.9,10.0,0.05,54.6,37.9,24.4,1162.5,1164.04,10.0,2.0,2.5,NR5G-SA,n79,-91,-91,-10,19,-999,7.8
2026-05-28 11:11:56.207,2026-05-28 11:26:42.567,22.6673566,114.5095998,49.9,10.0,0.05,54.6,37.9,26.3,1162.5,1164.04,10.0,2.0,2.5,NR5G-SA,n79,-83,-83,-10,19,-999,10.9
2026-05-28 11:11:56.407,2026-05-28 11:26:42.767,22.6673694,114.5096198,49.9,10.0,0.07,54.7,37.9,26.3,1165.0,1166.54,10.0,2.0,2.5,NR5G-SA,n79,-83,-83,-10,19,-999,5.9
2026-05-28 11:11:56.608,2026-05-28 11:26:42.967,22.6673823,114.5096398,50.0,10.0,0.02,54.6,37.9,26.3,1167.5,1169.05,10.0,2.0,2.5,NR5G-SA,n79,-90,-90,-10,23,-999,5.9
2026-05-28 11:11:56.808,2026-05-28 11:26:43.167,22.6673953,114.5096597,50.0,10.0,0.02,54.6,37.9,26.3,1170.0,1171.55,10.0,2.0,2.5,NR5G-SA,n79,-90,-90,-10,23,-999,5.1
2026-05-28 11:11:57.008,2026-05-28 11:26:43.167,22.6674083,114.5096796,50.0,10.0,0.06,54.6,47.3,26.3,1172.5,1174.06,10.0,2.0,2.5,NR5G-SA,n79,-90,-90,-10,23,-999,11.8
2026-05-28 11:11:57.209,2026-05-28 11:26:43.567,22.6674083,114.5096796,50.0,10.0,0.06,54.6,47.3,27.3,1172.5,1174.06,10.0,2.0,2.5,NR5G-SA,n79,-86,-86,-10,22,-999,12.0
2026-05-28 11:11:57.409,2026-05-28 11:26:43.767,22.6674213,114.5096995,50.0,10.0,0.06,54.6,47.3,27.3,1175.0,1176.56,10.0,2.0,2.5,NR5G-SA,n79,-86,-86,-10,22,-999,11.3
2026-05-28 11:11:57.610,2026-05-28 11:26:43.967,22.6674343,114.5097196,50.0,10.0,0.07,54.7,47.3,27.3,1177.5,1179.08,10.0,2.0,2.5,NR5G-SA,n79,-86,-86,-10,22,-999,7.2
2026-05-28 11:11:57.810,2026-05-28 11:26:44.167,22.6674473,114.5097395,50.0,10.0,0.03,54.9,47.3,27.3,1180.0,1181.59,10.0,2.0,2.5,NR5G-SA,n79,-84,-84,-10,20,-999,5.2
2026-05-28 11:11:58.010,2026-05-28 11:26:44.167,22.6674602,114.5097593,50.0,10.0,-0.01,55.1,32.1,27.3,1182.5,1184.08,10.0,2.0,2.5,NR5G-SA,n79,-84,-84,-10,20,-999,6.1
2026-05-28 11:11:58.211,2026-05-28 11:26:44.567,22.6674602,114.5097593,50.0,10.0,-0.01,55.1,32.1,26.6,1182.5,1184.08,10.0,2.0,2.5,NR5G-SA,n79,-84,-84,-10,20,-999,10.3
2026-05-28 11:11:58.411,2026-05-28 11:26:44.767,22.6674731,114.5097793,50.0,9.9,0.05,55.2,32.1,26.6,1185.0,1186.58,10.0,2.0,2.5,NR5G-SA,n79,-84,-84,-10,19,-999,9.0
2026-05-28 11:11:58.612,2026-05-28 11:26:44.967,22.6674859,114.5097992,50.0,10.0,0.00,55.0,32.1,26.6,1187.5,1189.08,10.0,2.0,2.5,NR5G-SA,n79,-84,-84,-10,19,-999,6.5
2026-05-28 11:11:58.812,2026-05-28 11:26:45.167,22.6674989,114.5098193,50.0,10.0,0.05,55.0,32.1,26.6,1190.0,1191.60,10.0,2.0,2.5,NR5G-SA,n79,-84,-84,-10,19,-999,7.3
2026-05-28 11:11:59.012,2026-05-28 11:26:45.167,22.6675119,114.5098394,50.0,10.0,0.02,55.0,0.0,26.6,1192.5,1194.12,10.0,2.0,2.5,NR5G-SA,n79,-86,-86,-10,19,-999,8.2
2026-05-28 11:11:59.213,2026-05-28 11:26:45.567,22.6675119,114.5098394,50.0,10.0,0.02,55.0,0.0,26.9,1192.5,1194.12,10.0,2.0,2.5,NR5G-SA,n79,-86,-86,-10,19,-999,9.7
2026-05-28 11:11:59.413,2026-05-28 11:26:45.767,22.6675247,114.5098594,50.0,10.0,0.02,55.1,0.0,26.9,1195.0,1196.62,10.0,2.0,2.5,NR5G-SA,n79,-84,-84,-10,20,-999,10.2
2026-05-28 11:11:59.614,2026-05-28 11:26:45.967,22.6675375,114.5098794,50.0,9.9,0.03,55.0,0.0,26.9,1197.5,1199.12,10.0,2.0,2.5,NR5G-SA,n79,-84,-84,-10,20,-999,5.5
2026-05-28 11:11:59.814,2026-05-28 11:26:46.167,22.6675504,114.5098994,50.0,10.0,-0.00,55.0,0.0,26.9,1200.0,1201.63,10.0,2.0,2.5,NR5G-SA,n79,-84,-84,-10,20,-999,5.2
2026-05-28 11:12:00.014,2026-05-28 11:26:46.167,22.6675633,114.5099193,50.0,10.0,-0.03,55.0,0.0,26.9,1202.5,1204.12,10.0,2.0,2.5,NR5G-SA,n79,-84,-84,-10,19,-999,6.9
2026-05-28 11:12:00.214,2026-05-28 11:26:46.567,22.6675633,114.5099193,50.0,10.0,-0.03,55.0,0.0,28.0,1202.5,1204.12,10.0,2.0,2.5,NR5G-SA,n79,-84,-84,-10,19,-999,16.9
2026-05-28 11:12:00.415,2026-05-28 11:26:46.767,22.6675763,114.5099394,50.0,10.0,0.02,55.1,0.0,28.0,1205.1,1206.65,10.0,2.0,2.5,NR5G-SA,n79,-84,-84,-10,19,-999,11.5
2026-05-28 11:12:00.615,2026-05-28 11:26:46.967,22.6675891,114.5099593,50.0,10.0,-0.01,55.0,0.0,28.0,1207.6,1209.14,10.0,2.0,2.5,NR5G-SA,n79,-86,-86,-10,19,-999,7.0
2026-05-28 11:12:00.816,2026-05-28 11:26:47.167,22.6676020,114.5099794,50.0,10.0,0.00,55.1,0.0,28.0,1210.1,1211.65,10.0,2.0,2.5,NR5G-SA,n79,-86,-86,-10,19,-999,5.2
2026-05-28 11:12:01.016,2026-05-28 11:26:47.167,22.6676149,114.5099994,50.0,10.0,-0.02,55.0,41.5,28.0,1212.6,1214.16,10.0,2.0,2.5,NR5G-SA,n79,-86,-86,-10,19,-999,7.8
2026-05-28 11:12:01.216,2026-05-28 11:26:47.567,22.6676149,114.5099994,50.0,10.0,-0.02,55.0,41.5,28.0,1212.6,1214.16,10.0,2.0,2.5,NR5G-SA,n79,-91,-91,-10,19,-999,14.5
2026-05-28 11:12:01.417,2026-05-28 11:26:47.767,22.6676278,114.5100194,50.0,10.0,-0.01,55.0,41.5,26.8,1215.1,1216.67,10.0,2.0,2.5,NR5G-SA,n79,-91,-91,-10,19,-999,10.6
2026-05-28 11:12:01.617,2026-05-28 11:26:47.967,22.6676406,114.5100394,50.0,10.0,-0.01,54.9,41.5,26.8,1217.6,1219.17,10.0,2.0,2.5,NR5G-SA,n79,-87,-87,-10,19,-999,6.3
2026-05-28 11:12:01.817,2026-05-28 11:26:48.167,22.6676535,114.5100594,50.0,10.0,0.01,55.1,41.5,26.8,1220.1,1221.67,10.0,2.0,2.5,NR5G-SA,n79,-87,-87,-10,19,-999,8.8
2026-05-28 11:12:02.017,2026-05-28 11:26:48.167,22.6676664,114.5100792,50.0,9.9,-0.01,55.1,0.0,26.8,1222.6,1224.16,10.0,2.0,2.5,NR5G-SA,n79,-87,-87,-10,19,-999,7.9
2026-05-28 11:12:02.218,2026-05-28 11:26:48.567,22.6676664,114.5100792,50.0,9.9,-0.01,55.1,0.0,26.8,1222.6,1224.16,10.0,2.0,2.5,NR5G-SA,n79,-89,-89,-10,22,-999,15.9
2026-05-28 11:12:02.418,2026-05-28 11:26:48.767,22.6676793,114.5100990,50.0,9.9,-0.02,55.1,0.0,25.4,1225.1,1226.65,10.0,2.0,2.5,NR5G-SA,n79,-89,-89,-10,22,-999,7.8
2026-05-28 11:12:02.618,2026-05-28 11:26:48.967,22.6676922,114.5101187,50.0,9.9,-0.03,55.1,0.0,25.4,1227.6,1229.13,10.0,2.0,2.5,NR5G-SA,n79,-89,-89,-10,22,-999,7.2
2026-05-28 11:12:02.819,2026-05-28 11:26:49.167,22.6677051,114.5101385,50.0,9.9,-0.03,55.0,0.0,25.4,1230.0,1231.62,10.0,2.0,2.5,NR5G-SA,n79,-88,-88,-10,19,-999,6.2
2026-05-28 11:12:03.019,2026-05-28 11:26:49.167,22.6677180,114.5101582,50.0,9.9,0.04,55.2,0.0,25.4,1232.5,1234.10,10.0,2.0,2.5,NR5G-SA,n79,-88,-88,-10,19,-999,6.9
2026-05-28 11:12:03.219,2026-05-28 11:26:49.567,22.6677180,114.5101582,50.0,9.9,0.04,55.2,0.0,25.4,1232.5,1234.10,10.0,2.0,2.5,NR5G-SA,n79,-88,-88,-10,19,-999,11.6
2026-05-28 11:12:03.420,2026-05-28 11:26:49.767,22.6677308,114.5101780,50.0,10.0,0.01,55.2,0.0,25.7,1235.0,1236.59,10.0,2.0,2.5,NR5G-SA,n79,-86,-86,-10,18,-999,9.9
2026-05-28 11:12:03.620,2026-05-28 11:26:49.967,22.6677437,114.5101979,50.0,10.0,0.01,55.2,0.0,25.7,1237.5,1239.09,10.0,2.0,2.5,NR5G-SA,n79,-86,-86,-10,18,-999,8.7
2026-05-28 11:12:03.820,2026-05-28 11:26:50.167,22.6677566,114.5102179,50.0,10.0,-0.03,55.1,0.0,25.7,1240.0,1241.59,10.0,2.0,2.5,NR5G-SA,n79,-87,-87,-10,18,-999,6.0
2026-05-28 11:12:04.021,2026-05-28 11:26:50.167,22.6677695,114.5102378,50.0,10.0,-0.00,55.0,7.4,25.7,1242.5,1244.09,10.0,2.0,2.5,NR5G-SA,n79,-87,-87,-10,18,-999,7.9
2026-05-28 11:12:04.221,2026-05-28 11:26:50.567,22.6677695,114.5102378,50.0,10.0,-0.00,55.0,7.4,25.7,1242.5,1244.09,10.0,2.0,2.5,NR5G-SA,n79,-87,-87,-10,18,-999,14.1
2026-05-28 11:12:04.421,2026-05-28 11:26:50.767,22.6677824,114.5102577,50.0,10.0,-0.04,54.8,7.4,24.8,1245.0,1246.59,10.0,2.0,2.5,NR5G-SA,n79,-89,-89,-10,18,-999,10.4
2026-05-28 11:12:04.622,2026-05-28 11:26:50.967,22.6677954,114.5102778,50.0,10.0,-0.02,54.7,7.4,24.8,1247.5,1249.11,10.0,2.0,2.5,NR5G-SA,n79,-89,-89,-10,18,-999,6.1
2026-05-28 11:12:04.822,2026-05-28 11:26:51.167,22.6678083,114.5102978,50.0,10.0,-0.02,54.7,7.4,24.8,1250.0,1251.62,10.0,2.0,2.5,NR5G-SA,n79,-89,-89,-10,18,-999,5.0
2026-05-28 11:12:05.022,2026-05-28 11:26:51.167,22.6678213,114.5103177,50.0,10.0,0.02,54.8,0.0,24.8,1252.5,1254.12,10.0,2.0,2.5,NR5G-SA,n79,-87,-87,-10,18,-999,6.8
2026-05-28 11:12:05.222,2026-05-28 11:26:51.567,22.6678213,114.5103177,50.0,10.0,0.02,54.8,0.0,24.8,1252.5,1254.12,10.0,2.0,2.5,NR5G-SA,n79,-87,-87,-10,18,-999,15.6
2026-05-28 11:12:05.423,2026-05-28 11:26:51.767,22.6678343,114.5103377,50.0,10.0,-0.01,54.9,0.0,23.4,1255.1,1256.63,10.0,2.0,2.5,NR5G-SA,n79,-87,-87,-10,18,-999,11.4
2026-05-28 11:12:05.623,2026-05-28 11:26:51.967,22.6678471,114.5103575,50.0,10.0,0.01,55.0,0.0,23.4,1257.5,1259.12,10.0,2.0,2.5,NR5G-SA,n79,-88,-88,-10,20,-999,6.8
2026-05-28 11:12:05.824,2026-05-28 11:26:52.167,22.6678601,114.5103775,50.0,10.0,0.03,55.0,0.0,23.4,1260.1,1261.63,10.0,2.0,2.5,NR5G-SA,n79,-88,-88,-10,20,-999,6.1
2026-05-28 11:12:06.024,2026-05-28 11:26:52.167,22.6678730,114.5103973,50.0,10.0,-0.00,55.0,0.0,23.4,1262.5,1264.12,10.0,2.0,2.5,NR5G-SA,n79,-87,-87,-10,19,-999,6.4
2026-05-28 11:12:06.224,2026-05-28 11:26:52.567,22.6678730,114.5103973,50.0,10.0,-0.00,55.0,0.0,23.4,1262.5,1264.12,10.0,2.0,2.5,NR5G-SA,n79,-87,-87,-10,19,-999,14.3
2026-05-28 11:12:06.425,2026-05-28 11:26:52.767,22.6678859,114.5104171,50.0,10.0,-0.01,55.1,0.0,22.6,1265.0,1266.61,10.0,2.0,2.5,NR5G-SA,n79,-87,-87,-10,19,-999,9.3
2026-05-28 11:12:06.625,2026-05-28 11:26:52.967,22.6678988,114.5104370,50.0,10.0,-0.04,55.3,0.0,22.6,1267.5,1269.11,10.0,2.0,2.5,NR5G-SA,n79,-89,-89,-10,19,-999,5.7
2026-05-28 11:12:06.825,2026-05-28 11:26:53.167,22.6679117,114.5104570,50.0,10.0,-0.04,55.3,0.0,22.6,1270.0,1271.61,10.0,2.0,2.5,NR5G-SA,n79,-89,-89,-10,19,-999,6.9
2026-05-28 11:12:07.026,2026-05-28 11:26:53.567,22.6679245,114.5104771,50.0,10.0,-0.04,55.3,0.0,22.6,1272.5,1274.12,10.0,2.0,2.5,NR5G-SA,n79,-89,-89,-10,19,-999,6.9
2026-05-28 11:12:07.226,2026-05-28 11:26:53.567,22.6679245,114.5104771,50.0,10.0,-0.04,55.3,0.0,22.6,1272.5,1274.12,10.0,2.0,2.5,NR5G-SA,n79,-89,-89,-10,19,-999,13.8
2026-05-28 11:12:07.427,2026-05-28 11:26:53.767,22.6679373,114.5104972,50.0,10.0,-0.04,55.4,0.0,22.8,1275.1,1276.63,10.0,2.0,2.5,NR5G-SA,n79,-91,-91,-10,19,-999,8.9
2026-05-28 11:12:07.627,2026-05-28 11:26:53.967,22.6679503,114.5105174,50.0,10.0,-0.01,55.4,0.0,22.8,1277.6,1279.16,10.0,2.0,2.5,NR5G-SA,n79,-91,-91,-10,19,-999,7.0
2026-05-28 11:12:07.827,2026-05-28 11:26:54.167,22.6679632,114.5105374,50.0,10.0,-0.02,55.3,0.0,22.8,1280.1,1281.67,10.0,2.0,2.5,NR5G-SA,n79,-94,-94,-10,20,-999,5.7
2026-05-28 11:12:08.028,2026-05-28 11:26:54.167,22.6679761,114.5105573,50.0,10.0,-0.05,55.2,0.0,22.8,1282.6,1284.17,10.0,2.0,2.5,NR5G-SA,n79,-94,-94,-10,20,-999,5.2
2026-05-28 11:12:08.228,2026-05-28 11:26:54.567,22.6679890,114.5105772,50.0,10.0,-0.05,55.2,0.0,22.8,1285.1,1286.66,10.0,2.0,2.5,NR5G-SA,n79,-89,-89,-10,20,-999,13.5
2026-05-28 11:12:08.428,2026-05-28 11:26:54.767,22.6679890,114.5105772,50.0,10.0,-0.07,55.2,0.0,21.6,1285.1,1286.66,10.0,2.0,2.5,NR5G-SA,n79,-89,-89,-10,20,-999,11.0
2026-05-28 11:12:08.629,2026-05-28 11:26:54.967,22.6680019,114.5105971,50.0,10.0,-0.05,55.2,0.0,21.6,1287.6,1289.16,10.0,2.0,2.5,NR5G-SA,n79,-89,-89,-10,20,-999,6.8
2026-05-28 11:12:08.829,2026-05-28 11:26:55.167,22.6680148,114.5106172,50.0,10.0,0.00,55.2,0.0,21.6,1290.1,1291.68,10.0,2.0,2.5,NR5G-SA,n79,-92,-92,-10,23,-999,6.3
2026-05-28 11:12:09.030,2026-05-28 11:26:55.167,22.6680277,114.5106372,50.0,10.0,-0.01,55.2,0.0,21.6,1292.6,1294.18,10.0,2.0,2.5,NR5G-SA,n79,-92,-92,-10,23,-999,7.2
2026-05-28 11:12:09.230,2026-05-28 11:26:55.567,22.6680405,114.5106572,50.0,10.0,-0.01,55.3,0.0,21.6,1295.1,1296.68,10.0,2.0,2.5,NR5G-SA,n79,-92,-92,-10,23,-999,12.7
2026-05-28 11:12:09.430,2026-05-28 11:26:55.767,22.6680405,114.5106572,50.0,10.0,-0.01,55.3,0.0,21.6,1295.1,1296.68,10.0,2.0,2.5,NR5G-SA,n79,-94,-94,-10,22,-999,9.7
2026-05-28 11:12:09.631,2026-05-28 11:26:55.967,22.6680534,114.5106770,50.0,10.0,0.00,55.3,0.0,20.4,1297.6,1299.17,10.0,2.0,2.5,NR5G-SA,n79,-94,-94,-10,22,-999,5.6
2026-05-28 11:12:09.831,2026-05-28 11:26:56.167,22.6680663,114.5106969,50.0,10.0,0.01,55.3,0.0,20.4,1300.1,1301.67,10.0,2.0,2.5,NR5G-SA,n79,-94,-94,-10,22,-999,5.4
2026-05-28 11:12:10.031,2026-05-28 11:26:56.568,22.6680792,114.5107168,50.0,10.0,0.01,55.3,0.0,20.4,1302.6,1304.17,10.0,2.0,2.5,NR5G-SA,n79,-94,-94,-10,22,-999,5.4
2026-05-28 11:12:10.232,2026-05-28 11:26:56.568,22.6680921,114.5107368,50.0,10.0,0.01,55.3,0.0,20.4,1305.1,1306.68,10.0,2.0,2.5,NR5G-SA,n79,-94,-94,-10,22,-999,13.6
2026-05-28 11:12:10.432,2026-05-28 11:26:56.768,22.6680921,114.5107368,50.0,10.0,-0.00,55.3,0.0,20.4,1305.1,1306.68,10.0,2.0,2.5,NR5G-SA,n79,-87,-87,-10,25,-999,10.0
2026-05-28 11:12:10.633,2026-05-28 11:26:56.968,22.6681050,114.5107569,50.0,10.0,0.01,55.3,0.0,20.7,1307.6,1309.19,10.0,2.0,2.5,NR5G-SA,n79,-87,-87,-10,20,-999,6.3
2026-05-28 11:12:10.833,2026-05-28 11:26:57.168,22.6681177,114.5107768,50.0,10.0,0.03,55.3,0.0,20.7,1310.1,1311.68,10.0,2.0,2.5,NR5G-SA,n79,-87,-87,-10,20,-999,6.4
2026-05-28 11:12:11.033,2026-05-28 11:26:57.568,22.6681306,114.5107967,50.0,10.0,0.00,55.1,0.0,20.7,1312.6,1314.17,10.0,2.0,2.5,NR5G-SA,n79,-90,-90,-10,19,-999,4.1
2026-05-28 11:12:11.234,2026-05-28 11:26:57.568,22.6681434,114.5108166,50.0,10.0,0.04,55.0,0.0,20.7,1315.1,1316.67,10.0,2.0,2.5,NR5G-SA,n79,-90,-90,-10,19,-999,13.2
2026-05-28 11:12:11.434,2026-05-28 11:26:57.768,22.6681434,114.5108166,50.0,10.0,0.04,55.0,0.0,20.7,1315.1,1316.67,10.0,2.0,2.5,NR5G-SA,n79,-90,-90,-10,19,-999,10.4
2026-05-28 11:12:11.634,2026-05-28 11:26:57.968,22.6681564,114.5108363,50.0,10.0,-0.00,54.9,0.0,19.4,1317.6,1319.15,10.0,2.0,2.5,NR5G-SA,n79,-84,-84,-10,19,-999,7.8
2026-05-28 11:12:11.835,2026-05-28 11:26:58.168,22.6681694,114.5108559,50.0,10.0,-0.00,54.9,0.0,19.4,1320.1,1321.63,10.0,2.0,2.5,NR5G-SA,n79,-84,-84,-10,19,-999,6.1
2026-05-28 11:12:12.035,2026-05-28 11:26:58.568,22.6681824,114.5108756,50.0,10.0,0.02,55.0,0.0,19.4,1322.5,1324.12,10.0,2.0,2.5,NR5G-SA,n79,-84,-84,-10,19,-999,4.2
2026-05-28 11:12:12.235,2026-05-28 11:26:58.568,22.6681954,114.5108955,50.0,10.0,-0.01,55.0,0.0,19.4,1325.0,1326.63,10.0,2.0,2.5,NR5G-SA,n79,-89,-89,-10,23,-999,13.4
2026-05-28 11:12:12.436,2026-05-28 11:26:58.768,22.6681954,114.5108955,50.0,10.0,-0.01,55.0,0.0,19.4,1325.0,1326.63,10.0,2.0,2.5,NR5G-SA,n79,-89,-89,-10,23,-999,10.6
2026-05-28 11:12:12.636,2026-05-28 11:26:58.968,22.6682083,114.5109154,50.0,10.0,0.00,55.1,0.0,18.6,1327.5,1329.12,10.0,2.0,2.5,NR5G-SA,n79,-88,-88,-10,22,-999,6.5
2026-05-28 11:12:12.836,2026-05-28 11:26:59.168,22.6682212,114.5109356,50.0,10.0,-0.01,55.1,0.0,18.6,1330.1,1331.65,10.0,2.0,2.5,NR5G-SA,n79,-88,-88,-10,22,-999,5.5
2026-05-28 11:12:13.037,2026-05-28 11:26:59.568,22.6682342,114.5109557,50.0,10.1,-0.00,55.1,0.0,18.6,1332.6,1334.17,10.0,2.0,2.5,NR5G-SA,n79,-88,-88,-10,22,-999,7.8
2026-05-28 11:12:13.237,2026-05-28 11:26:59.568,22.6682471,114.5109756,50.0,10.0,0.01,55.1,0.0,18.6,1335.1,1336.67,10.0,2.0,2.5,NR5G-SA,n79,-87,-87,-10,23,-999,11.8
2026-05-28 11:12:13.437,2026-05-28 11:26:59.768,22.6682471,114.5109756,50.0,10.0,0.01,55.1,0.0,18.6,1335.1,1336.67,10.0,2.0,2.5,NR5G-SA,n79,-87,-87,-10,23,-999,9.5
2026-05-28 11:12:13.638,2026-05-28 11:26:59.968,22.6682600,114.5109955,50.0,10.0,0.00,55.0,0.0,18.2,1337.6,1339.17,10.0,2.0,2.5,NR5G-SA,n79,-87,-87,-10,23,-999,7.9
2026-05-28 11:12:13.838,2026-05-28 11:27:00.168,22.6682730,114.5110153,50.0,10.0,0.00,55.0,0.0,18.2,1340.1,1341.66,10.0,2.0,2.5,NR5G-SA,n79,-90,-90,-10,22,-999,6.6
2026-05-28 11:12:14.038,2026-05-28 11:27:00.168,22.6682859,114.5110350,50.0,10.0,0.00,55.0,0.0,18.2,1342.6,1344.14,10.0,2.0,2.5,NR5G-SA,n79,-90,-90,-10,22,-999,8.0
2026-05-28 11:12:14.239,2026-05-28 11:27:00.568,22.6682988,114.5110549,50.0,10.0,0.00,55.0,0.0,18.2,1345.1,1346.64,10.0,2.0,2.5,NR5G-SA,n79,-90,-90,-10,22,-999,12.1
2026-05-28 11:12:14.439,2026-05-28 11:27:00.768,22.6682988,114.5110549,50.0,10.0,-0.01,55.0,0.0,18.2,1345.1,1346.64,10.0,2.0,2.5,NR5G-SA,n79,-87,-87,-10,22,-999,9.7
2026-05-28 11:12:14.640,2026-05-28 11:27:00.968,22.6683117,114.5110748,50.0,10.0,-0.02,55.1,0.0,19.5,1347.6,1349.14,10.0,2.0,2.5,NR5G-SA,n79,-87,-87,-10,22,-999,4.7
2026-05-28 11:12:14.840,2026-05-28 11:27:01.168,22.6683246,114.5110948,50.0,10.0,0.04,55.1,0.0,19.5,1350.1,1351.65,10.0,2.0,2.5,NR5G-SA,n79,-87,-87,-10,22,-999,4.8
2026-05-28 11:12:15.040,2026-05-28 11:27:01.568,22.6683375,114.5111148,50.0,10.0,0.01,55.1,0.0,19.5,1352.6,1354.15,10.0,2.0,2.5,NR5G-SA,n79,-89,-89,-10,20,-999,6.7
2026-05-28 11:12:15.241,2026-05-28 11:27:01.568,22.6683505,114.5111350,50.0,10.1,-0.00,55.0,0.0,19.5,1355.1,1356.68,10.0,2.0,2.5,NR5G-SA,n79,-89,-89,-10,20,-999,9.9
2026-05-28 11:12:15.441,2026-05-28 11:27:01.768,22.6683505,114.5111350,50.0,10.1,-0.00,55.0,0.0,19.5,1355.1,1356.68,10.0,2.0,2.5,NR5G-SA,n79,-87,-87,-10,21,-999,12.4
2026-05-28 11:12:15.642,2026-05-28 11:27:01.968,22.6683634,114.5111551,50.0,10.0,-0.03,55.0,0.0,18.6,1357.6,1359.20,10.0,2.0,2.5,NR5G-SA,n79,-87,-87,-10,21,-999,7.7
2026-05-28 11:12:15.842,2026-05-28 11:27:02.168,22.6683764,114.5111751,50.0,10.0,-0.02,55.0,0.0,18.6,1360.1,1361.71,10.0,2.0,2.5,NR5G-SA,n79,-87,-87,-10,21,-999,7.5
2026-05-28 11:12:16.042,2026-05-28 11:27:02.568,22.6683892,114.5111949,50.0,10.0,-0.01,55.0,0.0,18.6,1362.6,1364.19,10.0,2.0,2.5,NR5G-SA,n79,-87,-87,-10,20,-999,7.2
2026-05-28 11:12:16.243,2026-05-28 11:27:02.568,22.6684021,114.5112147,50.0,10.0,-0.01,55.0,0.0,18.6,1365.1,1366.68,10.0,2.0,2.5,NR5G-SA,n79,-87,-87,-10,20,-999,11.8
2026-05-28 11:12:16.443,2026-05-28 11:27:02.768,22.6684021,114.5112147,50.0,10.0,-0.01,55.0,0.0,18.6,1365.1,1366.68,10.0,2.0,2.5,NR5G-SA,n79,-87,-87,-10,20,-999,9.3
2026-05-28 11:12:16.643,2026-05-28 11:27:02.968,22.6684150,114.5112347,50.0,10.0,-0.02,55.0,0.0,19.0,1367.6,1369.19,10.0,2.0,2.5,NR5G-SA,n79,-89,-89,-10,21,-999,7.5
2026-05-28 11:12:16.844,2026-05-28 11:27:03.168,22.6684278,114.5112546,50.0,10.0,0.02,55.0,0.0,19.0,1370.1,1371.68,10.0,2.0,2.5,NR5G-SA,n79,-89,-89,-10,21,-999,7.3
2026-05-28 11:12:17.044,2026-05-28 11:27:03.568,22.6684407,114.5112747,50.0,10.0,-0.03,55.0,0.0,19.0,1372.6,1374.20,10.0,2.0,2.5,NR5G-SA,n79,-89,-89,-10,21,-999,4.3
2026-05-28 11:12:17.244,2026-05-28 11:27:03.568,22.6684535,114.5112949,50.0,10.0,-0.01,54.8,100.0,19.0,1375.1,1376.71,10.0,2.0,2.5,NR5G-SA,n79,-86,-86,-10,20,-999,13.3
2026-05-28 11:12:17.445,2026-05-28 11:27:03.768,22.6684535,114.5112949,50.0,10.0,-0.01,54.8,100.0,19.0,1375.1,1376.71,10.0,2.0,2.5,NR5G-SA,n79,-86,-86,-10,20,-999,10.0
2026-05-28 11:12:17.645,2026-05-28 11:27:03.968,22.6684664,114.5113150,50.0,10.0,0.03,54.9,100.0,19.1,1377.7,1379.23,10.0,2.0,2.5,NR5G-SA,n79,-89,-89,-10,22,-999,5.6
2026-05-28 11:12:17.845,2026-05-28 11:27:04.168,22.6684792,114.5113350,50.0,10.0,-0.00,54.8,100.0,19.1,1380.2,1381.73,10.0,2.0,2.5,NR5G-SA,n79,-89,-89,-10,22,-999,6.5
2026-05-28 11:12:18.046,2026-05-28 11:27:04.568,22.6684921,114.5113550,50.0,9.9,0.03,54.8,100.0,19.1,1382.7,1384.23,10.0,2.0,2.5,NR5G-SA,n79,-89,-89,-10,22,-999,5.5
2026-05-28 11:12:18.246,2026-05-28 11:27:04.568,22.6685049,114.5113750,50.0,10.0,0.00,54.9,0.0,19.1,1385.2,1386.73,10.0,2.0,2.5,NR5G-SA,n79,-90,-90,-10,21,-999,10.5
2026-05-28 11:12:18.447,2026-05-28 11:27:04.768,22.6685049,114.5113750,50.0,10.0,0.00,54.9,0.0,19.1,1385.2,1386.73,10.0,2.0,2.5,NR5G-SA,n79,-90,-90,-10,21,-999,8.3
2026-05-28 11:12:18.647,2026-05-28 11:27:04.968,22.6685177,114.5113949,50.0,10.0,0.02,54.9,0.0,19.1,1387.6,1389.23,10.0,2.0,2.5,NR5G-SA,n79,-90,-90,-10,21,-999,7.4
2026-05-28 11:12:18.847,2026-05-28 11:27:05.168,22.6685307,114.5114148,50.0,10.0,0.01,55.0,0.0,18.8,1390.2,1391.73,10.0,2.0,2.5,NR5G-SA,n79,-91,-91,-10,23,-999,6.3
2026-05-28 11:12:19.047,2026-05-28 11:27:05.568,22.6685436,114.5114347,50.0,10.0,0.01,55.1,0.0,18.8,1392.7,1394.23,10.0,2.0,2.5,NR5G-SA,n79,-91,-91,-10,23,-999,8.1
2026-05-28 11:12:19.248,2026-05-28 11:27:05.568,22.6685566,114.5114545,50.0,10.0,0.01,55.1,0.0,18.8,1395.1,1396.73,10.0,2.0,2.5,NR5G-SA,n79,-91,-91,-10,23,-999,11.6
2026-05-28 11:12:19.448,2026-05-28 11:27:05.768,22.6685566,114.5114545,50.0,10.0,0.01,55.1,0.0,18.8,1395.1,1396.73,10.0,2.0,2.5,NR5G-SA,n79,-90,-90,-10,22,-999,10.1
2026-05-28 11:12:19.648,2026-05-28 11:27:05.968,22.6685695,114.5114743,50.0,10.0,0.00,55.1,0.0,18.8,1397.6,1399.22,10.0,2.0,2.5,NR5G-SA,n79,-90,-90,-10,22,-999,7.5
2026-05-28 11:12:19.849,2026-05-28 11:27:06.168,22.6685824,114.5114942,50.0,10.0,0.03,55.1,0.0,18.8,1400.1,1401.71,10.0,2.0,2.5,NR5G-SA,n79,-95,-95,-10,23,-999,5.2
2026-05-28 11:12:20.049,2026-05-28 11:27:06.568,22.6685953,114.5115142,50.0,10.0,0.04,55.1,0.0,18.8,1402.6,1404.22,10.0,2.0,2.5,NR5G-SA,n79,-95,-95,-10,23,-999,6.2
2026-05-28 11:12:20.249,2026-05-28 11:27:06.568,22.6686083,114.5115342,50.0,10.0,0.05,55.1,0.0,18.8,1405.2,1406.73,10.0,2.0,2.5,NR5G-SA,n79,-95,-95,-10,23,-999,13.1
2026-05-28 11:12:20.449,2026-05-28 11:27:06.768,22.6686083,114.5115342,50.0,10.0,0.05,55.1,0.0,18.8,1405.2,1406.73,10.0,2.0,2.5,NR5G-SA,n79,-86,-86,-10,23,-999,8.2
2026-05-28 11:12:20.650,2026-05-28 11:27:06.968,22.6686212,114.5115541,50.0,10.0,0.02,55.1,0.0,18.8,1407.7,1409.23,10.0,2.0,2.5,NR5G-SA,n79,-86,-86,-10,23,-999,6.6
2026-05-28 11:12:20.850,2026-05-28 11:27:07.168,22.6686341,114.5115740,50.0,10.0,0.03,55.0,0.0,19.2,1410.2,1411.73,10.0,2.0,2.5,NR5G-SA,n79,-86,-86,-10,23,-999,6.5
2026-05-28 11:12:21.051,2026-05-28 11:27:07.568,22.6686470,114.5115938,50.0,10.0,0.01,55.0,0.0,19.2,1412.6,1414.22,10.0,2.0,2.5,NR5G-SA,n79,-89,-89,-10,21,-999,5.2
2026-05-28 11:12:21.251,2026-05-28 11:27:07.568,22.6686600,114.5116137,50.0,10.0,0.01,54.9,0.0,19.2,1415.1,1416.72,10.0,2.0,2.5,NR5G-SA,n79,-89,-89,-10,21,-999,11.3
2026-05-28 11:12:21.451,2026-05-28 11:27:07.768,22.6686600,114.5116137,50.0,10.0,0.01,54.9,0.0,19.2,1415.1,1416.72,10.0,2.0,2.5,NR5G-SA,n79,-89,-89,-10,21,-999,8.3
2026-05-28 11:12:21.652,2026-05-28 11:27:07.968,22.6686729,114.5116336,50.0,10.0,0.04,55.0,0.0,19.2,1417.6,1419.22,10.0,2.0,2.5,NR5G-SA,n79,-93,-93,-10,21,-999,6.0
2026-05-28 11:12:21.852,2026-05-28 11:27:08.168,22.6686858,114.5116535,50.0,10.0,0.02,55.1,0.0,19.8,1420.1,1421.72,10.0,2.0,2.5,NR5G-SA,n79,-93,-93,-10,21,-999,5.3
2026-05-28 11:12:22.052,2026-05-28 11:27:08.568,22.6686987,114.5116735,50.0,10.0,0.04,55.2,0.0,19.8,1422.6,1424.23,10.0,2.0,2.5,NR5G-SA,n79,-91,-91,-10,24,-999,4.9
2026-05-28 11:12:22.253,2026-05-28 11:27:08.568,22.6687116,114.5116934,50.0,10.0,0.01,55.1,0.0,19.8,1425.1,1426.72,10.0,2.0,2.5,NR5G-SA,n79,-91,-91,-10,24,-999,12.5
2026-05-28 11:12:22.453,2026-05-28 11:27:08.768,22.6687116,114.5116934,50.0,10.0,0.01,55.1,0.0,19.8,1425.1,1426.72,10.0,2.0,2.5,NR5G-SA,n79,-91,-91,-10,24,-999,10.4
2026-05-28 11:12:22.653,2026-05-28 11:27:08.968,22.6687245,114.5117134,50.0,10.0,0.02,54.9,0.0,19.8,1427.7,1429.23,10.0,2.0,2.5,NR5G-SA,n79,-86,-86,-10,23,-999,7.6
2026-05-28 11:12:22.853,2026-05-28 11:27:09.168,22.6687375,114.5117333,50.0,10.0,0.02,54.8,0.0,20.3,1430.2,1431.74,10.0,2.0,2.5,NR5G-SA,n79,-86,-86,-10,23,-999,6.1
2026-05-28 11:12:23.054,2026-05-28 11:27:09.568,22.6687504,114.5117531,50.0,9.9,-0.01,54.6,0.0,20.3,1432.6,1434.22,10.0,2.0,2.5,NR5G-SA,n79,-86,-86,-10,23,-999,5.9
2026-05-28 11:12:23.254,2026-05-28 11:27:09.568,22.6687634,114.5117730,50.0,10.0,0.01,54.6,0.0,20.3,1435.2,1436.73,10.0,2.0,2.5,NR5G-SA,n79,-90,-90,-10,23,-999,11.2
2026-05-28 11:12:23.454,2026-05-28 11:27:09.768,22.6687634,114.5117730,50.0,10.0,0.01,54.6,0.0,20.3,1435.2,1436.73,10.0,2.0,2.5,NR5G-SA,n79,-90,-90,-10,23,-999,11.0
2026-05-28 11:12:23.655,2026-05-28 11:27:09.968,22.6687764,114.5117929,50.0,10.0,0.00,54.6,0.0,20.3,1437.7,1439.23,10.0,2.0,2.5,NR5G-SA,n79,-90,-90,-10,23,-999,6.5
2026-05-28 11:12:23.855,2026-05-28 11:27:10.168,22.6687894,114.5118128,50.0,10.0,0.00,54.7,0.0,22.3,1440.2,1441.74,10.0,2.0,2.5,NR5G-SA,n79,-93,-93,-10,21,-999,6.0
2026-05-28 11:12:24.055,2026-05-28 11:27:10.568,22.6688023,114.5118327,50.0,10.0,-0.01,54.7,0.0,22.3,1442.7,1444.24,10.0,2.0,2.5,NR5G-SA,n79,-93,-93,-10,21,-999,5.8
2026-05-28 11:12:24.255,2026-05-28 11:27:10.568,22.6688152,114.5118527,50.0,10.0,-0.01,54.8,0.0,22.3,1445.2,1446.74,10.0,2.0,2.5,NR5G-SA,n79,-94,-94,-10,23,-999,9.5
2026-05-28 11:12:24.456,2026-05-28 11:27:10.768,22.6688152,114.5118527,50.0,10.0,-0.01,54.8,0.0,22.3,1445.2,1446.74,10.0,2.0,2.5,NR5G-SA,n79,-94,-94,-10,23,-999,10.9
2026-05-28 11:12:24.656,2026-05-28 11:27:10.968,22.6688280,114.5118725,50.0,10.0,0.03,54.8,0.0,22.3,1447.6,1449.23,10.0,2.0,2.5,NR5G-SA,n79,-94,-94,-10,23,-999,7.4
2026-05-28 11:12:24.857,2026-05-28 11:27:11.168,22.6688408,114.5118925,50.0,10.0,0.00,54.8,0.0,23.0,1450.1,1451.73,10.0,2.0,2.5,NR5G-SA,n79,-89,-89,-10,24,-999,5.8
2026-05-28 11:12:25.057,2026-05-28 11:27:11.568,22.6688537,114.5119125,50.0,10.0,0.00,54.8,0.0,23.0,1452.7,1454.23,10.0,2.0,2.5,NR5G-SA,n79,-89,-89,-10,24,-999,7.2
2026-05-28 11:12:25.257,2026-05-28 11:27:11.568,22.6688665,114.5119325,50.0,10.0,-0.01,54.8,0.0,23.0,1455.2,1456.73,10.0,2.0,2.5,NR5G-SA,n79,-89,-89,-10,24,-999,11.0
2026-05-28 11:12:25.457,2026-05-28 11:27:11.768,22.6688665,114.5119325,50.0,10.0,-0.01,54.8,0.0,23.0,1455.2,1456.73,10.0,2.0,2.5,NR5G-SA,n79,-103,-103,-11,21,-999,9.5
2026-05-28 11:12:25.658,2026-05-28 11:27:11.968,22.6688794,114.5119525,50.0,10.0,-0.01,54.9,0.0,23.0,1457.7,1459.24,10.0,2.0,2.5,NR5G-SA,n79,-103,-103,-11,21,-999,5.2
2026-05-28 11:12:25.858,2026-05-28 11:27:12.168,22.6688924,114.5119725,50.0,10.0,-0.03,55.0,0.0,24.0,1460.2,1461.75,10.0,2.0,2.5,NR5G-SA,n79,-103,-103,-11,21,-999,6.4
2026-05-28 11:12:26.058,2026-05-28 11:27:12.568,22.6689053,114.5119924,50.0,10.0,0.01,54.9,0.0,24.0,1462.7,1464.25,10.0,2.0,2.5,NR5G-SA,n79,-91,-91,-10,23,-999,6.4
2026-05-28 11:12:26.259,2026-05-28 11:27:12.568,22.6689183,114.5120123,50.0,10.0,0.03,54.8,0.0,24.0,1465.2,1466.76,10.0,2.0,2.5,NR5G-SA,n79,-91,-91,-10,23,-999,10.3
2026-05-28 11:12:26.459,2026-05-28 11:27:12.768,22.6689183,114.5120123,50.0,10.0,0.03,54.8,0.0,24.0,1465.2,1466.76,10.0,2.0,2.5,NR5G-SA,n79,-86,-86,-10,22,-999,13.5
2026-05-28 11:12:26.659,2026-05-28 11:27:12.968,22.6689311,114.5120321,50.0,9.9,0.00,54.7,0.0,24.0,1467.7,1469.24,10.0,2.0,2.5,NR5G-SA,n79,-86,-86,-10,22,-999,8.0
2026-05-28 11:12:26.859,2026-05-28 11:27:13.168,22.6689440,114.5120519,50.0,10.0,-0.02,54.7,0.0,24.0,1470.2,1471.73,10.0,2.0,2.5,NR5G-SA,n79,-86,-86,-10,22,-999,6.6
2026-05-28 11:12:27.060,2026-05-28 11:27:13.568,22.6689569,114.5120718,50.0,10.0,0.01,54.7,0.0,25.0,1472.6,1474.23,10.0,2.0,2.5,NR5G-SA,n79,-91,-91,-10,23,-999,6.2
2026-05-28 11:12:27.260,2026-05-28 11:27:13.768,22.6689697,114.5120917,50.0,10.0,0.00,54.9,0.0,25.0,1475.1,1476.72,10.0,2.0,2.5,NR5G-SA,n79,-91,-91,-10,23,-999,7.4
2026-05-28 11:12:27.461,2026-05-28 11:27:13.768,22.6689697,114.5120917,50.0,10.0,0.00,54.9,0.0,25.0,1475.1,1476.72,10.0,2.0,2.5,NR5G-SA,n79,-91,-91,-10,23,-999,16.7
2026-05-28 11:12:27.661,2026-05-28 11:27:13.968,22.6689826,114.5121117,50.0,10.0,-0.00,55.0,0.0,25.0,1477.6,1479.22,10.0,2.0,2.5,NR5G-SA,n79,-92,-92,-10,23,-999,6.9
2026-05-28 11:12:27.861,2026-05-28 11:27:14.168,22.6689954,114.5121317,50.0,10.0,-0.02,55.0,0.0,25.0,1480.1,1481.73,10.0,2.0,2.5,NR5G-SA,n79,-92,-92,-10,23,-999,5.2
2026-05-28 11:12:28.062,2026-05-28 11:27:14.568,22.6690083,114.5121520,50.0,10.1,-0.01,55.1,0.0,25.6,1482.7,1484.26,10.0,2.0,2.5,NR5G-SA,n79,-92,-92,-10,23,-999,4.7
2026-05-28 11:12:28.262,2026-05-28 11:27:14.568,22.6690213,114.5121721,50.0,10.0,0.01,55.3,0.0,25.6,1485.2,1486.78,10.0,2.0,2.5,NR5G-SA,n79,-93,-93,-11,22,-999,9.1
2026-05-28 11:12:28.462,2026-05-28 11:27:14.768,22.6690213,114.5121721,50.0,10.0,0.01,55.3,0.0,25.6,1485.2,1486.78,10.0,2.0,2.5,NR5G-SA,n79,-93,-93,-11,22,-999,14.0
2026-05-28 11:12:28.662,2026-05-28 11:27:14.968,22.6690342,114.5121921,50.0,10.0,-0.02,55.4,0.0,25.6,1487.7,1489.28,10.0,2.0,2.5,NR5G-SA,n79,-93,-93,-11,22,-999,6.0
2026-05-28 11:12:28.863,2026-05-28 11:27:15.168,22.6690471,114.5122120,50.0,9.9,-0.01,55.5,0.0,25.6,1490.2,1491.78,10.0,2.0,2.5,NR5G-SA,n79,-101,-101,-11,22,-999,6.3
2026-05-28 11:12:29.063,2026-05-28 11:27:15.568,22.6690599,114.5122318,50.0,10.0,-0.03,55.4,0.0,26.7,1492.7,1494.27,10.0,2.0,2.5,NR5G-SA,n79,-101,-101,-11,22,-999,4.7
2026-05-28 11:12:29.263,2026-05-28 11:27:15.568,22.6690728,114.5122517,50.0,10.0,-0.06,55.2,0.0,26.7,1495.2,1496.76,10.0,2.0,2.5,NR5G-SA,n79,-94,-94,-10,23,-999,10.4
2026-05-28 11:12:29.464,2026-05-28 11:27:15.768,22.6690728,114.5122517,50.0,10.0,-0.06,55.2,0.0,26.7,1495.2,1496.76,10.0,2.0,2.5,NR5G-SA,n79,-94,-94,-10,23,-999,11.5
2026-05-28 11:12:29.664,2026-05-28 11:27:15.968,22.6690858,114.5122717,50.0,10.0,-0.05,55.1,0.0,26.7,1497.7,1499.28,10.0,2.0,2.5,NR5G-SA,n79,-94,-94,-10,23,-999,9.2
2026-05-28 11:12:29.865,2026-05-28 11:27:16.168,22.6690988,114.5122917,50.0,10.1,-0.05,55.1,0.0,26.7,1500.2,1501.79,10.0,2.0,2.5,NR5G-SA,n79,-101,-101,-10,22,-999,5.9
2026-05-28 11:12:30.065,2026-05-28 11:27:16.569,22.6691117,114.5123117,50.0,10.0,-0.03,55.0,0.0,27.4,1502.7,1504.30,10.0,2.0,2.5,NR5G-SA,n79,-101,-101,-10,22,-999,3.5
2026-05-28 11:12:30.265,2026-05-28 11:27:16.569,22.6691247,114.5123317,50.0,10.0,-0.06,54.9,0.0,27.4,1505.2,1506.81,10.0,2.0,2.5,NR5G-SA,n79,-101,-101,-10,22,-999,8.7
2026-05-28 11:12:30.466,2026-05-28 11:27:16.769,22.6691247,114.5123317,50.0,10.0,-0.06,54.9,0.0,27.4,1505.2,1506.81,10.0,2.0,2.5,NR5G-SA,n79,-95,-95,-10,23,-999,16.0
2026-05-28 11:12:30.666,2026-05-28 11:27:16.969,22.6691377,114.5123516,50.0,10.0,-0.05,54.9,0.0,27.4,1507.7,1509.31,10.0,2.0,2.5,NR5G-SA,n79,-95,-95,-10,23,-999,7.6
2026-05-28 11:12:30.867,2026-05-28 11:27:17.169,22.6691507,114.5123716,50.0,10.0,-0.05,54.9,0.0,27.4,1510.2,1511.83,10.0,2.0,2.5,NR5G-SA,n79,-95,-95,-10,23,-999,5.5
2026-05-28 11:12:31.067,2026-05-28 11:27:17.569,22.6691635,114.5123916,50.0,10.0,-0.02,54.9,0.0,28.6,1512.7,1514.33,10.0,2.0,2.5,NR5G-SA,n79,-102,-102,-10,23,-999,5.6
2026-05-28 11:12:31.267,2026-05-28 11:27:17.569,22.6691764,114.5124115,50.0,10.0,-0.03,55.0,0.0,28.6,1515.2,1516.83,10.0,2.0,2.5,NR5G-SA,n79,-102,-102,-10,23,-999,9.1
2026-05-28 11:12:31.467,2026-05-28 11:27:17.769,22.6691764,114.5124115,50.0,10.0,-0.03,55.0,0.0,28.6,1515.2,1516.83,10.0,2.0,2.5,NR5G-SA,n79,-97,-97,-10,23,-999,11.8
2026-05-28 11:12:31.668,2026-05-28 11:27:17.969,22.6691892,114.5124314,50.0,10.0,-0.04,54.9,0.0,28.6,1517.7,1519.32,10.0,2.0,2.5,NR5G-SA,n79,-97,-97,-10,23,-999,5.7
2026-05-28 11:12:31.868,2026-05-28 11:27:18.169,22.6692022,114.5124513,50.0,10.0,-0.03,54.9,0.0,28.6,1520.2,1521.82,10.0,2.0,2.5,NR5G-SA,n79,-97,-97,-10,23,-999,7.7
2026-05-28 11:12:32.069,2026-05-28 11:27:18.569,22.6692151,114.5124712,50.0,10.0,-0.03,54.9,0.0,27.5,1522.7,1524.32,10.0,2.0,2.5,NR5G-SA,n79,-94,-94,-10,23,-999,5.2
2026-05-28 11:12:32.269,2026-05-28 11:27:18.769,22.6692280,114.5124912,50.0,10.0,-0.06,54.8,0.0,27.5,1525.2,1526.83,10.0,2.0,2.5,NR5G-SA,n79,-94,-94,-10,23,-999,6.3
2026-05-28 11:12:32.469,2026-05-28 11:27:18.769,22.6692280,114.5124912,50.0,10.0,-0.06,54.8,0.0,27.5,1525.2,1526.83,10.0,2.0,2.5,NR5G-SA,n79,-94,-94,-10,23,-999,15.5
2026-05-28 11:12:32.670,2026-05-28 11:27:18.969,22.6692408,114.5125113,50.0,10.0,-0.03,54.8,0.0,27.5,1527.8,1529.33,10.0,2.0,2.5,NR5G-SA,n79,-103,-103,-10,24,-999,6.4
2026-05-28 11:12:32.870,2026-05-28 11:27:19.169,22.6692537,114.5125313,50.0,10.0,-0.02,54.9,0.0,27.5,1530.3,1531.84,10.0,2.0,2.5,NR5G-SA,n79,-103,-103,-10,24,-999,6.3
2026-05-28 11:12:33.070,2026-05-28 11:27:19.569,22.6692665,114.5125512,50.0,10.0,-0.02,54.9,0.0,27.0,1532.8,1534.33,10.0,2.0,2.5,NR5G-SA,n79,-103,-103,-10,24,-999,5.5
2026-05-28 11:12:33.271,2026-05-28 11:27:19.769,22.6692794,114.5125710,50.0,10.0,-0.01,54.9,0.0,27.0,1535.2,1536.82,10.0,2.0,2.5,NR5G-SA,n79,-105,-105,-11,24,-999,7.4
2026-05-28 11:12:33.471,2026-05-28 11:27:19.769,22.6692794,114.5125710,50.0,10.0,-0.01,54.9,0.0,27.0,1535.2,1536.82,10.0,2.0,2.5,NR5G-SA,n79,-105,-105,-11,24,-999,14.8
2026-05-28 11:12:33.671,2026-05-28 11:27:19.969,22.6692923,114.5125909,50.0,9.9,0.04,54.9,0.0,27.0,1537.7,1539.32,10.0,2.0,2.5,NR5G-SA,n79,-89,-89,-10,23,-999,7.8
2026-05-28 11:12:33.872,2026-05-28 11:27:20.169,22.6693051,114.5126108,50.0,10.0,-0.00,55.0,0.0,27.0,1540.2,1541.81,10.0,2.0,2.5,NR5G-SA,n79,-89,-89,-10,23,-999,9.1
2026-05-28 11:12:34.072,2026-05-28 11:27:20.569,22.6693180,114.5126307,50.0,10.0,-0.02,54.9,0.0,27.0,1542.7,1544.31,10.0,2.0,2.5,NR5G-SA,n79,-89,-89,-10,23,-999,5.9
2026-05-28 11:12:34.273,2026-05-28 11:27:20.569,22.6693308,114.5126507,50.0,10.0,0.01,54.9,0.0,25.5,1545.2,1546.81,10.0,2.0,2.5,NR5G-SA,n79,-90,-90,-10,23,-999,8.6
2026-05-28 11:12:34.473,2026-05-28 11:27:20.769,22.6693308,114.5126507,50.0,10.0,0.01,54.9,0.0,25.5,1545.2,1546.81,10.0,2.0,2.5,NR5G-SA,n79,-90,-90,-10,23,-999,13.0
2026-05-28 11:12:34.673,2026-05-28 11:27:20.969,22.6693437,114.5126708,50.0,10.0,0.02,54.9,0.0,25.5,1547.7,1549.33,10.0,2.0,2.5,NR5G-SA,n79,-90,-90,-10,23,-999,5.7
2026-05-28 11:12:34.874,2026-05-28 11:27:21.169,22.6693567,114.5126908,50.0,10.0,-0.02,54.7,0.0,25.5,1550.3,1551.84,10.0,2.0,2.5,NR5G-SA,n79,-90,-90,-10,23,-999,7.0
2026-05-28 11:12:35.074,2026-05-28 11:27:21.569,22.6693697,114.5127108,50.0,10.0,-0.01,54.7,0.0,25.5,1552.8,1554.35,10.0,2.0,2.5,NR5G-SA,n79,-87,-87,-10,23,-999,5.1
2026-05-28 11:12:35.274,2026-05-28 11:27:21.569,22.6693826,114.5127307,50.0,10.0,-0.01,54.7,0.0,23.0,1555.3,1556.85,10.0,2.0,2.5,NR5G-SA,n79,-87,-87,-10,23,-999,9.0
2026-05-28 11:12:35.474,2026-05-28 11:27:21.769,22.6693826,114.5127307,50.0,10.0,-0.01,54.7,0.0,23.0,1555.3,1556.85,10.0,2.0,2.5,NR5G-SA,n79,-89,-89,-10,22,-999,12.8
2026-05-28 11:12:35.675,2026-05-28 11:27:21.969,22.6693956,114.5127506,50.0,10.0,0.04,54.8,0.0,23.0,1557.8,1559.35,10.0,2.0,2.5,NR5G-SA,n79,-89,-89,-10,22,-999,5.3
2026-05-28 11:12:35.875,2026-05-28 11:27:22.169,22.6694086,114.5127705,50.0,10.0,-0.01,54.8,0.0,23.0,1560.3,1561.86,10.0,2.0,2.5,NR5G-SA,n79,-91,-91,-10,22,-999,8.0
2026-05-28 11:12:36.075,2026-05-28 11:27:22.569,22.6694216,114.5127903,50.0,10.0,0.01,54.9,0.0,23.0,1562.8,1564.36,10.0,2.0,2.5,NR5G-SA,n79,-91,-91,-10,22,-999,4.8
2026-05-28 11:12:36.276,2026-05-28 11:27:22.769,22.6694345,114.5128102,50.0,10.0,0.00,54.8,0.0,20.5,1565.3,1566.85,10.0,2.0,2.5,NR5G-SA,n79,-91,-91,-10,22,-999,8.1
2026-05-28 11:12:36.476,2026-05-28 11:27:22.769,22.6694345,114.5128102,50.0,10.0,0.00,54.8,0.0,20.5,1565.3,1566.85,10.0,2.0,2.5,NR5G-SA,n79,-95,-95,-10,22,-999,13.5
2026-05-28 11:12:36.677,2026-05-28 11:27:22.969,22.6694474,114.5128300,50.0,10.0,0.04,54.9,0.0,20.5,1567.8,1569.34,10.0,2.0,2.5,NR5G-SA,n79,-95,-95,-10,22,-999,7.7
2026-05-28 11:12:36.877,2026-05-28 11:27:23.169,22.6694603,114.5128499,50.0,10.0,0.03,54.8,0.0,20.5,1570.3,1571.84,10.0,2.0,2.5,NR5G-SA,n79,-95,-95,-10,22,-999,6.7
2026-05-28 11:12:37.077,2026-05-28 11:27:23.569,22.6694732,114.5128699,50.0,10.0,0.04,54.8,0.0,20.5,1572.8,1574.35,10.0,2.0,2.5,NR5G-SA,n79,-94,-94,-10,23,-999,5.3
2026-05-28 11:12:37.278,2026-05-28 11:27:23.569,22.6694860,114.5128899,50.0,10.0,0.02,54.9,0.0,20.6,1575.3,1576.85,10.0,2.0,2.5,NR5G-SA,n79,-94,-94,-10,23,-999,9.1
2026-05-28 11:12:37.478,2026-05-28 11:27:23.769,22.6694989,114.5129099,50.0,10.0,0.02,54.9,0.0,20.6,1577.8,1579.35,10.0,2.0,2.5,NR5G-SA,n79,-94,-94,-10,23,-999,9.5
2026-05-28 11:12:37.678,2026-05-28 11:27:23.969,22.6694989,114.5129099,50.0,10.0,0.01,54.9,0.0,20.6,1577.8,1579.35,10.0,2.0,2.5,NR5G-SA,n79,-92,-92,-10,22,-999,5.8
2026-05-28 11:12:37.879,2026-05-28 11:27:24.169,22.6695118,114.5129300,50.0,10.0,0.00,54.8,0.0,20.6,1580.3,1581.87,10.0,2.0,2.5,NR5G-SA,n79,-92,-92,-10,22,-999,9.9
2026-05-28 11:12:38.079,2026-05-28 11:27:24.569,22.6695247,114.5129499,50.0,10.0,0.00,54.9,0.0,20.6,1582.8,1584.37,10.0,2.0,2.5,NR5G-SA,n79,-94,-94,-10,23,-999,5.6
2026-05-28 11:12:38.280,2026-05-28 11:27:24.569,22.6695376,114.5129698,50.0,10.0,0.04,54.9,0.0,19.6,1585.3,1586.87,10.0,2.0,2.5,NR5G-SA,n79,-94,-94,-10,23,-999,9.9
2026-05-28 11:12:38.480,2026-05-28 11:27:24.769,22.6695505,114.5129895,50.0,10.0,0.04,54.8,0.0,19.6,1587.8,1589.35,10.0,2.0,2.5,NR5G-SA,n79,-94,-94,-10,23,-999,10.3
2026-05-28 11:12:38.680,2026-05-28 11:27:24.969,22.6695505,114.5129895,50.0,9.9,0.01,54.8,0.0,19.6,1587.8,1589.35,10.0,2.0,2.5,NR5G-SA,n79,-94,-94,-10,23,-999,7.5
2026-05-28 11:12:38.881,2026-05-28 11:27:25.169,22.6695634,114.5130093,50.0,10.0,0.02,54.7,0.0,19.6,1590.3,1591.84,10.0,2.0,2.5,NR5G-SA,n79,-94,-94,-10,23,-999,8.2
2026-05-28 11:12:39.081,2026-05-28 11:27:25.569,22.6695763,114.5130291,50.0,10.0,-0.01,54.7,0.0,19.6,1592.7,1594.33,10.0,2.0,2.5,NR5G-SA,n79,-94,-94,-10,23,-999,6.0
2026-05-28 11:12:39.281,2026-05-28 11:27:25.569,22.6695893,114.5130491,50.0,10.0,0.05,54.8,0.0,20.1,1595.3,1596.84,10.0,2.0,2.5,NR5G-SA,n79,-99,-99,-11,23,-999,9.1
2026-05-28 11:12:39.482,2026-05-28 11:27:25.769,22.6696022,114.5130690,50.0,10.0,0.04,54.8,0.0,20.1,1597.8,1599.34,10.0,2.0,2.5,NR5G-SA,n79,-99,-99,-11,23,-999,9.3
2026-05-28 11:12:39.682,2026-05-28 11:27:25.969,22.6696022,114.5130690,50.0,10.0,0.04,54.8,0.0,20.1,1597.8,1599.34,10.0,2.0,2.5,NR5G-SA,n79,-99,-99,-11,23,-999,7.8
2026-05-28 11:12:39.882,2026-05-28 11:27:26.169,22.6696151,114.5130890,50.0,10.0,0.02,54.8,0.0,20.1,1600.3,1601.84,10.0,2.0,2.5,NR5G-SA,n79,-91,-91,-10,23,-999,7.9
2026-05-28 11:12:40.083,2026-05-28 11:27:26.569,22.6696279,114.5131089,50.0,10.0,0.00,54.8,0.0,20.1,1602.8,1604.34,10.0,2.0,2.5,NR5G-SA,n79,-91,-91,-10,23,-999,3.9
2026-05-28 11:12:40.283,2026-05-28 11:27:26.569,22.6696408,114.5131288,50.0,10.0,0.02,54.7,0.0,20.3,1605.3,1606.83,10.0,2.0,2.5,NR5G-SA,n79,-96,-96,-11,23,-999,7.7
2026-05-28 11:12:40.483,2026-05-28 11:27:26.769,22.6696537,114.5131488,50.0,10.0,0.02,54.7,0.0,20.3,1607.8,1609.34,10.0,2.0,2.5,NR5G-SA,n79,-96,-96,-11,23,-999,10.5
2026-05-28 11:12:40.684,2026-05-28 11:27:26.969,22.6696537,114.5131488,50.0,10.0,-0.00,54.7,0.0,20.3,1607.8,1609.34,10.0,2.0,2.5,NR5G-SA,n79,-96,-96,-11,23,-999,6.2
2026-05-28 11:12:40.884,2026-05-28 11:27:27.169,22.6696666,114.5131687,50.0,10.0,-0.02,54.6,0.0,20.3,1610.3,1611.84,10.0,2.0,2.5,NR5G-SA,n79,-92,-92,-10,22,-999,6.7
2026-05-28 11:12:41.084,2026-05-28 11:27:27.569,22.6696795,114.5131887,50.0,10.0,-0.01,54.6,0.0,20.3,1612.8,1614.34,10.0,2.0,2.5,NR5G-SA,n79,-92,-92,-10,22,-999,5.2
2026-05-28 11:12:41.285,2026-05-28 11:27:27.769,22.6696925,114.5132087,50.0,10.0,-0.01,54.7,0.0,20.3,1615.3,1616.86,10.0,2.0,2.5,NR5G-SA,n79,-92,-92,-10,22,-999,7.5
2026-05-28 11:12:41.485,2026-05-28 11:27:27.769,22.6697053,114.5132286,50.0,10.0,-0.01,54.7,0.0,20.3,1617.8,1619.35,10.0,2.0,2.5,NR5G-SA,n79,-96,-96,-10,22,-999,12.0
2026-05-28 11:12:41.685,2026-05-28 11:27:27.969,22.6697053,114.5132286,50.0,10.0,-0.01,54.7,0.0,20.3,1617.8,1619.35,10.0,2.0,2.5,NR5G-SA,n79,-96,-96,-10,22,-999,6.8
2026-05-28 11:12:41.886,2026-05-28 11:27:28.169,22.6697183,114.5132485,50.0,10.0,-0.01,54.9,0.0,20.3,1620.3,1621.85,10.0,2.0,2.5,NR5G-SA,n79,-96,-96,-10,22,-999,7.5
2026-05-28 11:12:42.086,2026-05-28 11:27:28.569,22.6697313,114.5132683,50.0,10.1,-0.05,54.8,0.0,20.3,1622.8,1624.35,10.0,2.0,2.5,NR5G-SA,n79,-93,-93,-10,23,-999,5.3
2026-05-28 11:12:42.286,2026-05-28 11:27:28.769,22.6697443,114.5132883,50.0,10.1,-0.05,54.9,0.0,20.0,1625.3,1626.86,10.0,2.0,2.5,NR5G-SA,n79,-93,-93,-10,23,-999,8.0
2026-05-28 11:12:42.487,2026-05-28 11:27:28.769,22.6697572,114.5133083,50.0,10.1,-0.04,54.8,0.0,20.0,1627.8,1629.37,10.0,2.0,2.5,NR5G-SA,n79,-93,-93,-10,23,-999,11.3
2026-05-28 11:12:42.687,2026-05-28 11:27:28.969,22.6697572,114.5133083,50.0,10.1,-0.04,54.8,0.0,20.0,1627.8,1629.37,10.0,2.0,2.5,NR5G-SA,n79,-94,-94,-10,23,-999,6.5
2026-05-28 11:12:42.887,2026-05-28 11:27:29.169,22.6697701,114.5133284,50.0,10.1,-0.00,54.8,0.0,20.0,1630.3,1631.88,10.0,2.0,2.5,NR5G-SA,n79,-94,-94,-10,23,-999,8.0
2026-05-28 11:12:43.088,2026-05-28 11:27:29.569,22.6697830,114.5133484,50.0,10.0,0.01,54.9,0.0,20.0,1632.8,1634.39,10.0,2.0,2.5,NR5G-SA,n79,-95,-95,-10,22,-999,5.1
2026-05-28 11:12:43.288,2026-05-28 11:27:29.769,22.6697958,114.5133683,50.0,9.9,-0.02,54.9,0.0,20.0,1635.3,1636.88,10.0,2.0,2.5,NR5G-SA,n79,-95,-95,-10,22,-999,6.9
2026-05-28 11:12:43.488,2026-05-28 11:27:29.769,22.6698084,114.5133880,50.1,9.8,-0.04,55.0,0.0,20.0,1637.8,1639.34,10.0,2.0,2.5,NR5G-SA,n79,-95,-95,-10,22,-999,12.0
2026-05-28 11:12:43.689,2026-05-28 11:27:29.969,22.6698084,114.5133880,50.1,9.8,-0.04,55.0,0.0,20.0,1637.8,1639.34,10.0,2.0,2.5,NR5G-SA,n79,-95,-95,-10,22,-999,6.4
2026-05-28 11:12:43.889,2026-05-28 11:27:30.169,22.6698208,114.5134072,50.1,9.5,-0.06,55.1,0.0,20.0,1640.2,1641.75,10.0,2.0,2.5,NR5G-SA,n79,-95,-95,-10,22,-999,6.0
2026-05-28 11:12:44.089,2026-05-28 11:27:30.569,22.6698328,114.5134258,50.1,9.2,-0.10,55.1,0.0,20.0,1642.5,1644.08,10.0,2.0,2.5,NR5G-SA,n79,-95,-95,-10,22,-999,6.0
2026-05-28 11:12:44.290,2026-05-28 11:27:30.569,22.6698443,114.5134436,50.1,8.9,-0.08,55.2,0.0,20.0,1644.7,1646.32,10.0,2.0,2.5,NR5G-SA,n79,-94,-94,-10,21,-999,11.5
2026-05-28 11:12:44.490,2026-05-28 11:27:30.769,22.6698554,114.5134607,50.1,8.5,-0.11,55.2,0.0,19.1,1646.9,1648.46,10.0,2.0,2.5,NR5G-SA,n79,-94,-94,-10,21,-999,10.0
2026-05-28 11:12:44.691,2026-05-28 11:27:30.969,22.6698554,114.5134607,50.1,8.5,-0.11,55.2,0.0,19.1,1646.9,1648.46,10.0,2.0,2.5,NR5G-SA,n79,-94,-94,-10,21,-999,5.2
2026-05-28 11:12:44.891,2026-05-28 11:27:31.169,22.6698660,114.5134770,50.1,8.1,-0.14,55.4,0.0,19.1,1648.9,1650.51,10.0,2.0,2.5,NR5G-SA,n79,-94,-94,-10,21,-999,9.2
2026-05-28 11:12:45.091,2026-05-28 11:27:31.569,22.6698760,114.5134925,50.1,7.6,-0.11,55.7,0.0,19.1,1650.9,1652.45,10.0,2.0,2.5,NR5G-SA,n79,-94,-94,-10,21,-999,6.1
2026-05-28 11:12:45.291,2026-05-28 11:27:31.769,22.6698854,114.5135070,50.1,7.1,-0.10,56.0,0.0,19.1,1652.7,1654.27,10.0,2.0,2.5,NR5G-SA,n79,-97,-97,-10,21,-999,5.9
2026-05-28 11:12:45.492,2026-05-28 11:27:31.769,22.6698939,114.5135204,50.0,6.5,-0.09,56.8,0.0,19.2,1654.4,1655.94,10.0,2.0,2.5,NR5G-SA,n79,-97,-97,-10,21,-999,11.3
2026-05-28 11:12:45.692,2026-05-28 11:27:31.969,22.6698939,114.5135204,50.0,6.5,-0.09,56.8,0.0,19.2,1654.4,1655.94,10.0,2.0,2.5,NR5G-SA,n79,-97,-97,-10,21,-999,8.3
2026-05-28 11:12:45.893,2026-05-28 11:27:32.169,22.6699015,114.5135326,50.0,5.9,-0.10,58.2,0.0,19.2,1655.9,1657.46,10.0,2.0,2.5,NR5G-SA,n79,-96,-96,-11,20,-999,8.0
2026-05-28 11:12:46.093,2026-05-28 11:27:32.569,22.6699079,114.5135439,50.0,5.3,-0.06,60.2,0.0,19.2,1657.2,1658.82,10.0,2.0,2.5,NR5G-SA,n79,-96,-96,-11,20,-999,5.6
2026-05-28 11:12:46.293,2026-05-28 11:27:32.769,22.6699132,114.5135544,50.0,4.8,-0.05,63.4,0.0,19.2,1658.5,1660.05,10.0,2.0,2.5,NR5G-SA,n79,-96,-96,-11,20,-999,7.4
2026-05-28 11:12:46.494,2026-05-28 11:27:32.769,22.6699171,114.5135643,50.0,4.3,-0.03,68.4,0.0,19.6,1659.5,1661.15,10.0,2.0,2.5,NR5G-SA,n79,-99,-99,-11,20,-999,11.9
2026-05-28 11:12:46.694,2026-05-28 11:27:32.969,22.6699171,114.5135643,50.0,4.3,-0.03,68.4,0.0,19.6,1659.5,1661.15,10.0,2.0,2.5,NR5G-SA,n79,-99,-99,-11,20,-999,5.9
2026-05-28 11:12:46.894,2026-05-28 11:27:33.169,22.6699197,114.5135736,50.0,3.8,-0.04,75.9,0.0,19.6,1660.5,1662.15,10.0,2.0,2.5,NR5G-SA,n79,-99,-99,-11,20,-999,9.0
2026-05-28 11:12:47.095,2026-05-28 11:27:33.569,22.6699208,114.5135824,50.0,3.5,-0.03,85.9,0.0,19.6,1661.3,1663.06,10.0,2.0,2.5,NR5G-SA,n79,-97,-97,-10,21,-999,4.8
2026-05-28 11:12:47.295,2026-05-28 11:27:33.769,22.6699203,114.5135906,50.0,3.3,-0.01,97.0,0.0,19.6,1662.0,1663.91,10.0,2.0,2.5,NR5G-SA,n79,-97,-97,-10,21,-999,4.8
2026-05-28 11:12:47.495,2026-05-28 11:27:33.769,22.6699184,114.5135985,50.0,3.4,-0.01,108.2,0.0,20.5,1662.5,1664.75,10.0,2.0,2.5,NR5G-SA,n79,-99,-99,-10,20,-999,11.0
2026-05-28 11:12:47.696,2026-05-28 11:27:33.969,22.6699184,114.5135985,50.0,3.4,-0.01,108.2,0.0,20.5,1662.5,1664.75,10.0,2.0,2.5,NR5G-SA,n79,-99,-99,-10,20,-999,9.8
2026-05-28 11:12:47.896,2026-05-28 11:27:34.169,22.6699148,114.5136064,50.0,3.7,-0.01,117.9,0.0,20.5,1662.9,1665.65,10.0,2.0,2.5,NR5G-SA,n79,-99,-99,-10,20,-999,7.9
2026-05-28 11:12:48.097,2026-05-28 11:27:34.569,22.6699097,114.5136147,50.0,4.1,0.03,125.3,0.0,20.5,1663.3,1666.68,10.0,2.0,2.5,NR5G-SA,n79,-103,-103,-11,19,-999,6.1
2026-05-28 11:12:48.297,2026-05-28 11:27:34.769,22.6699032,114.5136232,50.0,4.6,0.04,130.5,0.0,20.5,1663.6,1667.81,10.0,2.0,2.5,NR5G-SA,n79,-103,-103,-11,19,-999,9.5
2026-05-28 11:12:48.497,2026-05-28 11:27:34.769,22.6698954,114.5136322,50.0,5.2,-0.01,133.5,0.0,21.5,1663.9,1669.08,10.0,2.0,2.5,NR5G-SA,n79,-103,-103,-11,19,-999,11.1
2026-05-28 11:12:48.698,2026-05-28 11:27:34.969,22.6698954,114.5136322,50.0,5.2,-0.01,133.5,0.0,21.5,1663.9,1669.08,10.0,2.0,2.5,NR5G-SA,n79,-103,-103,-11,19,-999,10.4
2026-05-28 11:12:48.898,2026-05-28 11:27:35.169,22.6698864,114.5136416,50.0,5.8,-0.01,135.1,0.0,21.5,1664.1,1670.47,10.0,2.0,2.5,NR5G-SA,n79,-103,-103,-11,19,-999,13.7
2026-05-28 11:12:49.098,2026-05-28 11:27:35.569,22.6698764,114.5136519,50.0,6.4,-0.02,135.7,0.0,21.5,1664.3,1672.01,10.0,2.0,2.5,NR5G-SA,n79,-103,-103,-11,19,-999,6.6
2026-05-28 11:12:49.299,2026-05-28 11:27:35.769,22.6698652,114.5136630,50.0,7.0,0.03,135.7,0.0,21.5,1664.6,1673.69,10.0,2.0,2.5,NR5G-SA,n79,-101,-101,-11,20,-999,6.8
2026-05-28 11:12:49.499,2026-05-28 11:27:35.769,22.6698530,114.5136751,50.0,7.7,-0.02,135.3,0.0,22.9,1664.8,1675.54,10.0,2.0,2.5,NR5G-SA,n79,-101,-101,-11,20,-999,10.6
2026-05-28 11:12:49.699,2026-05-28 11:27:35.969,22.6698530,114.5136751,50.0,7.7,-0.02,135.3,0.0,22.9,1664.8,1675.54,10.0,2.0,2.5,NR5G-SA,n79,-101,-101,-10,18,-999,11.3
2026-05-28 11:12:49.900,2026-05-28 11:27:36.169,22.6698398,114.5136882,50.0,8.2,0.00,134.7,0.0,22.9,1665.1,1677.53,10.0,2.0,2.5,NR5G-SA,n79,-101,-101,-10,18,-999,8.1
2026-05-28 11:12:50.100,2026-05-28 11:27:36.569,22.6698258,114.5137020,50.0,8.7,0.01,134.3,0.0,22.9,1665.4,1679.64,10.0,2.0,2.5,NR5G-SA,n79,-101,-101,-10,18,-999,5.8
2026-05-28 11:12:50.300,2026-05-28 11:27:36.769,22.6698111,114.5137163,50.0,9.0,0.00,133.9,0.0,22.9,1665.7,1681.83,10.0,2.0,2.5,NR5G-SA,n79,-100,-100,-10,22,-999,8.1
2026-05-28 11:12:50.501,2026-05-28 11:27:36.769,22.6697958,114.5137311,50.0,9.4,0.02,133.6,0.0,24.5,1665.9,1684.12,10.0,2.0,2.5,NR5G-SA,n79,-100,-100,-10,22,-999,7.9
2026-05-28 11:12:50.701,2026-05-28 11:27:36.969,22.6697958,114.5137311,50.0,9.4,0.02,133.6,0.0,24.5,1665.9,1684.12,10.0,2.0,2.5,NR5G-SA,n79,-100,-100,-10,22,-999,8.8
2026-05-28 11:12:50.901,2026-05-28 11:27:37.169,22.6697799,114.5137461,50.0,9.6,0.04,133.4,0.0,24.5,1666.2,1686.46,10.0,2.0,2.5,NR5G-SA,n79,-100,-100,-10,21,-999,9.9
2026-05-28 11:12:51.102,2026-05-28 11:27:37.569,22.6697637,114.5137615,50.0,9.8,0.01,133.4,0.0,24.5,1666.5,1688.86,10.0,2.0,2.5,NR5G-SA,n79,-100,-100,-10,21,-999,7.5
2026-05-28 11:12:51.302,2026-05-28 11:27:37.769,22.6697471,114.5137771,50.0,9.9,0.08,133.3,0.0,24.5,1666.8,1691.31,10.0,2.0,2.5,NR5G-SA,n79,-100,-100,-10,21,-999,5.3
2026-05-28 11:12:51.502,2026-05-28 11:27:37.769,22.6697302,114.5137928,50.1,10.1,0.02,133.3,0.0,24.5,1667.1,1693.79,10.0,2.0,2.5,NR5G-SA,n79,-106,-106,-11,21,-999,10.8
2026-05-28 11:12:51.703,2026-05-28 11:27:37.969,22.6697302,114.5137928,50.1,10.1,0.02,133.3,0.0,24.8,1667.1,1693.79,10.0,2.0,2.5,NR5G-SA,n79,-106,-106,-11,21,-999,13.8
2026-05-28 11:12:51.903,2026-05-28 11:27:38.169,22.6697133,114.5138087,50.0,10.1,0.03,133.5,0.0,24.8,1667.4,1696.28,10.0,2.0,2.5,NR5G-SA,n79,-91,-91,-10,18,-999,8.9
2026-05-28 11:12:52.103,2026-05-28 11:27:38.569,22.6696963,114.5138245,50.1,10.1,0.02,133.7,0.0,24.8,1667.7,1698.77,10.0,2.0,2.5,NR5G-SA,n79,-91,-91,-10,18,-999,6.5
2026-05-28 11:12:52.304,2026-05-28 11:27:38.769,22.6696793,114.5138404,50.0,10.1,-0.02,133.7,0.0,24.8,1668.0,1701.27,10.0,2.0,2.5,NR5G-SA,n79,-91,-91,-10,18,-999,6.0
2026-05-28 11:12:52.504,2026-05-28 11:27:38.769,22.6696622,114.5138564,50.0,10.2,-0.12,133.7,0.0,24.8,1668.3,1703.79,10.0,2.0,2.5,NR5G-SA,n79,-103,-103,-11,20,-999,10.1
2026-05-28 11:12:52.704,2026-05-28 11:27:38.969,22.6696622,114.5138564,50.0,10.2,-0.12,133.7,0.0,24.8,1668.3,1703.79,10.0,2.0,2.5,NR5G-SA,n79,-103,-103,-11,20,-999,10.5
2026-05-28 11:12:52.905,2026-05-28 11:27:39.169,22.6696453,114.5138725,50.0,10.2,-0.07,133.7,0.0,24.8,1668.6,1706.29,10.0,2.0,2.5,NR5G-SA,n79,-103,-103,-11,20,-999,13.4
2026-05-28 11:12:53.105,2026-05-28 11:27:39.569,22.6696283,114.5138888,50.0,10.1,-0.02,133.6,0.0,24.8,1669.0,1708.82,10.0,2.0,2.5,NR5G-SA,n79,-99,-99,-11,21,-999,6.5
2026-05-28 11:12:53.305,2026-05-28 11:27:39.769,22.6696114,114.5139050,50.0,10.1,-0.00,133.6,0.0,24.8,1669.4,1711.33,10.0,2.0,2.5,NR5G-SA,n79,-99,-99,-11,21,-999,5.9
2026-05-28 11:12:53.506,2026-05-28 11:27:39.769,22.6695944,114.5139213,50.0,10.1,-0.02,133.7,0.0,24.8,1669.7,1713.86,10.0,2.0,2.5,NR5G-SA,n79,-99,-99,-11,21,-999,8.5
2026-05-28 11:12:53.706,2026-05-28 11:27:39.969,22.6695944,114.5139213,50.0,10.1,-0.02,133.7,0.0,25.9,1669.7,1713.86,10.0,2.0,2.5,NR5G-SA,n79,-99,-99,-10,21,-999,10.2
2026-05-28 11:12:53.906,2026-05-28 11:27:40.169,22.6695772,114.5139376,50.0,10.2,0.02,133.9,0.0,25.9,1670.1,1716.40,10.0,2.0,2.5,NR5G-SA,n79,-99,-99,-10,21,-999,7.8
2026-05-28 11:12:54.107,2026-05-28 11:27:40.569,22.6695600,114.5139538,50.0,10.1,0.02,134.1,0.0,25.9,1670.4,1718.94,10.0,2.0,2.5,NR5G-SA,n79,-93,-93,-11,22,-999,5.1
2026-05-28 11:12:54.307,2026-05-28 11:27:40.769,22.6695430,114.5139699,50.0,10.1,0.04,134.2,0.0,25.9,1670.8,1721.45,10.0,2.0,2.5,NR5G-SA,n79,-93,-93,-11,22,-999,5.1
2026-05-28 11:12:54.508,2026-05-28 11:27:40.769,22.6695259,114.5139862,50.0,10.1,0.00,134.3,0.0,25.9,1671.1,1723.98,10.0,2.0,2.5,NR5G-SA,n79,-93,-93,-11,22,-999,12.9
2026-05-28 11:12:54.708,2026-05-28 11:27:40.969,22.6695259,114.5139862,50.0,10.1,0.00,134.3,0.0,26.0,1671.1,1723.98,10.0,2.0,2.5,NR5G-SA,n79,-97,-97,-10,20,-999,15.4
2026-05-28 11:12:54.908,2026-05-28 11:27:41.169,22.6695088,114.5140024,50.0,10.1,0.02,134.5,0.0,26.0,1671.5,1726.51,10.0,2.0,2.5,NR5G-SA,n79,-97,-97,-10,20,-999,14.8
2026-05-28 11:12:55.109,2026-05-28 11:27:41.569,22.6694917,114.5140187,50.0,10.1,0.02,134.7,0.0,26.0,1671.9,1729.05,10.0,2.0,2.5,NR5G-SA,n79,-97,-97,-10,20,-999,7.5
2026-05-28 11:12:55.309,2026-05-28 11:27:41.769,22.6694747,114.5140349,50.0,10.0,0.08,134.8,0.0,26.0,1672.2,1731.57,10.0,2.0,2.5,NR5G-SA,n79,-98,-98,-11,18,-999,5.9
2026-05-28 11:12:55.509,2026-05-28 11:27:41.769,22.6694577,114.5140511,50.0,10.0,0.03,135.0,0.0,26.0,1672.6,1734.09,10.0,2.0,2.5,NR5G-SA,n79,-98,-98,-11,18,-999,10.5
2026-05-28 11:12:55.710,2026-05-28 11:27:41.969,22.6694577,114.5140511,50.0,10.0,0.03,135.0,0.0,25.2,1672.6,1734.09,10.0,2.0,2.5,NR5G-SA,n79,-98,-98,-11,18,-999,10.2
2026-05-28 11:12:55.910,2026-05-28 11:27:42.169,22.6694408,114.5140674,50.0,10.0,-0.03,135.2,0.0,25.2,1673.0,1736.61,10.0,2.0,2.5,NR5G-SA,n79,-99,-99,-11,20,-999,8.4
2026-05-28 11:12:56.110,2026-05-28 11:27:42.569,22.6694238,114.5140836,50.0,10.0,-0.04,135.4,0.0,25.2,1673.4,1739.13,10.0,2.0,2.5,NR5G-SA,n79,-99,-99,-11,20,-999,9.1
2026-05-28 11:12:56.310,2026-05-28 11:27:42.769,22.6694069,114.5140998,50.0,10.0,0.04,135.6,0.0,25.2,1673.8,1741.64,10.0,2.0,2.5,NR5G-SA,n79,-99,-99,-10,21,-999,5.4
2026-05-28 11:12:56.511,2026-05-28 11:27:42.769,22.6693899,114.5141159,50.0,9.9,0.03,135.6,0.0,25.2,1674.2,1744.15,10.0,2.0,2.5,NR5G-SA,n79,-99,-99,-10,21,-999,11.8
2026-05-28 11:12:56.711,2026-05-28 11:27:42.969,22.6693899,114.5141159,50.0,9.9,0.03,135.6,0.0,26.3,1674.2,1744.15,10.0,2.0,2.5,NR5G-SA,n79,-99,-99,-10,21,-999,14.4
2026-05-28 11:12:56.911,2026-05-28 11:27:43.167,22.6693730,114.5141321,50.0,9.9,0.00,135.7,0.0,26.3,1674.6,1746.66,10.0,2.0,2.5,NR5G-SA,n79,-102,-102,-11,21,-999,15.6
2026-05-28 11:12:57.112,2026-05-28 11:27:43.567,22.6693562,114.5141483,50.0,9.9,0.00,135.9,0.0,26.3,1675.0,1749.17,10.0,2.0,2.5,NR5G-SA,n79,-102,-102,-11,21,-999,7.6
2026-05-28 11:12:57.312,2026-05-28 11:27:43.767,22.6693392,114.5141646,50.0,10.0,0.03,136.1,0.0,26.3,1675.4,1751.69,10.0,2.0,2.5,NR5G-SA,n79,-102,-102,-11,21,-999,6.4
2026-05-28 11:12:57.513,2026-05-28 11:27:43.767,22.6693224,114.5141807,50.0,10.0,-0.02,136.2,0.0,26.3,1675.8,1754.19,10.0,2.0,2.5,NR5G-SA,n79,-102,-102,-11,21,-999,9.9
2026-05-28 11:12:57.713,2026-05-28 11:27:43.967,22.6693224,114.5141807,50.0,10.0,-0.02,136.2,0.0,27.8,1675.8,1754.19,10.0,2.0,2.5,NR5G-SA,n79,-102,-102,-11,21,-999,15.3
2026-05-28 11:12:57.913,2026-05-28 11:27:44.167,22.6693057,114.5141968,50.0,9.9,-0.03,136.2,0.0,27.8,1676.3,1756.68,10.0,2.0,2.5,NR5G-SA,n79,-102,-102,-11,21,-999,8.4
2026-05-28 11:12:58.114,2026-05-28 11:27:44.567,22.6692890,114.5142130,50.0,9.9,-0.08,136.2,0.0,27.8,1676.7,1759.17,10.0,2.0,2.5,NR5G-SA,n79,-95,-95,-10,21,-999,7.5
2026-05-28 11:12:58.314,2026-05-28 11:27:44.767,22.6692723,114.5142291,49.9,9.9,-0.07,136.2,0.0,27.8,1677.1,1761.66,10.0,2.0,2.5,NR5G-SA,n79,-95,-95,-10,21,-999,6.1
2026-05-28 11:12:58.514,2026-05-28 11:27:44.767,22.6692555,114.5142453,49.9,10.0,-0.01,136.2,0.0,27.8,1677.6,1764.16,10.0,2.0,2.5,NR5G-SA,n79,-95,-95,-10,21,-999,9.4
2026-05-28 11:12:58.715,2026-05-28 11:27:44.967,22.6692555,114.5142453,49.9,10.0,-0.01,136.2,0.0,27.8,1677.6,1764.16,10.0,2.0,2.5,NR5G-SA,n79,-98,-98,-10,22,-999,15.7
2026-05-28 11:12:58.915,2026-05-28 11:27:45.167,22.6692388,114.5142616,49.9,9.9,0.08,136.4,0.0,27.3,1678.0,1766.67,10.0,2.0,2.5,NR5G-SA,n79,-98,-98,-10,22,-999,8.3
2026-05-28 11:12:59.115,2026-05-28 11:27:45.567,22.6692219,114.5142779,49.9,9.9,0.07,136.5,0.0,27.3,1678.5,1769.18,10.0,2.0,2.5,NR5G-SA,n79,-102,-102,-11,21,-999,5.3
2026-05-28 11:12:59.316,2026-05-28 11:27:45.767,22.6692051,114.5142942,49.9,9.9,0.05,136.5,0.0,27.3,1678.9,1771.69,10.0,2.0,2.5,NR5G-SA,n79,-102,-102,-11,21,-999,5.3
2026-05-28 11:12:59.516,2026-05-28 11:27:45.767,22.6691882,114.5143106,50.0,9.9,0.13,136.8,0.0,27.3,1679.4,1774.22,10.0,2.0,2.5,NR5G-SA,n79,-102,-102,-11,21,-999,11.4
2026-05-28 11:12:59.716,2026-05-28 11:27:45.967,22.6691882,114.5143106,50.0,9.9,0.13,136.8,0.0,27.3,1679.4,1774.22,10.0,2.0,2.5,NR5G-SA,n79,-93,-93,-10,21,-999,15.5
2026-05-28 11:12:59.917,2026-05-28 11:27:46.167,22.6691714,114.5143267,50.0,9.9,0.04,136.9,0.0,25.9,1679.8,1776.72,10.0,2.0,2.5,NR5G-SA,n79,-93,-93,-10,21,-999,11.2
2026-05-28 11:13:00.117,2026-05-28 11:27:46.567,22.6691546,114.5143428,50.0,9.9,0.00,136.9,0.0,25.9,1680.3,1779.21,10.0,2.0,2.5,NR5G-SA,n79,-93,-93,-10,21,-999,6.1
2026-05-28 11:13:00.317,2026-05-28 11:27:46.767,22.6691379,114.5143590,50.0,9.9,0.00,136.9,0.0,25.9,1680.7,1781.71,10.0,2.0,2.5,NR5G-SA,n79,-95,-95,-10,20,-999,8.3
2026-05-28 11:13:00.518,2026-05-28 11:27:46.767,22.6691212,114.5143752,50.0,9.9,-0.00,136.8,0.0,25.9,1681.2,1784.20,10.0,2.0,2.5,NR5G-SA,n79,-95,-95,-10,20,-999,9.0
2026-05-28 11:13:00.718,2026-05-28 11:27:46.967,22.6691212,114.5143752,50.0,9.9,-0.00,136.8,0.0,25.9,1681.2,1784.20,10.0,2.0,2.5,NR5G-SA,n79,-95,-95,-10,20,-999,12.8
2026-05-28 11:13:00.918,2026-05-28 11:27:47.167,22.6691045,114.5143914,50.0,9.9,0.05,136.9,0.0,26.9,1681.7,1786.70,10.0,2.0,2.5,NR5G-SA,n79,-95,-95,-10,18,-999,10.0
2026-05-28 11:13:01.118,2026-05-28 11:27:47.567,22.6690879,114.5144076,50.0,10.0,0.09,136.9,0.0,26.9,1682.2,1789.18,10.0,2.0,2.5,NR5G-SA,n79,-95,-95,-10,18,-999,7.4
2026-05-28 11:13:01.319,2026-05-28 11:27:47.767,22.6690712,114.5144239,50.0,10.0,0.06,136.8,0.0,26.9,1682.6,1791.69,10.0,2.0,2.5,NR5G-SA,n79,-101,-101,-10,18,-999,6.8
2026-05-28 11:13:01.519,2026-05-28 11:27:47.767,22.6690546,114.5144401,50.0,10.0,-0.07,136.8,0.0,26.9,1683.1,1794.17,10.0,2.0,2.5,NR5G-SA,n79,-101,-101,-10,18,-999,7.9
2026-05-28 11:13:01.719,2026-05-28 11:27:47.967,22.6690378,114.5144564,50.0,10.0,-0.04,136.9,0.0,26.9,1683.6,1796.68,10.0,2.0,2.5,NR5G-SA,n79,-101,-101,-10,18,-999,12.7
2026-05-28 11:13:01.920,2026-05-28 11:27:48.167,22.6690378,114.5144564,50.0,10.0,-0.04,136.9,0.0,24.6,1683.6,1796.68,10.0,2.0,2.5,NR5G-SA,n79,-99,-99,-10,19,-999,17.0
2026-05-28 11:13:02.120,2026-05-28 11:27:48.567,22.6690211,114.5144728,50.0,10.0,-0.06,137.0,0.0,24.6,1684.1,1799.19,10.0,2.0,2.5,NR5G-SA,n79,-99,-99,-10,19,-999,9.0
2026-05-28 11:13:02.320,2026-05-28 11:27:48.767,22.6690043,114.5144892,50.0,10.0,0.00,137.1,0.0,24.6,1684.6,1801.71,10.0,2.0,2.5,NR5G-SA,n79,-99,-99,-10,19,-999,6.4
2026-05-28 11:13:02.521,2026-05-28 11:27:48.767,22.6689875,114.5145055,50.0,10.0,0.02,137.1,0.0,24.6,1685.1,1804.22,10.0,2.0,2.5,NR5G-SA,n79,-97,-97,-10,18,-999,8.2
2026-05-28 11:13:02.721,2026-05-28 11:27:48.967,22.6689875,114.5145055,50.0,10.0,0.02,137.1,0.0,24.6,1685.1,1804.22,10.0,2.0,2.5,NR5G-SA,n79,-97,-97,-10,18,-999,15.2
2026-05-28 11:13:02.922,2026-05-28 11:27:49.167,22.6689708,114.5145217,50.0,10.0,0.01,137.1,0.0,23.4,1685.6,1806.71,10.0,2.0,2.5,NR5G-SA,n79,-97,-97,-10,18,-999,11.0
2026-05-28 11:13:03.122,2026-05-28 11:27:49.567,22.6689541,114.5145380,50.0,9.9,0.02,137.2,0.0,23.4,1686.2,1809.22,10.0,2.0,2.5,NR5G-SA,n79,-99,-99,-10,17,-999,5.8
2026-05-28 11:13:03.322,2026-05-28 11:27:49.767,22.6689373,114.5145542,50.0,9.9,-0.04,137.3,0.0,23.4,1686.7,1811.72,10.0,2.0,2.5,NR5G-SA,n79,-99,-99,-10,17,-999,6.9
2026-05-28 11:13:03.523,2026-05-28 11:27:49.767,22.6689204,114.5145704,50.0,10.0,-0.03,137.4,0.0,23.4,1687.2,1814.23,10.0,2.0,2.5,NR5G-SA,n79,-93,-93,-10,17,-999,7.5
2026-05-28 11:13:03.723,2026-05-28 11:27:49.967,22.6689035,114.5145865,50.0,10.0,-0.03,137.5,0.0,23.4,1687.7,1816.74,10.0,2.0,2.5,NR5G-SA,n79,-93,-93,-10,17,-999,14.0
2026-05-28 11:13:03.924,2026-05-28 11:27:50.167,22.6689035,114.5145865,50.0,10.0,-0.01,137.5,0.0,21.5,1687.7,1816.74,10.0,2.0,2.5,NR5G-SA,n79,-93,-93,-10,17,-999,15.5
2026-05-28 11:13:04.124,2026-05-28 11:27:50.567,22.6688865,114.5146026,50.0,10.0,0.09,137.6,0.0,21.5,1688.2,1819.25,10.0,2.0,2.5,NR5G-SA,n79,-94,-94,-10,18,-999,8.3
2026-05-28 11:13:04.324,2026-05-28 11:27:50.767,22.6688696,114.5146187,50.0,10.0,0.01,137.5,0.0,21.5,1688.7,1821.75,10.0,2.0,2.5,NR5G-SA,n79,-94,-94,-10,18,-999,5.8
2026-05-28 11:13:04.525,2026-05-28 11:27:50.967,22.6688528,114.5146349,50.0,9.9,-0.03,137.5,0.0,21.5,1689.2,1824.26,10.0,2.0,2.5,NR5G-SA,n79,-94,-94,-10,18,-999,7.5
2026-05-28 11:13:04.725,2026-05-28 11:27:50.967,22.6688361,114.5146511,50.0,9.9,-0.03,137.6,0.0,21.5,1689.7,1826.75,10.0,2.0,2.5,NR5G-SA,n79,-96,-96,-10,18,-999,14.6
2026-05-28 11:13:04.925,2026-05-28 11:27:51.167,22.6688361,114.5146511,50.0,10.0,0.02,137.6,0.0,20.4,1689.7,1826.75,10.0,2.0,2.5,NR5G-SA,n79,-96,-96,-10,18,-999,14.5
2026-05-28 11:13:05.126,2026-05-28 11:27:51.567,22.6688194,114.5146673,50.0,9.9,0.04,137.5,0.0,20.4,1690.3,1829.25,10.0,2.0,2.5,NR5G-SA,n79,-96,-96,-10,18,-999,7.4
2026-05-28 11:13:05.326,2026-05-28 11:27:51.767,22.6688027,114.5146834,50.0,9.9,0.06,137.3,0.0,20.4,1690.8,1831.74,10.0,2.0,2.5,NR5G-SA,n79,-101,-101,-10,17,-999,7.0
2026-05-28 11:13:05.526,2026-05-28 11:27:51.767,22.6687860,114.5146995,50.0,9.9,-0.01,137.3,0.0,20.4,1691.3,1834.22,10.0,2.0,2.5,NR5G-SA,n79,-101,-101,-10,17,-999,9.5
2026-05-28 11:13:05.727,2026-05-28 11:27:51.967,22.6687693,114.5147157,50.0,9.9,-0.01,137.3,0.0,20.4,1691.9,1836.72,10.0,2.0,2.5,NR5G-SA,n79,-97,-97,-10,18,-999,13.9
2026-05-28 11:13:05.927,2026-05-28 11:27:52.167,22.6687693,114.5147157,50.0,10.0,-0.01,137.3,0.0,18.5,1691.9,1836.72,10.0,2.0,2.5,NR5G-SA,n79,-97,-97,-10,18,-999,14.5
2026-05-28 11:13:06.127,2026-05-28 11:27:52.567,22.6687526,114.5147318,50.0,9.9,-0.01,137.2,0.0,18.5,1692.4,1839.21,10.0,2.0,2.5,NR5G-SA,n79,-97,-97,-10,18,-999,7.5
2026-05-28 11:13:06.328,2026-05-28 11:27:52.767,22.6687359,114.5147481,50.0,10.0,0.02,137.2,0.0,18.5,1693.0,1841.71,10.0,2.0,2.5,NR5G-SA,n79,-97,-97,-10,17,-999,6.5
2026-05-28 11:13:06.528,2026-05-28 11:27:52.767,22.6687192,114.5147644,50.0,9.9,-0.00,137.1,0.0,18.5,1693.5,1844.21,10.0,2.0,2.5,NR5G-SA,n79,-97,-97,-10,17,-999,8.6
2026-05-28 11:13:06.728,2026-05-28 11:27:52.967,22.6687025,114.5147807,50.0,9.9,-0.00,137.2,0.0,18.5,1694.1,1846.71,10.0,2.0,2.5,NR5G-SA,n79,-97,-97,-10,17,-999,14.6
2026-05-28 11:13:06.929,2026-05-28 11:27:53.167,22.6687025,114.5147807,50.0,10.0,0.05,137.2,0.0,20.0,1694.1,1846.71,10.0,2.0,2.5,NR5G-SA,n79,-96,-96,-10,16,-999,12.5
2026-05-28 11:13:07.129,2026-05-28 11:27:53.567,22.6686858,114.5147970,50.0,10.0,-0.05,137.2,0.0,20.0,1694.7,1849.21,10.0,2.0,2.5,NR5G-SA,n79,-96,-96,-10,16,-999,6.7
2026-05-28 11:13:07.329,2026-05-28 11:27:53.767,22.6686691,114.5148133,50.0,10.0,-0.04,137.1,0.0,20.0,1695.2,1851.72,10.0,2.0,2.5,NR5G-SA,n79,-96,-96,-10,16,-999,7.0
2026-05-28 11:13:07.530,2026-05-28 11:27:53.767,22.6686524,114.5148296,50.0,10.0,0.03,137.1,3.8,20.0,1695.8,1854.22,10.0,2.0,2.5,NR5G-SA,n79,-98,-98,-10,17,-999,9.5
2026-05-28 11:13:07.730,2026-05-28 11:27:53.967,22.6686356,114.5148459,50.0,10.0,0.03,137.2,3.8,20.0,1696.4,1856.73,10.0,2.0,2.5,NR5G-SA,n79,-98,-98,-10,17,-999,10.8
2026-05-28 11:13:07.930,2026-05-28 11:27:54.167,22.6686356,114.5148459,50.0,9.9,0.01,137.2,3.8,20.0,1696.4,1856.73,10.0,2.0,2.5,NR5G-SA,n79,-98,-98,-10,17,-999,10.4
2026-05-28 11:13:08.131,2026-05-28 11:27:54.567,22.6686189,114.5148621,50.0,10.0,0.00,137.4,3.8,18.1,1697.0,1859.22,10.0,2.0,2.5,NR5G-SA,n79,-100,-100,-10,20,-999,7.3
2026-05-28 11:13:08.331,2026-05-28 11:27:54.767,22.6686022,114.5148783,50.1,9.9,-0.02,137.4,3.8,18.1,1697.5,1861.72,10.0,2.0,2.5,NR5G-SA,n79,-100,-100,-10,20,-999,6.7
2026-05-28 11:13:08.532,2026-05-28 11:27:54.967,22.6685854,114.5148944,50.0,10.0,-0.06,137.4,0.0,18.1,1698.1,1864.21,10.0,2.0,2.5,NR5G-SA,n79,-101,-101,-10,19,-999,7.1
2026-05-28 11:13:08.732,2026-05-28 11:27:54.967,22.6685686,114.5149105,50.0,10.0,-0.11,137.5,0.0,18.1,1698.7,1866.71,10.0,2.0,2.5,NR5G-SA,n79,-101,-101,-10,19,-999,13.1
2026-05-28 11:13:08.932,2026-05-28 11:27:55.167,22.6685686,114.5149105,50.0,10.0,-0.11,137.5,0.0,18.1,1698.7,1866.71,10.0,2.0,2.5,NR5G-SA,n79,-101,-101,-10,19,-999,13.2
2026-05-28 11:13:09.133,2026-05-28 11:27:55.567,22.6685518,114.5149266,50.0,9.9,-0.06,137.6,0.0,19.1,1699.3,1869.21,10.0,2.0,2.5,NR5G-SA,n79,-102,-102,-10,18,-999,8.6
2026-05-28 11:13:09.333,2026-05-28 11:27:55.767,22.6685350,114.5149426,50.0,10.0,0.02,137.7,0.0,19.1,1699.8,1871.70,10.0,2.0,2.5,NR5G-SA,n79,-102,-102,-10,18,-999,6.3
2026-05-28 11:13:09.533,2026-05-28 11:27:55.767,22.6685183,114.5149586,50.0,10.0,-0.05,137.6,0.0,19.1,1700.4,1874.18,10.0,2.0,2.5,NR5G-SA,n79,-102,-102,-10,18,-999,10.0
2026-05-28 11:13:09.734,2026-05-28 11:27:55.967,22.6685016,114.5149747,50.0,10.0,-0.01,137.4,0.0,19.1,1701.0,1876.67,10.0,2.0,2.5,NR5G-SA,n79,-101,-101,-10,18,-999,14.0
2026-05-28 11:13:09.934,2026-05-28 11:27:56.167,22.6685016,114.5149747,50.0,10.0,-0.01,137.4,0.0,19.1,1701.0,1876.67,10.0,2.0,2.5,NR5G-SA,n79,-101,-101,-10,18,-999,7.5
2026-05-28 11:13:10.134,2026-05-28 11:27:56.567,22.6684850,114.5149909,50.0,9.9,0.01,137.3,0.0,19.4,1701.6,1879.15,10.0,2.0,2.5,NR5G-SA,n79,-99,-99,-10,18,-999,10.0
2026-05-28 11:13:10.335,2026-05-28 11:27:56.767,22.6684684,114.5150071,50.1,10.0,-0.01,137.1,0.0,19.4,1702.2,1881.64,10.0,2.0,2.5,NR5G-SA,n79,-99,-99,-10,18,-999,7.3
2026-05-28 11:13:10.535,2026-05-28 11:27:56.967,22.6684518,114.5150234,50.1,10.0,-0.03,137.2,42.0,19.4,1702.9,1884.13,10.0,2.0,2.5,NR5G-SA,n79,-99,-99,-10,18,-999,9.1
2026-05-28 11:13:10.735,2026-05-28 11:27:56.967,22.6684351,114.5150396,50.1,10.0,-0.01,137.4,42.0,19.4,1703.5,1886.63,10.0,2.0,2.5,NR5G-SA,n79,-98,-98,-10,19,-999,13.1
2026-05-28 11:13:10.936,2026-05-28 11:27:57.167,22.6684351,114.5150396,50.1,10.0,-0.01,137.4,42.0,19.4,1703.5,1886.63,10.0,2.0,2.5,NR5G-SA,n79,-98,-98,-10,19,-999,8.6
2026-05-28 11:13:11.136,2026-05-28 11:27:57.567,22.6684183,114.5150557,50.1,10.0,-0.01,137.5,42.0,20.5,1704.1,1889.13,10.0,2.0,2.5,NR5G-SA,n79,-98,-98,-10,19,-999,7.3
2026-05-28 11:13:11.336,2026-05-28 11:27:57.767,22.6684015,114.5150717,50.1,10.0,-0.07,137.6,42.0,20.5,1704.7,1891.62,10.0,2.0,2.5,NR5G-SA,n79,-98,-98,-10,20,-999,5.9
2026-05-28 11:13:11.537,2026-05-28 11:27:57.967,22.6683847,114.5150878,50.1,10.1,-0.08,137.6,24.5,20.5,1705.3,1894.11,10.0,2.0,2.5,NR5G-SA,n79,-98,-98,-10,20,-999,7.9
2026-05-28 11:13:11.737,2026-05-28 11:27:57.967,22.6683678,114.5151040,50.0,10.1,-0.12,137.7,24.5,20.5,1705.9,1896.62,10.0,2.0,2.5,NR5G-SA,n79,-98,-98,-10,20,-999,12.1
2026-05-28 11:13:11.937,2026-05-28 11:27:58.167,22.6683678,114.5151040,50.0,10.1,-0.12,137.7,24.5,20.5,1705.9,1896.62,10.0,2.0,2.5,NR5G-SA,n79,-101,-101,-10,20,-999,10.7
2026-05-28 11:13:12.137,2026-05-28 11:27:58.567,22.6683511,114.5151203,50.0,10.1,-0.10,137.6,24.5,20.4,1706.5,1899.13,10.0,2.0,2.5,NR5G-SA,n79,-101,-101,-10,20,-999,7.7
2026-05-28 11:13:12.338,2026-05-28 11:27:58.767,22.6683343,114.5151367,50.0,10.0,-0.04,137.5,24.5,20.4,1707.2,1901.64,10.0,2.0,2.5,NR5G-SA,n79,-101,-101,-10,20,-999,5.1
2026-05-28 11:13:12.538,2026-05-28 11:27:58.967,22.6683176,114.5151530,50.0,10.0,-0.03,137.5,37.2,20.4,1707.8,1904.14,10.0,2.0,2.5,NR5G-SA,n79,-103,-103,-10,19,-999,7.4
2026-05-28 11:13:12.738,2026-05-28 11:27:58.967,22.6683010,114.5151692,50.0,9.9,0.01,137.5,37.2,20.4,1708.5,1906.63,10.0,2.0,2.5,NR5G-SA,n79,-103,-103,-10,19,-999,12.5
2026-05-28 11:13:12.939,2026-05-28 11:27:59.167,22.6683010,114.5151692,50.0,9.9,0.01,137.5,37.2,20.4,1708.5,1906.63,10.0,2.0,2.5,NR5G-SA,n79,-100,-100,-10,20,-999,8.7
2026-05-28 11:13:13.139,2026-05-28 11:27:59.567,22.6682842,114.5151852,50.0,10.0,-0.03,137.5,37.2,20.9,1709.1,1909.12,10.0,2.0,2.5,NR5G-SA,n79,-100,-100,-10,20,-999,6.4
2026-05-28 11:13:13.339,2026-05-28 11:27:59.767,22.6682673,114.5152013,50.0,10.0,0.01,137.5,37.2,20.9,1709.7,1911.63,10.0,2.0,2.5,NR5G-SA,n79,-100,-100,-10,20,-999,6.2
2026-05-28 11:13:13.539,2026-05-28 11:27:59.767,22.6682505,114.5152173,50.0,10.0,0.03,137.4,0.0,20.9,1710.4,1914.12,10.0,2.0,2.5,NR5G-SA,n79,-99,-99,-10,21,-999,7.2
2026-05-28 11:13:13.740,2026-05-28 11:27:59.967,22.6682337,114.5152334,50.0,10.0,0.02,137.3,0.0,20.9,1711.0,1916.61,10.0,2.0,2.5,NR5G-SA,n79,-99,-99,-10,21,-999,5.8
2026-05-28 11:13:13.940,2026-05-28 11:28:00.167,22.6682337,114.5152334,50.0,10.0,0.02,137.3,0.0,20.9,1711.0,1916.61,10.0,2.0,2.5,NR5G-SA,n79,-99,-99,-10,21,-999,11.9
2026-05-28 11:13:14.140,2026-05-28 11:28:00.567,22.6682170,114.5152497,50.0,10.1,-0.06,137.4,0.0,20.7,1711.7,1919.11,10.0,2.0,2.5,NR5G-SA,n79,-93,-93,-10,20,-999,7.0
2026-05-28 11:13:14.341,2026-05-28 11:28:00.767,22.6682002,114.5152661,50.0,10.0,0.02,137.4,0.0,20.7,1712.3,1921.63,10.0,2.0,2.5,NR5G-SA,n79,-93,-93,-10,20,-999,5.0
2026-05-28 11:13:14.541,2026-05-28 11:28:00.967,22.6681835,114.5152823,50.0,10.0,-0.03,137.4,0.0,20.7,1713.0,1924.13,10.0,2.0,2.5,NR5G-SA,n79,-93,-93,-10,20,-999,6.6
2026-05-28 11:13:14.741,2026-05-28 11:28:00.967,22.6681667,114.5152985,50.0,10.0,-0.05,137.4,0.0,20.7,1713.7,1926.63,10.0,2.0,2.5,NR5G-SA,n79,-103,-103,-11,20,-999,12.4
2026-05-28 11:13:14.942,2026-05-28 11:28:01.166,22.6681667,114.5152985,50.0,10.0,-0.05,137.4,0.0,20.7,1713.7,1926.63,10.0,2.0,2.5,NR5G-SA,n79,-103,-103,-11,20,-999,13.2
2026-05-28 11:13:15.142,2026-05-28 11:28:01.566,22.6681498,114.5153147,50.0,10.0,-0.05,137.4,0.0,22.5,1714.3,1929.14,10.0,2.0,2.5,NR5G-SA,n79,-100,-100,-10,20,-999,5.4
2026-05-28 11:13:15.342,2026-05-28 11:28:01.766,22.6681330,114.5153308,50.0,10.0,-0.01,137.7,0.0,22.5,1715.0,1931.64,10.0,2.0,2.5,NR5G-SA,n79,-100,-100,-10,20,-999,5.7
2026-05-28 11:13:15.543,2026-05-28 11:28:01.966,22.6681161,114.5153469,50.0,10.0,-0.01,137.8,54.6,22.5,1715.7,1934.14,10.0,2.0,2.5,NR5G-SA,n79,-100,-100,-10,20,-999,7.1
2026-05-28 11:13:15.743,2026-05-28 11:28:01.966,22.6680992,114.5153630,50.0,10.1,-0.03,138.0,54.6,22.5,1716.3,1936.65,10.0,2.0,2.5,NR5G-SA,n79,-97,-97,-10,20,-999,11.2
2026-05-28 11:13:15.944,2026-05-28 11:28:02.166,22.6680992,114.5153630,50.0,10.1,-0.03,138.0,54.6,22.5,1716.3,1936.65,10.0,2.0,2.5,NR5G-SA,n79,-97,-97,-10,20,-999,9.4
2026-05-28 11:13:16.144,2026-05-28 11:28:02.566,22.6680823,114.5153791,50.0,10.0,-0.02,138.0,54.6,22.5,1717.0,1939.15,10.0,2.0,2.5,NR5G-SA,n79,-97,-97,-10,20,-999,5.3
2026-05-28 11:13:16.344,2026-05-28 11:28:02.766,22.6680654,114.5153953,50.0,10.0,0.05,138.0,54.6,22.8,1717.7,1941.66,10.0,2.0,2.5,NR5G-SA,n79,-102,-102,-10,19,-999,5.9
2026-05-28 11:13:16.544,2026-05-28 11:28:02.966,22.6680485,114.5154115,50.0,10.0,-0.04,138.1,54.6,22.8,1718.3,1944.18,10.0,2.0,2.5,NR5G-SA,n79,-102,-102,-10,19,-999,4.6
2026-05-28 11:13:16.745,2026-05-28 11:28:02.966,22.6680317,114.5154278,50.0,10.0,-0.05,137.9,24.1,22.8,1719.0,1946.69,10.0,2.0,2.5,NR5G-SA,n79,-102,-102,-10,19,-999,8.8
2026-05-28 11:13:16.945,2026-05-28 11:28:03.166,22.6680317,114.5154278,50.0,10.0,-0.05,137.9,24.1,22.8,1719.0,1946.69,10.0,2.0,2.5,NR5G-SA,n79,-102,-102,-11,20,-999,6.9
2026-05-28 11:13:17.145,2026-05-28 11:28:03.566,22.6680150,114.5154439,50.0,9.9,0.01,137.8,24.1,22.8,1719.7,1949.17,10.0,2.0,2.5,NR5G-SA,n79,-102,-102,-11,20,-999,6.8
2026-05-28 11:13:17.346,2026-05-28 11:28:03.766,22.6679983,114.5154601,50.0,10.0,-0.02,137.8,24.1,22.3,1720.4,1951.67,10.0,2.0,2.5,NR5G-SA,n79,-103,-103,-11,20,-999,4.5
2026-05-28 11:13:17.546,2026-05-28 11:28:03.966,22.6679816,114.5154763,50.0,9.9,-0.01,137.7,43.0,22.3,1721.1,1954.16,10.0,2.0,2.5,NR5G-SA,n79,-103,-103,-11,20,-999,6.2
2026-05-28 11:13:17.746,2026-05-28 11:28:03.966,22.6679649,114.5154925,50.0,10.0,-0.03,137.7,43.0,22.3,1721.9,1956.66,10.0,2.0,2.5,NR5G-SA,n79,-103,-103,-11,20,-999,12.2
2026-05-28 11:13:17.946,2026-05-28 11:28:04.166,22.6679649,114.5154925,50.0,10.0,-0.03,137.7,43.0,22.3,1721.9,1956.66,10.0,2.0,2.5,NR5G-SA,n79,-102,-102,-10,19,-999,13.0
2026-05-28 11:13:18.147,2026-05-28 11:28:04.566,22.6679482,114.5155087,50.0,10.0,-0.08,137.6,43.0,22.3,1722.6,1959.15,10.0,2.0,2.5,NR5G-SA,n79,-102,-102,-10,19,-999,6.0
2026-05-28 11:13:18.347,2026-05-28 11:28:04.766,22.6679313,114.5155250,50.0,10.0,-0.06,137.6,43.0,23.0,1723.3,1961.67,10.0,2.0,2.5,NR5G-SA,n79,-102,-102,-10,19,-999,5.5
2026-05-28 11:13:18.547,2026-05-28 11:28:04.966,22.6679145,114.5155412,50.0,10.0,-0.07,137.6,43.0,23.0,1724.0,1964.18,10.0,2.0,2.5,NR5G-SA,n79,-105,-105,-11,20,-999,6.9
2026-05-28 11:13:18.748,2026-05-28 11:28:04.966,22.6678978,114.5155575,50.0,10.0,0.01,137.7,14.9,23.0,1724.7,1966.68,10.0,2.0,2.5,NR5G-SA,n79,-105,-105,-11,20,-999,10.7
2026-05-28 11:13:18.948,2026-05-28 11:28:05.166,22.6678978,114.5155575,50.0,10.0,0.01,137.7,14.9,23.0,1724.7,1966.68,10.0,2.0,2.5,NR5G-SA,n79,-105,-105,-11,20,-999,11.1
2026-05-28 11:13:19.149,2026-05-28 11:28:05.566,22.6678811,114.5155737,50.0,10.0,-0.04,137.7,14.9,23.0,1725.5,1969.17,10.0,2.0,2.5,NR5G-SA,n79,-95,-95,-10,20,-999,7.5
2026-05-28 11:13:19.349,2026-05-28 11:28:05.766,22.6678644,114.5155898,50.0,10.0,-0.02,137.8,14.9,23.3,1726.2,1971.66,10.0,2.0,2.5,NR5G-SA,n79,-95,-95,-10,20,-999,5.2
2026-05-28 11:13:19.549,2026-05-28 11:28:05.966,22.6678476,114.5156058,50.0,9.9,-0.00,137.9,0.0,23.3,1726.9,1974.15,10.0,2.0,2.5,NR5G-SA,n79,-103,-103,-11,21,-999,7.7
2026-05-28 11:13:19.750,2026-05-28 11:28:05.966,22.6678308,114.5156218,50.0,10.0,-0.00,137.9,0.0,23.3,1727.6,1976.64,10.0,2.0,2.5,NR5G-SA,n79,-103,-103,-11,21,-999,9.4
2026-05-28 11:13:19.950,2026-05-28 11:28:06.166,22.6678308,114.5156218,50.0,10.0,-0.00,137.9,0.0,23.3,1727.6,1976.64,10.0,2.0,2.5,NR5G-SA,n79,-103,-103,-11,21,-999,10.2
2026-05-28 11:13:20.150,2026-05-28 11:28:06.566,22.6678140,114.5156378,50.0,10.0,-0.01,137.9,0.0,23.3,1728.3,1979.13,10.0,2.0,2.5,NR5G-SA,n79,-103,-103,-11,21,-999,5.7
2026-05-28 11:13:20.351,2026-05-28 11:28:06.766,22.6677972,114.5156540,50.0,10.0,-0.03,137.9,0.0,23.2,1729.0,1981.63,10.0,2.0,2.5,NR5G-SA,n79,-103,-103,-11,21,-999,5.3
2026-05-28 11:13:20.551,2026-05-28 11:28:06.966,22.6677803,114.5156702,50.0,10.0,-0.05,137.9,0.0,23.2,1729.8,1984.14,10.0,2.0,2.5,NR5G-SA,n79,-103,-103,-11,21,-999,4.7
2026-05-28 11:13:20.751,2026-05-28 11:28:07.166,22.6677636,114.5156864,50.0,10.0,-0.05,137.8,1.4,23.2,1730.5,1986.64,10.0,2.0,2.5,NR5G-SA,n79,-103,-103,-11,21,-999,5.5
2026-05-28 11:13:20.952,2026-05-28 11:28:07.166,22.6677636,114.5156864,50.0,10.0,-0.05,137.8,1.4,23.2,1730.5,1986.64,10.0,2.0,2.5,NR5G-SA,n79,-103,-103,-11,21,-999,10.6
2026-05-28 11:13:21.152,2026-05-28 11:28:07.566,22.6677469,114.5157026,50.0,10.0,-0.04,137.9,1.4,23.2,1731.3,1989.13,10.0,2.0,2.5,NR5G-SA,n79,-103,-103,-11,21,-999,6.3
2026-05-28 11:13:21.352,2026-05-28 11:28:07.766,22.6677301,114.5157189,50.0,10.0,-0.03,137.8,1.4,23.9,1732.0,1991.65,10.0,2.0,2.5,NR5G-SA,n79,-107,-107,-11,21,-999,7.5
2026-05-28 11:13:21.553,2026-05-28 11:28:07.966,22.6677135,114.5157352,50.0,10.0,-0.01,137.8,0.0,23.9,1732.8,1994.14,10.0,2.0,2.5,NR5G-SA,n79,-107,-107,-11,21,-999,6.1
2026-05-28 11:13:21.753,2026-05-28 11:28:07.966,22.6676967,114.5157515,50.0,10.0,0.00,137.8,0.0,23.9,1733.6,1996.65,10.0,2.0,2.5,NR5G-SA,n79,-97,-97,-10,21,-999,9.3
2026-05-28 11:13:21.953,2026-05-28 11:28:08.166,22.6676967,114.5157515,50.0,10.0,0.00,137.8,0.0,23.9,1733.6,1996.65,10.0,2.0,2.5,NR5G-SA,n79,-97,-97,-10,21,-999,12.8
2026-05-28 11:13:22.154,2026-05-28 11:28:08.566,22.6676799,114.5157677,50.0,10.0,-0.00,137.9,0.0,23.9,1734.3,1999.15,10.0,2.0,2.5,NR5G-SA,n79,-97,-97,-10,21,-999,6.1
2026-05-28 11:13:22.354,2026-05-28 11:28:08.766,22.6676631,114.5157840,50.0,10.0,-0.01,137.9,0.0,24.9,1735.1,2001.66,10.0,2.0,2.5,NR5G-SA,n79,-100,-100,-11,22,-999,7.7
2026-05-28 11:13:22.554,2026-05-28 11:28:08.966,22.6676463,114.5158003,50.0,10.0,0.02,137.9,0.0,24.9,1735.9,2004.17,10.0,2.0,2.5,NR5G-SA,n79,-100,-100,-11,22,-999,4.8
2026-05-28 11:13:22.755,2026-05-28 11:28:08.966,22.6676296,114.5158166,50.0,10.0,0.02,137.8,9.9,24.9,1736.7,2006.67,10.0,2.0,2.5,NR5G-SA,n79,-100,-100,-11,22,-999,10.8
2026-05-28 11:13:22.955,2026-05-28 11:28:09.166,22.6676296,114.5158166,50.0,10.0,0.02,137.8,9.9,24.9,1736.7,2006.67,10.0,2.0,2.5,NR5G-SA,n79,-103,-103,-10,22,-999,11.4
2026-05-28 11:13:23.155,2026-05-28 11:28:09.566,22.6676129,114.5158329,50.0,10.0,-0.03,137.7,9.9,24.9,1737.5,2009.18,10.0,2.0,2.5,NR5G-SA,n79,-103,-103,-10,22,-999,8.0
2026-05-28 11:13:23.355,2026-05-28 11:28:09.766,22.6675962,114.5158491,50.0,9.9,0.01,137.7,9.9,24.9,1738.2,2011.67,10.0,2.0,2.5,NR5G-SA,n79,-103,-103,-10,22,-999,4.8
2026-05-28 11:13:23.556,2026-05-28 11:28:09.966,22.6675794,114.5158654,50.0,10.0,-0.00,137.7,9.9,24.9,1739.0,2014.18,10.0,2.0,2.5,NR5G-SA,n79,-94,-94,-10,23,-999,5.5
2026-05-28 11:13:23.756,2026-05-28 11:28:09.966,22.6675627,114.5158816,50.0,10.0,-0.00,137.7,0.0,24.9,1739.8,2016.68,10.0,2.0,2.5,NR5G-SA,n79,-94,-94,-10,23,-999,9.8
2026-05-28 11:13:23.957,2026-05-28 11:28:10.166,22.6675627,114.5158816,50.0,10.0,-0.00,137.7,0.0,24.9,1739.8,2016.68,10.0,2.0,2.5,NR5G-SA,n79,-97,-97,-10,22,-999,9.4
2026-05-28 11:13:24.157,2026-05-28 11:28:10.566,22.6675459,114.5158978,50.0,10.0,-0.01,137.8,0.0,24.9,1740.6,2019.18,10.0,2.0,2.5,NR5G-SA,n79,-97,-97,-10,22,-999,6.9
2026-05-28 11:13:24.357,2026-05-28 11:28:10.766,22.6675291,114.5159140,50.0,10.0,0.01,137.9,0.0,24.9,1741.4,2021.68,10.0,2.0,2.5,NR5G-SA,n79,-97,-97,-10,22,-999,5.8
2026-05-28 11:13:24.558,2026-05-28 11:28:10.966,22.6675124,114.5159300,50.0,10.0,0.02,137.9,0.0,25.1,1742.2,2024.16,10.0,2.0,2.5,NR5G-SA,n79,-97,-97,-10,22,-999,7.1
2026-05-28 11:13:24.758,2026-05-28 11:28:10.966,22.6674955,114.5159461,50.0,9.9,0.02,137.8,35.3,25.1,1743.0,2026.67,10.0,2.0,2.5,NR5G-SA,n79,-97,-97,-10,22,-999,11.6
2026-05-28 11:13:24.958,2026-05-28 11:28:11.166,22.6674955,114.5159461,50.0,9.9,0.02,137.8,35.3,25.1,1743.0,2026.67,10.0,2.0,2.5,NR5G-SA,n79,-97,-97,-10,22,-999,14.5
2026-05-28 11:13:25.159,2026-05-28 11:28:11.566,22.6674787,114.5159621,50.0,9.9,-0.03,138.0,35.3,25.1,1743.7,2029.16,10.0,2.0,2.5,NR5G-SA,n79,-96,-96,-10,23,-999,7.2
2026-05-28 11:13:25.359,2026-05-28 11:28:11.766,22.6674618,114.5159781,50.0,10.0,-0.01,138.1,35.3,25.1,1744.5,2031.66,10.0,2.0,2.5,NR5G-SA,n79,-96,-96,-10,23,-999,7.1
2026-05-28 11:13:25.559,2026-05-28 11:28:11.966,22.6674449,114.5159941,50.0,10.0,-0.00,138.2,35.3,25.2,1745.3,2034.16,10.0,2.0,2.5,NR5G-SA,n79,-96,-96,-10,23,-999,7.9
2026-05-28 11:13:25.759,2026-05-28 11:28:11.966,22.6674280,114.5160103,50.0,9.9,0.01,138.2,41.3,25.2,1746.1,2036.67,10.0,2.0,2.5,NR5G-SA,n79,-94,-94,-10,22,-999,8.1
2026-05-28 11:13:25.960,2026-05-28 11:28:12.166,22.6674280,114.5160103,50.0,9.9,0.01,138.2,41.3,25.2,1746.1,2036.67,10.0,2.0,2.5,NR5G-SA,n79,-94,-94,-10,22,-999,11.0
2026-05-28 11:13:26.160,2026-05-28 11:28:12.566,22.6674113,114.5160265,50.0,9.9,0.10,138.1,41.3,25.2,1746.9,2039.16,10.0,2.0,2.5,NR5G-SA,n79,-94,-94,-10,22,-999,7.4
2026-05-28 11:13:26.360,2026-05-28 11:28:12.766,22.6673947,114.5160427,50.0,10.0,0.02,137.9,41.3,25.2,1747.8,2041.65,10.0,2.0,2.5,NR5G-SA,n79,-101,-101,-11,22,-999,7.1
2026-05-28 11:13:26.560,2026-05-28 11:28:12.966,22.6673779,114.5160591,50.0,10.0,0.04,137.9,41.3,24.6,1748.6,2044.17,10.0,2.0,2.5,NR5G-SA,n79,-101,-101,-11,22,-999,6.4
2026-05-28 11:13:26.761,2026-05-28 11:28:12.966,22.6673612,114.5160755,50.0,10.0,0.02,138.1,27.4,24.6,1749.4,2046.67,10.0,2.0,2.5,NR5G-SA,n79,-96,-96,-10,22,-999,10.6
2026-05-28 11:13:26.961,2026-05-28 11:28:13.166,22.6673612,114.5160755,50.0,10.0,0.02,138.1,27.4,24.6,1749.4,2046.67,10.0,2.0,2.5,NR5G-SA,n79,-96,-96,-10,22,-999,11.3
2026-05-28 11:13:27.161,2026-05-28 11:28:13.566,22.6673446,114.5160918,50.0,10.0,0.01,138.2,27.4,24.6,1750.3,2049.17,10.0,2.0,2.5,NR5G-SA,n79,-96,-96,-10,22,-999,6.4
2026-05-28 11:13:27.362,2026-05-28 11:28:13.766,22.6673278,114.5161081,50.0,10.0,-0.00,138.1,27.4,24.6,1751.1,2051.68,10.0,2.0,2.5,NR5G-SA,n79,-96,-96,-10,22,-999,5.9
2026-05-28 11:13:27.562,2026-05-28 11:28:13.966,22.6673110,114.5161244,50.0,10.0,0.01,138.0,27.4,24.5,1752.0,2054.19,10.0,2.0,2.5,NR5G-SA,n79,-96,-96,-10,22,-999,6.1
2026-05-28 11:13:27.762,2026-05-28 11:28:13.966,22.6672943,114.5161407,50.0,10.0,-0.01,137.8,33.7,24.5,1752.8,2056.69,10.0,2.0,2.5,NR5G-SA,n79,-96,-96,-10,22,-999,11.7
2026-05-28 11:13:27.963,2026-05-28 11:28:14.166,22.6672943,114.5161407,50.0,10.0,-0.01,137.8,33.7,24.5,1752.8,2056.69,10.0,2.0,2.5,NR5G-SA,n79,-96,-96,-10,22,-999,7.7
2026-05-28 11:13:28.163,2026-05-28 11:28:14.566,22.6672775,114.5161570,50.0,10.0,-0.02,137.8,33.7,24.5,1753.7,2059.20,10.0,2.0,2.5,NR5G-SA,n79,-105,-105,-11,22,-999,6.3
2026-05-28 11:13:28.363,2026-05-28 11:28:14.766,22.6672608,114.5161732,50.0,10.0,-0.04,137.9,33.7,24.5,1754.5,2061.70,10.0,2.0,2.5,NR5G-SA,n79,-105,-105,-11,22,-999,7.0
2026-05-28 11:13:28.564,2026-05-28 11:28:14.966,22.6672441,114.5161894,50.0,10.0,-0.03,137.9,33.7,24.3,1755.4,2064.19,10.0,2.0,2.5,NR5G-SA,n79,-94,-94,-10,22,-999,4.9
2026-05-28 11:13:28.764,2026-05-28 11:28:14.966,22.6672274,114.5162056,50.0,10.0,-0.02,137.8,35.2,24.3,1756.2,2066.69,10.0,2.0,2.5,NR5G-SA,n79,-94,-94,-10,22,-999,11.3
2026-05-28 11:13:28.964,2026-05-28 11:28:15.166,22.6672274,114.5162056,50.0,10.0,-0.02,137.8,35.2,24.3,1756.2,2066.69,10.0,2.0,2.5,NR5G-SA,n79,-97,-97,-10,22,-999,12.4
2026-05-28 11:13:29.165,2026-05-28 11:28:15.566,22.6672108,114.5162217,50.0,9.9,0.03,137.7,35.2,24.3,1757.1,2069.17,10.0,2.0,2.5,NR5G-SA,n79,-97,-97,-10,22,-999,6.2
2026-05-28 11:13:29.365,2026-05-28 11:28:15.766,22.6671941,114.5162379,50.0,9.9,0.02,137.5,35.2,24.3,1757.9,2071.66,10.0,2.0,2.5,NR5G-SA,n79,-97,-97,-10,22,-999,7.3
2026-05-28 11:13:29.565,2026-05-28 11:28:15.966,22.6671774,114.5162542,50.0,10.0,0.05,137.4,35.2,23.4,1758.8,2074.16,10.0,2.0,2.5,NR5G-SA,n79,-94,-94,-10,22,-999,8.0
2026-05-28 11:13:29.766,2026-05-28 11:28:15.966,22.6671607,114.5162704,50.0,9.9,0.03,137.3,1.6,23.4,1759.6,2076.66,10.0,2.0,2.5,NR5G-SA,n79,-94,-94,-10,22,-999,8.8
2026-05-28 11:13:29.966,2026-05-28 11:28:16.166,22.6671607,114.5162704,50.0,9.9,0.03,137.3,1.6,23.4,1759.6,2076.66,10.0,2.0,2.5,NR5G-SA,n79,-94,-94,-10,22,-999,11.7
2026-05-28 11:13:30.166,2026-05-28 11:28:16.566,22.6671439,114.5162866,50.0,9.9,0.03,137.3,1.6,23.4,1760.5,2079.16,10.0,2.0,2.5,NR5G-SA,n79,-96,-96,-10,22,-999,7.1
2026-05-28 11:13:30.367,2026-05-28 11:28:16.766,22.6671273,114.5163028,50.0,10.0,0.00,137.3,1.6,23.4,1761.4,2081.65,10.0,2.0,2.5,NR5G-SA,n79,-96,-96,-10,22,-999,6.8
2026-05-28 11:13:30.567,2026-05-28 11:28:16.966,22.6671106,114.5163190,50.0,9.9,0.01,137.3,1.6,22.9,1762.3,2084.14,10.0,2.0,2.5,NR5G-SA,n79,-96,-96,-10,22,-999,6.1
2026-05-28 11:13:30.767,2026-05-28 11:28:16.966,22.6670939,114.5163351,50.0,10.0,0.04,137.3,57.6,22.9,1763.1,2086.63,10.0,2.0,2.5,NR5G-SA,n79,-98,-98,-10,22,-999,10.6
2026-05-28 11:13:30.968,2026-05-28 11:28:17.166,22.6670939,114.5163351,50.0,10.0,0.04,137.3,57.6,22.9,1763.1,2086.63,10.0,2.0,2.5,NR5G-SA,n79,-98,-98,-10,22,-999,14.2
2026-05-28 11:13:31.168,2026-05-28 11:28:17.566,22.6670771,114.5163512,50.0,10.0,0.03,137.4,57.6,22.9,1764.0,2089.13,10.0,2.0,2.5,NR5G-SA,n79,-91,-91,-10,21,-999,8.4
2026-05-28 11:13:31.368,2026-05-28 11:28:17.766,22.6670603,114.5163673,50.0,9.9,0.06,137.4,57.6,22.9,1764.9,2091.62,10.0,2.0,2.5,NR5G-SA,n79,-91,-91,-10,21,-999,6.6
2026-05-28 11:13:31.569,2026-05-28 11:28:17.966,22.6670435,114.5163834,50.0,10.0,-0.01,137.4,57.6,21.8,1765.7,2094.12,10.0,2.0,2.5,NR5G-SA,n79,-91,-91,-10,21,-999,6.7
2026-05-28 11:13:31.769,2026-05-28 11:28:17.966,22.6670267,114.5163996,50.0,10.0,0.04,137.4,33.2,21.8,1766.6,2096.62,10.0,2.0,2.5,NR5G-SA,n79,-93,-93,-10,22,-999,8.8
2026-05-28 11:13:31.970,2026-05-28 11:28:18.166,22.6670098,114.5164157,50.0,9.9,0.04,137.3,33.2,21.8,1767.5,2099.13,10.0,2.0,2.5,NR5G-SA,n79,-93,-93,-10,22,-999,10.2
2026-05-28 11:13:32.170,2026-05-28 11:28:18.566,22.6670098,114.5164157,50.0,9.9,0.04,137.3,33.2,21.8,1767.5,2099.13,10.0,2.0,2.5,NR5G-SA,n79,-93,-93,-10,22,-999,9.2
2026-05-28 11:13:32.370,2026-05-28 11:28:18.766,22.6669929,114.5164320,50.0,10.0,0.00,137.4,33.2,21.8,1768.4,2101.65,10.0,2.0,2.5,NR5G-SA,n79,-100,-100,-10,21,-999,6.1
2026-05-28 11:13:32.570,2026-05-28 11:28:18.966,22.6669760,114.5164482,50.0,9.9,0.05,137.4,33.2,21.8,1769.3,2104.16,10.0,2.0,2.5,NR5G-SA,n79,-100,-100,-10,21,-999,7.3
2026-05-28 11:13:32.771,2026-05-28 11:28:18.966,22.6669593,114.5164644,50.0,9.9,0.04,137.5,0.0,21.8,1770.2,2106.65,10.0,2.0,2.5,NR5G-SA,n79,-100,-100,-10,21,-999,8.0
2026-05-28 11:13:32.971,2026-05-28 11:28:19.166,22.6669424,114.5164805,50.0,9.9,0.04,137.6,0.0,21.8,1771.1,2109.16,10.0,2.0,2.5,NR5G-SA,n79,-90,-90,-10,20,-999,11.4
2026-05-28 11:13:33.171,2026-05-28 11:28:19.566,22.6669424,114.5164805,50.0,9.9,0.00,137.6,0.0,21.8,1771.1,2109.16,10.0,2.0,2.5,NR5G-SA,n79,-90,-90,-10,20,-999,7.8
2026-05-28 11:13:33.372,2026-05-28 11:28:19.766,22.6669256,114.5164967,50.0,9.9,0.00,137.7,0.0,21.8,1772.0,2111.66,10.0,2.0,2.5,NR5G-SA,n79,-99,-99,-10,21,-999,7.2
2026-05-28 11:13:33.572,2026-05-28 11:28:19.966,22.6669089,114.5165127,50.0,10.0,-0.03,137.6,0.0,21.8,1772.9,2114.14,10.0,2.0,2.5,NR5G-SA,n79,-99,-99,-10,21,-999,5.2
2026-05-28 11:13:33.772,2026-05-28 11:28:19.966,22.6668920,114.5165291,50.0,9.9,0.04,137.7,9.3,21.7,1773.8,2116.67,10.0,2.0,2.5,NR5G-SA,n79,-99,-99,-10,21,-999,9.4
2026-05-28 11:13:33.973,2026-05-28 11:28:20.166,22.6668920,114.5165291,50.0,9.9,0.04,137.7,9.3,21.7,1773.8,2116.67,10.0,2.0,2.5,NR5G-SA,n79,-101,-101,-11,21,-999,8.6
2026-05-28 11:13:34.173,2026-05-28 11:28:20.566,22.6668754,114.5165450,50.0,9.9,0.05,137.6,9.3,21.7,1774.7,2119.14,10.0,2.0,2.5,NR5G-SA,n79,-101,-101,-11,21,-999,5.4
2026-05-28 11:13:34.373,2026-05-28 11:28:20.766,22.6668587,114.5165612,50.0,9.9,0.04,137.4,9.3,21.7,1775.6,2121.63,10.0,2.0,2.5,NR5G-SA,n79,-101,-101,-11,21,-999,6.3
2026-05-28 11:13:34.574,2026-05-28 11:28:20.966,22.6668420,114.5165775,50.0,10.0,-0.00,137.5,9.3,21.7,1776.5,2124.13,10.0,2.0,2.5,NR5G-SA,n79,-94,-94,-10,20,-999,5.8
2026-05-28 11:13:34.774,2026-05-28 11:28:21.166,22.6668253,114.5165937,50.0,10.0,-0.01,137.5,0.0,21.8,1777.5,2126.63,10.0,2.0,2.5,NR5G-SA,n79,-94,-94,-10,20,-999,5.9
2026-05-28 11:13:34.974,2026-05-28 11:28:21.166,22.6668253,114.5165937,50.0,10.0,-0.01,137.5,0.0,21.8,1777.5,2126.63,10.0,2.0,2.5,NR5G-SA,n79,-94,-94,-10,20,-999,13.6
2026-05-28 11:13:35.175,2026-05-28 11:28:21.566,22.6668086,114.5166100,50.0,10.0,-0.01,137.6,0.0,21.8,1778.4,2129.13,10.0,2.0,2.5,NR5G-SA,n79,-99,-99,-10,22,-999,7.4
2026-05-28 11:13:35.375,2026-05-28 11:28:21.766,22.6667919,114.5166262,50.0,10.0,-0.05,137.6,0.0,21.8,1779.3,2131.62,10.0,2.0,2.5,NR5G-SA,n79,-99,-99,-10,22,-999,6.1
2026-05-28 11:13:35.575,2026-05-28 11:28:21.966,22.6667751,114.5166423,50.0,10.0,-0.05,137.6,0.0,21.8,1780.2,2134.12,10.0,2.0,2.5,NR5G-SA,n79,-95,-95,-11,21,-999,7.3
2026-05-28 11:13:35.776,2026-05-28 11:28:21.966,22.6667582,114.5166584,50.0,9.9,0.07,137.7,0.8,20.5,1781.2,2136.63,10.0,2.0,2.5,NR5G-SA,n79,-95,-95,-11,21,-999,6.8
2026-05-28 11:13:35.976,2026-05-28 11:28:22.166,22.6667582,114.5166584,50.0,9.9,0.07,137.7,0.8,20.5,1781.2,2136.63,10.0,2.0,2.5,NR5G-SA,n79,-95,-95,-11,21,-999,11.7
2026-05-28 11:13:36.176,2026-05-28 11:28:22.566,22.6667413,114.5166744,50.0,10.0,0.03,137.7,0.8,20.5,1782.1,2139.12,10.0,2.0,2.5,NR5G-SA,n79,-92,-92,-10,21,-999,6.4
2026-05-28 11:13:36.377,2026-05-28 11:28:22.766,22.6667244,114.5166905,50.0,9.9,0.04,137.8,0.8,20.5,1783.0,2141.63,10.0,2.0,2.5,NR5G-SA,n79,-92,-92,-10,21,-999,6.2
2026-05-28 11:13:36.577,2026-05-28 11:28:22.966,22.6667077,114.5167065,50.0,9.9,0.01,137.6,0.8,20.5,1783.9,2144.11,10.0,2.0,2.5,NR5G-SA,n79,-92,-92,-10,21,-999,5.1
2026-05-28 11:13:36.777,2026-05-28 11:28:23.166,22.6666910,114.5167225,50.0,9.9,0.01,137.6,0.0,19.7,1784.9,2146.59,10.0,2.0,2.5,NR5G-SA,n79,-100,-100,-10,21,-999,4.5
2026-05-28 11:13:36.978,2026-05-28 11:28:23.166,22.6666742,114.5167387,50.0,9.9,0.01,137.6,0.0,19.7,1785.8,2149.09,10.0,2.0,2.5,NR5G-SA,n79,-100,-100,-10,21,-999,12.3
2026-05-28 11:13:37.178,2026-05-28 11:28:23.566,22.6666742,114.5167387,50.0,9.9,0.03,137.6,0.0,19.7,1785.8,2149.09,10.0,2.0,2.5,NR5G-SA,n79,-100,-100,-10,21,-999,6.5
2026-05-28 11:13:37.378,2026-05-28 11:28:23.766,22.6666574,114.5167550,50.0,10.0,-0.01,137.7,0.0,19.7,1786.8,2151.60,10.0,2.0,2.5,NR5G-SA,n79,-102,-102,-11,22,-999,6.8
2026-05-28 11:13:37.579,2026-05-28 11:28:23.966,22.6666406,114.5167713,50.0,10.0,-0.01,137.8,0.0,19.7,1787.7,2154.11,10.0,2.0,2.5,NR5G-SA,n79,-102,-102,-11,22,-999,6.9
2026-05-28 11:13:37.779,2026-05-28 11:28:24.166,22.6666240,114.5167875,50.0,9.9,0.03,137.6,0.0,17.8,1788.7,2156.60,10.0,2.0,2.5,NR5G-SA,n79,-93,-93,-10,20,-999,8.1
2026-05-28 11:13:37.979,2026-05-28 11:28:24.166,22.6666073,114.5168037,50.0,10.0,-0.03,137.4,0.0,17.8,1789.7,2159.10,10.0,2.0,2.5,NR5G-SA,n79,-93,-93,-10,20,-999,12.6
2026-05-28 11:13:38.180,2026-05-28 11:28:24.566,22.6666073,114.5168037,50.0,10.0,-0.03,137.4,0.0,17.8,1789.7,2159.10,10.0,2.0,2.5,NR5G-SA,n79,-93,-93,-10,20,-999,7.5
2026-05-28 11:13:38.380,2026-05-28 11:28:24.766,22.6665905,114.5168199,50.0,9.9,-0.03,137.4,0.0,17.8,1790.6,2161.60,10.0,2.0,2.5,NR5G-SA,n79,-97,-97,-10,22,-999,6.4
2026-05-28 11:13:38.581,2026-05-28 11:28:24.966,22.6665737,114.5168360,50.0,10.0,-0.07,137.4,0.0,17.8,1791.6,2164.10,10.0,2.0,2.5,NR5G-SA,n79,-97,-97,-10,22,-999,5.0
2026-05-28 11:13:38.781,2026-05-28 11:28:25.166,22.6665569,114.5168523,50.0,10.0,-0.05,137.5,41.8,17.9,1792.6,2166.61,10.0,2.0,2.5,NR5G-SA,n79,-97,-97,-10,22,-999,7.6
2026-05-28 11:13:38.981,2026-05-28 11:28:25.166,22.6665401,114.5168687,50.0,10.0,-0.05,137.7,41.8,17.9,1793.6,2169.12,10.0,2.0,2.5,NR5G-SA,n79,-100,-100,-11,25,-999,11.6
2026-05-28 11:13:39.182,2026-05-28 11:28:25.566,22.6665401,114.5168687,50.0,10.0,-0.05,137.7,41.8,17.9,1793.6,2169.12,10.0,2.0,2.5,NR5G-SA,n79,-100,-100,-11,25,-999,6.6
2026-05-28 11:13:39.382,2026-05-28 11:28:25.766,22.6665233,114.5168850,50.0,9.9,-0.03,137.8,41.8,17.9,1794.5,2171.63,10.0,2.0,2.5,NR5G-SA,n79,-100,-100,-11,25,-999,7.0
2026-05-28 11:13:39.582,2026-05-28 11:28:25.966,22.6665066,114.5169013,50.0,10.1,0.00,137.8,41.8,17.9,1795.5,2174.14,10.0,2.0,2.5,NR5G-SA,n79,-93,-93,-10,24,-999,6.5
2026-05-28 11:13:39.783,2026-05-28 11:28:26.166,22.6664898,114.5169176,50.0,10.0,-0.03,137.8,17.3,18.7,1796.5,2176.65,10.0,2.0,2.5,NR5G-SA,n79,-93,-93,-10,24,-999,6.0
2026-05-28 11:13:39.983,2026-05-28 11:28:26.166,22.6664731,114.5169338,50.0,10.0,0.01,137.8,17.3,18.7,1797.5,2179.14,10.0,2.0,2.5,NR5G-SA,n79,-106,-106,-10,23,-999,10.8
2026-05-28 11:13:40.183,2026-05-28 11:28:26.566,22.6664731,114.5169338,50.0,10.0,0.01,137.8,17.3,18.7,1797.5,2179.14,10.0,2.0,2.5,NR5G-SA,n79,-106,-106,-10,23,-999,4.4
2026-05-28 11:13:40.384,2026-05-28 11:28:26.766,22.6664564,114.5169500,50.0,10.0,-0.01,137.8,17.3,18.7,1798.5,2181.64,10.0,2.0,2.5,NR5G-SA,n79,-106,-106,-10,23,-999,5.1
2026-05-28 11:13:40.584,2026-05-28 11:28:26.966,22.6664396,114.5169663,50.0,10.0,-0.02,137.8,17.3,18.7,1799.5,2184.15,10.0,2.0,2.5,NR5G-SA,n79,-97,-97,-10,21,-999,5.0
2026-05-28 11:13:40.784,2026-05-28 11:28:26.966,22.6664228,114.5169825,50.0,9.9,-0.01,137.9,0.0,18.7,1800.5,2186.65,10.0,2.0,2.5,NR5G-SA,n79,-97,-97,-10,21,-999,8.7
2026-05-28 11:13:40.984,2026-05-28 11:28:27.166,22.6664061,114.5169987,50.0,10.0,-0.02,137.8,0.0,18.7,1801.5,2189.14,10.0,2.0,2.5,NR5G-SA,n79,-97,-97,-10,21,-999,8.5
2026-05-28 11:13:41.185,2026-05-28 11:28:27.566,22.6664061,114.5169987,50.0,10.0,-0.02,137.8,0.0,18.7,1801.5,2189.14,10.0,2.0,2.5,NR5G-SA,n79,-103,-103,-11,22,-999,5.9
2026-05-28 11:13:41.385,2026-05-28 11:28:27.766,22.6663893,114.5170149,50.0,10.0,-0.07,137.7,0.0,18.7,1802.5,2191.65,10.0,2.0,2.5,NR5G-SA,n79,-103,-103,-11,22,-999,5.0
2026-05-28 11:13:41.585,2026-05-28 11:28:27.966,22.6663725,114.5170312,50.0,10.0,-0.02,137.7,0.0,18.7,1803.5,2194.16,10.0,2.0,2.5,NR5G-SA,n79,-103,-103,-11,22,-999,5.0
2026-05-28 11:13:41.786,2026-05-28 11:28:28.166,22.6663557,114.5170473,50.0,10.0,-0.03,137.7,6.6,18.7,1804.5,2196.65,10.0,2.0,2.5,NR5G-SA,n79,-104,-104,-11,21,-999,6.4
2026-05-28 11:13:41.986,2026-05-28 11:28:28.166,22.6663389,114.5170635,50.0,10.0,-0.05,137.7,6.6,20.6,1805.5,2199.16,10.0,2.0,2.5,NR5G-SA,n79,-104,-104,-11,21,-999,9.7
2026-05-28 11:13:42.186,2026-05-28 11:28:28.566,22.6663389,114.5170635,50.0,10.0,-0.05,137.7,6.6,20.6,1805.5,2199.16,10.0,2.0,2.5,NR5G-SA,n79,-104,-104,-11,21,-999,7.2
2026-05-28 11:13:42.387,2026-05-28 11:28:28.766,22.6663222,114.5170796,50.0,9.9,-0.01,137.7,6.6,20.6,1806.5,2201.65,10.0,2.0,2.5,NR5G-SA,n79,-90,-90,-10,20,-999,6.2
2026-05-28 11:13:42.587,2026-05-28 11:28:28.966,22.6663054,114.5170958,50.0,10.0,0.01,137.8,6.6,20.6,1807.5,2204.15,10.0,2.0,2.5,NR5G-SA,n79,-90,-90,-10,20,-999,8.2
2026-05-28 11:13:42.787,2026-05-28 11:28:29.166,22.6662886,114.5171119,50.0,10.0,0.09,137.9,0.0,20.6,1808.5,2206.65,10.0,2.0,2.5,NR5G-SA,n79,-93,-93,-10,20,-999,5.8
2026-05-28 11:13:42.987,2026-05-28 11:28:29.166,22.6662719,114.5171280,50.0,10.0,0.04,138.1,0.0,22.2,1809.6,2209.13,10.0,2.0,2.5,NR5G-SA,n79,-93,-93,-10,20,-999,9.2
2026-05-28 11:13:43.188,2026-05-28 11:28:29.566,22.6662719,114.5171280,50.0,10.0,0.04,138.1,0.0,22.2,1809.6,2209.13,10.0,2.0,2.5,NR5G-SA,n79,-93,-93,-10,20,-999,4.9
2026-05-28 11:13:43.388,2026-05-28 11:28:29.766,22.6662549,114.5171441,50.1,10.0,-0.02,138.3,0.0,22.2,1810.6,2211.65,10.0,2.0,2.5,NR5G-SA,n79,-103,-103,-11,21,-999,5.4
2026-05-28 11:13:43.588,2026-05-28 11:28:29.966,22.6662380,114.5171600,50.0,10.0,-0.04,138.4,0.0,22.2,1811.6,2214.14,10.0,2.0,2.5,NR5G-SA,n79,-103,-103,-11,21,-999,5.3
2026-05-28 11:13:43.789,2026-05-28 11:28:30.166,22.6662210,114.5171759,50.0,10.0,0.01,138.4,0.0,22.2,1812.6,2216.64,10.0,2.0,2.5,NR5G-SA,n79,-103,-103,-11,21,-999,8.2
2026-05-28 11:13:43.989,2026-05-28 11:28:30.166,22.6662042,114.5171919,50.0,10.0,-0.08,138.3,0.0,22.6,1813.6,2219.13,10.0,2.0,2.5,NR5G-SA,n79,-100,-100,-10,20,-999,10.4
2026-05-28 11:13:44.189,2026-05-28 11:28:30.566,22.6662042,114.5171919,50.0,10.0,-0.08,138.3,0.0,22.6,1813.6,2219.13,10.0,2.0,2.5,NR5G-SA,n79,-100,-100,-10,20,-999,7.6
2026-05-28 11:13:44.390,2026-05-28 11:28:30.766,22.6661875,114.5172080,50.0,9.9,-0.06,138.3,0.0,22.6,1814.6,2221.62,10.0,2.0,2.5,NR5G-SA,n79,-100,-100,-10,20,-999,5.8
2026-05-28 11:13:44.590,2026-05-28 11:28:30.966,22.6661709,114.5172242,50.0,10.0,-0.04,138.1,0.0,22.6,1815.6,2224.10,10.0,2.0,2.5,NR5G-SA,n79,-103,-103,-11,21,-999,5.3
2026-05-28 11:13:44.790,2026-05-28 11:28:31.166,22.6661542,114.5172405,50.0,10.0,0.04,138.0,0.0,22.6,1816.7,2226.61,10.0,2.0,2.5,NR5G-SA,n79,-103,-103,-11,21,-999,6.6
2026-05-28 11:13:44.991,2026-05-28 11:28:31.166,22.6661376,114.5172568,50.0,10.0,0.03,137.6,0.0,21.7,1817.7,2229.10,10.0,2.0,2.5,NR5G-SA,n79,-101,-101,-11,21,-999,9.7
2026-05-28 11:13:45.191,2026-05-28 11:28:31.566,22.6661376,114.5172568,50.0,10.0,0.03,137.6,0.0,21.7,1817.7,2229.10,10.0,2.0,2.5,NR5G-SA,n79,-101,-101,-11,21,-999,7.8
2026-05-28 11:13:45.391,2026-05-28 11:28:31.766,22.6661211,114.5172733,50.0,10.0,0.06,137.4,0.0,21.7,1818.8,2231.60,10.0,2.0,2.5,NR5G-SA,n79,-101,-101,-11,21,-999,5.4
2026-05-28 11:13:45.592,2026-05-28 11:28:31.966,22.6661045,114.5172897,50.0,10.0,0.01,137.3,0.0,21.7,1819.9,2234.10,10.0,2.0,2.5,NR5G-SA,n79,-96,-96,-10,20,-999,6.5
2026-05-28 11:13:45.792,2026-05-28 11:28:31.966,22.6660878,114.5173061,50.0,10.0,-0.01,137.4,16.8,21.7,1821.0,2236.61,10.0,2.0,2.5,NR5G-SA,n79,-96,-96,-10,20,-999,9.1
2026-05-28 11:13:45.993,2026-05-28 11:28:32.166,22.6660711,114.5173224,50.0,10.0,-0.02,137.6,16.8,22.4,1822.0,2239.11,10.0,2.0,2.5,NR5G-SA,n79,-96,-96,-10,20,-999,8.4
2026-05-28 11:13:46.193,2026-05-28 11:28:32.566,22.6660711,114.5173224,50.0,10.0,-0.02,137.6,16.8,22.4,1822.0,2239.11,10.0,2.0,2.5,NR5G-SA,n79,-97,-97,-11,22,-999,7.0
2026-05-28 11:13:46.393,2026-05-28 11:28:32.766,22.6660543,114.5173387,50.0,10.0,0.04,137.7,16.8,22.4,1823.1,2241.62,10.0,2.0,2.5,NR5G-SA,n79,-97,-97,-11,22,-999,6.3
2026-05-28 11:13:46.593,2026-05-28 11:28:32.966,22.6660375,114.5173548,50.0,10.0,0.04,137.7,16.8,22.4,1824.2,2244.12,10.0,2.0,2.5,NR5G-SA,n79,-97,-97,-11,22,-999,6.5
2026-05-28 11:13:46.794,2026-05-28 11:28:33.166,22.6660206,114.5173709,50.0,10.0,0.02,137.7,41.2,22.4,1825.2,2246.62,10.0,2.0,2.5,NR5G-SA,n79,-99,-99,-11,21,-999,8.1
2026-05-28 11:13:46.994,2026-05-28 11:28:33.166,22.6660037,114.5173869,50.0,10.0,0.00,137.9,41.2,21.8,1826.3,2249.12,10.0,2.0,2.5,NR5G-SA,n79,-99,-99,-11,21,-999,8.2
2026-05-28 11:13:47.194,2026-05-28 11:28:33.566,22.6660037,114.5173869,50.0,10.0,0.00,137.9,41.2,21.8,1826.3,2249.12,10.0,2.0,2.5,NR5G-SA,n79,-98,-98,-10,21,-999,7.0
2026-05-28 11:13:47.395,2026-05-28 11:28:33.766,22.6659869,114.5174030,50.0,10.0,0.02,138.0,41.2,21.8,1827.3,2251.62,10.0,2.0,2.5,NR5G-SA,n79,-98,-98,-10,21,-999,5.0
2026-05-28 11:13:47.595,2026-05-28 11:28:33.966,22.6659700,114.5174191,50.0,10.0,-0.01,138.2,41.2,21.8,1828.4,2254.12,10.0,2.0,2.5,NR5G-SA,n79,-98,-98,-10,21,-999,5.4
2026-05-28 11:13:47.795,2026-05-28 11:28:34.166,22.6659530,114.5174352,50.0,10.0,0.03,138.2,0.0,21.8,1829.4,2256.63,10.0,2.0,2.5,NR5G-SA,n79,-93,-93,-10,24,-999,6.2
2026-05-28 11:13:47.996,2026-05-28 11:28:34.166,22.6659362,114.5174513,50.0,9.9,-0.02,138.2,0.0,22.4,1830.5,2259.13,10.0,2.0,2.5,NR5G-SA,n79,-93,-93,-10,24,-999,10.2
2026-05-28 11:13:48.196,2026-05-28 11:28:34.566,22.6659362,114.5174513,50.0,9.9,-0.02,138.2,0.0,22.4,1830.5,2259.13,10.0,2.0,2.5,NR5G-SA,n79,-93,-93,-10,24,-999,7.7
2026-05-28 11:13:48.397,2026-05-28 11:28:34.766,22.6659195,114.5174674,50.0,9.9,0.05,138.2,0.0,22.4,1831.6,2261.62,10.0,2.0,2.5,NR5G-SA,n79,-99,-99,-11,23,-999,5.8
2026-05-28 11:13:48.597,2026-05-28 11:28:34.966,22.6659027,114.5174835,50.0,10.0,0.01,138.4,0.0,22.4,1832.6,2264.12,10.0,2.0,2.5,NR5G-SA,n79,-99,-99,-11,23,-999,4.4
2026-05-28 11:13:48.798,2026-05-28 11:28:35.166,22.6658859,114.5174996,50.0,10.0,-0.01,138.4,36.4,22.4,1833.7,2266.61,10.0,2.0,2.5,NR5G-SA,n79,-99,-99,-11,23,-999,5.6
2026-05-28 11:13:48.998,2026-05-28 11:28:35.166,22.6658691,114.5175159,50.0,10.0,-0.04,138.3,36.4,21.5,1834.8,2269.12,10.0,2.0,2.5,NR5G-SA,n79,-100,-100,-11,22,-999,10.3
2026-05-28 11:13:49.198,2026-05-28 11:28:35.566,22.6658691,114.5175159,50.0,10.0,-0.04,138.3,36.4,21.5,1834.8,2269.12,10.0,2.0,2.5,NR5G-SA,n79,-100,-100,-11,22,-999,7.0
2026-05-28 11:13:49.399,2026-05-28 11:28:35.766,22.6658524,114.5175323,50.0,10.0,-0.01,138.3,36.4,21.5,1835.9,2271.63,10.0,2.0,2.5,NR5G-SA,n79,-98,-98,-11,21,-999,6.4
2026-05-28 11:13:49.599,2026-05-28 11:28:35.966,22.6658356,114.5175486,50.0,10.0,-0.02,138.3,36.4,21.5,1837.0,2274.14,10.0,2.0,2.5,NR5G-SA,n79,-98,-98,-11,21,-999,7.6
2026-05-28 11:13:49.799,2026-05-28 11:28:36.166,22.6658188,114.5175650,50.0,10.0,-0.02,138.2,0.0,21.5,1838.1,2276.66,10.0,2.0,2.5,NR5G-SA,n79,-98,-98,-11,21,-999,7.6
2026-05-28 11:13:50.000,2026-05-28 11:28:36.166,22.6658022,114.5175812,50.0,9.9,-0.06,138.0,0.0,21.5,1839.2,2279.14,10.0,2.0,2.5,NR5G-SA,n79,-100,-100,-11,22,-999,12.5
2026-05-28 11:13:50.200,2026-05-28 11:28:36.567,22.6658022,114.5175812,50.0,9.9,-0.06,138.0,0.0,21.9,1839.2,2279.14,10.0,2.0,2.5,NR5G-SA,n79,-100,-100,-11,22,-999,7.7
2026-05-28 11:13:50.401,2026-05-28 11:28:36.767,22.6657855,114.5175974,50.0,10.0,-0.05,137.9,0.0,21.9,1840.4,2281.64,10.0,2.0,2.5,NR5G-SA,n79,-100,-100,-11,22,-999,6.7
2026-05-28 11:13:50.601,2026-05-28 11:28:36.967,22.6657689,114.5176137,50.0,10.0,0.02,137.9,0.0,21.9,1841.5,2284.13,10.0,2.0,2.5,NR5G-SA,n79,-95,-95,-10,23,-999,6.5
2026-05-28 11:13:50.801,2026-05-28 11:28:37.167,22.6657523,114.5176299,50.0,10.0,0.03,137.9,0.0,21.9,1842.6,2286.62,10.0,2.0,2.5,NR5G-SA,n79,-95,-95,-10,23,-999,6.9
2026-05-28 11:13:51.002,2026-05-28 11:28:37.167,22.6657355,114.5176461,50.0,10.0,0.04,137.9,0.0,21.9,1843.7,2289.12,10.0,2.0,2.5,NR5G-SA,n79,-95,-95,-10,23,-999,10.4
2026-05-28 11:13:51.202,2026-05-28 11:28:37.567,22.6657355,114.5176461,50.0,10.0,0.04,137.9,0.0,22.2,1843.7,2289.12,10.0,2.0,2.5,NR5G-SA,n79,-100,-100,-11,23,-999,5.1
2026-05-28 11:13:51.402,2026-05-28 11:28:37.767,22.6657187,114.5176623,50.0,9.9,0.02,137.9,0.0,22.2,1844.8,2291.63,10.0,2.0,2.5,NR5G-SA,n79,-100,-100,-11,23,-999,8.3
2026-05-28 11:13:51.603,2026-05-28 11:28:37.967,22.6657018,114.5176784,50.0,9.9,0.06,137.9,0.0,22.2,1845.9,2294.13,10.0,2.0,2.5,NR5G-SA,n79,-91,-91,-10,21,-999,5.8
2026-05-28 11:13:51.803,2026-05-28 11:28:38.167,22.6656849,114.5176946,50.0,10.0,-0.06,138.0,0.0,22.2,1847.0,2296.64,10.0,2.0,2.5,NR5G-SA,n79,-91,-91,-10,21,-999,5.7
2026-05-28 11:13:52.004,2026-05-28 11:28:38.167,22.6656680,114.5177108,50.0,10.0,-0.01,137.9,0.0,22.2,1848.1,2299.15,10.0,2.0,2.5,NR5G-SA,n79,-91,-91,-10,21,-999,9.4
2026-05-28 11:13:52.204,2026-05-28 11:28:38.567,22.6656680,114.5177108,50.0,10.0,-0.01,137.9,0.0,22.9,1848.1,2299.15,10.0,2.0,2.5,NR5G-SA,n79,-93,-93,-10,23,-999,11.3
2026-05-28 11:13:52.404,2026-05-28 11:28:38.767,22.6656511,114.5177270,50.0,10.0,-0.05,137.9,0.0,22.9,1849.3,2301.67,10.0,2.0,2.5,NR5G-SA,n79,-93,-93,-10,23,-999,10.5
2026-05-28 11:13:52.605,2026-05-28 11:28:38.967,22.6656344,114.5177432,50.0,10.0,-0.04,137.8,0.0,22.9,1850.4,2304.16,10.0,2.0,2.5,NR5G-SA,n79,-93,-93,-10,23,-999,7.3
2026-05-28 11:13:52.805,2026-05-28 11:28:39.167,22.6656177,114.5177594,50.0,10.0,-0.06,137.7,0.0,22.9,1851.5,2306.66,10.0,2.0,2.5,NR5G-SA,n79,-98,-98,-10,22,-999,6.4
2026-05-28 11:13:53.005,2026-05-28 11:28:39.167,22.6656012,114.5177756,50.0,10.0,-0.07,137.7,0.0,22.9,1852.7,2309.14,10.0,2.0,2.5,NR5G-SA,n79,-98,-98,-10,22,-999,8.3
2026-05-28 11:13:53.206,2026-05-28 11:28:39.567,22.6656012,114.5177756,50.0,10.0,-0.07,137.7,0.0,21.8,1852.7,2309.14,10.0,2.0,2.5,NR5G-SA,n79,-98,-98,-10,22,-999,9.7
2026-05-28 11:13:53.406,2026-05-28 11:28:39.767,22.6655847,114.5177918,50.0,9.9,-0.04,137.7,0.0,21.8,1853.8,2311.61,10.0,2.0,2.5,NR5G-SA,n79,-96,-96,-10,22,-999,10.2
2026-05-28 11:13:53.606,2026-05-28 11:28:39.967,22.6655680,114.5178079,50.0,9.9,0.00,137.7,0.0,21.8,1854.9,2314.10,10.0,2.0,2.5,NR5G-SA,n79,-96,-96,-10,22,-999,6.9
2026-05-28 11:13:53.807,2026-05-28 11:28:40.167,22.6655512,114.5178241,50.0,9.9,-0.01,137.6,0.0,21.8,1856.1,2316.61,10.0,2.0,2.5,NR5G-SA,n79,-94,-94,-10,21,-999,6.3
2026-05-28 11:13:54.007,2026-05-28 11:28:40.167,22.6655344,114.5178402,50.0,10.0,-0.02,137.7,0.0,21.8,1857.2,2319.10,10.0,2.0,2.5,NR5G-SA,n79,-94,-94,-10,21,-999,7.7
2026-05-28 11:13:54.207,2026-05-28 11:28:40.567,22.6655344,114.5178402,50.0,10.0,-0.02,137.7,0.0,23.2,1857.2,2319.10,10.0,2.0,2.5,NR5G-SA,n79,-94,-94,-10,21,-999,6.8
2026-05-28 11:13:54.408,2026-05-28 11:28:40.767,22.6655176,114.5178563,50.0,10.0,-0.06,137.8,0.0,23.2,1858.3,2321.60,10.0,2.0,2.5,NR5G-SA,n79,-101,-101,-11,21,-999,10.7
2026-05-28 11:13:54.608,2026-05-28 11:28:40.967,22.6655008,114.5178725,50.0,10.0,0.01,137.8,0.0,23.2,1859.5,2324.10,10.0,2.0,2.5,NR5G-SA,n79,-101,-101,-11,21,-999,7.5
2026-05-28 11:13:54.809,2026-05-28 11:28:41.167,22.6654840,114.5178886,50.0,10.0,-0.03,137.6,0.0,23.2,1860.6,2326.60,10.0,2.0,2.5,NR5G-SA,n79,-101,-101,-11,21,-999,5.9
2026-05-28 11:13:55.009,2026-05-28 11:28:41.167,22.6654672,114.5179048,50.0,10.0,-0.02,137.6,0.0,23.2,1861.8,2329.10,10.0,2.0,2.5,NR5G-SA,n79,-96,-96,-10,21,-999,6.6
2026-05-28 11:13:55.209,2026-05-28 11:28:41.567,22.6654672,114.5179048,50.0,10.0,-0.02,137.6,0.0,24.2,1861.8,2329.10,10.0,2.0,2.5,NR5G-SA,n79,-96,-96,-10,21,-999,16.3
2026-05-28 11:13:55.410,2026-05-28 11:28:41.767,22.6654503,114.5179211,50.0,10.1,-0.04,137.7,0.0,24.2,1862.9,2331.62,10.0,2.0,2.5,NR5G-SA,n79,-96,-96,-10,21,-999,8.4
2026-05-28 11:13:55.610,2026-05-28 11:28:41.967,22.6654336,114.5179374,50.0,10.0,-0.02,137.8,0.0,24.2,1864.1,2334.12,10.0,2.0,2.5,NR5G-SA,n79,-94,-94,-10,22,-999,9.6
2026-05-28 11:13:55.810,2026-05-28 11:28:42.167,22.6654169,114.5179535,50.0,10.0,-0.05,137.9,0.0,24.2,1865.3,2336.61,10.0,2.0,2.5,NR5G-SA,n79,-94,-94,-10,22,-999,8.6
2026-05-28 11:13:56.011,2026-05-28 11:28:42.167,22.6654002,114.5179697,50.0,10.0,-0.02,137.9,0.0,24.2,1866.4,2339.11,10.0,2.0,2.5,NR5G-SA,n79,-94,-94,-10,22,-999,7.5
2026-05-28 11:13:56.211,2026-05-28 11:28:42.567,22.6654002,114.5179697,50.0,10.0,-0.02,137.9,0.0,23.9,1866.4,2339.11,10.0,2.0,2.5,NR5G-SA,n79,-92,-92,-10,22,-999,5.3
2026-05-28 11:13:56.411,2026-05-28 11:28:42.767,22.6653834,114.5179858,50.0,10.0,-0.00,138.1,0.0,23.9,1867.6,2341.60,10.0,2.0,2.5,NR5G-SA,n79,-92,-92,-10,22,-999,10.1
2026-05-28 11:13:56.612,2026-05-28 11:28:42.967,22.6653665,114.5180020,50.0,10.1,-0.03,138.1,0.0,23.9,1868.8,2344.11,10.0,2.0,2.5,NR5G-SA,n79,-100,-100,-10,22,-999,5.7
2026-05-28 11:13:56.812,2026-05-28 11:28:43.167,22.6653496,114.5180183,50.0,10.0,-0.03,138.0,0.0,23.9,1869.9,2346.63,10.0,2.0,2.5,NR5G-SA,n79,-100,-100,-10,22,-999,5.2
2026-05-28 11:13:57.012,2026-05-28 11:28:43.167,22.6653327,114.5180347,50.0,10.0,0.02,138.0,0.0,23.9,1871.1,2349.16,10.0,2.0,2.5,NR5G-SA,n79,-100,-100,-10,22,-999,8.9
2026-05-28 11:13:57.213,2026-05-28 11:28:43.567,22.6653327,114.5180347,50.0,10.0,0.02,138.0,0.0,23.4,1871.1,2349.16,10.0,2.0,2.5,NR5G-SA,n79,-96,-96,-10,21,-999,15.9
2026-05-28 11:13:57.413,2026-05-28 11:28:43.767,22.6653158,114.5180509,50.0,10.0,-0.01,138.1,0.0,23.4,1872.3,2351.67,10.0,2.0,2.5,NR5G-SA,n79,-96,-96,-10,21,-999,5.7
2026-05-28 11:13:57.614,2026-05-28 11:28:43.967,22.6652990,114.5180670,50.0,10.0,-0.01,138.1,0.0,23.4,1873.5,2354.17,10.0,2.0,2.5,NR5G-SA,n79,-96,-96,-10,21,-999,4.9
2026-05-28 11:13:57.814,2026-05-28 11:28:44.167,22.6652822,114.5180831,50.0,10.0,0.01,138.1,0.0,23.4,1874.6,2356.66,10.0,2.0,2.5,NR5G-SA,n79,-100,-100,-10,22,-999,4.7
2026-05-28 11:13:58.014,2026-05-28 11:28:44.567,22.6652654,114.5180992,50.0,10.0,-0.01,138.1,0.0,23.4,1875.8,2359.16,10.0,2.0,2.5,NR5G-SA,n79,-100,-100,-10,22,-999,6.9
2026-05-28 11:13:58.215,2026-05-28 11:28:44.567,22.6652654,114.5180992,50.0,10.0,-0.01,138.1,0.0,23.4,1875.8,2359.16,10.0,2.0,2.5,NR5G-SA,n79,-100,-100,-10,22,-999,16.4
2026-05-28 11:13:58.415,2026-05-28 11:28:44.767,22.6652487,114.5181155,50.0,9.9,0.00,138.0,0.0,23.1,1877.0,2361.66,10.0,2.0,2.5,NR5G-SA,n79,-100,-100,-11,19,-999,10.6
2026-05-28 11:13:58.615,2026-05-28 11:28:44.967,22.6652320,114.5181318,50.0,10.0,-0.06,137.9,0.0,23.1,1878.2,2364.16,10.0,2.0,2.5,NR5G-SA,n79,-100,-100,-11,19,-999,7.5
2026-05-28 11:13:58.816,2026-05-28 11:28:45.167,22.6652153,114.5181481,50.0,10.0,-0.03,137.9,0.0,23.1,1879.4,2366.66,10.0,2.0,2.5,NR5G-SA,n79,-94,-94,-10,19,-999,7.0
2026-05-28 11:13:59.016,2026-05-28 11:28:45.167,22.6651986,114.5181644,50.0,10.0,0.01,137.8,0.0,23.1,1880.6,2369.17,10.0,2.0,2.5,NR5G-SA,n79,-94,-94,-10,19,-999,7.2
2026-05-28 11:13:59.217,2026-05-28 11:28:45.567,22.6651986,114.5181644,50.0,10.0,0.01,137.8,0.0,23.1,1880.6,2369.17,10.0,2.0,2.5,NR5G-SA,n79,-94,-94,-10,19,-999,16.2
2026-05-28 11:13:59.417,2026-05-28 11:28:45.767,22.6651820,114.5181808,50.0,9.9,0.00,137.7,0.0,21.7,1881.8,2371.67,10.0,2.0,2.5,NR5G-SA,n79,-97,-97,-10,21,-999,11.5
2026-05-28 11:13:59.617,2026-05-28 11:28:45.967,22.6651654,114.5181970,50.0,10.0,0.01,137.6,0.0,21.7,1883.0,2374.15,10.0,2.0,2.5,NR5G-SA,n79,-97,-97,-10,21,-999,5.1
2026-05-28 11:13:59.818,2026-05-28 11:28:46.167,22.6651487,114.5182132,50.0,10.0,-0.04,137.8,0.0,21.7,1884.3,2376.65,10.0,2.0,2.5,NR5G-SA,n79,-97,-97,-10,21,-999,5.1
2026-05-28 11:14:00.018,2026-05-28 11:28:46.167,22.6651319,114.5182294,50.0,10.0,-0.02,137.8,0.0,21.7,1885.5,2379.15,10.0,2.0,2.5,NR5G-SA,n79,-97,-97,-11,22,-999,10.4
2026-05-28 11:14:00.218,2026-05-28 11:28:46.567,22.6651319,114.5182294,50.0,10.0,-0.02,137.8,0.0,21.7,1885.5,2379.15,10.0,2.0,2.5,NR5G-SA,n79,-97,-97,-11,22,-999,12.7
2026-05-28 11:14:00.419,2026-05-28 11:28:46.767,22.6651151,114.5182455,50.0,10.0,0.00,137.9,0.0,19.7,1886.7,2381.65,10.0,2.0,2.5,NR5G-SA,n79,-97,-97,-11,22,-999,10.5
2026-05-28 11:14:00.619,2026-05-28 11:28:46.967,22.6650984,114.5182617,50.0,10.0,-0.00,138.0,0.0,19.7,1887.9,2384.14,10.0,2.0,2.5,NR5G-SA,n79,-105,-105,-11,23,-999,5.4
2026-05-28 11:14:00.820,2026-05-28 11:28:47.167,22.6650816,114.5182778,50.0,10.0,0.03,137.9,0.0,19.7,1889.1,2386.64,10.0,2.0,2.5,NR5G-SA,n79,-105,-105,-11,23,-999,5.2
2026-05-28 11:14:01.020,2026-05-28 11:28:47.167,22.6650648,114.5182940,50.0,10.0,0.04,137.9,0.0,19.7,1890.3,2389.14,10.0,2.0,2.5,NR5G-SA,n79,-106,-106,-11,23,-999,8.7
2026-05-28 11:14:01.220,2026-05-28 11:28:47.567,22.6650648,114.5182940,50.0,10.0,0.04,137.9,0.0,19.7,1890.3,2389.14,10.0,2.0,2.5,NR5G-SA,n79,-106,-106,-11,23,-999,13.9
2026-05-28 11:14:01.421,2026-05-28 11:28:47.767,22.6650480,114.5183103,50.0,10.0,0.03,137.8,0.0,20.4,1891.5,2391.65,10.0,2.0,2.5,NR5G-SA,n79,-106,-106,-11,23,-999,11.2
2026-05-28 11:14:01.621,2026-05-28 11:28:47.967,22.6650311,114.5183263,50.0,10.0,0.02,137.8,0.0,20.4,1892.7,2394.15,10.0,2.0,2.5,NR5G-SA,n79,-94,-94,-10,21,-999,7.5
2026-05-28 11:14:01.821,2026-05-28 11:28:48.167,22.6650142,114.5183425,50.0,10.0,0.03,137.8,0.0,20.4,1893.9,2396.66,10.0,2.0,2.5,NR5G-SA,n79,-94,-94,-10,21,-999,5.6
2026-05-28 11:14:02.021,2026-05-28 11:28:48.167,22.6649973,114.5183587,50.0,10.0,0.01,138.0,0.0,20.4,1895.2,2399.18,10.0,2.0,2.5,NR5G-SA,n79,-94,-94,-10,21,-999,7.3
2026-05-28 11:14:02.222,2026-05-28 11:28:48.567,22.6649973,114.5183587,50.0,10.0,0.01,138.0,0.0,20.4,1895.2,2399.18,10.0,2.0,2.5,NR5G-SA,n79,-101,-101,-11,23,-999,14.4
2026-05-28 11:14:02.422,2026-05-28 11:28:48.767,22.6649805,114.5183749,50.0,10.0,0.01,138.0,0.0,18.7,1896.4,2401.68,10.0,2.0,2.5,NR5G-SA,n79,-101,-101,-11,23,-999,11.0
2026-05-28 11:14:02.623,2026-05-28 11:28:48.967,22.6649637,114.5183912,50.0,10.0,0.03,137.9,0.0,18.7,1897.6,2404.19,10.0,2.0,2.5,NR5G-SA,n79,-101,-101,-11,23,-999,7.1
2026-05-28 11:14:02.823,2026-05-28 11:28:49.167,22.6649470,114.5184075,50.0,9.9,0.00,137.7,0.0,18.7,1898.9,2406.69,10.0,2.0,2.5,NR5G-SA,n79,-93,-93,-10,23,-999,5.6
2026-05-28 11:14:03.023,2026-05-28 11:28:49.167,22.6649303,114.5184238,50.0,10.0,-0.00,137.7,0.0,18.7,1900.1,2409.19,10.0,2.0,2.5,NR5G-SA,n79,-93,-93,-10,23,-999,7.8
2026-05-28 11:14:03.223,2026-05-28 11:28:49.567,22.6649137,114.5184401,50.0,10.0,-0.00,137.8,0.0,18.7,1901.4,2411.69,10.0,2.0,2.5,NR5G-SA,n79,-96,-96,-10,22,-999,15.0
2026-05-28 11:14:03.424,2026-05-28 11:28:49.767,22.6649137,114.5184401,50.0,10.0,-0.00,137.8,0.0,18.1,1901.4,2411.69,10.0,2.0,2.5,NR5G-SA,n79,-96,-96,-10,22,-999,12.0
2026-05-28 11:14:03.624,2026-05-28 11:28:49.967,22.6648969,114.5184564,50.0,10.0,0.05,137.8,0.0,18.1,1902.6,2414.20,10.0,2.0,2.5,NR5G-SA,n79,-96,-96,-10,22,-999,6.9
2026-05-28 11:14:03.825,2026-05-28 11:28:50.167,22.6648801,114.5184725,50.0,10.0,0.04,137.9,0.0,18.1,1903.8,2416.69,10.0,2.0,2.5,NR5G-SA,n79,-97,-97,-10,21,-999,5.8
2026-05-28 11:14:04.025,2026-05-28 11:28:50.167,22.6648632,114.5184885,50.0,10.0,-0.00,137.9,0.0,18.1,1905.1,2419.19,10.0,2.0,2.5,NR5G-SA,n79,-97,-97,-10,21,-999,8.6
2026-05-28 11:14:04.225,2026-05-28 11:28:50.567,22.6648632,114.5184885,50.0,10.0,-0.00,137.9,0.0,18.1,1905.1,2419.19,10.0,2.0,2.5,NR5G-SA,n79,-97,-97,-10,21,-999,16.4
2026-05-28 11:14:04.425,2026-05-28 11:28:50.767,22.6648462,114.5185046,50.0,10.0,0.02,138.0,0.0,18.9,1906.3,2421.70,10.0,2.0,2.5,NR5G-SA,n79,-109,-109,-11,21,-999,11.1
2026-05-28 11:14:04.626,2026-05-28 11:28:50.967,22.6648293,114.5185208,50.0,10.0,-0.01,138.0,0.0,18.9,1907.5,2424.22,10.0,2.0,2.5,NR5G-SA,n79,-109,-109,-11,21,-999,7.6
2026-05-28 11:14:04.826,2026-05-28 11:28:51.167,22.6648126,114.5185370,50.0,10.0,-0.03,138.1,0.0,18.9,1908.8,2426.71,10.0,2.0,2.5,NR5G-SA,n79,-109,-109,-11,21,-999,5.9
2026-05-28 11:14:05.026,2026-05-28 11:28:51.167,22.6647959,114.5185532,50.0,10.0,0.04,138.1,0.0,18.9,1910.1,2429.21,10.0,2.0,2.5,NR5G-SA,n79,-102,-102,-11,20,-999,7.5
2026-05-28 11:14:05.227,2026-05-28 11:28:51.567,22.6647959,114.5185532,50.0,10.0,0.04,138.1,0.0,18.9,1910.1,2429.21,10.0,2.0,2.5,NR5G-SA,n79,-102,-102,-11,20,-999,17.9
2026-05-28 11:14:05.427,2026-05-28 11:28:51.767,22.6647791,114.5185693,50.0,10.0,0.01,138.2,0.0,19.5,1911.3,2431.70,10.0,2.0,2.5,NR5G-SA,n79,-93,-93,-10,19,-999,9.8
2026-05-28 11:14:05.627,2026-05-28 11:28:51.967,22.6647624,114.5185854,50.0,9.9,-0.01,138.2,0.0,19.5,1912.6,2434.19,10.0,2.0,2.5,NR5G-SA,n79,-93,-93,-10,19,-999,6.2
2026-05-28 11:14:05.828,2026-05-28 11:28:52.167,22.6647457,114.5186014,50.0,10.0,-0.05,138.0,0.0,19.5,1913.8,2436.67,10.0,2.0,2.5,NR5G-SA,n79,-93,-93,-10,19,-999,5.5
2026-05-28 11:14:06.028,2026-05-28 11:28:52.567,22.6647291,114.5186176,50.0,10.0,-0.01,137.9,0.0,19.5,1915.1,2439.16,10.0,2.0,2.5,NR5G-SA,n79,-99,-99,-11,19,-999,6.8
2026-05-28 11:14:06.228,2026-05-28 11:28:52.567,22.6647123,114.5186340,50.0,10.0,0.02,137.8,0.0,19.5,1916.4,2441.68,10.0,2.0,2.5,NR5G-SA,n79,-99,-99,-11,19,-999,13.9
2026-05-28 11:14:06.429,2026-05-28 11:28:52.767,22.6647123,114.5186340,50.0,10.0,0.02,137.8,0.0,18.3,1916.4,2441.68,10.0,2.0,2.5,NR5G-SA,n79,-99,-99,-11,19,-999,10.0
2026-05-28 11:14:06.629,2026-05-28 11:28:52.967,22.6646956,114.5186504,50.0,10.0,-0.01,137.7,0.0,18.3,1917.6,2444.18,10.0,2.0,2.5,NR5G-SA,n79,-99,-99,-11,19,-999,5.8
2026-05-28 11:14:06.829,2026-05-28 11:28:53.167,22.6646788,114.5186667,50.0,10.0,0.05,137.7,0.0,18.3,1918.9,2446.69,10.0,2.0,2.5,NR5G-SA,n79,-99,-99,-11,19,-999,6.0
2026-05-28 11:14:07.030,2026-05-28 11:28:53.167,22.6646620,114.5186830,50.0,10.0,0.06,137.8,0.0,18.3,1920.2,2449.21,10.0,2.0,2.5,NR5G-SA,n79,-99,-99,-11,19,-999,8.2
2026-05-28 11:14:07.230,2026-05-28 11:28:53.567,22.6646452,114.5186992,50.0,10.0,0.05,137.9,0.0,18.3,1921.5,2451.71,10.0,2.0,2.5,NR5G-SA,n79,-98,-98,-11,19,-999,12.4
2026-05-28 11:14:07.430,2026-05-28 11:28:53.767,22.6646452,114.5186992,50.0,10.0,0.05,137.9,0.0,18.3,1921.5,2451.71,10.0,2.0,2.5,NR5G-SA,n79,-98,-98,-11,19,-999,11.1
2026-05-28 11:14:07.631,2026-05-28 11:28:53.967,22.6646284,114.5187154,50.0,10.0,0.02,137.9,0.0,18.9,1922.8,2454.21,10.0,2.0,2.5,NR5G-SA,n79,-98,-98,-11,21,-999,8.5
2026-05-28 11:14:07.831,2026-05-28 11:28:54.167,22.6646116,114.5187315,50.0,10.0,0.01,137.8,0.0,18.9,1924.0,2456.71,10.0,2.0,2.5,NR5G-SA,n79,-98,-98,-11,21,-999,7.3
2026-05-28 11:14:08.032,2026-05-28 11:28:54.167,22.6645948,114.5187478,50.0,10.0,0.01,137.8,0.0,18.9,1925.3,2459.22,10.0,2.0,2.5,NR5G-SA,n79,-98,-98,-11,21,-999,7.8
2026-05-28 11:14:08.232,2026-05-28 11:28:54.567,22.6645780,114.5187640,50.0,10.0,-0.05,137.7,0.0,18.9,1926.6,2461.72,10.0,2.0,2.5,NR5G-SA,n79,-101,-101,-11,22,-999,10.7
2026-05-28 11:14:08.432,2026-05-28 11:28:54.767,22.6645780,114.5187640,50.0,10.0,-0.05,137.7,0.0,18.9,1926.6,2461.72,10.0,2.0,2.5,NR5G-SA,n79,-101,-101,-11,22,-999,11.4
2026-05-28 11:14:08.633,2026-05-28 11:28:54.967,22.6645613,114.5187803,50.0,10.0,-0.07,137.6,0.0,18.9,1927.9,2464.22,10.0,2.0,2.5,NR5G-SA,n79,-101,-101,-11,22,-999,7.7
2026-05-28 11:14:08.833,2026-05-28 11:28:55.167,22.6645446,114.5187966,50.0,10.0,-0.05,137.4,0.0,18.9,1929.2,2466.73,10.0,2.0,2.5,NR5G-SA,n79,-103,-103,-11,22,-999,7.4
2026-05-28 11:14:09.034,2026-05-28 11:28:55.567,22.6645278,114.5188129,50.0,10.0,-0.00,137.4,0.0,18.9,1930.5,2469.24,10.0,2.0,2.5,NR5G-SA,n79,-103,-103,-11,22,-999,7.0
2026-05-28 11:14:09.234,2026-05-28 11:28:55.567,22.6645111,114.5188291,50.0,10.0,0.00,137.5,0.0,18.9,1931.8,2471.73,10.0,2.0,2.5,NR5G-SA,n79,-103,-103,-11,22,-999,14.1
2026-05-28 11:14:09.434,2026-05-28 11:28:55.767,22.6645111,114.5188291,50.0,10.0,0.00,137.5,0.0,18.9,1931.8,2471.73,10.0,2.0,2.5,NR5G-SA,n79,-93,-93,-10,21,-999,12.5
2026-05-28 11:14:09.634,2026-05-28 11:28:55.967,22.6644943,114.5188452,50.0,9.9,0.01,137.4,0.0,21.0,1933.1,2474.23,10.0,2.0,2.5,NR5G-SA,n79,-93,-93,-10,21,-999,9.7
2026-05-28 11:14:09.835,2026-05-28 11:28:56.167,22.6644775,114.5188614,50.0,10.0,0.01,137.3,0.0,21.0,1934.4,2476.73,10.0,2.0,2.5,NR5G-SA,n79,-102,-102,-11,21,-999,7.5
2026-05-28 11:14:10.035,2026-05-28 11:28:56.567,22.6644607,114.5188776,50.0,9.9,-0.01,137.3,0.0,21.0,1935.7,2479.23,10.0,2.0,2.5,NR5G-SA,n79,-102,-102,-11,21,-999,4.8
2026-05-28 11:14:10.235,2026-05-28 11:28:56.567,22.6644438,114.5188938,50.0,10.0,0.06,137.3,0.0,21.0,1937.0,2481.75,10.0,2.0,2.5,NR5G-SA,n79,-102,-102,-11,21,-999,11.5
2026-05-28 11:14:10.436,2026-05-28 11:28:56.767,22.6644438,114.5188938,50.0,10.0,0.06,137.3,0.0,21.0,1937.0,2481.75,10.0,2.0,2.5,NR5G-SA,n79,-102,-102,-11,21,-999,9.9
2026-05-28 11:14:10.636,2026-05-28 11:28:56.967,22.6644269,114.5189099,50.0,9.9,0.04,137.3,0.0,21.6,1938.3,2484.25,10.0,2.0,2.5,NR5G-SA,n79,-102,-102,-11,21,-999,6.2
2026-05-28 11:14:10.836,2026-05-28 11:28:57.167,22.6644101,114.5189259,50.0,9.9,0.06,137.3,0.0,21.6,1939.6,2486.74,10.0,2.0,2.5,NR5G-SA,n79,-102,-102,-11,21,-999,6.2
2026-05-28 11:14:11.037,2026-05-28 11:28:57.167,22.6643933,114.5189421,50.0,9.9,0.05,137.3,0.0,21.6,1940.9,2489.24,10.0,2.0,2.5,NR5G-SA,n79,-95,-95,-11,21,-999,8.6
2026-05-28 11:14:11.237,2026-05-28 11:28:57.567,22.6643765,114.5189583,50.0,10.0,0.04,137.3,0.0,21.6,1942.2,2491.75,10.0,2.0,2.5,NR5G-SA,n79,-95,-95,-11,21,-999,7.7
2026-05-28 11:14:11.437,2026-05-28 11:28:57.767,22.6643765,114.5189583,50.0,10.0,0.04,137.3,0.0,21.6,1942.2,2491.75,10.0,2.0,2.5,NR5G-SA,n79,-95,-95,-11,21,-999,10.8
2026-05-28 11:14:11.638,2026-05-28 11:28:57.967,22.6643597,114.5189746,50.0,10.0,0.02,137.4,0.0,22.3,1943.6,2494.26,10.0,2.0,2.5,NR5G-SA,n79,-93,-93,-10,20,-999,7.9
2026-05-28 11:14:11.838,2026-05-28 11:28:58.167,22.6643429,114.5189908,50.0,10.0,0.04,137.4,0.0,22.3,1944.9,2496.76,10.0,2.0,2.5,NR5G-SA,n79,-93,-93,-10,20,-999,7.9
2026-05-28 11:14:12.038,2026-05-28 11:28:58.567,22.6643262,114.5190071,50.0,10.0,0.04,137.6,0.0,22.3,1946.2,2499.26,10.0,2.0,2.5,NR5G-SA,n79,-93,-93,-10,20,-999,7.7
2026-05-28 11:14:12.239,2026-05-28 11:28:58.567,22.6643095,114.5190233,50.0,10.0,0.02,137.8,0.0,22.3,1947.5,2501.76,10.0,2.0,2.5,NR5G-SA,n79,-95,-95,-11,20,-999,13.5
2026-05-28 11:14:12.439,2026-05-28 11:28:58.767,22.6643095,114.5190233,50.0,10.0,0.02,137.8,0.0,22.3,1947.5,2501.76,10.0,2.0,2.5,NR5G-SA,n79,-95,-95,-11,20,-999,11.7
2026-05-28 11:14:12.639,2026-05-28 11:28:58.967,22.6642926,114.5190395,50.0,10.0,0.03,137.9,0.0,22.3,1948.9,2504.27,10.0,2.0,2.5,NR5G-SA,n79,-97,-97,-11,20,-999,8.7
2026-05-28 11:14:12.840,2026-05-28 11:28:59.167,22.6642756,114.5190556,50.0,10.0,-0.02,138.0,0.0,22.3,1950.2,2506.78,10.0,2.0,2.5,NR5G-SA,n79,-97,-97,-11,20,-999,6.8
2026-05-28 11:14:13.040,2026-05-28 11:28:59.567,22.6642588,114.5190718,50.0,10.0,-0.01,138.0,0.0,22.3,1951.5,2509.29,10.0,2.0,2.5,NR5G-SA,n79,-97,-97,-11,20,-999,7.6
2026-05-28 11:14:13.240,2026-05-28 11:28:59.567,22.6642419,114.5190881,50.0,10.0,-0.05,138.1,0.0,22.3,1952.8,2511.80,10.0,2.0,2.5,NR5G-SA,n79,-96,-96,-11,22,-999,13.5
2026-05-28 11:14:13.441,2026-05-28 11:28:59.767,22.6642419,114.5190881,50.0,10.0,-0.05,138.1,0.0,22.3,1952.8,2511.80,10.0,2.0,2.5,NR5G-SA,n79,-96,-96,-11,22,-999,10.3
2026-05-28 11:14:13.641,2026-05-28 11:28:59.967,22.6642252,114.5191044,50.0,10.0,0.01,138.1,0.0,23.7,1954.2,2514.31,10.0,2.0,2.5,NR5G-SA,n79,-96,-96,-11,22,-999,7.0
2026-05-28 11:14:13.841,2026-05-28 11:29:00.167,22.6642084,114.5191208,50.0,10.0,-0.06,138.1,0.0,23.7,1955.6,2516.82,10.0,2.0,2.5,NR5G-SA,n79,-96,-96,-11,21,-999,6.5
2026-05-28 11:14:14.042,2026-05-28 11:29:00.567,22.6641916,114.5191370,50.0,9.9,-0.06,138.1,0.0,23.7,1956.9,2519.33,10.0,2.0,2.5,NR5G-SA,n79,-96,-96,-11,21,-999,6.4
2026-05-28 11:14:14.242,2026-05-28 11:29:00.567,22.6641748,114.5191532,50.0,9.9,0.04,138.0,0.0,23.7,1958.2,2521.83,10.0,2.0,2.5,NR5G-SA,n79,-96,-96,-11,21,-999,13.7
2026-05-28 11:14:14.442,2026-05-28 11:29:00.767,22.6641748,114.5191532,50.0,9.9,0.04,138.0,0.0,23.7,1958.2,2521.83,10.0,2.0,2.5,NR5G-SA,n79,-99,-99,-11,20,-999,9.8
2026-05-28 11:14:14.643,2026-05-28 11:29:00.967,22.6641580,114.5191694,50.0,9.9,0.07,137.9,0.0,22.3,1959.6,2524.33,10.0,2.0,2.5,NR5G-SA,n79,-99,-99,-11,20,-999,7.3
2026-05-28 11:14:14.843,2026-05-28 11:29:01.167,22.6641413,114.5191856,50.0,9.9,0.02,137.9,0.0,22.3,1960.9,2526.83,10.0,2.0,2.5,NR5G-SA,n79,-99,-99,-11,21,-999,7.2
2026-05-28 11:14:15.044,2026-05-28 11:29:01.567,22.6641244,114.5192018,50.0,9.9,-0.01,138.0,0.0,22.3,1962.3,2529.34,10.0,2.0,2.5,NR5G-SA,n79,-99,-99,-11,21,-999,6.1
2026-05-28 11:14:15.244,2026-05-28 11:29:01.567,22.6641076,114.5192180,50.0,9.9,0.03,137.9,0.0,22.3,1963.6,2531.84,10.0,2.0,2.5,NR5G-SA,n79,-99,-99,-11,21,-999,13.9
2026-05-28 11:14:15.444,2026-05-28 11:29:01.767,22.6641076,114.5192180,50.0,9.9,0.03,137.9,0.0,22.3,1963.6,2531.84,10.0,2.0,2.5,NR5G-SA,n79,-97,-97,-11,20,-999,10.1
2026-05-28 11:14:15.645,2026-05-28 11:29:01.967,22.6640909,114.5192342,50.0,9.9,0.08,138.1,0.0,22.3,1965.0,2534.34,10.0,2.0,2.5,NR5G-SA,n79,-97,-97,-11,20,-999,5.8
2026-05-28 11:14:15.845,2026-05-28 11:29:02.167,22.6640741,114.5192505,50.0,9.9,0.04,138.2,0.0,23.1,1966.3,2536.85,10.0,2.0,2.5,NR5G-SA,n79,-97,-97,-11,20,-999,5.3
2026-05-28 11:14:16.045,2026-05-28 11:29:02.167,22.6640574,114.5192667,50.0,9.9,0.04,138.3,0.0,23.1,1967.7,2539.34,10.0,2.0,2.5,NR5G-SA,n79,-98,-98,-11,21,-999,9.0
2026-05-28 11:14:16.246,2026-05-28 11:29:02.567,22.6640406,114.5192829,50.0,9.9,0.01,138.4,0.0,23.1,1969.1,2541.85,10.0,2.0,2.5,NR5G-SA,n79,-98,-98,-11,21,-999,13.8
2026-05-28 11:14:16.446,2026-05-28 11:29:02.767,22.6640406,114.5192829,50.0,9.9,0.01,138.4,0.0,23.1,1969.1,2541.85,10.0,2.0,2.5,NR5G-SA,n79,-98,-98,-11,21,-999,11.1
2026-05-28 11:14:16.646,2026-05-28 11:29:02.967,22.6640239,114.5192990,50.0,9.9,-0.04,138.2,0.0,23.1,1970.4,2544.34,10.0,2.0,2.5,NR5G-SA,n79,-98,-98,-11,20,-999,8.8
2026-05-28 11:14:16.846,2026-05-28 11:29:03.167,22.6640071,114.5193151,49.9,9.9,0.02,138.2,0.0,26.0,1971.8,2546.83,10.0,2.0,2.5,NR5G-SA,n79,-98,-98,-11,20,-999,6.7
2026-05-28 11:14:17.047,2026-05-28 11:29:03.567,22.6639904,114.5193312,49.9,9.9,0.06,138.4,0.0,26.0,1973.1,2549.32,10.0,2.0,2.5,NR5G-SA,n79,-95,-95,-11,20,-999,8.8
2026-05-28 11:14:17.247,2026-05-28 11:29:03.567,22.6639737,114.5193472,49.9,9.9,0.07,138.5,0.0,26.0,1974.5,2551.80,10.0,2.0,2.5,NR5G-SA,n79,-95,-95,-11,20,-999,12.1
2026-05-28 11:14:17.448,2026-05-28 11:29:03.767,22.6639737,114.5193472,49.9,9.9,0.07,138.5,0.0,26.0,1974.5,2551.80,10.0,2.0,2.5,NR5G-SA,n79,-95,-95,-11,20,-999,11.7
2026-05-28 11:14:17.648,2026-05-28 11:29:03.967,22.6639569,114.5193633,49.9,9.9,0.06,138.6,0.0,26.0,1975.8,2554.30,10.0,2.0,2.5,NR5G-SA,n79,-94,-94,-11,21,-999,8.0
2026-05-28 11:14:17.848,2026-05-28 11:29:04.167,22.6639401,114.5193794,49.9,9.9,0.06,138.5,0.0,27.4,1977.2,2556.79,10.0,2.0,2.5,NR5G-SA,n79,-94,-94,-11,21,-999,6.6
2026-05-28 11:14:18.049,2026-05-28 11:29:04.567,22.6639234,114.5193956,49.9,10.0,0.09,138.4,0.0,27.4,1978.6,2559.29,10.0,2.0,2.5,NR5G-SA,n79,-94,-94,-11,21,-999,7.1
2026-05-28 11:14:18.249,2026-05-28 11:29:04.567,22.6639066,114.5194118,49.9,10.0,0.02,138.3,0.0,27.4,1980.0,2561.79,10.0,2.0,2.5,NR5G-SA,n79,-94,-94,-11,21,-999,12.8
2026-05-28 11:14:18.449,2026-05-28 11:29:04.767,22.6639066,114.5194118,49.9,10.0,0.02,138.3,0.0,27.4,1980.0,2561.79,10.0,2.0,2.5,NR5G-SA,n79,-94,-94,-11,21,-999,8.9
2026-05-28 11:14:18.650,2026-05-28 11:29:04.967,22.6638898,114.5194280,49.9,10.0,0.08,138.4,0.0,27.4,1981.3,2564.30,10.0,2.0,2.5,NR5G-SA,n79,-94,-94,-11,21,-999,7.5
2026-05-28 11:14:18.850,2026-05-28 11:29:05.167,22.6638731,114.5194441,50.0,10.0,0.11,138.5,0.0,27.8,1982.7,2566.78,10.0,2.0,2.5,NR5G-SA,n79,-100,-100,-11,21,-999,6.4
2026-05-28 11:14:19.050,2026-05-28 11:29:05.567,22.6638563,114.5194604,50.0,10.0,0.06,138.5,0.0,27.8,1984.1,2569.30,10.0,2.0,2.5,NR5G-SA,n79,-100,-100,-11,21,-999,4.9
2026-05-28 11:14:19.251,2026-05-28 11:29:05.567,22.6638395,114.5194765,50.0,10.0,0.04,138.6,0.0,27.8,1985.5,2571.79,10.0,2.0,2.5,NR5G-SA,n79,-100,-100,-11,21,-999,11.1
2026-05-28 11:14:19.451,2026-05-28 11:29:05.767,22.6638395,114.5194765,50.0,10.0,0.04,138.6,0.0,27.8,1985.5,2571.79,10.0,2.0,2.5,NR5G-SA,n79,-100,-100,-11,21,-999,9.8
2026-05-28 11:14:19.651,2026-05-28 11:29:05.967,22.6638227,114.5194928,50.0,10.0,0.07,138.6,0.0,27.8,1986.9,2574.30,10.0,2.0,2.5,NR5G-SA,n79,-100,-100,-11,21,-999,5.9
2026-05-28 11:14:19.852,2026-05-28 11:29:06.167,22.6638059,114.5195090,50.0,9.9,0.04,138.7,0.0,27.8,1988.3,2576.81,10.0,2.0,2.5,NR5G-SA,n79,-94,-94,-11,21,-999,6.7
2026-05-28 11:14:20.052,2026-05-28 11:29:06.167,22.6637891,114.5195251,50.0,10.0,0.04,138.8,0.0,27.8,1989.7,2579.30,10.0,2.0,2.5,NR5G-SA,n79,-94,-94,-11,21,-999,11.6
2026-05-28 11:14:20.253,2026-05-28 11:29:06.567,22.6637724,114.5195413,50.0,9.9,-0.02,138.8,0.0,27.8,1991.1,2581.80,10.0,2.0,2.5,NR5G-SA,n79,-94,-94,-11,21,-999,8.9
2026-05-28 11:14:20.453,2026-05-28 11:29:06.767,22.6637724,114.5195413,50.0,9.9,-0.02,138.8,0.0,27.8,1991.1,2581.80,10.0,2.0,2.5,NR5G-SA,n79,-95,-95,-11,20,-999,8.6
2026-05-28 11:14:20.653,2026-05-28 11:29:06.967,22.6637557,114.5195574,50.0,9.9,0.05,138.8,0.0,27.8,1992.5,2584.29,10.0,2.0,2.5,NR5G-SA,n79,-95,-95,-11,20,-999,7.7
2026-05-28 11:14:20.854,2026-05-28 11:29:07.167,22.6637390,114.5195735,50.0,10.0,0.01,138.7,0.0,27.4,1993.8,2586.77,10.0,2.0,2.5,NR5G-SA,n79,-95,-95,-11,20,-999,6.1
2026-05-28 11:14:21.054,2026-05-28 11:29:07.567,22.6637223,114.5195898,49.9,10.0,0.05,138.6,0.0,27.4,1995.3,2589.28,10.0,2.0,2.5,NR5G-SA,n79,-98,-98,-11,21,-999,7.1
2026-05-28 11:14:21.254,2026-05-28 11:29:07.567,22.6637055,114.5196062,50.0,10.0,0.07,138.5,0.0,27.4,1996.7,2591.79,10.0,2.0,2.5,NR5G-SA,n79,-98,-98,-11,21,-999,11.4
2026-05-28 11:14:21.455,2026-05-28 11:29:07.767,22.6637055,114.5196062,50.0,10.0,0.07,138.5,0.0,27.4,1996.7,2591.79,10.0,2.0,2.5,NR5G-SA,n79,-99,-99,-10,21,-999,11.6
2026-05-28 11:14:21.655,2026-05-28 11:29:07.967,22.6636889,114.5196225,50.0,10.0,0.03,138.4,0.0,27.4,1998.1,2594.29,10.0,2.0,2.5,NR5G-SA,n79,-99,-99,-10,21,-999,9.1
2026-05-28 11:14:21.855,2026-05-28 11:29:08.167,22.6636721,114.5196388,50.0,10.0,0.06,138.4,0.0,25.0,1999.5,2596.80,10.0,2.0,2.5,NR5G-SA,n79,-99,-99,-10,21,-999,8.3
2026-05-28 11:14:22.056,2026-05-28 11:29:08.567,22.6636552,114.5196551,50.0,10.0,0.01,138.4,0.0,25.0,2000.9,2599.31,10.0,2.0,2.5,NR5G-SA,n79,-99,-99,-11,21,-999,6.0
2026-05-28 11:14:22.256,2026-05-28 11:29:08.567,22.6636384,114.5196713,50.0,10.0,0.04,138.5,0.0,25.0,2002.4,2601.82,10.0,2.0,2.5,NR5G-SA,n79,-99,-99,-11,21,-999,9.4
2026-05-28 11:14:22.457,2026-05-28 11:29:08.767,22.6636384,114.5196713,50.0,10.0,0.04,138.5,0.0,25.0,2002.4,2601.82,10.0,2.0,2.5,NR5G-SA,n79,-99,-99,-11,21,-999,15.0
2026-05-28 11:14:22.657,2026-05-28 11:29:08.967,22.6636216,114.5196875,50.0,10.0,0.02,138.5,0.0,25.0,2003.8,2604.32,10.0,2.0,2.5,NR5G-SA,n79,-96,-96,-11,21,-999,8.3
2026-05-28 11:14:22.857,2026-05-28 11:29:09.167,22.6636048,114.5197037,50.0,10.0,0.04,138.5,0.0,25.0,2005.2,2606.82,10.0,2.0,2.5,NR5G-SA,n79,-96,-96,-11,21,-999,6.1
2026-05-28 11:14:23.058,2026-05-28 11:29:09.567,22.6635880,114.5197198,50.0,10.0,0.04,138.4,0.0,24.9,2006.6,2609.32,10.0,2.0,2.5,NR5G-SA,n79,-96,-96,-11,21,-999,5.9
2026-05-28 11:14:23.258,2026-05-28 11:29:09.567,22.6635712,114.5197360,50.0,10.0,0.01,138.3,0.0,24.9,2008.0,2611.82,10.0,2.0,2.5,NR5G-SA,n79,-95,-95,-10,21,-999,12.5
2026-05-28 11:14:23.458,2026-05-28 11:29:09.767,22.6635712,114.5197360,50.0,10.0,0.01,138.3,0.0,24.9,2008.0,2611.82,10.0,2.0,2.5,NR5G-SA,n79,-95,-95,-10,21,-999,8.0
2026-05-28 11:14:23.659,2026-05-28 11:29:09.967,22.6635544,114.5197523,50.0,10.0,0.01,138.3,0.0,24.9,2009.4,2614.33,10.0,2.0,2.5,NR5G-SA,n79,-104,-104,-11,21,-999,7.7
2026-05-28 11:14:23.859,2026-05-28 11:29:10.167,22.6635377,114.5197686,50.0,10.0,-0.02,138.3,0.0,24.9,2010.9,2616.84,10.0,2.0,2.5,NR5G-SA,n79,-104,-104,-11,21,-999,7.0
2026-05-28 11:14:24.059,2026-05-28 11:29:10.567,22.6635209,114.5197848,50.0,10.0,-0.06,138.4,0.0,23.6,2012.3,2619.34,10.0,2.0,2.5,NR5G-SA,n79,-104,-104,-11,21,-999,7.8
2026-05-28 11:14:24.260,2026-05-28 11:29:10.567,22.6635040,114.5198010,50.1,10.0,-0.06,138.5,0.0,23.6,2013.7,2621.85,10.0,2.0,2.5,NR5G-SA,n79,-98,-98,-11,21,-999,14.1
2026-05-28 11:14:24.460,2026-05-28 11:29:10.767,22.6635040,114.5198010,50.1,10.0,-0.06,138.5,0.0,23.6,2013.7,2621.85,10.0,2.0,2.5,NR5G-SA,n79,-98,-98,-11,21,-999,12.3
2026-05-28 11:14:24.660,2026-05-28 11:29:10.967,22.6634872,114.5198172,50.1,10.0,-0.04,138.7,0.0,23.6,2015.2,2624.36,10.0,2.0,2.5,NR5G-SA,n79,-98,-98,-11,21,-999,6.8
2026-05-28 11:14:24.861,2026-05-28 11:29:11.167,22.6634703,114.5198333,50.1,10.0,-0.04,138.8,0.0,23.6,2016.6,2626.86,10.0,2.0,2.5,NR5G-SA,n79,-98,-98,-11,20,-999,6.9
2026-05-28 11:14:25.061,2026-05-28 11:29:11.567,22.6634536,114.5198495,50.1,9.9,-0.02,138.9,1.6,22.2,2018.0,2629.36,10.0,2.0,2.5,NR5G-SA,n79,-98,-98,-11,20,-999,6.8
2026-05-28 11:14:25.261,2026-05-28 11:29:11.567,22.6634368,114.5198657,50.1,9.9,-0.03,138.9,1.6,22.2,2019.5,2631.86,10.0,2.0,2.5,NR5G-SA,n79,-98,-98,-11,20,-999,10.6
2026-05-28 11:14:25.462,2026-05-28 11:29:11.767,22.6634368,114.5198657,50.1,9.9,-0.03,138.9,1.6,22.2,2019.5,2631.86,10.0,2.0,2.5,NR5G-SA,n79,-96,-96,-10,22,-999,14.8
2026-05-28 11:14:25.662,2026-05-28 11:29:11.967,22.6634201,114.5198820,50.1,10.0,-0.08,138.8,1.6,22.2,2020.9,2634.36,10.0,2.0,2.5,NR5G-SA,n79,-96,-96,-10,22,-999,7.4
2026-05-28 11:14:25.862,2026-05-28 11:29:12.167,22.6634036,114.5198982,50.1,9.9,-0.03,138.7,1.6,22.2,2022.4,2636.84,10.0,2.0,2.5,NR5G-SA,n79,-96,-96,-10,22,-999,6.6
2026-05-28 11:14:26.063,2026-05-28 11:29:12.567,22.6633869,114.5199145,50.0,10.0,-0.07,138.6,0.0,22.6,2023.8,2639.34,10.0,2.0,2.5,NR5G-SA,n79,-91,-91,-10,22,-999,5.2
2026-05-28 11:14:26.263,2026-05-28 11:29:12.767,22.6633702,114.5199307,50.0,10.0,-0.08,138.6,0.0,22.6,2025.3,2641.84,10.0,2.0,2.5,NR5G-SA,n79,-91,-91,-10,22,-999,6.6
2026-05-28 11:14:26.463,2026-05-28 11:29:12.767,22.6633702,114.5199307,50.0,10.0,-0.08,138.6,0.0,22.6,2025.3,2641.84,10.0,2.0,2.5,NR5G-SA,n79,-97,-97,-11,20,-999,18.1
2026-05-28 11:14:26.663,2026-05-28 11:29:12.967,22.6633535,114.5199469,50.0,10.0,-0.05,138.5,0.0,22.6,2026.7,2644.33,10.0,2.0,2.5,NR5G-SA,n79,-97,-97,-11,20,-999,7.7
2026-05-28 11:14:26.864,2026-05-28 11:29:13.167,22.6633367,114.5199631,50.0,10.0,-0.06,138.4,0.0,22.6,2028.2,2646.83,10.0,2.0,2.5,NR5G-SA,n79,-97,-97,-11,20,-999,5.1
2026-05-28 11:14:27.064,2026-05-28 11:29:13.567,22.6633200,114.5199793,50.0,10.0,-0.05,138.5,0.0,21.5,2029.6,2649.33,10.0,2.0,2.5,NR5G-SA,n79,-94,-94,-11,21,-999,6.4
2026-05-28 11:14:27.264,2026-05-28 11:29:13.567,22.6633032,114.5199954,50.0,10.0,-0.02,138.5,0.0,21.5,2031.1,2651.83,10.0,2.0,2.5,NR5G-SA,n79,-94,-94,-11,21,-999,11.9
2026-05-28 11:14:27.465,2026-05-28 11:29:13.767,22.6633032,114.5199954,50.0,10.0,-0.02,138.5,0.0,21.5,2031.1,2651.83,10.0,2.0,2.5,NR5G-SA,n79,-94,-94,-11,21,-999,11.3
2026-05-28 11:14:27.665,2026-05-28 11:29:13.967,22.6632864,114.5200117,50.0,10.0,-0.04,138.6,0.0,21.5,2032.5,2654.34,10.0,2.0,2.5,NR5G-SA,n79,-98,-98,-11,20,-999,7.3
2026-05-28 11:14:27.865,2026-05-28 11:29:14.167,22.6632697,114.5200279,50.0,10.0,-0.03,138.5,0.0,21.5,2034.0,2656.83,10.0,2.0,2.5,NR5G-SA,n79,-98,-98,-11,20,-999,6.4
2026-05-28 11:14:28.066,2026-05-28 11:29:14.567,22.6632530,114.5200441,50.0,10.0,0.01,138.4,0.0,19.6,2035.5,2659.33,10.0,2.0,2.5,NR5G-SA,n79,-98,-98,-11,20,-999,7.6
2026-05-28 11:14:28.266,2026-05-28 11:29:14.567,22.6632361,114.5200604,50.0,10.0,-0.07,138.2,0.0,19.6,2036.9,2661.84,10.0,2.0,2.5,NR5G-SA,n79,-99,-99,-11,21,-999,7.6
2026-05-28 11:14:28.467,2026-05-28 11:29:14.767,22.6632361,114.5200604,50.0,10.0,-0.07,138.2,0.0,19.6,2036.9,2661.84,10.0,2.0,2.5,NR5G-SA,n79,-99,-99,-11,21,-999,12.1
2026-05-28 11:14:28.667,2026-05-28 11:29:14.967,22.6632193,114.5200767,50.0,10.0,-0.06,138.1,0.0,19.6,2038.4,2664.36,10.0,2.0,2.5,NR5G-SA,n79,-87,-87,-10,22,-999,6.4
2026-05-28 11:14:28.868,2026-05-28 11:29:15.167,22.6632025,114.5200930,50.0,10.0,-0.02,137.9,0.0,19.6,2039.9,2666.87,10.0,2.0,2.5,NR5G-SA,n79,-87,-87,-10,22,-999,6.6
2026-05-28 11:14:29.068,2026-05-28 11:29:15.567,22.6631857,114.5201093,50.0,10.0,-0.00,137.8,0.0,19.5,2041.4,2669.38,10.0,2.0,2.5,NR5G-SA,n79,-87,-87,-10,22,-999,6.5
2026-05-28 11:14:29.268,2026-05-28 11:29:15.567,22.6631689,114.5201256,50.0,10.0,-0.01,137.7,0.0,19.5,2042.8,2671.89,10.0,2.0,2.5,NR5G-SA,n79,-97,-97,-11,21,-999,8.9
2026-05-28 11:14:29.469,2026-05-28 11:29:15.767,22.6631689,114.5201256,50.0,10.0,-0.01,137.7,0.0,19.5,2042.8,2671.89,10.0,2.0,2.5,NR5G-SA,n79,-97,-97,-11,21,-999,14.5
2026-05-28 11:14:29.669,2026-05-28 11:29:15.967,22.6631522,114.5201417,50.0,10.0,-0.05,137.8,0.0,19.5,2044.3,2674.37,10.0,2.0,2.5,NR5G-SA,n79,-97,-97,-11,21,-999,6.3
2026-05-28 11:14:29.869,2026-05-28 11:29:16.167,22.6631354,114.5201580,50.0,10.0,-0.02,137.9,0.0,19.5,2045.8,2676.88,10.0,2.0,2.5,NR5G-SA,n79,-102,-102,-11,21,-999,6.7
2026-05-28 11:14:30.070,2026-05-28 11:29:16.567,22.6631187,114.5201741,50.0,10.0,0.00,138.0,0.0,19.4,2047.3,2679.37,10.0,2.0,2.5,NR5G-SA,n79,-102,-102,-11,21,-999,6.8
2026-05-28 11:14:30.270,2026-05-28 11:29:16.567,22.6631019,114.5201902,50.0,9.9,0.07,137.9,0.0,19.4,2048.7,2681.87,10.0,2.0,2.5,NR5G-SA,n79,-102,-102,-11,21,-999,9.7
2026-05-28 11:14:30.470,2026-05-28 11:29:16.767,22.6631019,114.5201902,50.0,9.9,0.07,137.9,0.0,19.4,2048.7,2681.87,10.0,2.0,2.5,NR5G-SA,n79,-96,-96,-11,22,-999,13.3
2026-05-28 11:14:30.671,2026-05-28 11:29:16.967,22.6630852,114.5202064,50.0,9.9,0.02,137.8,0.0,19.4,2050.2,2684.36,10.0,2.0,2.5,NR5G-SA,n79,-96,-96,-11,22,-999,6.7
2026-05-28 11:14:30.871,2026-05-28 11:29:17.167,22.6630685,114.5202226,50.0,10.0,-0.01,137.8,0.0,19.4,2051.7,2686.86,10.0,2.0,2.5,NR5G-SA,n79,-98,-98,-11,23,-999,6.5
2026-05-28 11:14:31.071,2026-05-28 11:29:17.567,22.6630517,114.5202389,50.0,9.9,0.04,137.8,0.0,17.8,2053.2,2689.37,10.0,2.0,2.5,NR5G-SA,n79,-98,-98,-11,23,-999,5.4
2026-05-28 11:14:31.272,2026-05-28 11:29:17.767,22.6630350,114.5202550,50.0,9.9,0.02,137.9,0.0,17.8,2054.7,2691.86,10.0,2.0,2.5,NR5G-SA,n79,-98,-98,-11,23,-999,7.4
2026-05-28 11:14:31.472,2026-05-28 11:29:17.767,22.6630181,114.5202711,50.0,9.9,0.02,137.9,0.0,17.8,2056.1,2694.36,10.0,2.0,2.5,NR5G-SA,n79,-93,-93,-11,23,-999,13.7
2026-05-28 11:14:31.672,2026-05-28 11:29:17.967,22.6630181,114.5202711,50.0,10.0,-0.01,137.9,0.0,17.8,2056.1,2694.36,10.0,2.0,2.5,NR5G-SA,n79,-93,-93,-11,23,-999,6.0
2026-05-28 11:14:31.872,2026-05-28 11:29:18.167,22.6630012,114.5202873,50.0,10.0,-0.01,138.0,0.0,17.8,2057.6,2696.87,10.0,2.0,2.5,NR5G-SA,n79,-93,-93,-11,23,-999,4.8
2026-05-28 11:14:32.073,2026-05-28 11:29:18.567,22.6629843,114.5203035,50.0,10.0,-0.04,137.8,0.0,17.9,2059.1,2699.39,10.0,2.0,2.5,NR5G-SA,n79,-104,-104,-11,23,-999,4.4
2026-05-28 11:14:32.273,2026-05-28 11:29:18.567,22.6629676,114.5203197,50.0,10.0,0.02,137.8,100.0,17.9,2060.6,2701.88,10.0,2.0,2.5,NR5G-SA,n79,-104,-104,-11,23,-999,8.6
2026-05-28 11:14:32.473,2026-05-28 11:29:18.767,22.6629510,114.5203359,50.0,10.0,0.02,137.9,100.0,17.9,2062.1,2704.37,10.0,2.0,2.5,NR5G-SA,n79,-104,-104,-11,23,-999,12.5
2026-05-28 11:14:32.674,2026-05-28 11:29:18.967,22.6629510,114.5203359,50.0,10.0,0.00,137.9,100.0,17.9,2062.1,2704.37,10.0,2.0,2.5,NR5G-SA,n79,-99,-99,-11,23,-999,6.8
2026-05-28 11:14:32.874,2026-05-28 11:29:19.167,22.6629342,114.5203521,50.0,10.0,0.06,138.0,100.0,17.9,2063.6,2706.87,10.0,2.0,2.5,NR5G-SA,n79,-99,-99,-11,23,-999,6.2
2026-05-28 11:14:33.074,2026-05-28 11:29:19.567,22.6629174,114.5203683,50.0,10.0,0.00,138.0,100.0,17.9,2065.1,2709.37,10.0,2.0,2.5,NR5G-SA,n79,-97,-97,-10,23,-999,5.5
2026-05-28 11:14:33.275,2026-05-28 11:29:19.567,22.6629005,114.5203845,50.0,10.0,0.03,137.9,100.0,19.3,2066.6,2711.89,10.0,2.0,2.5,NR5G-SA,n79,-97,-97,-10,23,-999,8.6
2026-05-28 11:14:33.475,2026-05-28 11:29:19.767,22.6629005,114.5203845,50.0,10.0,0.03,137.9,100.0,19.3,2066.6,2711.89,10.0,2.0,2.5,NR5G-SA,n79,-97,-97,-10,23,-999,12.0
2026-05-28 11:14:33.676,2026-05-28 11:29:19.967,22.6628837,114.5204006,50.0,10.0,-0.01,137.7,100.0,19.3,2068.1,2714.38,10.0,2.0,2.5,NR5G-SA,n79,-94,-94,-11,22,-999,7.8
2026-05-28 11:14:33.876,2026-05-28 11:29:20.167,22.6628670,114.5204169,50.0,9.9,0.03,137.7,100.0,19.3,2069.6,2716.88,10.0,2.0,2.5,NR5G-SA,n79,-94,-94,-11,22,-999,5.8
2026-05-28 11:14:34.076,2026-05-28 11:29:20.567,22.6628502,114.5204331,50.0,9.9,-0.02,137.8,100.0,19.3,2071.1,2719.39,10.0,2.0,2.5,NR5G-SA,n79,-94,-94,-11,22,-999,6.4
2026-05-28 11:14:34.277,2026-05-28 11:29:20.567,22.6628335,114.5204493,50.0,9.9,0.04,137.9,0.0,19.8,2072.6,2721.88,10.0,2.0,2.5,NR5G-SA,n79,-94,-94,-11,23,-999,6.5
2026-05-28 11:14:34.477,2026-05-28 11:29:20.767,22.6628335,114.5204493,50.0,9.9,0.04,137.9,0.0,19.8,2072.6,2721.88,10.0,2.0,2.5,NR5G-SA,n79,-94,-94,-11,23,-999,9.5
2026-05-28 11:14:34.677,2026-05-28 11:29:20.967,22.6628170,114.5204652,50.0,9.8,0.04,138.0,0.0,19.8,2074.1,2724.34,10.0,2.0,2.5,NR5G-SA,n79,-94,-94,-11,23,-999,6.2
2026-05-28 11:14:34.877,2026-05-28 11:29:21.167,22.6628008,114.5204808,50.0,9.5,0.10,138.4,0.0,19.8,2075.6,2726.75,10.0,2.0,2.5,NR5G-SA,n79,-101,-101,-11,23,-999,4.7
2026-05-28 11:14:35.078,2026-05-28 11:29:21.567,22.6627851,114.5204959,50.0,9.3,0.04,138.8,0.0,19.8,2077.0,2729.09,10.0,2.0,2.5,NR5G-SA,n79,-101,-101,-11,23,-999,5.2
2026-05-28 11:14:35.278,2026-05-28 11:29:21.767,22.6627699,114.5205104,50.0,8.9,0.08,139.1,0.0,19.8,2078.4,2731.34,10.0,2.0,2.5,NR5G-SA,n79,-97,-97,-11,21,-999,8.6
2026-05-28 11:14:35.478,2026-05-28 11:29:21.767,22.6627699,114.5205104,50.0,8.9,0.08,139.1,0.0,19.8,2078.4,2731.34,10.0,2.0,2.5,NR5G-SA,n79,-97,-97,-11,21,-999,12.8
2026-05-28 11:14:35.679,2026-05-28 11:29:21.967,22.6627554,114.5205243,50.0,8.6,0.07,139.5,0.0,19.8,2079.7,2733.50,10.0,2.0,2.5,NR5G-SA,n79,-97,-97,-11,21,-999,6.3
2026-05-28 11:14:35.879,2026-05-28 11:29:22.167,22.6627415,114.5205376,50.0,8.1,0.06,139.4,0.0,19.8,2080.9,2735.56,10.0,2.0,2.5,NR5G-SA,n79,-95,-95,-11,19,-999,7.2
2026-05-28 11:14:36.079,2026-05-28 11:29:22.567,22.6627284,114.5205500,50.0,7.6,0.01,139.0,0.0,19.8,2082.1,2737.50,10.0,2.0,2.5,NR5G-SA,n79,-95,-95,-11,19,-999,7.5
2026-05-28 11:14:36.280,2026-05-28 11:29:22.567,22.6627163,114.5205616,50.0,7.0,-0.02,138.8,0.0,20.0,2083.2,2739.30,10.0,2.0,2.5,NR5G-SA,n79,-95,-95,-11,19,-999,8.5
2026-05-28 11:14:36.480,2026-05-28 11:29:22.767,22.6627163,114.5205616,50.0,7.0,-0.02,138.8,0.0,20.0,2083.2,2739.30,10.0,2.0,2.5,NR5G-SA,n79,-93,-93,-10,20,-999,11.4
2026-05-28 11:14:36.680,2026-05-28 11:29:22.967,22.6627052,114.5205721,50.0,6.3,-0.01,138.9,0.0,20.0,2084.1,2740.94,10.0,2.0,2.5,NR5G-SA,n79,-93,-93,-10,20,-999,5.4
2026-05-28 11:14:36.881,2026-05-28 11:29:23.167,22.6626953,114.5205816,50.0,5.7,-0.06,140.2,0.0,20.0,2085.0,2742.41,10.0,2.0,2.5,NR5G-SA,n79,-93,-93,-10,20,-999,4.8
2026-05-28 11:14:37.081,2026-05-28 11:29:23.567,22.6626863,114.5205898,50.0,5.1,-0.10,142.9,0.0,20.0,2085.8,2743.72,10.0,2.0,2.5,NR5G-SA,n79,-98,-98,-10,22,-999,4.7
2026-05-28 11:14:37.281,2026-05-28 11:29:23.767,22.6626783,114.5205965,49.9,4.4,-0.11,146.8,0.0,21.0,2086.4,2744.85,10.0,2.0,2.5,NR5G-SA,n79,-98,-98,-10,22,-999,6.5
2026-05-28 11:14:37.481,2026-05-28 11:29:23.767,22.6626707,114.5206016,49.9,3.7,-0.10,152.4,0.0,21.0,2086.9,2745.84,10.0,2.0,2.5,NR5G-SA,n79,-104,-104,-11,23,-999,11.0
2026-05-28 11:14:37.682,2026-05-28 11:29:23.967,22.6626707,114.5206016,49.9,3.7,-0.10,152.4,0.0,21.0,2086.9,2745.84,10.0,2.0,2.5,NR5G-SA,n79,-104,-104,-11,23,-999,7.2
2026-05-28 11:14:37.882,2026-05-28 11:29:24.167,22.6626637,114.5206050,49.9,3.3,-0.06,160.7,0.0,21.0,2087.2,2746.69,10.0,2.0,2.5,NR5G-SA,n79,-104,-104,-11,23,-999,6.4
2026-05-28 11:14:38.082,2026-05-28 11:29:24.567,22.6626571,114.5206067,49.9,2.8,0.04,172.3,0.0,21.0,2087.3,2747.45,10.0,2.0,2.5,NR5G-SA,n79,-106,-106,-11,20,-999,6.7
2026-05-28 11:14:38.283,2026-05-28 11:29:24.567,22.6626509,114.5206066,49.9,2.7,0.08,186.4,0.0,21.9,2087.3,2748.14,10.0,2.0,2.5,NR5G-SA,n79,-106,-106,-11,20,-999,9.5
2026-05-28 11:14:38.483,2026-05-28 11:29:24.767,22.6626448,114.5206047,49.9,2.7,0.08,201.2,0.0,21.9,2087.0,2748.85,10.0,2.0,2.5,NR5G-SA,n79,-106,-106,-11,20,-999,12.4
2026-05-28 11:14:38.683,2026-05-28 11:29:24.967,22.6626448,114.5206047,49.9,2.8,0.08,201.2,0.0,21.9,2087.0,2748.85,10.0,2.0,2.5,NR5G-SA,n79,-108,-108,-11,20,-999,8.4
2026-05-28 11:14:38.884,2026-05-28 11:29:25.167,22.6626386,114.5206011,49.9,3.2,0.07,215.4,0.0,21.9,2086.6,2749.63,10.0,2.0,2.5,NR5G-SA,n79,-108,-108,-11,20,-999,6.7
2026-05-28 11:14:39.084,2026-05-28 11:29:25.567,22.6626321,114.5205955,49.9,3.7,0.05,226.1,0.0,21.9,2086.0,2750.55,10.0,2.0,2.5,NR5G-SA,n79,-108,-108,-11,20,-999,5.2
2026-05-28 11:14:39.284,2026-05-28 11:29:25.567,22.6626252,114.5205881,49.9,4.3,0.10,233.2,0.0,24.9,2085.2,2751.63,10.0,2.0,2.5,NR5G-SA,n79,-105,-105,-11,18,-999,9.5
2026-05-28 11:14:39.485,2026-05-28 11:29:25.767,22.6626252,114.5205881,49.9,4.3,0.10,233.2,0.0,24.9,2085.2,2751.63,10.0,2.0,2.5,NR5G-SA,n79,-105,-105,-11,18,-999,11.8
2026-05-28 11:14:39.685,2026-05-28 11:29:25.967,22.6626181,114.5205793,50.0,4.9,0.03,237.7,0.0,24.9,2084.2,2752.83,10.0,2.0,2.5,NR5G-SA,n79,-108,-108,-11,19,-999,6.1
2026-05-28 11:14:39.885,2026-05-28 11:29:26.167,22.6626106,114.5205694,50.0,5.3,0.03,240.4,0.0,24.9,2083.1,2754.15,10.0,2.0,2.5,NR5G-SA,n79,-108,-108,-11,19,-999,5.8
2026-05-28 11:14:40.086,2026-05-28 11:29:26.567,22.6626026,114.5205582,50.0,6.0,0.04,241.8,0.0,24.9,2081.9,2755.61,10.0,2.0,2.5,NR5G-SA,n79,-108,-108,-11,19,-999,8.0
2026-05-28 11:14:40.286,2026-05-28 11:29:26.567,22.6625939,114.5205459,50.0,6.6,0.06,242.4,0.0,24.9,2080.6,2757.20,10.0,2.0,2.5,NR5G-SA,n79,-108,-108,-11,19,-999,10.0
2026-05-28 11:14:40.486,2026-05-28 11:29:26.767,22.6625845,114.5205324,50.0,7.3,-0.06,242.3,0.0,26.2,2079.2,2758.93,10.0,2.0,2.5,NR5G-SA,n79,-108,-108,-11,19,-999,13.3
2026-05-28 11:14:40.687,2026-05-28 11:29:26.967,22.6625845,114.5205324,50.0,7.3,-0.06,242.3,0.0,26.2,2079.2,2758.93,10.0,2.0,2.5,NR5G-SA,n79,-108,-108,-11,19,-999,5.5
2026-05-28 11:14:40.887,2026-05-28 11:29:27.167,22.6625742,114.5205178,50.0,7.8,-0.04,241.8,0.0,26.2,2077.6,2760.82,10.0,2.0,2.5,NR5G-SA,n79,-99,-99,-10,20,-999,5.8
2026-05-28 11:14:41.088,2026-05-28 11:29:27.567,22.6625633,114.5205020,50.0,8.3,0.09,241.2,0.0,26.2,2075.9,2762.85,10.0,2.0,2.5,NR5G-SA,n79,-99,-99,-10,20,-999,5.4
2026-05-28 11:14:41.288,2026-05-28 11:29:27.767,22.6625518,114.5204853,50.0,8.7,0.12,240.6,0.0,26.2,2074.1,2764.99,10.0,2.0,2.5,NR5G-SA,n79,-99,-99,-10,20,-999,7.9
2026-05-28 11:14:41.488,2026-05-28 11:29:27.767,22.6625401,114.5204677,50.0,9.1,-0.00,240.2,0.0,31.5,2072.2,2767.22,10.0,2.0,2.5,NR5G-SA,n79,-99,-99,-10,20,-999,10.2
2026-05-28 11:14:41.688,2026-05-28 11:29:27.967,22.6625401,114.5204677,50.0,9.1,-0.00,240.2,0.0,31.5,2072.2,2767.22,10.0,2.0,2.5,NR5G-SA,n79,-99,-99,-10,20,-999,6.2
2026-05-28 11:14:41.889,2026-05-28 11:29:28.167,22.6625282,114.5204495,50.0,9.4,0.01,239.9,0.0,31.5,2070.3,2769.51,10.0,2.0,2.5,NR5G-SA,n79,-99,-99,-10,20,-999,6.4
2026-05-28 11:14:42.089,2026-05-28 11:29:28.567,22.6625160,114.5204308,50.0,9.6,0.04,239.8,0.0,31.5,2068.3,2771.86,10.0,2.0,2.5,NR5G-SA,n79,-101,-101,-10,18,-999,6.8
2026-05-28 11:14:42.289,2026-05-28 11:29:28.767,22.6625036,114.5204117,50.0,9.8,0.04,239.6,0.0,31.5,2066.2,2774.26,10.0,2.0,2.5,NR5G-SA,n79,-101,-101,-10,18,-999,7.9
2026-05-28 11:14:42.490,2026-05-28 11:29:28.767,22.6624910,114.5203923,50.0,10.0,0.08,239.3,0.0,31.5,2064.1,2776.70,10.0,2.0,2.5,NR5G-SA,n79,-103,-103,-10,18,-999,11.2
2026-05-28 11:14:42.690,2026-05-28 11:29:28.967,22.6624910,114.5203923,50.0,10.0,0.08,239.3,0.0,31.5,2064.1,2776.70,10.0,2.0,2.5,NR5G-SA,n79,-103,-103,-10,18,-999,8.1
2026-05-28 11:14:42.890,2026-05-28 11:29:29.167,22.6624782,114.5203728,50.0,10.0,-0.01,238.9,0.0,31.5,2062.0,2779.16,10.0,2.0,2.5,NR5G-SA,n79,-103,-103,-10,18,-999,6.7
2026-05-28 11:14:43.091,2026-05-28 11:29:29.567,22.6624652,114.5203532,50.0,10.1,0.00,238.5,0.0,31.5,2060.0,2781.64,10.0,2.0,2.5,NR5G-SA,n79,-99,-99,-10,19,-999,5.7
2026-05-28 11:14:43.291,2026-05-28 11:29:29.767,22.6624523,114.5203336,50.0,10.1,-0.02,238.3,0.0,31.5,2057.9,2784.11,10.0,2.0,2.5,NR5G-SA,n79,-99,-99,-10,19,-999,7.7
2026-05-28 11:14:43.491,2026-05-28 11:29:29.767,22.6624393,114.5203138,50.0,10.1,0.06,238.3,0.0,32.0,2055.7,2786.60,10.0,2.0,2.5,NR5G-SA,n79,-99,-99,-10,19,-999,10.0
2026-05-28 11:14:43.692,2026-05-28 11:29:29.967,22.6624393,114.5203138,50.0,10.1,0.06,238.3,0.0,32.0,2055.7,2786.60,10.0,2.0,2.5,NR5G-SA,n79,-100,-100,-10,20,-999,6.1
2026-05-28 11:14:43.892,2026-05-28 11:29:30.167,22.6624264,114.5202937,50.0,10.2,-0.01,238.4,0.0,32.0,2053.6,2789.12,10.0,2.0,2.5,NR5G-SA,n79,-100,-100,-10,20,-999,5.7
2026-05-28 11:14:44.093,2026-05-28 11:29:30.567,22.6624135,114.5202736,50.0,10.2,-0.01,238.6,0.0,32.0,2051.5,2791.63,10.0,2.0,2.5,NR5G-SA,n79,-100,-100,-10,20,-999,6.3
2026-05-28 11:14:44.293,2026-05-28 11:29:30.767,22.6624003,114.5202534,50.0,10.2,0.07,238.7,0.0,32.0,2049.3,2794.18,10.0,2.0,2.5,NR5G-SA,n79,-101,-101,-11,21,-999,6.6
2026-05-28 11:14:44.493,2026-05-28 11:29:30.767,22.6623872,114.5202331,50.0,10.2,0.09,238.7,0.0,28.7,2047.1,2796.72,10.0,2.0,2.5,NR5G-SA,n79,-101,-101,-11,21,-999,9.8
2026-05-28 11:14:44.694,2026-05-28 11:29:30.967,22.6623872,114.5202331,50.0,10.2,0.09,238.7,0.0,28.7,2047.1,2796.72,10.0,2.0,2.5,NR5G-SA,n79,-104,-104,-11,21,-999,6.9
2026-05-28 11:14:44.894,2026-05-28 11:29:31.167,22.6623740,114.5202128,50.0,10.2,0.03,238.6,0.0,28.7,2045.0,2799.27,10.0,2.0,2.5,NR5G-SA,n79,-104,-104,-11,21,-999,6.0
2026-05-28 11:14:45.094,2026-05-28 11:29:31.567,22.6623608,114.5201924,50.0,10.2,0.03,238.6,0.0,28.7,2042.8,2801.83,10.0,2.0,2.5,NR5G-SA,n79,-104,-104,-11,21,-999,4.9
2026-05-28 11:14:45.295,2026-05-28 11:29:31.767,22.6623476,114.5201722,50.0,10.1,0.05,238.4,0.0,28.7,2040.6,2804.38,10.0,2.0,2.5,NR5G-SA,n79,-110,-110,-11,20,-999,6.7
2026-05-28 11:14:45.495,2026-05-28 11:29:31.767,22.6623344,114.5201520,50.0,10.1,0.05,238.3,0.0,28.4,2038.5,2806.92,10.0,2.0,2.5,NR5G-SA,n79,-110,-110,-11,20,-999,9.5
2026-05-28 11:14:45.695,2026-05-28 11:29:31.967,22.6623344,114.5201520,50.0,10.1,0.05,238.3,0.0,28.4,2038.5,2806.92,10.0,2.0,2.5,NR5G-SA,n79,-110,-110,-11,20,-999,4.6
2026-05-28 11:14:45.896,2026-05-28 11:29:32.167,22.6623212,114.5201320,50.0,10.1,-0.00,238.1,0.0,28.4,2036.4,2809.44,10.0,2.0,2.5,NR5G-SA,n79,-104,-104,-11,21,-999,7.0
2026-05-28 11:14:46.096,2026-05-28 11:29:32.567,22.6623079,114.5201121,50.0,10.0,0.04,238.0,0.0,28.4,2034.2,2811.97,10.0,2.0,2.5,NR5G-SA,n79,-104,-104,-11,21,-999,6.1
2026-05-28 11:14:46.297,2026-05-28 11:29:32.767,22.6622947,114.5200923,50.0,10.1,-0.05,237.8,0.0,28.4,2032.1,2814.48,10.0,2.0,2.5,NR5G-SA,n79,-104,-104,-11,21,-999,6.6
2026-05-28 11:14:46.497,2026-05-28 11:29:32.767,22.6622814,114.5200724,50.0,10.0,0.04,237.5,0.0,24.0,2030.0,2817.00,10.0,2.0,2.5,NR5G-SA,n79,-103,-103,-11,19,-999,10.5
2026-05-28 11:14:46.697,2026-05-28 11:29:32.967,22.6622814,114.5200724,50.0,10.0,0.04,237.5,0.0,24.0,2030.0,2817.00,10.0,2.0,2.5,NR5G-SA,n79,-103,-103,-11,19,-999,6.8
2026-05-28 11:14:46.897,2026-05-28 11:29:33.167,22.6622682,114.5200526,50.0,10.0,0.00,237.1,0.0,24.0,2027.9,2819.51,10.0,2.0,2.5,NR5G-SA,n79,-103,-103,-11,20,-999,5.2
2026-05-28 11:14:47.098,2026-05-28 11:29:33.567,22.6622550,114.5200329,50.0,10.0,0.03,236.8,0.0,24.0,2025.8,2822.01,10.0,2.0,2.5,NR5G-SA,n79,-103,-103,-11,20,-999,5.4
2026-05-28 11:14:47.298,2026-05-28 11:29:33.767,22.6622418,114.5200131,50.0,10.0,-0.02,236.6,0.0,24.0,2023.7,2824.52,10.0,2.0,2.5,NR5G-SA,n79,-103,-103,-11,20,-999,7.8
2026-05-28 11:14:47.499,2026-05-28 11:29:33.767,22.6622286,114.5199933,50.0,10.0,0.01,236.5,0.0,24.0,2021.6,2827.03,10.0,2.0,2.5,NR5G-SA,n79,-105,-105,-11,20,-999,9.0
2026-05-28 11:14:47.699,2026-05-28 11:29:33.967,22.6622286,114.5199933,50.0,10.0,0.01,236.5,0.0,24.3,2021.6,2827.03,10.0,2.0,2.5,NR5G-SA,n79,-105,-105,-11,20,-999,11.1
2026-05-28 11:14:47.899,2026-05-28 11:29:34.167,22.6622154,114.5199736,50.0,10.0,0.02,236.3,0.0,24.3,2019.5,2829.53,10.0,2.0,2.5,NR5G-SA,n79,-105,-105,-11,20,-999,12.4
2026-05-28 11:14:48.100,2026-05-28 11:29:34.567,22.6622022,114.5199538,50.0,10.0,0.02,236.1,0.0,24.3,2017.4,2832.04,10.0,2.0,2.5,NR5G-SA,n79,-106,-106,-11,17,-999,6.0
2026-05-28 11:14:48.300,2026-05-28 11:29:34.567,22.6622022,114.5199538,50.0,10.0,0.02,236.1,0.0,24.3,2017.4,2832.04,10.0,2.0,2.5,NR5G-SA,n79,-106,-106,-11,17,-999,9.0
2026-05-28 11:14:48.500,2026-05-28 11:29:34.767,22.6621756,114.5199139,50.0,10.0,-0.01,235.6,0.0,24.3,2013.2,2837.10,10.0,2.0,2.5,NR5G-SA,n79,-106,-106,-11,17,-999,9.6
2026-05-28 11:14:48.701,2026-05-28 11:29:34.967,22.6621756,114.5199139,50.0,10.0,-0.01,235.6,0.0,23.0,2013.2,2837.10,10.0,2.0,2.5,NR5G-SA,n79,-104,-104,-11,13,-999,9.8
2026-05-28 11:14:48.901,2026-05-28 11:29:35.167,22.6621624,114.5198940,50.0,10.0,0.03,235.5,0.0,23.0,2011.1,2839.61,10.0,2.0,2.5,NR5G-SA,n79,-104,-104,-11,13,-999,9.8
2026-05-28 11:14:49.102,2026-05-28 11:29:35.567,22.6621493,114.5198742,50.0,9.9,0.08,235.4,0.0,23.0,2009.0,2842.12,10.0,2.0,2.5,NR5G-SA,n79,-108,-108,-11,14,-999,6.2
2026-05-28 11:14:49.302,2026-05-28 11:29:35.767,22.6621362,114.5198544,50.0,9.9,-0.02,235.3,0.0,23.0,2006.9,2844.62,10.0,2.0,2.5,NR5G-SA,n79,-108,-108,-11,14,-999,7.3
2026-05-28 11:14:49.502,2026-05-28 11:29:35.767,22.6621231,114.5198348,50.0,10.0,-0.02,235.3,0.0,23.0,2004.8,2847.11,10.0,2.0,2.5,NR5G-SA,n79,-108,-108,-11,14,-999,7.5
2026-05-28 11:14:49.703,2026-05-28 11:29:35.967,22.6621231,114.5198348,50.0,10.0,-0.02,235.3,0.0,24.3,2004.8,2847.11,10.0,2.0,2.5,NR5G-SA,n79,-109,-109,-11,14,-999,9.7
2026-05-28 11:14:49.903,2026-05-28 11:29:36.167,22.6621101,114.5198150,50.0,9.9,0.03,235.3,0.0,24.3,2002.7,2849.60,10.0,2.0,2.5,NR5G-SA,n79,-109,-109,-11,14,-999,10.8
2026-05-28 11:14:50.103,2026-05-28 11:29:36.567,22.6620971,114.5197954,50.0,9.9,-0.02,235.3,0.0,24.3,2000.7,2852.08,10.0,2.0,2.5,NR5G-SA,n79,-109,-109,-11,14,-999,8.3
2026-05-28 11:14:50.304,2026-05-28 11:29:36.767,22.6620840,114.5197756,50.0,10.0,-0.04,235.4,0.0,24.3,1998.6,2854.58,10.0,2.0,2.5,NR5G-SA,n79,-108,-108,-11,14,-999,5.5
2026-05-28 11:14:50.504,2026-05-28 11:29:36.767,22.6620708,114.5197557,50.0,10.0,0.00,235.5,0.0,24.3,1996.5,2857.10,10.0,2.0,2.5,NR5G-SA,n79,-108,-108,-11,14,-999,10.3
2026-05-28 11:14:50.704,2026-05-28 11:29:36.967,22.6620708,114.5197557,50.0,10.0,0.00,235.5,0.0,25.5,1996.5,2857.10,10.0,2.0,2.5,NR5G-SA,n79,-108,-108,-11,14,-999,11.9
2026-05-28 11:14:50.905,2026-05-28 11:29:37.167,22.6620577,114.5197359,50.0,10.0,0.03,235.4,0.0,25.5,1994.4,2859.60,10.0,2.0,2.5,NR5G-SA,n79,-103,-103,-11,14,-999,8.5
2026-05-28 11:14:51.105,2026-05-28 11:29:37.567,22.6620445,114.5197161,50.0,10.0,0.08,235.3,0.0,25.5,1992.3,2862.11,10.0,2.0,2.5,NR5G-SA,n79,-103,-103,-11,14,-999,6.3
2026-05-28 11:14:51.306,2026-05-28 11:29:37.767,22.6620313,114.5196964,50.0,9.9,-0.01,235.2,0.0,25.5,1990.2,2864.61,10.0,2.0,2.5,NR5G-SA,n79,-104,-104,-11,13,-999,9.7
2026-05-28 11:14:51.506,2026-05-28 11:29:37.767,22.6620181,114.5196767,50.0,9.9,0.01,235.0,0.0,25.5,1988.1,2867.11,10.0,2.0,2.5,NR5G-SA,n79,-104,-104,-11,13,-999,9.8
2026-05-28 11:14:51.706,2026-05-28 11:29:37.967,22.6620181,114.5196767,50.0,9.9,0.01,235.0,0.0,24.6,1988.1,2867.11,10.0,2.0,2.5,NR5G-SA,n79,-104,-104,-11,13,-999,11.9
2026-05-28 11:14:51.907,2026-05-28 11:29:38.167,22.6620050,114.5196570,50.0,9.9,-0.00,234.8,0.0,24.6,1986.1,2869.61,10.0,2.0,2.5,NR5G-SA,n79,-106,-106,-11,13,-999,8.6
2026-05-28 11:14:52.107,2026-05-28 11:29:38.567,22.6619919,114.5196373,50.0,9.9,-0.02,234.7,0.0,24.6,1984.0,2872.10,10.0,2.0,2.5,NR5G-SA,n79,-106,-106,-11,13,-999,6.0
2026-05-28 11:14:52.307,2026-05-28 11:29:38.767,22.6619788,114.5196176,50.0,10.0,-0.01,234.6,0.0,24.6,1981.9,2874.60,10.0,2.0,2.5,NR5G-SA,n79,-106,-106,-11,13,-999,5.7
2026-05-28 11:14:52.508,2026-05-28 11:29:38.767,22.6619658,114.5195977,50.0,10.0,0.02,234.5,0.0,24.6,1979.8,2877.10,10.0,2.0,2.5,NR5G-SA,n79,-44,-44,-11,13,-999,10.0
2026-05-28 11:14:52.708,2026-05-28 11:29:38.967,22.6619658,114.5195977,50.0,10.0,0.02,234.5,0.0,23.4,1979.8,2877.10,10.0,2.0,2.5,NR5G-SA,n79,-44,-44,-11,13,-999,15.1
2026-05-28 11:14:52.908,2026-05-28 11:29:39.167,22.6619526,114.5195778,50.0,9.9,-0.01,234.4,0.0,23.4,1977.7,2879.62,10.0,2.0,2.5,NR5G-SA,n79,-44,-44,-11,13,-999,9.5
2026-05-28 11:14:53.109,2026-05-28 11:29:39.567,22.6619395,114.5195579,50.0,10.0,0.05,234.3,0.0,23.4,1975.6,2882.13,10.0,2.0,2.5,NR5G-SA,n79,-101,-101,-10,23,-999,6.7
2026-05-28 11:14:53.309,2026-05-28 11:29:39.767,22.6619263,114.5195380,50.0,10.0,-0.02,234.2,0.0,23.4,1973.5,2884.65,10.0,2.0,2.5,NR5G-SA,n79,-101,-101,-10,23,-999,6.5
2026-05-28 11:14:53.510,2026-05-28 11:29:39.767,22.6619132,114.5195184,50.0,10.0,-0.03,234.1,0.0,23.4,1971.5,2887.13,10.0,2.0,2.5,NR5G-SA,n79,-98,-98,-10,23,-999,10.2
2026-05-28 11:14:53.710,2026-05-28 11:29:39.967,22.6619132,114.5195184,50.0,10.0,-0.03,234.1,0.0,23.7,1971.5,2887.13,10.0,2.0,2.5,NR5G-SA,n79,-98,-98,-10,23,-999,14.3
2026-05-28 11:14:53.910,2026-05-28 11:29:40.167,22.6619000,114.5194988,50.0,10.0,-0.03,234.1,0.0,23.7,1969.4,2889.63,10.0,2.0,2.5,NR5G-SA,n79,-98,-98,-10,23,-999,6.9
2026-05-28 11:14:54.111,2026-05-28 11:29:40.567,22.6618868,114.5194790,50.0,10.0,0.01,234.3,0.0,23.7,1967.3,2892.14,10.0,2.0,2.5,NR5G-SA,n79,-103,-103,-11,19,-999,5.9
2026-05-28 11:14:54.311,2026-05-28 11:29:40.767,22.6618737,114.5194593,50.0,10.0,-0.03,234.3,0.0,23.7,1965.3,2894.63,10.0,2.0,2.5,NR5G-SA,n79,-103,-103,-11,19,-999,3.8
2026-05-28 11:14:54.511,2026-05-28 11:29:40.767,22.6618607,114.5194397,50.0,10.0,-0.04,234.4,0.0,23.7,1963.2,2897.11,10.0,2.0,2.5,NR5G-SA,n79,-103,-103,-11,19,-999,5.0
2026-05-28 11:14:54.712,2026-05-28 11:29:40.967,22.6618477,114.5194199,50.0,10.0,-0.04,234.7,0.0,22.6,1961.2,2899.61,10.0,2.0,2.5,NR5G-SA,n79,-111,-111,-11,18,-999,12.7
2026-05-28 11:14:54.912,2026-05-28 11:29:41.167,22.6618477,114.5194199,50.0,10.0,0.02,234.7,0.0,22.6,1961.2,2899.61,10.0,2.0,2.5,NR5G-SA,n79,-111,-111,-11,18,-999,10.3
2026-05-28 11:14:55.112,2026-05-28 11:29:41.567,22.6618346,114.5194001,50.0,10.0,-0.00,234.8,0.0,22.6,1959.1,2902.11,10.0,2.0,2.5,NR5G-SA,n79,-111,-111,-11,18,-999,7.5
2026-05-28 11:14:55.313,2026-05-28 11:29:41.767,22.6618216,114.5193804,50.0,10.0,0.07,234.9,0.0,22.6,1957.0,2904.60,10.0,2.0,2.5,NR5G-SA,n79,-104,-104,-11,20,-999,7.4
2026-05-28 11:14:55.513,2026-05-28 11:29:41.767,22.6618086,114.5193606,50.0,10.0,0.03,235.0,0.0,22.6,1954.9,2907.09,10.0,2.0,2.5,NR5G-SA,n79,-104,-104,-11,20,-999,10.0
2026-05-28 11:14:55.713,2026-05-28 11:29:41.967,22.6618086,114.5193606,50.0,10.0,0.03,235.0,0.0,22.6,1954.9,2907.09,10.0,2.0,2.5,NR5G-SA,n79,-108,-108,-11,21,-999,14.7
2026-05-28 11:14:55.914,2026-05-28 11:29:42.167,22.6617955,114.5193408,50.0,10.0,-0.03,235.0,0.0,21.0,1952.9,2909.60,10.0,2.0,2.5,NR5G-SA,n79,-108,-108,-11,21,-999,12.2
2026-05-28 11:14:56.114,2026-05-28 11:29:42.567,22.6617823,114.5193209,50.0,10.0,0.00,235.1,0.0,21.0,1950.8,2912.11,10.0,2.0,2.5,NR5G-SA,n79,-108,-108,-11,21,-999,8.0
2026-05-28 11:14:56.315,2026-05-28 11:29:42.767,22.6617693,114.5193012,50.0,10.0,-0.00,235.1,0.0,21.0,1948.7,2914.60,10.0,2.0,2.5,NR5G-SA,n79,-104,-104,-11,21,-999,7.5
2026-05-28 11:14:56.515,2026-05-28 11:29:42.767,22.6617562,114.5192816,50.0,10.0,-0.02,235.0,0.0,21.0,1946.7,2917.09,10.0,2.0,2.5,NR5G-SA,n79,-104,-104,-11,21,-999,9.4
2026-05-28 11:14:56.715,2026-05-28 11:29:42.967,22.6617562,114.5192816,50.0,10.0,-0.02,235.0,0.0,21.0,1946.7,2917.09,10.0,2.0,2.5,NR5G-SA,n79,-104,-104,-11,21,-999,9.5
2026-05-28 11:14:56.916,2026-05-28 11:29:43.167,22.6617431,114.5192620,50.0,10.0,-0.01,235.1,0.0,20.4,1944.6,2919.57,10.0,2.0,2.5,NR5G-SA,n79,-100,-100,-10,21,-999,8.0
2026-05-28 11:14:57.116,2026-05-28 11:29:43.567,22.6617298,114.5192422,50.0,10.0,-0.00,235.2,0.0,20.4,1942.6,2922.09,10.0,2.0,2.5,NR5G-SA,n79,-100,-100,-10,21,-999,4.1
2026-05-28 11:14:57.316,2026-05-28 11:29:43.767,22.6617168,114.5192226,50.0,10.0,0.00,235.3,0.0,20.4,1940.5,2924.57,10.0,2.0,2.5,NR5G-SA,n79,-100,-100,-10,21,-999,4.9
2026-05-28 11:14:57.517,2026-05-28 11:29:43.767,22.6617036,114.5192027,50.0,10.0,0.03,235.3,0.0,20.4,1938.5,2927.09,10.0,2.0,2.5,NR5G-SA,n79,-104,-104,-11,21,-999,9.1
2026-05-28 11:14:57.717,2026-05-28 11:29:43.967,22.6617036,114.5192027,50.0,10.0,0.03,235.3,0.0,20.4,1938.5,2927.09,10.0,2.0,2.5,NR5G-SA,n79,-104,-104,-11,21,-999,15.0
2026-05-28 11:14:57.917,2026-05-28 11:29:44.167,22.6616904,114.5191829,50.0,10.0,-0.02,235.3,0.0,20.6,1936.4,2929.60,10.0,2.0,2.5,NR5G-SA,n79,-104,-104,-11,21,-999,11.9
2026-05-28 11:14:58.118,2026-05-28 11:29:44.567,22.6616773,114.5191631,50.0,10.0,-0.01,235.4,0.0,20.6,1934.3,2932.10,10.0,2.0,2.5,NR5G-SA,n79,-105,-105,-10,22,-999,5.7
2026-05-28 11:14:58.318,2026-05-28 11:29:44.767,22.6616642,114.5191432,50.0,10.0,-0.02,235.4,0.0,20.6,1932.3,2934.61,10.0,2.0,2.5,NR5G-SA,n79,-105,-105,-10,22,-999,6.6
2026-05-28 11:14:58.519,2026-05-28 11:29:44.767,22.6616510,114.5191234,50.0,10.0,-0.03,235.4,0.0,20.6,1930.2,2937.12,10.0,2.0,2.5,NR5G-SA,n79,-104,-104,-11,22,-999,9.8
2026-05-28 11:14:58.719,2026-05-28 11:29:44.967,22.6616510,114.5191234,50.0,10.0,-0.03,235.4,0.0,20.6,1930.2,2937.12,10.0,2.0,2.5,NR5G-SA,n79,-104,-104,-11,22,-999,6.9
2026-05-28 11:14:58.919,2026-05-28 11:29:45.167,22.6616380,114.5191037,50.0,10.0,0.04,235.5,0.0,20.1,1928.2,2939.61,10.0,2.0,2.5,NR5G-SA,n79,-104,-104,-11,22,-999,5.6
2026-05-28 11:14:59.120,2026-05-28 11:29:45.567,22.6616249,114.5190841,50.0,10.0,-0.07,235.6,0.0,20.1,1926.1,2942.09,10.0,2.0,2.5,NR5G-SA,n79,-104,-104,-11,22,-999,5.4
2026-05-28 11:14:59.320,2026-05-28 11:29:45.767,22.6616118,114.5190645,50.0,9.9,0.06,235.7,0.0,20.1,1924.1,2944.58,10.0,2.0,2.5,NR5G-SA,n79,-104,-104,-11,22,-999,5.6
2026-05-28 11:14:59.520,2026-05-28 11:29:45.767,22.6615987,114.5190447,50.0,10.0,-0.01,235.8,0.0,20.1,1922.0,2947.08,10.0,2.0,2.5,NR5G-SA,n79,-100,-100,-10,23,-999,11.5
2026-05-28 11:14:59.721,2026-05-28 11:29:45.967,22.6615987,114.5190447,50.0,10.0,-0.01,235.8,0.0,20.1,1922.0,2947.08,10.0,2.0,2.5,NR5G-SA,n79,-100,-100,-10,22,-999,14.9
2026-05-28 11:14:59.921,2026-05-28 11:29:46.167,22.6615856,114.5190251,50.0,10.0,-0.02,235.9,0.0,19.8,1920.0,2949.57,10.0,2.0,2.5,NR5G-SA,n79,-100,-100,-10,22,-999,13.5
2026-05-28 11:15:00.122,2026-05-28 11:29:46.567,22.6615725,114.5190053,50.0,10.0,-0.02,236.0,0.0,19.8,1918.0,2952.07,10.0,2.0,2.5,NR5G-SA,n79,-100,-100,-10,22,-999,8.2
2026-05-28 11:15:00.322,2026-05-28 11:29:46.767,22.6615594,114.5189855,50.0,10.0,-0.03,236.0,0.0,19.8,1915.9,2954.57,10.0,2.0,2.5,NR5G-SA,n79,-100,-100,-11,22,-999,6.7
2026-05-28 11:15:00.522,2026-05-28 11:29:46.967,22.6615462,114.5189657,50.0,10.1,-0.01,235.9,0.0,19.8,1913.9,2957.08,10.0,2.0,2.5,NR5G-SA,n79,-100,-100,-11,22,-999,5.1
2026-05-28 11:15:00.723,2026-05-28 11:29:46.967,22.6615462,114.5189657,50.0,10.1,-0.01,235.9,0.0,19.8,1913.9,2957.08,10.0,2.0,2.5,NR5G-SA,n79,-102,-102,-11,22,-999,12.8
2026-05-28 11:15:00.923,2026-05-28 11:29:47.167,22.6615331,114.5189460,50.0,10.0,0.01,235.7,0.0,19.1,1911.8,2959.58,10.0,2.0,2.5,NR5G-SA,n79,-102,-102,-11,22,-999,8.8
2026-05-28 11:15:01.123,2026-05-28 11:29:47.567,22.6615199,114.5189263,50.0,10.0,0.06,235.5,0.0,19.1,1909.8,2962.08,10.0,2.0,2.5,NR5G-SA,n79,-102,-102,-11,22,-999,5.7
2026-05-28 11:15:01.324,2026-05-28 11:29:47.767,22.6615067,114.5189066,50.0,10.0,0.03,235.3,0.0,19.1,1907.7,2964.58,10.0,2.0,2.5,NR5G-SA,n79,-116,-116,-11,19,-999,4.7
2026-05-28 11:15:01.524,2026-05-28 11:29:47.767,22.6614936,114.5188869,50.0,10.0,0.02,235.0,0.0,19.1,1905.7,2967.07,10.0,2.0,2.5,NR5G-SA,n79,-116,-116,-11,19,-999,8.4
2026-05-28 11:15:01.724,2026-05-28 11:29:47.967,22.6614936,114.5188869,50.0,10.0,0.02,235.0,0.0,19.1,1905.7,2967.07,10.0,2.0,2.5,NR5G-SA,n79,-116,-116,-11,19,-999,15.2
2026-05-28 11:15:01.925,2026-05-28 11:29:48.167,22.6614805,114.5188672,50.0,10.0,-0.01,234.8,0.0,19.6,1903.7,2969.57,10.0,2.0,2.5,NR5G-SA,n79,-100,-100,-11,21,-999,10.7
2026-05-28 11:15:02.125,2026-05-28 11:29:48.567,22.6614672,114.5188474,50.0,10.1,0.03,234.9,0.0,19.6,1901.6,2972.08,10.0,2.0,2.5,NR5G-SA,n79,-100,-100,-11,21,-999,7.9
2026-05-28 11:15:02.325,2026-05-28 11:29:48.767,22.6614541,114.5188275,50.0,10.0,0.06,234.9,0.0,19.6,1899.6,2974.59,10.0,2.0,2.5,NR5G-SA,n79,-100,-100,-11,21,-999,7.5
2026-05-28 11:15:02.526,2026-05-28 11:29:48.767,22.6614409,114.5188075,50.0,10.0,0.08,234.8,0.0,19.6,1897.5,2977.12,10.0,2.0,2.5,NR5G-SA,n79,-99,-99,-11,21,-999,8.6
2026-05-28 11:15:02.726,2026-05-28 11:29:48.967,22.6614409,114.5188075,50.0,10.0,0.08,234.8,0.0,19.6,1897.5,2977.12,10.0,2.0,2.5,NR5G-SA,n79,-99,-99,-11,21,-999,13.7
2026-05-28 11:15:02.927,2026-05-28 11:29:49.167,22.6614278,114.5187877,50.0,10.0,0.01,234.6,0.0,19.2,1895.5,2979.62,10.0,2.0,2.5,NR5G-SA,n79,-98,-98,-11,20,-999,6.5
2026-05-28 11:15:03.127,2026-05-28 11:29:49.567,22.6614146,114.5187679,50.0,9.9,-0.01,234.5,0.0,19.2,1893.4,2982.13,10.0,2.0,2.5,NR5G-SA,n79,-98,-98,-11,20,-999,9.2
2026-05-28 11:15:03.327,2026-05-28 11:29:49.767,22.6614014,114.5187481,50.0,10.0,0.04,234.5,0.0,19.2,1891.4,2984.64,10.0,2.0,2.5,NR5G-SA,n79,-98,-98,-11,20,-999,7.5
2026-05-28 11:15:03.527,2026-05-28 11:29:49.767,22.6613883,114.5187283,50.0,9.9,-0.03,234.4,0.0,19.2,1889.4,2987.14,10.0,2.0,2.5,NR5G-SA,n79,-98,-98,-11,19,-999,8.7
2026-05-28 11:15:03.728,2026-05-28 11:29:49.967,22.6613883,114.5187283,50.0,9.9,-0.03,234.4,0.0,19.2,1889.4,2987.14,10.0,2.0,2.5,NR5G-SA,n79,-98,-98,-11,19,-999,14.1
2026-05-28 11:15:03.928,2026-05-28 11:29:50.167,22.6613752,114.5187086,50.0,10.0,-0.03,234.5,0.0,17.9,1887.3,2989.64,10.0,2.0,2.5,NR5G-SA,n79,-98,-98,-11,19,-999,10.1
2026-05-28 11:15:04.129,2026-05-28 11:29:50.567,22.6613621,114.5186888,50.0,10.0,0.02,234.6,0.0,17.9,1885.3,2992.14,10.0,2.0,2.5,NR5G-SA,n79,-101,-101,-11,18,-999,5.7
2026-05-28 11:15:04.329,2026-05-28 11:29:50.767,22.6613490,114.5186690,50.0,10.0,0.01,234.5,0.0,17.9,1883.3,2994.64,10.0,2.0,2.5,NR5G-SA,n79,-101,-101,-11,18,-999,5.7
2026-05-28 11:15:04.529,2026-05-28 11:29:50.967,22.6613359,114.5186494,50.0,9.9,-0.01,234.5,0.0,17.9,1881.3,2997.13,10.0,2.0,2.5,NR5G-SA,n79,-101,-101,-11,18,-999,6.4
2026-05-28 11:15:04.729,2026-05-28 11:29:50.967,22.6613228,114.5186297,50.0,10.0,-0.01,234.6,0.0,17.9,1879.2,2999.62,10.0,2.0,2.5,NR5G-SA,n79,-101,-101,-11,18,-999,12.5
2026-05-28 11:15:04.930,2026-05-28 11:29:51.167,22.6613228,114.5186297,50.0,10.0,-0.01,234.6,0.0,17.9,1879.2,2999.62,10.0,2.0,2.5,NR5G-SA,n79,-101,-101,-11,18,-999,10.9
2026-05-28 11:15:05.130,2026-05-28 11:29:51.567,22.6613097,114.5186100,50.0,9.9,0.05,234.6,0.0,19.8,1877.2,3002.12,10.0,2.0,2.5,NR5G-SA,n79,-101,-101,-11,18,-999,7.8
2026-05-28 11:15:05.330,2026-05-28 11:29:51.767,22.6612966,114.5185903,50.0,10.0,0.02,234.5,0.0,19.8,1875.2,3004.61,10.0,2.0,2.5,NR5G-SA,n79,-101,-101,-11,18,-999,6.3
2026-05-28 11:15:05.531,2026-05-28 11:29:51.767,22.6612834,114.5185706,50.0,10.0,-0.02,234.4,0.0,19.8,1873.2,3007.11,10.0,2.0,2.5,NR5G-SA,n79,-99,-99,-10,19,-999,9.5
2026-05-28 11:15:05.731,2026-05-28 11:29:51.967,22.6612834,114.5185706,50.0,10.0,-0.02,234.4,0.0,19.8,1873.2,3007.11,10.0,2.0,2.5,NR5G-SA,n79,-98,-98,-10,19,-999,15.2
2026-05-28 11:15:05.932,2026-05-28 11:29:52.167,22.6612703,114.5185508,50.0,10.0,0.06,234.4,0.0,19.8,1871.1,3009.62,10.0,2.0,2.5,NR5G-SA,n79,-98,-98,-10,19,-999,10.4
2026-05-28 11:15:06.132,2026-05-28 11:29:52.567,22.6612570,114.5185311,50.0,10.0,0.06,234.3,0.0,20.9,1869.1,3012.12,10.0,2.0,2.5,NR5G-SA,n79,-98,-98,-10,19,-999,6.6
2026-05-28 11:15:06.332,2026-05-28 11:29:52.767,22.6612438,114.5185114,50.0,10.0,0.03,234.0,0.0,20.9,1867.1,3014.62,10.0,2.0,2.5,NR5G-SA,n79,-96,-96,-10,19,-999,4.8
2026-05-28 11:15:06.533,2026-05-28 11:29:52.967,22.6612306,114.5184918,50.0,10.0,0.02,233.8,0.0,20.9,1865.1,3017.12,10.0,2.0,2.5,NR5G-SA,n79,-96,-96,-10,19,-999,6.8
2026-05-28 11:15:06.733,2026-05-28 11:29:52.967,22.6612176,114.5184720,50.0,10.0,-0.01,233.8,0.0,20.9,1863.1,3019.61,10.0,2.0,2.5,NR5G-SA,n79,-96,-96,-10,19,-999,10.0
2026-05-28 11:15:06.933,2026-05-28 11:29:53.167,22.6612176,114.5184720,50.0,10.0,-0.01,233.8,0.0,20.9,1863.1,3019.61,10.0,2.0,2.5,NR5G-SA,n79,-100,-100,-10,19,-999,10.7
2026-05-28 11:15:07.134,2026-05-28 11:29:53.567,22.6612046,114.5184521,50.0,10.0,-0.00,233.9,0.0,23.8,1861.1,3022.12,10.0,2.0,2.5,NR5G-SA,n79,-100,-100,-10,19,-999,8.3
2026-05-28 11:15:07.334,2026-05-28 11:29:53.767,22.6611916,114.5184323,50.0,10.0,0.01,234.1,0.0,23.8,1859.0,3024.61,10.0,2.0,2.5,NR5G-SA,n79,-97,-97,-11,19,-999,7.6
2026-05-28 11:15:07.534,2026-05-28 11:29:53.767,22.6611785,114.5184124,50.0,10.0,0.01,234.2,0.0,23.8,1857.0,3027.13,10.0,2.0,2.5,NR5G-SA,n79,-97,-97,-11,19,-999,8.7
2026-05-28 11:15:07.735,2026-05-28 11:29:53.967,22.6611653,114.5183926,50.0,10.0,0.01,234.2,0.0,23.8,1855.0,3029.63,10.0,2.0,2.5,NR5G-SA,n79,-97,-97,-11,19,-999,13.0
2026-05-28 11:15:07.935,2026-05-28 11:29:54.167,22.6611653,114.5183926,50.0,10.0,0.04,234.2,0.0,23.8,1855.0,3029.63,10.0,2.0,2.5,NR5G-SA,n79,-100,-100,-11,20,-999,11.2
2026-05-28 11:15:08.135,2026-05-28 11:29:54.567,22.6611521,114.5183728,50.0,10.0,0.03,234.2,0.0,24.4,1853.0,3032.14,10.0,2.0,2.5,NR5G-SA,n79,-100,-100,-11,20,-999,6.0
2026-05-28 11:15:08.336,2026-05-28 11:29:54.767,22.6611391,114.5183532,50.0,10.0,0.03,234.2,0.0,24.4,1851.0,3034.62,10.0,2.0,2.5,NR5G-SA,n79,-100,-100,-11,20,-999,5.5
2026-05-28 11:15:08.536,2026-05-28 11:29:54.967,22.6611260,114.5183334,50.0,10.0,0.00,234.2,0.0,24.4,1849.0,3037.13,10.0,2.0,2.5,NR5G-SA,n79,-101,-101,-11,19,-999,7.1
2026-05-28 11:15:08.737,2026-05-28 11:29:54.967,22.6611260,114.5183334,50.0,10.0,0.00,234.2,0.0,24.4,1849.0,3037.13,10.0,2.0,2.5,NR5G-SA,n79,-101,-101,-11,19,-999,13.3
2026-05-28 11:15:08.937,2026-05-28 11:29:55.167,22.6611129,114.5183137,50.0,10.0,0.03,234.1,0.0,24.4,1847.0,3039.62,10.0,2.0,2.5,NR5G-SA,n79,-101,-101,-11,19,-999,8.3
2026-05-28 11:15:09.137,2026-05-28 11:29:55.567,22.6610998,114.5182941,50.0,10.0,0.01,234.1,0.0,26.5,1845.0,3042.11,10.0,2.0,2.5,NR5G-SA,n79,-99,-99,-10,19,-999,7.8
2026-05-28 11:15:09.338,2026-05-28 11:29:55.767,22.6610866,114.5182743,50.0,10.0,0.02,234.1,0.0,26.5,1843.0,3044.62,10.0,2.0,2.5,NR5G-SA,n79,-99,-99,-10,19,-999,5.4
2026-05-28 11:15:09.538,2026-05-28 11:29:55.767,22.6610734,114.5182546,50.0,10.0,0.03,234.1,0.0,26.5,1841.0,3047.12,10.0,2.0,2.5,NR5G-SA,n79,-99,-99,-11,18,-999,8.7
2026-05-28 11:15:09.738,2026-05-28 11:29:55.967,22.6610602,114.5182348,50.0,10.0,0.03,234.1,0.0,26.5,1839.0,3049.63,10.0,2.0,2.5,NR5G-SA,n79,-99,-99,-11,18,-999,10.9
2026-05-28 11:15:09.939,2026-05-28 11:29:56.167,22.6610602,114.5182348,50.0,10.0,0.03,234.1,0.0,26.5,1839.0,3049.63,10.0,2.0,2.5,NR5G-SA,n79,-99,-99,-11,18,-999,15.0
2026-05-28 11:15:10.139,2026-05-28 11:29:56.567,22.6610470,114.5182151,50.0,10.0,0.05,234.1,0.0,25.6,1837.0,3052.13,10.0,2.0,2.5,NR5G-SA,n79,-98,-98,-10,18,-999,13.5
2026-05-28 11:15:10.339,2026-05-28 11:29:56.767,22.6610338,114.5181953,50.0,10.0,0.08,234.1,0.0,25.6,1835.0,3054.64,10.0,2.0,2.5,NR5G-SA,n79,-98,-98,-10,18,-999,6.0
2026-05-28 11:15:10.540,2026-05-28 11:29:56.967,22.6610206,114.5181756,50.0,10.0,0.03,233.9,0.0,25.6,1833.0,3057.14,10.0,2.0,2.5,NR5G-SA,n79,-98,-98,-10,18,-999,6.5
2026-05-28 11:15:10.740,2026-05-28 11:29:56.967,22.6610074,114.5181558,50.0,10.0,0.03,233.9,0.0,25.6,1831.0,3059.65,10.0,2.0,2.5,NR5G-SA,n79,-103,-103,-11,19,-999,13.1
2026-05-28 11:15:10.940,2026-05-28 11:29:57.167,22.6610074,114.5181558,50.0,10.0,0.09,233.9,0.0,25.6,1831.0,3059.65,10.0,2.0,2.5,NR5G-SA,n79,-103,-103,-11,19,-999,8.4
2026-05-28 11:15:11.141,2026-05-28 11:29:57.567,22.6609943,114.5181360,50.0,10.0,-0.05,234.0,0.0,26.0,1829.0,3062.15,10.0,2.0,2.5,NR5G-SA,n79,-103,-103,-11,19,-999,6.1
2026-05-28 11:15:11.341,2026-05-28 11:29:57.767,22.6609813,114.5181162,50.0,10.0,0.03,234.2,0.0,26.0,1827.0,3064.65,10.0,2.0,2.5,NR5G-SA,n79,-102,-102,-10,19,-999,5.2
2026-05-28 11:15:11.541,2026-05-28 11:29:57.967,22.6609683,114.5180965,50.0,9.9,0.05,234.3,0.0,26.0,1825.0,3067.13,10.0,2.0,2.5,NR5G-SA,n79,-102,-102,-10,19,-999,7.0
2026-05-28 11:15:11.742,2026-05-28 11:29:57.967,22.6609553,114.5180769,50.0,10.0,-0.03,234.2,0.0,26.0,1823.0,3069.61,10.0,2.0,2.5,NR5G-SA,n79,-102,-102,-10,19,-999,12.6
2026-05-28 11:15:11.942,2026-05-28 11:29:58.167,22.6609553,114.5180769,50.0,10.0,-0.03,234.2,0.0,26.0,1823.0,3069.61,10.0,2.0,2.5,NR5G-SA,n79,-102,-102,-10,19,-999,9.1
2026-05-28 11:15:12.143,2026-05-28 11:29:58.567,22.6609421,114.5180573,50.0,10.0,0.02,234.2,0.0,26.0,1821.0,3072.11,10.0,2.0,2.5,NR5G-SA,n79,-102,-102,-10,19,-999,5.9
2026-05-28 11:15:12.343,2026-05-28 11:29:58.767,22.6609290,114.5180376,50.0,10.0,0.03,234.1,0.0,24.5,1819.0,3074.60,10.0,2.0,2.5,NR5G-SA,n79,-102,-102,-10,19,-999,5.2
2026-05-28 11:15:12.543,2026-05-28 11:29:58.967,22.6609159,114.5180178,50.0,10.0,0.07,234.1,0.0,24.5,1817.0,3077.10,10.0,2.0,2.5,NR5G-SA,n79,-96,-96,-10,19,-999,5.9
2026-05-28 11:15:12.744,2026-05-28 11:29:58.967,22.6609027,114.5179980,50.0,10.0,0.08,234.2,0.0,24.5,1815.0,3079.61,10.0,2.0,2.5,NR5G-SA,n79,-96,-96,-10,19,-999,11.4
2026-05-28 11:15:12.944,2026-05-28 11:29:59.167,22.6609027,114.5179980,50.0,10.0,0.08,234.2,0.0,24.5,1815.0,3079.61,10.0,2.0,2.5,NR5G-SA,n79,-99,-99,-10,20,-999,10.8
2026-05-28 11:15:13.144,2026-05-28 11:29:59.567,22.6608897,114.5179782,50.0,10.0,0.03,234.3,0.0,24.5,1813.1,3082.11,10.0,2.0,2.5,NR5G-SA,n79,-99,-99,-10,20,-999,9.3
2026-05-28 11:15:13.345,2026-05-28 11:29:59.767,22.6608766,114.5179584,50.0,10.0,-0.00,234.4,0.0,25.8,1811.1,3084.61,10.0,2.0,2.5,NR5G-SA,n79,-99,-99,-10,20,-999,4.5
2026-05-28 11:15:13.545,2026-05-28 11:29:59.967,22.6608636,114.5179386,50.0,10.0,0.05,234.3,0.0,25.8,1809.1,3087.11,10.0,2.0,2.5,NR5G-SA,n79,-100,-100,-10,20,-999,6.4
2026-05-28 11:15:13.746,2026-05-28 11:29:59.967,22.6608504,114.5179188,50.0,10.0,0.05,234.1,0.0,25.8,1807.1,3089.62,10.0,2.0,2.5,NR5G-SA,n79,-100,-100,-10,20,-999,10.0
2026-05-28 11:15:13.946,2026-05-28 11:30:00.167,22.6608504,114.5179188,50.0,10.0,0.05,234.1,0.0,25.8,1807.1,3089.62,10.0,2.0,2.5,NR5G-SA,n79,-100,-100,-10,20,-999,10.3
2026-05-28 11:15:14.146,2026-05-28 11:30:00.567,22.6608373,114.5178991,50.0,10.0,0.11,234.0,0.0,25.8,1805.1,3092.11,10.0,2.0,2.5,NR5G-SA,n79,-108,-108,-11,20,-999,7.6
2026-05-28 11:15:14.347,2026-05-28 11:30:00.767,22.6608241,114.5178790,50.0,10.0,0.03,234.1,0.0,25.4,1803.1,3094.64,10.0,2.0,2.5,NR5G-SA,n79,-108,-108,-11,20,-999,5.3
2026-05-28 11:15:14.548,2026-05-28 11:30:00.967,22.6608110,114.5178591,50.0,10.0,0.04,234.0,0.0,25.4,1801.1,3097.16,10.0,2.0,2.5,NR5G-SA,n79,-100,-100,-10,20,-999,6.4
2026-05-28 11:15:14.748,2026-05-28 11:30:00.967,22.6607978,114.5178391,50.0,10.0,0.02,233.8,0.0,25.4,1799.1,3099.68,10.0,2.0,2.5,NR5G-SA,n79,-100,-100,-10,20,-999,10.2
2026-05-28 11:15:14.949,2026-05-28 11:30:01.167,22.6607978,114.5178391,50.0,10.0,0.02,233.8,0.0,25.4,1799.1,3099.68,10.0,2.0,2.5,NR5G-SA,n79,-100,-100,-10,20,-999,10.8
2026-05-28 11:15:15.149,2026-05-28 11:30:01.567,22.6607846,114.5178194,50.0,10.0,-0.01,233.5,0.0,25.4,1797.1,3102.18,10.0,2.0,2.5,NR5G-SA,n79,-101,-101,-11,19,-999,8.3
2026-05-28 11:15:15.349,2026-05-28 11:30:01.767,22.6607715,114.5177997,50.0,10.0,-0.09,233.4,0.0,25.8,1795.2,3104.68,10.0,2.0,2.5,NR5G-SA,n79,-101,-101,-11,19,-999,5.0
2026-05-28 11:15:15.550,2026-05-28 11:30:01.967,22.6607584,114.5177801,50.0,10.0,-0.05,233.5,0.0,25.8,1793.2,3107.16,10.0,2.0,2.5,NR5G-SA,n79,-101,-101,-11,19,-999,7.1
2026-05-28 11:15:15.750,2026-05-28 11:30:01.967,22.6607452,114.5177604,50.0,10.0,0.03,233.6,0.0,25.8,1791.2,3109.66,10.0,2.0,2.5,NR5G-SA,n79,-96,-96,-10,20,-999,13.0
2026-05-28 11:15:15.950,2026-05-28 11:30:02.167,22.6607452,114.5177604,50.0,10.0,0.03,233.6,0.0,25.8,1791.2,3109.66,10.0,2.0,2.5,NR5G-SA,n79,-96,-96,-10,20,-999,10.1
2026-05-28 11:15:16.151,2026-05-28 11:30:02.567,22.6607321,114.5177407,50.0,10.0,-0.04,233.7,0.0,25.8,1789.3,3112.16,10.0,2.0,2.5,NR5G-SA,n79,-96,-96,-10,20,-999,6.6
2026-05-28 11:15:16.351,2026-05-28 11:30:02.767,22.6607189,114.5177209,50.0,10.0,-0.02,233.8,0.0,24.9,1787.3,3114.67,10.0,2.0,2.5,NR5G-SA,n79,-95,-95,-10,21,-999,5.6
2026-05-28 11:15:16.551,2026-05-28 11:30:02.967,22.6607058,114.5177011,50.0,10.0,0.02,233.7,0.0,24.9,1785.3,3117.17,10.0,2.0,2.5,NR5G-SA,n79,-95,-95,-10,21,-999,8.5
2026-05-28 11:15:16.752,2026-05-28 11:30:02.967,22.6606928,114.5176815,50.0,10.0,0.04,233.7,0.0,24.9,1783.4,3119.65,10.0,2.0,2.5,NR5G-SA,n79,-101,-101,-11,20,-999,9.6
2026-05-28 11:15:16.952,2026-05-28 11:30:03.167,22.6606928,114.5176815,50.0,10.0,0.04,233.7,0.0,24.9,1783.4,3119.65,10.0,2.0,2.5,NR5G-SA,n79,-101,-101,-11,20,-999,8.2
2026-05-28 11:15:17.152,2026-05-28 11:30:03.567,22.6606797,114.5176618,50.0,10.0,-0.02,233.7,0.0,24.9,1781.4,3122.14,10.0,2.0,2.5,NR5G-SA,n79,-101,-101,-11,20,-999,5.4
2026-05-28 11:15:17.353,2026-05-28 11:30:03.767,22.6606666,114.5176421,50.0,10.0,-0.08,233.8,0.0,24.9,1779.5,3124.64,10.0,2.0,2.5,NR5G-SA,n79,-113,-113,-11,21,-999,4.3
2026-05-28 11:15:17.553,2026-05-28 11:30:03.967,22.6606535,114.5176223,50.0,10.0,0.02,233.9,0.0,24.9,1777.5,3127.14,10.0,2.0,2.5,NR5G-SA,n79,-113,-113,-11,21,-999,5.4
2026-05-28 11:15:17.753,2026-05-28 11:30:03.967,22.6606404,114.5176026,50.0,9.9,0.02,233.9,0.0,24.9,1775.5,3129.64,10.0,2.0,2.5,NR5G-SA,n79,-113,-113,-11,21,-999,11.3
2026-05-28 11:15:17.954,2026-05-28 11:30:04.167,22.6606404,114.5176026,50.0,9.9,0.02,233.9,0.0,24.9,1775.5,3129.64,10.0,2.0,2.5,NR5G-SA,n79,-105,-105,-11,20,-999,9.1
2026-05-28 11:15:18.154,2026-05-28 11:30:04.567,22.6606273,114.5175829,50.0,9.9,-0.02,233.8,0.0,24.9,1773.6,3132.13,10.0,2.0,2.5,NR5G-SA,n79,-105,-105,-11,20,-999,6.0
2026-05-28 11:15:18.354,2026-05-28 11:30:04.767,22.6606142,114.5175633,50.0,10.0,-0.02,233.8,0.0,23.4,1771.6,3134.62,10.0,2.0,2.5,NR5G-SA,n79,-105,-105,-11,20,-999,5.7
2026-05-28 11:15:18.555,2026-05-28 11:30:04.967,22.6606011,114.5175437,50.0,10.0,-0.01,233.9,0.0,23.4,1769.7,3137.10,10.0,2.0,2.5,NR5G-SA,n79,-107,-107,-11,21,-999,4.7
2026-05-28 11:15:18.755,2026-05-28 11:30:04.967,22.6605879,114.5175240,50.0,10.0,-0.03,234.0,0.0,23.4,1767.7,3139.60,10.0,2.0,2.5,NR5G-SA,n79,-107,-107,-11,21,-999,9.3
2026-05-28 11:15:18.955,2026-05-28 11:30:05.167,22.6605879,114.5175240,50.0,10.0,-0.03,234.0,0.0,23.4,1767.7,3139.60,10.0,2.0,2.5,NR5G-SA,n79,-96,-96,-10,22,-999,10.5
2026-05-28 11:15:19.156,2026-05-28 11:30:05.567,22.6605748,114.5175043,50.0,10.0,-0.05,234.1,0.0,23.4,1765.8,3142.10,10.0,2.0,2.5,NR5G-SA,n79,-96,-96,-10,22,-999,7.6
2026-05-28 11:15:19.356,2026-05-28 11:30:05.767,22.6605617,114.5174846,50.0,9.9,0.01,234.3,0.0,22.3,1763.8,3144.59,10.0,2.0,2.5,NR5G-SA,n79,-96,-96,-10,22,-999,5.4
2026-05-28 11:15:19.556,2026-05-28 11:30:05.967,22.6605485,114.5174648,50.0,10.0,0.06,234.4,0.0,22.3,1761.9,3147.10,10.0,2.0,2.5,NR5G-SA,n79,-96,-96,-10,22,-999,8.3
2026-05-28 11:15:19.757,2026-05-28 11:30:05.967,22.6605355,114.5174451,50.0,9.9,0.00,234.4,0.0,22.3,1759.9,3149.59,10.0,2.0,2.5,NR5G-SA,n79,-96,-96,-10,22,-999,7.0
2026-05-28 11:15:19.957,2026-05-28 11:30:06.167,22.6605355,114.5174451,50.0,9.9,0.00,234.4,0.0,22.3,1759.9,3149.59,10.0,2.0,2.5,NR5G-SA,n79,-96,-96,-10,22,-999,6.8
2026-05-28 11:15:20.157,2026-05-28 11:30:06.567,22.6605223,114.5174252,50.0,10.0,0.00,234.2,0.0,22.3,1758.0,3152.11,10.0,2.0,2.5,NR5G-SA,n79,-97,-97,-10,22,-999,8.4
2026-05-28 11:15:20.358,2026-05-28 11:30:06.767,22.6605090,114.5174055,50.0,10.0,0.05,234.1,0.0,22.3,1756.0,3154.61,10.0,2.0,2.5,NR5G-SA,n79,-97,-97,-10,22,-999,5.7
2026-05-28 11:15:20.558,2026-05-28 11:30:06.967,22.6604959,114.5173860,50.0,10.0,0.02,234.0,0.0,19.9,1754.1,3157.09,10.0,2.0,2.5,NR5G-SA,n79,-97,-97,-10,22,-999,6.5
2026-05-28 11:15:20.759,2026-05-28 11:30:06.967,22.6604827,114.5173663,50.0,10.0,-0.01,233.9,0.0,19.9,1752.2,3159.59,10.0,2.0,2.5,NR5G-SA,n79,-97,-97,-11,20,-999,9.6
2026-05-28 11:15:20.959,2026-05-28 11:30:07.167,22.6604827,114.5173663,50.0,10.0,-0.01,233.9,0.0,19.9,1752.2,3159.59,10.0,2.0,2.5,NR5G-SA,n79,-97,-97,-11,20,-999,6.9
2026-05-28 11:15:21.159,2026-05-28 11:30:07.567,22.6604695,114.5173467,50.0,10.0,-0.03,233.7,0.0,19.9,1750.2,3162.09,10.0,2.0,2.5,NR5G-SA,n79,-100,-100,-11,20,-999,4.4
2026-05-28 11:15:21.360,2026-05-28 11:30:07.767,22.6604562,114.5173271,50.0,10.0,-0.06,233.4,0.0,19.9,1748.3,3164.58,10.0,2.0,2.5,NR5G-SA,n79,-100,-100,-11,20,-999,3.8
2026-05-28 11:15:21.560,2026-05-28 11:30:07.767,22.6604430,114.5173073,50.0,10.0,-0.06,233.2,0.0,47.2,1746.4,3167.09,10.0,2.0,2.5,NR5G-SA,n79,-100,-100,-11,20,-999,21.2
2026-05-28 11:15:21.760,2026-05-28 11:30:07.967,22.6604430,114.5173073,50.0,10.0,0.06,233.2,0.0,47.2,1746.4,3167.09,10.0,2.0,2.5,NR5G-SA,n79,-100,-100,-11,20,-999,14.6
2026-05-28 11:15:21.961,2026-05-28 11:30:08.167,22.6604299,114.5172876,50.0,10.0,-0.04,233.1,0.0,47.2,1744.4,3169.59,10.0,2.0,2.5,NR5G-SA,n79,-98,-98,-11,21,-999,6.4
2026-05-28 11:15:22.161,2026-05-28 11:30:08.567,22.6604169,114.5172677,50.0,10.0,-0.01,233.1,0.0,47.2,1742.5,3172.09,10.0,2.0,2.5,NR5G-SA,n79,-98,-98,-11,21,-999,10.8
2026-05-28 11:15:22.362,2026-05-28 11:30:08.767,22.6604039,114.5172478,50.0,10.0,0.02,233.0,0.0,47.2,1740.5,3174.60,10.0,2.0,2.5,NR5G-SA,n79,-104,-104,-11,20,-999,6.7
2026-05-28 11:15:22.562,2026-05-28 11:30:08.967,22.6603909,114.5172279,50.0,10.0,0.00,232.8,0.0,47.7,1738.6,3177.10,10.0,2.0,2.5,NR5G-SA,n79,-104,-104,-11,20,-999,6.0
2026-05-28 11:15:22.762,2026-05-28 11:30:08.967,22.6603778,114.5172081,50.0,10.0,0.05,232.7,0.0,47.7,1736.6,3179.60,10.0,2.0,2.5,NR5G-SA,n79,-104,-104,-11,20,-999,9.9
2026-05-28 11:15:22.963,2026-05-28 11:30:09.167,22.6603778,114.5172081,50.0,10.0,0.05,232.7,0.0,47.7,1736.6,3179.60,10.0,2.0,2.5,NR5G-SA,n79,-101,-101,-11,20,-999,11.0
2026-05-28 11:15:23.163,2026-05-28 11:30:09.567,22.6603646,114.5171884,50.0,10.0,0.08,232.5,0.0,47.7,1734.7,3182.11,10.0,2.0,2.5,NR5G-SA,n79,-101,-101,-11,20,-999,5.9
2026-05-28 11:15:23.363,2026-05-28 11:30:09.767,22.6603514,114.5171687,50.0,10.0,0.02,232.5,0.0,47.7,1732.8,3184.61,10.0,2.0,2.5,NR5G-SA,n79,-96,-96,-10,21,-999,5.9
2026-05-28 11:15:23.563,2026-05-28 11:30:09.967,22.6603383,114.5171489,50.0,10.0,-0.09,232.6,0.0,47.7,1730.9,3187.11,10.0,2.0,2.5,NR5G-SA,n79,-96,-96,-10,21,-999,6.3
2026-05-28 11:15:23.764,2026-05-28 11:30:10.167,22.6603252,114.5171292,50.0,10.0,-0.07,232.9,0.0,47.3,1728.9,3189.60,10.0,2.0,2.5,NR5G-SA,n79,-96,-96,-10,21,-999,7.8
2026-05-28 11:15:23.964,2026-05-28 11:30:10.167,22.6603252,114.5171292,50.0,10.0,-0.07,232.9,0.0,47.3,1728.9,3189.60,10.0,2.0,2.5,NR5G-SA,n79,-96,-96,-10,21,-999,15.0
2026-05-28 11:15:24.165,2026-05-28 11:30:10.567,22.6603122,114.5171096,50.0,10.0,-0.08,233.0,0.0,47.3,1727.0,3192.08,10.0,2.0,2.5,NR5G-SA,n79,-96,-96,-10,21,-999,9.0
2026-05-28 11:15:24.365,2026-05-28 11:30:10.767,22.6602991,114.5170900,49.9,10.0,0.05,233.2,0.0,47.3,1725.1,3194.57,10.0,2.0,2.5,NR5G-SA,n79,-96,-96,-10,21,-999,5.9
2026-05-28 11:15:24.565,2026-05-28 11:30:10.967,22.6602860,114.5170704,49.9,10.0,0.01,233.5,0.0,47.3,1723.2,3197.06,10.0,2.0,2.5,NR5G-SA,n79,-108,-108,-11,20,-999,5.1
2026-05-28 11:15:24.766,2026-05-28 11:30:10.967,22.6602730,114.5170508,49.9,10.0,0.05,233.8,0.0,47.4,1721.3,3199.54,10.0,2.0,2.5,NR5G-SA,n79,-108,-108,-11,20,-999,8.5
2026-05-28 11:15:24.966,2026-05-28 11:30:11.167,22.6602730,114.5170508,49.9,10.0,0.05,233.8,0.0,47.4,1721.3,3199.54,10.0,2.0,2.5,NR5G-SA,n79,-108,-108,-11,20,-999,11.4
2026-05-28 11:15:25.167,2026-05-28 11:30:11.567,22.6602599,114.5170310,50.0,10.0,0.01,234.0,0.0,47.4,1719.4,3202.04,10.0,2.0,2.5,NR5G-SA,n79,-100,-100,-10,22,-999,7.3
2026-05-28 11:15:25.367,2026-05-28 11:30:11.767,22.6602468,114.5170112,50.0,10.0,0.05,234.3,0.0,47.4,1717.4,3204.54,10.0,2.0,2.5,NR5G-SA,n79,-100,-100,-10,22,-999,6.1
2026-05-28 11:15:25.567,2026-05-28 11:30:11.967,22.6602337,114.5169913,50.0,10.0,0.03,234.5,0.0,47.4,1715.5,3207.05,10.0,2.0,2.5,NR5G-SA,n79,-100,-100,-10,22,-999,5.5
2026-05-28 11:15:25.768,2026-05-28 11:30:11.967,22.6602205,114.5169714,50.0,10.0,0.04,234.6,0.0,48.1,1713.6,3209.57,10.0,2.0,2.5,NR5G-SA,n79,-94,-94,-10,22,-999,9.7
2026-05-28 11:15:25.969,2026-05-28 11:30:12.167,22.6602205,114.5169714,50.0,10.0,0.04,234.6,0.0,48.1,1713.6,3209.57,10.0,2.0,2.5,NR5G-SA,n79,-94,-94,-10,22,-999,12.8
2026-05-28 11:15:26.169,2026-05-28 11:30:12.567,22.6602074,114.5169515,50.0,10.0,0.01,234.6,0.0,48.1,1711.6,3212.08,10.0,2.0,2.5,NR5G-SA,n79,-95,-95,-10,22,-999,8.0
2026-05-28 11:15:26.369,2026-05-28 11:30:12.767,22.6601943,114.5169317,50.0,10.0,0.09,234.7,0.0,48.1,1709.7,3214.58,10.0,2.0,2.5,NR5G-SA,n79,-95,-95,-10,22,-999,7.5
2026-05-28 11:15:26.570,2026-05-28 11:30:12.967,22.6601810,114.5169120,50.0,10.0,0.08,234.5,0.0,48.1,1707.8,3217.09,10.0,2.0,2.5,NR5G-SA,n79,-95,-95,-10,22,-999,6.4
2026-05-28 11:15:26.770,2026-05-28 11:30:13.167,22.6601679,114.5168922,50.0,10.0,0.04,234.4,0.0,21.6,1705.9,3219.59,10.0,2.0,2.5,NR5G-SA,n79,-94,-94,-10,22,-999,5.9
2026-05-28 11:15:26.970,2026-05-28 11:30:13.167,22.6601546,114.5168724,50.0,10.0,0.04,234.3,0.0,21.6,1704.0,3222.11,10.0,2.0,2.5,NR5G-SA,n79,-94,-94,-10,22,-999,14.1
2026-05-28 11:15:27.171,2026-05-28 11:30:13.567,22.6601546,114.5168724,50.0,10.0,-0.04,234.3,0.0,21.6,1704.0,3222.11,10.0,2.0,2.5,NR5G-SA,n79,-94,-94,-10,22,-999,8.3
2026-05-28 11:15:27.371,2026-05-28 11:30:13.767,22.6601414,114.5168526,50.0,10.0,-0.02,234.2,0.0,21.6,1702.1,3224.62,10.0,2.0,2.5,NR5G-SA,n79,-99,-99,-10,22,-999,5.2
2026-05-28 11:15:27.571,2026-05-28 11:30:13.967,22.6601282,114.5168329,50.0,10.0,-0.05,233.9,0.0,21.6,1700.2,3227.12,10.0,2.0,2.5,NR5G-SA,n79,-99,-99,-10,22,-999,6.0
2026-05-28 11:15:27.772,2026-05-28 11:30:14.167,22.6601151,114.5168131,50.0,10.0,0.02,233.8,0.0,19.3,1698.3,3229.62,10.0,2.0,2.5,NR5G-SA,n79,-106,-106,-11,22,-999,6.1
2026-05-28 11:15:27.972,2026-05-28 11:30:14.167,22.6601151,114.5168131,50.0,10.0,0.02,233.8,0.0,19.3,1698.3,3229.62,10.0,2.0,2.5,NR5G-SA,n79,-106,-106,-11,22,-999,13.7
2026-05-28 11:15:28.172,2026-05-28 11:30:14.567,22.6601020,114.5167934,50.0,10.0,-0.07,233.9,0.0,19.3,1696.4,3232.12,10.0,2.0,2.5,NR5G-SA,n79,-106,-106,-11,22,-999,7.9
2026-05-28 11:15:28.373,2026-05-28 11:30:14.767,22.6600889,114.5167735,50.0,10.0,-0.05,233.8,0.0,19.3,1694.5,3234.63,10.0,2.0,2.5,NR5G-SA,n79,-100,-100,-10,21,-999,5.8
2026-05-28 11:15:28.573,2026-05-28 11:30:14.967,22.6600759,114.5167537,50.0,10.0,-0.02,234.0,0.0,19.3,1692.6,3237.12,10.0,2.0,2.5,NR5G-SA,n79,-100,-100,-10,21,-999,6.9
2026-05-28 11:15:28.773,2026-05-28 11:30:14.967,22.6600628,114.5167340,50.0,10.0,-0.02,234.2,0.0,19.5,1690.7,3239.62,10.0,2.0,2.5,NR5G-SA,n79,-100,-100,-10,21,-999,10.3
2026-05-28 11:15:28.974,2026-05-28 11:30:15.167,22.6600628,114.5167340,50.0,10.0,-0.02,234.2,0.0,19.5,1690.7,3239.62,10.0,2.0,2.5,NR5G-SA,n79,-98,-98,-10,21,-999,13.1
2026-05-28 11:15:29.174,2026-05-28 11:30:15.567,22.6600497,114.5167143,50.0,10.0,-0.06,234.2,0.0,19.5,1688.8,3242.11,10.0,2.0,2.5,NR5G-SA,n79,-98,-98,-10,21,-999,6.1
2026-05-28 11:15:29.374,2026-05-28 11:30:15.767,22.6600365,114.5166946,50.0,10.0,-0.02,234.3,0.0,19.5,1686.9,3244.61,10.0,2.0,2.5,NR5G-SA,n79,-98,-98,-10,21,-999,6.7
2026-05-28 11:15:29.575,2026-05-28 11:30:15.967,22.6600234,114.5166748,50.0,9.9,0.01,234.3,0.0,19.5,1685.0,3247.12,10.0,2.0,2.5,NR5G-SA,n79,-96,-96,-10,21,-999,5.5
2026-05-28 11:15:29.775,2026-05-28 11:30:16.167,22.6600102,114.5166551,50.0,10.0,-0.06,234.3,0.0,19.9,1683.1,3249.62,10.0,2.0,2.5,NR5G-SA,n79,-96,-96,-10,21,-999,7.3
2026-05-28 11:15:29.976,2026-05-28 11:30:16.167,22.6599970,114.5166354,50.0,10.0,-0.02,234.3,0.0,19.9,1681.2,3252.12,10.0,2.0,2.5,NR5G-SA,n79,-96,-96,-10,21,-999,13.1
2026-05-28 11:15:30.176,2026-05-28 11:30:16.567,22.6599970,114.5166354,50.0,10.0,-0.02,234.3,0.0,19.9,1681.2,3252.12,10.0,2.0,2.5,NR5G-SA,n79,-94,-94,-10,22,-999,7.6
2026-05-28 11:15:30.376,2026-05-28 11:30:16.767,22.6599838,114.5166157,50.0,10.0,-0.01,234.3,0.0,19.9,1679.3,3254.62,10.0,2.0,2.5,NR5G-SA,n79,-94,-94,-10,22,-999,6.3
2026-05-28 11:15:30.576,2026-05-28 11:30:16.967,22.6599707,114.5165958,50.0,10.0,0.07,234.4,0.0,19.9,1677.4,3257.13,10.0,2.0,2.5,NR5G-SA,n79,-94,-94,-10,22,-999,6.0
2026-05-28 11:15:30.777,2026-05-28 11:30:17.167,22.6599575,114.5165761,50.0,10.0,0.03,234.3,0.0,19.6,1675.6,3259.63,10.0,2.0,2.5,NR5G-SA,n79,-94,-94,-10,22,-999,6.7
2026-05-28 11:15:30.977,2026-05-28 11:30:17.167,22.6599443,114.5165562,50.0,10.0,0.02,234.1,0.0,19.6,1673.7,3262.15,10.0,2.0,2.5,NR5G-SA,n79,-94,-94,-10,22,-999,13.0
2026-05-28 11:15:31.178,2026-05-28 11:30:17.567,22.6599443,114.5165562,50.0,10.0,0.02,234.1,0.0,19.6,1673.7,3262.15,10.0,2.0,2.5,NR5G-SA,n79,-97,-97,-10,22,-999,8.0
2026-05-28 11:15:31.378,2026-05-28 11:30:17.767,22.6599311,114.5165364,50.0,10.0,-0.00,234.1,0.0,19.6,1671.8,3264.66,10.0,2.0,2.5,NR5G-SA,n79,-97,-97,-10,22,-999,6.7
2026-05-28 11:15:31.578,2026-05-28 11:30:17.967,22.6599180,114.5165167,50.0,10.0,-0.04,234.1,0.0,19.6,1669.9,3267.15,10.0,2.0,2.5,NR5G-SA,n79,-97,-97,-10,22,-999,7.2
2026-05-28 11:15:31.779,2026-05-28 11:30:18.167,22.6599049,114.5164968,50.0,10.0,-0.01,234.1,0.0,19.7,1668.0,3269.66,10.0,2.0,2.5,NR5G-SA,n79,-100,-100,-10,22,-999,8.2
2026-05-28 11:15:31.979,2026-05-28 11:30:18.167,22.6598918,114.5164771,50.0,10.0,0.00,234.2,0.0,19.7,1666.1,3272.16,10.0,2.0,2.5,NR5G-SA,n79,-100,-100,-10,22,-999,8.1
2026-05-28 11:15:32.179,2026-05-28 11:30:18.567,22.6598918,114.5164771,50.0,10.0,0.00,234.2,0.0,19.7,1666.1,3272.16,10.0,2.0,2.5,NR5G-SA,n79,-100,-100,-10,22,-999,9.9
2026-05-28 11:15:32.379,2026-05-28 11:30:18.767,22.6598787,114.5164574,50.0,10.0,-0.03,234.2,0.0,19.7,1664.3,3274.65,10.0,2.0,2.5,NR5G-SA,n79,-103,-103,-11,21,-999,7.2
2026-05-28 11:15:32.580,2026-05-28 11:30:18.767,22.6598657,114.5164376,50.0,10.0,-0.05,234.3,0.0,19.7,1662.4,3277.15,10.0,2.0,2.5,NR5G-SA,n79,-103,-103,-11,21,-999,11.8
2026-05-28 11:15:32.780,2026-05-28 11:30:18.967,22.6598657,114.5164376,50.0,10.0,-0.05,234.3,0.0,19.7,1662.4,3277.15,10.0,2.0,2.5,NR5G-SA,n79,-103,-103,-11,21,-999,9.0
2026-05-28 11:15:32.981,2026-05-28 11:30:19.167,22.6598396,114.5163982,50.0,9.9,0.01,234.4,0.0,37.6,1658.7,3282.13,10.0,2.0,2.5,NR5G-SA,n79,-102,-102,-11,21,-999,13.9
2026-05-28 11:15:33.181,2026-05-28 11:30:19.567,22.6598396,114.5163982,50.0,9.9,0.01,234.4,0.0,37.6,1658.7,3282.13,10.0,2.0,2.5,NR5G-SA,n79,-102,-102,-11,21,-999,6.9
2026-05-28 11:15:33.381,2026-05-28 11:30:19.767,22.6598265,114.5163785,50.0,10.0,0.01,234.5,0.0,37.6,1656.8,3284.62,10.0,2.0,2.5,NR5G-SA,n79,-102,-102,-11,21,-999,5.0
2026-05-28 11:15:33.582,2026-05-28 11:30:19.967,22.6598134,114.5163587,50.0,10.0,0.03,234.7,0.0,37.6,1654.9,3287.13,10.0,2.0,2.5,NR5G-SA,n79,-102,-102,-11,21,-999,7.4
2026-05-28 11:15:33.782,2026-05-28 11:30:19.967,22.6598003,114.5163391,50.0,9.9,0.04,234.8,0.0,37.6,1653.1,3289.61,10.0,2.0,2.5,NR5G-SA,n79,-102,-102,-11,21,-999,10.9
2026-05-28 11:15:33.982,2026-05-28 11:30:20.167,22.6597872,114.5163194,50.0,9.9,0.04,234.9,0.0,38.4,1651.2,3292.11,10.0,2.0,2.5,NR5G-SA,n79,-104,-104,-11,21,-999,12.3
2026-05-28 11:15:34.183,2026-05-28 11:30:20.567,22.6597872,114.5163194,50.0,10.0,-0.02,234.9,0.0,38.4,1651.2,3292.11,10.0,2.0,2.5,NR5G-SA,n79,-104,-104,-11,21,-999,7.7
2026-05-28 11:15:34.383,2026-05-28 11:30:20.767,22.6597741,114.5162997,50.0,10.0,-0.06,234.7,0.0,38.4,1649.3,3294.60,10.0,2.0,2.5,NR5G-SA,n79,-104,-104,-11,21,-999,6.2
2026-05-28 11:15:34.583,2026-05-28 11:30:20.967,22.6597610,114.5162799,50.0,10.0,-0.06,234.7,0.0,38.4,1647.5,3297.11,10.0,2.0,2.5,NR5G-SA,n79,-103,-103,-11,21,-999,6.9
2026-05-28 11:15:34.784,2026-05-28 11:30:21.167,22.6597478,114.5162602,50.0,10.0,0.07,234.6,0.0,38.4,1645.6,3299.61,10.0,2.0,2.5,NR5G-SA,n79,-103,-103,-11,21,-999,6.1
2026-05-28 11:15:34.984,2026-05-28 11:30:21.167,22.6597346,114.5162404,50.0,10.0,0.04,234.5,0.0,38.9,1643.8,3302.12,10.0,2.0,2.5,NR5G-SA,n79,-101,-101,-11,21,-999,13.7
2026-05-28 11:15:35.184,2026-05-28 11:30:21.567,22.6597346,114.5162404,50.0,10.0,0.04,234.5,0.0,38.9,1643.8,3302.12,10.0,2.0,2.5,NR5G-SA,n79,-101,-101,-11,21,-999,8.4
2026-05-28 11:15:35.385,2026-05-28 11:30:21.767,22.6597214,114.5162206,50.0,10.0,0.08,234.6,0.0,38.9,1641.9,3304.62,10.0,2.0,2.5,NR5G-SA,n79,-101,-101,-11,21,-999,5.6
2026-05-28 11:15:35.585,2026-05-28 11:30:21.967,22.6597082,114.5162007,50.0,10.0,0.02,234.4,0.0,38.9,1640.0,3307.14,10.0,2.0,2.5,NR5G-SA,n79,-100,-100,-11,21,-999,5.6
2026-05-28 11:15:35.785,2026-05-28 11:30:21.967,22.6596951,114.5161808,50.0,10.0,0.08,234.4,0.0,38.9,1638.2,3309.65,10.0,2.0,2.5,NR5G-SA,n79,-100,-100,-11,21,-999,9.7
2026-05-28 11:15:35.986,2026-05-28 11:30:22.167,22.6596951,114.5161808,50.0,10.0,0.08,234.4,0.0,38.9,1638.2,3309.65,10.0,2.0,2.5,NR5G-SA,n79,-100,-100,-11,21,-999,7.0
2026-05-28 11:15:36.186,2026-05-28 11:30:22.567,22.6596820,114.5161611,50.0,9.9,0.04,234.3,0.0,48.0,1636.3,3312.15,10.0,2.0,2.5,NR5G-SA,n79,-102,-102,-10,20,-999,7.2
2026-05-28 11:15:36.386,2026-05-28 11:30:22.767,22.6596689,114.5161414,50.0,10.0,0.01,234.2,0.0,48.0,1634.5,3314.64,10.0,2.0,2.5,NR5G-SA,n79,-102,-102,-10,20,-999,6.7
2026-05-28 11:15:36.587,2026-05-28 11:30:22.967,22.6596556,114.5161217,50.0,10.0,-0.03,234.1,0.0,48.0,1632.7,3317.15,10.0,2.0,2.5,NR5G-SA,n79,-102,-102,-10,20,-999,5.5
2026-05-28 11:15:36.787,2026-05-28 11:30:23.167,22.6596423,114.5161019,50.0,10.0,-0.01,234.1,0.0,48.0,1630.8,3319.67,10.0,2.0,2.5,NR5G-SA,n79,-100,-100,-10,20,-999,7.8
2026-05-28 11:15:36.988,2026-05-28 11:30:23.167,22.6596291,114.5160822,50.0,10.0,0.02,234.1,0.0,48.0,1629.0,3322.17,10.0,2.0,2.5,NR5G-SA,n79,-100,-100,-10,20,-999,11.8
2026-05-28 11:15:37.188,2026-05-28 11:30:23.567,22.6596291,114.5160822,50.0,10.0,0.02,234.1,0.0,46.8,1629.0,3322.17,10.0,2.0,2.5,NR5G-SA,n79,-102,-102,-11,21,-999,7.3
2026-05-28 11:15:37.388,2026-05-28 11:30:23.767,22.6596160,114.5160624,50.0,10.0,-0.01,234.1,0.0,46.8,1627.1,3324.67,10.0,2.0,2.5,NR5G-SA,n79,-102,-102,-11,21,-999,6.7
2026-05-28 11:15:37.589,2026-05-28 11:30:23.967,22.6596029,114.5160425,50.0,9.9,0.01,234.2,0.0,46.8,1625.3,3327.18,10.0,2.0,2.5,NR5G-SA,n79,-102,-102,-11,21,-999,5.4
2026-05-28 11:15:37.789,2026-05-28 11:30:24.167,22.6595899,114.5160228,50.0,9.9,0.03,234.3,0.0,46.8,1623.4,3329.67,10.0,2.0,2.5,NR5G-SA,n79,-103,-103,-11,20,-999,6.9
2026-05-28 11:15:37.989,2026-05-28 11:30:24.167,22.6595769,114.5160032,50.0,9.9,0.05,234.3,0.0,46.8,1621.6,3332.15,10.0,2.0,2.5,NR5G-SA,n79,-103,-103,-11,20,-999,10.2
2026-05-28 11:15:38.190,2026-05-28 11:30:24.567,22.6595769,114.5160032,50.0,9.9,0.05,234.3,0.0,29.8,1621.6,3332.15,10.0,2.0,2.5,NR5G-SA,n79,-103,-103,-11,20,-999,8.5
2026-05-28 11:15:38.390,2026-05-28 11:30:24.767,22.6595638,114.5159835,50.0,10.0,-0.01,234.1,0.0,29.8,1619.8,3334.64,10.0,2.0,2.5,NR5G-SA,n79,-103,-103,-11,19,-999,6.3
2026-05-28 11:15:38.591,2026-05-28 11:30:24.967,22.6595507,114.5159639,50.0,9.9,-0.03,234.0,0.0,29.8,1618.0,3337.13,10.0,2.0,2.5,NR5G-SA,n79,-103,-103,-11,19,-999,6.0
2026-05-28 11:15:38.791,2026-05-28 11:30:25.167,22.6595375,114.5159442,50.0,10.0,-0.01,233.9,0.0,29.8,1616.1,3339.63,10.0,2.0,2.5,NR5G-SA,n79,-103,-103,-11,19,-999,5.2
2026-05-28 11:15:38.991,2026-05-28 11:30:25.167,22.6595244,114.5159246,50.0,10.0,-0.02,233.9,0.0,29.8,1614.3,3342.11,10.0,2.0,2.5,NR5G-SA,n79,-105,-105,-11,19,-999,14.0
2026-05-28 11:15:39.192,2026-05-28 11:30:25.567,22.6595244,114.5159246,50.0,10.0,-0.02,233.9,0.0,29.9,1614.3,3342.11,10.0,2.0,2.5,NR5G-SA,n79,-105,-105,-11,19,-999,6.0
2026-05-28 11:15:39.392,2026-05-28 11:30:25.767,22.6595114,114.5159049,50.0,10.0,-0.01,234.1,0.0,29.9,1612.5,3344.60,10.0,2.0,2.5,NR5G-SA,n79,-102,-102,-11,20,-999,6.5
2026-05-28 11:15:39.593,2026-05-28 11:30:25.967,22.6594983,114.5158851,50.0,9.9,0.01,234.4,0.0,29.9,1610.7,3347.11,10.0,2.0,2.5,NR5G-SA,n79,-102,-102,-11,20,-999,6.6
2026-05-28 11:15:39.793,2026-05-28 11:30:26.167,22.6594852,114.5158654,50.0,10.0,0.01,234.4,0.0,29.9,1608.9,3349.60,10.0,2.0,2.5,NR5G-SA,n79,-102,-102,-11,20,-999,6.9
2026-05-28 11:15:39.993,2026-05-28 11:30:26.167,22.6594720,114.5158456,50.0,10.0,0.05,234.4,0.0,29.9,1607.0,3352.11,10.0,2.0,2.5,NR5G-SA,n79,-102,-102,-11,20,-999,9.4
2026-05-28 11:15:40.194,2026-05-28 11:30:26.567,22.6594720,114.5158456,50.0,10.0,0.05,234.4,0.0,30.0,1607.0,3352.11,10.0,2.0,2.5,NR5G-SA,n79,-102,-102,-11,20,-999,8.4
2026-05-28 11:15:40.394,2026-05-28 11:30:26.767,22.6594587,114.5158259,50.0,10.0,0.02,234.2,0.0,30.0,1605.2,3354.62,10.0,2.0,2.5,NR5G-SA,n79,-102,-102,-11,20,-999,6.5
2026-05-28 11:15:40.594,2026-05-28 11:30:26.967,22.6594455,114.5158063,50.0,10.0,-0.00,234.1,0.0,30.0,1603.4,3357.11,10.0,2.0,2.5,NR5G-SA,n79,-106,-106,-11,19,-999,5.6
2026-05-28 11:15:40.795,2026-05-28 11:30:26.967,22.6594323,114.5157865,50.0,10.0,-0.05,234.0,0.0,30.0,1601.6,3359.62,10.0,2.0,2.5,NR5G-SA,n79,-106,-106,-11,19,-999,10.6
2026-05-28 11:15:40.995,2026-05-28 11:30:27.167,22.6594192,114.5157667,50.0,10.0,-0.03,234.0,0.0,30.0,1599.8,3362.12,10.0,2.0,2.5,NR5G-SA,n79,-106,-106,-11,19,-999,14.1
2026-05-28 11:15:41.196,2026-05-28 11:30:27.167,22.6594192,114.5157667,50.0,10.0,-0.03,234.0,0.0,30.0,1599.8,3362.12,10.0,2.0,2.5,NR5G-SA,n79,-99,-99,-10,25,-999,22.0
2026-05-28 11:15:41.396,2026-05-28 11:30:27.767,22.6594061,114.5157469,50.0,10.0,0.03,233.9,0.0,49.3,1598.0,3364.62,10.0,2.0,2.5,NR5G-SA,n79,-99,-99,-10,25,-999,6.1
2026-05-28 11:15:41.596,2026-05-28 11:30:27.967,22.6593930,114.5157271,50.0,10.0,-0.01,233.9,0.0,49.3,1596.1,3367.13,10.0,2.0,2.5,NR5G-SA,n79,-100,-100,-10,23,-999,7.4
2026-05-28 11:15:41.797,2026-05-28 11:30:28.167,22.6593799,114.5157071,50.0,10.0,-0.03,233.8,0.0,49.3,1594.3,3369.65,10.0,2.0,2.5,NR5G-SA,n79,-100,-100,-10,23,-999,7.1
2026-05-28 11:15:41.997,2026-05-28 11:30:28.167,22.6593668,114.5156873,50.0,10.0,-0.00,233.8,0.0,49.3,1592.5,3372.15,10.0,2.0,2.5,NR5G-SA,n79,-100,-100,-10,23,-999,8.1
2026-05-28 11:15:42.197,2026-05-28 11:30:28.567,22.6593668,114.5156873,50.0,10.0,-0.00,233.8,0.0,49.3,1592.5,3372.15,10.0,2.0,2.5,NR5G-SA,n79,-98,-98,-10,23,-999,5.5
2026-05-28 11:15:42.398,2026-05-28 11:30:28.767,22.6593537,114.5156675,50.0,10.0,-0.01,233.9,0.0,50.2,1590.7,3374.65,10.0,2.0,2.5,NR5G-SA,n79,-98,-98,-10,23,-999,6.4
2026-05-28 11:15:42.598,2026-05-28 11:30:28.967,22.6593406,114.5156478,50.0,10.0,-0.02,233.9,0.0,50.2,1588.9,3377.15,10.0,2.0,2.5,NR5G-SA,n79,-98,-98,-10,23,-999,3.7
2026-05-28 11:15:42.799,2026-05-28 11:30:29.167,22.6593275,114.5156281,50.0,9.9,0.05,234.0,0.0,50.2,1587.1,3379.64,10.0,2.0,2.5,NR5G-SA,n79,-100,-100,-11,23,-999,5.4
2026-05-28 11:15:42.999,2026-05-28 11:30:29.167,22.6593143,114.5156082,50.0,10.0,0.04,234.2,0.0,50.2,1585.3,3382.16,10.0,2.0,2.5,NR5G-SA,n79,-100,-100,-11,23,-999,10.9
2026-05-28 11:15:43.199,2026-05-28 11:30:29.567,22.6593143,114.5156082,50.0,10.0,0.04,234.2,0.0,50.2,1585.3,3382.16,10.0,2.0,2.5,NR5G-SA,n79,-100,-100,-11,23,-999,10.7
2026-05-28 11:15:43.400,2026-05-28 11:30:29.767,22.6593012,114.5155884,50.0,10.0,0.05,234.3,0.0,51.1,1583.5,3384.66,10.0,2.0,2.5,NR5G-SA,n79,-100,-100,-10,23,-999,5.9
2026-05-28 11:15:43.600,2026-05-28 11:30:29.967,22.6592881,114.5155687,50.0,10.0,0.03,234.4,0.0,51.1,1581.7,3387.16,10.0,2.0,2.5,NR5G-SA,n79,-100,-100,-10,23,-999,5.2
2026-05-28 11:15:43.800,2026-05-28 11:30:30.167,22.6592751,114.5155489,50.0,10.0,0.01,234.4,0.0,51.1,1579.9,3389.65,10.0,2.0,2.5,NR5G-SA,n79,-100,-100,-10,23,-999,4.8
2026-05-28 11:15:44.001,2026-05-28 11:30:30.167,22.6592620,114.5155291,50.0,10.0,0.02,234.4,0.0,51.1,1578.1,3392.15,10.0,2.0,2.5,NR5G-SA,n79,-103,-103,-11,22,-999,10.0
2026-05-28 11:15:44.201,2026-05-28 11:30:30.567,22.6592620,114.5155291,50.0,10.0,0.02,234.4,0.0,51.1,1578.1,3392.15,10.0,2.0,2.5,NR5G-SA,n79,-103,-103,-11,22,-999,6.8
2026-05-28 11:15:44.401,2026-05-28 11:30:30.767,22.6592489,114.5155094,50.0,10.0,-0.02,234.4,0.0,51.4,1576.3,3394.65,10.0,2.0,2.5,NR5G-SA,n79,-95,-95,-10,22,-999,10.1
2026-05-28 11:15:44.602,2026-05-28 11:30:30.967,22.6592358,114.5154896,50.0,10.0,0.02,234.4,0.0,51.4,1574.5,3397.15,10.0,2.0,2.5,NR5G-SA,n79,-95,-95,-10,22,-999,7.6
2026-05-28 11:15:44.802,2026-05-28 11:30:31.167,22.6592228,114.5154700,50.0,9.9,0.02,234.5,0.0,51.4,1572.7,3399.63,10.0,2.0,2.5,NR5G-SA,n79,-95,-95,-10,22,-999,6.2
2026-05-28 11:15:45.002,2026-05-28 11:30:31.167,22.6592097,114.5154502,50.0,9.9,-0.02,234.5,0.0,51.4,1570.9,3402.13,10.0,2.0,2.5,NR5G-SA,n79,-96,-96,-10,22,-999,8.7
2026-05-28 11:15:45.203,2026-05-28 11:30:31.567,22.6592097,114.5154502,50.0,9.9,-0.02,234.5,0.0,51.4,1570.9,3402.13,10.0,2.0,2.5,NR5G-SA,n79,-96,-96,-10,22,-999,10.3
2026-05-28 11:15:45.403,2026-05-28 11:30:31.767,22.6591965,114.5154305,50.0,10.0,-0.02,234.6,0.0,50.8,1569.2,3404.63,10.0,2.0,2.5,NR5G-SA,n79,-96,-96,-10,22,-999,7.2
2026-05-28 11:15:45.604,2026-05-28 11:30:31.967,22.6591832,114.5154107,50.0,10.1,0.01,234.8,0.0,50.8,1567.4,3407.15,10.0,2.0,2.5,NR5G-SA,n79,-98,-98,-10,22,-999,6.2
2026-05-28 11:15:45.804,2026-05-28 11:30:32.167,22.6591701,114.5153911,50.0,10.0,0.04,234.7,0.0,50.8,1565.6,3409.64,10.0,2.0,2.5,NR5G-SA,n79,-98,-98,-10,22,-999,4.9
2026-05-28 11:15:46.004,2026-05-28 11:30:32.167,22.6591570,114.5153715,50.0,9.9,0.03,234.7,0.0,50.8,1563.9,3412.12,10.0,2.0,2.5,NR5G-SA,n79,-98,-98,-10,22,-999,12.6
2026-05-28 11:15:46.204,2026-05-28 11:30:32.567,22.6591570,114.5153715,50.0,9.9,0.03,234.7,0.0,50.8,1563.9,3412.12,10.0,2.0,2.5,NR5G-SA,n79,-92,-92,-10,21,-999,7.1
2026-05-28 11:15:46.405,2026-05-28 11:30:32.767,22.6591440,114.5153519,50.0,10.0,-0.01,234.8,0.0,50.8,1562.1,3414.60,10.0,2.0,2.5,NR5G-SA,n79,-92,-92,-10,21,-999,11.8
2026-05-28 11:15:46.605,2026-05-28 11:30:32.967,22.6591309,114.5153322,50.0,10.0,-0.00,234.9,0.0,24.0,1560.3,3417.10,10.0,2.0,2.5,NR5G-SA,n79,-95,-95,-10,21,-999,7.9
2026-05-28 11:15:46.806,2026-05-28 11:30:33.167,22.6591178,114.5153125,50.0,10.0,0.03,234.9,0.0,24.0,1558.6,3419.59,10.0,2.0,2.5,NR5G-SA,n79,-95,-95,-10,21,-999,5.0
2026-05-28 11:15:47.006,2026-05-28 11:30:33.167,22.6591048,114.5152928,50.0,10.0,0.01,234.9,0.0,24.0,1556.8,3422.08,10.0,2.0,2.5,NR5G-SA,n79,-95,-95,-10,21,-999,5.8
2026-05-28 11:15:47.206,2026-05-28 11:30:33.567,22.6591048,114.5152928,50.0,10.0,0.01,234.9,0.0,24.0,1556.8,3422.08,10.0,2.0,2.5,NR5G-SA,n79,-94,-94,-10,21,-999,9.3
2026-05-28 11:15:47.407,2026-05-28 11:30:33.767,22.6590917,114.5152731,50.0,10.0,0.01,234.8,0.0,24.0,1555.1,3424.57,10.0,2.0,2.5,NR5G-SA,n79,-94,-94,-10,21,-999,14.6
2026-05-28 11:15:47.607,2026-05-28 11:30:33.967,22.6590786,114.5152533,50.0,10.0,0.02,234.9,0.0,22.9,1553.3,3427.08,10.0,2.0,2.5,NR5G-SA,n79,-94,-94,-10,21,-999,6.7
2026-05-28 11:15:47.807,2026-05-28 11:30:34.167,22.6590654,114.5152334,50.0,10.1,0.05,234.9,0.0,22.9,1551.5,3429.59,10.0,2.0,2.5,NR5G-SA,n79,-104,-104,-11,22,-999,6.6
2026-05-28 11:15:48.008,2026-05-28 11:30:34.167,22.6590523,114.5152135,50.0,10.0,0.02,234.8,0.0,22.9,1549.7,3432.10,10.0,2.0,2.5,NR5G-SA,n79,-104,-104,-11,22,-999,11.5
2026-05-28 11:15:48.209,2026-05-28 11:30:34.567,22.6590523,114.5152135,50.0,10.0,0.02,234.8,0.0,22.9,1549.7,3432.10,10.0,2.0,2.5,NR5G-SA,n79,-104,-104,-11,22,-999,16.1
2026-05-28 11:15:48.409,2026-05-28 11:30:34.767,22.6590393,114.5151937,50.0,10.0,0.00,234.7,0.0,22.9,1548.0,3434.60,10.0,2.0,2.5,NR5G-SA,n79,-105,-105,-11,22,-999,11.1
2026-05-28 11:15:48.609,2026-05-28 11:30:34.967,22.6590262,114.5151739,50.0,10.0,-0.02,234.6,0.0,21.2,1546.2,3437.10,10.0,2.0,2.5,NR5G-SA,n79,-105,-105,-11,22,-999,7.8
2026-05-28 11:15:48.810,2026-05-28 11:30:35.167,22.6590131,114.5151543,50.0,10.0,0.01,234.6,0.0,21.2,1544.5,3439.59,10.0,2.0,2.5,NR5G-SA,n79,-98,-98,-11,22,-999,7.5
2026-05-28 11:15:49.010,2026-05-28 11:30:35.167,22.6589999,114.5151345,50.0,10.0,0.03,234.5,0.0,21.2,1542.7,3442.10,10.0,2.0,2.5,NR5G-SA,n79,-98,-98,-11,22,-999,8.4
2026-05-28 11:15:49.211,2026-05-28 11:30:35.567,22.6589999,114.5151345,50.0,10.0,0.03,234.5,0.0,21.2,1542.7,3442.10,10.0,2.0,2.5,NR5G-SA,n79,-98,-98,-11,22,-999,11.4
2026-05-28 11:15:49.411,2026-05-28 11:30:35.767,22.6589866,114.5151147,50.0,10.1,0.03,234.3,0.0,21.2,1541.0,3444.61,10.0,2.0,2.5,NR5G-SA,n79,-92,-92,-10,23,-999,16.7
2026-05-28 11:15:49.611,2026-05-28 11:30:35.967,22.6589733,114.5150949,50.0,10.1,-0.06,233.9,0.0,19.8,1539.2,3447.13,10.0,2.0,2.5,NR5G-SA,n79,-92,-92,-10,23,-999,6.9
2026-05-28 11:15:49.812,2026-05-28 11:30:36.167,22.6589599,114.5150752,50.0,10.0,-0.07,233.7,0.0,19.8,1537.5,3449.64,10.0,2.0,2.5,NR5G-SA,n79,-92,-92,-10,23,-999,8.3
2026-05-28 11:15:50.012,2026-05-28 11:30:36.167,22.6589466,114.5150555,49.9,10.0,-0.07,233.8,0.0,19.8,1535.7,3452.15,10.0,2.0,2.5,NR5G-SA,n79,-92,-92,-10,23,-999,8.2
2026-05-28 11:15:50.212,2026-05-28 11:30:36.567,22.6589466,114.5150555,49.9,10.0,-0.07,233.8,0.0,19.8,1535.7,3452.15,10.0,2.0,2.5,NR5G-SA,n79,-97,-97,-10,22,-999,16.7
2026-05-28 11:15:50.413,2026-05-28 11:30:36.767,22.6589335,114.5150358,49.9,10.0,-0.00,234.1,0.0,19.8,1534.0,3454.65,10.0,2.0,2.5,NR5G-SA,n79,-97,-97,-10,22,-999,16.2
2026-05-28 11:15:50.613,2026-05-28 11:30:36.967,22.6589204,114.5150162,50.0,10.0,0.01,234.2,0.0,18.7,1532.3,3457.13,10.0,2.0,2.5,NR5G-SA,n79,-95,-95,-10,22,-999,7.7
2026-05-28 11:15:50.813,2026-05-28 11:30:37.167,22.6589073,114.5149966,50.0,9.9,0.05,234.3,0.0,18.7,1530.6,3459.62,10.0,2.0,2.5,NR5G-SA,n79,-95,-95,-10,22,-999,4.8
2026-05-28 11:15:51.014,2026-05-28 11:30:37.167,22.6588942,114.5149769,50.0,10.0,0.03,234.4,0.0,18.7,1528.8,3462.11,10.0,2.0,2.5,NR5G-SA,n79,-93,-93,-10,23,-999,7.9
2026-05-28 11:15:51.214,2026-05-28 11:30:37.567,22.6588942,114.5149769,50.0,10.0,0.03,234.4,0.0,18.7,1528.8,3462.11,10.0,2.0,2.5,NR5G-SA,n79,-93,-93,-10,23,-999,16.2
2026-05-28 11:15:51.415,2026-05-28 11:30:37.767,22.6588811,114.5149573,50.0,9.9,0.04,234.6,0.0,18.7,1527.1,3464.60,10.0,2.0,2.5,NR5G-SA,n79,-93,-93,-10,23,-999,15.0
2026-05-28 11:15:51.615,2026-05-28 11:30:37.967,22.6588680,114.5149375,50.0,9.9,-0.02,234.7,0.0,17.2,1525.4,3467.10,10.0,2.0,2.5,NR5G-SA,n79,-97,-97,-10,22,-999,7.1
2026-05-28 11:15:51.815,2026-05-28 11:30:38.167,22.6588548,114.5149177,50.0,10.0,0.03,234.9,0.0,17.2,1523.6,3469.61,10.0,2.0,2.5,NR5G-SA,n79,-97,-97,-10,22,-999,6.6
2026-05-28 11:15:52.016,2026-05-28 11:30:38.567,22.6588418,114.5148979,50.0,10.0,0.07,235.0,0.0,17.2,1521.9,3472.11,10.0,2.0,2.5,NR5G-SA,n79,-97,-97,-10,22,-999,5.4
2026-05-28 11:15:52.216,2026-05-28 11:30:38.567,22.6588418,114.5148979,50.0,10.0,0.07,235.0,0.0,17.2,1521.9,3472.11,10.0,2.0,2.5,NR5G-SA,n79,-102,-102,-11,22,-999,15.6
2026-05-28 11:15:52.416,2026-05-28 11:30:38.767,22.6588286,114.5148781,50.0,10.0,0.00,234.8,0.0,17.2,1520.2,3474.62,10.0,2.0,2.5,NR5G-SA,n79,-102,-102,-11,22,-999,9.0
2026-05-28 11:15:52.617,2026-05-28 11:30:38.967,22.6588154,114.5148581,50.1,10.0,-0.03,234.7,0.0,17.0,1518.4,3477.14,10.0,2.0,2.5,NR5G-SA,n79,-102,-102,-11,22,-999,5.2
2026-05-28 11:15:52.817,2026-05-28 11:30:39.167,22.6588022,114.5148383,50.1,10.0,0.00,234.6,0.0,17.0,1516.7,3479.65,10.0,2.0,2.5,NR5G-SA,n79,-107,-107,-11,25,-999,4.4
2026-05-28 11:15:53.018,2026-05-28 11:30:39.167,22.6587890,114.5148185,50.1,10.1,-0.06,234.4,0.0,17.0,1515.0,3482.16,10.0,2.0,2.5,NR5G-SA,n79,-107,-107,-11,25,-999,7.3
2026-05-28 11:15:53.218,2026-05-28 11:30:39.567,22.6587759,114.5147987,50.1,10.0,-0.04,234.3,0.0,17.0,1513.3,3484.66,10.0,2.0,2.5,NR5G-SA,n79,-103,-103,-11,22,-999,11.6
2026-05-28 11:15:53.418,2026-05-28 11:30:39.767,22.6587759,114.5147987,50.1,10.0,-0.04,234.3,0.0,17.0,1513.3,3484.66,10.0,2.0,2.5,NR5G-SA,n79,-103,-103,-11,22,-999,11.2
2026-05-28 11:15:53.619,2026-05-28 11:30:39.967,22.6587627,114.5147789,50.0,10.0,-0.06,234.2,0.0,16.5,1511.6,3487.17,10.0,2.0,2.5,NR5G-SA,n79,-103,-103,-11,22,-999,6.7
2026-05-28 11:15:53.819,2026-05-28 11:30:40.167,22.6587496,114.5147591,50.0,10.0,-0.06,234.2,0.0,16.5,1509.8,3489.68,10.0,2.0,2.5,NR5G-SA,n79,-100,-100,-10,22,-999,7.8
2026-05-28 11:15:54.019,2026-05-28 11:30:40.167,22.6587366,114.5147394,50.0,10.0,-0.04,234.2,0.0,16.5,1508.1,3492.16,10.0,2.0,2.5,NR5G-SA,n79,-100,-100,-10,22,-999,6.8
2026-05-28 11:15:54.220,2026-05-28 11:30:40.567,22.6587366,114.5147394,50.0,10.0,-0.04,234.2,0.0,16.5,1508.1,3492.16,10.0,2.0,2.5,NR5G-SA,n79,-100,-100,-10,22,-999,14.5
2026-05-28 11:15:54.420,2026-05-28 11:30:40.767,22.6587236,114.5147197,50.0,10.0,-0.04,234.2,0.0,16.5,1506.4,3494.65,10.0,2.0,2.5,NR5G-SA,n79,-102,-102,-11,23,-999,7.6
2026-05-28 11:15:54.620,2026-05-28 11:30:40.967,22.6587105,114.5146999,50.0,10.0,-0.10,234.4,0.0,16.3,1504.7,3497.15,10.0,2.0,2.5,NR5G-SA,n79,-102,-102,-11,23,-999,6.2
2026-05-28 11:15:54.821,2026-05-28 11:30:41.167,22.6586974,114.5146802,50.0,10.0,-0.02,234.5,0.0,16.3,1503.0,3499.65,10.0,2.0,2.5,NR5G-SA,n79,-102,-102,-11,23,-999,6.2
2026-05-28 11:15:55.021,2026-05-28 11:30:41.167,22.6586844,114.5146605,50.0,10.0,-0.02,234.7,0.0,16.3,1501.3,3502.14,10.0,2.0,2.5,NR5G-SA,n79,-97,-97,-10,21,-999,8.0
2026-05-28 11:15:55.221,2026-05-28 11:30:41.567,22.6586844,114.5146605,50.0,10.0,-0.02,234.7,0.0,16.3,1501.3,3502.14,10.0,2.0,2.5,NR5G-SA,n79,-97,-97,-10,21,-999,12.1
2026-05-28 11:15:55.421,2026-05-28 11:30:41.767,22.6586713,114.5146407,50.0,10.0,-0.01,234.9,0.0,16.3,1499.6,3504.64,10.0,2.0,2.5,NR5G-SA,n79,-101,-101,-11,22,-999,10.3
2026-05-28 11:15:55.622,2026-05-28 11:30:41.967,22.6586582,114.5146211,50.0,10.0,0.02,234.9,0.0,16.4,1497.9,3507.13,10.0,2.0,2.5,NR5G-SA,n79,-101,-101,-11,22,-999,7.5
2026-05-28 11:15:55.822,2026-05-28 11:30:42.167,22.6586450,114.5146014,50.0,10.0,-0.02,234.8,0.0,16.4,1496.3,3509.63,10.0,2.0,2.5,NR5G-SA,n79,-101,-101,-11,22,-999,5.9
2026-05-28 11:15:56.022,2026-05-28 11:30:42.567,22.6586318,114.5145817,50.0,10.0,0.02,234.7,0.0,16.4,1494.6,3512.13,10.0,2.0,2.5,NR5G-SA,n79,-96,-96,-11,21,-999,3.8
2026-05-28 11:15:56.223,2026-05-28 11:30:42.567,22.6586184,114.5145619,50.0,10.0,-0.04,234.4,0.0,16.4,1492.9,3514.65,10.0,2.0,2.5,NR5G-SA,n79,-96,-96,-11,21,-999,11.3
2026-05-28 11:15:56.423,2026-05-28 11:30:42.767,22.6586184,114.5145619,50.0,10.0,-0.04,234.4,0.0,16.4,1492.9,3514.65,10.0,2.0,2.5,NR5G-SA,n79,-96,-96,-11,21,-999,11.1
2026-05-28 11:15:56.623,2026-05-28 11:30:42.967,22.6586052,114.5145420,50.0,10.0,0.00,234.2,0.0,16.0,1491.2,3517.17,10.0,2.0,2.5,NR5G-SA,n79,-99,-99,-10,20,-999,7.7
2026-05-28 11:15:56.823,2026-05-28 11:30:43.167,22.6585920,114.5145222,50.0,10.0,-0.09,234.0,0.0,16.0,1489.5,3519.68,10.0,2.0,2.5,NR5G-SA,n79,-99,-99,-10,20,-999,5.4
2026-05-28 11:15:57.024,2026-05-28 11:30:43.567,22.6585789,114.5145024,50.0,10.0,0.02,234.0,0.0,16.0,1487.8,3522.18,10.0,2.0,2.5,NR5G-SA,n79,-99,-99,-10,20,-999,6.2
2026-05-28 11:15:57.224,2026-05-28 11:30:43.567,22.6585658,114.5144827,50.0,10.0,0.02,233.9,0.0,16.0,1486.1,3524.67,10.0,2.0,2.5,NR5G-SA,n79,-96,-96,-10,21,-999,15.0
2026-05-28 11:15:57.424,2026-05-28 11:30:43.767,22.6585658,114.5144827,50.0,10.0,-0.01,233.9,0.0,16.0,1486.1,3524.67,10.0,2.0,2.5,NR5G-SA,n79,-96,-96,-10,21,-999,9.7
2026-05-28 11:15:57.625,2026-05-28 11:30:43.967,22.6585526,114.5144629,50.0,9.9,-0.05,233.9,0.0,16.0,1484.4,3527.18,10.0,2.0,2.5,NR5G-SA,n79,-96,-96,-10,23,-999,6.0
2026-05-28 11:15:57.825,2026-05-28 11:30:44.167,22.6585396,114.5144432,50.0,10.0,-0.09,233.9,0.0,16.0,1482.8,3529.67,10.0,2.0,2.5,NR5G-SA,n79,-96,-96,-10,23,-999,5.6
2026-05-28 11:15:58.025,2026-05-28 11:30:44.167,22.6585265,114.5144236,50.0,10.0,0.00,233.8,0.0,16.0,1481.1,3532.16,10.0,2.0,2.5,NR5G-SA,n79,-96,-96,-10,23,-999,8.7
2026-05-28 11:15:58.225,2026-05-28 11:30:44.567,22.6585134,114.5144039,50.0,10.0,-0.03,233.7,0.0,16.0,1479.5,3534.65,10.0,2.0,2.5,NR5G-SA,n79,-105,-105,-11,23,-999,12.3
2026-05-28 11:15:58.426,2026-05-28 11:30:44.767,22.6585134,114.5144039,50.0,10.0,-0.03,233.7,0.0,16.0,1479.5,3534.65,10.0,2.0,2.5,NR5G-SA,n79,-105,-105,-11,23,-999,9.9
2026-05-28 11:15:58.626,2026-05-28 11:30:44.967,22.6585002,114.5143841,50.0,10.0,-0.00,233.8,0.0,16.0,1477.8,3537.16,10.0,2.0,2.5,NR5G-SA,n79,-105,-105,-11,23,-999,6.8
2026-05-28 11:15:58.827,2026-05-28 11:30:45.167,22.6584869,114.5143642,50.0,10.0,-0.03,233.8,0.0,16.8,1476.1,3539.69,10.0,2.0,2.5,NR5G-SA,n79,-99,-99,-11,23,-999,6.1
2026-05-28 11:15:59.027,2026-05-28 11:30:45.167,22.6584738,114.5143444,50.0,10.0,-0.01,233.7,0.0,16.8,1474.4,3542.19,10.0,2.0,2.5,NR5G-SA,n79,-99,-99,-11,23,-999,7.4
2026-05-28 11:15:59.227,2026-05-28 11:30:45.567,22.6584606,114.5143246,50.0,10.0,-0.05,233.6,0.0,16.8,1472.8,3544.70,10.0,2.0,2.5,NR5G-SA,n79,-99,-99,-11,23,-999,12.8
2026-05-28 11:15:59.428,2026-05-28 11:30:45.767,22.6584606,114.5143246,50.0,10.0,-0.05,233.6,0.0,16.8,1472.8,3544.70,10.0,2.0,2.5,NR5G-SA,n79,-108,-108,-11,21,-999,9.1
2026-05-28 11:15:59.628,2026-05-28 11:30:45.967,22.6584474,114.5143049,50.0,10.0,-0.05,233.6,0.0,16.8,1471.1,3547.20,10.0,2.0,2.5,NR5G-SA,n79,-108,-108,-11,21,-999,5.7
2026-05-28 11:15:59.828,2026-05-28 11:30:46.167,22.6584343,114.5142851,50.0,10.0,-0.07,233.4,0.0,18.2,1469.5,3549.70,10.0,2.0,2.5,NR5G-SA,n79,-105,-105,-11,21,-999,5.3
2026-05-28 11:16:00.029,2026-05-28 11:30:46.567,22.6584212,114.5142654,50.0,9.9,0.03,233.4,0.0,18.2,1467.8,3552.20,10.0,2.0,2.5,NR5G-SA,n79,-105,-105,-11,21,-999,6.2
2026-05-28 11:16:00.229,2026-05-28 11:30:46.567,22.6584212,114.5142654,50.0,9.9,0.03,233.4,0.0,18.2,1467.8,3552.20,10.0,2.0,2.5,NR5G-SA,n79,-105,-105,-11,21,-999,15.6
2026-05-28 11:16:00.430,2026-05-28 11:30:46.767,22.6584082,114.5142455,50.0,9.9,0.01,233.5,0.0,18.2,1466.1,3554.70,10.0,2.0,2.5,NR5G-SA,n79,-102,-102,-10,21,-999,9.4
2026-05-28 11:16:00.630,2026-05-28 11:30:46.967,22.6583952,114.5142258,50.0,10.0,0.01,233.7,0.0,18.2,1464.5,3557.19,10.0,2.0,2.5,NR5G-SA,n79,-102,-102,-10,21,-999,6.7
2026-05-28 11:16:00.830,2026-05-28 11:30:47.167,22.6583821,114.5142059,50.0,10.1,-0.03,233.7,0.0,19.7,1462.8,3559.70,10.0,2.0,2.5,NR5G-SA,n79,-102,-102,-10,21,-999,5.8
2026-05-28 11:16:01.031,2026-05-28 11:30:47.167,22.6583689,114.5141860,50.0,10.1,0.01,233.5,0.0,19.7,1461.2,3562.22,10.0,2.0,2.5,NR5G-SA,n79,-105,-105,-11,21,-999,6.7
2026-05-28 11:16:01.231,2026-05-28 11:30:47.567,22.6583557,114.5141661,50.0,10.0,-0.02,233.4,0.0,19.7,1459.5,3564.73,10.0,2.0,2.5,NR5G-SA,n79,-105,-105,-11,21,-999,13.2
2026-05-28 11:16:01.431,2026-05-28 11:30:47.767,22.6583557,114.5141661,50.0,10.0,-0.02,233.4,0.0,19.7,1459.5,3564.73,10.0,2.0,2.5,NR5G-SA,n79,-105,-105,-11,21,-999,9.7
2026-05-28 11:16:01.632,2026-05-28 11:30:47.967,22.6583424,114.5141461,50.1,10.0,-0.02,233.4,0.0,19.7,1457.9,3567.27,10.0,2.0,2.5,NR5G-SA,n79,-103,-103,-11,21,-999,6.6
2026-05-28 11:16:01.832,2026-05-28 11:30:48.167,22.6583291,114.5141261,50.1,10.0,-0.04,233.4,0.0,21.9,1456.2,3569.80,10.0,2.0,2.5,NR5G-SA,n79,-103,-103,-11,21,-999,5.9
2026-05-28 11:16:02.032,2026-05-28 11:30:48.167,22.6583160,114.5141063,50.1,9.9,-0.05,233.3,0.0,21.9,1454.6,3572.30,10.0,2.0,2.5,NR5G-SA,n79,-103,-103,-11,21,-999,7.2
2026-05-28 11:16:02.233,2026-05-28 11:30:48.567,22.6583029,114.5140867,50.0,10.0,-0.07,233.3,0.0,21.9,1452.9,3574.79,10.0,2.0,2.5,NR5G-SA,n79,-100,-100,-10,22,-999,12.3
2026-05-28 11:16:02.433,2026-05-28 11:30:48.767,22.6583029,114.5140867,50.0,10.0,-0.07,233.3,0.0,21.9,1452.9,3574.79,10.0,2.0,2.5,NR5G-SA,n79,-100,-100,-10,22,-999,8.8
2026-05-28 11:16:02.633,2026-05-28 11:30:48.967,22.6582897,114.5140671,50.0,9.9,-0.06,233.4,0.0,21.9,1451.3,3577.28,10.0,2.0,2.5,NR5G-SA,n79,-102,-102,-10,22,-999,4.6
2026-05-28 11:16:02.834,2026-05-28 11:30:49.167,22.6582766,114.5140475,50.0,10.0,-0.07,233.4,0.0,22.1,1449.7,3579.77,10.0,2.0,2.5,NR5G-SA,n79,-102,-102,-10,22,-999,5.0
2026-05-28 11:16:03.034,2026-05-28 11:30:49.567,22.6582635,114.5140278,50.0,10.0,-0.09,233.5,0.0,22.1,1448.1,3582.26,10.0,2.0,2.5,NR5G-SA,n79,-102,-102,-10,22,-999,6.9
2026-05-28 11:16:03.234,2026-05-28 11:30:49.567,22.6582503,114.5140083,50.0,10.0,-0.13,233.6,0.0,22.1,1446.5,3584.75,10.0,2.0,2.5,NR5G-SA,n79,-100,-100,-10,23,-999,14.1
2026-05-28 11:16:03.435,2026-05-28 11:30:49.767,22.6582503,114.5140083,50.0,10.0,-0.13,233.6,0.0,22.1,1446.5,3584.75,10.0,2.0,2.5,NR5G-SA,n79,-100,-100,-10,23,-999,10.3
2026-05-28 11:16:03.635,2026-05-28 11:30:49.967,22.6582373,114.5139887,50.0,10.0,-0.10,233.5,0.0,22.1,1444.9,3587.22,10.0,2.0,2.5,NR5G-SA,n79,-100,-100,-10,23,-999,5.8
2026-05-28 11:16:03.835,2026-05-28 11:30:50.167,22.6582241,114.5139691,50.0,10.0,-0.08,233.7,0.0,23.3,1443.3,3589.72,10.0,2.0,2.5,NR5G-SA,n79,-100,-100,-10,22,-999,5.7
2026-05-28 11:16:04.036,2026-05-28 11:30:50.167,22.6582111,114.5139495,49.9,10.0,-0.06,233.9,0.0,23.3,1441.7,3592.20,10.0,2.0,2.5,NR5G-SA,n79,-100,-100,-10,22,-999,10.0
2026-05-28 11:16:04.236,2026-05-28 11:30:50.567,22.6581980,114.5139297,49.9,10.1,-0.05,234.2,0.0,23.3,1440.1,3594.70,10.0,2.0,2.5,NR5G-SA,n79,-100,-100,-10,22,-999,13.4
2026-05-28 11:16:04.436,2026-05-28 11:30:50.767,22.6581980,114.5139297,49.9,10.1,-0.05,234.2,0.0,23.3,1440.1,3594.70,10.0,2.0,2.5,NR5G-SA,n79,-101,-101,-10,22,-999,8.6
2026-05-28 11:16:04.637,2026-05-28 11:30:50.967,22.6581849,114.5139099,49.9,10.0,0.06,234.3,0.0,23.3,1438.5,3597.20,10.0,2.0,2.5,NR5G-SA,n79,-101,-101,-10,22,-999,6.7
2026-05-28 11:16:04.837,2026-05-28 11:30:51.167,22.6581716,114.5138901,49.9,10.0,0.09,234.4,0.0,24.1,1436.9,3599.72,10.0,2.0,2.5,NR5G-SA,n79,-101,-101,-10,21,-999,4.8
2026-05-28 11:16:05.037,2026-05-28 11:30:51.567,22.6581583,114.5138703,50.0,10.0,0.11,234.3,0.0,24.1,1435.3,3602.23,10.0,2.0,2.5,NR5G-SA,n79,-101,-101,-10,21,-999,7.4
2026-05-28 11:16:05.238,2026-05-28 11:30:51.567,22.6581450,114.5138505,50.0,10.1,0.08,234.2,0.0,24.1,1433.7,3604.75,10.0,2.0,2.5,NR5G-SA,n79,-101,-101,-10,21,-999,13.3
2026-05-28 11:16:05.438,2026-05-28 11:30:51.767,22.6581450,114.5138505,50.0,10.1,0.08,234.2,0.0,24.1,1433.7,3604.75,10.0,2.0,2.5,NR5G-SA,n79,-107,-107,-11,22,-999,11.4
2026-05-28 11:16:05.638,2026-05-28 11:30:51.967,22.6581318,114.5138307,50.0,10.0,0.08,234.1,0.0,24.1,1432.1,3607.26,10.0,2.0,2.5,NR5G-SA,n79,-107,-107,-11,22,-999,6.7
2026-05-28 11:16:05.839,2026-05-28 11:30:52.167,22.6581186,114.5138110,50.0,10.0,0.02,234.0,0.0,24.1,1430.5,3609.76,10.0,2.0,2.5,NR5G-SA,n79,-107,-107,-11,22,-999,5.2
2026-05-28 11:16:06.039,2026-05-28 11:30:52.567,22.6581055,114.5137912,50.0,10.0,-0.02,234.0,0.0,23.2,1428.9,3612.26,10.0,2.0,2.5,NR5G-SA,n79,-104,-104,-10,22,-999,6.3
2026-05-28 11:16:06.240,2026-05-28 11:30:52.567,22.6580925,114.5137714,50.0,10.0,-0.02,234.0,0.0,23.2,1427.3,3614.76,10.0,2.0,2.5,NR5G-SA,n79,-104,-104,-10,22,-999,13.8
2026-05-28 11:16:06.440,2026-05-28 11:30:52.767,22.6580925,114.5137714,50.0,10.0,0.08,234.0,0.0,23.2,1427.3,3614.76,10.0,2.0,2.5,NR5G-SA,n79,-104,-104,-10,22,-999,10.8
2026-05-28 11:16:06.640,2026-05-28 11:30:52.967,22.6580794,114.5137515,50.0,10.0,-0.03,234.2,0.0,23.2,1425.7,3617.27,10.0,2.0,2.5,NR5G-SA,n79,-99,-99,-10,21,-999,6.3
2026-05-28 11:16:06.841,2026-05-28 11:30:53.167,22.6580664,114.5137317,50.0,10.0,0.02,234.4,0.0,23.2,1424.1,3619.77,10.0,2.0,2.5,NR5G-SA,n79,-99,-99,-10,21,-999,6.1
2026-05-28 11:16:07.041,2026-05-28 11:30:53.167,22.6580534,114.5137119,50.0,10.0,0.00,234.5,0.0,22.7,1422.5,3622.26,10.0,2.0,2.5,NR5G-SA,n79,-102,-102,-11,21,-999,6.7
2026-05-28 11:16:07.241,2026-05-28 11:30:53.567,22.6580404,114.5136922,50.0,10.1,-0.06,234.7,0.0,22.7,1420.9,3624.75,10.0,2.0,2.5,NR5G-SA,n79,-102,-102,-11,21,-999,11.4
2026-05-28 11:16:07.442,2026-05-28 11:30:53.767,22.6580404,114.5136922,50.0,10.1,-0.06,234.7,0.0,22.7,1420.9,3624.75,10.0,2.0,2.5,NR5G-SA,n79,-102,-102,-11,21,-999,10.4
2026-05-28 11:16:07.642,2026-05-28 11:30:53.967,22.6580273,114.5136724,50.0,10.0,-0.04,234.7,0.0,22.7,1419.3,3627.25,10.0,2.0,2.5,NR5G-SA,n79,-98,-98,-10,22,-999,7.0
2026-05-28 11:16:07.842,2026-05-28 11:30:54.167,22.6580142,114.5136527,50.0,10.0,-0.01,234.7,0.0,22.7,1417.7,3629.75,10.0,2.0,2.5,NR5G-SA,n79,-98,-98,-10,22,-999,7.5
2026-05-28 11:16:08.043,2026-05-28 11:30:54.567,22.6580011,114.5136330,49.9,10.0,-0.02,234.7,0.0,23.3,1416.2,3632.24,10.0,2.0,2.5,NR5G-SA,n79,-98,-98,-10,22,-999,4.9
2026-05-28 11:16:08.243,2026-05-28 11:30:54.567,22.6579880,114.5136133,50.0,10.0,0.06,234.8,0.0,23.3,1414.6,3634.74,10.0,2.0,2.5,NR5G-SA,n79,-100,-100,-10,20,-999,11.2
2026-05-28 11:16:08.444,2026-05-28 11:30:54.767,22.6579880,114.5136133,50.0,10.0,0.06,234.8,0.0,23.3,1414.6,3634.74,10.0,2.0,2.5,NR5G-SA,n79,-100,-100,-10,20,-999,9.4
2026-05-28 11:16:08.644,2026-05-28 11:30:54.967,22.6579748,114.5135935,50.0,10.0,0.08,234.7,0.0,23.3,1413.0,3637.25,10.0,2.0,2.5,NR5G-SA,n79,-100,-100,-10,20,-999,5.5
2026-05-28 11:16:08.844,2026-05-28 11:30:55.167,22.6579615,114.5135737,50.0,10.0,0.06,234.7,0.0,23.3,1411.5,3639.76,10.0,2.0,2.5,NR5G-SA,n79,-101,-101,-11,21,-999,6.0
2026-05-28 11:16:09.045,2026-05-28 11:30:55.567,22.6579483,114.5135540,50.0,10.0,0.01,234.8,0.0,25.9,1409.9,3642.26,10.0,2.0,2.5,NR5G-SA,n79,-101,-101,-11,21,-999,5.2
2026-05-28 11:16:09.245,2026-05-28 11:30:55.567,22.6579352,114.5135342,50.0,10.0,-0.01,234.9,0.0,25.9,1408.4,3644.77,10.0,2.0,2.5,NR5G-SA,n79,-101,-101,-11,21,-999,9.0
2026-05-28 11:16:09.445,2026-05-28 11:30:55.767,22.6579352,114.5135342,50.0,10.0,-0.01,234.9,0.0,25.9,1408.4,3644.77,10.0,2.0,2.5,NR5G-SA,n79,-101,-101,-11,21,-999,11.8
2026-05-28 11:16:09.646,2026-05-28 11:30:55.967,22.6579221,114.5135144,50.0,10.0,0.06,235.1,0.0,25.9,1406.8,3647.27,10.0,2.0,2.5,NR5G-SA,n79,-101,-101,-11,21,-999,8.4
2026-05-28 11:16:09.846,2026-05-28 11:30:56.167,22.6579091,114.5134947,50.0,10.0,0.02,235.1,0.0,25.9,1405.2,3649.76,10.0,2.0,2.5,NR5G-SA,n79,-102,-102,-10,21,-999,6.3
2026-05-28 11:16:10.047,2026-05-28 11:30:56.567,22.6578960,114.5134748,50.0,10.0,0.04,235.1,0.0,25.9,1403.7,3652.27,10.0,2.0,2.5,NR5G-SA,n79,-102,-102,-10,21,-999,3.5
2026-05-28 11:16:10.247,2026-05-28 11:30:56.567,22.6578829,114.5134550,50.0,10.0,0.02,235.2,0.0,25.9,1402.1,3654.77,10.0,2.0,2.5,NR5G-SA,n79,-102,-102,-10,21,-999,10.6
2026-05-28 11:16:10.447,2026-05-28 11:30:56.767,22.6578829,114.5134550,50.0,10.0,0.02,235.2,0.0,25.9,1402.1,3654.77,10.0,2.0,2.5,NR5G-SA,n79,-99,-99,-10,20,-999,7.3
2026-05-28 11:16:10.648,2026-05-28 11:30:56.967,22.6578698,114.5134353,50.0,10.0,-0.01,235.2,0.0,25.9,1400.6,3657.26,10.0,2.0,2.5,NR5G-SA,n79,-99,-99,-10,20,-999,7.5
2026-05-28 11:16:10.848,2026-05-28 11:30:57.167,22.6578567,114.5134156,50.0,10.0,0.03,235.3,0.0,25.9,1399.0,3659.76,10.0,2.0,2.5,NR5G-SA,n79,-99,-99,-10,20,-999,5.2
2026-05-28 11:16:11.048,2026-05-28 11:30:57.567,22.6578437,114.5133959,50.0,10.0,0.04,235.7,0.0,28.0,1397.5,3662.25,10.0,2.0,2.5,NR5G-SA,n79,-99,-99,-11,20,-999,5.2
2026-05-28 11:16:11.248,2026-05-28 11:30:57.567,22.6578307,114.5133762,50.0,9.9,-0.01,235.9,0.0,28.0,1396.0,3664.73,10.0,2.0,2.5,NR5G-SA,n79,-99,-99,-11,20,-999,12.6
2026-05-28 11:16:11.449,2026-05-28 11:30:57.767,22.6578307,114.5133762,50.0,9.9,-0.01,235.9,0.0,28.0,1396.0,3664.73,10.0,2.0,2.5,NR5G-SA,n79,-104,-104,-11,20,-999,9.3
2026-05-28 11:16:11.649,2026-05-28 11:30:57.967,22.6578176,114.5133563,50.0,10.0,0.04,236.2,0.0,28.0,1394.4,3667.25,10.0,2.0,2.5,NR5G-SA,n79,-104,-104,-11,20,-999,5.9
2026-05-28 11:16:11.850,2026-05-28 11:30:58.167,22.6578046,114.5133365,50.0,10.0,0.04,236.2,0.0,28.0,1392.9,3669.74,10.0,2.0,2.5,NR5G-SA,n79,-104,-104,-11,20,-999,6.6
2026-05-28 11:16:12.050,2026-05-28 11:30:58.567,22.6577914,114.5133168,50.0,10.0,0.01,236.0,0.0,28.9,1391.4,3672.24,10.0,2.0,2.5,NR5G-SA,n79,-99,-99,-10,20,-999,7.9
2026-05-28 11:16:12.250,2026-05-28 11:30:58.567,22.6577782,114.5132971,50.0,10.0,0.01,235.8,0.0,28.9,1389.8,3674.74,10.0,2.0,2.5,NR5G-SA,n79,-99,-99,-10,20,-999,11.1
2026-05-28 11:16:12.451,2026-05-28 11:30:58.767,22.6577782,114.5132971,50.0,10.0,0.01,235.8,0.0,28.9,1389.8,3674.74,10.0,2.0,2.5,NR5G-SA,n79,-99,-99,-10,20,-999,10.9
2026-05-28 11:16:12.651,2026-05-28 11:30:58.967,22.6577651,114.5132775,50.0,10.0,0.08,235.7,0.0,28.9,1388.3,3677.23,10.0,2.0,2.5,NR5G-SA,n79,-100,-100,-10,19,-999,7.2
2026-05-28 11:16:12.851,2026-05-28 11:30:59.167,22.6577519,114.5132577,50.0,10.0,-0.01,235.7,0.0,28.9,1386.8,3679.74,10.0,2.0,2.5,NR5G-SA,n79,-100,-100,-10,19,-999,6.0
2026-05-28 11:16:13.052,2026-05-28 11:30:59.567,22.6577386,114.5132379,50.0,10.0,0.04,235.6,0.0,28.9,1385.3,3682.26,10.0,2.0,2.5,NR5G-SA,n79,-100,-100,-10,19,-999,4.7
2026-05-28 11:16:13.252,2026-05-28 11:30:59.567,22.6577254,114.5132181,50.0,10.0,0.10,235.5,0.0,28.6,1383.8,3684.76,10.0,2.0,2.5,NR5G-SA,n79,-105,-105,-11,18,-999,14.2
2026-05-28 11:16:13.452,2026-05-28 11:30:59.767,22.6577254,114.5132181,50.0,10.0,0.10,235.5,0.0,28.6,1383.8,3684.76,10.0,2.0,2.5,NR5G-SA,n79,-105,-105,-11,18,-999,10.4
2026-05-28 11:16:13.653,2026-05-28 11:30:59.967,22.6577123,114.5131984,50.0,10.0,0.06,235.4,0.0,28.6,1382.3,3687.26,10.0,2.0,2.5,NR5G-SA,n79,-104,-104,-11,18,-999,5.0
2026-05-28 11:16:13.853,2026-05-28 11:31:00.167,22.6576992,114.5131786,50.0,10.0,0.07,235.2,0.0,28.6,1380.7,3689.76,10.0,2.0,2.5,NR5G-SA,n79,-104,-104,-11,18,-999,7.8
2026-05-28 11:16:14.053,2026-05-28 11:31:00.567,22.6576861,114.5131588,50.0,10.0,-0.02,235.1,0.0,28.6,1379.2,3692.26,10.0,2.0,2.5,NR5G-SA,n79,-104,-104,-11,18,-999,5.4
2026-05-28 11:16:14.254,2026-05-28 11:31:00.567,22.6576729,114.5131390,50.0,10.0,-0.00,235.0,0.0,24.9,1377.7,3694.77,10.0,2.0,2.5,NR5G-SA,n79,-103,-103,-11,17,-999,9.0
2026-05-28 11:16:14.454,2026-05-28 11:31:00.767,22.6576729,114.5131390,50.0,10.0,-0.00,235.0,0.0,24.9,1377.7,3694.77,10.0,2.0,2.5,NR5G-SA,n79,-103,-103,-11,17,-999,11.4
2026-05-28 11:16:14.654,2026-05-28 11:31:00.967,22.6576597,114.5131192,50.0,10.0,0.01,234.8,0.0,24.9,1376.2,3697.28,10.0,2.0,2.5,NR5G-SA,n79,-103,-103,-11,17,-999,6.8
2026-05-28 11:16:14.855,2026-05-28 11:31:01.167,22.6576465,114.5130993,50.0,10.0,0.04,234.7,0.0,24.9,1374.7,3699.80,10.0,2.0,2.5,NR5G-SA,n79,-101,-101,-11,16,-999,4.4
2026-05-28 11:16:15.055,2026-05-28 11:31:01.567,22.6576333,114.5130795,50.0,10.0,0.07,234.7,0.0,24.9,1373.2,3702.31,10.0,2.0,2.5,NR5G-SA,n79,-101,-101,-11,16,-999,5.9
2026-05-28 11:16:15.255,2026-05-28 11:31:01.567,22.6576203,114.5130597,50.0,10.0,0.05,234.5,0.0,22.6,1371.7,3704.81,10.0,2.0,2.5,NR5G-SA,n79,-101,-101,-11,16,-999,13.7
2026-05-28 11:16:15.456,2026-05-28 11:31:01.767,22.6576203,114.5130597,50.0,10.0,0.05,234.5,0.0,22.6,1371.7,3704.81,10.0,2.0,2.5,NR5G-SA,n79,-104,-104,-11,16,-999,10.8
2026-05-28 11:16:15.656,2026-05-28 11:31:01.967,22.6576071,114.5130398,50.0,10.0,0.01,234.2,0.0,22.6,1370.2,3707.32,10.0,2.0,2.5,NR5G-SA,n79,-104,-104,-11,16,-999,11.4
2026-05-28 11:16:15.857,2026-05-28 11:31:02.167,22.6575940,114.5130199,50.0,10.0,0.01,234.1,0.0,22.6,1368.7,3709.83,10.0,2.0,2.5,NR5G-SA,n79,-104,-104,-11,15,-999,7.0
2026-05-28 11:16:16.057,2026-05-28 11:31:02.567,22.6575810,114.5130001,50.0,10.0,-0.05,233.8,0.0,22.6,1367.2,3712.33,10.0,2.0,2.5,NR5G-SA,n79,-104,-104,-11,15,-999,6.7
2026-05-28 11:16:16.257,2026-05-28 11:31:02.567,22.6575679,114.5129804,50.0,9.9,-0.06,233.7,0.0,21.4,1365.8,3714.83,10.0,2.0,2.5,NR5G-SA,n79,-104,-104,-11,15,-999,8.9
2026-05-28 11:16:16.458,2026-05-28 11:31:02.767,22.6575679,114.5129804,50.0,9.9,-0.06,233.7,0.0,21.4,1365.8,3714.83,10.0,2.0,2.5,NR5G-SA,n79,-103,-103,-11,14,-999,11.0
2026-05-28 11:16:16.658,2026-05-28 11:31:02.967,22.6575548,114.5129607,50.0,9.9,-0.05,233.8,0.0,21.4,1364.3,3717.32,10.0,2.0,2.5,NR5G-SA,n79,-103,-103,-11,14,-999,7.9
2026-05-28 11:16:16.858,2026-05-28 11:31:03.167,22.6575418,114.5129410,50.0,9.9,-0.07,234.0,0.0,21.4,1362.8,3719.81,10.0,2.0,2.5,NR5G-SA,n79,-103,-103,-11,14,-999,5.8
2026-05-28 11:16:17.059,2026-05-28 11:31:03.567,22.6575289,114.5129213,50.0,10.0,-0.05,234.3,0.0,21.4,1361.3,3722.29,10.0,2.0,2.5,NR5G-SA,n79,-100,-100,-11,14,-999,5.8
2026-05-28 11:16:17.259,2026-05-28 11:31:03.567,22.6575159,114.5129016,50.0,10.0,-0.05,234.6,0.0,21.4,1359.9,3724.78,10.0,2.0,2.5,NR5G-SA,n79,-100,-100,-11,14,-999,10.6
2026-05-28 11:16:17.459,2026-05-28 11:31:03.767,22.6575159,114.5129016,50.0,10.0,-0.05,234.6,0.0,21.4,1359.9,3724.78,10.0,2.0,2.5,NR5G-SA,n79,-100,-100,-11,14,-999,10.8
2026-05-28 11:16:17.659,2026-05-28 11:31:03.967,22.6575029,114.5128819,50.0,9.9,-0.01,234.9,0.0,21.4,1358.4,3727.27,10.0,2.0,2.5,NR5G-SA,n79,-103,-103,-11,14,-999,6.3
2026-05-28 11:16:17.860,2026-05-28 11:31:04.167,22.6574899,114.5128622,50.0,10.0,-0.05,235.2,0.0,21.4,1356.9,3729.75,10.0,2.0,2.5,NR5G-SA,n79,-103,-103,-11,14,-999,5.9
2026-05-28 11:16:18.060,2026-05-28 11:31:04.567,22.6574767,114.5128426,50.0,10.0,0.02,235.5,0.0,21.4,1355.5,3732.25,10.0,2.0,2.5,NR5G-SA,n79,-103,-103,-11,14,-999,5.3
2026-05-28 11:16:18.261,2026-05-28 11:31:04.567,22.6574633,114.5128230,50.0,10.0,0.08,235.7,0.0,21.4,1354.1,3734.75,10.0,2.0,2.5,NR5G-SA,n79,-104,-104,-11,13,-999,8.4
2026-05-28 11:16:18.461,2026-05-28 11:31:04.767,22.6574633,114.5128230,50.0,10.0,0.08,235.7,0.0,21.4,1354.1,3734.75,10.0,2.0,2.5,NR5G-SA,n79,-104,-104,-11,13,-999,10.4
2026-05-28 11:16:18.661,2026-05-28 11:31:04.967,22.6574501,114.5128032,50.0,10.0,-0.01,235.9,0.0,21.4,1352.6,3737.26,10.0,2.0,2.5,NR5G-SA,n79,-101,-101,-11,14,-999,5.1
2026-05-28 11:16:18.862,2026-05-28 11:31:05.167,22.6574368,114.5127833,50.0,10.0,-0.01,235.8,0.0,21.4,1351.2,3739.79,10.0,2.0,2.5,NR5G-SA,n79,-101,-101,-11,14,-999,4.8
2026-05-28 11:16:19.062,2026-05-28 11:31:05.567,22.6574235,114.5127635,50.0,10.0,0.02,235.7,0.0,21.4,1349.7,3742.30,10.0,2.0,2.5,NR5G-SA,n79,-101,-101,-11,14,-999,6.5
2026-05-28 11:16:19.262,2026-05-28 11:31:05.567,22.6574103,114.5127438,50.0,10.0,0.01,235.8,0.0,21.7,1348.3,3744.80,10.0,2.0,2.5,NR5G-SA,n79,-104,-104,-11,14,-999,7.3
2026-05-28 11:16:19.463,2026-05-28 11:31:05.767,22.6574103,114.5127438,50.0,10.0,0.01,235.8,0.0,21.7,1348.3,3744.80,10.0,2.0,2.5,NR5G-SA,n79,-104,-104,-11,14,-999,9.9
2026-05-28 11:16:19.663,2026-05-28 11:31:05.967,22.6573970,114.5127241,50.0,10.0,-0.01,236.0,0.0,21.7,1346.8,3747.31,10.0,2.0,2.5,NR5G-SA,n79,-104,-104,-11,14,-999,6.4
2026-05-28 11:16:19.863,2026-05-28 11:31:06.167,22.6573838,114.5127043,50.0,10.0,-0.07,235.9,0.0,21.7,1345.4,3749.82,10.0,2.0,2.5,NR5G-SA,n79,-103,-103,-10,13,-999,5.6
2026-05-28 11:16:20.064,2026-05-28 11:31:06.567,22.6573706,114.5126845,50.0,10.0,-0.05,235.7,0.0,21.7,1344.0,3752.33,10.0,2.0,2.5,NR5G-SA,n79,-103,-103,-10,13,-999,4.3
2026-05-28 11:16:20.264,2026-05-28 11:31:06.567,22.6573573,114.5126646,50.0,10.0,-0.05,235.4,0.0,23.1,1342.5,3754.85,10.0,2.0,2.5,NR5G-SA,n79,-103,-103,-10,13,-999,9.1
2026-05-28 11:16:20.464,2026-05-28 11:31:06.767,22.6573573,114.5126646,50.0,10.0,-0.05,235.4,0.0,23.1,1342.5,3754.85,10.0,2.0,2.5,NR5G-SA,n79,-105,-105,-11,13,-999,10.4
2026-05-28 11:16:20.665,2026-05-28 11:31:06.967,22.6573442,114.5126451,50.0,10.0,-0.08,235.2,0.0,23.1,1341.1,3757.33,10.0,2.0,2.5,NR5G-SA,n79,-105,-105,-11,13,-999,4.7
2026-05-28 11:16:20.865,2026-05-28 11:31:07.167,22.6573310,114.5126255,50.0,10.0,-0.09,235.0,0.0,23.1,1339.7,3759.82,10.0,2.0,2.5,NR5G-SA,n79,-106,-106,-11,13,-999,6.8
2026-05-28 11:16:21.065,2026-05-28 11:31:07.567,22.6573177,114.5126058,50.0,10.0,-0.05,234.8,0.0,23.1,1338.3,3762.33,10.0,2.0,2.5,NR5G-SA,n79,-106,-106,-11,13,-999,4.6
2026-05-28 11:16:21.266,2026-05-28 11:31:07.567,22.6573045,114.5125861,49.9,10.0,-0.04,234.7,0.0,21.7,1336.9,3764.83,10.0,2.0,2.5,NR5G-SA,n79,-106,-106,-11,13,-999,8.6
2026-05-28 11:16:21.466,2026-05-28 11:31:07.767,22.6573045,114.5125861,49.9,10.0,-0.04,234.7,0.0,21.7,1336.9,3764.83,10.0,2.0,2.5,NR5G-SA,n79,-103,-103,-11,13,-999,9.1
2026-05-28 11:16:21.666,2026-05-28 11:31:07.967,22.6572912,114.5125663,49.9,10.0,0.04,234.6,0.0,21.7,1335.5,3767.35,10.0,2.0,2.5,NR5G-SA,n79,-103,-103,-11,13,-999,8.6
2026-05-28 11:16:21.867,2026-05-28 11:31:08.167,22.6572779,114.5125464,49.9,10.0,0.12,234.4,0.0,21.7,1334.1,3769.87,10.0,2.0,2.5,NR5G-SA,n79,-103,-103,-11,13,-999,6.9
2026-05-28 11:16:22.067,2026-05-28 11:31:08.567,22.6572647,114.5125266,50.0,10.0,0.12,234.4,0.0,21.7,1332.7,3772.38,10.0,2.0,2.5,NR5G-SA,n79,-100,-100,-11,14,-999,5.3
2026-05-28 11:16:22.267,2026-05-28 11:31:08.567,22.6572516,114.5125069,50.0,10.0,-0.03,234.2,0.0,21.7,1331.3,3774.87,10.0,2.0,2.5,NR5G-SA,n79,-100,-100,-11,14,-999,10.1
2026-05-28 11:16:22.468,2026-05-28 11:31:08.767,22.6572516,114.5125069,50.0,10.0,-0.03,234.2,0.0,20.1,1331.3,3774.87,10.0,2.0,2.5,NR5G-SA,n79,-100,-100,-11,14,-999,16.7
2026-05-28 11:16:22.668,2026-05-28 11:31:08.967,22.6572385,114.5124872,50.0,10.0,-0.01,234.1,0.0,20.1,1329.9,3777.37,10.0,2.0,2.5,NR5G-SA,n79,-97,-97,-10,13,-999,6.6
2026-05-28 11:16:22.868,2026-05-28 11:31:09.167,22.6572255,114.5124674,50.0,9.9,0.07,234.1,0.0,20.1,1328.5,3779.87,10.0,2.0,2.5,NR5G-SA,n79,-97,-97,-10,13,-999,4.8
2026-05-28 11:16:23.069,2026-05-28 11:31:09.567,22.6572124,114.5124476,50.0,10.0,0.11,234.0,0.0,20.1,1327.1,3782.37,10.0,2.0,2.5,NR5G-SA,n79,-101,-101,-10,13,-999,6.1
2026-05-28 11:16:23.269,2026-05-28 11:31:09.567,22.6571993,114.5124277,50.0,10.0,0.00,234.0,0.0,20.1,1325.6,3784.88,10.0,2.0,2.5,NR5G-SA,n79,-101,-101,-10,13,-999,9.6
2026-05-28 11:16:23.469,2026-05-28 11:31:09.767,22.6571993,114.5124277,50.0,10.0,0.00,234.0,0.0,19.8,1325.6,3784.88,10.0,2.0,2.5,NR5G-SA,n79,-101,-101,-10,13,-999,11.9
2026-05-28 11:16:23.670,2026-05-28 11:31:09.967,22.6571862,114.5124079,50.0,9.9,0.03,234.2,0.0,19.8,1324.2,3787.38,10.0,2.0,2.5,NR5G-SA,n79,-98,-98,-10,12,-999,5.9
2026-05-28 11:16:23.870,2026-05-28 11:31:10.167,22.6571731,114.5123881,50.0,10.0,-0.03,234.2,0.0,19.8,1322.9,3789.88,10.0,2.0,2.5,NR5G-SA,n79,-98,-98,-10,12,-999,6.7
2026-05-28 11:16:24.070,2026-05-28 11:31:10.567,22.6571600,114.5123682,50.0,10.0,0.02,234.3,0.0,19.8,1321.5,3792.40,10.0,2.0,2.5,NR5G-SA,n79,-98,-98,-10,12,-999,5.1
2026-05-28 11:16:24.271,2026-05-28 11:31:10.567,22.6571470,114.5123484,50.0,10.0,0.05,234.4,0.0,19.8,1320.1,3794.89,10.0,2.0,2.5,NR5G-SA,n79,-100,-100,-11,13,-999,8.8
2026-05-28 11:16:24.471,2026-05-28 11:31:10.767,22.6571470,114.5123484,50.0,10.0,0.05,234.4,0.0,19.1,1320.1,3794.89,10.0,2.0,2.5,NR5G-SA,n79,-100,-100,-11,13,-999,13.8
2026-05-28 11:16:24.671,2026-05-28 11:31:10.967,22.6571339,114.5123286,50.0,10.0,0.09,234.5,0.0,19.1,1318.7,3797.39,10.0,2.0,2.5,NR5G-SA,n79,-100,-100,-11,13,-999,6.6
2026-05-28 11:16:24.872,2026-05-28 11:31:11.167,22.6571207,114.5123088,50.0,10.0,0.08,234.6,0.0,19.1,1317.3,3799.90,10.0,2.0,2.5,NR5G-SA,n79,-98,-98,-10,12,-999,5.5
2026-05-28 11:16:25.072,2026-05-28 11:31:11.567,22.6571076,114.5122890,50.0,10.0,-0.00,234.5,0.0,19.1,1315.9,3802.41,10.0,2.0,2.5,NR5G-SA,n79,-98,-98,-10,12,-999,4.8
2026-05-28 11:16:25.273,2026-05-28 11:31:11.567,22.6570945,114.5122692,50.0,10.0,0.00,234.6,0.0,19.1,1314.6,3804.91,10.0,2.0,2.5,NR5G-SA,n79,-99,-99,-10,13,-999,9.0
2026-05-28 11:16:25.473,2026-05-28 11:31:11.767,22.6570814,114.5122494,50.0,10.0,0.00,234.6,0.0,18.0,1313.2,3807.41,10.0,2.0,2.5,NR5G-SA,n79,-99,-99,-10,13,-999,12.4
2026-05-28 11:16:25.673,2026-05-28 11:31:11.967,22.6570814,114.5122494,50.0,10.0,0.02,234.6,0.0,18.0,1313.2,3807.41,10.0,2.0,2.5,NR5G-SA,n79,-99,-99,-10,13,-999,10.3
2026-05-28 11:16:25.874,2026-05-28 11:31:12.167,22.6570683,114.5122296,50.0,10.0,0.06,234.6,0.0,18.0,1311.8,3809.92,10.0,2.0,2.5,NR5G-SA,n79,-101,-101,-10,13,-999,7.3
2026-05-28 11:16:26.074,2026-05-28 11:31:12.567,22.6570551,114.5122099,50.0,10.0,-0.06,234.6,0.0,18.0,1310.5,3812.42,10.0,2.0,2.5,NR5G-SA,n79,-101,-101,-10,13,-999,5.1
2026-05-28 11:16:26.274,2026-05-28 11:31:12.767,22.6570419,114.5121902,50.0,10.0,-0.01,234.5,0.0,18.0,1309.1,3814.92,10.0,2.0,2.5,NR5G-SA,n79,-101,-101,-10,13,-999,7.6
2026-05-28 11:16:26.475,2026-05-28 11:31:12.767,22.6570419,114.5121902,50.0,10.0,-0.01,234.5,0.0,18.7,1309.1,3814.92,10.0,2.0,2.5,NR5G-SA,n79,-100,-100,-10,13,-999,14.4
2026-05-28 11:16:26.675,2026-05-28 11:31:12.967,22.6570288,114.5121704,50.0,10.0,0.01,234.5,0.0,18.7,1307.8,3817.42,10.0,2.0,2.5,NR5G-SA,n79,-100,-100,-10,13,-999,5.5
2026-05-28 11:16:26.875,2026-05-28 11:31:13.167,22.6570156,114.5121506,50.0,10.0,0.02,234.4,0.0,18.7,1306.4,3819.93,10.0,2.0,2.5,NR5G-SA,n79,-100,-100,-10,13,-999,5.9
2026-05-28 11:16:27.076,2026-05-28 11:31:13.567,22.6570025,114.5121309,50.0,9.9,0.09,234.2,0.0,18.7,1305.1,3822.42,10.0,2.0,2.5,NR5G-SA,n79,-100,-100,-11,12,-999,5.5
2026-05-28 11:16:27.276,2026-05-28 11:31:13.567,22.6569893,114.5121112,50.0,9.9,0.04,233.9,0.0,18.7,1303.8,3824.92,10.0,2.0,2.5,NR5G-SA,n79,-100,-100,-11,12,-999,10.3
2026-05-28 11:16:27.476,2026-05-28 11:31:13.767,22.6569893,114.5121112,50.0,9.9,0.04,233.9,0.0,20.6,1303.8,3824.92,10.0,2.0,2.5,NR5G-SA,n79,-99,-99,-11,13,-999,12.0
2026-05-28 11:16:27.677,2026-05-28 11:31:13.967,22.6569761,114.5120916,50.0,10.0,0.04,233.8,0.0,20.6,1302.5,3827.42,10.0,2.0,2.5,NR5G-SA,n79,-99,-99,-11,13,-999,5.5
2026-05-28 11:16:27.877,2026-05-28 11:31:14.167,22.6569629,114.5120719,50.0,10.0,0.01,233.8,0.0,20.6,1301.1,3829.92,10.0,2.0,2.5,NR5G-SA,n79,-99,-99,-11,13,-999,7.3
2026-05-28 11:16:28.077,2026-05-28 11:31:14.167,22.6569629,114.5120719,50.0,10.0,0.01,233.8,0.0,20.6,1301.1,3829.92,10.0,2.0,2.5,NR5G-SA,n79,-99,-99,-11,13,-999,15.4
2026-05-28 11:16:28.278,2026-05-28 11:31:14.767,22.6569367,114.5120325,50.0,10.0,-0.02,233.8,0.0,20.6,1298.5,3834.91,10.0,2.0,2.5,NR5G-SA,n79,-97,-97,-10,19,-999,6.1
2026-05-28 11:16:28.478,2026-05-28 11:31:14.767,22.6569236,114.5120127,50.0,10.0,-0.02,234.0,0.0,21.4,1297.2,3837.41,10.0,2.0,2.5,NR5G-SA,n79,-97,-97,-10,19,-999,13.5
2026-05-28 11:16:28.678,2026-05-28 11:31:14.967,22.6569236,114.5120127,50.0,10.0,0.07,234.0,0.0,21.4,1297.2,3837.41,10.0,2.0,2.5,NR5G-SA,n79,-98,-98,-10,18,-999,9.2
2026-05-28 11:16:28.879,2026-05-28 11:31:15.167,22.6569106,114.5119929,50.0,10.0,0.01,233.9,0.0,21.4,1295.8,3839.91,10.0,2.0,2.5,NR5G-SA,n79,-98,-98,-10,18,-999,6.5
2026-05-28 11:16:29.079,2026-05-28 11:31:15.567,22.6568976,114.5119731,50.0,10.0,-0.00,234.0,0.0,21.4,1294.5,3842.40,10.0,2.0,2.5,NR5G-SA,n79,-98,-98,-10,18,-999,6.9
2026-05-28 11:16:29.280,2026-05-28 11:31:15.567,22.6568845,114.5119534,50.0,10.0,-0.02,234.0,0.0,21.4,1293.2,3844.90,10.0,2.0,2.5,NR5G-SA,n79,-98,-98,-10,17,-999,5.6
2026-05-28 11:16:29.480,2026-05-28 11:31:15.767,22.6568713,114.5119336,50.0,10.0,-0.02,234.0,0.0,23.0,1291.9,3847.41,10.0,2.0,2.5,NR5G-SA,n79,-98,-98,-10,17,-999,11.5
2026-05-28 11:16:29.680,2026-05-28 11:31:15.967,22.6568713,114.5119336,50.0,10.0,0.04,234.0,0.0,23.0,1291.9,3847.41,10.0,2.0,2.5,NR5G-SA,n79,-98,-98,-10,19,-999,6.0
2026-05-28 11:16:29.881,2026-05-28 11:31:16.167,22.6568581,114.5119139,50.0,10.0,0.07,234.0,0.0,23.0,1290.6,3849.91,10.0,2.0,2.5,NR5G-SA,n79,-98,-98,-10,19,-999,5.9
2026-05-28 11:16:30.081,2026-05-28 11:31:16.567,22.6568449,114.5118943,50.0,10.0,0.07,234.0,0.0,23.0,1289.3,3852.40,10.0,2.0,2.5,NR5G-SA,n79,-98,-98,-10,19,-999,6.3
2026-05-28 11:16:30.282,2026-05-28 11:31:16.567,22.6568319,114.5118747,50.0,10.0,-0.01,233.9,0.0,23.0,1288.0,3854.88,10.0,2.0,2.5,NR5G-SA,n79,-95,-95,-10,16,-999,7.2
2026-05-28 11:16:30.482,2026-05-28 11:31:16.767,22.6568188,114.5118550,50.0,10.0,-0.02,233.9,0.0,23.0,1286.7,3857.37,10.0,2.0,2.5,NR5G-SA,n79,-95,-95,-10,16,-999,11.2
2026-05-28 11:16:30.683,2026-05-28 11:31:16.967,22.6568188,114.5118550,50.0,10.0,-0.02,233.9,0.0,25.1,1286.7,3857.37,10.0,2.0,2.5,NR5G-SA,n79,-95,-95,-10,16,-999,5.4
2026-05-28 11:16:30.883,2026-05-28 11:31:17.167,22.6568056,114.5118352,50.0,10.0,0.03,233.9,0.0,25.1,1285.4,3859.88,10.0,2.0,2.5,NR5G-SA,n79,-97,-97,-10,16,-999,6.8
2026-05-28 11:16:31.083,2026-05-28 11:31:17.567,22.6567925,114.5118154,50.0,10.0,0.01,233.9,0.0,25.1,1284.1,3862.39,10.0,2.0,2.5,NR5G-SA,n79,-97,-97,-10,16,-999,5.3
2026-05-28 11:16:31.284,2026-05-28 11:31:17.767,22.6567794,114.5117956,50.0,10.0,0.03,234.0,0.0,25.1,1282.9,3864.89,10.0,2.0,2.5,NR5G-SA,n79,-97,-97,-10,16,-999,5.9
2026-05-28 11:16:31.484,2026-05-28 11:31:17.767,22.6567663,114.5117758,49.9,10.0,0.02,234.1,0.0,25.1,1281.6,3867.39,10.0,2.0,2.5,NR5G-SA,n79,-97,-97,-10,16,-999,12.9
2026-05-28 11:16:31.685,2026-05-28 11:31:17.967,22.6567663,114.5117758,49.9,10.0,0.02,234.1,33.5,25.6,1281.6,3867.39,10.0,2.0,2.5,NR5G-SA,n79,-97,-97,-10,16,-999,4.9
2026-05-28 11:16:31.885,2026-05-28 11:31:18.167,22.6567532,114.5117560,49.9,10.0,0.07,234.2,33.5,25.6,1280.3,3869.89,10.0,2.0,2.5,NR5G-SA,n79,-97,-97,-10,16,-999,6.0
2026-05-28 11:16:32.085,2026-05-28 11:31:18.567,22.6567401,114.5117362,49.9,10.0,0.06,234.2,33.5,25.6,1279.0,3872.40,10.0,2.0,2.5,NR5G-SA,n79,-106,-106,-11,18,-999,5.7
2026-05-28 11:16:32.286,2026-05-28 11:31:18.567,22.6567269,114.5117165,49.9,10.0,0.05,234.3,33.5,25.6,1277.7,3874.90,10.0,2.0,2.5,NR5G-SA,n79,-106,-106,-11,18,-999,10.8
2026-05-28 11:16:32.486,2026-05-28 11:31:18.767,22.6567138,114.5116968,50.0,10.0,0.08,234.1,33.5,25.6,1276.5,3877.39,10.0,2.0,2.5,NR5G-SA,n79,-96,-96,-10,18,-999,10.7
2026-05-28 11:16:32.686,2026-05-28 11:31:18.967,22.6567138,114.5116968,50.0,10.0,0.08,234.1,35.9,24.3,1276.5,3877.39,10.0,2.0,2.5,NR5G-SA,n79,-96,-96,-10,18,-999,5.5
2026-05-28 11:16:32.887,2026-05-28 11:31:19.167,22.6567006,114.5116771,50.0,10.0,0.08,234.0,35.9,24.3,1275.2,3879.89,10.0,2.0,2.5,NR5G-SA,n79,-96,-96,-10,18,-999,7.7
2026-05-28 11:16:33.087,2026-05-28 11:31:19.567,22.6566875,114.5116573,50.0,10.0,0.05,233.9,35.9,24.3,1274.0,3882.40,10.0,2.0,2.5,NR5G-SA,n79,-95,-95,-10,18,-999,6.5
2026-05-28 11:16:33.287,2026-05-28 11:31:19.767,22.6566744,114.5116377,50.0,10.0,0.05,233.9,35.9,24.3,1272.7,3884.88,10.0,2.0,2.5,NR5G-SA,n79,-95,-95,-10,18,-999,6.4
2026-05-28 11:16:33.488,2026-05-28 11:31:19.767,22.6566613,114.5116179,50.0,10.0,0.00,233.8,35.9,24.3,1271.5,3887.38,10.0,2.0,2.5,NR5G-SA,n79,-95,-95,-10,18,-999,15.3
2026-05-28 11:16:33.688,2026-05-28 11:31:19.967,22.6566613,114.5116179,50.0,10.0,0.00,233.8,26.4,23.9,1271.5,3887.38,10.0,2.0,2.5,NR5G-SA,n79,-98,-98,-10,16,-999,8.6
2026-05-28 11:16:33.889,2026-05-28 11:31:20.167,22.6566482,114.5115981,50.0,10.0,0.01,233.8,26.4,23.9,1270.2,3889.89,10.0,2.0,2.5,NR5G-SA,n79,-98,-98,-10,16,-999,5.9
2026-05-28 11:16:34.089,2026-05-28 11:31:20.567,22.6566350,114.5115783,50.0,10.0,-0.03,233.8,26.4,23.9,1269.0,3892.40,10.0,2.0,2.5,NR5G-SA,n79,-98,-98,-10,16,-999,4.8
2026-05-28 11:16:34.289,2026-05-28 11:31:20.767,22.6566219,114.5115586,50.0,10.0,0.03,233.8,26.4,23.9,1267.7,3894.89,10.0,2.0,2.5,NR5G-SA,n79,-100,-100,-10,16,-999,6.5
2026-05-28 11:16:34.490,2026-05-28 11:31:20.767,22.6566088,114.5115389,50.0,10.0,-0.02,233.8,26.4,23.9,1266.5,3897.39,10.0,2.0,2.5,NR5G-SA,n79,-100,-100,-10,16,-999,14.3
2026-05-28 11:16:34.690,2026-05-28 11:31:20.967,22.6566088,114.5115389,50.0,10.0,-0.02,233.8,41.1,24.2,1266.5,3897.39,10.0,2.0,2.5,NR5G-SA,n79,-100,-100,-10,16,-999,6.9
2026-05-28 11:16:34.890,2026-05-28 11:31:21.167,22.6565956,114.5115191,50.0,9.9,-0.00,233.8,41.1,24.2,1265.3,3899.90,10.0,2.0,2.5,NR5G-SA,n79,-100,-100,-10,16,-999,6.2
2026-05-28 11:16:35.091,2026-05-28 11:31:21.567,22.6565824,114.5114994,50.0,10.0,-0.06,234.0,41.1,24.2,1264.1,3902.40,10.0,2.0,2.5,NR5G-SA,n79,-100,-100,-10,15,-999,4.9
2026-05-28 11:16:35.291,2026-05-28 11:31:21.767,22.6565693,114.5114796,50.0,10.0,-0.02,234.1,41.1,24.2,1262.8,3904.90,10.0,2.0,2.5,NR5G-SA,n79,-98,-98,-10,14,-999,7.3
2026-05-28 11:16:35.492,2026-05-28 11:31:21.767,22.6565561,114.5114597,50.0,10.0,0.04,234.2,41.1,24.2,1261.6,3907.42,10.0,2.0,2.5,NR5G-SA,n79,-98,-98,-10,14,-999,13.4
2026-05-28 11:16:35.692,2026-05-28 11:31:21.967,22.6565561,114.5114597,50.0,10.0,0.04,234.2,17.3,23.5,1261.6,3907.42,10.0,2.0,2.5,NR5G-SA,n79,-98,-98,-10,14,-999,6.7
2026-05-28 11:16:35.892,2026-05-28 11:31:22.167,22.6565430,114.5114400,50.0,10.0,-0.01,234.2,17.3,23.5,1260.4,3909.91,10.0,2.0,2.5,NR5G-SA,n79,-100,-100,-10,15,-999,7.6
2026-05-28 11:16:36.092,2026-05-28 11:31:22.567,22.6565299,114.5114203,50.0,9.9,0.05,234.1,17.3,23.5,1259.2,3912.41,10.0,2.0,2.5,NR5G-SA,n79,-100,-100,-10,15,-999,6.1
2026-05-28 11:16:36.293,2026-05-28 11:31:22.767,22.6565166,114.5114007,50.0,10.0,0.06,234.1,17.3,23.5,1258.0,3914.90,10.0,2.0,2.5,NR5G-SA,n79,-100,-100,-10,15,-999,5.4
2026-05-28 11:16:36.493,2026-05-28 11:31:22.767,22.6565034,114.5113810,50.0,10.0,0.03,234.1,17.3,23.5,1256.8,3917.41,10.0,2.0,2.5,NR5G-SA,n79,-100,-100,-10,15,-999,12.7
2026-05-28 11:16:36.694,2026-05-28 11:31:22.967,22.6565034,114.5113810,50.0,10.0,0.03,234.1,0.0,24.4,1256.8,3917.41,10.0,2.0,2.5,NR5G-SA,n79,-100,-100,-10,15,-999,6.4
2026-05-28 11:16:36.894,2026-05-28 11:31:23.167,22.6564903,114.5113613,50.0,10.0,0.04,234.0,0.0,24.4,1255.6,3919.90,10.0,2.0,2.5,NR5G-SA,n79,-100,-100,-10,14,-999,5.1
2026-05-28 11:16:37.094,2026-05-28 11:31:23.567,22.6564771,114.5113415,50.0,10.0,0.01,234.0,0.0,24.4,1254.4,3922.41,10.0,2.0,2.5,NR5G-SA,n79,-100,-100,-10,14,-999,7.4
2026-05-28 11:16:37.295,2026-05-28 11:31:23.767,22.6564641,114.5113217,50.0,10.0,0.03,234.1,0.0,24.4,1253.2,3924.91,10.0,2.0,2.5,NR5G-SA,n79,-100,-100,-10,14,-999,7.9
2026-05-28 11:16:37.495,2026-05-28 11:31:23.767,22.6564509,114.5113019,50.0,10.0,0.02,234.0,0.0,24.4,1252.0,3927.41,10.0,2.0,2.5,NR5G-SA,n79,-98,-98,-10,19,-999,10.9
2026-05-28 11:16:37.696,2026-05-28 11:31:23.967,22.6564509,114.5113019,50.0,10.0,0.02,234.0,6.1,24.4,1252.0,3927.41,10.0,2.0,2.5,NR5G-SA,n79,-98,-98,-10,19,-999,4.9
2026-05-28 11:16:37.896,2026-05-28 11:31:24.167,22.6564378,114.5112821,50.0,10.0,0.06,234.0,6.1,26.4,1250.8,3929.92,10.0,2.0,2.5,NR5G-SA,n79,-98,-98,-10,19,-999,10.7
2026-05-28 11:16:38.096,2026-05-28 11:31:24.567,22.6564246,114.5112622,50.0,10.0,-0.03,233.9,6.1,26.4,1249.6,3932.44,10.0,2.0,2.5,NR5G-SA,n79,-96,-96,-10,17,-999,7.9
2026-05-28 11:16:38.297,2026-05-28 11:31:24.767,22.6564115,114.5112424,50.0,10.0,-0.04,233.8,6.1,26.4,1248.4,3934.94,10.0,2.0,2.5,NR5G-SA,n79,-96,-96,-10,17,-999,6.0
2026-05-28 11:16:38.497,2026-05-28 11:31:24.767,22.6563984,114.5112227,50.0,10.0,-0.09,233.8,6.1,26.4,1247.3,3937.43,10.0,2.0,2.5,NR5G-SA,n79,-96,-96,-10,17,-999,12.4
2026-05-28 11:16:38.698,2026-05-28 11:31:24.967,22.6563984,114.5112227,50.0,10.0,-0.09,233.8,0.0,26.4,1247.3,3937.43,10.0,2.0,2.5,NR5G-SA,n79,-99,-99,-10,15,-999,10.6
2026-05-28 11:16:38.898,2026-05-28 11:31:25.167,22.6563853,114.5112029,50.0,10.0,-0.02,233.8,0.0,27.9,1246.1,3939.94,10.0,2.0,2.5,NR5G-SA,n79,-99,-99,-10,15,-999,7.5
2026-05-28 11:16:39.098,2026-05-28 11:31:25.567,22.6563722,114.5111832,50.0,10.0,0.05,233.7,0.0,27.9,1244.9,3942.43,10.0,2.0,2.5,NR5G-SA,n79,-99,-99,-10,18,-999,5.7
2026-05-28 11:16:39.299,2026-05-28 11:31:25.767,22.6563589,114.5111635,50.0,10.0,-0.03,233.6,0.0,27.9,1243.8,3944.94,10.0,2.0,2.5,NR5G-SA,n79,-99,-99,-10,18,-999,6.1
2026-05-28 11:16:39.499,2026-05-28 11:31:25.767,22.6563456,114.5111438,50.0,10.0,-0.01,233.4,0.0,27.9,1242.6,3947.44,10.0,2.0,2.5,NR5G-SA,n79,-99,-99,-10,18,-999,10.5
2026-05-28 11:16:39.699,2026-05-28 11:31:25.967,22.6563456,114.5111438,50.0,10.0,-0.01,233.4,6.9,27.9,1242.6,3947.44,10.0,2.0,2.5,NR5G-SA,n79,-101,-101,-10,15,-999,11.3
2026-05-28 11:16:39.900,2026-05-28 11:31:26.167,22.6563325,114.5111239,50.0,10.0,0.01,233.5,6.9,27.1,1241.5,3949.96,10.0,2.0,2.5,NR5G-SA,n79,-101,-101,-10,15,-999,7.5
2026-05-28 11:16:40.100,2026-05-28 11:31:26.567,22.6563193,114.5111041,50.1,10.0,-0.03,233.5,6.9,27.1,1240.3,3952.47,10.0,2.0,2.5,NR5G-SA,n79,-101,-101,-10,15,-999,4.0
2026-05-28 11:16:40.300,2026-05-28 11:31:26.767,22.6563062,114.5110843,50.1,10.0,-0.02,233.6,6.9,27.1,1239.2,3954.97,10.0,2.0,2.5,NR5G-SA,n79,-101,-101,-10,20,-999,7.3
2026-05-28 11:16:40.501,2026-05-28 11:31:26.767,22.6562932,114.5110645,50.1,10.0,-0.04,233.6,6.9,27.1,1238.0,3957.46,10.0,2.0,2.5,NR5G-SA,n79,-101,-101,-10,20,-999,9.2
2026-05-28 11:16:40.701,2026-05-28 11:31:26.967,22.6562932,114.5110645,50.1,10.0,-0.04,233.6,0.0,27.1,1238.0,3957.46,10.0,2.0,2.5,NR5G-SA,n79,-101,-101,-10,20,-999,12.9
2026-05-28 11:16:40.902,2026-05-28 11:31:27.167,22.6562802,114.5110447,50.1,10.0,-0.04,233.7,0.0,28.7,1236.8,3959.96,10.0,2.0,2.5,NR5G-SA,n79,-100,-100,-10,19,-999,10.7
2026-05-28 11:16:41.102,2026-05-28 11:31:27.567,22.6562672,114.5110248,50.0,9.9,-0.01,233.6,0.0,28.7,1235.7,3962.47,10.0,2.0,2.5,NR5G-SA,n79,-100,-100,-10,19,-999,6.9
2026-05-28 11:16:41.302,2026-05-28 11:31:27.767,22.6562541,114.5110050,50.0,10.0,-0.05,233.6,0.0,28.7,1234.6,3964.97,10.0,2.0,2.5,NR5G-SA,n79,-99,-99,-10,18,-999,5.8
2026-05-28 11:16:41.503,2026-05-28 11:31:27.967,22.6562410,114.5109851,50.0,10.0,-0.06,233.6,0.0,28.7,1233.4,3967.48,10.0,2.0,2.5,NR5G-SA,n79,-99,-99,-10,18,-999,6.6
2026-05-28 11:16:41.703,2026-05-28 11:31:27.967,22.6562410,114.5109851,50.0,10.0,-0.06,233.6,16.1,28.7,1233.4,3967.48,10.0,2.0,2.5,NR5G-SA,n79,-99,-99,-10,18,-999,8.7
2026-05-28 11:16:41.903,2026-05-28 11:31:28.167,22.6562278,114.5109652,50.0,10.0,-0.02,233.7,16.1,26.0,1232.3,3970.00,10.0,2.0,2.5,NR5G-SA,n79,-99,-99,-10,18,-999,7.6
2026-05-28 11:16:42.104,2026-05-28 11:31:28.567,22.6562146,114.5109454,50.0,10.0,-0.01,233.7,16.1,26.0,1231.2,3972.51,10.0,2.0,2.5,NR5G-SA,n79,-99,-99,-10,18,-999,5.9
2026-05-28 11:16:42.304,2026-05-28 11:31:28.567,22.6562016,114.5109257,50.1,10.0,-0.06,233.8,16.1,26.0,1230.0,3974.99,10.0,2.0,2.5,NR5G-SA,n79,-99,-99,-10,18,-999,6.9
2026-05-28 11:16:42.505,2026-05-28 11:31:28.767,22.6561885,114.5109060,50.1,9.9,-0.03,233.8,16.1,26.0,1228.9,3977.49,10.0,2.0,2.5,NR5G-SA,n79,-102,-102,-10,18,-999,7.1
2026-05-28 11:16:42.705,2026-05-28 11:31:28.967,22.6561885,114.5109060,50.1,9.9,-0.03,233.8,42.2,26.0,1228.9,3977.49,10.0,2.0,2.5,NR5G-SA,n79,-102,-102,-10,18,-999,11.2
2026-05-28 11:16:42.905,2026-05-28 11:31:29.167,22.6561753,114.5108862,50.0,10.0,-0.07,233.8,42.2,23.8,1227.8,3980.00,10.0,2.0,2.5,NR5G-SA,n79,-102,-102,-10,18,-999,6.9
2026-05-28 11:16:43.106,2026-05-28 11:31:29.567,22.6561621,114.5108664,50.0,10.0,-0.03,233.9,42.2,23.8,1226.7,3982.51,10.0,2.0,2.5,NR5G-SA,n79,-102,-102,-10,17,-999,6.2
2026-05-28 11:16:43.306,2026-05-28 11:31:29.767,22.6561490,114.5108467,50.0,10.0,-0.01,233.9,42.2,23.8,1225.6,3985.00,10.0,2.0,2.5,NR5G-SA,n79,-102,-102,-10,17,-999,8.1
2026-05-28 11:16:43.506,2026-05-28 11:31:29.767,22.6561358,114.5108269,50.0,10.0,-0.05,233.8,42.2,23.8,1224.5,3987.51,10.0,2.0,2.5,NR5G-SA,n79,-103,-103,-10,18,-999,6.6
2026-05-28 11:16:43.707,2026-05-28 11:31:29.967,22.6561358,114.5108269,50.0,10.0,-0.05,233.8,25.3,23.8,1224.5,3987.51,10.0,2.0,2.5,NR5G-SA,n79,-103,-103,-10,18,-999,16.0
2026-05-28 11:16:43.907,2026-05-28 11:31:30.167,22.6561227,114.5108071,50.0,9.9,0.03,233.8,25.3,21.4,1223.4,3990.01,10.0,2.0,2.5,NR5G-SA,n79,-103,-103,-10,18,-999,9.3
2026-05-28 11:16:44.107,2026-05-28 11:31:30.567,22.6561095,114.5107873,50.0,10.0,-0.00,233.9,25.3,21.4,1222.4,3992.52,10.0,2.0,2.5,NR5G-SA,n79,-103,-103,-10,18,-999,5.9
2026-05-28 11:16:44.308,2026-05-28 11:31:30.767,22.6560964,114.5107676,50.1,10.0,-0.02,233.8,25.3,21.4,1221.3,3995.02,10.0,2.0,2.5,NR5G-SA,n79,-103,-103,-10,18,-999,6.0
2026-05-28 11:16:44.509,2026-05-28 11:31:30.767,22.6560833,114.5107479,50.1,10.0,-0.01,233.9,25.3,21.4,1220.2,3997.51,10.0,2.0,2.5,NR5G-SA,n79,-103,-103,-10,18,-999,8.6
2026-05-28 11:16:44.709,2026-05-28 11:31:30.967,22.6560833,114.5107479,50.1,10.0,-0.01,233.9,37.0,21.4,1220.2,3997.51,10.0,2.0,2.5,NR5G-SA,n79,-100,-100,-10,19,-999,15.9
2026-05-28 11:16:44.909,2026-05-28 11:31:31.167,22.6560702,114.5107281,50.0,10.0,-0.01,233.8,37.0,19.9,1219.1,4000.01,10.0,2.0,2.5,NR5G-SA,n79,-100,-100,-10,19,-999,8.4
2026-05-28 11:16:45.110,2026-05-28 11:31:31.567,22.6560570,114.5107083,50.0,10.0,-0.08,233.8,37.0,19.9,1218.1,4002.52,10.0,2.0,2.5,NR5G-SA,n79,-100,-100,-10,19,-999,6.2
2026-05-28 11:16:45.310,2026-05-28 11:31:31.767,22.6560438,114.5106885,50.0,10.0,-0.03,233.8,37.0,19.9,1217.0,4005.03,10.0,2.0,2.5,NR5G-SA,n79,-98,-98,-10,18,-999,5.5
2026-05-28 11:16:45.510,2026-05-28 11:31:31.767,22.6560307,114.5106688,50.0,10.0,-0.04,233.8,37.0,19.9,1215.9,4007.53,10.0,2.0,2.5,NR5G-SA,n79,-98,-98,-10,18,-999,6.8
2026-05-28 11:16:45.711,2026-05-28 11:31:31.967,22.6560307,114.5106688,50.0,10.0,-0.04,233.8,32.4,19.9,1215.9,4007.53,10.0,2.0,2.5,NR5G-SA,n79,-101,-101,-10,18,-999,14.4
2026-05-28 11:16:45.911,2026-05-28 11:31:32.167,22.6560176,114.5106492,50.0,10.0,0.00,233.8,32.4,16.5,1214.9,4010.01,10.0,2.0,2.5,NR5G-SA,n79,-101,-101,-10,18,-999,11.0
2026-05-28 11:16:46.112,2026-05-28 11:31:32.567,22.6560044,114.5106295,50.0,10.0,-0.04,233.6,32.4,16.5,1213.9,4012.51,10.0,2.0,2.5,NR5G-SA,n79,-101,-101,-10,18,-999,6.0
2026-05-28 11:16:46.312,2026-05-28 11:31:32.767,22.6559912,114.5106099,50.0,10.0,-0.04,233.4,32.4,16.5,1212.8,4015.01,10.0,2.0,2.5,NR5G-SA,n79,-102,-102,-10,18,-999,5.4
2026-05-28 11:16:46.512,2026-05-28 11:31:32.767,22.6559780,114.5105902,50.0,10.0,0.04,233.4,32.4,16.5,1211.8,4017.51,10.0,2.0,2.5,NR5G-SA,n79,-102,-102,-10,18,-999,8.0
2026-05-28 11:16:46.713,2026-05-28 11:31:32.967,22.6559780,114.5105902,50.0,10.0,0.04,233.4,30.6,16.5,1211.8,4017.51,10.0,2.0,2.5,NR5G-SA,n79,-102,-102,-10,18,-999,14.0
2026-05-28 11:16:46.913,2026-05-28 11:31:33.167,22.6559648,114.5105705,50.0,10.0,0.03,233.2,30.6,16.5,1210.8,4020.01,10.0,2.0,2.5,NR5G-SA,n79,-101,-101,-10,18,-999,9.4
2026-05-28 11:16:47.113,2026-05-28 11:31:33.567,22.6559516,114.5105506,50.0,10.1,-0.01,233.2,30.6,20.3,1209.7,4022.53,10.0,2.0,2.5,NR5G-SA,n79,-101,-101,-10,18,-999,6.2
2026-05-28 11:16:47.314,2026-05-28 11:31:33.767,22.6559386,114.5105307,50.0,10.1,0.01,233.3,30.6,20.3,1208.7,4025.03,10.0,2.0,2.5,NR5G-SA,n79,-101,-101,-10,18,-999,4.8
2026-05-28 11:16:47.514,2026-05-28 11:31:33.767,22.6559255,114.5105107,50.0,10.1,-0.03,233.3,30.6,20.3,1207.6,4027.55,10.0,2.0,2.5,NR5G-SA,n79,-103,-103,-11,18,-999,8.3
2026-05-28 11:16:47.715,2026-05-28 11:31:33.967,22.6559255,114.5105107,50.0,10.1,-0.03,233.3,38.5,20.3,1207.6,4027.55,10.0,2.0,2.5,NR5G-SA,n79,-103,-103,-11,18,-999,15.6
2026-05-28 11:16:47.915,2026-05-28 11:31:34.167,22.6559123,114.5104908,50.0,10.1,0.02,233.2,38.5,20.3,1206.6,4030.07,10.0,2.0,2.5,NR5G-SA,n79,-99,-99,-10,18,-999,8.8
2026-05-28 11:16:48.115,2026-05-28 11:31:34.567,22.6558990,114.5104709,50.0,10.0,-0.02,233.0,38.5,20.0,1205.6,4032.59,10.0,2.0,2.5,NR5G-SA,n79,-99,-99,-10,18,-999,5.7
2026-05-28 11:16:48.316,2026-05-28 11:31:34.767,22.6558858,114.5104510,50.1,10.0,-0.04,233.0,38.5,20.0,1204.5,4035.11,10.0,2.0,2.5,NR5G-SA,n79,-99,-99,-10,18,-999,5.9
2026-05-28 11:16:48.516,2026-05-28 11:31:34.767,22.6558726,114.5104311,50.1,10.0,-0.06,233.1,38.5,20.0,1203.5,4037.63,10.0,2.0,2.5,NR5G-SA,n79,-104,-104,-11,19,-999,8.5
2026-05-28 11:16:48.716,2026-05-28 11:31:34.967,22.6558726,114.5104311,50.1,10.0,-0.06,233.1,22.6,20.0,1203.5,4037.63,10.0,2.0,2.5,NR5G-SA,n79,-104,-104,-11,19,-999,13.4
2026-05-28 11:16:48.917,2026-05-28 11:31:35.167,22.6558595,114.5104113,50.1,9.9,-0.14,233.3,22.6,20.0,1202.5,4040.13,10.0,2.0,2.5,NR5G-SA,n79,-104,-104,-11,19,-999,7.7
2026-05-28 11:16:49.117,2026-05-28 11:31:35.567,22.6558465,114.5103916,50.0,9.9,-0.11,233.5,22.6,21.0,1201.5,4042.62,10.0,2.0,2.5,NR5G-SA,n79,-104,-104,-10,18,-999,4.2
2026-05-28 11:16:49.318,2026-05-28 11:31:35.767,22.6558335,114.5103719,50.0,9.9,0.00,233.6,22.6,21.0,1200.5,4045.11,10.0,2.0,2.5,NR5G-SA,n79,-104,-104,-10,18,-999,6.8
2026-05-28 11:16:49.518,2026-05-28 11:31:35.767,22.6558204,114.5103522,50.0,9.9,-0.02,233.5,22.6,21.0,1199.5,4047.60,10.0,2.0,2.5,NR5G-SA,n79,-104,-104,-10,18,-999,7.9
2026-05-28 11:16:49.718,2026-05-28 11:31:35.967,22.6558204,114.5103522,50.0,9.9,-0.02,233.5,43.8,21.0,1199.5,4047.60,10.0,2.0,2.5,NR5G-SA,n79,-101,-101,-10,17,-999,14.1
2026-05-28 11:16:49.919,2026-05-28 11:31:36.167,22.6558074,114.5103327,50.0,9.9,-0.08,233.5,43.8,21.0,1198.5,4050.07,10.0,2.0,2.5,NR5G-SA,n79,-101,-101,-10,17,-999,8.6
2026-05-28 11:16:50.119,2026-05-28 11:31:36.567,22.6557944,114.5103131,50.0,9.9,-0.06,233.5,43.8,21.9,1197.6,4052.55,10.0,2.0,2.5,NR5G-SA,n79,-101,-101,-10,17,-999,5.0
2026-05-28 11:16:50.319,2026-05-28 11:31:36.767,22.6557813,114.5102937,50.0,9.9,-0.09,233.7,43.8,21.9,1196.6,4055.02,10.0,2.0,2.5,NR5G-SA,n79,-105,-105,-11,17,-999,6.6
2026-05-28 11:16:50.520,2026-05-28 11:31:36.767,22.6557682,114.5102741,50.0,9.9,-0.07,233.8,43.8,21.9,1195.7,4057.51,10.0,2.0,2.5,NR5G-SA,n79,-105,-105,-11,17,-999,7.9
2026-05-28 11:16:50.720,2026-05-28 11:31:36.967,22.6557682,114.5102741,50.0,9.9,-0.07,233.8,43.8,21.9,1195.7,4057.51,10.0,2.0,2.5,NR5G-SA,n79,-107,-107,-11,17,-999,13.2
2026-05-28 11:16:50.920,2026-05-28 11:31:37.167,22.6557550,114.5102544,50.0,9.9,-0.06,234.0,22.9,21.9,1194.7,4060.01,10.0,2.0,2.5,NR5G-SA,n79,-107,-107,-11,17,-999,8.2
2026-05-28 11:16:51.121,2026-05-28 11:31:37.567,22.6557418,114.5102347,50.0,9.9,-0.05,234.2,22.9,24.0,1193.7,4062.51,10.0,2.0,2.5,NR5G-SA,n79,-107,-107,-11,17,-999,6.4
2026-05-28 11:16:51.321,2026-05-28 11:31:37.767,22.6557287,114.5102149,50.0,10.0,-0.07,234.4,22.9,24.0,1192.8,4065.01,10.0,2.0,2.5,NR5G-SA,n79,-102,-102,-11,16,-999,5.3
2026-05-28 11:16:51.521,2026-05-28 11:31:37.767,22.6557156,114.5101952,50.0,10.0,-0.04,234.5,22.9,24.0,1191.8,4067.51,10.0,2.0,2.5,NR5G-SA,n79,-102,-102,-11,16,-999,8.5
2026-05-28 11:16:51.722,2026-05-28 11:31:37.967,22.6557156,114.5101952,50.0,10.0,-0.04,234.5,0.0,24.0,1191.8,4067.51,10.0,2.0,2.5,NR5G-SA,n79,-102,-102,-11,16,-999,14.6
2026-05-28 11:16:51.922,2026-05-28 11:31:38.167,22.6557025,114.5101756,50.0,10.0,-0.04,234.4,0.0,24.0,1190.9,4069.99,10.0,2.0,2.5,NR5G-SA,n79,-97,-97,-10,16,-999,7.1
2026-05-28 11:16:52.122,2026-05-28 11:31:38.567,22.6556893,114.5101560,50.0,10.0,0.00,234.2,0.0,22.2,1189.9,4072.49,10.0,2.0,2.5,NR5G-SA,n79,-97,-97,-10,16,-999,5.3
2026-05-28 11:16:52.323,2026-05-28 11:31:38.767,22.6556761,114.5101364,50.0,10.0,0.03,233.9,0.0,22.2,1189.0,4074.98,10.0,2.0,2.5,NR5G-SA,n79,-97,-97,-10,16,-999,5.4
2026-05-28 11:16:52.523,2026-05-28 11:31:38.967,22.6556628,114.5101167,50.0,10.0,0.08,233.9,0.0,22.2,1188.1,4077.49,10.0,2.0,2.5,NR5G-SA,n79,-104,-104,-10,17,-999,3.8
2026-05-28 11:16:52.723,2026-05-28 11:31:38.967,22.6556628,114.5101167,50.0,10.0,0.08,233.9,0.0,22.2,1188.1,4077.49,10.0,2.0,2.5,NR5G-SA,n79,-104,-104,-10,17,-999,15.9
2026-05-28 11:16:52.924,2026-05-28 11:31:39.167,22.6556495,114.5100968,50.1,10.1,0.04,234.0,0.8,22.2,1187.2,4080.01,10.0,2.0,2.5,NR5G-SA,n79,-103,-103,-11,18,-999,7.0
2026-05-28 11:16:53.124,2026-05-28 11:31:39.567,22.6556363,114.5100768,50.1,10.1,-0.02,234.0,0.8,22.2,1186.2,4082.54,10.0,2.0,2.5,NR5G-SA,n79,-103,-103,-11,18,-999,8.7
2026-05-28 11:16:53.324,2026-05-28 11:31:39.767,22.6556232,114.5100568,50.1,10.1,-0.07,234.2,0.8,22.2,1185.3,4085.06,10.0,2.0,2.5,NR5G-SA,n79,-103,-103,-11,18,-999,5.5
2026-05-28 11:16:53.525,2026-05-28 11:31:39.767,22.6556102,114.5100369,50.0,10.0,-0.12,234.3,0.8,22.2,1184.3,4087.56,10.0,2.0,2.5,NR5G-SA,n79,-103,-103,-11,17,-999,7.9
2026-05-28 11:16:53.725,2026-05-28 11:31:39.967,22.6556102,114.5100369,50.0,10.0,-0.12,234.3,0.8,22.2,1184.3,4087.56,10.0,2.0,2.5,NR5G-SA,n79,-103,-103,-11,17,-999,14.1
2026-05-28 11:16:53.925,2026-05-28 11:31:40.167,22.6555971,114.5100171,50.0,10.0,-0.11,234.3,0.0,22.2,1183.4,4090.06,10.0,2.0,2.5,NR5G-SA,n79,-103,-103,-11,17,-999,7.2
2026-05-28 11:16:54.126,2026-05-28 11:31:40.567,22.6555840,114.5099974,49.9,10.0,-0.02,234.4,0.0,21.2,1182.5,4092.56,10.0,2.0,2.5,NR5G-SA,n79,-100,-100,-10,17,-999,6.8
2026-05-28 11:16:54.326,2026-05-28 11:31:40.767,22.6555709,114.5099778,49.9,10.0,0.06,234.5,0.0,21.2,1181.6,4095.04,10.0,2.0,2.5,NR5G-SA,n79,-100,-100,-10,17,-999,7.1
2026-05-28 11:16:54.527,2026-05-28 11:31:40.967,22.6555578,114.5099579,50.0,10.0,0.07,234.7,0.0,21.2,1180.7,4097.55,10.0,2.0,2.5,NR5G-SA,n79,-100,-100,-10,17,-999,4.7
2026-05-28 11:16:54.727,2026-05-28 11:31:40.967,22.6555448,114.5099380,50.0,10.0,0.07,234.9,0.0,21.2,1179.8,4100.06,10.0,2.0,2.5,NR5G-SA,n79,-102,-102,-10,17,-999,14.1
2026-05-28 11:16:54.927,2026-05-28 11:31:41.167,22.6555448,114.5099380,50.0,10.0,0.10,234.9,10.5,21.2,1179.8,4100.06,10.0,2.0,2.5,NR5G-SA,n79,-102,-102,-10,17,-999,9.6
2026-05-28 11:16:55.128,2026-05-28 11:31:41.567,22.6555318,114.5099181,50.0,10.0,0.06,235.0,10.5,21.2,1178.9,4102.56,10.0,2.0,2.5,NR5G-SA,n79,-105,-105,-10,15,-999,6.6
2026-05-28 11:16:55.328,2026-05-28 11:31:41.767,22.6555188,114.5098983,50.0,10.0,0.04,235.0,10.5,20.8,1178.0,4105.06,10.0,2.0,2.5,NR5G-SA,n79,-105,-105,-10,15,-999,6.5
2026-05-28 11:16:55.528,2026-05-28 11:31:41.967,22.6555057,114.5098786,50.0,10.0,0.03,235.3,10.5,20.8,1177.1,4107.55,10.0,2.0,2.5,NR5G-SA,n79,-105,-105,-10,15,-999,8.1
2026-05-28 11:16:55.728,2026-05-28 11:31:41.967,22.6554926,114.5098587,50.0,10.0,0.03,235.6,10.5,20.8,1176.2,4110.07,10.0,2.0,2.5,NR5G-SA,n79,-101,-101,-10,16,-999,16.5
2026-05-28 11:16:55.929,2026-05-28 11:31:42.167,22.6554926,114.5098587,50.0,10.0,-0.06,235.6,0.0,20.8,1176.2,4110.07,10.0,2.0,2.5,NR5G-SA,n79,-101,-101,-10,16,-999,9.6
2026-05-28 11:16:56.129,2026-05-28 11:31:42.567,22.6554795,114.5098389,50.0,10.0,0.00,235.8,0.0,20.8,1175.3,4112.57,10.0,2.0,2.5,NR5G-SA,n79,-101,-101,-10,16,-999,6.4
2026-05-28 11:16:56.329,2026-05-28 11:31:42.767,22.6554663,114.5098191,50.0,10.0,-0.03,235.9,0.0,18.8,1174.4,4115.08,10.0,2.0,2.5,NR5G-SA,n79,-104,-104,-11,16,-999,5.9
2026-05-28 11:16:56.530,2026-05-28 11:31:42.767,22.6554532,114.5097993,50.0,10.0,0.03,235.7,0.0,18.8,1173.6,4117.58,10.0,2.0,2.5,NR5G-SA,n79,-104,-104,-11,16,-999,7.7
2026-05-28 11:16:56.730,2026-05-28 11:31:42.967,22.6554400,114.5097797,50.0,10.0,0.03,235.4,0.0,18.8,1172.7,4120.07,10.0,2.0,2.5,NR5G-SA,n79,-104,-104,-11,16,-999,13.7
2026-05-28 11:16:56.930,2026-05-28 11:31:43.167,22.6554400,114.5097797,50.0,10.0,-0.02,235.4,20.9,18.8,1172.7,4120.07,10.0,2.0,2.5,NR5G-SA,n79,-103,-103,-11,17,-999,9.0
2026-05-28 11:16:57.131,2026-05-28 11:31:43.567,22.6554267,114.5097600,50.0,9.9,0.04,235.1,20.9,18.8,1171.9,4122.58,10.0,2.0,2.5,NR5G-SA,n79,-103,-103,-11,17,-999,6.9
2026-05-28 11:16:57.331,2026-05-28 11:31:43.767,22.6554135,114.5097405,50.0,10.0,0.04,235.0,20.9,18.0,1171.1,4125.07,10.0,2.0,2.5,NR5G-SA,n79,-105,-105,-11,16,-999,5.4
2026-05-28 11:16:57.531,2026-05-28 11:31:43.767,22.6554005,114.5097209,50.0,9.9,0.06,235.2,20.9,18.0,1170.2,4127.54,10.0,2.0,2.5,NR5G-SA,n79,-105,-105,-11,16,-999,6.6
2026-05-28 11:16:57.732,2026-05-28 11:31:43.967,22.6554005,114.5097209,50.0,9.9,0.06,235.2,20.9,18.0,1170.2,4127.54,10.0,2.0,2.5,NR5G-SA,n79,-105,-105,-11,16,-999,17.3
2026-05-28 11:16:57.932,2026-05-28 11:31:44.167,22.6553875,114.5097013,50.0,10.0,0.02,235.5,39.4,18.0,1169.4,4130.02,10.0,2.0,2.5,NR5G-SA,n79,-103,-103,-11,16,-999,10.3
2026-05-28 11:16:58.133,2026-05-28 11:31:44.567,22.6553745,114.5096815,50.0,10.0,0.03,235.9,39.4,18.0,1168.5,4132.52,10.0,2.0,2.5,NR5G-SA,n79,-103,-103,-11,16,-999,7.2
2026-05-28 11:16:58.333,2026-05-28 11:31:44.767,22.6553614,114.5096617,50.0,10.0,0.03,236.2,39.4,18.7,1167.7,4135.02,10.0,2.0,2.5,NR5G-SA,n79,-103,-103,-11,16,-999,7.2
2026-05-28 11:16:58.533,2026-05-28 11:31:44.967,22.6553483,114.5096419,50.0,10.0,0.03,236.2,39.4,18.7,1166.9,4137.53,10.0,2.0,2.5,NR5G-SA,n79,-98,-98,-11,16,-999,6.5
2026-05-28 11:16:58.734,2026-05-28 11:31:44.967,22.6553483,114.5096419,50.0,10.0,0.03,236.2,39.4,18.7,1166.9,4137.53,10.0,2.0,2.5,NR5G-SA,n79,-98,-98,-11,16,-999,16.4
2026-05-28 11:16:58.934,2026-05-28 11:31:45.167,22.6553352,114.5096222,50.0,10.0,0.02,236.3,28.8,18.7,1166.0,4140.02,10.0,2.0,2.5,NR5G-SA,n79,-98,-98,-11,16,-999,9.1
2026-05-28 11:16:59.135,2026-05-28 11:31:45.567,22.6553221,114.5096026,50.0,9.9,0.05,236.3,28.8,18.7,1165.2,4142.51,10.0,2.0,2.5,NR5G-SA,n79,-97,-97,-10,15,-999,6.3
2026-05-28 11:16:59.335,2026-05-28 11:31:45.767,22.6553090,114.5095829,49.9,10.0,-0.03,236.4,28.8,19.8,1164.4,4145.00,10.0,2.0,2.5,NR5G-SA,n79,-97,-97,-10,15,-999,5.3
2026-05-28 11:16:59.535,2026-05-28 11:31:45.967,22.6552959,114.5095633,49.9,10.0,0.04,236.3,28.8,19.8,1163.6,4147.49,10.0,2.0,2.5,NR5G-SA,n79,-100,-100,-11,16,-999,7.5
2026-05-28 11:16:59.736,2026-05-28 11:31:45.967,22.6552827,114.5095436,49.9,10.0,0.05,236.4,28.8,19.8,1162.8,4149.99,10.0,2.0,2.5,NR5G-SA,n79,-100,-100,-11,16,-999,16.4
2026-05-28 11:16:59.936,2026-05-28 11:31:46.167,22.6552827,114.5095436,49.9,10.0,0.05,236.4,34.4,19.8,1162.8,4149.99,10.0,2.0,2.5,NR5G-SA,n79,-100,-100,-11,16,-999,10.5
2026-05-28 11:17:00.136,2026-05-28 11:31:46.567,22.6552696,114.5095238,49.9,10.0,0.16,236.6,34.4,19.8,1162.0,4152.49,10.0,2.0,2.5,NR5G-SA,n79,-100,-100,-11,16,-999,6.0
2026-05-28 11:17:00.337,2026-05-28 11:31:46.767,22.6552566,114.5095042,49.9,10.0,0.16,236.8,34.4,21.1,1161.2,4154.97,10.0,2.0,2.5,NR5G-SA,n79,-100,-100,-11,16,-999,5.3
2026-05-28 11:17:00.537,2026-05-28 11:31:46.767,22.6552436,114.5094845,49.9,10.0,0.17,237.1,34.4,21.1,1160.5,4157.46,10.0,2.0,2.5,NR5G-SA,n79,-100,-100,-11,16,-999,7.9
2026-05-28 11:17:00.737,2026-05-28 11:31:46.967,22.6552306,114.5094647,50.0,10.0,0.12,237.1,34.4,21.1,1159.7,4159.96,10.0,2.0,2.5,NR5G-SA,n79,-99,-99,-10,17,-999,10.7
2026-05-28 11:17:00.938,2026-05-28 11:31:47.167,22.6552306,114.5094647,50.0,10.0,0.12,237.1,35.4,21.1,1159.7,4159.96,10.0,2.0,2.5,NR5G-SA,n79,-99,-99,-10,17,-999,8.4
2026-05-28 11:17:01.138,2026-05-28 11:31:47.567,22.6552174,114.5094448,50.0,10.0,0.17,237.1,35.4,21.1,1158.9,4162.47,10.0,2.0,2.5,NR5G-SA,n79,-99,-99,-10,17,-999,5.4
2026-05-28 11:17:01.339,2026-05-28 11:31:47.767,22.6552041,114.5094250,50.0,10.1,-0.08,237.0,35.4,23.1,1158.1,4164.99,10.0,2.0,2.5,NR5G-SA,n79,-103,-103,-11,17,-999,5.4
2026-05-28 11:17:01.539,2026-05-28 11:31:47.967,22.6551908,114.5094051,50.0,10.1,-0.04,236.8,35.4,23.1,1157.3,4167.51,10.0,2.0,2.5,NR5G-SA,n79,-103,-103,-11,17,-999,7.2
2026-05-28 11:17:01.739,2026-05-28 11:31:47.967,22.6551776,114.5093852,50.0,10.1,0.05,237.0,35.4,23.1,1156.6,4170.03,10.0,2.0,2.5,NR5G-SA,n79,-105,-105,-11,16,-999,14.2
2026-05-28 11:17:01.940,2026-05-28 11:31:48.167,22.6551776,114.5093852,50.0,10.1,0.05,237.0,28.2,23.1,1156.6,4170.03,10.0,2.0,2.5,NR5G-SA,n79,-105,-105,-11,16,-999,9.5
2026-05-28 11:17:02.140,2026-05-28 11:31:48.567,22.6551644,114.5093653,50.0,10.0,0.14,237.0,28.2,23.1,1155.8,4172.55,10.0,2.0,2.5,NR5G-SA,n79,-105,-105,-11,16,-999,6.2
2026-05-28 11:17:02.340,2026-05-28 11:31:48.767,22.6551513,114.5093455,50.0,10.1,0.07,236.8,28.2,24.2,1155.0,4175.05,10.0,2.0,2.5,NR5G-SA,n79,-99,-99,-10,16,-999,5.8
2026-05-28 11:17:02.541,2026-05-28 11:31:48.967,22.6551379,114.5093258,50.0,10.0,0.03,236.6,28.2,24.2,1154.3,4177.57,10.0,2.0,2.5,NR5G-SA,n79,-99,-99,-10,16,-999,5.4
2026-05-28 11:17:02.741,2026-05-28 11:31:48.967,22.6551246,114.5093060,50.0,10.1,-0.01,236.3,28.2,24.2,1153.6,4180.08,10.0,2.0,2.5,NR5G-SA,n79,-99,-99,-10,16,-999,12.3
2026-05-28 11:17:02.941,2026-05-28 11:31:49.167,22.6551246,114.5093060,50.0,10.1,-0.01,236.3,40.2,24.2,1153.6,4180.08,10.0,2.0,2.5,NR5G-SA,n79,-102,-102,-11,16,-999,10.0
2026-05-28 11:17:03.142,2026-05-28 11:31:49.567,22.6551114,114.5092863,50.0,10.1,-0.01,236.2,40.2,24.2,1152.8,4182.58,10.0,2.0,2.5,NR5G-SA,n79,-102,-102,-11,16,-999,7.2
2026-05-28 11:17:03.342,2026-05-28 11:31:49.767,22.6550982,114.5092664,50.0,10.0,0.11,236.1,40.2,24.2,1152.1,4185.10,10.0,2.0,2.5,NR5G-SA,n79,-102,-102,-11,16,-999,5.3
2026-05-28 11:17:03.542,2026-05-28 11:31:49.967,22.6550850,114.5092466,49.9,10.0,-0.02,236.2,40.2,23.9,1151.4,4187.61,10.0,2.0,2.5,NR5G-SA,n79,-106,-106,-11,15,-999,4.8
2026-05-28 11:17:03.743,2026-05-28 11:31:49.967,22.6550720,114.5092267,49.9,10.0,0.04,236.3,40.2,23.9,1150.6,4190.11,10.0,2.0,2.5,NR5G-SA,n79,-106,-106,-11,15,-999,10.8
2026-05-28 11:17:03.943,2026-05-28 11:31:50.167,22.6550720,114.5092267,49.9,10.0,0.04,236.3,19.5,23.9,1150.6,4190.11,10.0,2.0,2.5,NR5G-SA,n79,-103,-103,-11,16,-999,6.8
2026-05-28 11:17:04.143,2026-05-28 11:31:50.567,22.6550589,114.5092068,49.9,10.0,0.07,236.4,19.5,23.9,1149.9,4192.62,10.0,2.0,2.5,NR5G-SA,n79,-103,-103,-11,16,-999,6.6
2026-05-28 11:17:04.344,2026-05-28 11:31:50.767,22.6550458,114.5091869,49.9,10.0,0.02,236.2,19.5,23.9,1149.2,4195.14,10.0,2.0,2.5,NR5G-SA,n79,-103,-103,-11,16,-999,6.8
2026-05-28 11:17:04.544,2026-05-28 11:31:50.967,22.6550327,114.5091671,49.9,10.0,0.10,236.0,19.5,24.2,1148.5,4197.64,10.0,2.0,2.5,NR5G-SA,n79,-102,-102,-11,16,-999,6.9
2026-05-28 11:17:04.744,2026-05-28 11:31:50.967,22.6550196,114.5091474,50.0,10.0,0.07,235.7,19.5,24.2,1147.8,4200.13,10.0,2.0,2.5,NR5G-SA,n79,-102,-102,-11,16,-999,11.2
2026-05-28 11:17:04.945,2026-05-28 11:31:51.167,22.6550196,114.5091474,50.0,10.0,0.07,235.7,0.0,24.2,1147.8,4200.13,10.0,2.0,2.5,NR5G-SA,n79,-102,-102,-11,16,-999,7.6
2026-05-28 11:17:05.145,2026-05-28 11:31:51.567,22.6550064,114.5091277,50.0,10.0,0.10,235.5,0.0,24.2,1147.1,4202.63,10.0,2.0,2.5,NR5G-SA,n79,-102,-102,-11,15,-999,5.4
2026-05-28 11:17:05.346,2026-05-28 11:31:51.767,22.6549932,114.5091081,50.0,10.0,0.03,235.4,0.0,24.2,1146.4,4205.13,10.0,2.0,2.5,NR5G-SA,n79,-102,-102,-11,15,-999,6.1
2026-05-28 11:17:05.546,2026-05-28 11:31:51.967,22.6549800,114.5090885,50.0,10.0,0.01,235.2,0.0,26.2,1145.7,4207.62,10.0,2.0,2.5,NR5G-SA,n79,-102,-102,-11,15,-999,5.5
2026-05-28 11:17:05.746,2026-05-28 11:31:51.967,22.6549669,114.5090688,50.0,10.0,0.01,235.1,0.0,26.2,1145.0,4210.11,10.0,2.0,2.5,NR5G-SA,n79,-99,-99,-10,16,-999,12.6
2026-05-28 11:17:05.947,2026-05-28 11:31:52.167,22.6549669,114.5090688,50.0,10.0,0.01,235.1,8.5,26.2,1145.0,4210.11,10.0,2.0,2.5,NR5G-SA,n79,-99,-99,-10,16,-999,8.0
2026-05-28 11:17:06.147,2026-05-28 11:31:52.567,22.6549538,114.5090491,50.0,10.0,-0.00,234.5,8.5,26.2,1144.4,4212.61,10.0,2.0,2.5,NR5G-SA,n79,-103,-103,-11,16,-999,6.4
2026-05-28 11:17:06.347,2026-05-28 11:31:52.767,22.6549406,114.5090294,50.0,10.0,0.06,234.1,8.5,26.2,1143.7,4215.11,10.0,2.0,2.5,NR5G-SA,n79,-103,-103,-11,16,-999,5.6
2026-05-28 11:17:06.548,2026-05-28 11:31:52.967,22.6549275,114.5090096,50.0,10.0,0.02,233.8,8.5,25.4,1143.0,4217.61,10.0,2.0,2.5,NR5G-SA,n79,-103,-103,-11,16,-999,5.3
2026-05-28 11:17:06.748,2026-05-28 11:31:52.967,22.6549143,114.5089898,50.0,10.1,0.03,233.4,8.5,25.4,1142.4,4220.12,10.0,2.0,2.5,NR5G-SA,n79,-98,-98,-10,17,-999,12.5
2026-05-28 11:17:06.948,2026-05-28 11:31:53.167,22.6549143,114.5089898,50.0,10.1,0.03,233.4,0.0,25.4,1142.4,4220.12,10.0,2.0,2.5,NR5G-SA,n79,-98,-98,-10,17,-999,10.2
2026-05-28 11:17:07.149,2026-05-28 11:31:53.567,22.6549012,114.5089700,50.0,10.0,-0.01,233.1,0.0,25.4,1141.7,4222.62,10.0,2.0,2.5,NR5G-SA,n79,-98,-98,-10,17,-999,5.3
2026-05-28 11:17:07.349,2026-05-28 11:31:53.767,22.6548880,114.5089502,50.0,10.0,-0.03,233.0,0.0,25.4,1141.0,4225.13,10.0,2.0,2.5,NR5G-SA,n79,-103,-103,-10,17,-999,6.5
2026-05-28 11:17:07.550,2026-05-28 11:31:53.967,22.6548747,114.5089303,50.0,10.0,-0.03,232.9,0.0,25.5,1140.4,4227.66,10.0,2.0,2.5,NR5G-SA,n79,-103,-103,-10,17,-999,6.8
2026-05-28 11:17:07.750,2026-05-28 11:31:53.967,22.6548614,114.5089104,50.0,10.1,-0.01,232.8,0.0,25.5,1139.7,4230.18,10.0,2.0,2.5,NR5G-SA,n79,-103,-103,-10,17,-999,11.1
2026-05-28 11:17:07.950,2026-05-28 11:31:54.167,22.6548614,114.5089104,50.0,10.1,-0.01,232.8,3.8,25.5,1139.7,4230.18,10.0,2.0,2.5,NR5G-SA,n79,-99,-99,-10,16,-999,8.6
2026-05-28 11:17:08.151,2026-05-28 11:31:54.567,22.6548482,114.5088906,50.0,10.0,-0.04,232.8,3.8,25.5,1139.1,4232.69,10.0,2.0,2.5,NR5G-SA,n79,-99,-99,-10,16,-999,5.3
2026-05-28 11:17:08.351,2026-05-28 11:31:54.767,22.6548351,114.5088710,50.0,10.0,0.05,232.8,3.8,25.5,1138.5,4235.18,10.0,2.0,2.5,NR5G-SA,n79,-99,-99,-10,16,-999,4.6
2026-05-28 11:17:08.551,2026-05-28 11:31:54.967,22.6548219,114.5088512,50.0,10.0,0.02,232.6,3.8,26.6,1137.9,4237.69,10.0,2.0,2.5,NR5G-SA,n79,-98,-98,-10,18,-999,4.3
2026-05-28 11:17:08.752,2026-05-28 11:31:54.967,22.6548088,114.5088316,50.0,10.0,-0.05,232.5,3.8,26.6,1137.2,4240.17,10.0,2.0,2.5,NR5G-SA,n79,-98,-98,-10,18,-999,7.9
2026-05-28 11:17:08.952,2026-05-28 11:31:55.167,22.6548088,114.5088316,50.0,10.0,-0.05,232.5,13.9,26.6,1137.2,4240.17,10.0,2.0,2.5,NR5G-SA,n79,-104,-104,-11,18,-999,10.1
2026-05-28 11:17:09.152,2026-05-28 11:31:55.567,22.6547956,114.5088119,50.0,10.0,0.05,232.5,13.9,26.6,1136.6,4242.67,10.0,2.0,2.5,NR5G-SA,n79,-104,-104,-11,18,-999,8.5
2026-05-28 11:17:09.353,2026-05-28 11:31:55.767,22.6547823,114.5087922,50.0,10.0,0.00,232.3,13.9,26.6,1136.0,4245.18,10.0,2.0,2.5,NR5G-SA,n79,-104,-104,-11,18,-999,6.4
2026-05-28 11:17:09.553,2026-05-28 11:31:55.967,22.6547691,114.5087725,50.0,10.0,0.05,232.2,13.9,27.1,1135.4,4247.68,10.0,2.0,2.5,NR5G-SA,n79,-102,-102,-10,18,-999,4.9
2026-05-28 11:17:09.753,2026-05-28 11:31:55.967,22.6547560,114.5087526,50.0,10.0,-0.02,232.2,13.9,27.1,1134.8,4250.19,10.0,2.0,2.5,NR5G-SA,n79,-102,-102,-10,18,-999,10.9
2026-05-28 11:17:09.954,2026-05-28 11:31:56.167,22.6547560,114.5087526,50.0,10.0,-0.02,232.2,0.0,27.1,1134.8,4250.19,10.0,2.0,2.5,NR5G-SA,n79,-102,-102,-10,18,-999,7.5
2026-05-28 11:17:10.154,2026-05-28 11:31:56.567,22.6547428,114.5087328,50.0,10.0,-0.03,232.3,0.0,27.1,1134.2,4252.70,10.0,2.0,2.5,NR5G-SA,n79,-103,-103,-10,17,-999,8.5
2026-05-28 11:17:10.354,2026-05-28 11:31:56.767,22.6547297,114.5087130,50.0,10.0,-0.06,232.4,0.0,27.1,1133.6,4255.21,10.0,2.0,2.5,NR5G-SA,n79,-103,-103,-10,17,-999,5.5
2026-05-28 11:17:10.555,2026-05-28 11:31:56.967,22.6547166,114.5086933,50.0,9.9,0.05,232.8,0.0,24.2,1133.1,4257.70,10.0,2.0,2.5,NR5G-SA,n79,-103,-103,-10,17,-999,5.7
2026-05-28 11:17:10.755,2026-05-28 11:31:56.967,22.6547036,114.5086735,50.0,9.9,-0.06,233.1,0.0,24.2,1132.5,4260.20,10.0,2.0,2.5,NR5G-SA,n79,-103,-103,-10,17,-999,10.2
2026-05-28 11:17:10.955,2026-05-28 11:31:57.167,22.6547036,114.5086735,50.0,9.9,-0.06,233.1,40.7,24.2,1132.5,4260.20,10.0,2.0,2.5,NR5G-SA,n79,-103,-103,-10,17,-999,10.8
2026-05-28 11:17:11.156,2026-05-28 11:31:57.567,22.6546906,114.5086537,50.0,10.0,-0.04,233.6,40.7,24.2,1131.9,4262.69,10.0,2.0,2.5,NR5G-SA,n79,-101,-101,-10,18,-999,7.7
2026-05-28 11:17:11.356,2026-05-28 11:31:57.767,22.6546775,114.5086340,49.9,10.0,-0.08,234.2,40.7,24.2,1131.3,4265.19,10.0,2.0,2.5,NR5G-SA,n79,-101,-101,-10,18,-999,5.7
2026-05-28 11:17:11.556,2026-05-28 11:31:57.967,22.6546644,114.5086142,49.9,10.0,0.07,234.8,40.7,24.2,1130.7,4267.69,10.0,2.0,2.5,NR5G-SA,n79,-101,-101,-10,18,-999,6.4
2026-05-28 11:17:11.757,2026-05-28 11:31:58.167,22.6546513,114.5085945,50.0,10.0,0.12,235.0,40.7,24.3,1130.2,4270.18,10.0,2.0,2.5,NR5G-SA,n79,-98,-98,-10,17,-999,5.4
2026-05-28 11:17:11.957,2026-05-28 11:31:58.167,22.6546513,114.5085945,50.0,10.0,0.12,235.0,46.8,24.3,1130.2,4270.18,10.0,2.0,2.5,NR5G-SA,n79,-98,-98,-10,17,-999,11.1
2026-05-28 11:17:12.157,2026-05-28 11:31:58.567,22.6546381,114.5085747,50.0,10.0,-0.04,234.9,46.8,24.3,1129.6,4272.69,10.0,2.0,2.5,NR5G-SA,n79,-98,-98,-10,17,-999,7.2
2026-05-28 11:17:12.358,2026-05-28 11:31:58.767,22.6546250,114.5085550,50.0,10.0,0.03,234.7,46.8,24.3,1129.1,4275.19,10.0,2.0,2.5,NR5G-SA,n79,-96,-96,-10,17,-999,5.8
2026-05-28 11:17:12.558,2026-05-28 11:31:58.967,22.6546118,114.5085352,50.0,10.0,0.00,234.8,46.8,24.3,1128.5,4277.70,10.0,2.0,2.5,NR5G-SA,n79,-96,-96,-10,17,-999,6.8
2026-05-28 11:17:12.758,2026-05-28 11:31:58.967,22.6545988,114.5085155,50.0,10.0,0.03,234.9,46.8,22.8,1128.0,4280.19,10.0,2.0,2.5,NR5G-SA,n79,-96,-96,-10,17,-999,12.4
2026-05-28 11:17:12.959,2026-05-28 11:31:59.167,22.6545988,114.5085155,50.0,10.0,0.03,234.9,0.0,22.8,1128.0,4280.19,10.0,2.0,2.5,NR5G-SA,n79,-104,-104,-11,17,-999,7.7
2026-05-28 11:17:13.159,2026-05-28 11:31:59.567,22.6545856,114.5084956,50.0,10.0,-0.03,235.1,0.0,22.8,1127.4,4282.70,10.0,2.0,2.5,NR5G-SA,n79,-104,-104,-11,17,-999,5.1
2026-05-28 11:17:13.359,2026-05-28 11:31:59.767,22.6545725,114.5084758,50.0,10.0,-0.01,235.2,0.0,22.8,1126.9,4285.21,10.0,2.0,2.5,NR5G-SA,n79,-104,-104,-11,17,-999,6.1
2026-05-28 11:17:13.560,2026-05-28 11:31:59.967,22.6545594,114.5084561,50.0,10.0,0.01,235.2,0.0,22.8,1126.4,4287.70,10.0,2.0,2.5,NR5G-SA,n79,-104,-104,-11,17,-999,5.7
2026-05-28 11:17:13.760,2026-05-28 11:31:59.967,22.6545462,114.5084363,50.0,10.0,-0.02,235.1,0.0,20.8,1125.9,4290.21,10.0,2.0,2.5,NR5G-SA,n79,-101,-101,-11,18,-999,8.6
2026-05-28 11:17:13.960,2026-05-28 11:32:00.167,22.6545462,114.5084363,50.0,10.0,-0.02,235.1,29.9,20.8,1125.9,4290.21,10.0,2.0,2.5,NR5G-SA,n79,-97,-97,-10,18,-999,9.7
2026-05-28 11:17:14.161,2026-05-28 11:32:00.567,22.6545331,114.5084166,50.0,10.0,0.04,234.9,29.9,20.8,1125.4,4292.70,10.0,2.0,2.5,NR5G-SA,n79,-97,-97,-10,18,-999,5.6
2026-05-28 11:17:14.361,2026-05-28 11:32:00.767,22.6545200,114.5083969,50.0,10.0,-0.02,234.9,29.9,20.8,1124.9,4295.20,10.0,2.0,2.5,NR5G-SA,n79,-97,-97,-10,18,-999,5.8
2026-05-28 11:17:14.561,2026-05-28 11:32:00.967,22.6545069,114.5083772,50.0,9.9,0.07,234.9,29.9,20.8,1124.4,4297.69,10.0,2.0,2.5,NR5G-SA,n79,-101,-101,-10,17,-999,4.5
2026-05-28 11:17:14.762,2026-05-28 11:32:00.967,22.6544937,114.5083576,50.0,10.0,-0.05,234.9,29.9,19.4,1123.9,4300.19,10.0,2.0,2.5,NR5G-SA,n79,-101,-101,-10,17,-999,10.1
2026-05-28 11:17:14.962,2026-05-28 11:32:01.167,22.6544937,114.5083576,50.0,10.0,-0.05,234.9,32.3,19.4,1123.9,4300.19,10.0,2.0,2.5,NR5G-SA,n79,-101,-101,-10,17,-999,9.0
2026-05-28 11:17:15.162,2026-05-28 11:32:01.567,22.6544804,114.5083378,50.0,10.0,-0.03,234.8,32.3,19.4,1123.4,4302.70,10.0,2.0,2.5,NR5G-SA,n79,-103,-103,-10,16,-999,6.2
2026-05-28 11:17:15.363,2026-05-28 11:32:01.767,22.6544672,114.5083182,50.0,10.0,-0.03,234.8,32.3,19.4,1122.9,4305.19,10.0,2.0,2.5,NR5G-SA,n79,-103,-103,-10,16,-999,6.2
2026-05-28 11:17:15.563,2026-05-28 11:32:01.967,22.6544541,114.5082986,50.0,10.0,0.02,234.8,32.3,19.4,1122.5,4307.68,10.0,2.0,2.5,NR5G-SA,n79,-105,-105,-11,17,-999,5.6
2026-05-28 11:17:15.763,2026-05-28 11:32:01.967,22.6544410,114.5082789,50.0,10.0,-0.01,234.8,32.3,18.9,1122.0,4310.17,10.0,2.0,2.5,NR5G-SA,n79,-105,-105,-11,17,-999,11.2
2026-05-28 11:17:15.964,2026-05-28 11:32:02.167,22.6544410,114.5082789,50.0,10.0,-0.01,234.8,37.0,18.9,1122.0,4310.17,10.0,2.0,2.5,NR5G-SA,n79,-105,-105,-11,17,-999,9.7
2026-05-28 11:17:16.164,2026-05-28 11:32:02.567,22.6544279,114.5082590,50.0,10.0,0.00,234.7,37.0,18.9,1121.5,4312.69,10.0,2.0,2.5,NR5G-SA,n79,-100,-100,-10,17,-999,6.6
2026-05-28 11:17:16.365,2026-05-28 11:32:02.767,22.6544148,114.5082393,50.0,10.0,0.04,234.7,37.0,18.9,1121.0,4315.18,10.0,2.0,2.5,NR5G-SA,n79,-100,-100,-10,17,-999,6.9
2026-05-28 11:17:16.565,2026-05-28 11:32:02.967,22.6544017,114.5082196,50.0,10.0,0.01,234.6,37.0,18.9,1120.6,4317.67,10.0,2.0,2.5,NR5G-SA,n79,-100,-100,-10,17,-999,7.8
2026-05-28 11:17:16.765,2026-05-28 11:32:02.967,22.6543885,114.5081997,50.0,10.0,0.03,234.4,37.0,17.1,1120.1,4320.19,10.0,2.0,2.5,NR5G-SA,n79,-102,-102,-10,15,-999,5.4
2026-05-28 11:17:16.966,2026-05-28 11:32:03.167,22.6543885,114.5081997,50.0,10.0,0.03,234.4,26.2,17.1,1120.1,4320.19,10.0,2.0,2.5,NR5G-SA,n79,-102,-102,-10,15,-999,8.2
2026-05-28 11:17:17.166,2026-05-28 11:32:03.567,22.6543752,114.5081800,50.0,10.0,0.01,234.2,26.2,17.1,1119.7,4322.70,10.0,2.0,2.5,NR5G-SA,n79,-102,-102,-10,15,-999,6.0
2026-05-28 11:17:17.366,2026-05-28 11:32:03.767,22.6543620,114.5081602,50.0,10.0,-0.04,234.0,26.2,17.1,1119.2,4325.21,10.0,2.0,2.5,NR5G-SA,n79,-100,-100,-10,15,-999,5.3
2026-05-28 11:17:17.566,2026-05-28 11:32:03.967,22.6543488,114.5081404,50.0,10.0,0.03,233.9,26.2,17.1,1118.8,4327.72,10.0,2.0,2.5,NR5G-SA,n79,-100,-100,-10,15,-999,5.1
2026-05-28 11:17:17.767,2026-05-28 11:32:03.967,22.6543356,114.5081206,50.0,10.0,0.02,233.9,26.2,17.2,1118.4,4330.23,10.0,2.0,2.5,NR5G-SA,n79,-106,-106,-11,15,-999,10.3
2026-05-28 11:17:17.967,2026-05-28 11:32:04.167,22.6543356,114.5081206,50.0,10.0,0.02,233.9,41.1,17.2,1118.4,4330.23,10.0,2.0,2.5,NR5G-SA,n79,-106,-106,-11,15,-999,10.1
2026-05-28 11:17:18.168,2026-05-28 11:32:04.567,22.6543224,114.5081008,50.0,10.0,0.00,233.9,41.1,17.2,1118.0,4332.74,10.0,2.0,2.5,NR5G-SA,n79,-106,-106,-11,15,-999,8.1
2026-05-28 11:17:18.368,2026-05-28 11:32:04.767,22.6543092,114.5080810,50.0,10.0,0.02,234.2,41.1,17.2,1117.5,4335.25,10.0,2.0,2.5,NR5G-SA,n79,-96,-96,-10,15,-999,6.5
2026-05-28 11:17:18.568,2026-05-28 11:32:04.967,22.6542962,114.5080614,50.0,10.0,0.11,234.4,41.1,17.2,1117.1,4337.73,10.0,2.0,2.5,NR5G-SA,n79,-96,-96,-10,15,-999,3.6
2026-05-28 11:17:18.769,2026-05-28 11:32:04.967,22.6542833,114.5080416,50.1,9.9,0.08,234.4,41.1,19.0,1116.7,4340.22,10.0,2.0,2.5,NR5G-SA,n79,-96,-96,-10,15,-999,7.8
2026-05-28 11:17:18.969,2026-05-28 11:32:05.167,22.6542833,114.5080416,50.1,9.9,0.08,234.4,16.0,19.0,1116.7,4340.22,10.0,2.0,2.5,NR5G-SA,n79,-107,-107,-10,14,-999,12.8
2026-05-28 11:17:19.169,2026-05-28 11:32:05.567,22.6542702,114.5080218,50.1,9.9,0.10,234.2,16.0,19.0,1116.3,4342.72,10.0,2.0,2.5,NR5G-SA,n79,-107,-107,-10,14,-999,6.8
2026-05-28 11:17:19.370,2026-05-28 11:32:05.767,22.6542573,114.5080020,50.1,9.9,0.00,233.6,16.0,19.0,1115.9,4345.21,10.0,2.0,2.5,NR5G-SA,n79,-107,-107,-10,14,-999,5.7
2026-05-28 11:17:19.570,2026-05-28 11:32:05.967,22.6542443,114.5079822,50.1,10.0,-0.08,233.3,16.0,19.0,1115.5,4347.70,10.0,2.0,2.5,NR5G-SA,n79,-102,-102,-10,15,-999,4.7
2026-05-28 11:17:19.770,2026-05-28 11:32:05.967,22.6542312,114.5079623,50.1,10.0,-0.04,233.0,16.0,19.0,1115.1,4350.22,10.0,2.0,2.5,NR5G-SA,n79,-102,-102,-10,15,-999,12.2
2026-05-28 11:17:19.971,2026-05-28 11:32:06.167,22.6542312,114.5079623,50.1,10.0,-0.04,233.0,5.3,21.4,1115.1,4350.22,10.0,2.0,2.5,NR5G-SA,n79,-102,-102,-10,15,-999,13.3
2026-05-28 11:17:20.171,2026-05-28 11:32:06.567,22.6542182,114.5079424,50.0,10.0,-0.13,233.2,5.3,21.4,1114.6,4352.72,10.0,2.0,2.5,NR5G-SA,n79,-101,-101,-10,15,-999,8.4
2026-05-28 11:17:20.371,2026-05-28 11:32:06.767,22.6542052,114.5079225,50.0,9.9,0.04,233.5,5.3,21.4,1114.2,4355.23,10.0,2.0,2.5,NR5G-SA,n79,-101,-101,-10,15,-999,6.0
2026-05-28 11:17:20.572,2026-05-28 11:32:06.967,22.6541922,114.5079027,50.0,9.9,-0.03,233.8,5.3,21.4,1113.9,4357.72,10.0,2.0,2.5,NR5G-SA,n79,-101,-101,-10,15,-999,5.0
2026-05-28 11:17:20.772,2026-05-28 11:32:06.967,22.6541792,114.5078829,50.0,10.0,0.01,234.2,5.3,21.4,1113.5,4360.22,10.0,2.0,2.5,NR5G-SA,n79,-101,-101,-10,15,-999,6.5
2026-05-28 11:17:20.972,2026-05-28 11:32:07.167,22.6541792,114.5078829,50.0,10.0,0.01,234.2,0.0,22.0,1113.5,4360.22,10.0,2.0,2.5,NR5G-SA,n79,-107,-107,-11,16,-999,11.7
2026-05-28 11:17:21.173,2026-05-28 11:32:07.567,22.6541660,114.5078631,50.0,9.9,0.03,234.4,0.0,22.0,1113.1,4362.73,10.0,2.0,2.5,NR5G-SA,n79,-103,-103,-11,15,-999,7.9
2026-05-28 11:17:21.373,2026-05-28 11:32:07.767,22.6541529,114.5078434,50.0,9.9,-0.03,234.6,0.0,22.0,1112.8,4365.22,10.0,2.0,2.5,NR5G-SA,n79,-103,-103,-11,15,-999,6.4
2026-05-28 11:17:21.573,2026-05-28 11:32:07.967,22.6541397,114.5078237,50.0,10.0,-0.07,235.1,0.0,22.0,1112.4,4367.72,10.0,2.0,2.5,NR5G-SA,n79,-103,-103,-11,15,-999,5.3
2026-05-28 11:17:21.774,2026-05-28 11:32:07.967,22.6541265,114.5078038,50.0,10.0,-0.02,235.6,0.0,22.0,1112.1,4370.24,10.0,2.0,2.5,NR5G-SA,n79,-102,-102,-10,15,-999,9.1
2026-05-28 11:17:21.974,2026-05-28 11:32:08.167,22.6541134,114.5077840,50.0,10.0,-0.02,235.9,5.9,22.0,1111.7,4372.74,10.0,2.0,2.5,NR5G-SA,n79,-102,-102,-10,15,-999,9.9
2026-05-28 11:17:22.174,2026-05-28 11:32:08.567,22.6541134,114.5077840,50.0,10.0,-0.07,235.9,5.9,22.0,1111.7,4372.74,10.0,2.0,2.5,NR5G-SA,n79,-102,-102,-10,15,-999,5.2
2026-05-28 11:17:22.375,2026-05-28 11:32:08.767,22.6541003,114.5077643,50.0,9.9,-0.01,236.0,5.9,22.0,1111.4,4375.24,10.0,2.0,2.5,NR5G-SA,n79,-110,-110,-11,14,-999,6.1
2026-05-28 11:17:22.575,2026-05-28 11:32:08.967,22.6540870,114.5077445,50.0,10.0,-0.04,236.0,5.9,22.0,1111.1,4377.75,10.0,2.0,2.5,NR5G-SA,n79,-110,-110,-11,14,-999,8.6
2026-05-28 11:17:22.775,2026-05-28 11:32:08.967,22.6540738,114.5077248,50.0,10.0,0.03,235.9,5.9,22.0,1110.8,4380.25,10.0,2.0,2.5,NR5G-SA,n79,-107,-107,-10,15,-999,7.5
2026-05-28 11:17:22.976,2026-05-28 11:32:09.167,22.6540738,114.5077248,50.0,10.0,0.03,235.9,0.0,22.8,1110.8,4380.25,10.0,2.0,2.5,NR5G-SA,n79,-107,-107,-10,15,-999,12.8
2026-05-28 11:17:23.176,2026-05-28 11:32:09.567,22.6540606,114.5077051,50.0,10.0,0.04,235.8,0.0,22.8,1110.5,4382.76,10.0,2.0,2.5,NR5G-SA,n79,-107,-107,-10,15,-999,8.7
2026-05-28 11:17:23.377,2026-05-28 11:32:09.767,22.6540473,114.5076854,50.0,10.0,0.02,235.6,0.0,22.8,1110.2,4385.26,10.0,2.0,2.5,NR5G-SA,n79,-102,-102,-10,16,-999,7.4
2026-05-28 11:17:23.577,2026-05-28 11:32:09.967,22.6540341,114.5076657,50.0,10.0,-0.01,235.4,0.0,22.8,1109.9,4387.76,10.0,2.0,2.5,NR5G-SA,n79,-102,-102,-10,16,-999,6.1
2026-05-28 11:17:23.777,2026-05-28 11:32:09.967,22.6540209,114.5076461,50.0,10.0,0.02,235.2,0.0,22.8,1109.6,4390.26,10.0,2.0,2.5,NR5G-SA,n79,-102,-102,-10,16,-999,10.3
2026-05-28 11:17:23.978,2026-05-28 11:32:10.167,22.6540077,114.5076265,50.0,10.0,0.03,234.9,16.5,22.1,1109.3,4392.75,10.0,2.0,2.5,NR5G-SA,n79,-104,-104,-10,16,-999,8.7
2026-05-28 11:17:24.179,2026-05-28 11:32:10.567,22.6540077,114.5076265,50.0,10.0,0.03,234.9,16.5,22.1,1109.3,4392.75,10.0,2.0,2.5,NR5G-SA,n79,-104,-104,-10,16,-999,7.3
2026-05-28 11:17:24.379,2026-05-28 11:32:10.767,22.6539945,114.5076070,50.0,10.0,-0.02,234.6,16.5,22.1,1109.0,4395.23,10.0,2.0,2.5,NR5G-SA,n79,-104,-104,-10,16,-999,5.4
2026-05-28 11:17:24.579,2026-05-28 11:32:10.967,22.6539813,114.5075874,50.0,10.0,0.03,234.2,16.5,22.1,1108.8,4397.73,10.0,2.0,2.5,NR5G-SA,n79,-106,-106,-11,16,-999,4.4
2026-05-28 11:17:24.780,2026-05-28 11:32:10.967,22.6539679,114.5075677,50.0,10.0,0.07,234.0,16.5,22.1,1108.5,4400.24,10.0,2.0,2.5,NR5G-SA,n79,-106,-106,-11,16,-999,7.3
2026-05-28 11:17:24.980,2026-05-28 11:32:11.167,22.6539547,114.5075482,50.0,10.0,0.08,233.7,41.2,20.6,1108.3,4402.73,10.0,2.0,2.5,NR5G-SA,n79,-109,-109,-11,16,-999,12.1
2026-05-28 11:17:25.181,2026-05-28 11:32:11.567,22.6539547,114.5075482,50.0,10.0,0.08,233.7,41.2,20.6,1108.3,4402.73,10.0,2.0,2.5,NR5G-SA,n79,-109,-109,-11,16,-999,6.3
2026-05-28 11:17:25.381,2026-05-28 11:32:11.767,22.6539415,114.5075286,50.1,10.0,0.09,233.4,41.2,20.6,1108.0,4405.22,10.0,2.0,2.5,NR5G-SA,n79,-109,-109,-11,16,-999,6.5
2026-05-28 11:17:25.581,2026-05-28 11:32:11.967,22.6539284,114.5075089,50.1,10.0,-0.08,233.3,41.2,20.6,1107.8,4407.71,10.0,2.0,2.5,NR5G-SA,n79,-106,-106,-10,16,-999,5.1
2026-05-28 11:17:25.782,2026-05-28 11:32:12.167,22.6539153,114.5074892,50.0,9.9,-0.04,233.3,41.2,20.6,1107.5,4410.21,10.0,2.0,2.5,NR5G-SA,n79,-106,-106,-10,16,-999,8.2
2026-05-28 11:17:25.982,2026-05-28 11:32:12.167,22.6539023,114.5074694,50.0,10.0,-0.04,233.5,25.9,19.9,1107.3,4412.70,10.0,2.0,2.5,NR5G-SA,n79,-106,-106,-10,16,-999,12.4
2026-05-28 11:17:26.182,2026-05-28 11:32:12.567,22.6539023,114.5074694,50.0,10.0,-0.04,233.5,25.9,19.9,1107.3,4412.70,10.0,2.0,2.5,NR5G-SA,n79,-109,-109,-11,16,-999,6.0
2026-05-28 11:17:26.383,2026-05-28 11:32:12.767,22.6538892,114.5074496,50.0,10.0,0.03,233.7,25.9,19.9,1107.0,4415.21,10.0,2.0,2.5,NR5G-SA,n79,-109,-109,-11,16,-999,6.9
2026-05-28 11:17:26.583,2026-05-28 11:32:12.967,22.6538762,114.5074297,50.0,10.0,0.04,233.7,25.9,19.9,1106.7,4417.71,10.0,2.0,2.5,NR5G-SA,n79,-109,-109,-11,16,-999,5.2
2026-05-28 11:17:26.784,2026-05-28 11:32:13.167,22.6538632,114.5074098,50.0,10.0,-0.00,233.7,25.9,19.9,1106.5,4420.22,10.0,2.0,2.5,NR5G-SA,n79,-102,-102,-11,16,-999,5.0
2026-05-28 11:17:26.984,2026-05-28 11:32:13.167,22.6538502,114.5073899,50.0,10.0,-0.04,233.6,36.5,21.0,1106.2,4422.72,10.0,2.0,2.5,NR5G-SA,n79,-102,-102,-11,16,-999,12.4
2026-05-28 11:17:27.184,2026-05-28 11:32:13.567,22.6538502,114.5073899,50.0,10.0,-0.04,233.6,36.5,21.0,1106.2,4422.72,10.0,2.0,2.5,NR5G-SA,n79,-105,-105,-11,17,-999,6.0
2026-05-28 11:17:27.385,2026-05-28 11:32:13.767,22.6538373,114.5073701,50.0,10.0,0.02,233.7,36.5,21.0,1106.0,4425.21,10.0,2.0,2.5,NR5G-SA,n79,-105,-105,-11,17,-999,5.5
2026-05-28 11:17:27.585,2026-05-28 11:32:13.967,22.6538243,114.5073503,50.0,10.0,0.03,233.9,36.5,21.0,1105.8,4427.71,10.0,2.0,2.5,NR5G-SA,n79,-105,-105,-11,17,-999,5.5
2026-05-28 11:17:27.785,2026-05-28 11:32:14.167,22.6538113,114.5073305,50.0,10.0,0.06,234.0,36.5,21.0,1105.5,4430.20,10.0,2.0,2.5,NR5G-SA,n79,-101,-101,-10,17,-999,9.0
2026-05-28 11:17:27.986,2026-05-28 11:32:14.167,22.6537983,114.5073106,50.0,10.0,-0.04,234.2,33.0,21.0,1105.3,4432.71,10.0,2.0,2.5,NR5G-SA,n79,-101,-101,-10,17,-999,11.1
2026-05-28 11:17:28.186,2026-05-28 11:32:14.567,22.6537983,114.5073106,50.0,10.0,-0.04,234.2,33.0,21.0,1105.3,4432.71,10.0,2.0,2.5,NR5G-SA,n79,-101,-101,-10,17,-999,6.5
2026-05-28 11:17:28.386,2026-05-28 11:32:14.767,22.6537852,114.5072907,50.0,10.0,0.00,234.3,33.0,21.0,1105.1,4435.22,10.0,2.0,2.5,NR5G-SA,n79,-101,-101,-10,17,-999,7.6
2026-05-28 11:17:28.587,2026-05-28 11:32:14.967,22.6537721,114.5072709,50.0,10.0,0.03,234.6,33.0,21.0,1104.9,4437.72,10.0,2.0,2.5,NR5G-SA,n79,-101,-101,-10,17,-999,7.0
2026-05-28 11:17:28.787,2026-05-28 11:32:15.167,22.6537589,114.5072509,50.0,9.9,0.04,234.8,33.0,21.0,1104.7,4440.25,10.0,2.0,2.5,NR5G-SA,n79,-101,-101,-10,17,-999,8.8
2026-05-28 11:17:28.987,2026-05-28 11:32:15.167,22.6537458,114.5072312,50.0,10.0,-0.02,235.1,30.2,21.0,1104.5,4442.74,10.0,2.0,2.5,NR5G-SA,n79,-103,-103,-10,16,-999,10.3
2026-05-28 11:17:29.188,2026-05-28 11:32:15.567,22.6537458,114.5072312,50.0,10.0,-0.02,235.1,30.2,21.8,1104.5,4442.74,10.0,2.0,2.5,NR5G-SA,n79,-103,-103,-10,16,-999,6.3
2026-05-28 11:17:29.388,2026-05-28 11:32:15.767,22.6537328,114.5072114,50.0,10.0,-0.05,235.3,30.2,21.8,1104.3,4445.24,10.0,2.0,2.5,NR5G-SA,n79,-104,-104,-10,16,-999,6.9
2026-05-28 11:17:29.588,2026-05-28 11:32:15.967,22.6537196,114.5071916,50.0,10.0,-0.00,235.5,30.2,21.8,1104.2,4447.75,10.0,2.0,2.5,NR5G-SA,n79,-104,-104,-10,16,-999,4.8
2026-05-28 11:17:29.789,2026-05-28 11:32:16.167,22.6537064,114.5071718,50.0,10.0,-0.01,235.6,30.2,21.8,1104.0,4450.26,10.0,2.0,2.5,NR5G-SA,n79,-104,-104,-10,16,-999,6.5
2026-05-28 11:17:29.989,2026-05-28 11:32:16.167,22.6536932,114.5071520,50.0,10.0,0.07,235.6,38.8,21.8,1103.8,4452.77,10.0,2.0,2.5,NR5G-SA,n79,-102,-102,-11,15,-999,11.0
2026-05-28 11:17:30.189,2026-05-28 11:32:16.567,22.6536932,114.5071520,50.0,10.0,0.07,235.6,38.8,21.7,1103.8,4452.77,10.0,2.0,2.5,NR5G-SA,n79,-102,-102,-11,15,-999,7.1
2026-05-28 11:17:30.390,2026-05-28 11:32:16.767,22.6536800,114.5071323,50.0,10.0,0.01,235.5,38.8,21.7,1103.7,4455.27,10.0,2.0,2.5,NR5G-SA,n79,-102,-102,-11,15,-999,7.3
2026-05-28 11:17:30.590,2026-05-28 11:32:16.967,22.6536668,114.5071125,50.0,10.0,-0.02,235.7,38.8,21.7,1103.6,4457.78,10.0,2.0,2.5,NR5G-SA,n79,-107,-107,-11,16,-999,6.3
2026-05-28 11:17:30.790,2026-05-28 11:32:17.167,22.6536536,114.5070927,50.0,10.0,0.05,235.8,38.8,21.7,1103.4,4460.29,10.0,2.0,2.5,NR5G-SA,n79,-107,-107,-11,16,-999,7.2
2026-05-28 11:17:30.991,2026-05-28 11:32:17.167,22.6536403,114.5070730,50.0,10.0,-0.02,235.9,22.9,21.7,1103.3,4462.79,10.0,2.0,2.5,NR5G-SA,n79,-107,-107,-11,16,-999,10.8
2026-05-28 11:17:31.191,2026-05-28 11:32:17.567,22.6536403,114.5070730,50.0,10.0,-0.02,235.9,22.9,22.4,1103.3,4462.79,10.0,2.0,2.5,NR5G-SA,n79,-100,-100,-10,16,-999,7.5
2026-05-28 11:17:31.392,2026-05-28 11:32:17.767,22.6536272,114.5070531,50.0,10.0,0.07,235.9,22.9,22.4,1103.1,4465.30,10.0,2.0,2.5,NR5G-SA,n79,-100,-100,-10,16,-999,5.7
2026-05-28 11:17:31.592,2026-05-28 11:32:17.967,22.6536141,114.5070333,50.0,10.0,-0.02,235.9,22.9,22.4,1103.0,4467.81,10.0,2.0,2.5,NR5G-SA,n79,-101,-101,-10,15,-999,6.8
2026-05-28 11:17:31.792,2026-05-28 11:32:18.167,22.6536009,114.5070136,50.0,10.0,0.01,235.7,22.9,22.4,1102.9,4470.31,10.0,2.0,2.5,NR5G-SA,n79,-101,-101,-10,15,-999,8.4
2026-05-28 11:17:31.993,2026-05-28 11:32:18.167,22.6535877,114.5069939,50.0,10.0,-0.02,235.7,43.3,22.4,1102.8,4472.81,10.0,2.0,2.5,NR5G-SA,n79,-101,-101,-10,15,-999,9.2
2026-05-28 11:17:32.193,2026-05-28 11:32:18.567,22.6535877,114.5069939,50.0,10.0,-0.02,235.7,43.3,22.7,1102.8,4472.81,10.0,2.0,2.5,NR5G-SA,n79,-107,-107,-11,16,-999,7.1
2026-05-28 11:17:32.394,2026-05-28 11:32:18.767,22.6535744,114.5069741,50.0,10.0,0.01,235.6,43.3,22.7,1102.7,4475.33,10.0,2.0,2.5,NR5G-SA,n79,-107,-107,-11,16,-999,6.3
2026-05-28 11:17:32.594,2026-05-28 11:32:18.967,22.6535611,114.5069544,50.0,9.9,0.03,235.5,43.3,22.7,1102.6,4477.83,10.0,2.0,2.5,NR5G-SA,n79,-107,-107,-11,16,-999,6.3
2026-05-28 11:17:32.794,2026-05-28 11:32:19.167,22.6535479,114.5069347,50.0,10.0,-0.05,235.5,43.3,22.7,1102.5,4480.33,10.0,2.0,2.5,NR5G-SA,n79,-103,-103,-11,16,-999,5.2
2026-05-28 11:17:32.995,2026-05-28 11:32:19.167,22.6535348,114.5069150,50.0,10.0,-0.11,235.6,13.7,22.7,1102.4,4482.83,10.0,2.0,2.5,NR5G-SA,n79,-103,-103,-11,16,-999,12.9
2026-05-28 11:17:33.195,2026-05-28 11:32:19.567,22.6535348,114.5069150,50.0,10.0,-0.11,235.6,13.7,23.4,1102.4,4482.83,10.0,2.0,2.5,NR5G-SA,n79,-103,-103,-11,16,-999,7.2
2026-05-28 11:17:33.395,2026-05-28 11:32:19.767,22.6535218,114.5068953,50.0,10.0,-0.05,235.7,13.7,23.4,1102.3,4485.32,10.0,2.0,2.5,NR5G-SA,n79,-105,-105,-11,16,-999,5.8
2026-05-28 11:17:33.596,2026-05-28 11:32:19.967,22.6535088,114.5068756,49.9,10.0,0.05,235.8,13.7,23.4,1102.3,4487.80,10.0,2.0,2.5,NR5G-SA,n79,-105,-105,-11,16,-999,6.4
2026-05-28 11:17:33.796,2026-05-28 11:32:20.167,22.6534958,114.5068559,49.9,10.0,-0.01,235.8,13.7,23.4,1102.2,4490.29,10.0,2.0,2.5,NR5G-SA,n79,-105,-105,-11,16,-999,6.3
2026-05-28 11:17:33.997,2026-05-28 11:32:20.167,22.6534826,114.5068361,49.9,10.0,0.07,235.6,0.0,23.4,1102.1,4492.80,10.0,2.0,2.5,NR5G-SA,n79,-99,-99,-10,17,-999,9.6
2026-05-28 11:17:34.197,2026-05-28 11:32:20.567,22.6534826,114.5068361,49.9,10.0,0.07,235.6,0.0,22.8,1102.1,4492.80,10.0,2.0,2.5,NR5G-SA,n79,-99,-99,-10,17,-999,7.2
2026-05-28 11:17:34.397,2026-05-28 11:32:20.767,22.6534693,114.5068163,50.0,10.0,0.09,235.4,0.0,22.8,1102.1,4495.32,10.0,2.0,2.5,NR5G-SA,n79,-108,-108,-11,17,-999,8.6
2026-05-28 11:17:34.598,2026-05-28 11:32:20.967,22.6534561,114.5067966,50.0,9.9,0.05,235.2,0.0,22.8,1102.0,4497.82,10.0,2.0,2.5,NR5G-SA,n79,-108,-108,-11,17,-999,5.9
2026-05-28 11:17:34.798,2026-05-28 11:32:21.167,22.6534429,114.5067770,50.0,10.0,-0.02,234.9,0.0,22.8,1102.0,4500.31,10.0,2.0,2.5,NR5G-SA,n79,-108,-108,-11,17,-999,9.8
2026-05-28 11:17:34.998,2026-05-28 11:32:21.167,22.6534297,114.5067574,50.0,9.9,0.03,234.3,1.6,22.8,1101.9,4502.80,10.0,2.0,2.5,NR5G-SA,n79,-106,-106,-11,18,-999,8.7
2026-05-28 11:17:35.199,2026-05-28 11:32:21.567,22.6534297,114.5067574,50.0,9.9,0.03,234.3,1.6,23.3,1101.9,4502.80,10.0,2.0,2.5,NR5G-SA,n79,-106,-106,-11,18,-999,10.2
2026-05-28 11:17:35.399,2026-05-28 11:32:21.767,22.6534164,114.5067377,50.0,10.0,0.04,233.9,1.6,23.3,1101.9,4505.31,10.0,2.0,2.5,NR5G-SA,n79,-106,-106,-11,18,-999,7.4
2026-05-28 11:17:35.599,2026-05-28 11:32:21.967,22.6534032,114.5067180,50.0,10.0,0.07,233.4,1.6,23.3,1101.9,4507.81,10.0,2.0,2.5,NR5G-SA,n79,-104,-104,-10,19,-999,5.0
2026-05-28 11:17:35.800,2026-05-28 11:32:22.167,22.6533899,114.5066982,50.0,10.1,0.01,233.1,1.6,23.3,1101.9,4510.33,10.0,2.0,2.5,NR5G-SA,n79,-104,-104,-10,19,-999,5.7
2026-05-28 11:17:36.000,2026-05-28 11:32:22.167,22.6533767,114.5066783,50.0,10.0,0.05,232.8,0.0,23.3,1101.8,4512.85,10.0,2.0,2.5,NR5G-SA,n79,-104,-104,-10,19,-999,9.9
2026-05-28 11:17:36.200,2026-05-28 11:32:22.567,22.6533767,114.5066783,50.0,10.0,0.05,232.8,0.0,24.3,1101.8,4512.85,10.0,2.0,2.5,NR5G-SA,n79,-109,-109,-11,19,-999,10.4
2026-05-28 11:17:36.401,2026-05-28 11:32:22.767,22.6533636,114.5066585,50.0,10.0,-0.00,232.6,0.0,24.3,1101.8,4515.35,10.0,2.0,2.5,NR5G-SA,n79,-109,-109,-11,19,-999,9.4
2026-05-28 11:17:36.601,2026-05-28 11:32:22.967,22.6533506,114.5066387,50.0,10.0,-0.03,232.5,0.0,24.3,1101.8,4517.84,10.0,2.0,2.5,NR5G-SA,n79,-106,-106,-11,19,-999,4.3
2026-05-28 11:17:36.802,2026-05-28 11:32:23.167,22.6533376,114.5066189,50.0,10.0,0.01,232.6,0.0,24.3,1101.8,4520.34,10.0,2.0,2.5,NR5G-SA,n79,-106,-106,-11,19,-999,4.9
2026-05-28 11:17:37.002,2026-05-28 11:32:23.167,22.6533246,114.5065991,50.0,10.0,-0.04,232.6,9.8,24.3,1101.8,4522.84,10.0,2.0,2.5,NR5G-SA,n79,-106,-106,-11,19,-999,10.1
2026-05-28 11:17:37.202,2026-05-28 11:32:23.567,22.6533246,114.5065991,50.0,10.0,-0.04,232.6,9.8,24.3,1101.8,4522.84,10.0,2.0,2.5,NR5G-SA,n79,-108,-108,-11,19,-999,7.0
2026-05-28 11:17:37.403,2026-05-28 11:32:23.767,22.6533115,114.5065792,50.0,10.0,0.03,232.6,9.8,24.8,1101.7,4525.35,10.0,2.0,2.5,NR5G-SA,n79,-108,-108,-11,19,-999,9.7
2026-05-28 11:17:37.603,2026-05-28 11:32:23.967,22.6532983,114.5065594,50.0,10.0,0.01,232.4,9.8,24.8,1101.8,4527.86,10.0,2.0,2.5,NR5G-SA,n79,-108,-108,-11,19,-999,6.2
2026-05-28 11:17:37.803,2026-05-28 11:32:24.167,22.6532853,114.5065397,50.0,9.9,0.00,232.4,9.8,24.8,1101.8,4530.35,10.0,2.0,2.5,NR5G-SA,n79,-107,-107,-11,19,-999,6.8
2026-05-28 11:17:38.003,2026-05-28 11:32:24.167,22.6532722,114.5065199,50.0,10.0,-0.04,232.5,9.8,24.8,1101.8,4532.85,10.0,2.0,2.5,NR5G-SA,n79,-107,-107,-11,19,-999,9.4
2026-05-28 11:17:38.204,2026-05-28 11:32:24.567,22.6532722,114.5065199,50.0,10.0,-0.04,232.5,0.0,24.8,1101.8,4532.85,10.0,2.0,2.5,NR5G-SA,n79,-107,-107,-11,19,-999,11.5
2026-05-28 11:17:38.404,2026-05-28 11:32:24.767,22.6532591,114.5065002,50.0,10.0,-0.05,232.5,0.0,24.3,1101.8,4535.34,10.0,2.0,2.5,NR5G-SA,n79,-110,-110,-11,19,-999,7.8
2026-05-28 11:17:38.604,2026-05-28 11:32:24.967,22.6532458,114.5064804,50.0,10.0,-0.02,232.6,0.0,24.3,1101.9,4537.86,10.0,2.0,2.5,NR5G-SA,n79,-110,-110,-11,19,-999,7.3
2026-05-28 11:17:38.805,2026-05-28 11:32:25.167,22.6532326,114.5064605,50.0,10.0,-0.01,233.0,0.0,24.3,1101.9,4540.38,10.0,2.0,2.5,NR5G-SA,n79,-104,-104,-10,19,-999,5.6
2026-05-28 11:17:39.005,2026-05-28 11:32:25.167,22.6532197,114.5064406,50.0,10.0,-0.05,233.7,0.0,24.3,1101.9,4542.88,10.0,2.0,2.5,NR5G-SA,n79,-104,-104,-10,19,-999,10.1
2026-05-28 11:17:39.205,2026-05-28 11:32:25.567,22.6532197,114.5064406,50.0,10.0,-0.05,233.7,19.7,24.3,1101.9,4542.88,10.0,2.0,2.5,NR5G-SA,n79,-104,-104,-10,19,-999,11.1
2026-05-28 11:17:39.406,2026-05-28 11:32:25.767,22.6532068,114.5064207,50.0,10.0,-0.05,234.4,19.7,23.9,1101.9,4545.37,10.0,2.0,2.5,NR5G-SA,n79,-99,-99,-10,17,-999,11.2
2026-05-28 11:17:39.606,2026-05-28 11:32:25.967,22.6531939,114.5064009,50.0,10.0,-0.08,234.7,19.7,23.9,1102.0,4547.86,10.0,2.0,2.5,NR5G-SA,n79,-99,-99,-10,17,-999,5.6
2026-05-28 11:17:39.807,2026-05-28 11:32:26.167,22.6531809,114.5063812,50.0,9.9,-0.10,234.5,19.7,23.9,1102.0,4550.35,10.0,2.0,2.5,NR5G-SA,n79,-99,-99,-10,17,-999,4.9
2026-05-28 11:17:40.007,2026-05-28 11:32:26.167,22.6531677,114.5063617,50.0,9.9,0.01,234.3,19.7,23.9,1102.1,4552.84,10.0,2.0,2.5,NR5G-SA,n79,-100,-100,-10,18,-999,8.9
2026-05-28 11:17:40.207,2026-05-28 11:32:26.567,22.6531677,114.5063617,50.0,9.9,0.01,234.3,39.5,23.9,1102.1,4552.84,10.0,2.0,2.5,NR5G-SA,n79,-100,-100,-10,18,-999,11.1
2026-05-28 11:17:40.407,2026-05-28 11:32:26.767,22.6531543,114.5063423,50.0,10.0,-0.03,234.1,39.5,23.5,1102.2,4555.33,10.0,2.0,2.5,NR5G-SA,n79,-100,-100,-10,18,-999,11.2
2026-05-28 11:17:40.608,2026-05-28 11:32:26.967,22.6531408,114.5063226,50.0,10.1,0.01,233.9,39.5,23.5,1102.3,4557.85,10.0,2.0,2.5,NR5G-SA,n79,-104,-104,-10,19,-999,6.5
2026-05-28 11:17:40.808,2026-05-28 11:32:27.167,22.6531276,114.5063029,50.0,10.0,0.01,233.8,39.5,23.5,1102.4,4560.35,10.0,2.0,2.5,NR5G-SA,n79,-104,-104,-10,19,-999,6.4
2026-05-28 11:17:41.008,2026-05-28 11:32:27.167,22.6531144,114.5062830,50.0,10.0,-0.01,233.8,39.5,23.5,1102.5,4562.86,10.0,2.0,2.5,NR5G-SA,n79,-104,-104,-10,19,-999,5.9
2026-05-28 11:17:41.209,2026-05-28 11:32:27.567,22.6531144,114.5062830,50.0,10.0,-0.01,233.8,26.9,23.5,1102.5,4562.86,10.0,2.0,2.5,NR5G-SA,n79,-106,-106,-10,19,-999,17.1
2026-05-28 11:17:41.409,2026-05-28 11:32:27.767,22.6531012,114.5062629,50.0,10.0,0.00,233.7,26.9,23.0,1102.6,4565.40,10.0,2.0,2.5,NR5G-SA,n79,-106,-106,-10,19,-999,6.9
2026-05-28 11:17:41.609,2026-05-28 11:32:27.967,22.6530882,114.5062430,50.1,10.0,-0.05,233.8,26.9,23.0,1102.7,4567.90,10.0,2.0,2.5,NR5G-SA,n79,-106,-106,-10,19,-999,7.1
2026-05-28 11:17:41.810,2026-05-28 11:32:28.167,22.6530752,114.5062233,50.0,10.0,-0.08,233.8,26.9,23.0,1102.8,4570.39,10.0,2.0,2.5,NR5G-SA,n79,-106,-106,-10,19,-999,5.7
2026-05-28 11:17:42.010,2026-05-28 11:32:28.167,22.6530621,114.5062037,50.0,10.0,-0.07,233.6,26.9,23.0,1102.9,4572.88,10.0,2.0,2.5,NR5G-SA,n79,-106,-106,-10,19,-999,9.0
2026-05-28 11:17:42.211,2026-05-28 11:32:28.567,22.6530621,114.5062037,50.0,10.0,-0.07,233.6,35.9,23.0,1102.9,4572.88,10.0,2.0,2.5,NR5G-SA,n79,-104,-104,-10,19,-999,16.1
2026-05-28 11:17:42.411,2026-05-28 11:32:28.767,22.6530490,114.5061841,50.0,10.0,-0.05,233.3,35.9,21.9,1103.0,4575.36,10.0,2.0,2.5,NR5G-SA,n79,-104,-104,-10,19,-999,9.3
2026-05-28 11:17:42.612,2026-05-28 11:32:28.967,22.6530357,114.5061645,50.0,10.0,-0.03,233.4,35.9,21.9,1103.2,4577.86,10.0,2.0,2.5,NR5G-SA,n79,-104,-104,-10,19,-999,5.7
2026-05-28 11:17:42.812,2026-05-28 11:32:29.167,22.6530225,114.5061448,50.0,9.9,0.01,233.7,35.9,21.9,1103.3,4580.36,10.0,2.0,2.5,NR5G-SA,n79,-99,-99,-10,18,-999,6.3
2026-05-28 11:17:43.013,2026-05-28 11:32:29.567,22.6530093,114.5061250,50.0,10.0,-0.06,234.1,35.9,21.9,1103.4,4582.87,10.0,2.0,2.5,NR5G-SA,n79,-99,-99,-10,18,-999,4.1
2026-05-28 11:17:43.213,2026-05-28 11:32:29.567,22.6530093,114.5061250,50.0,10.0,-0.06,234.1,31.7,21.9,1103.4,4582.87,10.0,2.0,2.5,NR5G-SA,n79,-102,-102,-10,19,-999,15.8
2026-05-28 11:17:43.414,2026-05-28 11:32:29.767,22.6529963,114.5061053,50.0,9.9,0.02,234.3,31.7,21.2,1103.6,4585.36,10.0,2.0,2.5,NR5G-SA,n79,-102,-102,-10,19,-999,11.2
2026-05-28 11:17:43.614,2026-05-28 11:32:29.967,22.6529831,114.5060852,50.0,10.0,0.04,234.3,31.7,21.2,1103.7,4587.90,10.0,2.0,2.5,NR5G-SA,n79,-102,-102,-10,19,-999,7.4
2026-05-28 11:17:43.815,2026-05-28 11:32:30.167,22.6529700,114.5060655,50.1,10.0,0.07,234.3,31.7,21.2,1103.9,4590.39,10.0,2.0,2.5,NR5G-SA,n79,-105,-105,-11,18,-999,6.0
2026-05-28 11:17:44.015,2026-05-28 11:32:30.167,22.6529568,114.5060457,50.1,10.0,-0.02,234.0,31.7,21.2,1104.0,4592.90,10.0,2.0,2.5,NR5G-SA,n79,-105,-105,-11,18,-999,7.6
2026-05-28 11:17:44.215,2026-05-28 11:32:30.567,22.6529568,114.5060457,50.1,10.0,-0.02,234.0,31.3,21.2,1104.0,4592.90,10.0,2.0,2.5,NR5G-SA,n79,-105,-105,-11,18,-999,13.6
2026-05-28 11:17:44.416,2026-05-28 11:32:30.767,22.6529435,114.5060259,50.1,10.1,-0.06,233.7,31.3,20.9,1104.2,4595.42,10.0,2.0,2.5,NR5G-SA,n79,-102,-102,-11,18,-999,6.9
2026-05-28 11:17:44.616,2026-05-28 11:32:30.967,22.6529303,114.5060060,50.1,10.0,-0.10,233.6,31.3,20.9,1104.4,4597.93,10.0,2.0,2.5,NR5G-SA,n79,-102,-102,-11,18,-999,6.4
2026-05-28 11:17:44.816,2026-05-28 11:32:31.167,22.6529170,114.5059862,50.0,10.0,-0.07,233.5,31.3,20.9,1104.6,4600.45,10.0,2.0,2.5,NR5G-SA,n79,-102,-102,-11,18,-999,6.0
2026-05-28 11:17:45.017,2026-05-28 11:32:31.167,22.6529038,114.5059664,50.0,10.0,-0.03,233.4,31.3,20.9,1104.7,4602.96,10.0,2.0,2.5,NR5G-SA,n79,-107,-107,-11,18,-999,8.0
2026-05-28 11:17:45.217,2026-05-28 11:32:31.567,22.6529038,114.5059664,50.0,10.0,-0.03,233.4,40.3,20.9,1104.7,4602.96,10.0,2.0,2.5,NR5G-SA,n79,-107,-107,-11,18,-999,14.6
2026-05-28 11:17:45.418,2026-05-28 11:32:31.767,22.6528905,114.5059466,50.0,10.0,-0.06,233.3,40.3,18.9,1104.9,4605.47,10.0,2.0,2.5,NR5G-SA,n79,-101,-101,-10,18,-999,10.6
2026-05-28 11:17:45.618,2026-05-28 11:32:31.967,22.6528773,114.5059269,50.0,10.0,-0.08,233.3,40.3,18.9,1105.1,4607.98,10.0,2.0,2.5,NR5G-SA,n79,-101,-101,-10,18,-999,7.3
2026-05-28 11:17:45.818,2026-05-28 11:32:32.167,22.6528640,114.5059071,50.0,10.0,-0.03,233.3,40.3,18.9,1105.3,4610.49,10.0,2.0,2.5,NR5G-SA,n79,-101,-101,-10,18,-999,4.5
2026-05-28 11:17:46.019,2026-05-28 11:32:32.167,22.6528509,114.5058874,50.0,10.0,0.02,233.4,40.3,18.9,1105.5,4612.99,10.0,2.0,2.5,NR5G-SA,n79,-104,-104,-10,17,-999,7.1
2026-05-28 11:17:46.219,2026-05-28 11:32:32.567,22.6528509,114.5058874,50.0,10.0,0.02,233.4,35.4,18.9,1105.5,4612.99,10.0,2.0,2.5,NR5G-SA,n79,-104,-104,-10,17,-999,14.8
2026-05-28 11:17:46.419,2026-05-28 11:32:32.767,22.6528379,114.5058677,50.0,9.9,0.01,233.7,35.4,18.9,1105.7,4615.47,10.0,2.0,2.5,NR5G-SA,n79,-104,-104,-10,17,-999,9.9
2026-05-28 11:17:46.620,2026-05-28 11:32:32.967,22.6528249,114.5058479,50.0,10.0,-0.09,234.1,35.4,18.4,1105.9,4617.97,10.0,2.0,2.5,NR5G-SA,n79,-102,-102,-10,17,-999,6.2
2026-05-28 11:17:46.820,2026-05-28 11:32:33.167,22.6528119,114.5058282,50.0,10.0,-0.07,234.3,35.4,18.4,1106.2,4620.46,10.0,2.0,2.5,NR5G-SA,n79,-102,-102,-10,17,-999,4.2
2026-05-28 11:17:47.021,2026-05-28 11:32:33.167,22.6527989,114.5058084,50.0,9.9,-0.07,234.7,35.4,18.4,1106.4,4622.95,10.0,2.0,2.5,NR5G-SA,n79,-102,-102,-10,17,-999,5.5
2026-05-28 11:17:47.221,2026-05-28 11:32:33.567,22.6527989,114.5058084,50.0,9.9,-0.07,234.7,0.0,18.4,1106.4,4622.95,10.0,2.0,2.5,NR5G-SA,n79,-104,-104,-10,17,-999,15.3
2026-05-28 11:17:47.422,2026-05-28 11:32:33.767,22.6527859,114.5057887,50.0,9.9,-0.08,234.9,0.0,18.4,1106.6,4625.44,10.0,2.0,2.5,NR5G-SA,n79,-104,-104,-10,17,-999,10.7
2026-05-28 11:17:47.622,2026-05-28 11:32:33.967,22.6527728,114.5057690,50.0,9.9,-0.02,235.1,0.0,19.4,1106.8,4627.94,10.0,2.0,2.5,NR5G-SA,n79,-104,-104,-11,18,-999,7.8
2026-05-28 11:17:47.822,2026-05-28 11:32:34.167,22.6527597,114.5057493,50.0,9.9,0.02,235.2,0.0,19.4,1107.1,4630.43,10.0,2.0,2.5,NR5G-SA,n79,-104,-104,-11,18,-999,5.4
2026-05-28 11:17:48.023,2026-05-28 11:32:34.167,22.6527465,114.5057296,50.0,10.0,-0.05,235.1,0.0,19.4,1107.3,4632.93,10.0,2.0,2.5,NR5G-SA,n79,-104,-104,-11,18,-999,7.1
2026-05-28 11:17:48.223,2026-05-28 11:32:34.567,22.6527465,114.5057296,50.0,10.0,-0.05,235.1,11.4,19.4,1107.3,4632.93,10.0,2.0,2.5,NR5G-SA,n79,-102,-102,-10,18,-999,14.2
2026-05-28 11:17:48.423,2026-05-28 11:32:34.767,22.6527334,114.5057099,50.0,10.0,0.05,235.1,11.4,19.4,1107.6,4635.43,10.0,2.0,2.5,NR5G-SA,n79,-102,-102,-10,18,-999,7.1
2026-05-28 11:17:48.623,2026-05-28 11:32:34.967,22.6527202,114.5056901,50.0,10.0,-0.05,235.4,11.4,19.2,1107.8,4637.94,10.0,2.0,2.5,NR5G-SA,n79,-102,-102,-10,18,-999,7.1
2026-05-28 11:17:48.824,2026-05-28 11:32:35.167,22.6527072,114.5056704,50.0,10.0,-0.05,235.6,11.4,19.2,1108.1,4640.42,10.0,2.0,2.5,NR5G-SA,n79,-100,-100,-10,19,-999,4.1
2026-05-28 11:17:49.024,2026-05-28 11:32:35.167,22.6526943,114.5056507,50.0,10.0,-0.07,235.7,11.4,19.2,1108.3,4642.91,10.0,2.0,2.5,NR5G-SA,n79,-100,-100,-10,19,-999,8.8
2026-05-28 11:17:49.225,2026-05-28 11:32:35.567,22.6526814,114.5056311,50.0,10.0,-0.07,235.8,0.0,19.2,1108.6,4645.38,10.0,2.0,2.5,NR5G-SA,n79,-100,-100,-10,19,-999,10.2
2026-05-28 11:17:49.425,2026-05-28 11:32:35.767,22.6526814,114.5056311,50.0,9.9,-0.11,235.8,0.0,19.2,1108.6,4645.38,10.0,2.0,2.5,NR5G-SA,n79,-104,-104,-11,18,-999,10.2
2026-05-28 11:17:49.625,2026-05-28 11:32:35.967,22.6526684,114.5056115,50.0,10.0,-0.01,235.8,0.0,18.5,1108.9,4647.86,10.0,2.0,2.5,NR5G-SA,n79,-104,-104,-11,18,-999,6.9
2026-05-28 11:17:49.825,2026-05-28 11:32:36.167,22.6526555,114.5055919,50.0,10.0,0.02,236.2,0.0,18.5,1109.1,4650.33,10.0,2.0,2.5,NR5G-SA,n79,-106,-106,-11,18,-999,4.7
2026-05-28 11:17:50.026,2026-05-28 11:32:36.167,22.6526425,114.5055720,50.0,10.1,0.06,236.4,0.0,18.5,1109.4,4652.84,10.0,2.0,2.5,NR5G-SA,n79,-106,-106,-11,18,-999,6.3
2026-05-28 11:17:50.226,2026-05-28 11:32:36.567,22.6526425,114.5055720,50.0,10.1,0.06,236.4,0.0,18.5,1109.4,4652.84,10.0,2.0,2.5,NR5G-SA,n79,-106,-106,-11,18,-999,14.9
2026-05-28 11:17:50.427,2026-05-28 11:32:36.767,22.6526293,114.5055523,50.0,10.0,0.03,236.2,0.0,18.5,1109.7,4655.34,10.0,2.0,2.5,NR5G-SA,n79,-105,-105,-11,18,-999,8.3
2026-05-28 11:17:50.627,2026-05-28 11:32:36.967,22.6526160,114.5055325,50.0,10.0,0.02,236.1,0.0,19.3,1110.0,4657.85,10.0,2.0,2.5,NR5G-SA,n79,-105,-105,-11,18,-999,7.2
2026-05-28 11:17:50.827,2026-05-28 11:32:37.167,22.6526026,114.5055127,50.0,10.0,0.03,236.0,0.0,19.3,1110.4,4660.38,10.0,2.0,2.5,NR5G-SA,n79,-105,-105,-11,18,-999,5.2
2026-05-28 11:17:51.028,2026-05-28 11:32:37.567,22.6525893,114.5054930,50.0,10.0,0.10,235.8,0.0,19.3,1110.7,4662.88,10.0,2.0,2.5,NR5G-SA,n79,-105,-105,-11,18,-999,7.8
2026-05-28 11:17:51.228,2026-05-28 11:32:37.567,22.6525760,114.5054734,50.0,10.0,-0.03,235.7,0.0,19.3,1111.1,4665.38,10.0,2.0,2.5,NR5G-SA,n79,-105,-105,-11,18,-999,9.5
2026-05-28 11:17:51.428,2026-05-28 11:32:37.767,22.6525760,114.5054734,50.0,10.0,-0.03,235.7,0.0,19.3,1111.1,4665.38,10.0,2.0,2.5,NR5G-SA,n79,-105,-105,-11,18,-999,10.2
2026-05-28 11:17:51.629,2026-05-28 11:32:37.967,22.6525627,114.5054537,50.0,10.0,-0.04,235.5,0.0,17.7,1111.4,4667.89,10.0,2.0,2.5,NR5G-SA,n79,-99,-99,-10,18,-999,7.0
2026-05-28 11:17:51.829,2026-05-28 11:32:38.167,22.6525495,114.5054340,50.0,10.0,-0.01,235.2,0.0,17.7,1111.7,4670.39,10.0,2.0,2.5,NR5G-SA,n79,-99,-99,-10,18,-999,9.0
2026-05-28 11:17:52.030,2026-05-28 11:32:38.167,22.6525362,114.5054143,50.0,10.0,-0.00,234.6,0.0,17.7,1112.1,4672.90,10.0,2.0,2.5,NR5G-SA,n79,-99,-99,-10,18,-999,6.4
2026-05-28 11:17:52.230,2026-05-28 11:32:38.567,22.6525231,114.5053945,50.0,10.0,-0.00,233.9,12.1,17.7,1112.4,4675.40,10.0,2.0,2.5,NR5G-SA,n79,-100,-100,-11,18,-999,14.1
2026-05-28 11:17:52.431,2026-05-28 11:32:38.767,22.6525231,114.5053945,50.0,9.9,0.01,233.9,12.1,17.7,1112.4,4675.40,10.0,2.0,2.5,NR5G-SA,n79,-100,-100,-11,18,-999,9.7
2026-05-28 11:17:52.631,2026-05-28 11:32:38.967,22.6525099,114.5053747,50.0,9.9,-0.03,233.5,12.1,17.2,1112.8,4677.91,10.0,2.0,2.5,NR5G-SA,n79,-99,-99,-10,17,-999,6.4
2026-05-28 11:17:52.831,2026-05-28 11:32:39.167,22.6524969,114.5053548,50.0,9.9,0.04,233.3,12.1,17.2,1113.1,4680.42,10.0,2.0,2.5,NR5G-SA,n79,-99,-99,-10,17,-999,7.9
2026-05-28 11:17:53.032,2026-05-28 11:32:39.567,22.6524839,114.5053349,50.0,10.0,-0.05,233.6,12.1,17.2,1113.5,4682.92,10.0,2.0,2.5,NR5G-SA,n79,-99,-99,-10,17,-999,7.0
2026-05-28 11:17:53.232,2026-05-28 11:32:39.567,22.6524709,114.5053149,50.0,10.0,-0.05,233.8,0.0,17.2,1113.8,4685.43,10.0,2.0,2.5,NR5G-SA,n79,-102,-102,-11,17,-999,13.4
2026-05-28 11:17:53.432,2026-05-28 11:32:39.767,22.6524709,114.5053149,50.0,10.0,-0.05,233.8,0.0,17.2,1113.8,4685.43,10.0,2.0,2.5,NR5G-SA,n79,-102,-102,-11,17,-999,6.2
2026-05-28 11:17:53.633,2026-05-28 11:32:39.967,22.6524580,114.5052950,50.0,10.0,-0.03,233.9,0.0,16.4,1114.1,4687.93,10.0,2.0,2.5,NR5G-SA,n79,-102,-102,-11,17,-999,5.6
2026-05-28 11:17:53.833,2026-05-28 11:32:40.167,22.6524449,114.5052752,50.0,10.0,-0.01,234.2,0.0,16.4,1114.5,4690.43,10.0,2.0,2.5,NR5G-SA,n79,-103,-103,-11,18,-999,4.6
2026-05-28 11:17:54.034,2026-05-28 11:32:40.567,22.6524319,114.5052553,50.0,10.0,-0.04,234.6,0.0,16.4,1114.9,4692.94,10.0,2.0,2.5,NR5G-SA,n79,-103,-103,-11,18,-999,8.1
2026-05-28 11:17:54.234,2026-05-28 11:32:40.567,22.6524189,114.5052355,50.0,10.0,0.03,235.0,21.9,16.4,1115.2,4695.44,10.0,2.0,2.5,NR5G-SA,n79,-103,-103,-11,18,-999,13.6
2026-05-28 11:17:54.434,2026-05-28 11:32:40.767,22.6524189,114.5052355,50.0,10.0,0.03,235.0,21.9,16.4,1115.2,4695.44,10.0,2.0,2.5,NR5G-SA,n79,-100,-100,-10,18,-999,8.7
2026-05-28 11:17:54.634,2026-05-28 11:32:40.967,22.6524058,114.5052157,50.0,10.0,0.04,235.1,21.9,16.6,1115.6,4697.94,10.0,2.0,2.5,NR5G-SA,n79,-100,-100,-10,18,-999,4.6
2026-05-28 11:17:54.835,2026-05-28 11:32:41.167,22.6523927,114.5051961,50.0,10.0,0.03,235.0,21.9,16.6,1116.0,4700.42,10.0,2.0,2.5,NR5G-SA,n79,-100,-100,-10,18,-999,5.5
2026-05-28 11:17:55.035,2026-05-28 11:32:41.167,22.6523795,114.5051764,50.0,10.0,-0.01,235.1,21.9,16.6,1116.4,4702.93,10.0,2.0,2.5,NR5G-SA,n79,-100,-100,-10,18,-999,7.9
2026-05-28 11:17:55.235,2026-05-28 11:32:41.567,22.6523662,114.5051566,50.0,10.1,0.02,235.1,56.5,16.6,1116.9,4705.44,10.0,2.0,2.5,NR5G-SA,n79,-100,-100,-10,18,-999,13.2
2026-05-28 11:17:55.436,2026-05-28 11:32:41.767,22.6523662,114.5051566,50.0,10.1,0.02,235.1,56.5,16.6,1116.9,4705.44,10.0,2.0,2.5,NR5G-SA,n79,-101,-101,-11,18,-999,7.2
2026-05-28 11:17:55.636,2026-05-28 11:32:41.967,22.6523529,114.5051369,50.0,10.0,-0.06,235.0,56.5,16.6,1117.3,4707.95,10.0,2.0,2.5,NR5G-SA,n79,-101,-101,-11,18,-999,5.3
2026-05-28 11:17:55.836,2026-05-28 11:32:42.167,22.6523397,114.5051170,50.0,10.0,-0.02,235.2,56.5,16.6,1117.7,4710.47,10.0,2.0,2.5,NR5G-SA,n79,-101,-101,-11,18,-999,5.1
2026-05-28 11:17:56.037,2026-05-28 11:32:42.167,22.6523266,114.5050972,50.0,10.1,0.04,235.3,56.5,16.6,1118.1,4712.97,10.0,2.0,2.5,NR5G-SA,n79,-99,-99,-11,18,-999,5.9
2026-05-28 11:17:56.237,2026-05-28 11:32:42.567,22.6523134,114.5050774,50.0,10.0,0.06,235.2,30.1,16.6,1118.6,4715.48,10.0,2.0,2.5,NR5G-SA,n79,-99,-99,-11,18,-999,10.5
2026-05-28 11:17:56.437,2026-05-28 11:32:42.767,22.6523134,114.5050774,50.0,10.0,0.06,235.2,30.1,16.6,1118.6,4715.48,10.0,2.0,2.5,NR5G-SA,n79,-99,-99,-11,18,-999,10.1
2026-05-28 11:17:56.637,2026-05-28 11:32:42.967,22.6523002,114.5050575,50.0,10.0,0.04,235.0,30.1,16.6,1119.0,4718.00,10.0,2.0,2.5,NR5G-SA,n79,-100,-100,-11,18,-999,8.4
2026-05-28 11:17:56.838,2026-05-28 11:32:43.167,22.6522870,114.5050377,50.0,10.0,0.03,234.8,30.1,18.0,1119.4,4720.51,10.0,2.0,2.5,NR5G-SA,n79,-100,-100,-11,18,-999,5.4
2026-05-28 11:17:57.038,2026-05-28 11:32:43.567,22.6522738,114.5050180,50.0,10.0,-0.01,234.5,30.1,18.0,1119.9,4723.01,10.0,2.0,2.5,NR5G-SA,n79,-98,-98,-10,18,-999,6.4
2026-05-28 11:17:57.238,2026-05-28 11:32:43.567,22.6522606,114.5049983,50.0,10.0,-0.07,234.2,32.3,18.0,1120.4,4725.51,10.0,2.0,2.5,NR5G-SA,n79,-98,-98,-10,18,-999,11.8
2026-05-28 11:17:57.439,2026-05-28 11:32:43.767,22.6522606,114.5049983,50.0,10.0,-0.07,234.2,32.3,18.0,1120.4,4725.51,10.0,2.0,2.5,NR5G-SA,n79,-98,-98,-10,18,-999,9.2
2026-05-28 11:17:57.639,2026-05-28 11:32:43.967,22.6522474,114.5049786,50.0,10.0,0.00,233.8,32.3,18.0,1120.8,4728.01,10.0,2.0,2.5,NR5G-SA,n79,-95,-95,-10,18,-999,5.4
2026-05-28 11:17:57.839,2026-05-28 11:32:44.167,22.6522342,114.5049588,50.0,10.0,-0.00,233.4,32.3,19.0,1121.3,4730.52,10.0,2.0,2.5,NR5G-SA,n79,-95,-95,-10,18,-999,5.6
2026-05-28 11:17:58.040,2026-05-28 11:32:44.167,22.6522210,114.5049391,50.0,10.0,-0.04,233.3,32.3,19.0,1121.8,4733.02,10.0,2.0,2.5,NR5G-SA,n79,-95,-95,-10,18,-999,7.1
2026-05-28 11:17:58.240,2026-05-28 11:32:44.567,22.6522078,114.5049194,50.0,9.9,0.03,233.2,36.2,19.0,1122.2,4735.52,10.0,2.0,2.5,NR5G-SA,n79,-104,-104,-10,17,-999,12.2
2026-05-28 11:17:58.440,2026-05-28 11:32:44.767,22.6522078,114.5049194,50.0,9.9,0.03,233.2,36.2,19.0,1122.2,4735.52,10.0,2.0,2.5,NR5G-SA,n79,-104,-104,-10,17,-999,10.3
2026-05-28 11:17:58.640,2026-05-28 11:32:44.967,22.6521947,114.5048997,50.0,9.9,0.01,233.0,36.2,19.0,1122.7,4738.01,10.0,2.0,2.5,NR5G-SA,n79,-104,-104,-10,17,-999,6.0
2026-05-28 11:17:58.841,2026-05-28 11:32:45.167,22.6521815,114.5048801,50.0,9.9,0.01,233.1,36.2,20.4,1123.2,4740.51,10.0,2.0,2.5,NR5G-SA,n79,-104,-104,-11,17,-999,5.7
2026-05-28 11:17:59.041,2026-05-28 11:32:45.567,22.6521685,114.5048606,50.0,9.8,0.07,232.9,36.2,20.4,1123.7,4742.98,10.0,2.0,2.5,NR5G-SA,n79,-104,-104,-11,17,-999,5.3
2026-05-28 11:17:59.241,2026-05-28 11:32:45.567,22.6521558,114.5048415,50.0,9.6,0.07,232.5,100.0,20.4,1124.2,4745.40,10.0,2.0,2.5,NR5G-SA,n79,-98,-98,-10,16,-999,10.3
2026-05-28 11:17:59.442,2026-05-28 11:32:45.767,22.6521558,114.5048415,50.0,9.6,0.07,232.5,100.0,20.4,1124.2,4745.40,10.0,2.0,2.5,NR5G-SA,n79,-98,-98,-10,16,-999,8.3
2026-05-28 11:17:59.642,2026-05-28 11:32:45.967,22.6521434,114.5048229,50.0,9.3,0.09,232.4,100.0,20.4,1124.7,4747.75,10.0,2.0,2.5,NR5G-SA,n79,-98,-98,-10,16,-999,8.1
2026-05-28 11:17:59.843,2026-05-28 11:32:46.167,22.6521315,114.5048049,50.0,9.0,0.05,232.3,100.0,21.4,1125.1,4750.03,10.0,2.0,2.5,NR5G-SA,n79,-99,-99,-11,15,-999,7.3
2026-05-28 11:18:00.043,2026-05-28 11:32:46.567,22.6521201,114.5047877,50.1,8.6,0.06,232.2,100.0,21.4,1125.6,4752.20,10.0,2.0,2.5,NR5G-SA,n79,-99,-99,-11,15,-999,4.5
2026-05-28 11:18:00.243,2026-05-28 11:32:46.567,22.6521094,114.5047714,50.1,8.1,0.02,232.2,41.0,21.4,1126.0,4754.26,10.0,2.0,2.5,NR5G-SA,n79,-99,-99,-11,15,-999,11.1
2026-05-28 11:18:00.443,2026-05-28 11:32:46.767,22.6521094,114.5047714,50.1,8.1,0.02,232.2,41.0,21.4,1126.0,4754.26,10.0,2.0,2.5,NR5G-SA,n79,-98,-98,-10,14,-999,7.0
2026-05-28 11:18:00.644,2026-05-28 11:32:46.967,22.6520993,114.5047560,50.1,7.6,-0.01,232.0,41.0,21.4,1126.4,4756.20,10.0,2.0,2.5,NR5G-SA,n79,-98,-98,-10,14,-999,5.7
2026-05-28 11:18:00.844,2026-05-28 11:32:47.167,22.6520900,114.5047417,50.1,7.0,-0.02,232.0,41.0,22.7,1126.7,4758.00,10.0,2.0,2.5,NR5G-SA,n79,-98,-98,-10,14,-999,5.7
2026-05-28 11:18:01.045,2026-05-28 11:32:47.567,22.6520815,114.5047286,50.1,6.4,-0.09,232.0,41.0,22.7,1127.0,4759.64,10.0,2.0,2.5,NR5G-SA,n79,-94,-94,-10,14,-999,6.4
2026-05-28 11:18:01.245,2026-05-28 11:32:47.567,22.6520738,114.5047169,50.0,5.8,-0.09,232.1,18.7,22.7,1127.3,4761.12,10.0,2.0,2.5,NR5G-SA,n79,-94,-94,-10,14,-999,12.3
2026-05-28 11:18:01.445,2026-05-28 11:32:47.767,22.6520738,114.5047169,50.0,5.8,-0.09,232.1,18.7,22.7,1127.3,4761.12,10.0,2.0,2.5,NR5G-SA,n79,-96,-96,-10,14,-999,10.4
2026-05-28 11:18:01.646,2026-05-28 11:32:47.967,22.6520669,114.5047063,50.0,5.1,-0.15,231.8,18.7,22.7,1127.6,4762.45,10.0,2.0,2.5,NR5G-SA,n79,-96,-96,-10,14,-999,7.0
2026-05-28 11:18:01.846,2026-05-28 11:32:48.167,22.6520606,114.5046970,50.0,4.6,-0.11,231.7,18.7,24.3,1127.9,4763.64,10.0,2.0,2.5,NR5G-SA,n79,-96,-96,-10,14,-999,5.3
2026-05-28 11:18:02.046,2026-05-28 11:32:48.567,22.6520550,114.5046889,50.0,4.0,-0.11,231.9,18.7,24.3,1128.1,4764.68,10.0,2.0,2.5,NR5G-SA,n79,-97,-97,-11,15,-999,6.6
2026-05-28 11:18:02.247,2026-05-28 11:32:48.567,22.6520500,114.5046821,50.0,3.3,-0.09,232.1,0.0,24.3,1128.4,4765.57,10.0,2.0,2.5,NR5G-SA,n79,-97,-97,-11,15,-999,11.9
2026-05-28 11:18:02.447,2026-05-28 11:32:48.767,22.6520500,114.5046821,50.0,3.3,-0.09,232.1,0.0,24.3,1128.4,4765.57,10.0,2.0,2.5,NR5G-SA,n79,-97,-97,-11,15,-999,6.9
2026-05-28 11:18:02.647,2026-05-28 11:32:48.967,22.6520459,114.5046765,50.0,2.7,-0.08,232.1,0.0,24.3,1128.5,4766.30,10.0,2.0,2.5,NR5G-SA,n79,-96,-96,-10,15,-999,8.6
2026-05-28 11:18:02.848,2026-05-28 11:32:49.167,22.6520425,114.5046718,50.0,2.2,-0.08,231.9,0.0,23.3,1128.7,4766.92,10.0,2.0,2.5,NR5G-SA,n79,-96,-96,-10,15,-999,6.0
2026-05-28 11:18:03.048,2026-05-28 11:32:49.567,22.6520398,114.5046680,50.0,1.7,-0.06,231.8,0.0,23.3,1128.8,4767.41,10.0,2.0,2.5,NR5G-SA,n79,-96,-96,-10,15,-999,5.4
2026-05-28 11:18:03.248,2026-05-28 11:32:49.567,22.6520377,114.5046649,50.0,1.3,-0.07,231.8,8.0,23.3,1128.9,4767.81,10.0,2.0,2.5,NR5G-SA,n79,-98,-98,-10,15,-999,11.4
2026-05-28 11:18:03.449,2026-05-28 11:32:49.767,22.6520377,114.5046649,50.0,1.3,-0.07,231.8,8.0,23.3,1128.9,4767.81,10.0,2.0,2.5,NR5G-SA,n79,-98,-98,-10,15,-999,9.2
2026-05-28 11:18:03.649,2026-05-28 11:32:49.967,22.6520360,114.5046625,50.0,1.0,-0.08,232.1,8.0,23.3,1129.0,4768.12,10.0,2.0,2.5,NR5G-SA,n79,-97,-97,-10,17,-999,6.1
2026-05-28 11:18:03.849,2026-05-28 11:32:50.167,22.6520348,114.5046606,50.0,0.7,-0.06,232.4,8.0,22.9,1129.0,4768.35,10.0,2.0,2.5,NR5G-SA,n79,-97,-97,-10,17,-999,5.5
2026-05-28 11:18:04.050,2026-05-28 11:32:50.567,22.6520339,114.5046591,50.0,0.4,-0.05,232.6,8.0,22.9,1129.1,4768.54,10.0,2.0,2.5,NR5G-SA,n79,-97,-97,-10,17,-999,5.5
2026-05-28 11:18:04.250,2026-05-28 11:32:50.567,22.6520339,114.5046591,50.0,0.4,-0.05,232.6,4.8,22.9,1129.1,4768.54,10.0,2.0,2.5,NR5G-SA,n79,-97,-97,-10,17,-999,14.7
2026-05-28 11:18:04.450,2026-05-28 11:32:50.767,22.6520332,114.5046582,50.0,0.2,-0.05,232.8,4.8,22.9,1129.1,4768.66,10.0,2.0,2.5,NR5G-SA,n79,-97,-97,-10,17,-999,9.7
2026-05-28 11:18:04.651,2026-05-28 11:32:50.967,22.6520329,114.5046578,50.0,0.0,-0.01,233.1,4.8,22.9,1129.1,4768.71,10.0,2.0,2.5,NR5G-SA,n79,-96,-96,-10,17,-999,8.6
2026-05-28 11:18:04.851,2026-05-28 11:32:51.167,22.6520328,114.5046575,50.0,0.1,-0.03,233.1,4.8,22.9,1129.1,4768.74,10.0,2.0,2.5,NR5G-SA,n79,-95,-95,-10,16,-999,5.9
2026-05-28 11:18:05.051,2026-05-28 11:32:51.567,22.6520329,114.5046572,50.0,0.1,-0.05,233.2,4.8,23.2,1129.1,4768.78,10.0,2.0,2.5,NR5G-SA,n79,-95,-95,-10,16,-999,7.4
2026-05-28 11:18:05.252,2026-05-28 11:32:51.567,22.6520329,114.5046568,50.0,0.1,-0.04,233.4,4.8,23.2,1129.1,4768.82,10.0,2.0,2.5,NR5G-SA,n79,-95,-95,-10,16,-999,14.6
2026-05-28 11:18:05.452,2026-05-28 11:32:51.767,22.6520329,114.5046568,50.0,0.1,-0.04,233.4,2.8,23.2,1129.1,4768.82,10.0,2.0,2.5,NR5G-SA,n79,-98,-98,-11,16,-999,11.7
2026-05-28 11:18:05.652,2026-05-28 11:32:51.967,22.6520331,114.5046566,50.1,0.1,0.03,233.4,2.8,23.2,1129.0,4768.85,10.0,2.0,2.5,NR5G-SA,n79,-98,-98,-11,16,-999,9.7
2026-05-28 11:18:05.852,2026-05-28 11:32:52.167,22.6520332,114.5046563,50.1,0.1,0.06,233.5,2.8,23.2,1129.0,4768.88,10.0,2.0,2.5,NR5G-SA,n79,-98,-98,-11,16,-999,5.9
2026-05-28 11:18:06.053,2026-05-28 11:32:52.567,22.6520334,114.5046562,50.1,0.2,0.01,233.6,2.8,22.1,1129.0,4768.90,10.0,2.0,2.5,NR5G-SA,n79,-93,-93,-10,16,-999,5.4
2026-05-28 11:18:06.253,2026-05-28 11:32:52.567,22.6520337,114.5046563,50.1,0.3,-0.03,233.5,2.8,22.1,1129.0,4768.94,10.0,2.0,2.5,NR5G-SA,n79,-93,-93,-10,16,-999,12.0
2026-05-28 11:18:06.453,2026-05-28 11:32:52.767,22.6520337,114.5046563,50.1,0.3,-0.03,233.5,0.0,22.1,1129.0,4768.94,10.0,2.0,2.5,NR5G-SA,n79,-98,-98,-10,16,-999,9.6
2026-05-28 11:18:06.654,2026-05-28 11:32:52.967,22.6520341,114.5046565,50.1,0.3,-0.06,233.3,0.0,22.1,1128.9,4768.99,10.0,2.0,2.5,NR5G-SA,n79,-98,-98,-10,16,-999,8.6
2026-05-28 11:18:06.855,2026-05-28 11:32:53.167,22.6520348,114.5046568,50.1,0.4,-0.08,233.1,0.0,22.1,1128.9,4769.07,10.0,2.0,2.5,NR5G-SA,n79,-98,-98,-10,16,-999,5.1
2026-05-28 11:18:07.055,2026-05-28 11:32:53.567,22.6520359,114.5046569,50.1,0.6,-0.14,233.8,0.0,20.8,1128.8,4769.20,10.0,2.0,2.5,NR5G-SA,n79,-97,-97,-10,17,-999,6.7
2026-05-28 11:18:07.255,2026-05-28 11:32:53.567,22.6520377,114.5046567,50.1,1.0,-0.07,240.1,0.0,20.8,1128.6,4769.40,10.0,2.0,2.5,NR5G-SA,n79,-97,-97,-10,17,-999,11.7
2026-05-28 11:18:07.456,2026-05-28 11:32:53.767,22.6520377,114.5046567,50.1,1.0,-0.07,240.1,13.5,20.8,1128.6,4769.40,10.0,2.0,2.5,NR5G-SA,n79,-97,-97,-10,17,-999,5.6
2026-05-28 11:18:07.656,2026-05-28 11:32:53.967,22.6520405,114.5046558,50.1,1.4,-0.09,253.3,13.5,20.8,1128.3,4769.72,10.0,2.0,2.5,NR5G-SA,n79,-97,-97,-10,14,-999,8.4
2026-05-28 11:18:07.856,2026-05-28 11:32:54.167,22.6520441,114.5046544,50.1,1.8,-0.09,268.3,13.5,20.8,1127.8,4770.15,10.0,2.0,2.5,NR5G-SA,n79,-97,-97,-10,14,-999,4.8
2026-05-28 11:18:08.057,2026-05-28 11:32:54.567,22.6520486,114.5046523,50.1,2.2,-0.07,284.0,13.5,21.7,1127.3,4770.69,10.0,2.0,2.5,NR5G-SA,n79,-97,-97,-10,14,-999,5.2
2026-05-28 11:18:08.257,2026-05-28 11:32:54.567,22.6520539,114.5046497,50.1,2.6,-0.03,300.1,13.5,21.7,1126.6,4771.34,10.0,2.0,2.5,NR5G-SA,n79,-100,-100,-11,14,-999,10.7
2026-05-28 11:18:08.457,2026-05-28 11:32:54.767,22.6520539,114.5046497,50.1,2.6,-0.03,300.1,43.1,21.7,1126.6,4771.34,10.0,2.0,2.5,NR5G-SA,n79,-100,-100,-11,14,-999,10.0
2026-05-28 11:18:08.658,2026-05-28 11:32:54.967,22.6520604,114.5046469,50.1,3.1,-0.06,316.4,43.1,21.7,1125.9,4772.12,10.0,2.0,2.5,NR5G-SA,n79,-97,-97,-11,15,-999,7.5
2026-05-28 11:18:08.858,2026-05-28 11:32:55.167,22.6520679,114.5046437,50.0,3.7,-0.10,331.9,43.1,21.7,1125.0,4773.02,10.0,2.0,2.5,NR5G-SA,n79,-97,-97,-11,15,-999,4.1
2026-05-28 11:18:09.059,2026-05-28 11:32:55.567,22.6520766,114.5046400,50.1,4.2,-0.03,339.7,43.1,28.2,1123.9,4774.06,10.0,2.0,2.5,NR5G-SA,n79,-97,-97,-11,15,-999,5.2
2026-05-28 11:18:09.259,2026-05-28 11:32:55.567,22.6520865,114.5046358,50.1,4.7,-0.04,341.6,43.1,28.2,1122.7,4775.24,10.0,2.0,2.5,NR5G-SA,n79,-97,-97,-11,14,-999,9.5
2026-05-28 11:18:09.459,2026-05-28 11:32:55.767,22.6520865,114.5046358,50.1,4.7,-0.04,341.6,22.9,28.2,1122.7,4775.24,10.0,2.0,2.5,NR5G-SA,n79,-97,-97,-11,14,-999,9.7
2026-05-28 11:18:09.660,2026-05-28 11:32:55.967,22.6520972,114.5046312,50.1,5.1,-0.06,341.6,22.9,28.2,1121.5,4776.52,10.0,2.0,2.5,NR5G-SA,n79,-97,-97,-11,14,-999,6.8
2026-05-28 11:18:09.860,2026-05-28 11:32:56.167,22.6521084,114.5046261,50.1,5.6,-0.04,341.1,22.9,28.2,1120.1,4777.87,10.0,2.0,2.5,NR5G-SA,n79,-94,-94,-10,17,-999,5.6
2026-05-28 11:18:10.060,2026-05-28 11:32:56.567,22.6521203,114.5046204,50.1,6.0,-0.02,340.6,22.9,28.0,1118.7,4779.32,10.0,2.0,2.5,NR5G-SA,n79,-94,-94,-10,17,-999,4.1
2026-05-28 11:18:10.261,2026-05-28 11:32:56.567,22.6521333,114.5046140,50.1,6.7,-0.02,340.1,22.9,28.0,1117.1,4780.91,10.0,2.0,2.5,NR5G-SA,n79,-94,-94,-10,17,-999,10.9
2026-05-28 11:18:10.461,2026-05-28 11:32:56.767,22.6521333,114.5046140,50.1,6.7,-0.02,340.1,38.0,28.0,1117.1,4780.91,10.0,2.0,2.5,NR5G-SA,n79,-100,-100,-11,16,-999,13.6
2026-05-28 11:18:10.661,2026-05-28 11:32:56.967,22.6521476,114.5046070,50.0,7.2,-0.03,339.7,38.0,28.0,1115.3,4782.66,10.0,2.0,2.5,NR5G-SA,n79,-100,-100,-11,16,-999,5.4
2026-05-28 11:18:10.861,2026-05-28 11:32:57.167,22.6521631,114.5045995,50.0,7.8,-0.02,339.3,38.0,28.0,1113.4,4784.55,10.0,2.0,2.5,NR5G-SA,n79,-100,-100,-11,16,-999,7.9
2026-05-28 11:18:11.062,2026-05-28 11:32:57.567,22.6521796,114.5045916,50.0,8.3,-0.05,339.1,38.0,28.8,1111.4,4786.56,10.0,2.0,2.5,NR5G-SA,n79,-97,-97,-10,15,-999,5.6
2026-05-28 11:18:11.262,2026-05-28 11:32:57.567,22.6521971,114.5045832,50.0,8.7,0.02,339.0,38.0,28.8,1109.3,4788.69,10.0,2.0,2.5,NR5G-SA,n79,-97,-97,-10,15,-999,10.4
2026-05-28 11:18:11.463,2026-05-28 11:32:57.767,22.6521971,114.5045832,50.0,8.7,0.02,339.0,28.6,28.8,1109.3,4788.69,10.0,2.0,2.5,NR5G-SA,n79,-99,-99,-10,16,-999,14.4
2026-05-28 11:18:11.663,2026-05-28 11:32:57.967,22.6522152,114.5045745,50.0,9.1,0.01,339.1,28.6,28.8,1107.1,4790.89,10.0,2.0,2.5,NR5G-SA,n79,-99,-99,-10,16,-999,9.2
2026-05-28 11:18:11.863,2026-05-28 11:32:58.167,22.6522339,114.5045656,50.0,9.4,0.00,339.1,28.6,28.8,1104.8,4793.17,10.0,2.0,2.5,NR5G-SA,n79,-99,-99,-10,16,-999,6.8
2026-05-28 11:18:12.064,2026-05-28 11:32:58.167,22.6522339,114.5045656,50.0,9.4,0.00,339.1,28.6,28.8,1104.8,4793.17,10.0,2.0,2.5,NR5G-SA,n79,-99,-99,-10,17,-999,12.3
2026-05-28 11:18:12.264,2026-05-28 11:32:58.567,22.6522730,114.5045472,50.0,9.8,0.15,339.3,28.6,39.6,1100.1,4797.91,10.0,2.0,2.5,NR5G-SA,n79,-99,-99,-10,17,-999,7.5
2026-05-28 11:18:12.465,2026-05-28 11:32:58.767,22.6522730,114.5045472,50.0,9.8,0.15,339.3,28.6,39.6,1100.1,4797.91,10.0,2.0,2.5,NR5G-SA,n79,-99,-99,-10,17,-999,8.5
2026-05-28 11:18:12.665,2026-05-28 11:32:58.967,22.6522931,114.5045379,50.0,9.9,0.09,339.3,32.8,39.6,1097.6,4800.34,10.0,2.0,2.5,NR5G-SA,n79,-102,-102,-11,17,-999,8.1
2026-05-28 11:18:12.865,2026-05-28 11:32:59.167,22.6523134,114.5045286,50.0,10.0,0.11,339.3,32.8,39.6,1095.2,4802.80,10.0,2.0,2.5,NR5G-SA,n79,-102,-102,-11,17,-999,5.1
2026-05-28 11:18:13.065,2026-05-28 11:32:59.567,22.6523336,114.5045192,50.0,10.0,0.03,339.3,32.8,39.6,1092.7,4805.24,10.0,2.0,2.5,NR5G-SA,n79,-98,-98,-10,16,-999,7.2
2026-05-28 11:18:13.266,2026-05-28 11:32:59.567,22.6523539,114.5045096,50.0,10.0,0.07,339.3,32.8,39.0,1090.3,4807.71,10.0,2.0,2.5,NR5G-SA,n79,-98,-98,-10,16,-999,9.8
2026-05-28 11:18:13.466,2026-05-28 11:32:59.767,22.6523539,114.5045096,50.0,10.0,0.07,339.3,32.8,39.0,1090.3,4807.71,10.0,2.0,2.5,NR5G-SA,n79,-98,-98,-10,16,-999,13.0
2026-05-28 11:18:13.666,2026-05-28 11:32:59.967,22.6523742,114.5045001,50.0,10.0,0.04,339.2,35.9,39.0,1087.8,4810.17,10.0,2.0,2.5,NR5G-SA,n79,-97,-97,-10,16,-999,10.3
2026-05-28 11:18:13.867,2026-05-28 11:33:00.167,22.6523948,114.5044906,50.0,10.1,0.07,339.3,35.9,39.0,1085.3,4812.66,10.0,2.0,2.5,NR5G-SA,n79,-97,-97,-10,16,-999,5.6
2026-05-28 11:18:14.067,2026-05-28 11:33:00.567,22.6524154,114.5044811,50.0,10.1,-0.00,339.2,35.9,39.0,1082.8,4815.16,10.0,2.0,2.5,NR5G-SA,n79,-97,-97,-10,16,-999,6.1
2026-05-28 11:18:14.267,2026-05-28 11:33:00.567,22.6524361,114.5044716,50.0,10.1,0.13,339.2,35.9,31.4,1080.3,4817.66,10.0,2.0,2.5,NR5G-SA,n79,-100,-100,-11,17,-999,8.2
2026-05-28 11:18:14.468,2026-05-28 11:33:00.767,22.6524361,114.5044716,50.0,10.1,0.13,339.2,35.9,31.4,1080.3,4817.66,10.0,2.0,2.5,NR5G-SA,n79,-100,-100,-11,17,-999,14.1
2026-05-28 11:18:14.668,2026-05-28 11:33:00.967,22.6524568,114.5044620,50.0,10.1,0.04,339.1,25.6,31.4,1077.8,4820.16,10.0,2.0,2.5,NR5G-SA,n79,-100,-100,-11,17,-999,7.5
2026-05-28 11:18:14.869,2026-05-28 11:33:01.167,22.6524775,114.5044521,50.0,10.2,0.06,338.9,25.6,31.4,1075.3,4822.68,10.0,2.0,2.5,NR5G-SA,n79,-95,-95,-10,17,-999,5.4
2026-05-28 11:18:15.069,2026-05-28 11:33:01.167,22.6524982,114.5044423,50.0,10.1,0.11,338.7,25.6,31.4,1072.8,4825.20,10.0,2.0,2.5,NR5G-SA,n79,-95,-95,-10,17,-999,6.9
2026-05-28 11:18:15.269,2026-05-28 11:33:01.567,22.6525191,114.5044325,50.0,10.1,0.01,338.5,25.6,33.0,1070.3,4827.73,10.0,2.0,2.5,NR5G-SA,n79,-93,-93,-10,18,-999,6.5
2026-05-28 11:18:15.470,2026-05-28 11:33:01.767,22.6525191,114.5044325,50.0,10.1,0.01,338.5,25.6,33.0,1070.3,4827.73,10.0,2.0,2.5,NR5G-SA,n79,-93,-93,-10,18,-999,12.2
2026-05-28 11:18:15.670,2026-05-28 11:33:01.967,22.6525400,114.5044229,50.0,10.1,0.03,338.3,40.8,33.0,1067.7,4830.26,10.0,2.0,2.5,NR5G-SA,n79,-93,-93,-10,18,-999,8.5
2026-05-28 11:18:15.870,2026-05-28 11:33:02.167,22.6525609,114.5044132,50.0,10.1,0.03,338.2,40.8,33.0,1065.2,4832.79,10.0,2.0,2.5,NR5G-SA,n79,-98,-98,-10,16,-999,4.6
2026-05-28 11:18:16.070,2026-05-28 11:33:02.167,22.6525609,114.5044132,50.0,10.1,0.03,338.2,40.8,33.0,1065.2,4832.79,10.0,2.0,2.5,NR5G-SA,n79,-98,-98,-10,16,-999,12.9
2026-05-28 11:18:16.271,2026-05-28 11:33:02.567,22.6526027,114.5043941,50.0,10.0,0.02,338.0,40.8,32.0,1060.1,4837.84,10.0,2.0,2.5,NR5G-SA,n79,-98,-98,-10,16,-999,4.2
2026-05-28 11:18:16.471,2026-05-28 11:33:02.767,22.6526234,114.5043845,50.0,10.0,0.02,338.1,40.8,32.0,1057.6,4840.35,10.0,2.0,2.5,NR5G-SA,n79,-96,-96,-10,15,-999,9.7
2026-05-28 11:18:16.671,2026-05-28 11:33:02.967,22.6526234,114.5043845,50.0,10.0,-0.02,338.1,18.2,32.0,1057.6,4840.35,10.0,2.0,2.5,NR5G-SA,n79,-96,-96,-10,15,-999,7.5
2026-05-28 11:18:16.872,2026-05-28 11:33:03.167,22.6526443,114.5043749,50.0,10.0,0.06,338.0,18.2,32.0,1055.1,4842.87,10.0,2.0,2.5,NR5G-SA,n79,-96,-96,-10,15,-999,9.5
2026-05-28 11:18:17.072,2026-05-28 11:33:03.167,22.6526650,114.5043653,50.0,10.0,0.00,337.8,18.2,32.0,1052.6,4845.38,10.0,2.0,2.5,NR5G-SA,n79,-96,-96,-10,16,-999,10.5
2026-05-28 11:18:17.272,2026-05-28 11:33:03.567,22.6526856,114.5043557,50.0,10.0,0.01,337.5,18.2,32.0,1050.1,4847.88,10.0,2.0,2.5,NR5G-SA,n79,-96,-96,-10,16,-999,8.9
2026-05-28 11:18:17.473,2026-05-28 11:33:03.767,22.6526856,114.5043557,50.0,10.0,0.01,337.5,18.2,22.5,1050.1,4847.88,10.0,2.0,2.5,NR5G-SA,n79,-96,-96,-10,16,-999,13.1
2026-05-28 11:18:17.673,2026-05-28 11:33:03.967,22.6527062,114.5043460,50.0,10.0,0.05,337.3,0.8,22.5,1047.6,4850.38,10.0,2.0,2.5,NR5G-SA,n79,-100,-100,-11,15,-999,10.7
2026-05-28 11:18:17.873,2026-05-28 11:33:04.167,22.6527267,114.5043362,50.0,10.0,-0.01,337.0,0.8,22.5,1045.1,4852.87,10.0,2.0,2.5,NR5G-SA,n79,-100,-100,-11,15,-999,7.2
2026-05-28 11:18:18.074,2026-05-28 11:33:04.567,22.6527473,114.5043266,50.0,9.9,0.01,336.8,0.8,22.5,1042.6,4855.37,10.0,2.0,2.5,NR5G-SA,n79,-96,-96,-10,18,-999,5.4
2026-05-28 11:18:18.274,2026-05-28 11:33:04.567,22.6527473,114.5043266,50.0,9.9,0.01,336.8,0.8,22.5,1042.6,4855.37,10.0,2.0,2.5,NR5G-SA,n79,-96,-96,-10,18,-999,5.7
2026-05-28 11:18:18.475,2026-05-28 11:33:04.567,22.6527473,114.5043266,50.0,9.9,0.01,336.8,0.8,22.5,1042.6,4855.37,10.0,2.0,2.5,NR5G-SA,n79,-96,-96,-10,18,-999,5.7
2026-05-28 11:18:18.675,2026-05-28 11:33:04.567,22.6527681,114.5043169,50.0,9.9,0.02,336.8,10.2,22.5,1040.1,4857.89,10.0,2.0,2.5,NR5G-SA,n79,-96,-96,-10,18,-999,31.6
2026-05-28 11:18:18.876,2026-05-28 11:33:04.567,22.6527681,114.5043169,50.0,9.9,0.02,336.8,10.2,22.5,1040.1,4857.89,10.0,2.0,2.5,NR5G-SA,n79,-96,-96,-10,18,-999,31.6
2026-05-28 11:18:19.076,2026-05-28 11:33:05.167,22.6528301,114.5042881,50.0,10.0,-0.05,336.8,10.2,144.1,1032.6,4865.40,10.0,2.0,2.5,NR5G-SA,n79,-96,-96,-11,18,-999,8.2
2026-05-28 11:18:19.276,2026-05-28 11:33:05.167,22.6528301,114.5042881,50.0,10.0,-0.05,336.8,10.2,144.1,1032.6,4865.40,10.0,2.0,2.5,NR5G-SA,n79,-96,-96,-11,18,-999,8.2
2026-05-28 11:18:19.477,2026-05-28 11:33:05.767,22.6528715,114.5042691,50.0,10.0,0.03,337.2,10.2,144.1,1027.6,4870.40,10.0,2.0,2.5,NR5G-SA,n79,-97,-97,-10,18,-999,5.5
2026-05-28 11:18:19.677,2026-05-28 11:33:05.967,22.6528715,114.5042691,50.0,10.0,0.03,337.2,0.0,144.1,1027.6,4870.40,10.0,2.0,2.5,NR5G-SA,n79,-97,-97,-10,18,-999,14.8
2026-05-28 11:18:19.877,2026-05-28 11:33:06.167,22.6528923,114.5042596,50.0,10.0,0.03,337.3,0.0,144.1,1025.1,4872.92,10.0,2.0,2.5,NR5G-SA,n79,-93,-93,-10,17,-999,5.8
2026-05-28 11:18:20.077,2026-05-28 11:33:06.567,22.6529130,114.5042501,50.0,10.0,0.01,337.4,0.0,146.2,1022.6,4875.42,10.0,2.0,2.5,NR5G-SA,n79,-93,-93,-10,17,-999,5.8
2026-05-28 11:18:20.277,2026-05-28 11:33:06.767,22.6529338,114.5042405,50.0,10.0,0.04,337.5,0.0,146.2,1020.0,4877.94,10.0,2.0,2.5,NR5G-SA,n79,-96,-96,-10,17,-999,6.9
2026-05-28 11:18:20.478,2026-05-28 11:33:06.767,22.6529545,114.5042310,50.0,10.0,0.07,337.5,0.0,146.2,1017.5,4880.44,10.0,2.0,2.5,NR5G-SA,n79,-96,-96,-10,17,-999,12.2
2026-05-28 11:18:20.678,2026-05-28 11:33:06.967,22.6529545,114.5042310,50.0,10.0,0.07,337.5,4.1,146.2,1017.5,4880.44,10.0,2.0,2.5,NR5G-SA,n79,-96,-96,-10,17,-999,9.0
2026-05-28 11:18:20.878,2026-05-28 11:33:07.167,22.6529753,114.5042215,50.0,10.0,0.04,337.5,4.1,146.2,1015.0,4882.95,10.0,2.0,2.5,NR5G-SA,n79,-96,-96,-10,17,-999,5.7
2026-05-28 11:18:21.078,2026-05-28 11:33:07.567,22.6529960,114.5042120,50.0,10.0,0.03,337.4,4.1,144.0,1012.5,4885.45,10.0,2.0,2.5,NR5G-SA,n79,-96,-96,-10,17,-999,5.5
2026-05-28 11:18:21.279,2026-05-28 11:33:07.767,22.6530167,114.5042025,50.0,10.0,0.02,337.4,4.1,144.0,1010.0,4887.96,10.0,2.0,2.5,NR5G-SA,n79,-96,-96,-10,17,-999,6.3
2026-05-28 11:18:21.479,2026-05-28 11:33:07.767,22.6530373,114.5041930,50.0,10.0,0.02,337.3,4.1,144.0,1007.5,4890.45,10.0,2.0,2.5,NR5G-SA,n79,-94,-94,-10,17,-999,12.4
2026-05-28 11:18:21.680,2026-05-28 11:33:07.967,22.6530373,114.5041930,50.0,9.9,0.04,337.3,0.0,144.0,1007.5,4890.45,10.0,2.0,2.5,NR5G-SA,n79,-94,-94,-10,17,-999,6.1
2026-05-28 11:18:21.880,2026-05-28 11:33:08.167,22.6530579,114.5041835,50.0,9.9,-0.00,337.4,0.0,144.0,1005.0,4892.94,10.0,2.0,2.5,NR5G-SA,n79,-94,-94,-10,17,-999,6.8
2026-05-28 11:18:22.080,2026-05-28 11:33:08.567,22.6530786,114.5041740,50.0,10.0,0.01,337.3,0.0,143.2,1002.5,4895.44,10.0,2.0,2.5,NR5G-SA,n79,-98,-98,-10,18,-999,5.3
2026-05-28 11:18:22.281,2026-05-28 11:33:08.767,22.6530990,114.5041644,50.0,9.9,0.04,337.3,0.0,143.2,1000.1,4897.92,10.0,2.0,2.5,NR5G-SA,n79,-98,-98,-10,18,-999,6.7
2026-05-28 11:18:22.481,2026-05-28 11:33:08.767,22.6531194,114.5041546,50.0,9.9,-0.00,337.2,0.0,143.2,997.6,4900.40,10.0,2.0,2.5,NR5G-SA,n79,-98,-98,-10,18,-999,12.9
2026-05-28 11:18:22.681,2026-05-28 11:33:08.967,22.6531194,114.5041546,50.0,9.9,-0.00,337.2,16.1,143.2,997.6,4900.40,10.0,2.0,2.5,NR5G-SA,n79,-98,-98,-10,18,-999,6.7
2026-05-28 11:18:22.882,2026-05-28 11:33:09.167,22.6531400,114.5041450,50.1,10.0,0.03,337.1,16.1,143.2,995.1,4902.90,10.0,2.0,2.5,NR5G-SA,n79,-98,-98,-10,18,-999,4.4
2026-05-28 11:18:23.082,2026-05-28 11:33:09.567,22.6531607,114.5041354,50.1,9.9,0.02,337.0,16.1,141.3,992.6,4905.40,10.0,2.0,2.5,NR5G-SA,n79,-98,-98,-10,18,-999,5.1
2026-05-28 11:18:23.282,2026-05-28 11:33:09.567,22.6531816,114.5041259,50.1,10.0,0.07,336.6,16.1,141.3,990.1,4907.93,10.0,2.0,2.5,NR5G-SA,n79,-98,-98,-10,18,-999,8.4
2026-05-28 11:18:23.483,2026-05-28 11:33:09.767,22.6532022,114.5041164,50.1,10.0,0.07,336.2,16.1,141.3,987.6,4910.42,10.0,2.0,2.5,NR5G-SA,n79,-98,-98,-10,18,-999,11.3
2026-05-28 11:18:23.683,2026-05-28 11:33:09.967,22.6532022,114.5041164,50.1,9.9,0.00,336.2,16.1,141.3,987.6,4910.42,10.0,2.0,2.5,NR5G-SA,n79,-99,-99,-11,18,-999,7.9
2026-05-28 11:18:23.883,2026-05-28 11:33:10.167,22.6532229,114.5041068,50.1,9.9,-0.03,336.1,41.2,141.3,985.1,4912.93,10.0,2.0,2.5,NR5G-SA,n79,-99,-99,-11,18,-999,4.8
2026-05-28 11:18:24.084,2026-05-28 11:33:10.567,22.6532435,114.5040972,50.1,9.9,-0.02,335.8,41.2,19.0,982.6,4915.42,10.0,2.0,2.5,NR5G-SA,n79,-99,-99,-11,18,-999,5.3
2026-05-28 11:18:24.284,2026-05-28 11:33:10.767,22.6532643,114.5040876,50.1,9.9,-0.06,335.6,41.2,19.0,980.0,4917.94,10.0,2.0,2.5,NR5G-SA,n79,-100,-100,-10,18,-999,5.8
2026-05-28 11:18:24.484,2026-05-28 11:33:10.767,22.6532849,114.5040779,50.1,10.0,-0.05,335.4,41.2,19.0,977.5,4920.44,10.0,2.0,2.5,NR5G-SA,n79,-100,-100,-10,18,-999,9.0
2026-05-28 11:18:24.685,2026-05-28 11:33:10.967,22.6532849,114.5040779,50.1,10.0,-0.05,335.4,41.2,19.0,977.5,4920.44,10.0,2.0,2.5,NR5G-SA,n79,-94,-94,-10,18,-999,9.2
2026-05-28 11:18:24.885,2026-05-28 11:33:11.167,22.6533053,114.5040682,50.1,9.9,0.03,335.4,24.6,19.0,975.1,4922.92,10.0,2.0,2.5,NR5G-SA,n79,-94,-94,-10,18,-999,5.5
2026-05-28 11:18:25.085,2026-05-28 11:33:11.567,22.6533258,114.5040585,50.1,9.9,-0.10,335.5,24.6,17.5,972.6,4925.41,10.0,2.0,2.5,NR5G-SA,n79,-94,-94,-10,18,-999,5.2
2026-05-28 11:18:25.286,2026-05-28 11:33:11.767,22.6533463,114.5040489,50.0,9.9,-0.05,335.8,24.6,17.5,970.1,4927.90,10.0,2.0,2.5,NR5G-SA,n79,-93,-93,-10,19,-999,7.2
2026-05-28 11:18:25.486,2026-05-28 11:33:11.767,22.6533669,114.5040393,50.0,9.9,-0.03,336.2,24.6,17.5,967.6,4930.39,10.0,2.0,2.5,NR5G-SA,n79,-93,-93,-10,19,-999,11.1
2026-05-28 11:18:25.686,2026-05-28 11:33:11.967,22.6533669,114.5040393,50.0,9.9,-0.03,336.2,24.6,17.5,967.6,4930.39,10.0,2.0,2.5,NR5G-SA,n79,-93,-93,-10,19,-999,7.1
2026-05-28 11:18:25.887,2026-05-28 11:33:12.167,22.6533875,114.5040297,50.0,10.0,-0.07,336.5,37.4,17.5,965.1,4932.89,10.0,2.0,2.5,NR5G-SA,n79,-96,-96,-10,19,-999,5.2
2026-05-28 11:18:26.087,2026-05-28 11:33:12.567,22.6534081,114.5040202,50.0,9.9,-0.00,336.8,37.4,17.5,962.6,4935.38,10.0,2.0,2.5,NR5G-SA,n79,-96,-96,-10,19,-999,6.0
2026-05-28 11:18:26.287,2026-05-28 11:33:12.767,22.6534289,114.5040108,50.0,9.9,0.10,337.3,37.4,17.5,960.1,4937.89,10.0,2.0,2.5,NR5G-SA,n79,-96,-96,-10,19,-999,5.7
2026-05-28 11:18:26.488,2026-05-28 11:33:12.767,22.6534497,114.5040015,50.0,10.0,0.03,337.3,37.4,17.5,957.6,4940.39,10.0,2.0,2.5,NR5G-SA,n79,-98,-98,-10,19,-999,9.1
2026-05-28 11:18:26.689,2026-05-28 11:33:12.967,22.6534497,114.5040015,50.0,10.0,0.03,337.3,37.4,17.5,957.6,4940.39,10.0,2.0,2.5,NR5G-SA,n79,-98,-98,-10,19,-999,10.2
2026-05-28 11:18:26.889,2026-05-28 11:33:13.167,22.6534704,114.5039922,50.1,9.9,0.09,337.1,31.9,17.5,955.1,4942.89,10.0,2.0,2.5,NR5G-SA,n79,-92,-92,-10,19,-999,6.0
2026-05-28 11:18:27.089,2026-05-28 11:33:13.567,22.6534910,114.5039828,50.1,9.9,-0.01,337.0,31.9,18.5,952.6,4945.38,10.0,2.0,2.5,NR5G-SA,n79,-92,-92,-10,19,-999,5.4
2026-05-28 11:18:27.290,2026-05-28 11:33:13.767,22.6535117,114.5039732,50.1,10.0,-0.09,336.8,31.9,18.5,950.1,4947.88,10.0,2.0,2.5,NR5G-SA,n79,-92,-92,-10,19,-999,6.2
2026-05-28 11:18:27.490,2026-05-28 11:33:13.767,22.6535322,114.5039636,50.1,10.0,-0.06,336.8,31.9,18.5,947.6,4950.37,10.0,2.0,2.5,NR5G-SA,n79,-95,-95,-10,19,-999,12.5
2026-05-28 11:18:27.690,2026-05-28 11:33:13.967,22.6535322,114.5039636,50.1,10.0,-0.06,336.8,31.9,18.5,947.6,4950.37,10.0,2.0,2.5,NR5G-SA,n79,-95,-95,-10,19,-999,10.3
2026-05-28 11:18:27.891,2026-05-28 11:33:14.167,22.6535527,114.5039539,50.1,10.0,-0.03,336.6,31.4,18.5,945.1,4952.86,10.0,2.0,2.5,NR5G-SA,n79,-95,-95,-10,19,-999,6.5
2026-05-28 11:18:28.091,2026-05-28 11:33:14.567,22.6535732,114.5039443,50.0,10.0,-0.04,336.6,31.4,18.5,942.6,4955.35,10.0,2.0,2.5,NR5G-SA,n79,-95,-95,-10,19,-999,5.9
2026-05-28 11:18:28.291,2026-05-28 11:33:14.767,22.6535938,114.5039346,50.0,10.0,-0.07,336.8,31.4,19.1,940.1,4957.85,10.0,2.0,2.5,NR5G-SA,n79,-95,-95,-10,19,-999,10.0
2026-05-28 11:18:28.492,2026-05-28 11:33:14.767,22.6536144,114.5039249,50.0,10.0,-0.03,336.9,31.4,19.1,937.6,4960.35,10.0,2.0,2.5,NR5G-SA,n79,-95,-95,-10,19,-999,11.6
2026-05-28 11:18:28.692,2026-05-28 11:33:14.967,22.6536144,114.5039249,50.0,10.0,-0.03,336.9,31.4,19.1,937.6,4960.35,10.0,2.0,2.5,NR5G-SA,n79,-93,-93,-10,19,-999,8.6
2026-05-28 11:18:28.893,2026-05-28 11:33:15.167,22.6536352,114.5039153,50.0,10.1,-0.07,337.1,37.7,19.1,935.1,4962.86,10.0,2.0,2.5,NR5G-SA,n79,-93,-93,-10,19,-999,4.9
2026-05-28 11:18:29.093,2026-05-28 11:33:15.567,22.6536559,114.5039058,50.0,10.1,-0.02,337.4,37.7,19.1,932.6,4965.37,10.0,2.0,2.5,NR5G-SA,n79,-97,-97,-10,19,-999,7.1
2026-05-28 11:18:29.293,2026-05-28 11:33:15.767,22.6536767,114.5038964,50.0,10.0,-0.04,337.7,37.7,19.8,930.1,4967.87,10.0,2.0,2.5,NR5G-SA,n79,-97,-97,-10,19,-999,6.3
2026-05-28 11:18:29.494,2026-05-28 11:33:15.767,22.6536974,114.5038869,50.0,10.0,-0.01,337.9,37.7,19.8,927.6,4970.38,10.0,2.0,2.5,NR5G-SA,n79,-97,-97,-10,19,-999,12.0
2026-05-28 11:18:29.694,2026-05-28 11:33:15.967,22.6536974,114.5038869,50.0,10.0,-0.01,337.9,37.7,19.8,927.6,4970.38,10.0,2.0,2.5,NR5G-SA,n79,-96,-96,-10,19,-999,7.8
2026-05-28 11:18:29.894,2026-05-28 11:33:16.167,22.6537182,114.5038774,50.0,9.9,0.00,338.1,23.8,19.8,925.1,4972.89,10.0,2.0,2.5,NR5G-SA,n79,-96,-96,-10,19,-999,5.8
2026-05-28 11:18:30.095,2026-05-28 11:33:16.567,22.6537389,114.5038679,50.0,10.0,-0.00,338.2,23.8,19.8,922.6,4975.39,10.0,2.0,2.5,NR5G-SA,n79,-96,-96,-10,19,-999,6.3
2026-05-28 11:18:30.295,2026-05-28 11:33:16.767,22.6537596,114.5038584,50.0,10.0,0.03,338.3,23.8,21.9,920.1,4977.89,10.0,2.0,2.5,NR5G-SA,n79,-96,-96,-10,18,-999,4.5
2026-05-28 11:18:30.495,2026-05-28 11:33:16.767,22.6537804,114.5038488,50.0,10.0,0.09,338.3,23.8,21.9,917.6,4980.41,10.0,2.0,2.5,NR5G-SA,n79,-96,-96,-10,18,-999,10.3
2026-05-28 11:18:30.695,2026-05-28 11:33:16.967,22.6537804,114.5038488,50.0,10.0,0.09,338.3,23.8,21.9,917.6,4980.41,10.0,2.0,2.5,NR5G-SA,n79,-96,-96,-10,18,-999,8.1
2026-05-28 11:18:30.896,2026-05-28 11:33:17.167,22.6538011,114.5038392,50.0,10.0,0.03,338.1,42.6,21.9,915.1,4982.92,10.0,2.0,2.5,NR5G-SA,n79,-95,-95,-10,18,-999,6.9
2026-05-28 11:18:31.096,2026-05-28 11:33:17.567,22.6538219,114.5038296,50.0,10.0,0.03,337.9,42.6,21.9,912.6,4985.43,10.0,2.0,2.5,NR5G-SA,n79,-95,-95,-10,18,-999,9.1
2026-05-28 11:18:31.296,2026-05-28 11:33:17.767,22.6538426,114.5038200,50.0,10.0,0.04,337.8,42.6,22.5,910.0,4987.94,10.0,2.0,2.5,NR5G-SA,n79,-93,-93,-10,18,-999,6.7
2026-05-28 11:18:31.497,2026-05-28 11:33:17.767,22.6538633,114.5038105,50.0,9.9,0.01,337.8,42.6,22.5,907.5,4990.44,10.0,2.0,2.5,NR5G-SA,n79,-93,-93,-10,18,-999,10.4
2026-05-28 11:18:31.697,2026-05-28 11:33:17.967,22.6538633,114.5038105,50.0,9.9,0.01,337.8,42.6,22.5,907.5,4990.44,10.0,2.0,2.5,NR5G-SA,n79,-93,-93,-10,18,-999,12.9
2026-05-28 11:18:31.897,2026-05-28 11:33:18.167,22.6538839,114.5038009,50.0,10.0,0.01,337.6,15.5,22.5,905.0,4992.94,10.0,2.0,2.5,NR5G-SA,n79,-100,-100,-10,18,-999,10.2
2026-05-28 11:18:32.098,2026-05-28 11:33:18.567,22.6539045,114.5037913,50.0,9.9,0.06,337.5,15.5,22.5,902.5,4995.44,10.0,2.0,2.5,NR5G-SA,n79,-100,-100,-10,18,-999,9.5
2026-05-28 11:18:32.298,2026-05-28 11:33:18.767,22.6539251,114.5037815,50.0,9.9,-0.00,337.4,15.5,22.9,900.0,4997.94,10.0,2.0,2.5,NR5G-SA,n79,-100,-100,-10,18,-999,5.9
2026-05-28 11:18:32.498,2026-05-28 11:33:18.767,22.6539457,114.5037718,50.0,10.0,0.02,337.3,15.5,22.9,897.5,5000.44,10.0,2.0,2.5,NR5G-SA,n79,-91,-91,-10,19,-999,10.4
2026-05-28 11:18:32.699,2026-05-28 11:33:18.967,22.6539457,114.5037718,50.0,10.0,0.02,337.3,15.5,22.9,897.5,5000.44,10.0,2.0,2.5,NR5G-SA,n79,-91,-91,-10,19,-999,16.9
2026-05-28 11:18:32.899,2026-05-28 11:33:19.167,22.6539663,114.5037622,50.0,10.0,0.02,337.2,0.0,22.9,895.0,5002.94,10.0,2.0,2.5,NR5G-SA,n79,-91,-91,-10,19,-999,12.1
2026-05-28 11:18:33.099,2026-05-28 11:33:19.567,22.6539869,114.5037526,50.0,10.0,0.03,336.9,0.0,22.9,892.6,5005.43,10.0,2.0,2.5,NR5G-SA,n79,-94,-94,-10,18,-999,7.8
2026-05-28 11:18:33.300,2026-05-28 11:33:19.767,22.6540076,114.5037429,50.0,10.0,0.08,336.6,0.0,24.0,890.0,5007.94,10.0,2.0,2.5,NR5G-SA,n79,-94,-94,-10,18,-999,7.7
2026-05-28 11:18:33.500,2026-05-28 11:33:19.767,22.6540281,114.5037333,50.1,10.0,-0.01,336.2,0.0,24.0,887.6,5010.43,10.0,2.0,2.5,NR5G-SA,n79,-94,-94,-10,18,-999,10.9
2026-05-28 11:18:33.700,2026-05-28 11:33:19.967,22.6540281,114.5037333,50.1,10.0,-0.01,336.2,0.0,24.0,887.6,5010.43,10.0,2.0,2.5,NR5G-SA,n79,-97,-97,-10,19,-999,11.8
2026-05-28 11:18:33.901,2026-05-28 11:33:20.167,22.6540487,114.5037236,50.1,10.0,0.00,335.9,3.9,24.0,885.1,5012.93,10.0,2.0,2.5,NR5G-SA,n79,-97,-97,-10,19,-999,5.7
2026-05-28 11:18:34.101,2026-05-28 11:33:20.567,22.6540693,114.5037140,50.1,10.0,-0.05,335.9,3.9,24.0,882.6,5015.43,10.0,2.0,2.5,NR5G-SA,n79,-98,-98,-10,19,-999,9.3
2026-05-28 11:18:34.301,2026-05-28 11:33:20.767,22.6540899,114.5037045,50.1,10.0,-0.01,335.9,3.9,26.9,880.1,5017.92,10.0,2.0,2.5,NR5G-SA,n79,-98,-98,-10,19,-999,6.3
2026-05-28 11:18:34.502,2026-05-28 11:33:20.767,22.6541106,114.5036949,50.1,10.0,-0.06,335.7,3.9,26.9,877.6,5020.42,10.0,2.0,2.5,NR5G-SA,n79,-98,-98,-10,19,-999,10.6
2026-05-28 11:18:34.702,2026-05-28 11:33:20.967,22.6541106,114.5036949,50.1,10.0,-0.06,335.7,3.9,26.9,877.6,5020.42,10.0,2.0,2.5,NR5G-SA,n79,-101,-101,-10,20,-999,15.3
2026-05-28 11:18:34.902,2026-05-28 11:33:21.167,22.6541313,114.5036854,50.1,10.0,-0.02,335.7,0.0,26.9,875.1,5022.93,10.0,2.0,2.5,NR5G-SA,n79,-101,-101,-10,20,-999,7.2
2026-05-28 11:18:35.103,2026-05-28 11:33:21.567,22.6541520,114.5036758,50.0,10.0,-0.03,335.7,0.0,26.9,872.6,5025.43,10.0,2.0,2.5,NR5G-SA,n79,-101,-101,-10,20,-999,6.6
2026-05-28 11:18:35.303,2026-05-28 11:33:21.767,22.6541727,114.5036662,50.0,10.0,-0.04,335.7,0.0,26.9,870.0,5027.94,10.0,2.0,2.5,NR5G-SA,n79,-95,-95,-10,20,-999,6.7
2026-05-28 11:18:35.503,2026-05-28 11:33:21.767,22.6541933,114.5036567,50.0,10.0,-0.01,335.9,0.0,25.3,867.6,5030.43,10.0,2.0,2.5,NR5G-SA,n79,-95,-95,-10,20,-999,10.7
2026-05-28 11:18:35.703,2026-05-28 11:33:21.967,22.6541933,114.5036567,50.0,10.0,-0.01,335.9,0.0,25.3,867.6,5030.43,10.0,2.0,2.5,NR5G-SA,n79,-95,-95,-10,20,-999,14.8
2026-05-28 11:18:35.904,2026-05-28 11:33:22.167,22.6542140,114.5036472,50.0,10.0,-0.03,335.9,7.9,25.3,865.1,5032.94,10.0,2.0,2.5,NR5G-SA,n79,-97,-97,-10,20,-999,10.3
2026-05-28 11:18:36.104,2026-05-28 11:33:22.567,22.6542347,114.5036377,50.0,10.0,-0.03,336.2,7.9,25.3,862.5,5035.44,10.0,2.0,2.5,NR5G-SA,n79,-97,-97,-10,20,-999,7.3
2026-05-28 11:18:36.304,2026-05-28 11:33:22.567,22.6542555,114.5036283,50.0,10.0,0.00,336.3,7.9,25.3,860.0,5037.95,10.0,2.0,2.5,NR5G-SA,n79,-97,-97,-10,19,-999,11.5
2026-05-28 11:18:36.505,2026-05-28 11:33:22.767,22.6542763,114.5036189,50.0,10.0,-0.01,336.4,7.9,25.3,857.5,5040.46,10.0,2.0,2.5,NR5G-SA,n79,-97,-97,-10,19,-999,10.1
2026-05-28 11:18:36.705,2026-05-28 11:33:22.967,22.6542763,114.5036189,50.0,10.0,-0.01,336.4,7.9,25.3,857.5,5040.46,10.0,2.0,2.5,NR5G-SA,n79,-97,-97,-10,19,-999,10.9
2026-05-28 11:18:36.906,2026-05-28 11:33:23.167,22.6542970,114.5036093,50.0,10.0,0.03,336.4,0.0,25.3,855.0,5042.96,10.0,2.0,2.5,NR5G-SA,n79,-93,-93,-10,19,-999,7.7
2026-05-28 11:18:37.106,2026-05-28 11:33:23.567,22.6543177,114.5035997,50.1,9.9,0.05,336.3,0.0,25.3,852.5,5045.47,10.0,2.0,2.5,NR5G-SA,n79,-93,-93,-10,19,-999,6.2
2026-05-28 11:18:37.306,2026-05-28 11:33:23.767,22.6543380,114.5035902,50.1,9.9,-0.03,336.2,0.0,25.3,850.1,5047.93,10.0,2.0,2.5,NR5G-SA,n79,-93,-93,-10,19,-999,6.1
2026-05-28 11:18:37.507,2026-05-28 11:33:23.767,22.6543582,114.5035806,50.1,9.9,0.01,336.1,0.0,26.6,847.6,5050.38,10.0,2.0,2.5,NR5G-SA,n79,-91,-91,-10,20,-999,7.8
2026-05-28 11:18:37.707,2026-05-28 11:33:23.967,22.6543582,114.5035806,50.1,9.9,0.01,336.1,0.0,26.6,847.6,5050.38,10.0,2.0,2.5,NR5G-SA,n79,-91,-91,-10,20,-999,11.4
2026-05-28 11:18:37.907,2026-05-28 11:33:24.167,22.6543786,114.5035710,50.1,9.9,-0.04,336.1,18.7,26.6,845.1,5052.86,10.0,2.0,2.5,NR5G-SA,n79,-91,-91,-10,20,-999,9.1
2026-05-28 11:18:38.108,2026-05-28 11:33:24.567,22.6543991,114.5035615,50.1,9.9,-0.00,336.2,18.7,26.6,842.6,5055.34,10.0,2.0,2.5,NR5G-SA,n79,-96,-96,-10,20,-999,5.8
2026-05-28 11:18:38.308,2026-05-28 11:33:24.767,22.6544199,114.5035520,50.1,10.0,0.01,336.3,18.7,26.6,840.1,5057.86,10.0,2.0,2.5,NR5G-SA,n79,-96,-96,-10,20,-999,5.8
2026-05-28 11:18:38.508,2026-05-28 11:33:24.767,22.6544406,114.5035426,50.1,10.0,-0.00,336.4,18.7,25.2,837.6,5060.35,10.0,2.0,2.5,NR5G-SA,n79,-98,-98,-10,20,-999,10.1
2026-05-28 11:18:38.709,2026-05-28 11:33:24.967,22.6544406,114.5035426,50.1,10.0,-0.00,336.4,18.7,25.2,837.6,5060.35,10.0,2.0,2.5,NR5G-SA,n79,-98,-98,-10,20,-999,18.0
2026-05-28 11:18:38.909,2026-05-28 11:33:25.167,22.6544614,114.5035332,50.1,10.0,0.01,336.3,40.7,25.2,835.1,5062.86,10.0,2.0,2.5,NR5G-SA,n79,-98,-98,-10,20,-999,9.7
2026-05-28 11:18:39.110,2026-05-28 11:33:25.567,22.6544822,114.5035237,50.1,10.0,-0.03,336.1,40.7,25.2,832.6,5065.38,10.0,2.0,2.5,NR5G-SA,n79,-98,-98,-10,20,-999,8.7
2026-05-28 11:18:39.310,2026-05-28 11:33:25.767,22.6545029,114.5035141,50.1,10.0,-0.03,336.0,40.7,25.2,830.1,5067.88,10.0,2.0,2.5,NR5G-SA,n79,-98,-98,-10,20,-999,6.1
2026-05-28 11:18:39.510,2026-05-28 11:33:25.767,22.6545236,114.5035045,50.1,10.0,-0.04,335.9,40.7,22.3,827.6,5070.39,10.0,2.0,2.5,NR5G-SA,n79,-98,-98,-10,20,-999,8.9
2026-05-28 11:18:39.711,2026-05-28 11:33:25.967,22.6545236,114.5035045,50.1,10.0,-0.04,335.9,40.7,22.3,827.6,5070.39,10.0,2.0,2.5,NR5G-SA,n79,-94,-94,-10,20,-999,16.5
2026-05-28 11:18:39.911,2026-05-28 11:33:26.167,22.6545442,114.5034949,50.1,10.0,-0.03,336.0,26.3,22.3,825.1,5072.88,10.0,2.0,2.5,NR5G-SA,n79,-94,-94,-10,20,-999,11.3
2026-05-28 11:18:40.111,2026-05-28 11:33:26.567,22.6545649,114.5034852,50.1,10.0,-0.04,336.0,26.3,22.3,822.6,5075.40,10.0,2.0,2.5,NR5G-SA,n79,-94,-94,-10,20,-999,5.8
2026-05-28 11:18:40.312,2026-05-28 11:33:26.767,22.6545856,114.5034756,50.1,10.0,-0.03,335.9,26.3,22.3,820.1,5077.90,10.0,2.0,2.5,NR5G-SA,n79,-94,-94,-10,20,-999,7.0
2026-05-28 11:18:40.512,2026-05-28 11:33:26.767,22.6546062,114.5034660,50.0,10.0,-0.01,335.9,26.3,23.6,817.6,5080.40,10.0,2.0,2.5,NR5G-SA,n79,-94,-94,-10,20,-999,9.1
2026-05-28 11:18:40.713,2026-05-28 11:33:26.967,22.6546062,114.5034660,50.0,10.0,-0.01,335.9,26.3,23.6,817.6,5080.40,10.0,2.0,2.5,NR5G-SA,n79,-93,-93,-10,20,-999,16.9
2026-05-28 11:18:40.913,2026-05-28 11:33:27.167,22.6546269,114.5034563,50.0,10.0,0.01,336.1,36.6,23.6,815.1,5082.91,10.0,2.0,2.5,NR5G-SA,n79,-93,-93,-10,20,-999,8.7
2026-05-28 11:18:41.114,2026-05-28 11:33:27.567,22.6546475,114.5034467,50.1,10.0,0.03,336.1,36.6,23.6,812.6,5085.40,10.0,2.0,2.5,NR5G-SA,n79,-93,-93,-10,20,-999,8.2
2026-05-28 11:18:41.314,2026-05-28 11:33:27.767,22.6546682,114.5034371,50.1,10.0,0.01,336.1,36.6,23.6,810.1,5087.91,10.0,2.0,2.5,NR5G-SA,n79,-92,-92,-10,20,-999,6.6
2026-05-28 11:18:41.514,2026-05-28 11:33:27.767,22.6546888,114.5034274,50.1,10.0,-0.05,336.0,36.6,24.2,807.6,5090.41,10.0,2.0,2.5,NR5G-SA,n79,-92,-92,-10,20,-999,8.6
2026-05-28 11:18:41.715,2026-05-28 11:33:27.967,22.6546888,114.5034274,50.1,10.0,-0.05,336.0,36.6,24.2,807.6,5090.41,10.0,2.0,2.5,NR5G-SA,n79,-92,-92,-10,20,-999,15.8
2026-05-28 11:18:41.915,2026-05-28 11:33:28.167,22.6547093,114.5034176,50.0,10.0,-0.05,335.9,33.2,24.2,805.1,5092.91,10.0,2.0,2.5,NR5G-SA,n79,-99,-99,-10,20,-999,10.1
2026-05-28 11:18:42.115,2026-05-28 11:33:28.567,22.6547298,114.5034081,50.0,9.9,0.00,335.8,33.2,24.2,802.6,5095.39,10.0,2.0,2.5,NR5G-SA,n79,-99,-99,-10,20,-999,8.0
2026-05-28 11:18:42.316,2026-05-28 11:33:28.767,22.6547503,114.5033985,50.0,9.9,-0.01,335.6,33.2,24.2,800.1,5097.87,10.0,2.0,2.5,NR5G-SA,n79,-99,-99,-10,20,-999,6.0
2026-05-28 11:18:42.516,2026-05-28 11:33:28.767,22.6547709,114.5033889,50.0,10.0,-0.09,335.5,33.2,21.9,797.6,5100.37,10.0,2.0,2.5,NR5G-SA,n79,-92,-92,-10,20,-999,7.0
2026-05-28 11:18:42.716,2026-05-28 11:33:28.967,22.6547709,114.5033889,50.0,10.0,-0.09,335.5,33.2,21.9,797.6,5100.37,10.0,2.0,2.5,NR5G-SA,n79,-92,-92,-10,20,-999,12.3
2026-05-28 11:18:42.917,2026-05-28 11:33:29.167,22.6547916,114.5033792,50.0,10.0,-0.17,335.8,29.3,21.9,795.1,5102.88,10.0,2.0,2.5,NR5G-SA,n79,-98,-98,-10,20,-999,8.1
2026-05-28 11:18:43.117,2026-05-28 11:33:29.567,22.6548124,114.5033697,50.0,10.0,-0.06,336.1,29.3,21.9,792.6,5105.39,10.0,2.0,2.5,NR5G-SA,n79,-98,-98,-10,20,-999,8.2
2026-05-28 11:18:43.317,2026-05-28 11:33:29.767,22.6548332,114.5033600,50.0,10.0,-0.03,336.2,29.3,21.9,790.1,5107.91,10.0,2.0,2.5,NR5G-SA,n79,-98,-98,-10,20,-999,7.7
2026-05-28 11:18:43.518,2026-05-28 11:33:29.767,22.6548539,114.5033504,50.0,10.0,-0.03,336.1,29.3,21.9,787.6,5110.42,10.0,2.0,2.5,NR5G-SA,n79,-91,-91,-10,20,-999,8.7
2026-05-28 11:18:43.718,2026-05-28 11:33:29.967,22.6548539,114.5033504,50.0,10.0,-0.03,336.1,29.3,21.5,787.6,5110.42,10.0,2.0,2.5,NR5G-SA,n79,-91,-91,-10,20,-999,13.6
2026-05-28 11:18:43.918,2026-05-28 11:33:30.167,22.6548745,114.5033407,50.0,10.0,-0.04,336.0,39.2,21.5,785.1,5112.92,10.0,2.0,2.5,NR5G-SA,n79,-91,-91,-10,20,-999,7.0
2026-05-28 11:18:44.119,2026-05-28 11:33:30.567,22.6548951,114.5033310,50.0,9.9,-0.04,336.0,39.2,21.5,782.6,5115.42,10.0,2.0,2.5,NR5G-SA,n79,-94,-94,-10,20,-999,5.4
2026-05-28 11:18:44.319,2026-05-28 11:33:30.767,22.6549158,114.5033214,50.0,10.0,-0.08,336.1,39.2,21.5,780.1,5117.93,10.0,2.0,2.5,NR5G-SA,n79,-94,-94,-10,20,-999,7.0
2026-05-28 11:18:44.519,2026-05-28 11:33:30.767,22.6549364,114.5033118,50.1,9.9,-0.06,336.4,39.2,21.5,777.6,5120.42,10.0,2.0,2.5,NR5G-SA,n79,-94,-94,-10,20,-999,7.3
2026-05-28 11:18:44.719,2026-05-28 11:33:30.967,22.6549364,114.5033118,50.1,9.9,-0.06,336.4,39.2,21.0,777.6,5120.42,10.0,2.0,2.5,NR5G-SA,n79,-93,-93,-10,19,-999,16.5
2026-05-28 11:18:44.920,2026-05-28 11:33:31.167,22.6549571,114.5033023,50.1,10.0,-0.08,336.7,22.6,21.0,775.1,5122.93,10.0,2.0,2.5,NR5G-SA,n79,-93,-93,-10,19,-999,7.0
2026-05-28 11:18:45.120,2026-05-28 11:33:31.567,22.6549778,114.5032928,50.0,10.0,-0.02,336.9,22.6,21.0,772.6,5125.43,10.0,2.0,2.5,NR5G-SA,n79,-94,-94,-10,20,-999,7.2
2026-05-28 11:18:45.320,2026-05-28 11:33:31.767,22.6549986,114.5032832,50.0,10.0,0.02,337.1,22.6,21.0,770.0,5127.95,10.0,2.0,2.5,NR5G-SA,n79,-94,-94,-10,20,-999,6.3
2026-05-28 11:18:45.521,2026-05-28 11:33:31.767,22.6550194,114.5032736,50.1,9.9,0.04,336.8,22.6,21.0,767.5,5130.46,10.0,2.0,2.5,NR5G-SA,n79,-94,-94,-10,20,-999,10.9
2026-05-28 11:18:45.721,2026-05-28 11:33:31.967,22.6550194,114.5032736,50.1,9.9,0.04,336.8,22.6,19.6,767.5,5130.46,10.0,2.0,2.5,NR5G-SA,n79,-95,-95,-10,20,-999,11.4
2026-05-28 11:18:45.921,2026-05-28 11:33:32.167,22.6550400,114.5032641,50.1,9.9,-0.02,336.6,43.0,19.6,765.0,5132.95,10.0,2.0,2.5,NR5G-SA,n79,-95,-95,-10,20,-999,9.3
2026-05-28 11:18:46.121,2026-05-28 11:33:32.567,22.6550606,114.5032546,50.1,9.9,-0.07,336.8,43.0,19.6,762.5,5135.45,10.0,2.0,2.5,NR5G-SA,n79,-95,-95,-10,20,-999,7.7
2026-05-28 11:18:46.322,2026-05-28 11:33:32.767,22.6550813,114.5032451,50.1,10.0,-0.05,337.0,43.0,19.6,760.0,5137.95,10.0,2.0,2.5,NR5G-SA,n79,-98,-98,-10,20,-999,7.6
2026-05-28 11:18:46.522,2026-05-28 11:33:32.767,22.6551019,114.5032357,50.1,9.9,-0.04,336.9,43.0,19.6,757.5,5140.44,10.0,2.0,2.5,NR5G-SA,n79,-98,-98,-10,20,-999,7.8
2026-05-28 11:18:46.722,2026-05-28 11:33:32.967,22.6551019,114.5032357,50.1,9.9,-0.04,336.9,43.0,18.0,757.5,5140.44,10.0,2.0,2.5,NR5G-SA,n79,-98,-98,-10,20,-999,12.9
2026-05-28 11:18:46.923,2026-05-28 11:33:33.167,22.6551226,114.5032262,50.1,10.0,-0.06,337.0,12.8,18.0,755.0,5142.94,10.0,2.0,2.5,NR5G-SA,n79,-87,-87,-10,20,-999,10.0
2026-05-28 11:18:47.123,2026-05-28 11:33:33.567,22.6551433,114.5032166,50.1,9.9,-0.09,337.1,12.8,18.0,752.5,5145.45,10.0,2.0,2.5,NR5G-SA,n79,-87,-87,-10,20,-999,6.8
2026-05-28 11:18:47.323,2026-05-28 11:33:33.767,22.6551639,114.5032070,50.1,10.0,-0.07,337.1,12.8,18.0,750.0,5147.94,10.0,2.0,2.5,NR5G-SA,n79,-91,-91,-10,21,-999,7.0
2026-05-28 11:18:47.524,2026-05-28 11:33:33.767,22.6551845,114.5031975,50.1,10.0,0.00,337.2,12.8,18.0,747.6,5150.43,10.0,2.0,2.5,NR5G-SA,n79,-91,-91,-10,21,-999,8.1
2026-05-28 11:18:47.724,2026-05-28 11:33:33.967,22.6551845,114.5031975,50.1,10.0,0.00,337.2,12.8,18.1,747.6,5150.43,10.0,2.0,2.5,NR5G-SA,n79,-91,-91,-10,21,-999,15.2
2026-05-28 11:18:47.924,2026-05-28 11:33:34.167,22.6552052,114.5031878,50.1,10.0,-0.04,337.3,0.0,18.1,745.0,5152.95,10.0,2.0,2.5,NR5G-SA,n79,-88,-88,-10,21,-999,9.2
2026-05-28 11:18:48.125,2026-05-28 11:33:34.567,22.6552259,114.5031782,50.1,10.0,-0.06,337.3,0.0,18.1,742.5,5155.45,10.0,2.0,2.5,NR5G-SA,n79,-88,-88,-10,21,-999,7.8
2026-05-28 11:18:48.325,2026-05-28 11:33:34.767,22.6552466,114.5031686,50.1,10.0,-0.07,337.5,0.0,18.1,740.0,5157.96,10.0,2.0,2.5,NR5G-SA,n79,-88,-88,-10,21,-999,5.4
2026-05-28 11:18:48.525,2026-05-28 11:33:34.767,22.6552674,114.5031591,50.1,10.0,-0.08,337.5,0.0,18.1,737.5,5160.47,10.0,2.0,2.5,NR5G-SA,n79,-91,-91,-10,21,-999,7.6
2026-05-28 11:18:48.726,2026-05-28 11:33:34.967,22.6552674,114.5031591,50.1,10.0,-0.08,337.5,0.0,17.5,737.5,5160.47,10.0,2.0,2.5,NR5G-SA,n79,-91,-91,-10,21,-999,14.8
2026-05-28 11:18:48.926,2026-05-28 11:33:35.167,22.6552882,114.5031497,50.1,9.9,-0.01,337.4,0.8,17.5,735.0,5162.98,10.0,2.0,2.5,NR5G-SA,n79,-91,-91,-10,21,-999,7.0
2026-05-28 11:18:49.126,2026-05-28 11:33:35.567,22.6553089,114.5031401,50.1,10.0,-0.07,336.9,0.8,17.5,732.5,5165.49,10.0,2.0,2.5,NR5G-SA,n79,-98,-98,-10,21,-999,8.9
2026-05-28 11:18:49.326,2026-05-28 11:33:35.767,22.6553295,114.5031305,50.1,9.9,-0.04,336.5,0.8,17.5,730.0,5167.98,10.0,2.0,2.5,NR5G-SA,n79,-98,-98,-10,21,-999,5.0
2026-05-28 11:18:49.527,2026-05-28 11:33:35.767,22.6553499,114.5031208,50.1,9.9,-0.10,336.4,0.8,17.5,727.5,5170.46,10.0,2.0,2.5,NR5G-SA,n79,-98,-98,-10,21,-999,9.7
2026-05-28 11:18:49.727,2026-05-28 11:33:35.967,22.6553499,114.5031208,50.1,9.9,-0.10,336.4,0.8,17.6,727.5,5170.46,10.0,2.0,2.5,NR5G-SA,n79,-95,-95,-10,21,-999,13.2
2026-05-28 11:18:49.928,2026-05-28 11:33:36.167,22.6553705,114.5031111,50.1,9.9,-0.10,336.5,0.0,17.6,725.0,5172.96,10.0,2.0,2.5,NR5G-SA,n79,-95,-95,-10,21,-999,8.8
2026-05-28 11:18:50.128,2026-05-28 11:33:36.567,22.6553912,114.5031015,50.1,9.9,-0.08,336.5,0.0,17.6,722.5,5175.47,10.0,2.0,2.5,NR5G-SA,n79,-88,-88,-10,21,-999,6.0
2026-05-28 11:18:50.328,2026-05-28 11:33:36.767,22.6554119,114.5030919,50.1,9.9,-0.08,336.4,0.0,17.6,720.0,5177.98,10.0,2.0,2.5,NR5G-SA,n79,-88,-88,-10,21,-999,5.8
2026-05-28 11:18:50.529,2026-05-28 11:33:36.767,22.6554326,114.5030824,50.1,9.9,-0.11,336.6,0.0,17.6,717.5,5180.48,10.0,2.0,2.5,NR5G-SA,n79,-88,-88,-10,21,-999,8.6
2026-05-28 11:18:50.729,2026-05-28 11:33:36.967,22.6554326,114.5030824,50.1,9.9,-0.11,336.6,0.0,16.2,717.5,5180.48,10.0,2.0,2.5,NR5G-SA,n79,-96,-96,-10,22,-999,13.0
2026-05-28 11:18:50.929,2026-05-28 11:33:37.167,22.6554533,114.5030730,50.1,9.9,-0.09,336.9,10.7,16.2,715.0,5182.98,10.0,2.0,2.5,NR5G-SA,n79,-96,-96,-10,22,-999,6.5
2026-05-28 11:18:51.129,2026-05-28 11:33:37.567,22.6554740,114.5030635,50.1,9.9,-0.11,337.0,10.7,16.2,712.5,5185.48,10.0,2.0,2.5,NR5G-SA,n79,-96,-96,-10,22,-999,5.6
2026-05-28 11:18:51.330,2026-05-28 11:33:37.767,22.6554946,114.5030542,50.1,9.9,-0.08,337.4,10.7,16.2,710.0,5187.96,10.0,2.0,2.5,NR5G-SA,n79,-94,-94,-10,22,-999,7.0
2026-05-28 11:18:51.530,2026-05-28 11:33:37.967,22.6555152,114.5030448,50.1,9.9,-0.08,337.4,10.7,16.2,707.5,5190.45,10.0,2.0,2.5,NR5G-SA,n79,-94,-94,-10,22,-999,6.8
2026-05-28 11:18:51.730,2026-05-28 11:33:37.967,22.6555152,114.5030448,50.1,9.9,-0.08,337.4,10.7,16.2,707.5,5190.45,10.0,2.0,2.5,NR5G-SA,n79,-94,-94,-10,22,-999,13.7
2026-05-28 11:18:51.931,2026-05-28 11:33:38.167,22.6555358,114.5030354,50.1,9.9,-0.06,337.4,0.0,16.2,705.0,5192.94,10.0,2.0,2.5,NR5G-SA,n79,-94,-94,-10,23,-999,9.7
2026-05-28 11:18:52.131,2026-05-28 11:33:38.567,22.6555564,114.5030259,50.1,9.9,-0.07,337.6,0.0,16.2,702.6,5195.43,10.0,2.0,2.5,NR5G-SA,n79,-94,-94,-10,23,-999,6.9
2026-05-28 11:18:52.331,2026-05-28 11:33:38.767,22.6555771,114.5030164,50.1,9.9,-0.12,337.8,0.0,16.2,700.1,5197.93,10.0,2.0,2.5,NR5G-SA,n79,-88,-88,-10,24,-999,6.3
2026-05-28 11:18:52.532,2026-05-28 11:33:38.767,22.6555978,114.5030068,50.1,9.9,-0.07,338.1,0.0,16.2,697.5,5200.44,10.0,2.0,2.5,NR5G-SA,n79,-88,-88,-10,24,-999,9.8
2026-05-28 11:18:52.732,2026-05-28 11:33:38.967,22.6555978,114.5030068,50.1,9.9,-0.07,338.1,0.0,16.1,697.5,5200.44,10.0,2.0,2.5,NR5G-SA,n79,-88,-88,-10,24,-999,13.4
2026-05-28 11:18:52.932,2026-05-28 11:33:39.167,22.6556184,114.5029973,50.0,10.0,-0.06,338.4,47.0,16.1,695.1,5202.93,10.0,2.0,2.5,NR5G-SA,n79,-87,-87,-10,24,-999,10.6
2026-05-28 11:18:53.133,2026-05-28 11:33:39.567,22.6556392,114.5029877,50.0,9.9,-0.03,338.5,47.0,16.1,692.5,5205.45,10.0,2.0,2.5,NR5G-SA,n79,-87,-87,-10,24,-999,6.4
2026-05-28 11:18:53.333,2026-05-28 11:33:39.767,22.6556597,114.5029782,50.1,9.9,0.01,338.7,47.0,16.1,690.1,5207.93,10.0,2.0,2.5,NR5G-SA,n79,-87,-87,-10,24,-999,7.3
2026-05-28 11:18:53.533,2026-05-28 11:33:39.967,22.6556801,114.5029685,50.1,9.9,-0.02,338.7,47.0,16.1,687.6,5210.41,10.0,2.0,2.5,NR5G-SA,n79,-94,-94,-10,24,-999,6.3
2026-05-28 11:18:53.733,2026-05-28 11:33:39.967,22.6557006,114.5029589,50.1,9.9,-0.02,338.7,47.0,16.1,685.1,5212.90,10.0,2.0,2.5,NR5G-SA,n79,-94,-94,-10,24,-999,15.0
2026-05-28 11:18:53.934,2026-05-28 11:33:40.167,22.6557006,114.5029589,50.1,9.9,-0.06,338.7,0.0,16.4,685.1,5212.90,10.0,2.0,2.5,NR5G-SA,n79,-94,-94,-10,24,-999,8.1
2026-05-28 11:18:54.134,2026-05-28 11:33:40.567,22.6557212,114.5029491,50.1,9.9,-0.05,338.8,0.0,16.4,682.6,5215.40,10.0,2.0,2.5,NR5G-SA,n79,-95,-95,-10,22,-999,5.9
2026-05-28 11:18:54.335,2026-05-28 11:33:40.767,22.6557419,114.5029394,50.1,10.0,-0.02,338.8,0.0,16.4,680.1,5217.91,10.0,2.0,2.5,NR5G-SA,n79,-95,-95,-10,22,-999,5.9
2026-05-28 11:18:54.535,2026-05-28 11:33:40.967,22.6557625,114.5029298,50.1,10.0,-0.05,338.6,0.0,16.4,677.6,5220.41,10.0,2.0,2.5,NR5G-SA,n79,-95,-95,-10,22,-999,7.9
2026-05-28 11:18:54.735,2026-05-28 11:33:40.967,22.6557625,114.5029298,50.1,10.0,-0.05,338.6,0.0,16.4,677.6,5220.41,10.0,2.0,2.5,NR5G-SA,n79,-95,-95,-10,22,-999,15.8
2026-05-28 11:18:54.936,2026-05-28 11:33:41.167,22.6557833,114.5029203,50.1,9.9,-0.04,338.5,0.0,15.3,675.1,5222.92,10.0,2.0,2.5,NR5G-SA,n79,-95,-95,-10,22,-999,9.9
2026-05-28 11:18:55.136,2026-05-28 11:33:41.567,22.6558039,114.5029108,50.1,10.0,-0.09,338.6,45.9,15.3,672.6,5225.41,10.0,2.0,2.5,NR5G-SA,n79,-95,-95,-10,22,-999,7.7
2026-05-28 11:18:55.336,2026-05-28 11:33:41.767,22.6558245,114.5029014,50.0,10.0,-0.05,338.5,45.9,15.3,670.1,5227.90,10.0,2.0,2.5,NR5G-SA,n79,-95,-95,-10,22,-999,8.1
2026-05-28 11:18:55.537,2026-05-28 11:33:41.967,22.6558452,114.5028920,50.0,9.9,-0.05,338.6,45.9,15.3,667.6,5230.40,10.0,2.0,2.5,NR5G-SA,n79,-95,-95,-10,22,-999,7.3
2026-05-28 11:18:55.737,2026-05-28 11:33:41.967,22.6558659,114.5028825,50.0,9.9,-0.02,339.0,45.9,15.3,665.1,5232.90,10.0,2.0,2.5,NR5G-SA,n79,-93,-93,-10,21,-999,10.3
2026-05-28 11:18:55.937,2026-05-28 11:33:42.167,22.6558659,114.5028825,50.0,9.9,-0.02,339.0,45.9,16.2,665.1,5232.90,10.0,2.0,2.5,NR5G-SA,n79,-93,-93,-10,21,-999,10.0
2026-05-28 11:18:56.137,2026-05-28 11:33:42.567,22.6558866,114.5028731,50.0,10.0,-0.03,339.1,35.1,16.2,662.6,5235.40,10.0,2.0,2.5,NR5G-SA,n79,-93,-93,-10,21,-999,6.6
2026-05-28 11:18:56.338,2026-05-28 11:33:42.767,22.6559071,114.5028637,50.0,9.9,-0.01,339.4,35.1,16.2,660.1,5237.88,10.0,2.0,2.5,NR5G-SA,n79,-92,-92,-10,21,-999,6.7
2026-05-28 11:18:56.538,2026-05-28 11:33:42.767,22.6559277,114.5028541,50.0,9.9,0.03,339.4,35.1,16.2,657.6,5240.38,10.0,2.0,2.5,NR5G-SA,n79,-92,-92,-10,21,-999,7.3
2026-05-28 11:18:56.738,2026-05-28 11:33:42.967,22.6559485,114.5028445,50.0,9.9,0.03,339.4,35.1,16.2,655.1,5242.89,10.0,2.0,2.5,NR5G-SA,n79,-88,-88,-10,21,-999,12.3
2026-05-28 11:18:56.939,2026-05-28 11:33:43.167,22.6559485,114.5028445,50.0,10.0,-0.03,339.4,35.1,16.2,655.1,5242.89,10.0,2.0,2.5,NR5G-SA,n79,-88,-88,-10,21,-999,9.5
2026-05-28 11:18:57.139,2026-05-28 11:33:43.567,22.6559692,114.5028349,50.0,10.0,-0.01,339.3,28.0,16.2,652.6,5245.40,10.0,2.0,2.5,NR5G-SA,n79,-88,-88,-10,21,-999,6.7
2026-05-28 11:18:57.339,2026-05-28 11:33:43.767,22.6559899,114.5028253,50.0,10.0,0.05,339.1,28.0,16.2,650.1,5247.91,10.0,2.0,2.5,NR5G-SA,n79,-90,-90,-10,20,-999,6.7
2026-05-28 11:18:57.540,2026-05-28 11:33:43.967,22.6560104,114.5028156,50.0,10.0,-0.02,338.9,28.0,16.2,647.6,5250.40,10.0,2.0,2.5,NR5G-SA,n79,-90,-90,-10,20,-999,6.1
2026-05-28 11:18:57.740,2026-05-28 11:33:43.967,22.6560309,114.5028058,50.0,10.0,0.01,338.8,28.0,16.2,645.1,5252.89,10.0,2.0,2.5,NR5G-SA,n79,-90,-90,-10,20,-999,9.0
2026-05-28 11:18:57.940,2026-05-28 11:33:44.167,22.6560309,114.5028058,50.0,10.0,0.01,338.8,40.8,17.4,645.1,5252.89,10.0,2.0,2.5,NR5G-SA,n79,-93,-93,-10,20,-999,12.2
2026-05-28 11:18:58.141,2026-05-28 11:33:44.567,22.6560514,114.5027960,50.0,10.0,-0.07,338.6,40.8,17.4,642.6,5255.38,10.0,2.0,2.5,NR5G-SA,n79,-93,-93,-10,20,-999,6.3
2026-05-28 11:18:58.341,2026-05-28 11:33:44.767,22.6560721,114.5027863,50.0,10.0,-0.04,338.6,40.8,17.4,640.1,5257.89,10.0,2.0,2.5,NR5G-SA,n79,-93,-93,-10,20,-999,5.0
2026-05-28 11:18:58.541,2026-05-28 11:33:44.967,22.6560928,114.5027767,50.0,10.0,-0.05,338.6,40.8,17.4,637.6,5260.40,10.0,2.0,2.5,NR5G-SA,n79,-88,-88,-10,21,-999,7.3
2026-05-28 11:18:58.742,2026-05-28 11:33:44.967,22.6560928,114.5027767,50.0,10.0,-0.05,338.6,40.8,17.4,637.6,5260.40,10.0,2.0,2.5,NR5G-SA,n79,-88,-88,-10,21,-999,13.7
2026-05-28 11:18:58.942,2026-05-28 11:33:45.167,22.6561136,114.5027671,50.0,10.0,0.02,338.5,40.8,20.2,635.1,5262.92,10.0,2.0,2.5,NR5G-SA,n79,-88,-88,-10,20,-999,7.8
2026-05-28 11:18:59.142,2026-05-28 11:33:45.567,22.6561344,114.5027575,50.0,10.0,0.06,338.4,19.6,20.2,632.6,5265.43,10.0,2.0,2.5,NR5G-SA,n79,-88,-88,-10,20,-999,8.6
2026-05-28 11:18:59.343,2026-05-28 11:33:45.767,22.6561551,114.5027480,50.0,10.0,0.02,338.4,19.6,20.2,630.1,5267.94,10.0,2.0,2.5,NR5G-SA,n79,-88,-88,-10,20,-999,6.0
2026-05-28 11:18:59.543,2026-05-28 11:33:45.967,22.6561758,114.5027384,50.0,10.0,-0.02,338.3,19.6,20.2,627.5,5270.44,10.0,2.0,2.5,NR5G-SA,n79,-94,-94,-10,20,-999,8.1
2026-05-28 11:18:59.744,2026-05-28 11:33:45.967,22.6561964,114.5027288,50.0,10.0,-0.06,338.4,19.6,20.2,625.0,5272.94,10.0,2.0,2.5,NR5G-SA,n79,-94,-94,-10,20,-999,12.5
2026-05-28 11:18:59.944,2026-05-28 11:33:46.167,22.6561964,114.5027288,50.0,10.0,-0.06,338.4,19.6,22.4,625.0,5272.94,10.0,2.0,2.5,NR5G-SA,n79,-94,-94,-10,20,-999,7.2
2026-05-28 11:19:00.144,2026-05-28 11:33:46.567,22.6562172,114.5027193,50.0,10.0,-0.05,338.4,0.0,22.4,622.5,5275.45,10.0,2.0,2.5,NR5G-SA,n79,-92,-92,-10,20,-999,5.9
2026-05-28 11:19:00.345,2026-05-28 11:33:46.767,22.6562379,114.5027098,50.0,10.0,0.03,338.5,0.0,22.4,620.0,5277.95,10.0,2.0,2.5,NR5G-SA,n79,-92,-92,-10,20,-999,7.1
2026-05-28 11:19:00.545,2026-05-28 11:33:46.767,22.6562586,114.5027003,50.0,9.9,0.07,338.4,0.0,22.4,617.5,5280.46,10.0,2.0,2.5,NR5G-SA,n79,-92,-92,-10,20,-999,8.0
2026-05-28 11:19:00.745,2026-05-28 11:33:46.967,22.6562793,114.5026909,50.0,10.0,0.11,338.2,0.0,22.4,615.0,5282.96,10.0,2.0,2.5,NR5G-SA,n79,-86,-86,-10,20,-999,9.8
2026-05-28 11:19:00.946,2026-05-28 11:33:47.167,22.6562793,114.5026909,50.0,10.0,0.11,338.2,0.0,22.6,615.0,5282.96,10.0,2.0,2.5,NR5G-SA,n79,-86,-86,-10,20,-999,8.8
2026-05-28 11:19:01.146,2026-05-28 11:33:47.567,22.6562998,114.5026814,50.0,9.9,0.03,338.0,9.9,22.6,612.6,5285.44,10.0,2.0,2.5,NR5G-SA,n79,-89,-89,-10,20,-999,8.2
2026-05-28 11:19:01.346,2026-05-28 11:33:47.767,22.6563204,114.5026717,50.0,10.0,0.00,337.8,9.9,22.6,610.1,5287.94,10.0,2.0,2.5,NR5G-SA,n79,-89,-89,-10,20,-999,5.7
2026-05-28 11:19:01.547,2026-05-28 11:33:47.767,22.6563410,114.5026621,50.0,10.0,0.02,337.7,9.9,22.6,607.6,5290.43,10.0,2.0,2.5,NR5G-SA,n79,-89,-89,-10,20,-999,9.2
2026-05-28 11:19:01.747,2026-05-28 11:33:47.967,22.6563616,114.5026524,50.0,9.9,0.06,337.5,9.9,22.6,605.1,5292.93,10.0,2.0,2.5,NR5G-SA,n79,-90,-90,-10,20,-999,8.2
2026-05-28 11:19:01.947,2026-05-28 11:33:48.167,22.6563616,114.5026524,50.0,9.9,0.06,337.5,9.9,24.8,605.1,5292.93,10.0,2.0,2.5,NR5G-SA,n79,-90,-90,-10,20,-999,7.4
2026-05-28 11:19:02.148,2026-05-28 11:33:48.567,22.6563822,114.5026427,50.0,9.9,-0.01,337.5,0.0,24.8,602.6,5295.44,10.0,2.0,2.5,NR5G-SA,n79,-90,-90,-10,20,-999,6.8
2026-05-28 11:19:02.348,2026-05-28 11:33:48.767,22.6564028,114.5026331,50.0,10.0,-0.04,337.4,0.0,24.8,600.1,5297.93,10.0,2.0,2.5,NR5G-SA,n79,-95,-95,-10,20,-999,6.9
2026-05-28 11:19:02.548,2026-05-28 11:33:48.967,22.6564234,114.5026235,50.0,10.0,-0.03,337.2,0.0,24.8,597.6,5300.43,10.0,2.0,2.5,NR5G-SA,n79,-95,-95,-10,20,-999,8.8
2026-05-28 11:19:02.749,2026-05-28 11:33:48.967,22.6564440,114.5026138,50.0,10.0,0.05,337.1,0.0,24.8,595.1,5302.93,10.0,2.0,2.5,NR5G-SA,n79,-95,-95,-10,20,-999,12.6
2026-05-28 11:19:02.949,2026-05-28 11:33:49.167,22.6564440,114.5026138,50.0,10.0,0.05,337.1,0.0,24.8,595.1,5302.93,10.0,2.0,2.5,NR5G-SA,n79,-90,-90,-10,20,-999,9.7
2026-05-28 11:19:03.150,2026-05-28 11:33:49.567,22.6564646,114.5026041,50.0,10.0,0.05,336.8,1.5,25.9,592.6,5305.43,10.0,2.0,2.5,NR5G-SA,n79,-90,-90,-10,20,-999,8.0
2026-05-28 11:19:03.350,2026-05-28 11:33:49.767,22.6564853,114.5025945,50.0,10.0,0.09,336.4,1.5,25.9,590.1,5307.93,10.0,2.0,2.5,NR5G-SA,n79,-85,-85,-10,21,-999,6.5
2026-05-28 11:19:03.550,2026-05-28 11:33:49.967,22.6565058,114.5025848,50.0,9.9,0.12,335.9,1.5,25.9,587.6,5310.42,10.0,2.0,2.5,NR5G-SA,n79,-85,-85,-10,21,-999,6.8
2026-05-28 11:19:03.751,2026-05-28 11:33:49.967,22.6565263,114.5025751,50.0,9.9,0.09,335.5,1.5,25.9,585.1,5312.91,10.0,2.0,2.5,NR5G-SA,n79,-85,-85,-10,21,-999,12.2
2026-05-28 11:19:03.951,2026-05-28 11:33:50.167,22.6565263,114.5025751,50.0,9.9,0.09,335.5,1.5,25.9,585.1,5312.91,10.0,2.0,2.5,NR5G-SA,n79,-96,-96,-10,21,-999,11.0
2026-05-28 11:19:04.151,2026-05-28 11:33:50.567,22.6565468,114.5025655,50.0,10.0,0.03,335.3,0.0,24.3,582.6,5315.40,10.0,2.0,2.5,NR5G-SA,n79,-96,-96,-10,21,-999,6.4
2026-05-28 11:19:04.352,2026-05-28 11:33:50.767,22.6565674,114.5025559,50.0,10.0,-0.02,335.2,0.0,24.3,580.1,5317.90,10.0,2.0,2.5,NR5G-SA,n79,-96,-96,-10,21,-999,5.3
2026-05-28 11:19:04.552,2026-05-28 11:33:50.967,22.6565882,114.5025463,50.0,10.0,0.00,335.2,0.0,24.3,577.6,5320.41,10.0,2.0,2.5,NR5G-SA,n79,-97,-97,-10,21,-999,6.5
2026-05-28 11:19:04.752,2026-05-28 11:33:50.967,22.6566089,114.5025368,50.0,10.0,-0.01,335.2,0.0,24.3,575.1,5322.92,10.0,2.0,2.5,NR5G-SA,n79,-97,-97,-10,21,-999,11.1
2026-05-28 11:19:04.953,2026-05-28 11:33:51.167,22.6566089,114.5025368,50.0,10.0,-0.01,335.2,0.0,24.3,575.1,5322.92,10.0,2.0,2.5,NR5G-SA,n79,-97,-97,-10,21,-999,8.2
2026-05-28 11:19:05.153,2026-05-28 11:33:51.567,22.6566297,114.5025273,50.0,9.9,0.06,335.1,13.8,24.0,572.6,5325.43,10.0,2.0,2.5,NR5G-SA,n79,-86,-86,-10,22,-999,6.7
2026-05-28 11:19:05.353,2026-05-28 11:33:51.767,22.6566505,114.5025179,50.0,10.0,-0.02,335.0,13.8,24.0,570.1,5327.94,10.0,2.0,2.5,NR5G-SA,n79,-86,-86,-10,22,-999,6.2
2026-05-28 11:19:05.554,2026-05-28 11:33:51.967,22.6566712,114.5025084,50.0,10.0,-0.01,335.2,13.8,24.0,567.5,5330.44,10.0,2.0,2.5,NR5G-SA,n79,-86,-86,-10,22,-999,5.8
2026-05-28 11:19:05.754,2026-05-28 11:33:51.967,22.6566919,114.5024988,50.0,9.9,0.03,335.3,13.8,24.0,565.0,5332.95,10.0,2.0,2.5,NR5G-SA,n79,-90,-90,-10,21,-999,13.4
2026-05-28 11:19:05.954,2026-05-28 11:33:52.167,22.6566919,114.5024988,50.0,9.9,0.03,335.3,13.8,24.0,565.0,5332.95,10.0,2.0,2.5,NR5G-SA,n79,-90,-90,-10,21,-999,8.4
2026-05-28 11:19:06.155,2026-05-28 11:33:52.567,22.6567126,114.5024893,50.0,10.0,-0.03,335.4,42.5,24.8,562.5,5335.45,10.0,2.0,2.5,NR5G-SA,n79,-91,-91,-10,21,-999,7.2
2026-05-28 11:19:06.355,2026-05-28 11:33:52.767,22.6567333,114.5024796,50.0,10.0,-0.00,335.5,42.5,24.8,560.0,5337.96,10.0,2.0,2.5,NR5G-SA,n79,-91,-91,-10,21,-999,5.4
2026-05-28 11:19:06.556,2026-05-28 11:33:52.967,22.6567539,114.5024701,50.0,10.0,-0.00,335.6,42.5,24.8,557.5,5340.45,10.0,2.0,2.5,NR5G-SA,n79,-91,-91,-10,21,-999,6.5
2026-05-28 11:19:06.756,2026-05-28 11:33:52.967,22.6567748,114.5024604,50.0,10.0,-0.00,335.6,42.5,24.8,555.0,5342.98,10.0,2.0,2.5,NR5G-SA,n79,-94,-94,-10,21,-999,11.8
2026-05-28 11:19:06.956,2026-05-28 11:33:53.167,22.6567748,114.5024604,50.0,10.0,-0.00,335.6,42.5,24.8,555.0,5342.98,10.0,2.0,2.5,NR5G-SA,n79,-94,-94,-10,21,-999,7.2
2026-05-28 11:19:07.157,2026-05-28 11:33:53.567,22.6567952,114.5024509,50.0,9.9,0.03,335.7,23.3,25.5,552.5,5345.45,10.0,2.0,2.5,NR5G-SA,n79,-94,-94,-10,21,-999,5.8
2026-05-28 11:19:07.357,2026-05-28 11:33:53.767,22.6568158,114.5024415,50.0,9.9,0.07,335.8,23.3,25.5,550.0,5347.94,10.0,2.0,2.5,NR5G-SA,n79,-91,-91,-10,21,-999,5.7
2026-05-28 11:19:07.557,2026-05-28 11:33:53.967,22.6568363,114.5024319,50.0,9.9,0.00,336.0,23.3,25.5,547.6,5350.43,10.0,2.0,2.5,NR5G-SA,n79,-91,-91,-10,21,-999,6.1
2026-05-28 11:19:07.758,2026-05-28 11:33:53.967,22.6568568,114.5024224,50.0,9.9,0.03,336.3,23.3,25.5,545.1,5352.91,10.0,2.0,2.5,NR5G-SA,n79,-91,-91,-10,21,-999,9.0
2026-05-28 11:19:07.958,2026-05-28 11:33:54.167,22.6568568,114.5024224,50.0,9.9,0.03,336.3,23.3,25.5,545.1,5352.91,10.0,2.0,2.5,NR5G-SA,n79,-98,-98,-10,21,-999,11.4
2026-05-28 11:19:08.159,2026-05-28 11:33:54.567,22.6568775,114.5024130,50.0,9.9,-0.01,336.4,37.1,24.7,542.6,5355.41,10.0,2.0,2.5,NR5G-SA,n79,-98,-98,-10,21,-999,9.2
2026-05-28 11:19:08.359,2026-05-28 11:33:54.767,22.6568983,114.5024037,50.0,9.9,0.06,336.7,37.1,24.7,540.1,5357.91,10.0,2.0,2.5,NR5G-SA,n79,-90,-90,-10,21,-999,5.9
2026-05-28 11:19:08.559,2026-05-28 11:33:54.967,22.6569191,114.5023944,50.0,10.0,-0.02,336.9,37.1,24.7,537.6,5360.42,10.0,2.0,2.5,NR5G-SA,n79,-90,-90,-10,21,-999,6.7
2026-05-28 11:19:08.760,2026-05-28 11:33:54.967,22.6569398,114.5023850,50.0,9.9,-0.03,337.0,37.1,24.7,535.1,5362.92,10.0,2.0,2.5,NR5G-SA,n79,-90,-90,-10,21,-999,10.7
2026-05-28 11:19:08.960,2026-05-28 11:33:55.167,22.6569398,114.5023850,50.0,9.9,-0.03,337.0,37.1,24.7,535.1,5362.92,10.0,2.0,2.5,NR5G-SA,n79,-89,-89,-10,21,-999,9.0
2026-05-28 11:19:09.160,2026-05-28 11:33:55.567,22.6569604,114.5023755,50.0,9.9,-0.01,337.0,31.8,24.6,532.6,5365.41,10.0,2.0,2.5,NR5G-SA,n79,-89,-89,-10,21,-999,6.1
2026-05-28 11:19:09.361,2026-05-28 11:33:55.767,22.6569809,114.5023659,50.1,9.9,0.00,337.1,31.8,24.6,530.1,5367.90,10.0,2.0,2.5,NR5G-SA,n79,-89,-89,-10,21,-999,6.3
2026-05-28 11:19:09.561,2026-05-28 11:33:55.967,22.6570014,114.5023563,50.1,9.9,0.06,337.1,31.8,24.6,527.6,5370.38,10.0,2.0,2.5,NR5G-SA,n79,-95,-95,-11,21,-999,5.6
2026-05-28 11:19:09.762,2026-05-28 11:33:55.967,22.6570220,114.5023467,50.1,9.9,-0.02,337.1,31.8,24.6,525.1,5372.88,10.0,2.0,2.5,NR5G-SA,n79,-95,-95,-11,21,-999,10.2
2026-05-28 11:19:09.962,2026-05-28 11:33:56.167,22.6570220,114.5023467,50.1,9.9,-0.02,337.1,31.8,24.6,525.1,5372.88,10.0,2.0,2.5,NR5G-SA,n79,-95,-95,-11,21,-999,13.4
2026-05-28 11:19:10.162,2026-05-28 11:33:56.567,22.6570425,114.5023370,50.1,9.9,-0.04,337.0,29.8,24.6,522.6,5375.37,10.0,2.0,2.5,NR5G-SA,n79,-94,-94,-10,21,-999,9.5
2026-05-28 11:19:10.363,2026-05-28 11:33:56.767,22.6570630,114.5023273,50.1,9.9,-0.05,337.0,29.8,25.2,520.1,5377.86,10.0,2.0,2.5,NR5G-SA,n79,-94,-94,-10,21,-999,5.1
2026-05-28 11:19:10.563,2026-05-28 11:33:56.967,22.6570837,114.5023176,50.1,9.9,-0.01,337.1,29.8,25.2,517.6,5380.37,10.0,2.0,2.5,NR5G-SA,n79,-94,-94,-10,22,-999,8.1
2026-05-28 11:19:10.764,2026-05-28 11:33:56.967,22.6571043,114.5023079,50.1,9.9,-0.01,337.0,29.8,25.2,515.1,5382.87,10.0,2.0,2.5,NR5G-SA,n79,-94,-94,-10,22,-999,12.0
2026-05-28 11:19:10.964,2026-05-28 11:33:57.167,22.6571043,114.5023079,50.1,9.9,-0.01,337.0,29.8,25.2,515.1,5382.87,10.0,2.0,2.5,NR5G-SA,n79,-94,-94,-10,22,-999,9.2
2026-05-28 11:19:11.164,2026-05-28 11:33:57.567,22.6571250,114.5022983,50.1,9.9,-0.07,336.9,40.1,25.2,512.6,5385.38,10.0,2.0,2.5,NR5G-SA,n79,-90,-90,-10,22,-999,6.6
2026-05-28 11:19:11.365,2026-05-28 11:33:57.767,22.6571457,114.5022887,50.1,10.0,-0.11,337.0,40.1,27.8,510.1,5387.88,10.0,2.0,2.5,NR5G-SA,n79,-90,-90,-10,22,-999,7.2
2026-05-28 11:19:11.565,2026-05-28 11:33:57.967,22.6571663,114.5022792,50.1,9.9,-0.04,337.1,40.1,27.8,507.6,5390.37,10.0,2.0,2.5,NR5G-SA,n79,-90,-90,-10,22,-999,6.3
2026-05-28 11:19:11.765,2026-05-28 11:33:57.967,22.6571871,114.5022697,50.1,10.0,-0.08,337.2,40.1,27.8,505.1,5392.89,10.0,2.0,2.5,NR5G-SA,n79,-88,-88,-10,22,-999,9.1
2026-05-28 11:19:11.966,2026-05-28 11:33:58.167,22.6571871,114.5022697,50.1,10.0,-0.08,337.2,40.1,27.8,505.1,5392.89,10.0,2.0,2.5,NR5G-SA,n79,-88,-88,-10,22,-999,11.1
2026-05-28 11:19:12.166,2026-05-28 11:33:58.567,22.6572077,114.5022602,50.1,10.0,-0.10,337.2,26.0,27.8,502.6,5395.38,10.0,2.0,2.5,NR5G-SA,n79,-88,-88,-10,22,-999,6.9
2026-05-28 11:19:12.366,2026-05-28 11:33:58.767,22.6572282,114.5022506,50.0,10.0,-0.05,337.2,26.0,25.0,500.1,5397.87,10.0,2.0,2.5,NR5G-SA,n79,-94,-94,-10,22,-999,7.6
2026-05-28 11:19:12.567,2026-05-28 11:33:58.967,22.6572489,114.5022410,50.0,10.0,-0.02,337.1,26.0,25.0,497.6,5400.37,10.0,2.0,2.5,NR5G-SA,n79,-94,-94,-10,22,-999,6.5
2026-05-28 11:19:12.767,2026-05-28 11:33:58.967,22.6572696,114.5022315,50.0,10.0,-0.01,337.1,26.0,25.0,495.1,5402.87,10.0,2.0,2.5,NR5G-SA,n79,-94,-94,-10,22,-999,10.1
2026-05-28 11:19:12.967,2026-05-28 11:33:59.167,22.6572696,114.5022315,50.0,10.0,-0.01,337.1,26.0,25.0,495.1,5402.87,10.0,2.0,2.5,NR5G-SA,n79,-94,-94,-10,22,-999,13.7
2026-05-28 11:19:13.168,2026-05-28 11:33:59.567,22.6572903,114.5022219,50.0,10.0,-0.03,337.1,41.3,25.0,492.6,5405.38,10.0,2.0,2.5,NR5G-SA,n79,-94,-94,-10,22,-999,8.0
2026-05-28 11:19:13.368,2026-05-28 11:33:59.767,22.6573110,114.5022123,50.0,10.0,-0.02,337.1,41.3,23.4,490.1,5407.89,10.0,2.0,2.5,NR5G-SA,n79,-87,-87,-10,22,-999,6.3
2026-05-28 11:19:13.569,2026-05-28 11:33:59.967,22.6573317,114.5022027,50.0,10.0,-0.03,337.2,41.3,23.4,487.6,5410.39,10.0,2.0,2.5,NR5G-SA,n79,-87,-87,-10,22,-999,6.6
2026-05-28 11:19:13.769,2026-05-28 11:33:59.967,22.6573523,114.5021931,50.0,10.0,-0.02,337.3,41.3,23.4,485.1,5412.89,10.0,2.0,2.5,NR5G-SA,n79,-87,-87,-10,22,-999,9.9
2026-05-28 11:19:13.969,2026-05-28 11:34:00.167,22.6573523,114.5021931,50.0,10.0,-0.02,337.3,41.3,23.4,485.1,5412.89,10.0,2.0,2.5,NR5G-SA,n79,-90,-90,-10,22,-999,7.3
2026-05-28 11:19:14.170,2026-05-28 11:34:00.567,22.6573729,114.5021835,50.0,10.0,0.00,337.4,17.9,23.4,482.6,5415.39,10.0,2.0,2.5,NR5G-SA,n79,-90,-90,-10,22,-999,7.2
2026-05-28 11:19:14.370,2026-05-28 11:34:00.767,22.6573937,114.5021740,50.0,10.0,-0.04,337.6,17.9,22.3,480.1,5417.90,10.0,2.0,2.5,NR5G-SA,n79,-90,-90,-10,22,-999,6.8
2026-05-28 11:19:14.571,2026-05-28 11:34:00.967,22.6574144,114.5021646,50.0,10.0,0.03,337.9,17.9,22.3,477.6,5420.40,10.0,2.0,2.5,NR5G-SA,n79,-94,-94,-10,23,-999,6.5
2026-05-28 11:19:14.771,2026-05-28 11:34:01.167,22.6574350,114.5021550,50.0,10.0,-0.04,338.0,17.9,22.3,475.1,5422.89,10.0,2.0,2.5,NR5G-SA,n79,-94,-94,-10,23,-999,8.1
2026-05-28 11:19:14.971,2026-05-28 11:34:01.167,22.6574350,114.5021550,50.0,10.0,-0.04,338.0,17.9,22.3,475.1,5422.89,10.0,2.0,2.5,NR5G-SA,n79,-92,-92,-10,23,-999,13.0
2026-05-28 11:19:15.172,2026-05-28 11:34:01.567,22.6574556,114.5021455,50.0,9.9,0.04,338.0,0.0,22.3,472.6,5425.39,10.0,2.0,2.5,NR5G-SA,n79,-92,-92,-10,23,-999,7.9
2026-05-28 11:19:15.372,2026-05-28 11:34:01.767,22.6574762,114.5021357,50.0,10.0,-0.00,338.1,0.0,20.2,470.1,5427.89,10.0,2.0,2.5,NR5G-SA,n79,-92,-92,-10,23,-999,6.0
2026-05-28 11:19:15.572,2026-05-28 11:34:01.967,22.6574969,114.5021260,50.0,9.9,0.09,337.9,0.0,20.2,467.6,5430.40,10.0,2.0,2.5,NR5G-SA,n79,-94,-94,-10,23,-999,5.2
2026-05-28 11:19:15.773,2026-05-28 11:34:01.967,22.6575176,114.5021164,50.0,10.0,0.03,337.7,0.0,20.2,465.1,5432.91,10.0,2.0,2.5,NR5G-SA,n79,-94,-94,-10,23,-999,9.2
2026-05-28 11:19:15.973,2026-05-28 11:34:02.167,22.6575383,114.5021069,50.0,10.0,0.03,337.6,0.0,20.2,462.6,5435.41,10.0,2.0,2.5,NR5G-SA,n79,-94,-94,-10,23,-999,11.6
2026-05-28 11:19:16.173,2026-05-28 11:34:02.567,22.6575383,114.5021069,50.0,10.0,-0.01,337.6,7.3,20.2,462.6,5435.41,10.0,2.0,2.5,NR5G-SA,n79,-92,-92,-10,23,-999,6.1
2026-05-28 11:19:16.374,2026-05-28 11:34:02.767,22.6575591,114.5020973,50.1,10.0,0.00,337.5,7.3,16.0,460.1,5437.93,10.0,2.0,2.5,NR5G-SA,n79,-92,-92,-10,23,-999,6.4
2026-05-28 11:19:16.574,2026-05-28 11:34:02.967,22.6575800,114.5020878,50.0,10.0,-0.01,337.4,7.3,16.0,457.5,5440.45,10.0,2.0,2.5,NR5G-SA,n79,-92,-92,-10,23,-999,6.3
2026-05-28 11:19:16.775,2026-05-28 11:34:02.967,22.6576007,114.5020782,50.0,10.0,0.00,337.5,7.3,16.0,455.0,5442.96,10.0,2.0,2.5,NR5G-SA,n79,-95,-95,-10,23,-999,9.0
2026-05-28 11:19:16.975,2026-05-28 11:34:03.167,22.6576213,114.5020687,50.0,10.0,0.00,337.6,7.3,16.0,452.5,5445.45,10.0,2.0,2.5,NR5G-SA,n79,-95,-95,-10,23,-999,10.5
2026-05-28 11:19:17.175,2026-05-28 11:34:03.567,22.6576213,114.5020687,50.0,10.0,-0.05,337.6,0.0,16.0,452.5,5445.45,10.0,2.0,2.5,NR5G-SA,n79,-90,-90,-10,23,-999,7.6
2026-05-28 11:19:17.376,2026-05-28 11:34:03.767,22.6576421,114.5020592,50.0,9.9,0.01,337.6,0.0,17.3,450.0,5447.96,10.0,2.0,2.5,NR5G-SA,n79,-90,-90,-10,23,-999,7.3
2026-05-28 11:19:17.576,2026-05-28 11:34:03.967,22.6576628,114.5020496,50.0,10.0,-0.02,337.7,0.0,17.3,447.5,5450.47,10.0,2.0,2.5,NR5G-SA,n79,-90,-90,-10,23,-999,6.4
2026-05-28 11:19:17.776,2026-05-28 11:34:04.167,22.6576834,114.5020399,50.0,10.0,0.01,337.8,0.0,17.3,445.0,5452.97,10.0,2.0,2.5,NR5G-SA,n79,-84,-84,-10,23,-999,8.8
2026-05-28 11:19:17.977,2026-05-28 11:34:04.167,22.6576834,114.5020399,50.0,10.0,0.01,337.8,0.0,17.3,445.0,5452.97,10.0,2.0,2.5,NR5G-SA,n79,-84,-84,-10,23,-999,13.5
2026-05-28 11:19:18.177,2026-05-28 11:34:04.567,22.6577041,114.5020302,50.0,9.9,0.04,337.9,4.6,17.3,442.5,5455.48,10.0,2.0,2.5,NR5G-SA,n79,-84,-84,-10,23,-999,6.0
2026-05-28 11:19:18.377,2026-05-28 11:34:04.767,22.6577247,114.5020207,50.0,10.0,-0.01,337.8,4.6,17.4,440.0,5457.97,10.0,2.0,2.5,NR5G-SA,n79,-89,-89,-10,23,-999,6.3
2026-05-28 11:19:18.578,2026-05-28 11:34:04.967,22.6577454,114.5020111,50.0,9.9,0.03,337.8,4.6,17.4,437.5,5460.48,10.0,2.0,2.5,NR5G-SA,n79,-89,-89,-10,23,-999,7.0
2026-05-28 11:19:18.778,2026-05-28 11:34:05.167,22.6577661,114.5020015,50.0,9.9,-0.02,337.7,4.6,17.4,435.0,5462.98,10.0,2.0,2.5,NR5G-SA,n79,-89,-89,-10,23,-999,7.5
2026-05-28 11:19:18.979,2026-05-28 11:34:05.167,22.6577867,114.5019918,50.0,9.9,-0.02,337.8,4.6,17.4,432.5,5465.48,10.0,2.0,2.5,NR5G-SA,n79,-91,-91,-10,23,-999,12.0
2026-05-28 11:19:19.179,2026-05-28 11:34:05.567,22.6577867,114.5019918,50.0,9.9,0.04,337.8,0.0,17.4,432.5,5465.48,10.0,2.0,2.5,NR5G-SA,n79,-91,-91,-10,23,-999,6.6
2026-05-28 11:19:19.379,2026-05-28 11:34:05.767,22.6578074,114.5019822,50.0,10.0,0.02,337.7,0.0,17.4,430.0,5467.99,10.0,2.0,2.5,NR5G-SA,n79,-89,-89,-10,23,-999,7.0
2026-05-28 11:19:19.579,2026-05-28 11:34:05.967,22.6578280,114.5019725,50.0,9.9,0.02,337.6,0.0,18.4,427.5,5470.49,10.0,2.0,2.5,NR5G-SA,n79,-89,-89,-10,23,-999,6.0
2026-05-28 11:19:19.780,2026-05-28 11:34:06.167,22.6578485,114.5019629,50.0,9.9,0.01,337.3,0.0,18.4,425.0,5472.98,10.0,2.0,2.5,NR5G-SA,n79,-89,-89,-10,23,-999,7.9
2026-05-28 11:19:19.980,2026-05-28 11:34:06.167,22.6578485,114.5019629,50.0,9.9,0.01,337.3,0.0,18.4,425.0,5472.98,10.0,2.0,2.5,NR5G-SA,n79,-93,-93,-10,23,-999,14.1
2026-05-28 11:19:20.180,2026-05-28 11:34:06.567,22.6578691,114.5019533,50.0,9.9,0.01,337.3,28.4,18.4,422.5,5475.47,10.0,2.0,2.5,NR5G-SA,n79,-93,-93,-10,23,-999,6.5
2026-05-28 11:19:20.381,2026-05-28 11:34:06.767,22.6578897,114.5019437,50.0,9.9,-0.01,337.4,28.4,18.4,420.0,5477.97,10.0,2.0,2.5,NR5G-SA,n79,-93,-93,-10,23,-999,5.9
2026-05-28 11:19:20.581,2026-05-28 11:34:06.967,22.6579103,114.5019340,50.0,10.0,0.00,337.6,28.4,17.8,417.5,5480.47,10.0,2.0,2.5,NR5G-SA,n79,-94,-94,-10,23,-999,5.7
2026-05-28 11:19:20.781,2026-05-28 11:34:07.167,22.6579309,114.5019243,50.0,9.9,-0.01,337.7,28.4,17.8,415.0,5482.97,10.0,2.0,2.5,NR5G-SA,n79,-94,-94,-10,23,-999,7.4
2026-05-28 11:19:20.982,2026-05-28 11:34:07.167,22.6579515,114.5019148,50.0,9.9,-0.01,337.7,28.4,17.8,412.5,5485.46,10.0,2.0,2.5,NR5G-SA,n79,-94,-94,-10,23,-999,11.9
2026-05-28 11:19:21.182,2026-05-28 11:34:07.567,22.6579515,114.5019148,50.0,9.9,-0.02,337.7,58.8,17.8,412.5,5485.46,10.0,2.0,2.5,NR5G-SA,n79,-92,-92,-10,23,-999,6.4
2026-05-28 11:19:21.382,2026-05-28 11:34:07.767,22.6579720,114.5019052,50.0,9.9,-0.00,337.8,58.8,17.8,410.0,5487.95,10.0,2.0,2.5,NR5G-SA,n79,-92,-92,-10,23,-999,5.8
2026-05-28 11:19:21.583,2026-05-28 11:34:07.967,22.6579925,114.5018957,50.0,9.9,0.00,337.9,58.8,20.4,407.6,5490.43,10.0,2.0,2.5,NR5G-SA,n79,-92,-92,-10,23,-999,7.3
2026-05-28 11:19:21.783,2026-05-28 11:34:08.167,22.6580131,114.5018862,50.0,10.0,-0.02,338.1,58.8,20.4,405.1,5492.92,10.0,2.0,2.5,NR5G-SA,n79,-86,-86,-10,23,-999,8.2
2026-05-28 11:19:21.983,2026-05-28 11:34:08.167,22.6580338,114.5018768,50.0,9.9,0.02,338.1,58.8,20.4,402.6,5495.42,10.0,2.0,2.5,NR5G-SA,n79,-86,-86,-10,23,-999,8.6
2026-05-28 11:19:22.184,2026-05-28 11:34:08.567,22.6580338,114.5018768,50.0,9.9,0.02,338.1,39.4,20.4,402.6,5495.42,10.0,2.0,2.5,NR5G-SA,n79,-82,-82,-10,23,-999,6.4
2026-05-28 11:19:22.384,2026-05-28 11:34:08.767,22.6580544,114.5018673,50.0,10.0,0.06,338.2,39.4,20.4,400.1,5497.91,10.0,2.0,2.5,NR5G-SA,n79,-82,-82,-10,23,-999,5.7
2026-05-28 11:19:22.584,2026-05-28 11:34:08.967,22.6580750,114.5018578,50.0,10.0,0.04,338.1,39.4,20.0,397.6,5500.40,10.0,2.0,2.5,NR5G-SA,n79,-82,-82,-10,23,-999,6.2
2026-05-28 11:19:22.784,2026-05-28 11:34:09.167,22.6580957,114.5018482,50.0,10.0,0.01,338.0,39.4,20.0,395.1,5502.91,10.0,2.0,2.5,NR5G-SA,n79,-93,-93,-10,22,-999,5.1
2026-05-28 11:19:22.985,2026-05-28 11:34:09.167,22.6581164,114.5018386,50.0,10.0,0.03,338.0,39.4,20.0,392.6,5505.42,10.0,2.0,2.5,NR5G-SA,n79,-93,-93,-10,22,-999,10.1
2026-05-28 11:19:23.185,2026-05-28 11:34:09.567,22.6581164,114.5018386,50.0,10.0,0.03,338.0,39.4,20.0,392.6,5505.42,10.0,2.0,2.5,NR5G-SA,n79,-93,-93,-10,22,-999,7.7
2026-05-28 11:19:23.386,2026-05-28 11:34:09.767,22.6581370,114.5018291,50.1,10.0,0.05,337.7,100.0,20.0,390.1,5507.91,10.0,2.0,2.5,NR5G-SA,n79,-93,-93,-10,21,-999,7.7
2026-05-28 11:19:23.586,2026-05-28 11:34:09.967,22.6581578,114.5018194,50.1,10.0,0.01,337.4,100.0,19.9,387.6,5510.43,10.0,2.0,2.5,NR5G-SA,n79,-93,-93,-10,21,-999,6.3
2026-05-28 11:19:23.786,2026-05-28 11:34:10.167,22.6581785,114.5018098,50.1,10.0,0.01,337.2,100.0,19.9,385.1,5512.94,10.0,2.0,2.5,NR5G-SA,n79,-93,-93,-10,21,-999,6.2
2026-05-28 11:19:23.987,2026-05-28 11:34:10.167,22.6581993,114.5018003,50.1,10.0,-0.02,337.0,100.0,19.9,382.5,5515.45,10.0,2.0,2.5,NR5G-SA,n79,-88,-88,-10,22,-999,9.4
2026-05-28 11:19:24.187,2026-05-28 11:34:10.567,22.6581993,114.5018003,50.1,10.0,-0.02,337.0,100.0,19.9,382.5,5515.45,10.0,2.0,2.5,NR5G-SA,n79,-88,-88,-10,22,-999,5.9
2026-05-28 11:19:24.387,2026-05-28 11:34:10.767,22.6582201,114.5017907,50.1,9.9,0.01,336.7,32.1,19.9,380.0,5517.97,10.0,2.0,2.5,NR5G-SA,n79,-89,-89,-10,21,-999,6.0
2026-05-28 11:19:24.588,2026-05-28 11:34:10.967,22.6582408,114.5017810,50.0,10.0,0.03,336.5,32.1,19.8,377.5,5520.48,10.0,2.0,2.5,NR5G-SA,n79,-89,-89,-10,21,-999,5.6
2026-05-28 11:19:24.788,2026-05-28 11:34:11.167,22.6582616,114.5017714,50.0,9.9,-0.05,336.4,32.1,19.8,375.0,5522.99,10.0,2.0,2.5,NR5G-SA,n79,-89,-89,-10,21,-999,7.7
2026-05-28 11:19:24.988,2026-05-28 11:34:11.167,22.6582823,114.5017619,50.0,9.9,-0.05,336.8,32.1,19.8,372.5,5525.50,10.0,2.0,2.5,NR5G-SA,n79,-90,-90,-10,22,-999,9.2
2026-05-28 11:19:25.189,2026-05-28 11:34:11.567,22.6582823,114.5017619,50.0,9.9,-0.05,336.8,32.1,19.8,372.5,5525.50,10.0,2.0,2.5,NR5G-SA,n79,-90,-90,-10,22,-999,6.7
2026-05-28 11:19:25.389,2026-05-28 11:34:11.767,22.6583029,114.5017523,50.0,10.0,-0.03,337.0,31.0,19.8,370.0,5527.99,10.0,2.0,2.5,NR5G-SA,n79,-90,-90,-10,22,-999,6.2
2026-05-28 11:19:25.589,2026-05-28 11:34:11.967,22.6583236,114.5017428,50.0,10.0,-0.05,337.2,31.0,20.3,367.5,5530.50,10.0,2.0,2.5,NR5G-SA,n79,-91,-91,-10,21,-999,6.9
2026-05-28 11:19:25.790,2026-05-28 11:34:11.967,22.6583443,114.5017334,50.0,9.9,0.00,337.3,31.0,20.3,365.0,5532.99,10.0,2.0,2.5,NR5G-SA,n79,-91,-91,-10,21,-999,9.7
2026-05-28 11:19:25.990,2026-05-28 11:34:12.167,22.6583650,114.5017239,50.0,10.0,-0.02,337.3,31.0,20.3,362.5,5535.50,10.0,2.0,2.5,NR5G-SA,n79,-91,-91,-10,21,-999,8.3
2026-05-28 11:19:26.190,2026-05-28 11:34:12.567,22.6583650,114.5017239,50.0,10.0,-0.02,337.3,31.0,20.3,362.5,5535.50,10.0,2.0,2.5,NR5G-SA,n79,-95,-95,-10,21,-999,8.8
2026-05-28 11:19:26.391,2026-05-28 11:34:12.767,22.6583857,114.5017145,50.1,10.0,-0.06,337.2,38.0,20.3,360.0,5537.99,10.0,2.0,2.5,NR5G-SA,n79,-95,-95,-10,21,-999,7.4
2026-05-28 11:19:26.591,2026-05-28 11:34:12.967,22.6584064,114.5017050,50.1,10.0,-0.04,337.2,38.0,18.4,357.5,5540.50,10.0,2.0,2.5,NR5G-SA,n79,-90,-90,-10,22,-999,7.9
2026-05-28 11:19:26.791,2026-05-28 11:34:13.167,22.6584271,114.5016954,50.1,9.9,0.02,337.2,38.0,18.4,355.0,5543.00,10.0,2.0,2.5,NR5G-SA,n79,-90,-90,-10,22,-999,8.4
2026-05-28 11:19:26.992,2026-05-28 11:34:13.167,22.6584477,114.5016858,50.1,9.9,0.01,337.2,38.0,18.4,352.5,5545.50,10.0,2.0,2.5,NR5G-SA,n79,-90,-90,-10,22,-999,8.5
2026-05-28 11:19:27.192,2026-05-28 11:34:13.567,22.6584477,114.5016858,50.1,9.9,0.01,337.2,38.0,18.4,352.5,5545.50,10.0,2.0,2.5,NR5G-SA,n79,-92,-92,-10,21,-999,7.3
2026-05-28 11:19:27.392,2026-05-28 11:34:13.767,22.6584682,114.5016761,50.1,9.9,-0.04,337.2,23.5,18.4,350.0,5547.99,10.0,2.0,2.5,NR5G-SA,n79,-92,-92,-10,21,-999,5.7
2026-05-28 11:19:27.593,2026-05-28 11:34:13.967,22.6584889,114.5016664,50.1,9.9,-0.00,337.1,23.5,19.0,347.5,5550.50,10.0,2.0,2.5,NR5G-SA,n79,-92,-92,-10,21,-999,4.3
2026-05-28 11:19:27.793,2026-05-28 11:34:14.167,22.6585094,114.5016567,50.1,9.9,-0.03,337.0,23.5,19.0,345.0,5552.99,10.0,2.0,2.5,NR5G-SA,n79,-92,-92,-10,21,-999,5.9
2026-05-28 11:19:27.993,2026-05-28 11:34:14.167,22.6585301,114.5016469,50.1,10.0,-0.07,336.9,23.5,19.0,342.5,5555.50,10.0,2.0,2.5,NR5G-SA,n79,-92,-92,-10,21,-999,7.7
2026-05-28 11:19:28.194,2026-05-28 11:34:14.567,22.6585301,114.5016469,50.1,10.0,-0.07,336.9,23.5,19.0,342.5,5555.50,10.0,2.0,2.5,NR5G-SA,n79,-92,-92,-10,21,-999,5.2
2026-05-28 11:19:28.394,2026-05-28 11:34:14.767,22.6585508,114.5016372,50.1,10.0,-0.01,336.8,43.2,19.0,340.0,5558.02,10.0,2.0,2.5,NR5G-SA,n79,-87,-87,-10,21,-999,6.5
2026-05-28 11:19:28.594,2026-05-28 11:34:14.967,22.6585714,114.5016276,50.1,9.9,-0.08,336.7,43.2,19.0,337.5,5560.51,10.0,2.0,2.5,NR5G-SA,n79,-87,-87,-10,21,-999,6.6
2026-05-28 11:19:28.795,2026-05-28 11:34:14.967,22.6585921,114.5016179,50.1,9.9,-0.07,336.7,43.2,20.9,335.0,5563.02,10.0,2.0,2.5,NR5G-SA,n79,-96,-96,-10,21,-999,8.4
2026-05-28 11:19:28.995,2026-05-28 11:34:15.167,22.6586127,114.5016083,50.1,9.9,-0.07,336.7,43.2,20.9,332.5,5565.52,10.0,2.0,2.5,NR5G-SA,n79,-96,-96,-10,21,-999,7.3
2026-05-28 11:19:29.195,2026-05-28 11:34:15.567,22.6586127,114.5016083,50.1,9.9,-0.07,336.7,43.2,20.9,332.5,5565.52,10.0,2.0,2.5,NR5G-SA,n79,-96,-96,-10,21,-999,7.1
2026-05-28 11:19:29.396,2026-05-28 11:34:15.767,22.6586333,114.5015987,50.1,9.9,-0.03,336.7,14.4,20.9,330.0,5568.01,10.0,2.0,2.5,NR5G-SA,n79,-91,-91,-10,21,-999,5.9
2026-05-28 11:19:29.596,2026-05-28 11:34:15.967,22.6586539,114.5015892,50.1,10.0,-0.05,336.5,14.4,20.9,327.5,5570.51,10.0,2.0,2.5,NR5G-SA,n79,-91,-91,-10,21,-999,8.0
2026-05-28 11:19:29.796,2026-05-28 11:34:16.167,22.6586745,114.5015796,50.1,10.0,-0.03,336.3,14.4,21.8,325.0,5573.00,10.0,2.0,2.5,NR5G-SA,n79,-91,-91,-10,21,-999,7.8
2026-05-28 11:19:29.997,2026-05-28 11:34:16.167,22.6586952,114.5015701,50.1,9.9,0.03,336.2,14.4,21.8,322.5,5575.51,10.0,2.0,2.5,NR5G-SA,n79,-93,-93,-10,22,-999,10.6
2026-05-28 11:19:30.197,2026-05-28 11:34:16.567,22.6586952,114.5015701,50.1,9.9,0.03,336.2,14.4,21.8,322.5,5575.51,10.0,2.0,2.5,NR5G-SA,n79,-93,-93,-10,22,-999,7.1
2026-05-28 11:19:30.397,2026-05-28 11:34:16.767,22.6587158,114.5015605,50.1,10.0,-0.03,336.2,0.0,21.8,320.0,5578.00,10.0,2.0,2.5,NR5G-SA,n79,-93,-93,-10,22,-999,6.7
2026-05-28 11:19:30.598,2026-05-28 11:34:16.967,22.6587365,114.5015510,50.1,10.0,-0.05,336.1,0.0,21.8,317.5,5580.50,10.0,2.0,2.5,NR5G-SA,n79,-93,-93,-10,23,-999,5.8
2026-05-28 11:19:30.798,2026-05-28 11:34:17.167,22.6587572,114.5015415,50.1,10.0,-0.06,336.2,0.0,23.7,315.0,5583.01,10.0,2.0,2.5,NR5G-SA,n79,-93,-93,-10,23,-999,4.6
2026-05-28 11:19:30.998,2026-05-28 11:34:17.167,22.6587779,114.5015320,50.0,10.0,-0.03,336.2,0.0,23.7,312.5,5585.51,10.0,2.0,2.5,NR5G-SA,n79,-97,-97,-10,23,-999,8.7
2026-05-28 11:19:31.199,2026-05-28 11:34:17.567,22.6587779,114.5015320,50.0,10.0,-0.03,336.2,0.0,23.7,312.5,5585.51,10.0,2.0,2.5,NR5G-SA,n79,-97,-97,-10,23,-999,9.8
2026-05-28 11:19:31.399,2026-05-28 11:34:17.767,22.6587987,114.5015225,50.0,10.0,0.02,336.1,3.1,23.7,310.0,5588.02,10.0,2.0,2.5,NR5G-SA,n79,-97,-97,-10,23,-999,10.7
2026-05-28 11:19:31.599,2026-05-28 11:34:17.967,22.6588194,114.5015129,50.0,10.0,-0.02,336.1,3.1,23.7,307.5,5590.53,10.0,2.0,2.5,NR5G-SA,n79,-97,-97,-10,23,-999,5.8
2026-05-28 11:19:31.800,2026-05-28 11:34:18.167,22.6588402,114.5015034,50.0,10.0,-0.06,336.1,3.1,25.2,305.0,5593.04,10.0,2.0,2.5,NR5G-SA,n79,-97,-97,-10,23,-999,5.3
2026-05-28 11:19:32.000,2026-05-28 11:34:18.167,22.6588609,114.5014938,50.0,10.0,-0.00,336.3,3.1,25.2,302.4,5595.55,10.0,2.0,2.5,NR5G-SA,n79,-97,-97,-10,23,-999,7.3
2026-05-28 11:19:32.201,2026-05-28 11:34:18.567,22.6588609,114.5014938,50.0,10.0,-0.00,336.3,3.1,25.2,302.4,5595.55,10.0,2.0,2.5,NR5G-SA,n79,-94,-94,-10,22,-999,10.3
2026-05-28 11:19:32.401,2026-05-28 11:34:18.767,22.6588817,114.5014843,50.0,10.0,0.06,336.5,0.0,25.2,299.9,5598.06,10.0,2.0,2.5,NR5G-SA,n79,-94,-94,-10,22,-999,4.7
2026-05-28 11:19:32.601,2026-05-28 11:34:18.967,22.6589024,114.5014748,50.0,9.9,0.06,336.7,0.0,25.2,297.4,5600.56,10.0,2.0,2.5,NR5G-SA,n79,-94,-94,-10,22,-999,5.9
2026-05-28 11:19:32.802,2026-05-28 11:34:19.167,22.6589230,114.5014653,50.0,9.9,0.04,336.8,0.0,25.6,294.9,5603.06,10.0,2.0,2.5,NR5G-SA,n79,-87,-87,-10,22,-999,9.4
2026-05-28 11:19:33.002,2026-05-28 11:34:19.167,22.6589436,114.5014557,50.0,9.9,0.02,336.9,0.0,25.6,292.4,5605.55,10.0,2.0,2.5,NR5G-SA,n79,-87,-87,-10,22,-999,7.1
2026-05-28 11:19:33.202,2026-05-28 11:34:19.567,22.6589436,114.5014557,50.0,9.9,0.02,336.9,0.0,25.6,292.4,5605.55,10.0,2.0,2.5,NR5G-SA,n79,-95,-95,-10,22,-999,10.9
2026-05-28 11:19:33.403,2026-05-28 11:34:19.767,22.6589641,114.5014461,50.0,9.9,0.02,337.0,8.7,25.6,290.0,5608.04,10.0,2.0,2.5,NR5G-SA,n79,-95,-95,-10,22,-999,9.5
2026-05-28 11:19:33.603,2026-05-28 11:34:19.967,22.6589847,114.5014365,50.0,9.9,0.00,337.0,8.7,25.6,287.5,5610.53,10.0,2.0,2.5,NR5G-SA,n79,-95,-95,-10,22,-999,6.9
2026-05-28 11:19:33.803,2026-05-28 11:34:19.967,22.6590053,114.5014269,50.0,9.9,0.06,337.1,8.7,25.6,285.0,5613.03,10.0,2.0,2.5,NR5G-SA,n79,-95,-95,-10,22,-999,10.8
2026-05-28 11:19:34.004,2026-05-28 11:34:20.567,22.6590258,114.5014173,50.0,10.0,0.05,337.1,8.7,25.6,282.5,5615.52,10.0,2.0,2.5,NR5G-SA,n79,-95,-95,-10,22,-999,5.5
2026-05-28 11:19:34.204,2026-05-28 11:34:20.567,22.6590258,114.5014173,50.0,10.0,0.05,337.1,8.7,25.6,282.5,5615.52,10.0,2.0,2.5,NR5G-SA,n79,-95,-95,-10,22,-999,9.1
2026-05-28 11:19:34.404,2026-05-28 11:34:20.767,22.6590462,114.5014078,50.0,10.0,0.03,337.2,0.0,25.6,280.0,5617.99,10.0,2.0,2.5,NR5G-SA,n79,-92,-92,-10,22,-999,9.5
2026-05-28 11:19:34.605,2026-05-28 11:34:20.967,22.6590667,114.5013983,50.0,10.0,0.02,337.4,0.0,25.6,277.5,5620.47,10.0,2.0,2.5,NR5G-SA,n79,-92,-92,-10,22,-999,5.9
2026-05-28 11:19:34.805,2026-05-28 11:34:21.167,22.6590873,114.5013888,50.0,10.0,0.02,337.5,0.0,25.1,275.0,5622.96,10.0,2.0,2.5,NR5G-SA,n79,-92,-92,-10,22,-999,6.3
2026-05-28 11:19:35.005,2026-05-28 11:34:21.167,22.6591080,114.5013792,50.0,10.0,0.08,337.6,0.0,25.1,272.5,5625.47,10.0,2.0,2.5,NR5G-SA,n79,-92,-92,-10,22,-999,7.7
2026-05-28 11:19:35.206,2026-05-28 11:34:21.567,22.6591080,114.5013792,50.0,10.0,0.08,337.6,0.0,25.1,272.5,5625.47,10.0,2.0,2.5,NR5G-SA,n79,-92,-92,-10,22,-999,10.1
2026-05-28 11:19:35.406,2026-05-28 11:34:21.767,22.6591287,114.5013696,50.0,10.0,0.06,337.6,19.1,25.1,270.0,5627.97,10.0,2.0,2.5,NR5G-SA,n79,-92,-92,-10,22,-999,10.0
2026-05-28 11:19:35.606,2026-05-28 11:34:21.967,22.6591494,114.5013600,50.0,10.0,0.10,337.6,19.1,25.1,267.5,5630.48,10.0,2.0,2.5,NR5G-SA,n79,-96,-96,-10,22,-999,6.1
2026-05-28 11:19:35.807,2026-05-28 11:34:22.167,22.6591701,114.5013504,50.0,10.0,0.02,337.5,19.1,24.1,265.0,5632.99,10.0,2.0,2.5,NR5G-SA,n79,-96,-96,-10,22,-999,7.2
2026-05-28 11:19:36.007,2026-05-28 11:34:22.167,22.6591908,114.5013408,50.0,10.0,0.06,337.4,19.1,24.1,262.5,5635.49,10.0,2.0,2.5,NR5G-SA,n79,-91,-91,-10,22,-999,6.5
2026-05-28 11:19:36.207,2026-05-28 11:34:22.567,22.6591908,114.5013408,50.0,10.0,0.06,337.4,19.1,24.1,262.5,5635.49,10.0,2.0,2.5,NR5G-SA,n79,-91,-91,-10,22,-999,9.5
2026-05-28 11:19:36.408,2026-05-28 11:34:22.767,22.6592116,114.5013313,50.0,10.0,0.06,337.5,40.8,24.1,260.0,5638.01,10.0,2.0,2.5,NR5G-SA,n79,-91,-91,-10,22,-999,10.0
2026-05-28 11:19:36.608,2026-05-28 11:34:22.967,22.6592324,114.5013217,50.0,10.0,0.02,337.5,40.8,24.1,257.5,5640.52,10.0,2.0,2.5,NR5G-SA,n79,-91,-91,-10,22,-999,5.8
2026-05-28 11:19:36.809,2026-05-28 11:34:23.167,22.6592532,114.5013121,50.0,10.0,0.03,337.7,40.8,24.1,255.0,5643.04,10.0,2.0,2.5,NR5G-SA,n79,-91,-91,-10,22,-999,7.9
2026-05-28 11:19:37.009,2026-05-28 11:34:23.167,22.6592739,114.5013026,50.0,10.0,0.01,337.8,40.8,24.1,252.4,5645.54,10.0,2.0,2.5,NR5G-SA,n79,-91,-91,-10,22,-999,9.7
2026-05-28 11:19:37.209,2026-05-28 11:34:23.567,22.6592739,114.5013026,50.0,10.0,0.01,337.8,40.8,24.1,252.4,5645.54,10.0,2.0,2.5,NR5G-SA,n79,-96,-96,-10,22,-999,12.7
2026-05-28 11:19:37.409,2026-05-28 11:34:23.767,22.6592947,114.5012931,50.0,10.0,0.04,337.8,27.3,24.1,249.9,5648.06,10.0,2.0,2.5,NR5G-SA,n79,-96,-96,-10,22,-999,6.5
2026-05-28 11:19:37.610,2026-05-28 11:34:23.967,22.6593153,114.5012835,50.0,9.9,0.08,337.9,27.3,24.1,247.4,5650.55,10.0,2.0,2.5,NR5G-SA,n79,-96,-96,-10,22,-999,5.3
2026-05-28 11:19:37.810,2026-05-28 11:34:24.167,22.6593359,114.5012739,50.0,9.9,0.02,338.1,27.3,24.1,244.9,5653.05,10.0,2.0,2.5,NR5G-SA,n79,-94,-94,-10,22,-999,6.1
2026-05-28 11:19:38.010,2026-05-28 11:34:24.167,22.6593566,114.5012644,50.0,9.9,0.05,338.3,27.3,23.3,242.4,5655.55,10.0,2.0,2.5,NR5G-SA,n79,-94,-94,-10,22,-999,10.7
2026-05-28 11:19:38.211,2026-05-28 11:34:24.567,22.6593566,114.5012644,50.0,9.9,0.05,338.3,27.3,23.3,242.4,5655.55,10.0,2.0,2.5,NR5G-SA,n79,-94,-94,-10,22,-999,11.0
2026-05-28 11:19:38.411,2026-05-28 11:34:24.767,22.6593773,114.5012550,50.0,10.0,0.08,338.2,34.2,23.3,239.9,5658.05,10.0,2.0,2.5,NR5G-SA,n79,-94,-94,-10,22,-999,11.5
2026-05-28 11:19:38.611,2026-05-28 11:34:24.967,22.6593979,114.5012455,50.0,9.9,0.06,338.2,34.2,23.3,237.5,5660.54,10.0,2.0,2.5,NR5G-SA,n79,-94,-94,-10,22,-999,6.9
2026-05-28 11:19:38.812,2026-05-28 11:34:25.167,22.6594186,114.5012359,50.0,9.9,0.04,338.0,34.2,23.3,234.9,5663.05,10.0,2.0,2.5,NR5G-SA,n79,-93,-93,-10,22,-999,8.1
2026-05-28 11:19:39.012,2026-05-28 11:34:25.167,22.6594392,114.5012262,50.0,9.9,-0.00,337.9,34.2,23.3,232.4,5665.55,10.0,2.0,2.5,NR5G-SA,n79,-93,-93,-10,22,-999,8.9
2026-05-28 11:19:39.213,2026-05-28 11:34:25.567,22.6594392,114.5012262,50.0,9.9,-0.00,337.9,34.2,23.3,232.4,5665.55,10.0,2.0,2.5,NR5G-SA,n79,-93,-93,-10,22,-999,15.3
2026-05-28 11:19:39.413,2026-05-28 11:34:25.767,22.6594598,114.5012164,50.0,10.0,0.10,337.8,34.9,23.3,229.9,5668.05,10.0,2.0,2.5,NR5G-SA,n79,-92,-92,-10,23,-999,9.8
2026-05-28 11:19:39.614,2026-05-28 11:34:25.967,22.6594806,114.5012067,50.0,9.9,0.04,337.6,34.9,23.3,227.4,5670.57,10.0,2.0,2.5,NR5G-SA,n79,-92,-92,-10,23,-999,6.3
2026-05-28 11:19:39.814,2026-05-28 11:34:26.167,22.6595013,114.5011971,50.0,9.9,0.03,337.6,34.9,23.3,224.9,5673.08,10.0,2.0,2.5,NR5G-SA,n79,-92,-92,-10,23,-999,5.5
2026-05-28 11:19:40.014,2026-05-28 11:34:26.167,22.6595220,114.5011875,50.0,9.9,-0.02,337.5,34.9,23.0,222.4,5675.59,10.0,2.0,2.5,NR5G-SA,n79,-95,-95,-10,22,-999,9.6
2026-05-28 11:19:40.215,2026-05-28 11:34:26.567,22.6595220,114.5011875,50.0,9.9,-0.02,337.5,34.9,23.0,222.4,5675.59,10.0,2.0,2.5,NR5G-SA,n79,-95,-95,-10,22,-999,16.9
2026-05-28 11:19:40.415,2026-05-28 11:34:26.767,22.6595426,114.5011780,50.0,9.9,-0.02,337.5,28.7,23.0,219.9,5678.08,10.0,2.0,2.5,NR5G-SA,n79,-95,-95,-10,22,-999,11.8
2026-05-28 11:19:40.615,2026-05-28 11:34:26.967,22.6595632,114.5011684,50.0,9.9,-0.05,337.5,28.7,23.0,217.4,5680.57,10.0,2.0,2.5,NR5G-SA,n79,-95,-95,-10,22,-999,8.0
2026-05-28 11:19:40.816,2026-05-28 11:34:27.167,22.6595838,114.5011589,50.0,10.0,0.03,337.5,28.7,23.0,214.9,5683.07,10.0,2.0,2.5,NR5G-SA,n79,-95,-95,-10,22,-999,7.3
2026-05-28 11:19:41.016,2026-05-28 11:34:27.167,22.6596044,114.5011492,50.0,9.9,0.07,337.2,28.7,22.9,212.4,5685.57,10.0,2.0,2.5,NR5G-SA,n79,-95,-95,-10,22,-999,8.4
2026-05-28 11:19:41.216,2026-05-28 11:34:27.567,22.6596044,114.5011492,50.0,9.9,0.07,337.2,28.7,22.9,212.4,5685.57,10.0,2.0,2.5,NR5G-SA,n79,-93,-93,-10,23,-999,16.1
2026-05-28 11:19:41.417,2026-05-28 11:34:27.767,22.6596251,114.5011396,50.1,10.0,0.01,337.0,39.0,22.9,209.9,5688.07,10.0,2.0,2.5,NR5G-SA,n79,-93,-93,-10,23,-999,10.3
2026-05-28 11:19:41.617,2026-05-28 11:34:27.967,22.6596459,114.5011300,50.1,10.0,-0.02,336.7,39.0,22.9,207.4,5690.59,10.0,2.0,2.5,NR5G-SA,n79,-95,-95,-10,23,-999,8.0
2026-05-28 11:19:41.817,2026-05-28 11:34:28.167,22.6596666,114.5011204,50.1,9.9,-0.03,336.3,39.0,22.9,204.9,5693.10,10.0,2.0,2.5,NR5G-SA,n79,-95,-95,-10,23,-999,5.4
2026-05-28 11:19:42.018,2026-05-28 11:34:28.167,22.6596872,114.5011107,50.1,9.9,-0.02,336.0,39.0,22.6,202.4,5695.60,10.0,2.0,2.5,NR5G-SA,n79,-95,-95,-10,23,-999,13.4
2026-05-28 11:19:42.218,2026-05-28 11:34:28.567,22.6596872,114.5011107,50.1,9.9,-0.02,336.0,39.0,22.6,202.4,5695.60,10.0,2.0,2.5,NR5G-SA,n79,-93,-93,-10,24,-999,16.1
2026-05-28 11:19:42.419,2026-05-28 11:34:28.767,22.6597078,114.5011011,50.1,9.9,-0.01,335.7,20.9,22.6,199.9,5698.09,10.0,2.0,2.5,NR5G-SA,n79,-93,-93,-10,24,-999,10.8
2026-05-28 11:19:42.619,2026-05-28 11:34:28.967,22.6597285,114.5010915,50.0,10.0,-0.07,335.5,20.9,22.6,197.4,5700.60,10.0,2.0,2.5,NR5G-SA,n79,-92,-92,-10,24,-999,6.4
2026-05-28 11:19:42.819,2026-05-28 11:34:29.167,22.6597491,114.5010819,50.0,10.0,-0.06,335.5,20.9,22.6,194.9,5703.10,10.0,2.0,2.5,NR5G-SA,n79,-92,-92,-10,24,-999,6.4
2026-05-28 11:19:43.020,2026-05-28 11:34:29.567,22.6597697,114.5010723,50.0,10.0,-0.05,335.5,20.9,22.7,192.4,5705.59,10.0,2.0,2.5,NR5G-SA,n79,-92,-92,-10,24,-999,5.9
2026-05-28 11:19:43.220,2026-05-28 11:34:29.567,22.6597697,114.5010723,50.0,10.0,-0.05,335.5,20.9,22.7,192.4,5705.59,10.0,2.0,2.5,NR5G-SA,n79,-87,-87,-10,24,-999,14.0
2026-05-28 11:19:43.421,2026-05-28 11:34:29.767,22.6597904,114.5010628,50.0,10.0,-0.01,335.5,0.0,22.7,189.9,5708.09,10.0,2.0,2.5,NR5G-SA,n79,-87,-87,-10,24,-999,10.9
2026-05-28 11:19:43.621,2026-05-28 11:34:29.967,22.6598110,114.5010533,50.0,10.0,-0.00,335.7,0.0,22.7,187.4,5710.59,10.0,2.0,2.5,NR5G-SA,n79,-87,-87,-10,24,-999,6.9
2026-05-28 11:19:43.822,2026-05-28 11:34:30.167,22.6598315,114.5010439,50.0,10.0,0.01,335.7,0.0,22.7,184.9,5713.06,10.0,2.0,2.5,NR5G-SA,n79,-95,-95,-10,23,-999,6.0
2026-05-28 11:19:44.022,2026-05-28 11:34:30.167,22.6598521,114.5010344,50.0,10.0,0.01,335.6,0.0,21.1,182.4,5715.56,10.0,2.0,2.5,NR5G-SA,n79,-95,-95,-10,23,-999,8.1
2026-05-28 11:19:44.222,2026-05-28 11:34:30.567,22.6598521,114.5010344,50.0,10.0,0.01,335.6,0.0,21.1,182.4,5715.56,10.0,2.0,2.5,NR5G-SA,n79,-95,-95,-10,23,-999,17.2
2026-05-28 11:19:44.423,2026-05-28 11:34:30.767,22.6598728,114.5010249,50.0,10.0,0.03,335.6,11.5,21.1,179.9,5718.06,10.0,2.0,2.5,NR5G-SA,n79,-90,-90,-10,23,-999,10.4
2026-05-28 11:19:44.623,2026-05-28 11:34:30.967,22.6598935,114.5010155,50.0,10.0,0.01,335.7,11.5,21.1,177.4,5720.56,10.0,2.0,2.5,NR5G-SA,n79,-90,-90,-10,23,-999,7.5
2026-05-28 11:19:44.824,2026-05-28 11:34:31.167,22.6599144,114.5010059,50.0,10.0,0.03,335.7,11.5,21.1,174.9,5723.08,10.0,2.0,2.5,NR5G-SA,n79,-88,-88,-10,23,-999,8.3
2026-05-28 11:19:45.024,2026-05-28 11:34:31.567,22.6599351,114.5009963,50.0,10.0,0.06,335.6,11.5,21.1,172.4,5725.59,10.0,2.0,2.5,NR5G-SA,n79,-88,-88,-10,23,-999,3.7
2026-05-28 11:19:45.224,2026-05-28 11:34:31.567,22.6599558,114.5009866,50.0,10.0,0.06,335.5,11.5,20.1,169.9,5728.10,10.0,2.0,2.5,NR5G-SA,n79,-88,-88,-10,23,-999,12.0
2026-05-28 11:19:45.424,2026-05-28 11:34:31.767,22.6599558,114.5009866,50.0,10.0,0.06,335.5,0.0,20.1,169.9,5728.10,10.0,2.0,2.5,NR5G-SA,n79,-88,-88,-10,23,-999,8.7
2026-05-28 11:19:45.625,2026-05-28 11:34:31.967,22.6599764,114.5009770,50.1,10.0,0.04,335.4,0.0,20.1,167.4,5730.60,10.0,2.0,2.5,NR5G-SA,n79,-88,-88,-10,23,-999,6.0
2026-05-28 11:19:45.825,2026-05-28 11:34:32.167,22.6599970,114.5009674,50.1,10.0,-0.03,335.3,0.0,20.1,164.9,5733.09,10.0,2.0,2.5,NR5G-SA,n79,-88,-88,-10,23,-999,4.5
2026-05-28 11:19:46.026,2026-05-28 11:34:32.567,22.6600176,114.5009579,50.1,10.0,-0.01,335.3,0.0,20.1,162.4,5735.59,10.0,2.0,2.5,NR5G-SA,n79,-88,-88,-10,23,-999,7.4
2026-05-28 11:19:46.226,2026-05-28 11:34:32.567,22.6600381,114.5009484,50.1,10.0,-0.04,335.3,0.0,20.0,159.9,5738.07,10.0,2.0,2.5,NR5G-SA,n79,-88,-88,-10,23,-999,10.5
2026-05-28 11:19:46.426,2026-05-28 11:34:32.767,22.6600381,114.5009484,50.1,10.0,-0.04,335.3,0.0,20.0,159.9,5738.07,10.0,2.0,2.5,NR5G-SA,n79,-89,-89,-10,23,-999,11.7
2026-05-28 11:19:46.626,2026-05-28 11:34:32.967,22.6600588,114.5009388,50.1,10.0,-0.01,335.4,0.0,20.0,157.4,5740.57,10.0,2.0,2.5,NR5G-SA,n79,-87,-87,-10,24,-999,7.5
2026-05-28 11:19:46.827,2026-05-28 11:34:33.167,22.6600794,114.5009294,50.1,10.0,-0.02,335.7,0.0,20.0,154.9,5743.06,10.0,2.0,2.5,NR5G-SA,n79,-87,-87,-10,24,-999,5.1
2026-05-28 11:19:47.027,2026-05-28 11:34:33.567,22.6601001,114.5009199,50.0,10.0,-0.03,335.7,0.0,20.0,152.4,5745.57,10.0,2.0,2.5,NR5G-SA,n79,-89,-89,-10,23,-999,4.3
2026-05-28 11:19:47.227,2026-05-28 11:34:33.567,22.6601208,114.5009104,50.1,10.0,0.00,335.7,0.0,18.5,149.9,5748.07,10.0,2.0,2.5,NR5G-SA,n79,-89,-89,-10,23,-999,8.4
2026-05-28 11:19:47.428,2026-05-28 11:34:33.767,22.6601208,114.5009104,50.1,10.0,0.00,335.7,0.0,18.5,149.9,5748.07,10.0,2.0,2.5,NR5G-SA,n79,-89,-89,-10,23,-999,10.0
2026-05-28 11:19:47.628,2026-05-28 11:34:33.967,22.6601415,114.5009009,50.1,10.0,-0.02,335.8,0.0,18.5,147.4,5750.57,10.0,2.0,2.5,NR5G-SA,n79,-88,-88,-10,23,-999,6.3
2026-05-28 11:19:47.829,2026-05-28 11:34:34.167,22.6601622,114.5008912,50.1,10.0,0.01,335.8,0.0,18.5,144.9,5753.08,10.0,2.0,2.5,NR5G-SA,n79,-88,-88,-10,23,-999,4.8
2026-05-28 11:19:48.029,2026-05-28 11:34:34.567,22.6601828,114.5008816,50.1,10.0,-0.06,335.6,0.0,18.5,142.4,5755.58,10.0,2.0,2.5,NR5G-SA,n79,-88,-88,-10,23,-999,6.0
2026-05-28 11:19:48.229,2026-05-28 11:34:34.567,22.6602033,114.5008719,50.1,10.0,-0.02,335.7,0.0,18.1,139.9,5758.07,10.0,2.0,2.5,NR5G-SA,n79,-88,-88,-10,23,-999,12.6
2026-05-28 11:19:48.429,2026-05-28 11:34:34.767,22.6602033,114.5008719,50.1,10.0,-0.02,335.7,0.0,18.1,139.9,5758.07,10.0,2.0,2.5,NR5G-SA,n79,-88,-88,-10,23,-999,9.0
2026-05-28 11:19:48.630,2026-05-28 11:34:34.967,22.6602237,114.5008622,50.1,9.9,0.01,335.7,11.2,18.1,137.4,5760.55,10.0,2.0,2.5,NR5G-SA,n79,-88,-88,-10,23,-999,6.3
2026-05-28 11:19:48.830,2026-05-28 11:34:35.167,22.6602442,114.5008525,50.1,9.9,0.04,335.7,11.2,18.1,135.0,5763.04,10.0,2.0,2.5,NR5G-SA,n79,-89,-89,-10,23,-999,6.3
2026-05-28 11:19:49.030,2026-05-28 11:34:35.167,22.6602648,114.5008429,50.1,9.9,-0.01,335.5,11.2,18.1,132.5,5765.53,10.0,2.0,2.5,NR5G-SA,n79,-89,-89,-10,23,-999,7.7
2026-05-28 11:19:49.231,2026-05-28 11:34:35.567,22.6602854,114.5008334,50.1,9.9,-0.01,335.4,11.2,18.0,130.0,5768.03,10.0,2.0,2.5,NR5G-SA,n79,-90,-90,-10,22,-999,10.3
2026-05-28 11:19:49.431,2026-05-28 11:34:35.767,22.6602854,114.5008334,50.1,10.0,0.04,335.4,11.2,18.0,130.0,5768.03,10.0,2.0,2.5,NR5G-SA,n79,-90,-90,-10,22,-999,10.3
2026-05-28 11:19:49.631,2026-05-28 11:34:35.967,22.6603061,114.5008237,50.1,10.0,-0.03,335.3,0.0,18.0,127.5,5770.54,10.0,2.0,2.5,NR5G-SA,n79,-90,-90,-10,22,-999,4.8
2026-05-28 11:19:49.831,2026-05-28 11:34:36.167,22.6603267,114.5008140,50.1,10.0,-0.02,335.3,0.0,18.0,125.0,5773.04,10.0,2.0,2.5,NR5G-SA,n79,-87,-87,-10,22,-999,6.9
2026-05-28 11:19:50.032,2026-05-28 11:34:36.567,22.6603473,114.5008043,50.0,10.0,-0.05,335.2,0.0,18.0,122.5,5775.54,10.0,2.0,2.5,NR5G-SA,n79,-87,-87,-10,22,-999,6.6
2026-05-28 11:19:50.232,2026-05-28 11:34:36.567,22.6603473,114.5008043,50.0,10.0,-0.05,335.2,0.0,17.7,122.5,5775.54,10.0,2.0,2.5,NR5G-SA,n79,-87,-87,-10,22,-999,14.5
2026-05-28 11:19:50.432,2026-05-28 11:34:36.767,22.6603679,114.5007946,50.1,9.9,0.03,335.4,0.0,17.7,120.0,5778.04,10.0,2.0,2.5,NR5G-SA,n79,-87,-87,-10,22,-999,10.5
2026-05-28 11:19:50.633,2026-05-28 11:34:36.967,22.6603885,114.5007850,50.1,9.9,0.04,335.3,21.0,17.7,117.5,5780.53,10.0,2.0,2.5,NR5G-SA,n79,-87,-87,-10,22,-999,6.0
2026-05-28 11:19:50.833,2026-05-28 11:34:37.167,22.6604091,114.5007754,50.1,9.9,0.09,335.6,21.0,17.7,115.0,5783.03,10.0,2.0,2.5,NR5G-SA,n79,-87,-87,-10,22,-999,5.8
2026-05-28 11:19:51.033,2026-05-28 11:34:37.567,22.6604298,114.5007659,50.1,9.9,-0.01,335.5,21.0,17.7,112.5,5785.53,10.0,2.0,2.5,NR5G-SA,n79,-88,-88,-10,24,-999,5.3
2026-05-28 11:19:51.234,2026-05-28 11:34:37.567,22.6604504,114.5007564,50.1,9.9,0.02,335.7,21.0,18.1,110.0,5788.02,10.0,2.0,2.5,NR5G-SA,n79,-88,-88,-10,24,-999,11.4
2026-05-28 11:19:51.434,2026-05-28 11:34:37.767,22.6604504,114.5007564,50.1,9.9,0.02,335.7,21.0,18.1,110.0,5788.02,10.0,2.0,2.5,NR5G-SA,n79,-88,-88,-10,24,-999,11.3
2026-05-28 11:19:51.634,2026-05-28 11:34:37.967,22.6604710,114.5007470,50.1,9.9,-0.03,336.2,39.8,18.1,107.5,5790.51,10.0,2.0,2.5,NR5G-SA,n79,-90,-90,-10,24,-999,6.6
2026-05-28 11:19:51.835,2026-05-28 11:34:38.167,22.6604917,114.5007374,50.1,10.0,-0.13,336.4,39.8,18.1,105.0,5793.02,10.0,2.0,2.5,NR5G-SA,n79,-90,-90,-10,24,-999,6.5
2026-05-28 11:19:52.035,2026-05-28 11:34:38.167,22.6605125,114.5007278,50.1,10.0,-0.08,336.4,39.8,18.1,102.5,5795.54,10.0,2.0,2.5,NR5G-SA,n79,-88,-88,-10,23,-999,9.1
2026-05-28 11:19:52.236,2026-05-28 11:34:38.567,22.6605333,114.5007182,50.1,10.0,-0.07,336.7,39.8,18.0,99.9,5798.05,10.0,2.0,2.5,NR5G-SA,n79,-88,-88,-10,23,-999,13.3
2026-05-28 11:19:52.436,2026-05-28 11:34:38.767,22.6605333,114.5007182,50.1,10.0,-0.07,336.7,39.8,18.0,99.9,5798.05,10.0,2.0,2.5,NR5G-SA,n79,-88,-88,-10,23,-999,9.6
2026-05-28 11:19:52.636,2026-05-28 11:34:38.967,22.6605542,114.5007087,50.1,10.1,-0.06,337.4,28.7,18.0,97.4,5800.58,10.0,2.0,2.5,NR5G-SA,n79,-86,-86,-10,23,-999,5.5
2026-05-28 11:19:52.837,2026-05-28 11:34:39.167,22.6605751,114.5006993,50.1,10.1,-0.01,338.1,28.7,18.0,94.9,5803.09,10.0,2.0,2.5,NR5G-SA,n79,-86,-86,-10,23,-999,6.2
2026-05-28 11:19:53.037,2026-05-28 11:34:39.567,22.6605961,114.5006899,50.1,10.1,-0.09,338.8,28.7,18.0,92.4,5805.62,10.0,2.0,2.5,NR5G-SA,n79,-86,-86,-10,23,-999,4.7
2026-05-28 11:19:53.237,2026-05-28 11:34:39.567,22.6606171,114.5006805,50.1,10.1,-0.08,339.2,28.7,19.1,89.8,5808.15,10.0,2.0,2.5,NR5G-SA,n79,-90,-90,-10,24,-999,13.0
2026-05-28 11:19:53.438,2026-05-28 11:34:39.767,22.6606171,114.5006805,50.1,10.1,-0.08,339.2,28.7,19.1,89.8,5808.15,10.0,2.0,2.5,NR5G-SA,n79,-90,-90,-10,24,-999,8.3
2026-05-28 11:19:53.638,2026-05-28 11:34:39.967,22.6606379,114.5006710,50.1,10.1,-0.13,339.4,34.4,19.1,87.3,5810.67,10.0,2.0,2.5,NR5G-SA,n79,-90,-90,-10,24,-999,6.4
2026-05-28 11:19:53.838,2026-05-28 11:34:40.167,22.6606587,114.5006613,50.1,10.0,-0.15,338.9,34.4,19.1,84.8,5813.19,10.0,2.0,2.5,NR5G-SA,n79,-86,-86,-10,23,-999,6.8
2026-05-28 11:19:54.039,2026-05-28 11:34:40.567,22.6606794,114.5006516,50.0,9.9,-0.06,337.9,34.4,19.1,82.3,5815.70,10.0,2.0,2.5,NR5G-SA,n79,-86,-86,-10,23,-999,4.4
2026-05-28 11:19:54.239,2026-05-28 11:34:40.567,22.6606999,114.5006419,50.0,9.9,-0.01,337.3,34.4,19.2,79.8,5818.19,10.0,2.0,2.5,NR5G-SA,n79,-83,-83,-10,25,-999,10.8
2026-05-28 11:19:54.439,2026-05-28 11:34:40.767,22.6606999,114.5006419,50.0,9.9,-0.01,337.3,34.4,19.2,79.8,5818.19,10.0,2.0,2.5,NR5G-SA,n79,-83,-83,-10,25,-999,9.5
2026-05-28 11:19:54.640,2026-05-28 11:34:40.967,22.6607203,114.5006323,50.0,9.9,-0.11,336.7,35.4,19.2,77.3,5820.66,10.0,2.0,2.5,NR5G-SA,n79,-83,-83,-10,25,-999,6.4
2026-05-28 11:19:54.840,2026-05-28 11:34:41.167,22.6607407,114.5006227,50.0,9.9,-0.02,336.5,35.4,19.2,74.9,5823.14,10.0,2.0,2.5,NR5G-SA,n79,-84,-84,-10,25,-999,6.7
2026-05-28 11:19:55.040,2026-05-28 11:34:41.567,22.6607612,114.5006131,50.0,9.9,0.02,336.2,35.4,19.2,72.4,5825.62,10.0,2.0,2.5,NR5G-SA,n79,-84,-84,-10,25,-999,6.4
2026-05-28 11:19:55.241,2026-05-28 11:34:41.567,22.6607819,114.5006034,50.0,10.0,-0.00,336.1,35.4,19.2,69.9,5828.14,10.0,2.0,2.5,NR5G-SA,n79,-84,-84,-10,25,-999,12.1
2026-05-28 11:19:55.441,2026-05-28 11:34:41.767,22.6607819,114.5006034,50.0,10.0,-0.00,336.1,35.4,19.3,69.9,5828.14,10.0,2.0,2.5,NR5G-SA,n79,-85,-85,-10,26,-999,8.0
2026-05-28 11:19:55.641,2026-05-28 11:34:41.967,22.6608024,114.5005938,50.0,10.0,-0.01,336.1,27.4,19.3,67.4,5830.62,10.0,2.0,2.5,NR5G-SA,n79,-85,-85,-10,26,-999,6.6
2026-05-28 11:19:55.841,2026-05-28 11:34:42.167,22.6608230,114.5005842,50.0,10.0,0.03,336.2,27.4,19.3,64.9,5833.12,10.0,2.0,2.5,NR5G-SA,n79,-85,-85,-10,26,-999,5.2
2026-05-28 11:19:56.042,2026-05-28 11:34:42.567,22.6608436,114.5005747,50.0,10.0,-0.04,336.4,27.4,19.3,62.4,5835.61,10.0,2.0,2.5,NR5G-SA,n79,-87,-87,-10,25,-999,6.0
2026-05-28 11:19:56.242,2026-05-28 11:34:42.567,22.6608643,114.5005651,50.0,10.0,0.01,336.5,27.4,19.3,59.9,5838.12,10.0,2.0,2.5,NR5G-SA,n79,-87,-87,-10,25,-999,10.8
2026-05-28 11:19:56.443,2026-05-28 11:34:42.767,22.6608643,114.5005651,50.0,10.0,0.01,336.5,27.4,18.2,59.9,5838.12,10.0,2.0,2.5,NR5G-SA,n79,-87,-87,-10,27,-999,9.9
2026-05-28 11:19:56.643,2026-05-28 11:34:42.967,22.6608852,114.5005556,50.0,10.0,0.04,336.7,39.7,18.2,57.4,5840.64,10.0,2.0,2.5,NR5G-SA,n79,-87,-87,-10,27,-999,6.9
2026-05-28 11:19:56.843,2026-05-28 11:34:43.167,22.6609060,114.5005460,50.0,10.0,-0.09,336.8,39.7,18.2,54.8,5843.16,10.0,2.0,2.5,NR5G-SA,n79,-87,-87,-10,27,-999,6.2
2026-05-28 11:19:57.044,2026-05-28 11:34:43.167,22.6609267,114.5005363,50.0,10.0,-0.02,337.3,39.7,18.2,52.3,5845.67,10.0,2.0,2.5,NR5G-SA,n79,-85,-85,-10,26,-999,7.9
2026-05-28 11:19:57.244,2026-05-28 11:34:43.567,22.6609473,114.5005269,50.0,9.9,0.01,337.8,39.7,18.2,49.8,5848.15,10.0,2.0,2.5,NR5G-SA,n79,-85,-85,-10,26,-999,12.4
2026-05-28 11:19:57.444,2026-05-28 11:34:43.767,22.6609473,114.5005269,50.0,9.9,0.01,337.8,39.7,19.2,49.8,5848.15,10.0,2.0,2.5,NR5G-SA,n79,-85,-85,-10,26,-999,10.8
2026-05-28 11:19:57.644,2026-05-28 11:34:43.967,22.6609681,114.5005175,50.0,9.9,-0.00,338.4,20.0,19.2,47.3,5850.66,10.0,2.0,2.5,NR5G-SA,n79,-83,-83,-10,28,-999,6.8
2026-05-28 11:19:57.845,2026-05-28 11:34:44.167,22.6609888,114.5005082,50.0,10.0,-0.04,338.8,20.0,19.2,44.8,5853.16,10.0,2.0,2.5,NR5G-SA,n79,-83,-83,-10,28,-999,6.0
2026-05-28 11:19:58.045,2026-05-28 11:34:44.567,22.6610095,114.5004988,49.9,10.0,-0.08,338.8,20.0,19.2,42.3,5855.66,10.0,2.0,2.5,NR5G-SA,n79,-83,-83,-10,28,-999,5.3
2026-05-28 11:19:58.245,2026-05-28 11:34:44.567,22.6610303,114.5004892,49.9,10.0,0.06,338.8,20.0,19.2,39.8,5858.17,10.0,2.0,2.5,NR5G-SA,n79,-82,-82,-10,26,-999,10.2
2026-05-28 11:19:58.446,2026-05-28 11:34:44.767,22.6610303,114.5004892,49.9,10.0,0.06,338.8,20.0,19.3,39.8,5858.17,10.0,2.0,2.5,NR5G-SA,n79,-82,-82,-10,26,-999,10.1
2026-05-28 11:19:58.646,2026-05-28 11:34:44.967,22.6610509,114.5004796,50.0,10.0,0.11,338.9,0.0,19.3,37.3,5860.67,10.0,2.0,2.5,NR5G-SA,n79,-85,-85,-10,24,-999,7.9
2026-05-28 11:19:58.846,2026-05-28 11:34:45.167,22.6610715,114.5004698,50.0,9.9,0.09,338.9,0.0,19.3,34.8,5863.17,10.0,2.0,2.5,NR5G-SA,n79,-85,-85,-10,24,-999,6.7
2026-05-28 11:19:59.047,2026-05-28 11:34:45.567,22.6610921,114.5004601,50.0,9.9,0.08,339.0,0.0,19.3,32.3,5865.67,10.0,2.0,2.5,NR5G-SA,n79,-85,-85,-10,24,-999,5.5
2026-05-28 11:19:59.247,2026-05-28 11:34:45.567,22.6611127,114.5004505,50.0,9.9,0.09,338.7,0.0,19.3,29.8,5868.17,10.0,2.0,2.5,NR5G-SA,n79,-83,-83,-10,23,-999,7.5
2026-05-28 11:19:59.448,2026-05-28 11:34:45.767,22.6611127,114.5004505,50.0,9.9,0.09,338.7,0.0,21.2,29.8,5868.17,10.0,2.0,2.5,NR5G-SA,n79,-83,-83,-10,23,-999,10.6
2026-05-28 11:19:59.648,2026-05-28 11:34:45.967,22.6611332,114.5004410,50.0,9.8,0.04,338.5,8.6,21.2,27.3,5870.65,10.0,2.0,2.5,NR5G-SA,n79,-83,-83,-10,23,-999,6.7
2026-05-28 11:19:59.848,2026-05-28 11:34:46.167,22.6611534,114.5004317,50.0,9.7,0.06,338.3,8.6,21.2,24.9,5873.10,10.0,2.0,2.5,NR5G-SA,n79,-87,-87,-10,23,-999,6.4
2026-05-28 11:20:00.049,2026-05-28 11:34:46.567,22.6611731,114.5004224,50.1,9.5,0.10,338.0,8.6,21.2,22.5,5875.49,10.0,2.0,2.5,NR5G-SA,n79,-87,-87,-10,23,-999,6.9
2026-05-28 11:20:00.249,2026-05-28 11:34:46.567,22.6611922,114.5004133,50.1,9.2,0.06,337.6,8.6,21.2,20.2,5877.81,10.0,2.0,2.5,NR5G-SA,n79,-87,-87,-10,23,-999,11.8
2026-05-28 11:20:00.449,2026-05-28 11:34:46.767,22.6611922,114.5004133,50.1,9.2,0.06,337.6,8.6,22.1,20.2,5877.81,10.0,2.0,2.5,NR5G-SA,n79,-82,-82,-10,23,-999,10.9
2026-05-28 11:20:00.650,2026-05-28 11:34:46.967,22.6612106,114.5004046,50.1,8.8,0.03,337.3,0.0,22.1,17.9,5880.04,10.0,2.0,2.5,NR5G-SA,n79,-82,-82,-10,23,-999,6.9
2026-05-28 11:20:00.850,2026-05-28 11:34:47.167,22.6612284,114.5003961,50.0,8.5,0.02,336.8,0.0,22.1,15.8,5882.21,10.0,2.0,2.5,NR5G-SA,n79,-85,-85,-10,22,-999,5.9
2026-05-28 11:20:01.050,2026-05-28 11:34:47.567,22.6612453,114.5003882,50.0,8.0,0.02,336.3,0.0,22.1,13.7,5884.26,10.0,2.0,2.5,NR5G-SA,n79,-85,-85,-10,22,-999,5.9
2026-05-28 11:20:01.251,2026-05-28 11:34:47.567,22.6612610,114.5003808,50.0,7.5,-0.01,335.8,0.0,22.1,11.8,5886.16,10.0,2.0,2.5,NR5G-SA,n79,-85,-85,-10,22,-999,12.2
2026-05-28 11:20:01.451,2026-05-28 11:34:47.767,22.6612610,114.5003808,50.0,7.5,-0.01,335.8,0.0,23.0,11.8,5886.16,10.0,2.0,2.5,NR5G-SA,n79,-82,-82,-10,22,-999,9.8
2026-05-28 11:20:01.651,2026-05-28 11:34:47.967,22.6612756,114.5003741,50.0,6.9,-0.01,335.3,2.3,23.0,10.1,5887.93,10.0,2.0,2.5,NR5G-SA,n79,-82,-82,-10,22,-999,7.2
2026-05-28 11:20:01.852,2026-05-28 11:34:48.167,22.6612890,114.5003679,50.0,6.4,-0.02,334.9,2.3,23.0,8.4,5889.55,10.0,2.0,2.5,NR5G-SA,n79,-82,-82,-10,22,-999,5.3
2026-05-28 11:20:02.052,2026-05-28 11:34:48.567,22.6613011,114.5003622,50.0,5.7,-0.02,334.8,2.3,23.0,7.0,5891.02,10.0,2.0,2.5,NR5G-SA,n79,-80,-80,-10,23,-999,5.0
2026-05-28 11:20:02.252,2026-05-28 11:34:48.567,22.6613122,114.5003572,50.0,5.1,0.02,334.6,2.3,23.0,5.6,5892.36,10.0,2.0,2.5,NR5G-SA,n79,-80,-80,-10,23,-999,12.4
2026-05-28 11:20:02.453,2026-05-28 11:34:48.767,22.6613122,114.5003572,50.0,5.1,0.02,334.6,2.3,23.1,5.6,5892.36,10.0,2.0,2.5,NR5G-SA,n79,-80,-80,-10,23,-999,10.3
2026-05-28 11:20:02.653,2026-05-28 11:34:48.967,22.6613220,114.5003528,50.0,4.5,0.01,334.4,0.0,23.1,4.5,5893.54,10.0,2.0,2.5,NR5G-SA,n79,-81,-81,-10,23,-999,5.1
2026-05-28 11:20:02.854,2026-05-28 11:34:49.167,22.6613306,114.5003490,50.0,3.9,0.01,334.1,0.0,23.1,3.4,5894.57,10.0,2.0,2.5,NR5G-SA,n79,-81,-81,-10,23,-999,4.3
2026-05-28 11:20:03.054,2026-05-28 11:34:49.567,22.6613381,114.5003457,50.0,3.4,-0.01,334.3,0.0,23.1,2.5,5895.47,10.0,2.0,2.5,NR5G-SA,n79,-80,-80,-10,22,-999,4.7
2026-05-28 11:20:03.254,2026-05-28 11:34:49.567,22.6613445,114.5003429,50.0,2.8,-0.03,334.6,0.0,23.1,1.8,5896.24,10.0,2.0,2.5,NR5G-SA,n79,-80,-80,-10,22,-999,9.7
2026-05-28 11:20:03.455,2026-05-28 11:34:49.767,22.6613445,114.5003429,50.0,2.8,-0.03,334.6,0.0,23.1,1.8,5896.24,10.0,2.0,2.5,NR5G-SA,n79,-80,-80,-10,22,-999,9.1
2026-05-28 11:20:03.655,2026-05-28 11:34:49.967,22.6613497,114.5003406,49.9,2.3,-0.01,334.9,14.2,22.0,1.1,5896.87,10.0,2.0,2.5,NR5G-SA,n79,-79,-79,-10,22,-999,6.8
2026-05-28 11:20:03.855,2026-05-28 11:34:50.167,22.6613539,114.5003387,49.9,1.8,0.02,335.4,14.2,22.0,0.6,5897.37,10.0,2.0,2.5,NR5G-SA,n79,-79,-79,-10,22,-999,4.0
2026-05-28 11:20:04.055,2026-05-28 11:34:50.567,22.6613571,114.5003371,50.0,1.4,0.07,336.0,14.2,22.0,0.2,5897.77,10.0,2.0,2.5,NR5G-SA,n79,-79,-79,-10,22,-999,5.0
2026-05-28 11:20:04.256,2026-05-28 11:34:50.567,22.6613596,114.5003357,50.0,1.0,0.07,336.2,14.2,22.0,0.1,5898.08,10.0,2.0,2.5,NR5G-SA,n79,-81,-81,-10,22,-999,8.7
2026-05-28 11:20:04.456,2026-05-28 11:34:50.767,22.6613596,114.5003357,50.0,1.0,0.07,336.2,14.2,22.0,0.1,5898.08,10.0,2.0,2.5,NR5G-SA,n79,-81,-81,-10,22,-999,9.0
2026-05-28 11:20:04.656,2026-05-28 11:34:50.967,22.6613616,114.5003347,50.0,0.7,0.07,336.2,43.2,21.0,0.3,5898.33,10.0,2.0,2.5,NR5G-SA,n79,-81,-81,-10,22,-999,4.8
2026-05-28 11:20:04.857,2026-05-28 11:34:51.167,22.6613630,114.5003339,50.0,0.4,0.07,335.6,43.2,21.0,0.5,5898.50,10.0,2.0,2.5,NR5G-SA,n79,-82,-82,-10,22,-999,5.0
2026-05-28 11:20:05.057,2026-05-28 11:34:51.567,22.6613640,114.5003334,50.0,0.2,0.03,334.9,43.2,21.0,0.6,5898.62,10.0,2.0,2.5,NR5G-SA,n79,-82,-82,-10,22,-999,6.3
2026-05-28 11:20:05.257,2026-05-28 11:34:51.767,22.6613645,114.5003331,50.0,0.1,0.01,334.2,43.2,21.0,0.7,5898.69,10.0,2.0,2.5,NR5G-SA,n79,-82,-82,-10,22,-999,4.1
2026-05-28 11:20:05.458,2026-05-28 11:34:51.767,22.6613645,114.5003331,50.0,0.1,0.01,334.2,43.2,21.0,0.7,5898.69,10.0,2.0,2.5,NR5G-SA,n79,-84,-84,-10,21,-999,11.7
2026-05-28 11:20:05.658,2026-05-28 11:34:51.967,22.6613647,114.5003329,50.1,0.2,0.04,333.6,23.2,21.1,0.7,5898.72,10.0,2.0,2.5,NR5G-SA,n79,-84,-84,-10,21,-999,6.1
2026-05-28 11:20:05.859,2026-05-28 11:34:52.167,22.6613647,114.5003329,50.1,0.2,-0.01,330.2,23.2,21.1,0.7,5898.72,10.0,2.0,2.5,NR5G-SA,n79,-82,-82,-10,20,-999,5.8
2026-05-28 11:20:06.059,2026-05-28 11:34:52.567,22.6613647,114.5003330,50.1,0.2,-0.00,318.2,23.2,21.1,0.7,5898.73,10.0,2.0,2.5,NR5G-SA,n79,-82,-82,-10,20,-999,5.7
2026-05-28 11:20:06.259,2026-05-28 11:34:52.567,22.6613648,114.5003331,50.1,0.3,-0.04,302.6,23.2,21.1,0.7,5898.74,10.0,2.0,2.5,NR5G-SA,n79,-82,-82,-10,20,-999,10.2
2026-05-28 11:20:06.460,2026-05-28 11:34:52.767,22.6613648,114.5003331,50.1,0.3,-0.04,302.6,23.2,21.1,0.7,5898.74,10.0,2.0,2.5,NR5G-SA,n79,-90,-90,-10,20,-999,10.9
2026-05-28 11:20:06.660,2026-05-28 11:34:52.967,22.6613646,114.5003334,50.1,0.5,-0.06,286.9,38.2,21.8,0.7,5898.78,10.0,2.0,2.5,NR5G-SA,n79,-90,-90,-10,20,-999,7.2
2026-05-28 11:20:06.860,2026-05-28 11:34:53.167,22.6613637,114.5003338,50.1,0.6,-0.07,271.6,38.2,21.8,0.6,5898.89,10.0,2.0,2.5,NR5G-SA,n79,-90,-90,-10,20,-999,4.9
2026-05-28 11:20:07.061,2026-05-28 11:34:53.567,22.6613625,114.5003345,50.0,0.7,-0.06,256.6,38.2,21.8,0.4,5899.04,10.0,2.0,2.5,NR5G-SA,n79,-96,-96,-10,18,-999,5.7
2026-05-28 11:20:07.261,2026-05-28 11:34:53.567,22.6613614,114.5003355,50.0,0.6,0.02,241.3,38.2,21.8,0.3,5899.20,10.0,2.0,2.5,NR5G-SA,n79,-96,-96,-10,18,-999,9.3
2026-05-28 11:20:07.461,2026-05-28 11:34:53.767,22.6613614,114.5003355,50.0,0.6,0.02,241.3,38.2,21.8,0.3,5899.20,10.0,2.0,2.5,NR5G-SA,n79,-96,-96,-10,18,-999,11.5
2026-05-28 11:20:07.661,2026-05-28 11:34:53.967,22.6613605,114.5003365,50.0,0.5,0.03,225.9,31.0,22.1,0.2,5899.34,10.0,2.0,2.5,NR5G-SA,n79,-87,-87,-10,19,-999,6.3
2026-05-28 11:20:07.862,2026-05-28 11:34:54.167,22.6613599,114.5003375,50.1,0.4,0.02,210.6,31.0,22.1,0.2,5899.47,10.0,2.0,2.5,NR5G-SA,n79,-87,-87,-10,19,-999,7.0
2026-05-28 11:20:08.062,2026-05-28 11:34:54.167,22.6613597,114.5003384,50.1,0.3,0.00,195.2,31.0,22.1,0.3,5899.56,10.0,2.0,2.5,NR5G-SA,n79,-84,-84,-10,17,-999,8.6
2026-05-28 11:20:08.263,2026-05-28 11:34:54.567,22.6613597,114.5003391,50.1,0.2,0.00,180.1,31.0,22.1,0.3,5899.63,10.0,2.0,2.5,NR5G-SA,n79,-84,-84,-10,17,-999,6.9
2026-05-28 11:20:08.463,2026-05-28 11:34:54.767,22.6613597,114.5003391,50.1,0.2,0.00,180.1,31.0,22.1,0.3,5899.63,10.0,2.0,2.5,NR5G-SA,n79,-84,-84,-10,17,-999,9.5
2026-05-28 11:20:08.664,2026-05-28 11:34:54.967,22.6613597,114.5003397,50.0,0.0,-0.07,167.9,33.5,22.7,0.4,5899.70,10.0,2.0,2.5,NR5G-SA,n79,-80,-80,-10,21,-999,6.3
2026-05-28 11:20:08.864,2026-05-28 11:34:55.167,22.6613599,114.5003400,50.0,0.0,-0.07,163.5,33.5,22.7,0.4,5899.73,10.0,2.0,2.5,NR5G-SA,n79,-80,-80,-10,21,-999,4.7
2026-05-28 11:20:09.064,2026-05-28 11:34:55.567,22.6613600,114.5003401,50.0,0.1,-0.04,162.6,33.5,22.7,0.4,5899.75,10.0,2.0,2.5,NR5G-SA,n79,-80,-80,-10,21,-999,6.1
2026-05-28 11:20:09.265,2026-05-28 11:34:55.567,22.6613600,114.5003401,50.0,0.3,0.05,162.9,33.5,22.7,0.4,5899.75,10.0,2.0,2.5,NR5G-SA,n79,-81,-81,-10,21,-999,9.3
2026-05-28 11:20:09.465,2026-05-28 11:34:55.767,22.6613600,114.5003401,50.0,0.3,0.05,162.9,33.5,22.7,0.4,5899.75,10.0,2.0,2.5,NR5G-SA,n79,-81,-81,-10,21,-999,15.2
2026-05-28 11:20:09.665,2026-05-28 11:34:55.967,22.6613599,114.5003396,50.0,0.3,0.06,163.6,37.1,22.9,0.4,5899.80,10.0,2.0,2.5,NR5G-SA,n79,-81,-81,-10,21,-999,6.3
2026-05-28 11:20:09.866,2026-05-28 11:34:56.167,22.6613598,114.5003389,50.0,0.4,0.02,164.7,37.1,22.9,0.3,5899.87,10.0,2.0,2.5,NR5G-SA,n79,-81,-81,-10,22,-999,4.7
2026-05-28 11:20:10.066,2026-05-28 11:34:56.567,22.6613596,114.5003383,50.0,0.3,0.02,165.7,37.1,22.9,0.2,5899.94,10.0,2.0,2.5,NR5G-SA,n79,-81,-81,-10,22,-999,4.2
2026-05-28 11:20:10.266,2026-05-28 11:34:56.567,22.6613595,114.5003377,50.0,0.3,0.02,166.5,37.1,22.9,0.2,5900.00,10.0,2.0,2.5,NR5G-SA,n79,-80,-80,-10,22,-999,12.4
2026-05-28 11:20:10.467,2026-05-28 11:34:56.767,22.6613595,114.5003377,50.0,0.3,0.02,166.5,37.1,22.9,0.2,5900.00,10.0,2.0,2.5,NR5G-SA,n79,-80,-80,-10,22,-999,13.5
2026-05-28 11:20:10.667,2026-05-28 11:34:56.967,22.6613594,114.5003371,50.0,0.3,0.02,166.9,24.4,24.9,0.1,5900.07,10.0,2.0,2.5,NR5G-SA,n79,-80,-80,-10,22,-999,6.3
2026-05-28 11:20:10.867,2026-05-28 11:34:57.167,22.6613594,114.5003367,50.0,0.2,-0.10,167.0,24.4,24.9,0.1,5900.11,10.0,2.0,2.5,NR5G-SA,n79,-79,-79,-10,22,-999,7.0
2026-05-28 11:20:11.068,2026-05-28 11:34:57.567,22.6613593,114.5003364,50.0,0.2,-0.34,166.9,24.4,24.9,0.1,5900.14,10.0,2.0,2.5,NR5G-SA,n79,-79,-79,-10,22,-999,8.3
2026-05-28 11:20:11.268,2026-05-28 11:34:57.567,22.6613592,114.5003362,49.8,0.2,-0.62,166.8,24.4,24.9,0.0,5900.16,10.0,2.0,2.5,NR5G-SA,n79,-79,-79,-10,22,-999,8.1
2026-05-28 11:20:11.468,2026-05-28 11:34:57.767,22.6613592,114.5003362,49.8,0.2,-0.62,166.8,24.4,24.9,0.0,5900.16,10.0,2.0,2.5,NR5G-SA,n79,-81,-81,-10,23,-999,10.2
2026-05-28 11:20:11.669,2026-05-28 11:34:57.967,22.6613590,114.5003358,49.6,0.2,-0.89,166.6,44.1,24.9,0.0,5900.21,10.0,2.0,2.5,NR5G-SA,n79,-81,-81,-10,23,-999,5.4
2026-05-28 11:20:11.869,2026-05-28 11:34:58.167,22.6613588,114.5003355,49.3,0.2,-1.15,166.9,44.1,24.3,0.1,5900.25,10.0,2.0,2.5,NR5G-SA,n79,-81,-81,-10,23,-999,4.5
2026-05-28 11:20:12.069,2026-05-28 11:34:58.567,22.6613587,114.5003352,49.0,0.2,-1.42,167.0,44.1,24.3,0.1,5900.28,10.0,2.0,2.5,NR5G-SA,n79,-79,-79,-10,23,-999,5.4
2026-05-28 11:20:12.269,2026-05-28 11:34:58.567,22.6613587,114.5003349,48.6,0.1,-1.56,167.1,44.1,24.3,0.1,5900.31,10.0,2.0,2.5,NR5G-SA,n79,-79,-79,-10,23,-999,11.0
2026-05-28 11:20:12.470,2026-05-28 11:34:58.767,22.6613587,114.5003349,48.6,0.1,-1.56,167.1,44.1,24.3,0.1,5900.31,10.0,2.0,2.5,NR5G-SA,n79,-78,-78,-10,22,-999,14.2
2026-05-28 11:20:12.670,2026-05-28 11:34:58.967,22.6613589,114.5003346,48.2,0.2,-1.55,167.3,12.2,24.3,0.1,5900.35,10.0,2.0,2.5,NR5G-SA,n79,-78,-78,-10,22,-999,6.3
2026-05-28 11:20:12.870,2026-05-28 11:34:59.167,22.6613592,114.5003345,47.8,0.1,-1.49,167.7,12.2,23.1,0.2,5900.38,10.0,2.0,2.5,NR5G-SA,n79,-78,-78,-10,22,-999,6.5
2026-05-28 11:20:13.071,2026-05-28 11:34:59.567,22.6613594,114.5003345,47.4,0.2,-1.40,168.0,12.2,23.1,0.2,5900.41,10.0,2.0,2.5,NR5G-SA,n79,-76,-76,-10,22,-999,8.0
2026-05-28 11:20:13.271,2026-05-28 11:34:59.567,22.6613595,114.5003346,47.1,0.1,-1.45,168.1,12.2,23.1,0.2,5900.42,10.0,2.0,2.5,NR5G-SA,n79,-76,-76,-10,22,-999,12.3
2026-05-28 11:20:13.472,2026-05-28 11:34:59.767,22.6613595,114.5003346,47.1,0.1,-1.45,168.1,12.2,23.1,0.2,5900.42,10.0,2.0,2.5,NR5G-SA,n79,-76,-76,-10,22,-999,13.0
2026-05-28 11:20:13.672,2026-05-28 11:34:59.967,22.6613594,114.5003346,46.7,0.1,-1.43,168.2,12.2,23.1,0.2,5900.43,10.0,2.0,2.5,NR5G-SA,n79,-72,-72,-10,22,-999,6.9
2026-05-28 11:20:13.873,2026-05-28 11:35:00.167,22.6613593,114.5003348,46.4,0.1,-1.41,168.2,100.0,24.0,0.1,5900.46,10.0,2.0,2.5,NR5G-SA,n79,-72,-72,-10,22,-999,6.7
2026-05-28 11:20:14.073,2026-05-28 11:35:00.567,22.6613593,114.5003349,46.0,0.0,-1.40,168.2,100.0,24.0,0.1,5900.47,10.0,2.0,2.5,NR5G-SA,n79,-72,-72,-10,22,-999,6.4
2026-05-28 11:20:14.273,2026-05-28 11:35:00.767,22.6613593,114.5003349,45.6,0.1,-1.41,168.2,100.0,24.0,0.1,5900.47,10.0,2.0,2.5,NR5G-SA,n79,-70,-70,-10,21,-999,8.0
2026-05-28 11:20:14.474,2026-05-28 11:35:00.767,22.6613595,114.5003348,45.3,0.1,-1.50,168.4,100.0,24.0,0.1,5900.49,10.0,2.0,2.5,NR5G-SA,n79,-70,-70,-10,21,-999,11.2
2026-05-28 11:20:14.674,2026-05-28 11:35:00.967,22.6613595,114.5003348,45.3,0.1,-1.50,168.4,100.0,24.0,0.1,5900.49,10.0,2.0,2.5,NR5G-SA,n79,-71,-71,-10,23,-999,10.2
2026-05-28 11:20:14.875,2026-05-28 11:35:01.167,22.6613598,114.5003348,44.9,0.1,-1.47,168.5,3.9,23.3,0.2,5900.52,10.0,2.0,2.5,NR5G-SA,n79,-71,-71,-10,23,-999,6.2
2026-05-28 11:20:15.075,2026-05-28 11:35:01.567,22.6613601,114.5003348,44.5,0.1,-1.56,168.9,3.9,23.3,0.2,5900.56,10.0,2.0,2.5,NR5G-SA,n79,-71,-71,-10,23,-999,7.2
2026-05-28 11:20:15.275,2026-05-28 11:35:01.767,22.6613604,114.5003348,44.1,0.1,-1.56,169.6,3.9,23.3,0.2,5900.59,10.0,2.0,2.5,NR5G-SA,n79,-70,-70,-10,22,-999,7.8
2026-05-28 11:20:15.476,2026-05-28 11:35:01.767,22.6613605,114.5003348,43.8,0.1,-1.56,169.7,3.9,23.3,0.2,5900.60,10.0,2.0,2.5,NR5G-SA,n79,-70,-70,-10,22,-999,12.6
2026-05-28 11:20:15.676,2026-05-28 11:35:01.967,22.6613605,114.5003348,43.8,0.0,-1.46,169.7,3.9,23.3,0.2,5900.60,10.0,2.0,2.5,NR5G-SA,n79,-70,-70,-10,22,-999,6.5
2026-05-28 11:20:15.876,2026-05-28 11:35:02.167,22.6613604,114.5003348,43.4,0.1,-1.48,169.7,0.0,20.4,0.2,5900.61,10.0,2.0,2.5,NR5G-SA,n79,-68,-68,-10,22,-999,5.9
2026-05-28 11:20:16.077,2026-05-28 11:35:02.567,22.6613601,114.5003348,43.0,0.1,-1.49,170.1,0.0,20.4,0.2,5900.65,10.0,2.0,2.5,NR5G-SA,n79,-68,-68,-10,22,-999,6.4
2026-05-28 11:20:16.277,2026-05-28 11:35:02.567,22.6613599,114.5003348,42.6,0.1,-1.50,170.3,0.0,20.4,0.2,5900.67,10.0,2.0,2.5,NR5G-SA,n79,-68,-68,-10,22,-999,9.8
2026-05-28 11:20:16.478,2026-05-28 11:35:02.767,22.6613598,114.5003348,42.3,0.1,-1.50,170.2,0.0,20.4,0.2,5900.68,10.0,2.0,2.5,NR5G-SA,n79,-67,-67,-10,21,-999,12.9
2026-05-28 11:20:16.678,2026-05-28 11:35:02.967,22.6613598,114.5003348,42.3,0.1,-1.51,170.2,0.0,20.4,0.2,5900.68,10.0,2.0,2.5,NR5G-SA,n79,-67,-67,-10,21,-999,6.4
2026-05-28 11:20:16.878,2026-05-28 11:35:03.167,22.6613596,114.5003349,41.9,0.0,-1.50,170.2,20.3,20.4,0.1,5900.70,10.0,2.0,2.5,NR5G-SA,n79,-66,-66,-10,21,-999,5.7
2026-05-28 11:20:17.079,2026-05-28 11:35:03.567,22.6613594,114.5003350,41.5,0.1,-1.50,170.0,20.3,20.4,0.1,5900.73,10.0,2.0,2.5,NR5G-SA,n79,-66,-66,-10,21,-999,6.1
2026-05-28 11:20:17.279,2026-05-28 11:35:03.767,22.6613592,114.5003352,41.1,0.1,-1.43,169.9,20.3,20.4,0.1,5900.76,10.0,2.0,2.5,NR5G-SA,n79,-66,-66,-10,21,-999,5.8
2026-05-28 11:20:17.480,2026-05-28 11:35:03.767,22.6613589,114.5003354,40.8,0.2,-1.49,169.5,20.3,20.4,0.1,5900.80,10.0,2.0,2.5,NR5G-SA,n79,-68,-68,-10,22,-999,12.0
2026-05-28 11:20:17.680,2026-05-28 11:35:03.967,22.6613589,114.5003354,40.8,0.2,-1.49,169.5,20.3,20.4,0.1,5900.80,10.0,2.0,2.5,NR5G-SA,n79,-68,-68,-10,22,-999,7.3
2026-05-28 11:20:17.880,2026-05-28 11:35:04.167,22.6613586,114.5003356,40.4,0.2,-1.51,169.1,40.2,21.2,0.1,5900.84,10.0,2.0,2.5,NR5G-SA,n79,-68,-68,-10,22,-999,6.7
2026-05-28 11:20:18.080,2026-05-28 11:35:04.567,22.6613583,114.5003357,40.0,0.1,-1.47,168.6,40.2,21.2,0.1,5900.87,10.0,2.0,2.5,NR5G-SA,n79,-67,-67,-10,21,-999,5.8
2026-05-28 11:20:18.281,2026-05-28 11:35:04.567,22.6613581,114.5003358,39.6,0.1,-1.47,168.4,40.2,21.2,0.1,5900.90,10.0,2.0,2.5,NR5G-SA,n79,-67,-67,-10,21,-999,5.7
2026-05-28 11:20:18.481,2026-05-28 11:35:04.767,22.6613579,114.5003359,39.3,0.1,-1.51,168.3,40.2,21.2,0.1,5900.92,10.0,2.0,2.5,NR5G-SA,n79,-67,-67,-10,21,-999,9.8
2026-05-28 11:20:18.681,2026-05-28 11:35:04.967,22.6613579,114.5003359,39.3,0.1,-1.51,168.3,40.2,21.2,0.1,5900.92,10.0,2.0,2.5,NR5G-SA,n79,-67,-67,-10,21,-999,6.5
2026-05-28 11:20:18.882,2026-05-28 11:35:05.167,22.6613578,114.5003359,38.9,0.0,-1.48,168.1,30.9,20.7,0.1,5900.93,10.0,2.0,2.5,NR5G-SA,n79,-67,-67,-10,21,-999,6.3
2026-05-28 11:20:19.082,2026-05-28 11:35:05.567,22.6613578,114.5003359,38.5,0.0,-1.49,168.1,30.9,20.7,0.1,5900.93,10.0,2.0,2.5,NR5G-SA,n79,-67,-67,-10,20,-999,5.4
2026-05-28 11:20:19.282,2026-05-28 11:35:05.767,22.6613580,114.5003359,38.1,0.1,-1.50,168.1,30.9,20.7,0.1,5900.95,10.0,2.0,2.5,NR5G-SA,n79,-67,-67,-10,21,-999,5.2
2026-05-28 11:20:19.483,2026-05-28 11:35:05.767,22.6613582,114.5003358,37.8,0.1,-1.49,168.1,30.9,20.7,0.1,5900.98,10.0,2.0,2.5,NR5G-SA,n79,-67,-67,-10,21,-999,11.8
2026-05-28 11:20:19.683,2026-05-28 11:35:05.967,22.6613582,114.5003358,37.8,0.1,-1.49,168.1,30.9,20.7,0.1,5900.98,10.0,2.0,2.5,NR5G-SA,n79,-67,-67,-10,22,-999,8.8
2026-05-28 11:20:19.884,2026-05-28 11:35:06.167,22.6613585,114.5003358,37.4,0.1,-1.48,168.2,32.2,20.2,0.0,5901.01,10.0,2.0,2.5,NR5G-SA,n79,-67,-67,-10,22,-999,7.5
2026-05-28 11:20:20.084,2026-05-28 11:35:06.567,22.6613588,114.5003358,37.0,0.1,-1.44,168.3,32.2,20.2,0.0,5901.05,10.0,2.0,2.5,NR5G-SA,n79,-67,-67,-10,22,-999,5.4
2026-05-28 11:20:20.284,2026-05-28 11:35:06.767,22.6613590,114.5003359,36.6,0.1,-1.47,168.4,32.2,20.2,0.0,5901.07,10.0,2.0,2.5,NR5G-SA,n79,-66,-66,-10,21,-999,5.1
2026-05-28 11:20:20.485,2026-05-28 11:35:06.767,22.6613591,114.5003359,36.3,0.1,-1.49,168.6,32.2,20.2,0.0,5901.08,10.0,2.0,2.5,NR5G-SA,n79,-66,-66,-10,21,-999,10.4
2026-05-28 11:20:20.685,2026-05-28 11:35:06.967,22.6613591,114.5003359,36.3,0.1,-1.49,168.6,32.2,20.2,0.0,5901.08,10.0,2.0,2.5,NR5G-SA,n79,-66,-66,-10,21,-999,7.2
2026-05-28 11:20:20.885,2026-05-28 11:35:07.167,22.6613593,114.5003359,35.9,0.0,-1.47,168.7,39.7,20.2,0.0,5901.10,10.0,2.0,2.5,NR5G-SA,n79,-66,-66,-10,21,-999,7.5
2026-05-28 11:20:21.086,2026-05-28 11:35:07.567,22.6613593,114.5003359,35.5,0.1,-1.49,168.3,39.7,20.1,0.0,5901.10,10.0,2.0,2.5,NR5G-SA,n79,-66,-66,-10,21,-999,5.7
2026-05-28 11:20:21.286,2026-05-28 11:35:07.767,22.6613592,114.5003358,35.1,0.1,-1.51,168.1,39.7,20.1,0.0,5901.12,10.0,2.0,2.5,NR5G-SA,n79,-66,-66,-10,21,-999,5.1
2026-05-28 11:20:21.487,2026-05-28 11:35:07.767,22.6613590,114.5003358,34.7,0.2,-1.50,167.9,39.7,20.1,0.0,5901.14,10.0,2.0,2.5,NR5G-SA,n79,-66,-66,-10,21,-999,11.0
2026-05-28 11:20:21.687,2026-05-28 11:35:07.967,22.6613590,114.5003358,34.7,0.2,-1.50,167.9,39.7,20.1,0.0,5901.14,10.0,2.0,2.5,NR5G-SA,n79,-66,-66,-10,21,-999,7.1
2026-05-28 11:20:21.887,2026-05-28 11:35:08.167,22.6613587,114.5003358,34.3,0.1,-1.46,167.9,21.2,20.1,0.0,5901.17,10.0,2.0,2.5,NR5G-SA,n79,-66,-66,-10,21,-999,6.7
2026-05-28 11:20:22.088,2026-05-28 11:35:08.567,22.6613585,114.5003358,34.0,0.1,-1.46,168.0,21.2,19.0,0.0,5901.20,10.0,2.0,2.5,NR5G-SA,n79,-65,-65,-10,22,-999,7.1
2026-05-28 11:20:22.288,2026-05-28 11:35:08.767,22.6613586,114.5003358,33.6,0.1,-1.44,168.2,21.2,19.0,0.0,5901.21,10.0,2.0,2.5,NR5G-SA,n79,-65,-65,-10,22,-999,4.7
2026-05-28 11:20:22.488,2026-05-28 11:35:08.767,22.6613589,114.5003357,33.2,0.1,-1.48,168.7,21.2,19.0,0.0,5901.24,10.0,2.0,2.5,NR5G-SA,n79,-67,-67,-10,24,-999,11.7
2026-05-28 11:20:22.689,2026-05-28 11:35:08.967,22.6613589,114.5003357,33.2,0.1,-1.48,168.7,21.2,19.0,0.0,5901.24,10.0,2.0,2.5,NR5G-SA,n79,-67,-67,-10,24,-999,6.4
2026-05-28 11:20:22.889,2026-05-28 11:35:09.167,22.6613594,114.5003357,32.9,0.2,-1.45,169.0,0.0,19.0,0.1,5901.30,10.0,2.0,2.5,NR5G-SA,n79,-67,-67,-10,24,-999,6.2
2026-05-28 11:20:23.089,2026-05-28 11:35:09.567,22.6613599,114.5003356,32.5,0.2,-1.47,169.4,0.0,20.0,0.1,5901.36,10.0,2.0,2.5,NR5G-SA,n79,-66,-66,-10,24,-999,4.5
2026-05-28 11:20:23.290,2026-05-28 11:35:09.767,22.6613603,114.5003356,32.2,0.1,-1.42,169.6,0.0,20.0,0.2,5901.40,10.0,2.0,2.5,NR5G-SA,n79,-66,-66,-10,24,-999,7.3
2026-05-28 11:20:23.490,2026-05-28 11:35:09.767,22.6613605,114.5003357,31.8,0.1,-1.38,169.6,0.0,20.0,0.2,5901.42,10.0,2.0,2.5,NR5G-SA,n79,-66,-66,-10,24,-999,9.5
2026-05-28 11:20:23.690,2026-05-28 11:35:09.967,22.6613605,114.5003357,31.8,0.1,-1.38,169.6,0.0,20.0,0.2,5901.42,10.0,2.0,2.5,NR5G-SA,n79,-64,-64,-10,23,-999,5.3
2026-05-28 11:20:23.891,2026-05-28 11:35:10.167,22.6613604,114.5003360,31.4,0.1,-1.47,169.7,5.4,20.0,0.2,5901.46,10.0,2.0,2.5,NR5G-SA,n79,-64,-64,-10,23,-999,6.2
2026-05-28 11:20:24.091,2026-05-28 11:35:10.567,22.6613600,114.5003362,31.0,0.1,-1.43,169.8,5.4,20.6,0.1,5901.51,10.0,2.0,2.5,NR5G-SA,n79,-64,-64,-10,22,-999,5.8
2026-05-28 11:20:24.291,2026-05-28 11:35:10.767,22.6613598,114.5003364,30.7,0.2,-1.47,169.8,5.4,20.6,0.1,5901.54,10.0,2.0,2.5,NR5G-SA,n79,-64,-64,-10,22,-999,5.9
2026-05-28 11:20:24.492,2026-05-28 11:35:10.767,22.6613595,114.5003367,30.3,0.2,-1.48,170.1,5.4,20.6,0.1,5901.58,10.0,2.0,2.5,NR5G-SA,n79,-64,-64,-10,22,-999,10.4
2026-05-28 11:20:24.692,2026-05-28 11:35:10.967,22.6613595,114.5003367,30.3,0.2,-1.48,170.1,5.4,20.6,0.1,5901.58,10.0,2.0,2.5,NR5G-SA,n79,-66,-66,-10,26,-999,7.3
2026-05-28 11:20:24.893,2026-05-28 11:35:11.167,22.6613591,114.5003370,29.9,0.2,-1.52,170.1,0.0,20.6,0.1,5901.64,10.0,2.0,2.5,NR5G-SA,n79,-66,-66,-10,26,-999,5.2
2026-05-28 11:20:25.093,2026-05-28 11:35:11.567,22.6613588,114.5003370,29.5,0.2,-1.57,170.0,0.0,21.1,0.1,5901.67,10.0,2.0,2.5,NR5G-SA,n79,-66,-66,-10,26,-999,7.4
2026-05-28 11:20:25.293,2026-05-28 11:35:11.767,22.6613584,114.5003370,29.1,0.1,-1.57,169.9,0.0,21.1,0.1,5901.71,10.0,2.0,2.5,NR5G-SA,n79,-65,-65,-10,25,-999,6.1
2026-05-28 11:20:25.493,2026-05-28 11:35:11.767,22.6613583,114.5003369,28.7,0.1,-1.54,169.7,0.0,21.1,0.1,5901.73,10.0,2.0,2.5,NR5G-SA,n79,-65,-65,-10,25,-999,11.0
2026-05-28 11:20:25.694,2026-05-28 11:35:11.967,22.6613583,114.5003369,28.7,0.1,-1.54,169.7,0.0,21.1,0.1,5901.73,10.0,2.0,2.5,NR5G-SA,n79,-65,-65,-10,25,-999,6.8
2026-05-28 11:20:25.894,2026-05-28 11:35:12.167,22.6613584,114.5003368,28.4,0.0,-1.50,169.3,12.1,21.1,0.1,5901.74,10.0,2.0,2.5,NR5G-SA,n79,-65,-65,-10,25,-999,5.7
2026-05-28 11:20:26.094,2026-05-28 11:35:12.567,22.6613586,114.5003367,28.0,0.1,-1.46,169.3,12.1,21.1,0.1,5901.77,10.0,2.0,2.5,NR5G-SA,n79,-65,-65,-10,25,-999,7.0
2026-05-28 11:20:26.295,2026-05-28 11:35:12.767,22.6613588,114.5003367,27.6,0.1,-1.49,169.2,12.1,21.1,0.1,5901.79,10.0,2.0,2.5,NR5G-SA,n79,-64,-64,-10,24,-999,6.6
2026-05-28 11:20:26.495,2026-05-28 11:35:12.767,22.6613591,114.5003366,27.2,0.1,-1.45,169.3,12.1,21.1,0.1,5901.83,10.0,2.0,2.5,NR5G-SA,n79,-64,-64,-10,24,-999,10.3
2026-05-28 11:20:26.695,2026-05-28 11:35:12.967,22.6613591,114.5003366,27.2,0.1,-1.45,169.3,12.1,21.1,0.1,5901.83,10.0,2.0,2.5,NR5G-SA,n79,-64,-64,-10,24,-999,10.8
2026-05-28 11:20:26.896,2026-05-28 11:35:13.167,22.6613593,114.5003365,26.9,0.0,-1.51,169.3,44.2,21.1,0.1,5901.85,10.0,2.0,2.5,NR5G-SA,n79,-66,-66,-10,25,-999,6.8
2026-05-28 11:20:27.096,2026-05-28 11:35:13.567,22.6613595,114.5003363,26.5,0.1,-1.47,169.5,44.2,22.7,0.1,5901.88,10.0,2.0,2.5,NR5G-SA,n79,-66,-66,-10,25,-999,4.5
2026-05-28 11:20:27.296,2026-05-28 11:35:13.767,22.6613595,114.5003360,26.1,0.1,-1.48,169.7,44.2,22.7,0.1,5901.91,10.0,2.0,2.5,NR5G-SA,n79,-66,-66,-10,25,-999,5.8
2026-05-28 11:20:27.497,2026-05-28 11:35:13.767,22.6613595,114.5003358,25.7,0.1,-1.42,169.9,44.2,22.7,0.1,5901.93,10.0,2.0,2.5,NR5G-SA,n79,-64,-64,-10,27,-999,10.8
2026-05-28 11:20:27.697,2026-05-28 11:35:13.967,22.6613595,114.5003358,25.7,0.1,-1.42,169.9,44.2,22.7,0.1,5901.93,10.0,2.0,2.5,NR5G-SA,n79,-64,-64,-10,27,-999,7.3
2026-05-28 11:20:27.897,2026-05-28 11:35:14.167,22.6613594,114.5003357,25.4,0.1,-1.45,170.0,25.7,22.7,0.1,5901.95,10.0,2.0,2.5,NR5G-SA,n79,-64,-64,-10,27,-999,6.9
2026-05-28 11:20:28.098,2026-05-28 11:35:14.567,22.6613590,114.5003359,25.0,0.1,-1.41,170.1,25.7,22.1,0.0,5902.00,10.0,2.0,2.5,NR5G-SA,n79,-65,-65,-10,26,-999,8.6
2026-05-28 11:20:28.298,2026-05-28 11:35:14.767,22.6613586,114.5003358,24.6,0.1,-1.48,170.1,25.7,22.1,0.0,5902.04,10.0,2.0,2.5,NR5G-SA,n79,-65,-65,-10,26,-999,6.7
2026-05-28 11:20:28.498,2026-05-28 11:35:14.767,22.6613585,114.5003359,24.3,0.0,-1.40,170.2,25.7,22.1,0.0,5902.06,10.0,2.0,2.5,NR5G-SA,n79,-65,-65,-10,25,-999,10.1
2026-05-28 11:20:28.699,2026-05-28 11:35:14.967,22.6613585,114.5003359,24.3,0.0,-1.40,170.2,25.7,22.1,0.0,5902.06,10.0,2.0,2.5,NR5G-SA,n79,-65,-65,-10,25,-999,11.3
2026-05-28 11:20:28.899,2026-05-28 11:35:15.167,22.6613585,114.5003358,23.9,0.0,-1.45,170.1,36.6,22.1,0.0,5902.07,10.0,2.0,2.5,NR5G-SA,n79,-65,-65,-10,25,-999,11.4
2026-05-28 11:20:29.099,2026-05-28 11:35:15.567,22.6613586,114.5003356,23.5,0.1,-1.48,170.0,36.6,20.5,0.1,5902.09,10.0,2.0,2.5,NR5G-SA,n79,-67,-67,-10,25,-999,7.4
2026-05-28 11:20:29.300,2026-05-28 11:35:15.567,22.6613585,114.5003354,23.1,0.0,-1.53,169.8,36.6,20.5,0.1,5902.11,10.0,2.0,2.5,NR5G-SA,n79,-67,-67,-10,25,-999,8.4
2026-05-28 11:20:29.500,2026-05-28 11:35:15.767,22.6613585,114.5003352,22.8,0.1,-1.47,169.8,36.6,20.5,0.1,5902.13,10.0,2.0,2.5,NR5G-SA,n79,-67,-67,-10,25,-999,9.0
2026-05-28 11:20:29.700,2026-05-28 11:35:15.967,22.6613585,114.5003352,22.8,0.1,-1.47,169.8,36.6,20.5,0.1,5902.13,10.0,2.0,2.5,NR5G-SA,n79,-65,-65,-10,26,-999,8.2
2026-05-28 11:20:29.901,2026-05-28 11:35:16.167,22.6613587,114.5003351,22.4,0.1,-1.51,169.7,35.9,20.5,0.1,5902.16,10.0,2.0,2.5,NR5G-SA,n79,-65,-65,-10,26,-999,4.9
2026-05-28 11:20:30.101,2026-05-28 11:35:16.567,22.6613589,114.5003351,22.0,0.1,-1.47,169.7,35.9,20.5,0.1,5902.18,10.0,2.0,2.5,NR5G-SA,n79,-65,-65,-10,26,-999,8.0
2026-05-28 11:20:30.302,2026-05-28 11:35:16.767,22.6613591,114.5003351,21.6,0.1,-1.48,169.6,35.9,22.3,0.1,5902.20,10.0,2.0,2.5,NR5G-SA,n79,-66,-66,-10,26,-999,7.7
2026-05-28 11:20:30.502,2026-05-28 11:35:16.767,22.6613592,114.5003351,21.2,0.0,-1.48,169.6,35.9,22.3,0.1,5902.22,10.0,2.0,2.5,NR5G-SA,n79,-66,-66,-10,26,-999,10.5
2026-05-28 11:20:30.702,2026-05-28 11:35:16.967,22.6613592,114.5003351,21.2,0.0,-1.48,169.6,35.9,22.3,0.1,5902.22,10.0,2.0,2.5,NR5G-SA,n79,-68,-68,-10,24,-999,11.4
2026-05-28 11:20:30.903,2026-05-28 11:35:17.167,22.6613593,114.5003351,20.8,0.1,-1.45,169.6,25.9,22.3,0.1,5902.23,10.0,2.0,2.5,NR5G-SA,n79,-68,-68,-10,24,-999,9.2
2026-05-28 11:20:31.103,2026-05-28 11:35:17.567,22.6613592,114.5003351,20.5,0.0,-1.47,169.5,25.9,22.3,0.1,5902.24,10.0,2.0,2.5,NR5G-SA,n79,-68,-68,-10,24,-999,8.7
2026-05-28 11:20:31.303,2026-05-28 11:35:17.767,22.6613592,114.5003352,20.1,0.1,-1.46,169.4,25.9,23.5,0.1,5902.25,10.0,2.0,2.5,NR5G-SA,n79,-66,-66,-10,24,-999,7.6
2026-05-28 11:20:31.503,2026-05-28 11:35:17.767,22.6613592,114.5003353,19.7,0.1,-1.45,169.3,25.9,23.5,0.1,5902.26,10.0,2.0,2.5,NR5G-SA,n79,-66,-66,-10,24,-999,8.4
2026-05-28 11:20:31.704,2026-05-28 11:35:17.967,22.6613592,114.5003353,19.7,0.1,-1.45,169.3,25.9,23.5,0.1,5902.26,10.0,2.0,2.5,NR5G-SA,n79,-66,-66,-10,24,-999,10.9
2026-05-28 11:20:31.904,2026-05-28 11:35:18.167,22.6613591,114.5003355,19.4,0.1,-1.47,169.0,42.9,23.5,0.1,5902.28,10.0,2.0,2.5,NR5G-SA,n79,-68,-68,-10,24,-999,10.4
2026-05-28 11:20:32.104,2026-05-28 11:35:18.567,22.6613589,114.5003357,19.0,0.1,-1.48,168.7,42.9,23.5,0.0,5902.31,10.0,2.0,2.5,NR5G-SA,n79,-68,-68,-10,24,-999,9.5
2026-05-28 11:20:32.305,2026-05-28 11:35:18.767,22.6613587,114.5003360,18.6,0.1,-1.48,168.6,42.9,24.1,0.0,5902.35,10.0,2.0,2.5,NR5G-SA,n79,-68,-68,-10,24,-999,7.9
2026-05-28 11:20:32.505,2026-05-28 11:35:18.767,22.6613586,114.5003362,18.2,0.1,-1.51,168.3,42.9,24.1,0.0,5902.37,10.0,2.0,2.5,NR5G-SA,n79,-70,-70,-10,25,-999,9.2
2026-05-28 11:20:32.705,2026-05-28 11:35:18.967,22.6613586,114.5003362,18.2,0.1,-1.51,168.3,42.9,24.1,0.0,5902.37,10.0,2.0,2.5,NR5G-SA,n79,-70,-70,-10,25,-999,8.4
2026-05-28 11:20:32.906,2026-05-28 11:35:19.167,22.6613585,114.5003362,17.9,0.0,-1.53,168.1,13.6,24.1,0.0,5902.38,10.0,2.0,2.5,NR5G-SA,n79,-70,-70,-10,25,-999,6.7
2026-05-28 11:20:33.106,2026-05-28 11:35:19.567,22.6613584,114.5003361,17.5,0.1,-1.54,167.9,13.6,24.1,0.1,5902.40,10.0,2.0,2.5,NR5G-SA,n79,-67,-67,-10,24,-999,8.8
2026-05-28 11:20:33.306,2026-05-28 11:35:19.767,22.6613583,114.5003359,17.1,0.1,-1.49,168.1,13.6,25.4,0.1,5902.42,10.0,2.0,2.5,NR5G-SA,n79,-67,-67,-10,24,-999,10.2
2026-05-28 11:20:33.507,2026-05-28 11:35:19.767,22.6613584,114.5003357,16.7,0.1,-1.53,168.3,13.6,25.4,0.1,5902.45,10.0,2.0,2.5,NR5G-SA,n79,-66,-66,-10,25,-999,10.4
2026-05-28 11:20:33.707,2026-05-28 11:35:19.967,22.6613584,114.5003357,16.7,0.1,-1.53,168.3,13.6,25.4,0.1,5902.45,10.0,2.0,2.5,NR5G-SA,n79,-66,-66,-10,25,-999,10.8
2026-05-28 11:20:33.908,2026-05-28 11:35:20.167,22.6613584,114.5003355,16.3,0.0,-1.44,168.1,0.0,25.4,0.1,5902.47,10.0,2.0,2.5,NR5G-SA,n79,-66,-66,-10,25,-999,11.9
2026-05-28 11:20:34.108,2026-05-28 11:35:20.567,22.6613583,114.5003356,15.9,0.1,-1.42,167.4,0.0,25.4,0.1,5902.48,10.0,2.0,2.5,NR5G-SA,n79,-70,-70,-10,25,-999,7.7
2026-05-28 11:20:34.308,2026-05-28 11:35:20.767,22.6613580,114.5003357,15.6,0.2,-1.46,166.8,0.0,25.9,0.1,5902.52,10.0,2.0,2.5,NR5G-SA,n79,-70,-70,-10,25,-999,6.1
2026-05-28 11:20:34.509,2026-05-28 11:35:20.967,22.6613575,114.5003359,15.2,0.2,-1.45,166.6,0.0,25.9,0.2,5902.58,10.0,2.0,2.5,NR5G-SA,n79,-70,-70,-10,25,-999,5.6
2026-05-28 11:20:34.709,2026-05-28 11:35:20.967,22.6613575,114.5003359,15.2,0.2,-1.45,166.6,0.0,25.9,0.2,5902.58,10.0,2.0,2.5,NR5G-SA,n79,-70,-70,-10,23,-999,10.4
2026-05-28 11:20:34.910,2026-05-28 11:35:21.167,22.6613571,114.5003361,14.8,0.1,-1.41,166.5,4.1,25.9,0.2,5902.62,10.0,2.0,2.5,NR5G-SA,n79,-70,-70,-10,23,-999,9.1
2026-05-28 11:20:35.110,2026-05-28 11:35:21.567,22.6613570,114.5003362,14.4,0.0,-1.43,166.3,4.1,25.9,0.2,5902.64,10.0,2.0,2.5,NR5G-SA,n79,-70,-70,-10,23,-999,7.0
2026-05-28 11:20:35.310,2026-05-28 11:35:21.567,22.6613572,114.5003361,14.1,0.1,-1.46,166.1,4.1,25.5,0.2,5902.66,10.0,2.0,2.5,NR5G-SA,n79,-70,-70,-10,22,-999,8.9
2026-05-28 11:20:35.511,2026-05-28 11:35:21.767,22.6613574,114.5003360,13.7,0.1,-1.44,166.1,4.1,25.5,0.2,5902.69,10.0,2.0,2.5,NR5G-SA,n79,-70,-70,-10,22,-999,7.0
2026-05-28 11:20:35.711,2026-05-28 11:35:21.967,22.6613574,114.5003360,13.7,0.1,-1.44,166.1,4.1,25.5,0.2,5902.69,10.0,2.0,2.5,NR5G-SA,n79,-71,-71,-10,22,-999,13.4
2026-05-28 11:20:35.911,2026-05-28 11:35:22.167,22.6613577,114.5003358,13.3,0.1,-1.43,166.3,0.0,25.5,0.1,5902.73,10.0,2.0,2.5,NR5G-SA,n79,-71,-71,-10,22,-999,10.5
2026-05-28 11:20:36.112,2026-05-28 11:35:22.567,22.6613580,114.5003357,13.0,0.1,-1.46,166.3,0.0,25.5,0.1,5902.76,10.0,2.0,2.5,NR5G-SA,n79,-71,-71,-10,22,-999,8.7
2026-05-28 11:20:36.312,2026-05-28 11:35:22.767,22.6613583,114.5003357,12.6,0.1,-1.42,166.4,0.0,25.3,0.1,5902.80,10.0,2.0,2.5,NR5G-SA,n79,-71,-71,-10,22,-999,6.6
2026-05-28 11:20:36.512,2026-05-28 11:35:22.767,22.6613585,114.5003357,12.2,0.1,-1.45,166.4,0.0,25.3,0.1,5902.82,10.0,2.0,2.5,NR5G-SA,n79,-71,-71,-10,22,-999,8.9
2026-05-28 11:20:36.713,2026-05-28 11:35:22.967,22.6613585,114.5003357,12.2,0.1,-1.45,166.4,0.0,25.3,0.1,5902.82,10.0,2.0,2.5,NR5G-SA,n79,-71,-71,-10,22,-999,14.3
2026-05-28 11:20:36.913,2026-05-28 11:35:23.167,22.6613587,114.5003358,11.9,0.1,-1.43,166.5,21.5,25.3,0.0,5902.84,10.0,2.0,2.5,NR5G-SA,n79,-72,-72,-10,22,-999,7.8
2026-05-28 11:20:37.114,2026-05-28 11:35:23.567,22.6613589,114.5003359,11.5,0.1,-1.44,166.6,21.5,25.3,0.0,5902.87,10.0,2.0,2.5,NR5G-SA,n79,-72,-72,-10,22,-999,7.1
2026-05-28 11:20:37.314,2026-05-28 11:35:23.767,22.6613590,114.5003360,11.1,0.0,-1.32,166.7,21.5,25.3,0.0,5902.88,10.0,2.0,2.5,NR5G-SA,n79,-72,-72,-10,22,-999,7.4
2026-05-28 11:20:37.515,2026-05-28 11:35:23.767,22.6613590,114.5003360,10.8,0.0,-1.13,167.0,21.5,24.1,0.0,5902.88,10.0,2.0,2.5,NR5G-SA,n79,-73,-73,-10,22,-999,7.0
2026-05-28 11:20:37.715,2026-05-28 11:35:23.967,22.6613590,114.5003360,10.8,0.0,-1.13,167.0,21.5,24.1,0.0,5902.88,10.0,2.0,2.5,NR5G-SA,n79,-73,-73,-10,22,-999,15.5
2026-05-28 11:20:37.915,2026-05-28 11:35:24.167,22.6613589,114.5003359,10.6,0.0,-0.79,167.4,39.2,24.1,0.0,5902.90,10.0,2.0,2.5,NR5G-SA,n79,-73,-73,-10,23,-999,9.4
2026-05-28 11:20:38.116,2026-05-28 11:35:24.567,22.6613589,114.5003358,10.4,0.1,-0.55,167.8,39.2,24.1,0.0,5902.91,10.0,2.0,2.5,NR5G-SA,n79,-73,-73,-10,23,-999,6.5
2026-05-28 11:20:38.316,2026-05-28 11:35:24.767,22.6613589,114.5003357,10.3,0.1,-0.38,167.9,39.2,24.1,0.0,5902.92,10.0,2.0,2.5,NR5G-SA,n79,-73,-73,-10,23,-999,6.3
2026-05-28 11:20:38.516,2026-05-28 11:35:24.767,22.6613587,114.5003356,10.2,0.1,-0.39,167.8,39.2,22.4,0.0,5902.94,10.0,2.0,2.5,NR5G-SA,n79,-77,-77,-10,23,-999,7.6
2026-05-28 11:20:38.717,2026-05-28 11:35:24.967,22.6613587,114.5003356,10.2,0.1,-0.39,167.8,39.2,22.4,0.0,5902.94,10.0,2.0,2.5,NR5G-SA,n79,-77,-77,-10,23,-999,13.7
2026-05-28 11:20:38.917,2026-05-28 11:35:25.167,22.6613585,114.5003355,10.1,0.1,-0.46,167.7,32.0,22.4,0.1,5902.97,10.0,2.0,2.5,NR5G-SA,n79,-77,-77,-10,23,-999,9.0
2026-05-28 11:20:39.118,2026-05-28 11:35:25.567,22.6613584,114.5003355,10.0,0.1,-0.52,167.5,32.0,22.4,0.1,5902.98,10.0,2.0,2.5,NR5G-SA,n79,-75,-75,-10,22,-999,8.1
2026-05-28 11:20:39.318,2026-05-28 11:35:25.767,22.6613583,114.5003354,9.9,0.1,-0.55,167.6,32.0,22.4,0.1,5902.99,10.0,2.0,2.5,NR5G-SA,n79,-75,-75,-10,22,-999,5.7
2026-05-28 11:20:39.518,2026-05-28 11:35:25.767,22.6613584,114.5003353,9.7,0.0,-0.56,167.8,32.0,22.1,0.1,5903.01,10.0,2.0,2.5,NR5G-SA,n79,-75,-75,-10,22,-999,7.2
2026-05-28 11:20:39.719,2026-05-28 11:35:25.967,22.6613584,114.5003353,9.7,0.0,-0.56,167.8,32.0,22.1,0.1,5903.01,10.0,2.0,2.5,NR5G-SA,n79,-78,-78,-10,23,-999,15.1
2026-05-28 11:20:39.919,2026-05-28 11:35:26.167,22.6613584,114.5003353,9.6,0.0,-0.55,168.0,31.3,22.1,0.1,5903.01,10.0,2.0,2.5,NR5G-SA,n79,-78,-78,-10,23,-999,9.8
2026-05-28 11:20:40.120,2026-05-28 11:35:26.567,22.6613585,114.5003353,9.5,0.0,-0.48,168.1,31.3,22.1,0.1,5903.02,10.0,2.0,2.5,NR5G-SA,n79,-76,-76,-10,23,-999,6.5
2026-05-28 11:20:40.320,2026-05-28 11:35:26.767,22.6613585,114.5003353,9.3,0.0,-0.54,168.1,31.3,22.1,0.1,5903.02,10.0,2.0,2.5,NR5G-SA,n79,-76,-76,-10,23,-999,6.1
2026-05-28 11:20:40.520,2026-05-28 11:35:26.767,22.6613585,114.5003353,9.2,0.0,-0.51,168.0,31.3,23.2,0.1,5903.02,10.0,2.0,2.5,NR5G-SA,n79,-76,-76,-10,23,-999,6.8
2026-05-28 11:20:40.721,2026-05-28 11:35:26.967,22.6613585,114.5003353,9.2,0.0,-0.51,168.0,31.3,23.2,0.1,5903.02,10.0,2.0,2.5,NR5G-SA,n79,-78,-78,-10,23,-999,14.7
2026-05-28 11:20:40.921,2026-05-28 11:35:27.167,22.6613586,114.5003353,9.1,0.0,-0.49,167.9,40.3,23.2,0.1,5903.03,10.0,2.0,2.5,NR5G-SA,n79,-78,-78,-10,23,-999,8.3
2026-05-28 11:20:41.121,2026-05-28 11:35:27.567,22.6613586,114.5003353,8.9,0.0,-0.48,167.8,40.3,23.2,0.1,5903.03,10.0,2.0,2.5,NR5G-SA,n79,-78,-78,-10,23,-999,6.9
2026-05-28 11:20:41.322,2026-05-28 11:35:27.767,22.6613586,114.5003353,8.8,0.0,-0.45,167.8,40.3,23.2,0.1,5903.03,10.0,2.0,2.5,NR5G-SA,n79,-78,-78,-10,23,-999,6.4
2026-05-28 11:20:41.522,2026-05-28 11:35:27.767,22.6613586,114.5003353,8.7,0.0,-0.46,167.8,40.3,23.1,0.1,5903.03,10.0,2.0,2.5,NR5G-SA,n79,-78,-78,-10,23,-999,7.1
2026-05-28 11:20:41.722,2026-05-28 11:35:27.967,22.6613586,114.5003353,8.7,0.0,-0.46,167.8,40.3,23.1,0.1,5903.03,10.0,2.0,2.5,NR5G-SA,n79,-78,-78,-10,23,-999,14.6
2026-05-28 11:20:41.923,2026-05-28 11:35:28.167,22.6613586,114.5003353,8.6,0.0,-0.48,168.0,20.3,23.1,0.1,5903.03,10.0,2.0,2.5,NR5G-SA,n79,-78,-78,-10,23,-999,8.1
2026-05-28 11:20:42.123,2026-05-28 11:35:28.567,22.6613586,114.5003353,8.5,0.0,-0.49,168.2,20.3,23.1,0.1,5903.03,10.0,2.0,2.5,NR5G-SA,n79,-78,-78,-10,23,-999,5.5
2026-05-28 11:20:42.323,2026-05-28 11:35:28.767,22.6613586,114.5003353,8.3,0.0,-0.49,168.1,20.3,23.1,0.1,5903.03,10.0,2.0,2.5,NR5G-SA,n79,-78,-78,-10,22,-999,5.9
2026-05-28 11:20:42.524,2026-05-28 11:35:28.767,22.6613586,114.5003353,8.2,0.0,-0.51,168.0,20.3,22.1,0.1,5903.03,10.0,2.0,2.5,NR5G-SA,n79,-78,-78,-10,22,-999,8.4
2026-05-28 11:20:42.724,2026-05-28 11:35:28.967,22.6613586,114.5003353,8.2,0.0,-0.51,168.0,20.3,22.1,0.1,5903.03,10.0,2.0,2.5,NR5G-SA,n79,-78,-78,-10,22,-999,14.3
2026-05-28 11:20:42.924,2026-05-28 11:35:29.167,22.6613586,114.5003353,8.1,0.0,-0.51,168.1,0.0,22.1,0.1,5903.03,10.0,2.0,2.5,NR5G-SA,n79,-80,-80,-10,24,-999,10.0
2026-05-28 11:20:43.125,2026-05-28 11:35:29.567,22.6613586,114.5003353,7.9,0.0,-0.48,168.0,0.0,22.1,0.1,5903.03,10.0,2.0,2.5,NR5G-SA,n79,-80,-80,-10,24,-999,8.6
2026-05-28 11:20:43.325,2026-05-28 11:35:29.767,22.6613586,114.5003353,7.8,0.1,-0.50,168.0,0.0,22.1,0.1,5903.03,10.0,2.0,2.5,NR5G-SA,n79,-80,-80,-10,24,-999,7.0
2026-05-28 11:20:43.526,2026-05-28 11:35:29.767,22.6613588,114.5003353,7.7,0.1,-0.50,168.0,0.0,22.1,0.1,5903.05,10.0,2.0,2.5,NR5G-SA,n79,-79,-79,-10,24,-999,7.7
2026-05-28 11:20:43.726,2026-05-28 11:35:29.967,22.6613588,114.5003353,7.7,0.1,-0.50,168.0,0.0,22.1,0.1,5903.05,10.0,2.0,2.5,NR5G-SA,n79,-79,-79,-10,24,-999,12.9
2026-05-28 11:20:43.926,2026-05-28 11:35:30.167,22.6613589,114.5003355,7.6,0.1,-0.44,168.2,4.1,22.1,0.1,5903.08,10.0,2.0,2.5,NR5G-SA,n79,-79,-79,-10,24,-999,8.4
2026-05-28 11:20:44.127,2026-05-28 11:35:30.567,22.6613591,114.5003357,7.5,0.1,-0.48,168.1,4.1,22.1,0.0,5903.11,10.0,2.0,2.5,NR5G-SA,n79,-80,-80,-10,23,-999,8.9
2026-05-28 11:20:44.327,2026-05-28 11:35:30.767,22.6613592,114.5003359,7.3,0.1,-0.50,167.9,4.1,22.1,0.0,5903.13,10.0,2.0,2.5,NR5G-SA,n79,-80,-80,-10,23,-999,5.0
2026-05-28 11:20:44.527,2026-05-28 11:35:30.767,22.6613592,114.5003360,7.2,0.1,-0.51,167.9,4.1,21.0,0.0,5903.14,10.0,2.0,2.5,NR5G-SA,n79,-82,-82,-10,23,-999,7.3
2026-05-28 11:20:44.727,2026-05-28 11:35:30.967,22.6613593,114.5003361,7.1,0.1,-0.51,168.1,4.1,21.0,0.0,5903.16,10.0,2.0,2.5,NR5G-SA,n79,-82,-82,-10,23,-999,13.7
2026-05-28 11:20:44.928,2026-05-28 11:35:31.167,22.6613593,114.5003361,7.1,0.1,-0.47,168.1,0.0,21.0,0.0,5903.16,10.0,2.0,2.5,NR5G-SA,n79,-82,-82,-10,23,-999,7.8
2026-05-28 11:20:45.128,2026-05-28 11:35:31.567,22.6613593,114.5003362,7.0,0.0,-0.47,168.4,0.0,21.0,0.0,5903.17,10.0,2.0,2.5,NR5G-SA,n79,-84,-84,-10,23,-999,5.5
2026-05-28 11:20:45.328,2026-05-28 11:35:31.767,22.6613594,114.5003362,6.8,0.0,-0.47,168.6,0.0,21.0,0.1,5903.18,10.0,2.0,2.5,NR5G-SA,n79,-84,-84,-10,23,-999,5.6
2026-05-28 11:20:45.529,2026-05-28 11:35:31.767,22.6613594,114.5003362,6.7,0.0,-0.49,168.6,0.0,21.0,0.1,5903.18,10.0,2.0,2.5,NR5G-SA,n79,-84,-84,-10,23,-999,6.0
2026-05-28 11:20:45.729,2026-05-28 11:35:31.967,22.6613594,114.5003361,6.6,0.0,-0.50,168.3,0.0,20.0,0.1,5903.19,10.0,2.0,2.5,NR5G-SA,n79,-88,-88,-10,21,-999,11.8
2026-05-28 11:20:45.930,2026-05-28 11:35:32.167,22.6613594,114.5003361,6.6,0.0,-0.50,168.3,13.3,20.0,0.1,5903.19,10.0,2.0,2.5,NR5G-SA,n79,-88,-88,-10,21,-999,7.8
2026-05-28 11:20:46.130,2026-05-28 11:35:32.567,22.6613593,114.5003360,6.5,0.0,-0.49,168.3,13.3,20.0,0.0,5903.20,10.0,2.0,2.5,NR5G-SA,n79,-88,-88,-10,21,-999,6.0
2026-05-28 11:20:46.330,2026-05-28 11:35:32.767,22.6613592,114.5003360,6.3,0.1,-0.50,168.3,13.3,20.0,0.0,5903.21,10.0,2.0,2.5,NR5G-SA,n79,-88,-88,-10,20,-999,5.7
2026-05-28 11:20:46.531,2026-05-28 11:35:32.767,22.6613590,114.5003360,6.2,0.1,-0.51,168.4,13.3,20.0,0.0,5903.24,10.0,2.0,2.5,NR5G-SA,n79,-88,-88,-10,20,-999,10.2
2026-05-28 11:20:46.731,2026-05-28 11:35:32.967,22.6613589,114.5003361,6.1,0.1,-0.51,168.3,13.3,20.2,0.0,5903.25,10.0,2.0,2.5,NR5G-SA,n79,-91,-91,-10,20,-999,10.4
2026-05-28 11:20:46.931,2026-05-28 11:35:33.167,22.6613589,114.5003361,6.1,0.1,-0.51,168.3,43.5,20.2,0.0,5903.25,10.0,2.0,2.5,NR5G-SA,n79,-91,-91,-10,20,-999,9.7
2026-05-28 11:20:47.132,2026-05-28 11:35:33.567,22.6613587,114.5003361,5.9,0.1,-0.51,168.3,43.5,20.2,0.0,5903.27,10.0,2.0,2.5,NR5G-SA,n79,-91,-91,-10,20,-999,8.0
2026-05-28 11:20:47.332,2026-05-28 11:35:33.767,22.6613585,114.5003361,5.8,0.0,-0.49,168.4,43.5,20.2,0.0,5903.30,10.0,2.0,2.5,NR5G-SA,n79,-93,-93,-10,18,-999,7.6
2026-05-28 11:20:47.532,2026-05-28 11:35:33.967,22.6613585,114.5003362,5.7,0.0,-0.46,168.9,43.5,20.2,0.0,5903.31,10.0,2.0,2.5,NR5G-SA,n79,-93,-93,-10,18,-999,6.4
2026-05-28 11:20:47.733,2026-05-28 11:35:33.967,22.6613585,114.5003362,5.6,0.0,-0.43,169.1,43.5,21.0,0.0,5903.31,10.0,2.0,2.5,NR5G-SA,n79,-93,-93,-10,18,-999,12.0
2026-05-28 11:20:47.933,2026-05-28 11:35:34.167,22.6613585,114.5003362,5.6,0.0,-0.43,169.1,26.6,21.0,0.0,5903.31,10.0,2.0,2.5,NR5G-SA,n79,-96,-96,-10,17,-999,6.6
2026-05-28 11:20:48.133,2026-05-28 11:35:34.567,22.6613585,114.5003361,5.5,0.0,-0.45,169.3,26.6,21.0,0.0,5903.32,10.0,2.0,2.5,NR5G-SA,n79,-96,-96,-10,17,-999,7.6
2026-05-28 11:20:48.334,2026-05-28 11:35:34.767,22.6613584,114.5003360,5.4,0.1,-0.48,169.4,26.6,21.0,0.1,5903.33,10.0,2.0,2.5,NR5G-SA,n79,-96,-96,-10,17,-999,7.1
2026-05-28 11:20:48.534,2026-05-28 11:35:34.767,22.6613584,114.5003358,5.2,0.1,-0.50,169.3,26.6,21.0,0.1,5903.35,10.0,2.0,2.5,NR5G-SA,n79,-96,-96,-10,17,-999,9.5
2026-05-28 11:20:48.734,2026-05-28 11:35:34.967,22.6613583,114.5003357,5.1,0.1,-0.53,169.2,26.6,20.8,0.1,5903.37,10.0,2.0,2.5,NR5G-SA,n79,-96,-96,-10,17,-999,11.3
2026-05-28 11:20:48.935,2026-05-28 11:35:35.167,22.6613583,114.5003357,5.1,0.1,-0.53,169.2,37.0,20.8,0.1,5903.37,10.0,2.0,2.5,NR5G-SA,n79,-96,-96,-10,17,-999,7.4
2026-05-28 11:20:49.135,2026-05-28 11:35:35.567,22.6613583,114.5003355,5.0,0.1,-0.54,168.9,37.0,20.8,0.1,5903.39,10.0,2.0,2.5,NR5G-SA,n79,-95,-95,-10,16,-999,5.4
2026-05-28 11:20:49.335,2026-05-28 11:35:35.767,22.6613581,114.5003354,4.8,0.1,-0.53,168.5,37.0,20.8,0.1,5903.41,10.0,2.0,2.5,NR5G-SA,n79,-95,-95,-10,16,-999,6.1
2026-05-28 11:20:49.536,2026-05-28 11:35:35.967,22.6613580,114.5003354,4.7,0.1,-0.53,168.3,37.0,20.8,0.1,5903.42,10.0,2.0,2.5,NR5G-SA,n79,-96,-96,-10,16,-999,5.5
2026-05-28 11:20:49.736,2026-05-28 11:35:35.967,22.6613580,114.5003354,4.6,0.0,-0.52,168.4,37.0,20.7,0.1,5903.42,10.0,2.0,2.5,NR5G-SA,n79,-96,-96,-10,16,-999,12.7
2026-05-28 11:20:49.936,2026-05-28 11:35:36.167,22.6613580,114.5003354,4.6,0.0,-0.52,168.4,37.0,20.7,0.1,5903.42,10.0,2.0,2.5,NR5G-SA,n79,-96,-96,-10,16,-999,10.7
2026-05-28 11:20:50.137,2026-05-28 11:35:36.569,22.6613580,114.5003354,4.4,0.0,-0.47,168.8,46.1,20.7,0.1,5903.42,10.0,2.0,2.5,NR5G-SA,n79,-97,-97,-10,15,-999,7.0
2026-05-28 11:20:50.337,2026-05-28 11:35:36.769,22.6613580,114.5003354,4.3,0.0,-0.46,168.9,46.1,20.7,0.1,5903.42,10.0,2.0,2.5,NR5G-SA,n79,-97,-97,-10,15,-999,7.7
2026-05-28 11:20:50.537,2026-05-28 11:35:36.969,22.6613580,114.5003354,4.2,0.1,-0.47,169.0,46.1,20.7,0.1,5903.42,10.0,2.0,2.5,NR5G-SA,n79,-97,-97,-10,15,-999,7.6
2026-05-28 11:20:50.738,2026-05-28 11:35:36.969,22.6613582,114.5003354,4.1,0.1,-0.50,168.7,46.1,18.7,0.1,5903.45,10.0,2.0,2.5,NR5G-SA,n79,-97,-97,-10,14,-999,11.8
2026-05-28 11:20:50.938,2026-05-28 11:35:37.169,22.6613582,114.5003354,4.1,0.1,-0.50,168.7,46.1,18.7,0.1,5903.45,10.0,2.0,2.5,NR5G-SA,n79,-97,-97,-10,14,-999,8.6
2026-05-28 11:20:51.139,2026-05-28 11:35:37.569,22.6613583,114.5003354,3.9,0.1,-0.51,168.2,43.1,18.7,0.1,5903.46,10.0,2.0,2.5,NR5G-SA,n79,-97,-97,-10,14,-999,6.1
2026-05-28 11:20:51.339,2026-05-28 11:35:37.769,22.6613584,114.5003356,3.8,0.1,-0.50,167.7,43.1,18.7,0.1,5903.48,10.0,2.0,2.5,NR5G-SA,n79,-97,-97,-10,14,-999,5.9
2026-05-28 11:20:51.539,2026-05-28 11:35:37.969,22.6613586,114.5003359,3.7,0.1,-0.51,167.2,43.1,18.7,0.0,5903.52,10.0,2.0,2.5,NR5G-SA,n79,-97,-97,-10,14,-999,5.7
2026-05-28 11:20:51.739,2026-05-28 11:35:37.969,22.6613586,114.5003360,3.6,0.1,-0.50,166.9,43.1,17.6,0.0,5903.53,10.0,2.0,2.5,NR5G-SA,n79,-95,-95,-10,14,-999,11.6
2026-05-28 11:20:51.940,2026-05-28 11:35:38.169,22.6613586,114.5003360,3.6,0.1,-0.50,166.9,43.1,17.6,0.0,5903.53,10.0,2.0,2.5,NR5G-SA,n79,-95,-95,-10,14,-999,11.3
2026-05-28 11:20:52.140,2026-05-28 11:35:38.569,22.6613587,114.5003362,3.4,0.1,-0.49,167.0,13.5,17.6,0.0,5903.55,10.0,2.0,2.5,NR5G-SA,n79,-95,-95,-10,14,-999,7.3
2026-05-28 11:20:52.340,2026-05-28 11:35:38.769,22.6613588,114.5003363,3.3,0.0,-0.47,167.2,13.5,17.6,0.0,5903.57,10.0,2.0,2.5,NR5G-SA,n79,-95,-95,-10,14,-999,6.7
2026-05-28 11:20:52.541,2026-05-28 11:35:38.969,22.6613588,114.5003363,3.2,0.0,-0.49,167.5,13.5,17.6,0.0,5903.57,10.0,2.0,2.5,NR5G-SA,n79,-95,-95,-10,14,-999,5.2
2026-05-28 11:20:52.741,2026-05-28 11:35:38.969,22.6613588,114.5003363,3.1,0.0,-0.48,167.8,13.5,16.8,0.0,5903.57,10.0,2.0,2.5,NR5G-SA,n79,-97,-97,-10,12,-999,10.4
2026-05-28 11:20:52.942,2026-05-28 11:35:39.169,22.6613588,114.5003363,3.1,0.0,-0.48,167.8,13.5,16.8,0.0,5903.57,10.0,2.0,2.5,NR5G-SA,n79,-95,-95,-10,13,-999,9.9
2026-05-28 11:20:53.142,2026-05-28 11:35:39.569,22.6613588,114.5003362,3.0,0.0,-0.49,167.8,0.0,16.8,0.0,5903.58,10.0,2.0,2.5,NR5G-SA,n79,-95,-95,-10,13,-999,7.9
2026-05-28 11:20:53.342,2026-05-28 11:35:39.769,22.6613588,114.5003362,2.8,0.0,-0.50,167.8,0.0,16.8,0.0,5903.58,10.0,2.0,2.5,NR5G-SA,n79,-95,-95,-10,13,-999,6.7
2026-05-28 11:20:53.543,2026-05-28 11:35:39.969,22.6613589,114.5003362,2.7,0.0,-0.51,167.8,0.0,16.8,0.0,5903.59,10.0,2.0,2.5,NR5G-SA,n79,-99,-99,-10,13,-999,7.2
2026-05-28 11:20:53.743,2026-05-28 11:35:39.969,22.6613589,114.5003362,2.6,0.0,-0.53,167.9,0.0,16.5,0.0,5903.59,10.0,2.0,2.5,NR5G-SA,n79,-99,-99,-10,13,-999,10.0
2026-05-28 11:20:53.943,2026-05-28 11:35:40.169,22.6613589,114.5003362,2.6,0.0,-0.53,167.9,0.0,16.5,0.0,5903.59,10.0,2.0,2.5,NR5G-SA,n79,-100,-100,-10,13,-999,10.7
2026-05-28 11:20:54.144,2026-05-28 11:35:40.569,22.6613590,114.5003363,2.4,0.0,-0.51,168.0,3.9,16.5,0.0,5903.60,10.0,2.0,2.5,NR5G-SA,n79,-100,-100,-10,13,-999,7.3
2026-05-28 11:20:54.344,2026-05-28 11:35:40.769,22.6613590,114.5003364,2.3,0.0,-0.49,168.0,3.9,16.5,0.0,5903.61,10.0,2.0,2.5,NR5G-SA,n79,-100,-100,-10,13,-999,6.1
2026-05-28 11:20:54.545,2026-05-28 11:35:40.769,22.6613590,114.5003363,2.2,0.0,-0.47,167.9,3.9,16.5,0.0,5903.62,10.0,2.0,2.5,NR5G-SA,n79,-98,-98,-10,12,-999,5.5
2026-05-28 11:20:54.745,2026-05-28 11:35:40.969,22.6613590,114.5003363,2.1,0.0,-0.45,168.0,3.9,17.0,0.0,5903.62,10.0,2.0,2.5,NR5G-SA,n79,-98,-98,-10,12,-999,7.0
2026-05-28 11:20:54.945,2026-05-28 11:35:41.169,22.6613590,114.5003363,2.1,0.0,-0.45,168.0,3.9,17.0,0.0,5903.62,10.0,2.0,2.5,NR5G-SA,n79,-98,-98,-10,12,-999,9.1
2026-05-28 11:20:55.146,2026-05-28 11:35:41.569,22.6613590,114.5003362,1.9,0.0,-0.43,168.1,0.0,17.0,0.0,5903.63,10.0,2.0,2.5,NR5G-SA,n79,-104,-104,-11,12,-999,7.7
2026-05-28 11:20:55.346,2026-05-28 11:35:41.769,22.6613590,114.5003362,1.8,0.0,-0.48,167.9,0.0,17.0,0.0,5903.63,10.0,2.0,2.5,NR5G-SA,n79,-104,-104,-11,12,-999,5.4
2026-05-28 11:20:55.546,2026-05-28 11:35:41.769,22.6613590,114.5003362,1.7,0.0,-0.49,167.8,0.0,17.0,0.0,5903.63,10.0,2.0,2.5,NR5G-SA,n79,-104,-104,-11,12,-999,7.3
2026-05-28 11:20:55.747,2026-05-28 11:35:41.969,22.6613591,114.5003362,1.6,0.0,-0.49,167.8,0.0,17.0,0.0,5903.65,10.0,2.0,2.5,NR5G-SA,n79,-99,-99,-10,12,-999,5.9
2026-05-28 11:20:55.947,2026-05-28 11:35:42.169,22.6613591,114.5003362,1.6,0.0,-0.49,167.8,0.0,17.4,0.0,5903.65,10.0,2.0,2.5,NR5G-SA,n79,-99,-99,-10,12,-999,8.7
2026-05-28 11:20:56.148,2026-05-28 11:35:42.569,22.6613591,114.5003362,1.4,0.0,-0.48,167.8,20.3,17.4,0.0,5903.65,10.0,2.0,2.5,NR5G-SA,n79,-101,-101,-11,13,-999,5.3
2026-05-28 11:20:56.348,2026-05-28 11:35:42.769,22.6613590,114.5003363,1.3,0.0,-0.49,167.6,20.3,17.4,0.0,5903.66,10.0,2.0,2.5,NR5G-SA,n79,-101,-101,-11,13,-999,6.0
2026-05-28 11:20:56.548,2026-05-28 11:35:42.969,22.6613590,114.5003362,1.2,0.1,-0.48,167.2,20.3,17.4,0.0,5903.67,10.0,2.0,2.5,NR5G-SA,n79,-101,-101,-11,13,-999,5.2
2026-05-28 11:20:56.748,2026-05-28 11:35:42.969,22.6613589,114.5003362,1.1,0.1,-0.49,166.8,20.3,17.4,0.0,5903.68,10.0,2.0,2.5,NR5G-SA,n79,-99,-99,-10,13,-999,14.7
2026-05-28 11:20:56.949,2026-05-28 11:35:43.169,22.6613589,114.5003362,1.1,0.1,-0.49,166.8,20.3,17.8,0.0,5903.68,10.0,2.0,2.5,NR5G-SA,n79,-99,-99,-10,13,-999,9.8
2026-05-28 11:20:57.149,2026-05-28 11:35:43.569,22.6613587,114.5003361,0.9,0.1,-0.46,166.7,39.8,17.8,0.0,5903.71,10.0,2.0,2.5,NR5G-SA,n79,-99,-99,-10,13,-999,7.5
2026-05-28 11:20:57.349,2026-05-28 11:35:43.769,22.6613586,114.5003360,0.8,0.1,-0.46,166.8,39.8,17.8,0.0,5903.72,10.0,2.0,2.5,NR5G-SA,n79,-104,-104,-11,13,-999,6.1
2026-05-28 11:20:57.550,2026-05-28 11:35:43.969,22.6613585,114.5003359,0.7,0.1,-0.48,166.8,39.8,17.8,0.0,5903.74,10.0,2.0,2.5,NR5G-SA,n79,-104,-104,-11,13,-999,5.3
2026-05-28 11:20:57.750,2026-05-28 11:35:43.969,22.6613584,114.5003359,0.6,0.1,-0.47,166.8,39.8,17.8,0.1,5903.75,10.0,2.0,2.5,NR5G-SA,n79,-104,-104,-11,13,-999,11.0
2026-05-28 11:20:57.950,2026-05-28 11:35:44.169,22.6613584,114.5003359,0.6,0.1,-0.47,166.8,39.8,19.7,0.1,5903.75,10.0,2.0,2.5,NR5G-SA,n79,-103,-103,-11,14,-999,10.5
2026-05-28 11:20:58.151,2026-05-28 11:35:44.569,22.6613583,114.5003359,0.4,0.0,-0.46,166.7,31.8,19.7,0.1,5903.76,10.0,2.0,2.5,NR5G-SA,n79,-103,-103,-11,14,-999,6.6
2026-05-28 11:20:58.351,2026-05-28 11:35:44.769,22.6613582,114.5003358,0.3,0.0,-0.45,166.8,31.8,19.7,0.1,5903.77,10.0,2.0,2.5,NR5G-SA,n79,-98,-98,-10,14,-999,5.4
2026-05-28 11:20:58.551,2026-05-28 11:35:44.969,22.6613582,114.5003357,0.2,0.1,-0.41,167.4,31.8,19.7,0.1,5903.78,10.0,2.0,2.5,NR5G-SA,n79,-98,-98,-10,14,-999,6.4
2026-05-28 11:20:58.751,2026-05-28 11:35:44.969,22.6613582,114.5003357,0.1,0.2,0.10,166.8,31.8,19.7,0.1,5903.78,10.0,2.0,2.5,NR5G-SA,n79,-98,-98,-10,14,-999,11.0
2026-05-28 11:20:58.952,2026-05-28 11:35:45.169,22.6613582,114.5003357,0.1,0.2,0.10,166.8,31.8,20.8,0.1,5903.78,10.0,2.0,2.5,NR5G-SA,n79,-99,-99,-11,14,-999,9.7
2026-05-28 11:20:59.152,2026-05-28 11:35:45.569,22.6613582,114.5003359,0.1,0.1,-0.04,166.1,31.3,20.8,0.1,5903.81,10.0,2.0,2.5,NR5G-SA,n79,-99,-99,-11,14,-999,5.8
2026-05-28 11:20:59.353,2026-05-28 11:35:45.769,22.6613582,114.5003361,0.1,0.1,0.01,166.5,31.3,20.8,0.1,5903.83,10.0,2.0,2.5,NR5G-SA,n79,-99,-99,-11,14,-999,4.7
2026-05-28 11:20:59.553,2026-05-28 11:35:45.969,22.6613582,114.5003363,0.2,0.0,0.01,166.4,31.3,20.8,0.1,5903.85,10.0,2.0,2.5,NR5G-SA,n79,-101,-101,-11,14,-999,5.8
2026-05-28 11:20:59.753,2026-05-28 11:35:45.969,22.6613583,114.5003362,0.2,0.0,0.01,166.5,31.3,20.8,0.1,5903.86,10.0,2.0,2.5,NR5G-SA,n79,-101,-101,-11,14,-999,10.9
2026-05-28 11:20:59.954,2026-05-28 11:35:46.169,22.6613583,114.5003362,0.2,0.0,0.01,166.5,31.3,21.8,0.1,5903.86,10.0,2.0,2.5,NR5G-SA,n79,-101,-101,-11,14,-999,10.1
2026-05-28 11:21:00.154,2026-05-28 11:35:46.569,22.6613582,114.5003362,0.2,0.0,0.01,166.5,39.7,21.8,0.1,5903.87,10.0,2.0,2.5,NR5G-SA,n79,-101,-101,-11,14,-999,7.0
2026-05-28 11:21:00.354,2026-05-28 11:35:46.769,22.6613582,114.5003362,0.2,0.0,0.02,166.5,39.7,21.8,0.1,5903.87,10.0,2.0,2.5,NR5G-SA,n79,-101,-101,-11,14,-999,5.7
2026-05-28 11:21:00.555,2026-05-28 11:35:46.969,22.6613582,114.5003362,0.2,0.0,0.01,166.5,39.7,21.8,0.1,5903.87,10.0,2.0,2.5,NR5G-SA,n79,-101,-101,-11,14,-999,6.3
2026-05-28 11:21:00.755,2026-05-28 11:35:46.969,22.6613582,114.5003362,0.2,0.0,0.02,166.5,39.7,21.8,0.1,5903.87,10.0,2.0,2.5,NR5G-SA,n79,-101,-101,-11,13,-999,8.6
2026-05-28 11:21:00.955,2026-05-28 11:35:47.169,22.6613582,114.5003362,0.2,0.0,0.02,166.5,39.7,24.4,0.1,5903.87,10.0,2.0,2.5,NR5G-SA,n79,-101,-101,-11,13,-999,7.8
2026-05-28 11:21:01.156,2026-05-28 11:35:47.569,22.6613582,114.5003362,0.2,0.0,0.01,166.5,21.3,24.4,0.1,5903.87,10.0,2.0,2.5,NR5G-SA,n79,-100,-100,-10,13,-999,6.5
2026-05-28 11:21:01.356,2026-05-28 11:35:47.769,22.6613582,114.5003362,0.2,0.0,0.02,166.5,21.3,24.4,0.1,5903.87,10.0,2.0,2.5,NR5G-SA,n79,-100,-100,-10,13,-999,3.7
2026-05-28 11:21:01.557,2026-05-28 11:35:47.969,22.6613582,114.5003362,0.2,0.0,0.02,166.5,21.3,24.4,0.1,5903.87,10.0,2.0,2.5,NR5G-SA,n79,-100,-100,-10,13,-999,6.4
