Timestamp,GPS_Time,Latitude,Longitude,Altitude(m),Speed(m/s),Climb(m/s),Heading(deg),Loss_Rate(%),Avg_Ping(ms),Dist_to_Arm_Pt(m),Flight_Dist(m),WP_Speed(m/s),WP_Radius(m),WP_Accel(m/s2),Network,Band,Signal_dBm,RSRP,RSRQ,SNR,RSSI,Jitter(ms)
2026-05-28 14:25:56.843,2026-05-28 14:32:04.901,22.6613613,114.5003536,0.0,0.0,-0.00,166.9,0.0,18.6,0.0,0.00,10.0,2.0,2.5,NR5G-SA,n79,-98,-98,-10,13,-999,10.7
2026-05-28 14:25:57.043,2026-05-28 14:32:05.101,22.6613613,114.5003536,0.0,0.0,-0.00,166.9,0.0,18.6,0.0,0.00,10.0,2.0,2.5,NR5G-SA,n79,-97,-97,-10,13,-999,7.3
2026-05-28 14:25:57.243,2026-05-28 14:32:05.301,22.6613613,114.5003536,-0.0,0.0,-0.00,166.9,0.0,18.6,0.0,0.00,10.0,2.0,2.5,NR5G-SA,n79,-97,-97,-10,13,-999,8.2
2026-05-28 14:25:57.444,2026-05-28 14:32:05.501,22.6613613,114.5003536,-0.0,0.0,-0.00,166.9,0.0,18.6,0.0,0.00,10.0,2.0,2.5,NR5G-SA,n79,-97,-97,-10,13,-999,6.4
2026-05-28 14:25:57.644,2026-05-28 14:32:05.901,22.6613612,114.5003536,-0.0,0.0,-0.00,166.9,100.0,18.5,0.0,0.01,10.0,2.0,2.5,NR5G-SA,n79,-97,-97,-10,13,-999,7.1
2026-05-28 14:25:57.845,2026-05-28 14:32:05.901,22.6613612,114.5003536,-0.0,0.0,-0.00,167.0,100.0,18.5,0.0,0.01,10.0,2.0,2.5,NR5G-SA,n79,-97,-97,-10,13,-999,9.1
2026-05-28 14:25:58.045,2026-05-28 14:32:06.101,22.6613612,114.5003536,-0.0,0.0,-0.00,167.0,100.0,18.5,0.0,0.01,10.0,2.0,2.5,NR5G-SA,n79,-97,-97,-10,13,-999,5.7
2026-05-28 14:25:58.246,2026-05-28 14:32:06.301,22.6613612,114.5003536,-0.0,0.0,-0.00,167.0,100.0,18.5,0.0,0.01,10.0,2.0,2.5,NR5G-SA,n79,-98,-98,-10,13,-999,9.4
2026-05-28 14:25:58.446,2026-05-28 14:32:06.501,22.6613612,114.5003536,-0.0,0.0,-0.00,167.0,100.0,18.5,0.0,0.01,10.0,2.0,2.5,NR5G-SA,n79,-98,-98,-10,13,-999,7.9
2026-05-28 14:25:58.646,2026-05-28 14:32:06.901,22.6613612,114.5003536,-0.0,0.0,-0.00,167.0,0.0,19.0,0.0,0.01,10.0,2.0,2.5,NR5G-SA,n79,-98,-98,-10,13,-999,4.6
2026-05-28 14:25:58.847,2026-05-28 14:32:06.901,22.6613612,114.5003536,-0.0,0.0,-0.00,167.0,0.0,19.0,0.0,0.01,10.0,2.0,2.5,NR5G-SA,n79,-98,-98,-10,14,-999,11.2
2026-05-28 14:25:59.047,2026-05-28 14:32:07.101,22.6613612,114.5003536,-0.0,0.0,-0.00,167.0,0.0,19.0,0.0,0.01,10.0,2.0,2.5,NR5G-SA,n79,-98,-98,-10,14,-999,10.4
2026-05-28 14:25:59.248,2026-05-28 14:32:07.301,22.6613611,114.5003536,-0.0,0.0,-0.00,166.9,0.0,19.0,0.0,0.02,10.0,2.0,2.5,NR5G-SA,n79,-97,-97,-10,14,-999,7.4
2026-05-28 14:25:59.448,2026-05-28 14:32:07.501,22.6613611,114.5003536,-0.0,0.0,-0.00,166.9,0.0,19.0,0.0,0.02,10.0,2.0,2.5,NR5G-SA,n79,-97,-97,-10,14,-999,6.2
2026-05-28 14:25:59.649,2026-05-28 14:32:07.901,22.6613611,114.5003536,-0.0,0.0,0.01,167.1,15.9,19.1,0.0,0.02,10.0,2.0,2.5,NR5G-SA,n79,-97,-97,-10,14,-999,6.5
2026-05-28 14:25:59.849,2026-05-28 14:32:07.901,22.6613611,114.5003536,-0.0,0.0,0.05,167.4,15.9,19.1,0.0,0.02,10.0,2.0,2.5,NR5G-SA,n79,-97,-97,-10,14,-999,10.5
2026-05-28 14:26:00.049,2026-05-28 14:32:08.101,22.6613611,114.5003536,-0.0,0.0,0.05,167.4,15.9,19.1,0.0,0.02,10.0,2.0,2.5,NR5G-SA,n79,-97,-97,-10,14,-999,5.2
2026-05-28 14:26:00.250,2026-05-28 14:32:08.301,22.6613611,114.5003537,0.0,0.1,0.26,168.0,15.9,19.1,0.0,0.03,10.0,2.0,2.5,NR5G-SA,n79,-97,-97,-10,14,-999,6.9
2026-05-28 14:26:00.450,2026-05-28 14:32:08.501,22.6613614,114.5003538,0.1,0.1,0.49,168.5,15.9,19.1,0.0,0.07,10.0,2.0,2.5,NR5G-SA,n79,-102,-102,-11,14,-999,4.5
2026-05-28 14:26:00.651,2026-05-28 14:32:08.901,22.6613617,114.5003539,0.2,0.1,0.77,168.9,51.3,21.4,0.1,0.10,10.0,2.0,2.5,NR5G-SA,n79,-102,-102,-11,14,-999,7.4
2026-05-28 14:26:00.851,2026-05-28 14:32:08.901,22.6613617,114.5003542,0.5,0.2,1.06,169.1,51.3,21.4,0.1,0.13,10.0,2.0,2.5,NR5G-SA,n79,-102,-102,-11,14,-999,7.2
2026-05-28 14:26:01.051,2026-05-28 14:32:09.101,22.6613617,114.5003542,0.5,0.2,1.06,169.1,51.3,21.4,0.1,0.13,10.0,2.0,2.5,NR5G-SA,n79,-106,-106,-11,14,-999,7.1
2026-05-28 14:26:01.252,2026-05-28 14:32:09.301,22.6613615,114.5003546,0.8,0.1,1.37,169.4,51.3,21.4,0.1,0.18,10.0,2.0,2.5,NR5G-SA,n79,-106,-106,-11,14,-999,8.7
2026-05-28 14:26:01.452,2026-05-28 14:32:09.501,22.6613614,114.5003551,1.2,0.3,1.60,169.6,51.3,21.4,0.2,0.23,10.0,2.0,2.5,NR5G-SA,n79,-99,-99,-10,14,-999,5.7
2026-05-28 14:26:01.653,2026-05-28 14:32:09.901,22.6613614,114.5003556,1.7,0.1,1.86,169.8,34.6,21.4,0.2,0.28,10.0,2.0,2.5,NR5G-SA,n79,-99,-99,-10,14,-999,8.7
2026-05-28 14:26:01.853,2026-05-28 14:32:09.901,22.6613615,114.5003558,2.2,0.1,2.09,169.6,34.6,22.0,0.2,0.31,10.0,2.0,2.5,NR5G-SA,n79,-99,-99,-10,14,-999,9.9
2026-05-28 14:26:02.054,2026-05-28 14:32:10.101,22.6613615,114.5003558,2.2,0.1,2.09,169.6,34.6,22.0,0.2,0.31,10.0,2.0,2.5,NR5G-SA,n79,-95,-95,-10,13,-999,10.4
2026-05-28 14:26:02.254,2026-05-28 14:32:10.301,22.6613616,114.5003559,2.7,0.1,2.24,169.2,34.6,22.0,0.2,0.32,10.0,2.0,2.5,NR5G-SA,n79,-95,-95,-10,13,-999,8.4
2026-05-28 14:26:02.454,2026-05-28 14:32:10.501,22.6613618,114.5003558,3.3,0.1,2.39,169.0,34.6,22.0,0.2,0.35,10.0,2.0,2.5,NR5G-SA,n79,-95,-95,-10,13,-999,5.7
2026-05-28 14:26:02.655,2026-05-28 14:32:10.901,22.6613618,114.5003552,4.0,0.1,2.49,169.0,36.7,22.0,0.2,0.41,10.0,2.0,2.5,NR5G-SA,n79,-94,-94,-10,13,-999,7.7
2026-05-28 14:26:02.855,2026-05-28 14:32:10.901,22.6613618,114.5003548,4.6,0.1,2.53,169.1,36.7,22.6,0.1,0.45,10.0,2.0,2.5,NR5G-SA,n79,-94,-94,-10,13,-999,8.2
2026-05-28 14:26:03.056,2026-05-28 14:32:11.101,22.6613618,114.5003548,4.6,0.1,2.53,169.1,36.7,22.6,0.1,0.45,10.0,2.0,2.5,NR5G-SA,n79,-94,-94,-10,13,-999,9.9
2026-05-28 14:26:03.256,2026-05-28 14:32:11.301,22.6613617,114.5003546,5.3,0.1,2.49,168.9,36.7,22.6,0.1,0.47,10.0,2.0,2.5,NR5G-SA,n79,-92,-92,-10,14,-999,9.4
2026-05-28 14:26:03.457,2026-05-28 14:32:11.501,22.6613616,114.5003546,5.9,0.1,2.46,168.7,36.7,22.6,0.1,0.48,10.0,2.0,2.5,NR5G-SA,n79,-92,-92,-10,14,-999,5.5
2026-05-28 14:26:03.657,2026-05-28 14:32:11.501,22.6613614,114.5003546,6.5,0.1,2.43,168.7,25.2,22.6,0.1,0.51,10.0,2.0,2.5,NR5G-SA,n79,-92,-92,-10,14,-999,9.9
2026-05-28 14:26:03.858,2026-05-28 14:32:11.901,22.6613613,114.5003546,7.1,0.1,2.42,168.8,25.2,24.6,0.1,0.52,10.0,2.0,2.5,NR5G-SA,n79,-80,-80,-10,18,-999,9.9
2026-05-28 14:26:04.058,2026-05-28 14:32:12.101,22.6613613,114.5003546,7.1,0.1,2.42,168.8,25.2,24.6,0.1,0.52,10.0,2.0,2.5,NR5G-SA,n79,-80,-80,-10,18,-999,11.9
2026-05-28 14:26:04.258,2026-05-28 14:32:12.301,22.6613612,114.5003546,7.7,0.1,2.46,168.9,25.2,24.6,0.1,0.53,10.0,2.0,2.5,NR5G-SA,n79,-76,-76,-10,22,-999,10.2
2026-05-28 14:26:04.458,2026-05-28 14:32:12.501,22.6613611,114.5003546,8.3,0.1,2.47,168.7,25.2,24.6,0.1,0.54,10.0,2.0,2.5,NR5G-SA,n79,-76,-76,-10,22,-999,6.8
2026-05-28 14:26:04.659,2026-05-28 14:32:12.901,22.6613610,114.5003546,8.9,0.1,2.50,168.9,44.3,24.6,0.1,0.55,10.0,2.0,2.5,NR5G-SA,n79,-76,-76,-10,22,-999,8.5
2026-05-28 14:26:04.859,2026-05-28 14:32:12.901,22.6613608,114.5003546,9.5,0.1,2.50,169.0,44.3,25.9,0.1,0.57,10.0,2.0,2.5,NR5G-SA,n79,-73,-73,-10,27,-999,9.6
2026-05-28 14:26:05.060,2026-05-28 14:32:13.101,22.6613608,114.5003546,9.5,0.1,2.50,169.0,44.3,25.9,0.1,0.57,10.0,2.0,2.5,NR5G-SA,n79,-73,-73,-10,27,-999,9.1
2026-05-28 14:26:05.260,2026-05-28 14:32:13.301,22.6613606,114.5003546,10.1,0.1,2.54,169.1,44.3,25.9,0.1,0.60,10.0,2.0,2.5,NR5G-SA,n79,-73,-73,-10,27,-999,7.1
2026-05-28 14:26:05.461,2026-05-28 14:32:13.501,22.6613605,114.5003546,10.8,0.0,2.52,169.0,44.3,25.9,0.1,0.61,10.0,2.0,2.5,NR5G-SA,n79,-73,-73,-10,27,-999,4.1
2026-05-28 14:26:05.661,2026-05-28 14:32:13.901,22.6613604,114.5003546,11.4,0.1,2.52,168.9,11.5,25.9,0.1,0.62,10.0,2.0,2.5,NR5G-SA,n79,-73,-73,-10,27,-999,6.4
2026-05-28 14:26:05.861,2026-05-28 14:32:13.901,22.6613604,114.5003544,12.0,0.0,2.50,168.9,11.5,25.1,0.1,0.64,10.0,2.0,2.5,NR5G-SA,n79,-73,-73,-10,27,-999,8.6
2026-05-28 14:26:06.062,2026-05-28 14:32:14.101,22.6613604,114.5003544,12.0,0.0,2.50,168.9,11.5,25.1,0.1,0.64,10.0,2.0,2.5,NR5G-SA,n79,-71,-71,-10,28,-999,11.0
2026-05-28 14:26:06.262,2026-05-28 14:32:14.301,22.6613605,114.5003542,12.7,0.1,2.54,168.9,11.5,25.1,0.1,0.66,10.0,2.0,2.5,NR5G-SA,n79,-71,-71,-10,28,-999,9.3
2026-05-28 14:26:06.463,2026-05-28 14:32:14.501,22.6613605,114.5003541,13.3,0.1,2.53,168.7,11.5,25.1,0.1,0.67,10.0,2.0,2.5,NR5G-SA,n79,-71,-71,-10,26,-999,6.6
2026-05-28 14:26:06.663,2026-05-28 14:32:14.901,22.6613605,114.5003540,13.9,0.1,2.51,168.4,0.0,25.1,0.1,0.68,10.0,2.0,2.5,NR5G-SA,n79,-71,-71,-10,26,-999,6.7
2026-05-28 14:26:06.863,2026-05-28 14:32:14.901,22.6613605,114.5003540,14.6,0.1,2.49,168.4,0.0,26.3,0.1,0.68,10.0,2.0,2.5,NR5G-SA,n79,-71,-71,-10,26,-999,6.4
2026-05-28 14:26:07.064,2026-05-28 14:32:15.101,22.6613605,114.5003540,14.6,0.1,2.49,168.4,0.0,26.3,0.1,0.68,10.0,2.0,2.5,NR5G-SA,n79,-70,-70,-10,25,-999,10.3
2026-05-28 14:26:07.264,2026-05-28 14:32:15.301,22.6613605,114.5003541,15.2,0.1,2.49,168.5,0.0,26.3,0.1,0.69,10.0,2.0,2.5,NR5G-SA,n79,-70,-70,-10,25,-999,7.8
2026-05-28 14:26:07.465,2026-05-28 14:32:15.501,22.6613605,114.5003540,15.8,0.1,2.50,168.6,0.0,26.3,0.1,0.70,10.0,2.0,2.5,NR5G-SA,n79,-70,-70,-10,25,-999,5.3
2026-05-28 14:26:07.665,2026-05-28 14:32:15.901,22.6613606,114.5003541,16.4,0.1,2.47,168.6,6.2,26.3,0.1,0.72,10.0,2.0,2.5,NR5G-SA,n79,-72,-72,-10,24,-999,5.6
2026-05-28 14:26:07.865,2026-05-28 14:32:15.901,22.6613607,114.5003541,17.0,0.1,2.48,168.5,6.2,26.8,0.1,0.73,10.0,2.0,2.5,NR5G-SA,n79,-72,-72,-10,24,-999,8.1
2026-05-28 14:26:08.066,2026-05-28 14:32:16.101,22.6613607,114.5003541,17.0,0.1,2.48,168.5,6.2,26.8,0.1,0.73,10.0,2.0,2.5,NR5G-SA,n79,-72,-72,-10,24,-999,11.5
2026-05-28 14:26:08.266,2026-05-28 14:32:16.301,22.6613609,114.5003541,17.6,0.1,2.49,168.5,6.2,26.8,0.1,0.75,10.0,2.0,2.5,NR5G-SA,n79,-69,-69,-10,25,-999,5.0
2026-05-28 14:26:08.467,2026-05-28 14:32:16.501,22.6613610,114.5003540,18.3,0.1,2.54,168.1,6.2,26.8,0.1,0.77,10.0,2.0,2.5,NR5G-SA,n79,-69,-69,-10,25,-999,5.5
2026-05-28 14:26:08.667,2026-05-28 14:32:16.901,22.6613610,114.5003540,18.9,0.0,2.56,168.0,0.0,26.8,0.1,0.77,10.0,2.0,2.5,NR5G-SA,n79,-69,-69,-10,28,-999,7.8
2026-05-28 14:26:08.867,2026-05-28 14:32:16.901,22.6613610,114.5003539,19.5,0.0,2.49,168.0,0.0,26.8,0.0,0.78,10.0,2.0,2.5,NR5G-SA,n79,-69,-69,-10,28,-999,5.7
2026-05-28 14:26:09.068,2026-05-28 14:32:17.101,22.6613610,114.5003539,19.5,0.0,2.49,168.0,0.0,25.1,0.0,0.78,10.0,2.0,2.5,NR5G-SA,n79,-69,-69,-10,28,-999,10.5
2026-05-28 14:26:09.268,2026-05-28 14:32:17.301,22.6613610,114.5003538,20.2,0.1,2.51,168.0,0.0,25.1,0.0,0.79,10.0,2.0,2.5,NR5G-SA,n79,-70,-70,-10,28,-999,8.2
2026-05-28 14:26:09.469,2026-05-28 14:32:17.501,22.6613611,114.5003537,20.8,0.0,2.53,167.9,0.0,25.1,0.0,0.80,10.0,2.0,2.5,NR5G-SA,n79,-70,-70,-10,28,-999,4.8
2026-05-28 14:26:09.669,2026-05-28 14:32:17.901,22.6613612,114.5003537,21.4,0.1,2.49,167.8,21.7,25.1,0.0,0.81,10.0,2.0,2.5,NR5G-SA,n79,-70,-70,-10,28,-999,5.8
2026-05-28 14:26:09.870,2026-05-28 14:32:17.901,22.6613614,114.5003537,22.0,0.0,2.52,167.9,21.7,25.1,0.0,0.84,10.0,2.0,2.5,NR5G-SA,n79,-67,-67,-10,28,-999,6.6
2026-05-28 14:26:10.070,2026-05-28 14:32:18.101,22.6613614,114.5003537,22.0,0.0,2.52,167.9,21.7,23.6,0.0,0.84,10.0,2.0,2.5,NR5G-SA,n79,-67,-67,-10,28,-999,15.7
2026-05-28 14:26:10.271,2026-05-28 14:32:18.301,22.6613615,114.5003538,22.7,0.1,2.53,167.8,21.7,23.6,0.0,0.85,10.0,2.0,2.5,NR5G-SA,n79,-67,-67,-10,28,-999,9.1
2026-05-28 14:26:10.471,2026-05-28 14:32:18.501,22.6613615,114.5003539,23.3,0.1,2.52,167.8,21.7,23.6,0.0,0.86,10.0,2.0,2.5,NR5G-SA,n79,-66,-66,-10,29,-999,4.5
2026-05-28 14:26:10.671,2026-05-28 14:32:18.901,22.6613616,114.5003540,23.9,0.1,2.50,167.7,39.4,23.6,0.1,0.88,10.0,2.0,2.5,NR5G-SA,n79,-66,-66,-10,29,-999,7.5
2026-05-28 14:26:10.872,2026-05-28 14:32:18.901,22.6613615,114.5003541,24.5,0.1,2.51,167.7,39.4,23.6,0.1,0.89,10.0,2.0,2.5,NR5G-SA,n79,-65,-65,-10,31,-999,7.5
2026-05-28 14:26:11.072,2026-05-28 14:32:19.101,22.6613615,114.5003541,24.5,0.1,2.51,167.7,39.4,23.4,0.1,0.89,10.0,2.0,2.5,NR5G-SA,n79,-65,-65,-10,31,-999,11.2
2026-05-28 14:26:11.273,2026-05-28 14:32:19.301,22.6613614,114.5003542,25.2,0.1,2.50,167.8,39.4,23.4,0.1,0.91,10.0,2.0,2.5,NR5G-SA,n79,-65,-65,-10,31,-999,8.7
2026-05-28 14:26:11.473,2026-05-28 14:32:19.501,22.6613615,114.5003542,25.8,0.1,2.50,167.9,39.4,23.4,0.1,0.92,10.0,2.0,2.5,NR5G-SA,n79,-67,-67,-10,31,-999,5.5
2026-05-28 14:26:11.673,2026-05-28 14:32:19.901,22.6613614,114.5003543,26.4,0.1,2.50,167.9,32.6,23.4,0.1,0.93,10.0,2.0,2.5,NR5G-SA,n79,-67,-67,-10,31,-999,6.4
2026-05-28 14:26:11.874,2026-05-28 14:32:19.901,22.6613614,114.5003543,27.1,0.0,2.51,167.8,32.6,23.4,0.1,0.93,10.0,2.0,2.5,NR5G-SA,n79,-67,-67,-10,31,-999,7.1
2026-05-28 14:26:12.074,2026-05-28 14:32:20.101,22.6613614,114.5003543,27.1,0.0,2.51,167.8,32.6,21.5,0.1,0.93,10.0,2.0,2.5,NR5G-SA,n79,-67,-67,-10,32,-999,14.2
2026-05-28 14:26:12.275,2026-05-28 14:32:20.301,22.6613615,114.5003544,27.7,0.1,2.52,167.7,32.6,21.5,0.1,0.95,10.0,2.0,2.5,NR5G-SA,n79,-67,-67,-10,32,-999,10.1
2026-05-28 14:26:12.475,2026-05-28 14:32:20.501,22.6613614,114.5003545,28.3,0.1,2.51,167.5,32.6,21.5,0.1,0.96,10.0,2.0,2.5,NR5G-SA,n79,-67,-67,-10,32,-999,5.0
2026-05-28 14:26:12.675,2026-05-28 14:32:20.901,22.6613613,114.5003545,29.0,0.0,2.45,167.4,30.7,21.5,0.1,0.97,10.0,2.0,2.5,NR5G-SA,n79,-65,-65,-10,31,-999,5.4
2026-05-28 14:26:12.876,2026-05-28 14:32:20.901,22.6613613,114.5003545,29.6,0.1,2.46,167.3,30.7,21.5,0.1,0.97,10.0,2.0,2.5,NR5G-SA,n79,-65,-65,-10,31,-999,6.3
2026-05-28 14:26:13.076,2026-05-28 14:32:21.101,22.6613613,114.5003545,29.6,0.1,2.46,167.3,30.7,21.2,0.1,0.97,10.0,2.0,2.5,NR5G-SA,n79,-65,-65,-10,31,-999,14.4
2026-05-28 14:26:13.277,2026-05-28 14:32:21.301,22.6613613,114.5003544,30.2,0.0,2.43,167.1,30.7,21.2,0.1,0.98,10.0,2.0,2.5,NR5G-SA,n79,-65,-65,-10,31,-999,6.8
2026-05-28 14:26:13.477,2026-05-28 14:32:21.501,22.6613612,114.5003543,30.9,0.1,2.42,167.2,30.7,21.2,0.1,1.00,10.0,2.0,2.5,NR5G-SA,n79,-65,-65,-10,32,-999,5.0
2026-05-28 14:26:13.678,2026-05-28 14:32:21.901,22.6613611,114.5003543,31.5,0.1,2.42,167.4,40.5,21.2,0.1,1.01,10.0,2.0,2.5,NR5G-SA,n79,-64,-64,-10,31,-999,6.6
2026-05-28 14:26:13.878,2026-05-28 14:32:21.901,22.6613609,114.5003543,32.1,0.1,2.44,167.6,40.5,21.2,0.1,1.03,10.0,2.0,2.5,NR5G-SA,n79,-64,-64,-10,31,-999,6.3
2026-05-28 14:26:14.079,2026-05-28 14:32:22.101,22.6613609,114.5003543,32.1,0.1,2.44,167.6,40.5,20.9,0.1,1.03,10.0,2.0,2.5,NR5G-SA,n79,-64,-64,-10,31,-999,14.7
2026-05-28 14:26:14.279,2026-05-28 14:32:22.301,22.6613608,114.5003544,32.7,0.1,2.53,167.6,40.5,20.9,0.1,1.05,10.0,2.0,2.5,NR5G-SA,n79,-65,-65,-10,32,-999,5.1
2026-05-28 14:26:14.480,2026-05-28 14:32:22.501,22.6613608,114.5003543,33.3,0.0,2.53,167.5,40.5,20.9,0.1,1.06,10.0,2.0,2.5,NR5G-SA,n79,-65,-65,-10,32,-999,8.1
2026-05-28 14:26:14.680,2026-05-28 14:32:22.901,22.6613609,114.5003543,33.9,0.0,2.54,167.5,18.8,20.9,0.1,1.07,10.0,2.0,2.5,NR5G-SA,n79,-65,-65,-10,32,-999,5.5
2026-05-28 14:26:14.880,2026-05-28 14:32:22.901,22.6613610,114.5003543,34.5,0.1,2.51,167.6,18.8,20.9,0.1,1.08,10.0,2.0,2.5,NR5G-SA,n79,-67,-67,-10,32,-999,6.1
2026-05-28 14:26:15.081,2026-05-28 14:32:23.101,22.6613610,114.5003543,34.5,0.1,2.51,167.6,18.8,21.7,0.1,1.08,10.0,2.0,2.5,NR5G-SA,n79,-67,-67,-10,32,-999,12.8
2026-05-28 14:26:15.281,2026-05-28 14:32:23.301,22.6613612,114.5003543,35.2,0.1,2.49,167.6,18.8,21.7,0.1,1.10,10.0,2.0,2.5,NR5G-SA,n79,-67,-67,-10,32,-999,11.9
2026-05-28 14:26:15.482,2026-05-28 14:32:23.501,22.6613615,114.5003541,35.8,0.1,2.45,167.7,18.8,21.7,0.1,1.14,10.0,2.0,2.5,NR5G-SA,n79,-66,-66,-10,31,-999,5.9
2026-05-28 14:26:15.682,2026-05-28 14:32:23.901,22.6613618,114.5003540,36.4,0.1,2.51,167.4,0.0,21.7,0.1,1.18,10.0,2.0,2.5,NR5G-SA,n79,-66,-66,-10,31,-999,6.6
2026-05-28 14:26:15.882,2026-05-28 14:32:23.901,22.6613620,114.5003538,37.0,0.1,2.48,167.3,0.0,21.7,0.1,1.21,10.0,2.0,2.5,NR5G-SA,n79,-66,-66,-10,31,-999,8.1
2026-05-28 14:26:16.083,2026-05-28 14:32:24.101,22.6613620,114.5003538,37.0,0.1,2.48,167.3,0.0,21.5,0.1,1.21,10.0,2.0,2.5,NR5G-SA,n79,-66,-66,-10,31,-999,14.9
2026-05-28 14:26:16.283,2026-05-28 14:32:24.301,22.6613621,114.5003536,37.7,0.1,2.51,167.0,0.0,21.5,0.1,1.23,10.0,2.0,2.5,NR5G-SA,n79,-66,-66,-10,31,-999,14.2
2026-05-28 14:26:16.484,2026-05-28 14:32:24.501,22.6613620,114.5003533,38.3,0.0,2.49,167.0,0.0,21.5,0.1,1.26,10.0,2.0,2.5,NR5G-SA,n79,-66,-66,-10,30,-999,7.5
2026-05-28 14:26:16.684,2026-05-28 14:32:24.901,22.6613620,114.5003531,39.0,0.1,2.46,167.2,1.7,21.5,0.1,1.28,10.0,2.0,2.5,NR5G-SA,n79,-68,-68,-10,30,-999,5.8
2026-05-28 14:26:16.885,2026-05-28 14:32:24.901,22.6613619,114.5003529,39.6,0.1,2.44,167.4,1.7,21.5,0.1,1.31,10.0,2.0,2.5,NR5G-SA,n79,-68,-68,-10,30,-999,6.5
2026-05-28 14:26:17.085,2026-05-28 14:32:25.101,22.6613619,114.5003529,39.6,0.1,2.44,167.4,1.7,21.0,0.1,1.31,10.0,2.0,2.5,NR5G-SA,n79,-67,-67,-10,31,-999,12.6
2026-05-28 14:26:17.285,2026-05-28 14:32:25.301,22.6613618,114.5003528,40.2,0.0,2.45,167.5,1.7,21.0,0.1,1.32,10.0,2.0,2.5,NR5G-SA,n79,-67,-67,-10,31,-999,8.5
2026-05-28 14:26:17.486,2026-05-28 14:32:25.501,22.6613618,114.5003528,40.8,0.0,2.47,167.4,1.7,21.0,0.1,1.32,10.0,2.0,2.5,NR5G-SA,n79,-67,-67,-10,31,-999,5.0
2026-05-28 14:26:17.686,2026-05-28 14:32:25.901,22.6613619,114.5003529,41.4,0.1,2.51,167.3,0.0,21.0,0.1,1.34,10.0,2.0,2.5,NR5G-SA,n79,-69,-69,-10,26,-999,5.7
2026-05-28 14:26:17.887,2026-05-28 14:32:25.901,22.6613619,114.5003529,42.1,0.1,2.54,166.8,0.0,21.0,0.1,1.34,10.0,2.0,2.5,NR5G-SA,n79,-69,-69,-10,26,-999,6.0
2026-05-28 14:26:18.087,2026-05-28 14:32:26.101,22.6613619,114.5003529,42.1,0.1,2.54,166.8,0.0,21.0,0.1,1.34,10.0,2.0,2.5,NR5G-SA,n79,-69,-69,-10,25,-999,13.8
2026-05-28 14:26:18.287,2026-05-28 14:32:26.301,22.6613619,114.5003530,42.7,0.0,2.53,166.5,0.0,22.1,0.1,1.35,10.0,2.0,2.5,NR5G-SA,n79,-69,-69,-10,25,-999,11.0
2026-05-28 14:26:18.488,2026-05-28 14:32:26.501,22.6613621,114.5003531,43.3,0.0,2.49,166.4,0.0,22.1,0.1,1.37,10.0,2.0,2.5,NR5G-SA,n79,-69,-69,-10,25,-999,5.2
2026-05-28 14:26:18.688,2026-05-28 14:32:26.901,22.6613622,114.5003531,43.9,0.1,2.46,166.4,15.2,22.1,0.1,1.38,10.0,2.0,2.5,NR5G-SA,n79,-70,-70,-10,24,-999,6.2
2026-05-28 14:26:18.889,2026-05-28 14:32:26.901,22.6613622,114.5003530,44.6,0.1,2.44,166.8,15.2,22.1,0.1,1.39,10.0,2.0,2.5,NR5G-SA,n79,-70,-70,-10,24,-999,5.5
2026-05-28 14:26:19.089,2026-05-28 14:32:27.101,22.6613622,114.5003530,44.6,0.1,2.44,166.8,15.2,22.1,0.1,1.39,10.0,2.0,2.5,NR5G-SA,n79,-70,-70,-10,24,-999,14.1
2026-05-28 14:26:19.289,2026-05-28 14:32:27.301,22.6613621,114.5003530,45.2,0.1,2.47,167.1,15.2,22.8,0.1,1.40,10.0,2.0,2.5,NR5G-SA,n79,-70,-70,-10,25,-999,12.1
2026-05-28 14:26:19.490,2026-05-28 14:32:27.501,22.6613620,114.5003530,45.8,0.1,2.47,167.3,15.2,22.8,0.1,1.42,10.0,2.0,2.5,NR5G-SA,n79,-70,-70,-10,25,-999,6.4
2026-05-28 14:26:19.690,2026-05-28 14:32:27.901,22.6613618,114.5003530,46.4,0.0,2.50,167.2,43.1,22.8,0.1,1.44,10.0,2.0,2.5,NR5G-SA,n79,-70,-70,-10,25,-999,6.6
2026-05-28 14:26:19.891,2026-05-28 14:32:28.101,22.6613618,114.5003530,47.1,0.0,2.54,167.0,43.1,22.8,0.1,1.44,10.0,2.0,2.5,NR5G-SA,n79,-70,-70,-10,26,-999,6.2
2026-05-28 14:26:20.091,2026-05-28 14:32:28.101,22.6613618,114.5003530,47.1,0.0,2.54,167.0,43.1,22.8,0.1,1.44,10.0,2.0,2.5,NR5G-SA,n79,-70,-70,-10,26,-999,13.4
2026-05-28 14:26:20.291,2026-05-28 14:32:28.301,22.6613617,114.5003531,47.7,0.1,2.54,167.0,43.1,23.3,0.1,1.45,10.0,2.0,2.5,NR5G-SA,n79,-70,-70,-10,25,-999,6.0
2026-05-28 14:26:20.492,2026-05-28 14:32:28.501,22.6613617,114.5003532,48.3,0.1,2.51,167.0,43.1,23.3,0.1,1.46,10.0,2.0,2.5,NR5G-SA,n79,-70,-70,-10,25,-999,5.2
2026-05-28 14:26:20.692,2026-05-28 14:32:28.901,22.6613617,114.5003533,48.9,0.1,2.45,167.2,27.6,23.3,0.1,1.47,10.0,2.0,2.5,NR5G-SA,n79,-70,-70,-10,25,-999,5.6
2026-05-28 14:26:20.893,2026-05-28 14:32:29.101,22.6613617,114.5003535,49.6,0.0,2.47,167.3,27.6,23.3,0.0,1.49,10.0,2.0,2.5,NR5G-SA,n79,-70,-70,-10,26,-999,4.9
2026-05-28 14:26:21.093,2026-05-28 14:32:29.101,22.6613616,114.5003536,50.2,0.0,2.47,167.4,27.6,23.3,0.0,1.51,10.0,2.0,2.5,NR5G-SA,n79,-70,-70,-10,26,-999,12.6
2026-05-28 14:26:21.293,2026-05-28 14:32:29.301,22.6613616,114.5003536,50.2,0.0,2.47,167.4,27.6,23.5,0.0,1.51,10.0,2.0,2.5,NR5G-SA,n79,-70,-70,-10,26,-999,7.3
2026-05-28 14:26:21.494,2026-05-28 14:32:29.501,22.6613614,114.5003536,50.8,0.1,2.49,167.3,27.6,23.5,0.0,1.53,10.0,2.0,2.5,NR5G-SA,n79,-70,-70,-10,28,-999,6.2
2026-05-28 14:26:21.694,2026-05-28 14:32:29.901,22.6613614,114.5003536,51.4,0.1,2.49,167.1,34.7,23.5,0.0,1.53,10.0,2.0,2.5,NR5G-SA,n79,-70,-70,-10,28,-999,5.6
2026-05-28 14:26:21.894,2026-05-28 14:32:29.901,22.6613613,114.5003537,52.1,0.1,2.50,166.8,34.7,23.5,0.0,1.55,10.0,2.0,2.5,NR5G-SA,n79,-70,-70,-10,28,-999,7.2
2026-05-28 14:26:22.095,2026-05-28 14:32:30.101,22.6613612,114.5003536,52.7,0.1,2.50,166.7,34.7,23.5,0.0,1.56,10.0,2.0,2.5,NR5G-SA,n79,-70,-70,-10,29,-999,12.0
2026-05-28 14:26:22.295,2026-05-28 14:32:30.301,22.6613612,114.5003536,52.7,0.0,2.50,166.7,34.7,26.0,0.0,1.56,10.0,2.0,2.5,NR5G-SA,n79,-70,-70,-10,29,-999,14.6
2026-05-28 14:26:22.496,2026-05-28 14:32:30.501,22.6613612,114.5003536,53.3,0.0,2.48,166.6,34.7,26.0,0.0,1.56,10.0,2.0,2.5,NR5G-SA,n79,-70,-70,-10,28,-999,6.8
2026-05-28 14:26:22.696,2026-05-28 14:32:30.901,22.6613612,114.5003537,53.9,0.0,2.48,166.5,37.2,26.0,0.0,1.57,10.0,2.0,2.5,NR5G-SA,n79,-70,-70,-10,28,-999,6.6
2026-05-28 14:26:22.897,2026-05-28 14:32:30.901,22.6613611,114.5003537,54.6,0.0,2.51,166.3,37.2,26.0,0.0,1.58,10.0,2.0,2.5,NR5G-SA,n79,-70,-70,-10,28,-999,6.5
2026-05-28 14:26:23.097,2026-05-28 14:32:31.101,22.6613611,114.5003537,54.6,0.0,2.51,166.3,37.2,26.0,0.0,1.58,10.0,2.0,2.5,NR5G-SA,n79,-70,-70,-10,27,-999,13.7
2026-05-28 14:26:23.297,2026-05-28 14:32:31.301,22.6613610,114.5003538,55.2,0.0,2.49,166.2,37.2,25.1,0.0,1.60,10.0,2.0,2.5,NR5G-SA,n79,-70,-70,-10,27,-999,10.2
2026-05-28 14:26:23.498,2026-05-28 14:32:31.501,22.6613609,114.5003538,55.8,0.0,2.49,166.4,37.2,25.1,0.0,1.61,10.0,2.0,2.5,NR5G-SA,n79,-70,-70,-10,27,-999,4.7
2026-05-28 14:26:23.698,2026-05-28 14:32:31.901,22.6613609,114.5003538,56.4,0.0,2.49,166.7,24.8,25.1,0.0,1.61,10.0,2.0,2.5,NR5G-SA,n79,-70,-70,-10,26,-999,6.2
2026-05-28 14:26:23.899,2026-05-28 14:32:31.901,22.6613608,114.5003538,57.0,0.0,2.49,166.5,24.8,25.1,0.1,1.62,10.0,2.0,2.5,NR5G-SA,n79,-70,-70,-10,26,-999,6.3
2026-05-28 14:26:24.099,2026-05-28 14:32:32.101,22.6613607,114.5003538,57.7,0.0,2.49,166.5,24.8,25.1,0.1,1.63,10.0,2.0,2.5,NR5G-SA,n79,-70,-70,-10,26,-999,11.1
2026-05-28 14:26:24.300,2026-05-28 14:32:32.301,22.6613607,114.5003538,57.7,0.1,2.50,166.5,24.8,25.3,0.1,1.63,10.0,2.0,2.5,NR5G-SA,n79,-70,-70,-10,25,-999,7.1
2026-05-28 14:26:24.500,2026-05-28 14:32:32.501,22.6613607,114.5003538,58.3,0.0,2.49,166.9,24.8,25.3,0.1,1.63,10.0,2.0,2.5,NR5G-SA,n79,-70,-70,-10,25,-999,5.5
2026-05-28 14:26:24.701,2026-05-28 14:32:32.901,22.6613607,114.5003538,58.9,0.0,2.48,167.2,44.6,25.3,0.1,1.63,10.0,2.0,2.5,NR5G-SA,n79,-70,-70,-10,24,-999,6.9
2026-05-28 14:26:24.901,2026-05-28 14:32:32.901,22.6613609,114.5003538,59.6,0.1,2.50,167.3,44.6,25.3,0.0,1.65,10.0,2.0,2.5,NR5G-SA,n79,-70,-70,-10,24,-999,7.0
2026-05-28 14:26:25.102,2026-05-28 14:32:33.101,22.6613609,114.5003538,59.6,0.1,2.50,167.3,44.6,25.3,0.0,1.65,10.0,2.0,2.5,NR5G-SA,n79,-70,-70,-10,24,-999,14.1
2026-05-28 14:26:25.302,2026-05-28 14:32:33.301,22.6613610,114.5003537,60.2,0.1,2.50,167.3,44.6,25.3,0.0,1.67,10.0,2.0,2.5,NR5G-SA,n79,-70,-70,-10,24,-999,7.7
2026-05-28 14:26:25.502,2026-05-28 14:32:33.501,22.6613612,114.5003536,60.8,0.1,2.48,167.2,44.6,25.7,0.0,1.69,10.0,2.0,2.5,NR5G-SA,n79,-70,-70,-10,24,-999,4.6
2026-05-28 14:26:25.703,2026-05-28 14:32:33.901,22.6613612,114.5003536,61.5,0.1,2.44,167.1,9.7,25.7,0.0,1.69,10.0,2.0,2.5,NR5G-SA,n79,-70,-70,-10,24,-999,5.3
2026-05-28 14:26:25.903,2026-05-28 14:32:34.101,22.6613611,114.5003536,62.1,0.0,2.45,166.8,9.7,25.7,0.0,1.71,10.0,2.0,2.5,NR5G-SA,n79,-70,-70,-10,25,-999,4.6
2026-05-28 14:26:26.103,2026-05-28 14:32:34.101,22.6613611,114.5003538,62.7,0.0,2.45,166.5,9.7,25.7,0.0,1.73,10.0,2.0,2.5,NR5G-SA,n79,-70,-70,-10,25,-999,11.9
2026-05-28 14:26:26.304,2026-05-28 14:32:34.301,22.6613611,114.5003538,62.7,0.0,2.45,166.5,9.7,25.7,0.0,1.73,10.0,2.0,2.5,NR5G-SA,n79,-70,-70,-10,25,-999,8.5
2026-05-28 14:26:26.504,2026-05-28 14:32:34.501,22.6613611,114.5003539,63.3,0.1,2.48,166.5,9.7,27.0,0.0,1.74,10.0,2.0,2.5,NR5G-SA,n79,-70,-70,-10,26,-999,4.2
2026-05-28 14:26:26.705,2026-05-28 14:32:34.901,22.6613611,114.5003540,63.9,0.1,2.48,167.0,0.0,27.0,0.0,1.75,10.0,2.0,2.5,NR5G-SA,n79,-70,-70,-10,26,-999,5.7
2026-05-28 14:26:26.905,2026-05-28 14:32:35.101,22.6613611,114.5003539,64.6,0.0,2.48,167.8,0.0,27.0,0.0,1.76,10.0,2.0,2.5,NR5G-SA,n79,-70,-70,-10,26,-999,6.6
2026-05-28 14:26:27.105,2026-05-28 14:32:35.101,22.6613612,114.5003538,65.2,0.1,2.47,167.9,0.0,27.0,0.0,1.77,10.0,2.0,2.5,NR5G-SA,n79,-70,-70,-10,26,-999,13.9
2026-05-28 14:26:27.306,2026-05-28 14:32:35.301,22.6613612,114.5003538,65.2,0.1,2.47,167.9,0.0,27.0,0.0,1.77,10.0,2.0,2.5,NR5G-SA,n79,-70,-70,-10,26,-999,9.9
2026-05-28 14:26:27.506,2026-05-28 14:32:35.501,22.6613612,114.5003537,65.8,0.1,2.47,167.6,0.0,25.6,0.0,1.78,10.0,2.0,2.5,NR5G-SA,n79,-70,-70,-10,26,-999,5.0
2026-05-28 14:26:27.706,2026-05-28 14:32:35.901,22.6613613,114.5003535,66.5,0.0,2.47,167.2,7.5,25.6,0.0,1.81,10.0,2.0,2.5,NR5G-SA,n79,-70,-70,-10,26,-999,4.7
2026-05-28 14:26:27.907,2026-05-28 14:32:36.101,22.6613613,114.5003535,67.1,0.0,2.50,167.2,7.5,25.6,0.0,1.81,10.0,2.0,2.5,NR5G-SA,n79,-70,-70,-10,26,-999,5.4
2026-05-28 14:26:28.107,2026-05-28 14:32:36.101,22.6613613,114.5003536,67.7,0.0,2.51,167.3,7.5,25.6,0.0,1.82,10.0,2.0,2.5,NR5G-SA,n79,-70,-70,-10,26,-999,10.9
2026-05-28 14:26:28.308,2026-05-28 14:32:36.301,22.6613613,114.5003536,67.7,0.0,2.51,167.3,7.5,25.6,0.0,1.82,10.0,2.0,2.5,NR5G-SA,n79,-70,-70,-10,26,-999,8.9
2026-05-28 14:26:28.508,2026-05-28 14:32:36.501,22.6613613,114.5003536,68.3,0.0,2.44,167.0,7.5,24.7,0.0,1.82,10.0,2.0,2.5,NR5G-SA,n79,-70,-70,-10,26,-999,5.4
2026-05-28 14:26:28.708,2026-05-28 14:32:36.901,22.6613613,114.5003537,69.0,0.0,2.43,166.7,0.0,24.7,0.0,1.83,10.0,2.0,2.5,NR5G-SA,n79,-70,-70,-10,25,-999,7.7
2026-05-28 14:26:28.909,2026-05-28 14:32:37.101,22.6613612,114.5003538,69.6,0.0,2.43,166.4,0.0,24.7,0.0,1.84,10.0,2.0,2.5,NR5G-SA,n79,-70,-70,-10,25,-999,6.9
2026-05-28 14:26:29.109,2026-05-28 14:32:37.101,22.6613612,114.5003539,70.2,0.0,2.43,166.7,0.0,24.7,0.0,1.85,10.0,2.0,2.5,NR5G-SA,n79,-70,-70,-10,25,-999,12.7
2026-05-28 14:26:29.309,2026-05-28 14:32:37.301,22.6613612,114.5003539,70.2,0.0,2.47,166.7,0.0,24.7,0.0,1.85,10.0,2.0,2.5,NR5G-SA,n79,-70,-70,-10,24,-999,9.2
2026-05-28 14:26:29.510,2026-05-28 14:32:37.501,22.6613612,114.5003539,70.8,0.1,2.51,167.1,0.0,23.7,0.0,1.85,10.0,2.0,2.5,NR5G-SA,n79,-70,-70,-10,24,-999,4.8
2026-05-28 14:26:29.710,2026-05-28 14:32:37.901,22.6613613,114.5003538,71.4,0.1,2.55,167.0,22.8,23.7,0.0,1.87,10.0,2.0,2.5,NR5G-SA,n79,-70,-70,-10,21,-999,7.4
2026-05-28 14:26:29.910,2026-05-28 14:32:38.101,22.6613614,114.5003538,72.1,0.1,2.49,166.7,22.8,23.7,0.0,1.88,10.0,2.0,2.5,NR5G-SA,n79,-70,-70,-10,21,-999,5.7
2026-05-28 14:26:30.111,2026-05-28 14:32:38.101,22.6613615,114.5003538,72.7,0.0,2.47,166.3,22.8,23.7,0.0,1.89,10.0,2.0,2.5,NR5G-SA,n79,-70,-70,-10,21,-999,11.2
2026-05-28 14:26:30.311,2026-05-28 14:32:38.301,22.6613615,114.5003538,72.7,0.0,2.47,166.3,22.8,23.7,0.0,1.89,10.0,2.0,2.5,NR5G-SA,n79,-70,-70,-10,19,-999,8.5
2026-05-28 14:26:30.512,2026-05-28 14:32:38.501,22.6613616,114.5003538,73.3,0.1,2.47,166.0,22.8,22.4,0.0,1.90,10.0,2.0,2.5,NR5G-SA,n79,-70,-70,-10,19,-999,6.2
2026-05-28 14:26:30.712,2026-05-28 14:32:38.901,22.6613616,114.5003540,74.0,0.1,2.48,165.9,37.5,22.4,0.1,1.92,10.0,2.0,2.5,NR5G-SA,n79,-70,-70,-10,19,-999,5.0
2026-05-28 14:26:30.912,2026-05-28 14:32:38.901,22.6613616,114.5003540,74.6,0.1,2.44,165.8,37.5,22.4,0.1,1.92,10.0,2.0,2.5,NR5G-SA,n79,-70,-70,-10,17,-999,6.8
2026-05-28 14:26:31.113,2026-05-28 14:32:39.101,22.6613614,114.5003540,75.2,0.1,2.46,166.0,37.5,22.4,0.0,1.94,10.0,2.0,2.5,NR5G-SA,n79,-70,-70,-10,17,-999,10.2
2026-05-28 14:26:31.313,2026-05-28 14:32:39.301,22.6613614,114.5003540,75.2,0.1,2.46,166.0,37.5,22.4,0.0,1.94,10.0,2.0,2.5,NR5G-SA,n79,-70,-70,-10,17,-999,7.7
2026-05-28 14:26:31.513,2026-05-28 14:32:39.501,22.6613613,114.5003540,75.8,0.0,2.48,166.1,37.5,20.8,0.0,1.95,10.0,2.0,2.5,NR5G-SA,n79,-70,-70,-10,17,-999,5.3
2026-05-28 14:26:31.714,2026-05-28 14:32:39.901,22.6613613,114.5003540,76.5,0.0,2.45,166.1,33.9,20.8,0.0,1.95,10.0,2.0,2.5,NR5G-SA,n79,-70,-70,-10,17,-999,5.8
2026-05-28 14:26:31.914,2026-05-28 14:32:40.101,22.6613612,114.5003540,77.1,0.1,2.46,166.2,33.9,20.8,0.0,1.97,10.0,2.0,2.5,NR5G-SA,n79,-70,-70,-10,17,-999,6.0
2026-05-28 14:26:32.114,2026-05-28 14:32:40.101,22.6613611,114.5003540,77.7,0.0,2.48,166.3,33.9,20.8,0.0,1.98,10.0,2.0,2.5,NR5G-SA,n79,-70,-70,-10,17,-999,10.0
2026-05-28 14:26:32.315,2026-05-28 14:32:40.301,22.6613611,114.5003540,77.7,0.0,2.48,166.3,33.9,20.8,0.0,1.98,10.0,2.0,2.5,NR5G-SA,n79,-70,-70,-10,17,-999,9.9
2026-05-28 14:26:32.515,2026-05-28 14:32:40.501,22.6613611,114.5003540,78.3,0.0,2.46,166.3,33.9,20.7,0.0,1.98,10.0,2.0,2.5,NR5G-SA,n79,-44,-44,-10,24,-999,5.5
2026-05-28 14:26:32.716,2026-05-28 14:32:40.901,22.6613610,114.5003541,79.0,0.0,2.46,166.3,30.4,20.7,0.1,1.99,10.0,2.0,2.5,NR5G-SA,n79,-44,-44,-10,24,-999,7.2
2026-05-28 14:26:32.916,2026-05-28 14:32:41.101,22.6613609,114.5003541,79.6,0.1,2.44,166.1,30.4,20.7,0.1,2.00,10.0,2.0,2.5,NR5G-SA,n79,-44,-44,-10,24,-999,4.7
2026-05-28 14:26:33.117,2026-05-28 14:32:41.301,22.6613609,114.5003540,80.2,0.1,2.46,166.1,30.4,20.7,0.1,2.01,10.0,2.0,2.5,NR5G-SA,n79,-44,-44,-10,21,-999,5.5
2026-05-28 14:26:33.317,2026-05-28 14:32:41.301,22.6613609,114.5003540,80.2,0.1,2.46,166.1,30.4,20.7,0.1,2.01,10.0,2.0,2.5,NR5G-SA,n79,-44,-44,-10,21,-999,12.3
2026-05-28 14:26:33.517,2026-05-28 14:32:41.501,22.6613608,114.5003539,80.8,0.1,2.49,166.2,30.4,21.1,0.1,2.03,10.0,2.0,2.5,NR5G-SA,n79,-44,-44,-10,21,-999,5.6
2026-05-28 14:26:33.718,2026-05-28 14:32:41.901,22.6613608,114.5003537,81.4,0.0,2.46,166.5,40.7,21.1,0.1,2.05,10.0,2.0,2.5,NR5G-SA,n79,-80,-80,-10,20,-999,6.2
2026-05-28 14:26:33.918,2026-05-28 14:32:42.101,22.6613608,114.5003535,82.1,0.0,2.50,166.7,40.7,21.1,0.1,2.07,10.0,2.0,2.5,NR5G-SA,n79,-80,-80,-10,20,-999,6.9
2026-05-28 14:26:34.119,2026-05-28 14:32:42.101,22.6613608,114.5003534,82.7,0.0,2.44,166.8,40.7,21.1,0.1,2.08,10.0,2.0,2.5,NR5G-SA,n79,-81,-81,-10,20,-999,11.8
2026-05-28 14:26:34.319,2026-05-28 14:32:42.301,22.6613608,114.5003534,82.7,0.0,2.44,166.8,40.7,21.1,0.1,2.08,10.0,2.0,2.5,NR5G-SA,n79,-81,-81,-10,20,-999,9.8
2026-05-28 14:26:34.520,2026-05-28 14:32:42.501,22.6613608,114.5003534,83.3,0.0,2.42,166.9,40.7,21.1,0.1,2.08,10.0,2.0,2.5,NR5G-SA,n79,-81,-81,-10,20,-999,5.5
2026-05-28 14:26:34.720,2026-05-28 14:32:42.901,22.6613607,114.5003534,83.9,0.1,2.41,166.9,18.5,22.2,0.1,2.09,10.0,2.0,2.5,NR5G-SA,n79,-80,-80,-10,20,-999,5.8
2026-05-28 14:26:34.921,2026-05-28 14:32:43.101,22.6613605,114.5003534,84.5,0.0,2.52,166.9,18.5,22.2,0.1,2.11,10.0,2.0,2.5,NR5G-SA,n79,-80,-80,-10,20,-999,5.7
2026-05-28 14:26:35.121,2026-05-28 14:32:43.101,22.6613605,114.5003534,85.1,0.1,2.49,166.9,18.5,22.2,0.1,2.11,10.0,2.0,2.5,NR5G-SA,n79,-80,-80,-10,20,-999,7.1
2026-05-28 14:26:35.321,2026-05-28 14:32:43.301,22.6613605,114.5003534,85.1,0.1,2.49,166.9,18.5,22.2,0.1,2.11,10.0,2.0,2.5,NR5G-SA,n79,-79,-79,-10,21,-999,10.8
2026-05-28 14:26:35.522,2026-05-28 14:32:43.501,22.6613605,114.5003533,85.8,0.0,2.49,167.1,18.5,22.2,0.1,2.12,10.0,2.0,2.5,NR5G-SA,n79,-79,-79,-10,21,-999,6.7
2026-05-28 14:26:35.722,2026-05-28 14:32:43.901,22.6613605,114.5003533,86.4,0.0,2.48,167.4,0.0,21.5,0.1,2.12,10.0,2.0,2.5,NR5G-SA,n79,-79,-79,-10,21,-999,6.9
2026-05-28 14:26:35.923,2026-05-28 14:32:43.901,22.6613605,114.5003533,87.0,0.1,2.52,167.4,0.0,21.5,0.1,2.12,10.0,2.0,2.5,NR5G-SA,n79,-79,-79,-10,21,-999,6.6
2026-05-28 14:26:36.123,2026-05-28 14:32:44.101,22.6613606,114.5003532,87.7,0.1,2.49,167.4,0.0,21.5,0.1,2.14,10.0,2.0,2.5,NR5G-SA,n79,-79,-79,-10,21,-999,7.8
2026-05-28 14:26:36.323,2026-05-28 14:32:44.301,22.6613606,114.5003532,87.7,0.1,2.49,167.4,0.0,21.5,0.1,2.14,10.0,2.0,2.5,NR5G-SA,n79,-79,-79,-10,22,-999,9.4
2026-05-28 14:26:36.524,2026-05-28 14:32:44.501,22.6613608,114.5003531,88.3,0.1,2.52,167.5,0.0,21.5,0.1,2.16,10.0,2.0,2.5,NR5G-SA,n79,-79,-79,-10,22,-999,5.4
2026-05-28 14:26:36.724,2026-05-28 14:32:44.901,22.6613609,114.5003531,88.9,0.0,2.48,167.7,1.6,21.1,0.1,2.17,10.0,2.0,2.5,NR5G-SA,n79,-79,-79,-10,22,-999,3.9
2026-05-28 14:26:36.924,2026-05-28 14:32:45.101,22.6613609,114.5003531,89.6,0.0,2.52,167.5,1.6,21.1,0.1,2.17,10.0,2.0,2.5,NR5G-SA,n79,-80,-80,-10,23,-999,6.1
2026-05-28 14:26:37.125,2026-05-28 14:32:45.101,22.6613609,114.5003532,90.2,0.0,2.51,167.2,1.6,21.1,0.1,2.18,10.0,2.0,2.5,NR5G-SA,n79,-80,-80,-10,23,-999,6.8
2026-05-28 14:26:37.325,2026-05-28 14:32:45.301,22.6613609,114.5003532,90.2,0.0,2.51,167.2,1.6,21.1,0.1,2.18,10.0,2.0,2.5,NR5G-SA,n79,-80,-80,-10,23,-999,8.0
2026-05-28 14:26:37.525,2026-05-28 14:32:45.501,22.6613609,114.5003533,90.8,0.1,2.51,167.2,1.6,21.1,0.1,2.19,10.0,2.0,2.5,NR5G-SA,n79,-81,-81,-10,24,-999,6.1
2026-05-28 14:26:37.726,2026-05-28 14:32:45.901,22.6613609,114.5003535,91.4,0.1,2.48,167.1,0.0,21.7,0.0,2.21,10.0,2.0,2.5,NR5G-SA,n79,-81,-81,-10,24,-999,6.6
2026-05-28 14:26:37.926,2026-05-28 14:32:46.101,22.6613609,114.5003537,92.1,0.1,2.51,167.0,0.0,21.7,0.0,2.24,10.0,2.0,2.5,NR5G-SA,n79,-81,-81,-10,24,-999,5.0
2026-05-28 14:26:38.127,2026-05-28 14:32:46.101,22.6613609,114.5003540,92.7,0.1,2.52,167.0,0.0,21.7,0.1,2.27,10.0,2.0,2.5,NR5G-SA,n79,-79,-79,-10,24,-999,11.1
2026-05-28 14:26:38.327,2026-05-28 14:32:46.303,22.6613609,114.5003540,92.7,0.1,2.52,167.0,0.0,21.7,0.1,2.27,10.0,2.0,2.5,NR5G-SA,n79,-79,-79,-10,24,-999,13.9
2026-05-28 14:26:38.527,2026-05-28 14:32:46.503,22.6613609,114.5003541,93.3,0.1,2.47,166.9,0.0,21.7,0.1,2.28,10.0,2.0,2.5,NR5G-SA,n79,-80,-80,-10,23,-999,6.0
2026-05-28 14:26:38.728,2026-05-28 14:32:46.903,22.6613610,114.5003541,93.9,0.0,2.48,167.1,15.0,22.2,0.1,2.29,10.0,2.0,2.5,NR5G-SA,n79,-80,-80,-10,23,-999,5.8
2026-05-28 14:26:38.928,2026-05-28 14:32:47.103,22.6613611,114.5003540,94.6,0.1,2.50,167.1,15.0,22.2,0.0,2.30,10.0,2.0,2.5,NR5G-SA,n79,-80,-80,-10,23,-999,5.0
2026-05-28 14:26:39.129,2026-05-28 14:32:47.103,22.6613611,114.5003539,95.2,0.1,2.51,167.1,15.0,22.2,0.0,2.31,10.0,2.0,2.5,NR5G-SA,n79,-79,-79,-10,23,-999,8.9
2026-05-28 14:26:39.329,2026-05-28 14:32:47.303,22.6613611,114.5003539,95.2,0.1,2.51,167.1,15.0,22.2,0.0,2.31,10.0,2.0,2.5,NR5G-SA,n79,-79,-79,-10,23,-999,12.0
2026-05-28 14:26:39.529,2026-05-28 14:32:47.503,22.6613611,114.5003536,95.8,0.1,2.45,167.1,15.0,22.2,0.0,2.34,10.0,2.0,2.5,NR5G-SA,n79,-79,-79,-10,23,-999,5.2
2026-05-28 14:26:39.730,2026-05-28 14:32:47.903,22.6613611,114.5003534,96.4,0.1,2.45,167.2,60.9,22.8,0.0,2.36,10.0,2.0,2.5,NR5G-SA,n79,-80,-80,-10,24,-999,5.4
2026-05-28 14:26:39.930,2026-05-28 14:32:48.103,22.6613609,114.5003532,97.0,0.1,2.48,167.4,60.9,22.8,0.1,2.39,10.0,2.0,2.5,NR5G-SA,n79,-80,-80,-10,24,-999,5.3
2026-05-28 14:26:40.131,2026-05-28 14:32:48.103,22.6613608,114.5003531,97.7,0.0,2.50,167.5,60.9,22.8,0.1,2.41,10.0,2.0,2.5,NR5G-SA,n79,-80,-80,-10,24,-999,7.1
2026-05-28 14:26:40.331,2026-05-28 14:32:48.303,22.6613608,114.5003531,97.7,0.0,2.50,167.5,60.9,22.8,0.1,2.41,10.0,2.0,2.5,NR5G-SA,n79,-80,-80,-10,25,-999,11.6
2026-05-28 14:26:40.532,2026-05-28 14:32:48.503,22.6613608,114.5003531,98.3,0.0,2.49,167.3,60.9,22.8,0.1,2.41,10.0,2.0,2.5,NR5G-SA,n79,-80,-80,-10,25,-999,4.9
2026-05-28 14:26:40.732,2026-05-28 14:32:48.903,22.6613608,114.5003531,98.9,0.0,2.47,167.1,60.9,23.5,0.1,2.41,10.0,2.0,2.5,NR5G-SA,n79,-79,-79,-10,25,-999,4.8
2026-05-28 14:26:40.932,2026-05-28 14:32:49.103,22.6613608,114.5003531,99.5,0.0,2.47,167.2,41.6,23.5,0.1,2.41,10.0,2.0,2.5,NR5G-SA,n79,-79,-79,-10,25,-999,5.8
2026-05-28 14:26:41.133,2026-05-28 14:32:49.103,22.6613607,114.5003531,100.1,0.0,2.48,167.4,41.6,23.5,0.1,2.42,10.0,2.0,2.5,NR5G-SA,n79,-79,-79,-10,25,-999,11.2
2026-05-28 14:26:41.333,2026-05-28 14:32:49.303,22.6613607,114.5003531,100.1,0.0,2.48,167.4,41.6,23.5,0.1,2.42,10.0,2.0,2.5,NR5G-SA,n79,-78,-78,-10,26,-999,13.9
2026-05-28 14:26:41.533,2026-05-28 14:32:49.503,22.6613608,114.5003530,100.8,0.0,2.53,167.5,41.6,23.5,0.1,2.44,10.0,2.0,2.5,NR5G-SA,n79,-78,-78,-10,26,-999,6.3
2026-05-28 14:26:41.734,2026-05-28 14:32:49.903,22.6613608,114.5003531,101.4,0.1,2.57,167.5,41.6,23.9,0.1,2.45,10.0,2.0,2.5,NR5G-SA,n79,-78,-78,-10,26,-999,5.5
2026-05-28 14:26:41.934,2026-05-28 14:32:50.103,22.6613608,114.5003533,102.0,0.1,2.58,167.4,34.8,23.9,0.1,2.47,10.0,2.0,2.5,NR5G-SA,n79,-79,-79,-10,26,-999,5.7
2026-05-28 14:26:42.135,2026-05-28 14:32:50.103,22.6613609,114.5003535,102.7,0.1,2.51,167.3,34.8,23.9,0.0,2.49,10.0,2.0,2.5,NR5G-SA,n79,-79,-79,-10,26,-999,9.0
2026-05-28 14:26:42.335,2026-05-28 14:32:50.303,22.6613609,114.5003535,102.7,0.1,2.51,167.3,34.8,23.9,0.0,2.49,10.0,2.0,2.5,NR5G-SA,n79,-79,-79,-10,26,-999,9.7
2026-05-28 14:26:42.535,2026-05-28 14:32:50.503,22.6613610,114.5003537,103.3,0.1,2.47,167.2,34.8,23.9,0.0,2.51,10.0,2.0,2.5,NR5G-SA,n79,-78,-78,-10,26,-999,5.2
2026-05-28 14:26:42.736,2026-05-28 14:32:50.903,22.6613611,114.5003538,103.9,0.1,2.49,167.1,34.8,23.9,0.0,2.53,10.0,2.0,2.5,NR5G-SA,n79,-78,-78,-10,26,-999,6.1
2026-05-28 14:26:42.936,2026-05-28 14:32:51.103,22.6613612,114.5003539,104.5,0.0,2.51,167.0,37.8,22.9,0.0,2.54,10.0,2.0,2.5,NR5G-SA,n79,-79,-79,-10,27,-999,5.9
2026-05-28 14:26:43.136,2026-05-28 14:32:51.303,22.6613612,114.5003540,105.2,0.1,2.45,166.7,37.8,22.9,0.0,2.55,10.0,2.0,2.5,NR5G-SA,n79,-79,-79,-10,27,-999,7.7
2026-05-28 14:26:43.337,2026-05-28 14:32:51.303,22.6613612,114.5003540,105.2,0.1,2.45,166.7,37.8,22.9,0.0,2.55,10.0,2.0,2.5,NR5G-SA,n79,-79,-79,-10,27,-999,12.8
2026-05-28 14:26:43.537,2026-05-28 14:32:51.503,22.6613612,114.5003541,105.8,0.0,2.53,166.7,37.8,22.9,0.1,2.56,10.0,2.0,2.5,NR5G-SA,n79,-78,-78,-10,26,-999,6.5
2026-05-28 14:26:43.738,2026-05-28 14:32:51.903,22.6613612,114.5003542,106.4,0.1,2.51,166.7,37.8,22.9,0.1,2.57,10.0,2.0,2.5,NR5G-SA,n79,-78,-78,-10,26,-999,4.9
2026-05-28 14:26:43.938,2026-05-28 14:32:52.103,22.6613611,114.5003543,107.0,0.0,2.54,166.7,24.2,22.1,0.1,2.59,10.0,2.0,2.5,NR5G-SA,n79,-78,-78,-10,26,-999,4.0
2026-05-28 14:26:44.138,2026-05-28 14:32:52.103,22.6613610,114.5003542,107.7,0.0,2.50,166.8,24.2,22.1,0.1,2.61,10.0,2.0,2.5,NR5G-SA,n79,-78,-78,-10,26,-999,9.1
2026-05-28 14:26:44.339,2026-05-28 14:32:52.303,22.6613610,114.5003542,107.7,0.0,2.50,166.8,24.2,22.1,0.1,2.61,10.0,2.0,2.5,NR5G-SA,n79,-78,-78,-10,26,-999,15.1
2026-05-28 14:26:44.539,2026-05-28 14:32:52.503,22.6613609,114.5003542,108.3,0.0,2.49,166.9,24.2,22.1,0.1,2.62,10.0,2.0,2.5,NR5G-SA,n79,-78,-78,-10,26,-999,6.6
2026-05-28 14:26:44.740,2026-05-28 14:32:52.903,22.6613610,114.5003542,108.9,0.1,2.54,166.7,24.2,22.1,0.1,2.63,10.0,2.0,2.5,NR5G-SA,n79,-79,-79,-10,26,-999,4.4
2026-05-28 14:26:44.940,2026-05-28 14:32:53.103,22.6613611,114.5003541,109.5,0.0,2.44,166.7,0.0,20.0,0.1,2.64,10.0,2.0,2.5,NR5G-SA,n79,-79,-79,-10,26,-999,6.1
2026-05-28 14:26:45.141,2026-05-28 14:32:53.103,22.6613611,114.5003541,110.2,0.0,2.48,166.7,0.0,20.0,0.1,2.64,10.0,2.0,2.5,NR5G-SA,n79,-80,-80,-10,25,-999,8.8
2026-05-28 14:26:45.341,2026-05-28 14:32:53.303,22.6613611,114.5003541,110.2,0.0,2.48,166.7,0.0,20.0,0.1,2.64,10.0,2.0,2.5,NR5G-SA,n79,-80,-80,-10,25,-999,12.4
2026-05-28 14:26:45.541,2026-05-28 14:32:53.503,22.6613611,114.5003541,110.8,0.1,2.51,166.7,0.0,20.0,0.1,2.64,10.0,2.0,2.5,NR5G-SA,n79,-80,-80,-10,25,-999,4.7
2026-05-28 14:26:45.742,2026-05-28 14:32:53.903,22.6613610,114.5003541,111.4,0.1,2.52,166.7,0.0,20.0,0.1,2.65,10.0,2.0,2.5,NR5G-SA,n79,-78,-78,-10,25,-999,6.0
2026-05-28 14:26:45.942,2026-05-28 14:32:54.103,22.6613610,114.5003541,112.0,0.1,2.56,166.6,9.6,20.4,0.1,2.65,10.0,2.0,2.5,NR5G-SA,n79,-78,-78,-10,25,-999,5.4
2026-05-28 14:26:46.142,2026-05-28 14:32:54.103,22.6613610,114.5003542,112.7,0.0,2.55,166.5,9.6,20.4,0.1,2.66,10.0,2.0,2.5,NR5G-SA,n79,-78,-78,-10,25,-999,6.4
2026-05-28 14:26:46.343,2026-05-28 14:32:54.303,22.6613611,114.5003543,113.3,0.0,2.55,166.6,9.6,20.4,0.1,2.68,10.0,2.0,2.5,NR5G-SA,n79,-78,-78,-10,30,-999,12.0
2026-05-28 14:26:46.543,2026-05-28 14:32:54.503,22.6613611,114.5003543,113.3,0.0,2.51,166.6,9.6,20.4,0.1,2.68,10.0,2.0,2.5,NR5G-SA,n79,-78,-78,-10,30,-999,5.6
2026-05-28 14:26:46.743,2026-05-28 14:32:54.903,22.6613611,114.5003542,113.9,0.1,2.50,166.7,9.6,20.4,0.1,2.69,10.0,2.0,2.5,NR5G-SA,n79,-78,-78,-10,30,-999,6.4
2026-05-28 14:26:46.944,2026-05-28 14:32:55.103,22.6613612,114.5003542,114.5,0.1,2.48,166.8,0.0,20.0,0.1,2.70,10.0,2.0,2.5,NR5G-SA,n79,-78,-78,-10,30,-999,7.5
2026-05-28 14:26:47.144,2026-05-28 14:32:55.303,22.6613612,114.5003540,115.2,0.1,2.48,166.9,0.0,20.0,0.0,2.72,10.0,2.0,2.5,NR5G-SA,n79,-78,-78,-10,30,-999,5.7
2026-05-28 14:26:47.344,2026-05-28 14:32:55.303,22.6613612,114.5003540,115.2,0.1,2.48,166.9,0.0,20.0,0.0,2.72,10.0,2.0,2.5,NR5G-SA,n79,-78,-78,-10,30,-999,11.6
2026-05-28 14:26:47.545,2026-05-28 14:32:55.503,22.6613613,114.5003537,115.8,0.1,2.48,166.8,0.0,20.0,0.0,2.75,10.0,2.0,2.5,NR5G-SA,n79,-78,-78,-10,30,-999,5.3
2026-05-28 14:26:47.745,2026-05-28 14:32:55.903,22.6613614,114.5003536,116.4,0.1,2.51,166.8,0.0,20.0,0.0,2.77,10.0,2.0,2.5,NR5G-SA,n79,-78,-78,-10,30,-999,9.8
2026-05-28 14:26:47.945,2026-05-28 14:32:56.103,22.6613614,114.5003535,117.1,0.0,2.49,166.7,8.3,20.4,0.0,2.78,10.0,2.0,2.5,NR5G-SA,n79,-81,-81,-10,25,-999,4.4
2026-05-28 14:26:48.146,2026-05-28 14:32:56.303,22.6613614,114.5003534,117.7,0.1,2.48,166.7,8.3,20.4,0.0,2.79,10.0,2.0,2.5,NR5G-SA,n79,-81,-81,-10,25,-999,6.3
2026-05-28 14:26:48.346,2026-05-28 14:32:56.303,22.6613613,114.5003534,118.3,0.1,2.48,166.8,8.3,20.4,0.0,2.80,10.0,2.0,2.5,NR5G-SA,n79,-81,-81,-10,25,-999,11.4
2026-05-28 14:26:48.546,2026-05-28 14:32:56.503,22.6613613,114.5003534,118.3,0.0,2.45,166.8,8.3,20.4,0.0,2.80,10.0,2.0,2.5,NR5G-SA,n79,-80,-80,-10,18,-999,5.8
2026-05-28 14:26:48.747,2026-05-28 14:32:56.903,22.6613613,114.5003534,118.9,0.0,2.50,166.9,8.3,20.4,0.0,2.80,10.0,2.0,2.5,NR5G-SA,n79,-80,-80,-10,18,-999,8.1
2026-05-28 14:26:48.947,2026-05-28 14:32:57.103,22.6613612,114.5003534,119.5,0.0,2.46,166.9,0.0,21.2,0.0,2.81,10.0,2.0,2.5,NR5G-SA,n79,-80,-80,-10,18,-999,6.4
2026-05-28 14:26:49.148,2026-05-28 14:32:57.303,22.6613612,114.5003533,120.2,0.0,2.46,167.0,0.0,21.2,0.0,2.82,10.0,2.0,2.5,NR5G-SA,n79,-80,-80,-10,18,-999,5.2
2026-05-28 14:26:49.348,2026-05-28 14:32:57.303,22.6613613,114.5003533,120.8,0.0,2.46,166.9,0.0,21.2,0.0,2.83,10.0,2.0,2.5,NR5G-SA,n79,-80,-80,-10,18,-999,13.2
2026-05-28 14:26:49.548,2026-05-28 14:32:57.503,22.6613613,114.5003533,120.8,0.0,2.50,166.9,0.0,21.2,0.0,2.83,10.0,2.0,2.5,NR5G-SA,n79,-80,-80,-10,18,-999,4.5
2026-05-28 14:26:49.748,2026-05-28 14:32:57.903,22.6613613,114.5003532,121.4,0.0,2.52,167.1,0.0,21.2,0.0,2.84,10.0,2.0,2.5,NR5G-SA,n79,-79,-79,-10,18,-999,7.4
2026-05-28 14:26:49.949,2026-05-28 14:32:58.103,22.6613613,114.5003533,122.0,0.1,2.54,167.3,23.0,21.2,0.0,2.85,10.0,2.0,2.5,NR5G-SA,n79,-79,-79,-10,18,-999,6.0
2026-05-28 14:26:50.149,2026-05-28 14:32:58.303,22.6613612,114.5003533,122.7,0.1,2.53,167.4,23.0,21.2,0.0,2.86,10.0,2.0,2.5,NR5G-SA,n79,-80,-80,-10,33,-999,7.5
2026-05-28 14:26:50.350,2026-05-28 14:32:58.303,22.6613611,114.5003535,123.3,0.1,2.51,167.4,23.0,21.2,0.0,2.89,10.0,2.0,2.5,NR5G-SA,n79,-80,-80,-10,33,-999,11.0
2026-05-28 14:26:50.550,2026-05-28 14:32:58.503,22.6613611,114.5003535,123.3,0.1,2.51,167.4,23.0,21.2,0.0,2.89,10.0,2.0,2.5,NR5G-SA,n79,-80,-80,-10,33,-999,11.3
2026-05-28 14:26:50.751,2026-05-28 14:32:58.903,22.6613611,114.5003536,123.9,0.0,2.50,167.4,23.0,21.2,0.0,2.90,10.0,2.0,2.5,NR5G-SA,n79,-77,-77,-10,32,-999,9.9
2026-05-28 14:26:50.951,2026-05-28 14:32:59.103,22.6613611,114.5003537,124.5,0.1,2.49,167.3,38.5,21.4,0.0,2.91,10.0,2.0,2.5,NR5G-SA,n79,-77,-77,-10,32,-999,6.7
2026-05-28 14:26:51.151,2026-05-28 14:32:59.103,22.6613611,114.5003538,125.1,0.0,2.49,167.1,38.5,21.4,0.0,2.92,10.0,2.0,2.5,NR5G-SA,n79,-77,-77,-10,32,-999,9.3
2026-05-28 14:26:51.352,2026-05-28 14:32:59.303,22.6613610,114.5003538,125.8,0.0,2.49,167.0,38.5,21.4,0.0,2.93,10.0,2.0,2.5,NR5G-SA,n79,-76,-76,-10,33,-999,13.2
2026-05-28 14:26:51.552,2026-05-28 14:32:59.503,22.6613610,114.5003538,125.8,0.0,2.52,167.0,38.5,21.4,0.0,2.93,10.0,2.0,2.5,NR5G-SA,n79,-76,-76,-10,33,-999,10.9
2026-05-28 14:26:51.753,2026-05-28 14:32:59.903,22.6613610,114.5003538,126.4,0.1,2.56,167.1,38.5,21.4,0.0,2.93,10.0,2.0,2.5,NR5G-SA,n79,-76,-76,-10,33,-999,8.8
2026-05-28 14:26:51.953,2026-05-28 14:33:00.103,22.6613609,114.5003538,127.0,0.0,2.53,167.2,33.5,21.4,0.0,2.94,10.0,2.0,2.5,NR5G-SA,n79,-77,-77,-10,33,-999,6.5
2026-05-28 14:26:52.153,2026-05-28 14:33:00.103,22.6613609,114.5003538,127.7,0.0,2.56,167.4,33.5,23.5,0.0,2.94,10.0,2.0,2.5,NR5G-SA,n79,-77,-77,-10,33,-999,5.1
2026-05-28 14:26:52.354,2026-05-28 14:33:00.303,22.6613609,114.5003538,128.3,0.0,2.56,167.3,33.5,23.5,0.0,2.94,10.0,2.0,2.5,NR5G-SA,n79,-76,-76,-10,25,-999,11.3
2026-05-28 14:26:52.554,2026-05-28 14:33:00.503,22.6613609,114.5003538,128.3,0.0,2.55,167.3,33.5,23.5,0.0,2.94,10.0,2.0,2.5,NR5G-SA,n79,-76,-76,-10,25,-999,9.7
2026-05-28 14:26:52.754,2026-05-28 14:33:00.903,22.6613609,114.5003538,128.9,0.1,2.53,167.2,33.5,23.5,0.0,2.94,10.0,2.0,2.5,NR5G-SA,n79,-76,-76,-10,25,-999,9.5
2026-05-28 14:26:52.955,2026-05-28 14:33:01.103,22.6613609,114.5003538,129.6,0.0,2.50,167.1,29.3,23.5,0.0,2.94,10.0,2.0,2.5,NR5G-SA,n79,-78,-78,-10,23,-999,5.6
2026-05-28 14:26:53.155,2026-05-28 14:33:01.303,22.6613609,114.5003538,130.2,0.0,2.51,167.1,29.3,22.4,0.0,2.94,10.0,2.0,2.5,NR5G-SA,n79,-78,-78,-10,23,-999,7.2
2026-05-28 14:26:53.356,2026-05-28 14:33:01.303,22.6613608,114.5003538,130.8,0.0,2.48,167.2,29.3,22.4,0.1,2.95,10.0,2.0,2.5,NR5G-SA,n79,-78,-78,-10,23,-999,12.7
2026-05-28 14:26:53.556,2026-05-28 14:33:01.503,22.6613608,114.5003538,130.8,0.0,2.48,167.2,29.3,22.4,0.1,2.95,10.0,2.0,2.5,NR5G-SA,n79,-78,-78,-10,24,-999,11.1
2026-05-28 14:26:53.756,2026-05-28 14:33:01.903,22.6613608,114.5003537,131.4,0.0,2.47,167.1,29.3,22.4,0.1,2.96,10.0,2.0,2.5,NR5G-SA,n79,-78,-78,-10,24,-999,8.5
2026-05-28 14:26:53.957,2026-05-28 14:33:02.103,22.6613608,114.5003537,132.0,0.0,2.49,167.1,41.7,22.4,0.1,2.96,10.0,2.0,2.5,NR5G-SA,n79,-78,-78,-10,24,-999,6.1
2026-05-28 14:26:54.157,2026-05-28 14:33:02.303,22.6613608,114.5003537,132.7,0.0,2.52,167.0,41.7,21.4,0.1,2.96,10.0,2.0,2.5,NR5G-SA,n79,-79,-79,-10,24,-999,7.2
2026-05-28 14:26:54.357,2026-05-28 14:33:02.303,22.6613608,114.5003536,133.3,0.0,2.50,167.0,41.7,21.4,0.1,2.97,10.0,2.0,2.5,NR5G-SA,n79,-79,-79,-10,24,-999,10.8
2026-05-28 14:26:54.558,2026-05-28 14:33:02.503,22.6613608,114.5003536,133.3,0.0,2.50,167.0,41.7,21.4,0.1,2.97,10.0,2.0,2.5,NR5G-SA,n79,-79,-79,-10,24,-999,11.8
2026-05-28 14:26:54.758,2026-05-28 14:33:02.903,22.6613607,114.5003536,133.9,0.0,2.48,167.0,41.7,21.4,0.1,2.98,10.0,2.0,2.5,NR5G-SA,n79,-79,-79,-10,24,-999,9.3
2026-05-28 14:26:54.958,2026-05-28 14:33:03.103,22.6613608,114.5003535,134.5,0.0,2.52,167.1,17.0,21.4,0.1,3.00,10.0,2.0,2.5,NR5G-SA,n79,-79,-79,-10,24,-999,6.0
2026-05-28 14:26:55.159,2026-05-28 14:33:03.103,22.6613608,114.5003535,135.2,0.0,2.52,167.2,17.0,21.9,0.1,3.00,10.0,2.0,2.5,NR5G-SA,n79,-77,-77,-10,24,-999,10.4
2026-05-28 14:26:55.359,2026-05-28 14:33:03.303,22.6613608,114.5003535,135.8,0.0,2.52,167.2,17.0,21.9,0.1,3.00,10.0,2.0,2.5,NR5G-SA,n79,-77,-77,-10,24,-999,9.3
2026-05-28 14:26:55.559,2026-05-28 14:33:03.503,22.6613608,114.5003535,135.8,0.0,2.52,167.2,17.0,21.9,0.1,3.00,10.0,2.0,2.5,NR5G-SA,n79,-77,-77,-10,24,-999,10.7
2026-05-28 14:26:55.759,2026-05-28 14:33:03.903,22.6613608,114.5003534,136.4,0.1,2.49,167.1,17.0,21.9,0.1,3.01,10.0,2.0,2.5,NR5G-SA,n79,-79,-79,-10,24,-999,8.0
2026-05-28 14:26:55.960,2026-05-28 14:33:04.103,22.6613609,114.5003534,137.0,0.1,2.48,167.0,0.0,21.9,0.0,3.02,10.0,2.0,2.5,NR5G-SA,n79,-79,-79,-10,24,-999,7.5
2026-05-28 14:26:56.160,2026-05-28 14:33:04.303,22.6613609,114.5003533,137.7,0.1,2.52,167.0,0.0,21.6,0.1,3.03,10.0,2.0,2.5,NR5G-SA,n79,-79,-79,-10,24,-999,6.3
2026-05-28 14:26:56.360,2026-05-28 14:33:04.303,22.6613610,114.5003533,138.3,0.1,2.51,166.9,0.0,21.6,0.0,3.04,10.0,2.0,2.5,NR5G-SA,n79,-79,-79,-10,24,-999,10.1
2026-05-28 14:26:56.561,2026-05-28 14:33:04.503,22.6613610,114.5003533,138.3,0.1,2.51,166.9,0.0,21.6,0.0,3.04,10.0,2.0,2.5,NR5G-SA,n79,-79,-79,-10,24,-999,9.5
2026-05-28 14:26:56.761,2026-05-28 14:33:04.903,22.6613611,114.5003533,138.9,0.0,2.50,167.1,0.0,21.6,0.0,3.05,10.0,2.0,2.5,NR5G-SA,n79,-80,-80,-10,24,-999,10.8
2026-05-28 14:26:56.961,2026-05-28 14:33:05.103,22.6613611,114.5003533,139.5,0.0,2.54,167.1,0.0,21.6,0.0,3.05,10.0,2.0,2.5,NR5G-SA,n79,-80,-80,-10,24,-999,5.5
2026-05-28 14:26:57.162,2026-05-28 14:33:05.303,22.6613611,114.5003532,140.2,0.0,2.50,167.0,0.0,20.0,0.0,3.06,10.0,2.0,2.5,NR5G-SA,n79,-80,-80,-10,24,-999,5.5
2026-05-28 14:26:57.362,2026-05-28 14:33:05.303,22.6613612,114.5003531,140.8,0.0,2.52,166.9,0.0,20.0,0.1,3.08,10.0,2.0,2.5,NR5G-SA,n79,-80,-80,-10,24,-999,10.9
2026-05-28 14:26:57.562,2026-05-28 14:33:05.503,22.6613612,114.5003531,140.8,0.0,2.52,166.9,0.0,20.0,0.1,3.08,10.0,2.0,2.5,NR5G-SA,n79,-80,-80,-10,24,-999,12.0
2026-05-28 14:26:57.762,2026-05-28 14:33:05.903,22.6613612,114.5003531,141.4,0.0,2.50,166.8,0.0,20.0,0.1,3.08,10.0,2.0,2.5,NR5G-SA,n79,-80,-80,-10,24,-999,9.6
2026-05-28 14:26:57.963,2026-05-28 14:33:06.103,22.6613612,114.5003531,142.0,0.0,2.50,166.7,0.0,20.0,0.1,3.08,10.0,2.0,2.5,NR5G-SA,n79,-80,-80,-10,24,-999,6.7
2026-05-28 14:26:58.163,2026-05-28 14:33:06.103,22.6613613,114.5003532,142.7,0.1,2.49,166.8,0.0,21.7,0.0,3.09,10.0,2.0,2.5,NR5G-SA,n79,-80,-80,-10,24,-999,7.8
2026-05-28 14:26:58.363,2026-05-28 14:33:06.303,22.6613614,114.5003533,143.3,0.0,2.50,166.7,0.0,21.7,0.0,3.11,10.0,2.0,2.5,NR5G-SA,n79,-80,-80,-10,24,-999,10.2
2026-05-28 14:26:58.564,2026-05-28 14:33:06.503,22.6613614,114.5003533,143.3,0.0,2.50,166.7,0.0,21.7,0.0,3.11,10.0,2.0,2.5,NR5G-SA,n79,-83,-83,-10,24,-999,8.6
2026-05-28 14:26:58.764,2026-05-28 14:33:06.903,22.6613614,114.5003535,143.9,0.1,2.53,166.7,0.0,21.7,0.0,3.13,10.0,2.0,2.5,NR5G-SA,n79,-83,-83,-10,24,-999,8.7
2026-05-28 14:26:58.964,2026-05-28 14:33:07.103,22.6613615,114.5003535,144.5,0.0,2.53,166.6,17.0,21.7,0.0,3.14,10.0,2.0,2.5,NR5G-SA,n79,-82,-82,-10,23,-999,5.7
2026-05-28 14:26:59.165,2026-05-28 14:33:07.303,22.6613616,114.5003536,145.2,0.0,2.52,166.4,17.0,21.7,0.0,3.16,10.0,2.0,2.5,NR5G-SA,n79,-82,-82,-10,23,-999,6.0
2026-05-28 14:26:59.365,2026-05-28 14:33:07.303,22.6613616,114.5003535,145.8,0.0,2.53,166.3,17.0,21.7,0.0,3.17,10.0,2.0,2.5,NR5G-SA,n79,-82,-82,-10,23,-999,10.1
2026-05-28 14:26:59.566,2026-05-28 14:33:07.503,22.6613616,114.5003535,145.8,0.0,2.53,166.3,17.0,21.7,0.0,3.17,10.0,2.0,2.5,NR5G-SA,n79,-83,-83,-10,24,-999,7.9
2026-05-28 14:26:59.766,2026-05-28 14:33:07.903,22.6613617,114.5003535,146.4,0.0,2.52,166.2,17.0,21.7,0.0,3.18,10.0,2.0,2.5,NR5G-SA,n79,-83,-83,-10,24,-999,8.1
2026-05-28 14:26:59.967,2026-05-28 14:33:08.103,22.6613617,114.5003535,147.0,0.0,2.50,166.2,42.3,21.7,0.0,3.18,10.0,2.0,2.5,NR5G-SA,n79,-83,-83,-10,24,-999,5.7
2026-05-28 14:27:00.167,2026-05-28 14:33:08.303,22.6613617,114.5003535,147.7,0.0,2.49,166.1,42.3,21.7,0.0,3.18,10.0,2.0,2.5,NR5G-SA,n79,-83,-83,-10,25,-999,8.6
2026-05-28 14:27:00.367,2026-05-28 14:33:08.303,22.6613617,114.5003535,148.3,0.0,2.49,166.3,42.3,20.6,0.0,3.18,10.0,2.0,2.5,NR5G-SA,n79,-83,-83,-10,25,-999,10.4
2026-05-28 14:27:00.568,2026-05-28 14:33:08.503,22.6613617,114.5003535,148.3,0.0,2.49,166.3,42.3,20.6,0.0,3.18,10.0,2.0,2.5,NR5G-SA,n79,-83,-83,-10,25,-999,8.6
2026-05-28 14:27:00.768,2026-05-28 14:33:08.903,22.6613616,114.5003535,148.9,0.0,2.50,166.4,42.3,20.6,0.0,3.19,10.0,2.0,2.5,NR5G-SA,n79,-83,-83,-10,26,-999,9.6
2026-05-28 14:27:00.968,2026-05-28 14:33:09.103,22.6613615,114.5003535,149.5,0.0,2.49,166.5,28.2,20.6,0.0,3.20,10.0,2.0,2.5,NR5G-SA,n79,-83,-83,-10,26,-999,5.5
2026-05-28 14:27:01.169,2026-05-28 14:33:09.303,22.6613615,114.5003535,150.2,0.1,2.51,166.4,28.2,20.6,0.0,3.20,10.0,2.0,2.5,NR5G-SA,n79,-83,-83,-10,26,-999,6.8
2026-05-28 14:27:01.369,2026-05-28 14:33:09.303,22.6613615,114.5003535,150.8,0.0,2.48,166.3,28.2,20.3,0.0,3.20,10.0,2.0,2.5,NR5G-SA,n79,-83,-83,-10,26,-999,8.4
2026-05-28 14:27:01.569,2026-05-28 14:33:09.503,22.6613615,114.5003535,150.8,0.0,2.48,166.3,28.2,20.3,0.0,3.20,10.0,2.0,2.5,NR5G-SA,n79,-83,-83,-10,26,-999,7.2
2026-05-28 14:27:01.770,2026-05-28 14:33:09.903,22.6613615,114.5003534,151.4,0.0,2.50,166.2,28.2,20.3,0.0,3.21,10.0,2.0,2.5,NR5G-SA,n79,-83,-83,-10,27,-999,8.6
2026-05-28 14:27:01.970,2026-05-28 14:33:10.103,22.6613615,114.5003534,152.1,0.0,2.50,166.3,34.1,20.3,0.0,3.21,10.0,2.0,2.5,NR5G-SA,n79,-83,-83,-10,27,-999,5.1
2026-05-28 14:27:02.170,2026-05-28 14:33:10.303,22.6613615,114.5003535,152.7,0.1,2.46,166.4,34.1,20.3,0.0,3.22,10.0,2.0,2.5,NR5G-SA,n79,-83,-83,-10,27,-999,4.6
2026-05-28 14:27:02.371,2026-05-28 14:33:10.303,22.6613613,114.5003535,153.3,0.1,2.48,166.6,34.1,20.3,0.0,3.24,10.0,2.0,2.5,NR5G-SA,n79,-83,-83,-10,27,-999,8.4
2026-05-28 14:27:02.571,2026-05-28 14:33:10.503,22.6613613,114.5003535,153.3,0.1,2.48,166.6,34.1,20.3,0.0,3.24,10.0,2.0,2.5,NR5G-SA,n79,-83,-83,-10,27,-999,10.5
2026-05-28 14:27:02.771,2026-05-28 14:33:10.903,22.6613612,114.5003536,153.9,0.1,2.48,166.7,34.1,20.3,0.0,3.26,10.0,2.0,2.5,NR5G-SA,n79,-83,-83,-10,27,-999,8.6
2026-05-28 14:27:02.972,2026-05-28 14:33:11.103,22.6613611,114.5003536,154.5,0.1,2.48,166.8,38.6,20.3,0.0,3.27,10.0,2.0,2.5,NR5G-SA,n79,-83,-83,-10,26,-999,6.1
2026-05-28 14:27:03.172,2026-05-28 14:33:11.303,22.6613610,114.5003536,155.2,0.0,2.51,166.7,38.6,20.3,0.0,3.28,10.0,2.0,2.5,NR5G-SA,n79,-83,-83,-10,26,-999,5.4
2026-05-28 14:27:03.372,2026-05-28 14:33:11.303,22.6613609,114.5003536,155.8,0.0,2.55,166.7,38.6,20.0,0.0,3.29,10.0,2.0,2.5,NR5G-SA,n79,-83,-83,-10,26,-999,9.1
2026-05-28 14:27:03.573,2026-05-28 14:33:11.503,22.6613609,114.5003536,155.8,0.0,2.55,166.7,38.6,20.0,0.0,3.29,10.0,2.0,2.5,NR5G-SA,n79,-83,-83,-10,24,-999,9.4
2026-05-28 14:27:03.773,2026-05-28 14:33:11.903,22.6613609,114.5003536,156.4,0.0,2.53,166.5,38.6,20.0,0.0,3.29,10.0,2.0,2.5,NR5G-SA,n79,-83,-83,-10,24,-999,8.2
2026-05-28 14:27:03.973,2026-05-28 14:33:12.103,22.6613608,114.5003536,157.0,0.1,2.50,166.4,22.3,20.0,0.1,3.30,10.0,2.0,2.5,NR5G-SA,n79,-87,-87,-10,25,-999,6.0
2026-05-28 14:27:04.174,2026-05-28 14:33:12.303,22.6613609,114.5003536,157.7,0.0,2.52,166.3,22.3,20.0,0.0,3.31,10.0,2.0,2.5,NR5G-SA,n79,-87,-87,-10,25,-999,6.4
2026-05-28 14:27:04.374,2026-05-28 14:33:12.303,22.6613609,114.5003536,158.3,0.0,2.50,166.4,22.3,22.4,0.0,3.31,10.0,2.0,2.5,NR5G-SA,n79,-87,-87,-10,25,-999,12.2
2026-05-28 14:27:04.574,2026-05-28 14:33:12.503,22.6613609,114.5003536,158.3,0.0,2.50,166.4,22.3,22.4,0.0,3.31,10.0,2.0,2.5,NR5G-SA,n79,-88,-88,-10,25,-999,7.6
2026-05-28 14:27:04.775,2026-05-28 14:33:12.903,22.6613610,114.5003536,158.9,0.0,2.54,166.4,22.3,22.4,0.0,3.32,10.0,2.0,2.5,NR5G-SA,n79,-88,-88,-10,25,-999,7.7
2026-05-28 14:27:04.975,2026-05-28 14:33:13.103,22.6613611,114.5003536,159.5,0.0,2.50,166.3,0.0,22.4,0.0,3.34,10.0,2.0,2.5,NR5G-SA,n79,-88,-88,-10,25,-999,5.0
2026-05-28 14:27:05.175,2026-05-28 14:33:13.303,22.6613611,114.5003536,160.2,0.0,2.54,166.3,0.0,22.4,0.0,3.34,10.0,2.0,2.5,NR5G-SA,n79,-90,-90,-10,25,-999,5.7
2026-05-28 14:27:05.375,2026-05-28 14:33:13.503,22.6613612,114.5003535,160.8,0.0,2.47,166.3,0.0,24.3,0.0,3.35,10.0,2.0,2.5,NR5G-SA,n79,-90,-90,-10,25,-999,7.0
2026-05-28 14:27:05.576,2026-05-28 14:33:13.503,22.6613612,114.5003535,160.8,0.0,2.47,166.3,0.0,24.3,0.0,3.35,10.0,2.0,2.5,NR5G-SA,n79,-90,-90,-10,25,-999,12.5
2026-05-28 14:27:05.776,2026-05-28 14:33:13.903,22.6613612,114.5003535,161.4,0.0,2.50,166.2,0.0,24.3,0.0,3.35,10.0,2.0,2.5,NR5G-SA,n79,-90,-90,-10,24,-999,9.0
2026-05-28 14:27:05.977,2026-05-28 14:33:14.103,22.6613613,114.5003535,162.1,0.1,2.49,166.2,9.7,24.3,0.0,3.36,10.0,2.0,2.5,NR5G-SA,n79,-90,-90,-10,24,-999,4.5
2026-05-28 14:27:06.177,2026-05-28 14:33:14.303,22.6613614,114.5003535,162.7,0.0,2.48,166.2,9.7,24.3,0.0,3.37,10.0,2.0,2.5,NR5G-SA,n79,-91,-91,-10,24,-999,7.2
2026-05-28 14:27:06.377,2026-05-28 14:33:14.303,22.6613615,114.5003535,163.3,0.0,2.49,166.3,9.7,26.7,0.0,3.38,10.0,2.0,2.5,NR5G-SA,n79,-91,-91,-10,24,-999,9.7
2026-05-28 14:27:06.578,2026-05-28 14:33:14.503,22.6613615,114.5003535,163.3,0.0,2.49,166.3,9.7,26.7,0.0,3.38,10.0,2.0,2.5,NR5G-SA,n79,-91,-91,-10,24,-999,12.3
2026-05-28 14:27:06.778,2026-05-28 14:33:14.903,22.6613615,114.5003535,163.9,0.0,2.49,166.3,9.7,26.7,0.0,3.38,10.0,2.0,2.5,NR5G-SA,n79,-89,-89,-10,23,-999,6.3
2026-05-28 14:27:06.978,2026-05-28 14:33:15.103,22.6613615,114.5003535,164.6,0.1,2.47,166.2,0.0,26.7,0.0,3.38,10.0,2.0,2.5,NR5G-SA,n79,-89,-89,-10,23,-999,5.7
2026-05-28 14:27:07.179,2026-05-28 14:33:15.303,22.6613615,114.5003535,165.2,0.0,2.45,166.1,0.0,26.7,0.0,3.38,10.0,2.0,2.5,NR5G-SA,n79,-89,-89,-10,23,-999,6.4
2026-05-28 14:27:07.379,2026-05-28 14:33:15.303,22.6613614,114.5003535,165.8,0.1,2.44,166.0,0.0,26.6,0.0,3.39,10.0,2.0,2.5,NR5G-SA,n79,-89,-89,-10,23,-999,8.9
2026-05-28 14:27:07.579,2026-05-28 14:33:15.503,22.6613614,114.5003535,165.8,0.1,2.44,166.0,0.0,26.6,0.0,3.39,10.0,2.0,2.5,NR5G-SA,n79,-89,-89,-10,23,-999,15.8
2026-05-28 14:27:07.780,2026-05-28 14:33:15.903,22.6613614,114.5003535,166.4,0.0,2.51,166.0,0.0,26.6,0.0,3.39,10.0,2.0,2.5,NR5G-SA,n79,-89,-89,-10,23,-999,10.9
2026-05-28 14:27:07.980,2026-05-28 14:33:16.103,22.6613614,114.5003536,167.0,0.1,2.54,165.8,8.1,26.6,0.0,3.41,10.0,2.0,2.5,NR5G-SA,n79,-91,-91,-10,23,-999,6.5
2026-05-28 14:27:08.181,2026-05-28 14:33:16.303,22.6613614,114.5003538,167.7,0.0,2.52,165.8,8.1,26.6,0.0,3.43,10.0,2.0,2.5,NR5G-SA,n79,-91,-91,-10,23,-999,6.9
2026-05-28 14:27:08.381,2026-05-28 14:33:16.303,22.6613614,114.5003539,168.3,0.0,2.49,165.7,8.1,26.6,0.0,3.44,10.0,2.0,2.5,NR5G-SA,n79,-93,-93,-10,24,-999,10.6
2026-05-28 14:27:08.582,2026-05-28 14:33:16.503,22.6613614,114.5003539,168.3,0.0,2.49,165.7,8.1,25.6,0.0,3.44,10.0,2.0,2.5,NR5G-SA,n79,-93,-93,-10,24,-999,13.5
2026-05-28 14:27:08.782,2026-05-28 14:33:16.903,22.6613612,114.5003540,168.9,0.1,2.48,165.8,8.1,25.6,0.0,3.46,10.0,2.0,2.5,NR5G-SA,n79,-93,-93,-10,24,-999,8.7
2026-05-28 14:27:08.982,2026-05-28 14:33:17.103,22.6613610,114.5003539,169.5,0.1,2.47,166.1,0.0,25.6,0.0,3.48,10.0,2.0,2.5,NR5G-SA,n79,-85,-85,-10,24,-999,6.3
2026-05-28 14:27:09.183,2026-05-28 14:33:17.303,22.6613609,114.5003538,170.2,0.0,2.46,166.2,0.0,25.6,0.0,3.50,10.0,2.0,2.5,NR5G-SA,n79,-85,-85,-10,24,-999,5.3
2026-05-28 14:27:09.383,2026-05-28 14:33:17.303,22.6613609,114.5003538,170.8,0.0,2.49,166.3,0.0,25.6,0.0,3.50,10.0,2.0,2.5,NR5G-SA,n79,-85,-85,-10,24,-999,7.5
2026-05-28 14:27:09.583,2026-05-28 14:33:17.503,22.6613609,114.5003538,171.4,0.0,2.49,166.4,0.0,26.3,0.0,3.50,10.0,2.0,2.5,NR5G-SA,n79,-84,-84,-10,26,-999,13.6
2026-05-28 14:27:09.784,2026-05-28 14:33:17.903,22.6613609,114.5003538,171.4,0.0,2.51,166.4,0.0,26.3,0.0,3.50,10.0,2.0,2.5,NR5G-SA,n79,-84,-84,-10,26,-999,8.0
2026-05-28 14:27:09.984,2026-05-28 14:33:18.103,22.6613609,114.5003538,172.0,0.0,2.52,166.4,22.7,26.3,0.0,3.50,10.0,2.0,2.5,NR5G-SA,n79,-84,-84,-10,26,-999,5.0
2026-05-28 14:27:10.184,2026-05-28 14:33:18.303,22.6613609,114.5003538,172.7,0.0,2.50,166.4,22.7,26.3,0.0,3.50,10.0,2.0,2.5,NR5G-SA,n79,-84,-84,-10,26,-999,5.9
2026-05-28 14:27:10.385,2026-05-28 14:33:18.303,22.6613609,114.5003537,173.3,0.0,2.50,166.4,22.7,26.3,0.0,3.51,10.0,2.0,2.5,NR5G-SA,n79,-83,-83,-10,26,-999,9.6
2026-05-28 14:27:10.585,2026-05-28 14:33:18.503,22.6613609,114.5003537,173.3,0.0,2.50,166.4,22.7,24.3,0.0,3.51,10.0,2.0,2.5,NR5G-SA,n79,-82,-82,-10,27,-999,17.1
2026-05-28 14:27:10.786,2026-05-28 14:33:18.903,22.6613609,114.5003537,173.9,0.0,2.48,166.5,22.7,24.3,0.0,3.51,10.0,2.0,2.5,NR5G-SA,n79,-82,-82,-10,27,-999,11.2
2026-05-28 14:27:10.986,2026-05-28 14:33:19.103,22.6613609,114.5003537,174.6,0.0,2.49,166.5,38.1,24.3,0.0,3.51,10.0,2.0,2.5,NR5G-SA,n79,-82,-82,-10,27,-999,6.0
2026-05-28 14:27:11.186,2026-05-28 14:33:19.303,22.6613610,114.5003537,175.2,0.1,2.52,166.4,38.1,24.3,0.0,3.52,10.0,2.0,2.5,NR5G-SA,n79,-81,-81,-10,28,-999,6.6
2026-05-28 14:27:11.387,2026-05-28 14:33:19.303,22.6613610,114.5003537,175.8,0.1,2.48,166.5,38.1,24.3,0.0,3.52,10.0,2.0,2.5,NR5G-SA,n79,-81,-81,-10,28,-999,9.1
2026-05-28 14:27:11.587,2026-05-28 14:33:19.503,22.6613610,114.5003537,175.8,0.1,2.48,166.5,38.1,21.0,0.0,3.52,10.0,2.0,2.5,NR5G-SA,n79,-81,-81,-10,28,-999,13.1
2026-05-28 14:27:11.788,2026-05-28 14:33:19.903,22.6613611,114.5003538,176.4,0.0,2.50,166.7,38.1,21.0,0.0,3.54,10.0,2.0,2.5,NR5G-SA,n79,-81,-81,-10,28,-999,8.7
2026-05-28 14:27:11.988,2026-05-28 14:33:20.103,22.6613611,114.5003538,177.1,0.0,2.54,166.8,38.1,21.0,0.0,3.54,10.0,2.0,2.5,NR5G-SA,n79,-81,-81,-10,28,-999,6.3
2026-05-28 14:27:12.189,2026-05-28 14:33:20.303,22.6613611,114.5003538,177.7,0.0,2.51,166.8,100.0,21.0,0.0,3.54,10.0,2.0,2.5,NR5G-SA,n79,-81,-81,-10,28,-999,7.3
2026-05-28 14:27:12.389,2026-05-28 14:33:20.303,22.6613610,114.5003538,178.3,0.0,2.49,166.7,100.0,21.0,0.0,3.55,10.0,2.0,2.5,NR5G-SA,n79,-81,-81,-10,30,-999,9.0
2026-05-28 14:27:12.589,2026-05-28 14:33:20.503,22.6613610,114.5003538,178.3,0.0,2.49,166.7,100.0,20.0,0.0,3.55,10.0,2.0,2.5,NR5G-SA,n79,-81,-81,-10,30,-999,15.1
2026-05-28 14:27:12.790,2026-05-28 14:33:20.903,22.6613610,114.5003537,178.9,0.1,2.47,166.8,100.0,20.0,0.0,3.56,10.0,2.0,2.5,NR5G-SA,n79,-81,-81,-10,30,-999,9.4
2026-05-28 14:27:12.990,2026-05-28 14:33:21.103,22.6613609,114.5003536,179.5,0.0,2.47,167.0,100.0,20.0,0.0,3.57,10.0,2.0,2.5,NR5G-SA,n79,-81,-81,-10,30,-999,6.5
2026-05-28 14:27:13.190,2026-05-28 14:33:21.303,22.6613608,114.5003535,180.2,0.0,2.49,167.1,29.3,20.0,0.1,3.59,10.0,2.0,2.5,NR5G-SA,n79,-81,-81,-10,30,-999,6.5
2026-05-28 14:27:13.391,2026-05-28 14:33:21.303,22.6613608,114.5003535,180.8,0.0,2.48,166.9,29.3,20.0,0.1,3.59,10.0,2.0,2.5,NR5G-SA,n79,-82,-82,-10,29,-999,8.3
2026-05-28 14:27:13.591,2026-05-28 14:33:21.503,22.6613608,114.5003535,180.8,0.0,2.48,166.9,29.3,19.9,0.1,3.59,10.0,2.0,2.5,NR5G-SA,n79,-82,-82,-10,29,-999,14.7
2026-05-28 14:27:13.792,2026-05-28 14:33:21.903,22.6613608,114.5003535,181.4,0.0,2.50,166.8,29.3,19.9,0.1,3.59,10.0,2.0,2.5,NR5G-SA,n79,-82,-82,-10,29,-999,8.6
2026-05-28 14:27:13.992,2026-05-28 14:33:22.103,22.6613608,114.5003535,182.0,0.0,2.48,166.8,29.3,19.9,0.1,3.59,10.0,2.0,2.5,NR5G-SA,n79,-83,-83,-10,28,-999,5.4
2026-05-28 14:27:14.193,2026-05-28 14:33:22.303,22.6613608,114.5003535,182.7,0.0,2.48,166.9,41.9,19.9,0.1,3.59,10.0,2.0,2.5,NR5G-SA,n79,-83,-83,-10,28,-999,6.8
2026-05-28 14:27:14.393,2026-05-28 14:33:22.303,22.6613608,114.5003535,183.3,0.0,2.47,167.0,41.9,19.9,0.1,3.59,10.0,2.0,2.5,NR5G-SA,n79,-83,-83,-10,28,-999,9.2
2026-05-28 14:27:14.593,2026-05-28 14:33:22.503,22.6613608,114.5003535,183.3,0.0,2.47,167.0,41.9,18.3,0.1,3.59,10.0,2.0,2.5,NR5G-SA,n79,-82,-82,-10,28,-999,15.4
2026-05-28 14:27:14.794,2026-05-28 14:33:22.903,22.6613608,114.5003536,183.9,0.1,2.49,166.9,41.9,18.3,0.1,3.60,10.0,2.0,2.5,NR5G-SA,n79,-82,-82,-10,28,-999,8.9
2026-05-28 14:27:14.994,2026-05-28 14:33:23.103,22.6613608,114.5003537,184.5,0.0,2.50,167.1,41.9,18.3,0.1,3.61,10.0,2.0,2.5,NR5G-SA,n79,-83,-83,-10,27,-999,6.7
2026-05-28 14:27:15.195,2026-05-28 14:33:23.303,22.6613608,114.5003537,185.2,0.0,2.47,167.1,16.9,18.3,0.1,3.61,10.0,2.0,2.5,NR5G-SA,n79,-83,-83,-10,27,-999,7.0
2026-05-28 14:27:15.395,2026-05-28 14:33:23.303,22.6613608,114.5003537,185.8,0.0,2.50,167.3,16.9,18.3,0.1,3.61,10.0,2.0,2.5,NR5G-SA,n79,-83,-83,-10,27,-999,8.2
2026-05-28 14:27:15.595,2026-05-28 14:33:23.503,22.6613608,114.5003537,185.8,0.0,2.50,167.3,16.9,19.6,0.1,3.61,10.0,2.0,2.5,NR5G-SA,n79,-83,-83,-10,26,-999,14.0
2026-05-28 14:27:15.796,2026-05-28 14:33:23.903,22.6613608,114.5003538,186.4,0.0,2.50,167.2,16.9,19.6,0.1,3.62,10.0,2.0,2.5,NR5G-SA,n79,-83,-83,-10,26,-999,6.6
2026-05-28 14:27:15.996,2026-05-28 14:33:24.103,22.6613608,114.5003538,187.0,0.0,2.51,167.3,16.9,19.6,0.1,3.62,10.0,2.0,2.5,NR5G-SA,n79,-83,-83,-10,26,-999,7.8
2026-05-28 14:27:16.196,2026-05-28 14:33:24.303,22.6613608,114.5003538,187.7,0.1,2.52,167.4,0.0,19.6,0.1,3.62,10.0,2.0,2.5,NR5G-SA,n79,-84,-84,-10,25,-999,6.8
2026-05-28 14:27:16.397,2026-05-28 14:33:24.303,22.6613608,114.5003537,188.3,0.1,2.50,167.4,0.0,19.6,0.1,3.63,10.0,2.0,2.5,NR5G-SA,n79,-84,-84,-10,25,-999,6.9
2026-05-28 14:27:16.597,2026-05-28 14:33:24.503,22.6613609,114.5003535,188.9,0.1,2.52,167.3,0.0,20.7,0.0,3.65,10.0,2.0,2.5,NR5G-SA,n79,-84,-84,-10,25,-999,12.2
2026-05-28 14:27:16.798,2026-05-28 14:33:24.903,22.6613609,114.5003535,188.9,0.1,2.52,167.3,0.0,20.7,0.0,3.65,10.0,2.0,2.5,NR5G-SA,n79,-84,-84,-10,25,-999,8.1
2026-05-28 14:27:16.998,2026-05-28 14:33:25.103,22.6613610,114.5003534,189.6,0.1,2.52,167.3,0.0,20.7,0.0,3.67,10.0,2.0,2.5,NR5G-SA,n79,-84,-84,-10,25,-999,4.7
2026-05-28 14:27:17.199,2026-05-28 14:33:25.303,22.6613611,114.5003533,190.2,0.1,2.47,167.2,0.0,20.7,0.0,3.68,10.0,2.0,2.5,NR5G-SA,n79,-85,-85,-10,24,-999,7.5
2026-05-28 14:27:17.399,2026-05-28 14:33:25.503,22.6613613,114.5003533,190.8,0.1,2.48,166.9,0.0,20.7,0.0,3.71,10.0,2.0,2.5,NR5G-SA,n79,-85,-85,-10,24,-999,7.3
2026-05-28 14:27:17.600,2026-05-28 14:33:25.503,22.6613613,114.5003534,191.4,0.1,2.50,166.9,0.0,20.7,0.0,3.72,10.0,2.0,2.5,NR5G-SA,n79,-85,-85,-10,24,-999,13.7
2026-05-28 14:27:17.800,2026-05-28 14:33:25.903,22.6613613,114.5003534,191.4,0.1,2.50,166.9,0.0,21.1,0.0,3.72,10.0,2.0,2.5,NR5G-SA,n79,-85,-85,-10,24,-999,9.3
2026-05-28 14:27:18.001,2026-05-28 14:33:26.103,22.6613613,114.5003534,192.0,0.0,2.49,167.0,0.0,21.1,0.0,3.72,10.0,2.0,2.5,NR5G-SA,n79,-85,-85,-10,24,-999,5.0
2026-05-28 14:27:18.201,2026-05-28 14:33:26.303,22.6613614,114.5003534,192.7,0.0,2.46,166.8,0.0,21.1,0.0,3.73,10.0,2.0,2.5,NR5G-SA,n79,-85,-85,-10,24,-999,5.9
2026-05-28 14:27:18.401,2026-05-28 14:33:26.503,22.6613615,114.5003534,193.3,0.0,2.48,166.8,0.0,21.1,0.0,3.74,10.0,2.0,2.5,NR5G-SA,n79,-86,-86,-10,30,-999,6.7
2026-05-28 14:27:18.602,2026-05-28 14:33:26.503,22.6613615,114.5003534,193.9,0.0,2.48,166.8,0.0,21.1,0.0,3.74,10.0,2.0,2.5,NR5G-SA,n79,-86,-86,-10,30,-999,14.6
2026-05-28 14:27:18.802,2026-05-28 14:33:26.903,22.6613615,114.5003534,193.9,0.0,2.50,166.8,0.0,21.7,0.0,3.74,10.0,2.0,2.5,NR5G-SA,n79,-86,-86,-10,30,-999,9.9
2026-05-28 14:27:19.003,2026-05-28 14:33:27.103,22.6613615,114.5003534,194.5,0.1,2.49,166.9,0.0,21.7,0.0,3.74,10.0,2.0,2.5,NR5G-SA,n79,-87,-87,-10,31,-999,5.8
2026-05-28 14:27:19.203,2026-05-28 14:33:27.303,22.6613614,114.5003534,195.2,0.1,2.50,166.8,17.0,21.7,0.0,3.75,10.0,2.0,2.5,NR5G-SA,n79,-87,-87,-10,31,-999,7.4
2026-05-28 14:27:19.403,2026-05-28 14:33:27.503,22.6613614,114.5003535,195.8,0.0,2.52,166.7,17.0,21.7,0.0,3.76,10.0,2.0,2.5,NR5G-SA,n79,-87,-87,-10,31,-999,7.2
2026-05-28 14:27:19.604,2026-05-28 14:33:27.503,22.6613614,114.5003536,196.4,0.1,2.51,166.5,17.0,21.7,0.0,3.77,10.0,2.0,2.5,NR5G-SA,n79,-88,-88,-10,30,-999,12.8
2026-05-28 14:27:19.804,2026-05-28 14:33:27.903,22.6613614,114.5003536,196.4,0.1,2.51,166.5,17.0,20.8,0.0,3.77,10.0,2.0,2.5,NR5G-SA,n79,-88,-88,-10,30,-999,6.8
2026-05-28 14:27:20.005,2026-05-28 14:33:28.103,22.6613614,114.5003537,197.0,0.1,2.48,166.6,17.0,20.8,0.0,3.78,10.0,2.0,2.5,NR5G-SA,n79,-88,-88,-10,19,-999,5.4
2026-05-28 14:27:20.205,2026-05-28 14:33:28.303,22.6613614,114.5003538,197.7,0.0,2.50,166.8,41.7,20.8,0.0,3.79,10.0,2.0,2.5,NR5G-SA,n79,-88,-88,-10,19,-999,6.7
2026-05-28 14:27:20.405,2026-05-28 14:33:28.303,22.6613614,114.5003539,198.3,0.1,2.50,166.7,41.7,20.8,0.0,3.80,10.0,2.0,2.5,NR5G-SA,n79,-88,-88,-10,19,-999,9.3
2026-05-28 14:27:20.606,2026-05-28 14:33:28.503,22.6613613,114.5003539,198.9,0.0,2.51,166.8,41.7,20.8,0.0,3.81,10.0,2.0,2.5,NR5G-SA,n79,-91,-91,-10,19,-999,11.3
2026-05-28 14:27:20.806,2026-05-28 14:33:28.903,22.6613613,114.5003539,198.9,0.0,2.51,166.8,41.7,20.1,0.0,3.81,10.0,2.0,2.5,NR5G-SA,n79,-91,-91,-10,19,-999,10.5
2026-05-28 14:27:21.007,2026-05-28 14:33:29.103,22.6613614,114.5003539,199.5,0.0,2.50,166.7,41.7,20.1,0.0,3.82,10.0,2.0,2.5,NR5G-SA,n79,-91,-91,-10,19,-999,4.9
2026-05-28 14:27:21.207,2026-05-28 14:33:29.303,22.6613614,114.5003538,200.2,0.0,2.49,166.6,29.2,20.1,0.0,3.83,10.0,2.0,2.5,NR5G-SA,n79,-92,-92,-10,19,-999,5.4
2026-05-28 14:27:21.407,2026-05-28 14:33:29.503,22.6613614,114.5003538,200.8,0.0,2.48,166.5,29.2,20.1,0.0,3.83,10.0,2.0,2.5,NR5G-SA,n79,-92,-92,-10,19,-999,6.5
2026-05-28 14:27:21.608,2026-05-28 14:33:29.503,22.6613613,114.5003538,201.4,0.1,2.50,166.5,29.2,20.1,0.0,3.84,10.0,2.0,2.5,NR5G-SA,n79,-92,-92,-10,19,-999,13.1
2026-05-28 14:27:21.808,2026-05-28 14:33:29.903,22.6613613,114.5003538,201.4,0.1,2.50,166.5,29.2,20.4,0.0,3.84,10.0,2.0,2.5,NR5G-SA,n79,-44,-44,-10,20,-999,10.2
2026-05-28 14:27:22.009,2026-05-28 14:33:30.103,22.6613612,114.5003538,202.0,0.0,2.52,166.6,29.2,20.4,0.0,3.86,10.0,2.0,2.5,NR5G-SA,n79,-44,-44,-10,20,-999,5.6
2026-05-28 14:27:22.209,2026-05-28 14:33:30.303,22.6613611,114.5003538,202.7,0.0,2.55,166.6,33.7,20.4,0.0,3.87,10.0,2.0,2.5,NR5G-SA,n79,-44,-44,-10,20,-999,5.6
2026-05-28 14:27:22.409,2026-05-28 14:33:30.503,22.6613610,114.5003538,203.3,0.0,2.51,166.7,33.7,20.4,0.0,3.88,10.0,2.0,2.5,NR5G-SA,n79,-44,-44,-10,20,-999,7.6
2026-05-28 14:27:22.610,2026-05-28 14:33:30.503,22.6613611,114.5003538,203.9,0.0,2.50,166.8,33.7,20.4,0.0,3.89,10.0,2.0,2.5,NR5G-SA,n79,-44,-44,-10,20,-999,11.4
2026-05-28 14:27:22.810,2026-05-28 14:33:30.903,22.6613611,114.5003538,203.9,0.0,2.50,166.8,33.7,21.6,0.0,3.89,10.0,2.0,2.5,NR5G-SA,n79,-44,-44,-10,21,-999,9.5
2026-05-28 14:27:23.011,2026-05-28 14:33:31.103,22.6613611,114.5003538,204.5,0.1,2.50,166.6,33.7,21.6,0.0,3.89,10.0,2.0,2.5,NR5G-SA,n79,-44,-44,-10,21,-999,6.0
2026-05-28 14:27:23.211,2026-05-28 14:33:31.303,22.6613611,114.5003538,205.2,0.0,2.52,166.7,38.0,21.6,0.0,3.89,10.0,2.0,2.5,NR5G-SA,n79,-44,-44,-10,21,-999,6.3
2026-05-28 14:27:23.411,2026-05-28 14:33:31.503,22.6613611,114.5003538,205.8,0.1,2.50,166.6,38.0,21.6,0.0,3.89,10.0,2.0,2.5,NR5G-SA,n79,-44,-44,-10,22,-999,5.3
2026-05-28 14:27:23.612,2026-05-28 14:33:31.503,22.6613611,114.5003538,206.4,0.1,2.53,166.6,38.0,21.6,0.0,3.89,10.0,2.0,2.5,NR5G-SA,n79,-44,-44,-10,22,-999,12.0
2026-05-28 14:27:23.812,2026-05-28 14:33:31.903,22.6613611,114.5003538,206.4,0.1,2.53,166.6,38.0,20.6,0.0,3.89,10.0,2.0,2.5,NR5G-SA,n79,-44,-44,-10,22,-999,8.1
2026-05-28 14:27:24.013,2026-05-28 14:33:32.103,22.6613611,114.5003537,207.1,0.1,2.49,166.5,38.0,20.6,0.0,3.90,10.0,2.0,2.5,NR5G-SA,n79,-44,-44,-10,22,-999,5.3
2026-05-28 14:27:24.213,2026-05-28 14:33:32.303,22.6613612,114.5003537,207.7,0.0,2.48,166.4,23.4,20.6,0.0,3.91,10.0,2.0,2.5,NR5G-SA,n79,-44,-44,-10,22,-999,6.2
2026-05-28 14:27:24.413,2026-05-28 14:33:32.503,22.6613613,114.5003537,208.3,0.1,2.43,166.3,23.4,20.6,0.0,3.92,10.0,2.0,2.5,NR5G-SA,n79,-44,-44,-10,23,-999,6.4
2026-05-28 14:27:24.614,2026-05-28 14:33:32.503,22.6613613,114.5003537,208.9,0.0,2.43,166.3,23.4,20.6,0.0,3.92,10.0,2.0,2.5,NR5G-SA,n79,-44,-44,-10,23,-999,12.1
2026-05-28 14:27:24.814,2026-05-28 14:33:32.903,22.6613613,114.5003537,208.9,0.0,2.43,166.3,23.4,19.6,0.0,3.92,10.0,2.0,2.5,NR5G-SA,n79,-44,-44,-10,23,-999,9.2
2026-05-28 14:27:25.015,2026-05-28 14:33:33.103,22.6613612,114.5003537,209.5,0.1,2.32,166.1,23.4,19.6,0.0,3.93,10.0,2.0,2.5,NR5G-SA,n79,-44,-44,-10,23,-999,5.9
2026-05-28 14:27:25.215,2026-05-28 14:33:33.303,22.6613612,114.5003537,210.1,0.0,2.17,165.9,0.0,19.6,0.0,3.93,10.0,2.0,2.5,NR5G-SA,n79,-44,-44,-10,23,-999,5.0
2026-05-28 14:27:25.415,2026-05-28 14:33:33.303,22.6613612,114.5003537,210.6,0.0,2.03,165.8,0.0,19.6,0.0,3.93,10.0,2.0,2.5,NR5G-SA,n79,-44,-44,-10,23,-999,6.2
2026-05-28 14:27:25.616,2026-05-28 14:33:33.503,22.6613612,114.5003537,211.1,0.0,1.90,165.8,0.0,19.6,0.0,3.93,10.0,2.0,2.5,NR5G-SA,n79,-44,-44,-10,23,-999,7.9
2026-05-28 14:27:25.816,2026-05-28 14:33:33.903,22.6613612,114.5003537,211.1,0.0,1.90,165.8,0.0,19.0,0.0,3.93,10.0,2.0,2.5,NR5G-SA,n79,-44,-44,-10,23,-999,7.5
2026-05-28 14:27:26.017,2026-05-28 14:33:34.103,22.6613612,114.5003537,211.5,0.0,1.76,165.8,0.0,19.0,0.0,3.93,10.0,2.0,2.5,NR5G-SA,n79,-44,-44,-10,23,-999,5.1
2026-05-28 14:27:26.217,2026-05-28 14:33:34.303,22.6613613,114.5003537,211.9,0.1,1.61,165.8,8.0,19.0,0.0,3.94,10.0,2.0,2.5,NR5G-SA,n79,-44,-44,-10,23,-999,5.8
2026-05-28 14:27:26.417,2026-05-28 14:33:34.503,22.6613613,114.5003538,212.3,0.0,1.48,165.8,8.0,19.0,0.0,3.95,10.0,2.0,2.5,NR5G-SA,n79,-44,-44,-10,23,-999,6.3
2026-05-28 14:27:26.618,2026-05-28 14:33:34.503,22.6613614,114.5003538,212.6,0.0,1.38,165.8,8.0,19.0,0.0,3.96,10.0,2.0,2.5,NR5G-SA,n79,-44,-44,-10,23,-999,10.5
2026-05-28 14:27:26.818,2026-05-28 14:33:34.903,22.6613614,114.5003538,212.6,0.0,1.38,165.8,8.0,19.0,0.0,3.96,10.0,2.0,2.5,NR5G-SA,n79,-44,-44,-10,23,-999,9.4
2026-05-28 14:27:27.019,2026-05-28 14:33:35.103,22.6613614,114.5003537,213.0,0.0,1.21,165.8,8.0,18.3,0.0,3.98,10.0,2.0,2.5,NR5G-SA,n79,-44,-44,-10,23,-999,5.3
2026-05-28 14:27:27.219,2026-05-28 14:33:35.303,22.6613614,114.5003536,213.2,0.1,1.09,165.9,0.0,18.3,0.0,3.99,10.0,2.0,2.5,NR5G-SA,n79,-44,-44,-10,22,-999,5.7
2026-05-28 14:27:27.419,2026-05-28 14:33:35.503,22.6613614,114.5003535,213.5,0.0,0.95,165.9,0.0,18.3,0.0,4.00,10.0,2.0,2.5,NR5G-SA,n79,-44,-44,-10,22,-999,6.8
2026-05-28 14:27:27.620,2026-05-28 14:33:35.503,22.6613615,114.5003535,213.7,0.0,0.82,165.9,0.0,18.3,0.0,4.01,10.0,2.0,2.5,NR5G-SA,n79,-44,-44,-10,22,-999,11.8
2026-05-28 14:27:27.820,2026-05-28 14:33:35.903,22.6613615,114.5003535,213.7,0.0,0.82,165.9,0.0,18.3,0.0,4.01,10.0,2.0,2.5,NR5G-SA,n79,-44,-44,-10,22,-999,7.9
2026-05-28 14:27:28.021,2026-05-28 14:33:36.103,22.6613615,114.5003535,213.9,0.1,0.64,165.8,0.0,17.5,0.0,4.01,10.0,2.0,2.5,NR5G-SA,n79,-44,-44,-10,22,-999,5.9
2026-05-28 14:27:28.221,2026-05-28 14:33:36.303,22.6613615,114.5003535,214.0,0.0,0.52,165.8,9.6,17.5,0.0,4.01,10.0,2.0,2.5,NR5G-SA,n79,-44,-44,-10,22,-999,4.0
2026-05-28 14:27:28.421,2026-05-28 14:33:36.503,22.6613614,114.5003535,214.1,0.0,0.38,165.8,9.6,17.5,0.0,4.02,10.0,2.0,2.5,NR5G-SA,n79,-44,-44,-10,22,-999,5.9
2026-05-28 14:27:28.622,2026-05-28 14:33:36.503,22.6613614,114.5003534,214.2,0.0,0.20,165.6,9.6,17.5,0.0,4.03,10.0,2.0,2.5,NR5G-SA,n79,-44,-44,-10,22,-999,8.4
2026-05-28 14:27:28.822,2026-05-28 14:33:36.903,22.6613614,114.5003534,214.2,0.0,0.20,165.6,9.6,17.5,0.0,4.03,10.0,2.0,2.5,NR5G-SA,n79,-44,-44,-10,21,-999,7.4
2026-05-28 14:27:29.023,2026-05-28 14:33:37.103,22.6613615,114.5003534,214.2,0.1,0.03,165.3,9.6,18.2,0.0,4.04,10.0,2.0,2.5,NR5G-SA,n79,-44,-44,-10,21,-999,5.7
2026-05-28 14:27:29.223,2026-05-28 14:33:37.303,22.6613614,114.5003535,214.2,0.1,-0.03,165.3,0.0,18.2,0.0,4.05,10.0,2.0,2.5,NR5G-SA,n79,-44,-44,-10,21,-999,5.6
2026-05-28 14:27:29.423,2026-05-28 14:33:37.303,22.6613615,114.5003538,214.2,0.2,0.01,165.4,0.0,18.2,0.0,4.09,10.0,2.0,2.5,NR5G-SA,n79,-44,-44,-10,21,-999,9.2
2026-05-28 14:27:29.624,2026-05-28 14:33:37.503,22.6613619,114.5003546,214.2,0.5,0.01,165.6,0.0,18.2,0.1,4.18,10.0,2.0,2.5,NR5G-SA,n79,-44,-44,-10,21,-999,11.7
2026-05-28 14:27:29.824,2026-05-28 14:33:37.903,22.6613619,114.5003546,214.2,0.5,0.01,165.6,0.0,18.2,0.1,4.18,10.0,2.0,2.5,NR5G-SA,n79,-44,-44,-10,21,-999,9.3
2026-05-28 14:27:30.025,2026-05-28 14:33:38.103,22.6613626,114.5003558,214.2,0.6,0.03,165.9,0.0,21.6,0.3,4.33,10.0,2.0,2.5,NR5G-SA,n79,-44,-44,-10,21,-999,6.8
2026-05-28 14:27:30.225,2026-05-28 14:33:38.303,22.6613638,114.5003575,214.2,0.9,0.10,161.0,20.0,21.6,0.5,4.55,10.0,2.0,2.5,NR5G-SA,n79,-44,-44,-10,21,-999,7.2
2026-05-28 14:27:30.426,2026-05-28 14:33:38.503,22.6613653,114.5003599,214.2,1.3,0.08,148.2,20.0,21.6,0.8,4.84,10.0,2.0,2.5,NR5G-SA,n79,-44,-44,-10,21,-999,6.3
2026-05-28 14:27:30.626,2026-05-28 14:33:38.503,22.6613674,114.5003629,214.3,1.6,0.02,133.8,20.0,21.6,1.2,5.23,10.0,2.0,2.5,NR5G-SA,n79,-83,-83,-10,20,-999,11.8
2026-05-28 14:27:30.827,2026-05-28 14:33:38.903,22.6613674,114.5003629,214.3,1.6,0.02,133.8,20.0,21.6,1.2,5.23,10.0,2.0,2.5,NR5G-SA,n79,-83,-83,-10,20,-999,9.7
2026-05-28 14:27:31.027,2026-05-28 14:33:39.103,22.6613698,114.5003666,214.3,2.0,-0.10,119.0,20.0,22.7,1.6,5.70,10.0,2.0,2.5,NR5G-SA,n79,-91,-91,-10,19,-999,4.8
2026-05-28 14:27:31.228,2026-05-28 14:33:39.303,22.6613726,114.5003714,214.2,2.4,-0.15,104.1,40.2,22.7,2.2,6.28,10.0,2.0,2.5,NR5G-SA,n79,-91,-91,-10,19,-999,4.7
2026-05-28 14:27:31.428,2026-05-28 14:33:39.503,22.6613759,114.5003775,214.2,3.0,-0.15,88.3,40.2,22.7,2.9,7.01,10.0,2.0,2.5,NR5G-SA,n79,-91,-91,-10,19,-999,6.8
2026-05-28 14:27:31.628,2026-05-28 14:33:39.503,22.6613801,114.5003846,214.2,3.6,-0.06,72.0,40.2,22.7,3.8,7.87,10.0,2.0,2.5,NR5G-SA,n79,-96,-96,-10,17,-999,11.1
2026-05-28 14:27:31.829,2026-05-28 14:33:39.903,22.6613801,114.5003846,214.2,3.6,-0.06,72.0,40.2,22.7,3.8,7.87,10.0,2.0,2.5,NR5G-SA,n79,-96,-96,-10,17,-999,7.6
2026-05-28 14:27:32.029,2026-05-28 14:33:40.103,22.6613853,114.5003926,214.2,4.1,-0.03,58.4,40.2,22.6,4.8,8.88,10.0,2.0,2.5,NR5G-SA,n79,-96,-96,-10,17,-999,4.9
2026-05-28 14:27:32.230,2026-05-28 14:33:40.303,22.6613913,114.5004012,214.1,4.6,-0.04,53.1,28.2,22.6,5.9,9.98,10.0,2.0,2.5,NR5G-SA,n79,-90,-90,-10,17,-999,5.2
2026-05-28 14:27:32.430,2026-05-28 14:33:40.503,22.6613979,114.5004106,214.1,5.1,-0.04,52.2,28.2,22.6,7.1,11.20,10.0,2.0,2.5,NR5G-SA,n79,-90,-90,-10,17,-999,6.0
2026-05-28 14:27:32.630,2026-05-28 14:33:40.503,22.6614050,114.5004209,214.1,5.6,-0.02,52.7,28.2,22.6,8.5,12.52,10.0,2.0,2.5,NR5G-SA,n79,-90,-90,-10,17,-999,7.1
2026-05-28 14:27:32.831,2026-05-28 14:33:40.903,22.6614050,114.5004209,214.1,5.6,-0.02,52.7,28.2,22.6,8.5,12.52,10.0,2.0,2.5,NR5G-SA,n79,-90,-90,-10,16,-999,7.3
2026-05-28 14:27:33.031,2026-05-28 14:33:41.103,22.6614128,114.5004325,214.1,6.2,-0.01,53.4,28.2,23.7,9.9,13.99,10.0,2.0,2.5,NR5G-SA,n79,-90,-90,-10,16,-999,6.4
2026-05-28 14:27:33.232,2026-05-28 14:33:41.303,22.6614215,114.5004454,214.1,6.9,-0.05,54.0,34.7,23.7,11.6,15.63,10.0,2.0,2.5,NR5G-SA,n79,-91,-91,-10,16,-999,5.7
2026-05-28 14:27:33.432,2026-05-28 14:33:41.503,22.6614311,114.5004594,214.1,7.5,-0.06,54.4,34.7,23.7,13.4,17.43,10.0,2.0,2.5,NR5G-SA,n79,-91,-91,-10,16,-999,4.6
2026-05-28 14:27:33.632,2026-05-28 14:33:41.503,22.6614416,114.5004745,214.1,8.0,-0.07,54.5,34.7,23.7,15.3,19.37,10.0,2.0,2.5,NR5G-SA,n79,-91,-91,-10,16,-999,9.4
2026-05-28 14:27:33.832,2026-05-28 14:33:41.903,22.6614416,114.5004745,214.1,8.0,-0.07,54.5,34.7,23.7,15.3,19.37,10.0,2.0,2.5,NR5G-SA,n79,-91,-91,-10,17,-999,9.3
2026-05-28 14:27:34.033,2026-05-28 14:33:42.103,22.6614528,114.5004904,214.1,8.4,-0.10,54.4,34.7,23.5,17.4,21.42,10.0,2.0,2.5,NR5G-SA,n79,-91,-91,-10,17,-999,6.9
2026-05-28 14:27:34.233,2026-05-28 14:33:42.303,22.6614645,114.5005071,214.1,8.8,-0.11,54.4,34.9,23.5,19.5,23.58,10.0,2.0,2.5,NR5G-SA,n79,-91,-91,-10,17,-999,5.6
2026-05-28 14:27:34.434,2026-05-28 14:33:42.503,22.6614767,114.5005245,214.1,9.2,-0.12,54.5,34.9,23.5,21.8,25.82,10.0,2.0,2.5,NR5G-SA,n79,-92,-92,-10,18,-999,5.2
2026-05-28 14:27:34.634,2026-05-28 14:33:42.903,22.6614891,114.5005424,214.1,9.4,-0.12,54.6,34.9,23.5,24.1,28.12,10.0,2.0,2.5,NR5G-SA,n79,-92,-92,-10,18,-999,8.0
2026-05-28 14:27:34.834,2026-05-28 14:33:42.903,22.6614891,114.5005424,214.1,9.4,-0.12,54.6,34.9,23.5,24.1,28.12,10.0,2.0,2.5,NR5G-SA,n79,-92,-92,-10,18,-999,10.3
2026-05-28 14:27:35.035,2026-05-28 14:33:43.103,22.6615018,114.5005609,214.0,9.6,-0.09,54.6,34.9,21.0,26.4,30.49,10.0,2.0,2.5,NR5G-SA,n79,-93,-93,-10,18,-999,6.0
2026-05-28 14:27:35.235,2026-05-28 14:33:43.303,22.6615148,114.5005797,214.0,9.8,-0.09,54.7,28.1,21.0,28.8,32.90,10.0,2.0,2.5,NR5G-SA,n79,-93,-93,-10,18,-999,5.6
2026-05-28 14:27:35.435,2026-05-28 14:33:43.503,22.6615279,114.5005987,214.0,9.9,-0.05,54.6,28.1,21.0,31.3,35.34,10.0,2.0,2.5,NR5G-SA,n79,-93,-93,-10,18,-999,6.5
2026-05-28 14:27:35.636,2026-05-28 14:33:43.503,22.6615411,114.5006177,214.0,9.9,-0.07,54.2,28.1,21.0,33.7,37.78,10.0,2.0,2.5,NR5G-SA,n79,-92,-92,-10,20,-999,13.8
2026-05-28 14:27:35.836,2026-05-28 14:33:43.903,22.6615544,114.5006365,214.0,9.9,-0.07,53.8,28.1,21.0,36.1,40.22,10.0,2.0,2.5,NR5G-SA,n79,-92,-92,-10,20,-999,8.4
2026-05-28 14:27:36.037,2026-05-28 14:33:44.103,22.6615544,114.5006365,214.0,9.9,-0.14,53.8,28.1,21.0,36.1,40.22,10.0,2.0,2.5,NR5G-SA,n79,-91,-91,-10,20,-999,5.6
2026-05-28 14:27:36.237,2026-05-28 14:33:44.303,22.6615677,114.5006555,213.9,10.0,-0.16,53.6,39.7,20.1,38.6,42.67,10.0,2.0,2.5,NR5G-SA,n79,-91,-91,-10,20,-999,6.1
2026-05-28 14:27:36.438,2026-05-28 14:33:44.503,22.6615811,114.5006748,213.9,10.0,-0.18,53.7,39.7,20.1,41.1,45.15,10.0,2.0,2.5,NR5G-SA,n79,-91,-91,-10,20,-999,5.4
2026-05-28 14:27:36.638,2026-05-28 14:33:44.503,22.6615947,114.5006944,213.9,10.1,-0.15,53.9,39.7,20.1,43.6,47.67,10.0,2.0,2.5,NR5G-SA,n79,-92,-92,-10,19,-999,10.6
2026-05-28 14:27:36.839,2026-05-28 14:33:44.903,22.6615947,114.5006944,213.9,10.1,-0.15,53.9,39.7,20.1,43.6,47.67,10.0,2.0,2.5,NR5G-SA,n79,-92,-92,-10,19,-999,8.6
2026-05-28 14:27:37.039,2026-05-28 14:33:45.103,22.6616085,114.5007140,213.8,10.2,-0.10,54.0,39.7,20.1,46.1,50.20,10.0,2.0,2.5,NR5G-SA,n79,-92,-92,-10,19,-999,4.6
2026-05-28 14:27:37.240,2026-05-28 14:33:45.303,22.6616222,114.5007337,213.8,10.2,-0.08,54.3,20.5,21.5,48.7,52.73,10.0,2.0,2.5,NR5G-SA,n79,-92,-92,-10,19,-999,5.1
2026-05-28 14:27:37.440,2026-05-28 14:33:45.503,22.6616360,114.5007534,213.8,10.2,-0.07,54.5,20.5,21.5,51.2,55.27,10.0,2.0,2.5,NR5G-SA,n79,-92,-92,-10,19,-999,5.5
2026-05-28 14:27:37.640,2026-05-28 14:33:45.503,22.6616496,114.5007731,213.8,10.1,-0.09,54.5,20.5,21.5,53.7,57.80,10.0,2.0,2.5,NR5G-SA,n79,-92,-92,-10,19,-999,9.3
2026-05-28 14:27:37.841,2026-05-28 14:33:45.903,22.6616496,114.5007731,213.8,10.1,-0.09,54.5,20.5,21.5,53.7,57.80,10.0,2.0,2.5,NR5G-SA,n79,-95,-95,-10,17,-999,10.9
2026-05-28 14:27:38.041,2026-05-28 14:33:46.103,22.6616632,114.5007928,213.7,10.1,-0.03,54.5,20.5,21.5,56.3,60.33,10.0,2.0,2.5,NR5G-SA,n79,-95,-95,-10,17,-999,5.5
2026-05-28 14:27:38.242,2026-05-28 14:33:46.303,22.6616766,114.5008124,213.7,10.0,-0.04,54.5,0.0,21.9,58.8,62.83,10.0,2.0,2.5,NR5G-SA,n79,-96,-96,-10,15,-999,5.7
2026-05-28 14:27:38.442,2026-05-28 14:33:46.503,22.6616901,114.5008320,213.7,10.0,-0.05,54.4,0.0,21.9,61.3,65.35,10.0,2.0,2.5,NR5G-SA,n79,-96,-96,-10,15,-999,6.6
2026-05-28 14:27:38.642,2026-05-28 14:33:46.503,22.6617034,114.5008516,213.7,10.0,-0.07,54.5,0.0,21.9,63.8,67.84,10.0,2.0,2.5,NR5G-SA,n79,-96,-96,-10,15,-999,8.3
2026-05-28 14:27:38.843,2026-05-28 14:33:46.901,22.6617034,114.5008516,213.7,10.0,-0.07,54.5,0.0,21.9,63.8,67.84,10.0,2.0,2.5,NR5G-SA,n79,-97,-97,-10,15,-999,11.3
2026-05-28 14:27:39.043,2026-05-28 14:33:47.101,22.6617167,114.5008713,213.7,10.0,-0.07,54.3,0.0,21.9,66.3,70.35,10.0,2.0,2.5,NR5G-SA,n79,-97,-97,-10,15,-999,5.5
2026-05-28 14:27:39.243,2026-05-28 14:33:47.301,22.6617298,114.5008911,213.6,9.9,-0.10,54.0,11.0,23.6,68.8,72.86,10.0,2.0,2.5,NR5G-SA,n79,-97,-97,-10,15,-999,7.0
2026-05-28 14:27:39.444,2026-05-28 14:33:47.501,22.6617429,114.5009108,213.6,9.9,-0.06,53.7,11.0,23.6,71.3,75.35,10.0,2.0,2.5,NR5G-SA,n79,-95,-95,-10,16,-999,5.5
2026-05-28 14:27:39.644,2026-05-28 14:33:47.501,22.6617561,114.5009305,213.6,9.9,-0.10,53.3,11.0,23.6,73.8,77.85,10.0,2.0,2.5,NR5G-SA,n79,-95,-95,-10,16,-999,7.4
2026-05-28 14:27:39.844,2026-05-28 14:33:47.901,22.6617693,114.5009502,213.6,9.9,-0.10,53.3,11.0,23.6,76.3,80.35,10.0,2.0,2.5,NR5G-SA,n79,-95,-95,-10,16,-999,9.2
2026-05-28 14:27:40.045,2026-05-28 14:33:48.101,22.6617693,114.5009502,213.6,9.9,-0.10,53.3,11.0,23.6,76.3,80.35,10.0,2.0,2.5,NR5G-SA,n79,-94,-94,-11,16,-999,5.7
2026-05-28 14:27:40.245,2026-05-28 14:33:48.301,22.6617826,114.5009697,213.5,9.9,-0.12,53.4,0.0,23.8,78.8,82.84,10.0,2.0,2.5,NR5G-SA,n79,-94,-94,-11,16,-999,5.7
2026-05-28 14:27:40.446,2026-05-28 14:33:48.501,22.6617959,114.5009894,213.5,10.0,-0.06,53.5,0.0,23.8,81.3,85.35,10.0,2.0,2.5,NR5G-SA,n79,-92,-92,-10,17,-999,5.2
2026-05-28 14:27:40.646,2026-05-28 14:33:48.501,22.6618092,114.5010091,213.5,10.0,-0.06,53.6,0.0,23.8,83.8,87.86,10.0,2.0,2.5,NR5G-SA,n79,-92,-92,-10,17,-999,9.1
2026-05-28 14:27:40.846,2026-05-28 14:33:48.901,22.6618226,114.5010290,213.5,9.9,-0.09,53.4,0.0,23.8,86.3,90.39,10.0,2.0,2.5,NR5G-SA,n79,-92,-92,-10,17,-999,5.9
2026-05-28 14:27:41.047,2026-05-28 14:33:49.101,22.6618226,114.5010290,213.5,9.9,-0.09,53.4,0.0,23.8,86.3,90.39,10.0,2.0,2.5,NR5G-SA,n79,-94,-94,-10,17,-999,9.0
2026-05-28 14:27:41.247,2026-05-28 14:33:49.301,22.6618359,114.5010489,213.5,10.0,-0.06,53.5,0.0,25.1,88.8,92.91,10.0,2.0,2.5,NR5G-SA,n79,-94,-94,-10,17,-999,7.9
2026-05-28 14:27:41.448,2026-05-28 14:33:49.501,22.6618491,114.5010688,213.5,10.0,-0.08,53.5,0.0,25.1,91.4,95.43,10.0,2.0,2.5,NR5G-SA,n79,-94,-94,-10,17,-999,5.7
2026-05-28 14:27:41.648,2026-05-28 14:33:49.501,22.6618624,114.5010886,213.4,10.0,-0.08,53.6,0.0,25.1,93.9,97.95,10.0,2.0,2.5,NR5G-SA,n79,-94,-94,-10,17,-999,8.6
2026-05-28 14:27:41.848,2026-05-28 14:33:49.901,22.6618758,114.5011084,213.4,10.0,-0.07,53.5,0.0,25.1,96.4,100.47,10.0,2.0,2.5,NR5G-SA,n79,-94,-94,-10,17,-999,8.1
2026-05-28 14:27:42.049,2026-05-28 14:33:50.101,22.6618758,114.5011084,213.4,10.0,-0.07,53.5,0.0,25.1,96.4,100.47,10.0,2.0,2.5,NR5G-SA,n79,-94,-94,-10,17,-999,10.5
2026-05-28 14:27:42.249,2026-05-28 14:33:50.301,22.6618891,114.5011280,213.4,10.0,-0.07,53.4,0.0,24.2,98.9,102.97,10.0,2.0,2.5,NR5G-SA,n79,-97,-97,-10,15,-999,8.0
2026-05-28 14:27:42.450,2026-05-28 14:33:50.501,22.6619024,114.5011475,213.4,9.9,-0.07,53.4,0.0,24.2,101.4,105.46,10.0,2.0,2.5,NR5G-SA,n79,-97,-97,-10,15,-999,4.9
2026-05-28 14:27:42.650,2026-05-28 14:33:50.501,22.6619156,114.5011669,213.4,9.8,-0.11,53.3,0.0,24.2,103.9,107.93,10.0,2.0,2.5,NR5G-SA,n79,-98,-98,-10,14,-999,8.1
2026-05-28 14:27:42.851,2026-05-28 14:33:50.901,22.6619288,114.5011862,213.3,9.8,-0.10,53.2,0.0,24.2,106.3,110.40,10.0,2.0,2.5,NR5G-SA,n79,-98,-98,-10,14,-999,8.0
2026-05-28 14:27:43.051,2026-05-28 14:33:51.101,22.6619288,114.5011862,213.3,9.8,-0.10,53.2,0.0,24.2,106.3,110.40,10.0,2.0,2.5,NR5G-SA,n79,-98,-98,-10,14,-999,9.9
2026-05-28 14:27:43.251,2026-05-28 14:33:51.301,22.6619419,114.5012057,213.3,9.9,-0.09,53.2,11.3,22.2,108.8,112.88,10.0,2.0,2.5,NR5G-SA,n79,-102,-102,-11,15,-999,8.6
2026-05-28 14:27:43.452,2026-05-28 14:33:51.501,22.6619550,114.5012253,213.3,10.0,-0.09,53.2,11.3,22.2,111.3,115.37,10.0,2.0,2.5,NR5G-SA,n79,-102,-102,-11,15,-999,4.3
2026-05-28 14:27:43.652,2026-05-28 14:33:51.901,22.6619683,114.5012450,213.3,10.0,-0.07,53.2,11.3,22.2,113.8,117.87,10.0,2.0,2.5,NR5G-SA,n79,-102,-102,-11,15,-999,5.6
2026-05-28 14:27:43.852,2026-05-28 14:33:51.901,22.6619817,114.5012647,213.3,9.9,-0.07,53.2,11.3,22.2,116.3,120.39,10.0,2.0,2.5,NR5G-SA,n79,-94,-94,-10,16,-999,9.3
2026-05-28 14:27:44.053,2026-05-28 14:33:52.101,22.6619817,114.5012647,213.3,9.9,-0.07,53.2,11.3,22.2,116.3,120.39,10.0,2.0,2.5,NR5G-SA,n79,-94,-94,-10,16,-999,10.2
2026-05-28 14:27:44.253,2026-05-28 14:33:52.301,22.6619952,114.5012842,213.2,9.9,-0.11,53.2,0.0,22.2,118.8,122.89,10.0,2.0,2.5,NR5G-SA,n79,-94,-94,-10,16,-999,8.4
2026-05-28 14:27:44.454,2026-05-28 14:33:52.501,22.6620086,114.5013036,213.2,9.9,-0.07,53.2,0.0,21.2,121.3,125.38,10.0,2.0,2.5,NR5G-SA,n79,-92,-92,-10,16,-999,5.5
2026-05-28 14:27:44.654,2026-05-28 14:33:52.501,22.6620220,114.5013230,213.2,9.9,-0.12,53.2,0.0,21.2,123.8,127.87,10.0,2.0,2.5,NR5G-SA,n79,-92,-92,-10,16,-999,8.8
2026-05-28 14:27:44.855,2026-05-28 14:33:52.901,22.6620353,114.5013424,213.2,9.9,-0.12,53.2,0.0,21.2,126.3,130.35,10.0,2.0,2.5,NR5G-SA,n79,-92,-92,-10,15,-999,9.6
2026-05-28 14:27:45.055,2026-05-28 14:33:53.101,22.6620353,114.5013424,213.2,9.9,-0.11,53.2,0.0,21.2,126.3,130.35,10.0,2.0,2.5,NR5G-SA,n79,-92,-92,-10,15,-999,10.2
2026-05-28 14:27:45.256,2026-05-28 14:33:53.301,22.6620486,114.5013619,213.2,9.9,-0.07,53.3,0.0,21.2,128.8,132.84,10.0,2.0,2.5,NR5G-SA,n79,-92,-92,-10,15,-999,9.8
2026-05-28 14:27:45.456,2026-05-28 14:33:53.501,22.6620620,114.5013815,213.1,10.0,-0.09,53.4,21.1,20.6,131.3,135.35,10.0,2.0,2.5,NR5G-SA,n79,-93,-93,-10,15,-999,5.8
2026-05-28 14:27:45.657,2026-05-28 14:33:53.901,22.6620754,114.5014011,213.1,10.0,-0.08,53.5,21.1,20.6,133.8,137.85,10.0,2.0,2.5,NR5G-SA,n79,-93,-93,-10,15,-999,6.0
2026-05-28 14:27:45.857,2026-05-28 14:33:53.901,22.6620754,114.5014011,213.1,10.0,-0.08,53.5,21.1,20.6,133.8,137.85,10.0,2.0,2.5,NR5G-SA,n79,-93,-93,-10,15,-999,12.0
2026-05-28 14:27:46.057,2026-05-28 14:33:54.101,22.6620888,114.5014207,213.1,10.0,-0.09,53.5,21.1,20.6,136.3,140.36,10.0,2.0,2.5,NR5G-SA,n79,-92,-92,-10,16,-999,9.2
2026-05-28 14:27:46.258,2026-05-28 14:33:54.301,22.6621021,114.5014404,213.1,10.0,-0.09,53.4,21.1,20.6,138.8,142.87,10.0,2.0,2.5,NR5G-SA,n79,-92,-92,-10,16,-999,7.1
2026-05-28 14:27:46.458,2026-05-28 14:33:54.501,22.6621154,114.5014601,213.1,10.0,-0.06,53.4,39.4,20.6,141.3,145.38,10.0,2.0,2.5,NR5G-SA,n79,-92,-92,-10,16,-999,5.5
2026-05-28 14:27:46.659,2026-05-28 14:33:54.501,22.6621288,114.5014797,213.0,10.0,-0.11,53.3,39.4,20.6,143.8,147.88,10.0,2.0,2.5,NR5G-SA,n79,-93,-93,-10,16,-999,8.0
2026-05-28 14:27:46.859,2026-05-28 14:33:54.901,22.6621420,114.5014994,213.0,9.9,-0.11,53.2,39.4,20.6,146.3,150.38,10.0,2.0,2.5,NR5G-SA,n79,-93,-93,-10,16,-999,8.6
2026-05-28 14:27:47.060,2026-05-28 14:33:55.101,22.6621420,114.5014994,213.0,9.9,-0.11,53.2,39.4,20.6,146.3,150.38,10.0,2.0,2.5,NR5G-SA,n79,-92,-92,-10,16,-999,9.9
2026-05-28 14:27:47.260,2026-05-28 14:33:55.301,22.6621551,114.5015189,213.0,9.9,-0.11,53.1,39.4,20.6,148.8,152.86,10.0,2.0,2.5,NR5G-SA,n79,-92,-92,-10,16,-999,11.0
2026-05-28 14:27:47.460,2026-05-28 14:33:55.501,22.6621682,114.5015384,213.0,9.9,-0.12,52.8,29.4,21.4,151.3,155.34,10.0,2.0,2.5,NR5G-SA,n79,-92,-92,-10,16,-999,4.8
2026-05-28 14:27:47.661,2026-05-28 14:33:55.901,22.6621813,114.5015578,212.9,9.9,-0.14,52.7,29.4,21.4,153.7,157.81,10.0,2.0,2.5,NR5G-SA,n79,-92,-92,-10,15,-999,6.4
2026-05-28 14:27:47.861,2026-05-28 14:33:55.901,22.6621945,114.5015771,212.9,9.8,-0.11,52.7,29.4,21.4,156.2,160.27,10.0,2.0,2.5,NR5G-SA,n79,-92,-92,-10,15,-999,8.9
2026-05-28 14:27:48.062,2026-05-28 14:33:56.101,22.6621945,114.5015771,212.9,9.8,-0.11,52.7,29.4,21.4,156.2,160.27,10.0,2.0,2.5,NR5G-SA,n79,-92,-92,-10,15,-999,7.5
2026-05-28 14:27:48.262,2026-05-28 14:33:56.301,22.6622076,114.5015962,212.9,9.8,-0.09,52.8,29.4,21.4,158.6,162.72,10.0,2.0,2.5,NR5G-SA,n79,-91,-91,-10,16,-999,7.5
2026-05-28 14:27:48.462,2026-05-28 14:33:56.501,22.6622210,114.5016155,212.9,9.9,-0.07,52.6,33.7,22.9,161.1,165.20,10.0,2.0,2.5,NR5G-SA,n79,-91,-91,-10,16,-999,5.8
2026-05-28 14:27:48.663,2026-05-28 14:33:56.901,22.6622344,114.5016348,212.9,9.9,-0.05,52.9,33.7,22.9,163.6,167.68,10.0,2.0,2.5,NR5G-SA,n79,-91,-91,-10,16,-999,8.6
2026-05-28 14:27:48.863,2026-05-28 14:33:56.901,22.6622480,114.5016541,212.9,9.9,-0.08,52.9,33.7,22.9,166.1,170.18,10.0,2.0,2.5,NR5G-SA,n79,-89,-89,-10,17,-999,8.7
2026-05-28 14:27:49.064,2026-05-28 14:33:57.101,22.6622480,114.5016541,212.9,9.9,-0.08,52.9,33.7,22.9,166.1,170.18,10.0,2.0,2.5,NR5G-SA,n79,-89,-89,-10,17,-999,9.5
2026-05-28 14:27:49.264,2026-05-28 14:33:57.301,22.6622614,114.5016736,212.8,10.0,-0.08,52.8,33.7,22.9,168.6,172.67,10.0,2.0,2.5,NR5G-SA,n79,-88,-88,-10,18,-999,7.8
2026-05-28 14:27:49.464,2026-05-28 14:33:57.501,22.6622745,114.5016935,212.8,10.1,-0.09,52.9,35.9,23.3,171.1,175.18,10.0,2.0,2.5,NR5G-SA,n79,-88,-88,-10,18,-999,4.4
2026-05-28 14:27:49.665,2026-05-28 14:33:57.901,22.6622875,114.5017136,212.8,10.0,-0.10,52.9,35.9,23.3,173.6,177.71,10.0,2.0,2.5,NR5G-SA,n79,-88,-88,-10,18,-999,6.4
2026-05-28 14:27:49.865,2026-05-28 14:33:57.901,22.6623006,114.5017336,212.8,10.1,-0.08,52.9,35.9,23.3,176.2,180.23,10.0,2.0,2.5,NR5G-SA,n79,-89,-89,-10,18,-999,8.6
2026-05-28 14:27:50.065,2026-05-28 14:33:58.101,22.6623006,114.5017336,212.8,10.1,-0.08,52.9,35.9,23.3,176.2,180.23,10.0,2.0,2.5,NR5G-SA,n79,-89,-89,-10,18,-999,8.9
2026-05-28 14:27:50.266,2026-05-28 14:33:58.300,22.6623140,114.5017535,212.8,10.1,-0.07,52.7,35.9,23.3,178.7,182.76,10.0,2.0,2.5,NR5G-SA,n79,-89,-89,-10,18,-999,8.8
2026-05-28 14:27:50.466,2026-05-28 14:33:58.500,22.6623275,114.5017734,212.8,10.1,-0.05,52.5,26.6,23.7,181.2,185.29,10.0,2.0,2.5,NR5G-SA,n79,-90,-90,-10,17,-999,5.5
2026-05-28 14:27:50.667,2026-05-28 14:33:58.500,22.6623410,114.5017934,212.8,10.2,-0.11,52.5,26.6,23.7,183.8,187.84,10.0,2.0,2.5,NR5G-SA,n79,-90,-90,-10,17,-999,4.8
2026-05-28 14:27:50.867,2026-05-28 14:33:58.900,22.6623546,114.5018132,212.7,10.2,-0.16,52.5,26.6,23.7,186.3,190.37,10.0,2.0,2.5,NR5G-SA,n79,-90,-90,-10,17,-999,6.9
2026-05-28 14:27:51.067,2026-05-28 14:33:59.100,22.6623546,114.5018132,212.7,10.2,-0.16,52.5,26.6,23.7,186.3,190.37,10.0,2.0,2.5,NR5G-SA,n79,-89,-89,-10,16,-999,11.2
2026-05-28 14:27:51.268,2026-05-28 14:33:59.300,22.6623682,114.5018328,212.7,10.0,-0.15,52.5,26.6,23.7,188.8,192.89,10.0,2.0,2.5,NR5G-SA,n79,-89,-89,-10,16,-999,9.6
2026-05-28 14:27:51.468,2026-05-28 14:33:59.500,22.6623816,114.5018522,212.6,10.0,-0.17,52.5,41.1,23.2,191.3,195.38,10.0,2.0,2.5,NR5G-SA,n79,-89,-89,-10,16,-999,5.0
2026-05-28 14:27:51.669,2026-05-28 14:33:59.900,22.6623952,114.5018715,212.6,10.0,-0.17,52.7,41.1,23.2,193.8,197.88,10.0,2.0,2.5,NR5G-SA,n79,-89,-89,-10,15,-999,6.8
2026-05-28 14:27:51.869,2026-05-28 14:33:59.900,22.6624089,114.5018907,212.6,10.0,-0.11,52.7,41.1,23.2,196.3,200.37,10.0,2.0,2.5,NR5G-SA,n79,-89,-89,-10,15,-999,7.5
2026-05-28 14:27:52.069,2026-05-28 14:34:00.100,22.6624089,114.5018907,212.6,10.0,-0.11,52.7,41.1,23.2,196.3,200.37,10.0,2.0,2.5,NR5G-SA,n79,-88,-88,-10,17,-999,8.2
2026-05-28 14:27:52.270,2026-05-28 14:34:00.300,22.6624225,114.5019100,212.6,10.1,-0.11,52.9,41.1,23.2,198.8,202.86,10.0,2.0,2.5,NR5G-SA,n79,-88,-88,-10,17,-999,8.0
2026-05-28 14:27:52.470,2026-05-28 14:34:00.500,22.6624362,114.5019296,212.5,10.1,-0.09,53.2,18.6,23.2,201.3,205.39,10.0,2.0,2.5,NR5G-SA,n79,-88,-88,-10,17,-999,5.6
2026-05-28 14:27:52.671,2026-05-28 14:34:00.900,22.6624498,114.5019494,212.5,10.1,-0.04,53.5,18.6,21.6,203.9,207.93,10.0,2.0,2.5,NR5G-SA,n79,-89,-89,-10,19,-999,5.1
2026-05-28 14:27:52.871,2026-05-28 14:34:00.900,22.6624634,114.5019692,212.5,10.1,-0.04,53.6,18.6,21.6,206.4,210.46,10.0,2.0,2.5,NR5G-SA,n79,-89,-89,-10,19,-999,9.0
2026-05-28 14:27:53.071,2026-05-28 14:34:01.100,22.6624634,114.5019692,212.5,10.1,-0.04,53.6,18.6,21.6,206.4,210.46,10.0,2.0,2.5,NR5G-SA,n79,-89,-89,-10,19,-999,10.7
2026-05-28 14:27:53.272,2026-05-28 14:34:01.300,22.6624766,114.5019890,212.5,10.0,-0.08,53.4,18.6,21.6,208.9,212.97,10.0,2.0,2.5,NR5G-SA,n79,-90,-90,-10,20,-999,9.7
2026-05-28 14:27:53.472,2026-05-28 14:34:01.500,22.6624897,114.5020085,212.5,9.8,-0.11,53.1,0.0,21.6,211.4,215.45,10.0,2.0,2.5,NR5G-SA,n79,-90,-90,-10,20,-999,4.9
2026-05-28 14:27:53.673,2026-05-28 14:34:01.500,22.6625025,114.5020277,212.5,9.8,-0.11,52.9,0.0,22.3,213.8,217.88,10.0,2.0,2.5,NR5G-SA,n79,-90,-90,-10,20,-999,8.1
2026-05-28 14:27:53.873,2026-05-28 14:34:01.900,22.6625154,114.5020470,212.4,9.8,-0.10,52.8,0.0,22.3,216.3,220.33,10.0,2.0,2.5,NR5G-SA,n79,-88,-88,-10,22,-999,8.7
2026-05-28 14:27:54.073,2026-05-28 14:34:02.100,22.6625154,114.5020470,212.4,9.8,-0.10,52.8,0.0,22.3,216.3,220.33,10.0,2.0,2.5,NR5G-SA,n79,-88,-88,-10,22,-999,7.9
2026-05-28 14:27:54.274,2026-05-28 14:34:02.300,22.6625286,114.5020665,212.4,10.0,-0.07,53.0,0.0,22.3,218.7,222.81,10.0,2.0,2.5,NR5G-SA,n79,-90,-90,-10,25,-999,7.7
2026-05-28 14:27:54.474,2026-05-28 14:34:02.500,22.6625419,114.5020861,212.4,10.1,-0.07,53.2,8.0,22.3,221.2,225.31,10.0,2.0,2.5,NR5G-SA,n79,-90,-90,-10,25,-999,6.1
2026-05-28 14:27:54.675,2026-05-28 14:34:02.900,22.6625554,114.5021060,212.4,10.1,-0.09,53.2,8.0,21.5,223.8,227.85,10.0,2.0,2.5,NR5G-SA,n79,-90,-90,-10,25,-999,4.5
2026-05-28 14:27:54.875,2026-05-28 14:34:02.900,22.6625688,114.5021257,212.4,10.0,-0.08,53.2,8.0,21.5,226.3,230.36,10.0,2.0,2.5,NR5G-SA,n79,-93,-93,-10,26,-999,7.1
2026-05-28 14:27:55.075,2026-05-28 14:34:03.100,22.6625688,114.5021257,212.4,10.0,-0.08,53.2,8.0,21.5,226.3,230.36,10.0,2.0,2.5,NR5G-SA,n79,-93,-93,-10,26,-999,11.4
2026-05-28 14:27:55.276,2026-05-28 14:34:03.300,22.6625821,114.5021453,212.4,9.9,-0.13,53.1,8.0,21.5,228.8,232.86,10.0,2.0,2.5,NR5G-SA,n79,-93,-93,-10,26,-999,8.3
2026-05-28 14:27:55.476,2026-05-28 14:34:03.500,22.6625953,114.5021648,212.3,9.9,-0.14,53.1,0.0,21.5,231.3,235.35,10.0,2.0,2.5,NR5G-SA,n79,-92,-92,-10,25,-999,5.4
2026-05-28 14:27:55.677,2026-05-28 14:34:03.900,22.6626084,114.5021841,212.3,9.9,-0.16,53.1,0.0,20.9,233.7,237.81,10.0,2.0,2.5,NR5G-SA,n79,-92,-92,-10,25,-999,8.1
2026-05-28 14:27:55.877,2026-05-28 14:34:03.900,22.6626216,114.5022036,212.3,9.9,-0.14,53.0,0.0,20.9,236.2,240.29,10.0,2.0,2.5,NR5G-SA,n79,-92,-92,-10,25,-999,8.4
2026-05-28 14:27:56.077,2026-05-28 14:34:04.100,22.6626216,114.5022036,212.3,9.9,-0.14,53.0,0.0,20.9,236.2,240.29,10.0,2.0,2.5,NR5G-SA,n79,-92,-92,-10,25,-999,13.9
2026-05-28 14:27:56.278,2026-05-28 14:34:04.300,22.6626349,114.5022233,212.3,10.0,-0.14,52.8,0.0,20.9,238.7,242.80,10.0,2.0,2.5,NR5G-SA,n79,-92,-92,-10,25,-999,8.3
2026-05-28 14:27:56.478,2026-05-28 14:34:04.500,22.6626482,114.5022430,212.2,10.0,-0.08,52.7,3.9,20.9,241.2,245.31,10.0,2.0,2.5,NR5G-SA,n79,-91,-91,-10,25,-999,5.6
2026-05-28 14:27:56.678,2026-05-28 14:34:04.900,22.6626614,114.5022625,212.2,9.9,-0.12,52.8,3.9,21.3,243.7,247.79,10.0,2.0,2.5,NR5G-SA,n79,-91,-91,-10,25,-999,5.3
2026-05-28 14:27:56.879,2026-05-28 14:34:04.900,22.6626747,114.5022820,212.2,9.9,-0.14,52.7,3.9,21.3,246.2,250.28,10.0,2.0,2.5,NR5G-SA,n79,-91,-91,-10,25,-999,7.6
2026-05-28 14:27:57.079,2026-05-28 14:34:05.100,22.6626747,114.5022820,212.2,9.9,-0.14,52.7,3.9,21.3,246.2,250.28,10.0,2.0,2.5,NR5G-SA,n79,-94,-94,-10,25,-999,11.4
2026-05-28 14:27:57.280,2026-05-28 14:34:05.300,22.6626880,114.5023014,212.2,10.0,-0.15,52.8,3.9,21.3,248.7,252.77,10.0,2.0,2.5,NR5G-SA,n79,-94,-94,-10,25,-999,8.3
2026-05-28 14:27:57.480,2026-05-28 14:34:05.500,22.6627016,114.5023209,212.2,10.0,-0.13,52.7,0.0,21.3,251.2,255.28,10.0,2.0,2.5,NR5G-SA,n79,-94,-94,-10,25,-999,7.2
2026-05-28 14:27:57.680,2026-05-28 14:34:05.900,22.6627152,114.5023405,212.1,10.0,-0.10,52.9,0.0,22.2,253.7,257.80,10.0,2.0,2.5,NR5G-SA,n79,-94,-94,-10,24,-999,8.4
2026-05-28 14:27:57.881,2026-05-28 14:34:05.900,22.6627288,114.5023600,212.1,10.0,-0.13,52.9,0.0,22.2,256.2,260.31,10.0,2.0,2.5,NR5G-SA,n79,-94,-94,-10,24,-999,7.8
2026-05-28 14:27:58.082,2026-05-28 14:34:06.100,22.6627288,114.5023600,212.1,10.0,-0.13,52.9,0.0,22.2,256.2,260.31,10.0,2.0,2.5,NR5G-SA,n79,-94,-94,-10,24,-999,12.2
2026-05-28 14:27:58.282,2026-05-28 14:34:06.300,22.6627422,114.5023795,212.1,10.0,-0.11,53.1,0.0,22.2,258.7,262.80,10.0,2.0,2.5,NR5G-SA,n79,-93,-93,-10,23,-999,6.6
2026-05-28 14:27:58.483,2026-05-28 14:34:06.500,22.6627556,114.5023991,212.1,10.0,-0.13,53.2,15.4,22.2,261.2,265.31,10.0,2.0,2.5,NR5G-SA,n79,-93,-93,-10,23,-999,5.8
2026-05-28 14:27:58.683,2026-05-28 14:34:06.900,22.6627690,114.5024186,212.0,10.1,-0.09,53.3,15.4,20.6,263.7,267.81,10.0,2.0,2.5,NR5G-SA,n79,-97,-97,-10,23,-999,6.5
2026-05-28 14:27:58.884,2026-05-28 14:34:06.900,22.6627825,114.5024384,212.0,10.1,-0.08,53.4,15.4,20.6,266.3,270.34,10.0,2.0,2.5,NR5G-SA,n79,-97,-97,-10,23,-999,7.1
2026-05-28 14:27:59.084,2026-05-28 14:34:07.100,22.6627825,114.5024384,212.0,10.1,-0.08,53.4,15.4,20.6,266.3,270.34,10.0,2.0,2.5,NR5G-SA,n79,-97,-97,-10,23,-999,9.6
2026-05-28 14:27:59.284,2026-05-28 14:34:07.300,22.6627958,114.5024582,212.0,10.1,-0.02,53.3,15.4,20.6,268.8,272.85,10.0,2.0,2.5,NR5G-SA,n79,-84,-84,-10,27,-999,8.2
2026-05-28 14:27:59.485,2026-05-28 14:34:07.500,22.6628090,114.5024780,212.0,10.0,-0.01,53.4,42.7,20.6,271.3,275.36,10.0,2.0,2.5,NR5G-SA,n79,-84,-84,-10,27,-999,5.8
2026-05-28 14:27:59.685,2026-05-28 14:34:07.900,22.6628222,114.5024976,212.0,10.0,-0.09,53.5,42.7,20.5,273.8,277.85,10.0,2.0,2.5,NR5G-SA,n79,-84,-84,-10,27,-999,5.7
2026-05-28 14:27:59.886,2026-05-28 14:34:07.900,22.6628355,114.5025172,212.0,10.0,-0.12,53.6,42.7,20.5,276.3,280.35,10.0,2.0,2.5,NR5G-SA,n79,-85,-85,-10,27,-999,6.6
2026-05-28 14:28:00.086,2026-05-28 14:34:08.100,22.6628355,114.5025172,212.0,10.0,-0.12,53.6,42.7,20.5,276.3,280.35,10.0,2.0,2.5,NR5G-SA,n79,-85,-85,-10,27,-999,13.3
2026-05-28 14:28:00.286,2026-05-28 14:34:08.300,22.6628490,114.5025369,212.0,10.0,-0.11,53.5,42.7,20.5,278.8,282.87,10.0,2.0,2.5,NR5G-SA,n79,-85,-85,-10,27,-999,10.2
2026-05-28 14:28:00.487,2026-05-28 14:34:08.500,22.6628624,114.5025566,211.9,10.0,-0.22,53.6,24.4,20.5,281.3,285.39,10.0,2.0,2.5,NR5G-SA,n79,-86,-86,-10,27,-999,5.0
2026-05-28 14:28:00.687,2026-05-28 14:34:08.900,22.6628758,114.5025762,211.9,10.0,-0.16,53.6,24.4,21.8,283.8,287.89,10.0,2.0,2.5,NR5G-SA,n79,-86,-86,-10,27,-999,6.5
2026-05-28 14:28:00.887,2026-05-28 14:34:08.900,22.6628893,114.5025959,211.8,10.0,-0.13,53.5,24.4,21.8,286.3,290.41,10.0,2.0,2.5,NR5G-SA,n79,-87,-87,-10,26,-999,7.3
2026-05-28 14:28:01.088,2026-05-28 14:34:09.100,22.6628893,114.5025959,211.8,10.0,-0.13,53.5,24.4,21.8,286.3,290.41,10.0,2.0,2.5,NR5G-SA,n79,-87,-87,-10,26,-999,13.1
2026-05-28 14:28:01.288,2026-05-28 14:34:09.300,22.6629027,114.5026154,211.8,10.0,-0.12,53.4,24.4,21.8,288.8,292.91,10.0,2.0,2.5,NR5G-SA,n79,-87,-87,-10,26,-999,9.8
2026-05-28 14:28:01.489,2026-05-28 14:34:09.500,22.6629161,114.5026349,211.8,10.0,-0.14,53.6,37.6,21.8,291.3,295.41,10.0,2.0,2.5,NR5G-SA,n79,-88,-88,-10,25,-999,4.9
2026-05-28 14:28:01.689,2026-05-28 14:34:09.900,22.6629296,114.5026544,211.8,10.1,-0.09,53.8,37.6,21.8,293.8,297.91,10.0,2.0,2.5,NR5G-SA,n79,-88,-88,-10,25,-999,7.0
2026-05-28 14:28:01.889,2026-05-28 14:34:09.900,22.6629431,114.5026743,211.8,10.2,-0.05,54.0,37.6,22.1,296.4,300.45,10.0,2.0,2.5,NR5G-SA,n79,-88,-88,-10,25,-999,7.1
2026-05-28 14:28:02.090,2026-05-28 14:34:10.100,22.6629431,114.5026743,211.8,10.2,-0.05,54.0,37.6,22.1,296.4,300.45,10.0,2.0,2.5,NR5G-SA,n79,-89,-89,-10,23,-999,12.4
2026-05-28 14:28:02.290,2026-05-28 14:34:10.300,22.6629567,114.5026943,211.7,10.1,-0.05,54.1,37.6,22.1,298.9,303.00,10.0,2.0,2.5,NR5G-SA,n79,-89,-89,-10,23,-999,9.0
2026-05-28 14:28:02.491,2026-05-28 14:34:10.500,22.6629700,114.5027139,211.7,10.0,-0.11,53.9,31.2,22.1,301.4,305.50,10.0,2.0,2.5,NR5G-SA,n79,-89,-89,-10,23,-999,5.2
2026-05-28 14:28:02.691,2026-05-28 14:34:10.900,22.6629832,114.5027334,211.7,9.9,-0.10,53.8,31.2,22.1,303.9,307.99,10.0,2.0,2.5,NR5G-SA,n79,-89,-89,-10,22,-999,6.0
2026-05-28 14:28:02.891,2026-05-28 14:34:10.900,22.6629964,114.5027526,211.7,9.9,-0.13,53.9,31.2,21.6,306.4,310.45,10.0,2.0,2.5,NR5G-SA,n79,-89,-89,-10,22,-999,6.2
2026-05-28 14:28:03.091,2026-05-28 14:34:11.100,22.6629964,114.5027526,211.7,9.9,-0.13,53.9,31.2,21.6,306.4,310.45,10.0,2.0,2.5,NR5G-SA,n79,-95,-95,-10,20,-999,13.6
2026-05-28 14:28:03.292,2026-05-28 14:34:11.300,22.6630096,114.5027719,211.7,9.9,-0.12,54.0,31.2,21.6,308.8,312.91,10.0,2.0,2.5,NR5G-SA,n79,-95,-95,-10,20,-999,9.9
2026-05-28 14:28:03.492,2026-05-28 14:34:11.500,22.6630229,114.5027915,211.6,10.0,-0.11,54.2,32.1,21.6,311.3,315.41,10.0,2.0,2.5,NR5G-SA,n79,-95,-95,-10,20,-999,5.5
2026-05-28 14:28:03.693,2026-05-28 14:34:11.500,22.6630363,114.5028113,211.6,10.0,-0.09,54.3,32.1,21.6,313.9,317.93,10.0,2.0,2.5,NR5G-SA,n79,-94,-94,-10,19,-999,7.4
2026-05-28 14:28:03.893,2026-05-28 14:34:12.100,22.6630499,114.5028311,211.6,10.0,-0.11,54.4,32.1,20.7,316.4,320.47,10.0,2.0,2.5,NR5G-SA,n79,-94,-94,-10,19,-999,5.3
2026-05-28 14:28:04.094,2026-05-28 14:34:12.100,22.6630499,114.5028311,211.6,10.0,-0.11,54.4,32.1,20.7,316.4,320.47,10.0,2.0,2.5,NR5G-SA,n79,-94,-94,-10,19,-999,13.6
2026-05-28 14:28:04.294,2026-05-28 14:34:12.300,22.6630632,114.5028508,211.6,10.0,-0.14,54.6,32.1,20.7,318.9,322.98,10.0,2.0,2.5,NR5G-SA,n79,-94,-94,-10,19,-999,8.4
2026-05-28 14:28:04.494,2026-05-28 14:34:12.500,22.6630765,114.5028705,211.6,9.9,-0.10,54.3,37.8,20.7,321.4,325.49,10.0,2.0,2.5,NR5G-SA,n79,-94,-94,-10,19,-999,5.9
2026-05-28 14:28:04.695,2026-05-28 14:34:12.900,22.6630896,114.5028901,211.6,10.0,-0.13,54.3,37.8,20.7,323.9,327.97,10.0,2.0,2.5,NR5G-SA,n79,-94,-94,-10,19,-999,8.8
2026-05-28 14:28:04.895,2026-05-28 14:34:12.900,22.6631027,114.5029097,211.5,10.0,-0.16,54.4,37.8,20.7,326.4,330.46,10.0,2.0,2.5,NR5G-SA,n79,-94,-94,-10,19,-999,6.1
2026-05-28 14:28:05.095,2026-05-28 14:34:13.100,22.6631159,114.5029294,211.5,10.0,-0.16,54.4,37.8,20.7,328.9,332.96,10.0,2.0,2.5,NR5G-SA,n79,-94,-94,-10,19,-999,11.4
2026-05-28 14:28:05.296,2026-05-28 14:34:13.300,22.6631159,114.5029294,211.5,10.0,-0.15,54.4,37.8,20.7,328.9,332.96,10.0,2.0,2.5,NR5G-SA,n79,-95,-95,-10,20,-999,9.3
2026-05-28 14:28:05.496,2026-05-28 14:34:13.500,22.6631292,114.5029491,211.5,10.0,-0.15,54.8,24.1,20.7,331.4,335.47,10.0,2.0,2.5,NR5G-SA,n79,-95,-95,-10,20,-999,6.5
2026-05-28 14:28:05.697,2026-05-28 14:34:13.900,22.6631426,114.5029688,211.4,10.0,-0.14,54.8,24.1,20.7,333.9,337.98,10.0,2.0,2.5,NR5G-SA,n79,-95,-95,-10,20,-999,7.4
2026-05-28 14:28:05.897,2026-05-28 14:34:13.900,22.6631559,114.5029885,211.4,10.0,-0.14,54.9,24.1,19.6,336.4,340.49,10.0,2.0,2.5,NR5G-SA,n79,-92,-92,-10,19,-999,7.1
2026-05-28 14:28:06.097,2026-05-28 14:34:14.100,22.6631559,114.5029885,211.4,10.0,-0.14,54.9,24.1,19.6,336.4,340.49,10.0,2.0,2.5,NR5G-SA,n79,-92,-92,-10,19,-999,12.2
2026-05-28 14:28:06.298,2026-05-28 14:34:14.300,22.6631692,114.5030080,211.4,9.9,-0.08,55.0,24.1,19.6,338.9,342.98,10.0,2.0,2.5,NR5G-SA,n79,-92,-92,-10,19,-999,10.2
2026-05-28 14:28:06.498,2026-05-28 14:34:14.500,22.6631825,114.5030275,211.4,9.9,-0.08,54.9,41.8,19.6,341.4,345.47,10.0,2.0,2.5,NR5G-SA,n79,-94,-94,-10,19,-999,4.8
2026-05-28 14:28:06.699,2026-05-28 14:34:14.900,22.6631958,114.5030468,211.4,9.9,-0.05,55.0,41.8,19.6,343.9,347.94,10.0,2.0,2.5,NR5G-SA,n79,-94,-94,-10,19,-999,6.3
2026-05-28 14:28:06.899,2026-05-28 14:34:14.900,22.6632090,114.5030662,211.3,9.9,-0.08,55.0,41.8,18.9,346.3,350.42,10.0,2.0,2.5,NR5G-SA,n79,-94,-94,-10,19,-999,6.7
2026-05-28 14:28:07.099,2026-05-28 14:34:15.100,22.6632223,114.5030856,211.3,9.9,-0.08,55.0,41.8,18.9,348.8,352.90,10.0,2.0,2.5,NR5G-SA,n79,-91,-91,-10,20,-999,14.1
2026-05-28 14:28:07.300,2026-05-28 14:34:15.300,22.6632223,114.5030856,211.3,9.9,-0.08,55.0,41.8,18.9,348.8,352.90,10.0,2.0,2.5,NR5G-SA,n79,-91,-91,-10,20,-999,9.3
2026-05-28 14:28:07.500,2026-05-28 14:34:15.500,22.6632355,114.5031050,211.3,9.9,-0.08,55.0,16.7,18.9,351.3,355.38,10.0,2.0,2.5,NR5G-SA,n79,-91,-91,-10,20,-999,4.8
2026-05-28 14:28:07.701,2026-05-28 14:34:15.900,22.6632487,114.5031245,211.3,9.9,-0.08,55.0,16.7,18.9,353.8,357.86,10.0,2.0,2.5,NR5G-SA,n79,-91,-91,-10,19,-999,6.5
2026-05-28 14:28:07.901,2026-05-28 14:34:15.900,22.6632621,114.5031440,211.3,10.0,-0.10,54.9,16.7,18.8,356.3,360.36,10.0,2.0,2.5,NR5G-SA,n79,-91,-91,-10,19,-999,6.5
2026-05-28 14:28:08.102,2026-05-28 14:34:16.100,22.6632754,114.5031635,211.2,10.0,-0.12,54.8,16.7,18.8,358.8,362.85,10.0,2.0,2.5,NR5G-SA,n79,-89,-89,-10,19,-999,12.8
2026-05-28 14:28:08.302,2026-05-28 14:34:16.300,22.6632754,114.5031635,211.2,10.0,-0.12,54.8,16.7,18.8,358.8,362.85,10.0,2.0,2.5,NR5G-SA,n79,-89,-89,-10,19,-999,9.9
2026-05-28 14:28:08.502,2026-05-28 14:34:16.500,22.6632888,114.5031831,211.2,10.0,-0.08,54.7,0.0,18.8,361.3,365.36,10.0,2.0,2.5,NR5G-SA,n79,-89,-89,-10,19,-999,5.0
2026-05-28 14:28:08.703,2026-05-28 14:34:16.900,22.6633021,114.5032025,211.2,10.0,-0.08,54.6,0.0,18.8,363.8,367.84,10.0,2.0,2.5,NR5G-SA,n79,-94,-94,-10,19,-999,5.3
2026-05-28 14:28:08.903,2026-05-28 14:34:17.100,22.6633155,114.5032219,211.2,9.9,-0.04,54.5,0.0,19.2,366.3,370.33,10.0,2.0,2.5,NR5G-SA,n79,-94,-94,-10,19,-999,6.9
2026-05-28 14:28:09.104,2026-05-28 14:34:17.100,22.6633289,114.5032414,211.1,9.9,-0.04,54.5,0.0,19.2,368.7,372.83,10.0,2.0,2.5,NR5G-SA,n79,-94,-94,-10,19,-999,12.7
2026-05-28 14:28:09.304,2026-05-28 14:34:17.300,22.6633289,114.5032414,211.1,10.0,-0.05,54.5,0.0,19.2,368.7,372.83,10.0,2.0,2.5,NR5G-SA,n79,-95,-95,-10,21,-999,8.2
2026-05-28 14:28:09.504,2026-05-28 14:34:17.500,22.6633423,114.5032609,211.1,10.0,-0.06,54.3,0.0,19.2,371.2,375.32,10.0,2.0,2.5,NR5G-SA,n79,-95,-95,-10,21,-999,6.4
2026-05-28 14:28:09.705,2026-05-28 14:34:17.900,22.6633555,114.5032803,211.1,9.9,-0.05,54.0,100.0,19.2,373.7,377.80,10.0,2.0,2.5,NR5G-SA,n79,-95,-95,-10,21,-999,6.0
2026-05-28 14:28:09.905,2026-05-28 14:34:17.900,22.6633688,114.5032998,211.1,9.9,-0.08,53.9,100.0,18.8,376.2,380.29,10.0,2.0,2.5,NR5G-SA,n79,-94,-94,-10,20,-999,6.0
2026-05-28 14:28:10.106,2026-05-28 14:34:18.100,22.6633821,114.5033192,211.1,10.0,-0.06,53.6,100.0,18.8,378.7,382.77,10.0,2.0,2.5,NR5G-SA,n79,-94,-94,-10,20,-999,6.3
2026-05-28 14:28:10.306,2026-05-28 14:34:18.300,22.6633821,114.5033192,211.1,10.0,-0.06,53.6,100.0,18.8,378.7,382.77,10.0,2.0,2.5,NR5G-SA,n79,-90,-90,-10,20,-999,7.0
2026-05-28 14:28:10.506,2026-05-28 14:34:18.500,22.6633955,114.5033388,211.0,10.0,-0.09,53.5,100.0,18.8,381.2,385.28,10.0,2.0,2.5,NR5G-SA,n79,-90,-90,-10,20,-999,5.3
2026-05-28 14:28:10.707,2026-05-28 14:34:18.900,22.6634089,114.5033584,211.0,10.0,-0.07,53.5,5.9,18.8,383.7,387.78,10.0,2.0,2.5,NR5G-SA,n79,-90,-90,-10,20,-999,8.4
2026-05-28 14:28:10.907,2026-05-28 14:34:18.900,22.6634223,114.5033780,211.0,10.0,-0.07,53.5,5.9,18.8,386.2,390.29,10.0,2.0,2.5,NR5G-SA,n79,-86,-86,-10,20,-999,8.6
2026-05-28 14:28:11.107,2026-05-28 14:34:19.100,22.6634357,114.5033977,211.0,10.0,-0.08,53.6,5.9,18.7,388.7,392.80,10.0,2.0,2.5,NR5G-SA,n79,-86,-86,-10,20,-999,7.5
2026-05-28 14:28:11.307,2026-05-28 14:34:19.300,22.6634357,114.5033977,211.0,10.0,-0.08,53.6,5.9,18.7,388.7,392.80,10.0,2.0,2.5,NR5G-SA,n79,-86,-86,-10,20,-999,5.3
2026-05-28 14:28:11.508,2026-05-28 14:34:19.500,22.6634492,114.5034173,211.0,10.0,-0.08,53.6,5.9,18.7,391.2,395.32,10.0,2.0,2.5,NR5G-SA,n79,-90,-90,-10,21,-999,5.5
2026-05-28 14:28:11.708,2026-05-28 14:34:19.900,22.6634626,114.5034368,210.9,10.0,-0.07,53.8,0.0,18.7,393.7,397.81,10.0,2.0,2.5,NR5G-SA,n79,-90,-90,-10,21,-999,8.8
2026-05-28 14:28:11.908,2026-05-28 14:34:19.900,22.6634759,114.5034563,210.9,10.0,-0.05,53.8,0.0,18.7,396.2,400.30,10.0,2.0,2.5,NR5G-SA,n79,-90,-90,-10,21,-999,6.6
2026-05-28 14:28:12.109,2026-05-28 14:34:20.100,22.6634892,114.5034761,210.9,10.0,-0.07,53.6,0.0,18.5,398.7,402.82,10.0,2.0,2.5,NR5G-SA,n79,-91,-91,-10,26,-999,13.7
2026-05-28 14:28:12.309,2026-05-28 14:34:20.300,22.6634892,114.5034761,210.9,10.0,-0.07,53.6,0.0,18.5,398.7,402.82,10.0,2.0,2.5,NR5G-SA,n79,-91,-91,-10,26,-999,8.3
2026-05-28 14:28:12.510,2026-05-28 14:34:20.500,22.6635024,114.5034958,210.9,10.0,-0.09,53.3,0.0,18.5,401.2,405.32,10.0,2.0,2.5,NR5G-SA,n79,-44,-44,-10,25,-999,5.3
2026-05-28 14:28:12.710,2026-05-28 14:34:20.900,22.6635157,114.5035155,210.9,10.0,-0.12,53.2,17.1,18.5,403.8,407.83,10.0,2.0,2.5,NR5G-SA,n79,-44,-44,-10,25,-999,5.8
2026-05-28 14:28:12.910,2026-05-28 14:34:21.100,22.6635290,114.5035350,210.8,9.9,-0.08,53.2,17.1,18.5,406.2,410.32,10.0,2.0,2.5,NR5G-SA,n79,-44,-44,-10,25,-999,5.7
2026-05-28 14:28:13.110,2026-05-28 14:34:21.100,22.6635424,114.5035543,210.8,9.9,-0.03,53.3,17.1,19.1,408.7,412.80,10.0,2.0,2.5,NR5G-SA,n79,-44,-44,-10,27,-999,11.1
2026-05-28 14:28:13.311,2026-05-28 14:34:21.300,22.6635424,114.5035543,210.8,9.9,-0.03,53.3,17.1,19.1,408.7,412.80,10.0,2.0,2.5,NR5G-SA,n79,-44,-44,-10,27,-999,8.0
2026-05-28 14:28:13.511,2026-05-28 14:34:21.500,22.6635559,114.5035734,210.8,9.9,-0.09,53.5,17.1,19.1,411.2,415.27,10.0,2.0,2.5,NR5G-SA,n79,-44,-44,-10,27,-999,4.6
2026-05-28 14:28:13.712,2026-05-28 14:34:21.900,22.6635694,114.5035925,210.8,10.0,-0.09,53.5,41.9,19.1,413.7,417.74,10.0,2.0,2.5,NR5G-SA,n79,-44,-44,-10,27,-999,6.5
2026-05-28 14:28:13.912,2026-05-28 14:34:22.100,22.6635830,114.5036119,210.7,10.0,-0.10,53.8,41.9,19.1,416.2,420.25,10.0,2.0,2.5,NR5G-SA,n79,-44,-44,-10,27,-999,5.3
2026-05-28 14:28:14.112,2026-05-28 14:34:22.100,22.6635966,114.5036317,210.7,10.1,-0.03,54.2,41.9,20.1,418.7,422.78,10.0,2.0,2.5,NR5G-SA,n79,-44,-44,-10,27,-999,13.8
2026-05-28 14:28:14.313,2026-05-28 14:34:22.300,22.6635966,114.5036317,210.7,10.1,-0.03,54.2,41.9,20.1,418.7,422.78,10.0,2.0,2.5,NR5G-SA,n79,-82,-82,-10,18,-999,7.0
2026-05-28 14:28:14.513,2026-05-28 14:34:22.500,22.6636101,114.5036515,210.7,10.1,-0.00,54.2,41.9,20.1,421.2,425.31,10.0,2.0,2.5,NR5G-SA,n79,-82,-82,-10,18,-999,6.6
2026-05-28 14:28:14.714,2026-05-28 14:34:22.900,22.6636235,114.5036714,210.7,10.0,-0.04,54.2,25.7,20.1,423.8,427.84,10.0,2.0,2.5,NR5G-SA,n79,-83,-83,-10,16,-999,5.2
2026-05-28 14:28:14.914,2026-05-28 14:34:23.100,22.6636367,114.5036912,210.7,10.0,-0.06,54.0,25.7,20.1,426.3,430.35,10.0,2.0,2.5,NR5G-SA,n79,-83,-83,-10,16,-999,6.1
2026-05-28 14:28:15.114,2026-05-28 14:34:23.100,22.6636499,114.5037106,210.7,10.0,-0.06,53.8,25.7,20.1,428.7,432.83,10.0,2.0,2.5,NR5G-SA,n79,-83,-83,-10,16,-999,10.8
2026-05-28 14:28:15.315,2026-05-28 14:34:23.300,22.6636499,114.5037106,210.7,10.0,-0.06,53.8,25.7,20.1,428.7,432.83,10.0,2.0,2.5,NR5G-SA,n79,-83,-83,-10,16,-999,8.8
2026-05-28 14:28:15.515,2026-05-28 14:34:23.500,22.6636631,114.5037299,210.6,9.8,-0.07,53.7,25.7,20.1,431.2,435.29,10.0,2.0,2.5,NR5G-SA,n79,-83,-83,-10,16,-999,4.9
2026-05-28 14:28:15.716,2026-05-28 14:34:23.900,22.6636763,114.5037491,210.6,9.8,-0.11,53.7,36.7,20.1,433.7,437.75,10.0,2.0,2.5,NR5G-SA,n79,-83,-83,-10,16,-999,8.3
2026-05-28 14:28:15.916,2026-05-28 14:34:24.100,22.6636895,114.5037682,210.6,9.8,-0.08,53.9,36.7,20.1,436.1,440.21,10.0,2.0,2.5,NR5G-SA,n79,-83,-83,-10,17,-999,4.7
2026-05-28 14:28:16.117,2026-05-28 14:34:24.100,22.6637026,114.5037874,210.6,9.9,-0.08,54.0,36.7,20.0,438.6,442.66,10.0,2.0,2.5,NR5G-SA,n79,-83,-83,-10,17,-999,11.3
2026-05-28 14:28:16.317,2026-05-28 14:34:24.300,22.6637026,114.5037874,210.6,9.9,-0.08,54.0,36.7,20.0,438.6,442.66,10.0,2.0,2.5,NR5G-SA,n79,-83,-83,-10,17,-999,8.4
2026-05-28 14:28:16.517,2026-05-28 14:34:24.500,22.6637160,114.5038070,210.5,10.1,-0.05,54.0,36.7,20.0,441.1,445.16,10.0,2.0,2.5,NR5G-SA,n79,-82,-82,-10,16,-999,4.8
2026-05-28 14:28:16.718,2026-05-28 14:34:24.900,22.6637294,114.5038268,210.5,10.1,-0.05,54.1,32.8,20.0,443.6,447.69,10.0,2.0,2.5,NR5G-SA,n79,-82,-82,-10,16,-999,5.3
2026-05-28 14:28:16.918,2026-05-28 14:34:25.100,22.6637427,114.5038467,210.5,10.1,-0.01,54.0,32.8,20.0,446.1,450.21,10.0,2.0,2.5,NR5G-SA,n79,-83,-83,-10,17,-999,4.5
2026-05-28 14:28:17.119,2026-05-28 14:34:25.100,22.6637558,114.5038665,210.5,10.0,-0.03,53.7,32.8,20.8,448.6,452.71,10.0,2.0,2.5,NR5G-SA,n79,-83,-83,-10,17,-999,8.4
2026-05-28 14:28:17.319,2026-05-28 14:34:25.300,22.6637558,114.5038665,210.5,10.0,-0.03,53.7,32.8,20.8,448.6,452.71,10.0,2.0,2.5,NR5G-SA,n79,-83,-83,-10,17,-999,8.6
2026-05-28 14:28:17.519,2026-05-28 14:34:25.500,22.6637688,114.5038863,210.5,10.0,-0.14,53.5,32.8,20.8,451.1,455.21,10.0,2.0,2.5,NR5G-SA,n79,-82,-82,-10,15,-999,5.6
2026-05-28 14:28:17.720,2026-05-28 14:34:25.900,22.6637818,114.5039060,210.5,10.0,-0.12,53.3,30.4,20.8,453.6,457.70,10.0,2.0,2.5,NR5G-SA,n79,-82,-82,-10,15,-999,5.7
2026-05-28 14:28:17.920,2026-05-28 14:34:26.100,22.6637950,114.5039258,210.4,10.0,-0.11,53.4,30.4,20.8,456.1,460.21,10.0,2.0,2.5,NR5G-SA,n79,-82,-82,-10,15,-999,3.7
2026-05-28 14:28:18.121,2026-05-28 14:34:26.100,22.6638084,114.5039456,210.4,10.1,-0.08,53.3,30.4,19.8,458.6,462.73,10.0,2.0,2.5,NR5G-SA,n79,-83,-83,-10,28,-999,8.3
2026-05-28 14:28:18.321,2026-05-28 14:34:26.300,22.6638084,114.5039456,210.4,10.1,-0.08,53.3,30.4,19.8,458.6,462.73,10.0,2.0,2.5,NR5G-SA,n79,-83,-83,-10,28,-999,8.0
2026-05-28 14:28:18.522,2026-05-28 14:34:26.500,22.6638218,114.5039654,210.4,10.1,-0.11,53.0,30.4,19.8,461.2,465.25,10.0,2.0,2.5,NR5G-SA,n79,-83,-83,-10,28,-999,5.5
2026-05-28 14:28:18.722,2026-05-28 14:34:26.900,22.6638352,114.5039852,210.4,10.0,-0.06,53.0,38.6,19.8,463.7,467.77,10.0,2.0,2.5,NR5G-SA,n79,-84,-84,-10,27,-999,6.6
2026-05-28 14:28:18.923,2026-05-28 14:34:27.100,22.6638485,114.5040049,210.3,10.0,-0.08,53.0,38.6,19.8,466.2,470.28,10.0,2.0,2.5,NR5G-SA,n79,-84,-84,-10,27,-999,5.8
2026-05-28 14:28:19.123,2026-05-28 14:34:27.100,22.6638618,114.5040244,210.3,10.0,-0.08,53.1,38.6,20.7,468.7,472.77,10.0,2.0,2.5,NR5G-SA,n79,-85,-85,-10,27,-999,8.4
2026-05-28 14:28:19.323,2026-05-28 14:34:27.300,22.6638618,114.5040244,210.3,10.0,-0.08,53.1,38.6,20.7,468.7,472.77,10.0,2.0,2.5,NR5G-SA,n79,-85,-85,-10,27,-999,8.8
2026-05-28 14:28:19.524,2026-05-28 14:34:27.500,22.6638753,114.5040439,210.3,10.0,-0.09,52.9,38.6,20.7,471.2,475.28,10.0,2.0,2.5,NR5G-SA,n79,-85,-85,-10,27,-999,5.6
2026-05-28 14:28:19.724,2026-05-28 14:34:27.900,22.6638886,114.5040635,210.3,10.0,-0.09,52.9,22.7,20.7,473.7,477.77,10.0,2.0,2.5,NR5G-SA,n79,-86,-86,-10,27,-999,7.0
2026-05-28 14:28:19.925,2026-05-28 14:34:28.100,22.6639021,114.5040831,210.2,10.0,-0.08,53.0,22.7,20.7,476.2,480.29,10.0,2.0,2.5,NR5G-SA,n79,-86,-86,-10,27,-999,7.6
2026-05-28 14:28:20.125,2026-05-28 14:34:28.100,22.6639157,114.5041027,210.2,10.1,-0.04,53.1,22.7,20.7,478.7,482.81,10.0,2.0,2.5,NR5G-SA,n79,-86,-86,-10,27,-999,6.6
2026-05-28 14:28:20.325,2026-05-28 14:34:28.300,22.6639157,114.5041027,210.2,10.1,-0.04,53.1,22.7,22.7,478.7,482.81,10.0,2.0,2.5,NR5G-SA,n79,-84,-84,-10,27,-999,7.3
2026-05-28 14:28:20.526,2026-05-28 14:34:28.500,22.6639295,114.5041226,210.2,10.2,-0.07,53.0,22.7,22.7,481.3,485.36,10.0,2.0,2.5,NR5G-SA,n79,-84,-84,-10,27,-999,4.5
2026-05-28 14:28:20.726,2026-05-28 14:34:28.900,22.6639432,114.5041426,210.2,10.2,-0.15,52.8,42.9,22.7,483.8,487.92,10.0,2.0,2.5,NR5G-SA,n79,-84,-84,-10,27,-999,5.4
2026-05-28 14:28:20.926,2026-05-28 14:34:29.100,22.6639567,114.5041627,210.2,10.1,-0.09,52.8,42.9,22.7,486.4,490.48,10.0,2.0,2.5,NR5G-SA,n79,-84,-84,-10,27,-999,4.3
2026-05-28 14:28:21.127,2026-05-28 14:34:29.100,22.6639701,114.5041828,210.1,10.2,-0.10,52.9,42.9,22.7,488.9,493.02,10.0,2.0,2.5,NR5G-SA,n79,-84,-84,-10,27,-999,5.2
2026-05-28 14:28:21.327,2026-05-28 14:34:29.300,22.6639701,114.5041828,210.1,10.2,-0.10,52.9,42.9,22.8,488.9,493.02,10.0,2.0,2.5,NR5G-SA,n79,-86,-86,-10,27,-999,6.9
2026-05-28 14:28:21.528,2026-05-28 14:34:29.500,22.6639836,114.5042027,210.1,10.1,-0.10,53.1,42.9,22.8,491.5,495.56,10.0,2.0,2.5,NR5G-SA,n79,-86,-86,-10,27,-999,4.6
2026-05-28 14:28:21.728,2026-05-28 14:34:29.900,22.6639971,114.5042225,210.1,10.0,-0.09,53.5,13.7,22.8,494.0,498.09,10.0,2.0,2.5,NR5G-SA,n79,-86,-86,-10,27,-999,6.3
2026-05-28 14:28:21.929,2026-05-28 14:34:30.100,22.6640105,114.5042421,210.1,10.0,-0.05,53.7,13.7,22.8,496.5,500.59,10.0,2.0,2.5,NR5G-SA,n79,-86,-86,-10,25,-999,3.9
2026-05-28 14:28:22.129,2026-05-28 14:34:30.100,22.6640238,114.5042615,210.0,9.9,-0.03,53.6,13.7,22.8,499.0,503.08,10.0,2.0,2.5,NR5G-SA,n79,-86,-86,-10,25,-999,6.3
2026-05-28 14:28:22.329,2026-05-28 14:34:30.300,22.6640238,114.5042615,210.0,9.9,-0.03,53.6,13.7,22.2,499.0,503.08,10.0,2.0,2.5,NR5G-SA,n79,-86,-86,-10,25,-999,7.8
2026-05-28 14:28:22.530,2026-05-28 14:34:30.500,22.6640370,114.5042807,210.0,9.8,-0.06,53.5,13.7,22.2,501.5,505.54,10.0,2.0,2.5,NR5G-SA,n79,-83,-83,-10,15,-999,5.4
2026-05-28 14:28:22.730,2026-05-28 14:34:30.900,22.6640503,114.5042998,210.0,9.9,-0.08,53.6,0.0,22.2,503.9,507.99,10.0,2.0,2.5,NR5G-SA,n79,-83,-83,-10,15,-999,7.2
2026-05-28 14:28:22.930,2026-05-28 14:34:31.100,22.6640639,114.5043191,210.0,9.9,-0.09,53.8,0.0,22.2,506.4,510.49,10.0,2.0,2.5,NR5G-SA,n79,-83,-83,-10,15,-999,5.3
2026-05-28 14:28:23.131,2026-05-28 14:34:31.100,22.6640775,114.5043384,210.0,9.9,-0.07,54.1,0.0,22.2,508.9,512.98,10.0,2.0,2.5,NR5G-SA,n79,-84,-84,-10,14,-999,8.3
2026-05-28 14:28:23.331,2026-05-28 14:34:31.300,22.6640775,114.5043384,210.0,9.9,-0.07,54.1,0.0,22.6,508.9,512.98,10.0,2.0,2.5,NR5G-SA,n79,-84,-84,-10,14,-999,9.4
2026-05-28 14:28:23.532,2026-05-28 14:34:31.500,22.6640910,114.5043578,210.0,9.9,-0.06,54.3,0.0,22.6,511.4,515.48,10.0,2.0,2.5,NR5G-SA,n79,-86,-86,-10,13,-999,5.5
2026-05-28 14:28:23.732,2026-05-28 14:34:31.900,22.6641043,114.5043772,209.9,9.9,-0.07,54.2,1.6,22.6,513.9,517.96,10.0,2.0,2.5,NR5G-SA,n79,-86,-86,-10,13,-999,4.9
2026-05-28 14:28:23.932,2026-05-28 14:34:32.100,22.6641172,114.5043966,209.9,9.8,-0.09,54.0,1.6,22.6,516.3,520.42,10.0,2.0,2.5,NR5G-SA,n79,-86,-86,-10,13,-999,5.1
2026-05-28 14:28:24.133,2026-05-28 14:34:32.100,22.6641300,114.5044161,209.9,9.8,-0.07,53.8,1.6,22.6,518.8,522.88,10.0,2.0,2.5,NR5G-SA,n79,-88,-88,-10,26,-999,8.3
2026-05-28 14:28:24.333,2026-05-28 14:34:32.300,22.6641300,114.5044161,209.9,9.8,-0.07,53.8,1.6,20.7,518.8,522.88,10.0,2.0,2.5,NR5G-SA,n79,-88,-88,-10,26,-999,8.7
2026-05-28 14:28:24.533,2026-05-28 14:34:32.500,22.6641428,114.5044355,209.9,9.8,-0.08,53.3,1.6,20.7,521.2,525.33,10.0,2.0,2.5,NR5G-SA,n79,-88,-88,-10,26,-999,6.0
2026-05-28 14:28:24.734,2026-05-28 14:34:32.900,22.6641557,114.5044547,209.9,9.8,-0.07,53.3,0.0,20.7,523.7,527.77,10.0,2.0,2.5,NR5G-SA,n79,-90,-90,-10,27,-999,6.5
2026-05-28 14:28:24.934,2026-05-28 14:34:33.100,22.6641688,114.5044736,209.9,9.7,-0.07,53.4,0.0,20.7,526.1,530.19,10.0,2.0,2.5,NR5G-SA,n79,-90,-90,-10,27,-999,4.2
2026-05-28 14:28:25.134,2026-05-28 14:34:33.100,22.6641819,114.5044926,209.8,9.8,-0.12,53.4,0.0,20.7,528.5,532.63,10.0,2.0,2.5,NR5G-SA,n79,-90,-90,-10,27,-999,8.3
2026-05-28 14:28:25.335,2026-05-28 14:34:33.300,22.6641819,114.5044926,209.8,9.8,-0.12,53.4,0.0,22.8,528.5,532.63,10.0,2.0,2.5,NR5G-SA,n79,-85,-85,-10,27,-999,12.6
2026-05-28 14:28:25.535,2026-05-28 14:34:33.500,22.6641952,114.5045119,209.8,10.0,-0.10,53.4,0.0,22.8,531.0,535.11,10.0,2.0,2.5,NR5G-SA,n79,-85,-85,-10,27,-999,5.0
2026-05-28 14:28:25.736,2026-05-28 14:34:33.900,22.6642086,114.5045318,209.8,10.2,-0.09,53.4,10.1,22.8,533.6,537.64,10.0,2.0,2.5,NR5G-SA,n79,-88,-88,-10,29,-999,5.6
2026-05-28 14:28:25.936,2026-05-28 14:34:34.100,22.6642223,114.5045519,209.8,10.2,-0.07,53.4,10.1,22.8,536.1,540.20,10.0,2.0,2.5,NR5G-SA,n79,-88,-88,-10,29,-999,4.1
2026-05-28 14:28:26.136,2026-05-28 14:34:34.100,22.6642361,114.5045722,209.7,10.2,-0.06,53.6,10.1,22.8,538.7,542.79,10.0,2.0,2.5,NR5G-SA,n79,-88,-88,-10,29,-999,6.7
2026-05-28 14:28:26.337,2026-05-28 14:34:34.300,22.6642361,114.5045722,209.7,10.2,-0.06,53.6,10.1,22.5,538.7,542.79,10.0,2.0,2.5,NR5G-SA,n79,-91,-91,-10,28,-999,10.4
2026-05-28 14:28:26.537,2026-05-28 14:34:34.500,22.6642497,114.5045920,209.7,10.2,-0.08,53.7,10.1,22.5,541.2,545.33,10.0,2.0,2.5,NR5G-SA,n79,-91,-91,-10,28,-999,4.9
2026-05-28 14:28:26.738,2026-05-28 14:34:34.900,22.6642635,114.5046117,209.7,10.1,-0.11,53.8,0.0,22.5,543.8,547.87,10.0,2.0,2.5,NR5G-SA,n79,-91,-91,-10,28,-999,5.5
2026-05-28 14:28:26.938,2026-05-28 14:34:35.100,22.6642771,114.5046314,209.7,10.1,-0.07,53.8,0.0,22.5,546.3,550.40,10.0,2.0,2.5,NR5G-SA,n79,-93,-93,-10,28,-999,3.9
2026-05-28 14:28:27.138,2026-05-28 14:34:35.100,22.6642904,114.5046509,209.7,9.9,0.01,54.1,0.0,22.5,548.8,552.89,10.0,2.0,2.5,NR5G-SA,n79,-93,-93,-10,28,-999,6.5
2026-05-28 14:28:27.339,2026-05-28 14:34:35.300,22.6642904,114.5046509,209.7,9.9,0.01,54.1,0.0,22.6,548.8,552.89,10.0,2.0,2.5,NR5G-SA,n79,-93,-93,-10,28,-999,12.4
2026-05-28 14:28:27.539,2026-05-28 14:34:35.500,22.6643034,114.5046700,209.7,9.8,-0.02,54.2,0.0,22.6,551.2,555.33,10.0,2.0,2.5,NR5G-SA,n79,-92,-92,-10,28,-999,4.1
2026-05-28 14:28:27.739,2026-05-28 14:34:35.900,22.6643165,114.5046892,209.7,9.8,-0.09,54.1,20.0,22.6,553.7,557.78,10.0,2.0,2.5,NR5G-SA,n79,-92,-92,-10,28,-999,6.7
2026-05-28 14:28:27.940,2026-05-28 14:34:36.100,22.6643299,114.5047085,209.6,9.9,-0.10,54.2,20.0,22.6,556.2,560.26,10.0,2.0,2.5,NR5G-SA,n79,-92,-92,-10,28,-999,5.8
2026-05-28 14:28:28.140,2026-05-28 14:34:36.100,22.6643433,114.5047280,209.6,10.1,-0.17,54.4,20.0,22.6,558.7,562.76,10.0,2.0,2.5,NR5G-SA,n79,-89,-89,-10,18,-999,9.1
2026-05-28 14:28:28.341,2026-05-28 14:34:36.300,22.6643433,114.5047280,209.6,10.1,-0.17,54.4,20.0,22.6,558.7,562.76,10.0,2.0,2.5,NR5G-SA,n79,-89,-89,-10,18,-999,12.2
2026-05-28 14:28:28.541,2026-05-28 14:34:36.500,22.6643567,114.5047479,209.6,10.1,-0.13,54.2,20.0,23.1,561.2,565.29,10.0,2.0,2.5,NR5G-SA,n79,-91,-91,-10,18,-999,5.2
2026-05-28 14:28:28.742,2026-05-28 14:34:36.900,22.6643701,114.5047680,209.5,10.1,-0.16,54.0,40.3,23.1,563.8,567.83,10.0,2.0,2.5,NR5G-SA,n79,-91,-91,-10,18,-999,5.2
2026-05-28 14:28:28.942,2026-05-28 14:34:37.100,22.6643834,114.5047880,209.5,10.0,-0.10,54.1,40.3,23.1,566.3,570.37,10.0,2.0,2.5,NR5G-SA,n79,-91,-91,-10,18,-999,4.1
2026-05-28 14:28:29.142,2026-05-28 14:34:37.100,22.6643965,114.5048078,209.5,10.0,-0.04,54.3,40.3,23.1,568.8,572.87,10.0,2.0,2.5,NR5G-SA,n79,-93,-93,-10,17,-999,8.4
2026-05-28 14:28:29.343,2026-05-28 14:34:37.300,22.6643965,114.5048078,209.5,10.0,-0.04,54.3,40.3,23.1,568.8,572.87,10.0,2.0,2.5,NR5G-SA,n79,-93,-93,-10,17,-999,12.3
2026-05-28 14:28:29.543,2026-05-28 14:34:37.500,22.6644096,114.5048273,209.5,10.0,-0.10,54.4,40.3,22.9,571.3,575.35,10.0,2.0,2.5,NR5G-SA,n79,-93,-93,-10,17,-999,4.8
2026-05-28 14:28:29.743,2026-05-28 14:34:37.900,22.6644229,114.5048467,209.4,9.9,-0.09,54.3,28.4,22.9,573.7,577.83,10.0,2.0,2.5,NR5G-SA,n79,-91,-91,-10,17,-999,8.2
2026-05-28 14:28:29.944,2026-05-28 14:34:38.100,22.6644362,114.5048661,209.4,10.0,-0.11,53.9,28.4,22.9,576.2,580.31,10.0,2.0,2.5,NR5G-SA,n79,-91,-91,-10,17,-999,5.5
2026-05-28 14:28:30.144,2026-05-28 14:34:38.300,22.6644496,114.5048857,209.4,10.0,-0.08,53.9,28.4,22.9,578.7,582.82,10.0,2.0,2.5,NR5G-SA,n79,-91,-91,-10,17,-999,7.8
2026-05-28 14:28:30.345,2026-05-28 14:34:38.300,22.6644496,114.5048857,209.4,10.0,-0.08,53.9,28.4,22.9,578.7,582.82,10.0,2.0,2.5,NR5G-SA,n79,-92,-92,-10,27,-999,12.5
2026-05-28 14:28:30.545,2026-05-28 14:34:38.500,22.6644631,114.5049053,209.4,10.0,-0.10,54.0,28.4,20.5,581.2,585.33,10.0,2.0,2.5,NR5G-SA,n79,-92,-92,-10,27,-999,4.4
2026-05-28 14:28:30.746,2026-05-28 14:34:38.900,22.6644764,114.5049249,209.3,10.0,-0.05,53.9,33.7,20.5,583.7,587.83,10.0,2.0,2.5,NR5G-SA,n79,-94,-94,-10,26,-999,6.2
2026-05-28 14:28:30.946,2026-05-28 14:34:39.100,22.6644897,114.5049445,209.3,10.0,-0.06,54.0,33.7,20.5,586.2,590.33,10.0,2.0,2.5,NR5G-SA,n79,-94,-94,-10,26,-999,4.6
2026-05-28 14:28:31.146,2026-05-28 14:34:39.100,22.6645029,114.5049640,209.3,9.9,-0.03,54.2,33.7,20.5,588.7,592.81,10.0,2.0,2.5,NR5G-SA,n79,-94,-94,-10,26,-999,8.9
2026-05-28 14:28:31.347,2026-05-28 14:34:39.300,22.6645162,114.5049835,209.3,9.9,-0.03,54.2,33.7,20.5,591.2,595.30,10.0,2.0,2.5,NR5G-SA,n79,-94,-94,-10,25,-999,10.4
2026-05-28 14:28:31.547,2026-05-28 14:34:39.500,22.6645162,114.5049835,209.3,10.0,-0.10,54.2,33.7,21.0,591.2,595.30,10.0,2.0,2.5,NR5G-SA,n79,-94,-94,-10,25,-999,4.4
2026-05-28 14:28:31.748,2026-05-28 14:34:39.900,22.6645296,114.5050030,209.3,10.0,-0.08,54.4,35.3,21.0,593.7,597.80,10.0,2.0,2.5,NR5G-SA,n79,-94,-94,-10,25,-999,7.8
2026-05-28 14:28:31.948,2026-05-28 14:34:40.100,22.6645430,114.5050225,209.3,10.0,-0.12,54.4,35.3,21.0,596.2,600.30,10.0,2.0,2.5,NR5G-SA,n79,-94,-94,-10,25,-999,4.7
2026-05-28 14:28:32.149,2026-05-28 14:34:40.100,22.6645565,114.5050420,209.3,10.0,-0.13,54.5,35.3,21.0,598.7,602.80,10.0,2.0,2.5,NR5G-SA,n79,-94,-94,-10,25,-999,9.2
2026-05-28 14:28:32.349,2026-05-28 14:34:40.300,22.6645565,114.5050420,209.3,10.0,-0.13,54.5,35.3,21.0,598.7,602.80,10.0,2.0,2.5,NR5G-SA,n79,-94,-94,-10,25,-999,12.1
2026-05-28 14:28:32.549,2026-05-28 14:34:40.500,22.6645699,114.5050616,209.2,10.0,-0.10,54.4,35.3,22.2,601.2,605.31,10.0,2.0,2.5,NR5G-SA,n79,-94,-94,-10,25,-999,8.2
2026-05-28 14:28:32.750,2026-05-28 14:34:40.900,22.6645831,114.5050811,209.2,9.9,-0.12,54.1,28.2,22.2,603.7,607.79,10.0,2.0,2.5,NR5G-SA,n79,-94,-94,-10,25,-999,6.4
2026-05-28 14:28:32.950,2026-05-28 14:34:41.100,22.6645965,114.5051006,209.2,10.0,-0.06,54.0,28.2,22.2,606.2,610.29,10.0,2.0,2.5,NR5G-SA,n79,-94,-94,-10,25,-999,4.5
2026-05-28 14:28:33.151,2026-05-28 14:34:41.100,22.6646098,114.5051201,209.2,10.0,-0.09,53.7,28.2,22.2,608.7,612.78,10.0,2.0,2.5,NR5G-SA,n79,-94,-94,-10,25,-999,8.9
2026-05-28 14:28:33.351,2026-05-28 14:34:41.300,22.6646230,114.5051399,209.1,10.0,-0.09,53.6,28.2,22.2,611.2,615.29,10.0,2.0,2.5,NR5G-SA,n79,-94,-94,-10,25,-999,11.8
2026-05-28 14:28:33.552,2026-05-28 14:34:41.500,22.6646230,114.5051399,209.1,10.0,-0.13,53.6,28.2,22.9,611.2,615.29,10.0,2.0,2.5,NR5G-SA,n79,-94,-94,-10,25,-999,5.4
2026-05-28 14:28:33.752,2026-05-28 14:34:41.900,22.6646362,114.5051597,209.1,10.0,-0.06,53.7,40.1,22.9,613.7,617.80,10.0,2.0,2.5,NR5G-SA,n79,-94,-94,-10,25,-999,8.7
2026-05-28 14:28:33.952,2026-05-28 14:34:42.100,22.6646495,114.5051794,209.1,10.0,0.02,53.9,40.1,22.9,616.2,620.31,10.0,2.0,2.5,NR5G-SA,n79,-94,-94,-10,25,-999,6.2
2026-05-28 14:28:34.153,2026-05-28 14:34:42.100,22.6646627,114.5051992,209.1,10.1,-0.03,54.0,40.1,22.9,618.7,622.82,10.0,2.0,2.5,NR5G-SA,n79,-94,-94,-10,25,-999,7.7
2026-05-28 14:28:34.353,2026-05-28 14:34:42.300,22.6646761,114.5052191,209.1,10.1,-0.03,53.8,40.1,22.9,621.3,625.35,10.0,2.0,2.5,NR5G-SA,n79,-94,-94,-10,25,-999,11.7
2026-05-28 14:28:34.554,2026-05-28 14:34:42.500,22.6646761,114.5052191,209.1,10.1,-0.09,53.8,40.1,25.4,621.3,625.35,10.0,2.0,2.5,NR5G-SA,n79,-94,-94,-10,25,-999,5.3
2026-05-28 14:28:34.754,2026-05-28 14:34:42.900,22.6646896,114.5052390,209.1,10.1,-0.11,53.7,19.9,25.4,623.8,627.88,10.0,2.0,2.5,NR5G-SA,n79,-92,-92,-10,24,-999,9.1
2026-05-28 14:28:34.954,2026-05-28 14:34:43.100,22.6647030,114.5052589,209.1,10.1,-0.16,53.8,19.9,25.4,626.3,630.41,10.0,2.0,2.5,NR5G-SA,n79,-92,-92,-10,24,-999,5.3
2026-05-28 14:28:35.155,2026-05-28 14:34:43.100,22.6647164,114.5052786,209.0,10.1,-0.21,53.6,19.9,25.4,628.8,632.93,10.0,2.0,2.5,NR5G-SA,n79,-92,-92,-10,24,-999,8.9
2026-05-28 14:28:35.355,2026-05-28 14:34:43.300,22.6647298,114.5052982,209.0,9.9,-0.16,53.1,19.9,25.4,631.3,635.43,10.0,2.0,2.5,NR5G-SA,n79,-92,-92,-10,24,-999,11.3
2026-05-28 14:28:35.556,2026-05-28 14:34:43.500,22.6647298,114.5052982,209.0,9.9,-0.16,53.1,19.9,25.3,631.3,635.43,10.0,2.0,2.5,NR5G-SA,n79,-92,-92,-10,24,-999,4.3
2026-05-28 14:28:35.756,2026-05-28 14:34:43.900,22.6647430,114.5053174,208.9,9.8,-0.17,52.6,0.0,25.3,633.8,637.89,10.0,2.0,2.5,NR5G-SA,n79,-92,-92,-10,24,-999,7.2
2026-05-28 14:28:35.957,2026-05-28 14:34:44.100,22.6647563,114.5053365,208.9,9.8,-0.12,52.6,0.0,25.3,636.3,640.35,10.0,2.0,2.5,NR5G-SA,n79,-92,-92,-10,24,-999,5.4
2026-05-28 14:28:36.157,2026-05-28 14:34:44.100,22.6647695,114.5053557,208.9,9.9,-0.14,52.8,0.0,25.3,638.7,642.81,10.0,2.0,2.5,NR5G-SA,n79,-92,-92,-10,24,-999,7.3
2026-05-28 14:28:36.357,2026-05-28 14:34:44.300,22.6647827,114.5053749,208.8,10.0,-0.06,53.1,0.0,25.3,641.2,645.27,10.0,2.0,2.5,NR5G-SA,n79,-95,-95,-11,23,-999,11.4
2026-05-28 14:28:36.558,2026-05-28 14:34:44.500,22.6647827,114.5053749,208.8,10.0,-0.06,53.1,0.0,25.3,641.2,645.27,10.0,2.0,2.5,NR5G-SA,n79,-95,-95,-11,23,-999,11.7
2026-05-28 14:28:36.758,2026-05-28 14:34:44.900,22.6647960,114.5053944,208.8,10.0,-0.04,53.3,11.4,25.9,643.7,647.76,10.0,2.0,2.5,NR5G-SA,n79,-95,-95,-11,23,-999,7.3
2026-05-28 14:28:36.959,2026-05-28 14:34:45.100,22.6648095,114.5054140,208.8,10.0,-0.06,53.5,11.4,25.9,646.2,650.27,10.0,2.0,2.5,NR5G-SA,n79,-94,-94,-10,23,-999,4.6
2026-05-28 14:28:37.159,2026-05-28 14:34:45.300,22.6648228,114.5054337,208.8,10.1,-0.05,53.7,11.4,25.9,648.7,652.78,10.0,2.0,2.5,NR5G-SA,n79,-94,-94,-10,23,-999,6.7
2026-05-28 14:28:37.359,2026-05-28 14:34:45.300,22.6648228,114.5054337,208.8,10.1,-0.05,53.7,11.4,25.9,648.7,652.78,10.0,2.0,2.5,NR5G-SA,n79,-94,-94,-10,23,-999,18.4
2026-05-28 14:28:37.560,2026-05-28 14:34:45.500,22.6648360,114.5054537,208.8,10.0,-0.07,53.7,11.4,25.9,651.2,655.31,10.0,2.0,2.5,NR5G-SA,n79,-88,-88,-10,21,-999,12.1
2026-05-28 14:28:37.760,2026-05-28 14:34:45.900,22.6648492,114.5054737,208.8,10.1,-0.07,53.6,0.0,23.6,653.7,657.83,10.0,2.0,2.5,NR5G-SA,n79,-88,-88,-10,21,-999,7.1
2026-05-28 14:28:37.961,2026-05-28 14:34:46.100,22.6648625,114.5054936,208.8,10.1,-0.08,53.4,0.0,23.6,656.3,660.36,10.0,2.0,2.5,NR5G-SA,n79,-97,-97,-11,20,-999,4.6
2026-05-28 14:28:38.161,2026-05-28 14:34:46.100,22.6648758,114.5055133,208.7,10.0,-0.06,53.1,0.0,23.6,658.8,662.86,10.0,2.0,2.5,NR5G-SA,n79,-97,-97,-11,20,-999,4.8
2026-05-28 14:28:38.362,2026-05-28 14:34:46.301,22.6648891,114.5055327,208.7,10.0,-0.07,53.0,0.0,23.6,661.3,665.35,10.0,2.0,2.5,NR5G-SA,n79,-97,-97,-11,20,-999,10.8
2026-05-28 14:28:38.562,2026-05-28 14:34:46.501,22.6648891,114.5055327,208.7,10.0,-0.07,53.0,0.0,23.6,661.3,665.35,10.0,2.0,2.5,NR5G-SA,n79,-96,-96,-10,19,-999,9.6
2026-05-28 14:28:38.763,2026-05-28 14:34:46.901,22.6649026,114.5055521,208.7,10.0,-0.12,53.1,0.0,22.5,663.8,667.84,10.0,2.0,2.5,NR5G-SA,n79,-96,-96,-10,19,-999,8.4
2026-05-28 14:28:38.963,2026-05-28 14:34:47.101,22.6649162,114.5055717,208.7,10.1,-0.15,53.0,0.0,22.5,666.3,670.36,10.0,2.0,2.5,NR5G-SA,n79,-96,-96,-10,19,-999,5.2
2026-05-28 14:28:39.163,2026-05-28 14:34:47.301,22.6649300,114.5055916,208.6,10.2,-0.10,53.3,0.0,22.5,668.8,672.92,10.0,2.0,2.5,NR5G-SA,n79,-95,-95,-10,19,-999,7.4
2026-05-28 14:28:39.364,2026-05-28 14:34:47.301,22.6649437,114.5056116,208.6,10.1,-0.01,53.3,0.0,22.5,671.4,675.48,10.0,2.0,2.5,NR5G-SA,n79,-95,-95,-10,19,-999,10.9
2026-05-28 14:28:39.564,2026-05-28 14:34:47.501,22.6649437,114.5056116,208.6,10.1,-0.01,53.3,0.0,22.5,671.4,675.48,10.0,2.0,2.5,NR5G-SA,n79,-94,-94,-10,19,-999,10.9
2026-05-28 14:28:39.764,2026-05-28 14:34:47.901,22.6649572,114.5056314,208.6,10.0,-0.05,53.2,0.0,20.2,673.9,678.01,10.0,2.0,2.5,NR5G-SA,n79,-94,-94,-10,19,-999,6.3
2026-05-28 14:28:39.965,2026-05-28 14:34:48.101,22.6649703,114.5056509,208.6,9.9,-0.03,52.8,0.0,20.2,676.4,680.48,10.0,2.0,2.5,NR5G-SA,n79,-94,-94,-10,19,-999,4.9
2026-05-28 14:28:40.165,2026-05-28 14:34:48.301,22.6649830,114.5056701,208.6,9.8,-0.08,52.4,0.0,20.2,678.8,682.91,10.0,2.0,2.5,NR5G-SA,n79,-96,-96,-10,19,-999,5.8
2026-05-28 14:28:40.365,2026-05-28 14:34:48.301,22.6649959,114.5056892,208.6,9.8,-0.16,52.6,0.0,20.2,681.3,685.34,10.0,2.0,2.5,NR5G-SA,n79,-96,-96,-10,19,-999,9.5
2026-05-28 14:28:40.566,2026-05-28 14:34:48.501,22.6649959,114.5056892,208.6,9.8,-0.16,52.6,0.0,20.2,681.3,685.34,10.0,2.0,2.5,NR5G-SA,n79,-96,-96,-10,19,-999,8.4
2026-05-28 14:28:40.766,2026-05-28 14:34:48.901,22.6650092,114.5057084,208.6,9.9,-0.13,52.8,11.9,20.1,683.7,687.81,10.0,2.0,2.5,NR5G-SA,n79,-93,-93,-10,18,-999,10.4
2026-05-28 14:28:40.967,2026-05-28 14:34:49.101,22.6650226,114.5057278,208.5,9.9,-0.13,52.8,11.9,20.1,686.2,690.30,10.0,2.0,2.5,NR5G-SA,n79,-93,-93,-10,18,-999,5.7
2026-05-28 14:28:41.167,2026-05-28 14:34:49.301,22.6650361,114.5057475,208.5,10.0,-0.11,52.8,11.9,20.1,688.7,692.82,10.0,2.0,2.5,NR5G-SA,n79,-93,-93,-10,18,-999,5.7
2026-05-28 14:28:41.367,2026-05-28 14:34:49.301,22.6650497,114.5057671,208.5,10.0,-0.08,52.8,11.9,20.1,691.3,695.34,10.0,2.0,2.5,NR5G-SA,n79,-90,-90,-10,19,-999,7.6
2026-05-28 14:28:41.568,2026-05-28 14:34:49.501,22.6650497,114.5057671,208.5,10.0,-0.08,52.8,11.9,20.1,691.3,695.34,10.0,2.0,2.5,NR5G-SA,n79,-90,-90,-10,19,-999,10.0
2026-05-28 14:28:41.768,2026-05-28 14:34:49.901,22.6650632,114.5057866,208.4,10.0,-0.04,52.9,0.0,20.3,693.8,697.84,10.0,2.0,2.5,NR5G-SA,n79,-90,-90,-10,19,-999,7.8
2026-05-28 14:28:41.969,2026-05-28 14:34:50.101,22.6650768,114.5058061,208.4,9.9,-0.11,52.9,0.0,20.3,696.3,700.35,10.0,2.0,2.5,NR5G-SA,n79,-92,-92,-10,20,-999,4.7
2026-05-28 14:28:42.169,2026-05-28 14:34:50.301,22.6650902,114.5058256,208.4,10.0,-0.12,52.8,0.0,20.3,698.8,702.85,10.0,2.0,2.5,NR5G-SA,n79,-92,-92,-10,20,-999,7.6
2026-05-28 14:28:42.370,2026-05-28 14:34:50.301,22.6651035,114.5058453,208.4,10.0,-0.13,52.6,0.0,20.3,701.3,705.36,10.0,2.0,2.5,NR5G-SA,n79,-96,-96,-10,20,-999,9.3
2026-05-28 14:28:42.570,2026-05-28 14:34:50.501,22.6651035,114.5058453,208.4,10.0,-0.13,52.6,0.0,20.3,701.3,705.36,10.0,2.0,2.5,NR5G-SA,n79,-96,-96,-10,20,-999,11.0
2026-05-28 14:28:42.771,2026-05-28 14:34:50.901,22.6651167,114.5058651,208.3,10.0,-0.08,52.5,0.0,20.1,703.8,707.87,10.0,2.0,2.5,NR5G-SA,n79,-96,-96,-10,20,-999,8.2
2026-05-28 14:28:42.971,2026-05-28 14:34:51.101,22.6651299,114.5058849,208.3,10.0,-0.10,52.5,21.0,20.1,706.3,710.38,10.0,2.0,2.5,NR5G-SA,n79,-94,-94,-10,20,-999,5.3
2026-05-28 14:28:43.172,2026-05-28 14:34:51.301,22.6651433,114.5059045,208.3,10.0,-0.10,52.7,21.0,20.1,708.8,712.88,10.0,2.0,2.5,NR5G-SA,n79,-94,-94,-10,20,-999,5.9
2026-05-28 14:28:43.372,2026-05-28 14:34:51.301,22.6651567,114.5059239,208.3,9.9,-0.06,52.8,21.0,20.1,711.3,715.37,10.0,2.0,2.5,NR5G-SA,n79,-94,-94,-10,20,-999,6.8
2026-05-28 14:28:43.572,2026-05-28 14:34:51.501,22.6651567,114.5059239,208.3,9.9,-0.06,52.8,21.0,20.1,711.3,715.37,10.0,2.0,2.5,NR5G-SA,n79,-97,-97,-11,20,-999,10.2
2026-05-28 14:28:43.773,2026-05-28 14:34:51.901,22.6651701,114.5059432,208.3,9.9,-0.10,52.9,21.0,20.0,713.8,717.85,10.0,2.0,2.5,NR5G-SA,n79,-97,-97,-11,20,-999,8.9
2026-05-28 14:28:43.973,2026-05-28 14:34:52.101,22.6651837,114.5059626,208.3,10.0,-0.23,53.2,39.5,20.0,716.3,720.35,10.0,2.0,2.5,NR5G-SA,n79,-97,-97,-11,20,-999,6.0
2026-05-28 14:28:44.174,2026-05-28 14:34:52.301,22.6651975,114.5059824,208.2,10.2,-0.20,53.4,39.5,20.0,718.8,722.90,10.0,2.0,2.5,NR5G-SA,n79,-95,-95,-10,20,-999,5.0
2026-05-28 14:28:44.374,2026-05-28 14:34:52.301,22.6652113,114.5060026,208.2,10.3,-0.11,53.8,39.5,20.0,721.4,725.49,10.0,2.0,2.5,NR5G-SA,n79,-95,-95,-10,20,-999,8.4
2026-05-28 14:28:44.574,2026-05-28 14:34:52.501,22.6652113,114.5060026,208.2,10.3,-0.11,53.8,39.5,20.0,721.4,725.49,10.0,2.0,2.5,NR5G-SA,n79,-99,-99,-10,19,-999,9.5
2026-05-28 14:28:44.775,2026-05-28 14:34:52.901,22.6652250,114.5060227,208.2,10.1,-0.04,54.0,39.5,19.8,724.0,728.05,10.0,2.0,2.5,NR5G-SA,n79,-99,-99,-10,19,-999,6.5
2026-05-28 14:28:44.975,2026-05-28 14:34:53.101,22.6652385,114.5060425,208.2,10.1,-0.04,54.2,29.6,19.8,726.5,730.58,10.0,2.0,2.5,NR5G-SA,n79,-99,-99,-10,19,-999,6.0
2026-05-28 14:28:45.176,2026-05-28 14:34:53.301,22.6652519,114.5060620,208.2,9.9,-0.05,54.3,29.6,19.8,729.0,733.08,10.0,2.0,2.5,NR5G-SA,n79,-98,-98,-11,20,-999,6.6
2026-05-28 14:28:45.376,2026-05-28 14:34:53.301,22.6652651,114.5060812,208.2,9.9,-0.04,54.4,29.6,19.8,731.5,735.54,10.0,2.0,2.5,NR5G-SA,n79,-98,-98,-11,20,-999,10.3
2026-05-28 14:28:45.577,2026-05-28 14:34:53.501,22.6652651,114.5060812,208.2,9.9,-0.04,54.4,29.6,19.8,731.5,735.54,10.0,2.0,2.5,NR5G-SA,n79,-98,-98,-11,20,-999,15.2
2026-05-28 14:28:45.777,2026-05-28 14:34:53.901,22.6652782,114.5061005,208.1,9.9,-0.07,54.4,29.6,18.5,733.9,738.00,10.0,2.0,2.5,NR5G-SA,n79,-96,-96,-11,19,-999,8.5
2026-05-28 14:28:45.977,2026-05-28 14:34:54.101,22.6652913,114.5061197,208.1,9.9,-0.13,54.4,33.5,18.5,736.4,740.45,10.0,2.0,2.5,NR5G-SA,n79,-96,-96,-11,19,-999,4.6
2026-05-28 14:28:46.178,2026-05-28 14:34:54.301,22.6653044,114.5061391,208.1,9.9,-0.14,54.4,33.5,18.5,738.8,742.92,10.0,2.0,2.5,NR5G-SA,n79,-96,-96,-11,19,-999,7.4
2026-05-28 14:28:46.378,2026-05-28 14:34:54.301,22.6653175,114.5061586,208.1,9.9,-0.09,54.5,33.5,18.5,741.3,745.40,10.0,2.0,2.5,NR5G-SA,n79,-100,-100,-11,19,-999,9.0
2026-05-28 14:28:46.578,2026-05-28 14:34:54.501,22.6653175,114.5061586,208.1,9.9,-0.09,54.5,33.5,18.5,741.3,745.40,10.0,2.0,2.5,NR5G-SA,n79,-100,-100,-11,19,-999,10.8
2026-05-28 14:28:46.779,2026-05-28 14:34:54.901,22.6653307,114.5061780,208.0,9.9,-0.11,54.5,33.5,18.5,743.8,747.88,10.0,2.0,2.5,NR5G-SA,n79,-94,-94,-10,18,-999,7.6
2026-05-28 14:28:46.979,2026-05-28 14:34:55.101,22.6653439,114.5061975,208.0,9.9,-0.08,54.4,35.9,17.1,746.3,750.36,10.0,2.0,2.5,NR5G-SA,n79,-94,-94,-10,18,-999,5.2
2026-05-28 14:28:47.179,2026-05-28 14:34:55.301,22.6653572,114.5062170,208.0,10.0,-0.13,54.4,35.9,17.1,748.8,752.85,10.0,2.0,2.5,NR5G-SA,n79,-94,-94,-10,18,-999,5.6
2026-05-28 14:28:47.380,2026-05-28 14:34:55.301,22.6653705,114.5062367,208.0,10.0,-0.09,54.5,35.9,17.1,751.3,755.36,10.0,2.0,2.5,NR5G-SA,n79,-94,-94,-10,18,-999,8.5
2026-05-28 14:28:47.580,2026-05-28 14:34:55.501,22.6653705,114.5062367,208.0,10.0,-0.09,54.5,35.9,17.1,751.3,755.36,10.0,2.0,2.5,NR5G-SA,n79,-94,-94,-10,18,-999,10.9
2026-05-28 14:28:47.781,2026-05-28 14:34:55.901,22.6653838,114.5062564,207.9,10.0,-0.05,54.5,35.9,17.1,753.8,757.87,10.0,2.0,2.5,NR5G-SA,n79,-94,-94,-10,18,-999,8.7
2026-05-28 14:28:47.981,2026-05-28 14:34:56.101,22.6653972,114.5062761,207.9,10.0,-0.03,54.4,26.3,17.3,756.3,760.38,10.0,2.0,2.5,NR5G-SA,n79,-94,-94,-10,18,-999,4.9
2026-05-28 14:28:48.181,2026-05-28 14:34:56.301,22.6654106,114.5062958,207.9,10.0,-0.04,54.0,26.3,17.3,758.8,762.89,10.0,2.0,2.5,NR5G-SA,n79,-95,-95,-11,18,-999,5.6
2026-05-28 14:28:48.382,2026-05-28 14:34:56.301,22.6654239,114.5063154,207.9,9.9,-0.08,53.7,26.3,17.3,761.3,765.39,10.0,2.0,2.5,NR5G-SA,n79,-95,-95,-11,18,-999,10.1
2026-05-28 14:28:48.582,2026-05-28 14:34:56.501,22.6654239,114.5063154,207.9,9.9,-0.08,53.7,26.3,17.3,761.3,765.39,10.0,2.0,2.5,NR5G-SA,n79,-95,-95,-10,18,-999,11.8
2026-05-28 14:28:48.783,2026-05-28 14:34:56.901,22.6654372,114.5063349,207.9,9.9,-0.13,53.6,26.3,17.3,763.8,767.88,10.0,2.0,2.5,NR5G-SA,n79,-95,-95,-10,18,-999,10.0
2026-05-28 14:28:48.983,2026-05-28 14:34:57.101,22.6654506,114.5063543,207.8,10.0,-0.13,53.7,41.8,18.9,766.3,770.37,10.0,2.0,2.5,NR5G-SA,n79,-98,-98,-11,17,-999,5.8
2026-05-28 14:28:49.184,2026-05-28 14:34:57.301,22.6654641,114.5063738,207.8,10.0,-0.07,53.9,41.8,18.9,768.8,772.88,10.0,2.0,2.5,NR5G-SA,n79,-98,-98,-11,17,-999,5.0
2026-05-28 14:28:49.384,2026-05-28 14:34:57.301,22.6654777,114.5063933,207.8,10.0,-0.13,54.0,41.8,18.9,771.3,775.39,10.0,2.0,2.5,NR5G-SA,n79,-98,-98,-11,17,-999,6.5
2026-05-28 14:28:49.585,2026-05-28 14:34:57.501,22.6654777,114.5063933,207.8,10.0,-0.13,54.0,41.8,18.9,771.3,775.39,10.0,2.0,2.5,NR5G-SA,n79,-95,-95,-10,19,-999,15.4
2026-05-28 14:28:49.785,2026-05-28 14:34:57.901,22.6654911,114.5064127,207.8,10.0,-0.08,54.1,41.8,18.9,773.8,777.88,10.0,2.0,2.5,NR5G-SA,n79,-95,-95,-10,19,-999,6.6
2026-05-28 14:28:49.986,2026-05-28 14:34:58.101,22.6655044,114.5064324,207.7,10.0,-0.06,54.3,17.9,18.5,776.3,780.38,10.0,2.0,2.5,NR5G-SA,n79,-95,-95,-10,19,-999,4.8
2026-05-28 14:28:50.186,2026-05-28 14:34:58.301,22.6655176,114.5064521,207.7,10.0,-0.09,54.4,17.9,18.5,778.8,782.88,10.0,2.0,2.5,NR5G-SA,n79,-101,-101,-11,19,-999,4.7
2026-05-28 14:28:50.386,2026-05-28 14:34:58.301,22.6655308,114.5064718,207.7,10.0,-0.07,54.5,17.9,18.5,781.3,785.39,10.0,2.0,2.5,NR5G-SA,n79,-101,-101,-11,19,-999,9.8
2026-05-28 14:28:50.587,2026-05-28 14:34:58.501,22.6655308,114.5064718,207.7,10.0,-0.07,54.5,17.9,18.5,781.3,785.39,10.0,2.0,2.5,NR5G-SA,n79,-101,-101,-11,19,-999,14.4
2026-05-28 14:28:50.787,2026-05-28 14:34:58.901,22.6655440,114.5064915,207.7,10.0,-0.01,54.4,17.9,18.5,783.8,787.89,10.0,2.0,2.5,NR5G-SA,n79,-94,-94,-10,20,-999,7.9
2026-05-28 14:28:50.988,2026-05-28 14:34:59.101,22.6655573,114.5065110,207.7,10.0,-0.08,54.1,0.0,20.5,786.3,790.38,10.0,2.0,2.5,NR5G-SA,n79,-94,-94,-10,20,-999,4.9
2026-05-28 14:28:51.188,2026-05-28 14:34:59.301,22.6655707,114.5065306,207.6,10.0,-0.04,54.0,0.0,20.5,788.8,792.88,10.0,2.0,2.5,NR5G-SA,n79,-96,-96,-10,20,-999,6.7
2026-05-28 14:28:51.388,2026-05-28 14:34:59.301,22.6655842,114.5065501,207.6,9.9,-0.03,53.8,0.0,20.5,791.3,795.39,10.0,2.0,2.5,NR5G-SA,n79,-96,-96,-10,20,-999,8.0
2026-05-28 14:28:51.589,2026-05-28 14:34:59.501,22.6655842,114.5065501,207.6,9.9,-0.03,53.8,0.0,20.5,791.3,795.39,10.0,2.0,2.5,NR5G-SA,n79,-96,-96,-10,20,-999,14.5
2026-05-28 14:28:51.789,2026-05-28 14:34:59.901,22.6655974,114.5065695,207.6,9.9,-0.06,53.6,0.0,20.5,793.8,797.86,10.0,2.0,2.5,NR5G-SA,n79,-98,-98,-10,20,-999,8.1
2026-05-28 14:28:51.989,2026-05-28 14:35:00.101,22.6656106,114.5065889,207.6,9.9,-0.10,53.4,0.0,22.2,796.3,800.34,10.0,2.0,2.5,NR5G-SA,n79,-98,-98,-10,20,-999,6.5
2026-05-28 14:28:52.190,2026-05-28 14:35:00.301,22.6656238,114.5066086,207.6,9.9,-0.07,53.4,0.0,22.2,798.8,802.84,10.0,2.0,2.5,NR5G-SA,n79,-98,-98,-10,20,-999,5.6
2026-05-28 14:28:52.390,2026-05-28 14:35:00.301,22.6656371,114.5066283,207.5,10.0,-0.07,53.5,0.0,22.2,801.3,805.35,10.0,2.0,2.5,NR5G-SA,n79,-98,-98,-10,20,-999,7.0
2026-05-28 14:28:52.591,2026-05-28 14:35:00.501,22.6656371,114.5066283,207.5,10.0,-0.07,53.5,0.0,22.2,801.3,805.35,10.0,2.0,2.5,NR5G-SA,n79,-98,-98,-10,20,-999,14.9
2026-05-28 14:28:52.791,2026-05-28 14:35:00.901,22.6656504,114.5066478,207.5,10.0,-0.08,53.3,0.0,22.2,803.7,807.84,10.0,2.0,2.5,NR5G-SA,n79,-98,-98,-10,20,-999,8.5
2026-05-28 14:28:52.991,2026-05-28 14:35:01.101,22.6656637,114.5066675,207.5,10.0,-0.09,53.1,0.0,22.2,806.3,810.35,10.0,2.0,2.5,NR5G-SA,n79,-44,-44,-11,18,-999,4.3
2026-05-28 14:28:53.192,2026-05-28 14:35:01.301,22.6656769,114.5066872,207.5,10.1,-0.11,53.1,0.0,22.2,808.8,812.85,10.0,2.0,2.5,NR5G-SA,n79,-44,-44,-11,18,-999,6.1
2026-05-28 14:28:53.392,2026-05-28 14:35:01.301,22.6656902,114.5067070,207.4,10.1,-0.06,53.3,0.0,22.2,811.3,815.36,10.0,2.0,2.5,NR5G-SA,n79,-44,-44,-10,18,-999,8.8
2026-05-28 14:28:53.592,2026-05-28 14:35:01.501,22.6656902,114.5067070,207.4,10.1,-0.06,53.3,0.0,22.2,811.3,815.36,10.0,2.0,2.5,NR5G-SA,n79,-44,-44,-10,18,-999,15.2
2026-05-28 14:28:53.793,2026-05-28 14:35:01.901,22.6657036,114.5067268,207.4,10.1,-0.08,53.5,0.0,22.2,813.8,817.88,10.0,2.0,2.5,NR5G-SA,n79,-44,-44,-10,18,-999,9.7
2026-05-28 14:28:53.993,2026-05-28 14:35:02.101,22.6657171,114.5067466,207.4,10.1,-0.08,53.7,3.7,21.4,816.3,820.41,10.0,2.0,2.5,NR5G-SA,n79,-44,-44,-10,17,-999,6.8
2026-05-28 14:28:54.194,2026-05-28 14:35:02.301,22.6657306,114.5067664,207.4,10.0,0.02,53.8,3.7,21.4,818.9,822.94,10.0,2.0,2.5,NR5G-SA,n79,-44,-44,-10,17,-999,5.7
2026-05-28 14:28:54.394,2026-05-28 14:35:02.301,22.6657441,114.5067861,207.3,10.0,-0.05,53.7,3.7,21.4,821.4,825.46,10.0,2.0,2.5,NR5G-SA,n79,-44,-44,-10,17,-999,8.3
2026-05-28 14:28:54.594,2026-05-28 14:35:02.501,22.6657441,114.5067861,207.3,10.0,-0.05,53.7,3.7,21.4,821.4,825.46,10.0,2.0,2.5,NR5G-SA,n79,-44,-44,-10,18,-999,9.8
2026-05-28 14:28:54.795,2026-05-28 14:35:02.901,22.6657575,114.5068059,207.3,10.0,-0.06,53.8,3.7,21.4,823.9,827.99,10.0,2.0,2.5,NR5G-SA,n79,-44,-44,-10,18,-999,8.1
2026-05-28 14:28:54.995,2026-05-28 14:35:03.101,22.6657710,114.5068256,207.3,10.0,-0.05,53.9,0.0,21.4,826.4,830.51,10.0,2.0,2.5,NR5G-SA,n79,-44,-44,-10,18,-999,5.5
2026-05-28 14:28:55.196,2026-05-28 14:35:03.301,22.6657844,114.5068453,207.3,10.0,-0.04,54.2,0.0,21.4,828.9,833.02,10.0,2.0,2.5,NR5G-SA,n79,-44,-44,-10,19,-999,5.4
2026-05-28 14:28:55.396,2026-05-28 14:35:03.301,22.6657979,114.5068648,207.3,10.0,-0.00,54.1,0.0,21.4,831.4,835.52,10.0,2.0,2.5,NR5G-SA,n79,-44,-44,-10,19,-999,7.0
2026-05-28 14:28:55.597,2026-05-28 14:35:03.501,22.6657979,114.5068648,207.3,10.0,-0.00,54.1,0.0,21.4,831.4,835.52,10.0,2.0,2.5,NR5G-SA,n79,-44,-44,-10,19,-999,15.4
2026-05-28 14:28:55.797,2026-05-28 14:35:03.901,22.6658113,114.5068843,207.3,10.0,-0.09,53.9,0.0,21.4,833.9,838.02,10.0,2.0,2.5,NR5G-SA,n79,-44,-44,-10,20,-999,9.8
2026-05-28 14:28:55.997,2026-05-28 14:35:04.101,22.6658247,114.5069036,207.2,9.9,-0.04,54.0,14.2,21.4,836.4,840.50,10.0,2.0,2.5,NR5G-SA,n79,-44,-44,-10,20,-999,6.8
2026-05-28 14:28:56.198,2026-05-28 14:35:04.301,22.6658380,114.5069230,207.2,9.9,-0.10,54.1,14.2,19.3,838.9,842.99,10.0,2.0,2.5,NR5G-SA,n79,-44,-44,-11,21,-999,5.3
2026-05-28 14:28:56.398,2026-05-28 14:35:04.301,22.6658512,114.5069424,207.2,10.0,-0.08,54.3,14.2,19.3,841.4,845.46,10.0,2.0,2.5,NR5G-SA,n79,-44,-44,-11,21,-999,7.1
2026-05-28 14:28:56.598,2026-05-28 14:35:04.501,22.6658512,114.5069424,207.2,10.0,-0.08,54.3,14.2,19.3,841.4,845.46,10.0,2.0,2.5,NR5G-SA,n79,-44,-44,-11,21,-999,13.7
2026-05-28 14:28:56.799,2026-05-28 14:35:04.901,22.6658644,114.5069621,207.2,10.0,-0.09,54.4,14.2,19.3,843.9,847.96,10.0,2.0,2.5,NR5G-SA,n79,-44,-44,-11,21,-999,8.3
2026-05-28 14:28:56.999,2026-05-28 14:35:05.101,22.6658776,114.5069817,207.1,10.0,-0.09,54.3,44.1,19.3,846.4,850.45,10.0,2.0,2.5,NR5G-SA,n79,-44,-44,-11,21,-999,6.3
2026-05-28 14:28:57.199,2026-05-28 14:35:05.301,22.6658909,114.5070015,207.1,10.0,-0.06,54.3,44.1,17.7,848.9,852.97,10.0,2.0,2.5,NR5G-SA,n79,-44,-44,-11,21,-999,5.6
2026-05-28 14:28:57.400,2026-05-28 14:35:05.501,22.6659043,114.5070212,207.1,10.0,-0.03,54.3,44.1,17.7,851.4,855.48,10.0,2.0,2.5,NR5G-SA,n79,-100,-100,-10,22,-999,4.2
2026-05-28 14:28:57.600,2026-05-28 14:35:05.501,22.6659176,114.5070407,207.1,10.0,-0.05,54.4,44.1,17.7,853.9,857.98,10.0,2.0,2.5,NR5G-SA,n79,-100,-100,-10,22,-999,12.8
2026-05-28 14:28:57.800,2026-05-28 14:35:05.901,22.6659176,114.5070407,207.1,10.0,-0.05,54.4,44.1,17.7,853.9,857.98,10.0,2.0,2.5,NR5G-SA,n79,-100,-100,-10,22,-999,7.9
2026-05-28 14:28:58.001,2026-05-28 14:35:06.101,22.6659308,114.5070603,207.1,10.0,-0.04,54.4,39.0,17.7,856.4,860.47,10.0,2.0,2.5,NR5G-SA,n79,-91,-91,-10,18,-999,4.4
2026-05-28 14:28:58.201,2026-05-28 14:35:06.301,22.6659442,114.5070798,207.0,10.0,-0.08,54.3,39.0,18.6,858.9,862.97,10.0,2.0,2.5,NR5G-SA,n79,-91,-91,-10,18,-999,6.1
2026-05-28 14:28:58.402,2026-05-28 14:35:06.301,22.6659575,114.5070994,207.0,10.0,-0.05,54.3,39.0,18.6,861.4,865.46,10.0,2.0,2.5,NR5G-SA,n79,-96,-96,-10,19,-999,6.5
2026-05-28 14:28:58.602,2026-05-28 14:35:06.501,22.6659707,114.5071190,207.0,10.0,-0.07,54.2,39.0,18.6,863.9,867.96,10.0,2.0,2.5,NR5G-SA,n79,-96,-96,-10,19,-999,12.6
2026-05-28 14:28:58.802,2026-05-28 14:35:06.901,22.6659707,114.5071190,207.0,10.0,-0.07,54.2,39.0,18.6,863.9,867.96,10.0,2.0,2.5,NR5G-SA,n79,-96,-96,-10,19,-999,7.8
2026-05-28 14:28:59.003,2026-05-28 14:35:07.101,22.6659840,114.5071387,207.0,10.0,-0.10,54.1,37.3,18.6,866.4,870.46,10.0,2.0,2.5,NR5G-SA,n79,-96,-96,-10,21,-999,3.8
2026-05-28 14:28:59.203,2026-05-28 14:35:07.301,22.6659973,114.5071583,207.0,10.0,-0.09,54.2,37.3,17.9,868.9,872.96,10.0,2.0,2.5,NR5G-SA,n79,-96,-96,-10,21,-999,5.1
2026-05-28 14:28:59.403,2026-05-28 14:35:07.501,22.6660106,114.5071779,206.9,10.0,-0.06,54.2,37.3,17.9,871.4,875.46,10.0,2.0,2.5,NR5G-SA,n79,-96,-96,-10,21,-999,6.6
2026-05-28 14:28:59.604,2026-05-28 14:35:07.501,22.6660240,114.5071974,206.9,10.0,-0.09,54.2,37.3,17.9,873.9,877.96,10.0,2.0,2.5,NR5G-SA,n79,-96,-96,-10,21,-999,13.9
2026-05-28 14:28:59.804,2026-05-28 14:35:07.901,22.6660240,114.5071974,206.9,10.0,-0.09,54.2,37.3,17.9,873.9,877.96,10.0,2.0,2.5,NR5G-SA,n79,-96,-96,-10,21,-999,8.4
2026-05-28 14:29:00.004,2026-05-28 14:35:08.101,22.6660375,114.5072170,206.9,10.0,-0.04,54.2,32.4,17.9,876.4,880.47,10.0,2.0,2.5,NR5G-SA,n79,-96,-96,-10,21,-999,4.8
2026-05-28 14:29:00.205,2026-05-28 14:35:08.301,22.6660509,114.5072366,206.9,10.0,-0.07,54.2,32.4,20.0,878.9,882.98,10.0,2.0,2.5,NR5G-SA,n79,-96,-96,-10,21,-999,6.6
2026-05-28 14:29:00.405,2026-05-28 14:35:08.501,22.6660643,114.5072562,206.9,10.0,-0.08,54.1,32.4,20.0,881.4,885.48,10.0,2.0,2.5,NR5G-SA,n79,-96,-96,-10,21,-999,8.2
2026-05-28 14:29:00.605,2026-05-28 14:35:08.501,22.6660777,114.5072757,206.8,10.0,-0.08,54.2,32.4,20.0,883.9,887.98,10.0,2.0,2.5,NR5G-SA,n79,-93,-93,-10,21,-999,13.4
2026-05-28 14:29:00.806,2026-05-28 14:35:08.901,22.6660777,114.5072757,206.8,10.0,-0.08,54.2,32.4,20.0,883.9,887.98,10.0,2.0,2.5,NR5G-SA,n79,-93,-93,-10,21,-999,9.6
2026-05-28 14:29:01.006,2026-05-28 14:35:09.101,22.6660911,114.5072953,206.8,10.0,-0.06,54.2,48.6,20.0,886.4,890.49,10.0,2.0,2.5,NR5G-SA,n79,-93,-93,-10,21,-999,6.9
2026-05-28 14:29:01.206,2026-05-28 14:35:09.301,22.6661045,114.5073148,206.8,9.9,-0.05,54.2,48.6,20.9,888.9,892.98,10.0,2.0,2.5,NR5G-SA,n79,-96,-96,-10,21,-999,6.5
2026-05-28 14:29:01.407,2026-05-28 14:35:09.501,22.6661179,114.5073344,206.8,10.0,-0.06,54.2,48.6,20.9,891.4,895.49,10.0,2.0,2.5,NR5G-SA,n79,-96,-96,-10,21,-999,8.5
2026-05-28 14:29:01.607,2026-05-28 14:35:09.501,22.6661312,114.5073540,206.8,10.0,-0.09,54.1,48.6,20.9,893.9,897.99,10.0,2.0,2.5,NR5G-SA,n79,-96,-96,-10,21,-999,11.4
2026-05-28 14:29:01.808,2026-05-28 14:35:09.901,22.6661312,114.5073540,206.8,10.0,-0.09,54.1,48.6,20.9,893.9,897.99,10.0,2.0,2.5,NR5G-SA,n79,-96,-96,-10,21,-999,7.7
2026-05-28 14:29:02.008,2026-05-28 14:35:10.101,22.6661446,114.5073738,206.7,10.0,-0.09,54.1,38.0,20.9,896.4,900.51,10.0,2.0,2.5,NR5G-SA,n79,-96,-96,-10,21,-999,3.7
2026-05-28 14:29:02.209,2026-05-28 14:35:10.301,22.6661580,114.5073934,206.7,10.0,-0.05,54.1,38.0,21.5,898.9,903.02,10.0,2.0,2.5,NR5G-SA,n79,-96,-96,-10,21,-999,6.3
2026-05-28 14:29:02.410,2026-05-28 14:35:10.501,22.6661714,114.5074131,206.7,10.0,-0.05,54.1,38.0,21.5,901.4,905.53,10.0,2.0,2.5,NR5G-SA,n79,-96,-96,-10,21,-999,6.8
2026-05-28 14:29:02.610,2026-05-28 14:35:10.501,22.6661848,114.5074327,206.7,10.0,-0.04,53.9,38.0,21.5,903.9,908.04,10.0,2.0,2.5,NR5G-SA,n79,-96,-96,-10,21,-999,11.2
2026-05-28 14:29:02.811,2026-05-28 14:35:10.901,22.6661848,114.5074327,206.7,10.0,-0.04,53.9,38.0,21.5,903.9,908.04,10.0,2.0,2.5,NR5G-SA,n79,-96,-96,-10,21,-999,7.0
2026-05-28 14:29:03.011,2026-05-28 14:35:11.101,22.6661981,114.5074522,206.7,10.0,-0.06,53.8,0.0,21.5,906.4,910.53,10.0,2.0,2.5,NR5G-SA,n79,-96,-96,-10,21,-999,4.6
2026-05-28 14:29:03.211,2026-05-28 14:35:11.301,22.6662116,114.5074717,206.6,10.0,-0.06,53.9,0.0,21.9,908.9,913.03,10.0,2.0,2.5,NR5G-SA,n79,-96,-96,-10,21,-999,6.1
2026-05-28 14:29:03.412,2026-05-28 14:35:11.501,22.6662250,114.5074912,206.6,10.0,-0.04,53.9,0.0,21.9,911.4,915.53,10.0,2.0,2.5,NR5G-SA,n79,-96,-96,-10,21,-999,7.6
2026-05-28 14:29:03.612,2026-05-28 14:35:11.501,22.6662383,114.5075107,206.6,10.0,-0.03,53.7,0.0,21.9,913.9,918.02,10.0,2.0,2.5,NR5G-SA,n79,-95,-95,-10,21,-999,12.0
2026-05-28 14:29:03.812,2026-05-28 14:35:11.901,22.6662383,114.5075107,206.6,10.0,-0.03,53.7,0.0,21.9,913.9,918.02,10.0,2.0,2.5,NR5G-SA,n79,-95,-95,-10,21,-999,8.8
2026-05-28 14:29:04.013,2026-05-28 14:35:12.101,22.6662515,114.5075302,206.6,9.9,-0.02,53.4,43.1,21.9,916.4,920.50,10.0,2.0,2.5,NR5G-SA,n79,-96,-96,-10,20,-999,4.1
2026-05-28 14:29:04.213,2026-05-28 14:35:12.301,22.6662648,114.5075496,206.6,9.9,-0.05,53.0,43.1,22.4,918.9,922.99,10.0,2.0,2.5,NR5G-SA,n79,-96,-96,-10,20,-999,5.3
2026-05-28 14:29:04.414,2026-05-28 14:35:12.501,22.6662782,114.5075689,206.5,9.9,-0.10,52.7,43.1,22.4,921.4,925.47,10.0,2.0,2.5,NR5G-SA,n79,-96,-96,-10,20,-999,7.5
2026-05-28 14:29:04.614,2026-05-28 14:35:12.501,22.6662917,114.5075881,206.5,9.9,-0.04,52.7,43.1,22.4,923.9,927.95,10.0,2.0,2.5,NR5G-SA,n79,-96,-96,-10,19,-999,12.0
2026-05-28 14:29:04.814,2026-05-28 14:35:12.901,22.6662917,114.5075881,206.5,9.9,-0.04,52.7,43.1,22.4,923.9,927.95,10.0,2.0,2.5,NR5G-SA,n79,-96,-96,-10,19,-999,9.6
2026-05-28 14:29:05.015,2026-05-28 14:35:13.101,22.6663052,114.5076073,206.5,9.8,-0.01,52.6,15.5,22.4,926.3,930.43,10.0,2.0,2.5,NR5G-SA,n79,-44,-44,-10,15,-999,6.7
2026-05-28 14:29:05.215,2026-05-28 14:35:13.301,22.6663187,114.5076264,206.5,9.8,-0.01,52.7,15.5,22.4,928.8,932.90,10.0,2.0,2.5,NR5G-SA,n79,-44,-44,-10,15,-999,8.1
2026-05-28 14:29:05.415,2026-05-28 14:35:13.501,22.6663321,114.5076456,206.5,9.9,-0.10,52.8,15.5,20.9,931.3,935.37,10.0,2.0,2.5,NR5G-SA,n79,-44,-44,-10,15,-999,8.1
2026-05-28 14:29:05.616,2026-05-28 14:35:13.501,22.6663454,114.5076650,206.5,10.0,-0.10,52.9,15.5,20.9,933.8,937.85,10.0,2.0,2.5,NR5G-SA,n79,-44,-44,-10,15,-999,13.9
2026-05-28 14:29:05.816,2026-05-28 14:35:13.901,22.6663454,114.5076650,206.5,10.0,-0.10,52.9,15.5,20.9,933.8,937.85,10.0,2.0,2.5,NR5G-SA,n79,-44,-44,-10,15,-999,8.4
2026-05-28 14:29:06.016,2026-05-28 14:35:14.101,22.6663590,114.5076848,206.4,10.1,-0.09,53.1,0.0,20.9,936.3,940.39,10.0,2.0,2.5,NR5G-SA,n79,-44,-44,-10,15,-999,5.5
2026-05-28 14:29:06.217,2026-05-28 14:35:14.301,22.6663725,114.5077048,206.4,10.2,-0.07,53.3,0.0,20.9,938.8,942.94,10.0,2.0,2.5,NR5G-SA,n79,-44,-44,-10,16,-999,4.3
2026-05-28 14:29:06.417,2026-05-28 14:35:14.501,22.6663860,114.5077248,206.4,10.1,-0.06,53.3,0.0,21.1,941.4,945.48,10.0,2.0,2.5,NR5G-SA,n79,-44,-44,-10,16,-999,8.5
2026-05-28 14:29:06.618,2026-05-28 14:35:14.501,22.6663993,114.5077445,206.3,10.0,-0.02,53.1,0.0,21.1,943.9,947.99,10.0,2.0,2.5,NR5G-SA,n79,-44,-44,-10,16,-999,12.2
2026-05-28 14:29:06.818,2026-05-28 14:35:14.901,22.6663993,114.5077445,206.3,10.0,-0.02,53.1,0.0,21.1,943.9,947.99,10.0,2.0,2.5,NR5G-SA,n79,-44,-44,-10,17,-999,8.8
2026-05-28 14:29:07.019,2026-05-28 14:35:15.101,22.6664124,114.5077640,206.3,9.9,-0.03,52.8,0.0,21.1,946.4,950.47,10.0,2.0,2.5,NR5G-SA,n79,-44,-44,-10,17,-999,4.7
2026-05-28 14:29:07.219,2026-05-28 14:35:15.301,22.6664256,114.5077834,206.3,10.0,-0.11,52.9,0.0,21.1,948.9,952.94,10.0,2.0,2.5,NR5G-SA,n79,-44,-44,-10,17,-999,3.9
2026-05-28 14:29:07.420,2026-05-28 14:35:15.501,22.6664389,114.5078030,206.3,10.0,-0.13,53.2,0.0,20.2,951.3,955.44,10.0,2.0,2.5,NR5G-SA,n79,-44,-44,-10,17,-999,4.9
2026-05-28 14:29:07.620,2026-05-28 14:35:15.501,22.6664521,114.5078229,206.2,10.0,-0.05,53.3,0.0,20.2,953.9,957.96,10.0,2.0,2.5,NR5G-SA,n79,-44,-44,-10,19,-999,9.5
2026-05-28 14:29:07.821,2026-05-28 14:35:15.901,22.6664521,114.5078229,206.2,10.0,-0.05,53.3,0.0,20.2,953.9,957.96,10.0,2.0,2.5,NR5G-SA,n79,-44,-44,-10,19,-999,9.9
2026-05-28 14:29:08.021,2026-05-28 14:35:16.101,22.6664653,114.5078428,206.2,10.1,-0.04,53.4,0.0,20.2,956.4,960.48,10.0,2.0,2.5,NR5G-SA,n79,-44,-44,-10,19,-999,5.1
2026-05-28 14:29:08.221,2026-05-28 14:35:16.301,22.6664785,114.5078628,206.2,10.1,-0.10,53.4,0.0,20.2,958.9,963.00,10.0,2.0,2.5,NR5G-SA,n79,-44,-44,-10,19,-999,5.2
2026-05-28 14:29:08.422,2026-05-28 14:35:16.501,22.6664918,114.5078825,206.2,10.0,-0.04,53.4,0.0,19.1,961.4,965.51,10.0,2.0,2.5,NR5G-SA,n79,-44,-44,-10,19,-999,5.6
2026-05-28 14:29:08.622,2026-05-28 14:35:16.501,22.6665052,114.5079022,206.2,10.0,-0.01,53.3,0.0,19.1,963.9,968.02,10.0,2.0,2.5,NR5G-SA,n79,-44,-44,-10,19,-999,10.7
2026-05-28 14:29:08.823,2026-05-28 14:35:16.901,22.6665052,114.5079022,206.2,10.0,-0.01,53.3,0.0,19.1,963.9,968.02,10.0,2.0,2.5,NR5G-SA,n79,-44,-44,-10,19,-999,8.7
2026-05-28 14:29:09.023,2026-05-28 14:35:17.101,22.6665185,114.5079217,206.1,10.0,0.01,53.2,6.1,19.1,966.4,970.51,10.0,2.0,2.5,NR5G-SA,n79,-44,-44,-10,17,-999,4.2
2026-05-28 14:29:09.223,2026-05-28 14:35:17.301,22.6665319,114.5079414,206.1,10.0,-0.04,53.1,6.1,19.1,968.9,973.03,10.0,2.0,2.5,NR5G-SA,n79,-44,-44,-10,17,-999,3.7
2026-05-28 14:29:09.424,2026-05-28 14:35:17.301,22.6665454,114.5079609,206.1,10.0,-0.08,53.2,6.1,18.8,971.4,975.53,10.0,2.0,2.5,NR5G-SA,n79,-44,-44,-10,17,-999,6.9
2026-05-28 14:29:09.624,2026-05-28 14:35:17.501,22.6665589,114.5079804,206.1,10.0,-0.07,53.3,6.1,18.8,973.9,978.04,10.0,2.0,2.5,NR5G-SA,n79,-44,-44,-10,16,-999,9.2
2026-05-28 14:29:09.825,2026-05-28 14:35:17.901,22.6665589,114.5079804,206.1,10.0,-0.07,53.3,6.1,18.8,973.9,978.04,10.0,2.0,2.5,NR5G-SA,n79,-44,-44,-10,16,-999,7.6
2026-05-28 14:29:10.025,2026-05-28 14:35:18.101,22.6665723,114.5079999,206.1,10.0,-0.03,53.3,0.0,18.8,976.4,980.53,10.0,2.0,2.5,NR5G-SA,n79,-86,-86,-10,20,-999,4.3
2026-05-28 14:29:10.225,2026-05-28 14:35:18.301,22.6665858,114.5080194,206.1,10.0,-0.06,53.3,0.0,18.8,978.9,983.04,10.0,2.0,2.5,NR5G-SA,n79,-86,-86,-10,20,-999,6.5
2026-05-28 14:29:10.426,2026-05-28 14:35:18.301,22.6665991,114.5080388,206.0,9.9,-0.06,53.1,0.0,18.6,981.4,985.52,10.0,2.0,2.5,NR5G-SA,n79,-86,-86,-10,20,-999,8.3
2026-05-28 14:29:10.626,2026-05-28 14:35:18.501,22.6666122,114.5080582,206.0,10.0,-0.07,53.1,0.0,18.6,983.9,987.99,10.0,2.0,2.5,NR5G-SA,n79,-87,-87,-10,20,-999,7.6
2026-05-28 14:29:10.827,2026-05-28 14:35:18.901,22.6666122,114.5080582,206.0,10.0,-0.07,53.1,0.0,18.6,983.9,987.99,10.0,2.0,2.5,NR5G-SA,n79,-87,-87,-10,20,-999,7.2
2026-05-28 14:29:11.027,2026-05-28 14:35:19.101,22.6666253,114.5080778,206.0,10.0,-0.09,53.0,0.0,18.6,986.4,990.48,10.0,2.0,2.5,NR5G-SA,n79,-87,-87,-10,20,-999,4.7
2026-05-28 14:29:11.228,2026-05-28 14:35:19.301,22.6666383,114.5080974,206.0,10.0,0.01,53.1,0.0,18.6,988.9,992.96,10.0,2.0,2.5,NR5G-SA,n79,-90,-90,-10,21,-999,5.8
2026-05-28 14:29:11.428,2026-05-28 14:35:19.501,22.6666515,114.5081170,206.0,10.0,-0.09,53.1,0.0,18.2,991.4,995.45,10.0,2.0,2.5,NR5G-SA,n79,-90,-90,-10,21,-999,5.5
2026-05-28 14:29:11.628,2026-05-28 14:35:19.501,22.6666649,114.5081367,206.0,10.0,-0.09,53.1,0.0,18.2,993.9,997.96,10.0,2.0,2.5,NR5G-SA,n79,-90,-90,-10,21,-999,8.5
2026-05-28 14:29:11.829,2026-05-28 14:35:19.901,22.6666649,114.5081367,206.0,10.0,-0.09,53.1,0.0,18.2,993.9,997.96,10.0,2.0,2.5,NR5G-SA,n79,-89,-89,-10,23,-999,6.5
2026-05-28 14:29:12.029,2026-05-28 14:35:20.101,22.6666784,114.5081562,205.9,10.0,-0.09,53.0,0.0,18.2,996.4,1000.47,10.0,2.0,2.5,NR5G-SA,n79,-89,-89,-10,23,-999,3.7
2026-05-28 14:29:12.230,2026-05-28 14:35:20.301,22.6666919,114.5081758,205.9,10.1,-0.11,52.9,0.0,18.2,998.9,1002.98,10.0,2.0,2.5,NR5G-SA,n79,-91,-91,-10,24,-999,5.0
2026-05-28 14:29:12.430,2026-05-28 14:35:20.501,22.6667055,114.5081955,205.9,10.1,-0.13,53.1,0.0,18.7,1001.4,1005.51,10.0,2.0,2.5,NR5G-SA,n79,-91,-91,-10,24,-999,3.9
2026-05-28 14:29:12.630,2026-05-28 14:35:20.501,22.6667190,114.5082151,205.9,10.0,-0.10,53.1,0.0,18.7,1003.9,1008.02,10.0,2.0,2.5,NR5G-SA,n79,-91,-91,-10,24,-999,9.7
2026-05-28 14:29:12.831,2026-05-28 14:35:20.901,22.6667190,114.5082151,205.9,10.0,-0.10,53.1,0.0,18.7,1003.9,1008.02,10.0,2.0,2.5,NR5G-SA,n79,-91,-91,-10,23,-999,9.4
2026-05-28 14:29:13.031,2026-05-28 14:35:21.101,22.6667324,114.5082347,205.8,10.1,-0.15,53.2,0.0,18.7,1006.4,1010.52,10.0,2.0,2.5,NR5G-SA,n79,-91,-91,-10,23,-999,5.2
2026-05-28 14:29:13.231,2026-05-28 14:35:21.301,22.6667458,114.5082543,205.8,10.1,-0.09,53.5,0.0,18.7,1008.9,1013.03,10.0,2.0,2.5,NR5G-SA,n79,-91,-91,-10,23,-999,5.9
2026-05-28 14:29:13.432,2026-05-28 14:35:21.501,22.6667591,114.5082739,205.8,10.0,-0.00,53.8,0.0,19.2,1011.4,1015.53,10.0,2.0,2.5,NR5G-SA,n79,-86,-86,-10,23,-999,4.9
2026-05-28 14:29:13.632,2026-05-28 14:35:21.501,22.6667722,114.5082935,205.8,9.9,0.01,53.8,0.0,19.2,1013.9,1018.01,10.0,2.0,2.5,NR5G-SA,n79,-86,-86,-10,23,-999,10.1
2026-05-28 14:29:13.833,2026-05-28 14:35:21.901,22.6667722,114.5082935,205.8,9.9,0.01,53.8,0.0,19.2,1013.9,1018.01,10.0,2.0,2.5,NR5G-SA,n79,-86,-86,-10,23,-999,8.8
2026-05-28 14:29:14.033,2026-05-28 14:35:22.101,22.6667852,114.5083129,205.8,9.9,-0.04,53.8,38.8,19.2,1016.4,1020.48,10.0,2.0,2.5,NR5G-SA,n79,-90,-90,-10,22,-999,5.1
2026-05-28 14:29:14.233,2026-05-28 14:35:22.301,22.6667985,114.5083324,205.8,10.0,-0.09,53.6,38.8,19.2,1018.9,1022.97,10.0,2.0,2.5,NR5G-SA,n79,-90,-90,-10,22,-999,5.4
2026-05-28 14:29:14.434,2026-05-28 14:35:22.501,22.6668120,114.5083520,205.7,10.1,-0.13,53.4,38.8,19.2,1021.4,1025.48,10.0,2.0,2.5,NR5G-SA,n79,-91,-91,-10,23,-999,5.3
2026-05-28 14:29:14.634,2026-05-28 14:35:22.901,22.6668257,114.5083718,205.7,10.1,-0.15,53.4,38.8,18.9,1023.9,1028.02,10.0,2.0,2.5,NR5G-SA,n79,-91,-91,-10,23,-999,6.7
2026-05-28 14:29:14.834,2026-05-28 14:35:22.901,22.6668257,114.5083718,205.7,10.1,-0.15,53.4,38.8,18.9,1023.9,1028.02,10.0,2.0,2.5,NR5G-SA,n79,-91,-91,-10,23,-999,13.2
2026-05-28 14:29:15.035,2026-05-28 14:35:23.101,22.6668393,114.5083916,205.7,10.1,-0.09,53.4,31.1,18.9,1026.5,1030.56,10.0,2.0,2.5,NR5G-SA,n79,-91,-91,-10,22,-999,6.0
2026-05-28 14:29:15.235,2026-05-28 14:35:23.301,22.6668528,114.5084114,205.6,10.0,-0.10,53.4,31.1,18.9,1029.0,1033.09,10.0,2.0,2.5,NR5G-SA,n79,-91,-91,-10,22,-999,5.9
2026-05-28 14:29:15.436,2026-05-28 14:35:23.501,22.6668662,114.5084310,205.6,10.1,-0.09,53.2,31.1,18.9,1031.5,1035.59,10.0,2.0,2.5,NR5G-SA,n79,-91,-91,-10,22,-999,5.8
2026-05-28 14:29:15.636,2026-05-28 14:35:23.501,22.6668796,114.5084507,205.6,9.9,-0.06,53.2,31.1,19.4,1034.0,1038.11,10.0,2.0,2.5,NR5G-SA,n79,-91,-91,-10,21,-999,13.2
2026-05-28 14:29:15.837,2026-05-28 14:35:23.901,22.6668796,114.5084507,205.6,9.9,-0.06,53.2,31.1,19.4,1034.0,1038.11,10.0,2.0,2.5,NR5G-SA,n79,-91,-91,-10,21,-999,9.2
2026-05-28 14:29:16.037,2026-05-28 14:35:24.101,22.6668929,114.5084703,205.6,10.0,-0.06,53.2,0.0,19.4,1036.5,1040.61,10.0,2.0,2.5,NR5G-SA,n79,-91,-91,-10,21,-999,5.1
2026-05-28 14:29:16.237,2026-05-28 14:35:24.301,22.6669061,114.5084898,205.6,9.9,-0.01,53.3,0.0,19.4,1039.0,1043.09,10.0,2.0,2.5,NR5G-SA,n79,-89,-89,-10,20,-999,6.0
2026-05-28 14:29:16.438,2026-05-28 14:35:24.501,22.6669194,114.5085093,205.6,10.0,-0.08,53.3,0.0,19.4,1041.5,1045.58,10.0,2.0,2.5,NR5G-SA,n79,-89,-89,-10,20,-999,5.0
2026-05-28 14:29:16.638,2026-05-28 14:35:24.501,22.6669326,114.5085289,205.5,10.0,-0.08,53.2,0.0,19.7,1044.0,1048.07,10.0,2.0,2.5,NR5G-SA,n79,-91,-91,-10,18,-999,8.7
2026-05-28 14:29:16.839,2026-05-28 14:35:24.901,22.6669326,114.5085289,205.5,10.0,-0.08,53.2,0.0,19.7,1044.0,1048.07,10.0,2.0,2.5,NR5G-SA,n79,-91,-91,-10,18,-999,10.9
2026-05-28 14:29:17.039,2026-05-28 14:35:25.101,22.6669459,114.5085485,205.5,10.0,-0.12,53.3,0.0,19.7,1046.5,1050.57,10.0,2.0,2.5,NR5G-SA,n79,-91,-91,-10,18,-999,5.9
2026-05-28 14:29:17.239,2026-05-28 14:35:25.301,22.6669591,114.5085682,205.5,10.0,-0.07,53.3,36.7,19.7,1049.0,1053.07,10.0,2.0,2.5,NR5G-SA,n79,-89,-89,-10,20,-999,5.7
2026-05-28 14:29:17.440,2026-05-28 14:35:25.501,22.6669724,114.5085879,205.5,10.0,-0.12,53.3,36.7,19.7,1051.5,1055.58,10.0,2.0,2.5,NR5G-SA,n79,-89,-89,-10,20,-999,4.8
2026-05-28 14:29:17.640,2026-05-28 14:35:25.501,22.6669856,114.5086076,205.4,10.0,-0.19,53.2,36.7,19.8,1054.0,1058.08,10.0,2.0,2.5,NR5G-SA,n79,-89,-89,-10,20,-999,7.4
2026-05-28 14:29:17.840,2026-05-28 14:35:25.901,22.6669856,114.5086076,205.4,10.0,-0.19,53.2,36.7,19.8,1054.0,1058.08,10.0,2.0,2.5,NR5G-SA,n79,-88,-88,-10,20,-999,9.9
2026-05-28 14:29:18.041,2026-05-28 14:35:26.101,22.6669989,114.5086273,205.4,10.0,-0.15,53.2,36.7,19.8,1056.5,1060.59,10.0,2.0,2.5,NR5G-SA,n79,-88,-88,-10,20,-999,5.4
2026-05-28 14:29:18.241,2026-05-28 14:35:26.301,22.6670122,114.5086469,205.4,10.0,-0.08,53.3,25.4,19.8,1059.0,1063.09,10.0,2.0,2.5,NR5G-SA,n79,-88,-88,-10,20,-999,5.6
2026-05-28 14:29:18.442,2026-05-28 14:35:26.501,22.6670254,114.5086664,205.3,9.9,-0.04,53.3,25.4,19.8,1061.5,1065.57,10.0,2.0,2.5,NR5G-SA,n79,-89,-89,-10,20,-999,5.1
2026-05-28 14:29:18.642,2026-05-28 14:35:26.901,22.6670388,114.5086859,205.3,9.9,-0.06,53.4,25.4,20.6,1064.0,1068.07,10.0,2.0,2.5,NR5G-SA,n79,-89,-89,-10,20,-999,8.1
2026-05-28 14:29:18.842,2026-05-28 14:35:26.901,22.6670388,114.5086859,205.3,9.9,-0.06,53.4,25.4,20.6,1064.0,1068.07,10.0,2.0,2.5,NR5G-SA,n79,-91,-91,-10,21,-999,11.3
2026-05-28 14:29:19.043,2026-05-28 14:35:27.101,22.6670520,114.5087053,205.3,9.9,-0.04,53.4,25.4,20.6,1066.5,1070.55,10.0,2.0,2.5,NR5G-SA,n79,-91,-91,-10,21,-999,5.2
2026-05-28 14:29:19.243,2026-05-28 14:35:27.301,22.6670653,114.5087248,205.3,10.0,-0.02,53.4,0.0,20.6,1068.9,1073.04,10.0,2.0,2.5,NR5G-SA,n79,-91,-91,-10,21,-999,6.8
2026-05-28 14:29:19.444,2026-05-28 14:35:27.501,22.6670786,114.5087444,205.3,9.9,-0.05,53.4,0.0,20.6,1071.4,1075.54,10.0,2.0,2.5,NR5G-SA,n79,-89,-89,-10,21,-999,6.6
2026-05-28 14:29:19.644,2026-05-28 14:35:27.501,22.6670918,114.5087640,205.3,10.0,-0.06,53.4,0.0,21.3,1073.9,1078.03,10.0,2.0,2.5,NR5G-SA,n79,-89,-89,-10,21,-999,8.6
2026-05-28 14:29:19.844,2026-05-28 14:35:27.901,22.6670918,114.5087640,205.3,10.0,-0.06,53.4,0.0,21.3,1073.9,1078.03,10.0,2.0,2.5,NR5G-SA,n79,-89,-89,-10,21,-999,8.0
2026-05-28 14:29:20.044,2026-05-28 14:35:28.101,22.6671050,114.5087836,205.3,10.0,-0.09,53.4,16.6,21.3,1076.4,1080.52,10.0,2.0,2.5,NR5G-SA,n79,-88,-88,-10,22,-999,5.1
2026-05-28 14:29:20.245,2026-05-28 14:35:28.301,22.6671182,114.5088032,205.2,10.0,-0.09,53.5,16.6,21.3,1078.9,1083.01,10.0,2.0,2.5,NR5G-SA,n79,-88,-88,-10,22,-999,5.0
2026-05-28 14:29:20.445,2026-05-28 14:35:28.501,22.6671315,114.5088228,205.2,10.0,-0.06,53.5,16.6,21.3,1081.4,1085.51,10.0,2.0,2.5,NR5G-SA,n79,-88,-88,-10,22,-999,7.5
2026-05-28 14:29:20.646,2026-05-28 14:35:28.501,22.6671448,114.5088422,205.2,10.0,-0.09,53.4,16.6,21.4,1083.9,1087.99,10.0,2.0,2.5,NR5G-SA,n79,-89,-89,-10,22,-999,6.6
2026-05-28 14:29:20.846,2026-05-28 14:35:28.901,22.6671583,114.5088617,205.2,10.0,-0.11,53.4,16.6,21.4,1086.4,1090.50,10.0,2.0,2.5,NR5G-SA,n79,-89,-89,-10,22,-999,7.2
2026-05-28 14:29:21.046,2026-05-28 14:35:29.101,22.6671583,114.5088617,205.2,10.0,-0.11,53.4,16.6,21.4,1086.4,1090.50,10.0,2.0,2.5,NR5G-SA,n79,-91,-91,-10,22,-999,8.0
2026-05-28 14:29:21.247,2026-05-28 14:35:29.301,22.6671718,114.5088812,205.1,10.0,-0.09,53.4,0.0,21.4,1088.9,1093.00,10.0,2.0,2.5,NR5G-SA,n79,-91,-91,-10,22,-999,7.7
2026-05-28 14:29:21.447,2026-05-28 14:35:29.501,22.6671852,114.5089008,205.1,10.0,-0.06,53.5,0.0,21.4,1091.4,1095.51,10.0,2.0,2.5,NR5G-SA,n79,-91,-91,-10,22,-999,5.8
2026-05-28 14:29:21.648,2026-05-28 14:35:29.501,22.6671986,114.5089205,205.1,10.1,-0.07,53.5,0.0,22.9,1093.9,1098.02,10.0,2.0,2.5,NR5G-SA,n79,-88,-88,-10,22,-999,10.1
2026-05-28 14:29:21.848,2026-05-28 14:35:29.901,22.6671986,114.5089205,205.1,10.1,-0.07,53.5,0.0,22.9,1093.9,1098.02,10.0,2.0,2.5,NR5G-SA,n79,-88,-88,-10,22,-999,10.1
2026-05-28 14:29:22.048,2026-05-28 14:35:30.101,22.6672121,114.5089401,205.1,10.0,-0.05,53.5,0.0,22.9,1096.4,1100.54,10.0,2.0,2.5,NR5G-SA,n79,-88,-88,-10,22,-999,6.2
2026-05-28 14:29:22.249,2026-05-28 14:35:30.301,22.6672255,114.5089597,205.1,10.0,-0.08,53.5,0.0,22.9,1098.9,1103.04,10.0,2.0,2.5,NR5G-SA,n79,-89,-89,-10,22,-999,5.6
2026-05-28 14:29:22.449,2026-05-28 14:35:30.501,22.6672388,114.5089793,205.0,10.0,-0.05,53.5,0.0,22.9,1101.4,1105.54,10.0,2.0,2.5,NR5G-SA,n79,-89,-89,-10,22,-999,5.3
2026-05-28 14:29:22.650,2026-05-28 14:35:30.501,22.6672522,114.5089989,205.0,10.0,-0.08,53.5,0.0,22.9,1104.0,1108.05,10.0,2.0,2.5,NR5G-SA,n79,-89,-89,-10,22,-999,8.2
2026-05-28 14:29:22.850,2026-05-28 14:35:30.901,22.6672656,114.5090184,205.0,10.0,-0.08,53.5,0.0,23.7,1106.4,1110.54,10.0,2.0,2.5,NR5G-SA,n79,-89,-89,-10,22,-999,8.3
2026-05-28 14:29:23.051,2026-05-28 14:35:31.101,22.6672656,114.5090184,205.0,10.0,-0.06,53.5,0.0,23.7,1106.4,1110.54,10.0,2.0,2.5,NR5G-SA,n79,-89,-89,-10,22,-999,9.5
2026-05-28 14:29:23.251,2026-05-28 14:35:31.301,22.6672789,114.5090380,205.0,10.0,-0.07,53.5,0.0,23.7,1108.9,1113.04,10.0,2.0,2.5,NR5G-SA,n79,-91,-91,-10,21,-999,9.4
2026-05-28 14:29:23.451,2026-05-28 14:35:31.501,22.6672922,114.5090575,205.0,10.0,-0.05,53.5,0.0,23.7,1111.4,1115.53,10.0,2.0,2.5,NR5G-SA,n79,-91,-91,-10,21,-999,5.2
2026-05-28 14:29:23.652,2026-05-28 14:35:31.901,22.6673055,114.5090771,204.9,10.0,-0.13,53.5,0.0,23.7,1113.9,1118.03,10.0,2.0,2.5,NR5G-SA,n79,-91,-91,-10,21,-999,7.4
2026-05-28 14:29:23.852,2026-05-28 14:35:31.901,22.6673188,114.5090968,204.9,10.0,-0.08,53.5,0.0,23.4,1116.4,1120.54,10.0,2.0,2.5,NR5G-SA,n79,-91,-91,-10,20,-999,11.1
2026-05-28 14:29:24.053,2026-05-28 14:35:32.101,22.6673188,114.5090968,204.9,10.0,-0.08,53.5,0.0,23.4,1116.4,1120.54,10.0,2.0,2.5,NR5G-SA,n79,-91,-91,-10,20,-999,9.9
2026-05-28 14:29:24.253,2026-05-28 14:35:32.301,22.6673320,114.5091166,204.9,10.0,-0.10,53.5,1.6,23.4,1119.0,1123.05,10.0,2.0,2.5,NR5G-SA,n79,-91,-91,-10,20,-999,7.5
2026-05-28 14:29:24.454,2026-05-28 14:35:32.501,22.6673454,114.5091363,204.8,10.1,-0.12,53.6,1.6,23.4,1121.5,1125.56,10.0,2.0,2.5,NR5G-SA,n79,-44,-44,-10,18,-999,6.1
2026-05-28 14:29:24.654,2026-05-28 14:35:32.901,22.6673589,114.5091561,204.8,10.0,-0.06,53.7,1.6,23.4,1124.0,1128.09,10.0,2.0,2.5,NR5G-SA,n79,-44,-44,-10,18,-999,7.0
2026-05-28 14:29:24.854,2026-05-28 14:35:32.901,22.6673723,114.5091759,204.8,10.0,-0.04,53.8,1.6,22.6,1126.5,1130.61,10.0,2.0,2.5,NR5G-SA,n79,-44,-44,-10,18,-999,10.9
2026-05-28 14:29:25.055,2026-05-28 14:35:33.101,22.6673723,114.5091759,204.8,10.0,-0.04,53.8,1.6,22.6,1126.5,1130.61,10.0,2.0,2.5,NR5G-SA,n79,-44,-44,-10,19,-999,11.4
2026-05-28 14:29:25.255,2026-05-28 14:35:33.301,22.6673857,114.5091955,204.8,10.0,-0.06,53.8,0.0,22.6,1129.0,1133.12,10.0,2.0,2.5,NR5G-SA,n79,-44,-44,-10,19,-999,9.0
2026-05-28 14:29:25.456,2026-05-28 14:35:33.501,22.6673991,114.5092151,204.8,10.0,-0.10,53.8,0.0,22.6,1131.5,1135.63,10.0,2.0,2.5,NR5G-SA,n79,-44,-44,-10,21,-999,6.7
2026-05-28 14:29:25.656,2026-05-28 14:35:33.901,22.6674124,114.5092348,204.8,10.0,-0.05,53.7,0.0,22.6,1134.0,1138.13,10.0,2.0,2.5,NR5G-SA,n79,-44,-44,-10,21,-999,7.4
2026-05-28 14:29:25.857,2026-05-28 14:35:33.901,22.6674258,114.5092544,204.7,10.0,-0.04,53.7,0.0,21.5,1136.5,1140.64,10.0,2.0,2.5,NR5G-SA,n79,-44,-44,-10,21,-999,9.3
2026-05-28 14:29:26.057,2026-05-28 14:35:34.101,22.6674258,114.5092544,204.7,10.0,-0.04,53.7,0.0,21.5,1136.5,1140.64,10.0,2.0,2.5,NR5G-SA,n79,-44,-44,-10,23,-999,10.6
2026-05-28 14:29:26.258,2026-05-28 14:35:34.301,22.6674392,114.5092738,204.7,9.9,-0.01,53.5,4.5,21.5,1139.0,1143.13,10.0,2.0,2.5,NR5G-SA,n79,-44,-44,-10,23,-999,8.8
2026-05-28 14:29:26.458,2026-05-28 14:35:34.501,22.6674527,114.5092933,204.7,9.9,-0.02,53.3,4.5,21.5,1141.5,1145.63,10.0,2.0,2.5,NR5G-SA,n79,-44,-44,-10,23,-999,4.4
2026-05-28 14:29:26.658,2026-05-28 14:35:34.501,22.6674662,114.5093127,204.7,10.0,-0.03,53.1,4.5,21.5,1144.0,1148.13,10.0,2.0,2.5,NR5G-SA,n79,-44,-44,-10,24,-999,6.7
2026-05-28 14:29:26.859,2026-05-28 14:35:34.901,22.6674797,114.5093321,204.7,9.9,-0.07,53.1,4.5,19.7,1146.5,1150.62,10.0,2.0,2.5,NR5G-SA,n79,-44,-44,-10,24,-999,6.7
2026-05-28 14:29:27.059,2026-05-28 14:35:35.101,22.6674797,114.5093321,204.7,9.9,-0.07,53.1,4.5,19.7,1146.5,1150.62,10.0,2.0,2.5,NR5G-SA,n79,-44,-44,-10,24,-999,9.4
2026-05-28 14:29:27.260,2026-05-28 14:35:35.301,22.6674931,114.5093515,204.7,9.9,-0.12,53.0,0.0,19.7,1149.0,1153.11,10.0,2.0,2.5,NR5G-SA,n79,-44,-44,-10,24,-999,8.1
2026-05-28 14:29:27.460,2026-05-28 14:35:35.501,22.6675066,114.5093710,204.7,10.0,-0.13,53.1,0.0,19.7,1151.5,1155.62,10.0,2.0,2.5,NR5G-SA,n79,-44,-44,-10,24,-999,5.5
2026-05-28 14:29:27.660,2026-05-28 14:35:35.901,22.6675200,114.5093905,204.6,10.0,-0.12,53.1,0.0,19.7,1154.0,1158.11,10.0,2.0,2.5,NR5G-SA,n79,-44,-44,-10,24,-999,6.9
2026-05-28 14:29:27.861,2026-05-28 14:35:35.901,22.6675335,114.5094101,204.6,10.0,-0.14,53.3,0.0,18.4,1156.5,1160.63,10.0,2.0,2.5,NR5G-SA,n79,-44,-44,-10,25,-999,9.3
2026-05-28 14:29:28.061,2026-05-28 14:35:36.101,22.6675335,114.5094101,204.6,10.0,-0.14,53.3,0.0,18.4,1156.5,1160.63,10.0,2.0,2.5,NR5G-SA,n79,-44,-44,-10,25,-999,11.3
2026-05-28 14:29:28.262,2026-05-28 14:35:36.301,22.6675468,114.5094297,204.6,10.0,-0.09,53.3,16.4,18.4,1159.0,1163.13,10.0,2.0,2.5,NR5G-SA,n79,-44,-44,-10,25,-999,9.4
2026-05-28 14:29:28.462,2026-05-28 14:35:36.501,22.6675600,114.5094495,204.5,10.1,-0.12,53.2,16.4,18.4,1161.5,1165.64,10.0,2.0,2.5,NR5G-SA,n79,-44,-44,-10,25,-999,5.3
2026-05-28 14:29:28.662,2026-05-28 14:35:36.501,22.6675733,114.5094692,204.5,10.0,-0.09,53.2,16.4,18.4,1164.0,1168.14,10.0,2.0,2.5,NR5G-SA,n79,-44,-44,-10,25,-999,10.0
2026-05-28 14:29:28.863,2026-05-28 14:35:36.901,22.6675865,114.5094890,204.5,10.0,-0.07,53.3,16.4,16.9,1166.6,1170.65,10.0,2.0,2.5,NR5G-SA,n79,-44,-44,-10,25,-999,7.5
2026-05-28 14:29:29.063,2026-05-28 14:35:37.101,22.6675865,114.5094890,204.5,10.0,-0.07,53.3,16.4,16.9,1166.6,1170.65,10.0,2.0,2.5,NR5G-SA,n79,-44,-44,-10,25,-999,9.9
2026-05-28 14:29:29.264,2026-05-28 14:35:37.301,22.6675998,114.5095086,204.5,10.0,-0.08,53.4,41.5,16.9,1169.1,1173.15,10.0,2.0,2.5,NR5G-SA,n79,-44,-44,-10,25,-999,7.9
2026-05-28 14:29:29.464,2026-05-28 14:35:37.501,22.6676130,114.5095283,204.4,10.0,-0.06,53.4,41.5,16.9,1171.6,1175.65,10.0,2.0,2.5,NR5G-SA,n79,-44,-44,-10,25,-999,5.4
2026-05-28 14:29:29.664,2026-05-28 14:35:37.901,22.6676264,114.5095479,204.4,10.0,-0.07,53.4,41.5,16.9,1174.1,1178.16,10.0,2.0,2.5,NR5G-SA,n79,-44,-44,-10,25,-999,7.5
2026-05-28 14:29:29.865,2026-05-28 14:35:37.901,22.6676397,114.5095675,204.4,10.0,-0.05,53.5,41.5,17.7,1176.6,1180.66,10.0,2.0,2.5,NR5G-SA,n79,-44,-44,-10,25,-999,8.9
2026-05-28 14:29:30.065,2026-05-28 14:35:38.101,22.6676397,114.5095675,204.4,10.0,-0.05,53.5,41.5,17.7,1176.6,1180.66,10.0,2.0,2.5,NR5G-SA,n79,-44,-44,-10,25,-999,8.5
2026-05-28 14:29:30.265,2026-05-28 14:35:38.301,22.6676531,114.5095871,204.4,10.0,-0.16,53.4,25.1,17.7,1179.1,1183.16,10.0,2.0,2.5,NR5G-SA,n79,-44,-44,-10,25,-999,4.5
2026-05-28 14:29:30.466,2026-05-28 14:35:38.501,22.6676664,114.5096067,204.3,10.0,-0.16,53.3,25.1,17.7,1181.6,1185.66,10.0,2.0,2.5,NR5G-SA,n79,-44,-44,-10,24,-999,3.5
2026-05-28 14:29:30.666,2026-05-28 14:35:38.901,22.6676798,114.5096265,204.3,10.0,-0.09,53.4,25.1,17.7,1184.1,1188.18,10.0,2.0,2.5,NR5G-SA,n79,-44,-44,-10,24,-999,7.5
2026-05-28 14:29:30.866,2026-05-28 14:35:38.901,22.6676931,114.5096461,204.3,10.0,-0.03,53.5,25.1,18.7,1186.6,1190.68,10.0,2.0,2.5,NR5G-SA,n79,-44,-44,-10,24,-999,8.9
2026-05-28 14:29:31.067,2026-05-28 14:35:39.101,22.6676931,114.5096461,204.3,10.0,-0.03,53.5,25.1,18.7,1186.6,1190.68,10.0,2.0,2.5,NR5G-SA,n79,-44,-44,-10,24,-999,9.5
2026-05-28 14:29:31.267,2026-05-28 14:35:39.301,22.6677064,114.5096657,204.3,9.9,-0.05,53.6,38.0,18.7,1189.1,1193.18,10.0,2.0,2.5,NR5G-SA,n79,-44,-44,-10,24,-999,8.6
2026-05-28 14:29:31.468,2026-05-28 14:35:39.501,22.6677196,114.5096852,204.3,10.0,-0.05,53.7,38.0,18.7,1191.6,1195.67,10.0,2.0,2.5,NR5G-SA,n79,-44,-44,-10,24,-999,6.2
2026-05-28 14:29:31.668,2026-05-28 14:35:39.501,22.6677329,114.5097048,204.3,10.0,-0.05,53.6,38.0,18.7,1194.1,1198.16,10.0,2.0,2.5,NR5G-SA,n79,-44,-44,-10,24,-999,7.9
2026-05-28 14:29:31.868,2026-05-28 14:35:39.901,22.6677461,114.5097244,204.2,10.0,-0.07,53.6,38.0,18.6,1196.6,1200.66,10.0,2.0,2.5,NR5G-SA,n79,-44,-44,-10,24,-999,7.6
2026-05-28 14:29:32.069,2026-05-28 14:35:40.101,22.6677461,114.5097244,204.2,10.0,-0.07,53.6,38.0,18.6,1196.6,1200.66,10.0,2.0,2.5,NR5G-SA,n79,-44,-44,-10,24,-999,8.7
2026-05-28 14:29:32.269,2026-05-28 14:35:40.301,22.6677595,114.5097440,204.2,10.0,-0.06,53.6,0.0,18.6,1199.1,1203.16,10.0,2.0,2.5,NR5G-SA,n79,-44,-44,-10,24,-999,7.1
2026-05-28 14:29:32.470,2026-05-28 14:35:40.501,22.6677728,114.5097636,204.2,9.9,-0.03,53.6,0.0,18.6,1201.6,1205.66,10.0,2.0,2.5,NR5G-SA,n79,-44,-44,-10,24,-999,5.8
2026-05-28 14:29:32.670,2026-05-28 14:35:40.901,22.6677861,114.5097831,204.2,10.0,-0.08,53.6,0.0,18.6,1204.1,1208.15,10.0,2.0,2.5,NR5G-SA,n79,-44,-44,-10,24,-999,6.6
2026-05-28 14:29:32.871,2026-05-28 14:35:40.901,22.6677995,114.5098026,204.2,10.0,-0.10,53.7,0.0,18.6,1206.6,1210.65,10.0,2.0,2.5,NR5G-SA,n79,-44,-44,-10,24,-999,7.3
2026-05-28 14:29:33.071,2026-05-28 14:35:41.101,22.6677995,114.5098026,204.2,10.0,-0.10,53.7,0.0,19.6,1206.6,1210.65,10.0,2.0,2.5,NR5G-SA,n79,-44,-44,-10,24,-999,9.4
2026-05-28 14:29:33.272,2026-05-28 14:35:41.301,22.6678128,114.5098222,204.2,10.0,-0.11,53.6,0.0,19.6,1209.1,1213.15,10.0,2.0,2.5,NR5G-SA,n79,-44,-44,-10,24,-999,8.1
2026-05-28 14:29:33.472,2026-05-28 14:35:41.501,22.6678262,114.5098417,204.1,9.9,-0.07,53.6,0.0,19.6,1211.6,1215.65,10.0,2.0,2.5,NR5G-SA,n79,-44,-44,-10,24,-999,4.8
2026-05-28 14:29:33.672,2026-05-28 14:35:41.901,22.6678395,114.5098612,204.1,10.0,-0.07,53.6,0.0,19.6,1214.0,1218.14,10.0,2.0,2.5,NR5G-SA,n79,-44,-44,-10,24,-999,5.2
2026-05-28 14:29:33.873,2026-05-28 14:35:41.901,22.6678528,114.5098807,204.1,9.9,-0.10,53.6,0.0,19.6,1216.5,1220.63,10.0,2.0,2.5,NR5G-SA,n79,-44,-44,-10,24,-999,10.5
2026-05-28 14:29:34.073,2026-05-28 14:35:42.101,22.6678528,114.5098807,204.1,9.9,-0.10,53.6,0.0,20.6,1216.5,1220.63,10.0,2.0,2.5,NR5G-SA,n79,-44,-44,-10,24,-999,11.1
2026-05-28 14:29:34.274,2026-05-28 14:35:42.301,22.6678662,114.5099004,204.1,10.0,-0.10,53.6,8.0,20.6,1219.0,1223.14,10.0,2.0,2.5,NR5G-SA,n79,-44,-44,-10,24,-999,8.8
2026-05-28 14:29:34.474,2026-05-28 14:35:42.501,22.6678795,114.5099199,204.0,10.0,-0.05,53.5,8.0,20.6,1221.5,1225.63,10.0,2.0,2.5,NR5G-SA,n79,-44,-44,-10,23,-999,5.7
2026-05-28 14:29:34.674,2026-05-28 14:35:42.501,22.6678929,114.5099394,204.0,10.0,-0.06,53.3,8.0,20.6,1224.0,1228.13,10.0,2.0,2.5,NR5G-SA,n79,-44,-44,-10,23,-999,9.9
2026-05-28 14:29:34.875,2026-05-28 14:35:42.901,22.6679064,114.5099589,204.0,10.0,-0.07,53.3,8.0,20.6,1226.5,1230.64,10.0,2.0,2.5,NR5G-SA,n79,-44,-44,-10,22,-999,8.2
2026-05-28 14:29:35.075,2026-05-28 14:35:43.101,22.6679064,114.5099589,204.0,10.0,-0.07,53.3,8.0,20.1,1226.5,1230.64,10.0,2.0,2.5,NR5G-SA,n79,-44,-44,-10,22,-999,8.3
2026-05-28 14:29:35.276,2026-05-28 14:35:43.301,22.6679198,114.5099784,204.0,10.0,-0.07,53.4,0.0,20.1,1229.0,1233.13,10.0,2.0,2.5,NR5G-SA,n79,-44,-44,-10,22,-999,8.9
2026-05-28 14:29:35.476,2026-05-28 14:35:43.501,22.6679332,114.5099980,204.0,10.0,-0.11,53.4,0.0,20.1,1231.5,1235.64,10.0,2.0,2.5,NR5G-SA,n79,-44,-44,-10,22,-999,4.9
2026-05-28 14:29:35.676,2026-05-28 14:35:43.501,22.6679466,114.5100175,203.9,10.0,-0.07,53.3,0.0,20.1,1234.0,1238.14,10.0,2.0,2.5,NR5G-SA,n79,-44,-44,-10,22,-999,10.1
2026-05-28 14:29:35.877,2026-05-28 14:35:43.901,22.6679599,114.5100371,203.9,10.0,-0.06,53.3,0.0,20.1,1236.5,1240.63,10.0,2.0,2.5,NR5G-SA,n79,-44,-44,-10,22,-999,7.6
2026-05-28 14:29:36.077,2026-05-28 14:35:44.101,22.6679599,114.5100371,203.9,10.0,-0.06,53.3,0.0,19.7,1236.5,1240.63,10.0,2.0,2.5,NR5G-SA,n79,-44,-44,-10,23,-999,14.0
2026-05-28 14:29:36.277,2026-05-28 14:35:44.301,22.6679733,114.5100566,203.9,10.0,-0.08,53.3,21.7,19.7,1239.0,1243.13,10.0,2.0,2.5,NR5G-SA,n79,-44,-44,-10,23,-999,9.2
2026-05-28 14:29:36.478,2026-05-28 14:35:44.501,22.6679866,114.5100762,203.9,10.0,-0.08,53.5,21.7,19.7,1241.5,1245.63,10.0,2.0,2.5,NR5G-SA,n79,-44,-44,-10,23,-999,6.6
2026-05-28 14:29:36.678,2026-05-28 14:35:44.501,22.6679999,114.5100959,203.9,10.0,-0.07,53.6,21.7,19.7,1244.0,1248.14,10.0,2.0,2.5,NR5G-SA,n79,-44,-44,-10,22,-999,7.1
2026-05-28 14:29:36.879,2026-05-28 14:35:44.901,22.6680132,114.5101154,203.8,10.0,-0.03,53.6,21.7,19.7,1246.5,1250.63,10.0,2.0,2.5,NR5G-SA,n79,-44,-44,-10,22,-999,5.9
2026-05-28 14:29:37.079,2026-05-28 14:35:45.101,22.6680132,114.5101154,203.8,10.0,-0.03,53.6,21.7,20.2,1246.5,1250.63,10.0,2.0,2.5,NR5G-SA,n79,-44,-44,-10,22,-999,13.7
2026-05-28 14:29:37.279,2026-05-28 14:35:45.301,22.6680266,114.5101350,203.8,10.0,-0.05,53.6,0.0,20.2,1249.0,1253.14,10.0,2.0,2.5,NR5G-SA,n79,-44,-44,-10,22,-999,9.3
2026-05-28 14:29:37.480,2026-05-28 14:35:45.501,22.6680398,114.5101546,203.8,10.0,-0.06,53.6,0.0,20.2,1251.5,1255.63,10.0,2.0,2.5,NR5G-SA,n79,-44,-44,-10,22,-999,6.3
2026-05-28 14:29:37.680,2026-05-28 14:35:45.501,22.6680532,114.5101742,203.8,10.0,-0.11,53.6,0.0,20.2,1254.0,1258.13,10.0,2.0,2.5,NR5G-SA,n79,-44,-44,-10,23,-999,10.0
2026-05-28 14:29:37.881,2026-05-28 14:35:45.901,22.6680665,114.5101937,203.7,10.0,-0.11,53.6,0.0,20.2,1256.5,1260.62,10.0,2.0,2.5,NR5G-SA,n79,-44,-44,-10,23,-999,6.6
2026-05-28 14:29:38.081,2026-05-28 14:35:46.101,22.6680665,114.5101937,203.7,10.0,-0.11,53.6,0.0,19.3,1256.5,1260.62,10.0,2.0,2.5,NR5G-SA,n79,-44,-44,-10,23,-999,11.2
2026-05-28 14:29:38.281,2026-05-28 14:35:46.301,22.6680798,114.5102134,203.7,10.0,-0.06,53.6,27.7,19.3,1259.0,1263.13,10.0,2.0,2.5,NR5G-SA,n79,-44,-44,-10,23,-999,5.7
2026-05-28 14:29:38.482,2026-05-28 14:35:46.501,22.6680932,114.5102330,203.7,10.0,-0.07,53.6,27.7,19.3,1261.5,1265.64,10.0,2.0,2.5,NR5G-SA,n79,-44,-44,-10,23,-999,5.1
2026-05-28 14:29:38.682,2026-05-28 14:35:46.501,22.6681065,114.5102527,203.7,10.0,-0.10,53.5,27.7,19.3,1264.0,1268.14,10.0,2.0,2.5,NR5G-SA,n79,-44,-44,-10,23,-999,8.8
2026-05-28 14:29:38.883,2026-05-28 14:35:46.901,22.6681198,114.5102724,203.7,10.0,-0.08,53.4,27.7,19.3,1266.6,1270.65,10.0,2.0,2.5,NR5G-SA,n79,-44,-44,-10,24,-999,7.8
2026-05-28 14:29:39.083,2026-05-28 14:35:47.101,22.6681198,114.5102724,203.7,10.0,-0.08,53.4,27.7,18.7,1266.6,1270.65,10.0,2.0,2.5,NR5G-SA,n79,-44,-44,-10,24,-999,13.6
2026-05-28 14:29:39.283,2026-05-28 14:35:47.301,22.6681331,114.5102921,203.7,10.0,-0.11,53.4,0.0,18.7,1269.1,1273.16,10.0,2.0,2.5,NR5G-SA,n79,-44,-44,-10,24,-999,10.2
2026-05-28 14:29:39.484,2026-05-28 14:35:47.501,22.6681464,114.5103117,203.6,10.0,-0.06,53.5,0.0,18.7,1271.6,1275.66,10.0,2.0,2.5,NR5G-SA,n79,-44,-44,-10,24,-999,5.8
2026-05-28 14:29:39.684,2026-05-28 14:35:47.901,22.6681597,114.5103313,203.6,10.0,-0.10,53.5,0.0,18.7,1274.1,1278.16,10.0,2.0,2.5,NR5G-SA,n79,-44,-44,-10,24,-999,6.2
2026-05-28 14:29:39.885,2026-05-28 14:35:47.901,22.6681729,114.5103509,203.6,10.0,-0.14,53.5,0.0,18.7,1276.6,1280.65,10.0,2.0,2.5,NR5G-SA,n79,-44,-44,-10,22,-999,8.4
2026-05-28 14:29:40.085,2026-05-28 14:35:48.101,22.6681729,114.5103509,203.6,10.0,-0.14,53.5,0.0,19.3,1276.6,1280.65,10.0,2.0,2.5,NR5G-SA,n79,-44,-44,-10,22,-999,6.6
2026-05-28 14:29:40.285,2026-05-28 14:35:48.301,22.6681863,114.5103706,203.6,10.0,-0.04,53.4,0.0,19.3,1279.1,1283.16,10.0,2.0,2.5,NR5G-SA,n79,-44,-44,-10,22,-999,9.0
2026-05-28 14:29:40.486,2026-05-28 14:35:48.501,22.6681997,114.5103902,203.6,10.0,-0.07,53.4,0.0,19.3,1281.6,1285.67,10.0,2.0,2.5,NR5G-SA,n79,-44,-44,-10,21,-999,5.2
2026-05-28 14:29:40.686,2026-05-28 14:35:48.901,22.6682130,114.5104098,203.5,10.0,-0.08,53.5,0.0,19.3,1284.1,1288.17,10.0,2.0,2.5,NR5G-SA,n79,-44,-44,-10,21,-999,6.3
2026-05-28 14:29:40.886,2026-05-28 14:35:48.901,22.6682264,114.5104293,203.5,10.0,-0.11,53.5,0.0,19.3,1286.6,1290.67,10.0,2.0,2.5,NR5G-SA,n79,-44,-44,-10,21,-999,5.4
2026-05-28 14:29:41.087,2026-05-28 14:35:49.101,22.6682399,114.5104490,203.5,10.0,-0.11,53.5,0.0,18.7,1289.1,1293.19,10.0,2.0,2.5,NR5G-SA,n79,-44,-44,-10,20,-999,13.3
2026-05-28 14:29:41.287,2026-05-28 14:35:49.301,22.6682399,114.5104490,203.5,10.0,-0.11,53.5,0.0,18.7,1289.1,1293.19,10.0,2.0,2.5,NR5G-SA,n79,-44,-44,-10,20,-999,10.7
2026-05-28 14:29:41.487,2026-05-28 14:35:49.501,22.6682533,114.5104687,203.5,10.0,-0.07,53.6,0.0,18.7,1291.6,1295.70,10.0,2.0,2.5,NR5G-SA,n79,-44,-44,-10,20,-999,5.1
2026-05-28 14:29:41.688,2026-05-28 14:35:49.901,22.6682667,114.5104883,203.4,10.0,-0.06,53.4,0.0,18.7,1294.1,1298.21,10.0,2.0,2.5,NR5G-SA,n79,-44,-44,-10,20,-999,6.1
2026-05-28 14:29:41.888,2026-05-28 14:35:49.901,22.6682801,114.5105078,203.4,10.0,-0.09,53.4,0.0,18.7,1296.6,1300.70,10.0,2.0,2.5,NR5G-SA,n79,-44,-44,-10,20,-999,8.3
2026-05-28 14:29:42.089,2026-05-28 14:35:50.101,22.6682801,114.5105078,203.4,10.0,-0.09,53.4,0.0,18.7,1296.6,1300.70,10.0,2.0,2.5,NR5G-SA,n79,-44,-44,-10,20,-999,15.8
2026-05-28 14:29:42.289,2026-05-28 14:35:50.301,22.6682936,114.5105274,203.4,10.0,-0.10,53.4,0.0,19.2,1299.1,1303.22,10.0,2.0,2.5,NR5G-SA,n79,-44,-44,-10,20,-999,9.5
2026-05-28 14:29:42.489,2026-05-28 14:35:50.501,22.6683069,114.5105469,203.4,10.0,-0.11,53.5,0.0,19.2,1301.6,1305.71,10.0,2.0,2.5,NR5G-SA,n79,-44,-44,-10,20,-999,5.3
2026-05-28 14:29:42.690,2026-05-28 14:35:50.901,22.6683203,114.5105665,203.4,10.0,-0.07,53.6,0.0,19.2,1304.1,1308.21,10.0,2.0,2.5,NR5G-SA,n79,-44,-44,-10,19,-999,8.2
2026-05-28 14:29:42.890,2026-05-28 14:35:50.901,22.6683336,114.5105861,203.3,10.0,-0.06,53.7,0.0,19.2,1306.6,1310.71,10.0,2.0,2.5,NR5G-SA,n79,-44,-44,-10,19,-999,6.6
2026-05-28 14:29:43.090,2026-05-28 14:35:51.101,22.6683336,114.5105861,203.3,10.0,-0.06,53.7,0.0,19.2,1306.6,1310.71,10.0,2.0,2.5,NR5G-SA,n79,-44,-44,-10,19,-999,13.1
2026-05-28 14:29:43.291,2026-05-28 14:35:51.301,22.6683469,114.5106057,203.3,10.0,-0.07,53.6,0.0,19.7,1309.1,1313.21,10.0,2.0,2.5,NR5G-SA,n79,-44,-44,-10,19,-999,7.8
2026-05-28 14:29:43.491,2026-05-28 14:35:51.501,22.6683603,114.5106252,203.3,10.0,-0.13,53.6,0.0,19.7,1311.6,1315.71,10.0,2.0,2.5,NR5G-SA,n79,-44,-44,-10,19,-999,6.3
2026-05-28 14:29:43.691,2026-05-28 14:35:51.901,22.6683736,114.5106448,203.3,10.0,-0.14,53.6,0.0,19.7,1314.1,1318.21,10.0,2.0,2.5,NR5G-SA,n79,-44,-44,-10,19,-999,5.6
2026-05-28 14:29:43.892,2026-05-28 14:35:51.901,22.6683870,114.5106645,203.2,10.0,-0.10,53.7,0.0,19.7,1316.6,1320.72,10.0,2.0,2.5,NR5G-SA,n79,-44,-44,-10,19,-999,5.8
2026-05-28 14:29:44.092,2026-05-28 14:35:52.101,22.6683870,114.5106645,203.2,10.0,-0.10,53.7,0.0,19.7,1316.6,1320.72,10.0,2.0,2.5,NR5G-SA,n79,-44,-44,-10,19,-999,14.2
2026-05-28 14:29:44.293,2026-05-28 14:35:52.301,22.6684003,114.5106842,203.2,10.0,-0.07,53.8,0.0,19.7,1319.1,1323.23,10.0,2.0,2.5,NR5G-SA,n79,-44,-44,-10,18,-999,9.7
2026-05-28 14:29:44.493,2026-05-28 14:35:52.501,22.6684136,114.5107038,203.2,10.0,-0.05,53.9,0.0,19.7,1321.6,1325.73,10.0,2.0,2.5,NR5G-SA,n79,-44,-44,-10,18,-999,5.6
2026-05-28 14:29:44.693,2026-05-28 14:35:52.901,22.6684270,114.5107235,203.2,10.0,-0.04,53.8,0.0,19.7,1324.1,1328.24,10.0,2.0,2.5,NR5G-SA,n79,-44,-44,-10,18,-999,5.8
2026-05-28 14:29:44.894,2026-05-28 14:35:52.901,22.6684404,114.5107431,203.2,10.0,-0.06,53.8,0.0,19.7,1326.7,1330.75,10.0,2.0,2.5,NR5G-SA,n79,-44,-44,-10,18,-999,7.1
2026-05-28 14:29:45.094,2026-05-28 14:35:53.101,22.6684404,114.5107431,203.2,10.0,-0.06,53.8,0.0,19.7,1326.7,1330.75,10.0,2.0,2.5,NR5G-SA,n79,-44,-44,-10,18,-999,9.1
2026-05-28 14:29:45.295,2026-05-28 14:35:53.301,22.6684537,114.5107626,203.2,10.0,-0.10,53.8,0.0,20.4,1329.1,1333.24,10.0,2.0,2.5,NR5G-SA,n79,-44,-44,-10,18,-999,8.8
2026-05-28 14:29:45.495,2026-05-28 14:35:53.501,22.6684670,114.5107821,203.1,10.0,-0.09,53.8,0.0,20.4,1331.6,1335.73,10.0,2.0,2.5,NR5G-SA,n79,-44,-44,-10,16,-999,4.3
2026-05-28 14:29:45.696,2026-05-28 14:35:53.901,22.6684803,114.5108016,203.1,10.0,-0.06,53.7,0.0,20.4,1334.1,1338.22,10.0,2.0,2.5,NR5G-SA,n79,-44,-44,-10,16,-999,6.7
2026-05-28 14:29:45.896,2026-05-28 14:35:54.101,22.6684936,114.5108211,203.1,10.0,-0.10,53.7,0.0,20.4,1336.6,1340.71,10.0,2.0,2.5,NR5G-SA,n79,-44,-44,-10,16,-999,4.8
2026-05-28 14:29:46.097,2026-05-28 14:35:54.101,22.6685069,114.5108406,203.1,10.0,-0.10,53.6,0.0,20.4,1339.1,1343.20,10.0,2.0,2.5,NR5G-SA,n79,-44,-44,-10,15,-999,12.5
2026-05-28 14:29:46.297,2026-05-28 14:35:54.301,22.6685069,114.5108406,203.1,10.0,-0.07,53.6,0.0,21.5,1339.1,1343.20,10.0,2.0,2.5,NR5G-SA,n79,-44,-44,-10,15,-999,8.3
2026-05-28 14:29:46.498,2026-05-28 14:35:54.501,22.6685203,114.5108602,203.1,10.0,-0.05,53.6,0.0,21.5,1341.6,1345.71,10.0,2.0,2.5,NR5G-SA,n79,-44,-44,-10,15,-999,4.5
2026-05-28 14:29:46.698,2026-05-28 14:35:54.901,22.6685338,114.5108798,203.1,10.0,-0.07,53.5,0.0,21.5,1344.1,1348.22,10.0,2.0,2.5,NR5G-SA,n79,-44,-44,-10,15,-999,5.8
2026-05-28 14:29:46.899,2026-05-28 14:35:54.901,22.6685472,114.5108993,203.0,10.0,-0.09,53.4,0.0,21.5,1346.6,1350.72,10.0,2.0,2.5,NR5G-SA,n79,-44,-44,-10,15,-999,8.4
2026-05-28 14:29:47.099,2026-05-28 14:35:55.101,22.6685607,114.5109189,203.0,10.0,-0.06,53.5,0.0,21.5,1349.1,1353.23,10.0,2.0,2.5,NR5G-SA,n79,-44,-44,-10,14,-999,13.7
2026-05-28 14:29:47.299,2026-05-28 14:35:55.301,22.6685607,114.5109189,203.0,10.0,-0.06,53.5,0.0,20.3,1349.1,1353.23,10.0,2.0,2.5,NR5G-SA,n79,-44,-44,-10,14,-999,8.0
2026-05-28 14:29:47.500,2026-05-28 14:35:55.501,22.6685741,114.5109387,203.0,10.1,-0.12,53.6,0.0,20.3,1351.7,1355.75,10.0,2.0,2.5,NR5G-SA,n79,-44,-44,-10,14,-999,5.2
2026-05-28 14:29:47.700,2026-05-28 14:35:55.901,22.6685875,114.5109584,203.0,10.0,-0.11,53.5,0.0,20.3,1354.2,1358.27,10.0,2.0,2.5,NR5G-SA,n79,-44,-44,-10,14,-999,5.4
2026-05-28 14:29:47.901,2026-05-28 14:35:55.901,22.6686008,114.5109780,202.9,10.0,-0.12,53.6,0.0,20.3,1356.7,1360.77,10.0,2.0,2.5,NR5G-SA,n79,-44,-44,-10,14,-999,7.7
2026-05-28 14:29:48.101,2026-05-28 14:35:56.101,22.6686141,114.5109975,202.9,10.0,-0.12,53.7,0.0,20.3,1359.2,1363.26,10.0,2.0,2.5,NR5G-SA,n79,-44,-44,-10,14,-999,12.4
2026-05-28 14:29:48.301,2026-05-28 14:35:56.301,22.6686141,114.5109975,202.9,10.0,-0.09,53.7,0.0,20.6,1359.2,1363.26,10.0,2.0,2.5,NR5G-SA,n79,-44,-44,-10,14,-999,7.6
2026-05-28 14:29:48.502,2026-05-28 14:35:56.501,22.6686274,114.5110171,202.9,10.0,-0.05,53.6,0.0,20.6,1361.7,1365.76,10.0,2.0,2.5,NR5G-SA,n79,-44,-44,-10,14,-999,5.4
2026-05-28 14:29:48.702,2026-05-28 14:35:56.901,22.6686407,114.5110366,202.9,10.0,-0.07,53.6,0.0,20.6,1364.2,1368.25,10.0,2.0,2.5,NR5G-SA,n79,-44,-44,-10,14,-999,6.6
2026-05-28 14:29:48.903,2026-05-28 14:35:57.101,22.6686541,114.5110562,202.8,10.1,-0.09,53.6,0.0,20.6,1366.7,1370.75,10.0,2.0,2.5,NR5G-SA,n79,-44,-44,-10,14,-999,4.9
2026-05-28 14:29:49.103,2026-05-28 14:35:57.101,22.6686676,114.5110758,202.8,10.0,-0.05,53.5,0.0,20.6,1369.2,1373.26,10.0,2.0,2.5,NR5G-SA,n79,-44,-44,-10,14,-999,12.4
2026-05-28 14:29:49.304,2026-05-28 14:35:57.301,22.6686676,114.5110758,202.8,10.0,-0.05,53.5,0.0,20.9,1369.2,1373.26,10.0,2.0,2.5,NR5G-SA,n79,-44,-44,-10,13,-999,7.2
2026-05-28 14:29:49.504,2026-05-28 14:35:57.501,22.6686811,114.5110956,202.8,10.0,-0.02,53.5,0.0,20.9,1371.7,1375.79,10.0,2.0,2.5,NR5G-SA,n79,-44,-44,-10,13,-999,6.5
2026-05-28 14:29:49.704,2026-05-28 14:35:57.901,22.6686945,114.5111150,202.8,10.0,-0.10,53.5,0.0,20.9,1374.2,1378.28,10.0,2.0,2.5,NR5G-SA,n79,-44,-44,-10,13,-999,7.0
2026-05-28 14:29:49.905,2026-05-28 14:35:58.101,22.6687079,114.5111346,202.8,10.0,-0.10,53.5,0.0,20.9,1376.7,1380.79,10.0,2.0,2.5,NR5G-SA,n79,-44,-44,-10,13,-999,5.8
2026-05-28 14:29:50.105,2026-05-28 14:35:58.101,22.6687079,114.5111346,202.8,10.0,-0.10,53.5,0.0,20.9,1376.7,1380.79,10.0,2.0,2.5,NR5G-SA,n79,-44,-44,-10,13,-999,14.0
2026-05-28 14:29:50.306,2026-05-28 14:35:58.301,22.6687212,114.5111542,202.7,10.0,-0.14,53.5,0.0,20.1,1379.2,1383.29,10.0,2.0,2.5,NR5G-SA,n79,-44,-44,-10,13,-999,9.1
2026-05-28 14:29:50.506,2026-05-28 14:35:58.501,22.6687345,114.5111739,202.7,10.0,-0.11,53.6,0.0,20.1,1381.7,1385.79,10.0,2.0,2.5,NR5G-SA,n79,-44,-44,-10,14,-999,5.5
2026-05-28 14:29:50.707,2026-05-28 14:35:58.901,22.6687478,114.5111934,202.7,10.0,-0.08,53.5,0.0,20.1,1384.2,1388.29,10.0,2.0,2.5,NR5G-SA,n79,-44,-44,-10,14,-999,7.7
2026-05-28 14:29:50.907,2026-05-28 14:35:59.101,22.6687611,114.5112129,202.6,10.0,-0.10,53.3,0.0,20.1,1386.7,1390.78,10.0,2.0,2.5,NR5G-SA,n79,-44,-44,-10,14,-999,5.4
2026-05-28 14:29:51.108,2026-05-28 14:35:59.101,22.6687746,114.5112323,202.6,10.0,-0.02,53.3,0.0,20.1,1389.2,1393.27,10.0,2.0,2.5,NR5G-SA,n79,-44,-44,-10,14,-999,11.7
2026-05-28 14:29:51.308,2026-05-28 14:35:59.301,22.6687746,114.5112323,202.6,10.0,-0.02,53.3,0.0,20.1,1389.2,1393.27,10.0,2.0,2.5,NR5G-SA,n79,-44,-44,-10,14,-999,7.8
2026-05-28 14:29:51.508,2026-05-28 14:35:59.501,22.6687880,114.5112517,202.6,10.0,-0.05,53.3,0.0,20.5,1391.7,1395.76,10.0,2.0,2.5,NR5G-SA,n79,-44,-44,-10,15,-999,4.8
2026-05-28 14:29:51.709,2026-05-28 14:35:59.901,22.6688013,114.5112711,202.6,10.0,-0.07,53.2,0.0,20.5,1394.1,1398.24,10.0,2.0,2.5,NR5G-SA,n79,-44,-44,-10,15,-999,6.6
2026-05-28 14:29:51.909,2026-05-28 14:36:00.101,22.6688146,114.5112907,202.6,10.0,-0.07,53.4,0.0,20.5,1396.6,1400.74,10.0,2.0,2.5,NR5G-SA,n79,-44,-44,-10,15,-999,4.7
2026-05-28 14:29:52.110,2026-05-28 14:36:00.101,22.6688279,114.5113103,202.6,9.9,-0.07,53.4,0.0,20.5,1399.1,1403.24,10.0,2.0,2.5,NR5G-SA,n79,-44,-44,-10,15,-999,11.7
2026-05-28 14:29:52.310,2026-05-28 14:36:00.301,22.6688279,114.5113103,202.6,9.9,-0.07,53.4,0.0,20.5,1399.1,1403.24,10.0,2.0,2.5,NR5G-SA,n79,-44,-44,-10,15,-999,9.1
2026-05-28 14:29:52.510,2026-05-28 14:36:00.501,22.6688411,114.5113299,202.5,10.0,-0.09,53.4,0.0,20.7,1401.6,1405.73,10.0,2.0,2.5,NR5G-SA,n79,-44,-44,-10,15,-999,6.5
2026-05-28 14:29:52.711,2026-05-28 14:36:00.901,22.6688543,114.5113495,202.5,10.0,-0.07,53.3,0.0,20.7,1404.1,1408.23,10.0,2.0,2.5,NR5G-SA,n79,-44,-44,-10,15,-999,4.7
2026-05-28 14:29:52.911,2026-05-28 14:36:01.101,22.6688676,114.5113691,202.5,10.0,-0.10,53.3,0.0,20.7,1406.6,1410.73,10.0,2.0,2.5,NR5G-SA,n79,-44,-44,-10,15,-999,6.5
2026-05-28 14:29:53.112,2026-05-28 14:36:01.101,22.6688809,114.5113887,202.5,10.0,-0.08,53.2,0.0,20.7,1409.1,1413.22,10.0,2.0,2.5,NR5G-SA,n79,-44,-44,-10,16,-999,11.6
2026-05-28 14:29:53.312,2026-05-28 14:36:01.301,22.6688809,114.5113887,202.5,10.0,-0.08,53.2,0.0,20.7,1409.1,1413.22,10.0,2.0,2.5,NR5G-SA,n79,-44,-44,-10,16,-999,9.5
2026-05-28 14:29:53.513,2026-05-28 14:36:01.501,22.6688942,114.5114083,202.5,10.0,-0.10,53.3,0.0,20.7,1411.6,1415.72,10.0,2.0,2.5,NR5G-SA,n79,-44,-44,-10,16,-999,4.4
2026-05-28 14:29:53.713,2026-05-28 14:36:01.901,22.6689076,114.5114279,202.4,10.0,-0.05,53.3,0.0,20.7,1414.1,1418.23,10.0,2.0,2.5,NR5G-SA,n79,-44,-44,-10,16,-999,5.3
2026-05-28 14:29:53.913,2026-05-28 14:36:02.101,22.6689209,114.5114476,202.4,10.0,-0.04,53.3,0.0,20.7,1416.6,1420.74,10.0,2.0,2.5,NR5G-SA,n79,-44,-44,-10,16,-999,5.7
2026-05-28 14:29:54.114,2026-05-28 14:36:02.101,22.6689343,114.5114672,202.4,10.0,-0.03,53.2,0.0,20.7,1419.1,1423.24,10.0,2.0,2.5,NR5G-SA,n79,-44,-44,-10,16,-999,10.5
2026-05-28 14:29:54.314,2026-05-28 14:36:02.301,22.6689343,114.5114672,202.4,10.0,-0.03,53.2,0.0,20.7,1419.1,1423.24,10.0,2.0,2.5,NR5G-SA,n79,-44,-44,-10,15,-999,9.3
2026-05-28 14:29:54.515,2026-05-28 14:36:02.501,22.6689477,114.5114868,202.4,10.0,-0.06,53.3,0.0,20.5,1421.7,1425.75,10.0,2.0,2.5,NR5G-SA,n79,-44,-44,-10,15,-999,5.2
2026-05-28 14:29:54.715,2026-05-28 14:36:02.901,22.6689611,114.5115064,202.4,10.0,-0.09,53.3,0.0,20.5,1424.2,1428.25,10.0,2.0,2.5,NR5G-SA,n79,-44,-44,-10,15,-999,5.4
2026-05-28 14:29:54.915,2026-05-28 14:36:03.101,22.6689745,114.5115260,202.3,10.0,-0.06,53.4,0.0,20.5,1426.7,1430.76,10.0,2.0,2.5,NR5G-SA,n79,-44,-44,-10,15,-999,6.5
2026-05-28 14:29:55.116,2026-05-28 14:36:03.101,22.6689878,114.5115456,202.3,10.0,-0.08,53.4,0.0,20.5,1429.2,1433.26,10.0,2.0,2.5,NR5G-SA,n79,-44,-44,-10,15,-999,10.6
2026-05-28 14:29:55.316,2026-05-28 14:36:03.301,22.6689878,114.5115456,202.3,10.0,-0.08,53.4,0.0,20.5,1429.2,1433.26,10.0,2.0,2.5,NR5G-SA,n79,-44,-44,-10,15,-999,8.9
2026-05-28 14:29:55.516,2026-05-28 14:36:03.501,22.6690012,114.5115651,202.3,10.0,-0.10,53.2,0.0,20.6,1431.7,1435.76,10.0,2.0,2.5,NR5G-SA,n79,-44,-44,-10,15,-999,6.1
2026-05-28 14:29:55.717,2026-05-28 14:36:03.901,22.6690145,114.5115846,202.3,10.0,-0.11,53.1,0.0,20.6,1434.2,1438.25,10.0,2.0,2.5,NR5G-SA,n79,-44,-44,-10,15,-999,4.7
2026-05-28 14:29:55.917,2026-05-28 14:36:04.101,22.6690278,114.5116041,202.3,10.0,-0.07,53.1,0.0,20.6,1436.6,1440.74,10.0,2.0,2.5,NR5G-SA,n79,-44,-44,-10,15,-999,5.4
2026-05-28 14:29:56.118,2026-05-28 14:36:04.101,22.6690412,114.5116238,202.2,10.0,-0.11,53.0,0.0,20.6,1439.2,1443.25,10.0,2.0,2.5,NR5G-SA,n79,-44,-44,-10,15,-999,11.6
2026-05-28 14:29:56.318,2026-05-28 14:36:04.301,22.6690412,114.5116238,202.2,10.0,-0.11,53.0,0.0,20.6,1439.2,1443.25,10.0,2.0,2.5,NR5G-SA,n79,-44,-44,-10,15,-999,8.3
2026-05-28 14:29:56.518,2026-05-28 14:36:04.501,22.6690545,114.5116434,202.2,10.0,-0.14,53.0,17.9,19.4,1441.7,1445.75,10.0,2.0,2.5,NR5G-SA,n79,-44,-44,-10,16,-999,5.5
2026-05-28 14:29:56.719,2026-05-28 14:36:04.901,22.6690678,114.5116631,202.2,10.0,-0.09,53.0,17.9,19.4,1444.2,1448.26,10.0,2.0,2.5,NR5G-SA,n79,-44,-44,-10,16,-999,6.6
2026-05-28 14:29:56.919,2026-05-28 14:36:05.101,22.6690812,114.5116827,202.2,10.0,-0.10,53.0,17.9,19.4,1446.7,1450.76,10.0,2.0,2.5,NR5G-SA,n79,-44,-44,-10,16,-999,6.9
2026-05-28 14:29:57.120,2026-05-28 14:36:05.101,22.6690945,114.5117022,202.1,10.0,-0.07,53.0,17.9,19.4,1449.2,1453.25,10.0,2.0,2.5,NR5G-SA,n79,-44,-44,-10,15,-999,12.8
2026-05-28 14:29:57.320,2026-05-28 14:36:05.301,22.6690945,114.5117022,202.1,10.0,-0.07,53.0,17.9,19.4,1449.2,1453.25,10.0,2.0,2.5,NR5G-SA,n79,-44,-44,-10,15,-999,7.6
2026-05-28 14:29:57.520,2026-05-28 14:36:05.501,22.6691078,114.5117217,202.1,10.0,-0.07,52.9,0.0,19.0,1451.6,1455.75,10.0,2.0,2.5,NR5G-SA,n79,-44,-44,-10,15,-999,6.4
2026-05-28 14:29:57.721,2026-05-28 14:36:05.901,22.6691212,114.5117413,202.1,10.0,-0.07,52.9,0.0,19.0,1454.2,1458.25,10.0,2.0,2.5,NR5G-SA,n79,-44,-44,-10,15,-999,7.4
2026-05-28 14:29:57.921,2026-05-28 14:36:06.101,22.6691345,114.5117609,202.1,10.0,-0.08,53.0,0.0,19.0,1456.7,1460.75,10.0,2.0,2.5,NR5G-SA,n79,-44,-44,-10,15,-999,5.4
2026-05-28 14:29:58.121,2026-05-28 14:36:06.101,22.6691479,114.5117805,202.1,10.0,-0.08,53.1,0.0,19.0,1459.2,1463.26,10.0,2.0,2.5,NR5G-SA,n79,-44,-44,-10,14,-999,12.4
2026-05-28 14:29:58.322,2026-05-28 14:36:06.301,22.6691479,114.5117805,202.1,10.0,-0.08,53.1,0.0,19.0,1459.2,1463.26,10.0,2.0,2.5,NR5G-SA,n79,-44,-44,-10,14,-999,7.4
2026-05-28 14:29:58.522,2026-05-28 14:36:06.501,22.6691612,114.5118002,202.0,10.0,-0.03,53.1,0.0,18.9,1461.7,1465.76,10.0,2.0,2.5,NR5G-SA,n79,-44,-44,-10,14,-999,7.0
2026-05-28 14:29:58.723,2026-05-28 14:36:06.901,22.6691746,114.5118198,202.0,10.0,-0.06,53.1,0.0,18.9,1464.2,1468.27,10.0,2.0,2.5,NR5G-SA,n79,-44,-44,-10,15,-999,7.1
2026-05-28 14:29:58.923,2026-05-28 14:36:07.101,22.6691880,114.5118394,202.0,10.0,-0.05,53.1,0.0,18.9,1466.7,1470.78,10.0,2.0,2.5,NR5G-SA,n79,-44,-44,-10,15,-999,5.9
2026-05-28 14:29:59.123,2026-05-28 14:36:07.101,22.6692013,114.5118591,202.0,10.0,-0.11,53.2,0.0,18.9,1469.2,1473.28,10.0,2.0,2.5,NR5G-SA,n79,-44,-44,-10,15,-999,11.3
2026-05-28 14:29:59.324,2026-05-28 14:36:07.301,22.6692013,114.5118591,202.0,10.0,-0.11,53.2,0.0,18.9,1469.2,1473.28,10.0,2.0,2.5,NR5G-SA,n79,-44,-44,-10,14,-999,9.0
2026-05-28 14:29:59.524,2026-05-28 14:36:07.501,22.6692147,114.5118787,202.0,10.0,-0.11,53.1,0.0,18.8,1471.7,1475.79,10.0,2.0,2.5,NR5G-SA,n79,-44,-44,-10,14,-999,6.4
2026-05-28 14:29:59.725,2026-05-28 14:36:07.901,22.6692281,114.5118984,201.9,10.0,-0.09,53.2,0.0,18.8,1474.2,1478.30,10.0,2.0,2.5,NR5G-SA,n79,-44,-44,-10,14,-999,6.9
2026-05-28 14:29:59.925,2026-05-28 14:36:08.101,22.6692416,114.5119180,201.9,10.0,-0.09,53.2,0.0,18.8,1476.7,1480.81,10.0,2.0,2.5,NR5G-SA,n79,-44,-44,-10,14,-999,4.4
2026-05-28 14:30:00.125,2026-05-28 14:36:08.101,22.6692550,114.5119377,201.9,10.0,-0.05,53.3,0.0,18.8,1479.2,1483.33,10.0,2.0,2.5,NR5G-SA,n79,-44,-44,-10,14,-999,8.9
2026-05-28 14:30:00.326,2026-05-28 14:36:08.301,22.6692550,114.5119377,201.9,10.0,-0.05,53.3,0.0,18.8,1479.2,1483.33,10.0,2.0,2.5,NR5G-SA,n79,-44,-44,-10,14,-999,9.7
2026-05-28 14:30:00.526,2026-05-28 14:36:08.501,22.6692683,114.5119573,201.9,10.0,-0.06,53.4,0.0,18.3,1481.7,1485.83,10.0,2.0,2.5,NR5G-SA,n79,-44,-44,-10,14,-999,8.0
2026-05-28 14:30:00.726,2026-05-28 14:36:08.901,22.6692815,114.5119769,201.9,10.0,-0.11,53.4,0.0,18.3,1484.2,1488.32,10.0,2.0,2.5,NR5G-SA,n79,-44,-44,-10,14,-999,5.6
2026-05-28 14:30:00.927,2026-05-28 14:36:08.901,22.6692948,114.5119965,201.9,10.0,-0.08,53.4,0.0,18.3,1486.7,1490.82,10.0,2.0,2.5,NR5G-SA,n79,-44,-44,-10,15,-999,6.8
2026-05-28 14:30:01.127,2026-05-28 14:36:09.101,22.6693081,114.5120162,201.8,10.0,-0.07,53.3,0.0,18.3,1489.2,1493.33,10.0,2.0,2.5,NR5G-SA,n79,-44,-44,-10,15,-999,10.3
2026-05-28 14:30:01.328,2026-05-28 14:36:09.301,22.6693081,114.5120162,201.8,10.0,-0.07,53.3,0.0,18.3,1489.2,1493.33,10.0,2.0,2.5,NR5G-SA,n79,-44,-44,-10,15,-999,9.4
2026-05-28 14:30:01.528,2026-05-28 14:36:09.501,22.6693215,114.5120358,201.8,10.0,-0.04,53.3,0.0,18.3,1491.7,1495.83,10.0,2.0,2.5,NR5G-SA,n79,-44,-44,-10,13,-999,6.0
2026-05-28 14:30:01.728,2026-05-28 14:36:09.901,22.6693349,114.5120554,201.8,10.0,-0.09,53.3,0.0,18.9,1494.2,1498.34,10.0,2.0,2.5,NR5G-SA,n79,-44,-44,-10,13,-999,6.6
2026-05-28 14:30:01.929,2026-05-28 14:36:10.101,22.6693483,114.5120750,201.8,10.0,-0.11,53.3,0.0,18.9,1496.7,1500.84,10.0,2.0,2.5,NR5G-SA,n79,-44,-44,-10,13,-999,6.0
2026-05-28 14:30:02.129,2026-05-28 14:36:10.101,22.6693617,114.5120945,201.7,10.0,-0.09,53.2,0.0,18.9,1499.2,1503.34,10.0,2.0,2.5,NR5G-SA,n79,-44,-44,-10,12,-999,5.7
2026-05-28 14:30:02.329,2026-05-28 14:36:10.301,22.6693617,114.5120945,201.7,10.0,-0.09,53.2,0.0,18.9,1499.2,1503.34,10.0,2.0,2.5,NR5G-SA,n79,-44,-44,-10,12,-999,11.1
2026-05-28 14:30:02.530,2026-05-28 14:36:10.501,22.6693751,114.5121142,201.7,10.0,-0.11,53.2,0.0,18.9,1501.8,1505.85,10.0,2.0,2.5,NR5G-SA,n79,-44,-44,-10,12,-999,6.6
2026-05-28 14:30:02.730,2026-05-28 14:36:10.901,22.6693885,114.5121338,201.7,10.0,-0.05,53.2,0.0,18.8,1504.3,1508.36,10.0,2.0,2.5,NR5G-SA,n79,-44,-44,-10,12,-999,5.6
2026-05-28 14:30:02.930,2026-05-28 14:36:11.101,22.6694018,114.5121533,201.7,10.0,-0.08,53.3,0.0,18.8,1506.8,1510.85,10.0,2.0,2.5,NR5G-SA,n79,-44,-44,-10,12,-999,4.9
2026-05-28 14:30:03.131,2026-05-28 14:36:11.101,22.6694151,114.5121729,201.7,10.0,-0.06,53.3,0.0,18.8,1509.3,1513.35,10.0,2.0,2.5,NR5G-SA,n79,-44,-44,-10,12,-999,10.4
2026-05-28 14:30:03.331,2026-05-28 14:36:11.301,22.6694151,114.5121729,201.7,10.0,-0.06,53.3,0.0,18.8,1509.3,1513.35,10.0,2.0,2.5,NR5G-SA,n79,-44,-44,-10,12,-999,9.7
2026-05-28 14:30:03.531,2026-05-28 14:36:11.501,22.6694284,114.5121925,201.6,10.0,-0.09,53.3,0.0,18.8,1511.8,1515.85,10.0,2.0,2.5,NR5G-SA,n79,-44,-44,-10,12,-999,5.7
2026-05-28 14:30:03.732,2026-05-28 14:36:11.901,22.6694417,114.5122121,201.6,10.0,-0.11,53.4,0.0,17.9,1514.3,1518.35,10.0,2.0,2.5,NR5G-SA,n79,-44,-44,-10,13,-999,5.6
2026-05-28 14:30:03.932,2026-05-28 14:36:12.101,22.6694551,114.5122316,201.6,10.0,-0.08,53.5,0.0,17.9,1516.7,1520.85,10.0,2.0,2.5,NR5G-SA,n79,-44,-44,-10,13,-999,6.4
2026-05-28 14:30:04.133,2026-05-28 14:36:12.101,22.6694683,114.5122512,201.6,9.9,-0.05,53.5,0.0,17.9,1519.2,1523.34,10.0,2.0,2.5,NR5G-SA,n79,-44,-44,-10,13,-999,6.5
2026-05-28 14:30:04.333,2026-05-28 14:36:12.301,22.6694683,114.5122512,201.6,9.9,-0.05,53.5,0.0,17.9,1519.2,1523.34,10.0,2.0,2.5,NR5G-SA,n79,-44,-44,-10,14,-999,9.3
2026-05-28 14:30:04.533,2026-05-28 14:36:12.501,22.6694815,114.5122708,201.5,10.0,-0.09,53.4,0.0,17.9,1521.7,1525.83,10.0,2.0,2.5,NR5G-SA,n79,-44,-44,-10,14,-999,5.4
2026-05-28 14:30:04.734,2026-05-28 14:36:12.901,22.6694949,114.5122903,201.5,10.0,-0.08,53.3,0.0,18.5,1524.2,1528.33,10.0,2.0,2.5,NR5G-SA,n79,-44,-44,-10,15,-999,6.9
2026-05-28 14:30:04.934,2026-05-28 14:36:13.101,22.6695082,114.5123100,201.5,10.0,-0.10,53.4,0.0,18.5,1526.7,1530.84,10.0,2.0,2.5,NR5G-SA,n79,-44,-44,-10,15,-999,6.2
2026-05-28 14:30:05.135,2026-05-28 14:36:13.101,22.6695217,114.5123296,201.5,10.0,-0.02,53.5,0.0,18.5,1529.3,1533.35,10.0,2.0,2.5,NR5G-SA,n79,-44,-44,-10,15,-999,9.9
2026-05-28 14:30:05.335,2026-05-28 14:36:13.301,22.6695217,114.5123296,201.5,10.0,-0.02,53.5,0.0,18.5,1529.3,1533.35,10.0,2.0,2.5,NR5G-SA,n79,-44,-44,-10,14,-999,9.3
2026-05-28 14:30:05.535,2026-05-28 14:36:13.501,22.6695352,114.5123493,201.5,10.0,-0.05,53.4,0.0,18.5,1531.8,1535.87,10.0,2.0,2.5,NR5G-SA,n79,-44,-44,-10,14,-999,5.2
2026-05-28 14:30:05.736,2026-05-28 14:36:13.901,22.6695485,114.5123689,201.4,10.0,-0.08,53.4,0.0,18.9,1534.3,1538.37,10.0,2.0,2.5,NR5G-SA,n79,-44,-44,-10,14,-999,6.3
2026-05-28 14:30:05.936,2026-05-28 14:36:14.101,22.6695619,114.5123885,201.4,10.0,-0.06,53.5,0.0,18.9,1536.8,1540.87,10.0,2.0,2.5,NR5G-SA,n79,-44,-44,-10,13,-999,5.2
2026-05-28 14:30:06.137,2026-05-28 14:36:14.101,22.6695754,114.5124081,201.4,10.0,-0.07,53.4,0.0,18.9,1539.3,1543.39,10.0,2.0,2.5,NR5G-SA,n79,-44,-44,-10,13,-999,10.6
2026-05-28 14:30:06.337,2026-05-28 14:36:14.301,22.6695754,114.5124081,201.4,10.0,-0.07,53.4,0.0,18.9,1539.3,1543.39,10.0,2.0,2.5,NR5G-SA,n79,-44,-44,-10,13,-999,13.3
2026-05-28 14:30:06.537,2026-05-28 14:36:14.501,22.6695888,114.5124277,201.4,10.0,-0.07,53.3,0.0,18.9,1541.8,1545.89,10.0,2.0,2.5,NR5G-SA,n79,-44,-44,-10,12,-999,5.4
2026-05-28 14:30:06.738,2026-05-28 14:36:14.901,22.6696022,114.5124473,201.4,10.0,-0.01,53.3,0.0,19.5,1544.3,1548.40,10.0,2.0,2.5,NR5G-SA,n79,-44,-44,-10,12,-999,5.6
2026-05-28 14:30:06.938,2026-05-28 14:36:15.101,22.6696156,114.5124668,201.4,10.0,-0.07,53.4,0.0,19.5,1546.8,1550.89,10.0,2.0,2.5,NR5G-SA,n79,-44,-44,-10,12,-999,4.0
2026-05-28 14:30:07.138,2026-05-28 14:36:15.101,22.6696289,114.5124864,201.3,10.0,-0.08,53.5,0.0,19.5,1549.3,1553.39,10.0,2.0,2.5,NR5G-SA,n79,-44,-44,-10,12,-999,9.4
2026-05-28 14:30:07.339,2026-05-28 14:36:15.301,22.6696289,114.5124864,201.3,10.0,-0.08,53.5,0.0,19.5,1549.3,1553.39,10.0,2.0,2.5,NR5G-SA,n79,-44,-44,-10,12,-999,14.3
2026-05-28 14:30:07.539,2026-05-28 14:36:15.501,22.6696421,114.5125059,201.3,10.0,-0.08,53.5,0.0,19.5,1551.8,1555.88,10.0,2.0,2.5,NR5G-SA,n79,-44,-44,-10,12,-999,5.0
2026-05-28 14:30:07.740,2026-05-28 14:36:15.901,22.6696553,114.5125256,201.3,10.0,-0.13,53.4,0.0,23.5,1554.3,1558.38,10.0,2.0,2.5,NR5G-SA,n79,-44,-44,-10,12,-999,7.8
2026-05-28 14:30:07.940,2026-05-28 14:36:16.101,22.6696686,114.5125452,201.3,10.0,-0.13,53.4,0.0,23.5,1556.8,1560.88,10.0,2.0,2.5,NR5G-SA,n79,-44,-44,-10,12,-999,6.5
2026-05-28 14:30:08.140,2026-05-28 14:36:16.101,22.6696818,114.5125649,201.2,10.0,-0.13,53.4,0.0,23.5,1559.3,1563.38,10.0,2.0,2.5,NR5G-SA,n79,-44,-44,-10,12,-999,7.9
2026-05-28 14:30:08.341,2026-05-28 14:36:16.301,22.6696818,114.5125649,201.2,10.0,-0.13,53.4,0.0,23.5,1559.3,1563.38,10.0,2.0,2.5,NR5G-SA,n79,-44,-44,-10,12,-999,12.1
2026-05-28 14:30:08.541,2026-05-28 14:36:16.501,22.6696950,114.5125845,201.2,10.0,-0.17,53.5,0.0,23.5,1561.8,1565.87,10.0,2.0,2.5,NR5G-SA,n79,-44,-44,-10,12,-999,5.3
2026-05-28 14:30:08.742,2026-05-28 14:36:16.901,22.6697083,114.5126041,201.2,10.0,-0.09,53.8,0.0,25.0,1564.3,1568.37,10.0,2.0,2.5,NR5G-SA,n79,-44,-44,-10,11,-999,6.7
2026-05-28 14:30:08.942,2026-05-28 14:36:17.101,22.6697216,114.5126237,201.2,10.0,-0.08,53.9,0.0,25.0,1566.8,1570.87,10.0,2.0,2.5,NR5G-SA,n79,-44,-44,-10,11,-999,7.4
2026-05-28 14:30:09.142,2026-05-28 14:36:17.301,22.6697350,114.5126433,201.1,10.0,-0.10,54.0,0.0,25.0,1569.3,1573.37,10.0,2.0,2.5,NR5G-SA,n79,-44,-44,-10,12,-999,4.4
2026-05-28 14:30:09.343,2026-05-28 14:36:17.301,22.6697350,114.5126433,201.1,10.0,-0.10,54.0,0.0,25.0,1569.3,1573.37,10.0,2.0,2.5,NR5G-SA,n79,-44,-44,-10,12,-999,14.5
2026-05-28 14:30:09.543,2026-05-28 14:36:17.501,22.6697484,114.5126630,201.1,10.0,-0.07,54.1,0.0,25.0,1571.8,1575.89,10.0,2.0,2.5,NR5G-SA,n79,-44,-44,-10,12,-999,5.9
2026-05-28 14:30:09.744,2026-05-28 14:36:17.901,22.6697618,114.5126827,201.1,10.1,-0.10,54.0,0.0,25.0,1574.3,1578.40,10.0,2.0,2.5,NR5G-SA,n79,-44,-44,-10,13,-999,5.8
2026-05-28 14:30:09.944,2026-05-28 14:36:18.101,22.6697753,114.5127023,201.1,10.0,-0.09,53.9,0.0,25.5,1576.8,1580.92,10.0,2.0,2.5,NR5G-SA,n79,-44,-44,-10,13,-999,5.1
2026-05-28 14:30:10.144,2026-05-28 14:36:18.101,22.6697888,114.5127220,201.1,10.0,-0.10,53.8,0.0,25.5,1579.3,1583.44,10.0,2.0,2.5,NR5G-SA,n79,-44,-44,-10,13,-999,7.6
2026-05-28 14:30:10.345,2026-05-28 14:36:18.301,22.6697888,114.5127220,201.1,10.0,-0.10,53.8,0.0,25.5,1579.3,1583.44,10.0,2.0,2.5,NR5G-SA,n79,-44,-44,-10,13,-999,12.3
2026-05-28 14:30:10.545,2026-05-28 14:36:18.501,22.6698023,114.5127416,201.0,10.0,-0.10,53.6,0.0,25.5,1581.9,1585.95,10.0,2.0,2.5,NR5G-SA,n79,-44,-44,-10,13,-999,5.1
2026-05-28 14:30:10.746,2026-05-28 14:36:18.901,22.6698156,114.5127613,201.0,10.0,-0.10,53.5,0.0,25.5,1584.4,1588.46,10.0,2.0,2.5,NR5G-SA,n79,-44,-44,-10,13,-999,7.2
2026-05-28 14:30:10.946,2026-05-28 14:36:19.101,22.6698289,114.5127808,201.0,10.0,-0.09,53.5,0.0,25.2,1586.8,1590.95,10.0,2.0,2.5,NR5G-SA,n79,-44,-44,-10,13,-999,4.9
2026-05-28 14:30:11.146,2026-05-28 14:36:19.101,22.6698423,114.5128005,201.0,10.0,-0.11,53.6,0.0,25.2,1589.4,1593.46,10.0,2.0,2.5,NR5G-SA,n79,-44,-44,-10,13,-999,8.7
2026-05-28 14:30:11.347,2026-05-28 14:36:19.301,22.6698423,114.5128005,201.0,10.0,-0.11,53.6,0.0,25.2,1589.4,1593.46,10.0,2.0,2.5,NR5G-SA,n79,-44,-44,-10,13,-999,12.4
2026-05-28 14:30:11.547,2026-05-28 14:36:19.501,22.6698557,114.5128200,201.0,10.0,-0.09,53.7,0.0,25.2,1591.9,1595.96,10.0,2.0,2.5,NR5G-SA,n79,-44,-44,-10,13,-999,6.3
2026-05-28 14:30:11.748,2026-05-28 14:36:19.901,22.6698691,114.5128395,200.9,10.0,-0.08,53.9,0.0,25.2,1594.4,1598.46,10.0,2.0,2.5,NR5G-SA,n79,-44,-44,-10,13,-999,5.8
2026-05-28 14:30:11.948,2026-05-28 14:36:20.101,22.6698823,114.5128591,200.9,10.0,-0.06,53.9,0.0,23.7,1596.9,1600.95,10.0,2.0,2.5,NR5G-SA,n79,-44,-44,-10,13,-999,3.6
2026-05-28 14:30:12.149,2026-05-28 14:36:20.301,22.6698956,114.5128786,200.9,10.0,-0.10,54.0,0.0,23.7,1599.3,1603.44,10.0,2.0,2.5,NR5G-SA,n79,-44,-44,-10,13,-999,6.2
2026-05-28 14:30:12.349,2026-05-28 14:36:20.301,22.6698956,114.5128786,200.9,10.0,-0.10,54.0,0.0,23.7,1599.3,1603.44,10.0,2.0,2.5,NR5G-SA,n79,-44,-44,-10,13,-999,11.8
2026-05-28 14:30:12.549,2026-05-28 14:36:20.501,22.6699089,114.5128983,200.9,10.0,-0.09,53.9,0.0,23.7,1601.8,1605.95,10.0,2.0,2.5,NR5G-SA,n79,-44,-44,-10,12,-999,6.0
2026-05-28 14:30:12.750,2026-05-28 14:36:20.901,22.6699222,114.5129178,200.9,10.0,-0.09,53.8,0.0,23.7,1604.3,1608.44,10.0,2.0,2.5,NR5G-SA,n79,-44,-44,-10,12,-999,6.1
2026-05-28 14:30:12.950,2026-05-28 14:36:21.101,22.6699356,114.5129374,200.8,10.0,-0.04,53.9,0.0,20.2,1606.8,1610.94,10.0,2.0,2.5,NR5G-SA,n79,-44,-44,-10,12,-999,4.9
2026-05-28 14:30:13.150,2026-05-28 14:36:21.301,22.6699491,114.5129570,200.8,10.0,-0.07,53.9,0.0,20.2,1609.4,1613.45,10.0,2.0,2.5,NR5G-SA,n79,-44,-44,-10,15,-999,6.4
2026-05-28 14:30:13.351,2026-05-28 14:36:21.301,22.6699491,114.5129570,200.8,10.0,-0.07,53.9,0.0,20.2,1609.4,1613.45,10.0,2.0,2.5,NR5G-SA,n79,-44,-44,-10,15,-999,11.1
2026-05-28 14:30:13.551,2026-05-28 14:36:21.501,22.6699625,114.5129765,200.8,10.0,-0.07,53.9,0.0,20.2,1611.9,1615.95,10.0,2.0,2.5,NR5G-SA,n79,-44,-44,-10,15,-999,4.1
2026-05-28 14:30:13.752,2026-05-28 14:36:21.901,22.6699758,114.5129961,200.8,10.0,-0.02,53.9,0.0,20.2,1614.4,1618.45,10.0,2.0,2.5,NR5G-SA,n79,-44,-44,-10,15,-999,5.5
2026-05-28 14:30:13.952,2026-05-28 14:36:22.101,22.6699892,114.5130156,200.8,10.0,-0.02,53.9,0.0,19.6,1616.9,1620.95,10.0,2.0,2.5,NR5G-SA,n79,-44,-44,-10,15,-999,5.0
2026-05-28 14:30:14.152,2026-05-28 14:36:22.101,22.6700025,114.5130353,200.8,9.9,-0.00,53.8,0.0,19.6,1619.4,1623.46,10.0,2.0,2.5,NR5G-SA,n79,-44,-44,-10,15,-999,8.5
2026-05-28 14:30:14.353,2026-05-28 14:36:22.301,22.6700159,114.5130548,200.7,10.0,-0.08,53.7,0.0,19.6,1621.9,1625.95,10.0,2.0,2.5,NR5G-SA,n79,-44,-44,-10,15,-999,11.3
2026-05-28 14:30:14.553,2026-05-28 14:36:22.501,22.6700159,114.5130548,200.7,10.0,-0.08,53.7,0.0,19.6,1621.9,1625.95,10.0,2.0,2.5,NR5G-SA,n79,-44,-44,-10,15,-999,5.4
2026-05-28 14:30:14.753,2026-05-28 14:36:22.901,22.6700293,114.5130742,200.7,10.0,-0.10,53.6,0.0,19.6,1624.3,1628.44,10.0,2.0,2.5,NR5G-SA,n79,-44,-44,-10,16,-999,5.8
2026-05-28 14:30:14.954,2026-05-28 14:36:23.101,22.6700426,114.5130936,200.7,10.0,-0.16,53.5,0.0,20.7,1626.8,1630.93,10.0,2.0,2.5,NR5G-SA,n79,-44,-44,-10,16,-999,5.5
2026-05-28 14:30:15.154,2026-05-28 14:36:23.101,22.6700560,114.5131132,200.7,10.0,-0.14,53.5,0.0,20.7,1629.3,1633.43,10.0,2.0,2.5,NR5G-SA,n79,-44,-44,-10,16,-999,9.2
2026-05-28 14:30:15.355,2026-05-28 14:36:23.301,22.6700693,114.5131328,200.6,10.0,-0.07,53.6,0.0,20.7,1631.8,1635.93,10.0,2.0,2.5,NR5G-SA,n79,-44,-44,-10,15,-999,11.3
2026-05-28 14:30:15.555,2026-05-28 14:36:23.501,22.6700693,114.5131328,200.6,10.0,-0.07,53.6,0.0,20.7,1631.8,1635.93,10.0,2.0,2.5,NR5G-SA,n79,-44,-44,-10,15,-999,10.5
2026-05-28 14:30:15.755,2026-05-28 14:36:23.901,22.6700826,114.5131524,200.6,10.0,-0.03,53.5,0.0,20.7,1634.3,1638.43,10.0,2.0,2.5,NR5G-SA,n79,-44,-44,-10,15,-999,9.5
2026-05-28 14:30:15.956,2026-05-28 14:36:24.101,22.6700959,114.5131719,200.6,10.0,-0.06,53.5,0.0,20.0,1636.8,1640.92,10.0,2.0,2.5,NR5G-SA,n79,-44,-44,-10,15,-999,5.4
2026-05-28 14:30:16.156,2026-05-28 14:36:24.101,22.6701093,114.5131916,200.6,10.0,-0.07,53.5,0.0,20.0,1639.3,1643.43,10.0,2.0,2.5,NR5G-SA,n79,-44,-44,-10,15,-999,7.2
2026-05-28 14:30:16.357,2026-05-28 14:36:24.301,22.6701093,114.5131916,200.6,10.0,-0.07,53.5,0.0,20.0,1639.3,1643.43,10.0,2.0,2.5,NR5G-SA,n79,-44,-44,-10,16,-999,12.1
2026-05-28 14:30:16.557,2026-05-28 14:36:24.501,22.6701226,114.5132112,200.6,10.0,-0.10,53.4,0.0,20.0,1641.8,1645.93,10.0,2.0,2.5,NR5G-SA,n79,-44,-44,-10,16,-999,11.2
2026-05-28 14:30:16.757,2026-05-28 14:36:24.901,22.6701360,114.5132309,200.6,10.0,-0.11,53.4,0.0,20.0,1644.3,1648.45,10.0,2.0,2.5,NR5G-SA,n79,-44,-44,-10,16,-999,8.8
2026-05-28 14:30:16.958,2026-05-28 14:36:25.101,22.6701493,114.5132505,200.5,10.0,-0.14,53.4,0.0,20.0,1646.8,1650.95,10.0,2.0,2.5,NR5G-SA,n79,-44,-44,-10,16,-999,5.4
2026-05-28 14:30:17.158,2026-05-28 14:36:25.301,22.6701627,114.5132702,200.5,10.0,-0.12,53.5,0.0,20.0,1649.4,1653.46,10.0,2.0,2.5,NR5G-SA,n79,-44,-44,-10,16,-999,5.7
2026-05-28 14:30:17.358,2026-05-28 14:36:25.301,22.6701759,114.5132898,200.5,10.0,-0.11,53.6,0.0,20.0,1651.9,1655.95,10.0,2.0,2.5,NR5G-SA,n79,-44,-44,-10,16,-999,10.1
2026-05-28 14:30:17.559,2026-05-28 14:36:25.501,22.6701759,114.5132898,200.5,10.0,-0.11,53.6,0.0,20.0,1651.9,1655.95,10.0,2.0,2.5,NR5G-SA,n79,-44,-44,-10,16,-999,10.2
2026-05-28 14:30:17.759,2026-05-28 14:36:25.901,22.6701893,114.5133095,200.4,10.0,-0.07,53.9,0.0,20.0,1654.4,1658.47,10.0,2.0,2.5,NR5G-SA,n79,-44,-44,-10,16,-999,8.8
2026-05-28 14:30:17.960,2026-05-28 14:36:26.101,22.6702027,114.5133291,200.4,10.0,-0.08,53.9,0.0,20.4,1656.9,1660.97,10.0,2.0,2.5,NR5G-SA,n79,-44,-44,-10,16,-999,5.5
2026-05-28 14:30:18.160,2026-05-28 14:36:26.101,22.6702162,114.5133487,200.4,10.0,-0.11,53.8,0.0,20.4,1659.4,1663.48,10.0,2.0,2.5,NR5G-SA,n79,-44,-44,-10,16,-999,7.5
2026-05-28 14:30:18.361,2026-05-28 14:36:26.301,22.6702296,114.5133682,200.3,10.0,-0.10,53.9,0.0,20.4,1661.9,1665.98,10.0,2.0,2.5,NR5G-SA,n79,-44,-44,-10,16,-999,10.6
2026-05-28 14:30:18.561,2026-05-28 14:36:26.501,22.6702296,114.5133682,200.3,10.0,-0.10,53.9,0.0,20.4,1661.9,1665.98,10.0,2.0,2.5,NR5G-SA,n79,-44,-44,-10,16,-999,10.5
2026-05-28 14:30:18.761,2026-05-28 14:36:26.901,22.6702429,114.5133878,200.3,10.0,-0.03,54.2,0.0,20.4,1664.4,1668.48,10.0,2.0,2.5,NR5G-SA,n79,-44,-44,-10,16,-999,8.7
2026-05-28 14:30:18.962,2026-05-28 14:36:27.101,22.6702561,114.5134074,200.3,10.0,-0.08,54.0,0.0,20.4,1666.9,1670.97,10.0,2.0,2.5,NR5G-SA,n79,-44,-44,-10,16,-999,5.3
2026-05-28 14:30:19.163,2026-05-28 14:36:27.301,22.6702694,114.5134270,200.3,10.0,-0.12,53.8,0.0,19.4,1669.4,1673.47,10.0,2.0,2.5,NR5G-SA,n79,-44,-44,-10,17,-999,8.4
2026-05-28 14:30:19.363,2026-05-28 14:36:27.301,22.6702828,114.5134466,200.3,10.0,-0.07,53.7,0.0,19.4,1671.9,1675.98,10.0,2.0,2.5,NR5G-SA,n79,-44,-44,-10,17,-999,11.6
2026-05-28 14:30:19.563,2026-05-28 14:36:27.501,22.6702828,114.5134466,200.3,10.0,-0.07,53.7,0.0,19.4,1671.9,1675.98,10.0,2.0,2.5,NR5G-SA,n79,-44,-44,-10,17,-999,11.7
2026-05-28 14:30:19.764,2026-05-28 14:36:27.901,22.6702962,114.5134661,200.2,9.9,-0.05,53.7,0.0,19.4,1674.4,1678.48,10.0,2.0,2.5,NR5G-SA,n79,-44,-44,-10,16,-999,7.2
2026-05-28 14:30:19.964,2026-05-28 14:36:28.101,22.6703096,114.5134856,200.2,10.0,-0.07,53.6,0.0,19.4,1676.9,1680.97,10.0,2.0,2.5,NR5G-SA,n79,-44,-44,-10,16,-999,4.3
2026-05-28 14:30:20.164,2026-05-28 14:36:28.301,22.6703229,114.5135050,200.2,9.9,-0.05,53.6,0.0,17.4,1679.4,1683.46,10.0,2.0,2.5,NR5G-SA,n79,-44,-44,-10,16,-999,5.3
2026-05-28 14:30:20.365,2026-05-28 14:36:28.301,22.6703360,114.5135243,200.2,9.8,0.01,53.6,0.0,17.4,1681.8,1685.92,10.0,2.0,2.5,NR5G-SA,n79,-44,-44,-10,16,-999,11.9
2026-05-28 14:30:20.565,2026-05-28 14:36:28.501,22.6703360,114.5135243,200.2,9.8,0.01,53.6,0.0,17.4,1681.8,1685.92,10.0,2.0,2.5,NR5G-SA,n79,-44,-44,-10,16,-999,13.1
2026-05-28 14:30:20.766,2026-05-28 14:36:28.901,22.6703489,114.5135434,200.2,9.6,0.00,53.5,0.0,17.4,1684.3,1688.35,10.0,2.0,2.5,NR5G-SA,n79,-44,-44,-10,15,-999,8.1
2026-05-28 14:30:20.966,2026-05-28 14:36:29.101,22.6703615,114.5135618,200.2,9.4,-0.05,53.5,0.0,17.4,1686.6,1690.70,10.0,2.0,2.5,NR5G-SA,n79,-44,-44,-10,15,-999,4.5
2026-05-28 14:30:21.166,2026-05-28 14:36:29.101,22.6703737,114.5135797,200.2,9.0,-0.09,53.4,0.0,18.0,1688.9,1692.99,10.0,2.0,2.5,NR5G-SA,n79,-44,-44,-10,15,-999,8.2
2026-05-28 14:30:21.367,2026-05-28 14:36:29.301,22.6703854,114.5135968,200.2,8.7,-0.12,53.4,0.0,18.0,1691.1,1695.17,10.0,2.0,2.5,NR5G-SA,n79,-44,-44,-10,14,-999,11.1
2026-05-28 14:30:21.567,2026-05-28 14:36:29.501,22.6703854,114.5135968,200.2,8.7,-0.12,53.4,100.0,18.0,1691.1,1695.17,10.0,2.0,2.5,NR5G-SA,n79,-44,-44,-10,14,-999,12.2
2026-05-28 14:30:21.768,2026-05-28 14:36:29.901,22.6703966,114.5136131,200.2,8.3,-0.10,53.4,100.0,18.0,1693.2,1697.26,10.0,2.0,2.5,NR5G-SA,n79,-44,-44,-10,14,-999,11.0
2026-05-28 14:30:21.968,2026-05-28 14:36:30.101,22.6704071,114.5136285,200.1,7.8,-0.08,53.5,100.0,18.0,1695.1,1699.23,10.0,2.0,2.5,NR5G-SA,n79,-44,-44,-10,12,-999,6.6
2026-05-28 14:30:22.169,2026-05-28 14:36:30.301,22.6704169,114.5136428,200.1,7.2,-0.08,53.4,100.0,19.1,1697.0,1701.06,10.0,2.0,2.5,NR5G-SA,n79,-44,-44,-10,12,-999,6.5
2026-05-28 14:30:22.369,2026-05-28 14:36:30.301,22.6704258,114.5136561,200.1,6.6,-0.11,53.9,100.0,19.1,1698.6,1702.75,10.0,2.0,2.5,NR5G-SA,n79,-44,-44,-10,12,-999,9.5
2026-05-28 14:30:22.570,2026-05-28 14:36:30.501,22.6704258,114.5136561,200.1,6.6,-0.11,53.9,0.0,19.1,1698.6,1702.75,10.0,2.0,2.5,NR5G-SA,n79,-44,-44,-10,13,-999,10.2
2026-05-28 14:30:22.770,2026-05-28 14:36:30.901,22.6704336,114.5136681,200.1,5.9,-0.10,55.1,0.0,19.1,1700.2,1704.25,10.0,2.0,2.5,NR5G-SA,n79,-44,-44,-10,13,-999,7.0
2026-05-28 14:30:22.971,2026-05-28 14:36:31.101,22.6704403,114.5136794,200.0,5.4,-0.09,57.3,0.0,19.1,1701.5,1705.63,10.0,2.0,2.5,NR5G-SA,n79,-44,-44,-10,11,-999,4.8
2026-05-28 14:30:23.171,2026-05-28 14:36:31.101,22.6704460,114.5136901,200.0,5.0,-0.08,60.8,0.0,18.6,1702.8,1706.90,10.0,2.0,2.5,NR5G-SA,n79,-44,-44,-10,11,-999,8.0
2026-05-28 14:30:23.371,2026-05-28 14:36:31.301,22.6704506,114.5137005,200.0,4.6,-0.06,65.7,0.0,18.6,1704.0,1708.09,10.0,2.0,2.5,NR5G-SA,n79,-44,-44,-10,11,-999,8.9
2026-05-28 14:30:23.572,2026-05-28 14:36:31.501,22.6704506,114.5137005,200.0,4.6,-0.06,65.7,0.0,18.6,1704.0,1708.09,10.0,2.0,2.5,NR5G-SA,n79,-93,-93,-10,9,-999,11.5
2026-05-28 14:30:23.772,2026-05-28 14:36:31.901,22.6704538,114.5137104,200.0,4.1,-0.04,72.6,0.0,18.6,1705.0,1709.16,10.0,2.0,2.5,NR5G-SA,n79,-93,-93,-10,9,-999,10.0
2026-05-28 14:30:23.972,2026-05-28 14:36:32.101,22.6704556,114.5137199,200.0,3.8,-0.03,81.5,0.0,18.6,1705.9,1710.16,10.0,2.0,2.5,NR5G-SA,n79,-93,-93,-10,9,-999,4.5
2026-05-28 14:30:24.173,2026-05-28 14:36:32.301,22.6704558,114.5137289,200.0,3.6,-0.04,91.8,0.0,19.2,1706.6,1711.09,10.0,2.0,2.5,NR5G-SA,n79,-93,-93,-10,7,-999,3.6
2026-05-28 14:30:24.373,2026-05-28 14:36:32.301,22.6704545,114.5137377,200.0,3.7,-0.00,102.5,0.0,19.2,1707.3,1712.00,10.0,2.0,2.5,NR5G-SA,n79,-93,-93,-10,7,-999,10.2
2026-05-28 14:30:24.574,2026-05-28 14:36:32.501,22.6704545,114.5137377,200.0,3.7,-0.00,102.5,0.0,19.2,1707.3,1712.00,10.0,2.0,2.5,NR5G-SA,n79,-93,-93,-10,7,-999,10.1
2026-05-28 14:30:24.774,2026-05-28 14:36:32.901,22.6704517,114.5137466,200.0,3.9,-0.01,112.2,0.0,19.2,1707.8,1712.97,10.0,2.0,2.5,NR5G-SA,n79,-89,-89,-10,10,-999,7.8
2026-05-28 14:30:24.975,2026-05-28 14:36:33.101,22.6704473,114.5137558,200.0,4.3,0.00,120.1,0.0,19.2,1708.3,1714.03,10.0,2.0,2.5,NR5G-SA,n79,-89,-89,-10,10,-999,4.9
2026-05-28 14:30:25.175,2026-05-28 14:36:33.301,22.6704416,114.5137655,200.0,4.8,-0.02,125.8,0.0,20.0,1708.7,1715.21,10.0,2.0,2.5,NR5G-SA,n79,-92,-92,-10,8,-999,5.5
2026-05-28 14:30:25.375,2026-05-28 14:36:33.301,22.6704349,114.5137756,200.0,5.3,-0.03,129.6,0.0,20.0,1709.1,1716.49,10.0,2.0,2.5,NR5G-SA,n79,-92,-92,-10,8,-999,9.0
2026-05-28 14:30:25.575,2026-05-28 14:36:33.501,22.6704349,114.5137756,200.0,5.3,-0.03,129.6,0.0,20.0,1709.1,1716.49,10.0,2.0,2.5,NR5G-SA,n79,-92,-92,-10,8,-999,11.2
2026-05-28 14:30:25.776,2026-05-28 14:36:33.901,22.6704270,114.5137864,200.0,5.8,-0.01,131.8,0.0,20.0,1709.5,1717.91,10.0,2.0,2.5,NR5G-SA,n79,-92,-92,-10,9,-999,7.2
2026-05-28 14:30:25.976,2026-05-28 14:36:34.101,22.6704181,114.5137979,200.0,6.3,0.02,133.0,0.0,20.0,1709.9,1719.45,10.0,2.0,2.5,NR5G-SA,n79,-92,-92,-10,9,-999,4.9
2026-05-28 14:30:26.177,2026-05-28 14:36:34.301,22.6704083,114.5138102,200.0,6.9,-0.02,133.4,0.0,20.3,1710.3,1721.12,10.0,2.0,2.5,NR5G-SA,n79,-92,-92,-10,9,-999,5.0
2026-05-28 14:30:26.377,2026-05-28 14:36:34.301,22.6703975,114.5138234,200.0,7.5,-0.00,133.5,0.0,20.3,1710.6,1722.93,10.0,2.0,2.5,NR5G-SA,n79,-92,-92,-10,8,-999,9.4
2026-05-28 14:30:26.577,2026-05-28 14:36:34.501,22.6703975,114.5138234,200.0,7.5,-0.00,133.5,0.0,20.3,1710.6,1722.93,10.0,2.0,2.5,NR5G-SA,n79,-92,-92,-10,8,-999,11.9
2026-05-28 14:30:26.778,2026-05-28 14:36:34.901,22.6703858,114.5138375,200.0,8.0,0.01,133.2,0.0,20.3,1711.1,1724.88,10.0,2.0,2.5,NR5G-SA,n79,-92,-92,-10,8,-999,8.9
2026-05-28 14:30:26.978,2026-05-28 14:36:35.101,22.6703735,114.5138524,200.0,8.5,-0.04,132.8,0.0,20.3,1711.5,1726.93,10.0,2.0,2.5,NR5G-SA,n79,-92,-92,-10,7,-999,5.1
2026-05-28 14:30:27.179,2026-05-28 14:36:35.301,22.6703604,114.5138679,200.0,8.9,0.01,132.4,0.0,20.6,1711.9,1729.09,10.0,2.0,2.5,NR5G-SA,n79,-92,-92,-10,7,-999,7.1
2026-05-28 14:30:27.379,2026-05-28 14:36:35.301,22.6703468,114.5138840,200.0,9.2,-0.01,132.2,0.0,20.6,1712.4,1731.33,10.0,2.0,2.5,NR5G-SA,n79,-92,-92,-10,7,-999,8.6
2026-05-28 14:30:27.579,2026-05-28 14:36:35.501,22.6703468,114.5138840,200.0,9.2,-0.01,132.2,0.0,20.6,1712.4,1731.33,10.0,2.0,2.5,NR5G-SA,n79,-92,-92,-10,7,-999,11.2
2026-05-28 14:30:27.780,2026-05-28 14:36:35.901,22.6703327,114.5139005,200.1,9.5,-0.05,132.0,0.0,20.6,1712.8,1733.64,10.0,2.0,2.5,NR5G-SA,n79,-92,-92,-10,7,-999,9.3
2026-05-28 14:30:27.980,2026-05-28 14:36:36.101,22.6703181,114.5139174,200.1,9.7,-0.02,132.0,0.0,20.6,1713.3,1736.02,10.0,2.0,2.5,NR5G-SA,n79,-92,-92,-10,7,-999,5.3
2026-05-28 14:30:28.181,2026-05-28 14:36:36.301,22.6703031,114.5139346,200.1,9.9,-0.05,131.9,0.0,20.8,1713.8,1738.45,10.0,2.0,2.5,NR5G-SA,n79,-92,-92,-10,7,-999,7.7
2026-05-28 14:30:28.381,2026-05-28 14:36:36.301,22.6702878,114.5139520,200.1,10.0,-0.06,131.9,0.0,20.8,1714.2,1740.92,10.0,2.0,2.5,NR5G-SA,n79,-92,-92,-10,7,-999,9.1
2026-05-28 14:30:28.581,2026-05-28 14:36:36.501,22.6702878,114.5139520,200.1,10.0,-0.06,131.9,0.0,20.8,1714.2,1740.92,10.0,2.0,2.5,NR5G-SA,n79,-92,-92,-10,7,-999,14.6
2026-05-28 14:30:28.782,2026-05-28 14:36:36.901,22.6702725,114.5139696,200.1,10.1,-0.06,131.7,0.0,20.8,1714.7,1743.40,10.0,2.0,2.5,NR5G-SA,n79,-92,-92,-10,7,-999,9.0
2026-05-28 14:30:28.982,2026-05-28 14:36:37.101,22.6702573,114.5139872,200.0,10.1,-0.03,131.6,0.0,20.8,1715.2,1745.88,10.0,2.0,2.5,NR5G-SA,n79,-92,-92,-10,7,-999,6.2
2026-05-28 14:30:29.183,2026-05-28 14:36:37.301,22.6702421,114.5140050,200.0,10.1,-0.03,131.6,0.0,20.8,1715.7,1748.37,10.0,2.0,2.5,NR5G-SA,n79,-91,-91,-10,12,-999,6.1
2026-05-28 14:30:29.383,2026-05-28 14:36:37.301,22.6702269,114.5140229,200.0,10.1,-0.05,131.5,0.0,20.2,1716.3,1750.87,10.0,2.0,2.5,NR5G-SA,n79,-91,-91,-10,12,-999,8.3
2026-05-28 14:30:29.584,2026-05-28 14:36:37.501,22.6702269,114.5140229,200.0,10.1,-0.05,131.5,0.0,20.2,1716.3,1750.87,10.0,2.0,2.5,NR5G-SA,n79,-92,-92,-10,11,-999,17.5
2026-05-28 14:30:29.784,2026-05-28 14:36:37.901,22.6702117,114.5140409,200.0,10.2,-0.04,131.4,0.0,20.2,1716.8,1753.38,10.0,2.0,2.5,NR5G-SA,n79,-92,-92,-10,11,-999,13.6
2026-05-28 14:30:29.984,2026-05-28 14:36:38.101,22.6701964,114.5140590,200.0,10.2,-0.04,131.4,0.0,20.2,1717.4,1755.90,10.0,2.0,2.5,NR5G-SA,n79,-92,-92,-10,11,-999,5.8
2026-05-28 14:30:30.185,2026-05-28 14:36:38.301,22.6701809,114.5140771,200.0,10.2,0.01,131.5,0.0,20.2,1717.9,1758.43,10.0,2.0,2.5,NR5G-SA,n79,-92,-92,-10,11,-999,5.1
2026-05-28 14:30:30.385,2026-05-28 14:36:38.301,22.6701654,114.5140952,200.0,10.2,0.04,131.6,0.0,18.8,1718.4,1760.97,10.0,2.0,2.5,NR5G-SA,n79,-92,-92,-10,11,-999,8.1
2026-05-28 14:30:30.586,2026-05-28 14:36:38.501,22.6701654,114.5140952,200.0,10.2,0.04,131.6,0.0,18.8,1718.4,1760.97,10.0,2.0,2.5,NR5G-SA,n79,-92,-92,-10,11,-999,14.8
2026-05-28 14:30:30.786,2026-05-28 14:36:38.901,22.6701498,114.5141132,200.1,10.2,0.01,131.6,0.0,18.8,1719.0,1763.51,10.0,2.0,2.5,NR5G-SA,n79,-91,-91,-10,12,-999,7.5
2026-05-28 14:30:30.987,2026-05-28 14:36:39.101,22.6701342,114.5141313,200.1,10.2,-0.03,131.8,0.0,18.8,1719.5,1766.05,10.0,2.0,2.5,NR5G-SA,n79,-91,-91,-10,12,-999,5.6
2026-05-28 14:30:31.187,2026-05-28 14:36:39.301,22.6701187,114.5141494,200.1,10.1,-0.08,131.9,0.0,18.8,1720.1,1768.59,10.0,2.0,2.5,NR5G-SA,n79,-91,-91,-10,12,-999,4.9
2026-05-28 14:30:31.387,2026-05-28 14:36:39.301,22.6701032,114.5141676,200.1,10.1,-0.06,132.0,0.0,18.0,1720.6,1771.13,10.0,2.0,2.5,NR5G-SA,n79,-93,-93,-10,13,-999,8.9
2026-05-28 14:30:31.588,2026-05-28 14:36:39.501,22.6701032,114.5141676,200.1,10.1,-0.06,132.0,0.0,18.0,1720.6,1771.13,10.0,2.0,2.5,NR5G-SA,n79,-93,-93,-10,13,-999,11.9
2026-05-28 14:30:31.788,2026-05-28 14:36:39.901,22.6700877,114.5141857,200.1,10.0,-0.05,131.9,0.0,18.0,1721.2,1773.67,10.0,2.0,2.5,NR5G-SA,n79,-93,-93,-10,13,-999,7.7
2026-05-28 14:30:31.989,2026-05-28 14:36:40.101,22.6700724,114.5142039,200.1,10.0,-0.00,131.8,0.0,18.0,1721.8,1776.20,10.0,2.0,2.5,NR5G-SA,n79,-95,-95,-10,12,-999,4.9
2026-05-28 14:30:32.189,2026-05-28 14:36:40.301,22.6700571,114.5142220,200.1,10.0,-0.00,132.0,0.0,18.0,1722.4,1778.72,10.0,2.0,2.5,NR5G-SA,n79,-95,-95,-10,12,-999,5.9
2026-05-28 14:30:32.390,2026-05-28 14:36:40.501,22.6700418,114.5142401,200.1,10.0,0.01,132.1,0.0,16.7,1722.9,1781.24,10.0,2.0,2.5,NR5G-SA,n79,-92,-92,-10,11,-999,5.5
2026-05-28 14:30:32.590,2026-05-28 14:36:40.501,22.6700418,114.5142401,200.1,10.0,0.01,132.1,0.0,16.7,1722.9,1781.24,10.0,2.0,2.5,NR5G-SA,n79,-92,-92,-10,11,-999,15.8
2026-05-28 14:30:32.791,2026-05-28 14:36:40.901,22.6700265,114.5142581,200.1,10.0,-0.01,132.0,0.0,16.7,1723.5,1783.75,10.0,2.0,2.5,NR5G-SA,n79,-92,-92,-10,11,-999,8.7
2026-05-28 14:30:32.991,2026-05-28 14:36:41.101,22.6700112,114.5142762,200.1,10.0,-0.04,131.9,0.0,16.7,1724.1,1786.27,10.0,2.0,2.5,NR5G-SA,n79,-95,-95,-10,11,-999,4.4
2026-05-28 14:30:33.191,2026-05-28 14:36:41.301,22.6699960,114.5142942,200.1,10.0,-0.05,132.1,0.0,16.7,1724.7,1788.78,10.0,2.0,2.5,NR5G-SA,n79,-95,-95,-10,11,-999,5.2
2026-05-28 14:30:33.392,2026-05-28 14:36:41.501,22.6699807,114.5143122,200.1,10.0,-0.02,132.2,0.0,16.4,1725.3,1791.29,10.0,2.0,2.5,NR5G-SA,n79,-95,-95,-10,11,-999,4.5
2026-05-28 14:30:33.592,2026-05-28 14:36:41.501,22.6699807,114.5143122,200.1,10.0,-0.02,132.2,0.0,16.4,1725.3,1791.29,10.0,2.0,2.5,NR5G-SA,n79,-95,-95,-10,11,-999,15.4
2026-05-28 14:30:33.792,2026-05-28 14:36:41.901,22.6699655,114.5143303,200.0,10.0,-0.05,132.2,0.0,16.4,1725.9,1793.81,10.0,2.0,2.5,NR5G-SA,n79,-95,-95,-10,11,-999,10.0
2026-05-28 14:30:33.993,2026-05-28 14:36:42.101,22.6699504,114.5143482,200.0,10.0,-0.00,132.2,0.0,16.4,1726.5,1796.30,10.0,2.0,2.5,NR5G-SA,n79,-95,-95,-10,11,-999,5.5
2026-05-28 14:30:34.193,2026-05-28 14:36:42.301,22.6699351,114.5143663,200.0,10.0,-0.12,132.3,0.0,16.4,1727.1,1798.82,10.0,2.0,2.5,NR5G-SA,n79,-93,-93,-10,12,-999,6.3
2026-05-28 14:30:34.393,2026-05-28 14:36:42.301,22.6699198,114.5143842,200.0,10.0,-0.09,132.3,0.0,16.6,1727.7,1801.33,10.0,2.0,2.5,NR5G-SA,n79,-93,-93,-10,12,-999,8.0
2026-05-28 14:30:34.594,2026-05-28 14:36:42.501,22.6699198,114.5143842,200.0,10.0,-0.09,132.3,0.0,16.6,1727.7,1801.33,10.0,2.0,2.5,NR5G-SA,n79,-93,-93,-10,12,-999,14.7
2026-05-28 14:30:34.794,2026-05-28 14:36:42.901,22.6699046,114.5144022,200.0,10.0,-0.01,132.3,0.0,16.6,1728.3,1803.83,10.0,2.0,2.5,NR5G-SA,n79,-93,-93,-10,12,-999,9.0
2026-05-28 14:30:34.994,2026-05-28 14:36:43.101,22.6698895,114.5144202,200.0,10.0,0.01,132.3,0.0,16.6,1728.9,1806.33,10.0,2.0,2.5,NR5G-SA,n79,-93,-93,-10,12,-999,6.2
2026-05-28 14:30:35.195,2026-05-28 14:36:43.301,22.6698744,114.5144382,200.0,9.9,-0.01,132.2,0.0,16.6,1729.5,1808.83,10.0,2.0,2.5,NR5G-SA,n79,-95,-95,-10,11,-999,5.3
2026-05-28 14:30:35.395,2026-05-28 14:36:43.301,22.6698593,114.5144562,200.0,9.9,-0.00,132.2,0.0,17.1,1730.2,1811.33,10.0,2.0,2.5,NR5G-SA,n79,-95,-95,-10,11,-999,7.2
2026-05-28 14:30:35.596,2026-05-28 14:36:43.501,22.6698593,114.5144562,200.0,9.9,-0.00,132.2,0.0,17.1,1730.2,1811.33,10.0,2.0,2.5,NR5G-SA,n79,-95,-95,-10,11,-999,15.3
2026-05-28 14:30:35.796,2026-05-28 14:36:43.901,22.6698442,114.5144742,200.0,9.9,0.02,132.5,0.0,17.1,1730.8,1813.83,10.0,2.0,2.5,NR5G-SA,n79,-96,-96,-10,10,-999,10.0
2026-05-28 14:30:35.996,2026-05-28 14:36:44.101,22.6698290,114.5144922,200.0,10.0,0.01,132.6,0.0,17.1,1731.4,1816.34,10.0,2.0,2.5,NR5G-SA,n79,-96,-96,-10,10,-999,6.0
2026-05-28 14:30:36.197,2026-05-28 14:36:44.301,22.6698138,114.5145103,200.0,10.0,0.00,132.5,0.0,17.1,1732.1,1818.85,10.0,2.0,2.5,NR5G-SA,n79,-96,-96,-10,10,-999,9.0
2026-05-28 14:30:36.397,2026-05-28 14:36:44.301,22.6697987,114.5145283,200.0,10.0,0.04,132.3,0.0,17.6,1732.7,1821.35,10.0,2.0,2.5,NR5G-SA,n79,-93,-93,-10,11,-999,9.7
2026-05-28 14:30:36.598,2026-05-28 14:36:44.501,22.6697987,114.5145283,200.0,10.0,0.04,132.3,0.0,17.6,1732.7,1821.35,10.0,2.0,2.5,NR5G-SA,n79,-93,-93,-10,11,-999,12.8
2026-05-28 14:30:36.798,2026-05-28 14:36:44.901,22.6697835,114.5145464,200.0,9.9,0.07,132.1,0.0,17.6,1733.4,1823.86,10.0,2.0,2.5,NR5G-SA,n79,-95,-95,-10,12,-999,8.7
2026-05-28 14:30:36.998,2026-05-28 14:36:45.101,22.6697684,114.5145645,200.0,10.0,0.01,132.0,0.0,17.6,1734.0,1826.37,10.0,2.0,2.5,NR5G-SA,n79,-95,-95,-10,12,-999,4.5
2026-05-28 14:30:37.199,2026-05-28 14:36:45.301,22.6697532,114.5145825,200.0,10.0,-0.03,131.9,0.0,17.6,1734.7,1828.87,10.0,2.0,2.5,NR5G-SA,n79,-95,-95,-10,12,-999,7.8
2026-05-28 14:30:37.399,2026-05-28 14:36:45.301,22.6697381,114.5146004,200.0,9.9,0.00,131.8,0.0,18.9,1735.3,1831.37,10.0,2.0,2.5,NR5G-SA,n79,-95,-95,-10,12,-999,9.2
2026-05-28 14:30:37.600,2026-05-28 14:36:45.501,22.6697381,114.5146004,200.0,9.9,0.00,131.8,0.0,18.9,1735.3,1831.37,10.0,2.0,2.5,NR5G-SA,n79,-95,-95,-10,12,-999,16.8
2026-05-28 14:30:37.801,2026-05-28 14:36:45.901,22.6697230,114.5146184,200.0,9.9,-0.00,131.8,0.0,18.9,1736.0,1833.86,10.0,2.0,2.5,NR5G-SA,n79,-95,-95,-10,12,-999,8.9
2026-05-28 14:30:38.001,2026-05-28 14:36:46.101,22.6697079,114.5146363,200.0,9.9,-0.04,131.8,0.0,18.9,1736.6,1836.36,10.0,2.0,2.5,NR5G-SA,n79,-96,-96,-10,11,-999,5.0
2026-05-28 14:30:38.201,2026-05-28 14:36:46.301,22.6696928,114.5146542,200.0,9.9,-0.01,131.9,0.0,18.9,1737.3,1838.85,10.0,2.0,2.5,NR5G-SA,n79,-96,-96,-10,11,-999,5.3
2026-05-28 14:30:38.402,2026-05-28 14:36:46.301,22.6696778,114.5146721,200.0,9.9,0.04,131.9,0.0,19.3,1737.9,1841.33,10.0,2.0,2.5,NR5G-SA,n79,-96,-96,-10,11,-999,8.0
2026-05-28 14:30:38.602,2026-05-28 14:36:46.501,22.6696626,114.5146901,200.0,9.9,0.04,131.9,0.0,19.3,1738.6,1843.84,10.0,2.0,2.5,NR5G-SA,n79,-97,-97,-10,11,-999,13.0
2026-05-28 14:30:38.803,2026-05-28 14:36:46.901,22.6696626,114.5146901,200.0,10.0,0.01,131.9,0.0,19.3,1738.6,1843.84,10.0,2.0,2.5,NR5G-SA,n79,-97,-97,-10,11,-999,11.0
2026-05-28 14:30:39.003,2026-05-28 14:36:47.101,22.6696474,114.5147081,200.0,9.9,-0.02,131.9,0.0,19.3,1739.3,1846.34,10.0,2.0,2.5,NR5G-SA,n79,-96,-96,-10,10,-999,6.4
2026-05-28 14:30:39.203,2026-05-28 14:36:47.301,22.6696323,114.5147260,200.0,10.0,0.02,132.0,0.0,19.3,1739.9,1848.83,10.0,2.0,2.5,NR5G-SA,n79,-96,-96,-10,10,-999,5.2
2026-05-28 14:30:39.404,2026-05-28 14:36:47.301,22.6696170,114.5147440,200.0,10.0,-0.02,131.9,0.0,19.3,1740.6,1851.35,10.0,2.0,2.5,NR5G-SA,n79,-96,-96,-10,10,-999,10.3
2026-05-28 14:30:39.604,2026-05-28 14:36:47.501,22.6696018,114.5147619,200.0,10.0,-0.02,131.9,0.0,19.8,1741.3,1853.85,10.0,2.0,2.5,NR5G-SA,n79,-97,-97,-10,10,-999,10.5
2026-05-28 14:30:39.805,2026-05-28 14:36:47.901,22.6696018,114.5147619,200.0,10.0,-0.03,131.9,0.0,19.8,1741.3,1853.85,10.0,2.0,2.5,NR5G-SA,n79,-97,-97,-10,10,-999,10.0
2026-05-28 14:30:40.005,2026-05-28 14:36:48.101,22.6695867,114.5147798,200.0,10.0,-0.05,132.1,0.0,19.8,1742.0,1856.34,10.0,2.0,2.5,NR5G-SA,n79,-97,-97,-10,10,-999,6.2
2026-05-28 14:30:40.206,2026-05-28 14:36:48.301,22.6695715,114.5147977,200.0,9.9,-0.03,132.2,0.0,19.8,1742.6,1858.84,10.0,2.0,2.5,NR5G-SA,n79,-95,-95,-10,10,-999,5.0
2026-05-28 14:30:40.406,2026-05-28 14:36:48.501,22.6695564,114.5148155,200.0,9.9,0.00,132.3,0.0,19.8,1743.3,1861.32,10.0,2.0,2.5,NR5G-SA,n79,-95,-95,-10,10,-999,7.3
2026-05-28 14:30:40.607,2026-05-28 14:36:48.501,22.6695413,114.5148334,200.0,10.0,-0.03,132.3,0.0,19.6,1744.0,1863.81,10.0,2.0,2.5,NR5G-SA,n79,-95,-95,-10,10,-999,10.7
2026-05-28 14:30:40.807,2026-05-28 14:36:48.901,22.6695413,114.5148334,200.0,10.0,-0.03,132.3,0.0,19.6,1744.0,1863.81,10.0,2.0,2.5,NR5G-SA,n79,-97,-97,-10,10,-999,14.4
2026-05-28 14:30:41.008,2026-05-28 14:36:49.101,22.6695262,114.5148513,200.0,10.0,0.03,132.1,0.0,19.6,1744.7,1866.30,10.0,2.0,2.5,NR5G-SA,n79,-97,-97,-10,10,-999,6.7
2026-05-28 14:30:41.208,2026-05-28 14:36:49.301,22.6695112,114.5148694,200.0,10.0,0.01,131.8,0.0,19.6,1745.4,1868.80,10.0,2.0,2.5,NR5G-SA,n79,-97,-97,-10,10,-999,6.0
2026-05-28 14:30:41.408,2026-05-28 14:36:49.501,22.6694961,114.5148876,200.0,10.0,0.00,131.6,0.0,19.6,1746.1,1871.32,10.0,2.0,2.5,NR5G-SA,n79,-97,-97,-10,10,-999,6.3
2026-05-28 14:30:41.609,2026-05-28 14:36:49.501,22.6694810,114.5149057,200.0,10.1,-0.01,131.4,0.0,18.7,1746.9,1873.82,10.0,2.0,2.5,NR5G-SA,n79,-98,-98,-10,10,-999,14.8
2026-05-28 14:30:41.809,2026-05-28 14:36:49.901,22.6694810,114.5149057,200.0,10.1,-0.01,131.4,0.0,18.7,1746.9,1873.82,10.0,2.0,2.5,NR5G-SA,n79,-99,-99,-10,11,-999,10.5
2026-05-28 14:30:42.010,2026-05-28 14:36:50.101,22.6694658,114.5149238,200.0,10.0,0.02,131.3,0.0,18.7,1747.6,1876.34,10.0,2.0,2.5,NR5G-SA,n79,-99,-99,-10,11,-999,5.4
2026-05-28 14:30:42.210,2026-05-28 14:36:50.301,22.6694507,114.5149417,200.0,10.0,-0.06,131.4,0.0,18.7,1748.3,1878.83,10.0,2.0,2.5,NR5G-SA,n79,-99,-99,-10,11,-999,5.4
2026-05-28 14:30:42.410,2026-05-28 14:36:50.301,22.6694355,114.5149596,200.0,10.0,-0.08,131.4,0.0,18.7,1749.0,1881.33,10.0,2.0,2.5,NR5G-SA,n79,-97,-97,-10,11,-999,7.4
2026-05-28 14:30:42.611,2026-05-28 14:36:50.501,22.6694204,114.5149775,200.0,10.0,-0.08,131.7,0.0,17.2,1749.7,1883.82,10.0,2.0,2.5,NR5G-SA,n79,-97,-97,-10,11,-999,12.7
2026-05-28 14:30:42.811,2026-05-28 14:36:50.901,22.6694204,114.5149775,200.0,10.0,-0.03,131.7,0.0,17.2,1749.7,1883.82,10.0,2.0,2.5,NR5G-SA,n79,-97,-97,-10,11,-999,8.0
2026-05-28 14:30:43.012,2026-05-28 14:36:51.101,22.6694052,114.5149953,200.0,10.0,-0.05,131.9,0.0,17.2,1750.4,1886.31,10.0,2.0,2.5,NR5G-SA,n79,-97,-97,-10,11,-999,6.0
2026-05-28 14:30:43.212,2026-05-28 14:36:51.301,22.6693900,114.5150132,200.0,10.0,-0.04,132.0,0.0,17.2,1751.1,1888.81,10.0,2.0,2.5,NR5G-SA,n79,-97,-97,-10,11,-999,4.6
2026-05-28 14:30:43.412,2026-05-28 14:36:51.501,22.6693748,114.5150312,200.0,10.0,-0.04,132.0,0.0,17.2,1751.9,1891.31,10.0,2.0,2.5,NR5G-SA,n79,-97,-97,-10,10,-999,5.9
2026-05-28 14:30:43.613,2026-05-28 14:36:51.501,22.6693596,114.5150492,200.0,10.0,-0.05,131.9,0.0,16.6,1752.6,1893.82,10.0,2.0,2.5,NR5G-SA,n79,-97,-97,-10,10,-999,14.8
2026-05-28 14:30:43.813,2026-05-28 14:36:51.901,22.6693596,114.5150492,200.0,10.0,-0.05,131.9,0.0,16.6,1752.6,1893.82,10.0,2.0,2.5,NR5G-SA,n79,-97,-97,-10,10,-999,9.4
2026-05-28 14:30:44.013,2026-05-28 14:36:52.101,22.6693444,114.5150673,200.0,10.0,0.00,132.0,0.0,16.6,1753.3,1896.33,10.0,2.0,2.5,NR5G-SA,n79,-97,-97,-10,10,-999,5.3
2026-05-28 14:30:44.214,2026-05-28 14:36:52.301,22.6693292,114.5150853,200.0,9.9,0.07,132.1,0.0,16.6,1754.1,1898.84,10.0,2.0,2.5,NR5G-SA,n79,-97,-97,-10,10,-999,6.5
2026-05-28 14:30:44.414,2026-05-28 14:36:52.301,22.6693140,114.5151032,200.0,10.0,0.04,132.2,0.0,16.6,1754.8,1901.34,10.0,2.0,2.5,NR5G-SA,n79,-97,-97,-10,10,-999,8.7
2026-05-28 14:30:44.615,2026-05-28 14:36:52.501,22.6692988,114.5151211,200.0,10.0,0.04,132.3,0.0,16.0,1755.5,1903.84,10.0,2.0,2.5,NR5G-SA,n79,-96,-96,-10,10,-999,9.4
2026-05-28 14:30:44.815,2026-05-28 14:36:52.901,22.6692988,114.5151211,200.0,10.0,0.04,132.3,0.0,16.0,1755.5,1903.84,10.0,2.0,2.5,NR5G-SA,n79,-96,-96,-10,10,-999,8.0
2026-05-28 14:30:45.015,2026-05-28 14:36:53.101,22.6692837,114.5151390,200.0,10.0,-0.02,132.4,0.0,16.0,1756.3,1906.33,10.0,2.0,2.5,NR5G-SA,n79,-96,-96,-10,10,-999,4.6
2026-05-28 14:30:45.216,2026-05-28 14:36:53.301,22.6692685,114.5151569,200.0,10.0,0.04,132.5,0.0,16.0,1757.0,1908.83,10.0,2.0,2.5,NR5G-SA,n79,-95,-95,-10,11,-999,7.5
2026-05-28 14:30:45.416,2026-05-28 14:36:53.501,22.6692533,114.5151750,200.0,10.0,0.02,132.5,0.0,16.0,1757.8,1911.34,10.0,2.0,2.5,NR5G-SA,n79,-95,-95,-10,11,-999,5.8
2026-05-28 14:30:45.616,2026-05-28 14:36:53.501,22.6692381,114.5151930,200.0,10.0,-0.02,132.4,0.0,15.6,1758.5,1913.85,10.0,2.0,2.5,NR5G-SA,n79,-96,-96,-10,12,-999,12.3
2026-05-28 14:30:45.817,2026-05-28 14:36:53.901,22.6692381,114.5151930,200.0,10.0,-0.02,132.4,0.0,15.6,1758.5,1913.85,10.0,2.0,2.5,NR5G-SA,n79,-96,-96,-10,12,-999,10.1
2026-05-28 14:30:46.017,2026-05-28 14:36:54.101,22.6692229,114.5152111,200.0,10.0,-0.04,132.4,0.0,15.6,1759.3,1916.36,10.0,2.0,2.5,NR5G-SA,n79,-96,-96,-10,12,-999,6.1
2026-05-28 14:30:46.218,2026-05-28 14:36:54.301,22.6692077,114.5152291,200.0,10.0,-0.02,132.5,0.0,15.6,1760.1,1918.87,10.0,2.0,2.5,NR5G-SA,n79,-97,-97,-10,11,-999,8.0
2026-05-28 14:30:46.418,2026-05-28 14:36:54.501,22.6691925,114.5152471,200.0,10.0,-0.03,132.6,0.0,15.6,1760.8,1921.38,10.0,2.0,2.5,NR5G-SA,n79,-97,-97,-10,11,-999,7.3
2026-05-28 14:30:46.619,2026-05-28 14:36:54.501,22.6691773,114.5152651,200.0,10.0,-0.00,132.6,0.0,17.0,1761.6,1923.88,10.0,2.0,2.5,NR5G-SA,n79,-97,-97,-10,11,-999,10.0
2026-05-28 14:30:46.819,2026-05-28 14:36:54.901,22.6691773,114.5152651,200.0,10.0,-0.00,132.6,0.0,17.0,1761.6,1923.88,10.0,2.0,2.5,NR5G-SA,n79,-95,-95,-10,12,-999,7.6
2026-05-28 14:30:47.020,2026-05-28 14:36:55.101,22.6691622,114.5152831,200.0,10.0,0.02,132.5,0.0,17.0,1762.4,1926.38,10.0,2.0,2.5,NR5G-SA,n79,-95,-95,-10,12,-999,5.3
2026-05-28 14:30:47.220,2026-05-28 14:36:55.301,22.6691471,114.5153011,200.0,10.0,0.03,132.4,0.0,17.0,1763.2,1928.88,10.0,2.0,2.5,NR5G-SA,n79,-95,-95,-10,12,-999,5.5
2026-05-28 14:30:47.420,2026-05-28 14:36:55.501,22.6691320,114.5153191,200.0,10.0,-0.02,132.3,0.0,17.0,1764.0,1931.38,10.0,2.0,2.5,NR5G-SA,n79,-95,-95,-10,12,-999,6.7
2026-05-28 14:30:47.621,2026-05-28 14:36:55.501,22.6691170,114.5153370,200.0,10.0,-0.04,132.3,0.0,18.4,1764.7,1933.86,10.0,2.0,2.5,NR5G-SA,n79,-95,-95,-10,12,-999,10.4
2026-05-28 14:30:47.821,2026-05-28 14:36:55.901,22.6691170,114.5153370,200.0,10.0,-0.04,132.3,0.0,18.4,1764.7,1933.86,10.0,2.0,2.5,NR5G-SA,n79,-95,-95,-10,12,-999,10.2
2026-05-28 14:30:48.021,2026-05-28 14:36:56.101,22.6691018,114.5153550,200.0,10.0,-0.04,132.4,0.0,18.4,1765.5,1936.37,10.0,2.0,2.5,NR5G-SA,n79,-95,-95,-10,12,-999,4.8
2026-05-28 14:30:48.222,2026-05-28 14:36:56.301,22.6690866,114.5153729,200.0,9.9,-0.01,132.4,0.0,18.4,1766.3,1938.87,10.0,2.0,2.5,NR5G-SA,n79,-95,-95,-10,12,-999,7.3
2026-05-28 14:30:48.422,2026-05-28 14:36:56.501,22.6690715,114.5153907,200.0,10.0,0.04,132.3,0.0,18.4,1767.1,1941.35,10.0,2.0,2.5,NR5G-SA,n79,-95,-95,-10,12,-999,4.8
2026-05-28 14:30:48.622,2026-05-28 14:36:56.501,22.6690565,114.5154086,200.0,9.9,0.09,132.2,0.0,19.4,1767.9,1943.83,10.0,2.0,2.5,NR5G-SA,n79,-95,-95,-10,12,-999,10.7
2026-05-28 14:30:48.823,2026-05-28 14:36:56.901,22.6690565,114.5154086,200.0,9.9,0.09,132.2,0.0,19.4,1767.9,1943.83,10.0,2.0,2.5,NR5G-SA,n79,-97,-97,-10,13,-999,9.0
2026-05-28 14:30:49.023,2026-05-28 14:36:57.101,22.6690414,114.5154265,200.0,10.0,0.02,132.1,0.0,19.4,1768.7,1946.33,10.0,2.0,2.5,NR5G-SA,n79,-93,-93,-10,12,-999,5.8
2026-05-28 14:30:49.223,2026-05-28 14:36:57.301,22.6690263,114.5154445,200.0,10.0,0.03,132.0,0.0,19.4,1769.5,1948.82,10.0,2.0,2.5,NR5G-SA,n79,-93,-93,-10,12,-999,7.6
2026-05-28 14:30:49.424,2026-05-28 14:36:57.501,22.6690112,114.5154624,200.1,10.0,0.01,132.0,0.0,19.4,1770.3,1951.32,10.0,2.0,2.5,NR5G-SA,n79,-93,-93,-10,12,-999,7.4
2026-05-28 14:30:49.624,2026-05-28 14:36:57.501,22.6689961,114.5154803,200.0,10.0,-0.03,132.1,0.0,19.4,1771.1,1953.81,10.0,2.0,2.5,NR5G-SA,n79,-93,-93,-10,13,-999,6.5
2026-05-28 14:30:49.824,2026-05-28 14:36:57.901,22.6689961,114.5154803,200.0,10.0,-0.03,132.1,0.0,20.0,1771.1,1953.81,10.0,2.0,2.5,NR5G-SA,n79,-93,-93,-10,13,-999,15.1
2026-05-28 14:30:50.025,2026-05-28 14:36:58.101,22.6689808,114.5154982,200.0,10.0,-0.01,132.2,0.0,20.0,1771.9,1956.31,10.0,2.0,2.5,NR5G-SA,n79,-93,-93,-10,13,-999,6.4
2026-05-28 14:30:50.225,2026-05-28 14:36:58.301,22.6689656,114.5155162,200.0,10.0,0.02,132.4,0.0,20.0,1772.7,1958.82,10.0,2.0,2.5,NR5G-SA,n79,-94,-94,-10,12,-999,5.2
2026-05-28 14:30:50.426,2026-05-28 14:36:58.501,22.6689504,114.5155342,200.0,10.0,0.02,132.4,0.0,20.0,1773.5,1961.33,10.0,2.0,2.5,NR5G-SA,n79,-94,-94,-10,12,-999,5.6
2026-05-28 14:30:50.626,2026-05-28 14:36:58.501,22.6689352,114.5155523,200.0,10.0,-0.04,132.4,0.0,20.0,1774.4,1963.84,10.0,2.0,2.5,NR5G-SA,n79,-92,-92,-10,13,-999,10.3
2026-05-28 14:30:50.826,2026-05-28 14:36:58.901,22.6689352,114.5155523,200.0,10.0,-0.04,132.4,0.0,22.9,1774.4,1963.84,10.0,2.0,2.5,NR5G-SA,n79,-92,-92,-10,13,-999,8.2
2026-05-28 14:30:51.027,2026-05-28 14:36:59.101,22.6689200,114.5155703,200.0,10.0,0.01,132.5,0.0,22.9,1775.2,1966.35,10.0,2.0,2.5,NR5G-SA,n79,-92,-92,-10,13,-999,5.9
2026-05-28 14:30:51.227,2026-05-28 14:36:59.301,22.6689049,114.5155882,200.1,10.0,-0.00,132.5,0.0,22.9,1776.0,1968.84,10.0,2.0,2.5,NR5G-SA,n79,-94,-94,-10,13,-999,6.6
2026-05-28 14:30:51.427,2026-05-28 14:36:59.301,22.6688898,114.5156063,200.1,10.0,-0.07,132.5,0.0,22.9,1776.9,1971.34,10.0,2.0,2.5,NR5G-SA,n79,-94,-94,-10,13,-999,8.7
2026-05-28 14:30:51.628,2026-05-28 14:36:59.501,22.6688746,114.5156242,200.1,10.0,-0.09,132.5,0.0,22.9,1777.7,1973.84,10.0,2.0,2.5,NR5G-SA,n79,-94,-94,-10,13,-999,7.9
2026-05-28 14:30:51.828,2026-05-28 14:36:59.901,22.6688746,114.5156242,200.1,10.0,-0.09,132.5,0.0,24.9,1777.7,1973.84,10.0,2.0,2.5,NR5G-SA,n79,-95,-95,-10,13,-999,7.8
2026-05-28 14:30:52.029,2026-05-28 14:37:00.101,22.6688593,114.5156423,200.0,10.0,-0.03,132.5,0.0,24.9,1778.5,1976.36,10.0,2.0,2.5,NR5G-SA,n79,-95,-95,-10,13,-999,6.0
2026-05-28 14:30:52.229,2026-05-28 14:37:00.301,22.6688441,114.5156604,200.0,10.0,0.00,132.6,0.0,24.9,1779.4,1978.88,10.0,2.0,2.5,NR5G-SA,n79,-95,-95,-10,13,-999,4.8
2026-05-28 14:30:52.429,2026-05-28 14:37:00.501,22.6688289,114.5156783,200.0,10.0,0.00,132.7,0.0,24.9,1780.2,1981.38,10.0,2.0,2.5,NR5G-SA,n79,-94,-94,-10,14,-999,5.6
2026-05-28 14:30:52.630,2026-05-28 14:37:00.501,22.6688138,114.5156961,200.0,10.0,-0.10,132.6,0.0,24.9,1781.0,1983.86,10.0,2.0,2.5,NR5G-SA,n79,-94,-94,-10,14,-999,9.3
2026-05-28 14:30:52.830,2026-05-28 14:37:00.901,22.6688138,114.5156961,200.0,10.0,-0.10,132.6,0.0,24.5,1781.0,1983.86,10.0,2.0,2.5,NR5G-SA,n79,-93,-93,-10,14,-999,11.4
2026-05-28 14:30:53.031,2026-05-28 14:37:01.101,22.6687987,114.5157140,200.0,10.0,-0.09,132.4,0.0,24.5,1781.9,1986.35,10.0,2.0,2.5,NR5G-SA,n79,-93,-93,-10,14,-999,5.6
2026-05-28 14:30:53.231,2026-05-28 14:37:01.301,22.6687836,114.5157322,200.0,10.0,-0.10,132.0,0.0,24.5,1782.8,1988.87,10.0,2.0,2.5,NR5G-SA,n79,-93,-93,-10,14,-999,6.3
2026-05-28 14:30:53.431,2026-05-28 14:37:01.501,22.6687685,114.5157504,200.0,10.0,-0.10,131.6,0.0,24.5,1783.6,1991.38,10.0,2.0,2.5,NR5G-SA,n79,-93,-93,-10,14,-999,5.7
2026-05-28 14:30:53.632,2026-05-28 14:37:01.501,22.6687535,114.5157686,200.0,10.0,-0.05,131.5,0.0,24.5,1784.5,1993.89,10.0,2.0,2.5,NR5G-SA,n79,-93,-93,-10,14,-999,11.8
2026-05-28 14:30:53.832,2026-05-28 14:37:01.901,22.6687535,114.5157686,200.0,10.0,-0.05,131.5,0.0,24.9,1784.5,1993.89,10.0,2.0,2.5,NR5G-SA,n79,-93,-93,-10,14,-999,9.1
2026-05-28 14:30:54.033,2026-05-28 14:37:02.101,22.6687385,114.5157866,200.0,10.0,0.03,131.4,0.0,24.9,1785.4,1996.38,10.0,2.0,2.5,NR5G-SA,n79,-91,-91,-10,14,-999,5.6
2026-05-28 14:30:54.233,2026-05-28 14:37:02.301,22.6687234,114.5158046,200.0,9.9,0.02,131.4,0.0,24.9,1786.3,1998.88,10.0,2.0,2.5,NR5G-SA,n79,-91,-91,-10,14,-999,6.5
2026-05-28 14:30:54.434,2026-05-28 14:37:02.501,22.6687083,114.5158226,200.0,9.9,0.07,131.5,0.0,24.9,1787.1,2001.38,10.0,2.0,2.5,NR5G-SA,n79,-91,-91,-10,14,-999,6.1
2026-05-28 14:30:54.634,2026-05-28 14:37:02.501,22.6686932,114.5158405,200.0,10.0,-0.03,131.7,0.0,24.9,1788.0,2003.87,10.0,2.0,2.5,NR5G-SA,n79,-93,-93,-10,14,-999,9.0
2026-05-28 14:30:54.834,2026-05-28 14:37:02.901,22.6686932,114.5158405,200.0,10.0,-0.03,131.7,0.0,24.9,1788.0,2003.87,10.0,2.0,2.5,NR5G-SA,n79,-93,-93,-10,14,-999,10.6
2026-05-28 14:30:55.035,2026-05-28 14:37:03.101,22.6686781,114.5158584,200.0,9.9,0.02,131.7,0.0,24.9,1788.9,2006.36,10.0,2.0,2.5,NR5G-SA,n79,-93,-93,-10,14,-999,5.9
2026-05-28 14:30:55.235,2026-05-28 14:37:03.301,22.6686628,114.5158764,200.0,10.0,-0.02,131.8,0.0,24.9,1789.8,2008.87,10.0,2.0,2.5,NR5G-SA,n79,-93,-93,-10,14,-999,4.8
2026-05-28 14:30:55.436,2026-05-28 14:37:03.501,22.6686475,114.5158944,200.0,10.0,0.01,131.9,0.0,24.9,1790.6,2011.39,10.0,2.0,2.5,NR5G-SA,n79,-93,-93,-10,14,-999,4.2
2026-05-28 14:30:55.636,2026-05-28 14:37:03.501,22.6686322,114.5159123,200.0,9.9,-0.03,132.1,0.0,24.9,1791.5,2013.89,10.0,2.0,2.5,NR5G-SA,n79,-93,-93,-10,14,-999,10.2
2026-05-28 14:30:55.837,2026-05-28 14:37:03.901,22.6686322,114.5159123,200.0,9.9,-0.03,132.1,0.0,22.1,1791.5,2013.89,10.0,2.0,2.5,NR5G-SA,n79,-93,-93,-10,14,-999,11.2
2026-05-28 14:30:56.037,2026-05-28 14:37:04.101,22.6686171,114.5159302,200.0,10.0,-0.03,132.2,0.0,22.1,1792.4,2016.38,10.0,2.0,2.5,NR5G-SA,n79,-93,-93,-10,14,-999,5.4
2026-05-28 14:30:56.237,2026-05-28 14:37:04.301,22.6686021,114.5159480,200.0,9.9,-0.01,132.2,0.0,22.1,1793.3,2018.86,10.0,2.0,2.5,NR5G-SA,n79,-91,-91,-10,14,-999,4.5
2026-05-28 14:30:56.438,2026-05-28 14:37:04.501,22.6685871,114.5159658,200.0,9.9,-0.02,132.3,0.0,22.1,1794.1,2021.34,10.0,2.0,2.5,NR5G-SA,n79,-91,-91,-10,14,-999,4.7
2026-05-28 14:30:56.638,2026-05-28 14:37:04.501,22.6685720,114.5159835,200.0,9.9,-0.01,132.3,0.0,22.1,1795.0,2023.81,10.0,2.0,2.5,NR5G-SA,n79,-91,-91,-10,14,-999,13.0
2026-05-28 14:30:56.838,2026-05-28 14:37:04.901,22.6685720,114.5159835,200.0,9.9,-0.01,132.3,0.0,22.1,1795.0,2023.81,10.0,2.0,2.5,NR5G-SA,n79,-92,-92,-10,14,-999,8.0
2026-05-28 14:30:57.039,2026-05-28 14:37:05.101,22.6685569,114.5160014,200.0,10.0,-0.08,132.3,0.0,22.1,1795.9,2026.30,10.0,2.0,2.5,NR5G-SA,n79,-92,-92,-10,14,-999,5.9
2026-05-28 14:30:57.239,2026-05-28 14:37:05.301,22.6685417,114.5160192,200.0,10.0,-0.05,132.2,0.0,22.1,1796.8,2028.79,10.0,2.0,2.5,NR5G-SA,n79,-91,-91,-10,14,-999,5.2
2026-05-28 14:30:57.440,2026-05-28 14:37:05.501,22.6685265,114.5160372,200.0,10.0,-0.01,132.1,0.0,22.1,1797.7,2031.30,10.0,2.0,2.5,NR5G-SA,n79,-91,-91,-10,14,-999,4.6
2026-05-28 14:30:57.640,2026-05-28 14:37:05.501,22.6685113,114.5160551,200.0,10.0,-0.01,132.1,0.0,22.1,1798.6,2033.80,10.0,2.0,2.5,NR5G-SA,n79,-91,-91,-10,14,-999,10.0
2026-05-28 14:30:57.840,2026-05-28 14:37:05.901,22.6685113,114.5160551,200.0,10.0,-0.01,132.1,0.0,22.1,1798.6,2033.80,10.0,2.0,2.5,NR5G-SA,n79,-92,-92,-10,13,-999,8.9
2026-05-28 14:30:58.041,2026-05-28 14:37:06.101,22.6684961,114.5160732,200.0,10.0,0.01,132.1,0.0,21.2,1799.5,2036.31,10.0,2.0,2.5,NR5G-SA,n79,-92,-92,-10,13,-999,6.3
2026-05-28 14:30:58.241,2026-05-28 14:37:06.301,22.6684810,114.5160912,200.0,10.0,0.00,132.3,0.0,21.2,1800.4,2038.81,10.0,2.0,2.5,NR5G-SA,n79,-92,-92,-10,13,-999,6.7
2026-05-28 14:30:58.441,2026-05-28 14:37:06.501,22.6684659,114.5161092,200.0,10.0,-0.00,132.3,0.0,21.2,1801.4,2041.31,10.0,2.0,2.5,NR5G-SA,n79,-91,-91,-10,11,-999,8.2
2026-05-28 14:30:58.642,2026-05-28 14:37:06.501,22.6684508,114.5161273,200.0,10.0,0.01,132.4,0.0,21.2,1802.3,2043.82,10.0,2.0,2.5,NR5G-SA,n79,-91,-91,-10,11,-999,7.1
2026-05-28 14:30:58.842,2026-05-28 14:37:06.901,22.6684508,114.5161273,200.0,10.0,0.01,132.4,0.0,21.2,1802.3,2043.82,10.0,2.0,2.5,NR5G-SA,n79,-91,-91,-10,11,-999,8.6
2026-05-28 14:30:59.043,2026-05-28 14:37:07.101,22.6684356,114.5161453,200.0,10.0,-0.01,132.5,0.0,21.3,1803.2,2046.32,10.0,2.0,2.5,NR5G-SA,n79,-93,-93,-10,13,-999,4.6
2026-05-28 14:30:59.243,2026-05-28 14:37:07.301,22.6684204,114.5161633,200.0,10.0,-0.00,132.5,0.0,21.3,1804.1,2048.83,10.0,2.0,2.5,NR5G-SA,n79,-93,-93,-10,13,-999,5.1
2026-05-28 14:30:59.443,2026-05-28 14:37:07.501,22.6684052,114.5161813,200.0,10.0,-0.02,132.5,0.0,21.3,1805.1,2051.34,10.0,2.0,2.5,NR5G-SA,n79,-94,-94,-10,13,-999,6.5
2026-05-28 14:30:59.644,2026-05-28 14:37:07.501,22.6683901,114.5161993,200.0,10.0,-0.04,132.6,0.0,21.3,1806.0,2053.84,10.0,2.0,2.5,NR5G-SA,n79,-94,-94,-10,13,-999,10.6
2026-05-28 14:30:59.844,2026-05-28 14:37:07.901,22.6683901,114.5161993,200.0,10.0,-0.04,132.6,0.0,21.3,1806.0,2053.84,10.0,2.0,2.5,NR5G-SA,n79,-94,-94,-10,13,-999,8.7
2026-05-28 14:31:00.045,2026-05-28 14:37:08.101,22.6683750,114.5162172,200.0,10.0,-0.03,132.6,0.0,20.4,1806.9,2056.33,10.0,2.0,2.5,NR5G-SA,n79,-94,-94,-10,13,-999,5.0
2026-05-28 14:31:00.245,2026-05-28 14:37:08.301,22.6683598,114.5162351,200.0,10.0,-0.02,132.7,0.0,20.4,1807.9,2058.83,10.0,2.0,2.5,NR5G-SA,n79,-94,-94,-10,13,-999,7.0
2026-05-28 14:31:00.445,2026-05-28 14:37:08.501,22.6683446,114.5162531,200.0,10.0,0.02,132.7,0.0,20.4,1808.8,2061.33,10.0,2.0,2.5,NR5G-SA,n79,-94,-94,-10,13,-999,6.7
2026-05-28 14:31:00.646,2026-05-28 14:37:08.501,22.6683293,114.5162710,200.0,10.0,-0.04,132.7,0.0,20.4,1809.7,2063.84,10.0,2.0,2.5,NR5G-SA,n79,-94,-94,-10,12,-999,8.2
2026-05-28 14:31:00.846,2026-05-28 14:37:08.901,22.6683143,114.5162890,200.0,10.0,-0.04,132.6,0.0,20.4,1810.7,2066.33,10.0,2.0,2.5,NR5G-SA,n79,-94,-94,-10,12,-999,10.9
2026-05-28 14:31:01.046,2026-05-28 14:37:09.101,22.6683143,114.5162890,200.0,10.0,0.01,132.6,0.0,20.8,1810.7,2066.33,10.0,2.0,2.5,NR5G-SA,n79,-94,-94,-10,12,-999,6.0
2026-05-28 14:31:01.247,2026-05-28 14:37:09.301,22.6682992,114.5163071,200.0,10.0,0.01,132.6,0.0,20.8,1811.7,2068.84,10.0,2.0,2.5,NR5G-SA,n79,-95,-95,-10,13,-999,5.5
2026-05-28 14:31:01.447,2026-05-28 14:37:09.501,22.6682840,114.5163251,200.0,10.0,-0.01,132.5,0.0,20.8,1812.6,2071.34,10.0,2.0,2.5,NR5G-SA,n79,-95,-95,-10,13,-999,4.9
2026-05-28 14:31:01.648,2026-05-28 14:37:09.501,22.6682689,114.5163431,200.0,10.0,0.03,132.6,0.0,20.8,1813.6,2073.84,10.0,2.0,2.5,NR5G-SA,n79,-93,-93,-10,13,-999,8.5
2026-05-28 14:31:01.848,2026-05-28 14:37:09.901,22.6682689,114.5163431,200.0,10.0,0.03,132.6,0.0,20.8,1813.6,2073.84,10.0,2.0,2.5,NR5G-SA,n79,-93,-93,-10,13,-999,9.7
2026-05-28 14:31:02.048,2026-05-28 14:37:10.101,22.6682536,114.5163612,200.0,10.1,0.02,132.7,0.0,17.4,1814.5,2076.36,10.0,2.0,2.5,NR5G-SA,n79,-93,-93,-10,13,-999,5.4
2026-05-28 14:31:02.249,2026-05-28 14:37:10.301,22.6682383,114.5163793,200.0,10.0,-0.03,132.9,0.0,17.4,1815.5,2078.88,10.0,2.0,2.5,NR5G-SA,n79,-95,-95,-10,12,-999,4.4
2026-05-28 14:31:02.449,2026-05-28 14:37:10.501,22.6682231,114.5163973,200.0,9.9,-0.03,132.9,0.0,17.4,1816.5,2081.39,10.0,2.0,2.5,NR5G-SA,n79,-95,-95,-10,12,-999,5.3
2026-05-28 14:31:02.650,2026-05-28 14:37:10.501,22.6682079,114.5164153,200.0,9.9,-0.05,132.8,0.0,17.4,1817.4,2083.90,10.0,2.0,2.5,NR5G-SA,n79,-95,-95,-10,12,-999,7.5
2026-05-28 14:31:02.850,2026-05-28 14:37:10.901,22.6681929,114.5164333,200.0,9.9,-0.05,132.8,0.0,17.4,1818.4,2086.39,10.0,2.0,2.5,NR5G-SA,n79,-94,-94,-10,12,-999,8.5
2026-05-28 14:31:03.051,2026-05-28 14:37:11.101,22.6681929,114.5164333,200.0,9.9,-0.02,132.8,0.0,17.2,1818.4,2086.39,10.0,2.0,2.5,NR5G-SA,n79,-94,-94,-10,12,-999,10.1
2026-05-28 14:31:03.251,2026-05-28 14:37:11.301,22.6681779,114.5164512,200.0,9.9,-0.05,132.6,0.0,17.2,1819.4,2088.87,10.0,2.0,2.5,NR5G-SA,n79,-94,-94,-10,12,-999,6.3
2026-05-28 14:31:03.451,2026-05-28 14:37:11.501,22.6681629,114.5164692,200.0,9.9,-0.00,132.5,0.0,17.2,1820.4,2091.36,10.0,2.0,2.5,NR5G-SA,n79,-95,-95,-10,21,-999,5.7
2026-05-28 14:31:03.652,2026-05-28 14:37:11.501,22.6681478,114.5164872,200.0,10.0,-0.02,132.5,0.0,17.2,1821.4,2093.86,10.0,2.0,2.5,NR5G-SA,n79,-95,-95,-10,21,-999,7.0
2026-05-28 14:31:03.852,2026-05-28 14:37:11.901,22.6681327,114.5165051,200.0,10.0,-0.05,132.5,0.0,17.2,1822.3,2096.35,10.0,2.0,2.5,NR5G-SA,n79,-95,-95,-10,21,-999,10.4
2026-05-28 14:31:04.052,2026-05-28 14:37:12.101,22.6681327,114.5165051,200.0,10.0,-0.05,132.5,0.0,15.8,1822.3,2096.35,10.0,2.0,2.5,NR5G-SA,n79,-93,-93,-10,19,-999,5.5
2026-05-28 14:31:04.253,2026-05-28 14:37:12.301,22.6681174,114.5165231,200.0,10.0,0.02,132.4,0.0,15.8,1823.3,2098.87,10.0,2.0,2.5,NR5G-SA,n79,-93,-93,-10,19,-999,9.9
2026-05-28 14:31:04.453,2026-05-28 14:37:12.501,22.6681023,114.5165411,200.0,10.0,0.01,132.5,0.0,15.8,1824.3,2101.37,10.0,2.0,2.5,NR5G-SA,n79,-93,-93,-10,20,-999,5.7
2026-05-28 14:31:04.654,2026-05-28 14:37:12.901,22.6680872,114.5165590,200.0,10.0,-0.03,132.6,0.0,15.8,1825.3,2103.86,10.0,2.0,2.5,NR5G-SA,n79,-93,-93,-10,20,-999,6.9
2026-05-28 14:31:04.854,2026-05-28 14:37:12.901,22.6680720,114.5165770,200.0,10.0,-0.03,132.6,0.0,15.8,1826.3,2106.36,10.0,2.0,2.5,NR5G-SA,n79,-93,-93,-10,20,-999,11.1
2026-05-28 14:31:05.054,2026-05-28 14:37:13.101,22.6680720,114.5165770,200.0,10.0,-0.02,132.6,0.0,16.5,1826.3,2106.36,10.0,2.0,2.5,NR5G-SA,n79,-93,-93,-10,20,-999,7.3
2026-05-28 14:31:05.255,2026-05-28 14:37:13.301,22.6680569,114.5165948,200.0,9.9,-0.06,132.3,0.0,16.5,1827.3,2108.85,10.0,2.0,2.5,NR5G-SA,n79,-93,-93,-10,20,-999,5.6
2026-05-28 14:31:05.455,2026-05-28 14:37:13.501,22.6680418,114.5166126,200.0,9.9,-0.06,132.2,0.0,16.5,1828.3,2111.33,10.0,2.0,2.5,NR5G-SA,n79,-93,-93,-10,20,-999,6.4
2026-05-28 14:31:05.656,2026-05-28 14:37:13.901,22.6680266,114.5166305,199.9,10.0,-0.08,131.9,0.0,16.5,1829.2,2113.83,10.0,2.0,2.5,NR5G-SA,n79,-94,-94,-10,12,-999,6.3
2026-05-28 14:31:05.856,2026-05-28 14:37:13.901,22.6680113,114.5166484,199.9,9.9,0.03,132.0,0.0,16.5,1830.2,2116.34,10.0,2.0,2.5,NR5G-SA,n79,-94,-94,-10,12,-999,8.4
2026-05-28 14:31:06.057,2026-05-28 14:37:14.101,22.6680113,114.5166484,199.9,9.9,0.03,132.0,0.0,17.5,1830.2,2116.34,10.0,2.0,2.5,NR5G-SA,n79,-94,-94,-10,12,-999,9.8
2026-05-28 14:31:06.257,2026-05-28 14:37:14.301,22.6679962,114.5166662,199.9,10.0,0.03,132.1,0.0,17.5,1831.2,2118.82,10.0,2.0,2.5,NR5G-SA,n79,-94,-94,-10,10,-999,8.9
2026-05-28 14:31:06.457,2026-05-28 14:37:14.501,22.6679809,114.5166842,200.0,10.0,0.05,132.2,0.0,17.5,1832.2,2121.33,10.0,2.0,2.5,NR5G-SA,n79,-94,-94,-10,10,-999,5.8
2026-05-28 14:31:06.658,2026-05-28 14:37:14.901,22.6679658,114.5167021,200.0,10.0,0.01,132.2,0.0,17.5,1833.2,2123.82,10.0,2.0,2.5,NR5G-SA,n79,-94,-94,-10,11,-999,8.1
2026-05-28 14:31:06.858,2026-05-28 14:37:14.901,22.6679507,114.5167200,199.9,10.0,-0.05,132.0,0.0,17.5,1834.3,2126.32,10.0,2.0,2.5,NR5G-SA,n79,-94,-94,-10,11,-999,11.8
2026-05-28 14:31:07.059,2026-05-28 14:37:15.101,22.6679507,114.5167200,199.9,10.0,-0.05,132.0,0.0,18.3,1834.3,2126.32,10.0,2.0,2.5,NR5G-SA,n79,-94,-94,-10,11,-999,10.2
2026-05-28 14:31:07.259,2026-05-28 14:37:15.301,22.6679356,114.5167380,199.9,10.0,-0.04,131.9,0.0,18.3,1835.3,2128.81,10.0,2.0,2.5,NR5G-SA,n79,-94,-94,-10,12,-999,8.1
2026-05-28 14:31:07.460,2026-05-28 14:37:15.501,22.6679204,114.5167559,199.9,10.0,0.02,131.8,0.0,18.3,1836.3,2131.31,10.0,2.0,2.5,NR5G-SA,n79,-94,-94,-10,12,-999,7.4
2026-05-28 14:31:07.660,2026-05-28 14:37:15.501,22.6679053,114.5167737,199.9,10.0,0.04,131.5,0.0,18.3,1837.3,2133.80,10.0,2.0,2.5,NR5G-SA,n79,-94,-94,-10,12,-999,6.1
2026-05-28 14:31:07.860,2026-05-28 14:37:15.901,22.6678902,114.5167916,199.9,10.0,0.08,131.4,0.0,18.3,1838.3,2136.29,10.0,2.0,2.5,NR5G-SA,n79,-94,-94,-10,12,-999,8.9
2026-05-28 14:31:08.061,2026-05-28 14:37:16.101,22.6678902,114.5167916,199.9,10.0,0.08,131.4,0.0,18.3,1838.3,2136.29,10.0,2.0,2.5,NR5G-SA,n79,-94,-94,-10,12,-999,11.1
2026-05-28 14:31:08.261,2026-05-28 14:37:16.301,22.6678749,114.5168096,200.0,10.0,0.02,131.1,0.0,19.0,1839.4,2138.80,10.0,2.0,2.5,NR5G-SA,n79,-94,-94,-10,12,-999,9.1
2026-05-28 14:31:08.462,2026-05-28 14:37:16.501,22.6678599,114.5168277,200.0,10.0,-0.00,130.8,0.0,19.0,1840.4,2141.30,10.0,2.0,2.5,NR5G-SA,n79,-94,-94,-10,12,-999,6.7
2026-05-28 14:31:08.662,2026-05-28 14:37:16.901,22.6678448,114.5168457,200.0,10.0,-0.03,130.8,0.0,19.0,1841.5,2143.80,10.0,2.0,2.5,NR5G-SA,n79,-94,-94,-10,12,-999,7.7
2026-05-28 14:31:08.862,2026-05-28 14:37:16.901,22.6678298,114.5168636,199.9,10.0,-0.04,130.8,0.0,19.0,1842.5,2146.28,10.0,2.0,2.5,NR5G-SA,n79,-94,-94,-10,12,-999,9.0
2026-05-28 14:31:09.063,2026-05-28 14:37:17.101,22.6678298,114.5168636,199.9,10.0,-0.04,130.8,0.0,19.0,1842.5,2146.28,10.0,2.0,2.5,NR5G-SA,n79,-94,-94,-10,12,-999,9.9
2026-05-28 14:31:09.263,2026-05-28 14:37:17.301,22.6678146,114.5168815,200.0,9.9,0.01,130.9,0.0,20.9,1843.5,2148.78,10.0,2.0,2.5,NR5G-SA,n79,-94,-94,-10,12,-999,7.0
2026-05-28 14:31:09.463,2026-05-28 14:37:17.501,22.6677995,114.5168994,200.0,10.0,0.02,131.1,0.0,20.9,1844.6,2151.27,10.0,2.0,2.5,NR5G-SA,n79,-94,-94,-10,13,-999,6.0
2026-05-28 14:31:09.664,2026-05-28 14:37:17.901,22.6677844,114.5169173,200.0,10.0,0.02,131.1,0.0,20.9,1845.6,2153.76,10.0,2.0,2.5,NR5G-SA,n79,-94,-94,-10,13,-999,6.6
2026-05-28 14:31:09.864,2026-05-28 14:37:17.901,22.6677693,114.5169352,200.0,10.0,0.04,131.2,0.0,20.9,1846.7,2156.26,10.0,2.0,2.5,NR5G-SA,n79,-94,-94,-10,13,-999,10.6
2026-05-28 14:31:10.065,2026-05-28 14:37:18.101,22.6677693,114.5169352,200.0,10.0,0.04,131.2,0.0,20.9,1846.7,2156.26,10.0,2.0,2.5,NR5G-SA,n79,-94,-94,-10,13,-999,10.7
2026-05-28 14:31:10.265,2026-05-28 14:37:18.301,22.6677541,114.5169533,200.0,10.0,0.03,131.1,0.0,20.6,1847.7,2158.77,10.0,2.0,2.5,NR5G-SA,n79,-94,-94,-10,13,-999,7.9
2026-05-28 14:31:10.465,2026-05-28 14:37:18.501,22.6677390,114.5169713,200.0,10.0,-0.00,131.1,0.0,20.6,1848.8,2161.27,10.0,2.0,2.5,NR5G-SA,n79,-94,-94,-10,13,-999,5.3
2026-05-28 14:31:10.666,2026-05-28 14:37:18.501,22.6677238,114.5169893,200.0,10.0,-0.01,131.1,0.0,20.6,1849.8,2163.78,10.0,2.0,2.5,NR5G-SA,n79,-94,-94,-10,12,-999,9.5
2026-05-28 14:31:10.866,2026-05-28 14:37:18.901,22.6677086,114.5170073,200.0,10.0,0.02,131.2,0.0,20.6,1850.9,2166.28,10.0,2.0,2.5,NR5G-SA,n79,-94,-94,-10,12,-999,8.1
2026-05-28 14:31:11.066,2026-05-28 14:37:19.101,22.6677086,114.5170073,200.0,10.0,0.02,131.2,0.0,20.6,1850.9,2166.28,10.0,2.0,2.5,NR5G-SA,n79,-94,-94,-10,12,-999,9.7
2026-05-28 14:31:11.267,2026-05-28 14:37:19.301,22.6676933,114.5170252,200.0,9.9,0.03,131.2,0.0,21.0,1851.9,2168.79,10.0,2.0,2.5,NR5G-SA,n79,-94,-94,-10,12,-999,8.3
2026-05-28 14:31:11.467,2026-05-28 14:37:19.501,22.6676783,114.5170431,200.0,9.9,0.02,131.1,0.0,21.0,1853.0,2171.27,10.0,2.0,2.5,NR5G-SA,n79,-94,-94,-10,12,-999,5.3
2026-05-28 14:31:11.668,2026-05-28 14:37:19.901,22.6676632,114.5170611,200.0,10.0,0.04,130.9,0.0,21.0,1854.1,2173.77,10.0,2.0,2.5,NR5G-SA,n79,-94,-94,-10,12,-999,7.7
2026-05-28 14:31:11.868,2026-05-28 14:37:19.901,22.6676482,114.5170792,200.0,9.9,0.00,130.7,0.0,21.0,1855.2,2176.27,10.0,2.0,2.5,NR5G-SA,n79,-94,-94,-10,12,-999,9.3
2026-05-28 14:31:12.068,2026-05-28 14:37:20.101,22.6676482,114.5170792,200.0,9.9,0.00,130.7,0.0,21.0,1855.2,2176.27,10.0,2.0,2.5,NR5G-SA,n79,-94,-94,-10,12,-999,10.6
2026-05-28 14:31:12.269,2026-05-28 14:37:20.301,22.6676331,114.5170973,200.0,9.9,-0.00,130.7,0.0,21.1,1856.3,2178.78,10.0,2.0,2.5,NR5G-SA,n79,-94,-94,-10,12,-999,6.1
2026-05-28 14:31:12.469,2026-05-28 14:37:20.501,22.6676181,114.5171153,200.0,9.9,0.02,130.8,0.0,21.1,1857.4,2181.27,10.0,2.0,2.5,NR5G-SA,n79,-94,-94,-10,12,-999,4.9
2026-05-28 14:31:12.670,2026-05-28 14:37:20.501,22.6676028,114.5171334,200.0,9.9,0.02,130.8,0.0,21.1,1858.4,2183.79,10.0,2.0,2.5,NR5G-SA,n79,-94,-94,-10,12,-999,8.9
2026-05-28 14:31:12.870,2026-05-28 14:37:20.901,22.6675878,114.5171511,200.0,9.9,0.06,130.8,0.0,21.1,1859.5,2186.26,10.0,2.0,2.5,NR5G-SA,n79,-94,-94,-10,11,-999,7.5
2026-05-28 14:31:13.070,2026-05-28 14:37:21.101,22.6675878,114.5171511,200.0,9.9,0.06,130.8,0.0,21.1,1859.5,2186.26,10.0,2.0,2.5,NR5G-SA,n79,-94,-94,-10,11,-999,10.3
2026-05-28 14:31:13.271,2026-05-28 14:37:21.301,22.6675726,114.5171690,200.0,9.9,0.07,130.9,0.0,20.5,1860.6,2188.76,10.0,2.0,2.5,NR5G-SA,n79,-94,-94,-10,12,-999,8.2
2026-05-28 14:31:13.471,2026-05-28 14:37:21.501,22.6675574,114.5171869,200.0,10.0,0.02,130.9,0.0,20.5,1861.7,2191.25,10.0,2.0,2.5,NR5G-SA,n79,-94,-94,-10,12,-999,4.9
2026-05-28 14:31:13.671,2026-05-28 14:37:21.901,22.6675422,114.5172047,200.0,10.0,-0.03,131.2,0.0,20.5,1862.7,2193.75,10.0,2.0,2.5,NR5G-SA,n79,-94,-94,-10,12,-999,5.5
2026-05-28 14:31:13.872,2026-05-28 14:37:21.901,22.6675269,114.5172226,200.0,10.0,-0.01,131.4,0.0,20.5,1863.8,2196.25,10.0,2.0,2.5,NR5G-SA,n79,-94,-94,-10,14,-999,8.2
2026-05-28 14:31:14.072,2026-05-28 14:37:22.101,22.6675269,114.5172226,200.0,10.0,-0.01,131.4,0.0,20.5,1863.8,2196.25,10.0,2.0,2.5,NR5G-SA,n79,-94,-94,-10,14,-999,9.5
2026-05-28 14:31:14.272,2026-05-28 14:37:22.301,22.6675116,114.5172405,200.0,10.0,-0.05,131.6,0.0,20.4,1864.9,2198.76,10.0,2.0,2.5,NR5G-SA,n79,-94,-94,-10,14,-999,7.4
2026-05-28 14:31:14.473,2026-05-28 14:37:22.501,22.6674964,114.5172585,200.0,10.0,0.01,131.7,0.0,20.4,1866.0,2201.27,10.0,2.0,2.5,NR5G-SA,n79,-94,-94,-10,15,-999,4.8
2026-05-28 14:31:14.674,2026-05-28 14:37:22.901,22.6674812,114.5172765,200.0,10.0,-0.03,131.9,0.0,20.4,1867.1,2203.77,10.0,2.0,2.5,NR5G-SA,n79,-94,-94,-10,15,-999,7.5
2026-05-28 14:31:14.874,2026-05-28 14:37:22.901,22.6674661,114.5172945,200.0,10.0,-0.03,131.9,0.0,20.4,1868.2,2206.27,10.0,2.0,2.5,NR5G-SA,n79,-94,-94,-10,15,-999,7.6
2026-05-28 14:31:15.075,2026-05-28 14:37:23.101,22.6674661,114.5172945,200.0,10.0,-0.03,131.9,0.0,20.4,1868.2,2206.27,10.0,2.0,2.5,NR5G-SA,n79,-94,-94,-10,14,-999,9.1
2026-05-28 14:31:15.275,2026-05-28 14:37:23.301,22.6674509,114.5173127,200.0,10.1,-0.02,131.9,0.0,20.6,1869.3,2208.79,10.0,2.0,2.5,NR5G-SA,n79,-94,-94,-10,14,-999,8.7
2026-05-28 14:31:15.475,2026-05-28 14:37:23.501,22.6674358,114.5173308,200.0,10.0,0.03,131.9,0.0,20.6,1870.5,2211.30,10.0,2.0,2.5,NR5G-SA,n79,-94,-94,-10,15,-999,5.8
2026-05-28 14:31:15.676,2026-05-28 14:37:23.501,22.6674206,114.5173491,200.0,10.1,-0.02,131.8,0.0,20.6,1871.6,2213.83,10.0,2.0,2.5,NR5G-SA,n79,-94,-94,-10,15,-999,9.3
2026-05-28 14:31:15.876,2026-05-28 14:37:23.901,22.6674054,114.5173673,200.0,10.0,0.01,131.9,0.0,20.6,1872.7,2216.35,10.0,2.0,2.5,NR5G-SA,n79,-94,-94,-10,15,-999,6.6
2026-05-28 14:31:16.077,2026-05-28 14:37:24.101,22.6674054,114.5173673,200.0,10.0,0.01,131.9,0.0,20.6,1872.7,2216.35,10.0,2.0,2.5,NR5G-SA,n79,-94,-94,-10,14,-999,10.9
2026-05-28 14:31:16.277,2026-05-28 14:37:24.301,22.6673903,114.5173855,200.0,10.0,0.00,132.2,0.0,20.6,1873.9,2218.86,10.0,2.0,2.5,NR5G-SA,n79,-94,-94,-10,14,-999,10.2
2026-05-28 14:31:16.477,2026-05-28 14:37:24.501,22.6673751,114.5174037,200.1,10.0,0.02,132.4,0.0,20.3,1875.0,2221.38,10.0,2.0,2.5,NR5G-SA,n79,-94,-94,-10,14,-999,6.3
2026-05-28 14:31:16.678,2026-05-28 14:37:24.901,22.6673600,114.5174217,200.0,10.0,-0.07,132.4,0.0,20.3,1876.2,2223.88,10.0,2.0,2.5,NR5G-SA,n79,-94,-94,-10,15,-999,7.1
2026-05-28 14:31:16.878,2026-05-28 14:37:24.901,22.6673448,114.5174397,200.0,9.9,-0.03,132.4,0.0,20.3,1877.3,2226.39,10.0,2.0,2.5,NR5G-SA,n79,-94,-94,-10,15,-999,9.6
2026-05-28 14:31:17.078,2026-05-28 14:37:25.101,22.6673448,114.5174397,200.0,9.9,-0.03,132.4,0.0,20.3,1877.3,2226.39,10.0,2.0,2.5,NR5G-SA,n79,-94,-94,-10,15,-999,13.5
2026-05-28 14:31:17.279,2026-05-28 14:37:25.301,22.6673296,114.5174577,200.0,9.9,-0.03,132.6,0.0,20.3,1878.4,2228.90,10.0,2.0,2.5,NR5G-SA,n79,-94,-94,-10,14,-999,8.4
2026-05-28 14:31:17.479,2026-05-28 14:37:25.501,22.6673145,114.5174757,200.0,9.9,-0.05,132.4,0.0,19.9,1879.5,2231.39,10.0,2.0,2.5,NR5G-SA,n79,-94,-94,-10,14,-999,6.0
2026-05-28 14:31:17.680,2026-05-28 14:37:25.901,22.6672994,114.5174935,200.0,10.0,-0.06,132.3,0.0,19.9,1880.7,2233.88,10.0,2.0,2.5,NR5G-SA,n79,-94,-94,-10,14,-999,5.7
2026-05-28 14:31:17.880,2026-05-28 14:37:25.901,22.6672844,114.5175113,200.0,10.0,-0.03,132.3,0.0,19.9,1881.8,2236.35,10.0,2.0,2.5,NR5G-SA,n79,-94,-94,-10,14,-999,6.8
2026-05-28 14:31:18.080,2026-05-28 14:37:26.101,22.6672844,114.5175113,200.0,10.0,-0.03,132.3,0.0,19.9,1881.8,2236.35,10.0,2.0,2.5,NR5G-SA,n79,-94,-94,-10,14,-999,9.2
2026-05-28 14:31:18.281,2026-05-28 14:37:26.303,22.6672693,114.5175291,200.0,9.9,0.06,132.5,0.0,19.9,1882.9,2238.84,10.0,2.0,2.5,NR5G-SA,n79,-94,-94,-10,15,-999,8.4
2026-05-28 14:31:18.481,2026-05-28 14:37:26.503,22.6672543,114.5175470,200.0,9.9,0.00,132.5,0.0,19.9,1884.1,2241.32,10.0,2.0,2.5,NR5G-SA,n79,-94,-94,-10,15,-999,5.9
2026-05-28 14:31:18.681,2026-05-28 14:37:26.503,22.6672391,114.5175649,200.0,10.0,-0.08,132.3,0.0,19.9,1885.2,2243.82,10.0,2.0,2.5,NR5G-SA,n79,-94,-94,-10,15,-999,9.1
2026-05-28 14:31:18.882,2026-05-28 14:37:26.903,22.6672240,114.5175828,200.0,10.0,-0.02,132.2,0.0,19.9,1886.3,2246.31,10.0,2.0,2.5,NR5G-SA,n79,-94,-94,-10,13,-999,5.3
2026-05-28 14:31:19.082,2026-05-28 14:37:27.103,22.6672240,114.5175828,200.0,10.0,-0.02,132.2,0.0,19.9,1886.3,2246.31,10.0,2.0,2.5,NR5G-SA,n79,-94,-94,-10,13,-999,13.7
2026-05-28 14:31:19.283,2026-05-28 14:37:27.303,22.6672088,114.5176009,200.0,10.0,-0.03,132.2,0.0,19.9,1887.5,2248.83,10.0,2.0,2.5,NR5G-SA,n79,-94,-94,-10,13,-999,8.7
2026-05-28 14:31:19.483,2026-05-28 14:37:27.503,22.6671937,114.5176190,200.0,10.0,0.04,132.3,0.0,18.1,1888.7,2251.33,10.0,2.0,2.5,NR5G-SA,n79,-94,-94,-10,14,-999,6.6
2026-05-28 14:31:19.683,2026-05-28 14:37:27.903,22.6671785,114.5176371,200.0,10.0,0.05,132.3,0.0,18.1,1889.8,2253.85,10.0,2.0,2.5,NR5G-SA,n79,-94,-94,-10,14,-999,5.0
2026-05-28 14:31:19.884,2026-05-28 14:37:27.903,22.6671633,114.5176551,200.0,9.9,0.11,132.5,0.0,18.1,1891.0,2256.35,10.0,2.0,2.5,NR5G-SA,n79,-94,-94,-10,14,-999,10.9
2026-05-28 14:31:20.084,2026-05-28 14:37:28.103,22.6671633,114.5176551,200.0,9.9,0.11,132.5,0.0,18.1,1891.0,2256.35,10.0,2.0,2.5,NR5G-SA,n79,-94,-94,-10,15,-999,14.1
2026-05-28 14:31:20.284,2026-05-28 14:37:28.303,22.6671482,114.5176729,200.0,10.0,0.00,132.4,0.0,18.1,1892.1,2258.84,10.0,2.0,2.5,NR5G-SA,n79,-94,-94,-10,15,-999,5.8
2026-05-28 14:31:20.485,2026-05-28 14:37:28.503,22.6671330,114.5176908,200.1,10.0,0.00,132.5,0.0,18.1,1893.3,2261.34,10.0,2.0,2.5,NR5G-SA,n79,-94,-94,-10,15,-999,5.7
2026-05-28 14:31:20.685,2026-05-28 14:37:28.503,22.6671178,114.5177087,200.0,10.0,-0.08,132.5,0.0,18.1,1894.4,2263.83,10.0,2.0,2.5,NR5G-SA,n79,-94,-94,-10,15,-999,9.3
2026-05-28 14:31:20.886,2026-05-28 14:37:29.103,22.6671026,114.5177264,200.0,10.0,-0.08,132.5,0.0,18.1,1895.6,2266.32,10.0,2.0,2.5,NR5G-SA,n79,-94,-94,-10,15,-999,6.6
2026-05-28 14:31:21.086,2026-05-28 14:37:29.103,22.6671026,114.5177264,200.0,10.0,-0.08,132.5,0.0,18.1,1895.6,2266.32,10.0,2.0,2.5,NR5G-SA,n79,-94,-94,-10,15,-999,14.9
2026-05-28 14:31:21.286,2026-05-28 14:37:29.303,22.6670874,114.5177442,200.0,9.9,-0.08,132.5,0.0,18.1,1896.7,2268.81,10.0,2.0,2.5,NR5G-SA,n79,-94,-94,-10,15,-999,9.8
2026-05-28 14:31:21.487,2026-05-28 14:37:29.503,22.6670722,114.5177621,200.0,10.0,-0.02,132.5,0.0,16.5,1897.9,2271.31,10.0,2.0,2.5,NR5G-SA,n79,-94,-94,-10,15,-999,5.0
2026-05-28 14:31:21.687,2026-05-28 14:37:29.903,22.6670571,114.5177801,200.0,10.0,-0.01,132.4,0.0,16.5,1899.1,2273.81,10.0,2.0,2.5,NR5G-SA,n79,-94,-94,-10,15,-999,5.7
2026-05-28 14:31:21.888,2026-05-28 14:37:29.903,22.6670421,114.5177980,200.0,10.0,-0.05,132.3,0.0,16.5,1900.3,2276.29,10.0,2.0,2.5,NR5G-SA,n79,-94,-94,-10,15,-999,8.7
2026-05-28 14:31:22.088,2026-05-28 14:37:30.103,22.6670421,114.5177980,200.0,10.0,-0.05,132.3,0.0,16.5,1900.3,2276.29,10.0,2.0,2.5,NR5G-SA,n79,-94,-94,-10,15,-999,14.7
2026-05-28 14:31:22.289,2026-05-28 14:37:30.303,22.6670270,114.5178160,200.0,10.0,-0.03,132.2,0.0,16.5,1901.4,2278.79,10.0,2.0,2.5,NR5G-SA,n79,-98,-98,-10,15,-999,8.8
2026-05-28 14:31:22.489,2026-05-28 14:37:30.503,22.6670119,114.5178340,200.0,10.0,-0.04,132.0,0.0,17.5,1902.6,2281.29,10.0,2.0,2.5,NR5G-SA,n79,-98,-98,-10,15,-999,5.9
2026-05-28 14:31:22.689,2026-05-28 14:37:30.903,22.6669969,114.5178521,200.0,10.0,-0.02,131.7,0.0,17.5,1903.8,2283.79,10.0,2.0,2.5,NR5G-SA,n79,-100,-100,-10,15,-999,7.0
2026-05-28 14:31:22.890,2026-05-28 14:37:30.903,22.6669818,114.5178701,200.0,10.0,-0.06,131.4,0.0,17.5,1905.0,2286.29,10.0,2.0,2.5,NR5G-SA,n79,-100,-100,-10,15,-999,7.2
2026-05-28 14:31:23.090,2026-05-28 14:37:31.103,22.6669818,114.5178701,200.0,10.0,-0.06,131.4,0.0,17.5,1905.0,2286.29,10.0,2.0,2.5,NR5G-SA,n79,-100,-100,-10,15,-999,12.6
2026-05-28 14:31:23.290,2026-05-28 14:37:31.303,22.6669667,114.5178881,200.0,10.0,0.01,131.3,0.0,17.5,1906.2,2288.78,10.0,2.0,2.5,NR5G-SA,n79,-99,-99,-10,14,-999,6.6
2026-05-28 14:31:23.491,2026-05-28 14:37:31.503,22.6669515,114.5179060,200.0,10.0,-0.01,131.2,0.0,18.1,1907.4,2291.28,10.0,2.0,2.5,NR5G-SA,n79,-99,-99,-10,14,-999,5.6
2026-05-28 14:31:23.691,2026-05-28 14:37:31.903,22.6669363,114.5179239,200.0,10.0,0.01,131.0,0.0,18.1,1908.6,2293.78,10.0,2.0,2.5,NR5G-SA,n79,-99,-99,-10,14,-999,7.3
2026-05-28 14:31:23.892,2026-05-28 14:37:31.903,22.6669211,114.5179418,200.0,10.0,-0.01,131.0,0.0,18.1,1909.8,2296.28,10.0,2.0,2.5,NR5G-SA,n79,-100,-100,-10,16,-999,6.5
2026-05-28 14:31:24.092,2026-05-28 14:37:32.103,22.6669211,114.5179418,200.0,10.0,-0.01,131.0,0.0,18.1,1909.8,2296.28,10.0,2.0,2.5,NR5G-SA,n79,-100,-100,-10,16,-999,15.4
2026-05-28 14:31:24.292,2026-05-28 14:37:32.303,22.6669059,114.5179598,200.0,9.9,0.02,130.9,0.0,18.1,1911.0,2298.79,10.0,2.0,2.5,NR5G-SA,n79,-100,-100,-10,16,-999,8.1
2026-05-28 14:31:24.493,2026-05-28 14:37:32.503,22.6668908,114.5179778,200.0,10.0,0.02,131.1,0.0,20.1,1912.2,2301.29,10.0,2.0,2.5,NR5G-SA,n79,-99,-99,-10,15,-999,6.1
2026-05-28 14:31:24.693,2026-05-28 14:37:32.903,22.6668756,114.5179959,200.0,9.9,-0.01,131.2,0.0,20.1,1913.4,2303.80,10.0,2.0,2.5,NR5G-SA,n79,-99,-99,-10,15,-999,7.2
2026-05-28 14:31:24.894,2026-05-28 14:37:32.903,22.6668605,114.5180138,200.0,9.9,-0.01,131.3,0.0,20.1,1914.6,2306.29,10.0,2.0,2.5,NR5G-SA,n79,-101,-101,-10,14,-999,9.4
2026-05-28 14:31:25.094,2026-05-28 14:37:33.103,22.6668605,114.5180138,200.0,9.9,-0.01,131.3,0.0,20.1,1914.6,2306.29,10.0,2.0,2.5,NR5G-SA,n79,-101,-101,-10,14,-999,12.3
2026-05-28 14:31:25.294,2026-05-28 14:37:33.303,22.6668453,114.5180315,200.0,9.9,-0.05,131.3,0.0,20.1,1915.8,2308.78,10.0,2.0,2.5,NR5G-SA,n79,-101,-101,-10,14,-999,9.8
2026-05-28 14:31:25.495,2026-05-28 14:37:33.503,22.6668302,114.5180492,200.0,9.9,0.01,131.3,0.0,22.3,1917.0,2311.25,10.0,2.0,2.5,NR5G-SA,n79,-100,-100,-10,15,-999,6.5
2026-05-28 14:31:25.695,2026-05-28 14:37:33.903,22.6668151,114.5180672,200.0,10.0,-0.03,131.0,0.0,22.3,1918.2,2313.75,10.0,2.0,2.5,NR5G-SA,n79,-100,-100,-10,15,-999,6.0
2026-05-28 14:31:25.896,2026-05-28 14:37:34.103,22.6668001,114.5180853,200.0,10.0,-0.04,130.5,0.0,22.3,1919.4,2316.25,10.0,2.0,2.5,NR5G-SA,n79,-100,-100,-10,15,-999,6.5
2026-05-28 14:31:26.096,2026-05-28 14:37:34.103,22.6667852,114.5181036,200.0,10.0,-0.04,130.2,0.0,22.3,1920.7,2318.76,10.0,2.0,2.5,NR5G-SA,n79,-97,-97,-10,16,-999,13.3
2026-05-28 14:31:26.297,2026-05-28 14:37:34.303,22.6667852,114.5181036,200.0,10.0,-0.08,130.2,0.0,22.3,1920.7,2318.76,10.0,2.0,2.5,NR5G-SA,n79,-97,-97,-10,16,-999,9.6
2026-05-28 14:31:26.497,2026-05-28 14:37:34.503,22.6667703,114.5181219,200.0,10.0,-0.03,130.2,0.0,22.3,1922.0,2321.26,10.0,2.0,2.5,NR5G-SA,n79,-97,-97,-10,16,-999,5.3
2026-05-28 14:31:26.697,2026-05-28 14:37:34.903,22.6667554,114.5181399,200.0,9.9,0.06,130.2,0.0,22.8,1923.2,2323.75,10.0,2.0,2.5,NR5G-SA,n79,-96,-96,-10,16,-999,6.8
2026-05-28 14:31:26.898,2026-05-28 14:37:34.903,22.6667404,114.5181577,200.0,9.9,0.04,130.3,0.0,22.8,1924.4,2326.22,10.0,2.0,2.5,NR5G-SA,n79,-96,-96,-10,16,-999,8.0
2026-05-28 14:31:27.098,2026-05-28 14:37:35.103,22.6667404,114.5181577,200.0,9.9,0.04,130.3,0.0,22.8,1924.4,2326.22,10.0,2.0,2.5,NR5G-SA,n79,-97,-97,-10,15,-999,11.0
2026-05-28 14:31:27.299,2026-05-28 14:37:35.303,22.6667252,114.5181755,200.0,10.0,0.02,130.5,0.0,22.8,1925.6,2328.71,10.0,2.0,2.5,NR5G-SA,n79,-97,-97,-10,15,-999,9.5
2026-05-28 14:31:27.499,2026-05-28 14:37:35.503,22.6667099,114.5181933,200.0,10.0,-0.02,130.8,0.0,22.8,1926.9,2331.21,10.0,2.0,2.5,NR5G-SA,n79,-97,-97,-10,15,-999,5.9
2026-05-28 14:31:27.699,2026-05-28 14:37:35.903,22.6666946,114.5182112,200.0,10.0,0.01,130.8,0.0,22.0,1928.1,2333.72,10.0,2.0,2.5,NR5G-SA,n79,-96,-96,-10,15,-999,5.7
2026-05-28 14:31:27.900,2026-05-28 14:37:36.103,22.6666793,114.5182293,200.0,10.0,-0.04,130.7,0.0,22.0,1929.3,2336.24,10.0,2.0,2.5,NR5G-SA,n79,-96,-96,-10,15,-999,6.8
2026-05-28 14:31:28.100,2026-05-28 14:37:36.103,22.6666642,114.5182473,200.0,10.0,-0.04,130.7,0.0,22.0,1930.6,2338.74,10.0,2.0,2.5,NR5G-SA,n79,-96,-96,-10,15,-999,13.0
2026-05-28 14:31:28.300,2026-05-28 14:37:36.303,22.6666642,114.5182473,200.0,10.1,-0.02,130.7,0.0,22.0,1930.6,2338.74,10.0,2.0,2.5,NR5G-SA,n79,-96,-96,-10,15,-999,8.8
2026-05-28 14:31:28.501,2026-05-28 14:37:36.503,22.6666491,114.5182654,200.0,10.0,-0.06,130.6,0.0,22.0,1931.8,2341.25,10.0,2.0,2.5,NR5G-SA,n79,-96,-96,-10,15,-999,5.8
2026-05-28 14:31:28.701,2026-05-28 14:37:36.903,22.6666339,114.5182835,200.0,10.0,-0.07,130.6,0.0,21.4,1933.1,2343.76,10.0,2.0,2.5,NR5G-SA,n79,-96,-96,-10,15,-999,5.9
2026-05-28 14:31:28.901,2026-05-28 14:37:36.903,22.6666188,114.5183013,200.0,10.0,0.03,130.5,0.0,21.4,1934.3,2346.24,10.0,2.0,2.5,NR5G-SA,n79,-95,-95,-10,16,-999,6.8
2026-05-28 14:31:29.102,2026-05-28 14:37:37.103,22.6666035,114.5183193,200.0,10.0,-0.01,130.5,0.0,21.4,1935.6,2348.76,10.0,2.0,2.5,NR5G-SA,n79,-95,-95,-10,16,-999,11.8
2026-05-28 14:31:29.302,2026-05-28 14:37:37.303,22.6666035,114.5183193,200.0,10.0,-0.01,130.5,0.0,21.4,1935.6,2348.76,10.0,2.0,2.5,NR5G-SA,n79,-96,-96,-10,16,-999,7.9
2026-05-28 14:31:29.503,2026-05-28 14:37:37.503,22.6665883,114.5183372,200.0,10.0,-0.02,130.8,0.0,21.4,1936.8,2351.26,10.0,2.0,2.5,NR5G-SA,n79,-96,-96,-10,16,-999,5.2
2026-05-28 14:31:29.703,2026-05-28 14:37:37.903,22.6665730,114.5183552,200.0,10.0,0.06,131.3,0.0,19.4,1938.1,2353.77,10.0,2.0,2.5,NR5G-SA,n79,-96,-96,-10,16,-999,4.9
2026-05-28 14:31:29.903,2026-05-28 14:37:38.103,22.6665576,114.5183731,200.0,10.0,0.10,131.7,0.0,19.4,1939.3,2356.28,10.0,2.0,2.5,NR5G-SA,n79,-95,-95,-10,16,-999,5.8
2026-05-28 14:31:30.104,2026-05-28 14:37:38.103,22.6665423,114.5183909,200.1,10.0,0.05,132.1,0.0,19.4,1940.5,2358.78,10.0,2.0,2.5,NR5G-SA,n79,-95,-95,-10,16,-999,13.2
2026-05-28 14:31:30.304,2026-05-28 14:37:38.303,22.6665423,114.5183909,200.1,10.0,0.05,132.1,0.0,19.4,1940.5,2358.78,10.0,2.0,2.5,NR5G-SA,n79,-95,-95,-10,16,-999,9.3
2026-05-28 14:31:30.505,2026-05-28 14:37:38.503,22.6665269,114.5184088,200.1,10.0,-0.01,132.4,0.0,19.4,1941.8,2361.30,10.0,2.0,2.5,NR5G-SA,n79,-94,-94,-10,15,-999,6.5
2026-05-28 14:31:30.705,2026-05-28 14:37:38.903,22.6665116,114.5184268,200.1,10.1,-0.05,132.6,0.0,18.2,1943.1,2363.81,10.0,2.0,2.5,NR5G-SA,n79,-94,-94,-10,15,-999,5.7
2026-05-28 14:31:30.905,2026-05-28 14:37:39.103,22.6664962,114.5184448,200.1,10.0,-0.07,132.6,0.0,18.2,1944.3,2366.33,10.0,2.0,2.5,NR5G-SA,n79,-94,-94,-10,15,-999,5.6
2026-05-28 14:31:31.106,2026-05-28 14:37:39.103,22.6664810,114.5184628,200.1,10.0,-0.06,132.7,0.0,18.2,1945.6,2368.84,10.0,2.0,2.5,NR5G-SA,n79,-95,-95,-10,16,-999,12.1
2026-05-28 14:31:31.306,2026-05-28 14:37:39.303,22.6664810,114.5184628,200.1,10.0,-0.06,132.7,0.0,18.2,1945.6,2368.84,10.0,2.0,2.5,NR5G-SA,n79,-95,-95,-10,16,-999,8.5
2026-05-28 14:31:31.507,2026-05-28 14:37:39.503,22.6664659,114.5184807,200.0,10.0,-0.14,132.7,0.0,18.2,1946.9,2371.33,10.0,2.0,2.5,NR5G-SA,n79,-94,-94,-10,17,-999,7.1
2026-05-28 14:31:31.707,2026-05-28 14:37:39.903,22.6664508,114.5184987,200.0,9.9,-0.07,132.6,0.0,18.3,1948.1,2373.83,10.0,2.0,2.5,NR5G-SA,n79,-94,-94,-10,17,-999,10.9
2026-05-28 14:31:31.907,2026-05-28 14:37:39.903,22.6664359,114.5185166,200.0,9.9,-0.03,132.5,0.0,18.3,1949.4,2376.31,10.0,2.0,2.5,NR5G-SA,n79,-94,-94,-10,17,-999,7.4
2026-05-28 14:31:32.108,2026-05-28 14:37:40.103,22.6664210,114.5185345,200.0,9.9,0.03,132.3,0.0,18.3,1950.7,2378.78,10.0,2.0,2.5,NR5G-SA,n79,-95,-95,-10,16,-999,5.5
2026-05-28 14:31:32.308,2026-05-28 14:37:40.303,22.6664210,114.5185345,200.0,9.9,0.03,132.3,0.0,18.3,1950.7,2378.78,10.0,2.0,2.5,NR5G-SA,n79,-95,-95,-10,16,-999,9.5
2026-05-28 14:31:32.509,2026-05-28 14:37:40.503,22.6664060,114.5185524,200.0,9.9,-0.02,132.2,0.0,18.3,1952.0,2381.27,10.0,2.0,2.5,NR5G-SA,n79,-95,-95,-10,16,-999,6.3
2026-05-28 14:31:32.709,2026-05-28 14:37:40.903,22.6663909,114.5185703,200.0,10.0,-0.02,132.2,0.0,18.6,1953.2,2383.76,10.0,2.0,2.5,NR5G-SA,n79,-95,-95,-10,16,-999,5.1
2026-05-28 14:31:32.910,2026-05-28 14:37:41.103,22.6663757,114.5185882,200.0,10.0,-0.02,132.2,0.0,18.6,1954.5,2386.26,10.0,2.0,2.5,NR5G-SA,n79,-95,-95,-10,16,-999,4.7
2026-05-28 14:31:33.110,2026-05-28 14:37:41.103,22.6663605,114.5186063,200.0,10.1,0.04,132.3,0.0,18.6,1955.8,2388.77,10.0,2.0,2.5,NR5G-SA,n79,-95,-95,-10,16,-999,12.4
2026-05-28 14:31:33.310,2026-05-28 14:37:41.303,22.6663605,114.5186063,200.0,10.1,0.04,132.3,0.0,18.6,1955.8,2388.77,10.0,2.0,2.5,NR5G-SA,n79,-95,-95,-10,16,-999,7.8
2026-05-28 14:31:33.511,2026-05-28 14:37:41.503,22.6663453,114.5186243,200.0,10.0,0.03,132.3,0.0,18.6,1957.1,2391.28,10.0,2.0,2.5,NR5G-SA,n79,-95,-95,-10,16,-999,6.3
2026-05-28 14:31:33.711,2026-05-28 14:37:41.903,22.6663301,114.5186424,200.0,10.1,0.07,132.4,0.0,19.7,1958.4,2393.79,10.0,2.0,2.5,NR5G-SA,n79,-94,-94,-10,15,-999,8.7
2026-05-28 14:31:33.912,2026-05-28 14:37:41.903,22.6663148,114.5186606,200.0,10.1,0.04,132.5,0.0,19.7,1959.7,2396.32,10.0,2.0,2.5,NR5G-SA,n79,-94,-94,-10,15,-999,7.3
2026-05-28 14:31:34.112,2026-05-28 14:37:42.103,22.6662996,114.5186788,200.0,10.0,0.00,132.6,0.0,19.7,1961.1,2398.84,10.0,2.0,2.5,NR5G-SA,n79,-94,-94,-10,15,-999,12.4
2026-05-28 14:31:34.313,2026-05-28 14:37:42.303,22.6662996,114.5186788,200.0,10.0,0.00,132.6,0.0,19.7,1961.1,2398.84,10.0,2.0,2.5,NR5G-SA,n79,-95,-95,-10,16,-999,8.4
2026-05-28 14:31:34.513,2026-05-28 14:37:42.503,22.6662845,114.5186967,200.0,10.0,-0.09,132.4,0.0,19.7,1962.4,2401.33,10.0,2.0,2.5,NR5G-SA,n79,-95,-95,-10,16,-999,6.2
2026-05-28 14:31:34.713,2026-05-28 14:37:42.903,22.6662695,114.5187147,200.0,10.0,-0.02,132.4,0.0,19.3,1963.7,2403.82,10.0,2.0,2.5,NR5G-SA,n79,-95,-95,-10,16,-999,5.5
2026-05-28 14:31:34.914,2026-05-28 14:37:43.103,22.6662544,114.5187326,200.0,10.0,-0.04,132.3,0.0,19.3,1965.0,2406.31,10.0,2.0,2.5,NR5G-SA,n79,-95,-95,-10,15,-999,5.6
2026-05-28 14:31:35.114,2026-05-28 14:37:43.103,22.6662393,114.5187505,200.0,9.9,-0.01,132.2,0.0,19.3,1966.3,2408.81,10.0,2.0,2.5,NR5G-SA,n79,-95,-95,-10,15,-999,10.2
2026-05-28 14:31:35.315,2026-05-28 14:37:43.303,22.6662393,114.5187505,200.0,9.9,-0.01,132.2,0.0,19.3,1966.3,2408.81,10.0,2.0,2.5,NR5G-SA,n79,-95,-95,-10,15,-999,10.1
2026-05-28 14:31:35.515,2026-05-28 14:37:43.503,22.6662243,114.5187685,200.0,10.0,-0.05,132.1,0.0,19.3,1967.6,2411.30,10.0,2.0,2.5,NR5G-SA,n79,-95,-95,-10,16,-999,7.8
2026-05-28 14:31:35.715,2026-05-28 14:37:43.903,22.6662092,114.5187864,200.0,10.0,-0.06,131.9,0.0,19.3,1968.9,2413.79,10.0,2.0,2.5,NR5G-SA,n79,-95,-95,-10,16,-999,7.3
2026-05-28 14:31:35.916,2026-05-28 14:37:43.903,22.6661941,114.5188044,200.0,10.0,-0.06,131.6,0.0,19.3,1970.2,2416.29,10.0,2.0,2.5,NR5G-SA,n79,-95,-95,-10,16,-999,7.5
2026-05-28 14:31:36.116,2026-05-28 14:37:44.103,22.6661790,114.5188224,200.0,10.0,-0.09,131.6,0.0,19.3,1971.5,2418.79,10.0,2.0,2.5,NR5G-SA,n79,-94,-94,-10,19,-999,5.8
2026-05-28 14:31:36.317,2026-05-28 14:37:44.303,22.6661790,114.5188224,200.0,10.0,-0.09,131.6,0.0,19.3,1971.5,2418.79,10.0,2.0,2.5,NR5G-SA,n79,-94,-94,-10,19,-999,6.7
2026-05-28 14:31:36.517,2026-05-28 14:37:44.503,22.6661639,114.5188403,200.0,10.0,-0.01,131.5,0.0,19.3,1972.8,2421.28,10.0,2.0,2.5,NR5G-SA,n79,-94,-94,-10,15,-999,5.4
2026-05-28 14:31:36.718,2026-05-28 14:37:44.903,22.6661487,114.5188582,200.0,10.0,-0.01,131.6,0.0,19.3,1974.2,2423.78,10.0,2.0,2.5,NR5G-SA,n79,-94,-94,-10,15,-999,5.8
2026-05-28 14:31:36.918,2026-05-28 14:37:44.903,22.6661336,114.5188762,200.0,10.0,-0.01,131.5,0.0,20.5,1975.5,2426.27,10.0,2.0,2.5,NR5G-SA,n79,-94,-94,-10,15,-999,6.5
2026-05-28 14:31:37.119,2026-05-28 14:37:45.103,22.6661184,114.5188942,200.0,10.0,-0.01,131.5,0.0,20.5,1976.8,2428.78,10.0,2.0,2.5,NR5G-SA,n79,-94,-94,-10,15,-999,6.4
2026-05-28 14:31:37.320,2026-05-28 14:37:45.303,22.6661184,114.5188942,200.0,10.0,0.10,131.5,0.0,20.5,1976.8,2428.78,10.0,2.0,2.5,NR5G-SA,n79,-94,-94,-10,15,-999,6.0
2026-05-28 14:31:37.520,2026-05-28 14:37:45.503,22.6661033,114.5189122,200.0,10.0,0.07,131.5,0.0,20.5,1978.1,2431.28,10.0,2.0,2.5,NR5G-SA,n79,-94,-94,-10,15,-999,9.5
2026-05-28 14:31:37.720,2026-05-28 14:37:45.903,22.6660881,114.5189302,200.0,10.0,0.01,131.3,0.0,20.5,1979.5,2433.79,10.0,2.0,2.5,NR5G-SA,n79,-93,-93,-10,14,-999,6.0
2026-05-28 14:31:37.921,2026-05-28 14:37:46.103,22.6660730,114.5189483,200.0,10.0,0.01,131.3,0.0,22.0,1980.8,2436.29,10.0,2.0,2.5,NR5G-SA,n79,-93,-93,-10,14,-999,6.7
2026-05-28 14:31:38.121,2026-05-28 14:37:46.103,22.6660578,114.5189663,200.0,10.0,-0.02,131.3,0.0,22.0,1982.2,2438.80,10.0,2.0,2.5,NR5G-SA,n79,-93,-93,-10,14,-999,11.3
2026-05-28 14:31:38.322,2026-05-28 14:37:46.303,22.6660578,114.5189663,200.0,10.0,-0.02,131.3,0.0,22.0,1982.2,2438.80,10.0,2.0,2.5,NR5G-SA,n79,-93,-93,-10,15,-999,9.6
2026-05-28 14:31:38.522,2026-05-28 14:37:46.503,22.6660426,114.5189844,200.0,10.0,0.01,131.3,0.0,22.0,1983.5,2441.31,10.0,2.0,2.5,NR5G-SA,n79,-93,-93,-10,15,-999,6.9
2026-05-28 14:31:38.722,2026-05-28 14:37:46.903,22.6660274,114.5190025,200.0,10.0,-0.02,131.5,0.0,22.0,1984.9,2443.83,10.0,2.0,2.5,NR5G-SA,n79,-94,-94,-10,15,-999,7.0
2026-05-28 14:31:38.923,2026-05-28 14:37:47.103,22.6660122,114.5190205,200.0,10.1,-0.03,131.5,0.0,22.3,1986.2,2446.33,10.0,2.0,2.5,NR5G-SA,n79,-94,-94,-10,15,-999,5.1
2026-05-28 14:31:39.123,2026-05-28 14:37:47.103,22.6659969,114.5190385,200.0,10.0,0.03,131.6,0.0,22.3,1987.5,2448.85,10.0,2.0,2.5,NR5G-SA,n79,-94,-94,-10,15,-999,10.7
2026-05-28 14:31:39.323,2026-05-28 14:37:47.303,22.6659969,114.5190385,200.0,10.0,0.03,131.6,0.0,22.3,1987.5,2448.85,10.0,2.0,2.5,NR5G-SA,n79,-94,-94,-10,13,-999,7.4
2026-05-28 14:31:39.524,2026-05-28 14:37:47.503,22.6659818,114.5190565,200.0,10.0,-0.02,131.6,0.0,22.3,1988.9,2451.35,10.0,2.0,2.5,NR5G-SA,n79,-94,-94,-10,13,-999,5.4
2026-05-28 14:31:39.724,2026-05-28 14:37:47.903,22.6659667,114.5190745,200.0,10.0,0.01,131.6,0.0,22.3,1990.2,2453.85,10.0,2.0,2.5,NR5G-SA,n79,-94,-94,-10,13,-999,5.4
2026-05-28 14:31:39.925,2026-05-28 14:37:48.103,22.6659516,114.5190924,200.0,10.0,-0.00,131.7,0.0,24.8,1991.6,2456.34,10.0,2.0,2.5,NR5G-SA,n79,-96,-96,-10,14,-999,6.7
2026-05-28 14:31:40.125,2026-05-28 14:37:48.103,22.6659364,114.5191103,200.0,10.0,-0.03,131.7,0.0,24.8,1992.9,2458.84,10.0,2.0,2.5,NR5G-SA,n79,-96,-96,-10,14,-999,9.2
2026-05-28 14:31:40.326,2026-05-28 14:37:48.303,22.6659364,114.5191103,200.0,10.0,-0.03,131.7,0.0,24.8,1992.9,2458.84,10.0,2.0,2.5,NR5G-SA,n79,-96,-96,-10,14,-999,7.5
2026-05-28 14:31:40.526,2026-05-28 14:37:48.503,22.6659213,114.5191283,200.0,10.0,-0.04,131.8,0.0,24.8,1994.3,2461.33,10.0,2.0,2.5,NR5G-SA,n79,-95,-95,-10,14,-999,5.3
2026-05-28 14:31:40.726,2026-05-28 14:37:48.903,22.6659061,114.5191462,200.0,10.0,0.04,131.8,0.0,24.8,1995.6,2463.83,10.0,2.0,2.5,NR5G-SA,n79,-95,-95,-10,14,-999,6.9
2026-05-28 14:31:40.927,2026-05-28 14:37:49.103,22.6658908,114.5191642,200.0,10.0,0.01,131.7,0.0,24.4,1997.0,2466.35,10.0,2.0,2.5,NR5G-SA,n79,-94,-94,-10,14,-999,5.6
2026-05-28 14:31:41.127,2026-05-28 14:37:49.103,22.6658757,114.5191822,200.0,10.0,-0.04,131.6,0.0,24.4,1998.4,2468.85,10.0,2.0,2.5,NR5G-SA,n79,-94,-94,-10,14,-999,12.0
2026-05-28 14:31:41.328,2026-05-28 14:37:49.303,22.6658757,114.5191822,200.0,10.0,-0.04,131.6,0.0,24.4,1998.4,2468.85,10.0,2.0,2.5,NR5G-SA,n79,-94,-94,-10,14,-999,9.3
2026-05-28 14:31:41.528,2026-05-28 14:37:49.503,22.6658607,114.5192003,200.0,9.9,0.03,131.5,0.0,24.4,1999.7,2471.34,10.0,2.0,2.5,NR5G-SA,n79,-95,-95,-10,16,-999,6.3
2026-05-28 14:31:41.728,2026-05-28 14:37:49.903,22.6658457,114.5192184,200.0,10.0,-0.00,131.5,0.0,24.4,2001.1,2473.84,10.0,2.0,2.5,NR5G-SA,n79,-95,-95,-10,16,-999,5.3
2026-05-28 14:31:41.929,2026-05-28 14:37:50.103,22.6658305,114.5192364,200.0,10.0,-0.01,131.6,0.0,23.2,2002.5,2476.35,10.0,2.0,2.5,NR5G-SA,n79,-95,-95,-10,16,-999,5.6
2026-05-28 14:31:42.129,2026-05-28 14:37:50.303,22.6658154,114.5192543,200.0,10.0,0.03,131.6,0.0,23.2,2003.9,2478.84,10.0,2.0,2.5,NR5G-SA,n79,-94,-94,-10,16,-999,5.7
2026-05-28 14:31:42.330,2026-05-28 14:37:50.303,22.6658154,114.5192543,200.0,10.0,0.03,131.6,0.0,23.2,2003.9,2478.84,10.0,2.0,2.5,NR5G-SA,n79,-94,-94,-10,16,-999,11.8
2026-05-28 14:31:42.530,2026-05-28 14:37:50.503,22.6658001,114.5192722,200.0,10.0,0.00,131.7,0.0,23.2,2005.2,2481.35,10.0,2.0,2.5,NR5G-SA,n79,-94,-94,-10,16,-999,6.8
2026-05-28 14:31:42.730,2026-05-28 14:37:50.903,22.6657850,114.5192900,200.0,10.0,0.01,131.8,0.0,23.2,2006.6,2483.83,10.0,2.0,2.5,NR5G-SA,n79,-94,-94,-10,16,-999,7.6
2026-05-28 14:31:42.931,2026-05-28 14:37:51.103,22.6657698,114.5193078,200.0,10.0,-0.03,131.9,0.0,22.1,2007.9,2486.32,10.0,2.0,2.5,NR5G-SA,n79,-94,-94,-10,16,-999,6.2
2026-05-28 14:31:43.131,2026-05-28 14:37:51.103,22.6657546,114.5193257,200.0,10.0,0.07,131.9,0.0,22.1,2009.3,2488.82,10.0,2.0,2.5,NR5G-SA,n79,-94,-94,-10,15,-999,12.1
2026-05-28 14:31:43.332,2026-05-28 14:37:51.303,22.6657546,114.5193257,200.0,10.0,0.07,131.9,0.0,22.1,2009.3,2488.82,10.0,2.0,2.5,NR5G-SA,n79,-94,-94,-10,15,-999,10.0
2026-05-28 14:31:43.532,2026-05-28 14:37:51.503,22.6657394,114.5193437,200.0,10.1,-0.01,132.0,0.0,22.1,2010.7,2491.33,10.0,2.0,2.5,NR5G-SA,n79,-94,-94,-10,15,-999,7.7
2026-05-28 14:31:43.733,2026-05-28 14:37:51.903,22.6657242,114.5193617,200.0,10.0,-0.00,132.2,0.0,22.1,2012.1,2493.83,10.0,2.0,2.5,NR5G-SA,n79,-93,-93,-10,15,-999,6.0
2026-05-28 14:31:43.933,2026-05-28 14:37:52.103,22.6657090,114.5193798,200.0,10.0,0.04,132.3,0.0,21.8,2013.5,2496.35,10.0,2.0,2.5,NR5G-SA,n79,-93,-93,-10,15,-999,7.0
2026-05-28 14:31:44.133,2026-05-28 14:37:52.103,22.6656938,114.5193978,200.0,10.0,0.04,132.4,0.0,21.8,2014.9,2498.85,10.0,2.0,2.5,NR5G-SA,n79,-93,-93,-10,15,-999,9.4
2026-05-28 14:31:44.334,2026-05-28 14:37:52.303,22.6656938,114.5193978,200.0,10.0,0.04,132.4,0.0,21.8,2014.9,2498.85,10.0,2.0,2.5,NR5G-SA,n79,-94,-94,-10,15,-999,8.8
2026-05-28 14:31:44.534,2026-05-28 14:37:52.503,22.6656785,114.5194159,200.0,10.0,-0.03,132.5,0.0,21.8,2016.3,2501.38,10.0,2.0,2.5,NR5G-SA,n79,-94,-94,-10,15,-999,7.7
2026-05-28 14:31:44.734,2026-05-28 14:37:52.903,22.6656631,114.5194339,200.0,10.0,0.01,132.6,0.0,21.8,2017.7,2503.90,10.0,2.0,2.5,NR5G-SA,n79,-94,-94,-10,15,-999,5.2
2026-05-28 14:31:44.935,2026-05-28 14:37:53.103,22.6656478,114.5194521,200.0,10.0,-0.06,132.6,0.0,21.8,2019.1,2506.43,10.0,2.0,2.5,NR5G-SA,n79,-94,-94,-10,15,-999,6.5
2026-05-28 14:31:45.135,2026-05-28 14:37:53.103,22.6656326,114.5194701,200.0,10.0,-0.03,132.6,0.0,20.3,2020.5,2508.93,10.0,2.0,2.5,NR5G-SA,n79,-94,-94,-10,15,-999,11.8
2026-05-28 14:31:45.335,2026-05-28 14:37:53.303,22.6656326,114.5194701,200.0,10.0,-0.03,132.6,0.0,20.3,2020.5,2508.93,10.0,2.0,2.5,NR5G-SA,n79,-95,-95,-10,17,-999,10.4
2026-05-28 14:31:45.536,2026-05-28 14:37:53.503,22.6656174,114.5194882,200.0,10.0,0.01,132.5,0.0,20.3,2021.9,2511.45,10.0,2.0,2.5,NR5G-SA,n79,-95,-95,-10,17,-999,6.1
2026-05-28 14:31:45.736,2026-05-28 14:37:53.903,22.6656024,114.5195061,200.0,10.0,-0.00,132.6,0.0,20.3,2023.3,2513.93,10.0,2.0,2.5,NR5G-SA,n79,-95,-95,-10,17,-999,4.7
2026-05-28 14:31:45.936,2026-05-28 14:37:54.103,22.6655873,114.5195241,200.0,9.9,-0.01,132.7,0.0,20.3,2024.7,2516.43,10.0,2.0,2.5,NR5G-SA,n79,-93,-93,-10,18,-999,4.1
2026-05-28 14:31:46.137,2026-05-28 14:37:54.103,22.6655722,114.5195420,200.0,10.0,-0.03,132.8,0.0,20.3,2026.1,2518.92,10.0,2.0,2.5,NR5G-SA,n79,-93,-93,-10,18,-999,8.7
2026-05-28 14:31:46.337,2026-05-28 14:37:54.303,22.6655722,114.5195420,200.0,10.0,-0.03,132.8,0.0,20.3,2026.1,2518.92,10.0,2.0,2.5,NR5G-SA,n79,-93,-93,-10,18,-999,9.7
2026-05-28 14:31:46.538,2026-05-28 14:37:54.503,22.6655571,114.5195599,200.0,10.0,-0.00,133.0,0.0,20.3,2027.5,2521.41,10.0,2.0,2.5,NR5G-SA,n79,-92,-92,-10,16,-999,6.5
2026-05-28 14:31:46.738,2026-05-28 14:37:54.903,22.6655419,114.5195778,200.0,10.0,0.00,133.0,0.0,20.3,2028.9,2523.91,10.0,2.0,2.5,NR5G-SA,n79,-92,-92,-10,16,-999,6.1
2026-05-28 14:31:46.938,2026-05-28 14:37:55.103,22.6655267,114.5195958,200.0,10.0,-0.01,132.9,0.0,20.3,2030.3,2526.42,10.0,2.0,2.5,NR5G-SA,n79,-92,-92,-10,16,-999,4.3
2026-05-28 14:31:47.139,2026-05-28 14:37:55.103,22.6655115,114.5196139,200.0,10.0,-0.03,132.8,0.0,19.7,2031.7,2528.93,10.0,2.0,2.5,NR5G-SA,n79,-94,-94,-10,16,-999,8.0
2026-05-28 14:31:47.339,2026-05-28 14:37:55.303,22.6655115,114.5196139,200.0,10.0,-0.03,132.8,0.0,19.7,2031.7,2528.93,10.0,2.0,2.5,NR5G-SA,n79,-94,-94,-10,16,-999,14.0
2026-05-28 14:31:47.540,2026-05-28 14:37:55.503,22.6654964,114.5196321,200.0,10.0,-0.04,132.6,0.0,19.7,2033.2,2531.44,10.0,2.0,2.5,NR5G-SA,n79,-93,-93,-10,17,-999,6.1
2026-05-28 14:31:47.740,2026-05-28 14:37:55.903,22.6654813,114.5196501,200.0,10.0,-0.04,132.4,0.0,19.7,2034.6,2533.94,10.0,2.0,2.5,NR5G-SA,n79,-93,-93,-10,17,-999,6.2
2026-05-28 14:31:47.940,2026-05-28 14:37:56.103,22.6654662,114.5196682,200.0,10.0,-0.04,132.3,0.0,19.7,2036.0,2536.45,10.0,2.0,2.5,NR5G-SA,n79,-93,-93,-10,17,-999,4.3
2026-05-28 14:31:48.141,2026-05-28 14:37:56.103,22.6654511,114.5196863,200.0,10.0,0.05,132.3,0.0,18.8,2037.4,2538.96,10.0,2.0,2.5,NR5G-SA,n79,-94,-94,-10,16,-999,8.3
2026-05-28 14:31:48.341,2026-05-28 14:37:56.303,22.6654511,114.5196863,200.0,10.0,0.05,132.3,0.0,18.8,2037.4,2538.96,10.0,2.0,2.5,NR5G-SA,n79,-94,-94,-10,16,-999,14.3
2026-05-28 14:31:48.542,2026-05-28 14:37:56.503,22.6654360,114.5197043,200.0,10.0,-0.01,132.1,0.0,18.8,2038.9,2541.46,10.0,2.0,2.5,NR5G-SA,n79,-94,-94,-10,16,-999,6.0
2026-05-28 14:31:48.742,2026-05-28 14:37:56.903,22.6654210,114.5197222,200.0,10.0,-0.04,131.9,0.0,18.8,2040.3,2543.94,10.0,2.0,2.5,NR5G-SA,n79,-95,-95,-10,14,-999,4.8
2026-05-28 14:31:48.942,2026-05-28 14:37:57.103,22.6654059,114.5197402,200.0,9.9,-0.01,132.0,0.0,18.8,2041.7,2546.44,10.0,2.0,2.5,NR5G-SA,n79,-95,-95,-10,14,-999,5.1
2026-05-28 14:31:49.143,2026-05-28 14:37:57.303,22.6653908,114.5197583,200.0,9.9,-0.00,132.1,0.0,18.0,2043.2,2548.94,10.0,2.0,2.5,NR5G-SA,n79,-95,-95,-10,14,-999,7.1
2026-05-28 14:31:49.343,2026-05-28 14:37:57.303,22.6653908,114.5197583,200.0,9.9,-0.00,132.1,0.0,18.0,2043.2,2548.94,10.0,2.0,2.5,NR5G-SA,n79,-94,-94,-10,14,-999,12.7
2026-05-28 14:31:49.544,2026-05-28 14:37:57.503,22.6653756,114.5197763,200.0,10.0,-0.02,132.0,0.0,18.0,2044.6,2551.45,10.0,2.0,2.5,NR5G-SA,n79,-94,-94,-10,14,-999,5.9
2026-05-28 14:31:49.744,2026-05-28 14:37:57.903,22.6653602,114.5197943,200.0,10.0,-0.04,132.0,0.0,18.0,2046.0,2553.97,10.0,2.0,2.5,NR5G-SA,n79,-96,-96,-10,16,-999,5.1
2026-05-28 14:31:49.945,2026-05-28 14:37:58.103,22.6653450,114.5198123,200.0,10.0,-0.04,132.0,0.0,18.0,2047.5,2556.48,10.0,2.0,2.5,NR5G-SA,n79,-96,-96,-10,16,-999,7.0
2026-05-28 14:31:50.145,2026-05-28 14:37:58.103,22.6653299,114.5198302,200.0,9.9,-0.07,131.9,0.0,17.2,2048.9,2558.97,10.0,2.0,2.5,NR5G-SA,n79,-96,-96,-10,16,-999,7.0
2026-05-28 14:31:50.345,2026-05-28 14:37:58.303,22.6653299,114.5198302,200.0,9.9,-0.07,131.9,0.0,17.2,2048.9,2558.97,10.0,2.0,2.5,NR5G-SA,n79,-93,-93,-10,16,-999,13.8
2026-05-28 14:31:50.546,2026-05-28 14:37:58.503,22.6653148,114.5198481,200.0,9.9,-0.02,131.8,0.0,17.2,2050.3,2561.46,10.0,2.0,2.5,NR5G-SA,n79,-93,-93,-10,16,-999,7.5
2026-05-28 14:31:50.746,2026-05-28 14:37:58.903,22.6652998,114.5198659,200.0,9.9,-0.03,131.6,0.0,17.2,2051.8,2563.94,10.0,2.0,2.5,NR5G-SA,n79,-93,-93,-10,16,-999,5.9
2026-05-28 14:31:50.947,2026-05-28 14:37:59.103,22.6652848,114.5198838,200.0,9.9,-0.02,131.6,0.0,17.2,2053.2,2566.42,10.0,2.0,2.5,NR5G-SA,n79,-93,-93,-10,16,-999,3.4
2026-05-28 14:31:51.147,2026-05-28 14:37:59.103,22.6652698,114.5199017,200.0,9.9,0.00,131.6,0.0,16.1,2054.7,2568.91,10.0,2.0,2.5,NR5G-SA,n79,-93,-93,-10,16,-999,7.6
2026-05-28 14:31:51.347,2026-05-28 14:37:59.303,22.6652698,114.5199017,200.0,9.9,0.00,131.6,0.0,16.1,2054.7,2568.91,10.0,2.0,2.5,NR5G-SA,n79,-93,-93,-10,16,-999,12.4
2026-05-28 14:31:51.548,2026-05-28 14:37:59.503,22.6652547,114.5199196,200.0,10.0,0.03,131.5,0.0,16.1,2056.1,2571.40,10.0,2.0,2.5,NR5G-SA,n79,-93,-93,-10,16,-999,7.1
2026-05-28 14:31:51.748,2026-05-28 14:37:59.903,22.6652394,114.5199376,200.0,10.0,0.06,131.6,0.0,16.1,2057.5,2573.91,10.0,2.0,2.5,NR5G-SA,n79,-93,-93,-10,16,-999,4.5
2026-05-28 14:31:51.948,2026-05-28 14:38:00.103,22.6652241,114.5199556,200.0,10.0,0.03,131.9,0.0,16.1,2059.0,2576.42,10.0,2.0,2.5,NR5G-SA,n79,-93,-93,-10,17,-999,3.4
2026-05-28 14:31:52.149,2026-05-28 14:38:00.103,22.6652088,114.5199736,200.0,10.1,0.03,132.1,0.0,16.1,2060.5,2578.94,10.0,2.0,2.5,NR5G-SA,n79,-93,-93,-10,17,-999,6.8
2026-05-28 14:31:52.349,2026-05-28 14:38:00.303,22.6652088,114.5199736,200.0,10.1,0.03,132.1,0.0,16.1,2060.5,2578.94,10.0,2.0,2.5,NR5G-SA,n79,-93,-93,-10,17,-999,13.0
2026-05-28 14:31:52.550,2026-05-28 14:38:00.503,22.6651935,114.5199916,200.0,10.0,0.03,132.4,0.0,16.1,2061.9,2581.45,10.0,2.0,2.5,NR5G-SA,n79,-94,-94,-10,17,-999,7.1
2026-05-28 14:31:52.750,2026-05-28 14:38:00.903,22.6651781,114.5200095,200.0,10.0,-0.00,132.8,0.0,16.1,2063.4,2583.97,10.0,2.0,2.5,NR5G-SA,n79,-94,-94,-10,17,-999,5.3
2026-05-28 14:31:52.950,2026-05-28 14:38:01.103,22.6651629,114.5200275,200.0,10.0,0.06,133.0,0.0,16.1,2064.8,2586.47,10.0,2.0,2.5,NR5G-SA,n79,-94,-94,-10,17,-999,5.5
2026-05-28 14:31:53.151,2026-05-28 14:38:01.103,22.6651476,114.5200455,200.0,10.0,0.05,133.2,0.0,16.9,2066.3,2588.99,10.0,2.0,2.5,NR5G-SA,n79,-95,-95,-10,17,-999,9.8
2026-05-28 14:31:53.351,2026-05-28 14:38:01.303,22.6651324,114.5200635,200.0,10.0,0.05,133.3,0.0,16.9,2067.7,2591.49,10.0,2.0,2.5,NR5G-SA,n79,-95,-95,-10,17,-999,12.7
2026-05-28 14:31:53.551,2026-05-28 14:38:01.503,22.6651324,114.5200635,200.0,10.0,-0.00,133.3,0.0,16.9,2067.7,2591.49,10.0,2.0,2.5,NR5G-SA,n79,-95,-95,-10,17,-999,6.7
2026-05-28 14:31:53.752,2026-05-28 14:38:01.903,22.6651172,114.5200815,200.0,10.0,-0.01,133.3,0.0,16.9,2069.2,2594.00,10.0,2.0,2.5,NR5G-SA,n79,-93,-93,-10,18,-999,4.7
2026-05-28 14:31:53.953,2026-05-28 14:38:02.103,22.6651020,114.5200995,200.0,10.0,0.02,133.4,0.0,16.9,2070.7,2596.51,10.0,2.0,2.5,NR5G-SA,n79,-93,-93,-10,18,-999,5.6
2026-05-28 14:31:54.153,2026-05-28 14:38:02.103,22.6650869,114.5201174,200.0,10.0,-0.02,133.3,0.0,17.0,2072.1,2599.00,10.0,2.0,2.5,NR5G-SA,n79,-93,-93,-10,18,-999,8.1
2026-05-28 14:31:54.353,2026-05-28 14:38:02.303,22.6650719,114.5201354,200.0,10.0,-0.02,133.2,0.0,17.0,2073.6,2601.49,10.0,2.0,2.5,NR5G-SA,n79,-93,-93,-10,18,-999,11.7
2026-05-28 14:31:54.554,2026-05-28 14:38:02.503,22.6650719,114.5201354,200.0,10.0,0.00,133.2,0.0,17.0,2073.6,2601.49,10.0,2.0,2.5,NR5G-SA,n79,-93,-93,-10,18,-999,7.4
2026-05-28 14:31:54.754,2026-05-28 14:38:02.903,22.6650568,114.5201534,200.0,10.0,0.02,133.1,0.0,17.0,2075.1,2603.99,10.0,2.0,2.5,NR5G-SA,n79,-93,-93,-10,18,-999,5.4
2026-05-28 14:31:54.954,2026-05-28 14:38:03.103,22.6650417,114.5201714,200.0,10.0,-0.01,133.1,0.0,17.0,2076.6,2606.49,10.0,2.0,2.5,NR5G-SA,n79,-93,-93,-10,18,-999,5.4
2026-05-28 14:31:55.155,2026-05-28 14:38:03.303,22.6650266,114.5201894,200.0,10.0,-0.03,133.1,0.0,17.0,2078.1,2608.98,10.0,2.0,2.5,NR5G-SA,n79,-93,-93,-10,18,-999,7.0
2026-05-28 14:31:55.355,2026-05-28 14:38:03.303,22.6650115,114.5202073,200.0,10.0,-0.03,133.1,0.0,17.4,2079.5,2611.48,10.0,2.0,2.5,NR5G-SA,n79,-96,-96,-10,17,-999,12.1
2026-05-28 14:31:55.556,2026-05-28 14:38:03.503,22.6650115,114.5202073,200.0,10.0,-0.04,133.1,0.0,17.4,2079.5,2611.48,10.0,2.0,2.5,NR5G-SA,n79,-96,-96,-10,17,-999,6.7
2026-05-28 14:31:55.756,2026-05-28 14:38:03.903,22.6649964,114.5202252,200.0,10.0,-0.07,133.0,0.0,17.4,2081.0,2613.97,10.0,2.0,2.5,NR5G-SA,n79,-96,-96,-10,17,-999,4.7
2026-05-28 14:31:55.956,2026-05-28 14:38:04.103,22.6649812,114.5202433,200.0,10.0,-0.06,132.9,0.0,17.4,2082.5,2616.48,10.0,2.0,2.5,NR5G-SA,n79,-94,-94,-10,16,-999,6.2
2026-05-28 14:31:56.157,2026-05-28 14:38:04.103,22.6649661,114.5202612,200.0,9.9,0.01,132.9,0.0,17.4,2084.0,2618.97,10.0,2.0,2.5,NR5G-SA,n79,-94,-94,-10,16,-999,8.8
2026-05-28 14:31:56.357,2026-05-28 14:38:04.303,22.6649661,114.5202612,200.0,9.9,0.01,132.9,0.0,16.9,2084.0,2618.97,10.0,2.0,2.5,NR5G-SA,n79,-94,-94,-10,16,-999,12.5
2026-05-28 14:31:56.558,2026-05-28 14:38:04.503,22.6649509,114.5202792,200.0,10.0,-0.03,132.9,0.0,16.9,2085.5,2621.48,10.0,2.0,2.5,NR5G-SA,n79,-95,-95,-10,16,-999,5.7
2026-05-28 14:31:56.758,2026-05-28 14:38:04.903,22.6649357,114.5202972,200.0,10.0,0.06,132.9,0.0,16.9,2087.0,2623.99,10.0,2.0,2.5,NR5G-SA,n79,-95,-95,-10,16,-999,5.8
2026-05-28 14:31:56.959,2026-05-28 14:38:05.103,22.6649204,114.5203152,200.0,10.0,0.02,132.9,0.0,16.9,2088.5,2626.50,10.0,2.0,2.5,NR5G-SA,n79,-96,-96,-10,16,-999,5.0
2026-05-28 14:31:57.159,2026-05-28 14:38:05.303,22.6649052,114.5203331,200.0,9.9,0.08,133.0,0.0,16.9,2089.9,2629.00,10.0,2.0,2.5,NR5G-SA,n79,-96,-96,-10,16,-999,6.2
2026-05-28 14:31:57.360,2026-05-28 14:38:05.303,22.6648900,114.5203510,200.0,10.0,-0.00,133.1,0.0,17.3,2091.4,2631.50,10.0,2.0,2.5,NR5G-SA,n79,-96,-96,-10,16,-999,12.0
2026-05-28 14:31:57.560,2026-05-28 14:38:05.503,22.6648900,114.5203510,200.0,10.0,-0.00,133.1,0.0,17.3,2091.4,2631.50,10.0,2.0,2.5,NR5G-SA,n79,-94,-94,-10,15,-999,9.6
2026-05-28 14:31:57.760,2026-05-28 14:38:05.903,22.6648748,114.5203688,200.0,10.0,0.01,133.1,0.0,17.3,2092.9,2633.99,10.0,2.0,2.5,NR5G-SA,n79,-94,-94,-10,15,-999,9.6
2026-05-28 14:31:57.961,2026-05-28 14:38:06.103,22.6648596,114.5203868,200.0,10.0,0.01,133.1,0.0,17.3,2094.4,2636.49,10.0,2.0,2.5,NR5G-SA,n79,-94,-94,-10,15,-999,4.8
2026-05-28 14:31:58.161,2026-05-28 14:38:06.304,22.6648445,114.5204047,200.0,10.0,0.02,133.0,0.0,17.3,2095.9,2638.99,10.0,2.0,2.5,NR5G-SA,n79,-95,-95,-10,16,-999,7.5
2026-05-28 14:31:58.362,2026-05-28 14:38:06.304,22.6648294,114.5204227,200.0,10.0,0.02,133.1,0.0,16.1,2097.4,2641.48,10.0,2.0,2.5,NR5G-SA,n79,-95,-95,-10,16,-999,12.4
2026-05-28 14:31:58.562,2026-05-28 14:38:06.504,22.6648294,114.5204227,200.0,10.0,-0.03,133.1,0.0,16.1,2097.4,2641.48,10.0,2.0,2.5,NR5G-SA,n79,-95,-95,-10,16,-999,6.5
2026-05-28 14:31:58.763,2026-05-28 14:38:06.904,22.6648143,114.5204407,200.0,10.0,-0.01,133.2,0.0,16.1,2098.9,2643.98,10.0,2.0,2.5,NR5G-SA,n79,-95,-95,-10,16,-999,10.2
2026-05-28 14:31:58.963,2026-05-28 14:38:07.104,22.6647990,114.5204587,200.0,10.0,-0.06,133.4,0.0,16.1,2100.4,2646.50,10.0,2.0,2.5,NR5G-SA,n79,-95,-95,-10,16,-999,5.5
2026-05-28 14:31:59.163,2026-05-28 14:38:07.304,22.6647838,114.5204765,200.0,10.0,-0.02,133.4,0.0,16.1,2101.9,2648.99,10.0,2.0,2.5,NR5G-SA,n79,-96,-96,-10,16,-999,5.5
2026-05-28 14:31:59.364,2026-05-28 14:38:07.304,22.6647686,114.5204944,200.0,10.0,0.03,133.4,0.0,16.6,2103.4,2651.49,10.0,2.0,2.5,NR5G-SA,n79,-96,-96,-10,16,-999,10.3
2026-05-28 14:31:59.564,2026-05-28 14:38:07.504,22.6647686,114.5204944,200.0,10.0,0.03,133.4,0.0,16.6,2103.4,2651.49,10.0,2.0,2.5,NR5G-SA,n79,-96,-96,-10,16,-999,7.8
2026-05-28 14:31:59.765,2026-05-28 14:38:07.904,22.6647536,114.5205123,200.0,10.0,-0.00,133.0,0.0,16.6,2104.9,2653.97,10.0,2.0,2.5,NR5G-SA,n79,-95,-95,-10,16,-999,8.3
2026-05-28 14:31:59.965,2026-05-28 14:38:08.104,22.6647386,114.5205304,200.0,10.0,0.02,132.9,0.0,16.6,2106.5,2656.47,10.0,2.0,2.5,NR5G-SA,n79,-95,-95,-10,16,-999,6.7
2026-05-28 14:32:00.165,2026-05-28 14:38:08.304,22.6647236,114.5205483,200.0,9.9,0.01,132.8,0.0,16.6,2108.0,2658.95,10.0,2.0,2.5,NR5G-SA,n79,-95,-95,-10,16,-999,7.5
2026-05-28 14:32:00.366,2026-05-28 14:38:08.304,22.6647086,114.5205664,200.0,9.9,0.07,132.6,0.0,18.9,2109.5,2661.45,10.0,2.0,2.5,NR5G-SA,n79,-95,-95,-10,16,-999,12.0
2026-05-28 14:32:00.566,2026-05-28 14:38:08.504,22.6647086,114.5205664,200.0,9.9,0.07,132.6,0.0,18.9,2109.5,2661.45,10.0,2.0,2.5,NR5G-SA,n79,-95,-95,-10,16,-999,7.3
2026-05-28 14:32:00.766,2026-05-28 14:38:08.904,22.6646935,114.5205845,200.0,10.0,0.05,132.4,0.0,18.9,2111.0,2663.96,10.0,2.0,2.5,NR5G-SA,n79,-95,-95,-10,16,-999,9.0
2026-05-28 14:32:00.967,2026-05-28 14:38:09.104,22.6646784,114.5206026,200.0,10.0,0.03,132.3,0.0,18.9,2112.6,2666.47,10.0,2.0,2.5,NR5G-SA,n79,-94,-94,-10,17,-999,6.2
2026-05-28 14:32:01.167,2026-05-28 14:38:09.304,22.6646633,114.5206206,200.0,10.0,-0.05,132.1,0.0,18.9,2114.1,2668.96,10.0,2.0,2.5,NR5G-SA,n79,-94,-94,-10,17,-999,7.3
2026-05-28 14:32:01.367,2026-05-28 14:38:09.304,22.6646482,114.5206386,200.0,10.0,-0.07,132.1,0.0,19.7,2115.6,2671.46,10.0,2.0,2.5,NR5G-SA,n79,-95,-95,-10,16,-999,10.5
2026-05-28 14:32:01.568,2026-05-28 14:38:09.504,22.6646482,114.5206386,200.0,10.0,-0.07,132.1,0.0,19.7,2115.6,2671.46,10.0,2.0,2.5,NR5G-SA,n79,-95,-95,-10,16,-999,8.4
2026-05-28 14:32:01.768,2026-05-28 14:38:09.904,22.6646330,114.5206567,200.0,10.0,-0.04,132.0,0.0,19.7,2117.2,2673.98,10.0,2.0,2.5,NR5G-SA,n79,-95,-95,-10,16,-999,8.8
2026-05-28 14:32:01.968,2026-05-28 14:38:10.104,22.6646178,114.5206748,200.0,10.0,0.05,132.2,0.0,19.7,2118.7,2676.49,10.0,2.0,2.5,NR5G-SA,n79,-95,-95,-10,15,-999,7.6
2026-05-28 14:32:02.169,2026-05-28 14:38:10.304,22.6646026,114.5206927,200.0,10.0,0.03,132.5,0.0,19.7,2120.2,2678.99,10.0,2.0,2.5,NR5G-SA,n79,-95,-95,-10,15,-999,5.9
2026-05-28 14:32:02.369,2026-05-28 14:38:10.304,22.6645874,114.5207107,200.0,10.0,0.02,132.7,0.0,20.4,2121.8,2681.50,10.0,2.0,2.5,NR5G-SA,n79,-95,-95,-10,15,-999,11.8
2026-05-28 14:32:02.569,2026-05-28 14:38:10.504,22.6645874,114.5207107,200.0,10.0,0.02,132.7,0.0,20.4,2121.8,2681.50,10.0,2.0,2.5,NR5G-SA,n79,-93,-93,-10,15,-999,8.1
2026-05-28 14:32:02.770,2026-05-28 14:38:10.904,22.6645722,114.5207285,200.1,9.9,-0.01,132.7,0.0,20.4,2123.3,2683.99,10.0,2.0,2.5,NR5G-SA,n79,-93,-93,-10,15,-999,8.8
2026-05-28 14:32:02.970,2026-05-28 14:38:11.104,22.6645571,114.5207464,200.1,10.0,-0.06,132.7,0.0,20.4,2124.8,2686.48,10.0,2.0,2.5,NR5G-SA,n79,-93,-93,-10,15,-999,5.2
2026-05-28 14:32:03.170,2026-05-28 14:38:11.304,22.6645420,114.5207644,200.0,10.0,-0.06,132.6,0.0,20.4,2126.4,2688.98,10.0,2.0,2.5,NR5G-SA,n79,-94,-94,-10,16,-999,6.3
2026-05-28 14:32:03.371,2026-05-28 14:38:11.304,22.6645268,114.5207824,200.0,10.0,-0.06,132.5,0.0,22.8,2127.9,2691.48,10.0,2.0,2.5,NR5G-SA,n79,-94,-94,-10,16,-999,7.6
2026-05-28 14:32:03.571,2026-05-28 14:38:11.504,22.6645268,114.5207824,200.0,10.0,-0.06,132.5,0.0,22.8,2127.9,2691.48,10.0,2.0,2.5,NR5G-SA,n79,-95,-95,-10,16,-999,8.7
2026-05-28 14:32:03.772,2026-05-28 14:38:11.904,22.6645118,114.5208003,200.0,10.0,-0.00,132.6,0.0,22.8,2129.5,2693.97,10.0,2.0,2.5,NR5G-SA,n79,-95,-95,-10,16,-999,10.8
2026-05-28 14:32:03.972,2026-05-28 14:38:12.104,22.6644967,114.5208183,200.0,10.0,0.01,132.5,0.0,22.8,2131.0,2696.47,10.0,2.0,2.5,NR5G-SA,n79,-95,-95,-10,16,-999,6.5
2026-05-28 14:32:04.172,2026-05-28 14:38:12.104,22.6644816,114.5208363,200.0,10.0,-0.02,132.5,0.0,22.8,2132.5,2698.97,10.0,2.0,2.5,NR5G-SA,n79,-94,-94,-10,17,-999,9.7
2026-05-28 14:32:04.373,2026-05-28 14:38:12.304,22.6644665,114.5208544,200.0,10.0,-0.02,132.3,0.0,22.8,2134.1,2701.47,10.0,2.0,2.5,NR5G-SA,n79,-94,-94,-10,17,-999,9.4
2026-05-28 14:32:04.573,2026-05-28 14:38:12.504,22.6644665,114.5208544,200.0,10.0,-0.02,132.3,0.0,22.4,2134.1,2701.47,10.0,2.0,2.5,NR5G-SA,n79,-94,-94,-10,17,-999,6.8
2026-05-28 14:32:04.773,2026-05-28 14:38:12.904,22.6644514,114.5208725,200.0,10.0,0.01,132.3,0.0,22.4,2135.7,2703.98,10.0,2.0,2.5,NR5G-SA,n79,-94,-94,-10,15,-999,5.7
2026-05-28 14:32:04.974,2026-05-28 14:38:13.104,22.6644362,114.5208906,200.0,10.1,-0.04,132.4,0.0,22.4,2137.2,2706.49,10.0,2.0,2.5,NR5G-SA,n79,-94,-94,-10,15,-999,6.1
2026-05-28 14:32:05.174,2026-05-28 14:38:13.304,22.6644210,114.5209087,200.0,10.0,-0.05,132.5,0.0,22.4,2138.8,2709.01,10.0,2.0,2.5,NR5G-SA,n79,-94,-94,-10,15,-999,6.0
2026-05-28 14:32:05.375,2026-05-28 14:38:13.304,22.6644059,114.5209267,200.0,10.0,0.03,132.7,15.9,22.4,2140.4,2711.51,10.0,2.0,2.5,NR5G-SA,n79,-93,-93,-10,16,-999,10.4
2026-05-28 14:32:05.575,2026-05-28 14:38:13.504,22.6644059,114.5209267,200.0,10.0,0.03,132.7,15.9,21.4,2140.4,2711.51,10.0,2.0,2.5,NR5G-SA,n79,-93,-93,-10,16,-999,9.2
2026-05-28 14:32:05.775,2026-05-28 14:38:13.904,22.6643908,114.5209445,200.0,9.8,0.02,133.0,15.9,21.4,2141.9,2713.99,10.0,2.0,2.5,NR5G-SA,n79,-93,-93,-10,15,-999,7.3
2026-05-28 14:32:05.976,2026-05-28 14:38:14.104,22.6643760,114.5209620,200.0,9.7,0.02,133.4,15.9,21.4,2143.4,2716.43,10.0,2.0,2.5,NR5G-SA,n79,-93,-93,-10,15,-999,6.0
2026-05-28 14:32:06.176,2026-05-28 14:38:14.304,22.6643616,114.5209790,200.0,9.5,0.03,133.7,15.9,21.4,2144.9,2718.80,10.0,2.0,2.5,NR5G-SA,n79,-93,-93,-10,15,-999,6.7
2026-05-28 14:32:06.376,2026-05-28 14:38:14.304,22.6643476,114.5209955,200.0,9.1,0.00,133.9,0.0,21.4,2146.3,2721.10,10.0,2.0,2.5,NR5G-SA,n79,-95,-95,-10,14,-999,10.6
2026-05-28 14:32:06.577,2026-05-28 14:38:14.504,22.6643476,114.5209955,200.0,9.1,0.00,133.9,0.0,25.2,2146.3,2721.10,10.0,2.0,2.5,NR5G-SA,n79,-95,-95,-10,14,-999,10.0
2026-05-28 14:32:06.777,2026-05-28 14:38:14.904,22.6643340,114.5210114,200.0,8.7,0.03,134.1,0.0,25.2,2147.7,2723.33,10.0,2.0,2.5,NR5G-SA,n79,-95,-95,-10,14,-999,9.2
2026-05-28 14:32:06.978,2026-05-28 14:38:15.104,22.6643210,114.5210265,200.1,8.4,-0.04,134.4,0.0,25.2,2149.0,2725.45,10.0,2.0,2.5,NR5G-SA,n79,-95,-95,-10,14,-999,5.4
2026-05-28 14:32:07.178,2026-05-28 14:38:15.104,22.6643087,114.5210408,200.0,7.9,-0.05,134.8,0.0,25.2,2150.3,2727.46,10.0,2.0,2.5,NR5G-SA,n79,-95,-95,-10,14,-999,7.8
2026-05-28 14:32:07.378,2026-05-28 14:38:15.304,22.6642973,114.5210543,200.0,7.4,-0.01,135.0,7.2,25.2,2151.4,2729.34,10.0,2.0,2.5,NR5G-SA,n79,-95,-95,-10,14,-999,8.0
2026-05-28 14:32:07.579,2026-05-28 14:38:15.504,22.6642973,114.5210543,200.0,7.4,-0.01,135.0,7.2,26.6,2151.4,2729.34,10.0,2.0,2.5,NR5G-SA,n79,-96,-96,-10,11,-999,9.4
2026-05-28 14:32:07.779,2026-05-28 14:38:15.904,22.6642868,114.5210669,200.0,6.8,-0.07,135.1,7.2,26.6,2152.5,2731.08,10.0,2.0,2.5,NR5G-SA,n79,-96,-96,-10,11,-999,7.5
2026-05-28 14:32:07.980,2026-05-28 14:38:16.104,22.6642774,114.5210784,200.0,6.2,-0.14,135.7,7.2,26.6,2153.5,2732.66,10.0,2.0,2.5,NR5G-SA,n79,-99,-99,-10,12,-999,5.8
2026-05-28 14:32:08.180,2026-05-28 14:38:16.304,22.6642689,114.5210887,200.0,5.6,-0.10,137.2,7.2,26.6,2154.5,2734.08,10.0,2.0,2.5,NR5G-SA,n79,-99,-99,-10,12,-999,6.2
2026-05-28 14:32:08.380,2026-05-28 14:38:16.304,22.6642611,114.5210976,199.9,4.9,-0.10,139.4,0.0,26.6,2155.2,2735.34,10.0,2.0,2.5,NR5G-SA,n79,-99,-99,-10,12,-999,9.1
2026-05-28 14:32:08.581,2026-05-28 14:38:16.504,22.6642611,114.5210976,199.9,4.9,-0.10,139.4,0.0,24.5,2155.2,2735.34,10.0,2.0,2.5,NR5G-SA,n79,-96,-96,-10,12,-999,11.8
2026-05-28 14:32:08.781,2026-05-28 14:38:16.904,22.6642536,114.5211049,199.9,4.3,-0.04,142.7,0.0,24.5,2155.8,2736.46,10.0,2.0,2.5,NR5G-SA,n79,-96,-96,-10,12,-999,8.4
2026-05-28 14:32:08.982,2026-05-28 14:38:17.104,22.6642463,114.5211106,199.9,3.9,-0.04,148.2,0.0,24.5,2156.3,2737.46,10.0,2.0,2.5,NR5G-SA,n79,-96,-96,-10,12,-999,5.2
2026-05-28 14:32:09.182,2026-05-28 14:38:17.304,22.6642391,114.5211147,199.9,3.4,-0.01,157.0,0.0,24.5,2156.6,2738.37,10.0,2.0,2.5,NR5G-SA,n79,-102,-102,-10,15,-999,7.7
2026-05-28 14:32:09.382,2026-05-28 14:38:17.304,22.6642322,114.5211170,199.9,3.0,0.03,168.9,17.6,24.5,2156.7,2739.17,10.0,2.0,2.5,NR5G-SA,n79,-102,-102,-10,15,-999,8.6
2026-05-28 14:32:09.583,2026-05-28 14:38:17.504,22.6642322,114.5211170,199.9,3.0,0.03,168.9,17.6,24.3,2156.7,2739.17,10.0,2.0,2.5,NR5G-SA,n79,-102,-102,-10,15,-999,9.7
2026-05-28 14:32:09.783,2026-05-28 14:38:17.904,22.6642256,114.5211173,199.9,2.8,0.02,182.6,17.6,24.3,2156.6,2739.91,10.0,2.0,2.5,NR5G-SA,n79,-101,-101,-10,12,-999,15.7
2026-05-28 14:32:09.983,2026-05-28 14:38:18.104,22.6642191,114.5211156,200.0,3.0,0.03,196.7,17.6,24.3,2156.4,2740.65,10.0,2.0,2.5,NR5G-SA,n79,-101,-101,-10,12,-999,8.9
2026-05-28 14:32:10.184,2026-05-28 14:38:18.304,22.6642125,114.5211119,200.0,3.4,0.02,209.9,17.6,24.3,2155.9,2741.48,10.0,2.0,2.5,NR5G-SA,n79,-105,-105,-11,7,-999,5.6
2026-05-28 14:32:10.384,2026-05-28 14:38:18.304,22.6642055,114.5211064,200.0,3.9,0.02,219.4,40.3,24.3,2155.2,2742.44,10.0,2.0,2.5,NR5G-SA,n79,-105,-105,-11,7,-999,9.5
2026-05-28 14:32:10.584,2026-05-28 14:38:18.504,22.6642055,114.5211064,200.0,3.9,0.02,219.4,40.3,23.0,2155.2,2742.44,10.0,2.0,2.5,NR5G-SA,n79,-105,-105,-11,7,-999,10.2
2026-05-28 14:32:10.785,2026-05-28 14:38:18.904,22.6641981,114.5210992,200.0,4.5,0.00,225.5,40.3,23.0,2154.3,2743.55,10.0,2.0,2.5,NR5G-SA,n79,-102,-102,-11,5,-999,9.7
2026-05-28 14:32:10.985,2026-05-28 14:38:19.104,22.6641902,114.5210906,200.0,5.0,-0.01,229.1,40.3,23.0,2153.3,2744.80,10.0,2.0,2.5,NR5G-SA,n79,-102,-102,-11,5,-999,6.4
2026-05-28 14:32:11.185,2026-05-28 14:38:19.304,22.6641818,114.5210810,200.0,5.6,-0.03,231.0,40.3,23.0,2152.2,2746.15,10.0,2.0,2.5,NR5G-SA,n79,-102,-102,-11,5,-999,6.6
2026-05-28 14:32:11.386,2026-05-28 14:38:19.304,22.6641727,114.5210704,200.0,6.2,-0.03,231.5,39.2,23.0,2151.0,2747.64,10.0,2.0,2.5,NR5G-SA,n79,-105,-105,-11,7,-999,8.7
2026-05-28 14:32:11.586,2026-05-28 14:38:19.504,22.6641727,114.5210704,200.0,6.2,-0.03,231.5,39.2,19.5,2151.0,2747.64,10.0,2.0,2.5,NR5G-SA,n79,-105,-105,-11,7,-999,11.9
2026-05-28 14:32:11.787,2026-05-28 14:38:19.904,22.6641627,114.5210589,200.0,6.7,0.05,231.3,39.2,19.5,2149.7,2749.26,10.0,2.0,2.5,NR5G-SA,n79,-105,-105,-11,7,-999,8.2
2026-05-28 14:32:11.987,2026-05-28 14:38:20.104,22.6641517,114.5210464,200.0,7.4,0.01,230.8,39.2,19.5,2148.2,2751.04,10.0,2.0,2.5,NR5G-SA,n79,-106,-106,-11,8,-999,4.6
2026-05-28 14:32:12.187,2026-05-28 14:38:20.304,22.6641399,114.5210328,200.0,7.9,-0.02,230.1,39.2,19.5,2146.7,2752.96,10.0,2.0,2.5,NR5G-SA,n79,-106,-106,-11,8,-999,6.5
2026-05-28 14:32:12.388,2026-05-28 14:38:20.304,22.6641274,114.5210181,200.0,8.4,0.00,229.6,36.8,19.5,2145.0,2755.01,10.0,2.0,2.5,NR5G-SA,n79,-106,-106,-11,8,-999,9.9
2026-05-28 14:32:12.588,2026-05-28 14:38:20.504,22.6641274,114.5210181,200.0,8.4,0.00,229.6,36.8,19.5,2145.0,2755.01,10.0,2.0,2.5,NR5G-SA,n79,-106,-106,-11,8,-999,12.6
2026-05-28 14:32:12.789,2026-05-28 14:38:20.904,22.6641145,114.5210026,200.0,8.8,-0.00,229.2,36.8,19.9,2143.2,2757.15,10.0,2.0,2.5,NR5G-SA,n79,-106,-106,-11,8,-999,8.2
2026-05-28 14:32:12.989,2026-05-28 14:38:21.104,22.6641012,114.5209861,200.0,9.2,-0.06,229.1,36.8,19.9,2141.3,2759.40,10.0,2.0,2.5,NR5G-SA,n79,-104,-104,-11,8,-999,4.6
2026-05-28 14:32:13.190,2026-05-28 14:38:21.304,22.6640877,114.5209689,200.0,9.5,-0.01,229.0,36.8,19.9,2139.3,2761.72,10.0,2.0,2.5,NR5G-SA,n79,-104,-104,-11,8,-999,6.8
2026-05-28 14:32:13.390,2026-05-28 14:38:21.304,22.6640738,114.5209514,200.0,9.8,-0.03,228.9,31.4,19.9,2137.3,2764.10,10.0,2.0,2.5,NR5G-SA,n79,-104,-104,-11,8,-999,10.2
2026-05-28 14:32:13.591,2026-05-28 14:38:21.504,22.6640738,114.5209514,200.0,9.8,-0.03,228.9,31.4,19.9,2137.3,2764.10,10.0,2.0,2.5,NR5G-SA,n79,-106,-106,-11,7,-999,11.1
2026-05-28 14:32:13.791,2026-05-28 14:38:21.904,22.6640596,114.5209335,200.0,9.9,0.06,228.9,31.4,22.0,2135.3,2766.52,10.0,2.0,2.5,NR5G-SA,n79,-106,-106,-11,7,-999,7.8
2026-05-28 14:32:13.991,2026-05-28 14:38:22.104,22.6640452,114.5209154,200.0,10.0,0.08,229.0,31.4,22.0,2133.2,2768.98,10.0,2.0,2.5,NR5G-SA,n79,-106,-106,-11,7,-999,6.1
2026-05-28 14:32:14.192,2026-05-28 14:38:22.304,22.6640307,114.5208971,200.0,10.0,0.09,229.1,31.4,22.0,2131.1,2771.45,10.0,2.0,2.5,NR5G-SA,n79,-106,-106,-11,7,-999,6.6
2026-05-28 14:32:14.392,2026-05-28 14:38:22.304,22.6640160,114.5208789,200.0,10.1,0.03,229.1,31.4,22.0,2129.1,2773.94,10.0,2.0,2.5,NR5G-SA,n79,-106,-106,-11,7,-999,8.3
2026-05-28 14:32:14.592,2026-05-28 14:38:22.504,22.6640160,114.5208789,200.0,10.1,0.03,229.1,31.4,22.0,2129.1,2773.94,10.0,2.0,2.5,NR5G-SA,n79,-106,-106,-11,7,-999,11.3
2026-05-28 14:32:14.793,2026-05-28 14:38:22.904,22.6640012,114.5208606,200.0,10.1,0.03,229.1,31.4,22.0,2127.0,2776.44,10.0,2.0,2.5,NR5G-SA,n79,-108,-108,-11,8,-999,10.0
2026-05-28 14:32:14.993,2026-05-28 14:38:23.104,22.6639865,114.5208422,200.0,10.1,0.05,229.1,31.4,22.0,2124.9,2778.94,10.0,2.0,2.5,NR5G-SA,n79,-108,-108,-11,8,-999,5.3
2026-05-28 14:32:15.193,2026-05-28 14:38:23.304,22.6639717,114.5208237,200.0,10.2,-0.03,229.2,31.4,22.0,2122.8,2781.45,10.0,2.0,2.5,NR5G-SA,n79,-105,-105,-11,8,-999,6.8
2026-05-28 14:32:15.394,2026-05-28 14:38:23.304,22.6639567,114.5208051,200.0,10.1,0.03,229.3,37.6,22.0,2120.6,2783.99,10.0,2.0,2.5,NR5G-SA,n79,-105,-105,-11,8,-999,10.5
2026-05-28 14:32:15.594,2026-05-28 14:38:23.504,22.6639567,114.5208051,200.0,10.1,0.03,229.3,37.6,22.0,2120.6,2783.99,10.0,2.0,2.5,NR5G-SA,n79,-105,-105,-11,8,-999,10.1
2026-05-28 14:32:15.794,2026-05-28 14:38:23.904,22.6639416,114.5207865,200.0,10.2,0.11,229.4,37.6,26.0,2118.5,2786.54,10.0,2.0,2.5,NR5G-SA,n79,-107,-107,-11,9,-999,10.6
2026-05-28 14:32:15.995,2026-05-28 14:38:24.104,22.6639266,114.5207680,200.0,10.1,0.12,229.3,37.6,26.0,2116.4,2789.07,10.0,2.0,2.5,NR5G-SA,n79,-107,-107,-11,9,-999,6.5
2026-05-28 14:32:16.195,2026-05-28 14:38:24.304,22.6639116,114.5207495,200.0,10.2,0.02,229.2,37.6,26.0,2114.3,2791.59,10.0,2.0,2.5,NR5G-SA,n79,-107,-107,-11,9,-999,6.4
2026-05-28 14:32:16.395,2026-05-28 14:38:24.304,22.6638965,114.5207310,200.0,10.1,0.05,229.2,24.1,26.0,2112.2,2794.13,10.0,2.0,2.5,NR5G-SA,n79,-106,-106,-11,8,-999,9.1
2026-05-28 14:32:16.596,2026-05-28 14:38:24.504,22.6638965,114.5207310,200.0,10.1,0.05,229.2,24.1,26.0,2112.2,2794.13,10.0,2.0,2.5,NR5G-SA,n79,-106,-106,-11,8,-999,8.6
2026-05-28 14:32:16.796,2026-05-28 14:38:24.904,22.6638814,114.5207124,200.0,10.2,-0.02,229.2,24.1,26.7,2110.1,2796.68,10.0,2.0,2.5,NR5G-SA,n79,-106,-106,-11,8,-999,4.4
2026-05-28 14:32:16.997,2026-05-28 14:38:25.104,22.6638662,114.5206940,200.0,10.1,0.08,229.1,24.1,26.7,2108.0,2799.21,10.0,2.0,2.5,NR5G-SA,n79,-108,-108,-11,9,-999,4.8
2026-05-28 14:32:17.197,2026-05-28 14:38:25.304,22.6638511,114.5206755,199.9,10.0,0.05,229.2,24.1,26.7,2105.9,2801.75,10.0,2.0,2.5,NR5G-SA,n79,-108,-108,-11,9,-999,6.0
2026-05-28 14:32:17.398,2026-05-28 14:38:25.304,22.6638361,114.5206570,199.9,10.0,0.11,229.2,42.7,26.7,2103.8,2804.28,10.0,2.0,2.5,NR5G-SA,n79,-107,-107,-11,9,-999,9.8
2026-05-28 14:32:17.598,2026-05-28 14:38:25.504,22.6638361,114.5206570,199.9,10.0,0.11,229.2,42.7,26.7,2103.8,2804.28,10.0,2.0,2.5,NR5G-SA,n79,-107,-107,-11,9,-999,12.6
2026-05-28 14:32:17.798,2026-05-28 14:38:25.904,22.6638212,114.5206387,199.9,10.0,0.12,229.4,42.7,25.1,2101.7,2806.79,10.0,2.0,2.5,NR5G-SA,n79,-107,-107,-11,9,-999,6.1
2026-05-28 14:32:17.999,2026-05-28 14:38:26.104,22.6638062,114.5206204,199.9,10.0,0.11,229.4,42.7,25.1,2099.6,2809.30,10.0,2.0,2.5,NR5G-SA,n79,-105,-105,-11,7,-999,6.1
2026-05-28 14:32:18.199,2026-05-28 14:38:26.305,22.6637913,114.5206022,200.0,9.9,0.08,229.4,42.7,25.1,2097.5,2811.80,10.0,2.0,2.5,NR5G-SA,n79,-105,-105,-11,7,-999,6.5
2026-05-28 14:32:18.399,2026-05-28 14:38:26.305,22.6637763,114.5205839,200.0,10.0,0.01,229.5,15.3,25.1,2095.5,2814.32,10.0,2.0,2.5,NR5G-SA,n79,-105,-105,-11,7,-999,8.7
2026-05-28 14:32:18.600,2026-05-28 14:38:26.505,22.6637763,114.5205839,200.0,10.0,0.01,229.5,15.3,25.1,2095.5,2814.32,10.0,2.0,2.5,NR5G-SA,n79,-107,-107,-11,7,-999,12.1
2026-05-28 14:32:18.800,2026-05-28 14:38:26.905,22.6637614,114.5205655,199.9,9.9,-0.03,229.3,15.3,25.0,2093.4,2816.83,10.0,2.0,2.5,NR5G-SA,n79,-107,-107,-11,7,-999,7.2
2026-05-28 14:32:19.001,2026-05-28 14:38:27.105,22.6637464,114.5205473,199.9,10.0,0.02,229.3,15.3,25.0,2091.3,2819.34,10.0,2.0,2.5,NR5G-SA,n79,-107,-107,-11,7,-999,5.3
2026-05-28 14:32:19.201,2026-05-28 14:38:27.305,22.6637313,114.5205290,199.9,10.0,0.06,229.4,15.3,25.0,2089.2,2821.86,10.0,2.0,2.5,NR5G-SA,n79,-105,-105,-11,9,-999,5.4
2026-05-28 14:32:19.402,2026-05-28 14:38:27.305,22.6637164,114.5205108,200.0,10.0,0.17,229.4,0.0,25.0,2087.2,2824.36,10.0,2.0,2.5,NR5G-SA,n79,-105,-105,-11,9,-999,7.2
2026-05-28 14:32:19.602,2026-05-28 14:38:27.505,22.6637164,114.5205108,200.0,10.0,0.17,229.4,0.0,25.0,2087.2,2824.36,10.0,2.0,2.5,NR5G-SA,n79,-108,-108,-11,10,-999,10.9
2026-05-28 14:32:19.802,2026-05-28 14:38:27.905,22.6637015,114.5204925,200.0,10.0,0.05,229.2,0.0,26.1,2085.1,2826.86,10.0,2.0,2.5,NR5G-SA,n79,-108,-108,-11,10,-999,9.1
2026-05-28 14:32:20.003,2026-05-28 14:38:28.105,22.6636865,114.5204742,200.0,9.9,0.10,229.2,0.0,26.1,2083.0,2829.38,10.0,2.0,2.5,NR5G-SA,n79,-108,-108,-11,10,-999,6.0
2026-05-28 14:32:20.203,2026-05-28 14:38:28.305,22.6636716,114.5204559,200.0,10.0,0.08,229.3,0.0,26.1,2081.0,2831.89,10.0,2.0,2.5,NR5G-SA,n79,-106,-106,-11,10,-999,6.7
2026-05-28 14:32:20.403,2026-05-28 14:38:28.305,22.6636567,114.5204376,200.0,10.0,-0.01,229.3,3.1,26.1,2078.9,2834.39,10.0,2.0,2.5,NR5G-SA,n79,-106,-106,-11,10,-999,8.8
2026-05-28 14:32:20.604,2026-05-28 14:38:28.505,22.6636567,114.5204376,200.0,10.0,-0.01,229.3,3.1,26.1,2078.9,2834.39,10.0,2.0,2.5,NR5G-SA,n79,-106,-106,-11,10,-999,10.4
2026-05-28 14:32:20.804,2026-05-28 14:38:28.905,22.6636418,114.5204193,200.0,10.0,-0.00,229.3,3.1,26.1,2076.8,2836.90,10.0,2.0,2.5,NR5G-SA,n79,-106,-106,-11,10,-999,8.1
2026-05-28 14:32:21.004,2026-05-28 14:38:29.105,22.6636269,114.5204010,200.0,10.0,0.09,229.3,3.1,23.7,2074.7,2839.41,10.0,2.0,2.5,NR5G-SA,n79,-106,-106,-11,10,-999,6.4
2026-05-28 14:32:21.205,2026-05-28 14:38:29.305,22.6636120,114.5203827,200.0,10.0,0.02,229.1,3.1,23.7,2072.7,2841.91,10.0,2.0,2.5,NR5G-SA,n79,-106,-106,-11,10,-999,6.4
2026-05-28 14:32:21.405,2026-05-28 14:38:29.305,22.6635972,114.5203645,200.0,9.9,0.02,229.1,3.1,23.7,2070.6,2844.41,10.0,2.0,2.5,NR5G-SA,n79,-106,-106,-11,11,-999,9.2
2026-05-28 14:32:21.606,2026-05-28 14:38:29.505,22.6635824,114.5203463,200.0,9.9,0.02,229.3,0.0,23.7,2068.6,2846.90,10.0,2.0,2.5,NR5G-SA,n79,-106,-106,-11,11,-999,7.2
2026-05-28 14:32:21.806,2026-05-28 14:38:29.905,22.6635824,114.5203463,200.0,10.0,0.05,229.3,0.0,23.7,2068.6,2846.90,10.0,2.0,2.5,NR5G-SA,n79,-105,-105,-11,11,-999,10.6
2026-05-28 14:32:22.006,2026-05-28 14:38:30.105,22.6635675,114.5203279,200.0,10.0,-0.03,229.4,0.0,22.3,2066.5,2849.41,10.0,2.0,2.5,NR5G-SA,n79,-105,-105,-11,11,-999,6.4
2026-05-28 14:32:22.207,2026-05-28 14:38:30.305,22.6635526,114.5203097,200.0,9.9,0.08,229.4,0.0,22.3,2064.4,2851.91,10.0,2.0,2.5,NR5G-SA,n79,-105,-105,-11,11,-999,5.6
2026-05-28 14:32:22.407,2026-05-28 14:38:30.505,22.6635376,114.5202915,200.0,10.0,0.03,229.2,0.0,22.3,2062.4,2854.42,10.0,2.0,2.5,NR5G-SA,n79,-105,-105,-11,11,-999,7.9
2026-05-28 14:32:22.608,2026-05-28 14:38:30.505,22.6635226,114.5202733,200.0,10.0,-0.01,229.2,8.2,22.3,2060.3,2856.93,10.0,2.0,2.5,NR5G-SA,n79,-105,-105,-11,11,-999,10.5
2026-05-28 14:32:22.808,2026-05-28 14:38:30.905,22.6635226,114.5202733,200.0,10.0,-0.01,229.2,8.2,22.3,2060.3,2856.93,10.0,2.0,2.5,NR5G-SA,n79,-105,-105,-11,11,-999,7.2
2026-05-28 14:32:23.008,2026-05-28 14:38:31.105,22.6635076,114.5202551,200.0,10.0,-0.03,229.0,8.2,21.0,2058.3,2859.43,10.0,2.0,2.5,NR5G-SA,n79,-107,-107,-11,12,-999,5.4
2026-05-28 14:32:23.209,2026-05-28 14:38:31.305,22.6634926,114.5202370,200.0,9.9,0.01,228.9,8.2,21.0,2056.2,2861.93,10.0,2.0,2.5,NR5G-SA,n79,-107,-107,-11,12,-999,6.7
2026-05-28 14:32:23.409,2026-05-28 14:38:31.505,22.6634776,114.5202188,200.0,9.9,-0.04,228.9,8.2,21.0,2054.2,2864.44,10.0,2.0,2.5,NR5G-SA,n79,-107,-107,-11,12,-999,8.1
2026-05-28 14:32:23.609,2026-05-28 14:38:31.505,22.6634626,114.5202005,200.0,10.0,0.02,228.9,0.0,21.0,2052.1,2866.95,10.0,2.0,2.5,NR5G-SA,n79,-105,-105,-11,11,-999,11.2
2026-05-28 14:32:23.810,2026-05-28 14:38:31.904,22.6634626,114.5202005,200.0,10.0,0.02,228.9,0.0,21.0,2052.1,2866.95,10.0,2.0,2.5,NR5G-SA,n79,-105,-105,-11,11,-999,9.2
2026-05-28 14:32:24.010,2026-05-28 14:38:32.104,22.6634478,114.5201823,200.0,10.0,-0.00,228.9,0.0,18.8,2050.1,2869.44,10.0,2.0,2.5,NR5G-SA,n79,-105,-105,-11,11,-999,5.7
2026-05-28 14:32:24.211,2026-05-28 14:38:32.304,22.6634329,114.5201640,200.0,10.0,0.02,228.9,0.0,18.8,2048.0,2871.95,10.0,2.0,2.5,NR5G-SA,n79,-105,-105,-11,11,-999,6.5
2026-05-28 14:32:24.411,2026-05-28 14:38:32.304,22.6634181,114.5201458,200.0,9.9,-0.03,229.0,0.0,18.8,2046.0,2874.44,10.0,2.0,2.5,NR5G-SA,n79,-105,-105,-11,11,-999,6.7
2026-05-28 14:32:24.611,2026-05-28 14:38:32.504,22.6634031,114.5201275,200.0,10.0,-0.00,229.1,19.5,18.8,2043.9,2876.96,10.0,2.0,2.5,NR5G-SA,n79,-107,-107,-11,11,-999,9.0
2026-05-28 14:32:24.812,2026-05-28 14:38:32.904,22.6634031,114.5201275,200.0,10.0,-0.00,229.1,19.5,18.8,2043.9,2876.96,10.0,2.0,2.5,NR5G-SA,n79,-107,-107,-11,11,-999,12.1
2026-05-28 14:32:25.012,2026-05-28 14:38:33.104,22.6633882,114.5201093,200.0,10.0,-0.03,229.1,19.5,17.7,2041.9,2879.46,10.0,2.0,2.5,NR5G-SA,n79,-107,-107,-11,11,-999,5.5
2026-05-28 14:32:25.213,2026-05-28 14:38:33.304,22.6633733,114.5200911,200.0,9.9,-0.04,229.0,19.5,17.7,2039.9,2881.96,10.0,2.0,2.5,NR5G-SA,n79,-109,-109,-11,11,-999,5.9
2026-05-28 14:32:25.413,2026-05-28 14:38:33.304,22.6633584,114.5200731,200.0,10.0,0.02,229.0,19.5,17.7,2037.8,2884.44,10.0,2.0,2.5,NR5G-SA,n79,-109,-109,-11,11,-999,8.7
2026-05-28 14:32:25.613,2026-05-28 14:38:33.504,22.6633435,114.5200550,200.0,10.0,0.06,229.0,41.6,17.7,2035.8,2886.93,10.0,2.0,2.5,NR5G-SA,n79,-109,-109,-11,11,-999,8.2
2026-05-28 14:32:25.814,2026-05-28 14:38:33.904,22.6633435,114.5200550,200.0,10.0,0.06,229.0,41.6,17.7,2035.8,2886.93,10.0,2.0,2.5,NR5G-SA,n79,-105,-105,-11,12,-999,9.2
2026-05-28 14:32:26.014,2026-05-28 14:38:34.104,22.6633287,114.5200370,200.0,9.9,0.11,229.1,41.6,16.1,2033.8,2889.41,10.0,2.0,2.5,NR5G-SA,n79,-105,-105,-11,12,-999,5.4
2026-05-28 14:32:26.215,2026-05-28 14:38:34.304,22.6633138,114.5200188,200.0,9.9,0.04,229.1,41.6,16.1,2031.8,2891.91,10.0,2.0,2.5,NR5G-SA,n79,-106,-106,-11,12,-999,5.8
2026-05-28 14:32:26.415,2026-05-28 14:38:34.304,22.6632990,114.5200005,200.0,10.0,-0.01,229.1,41.6,16.1,2029.7,2894.41,10.0,2.0,2.5,NR5G-SA,n79,-106,-106,-11,12,-999,8.5
2026-05-28 14:32:26.615,2026-05-28 14:38:34.504,22.6632841,114.5199821,200.0,10.0,-0.01,229.1,27.3,16.1,2027.7,2896.92,10.0,2.0,2.5,NR5G-SA,n79,-106,-106,-11,12,-999,10.1
2026-05-28 14:32:26.816,2026-05-28 14:38:34.904,22.6632841,114.5199821,200.0,10.0,-0.01,229.1,27.3,16.1,2027.7,2896.92,10.0,2.0,2.5,NR5G-SA,n79,-104,-104,-11,12,-999,9.8
2026-05-28 14:32:27.016,2026-05-28 14:38:35.104,22.6632692,114.5199637,200.0,10.0,-0.02,229.0,27.3,16.3,2025.6,2899.44,10.0,2.0,2.5,NR5G-SA,n79,-104,-104,-11,12,-999,5.2
2026-05-28 14:32:27.217,2026-05-28 14:38:35.304,22.6632543,114.5199456,200.0,10.0,-0.01,228.9,27.3,16.3,2023.6,2901.93,10.0,2.0,2.5,NR5G-SA,n79,-104,-104,-11,12,-999,5.9
2026-05-28 14:32:27.417,2026-05-28 14:38:35.304,22.6632392,114.5199274,200.0,10.0,-0.01,228.8,27.3,16.3,2021.6,2904.44,10.0,2.0,2.5,NR5G-SA,n79,-111,-111,-11,15,-999,8.2
2026-05-28 14:32:27.617,2026-05-28 14:38:35.504,22.6632242,114.5199093,200.0,10.0,0.05,228.6,35.2,16.3,2019.5,2906.94,10.0,2.0,2.5,NR5G-SA,n79,-111,-111,-11,15,-999,10.5
2026-05-28 14:32:27.818,2026-05-28 14:38:35.904,22.6632242,114.5199093,200.0,10.0,0.05,228.6,35.2,16.3,2019.5,2906.94,10.0,2.0,2.5,NR5G-SA,n79,-111,-111,-11,15,-999,7.2
2026-05-28 14:32:28.018,2026-05-28 14:38:36.104,22.6632091,114.5198911,200.0,10.0,-0.01,228.6,35.2,15.6,2017.5,2909.46,10.0,2.0,2.5,NR5G-SA,n79,-100,-100,-10,19,-999,5.9
2026-05-28 14:32:28.219,2026-05-28 14:38:36.304,22.6631943,114.5198730,200.0,10.0,-0.05,228.5,35.2,15.6,2015.5,2911.94,10.0,2.0,2.5,NR5G-SA,n79,-100,-100,-10,19,-999,5.1
2026-05-28 14:32:28.419,2026-05-28 14:38:36.504,22.6631794,114.5198549,200.0,10.0,-0.02,228.6,35.2,15.6,2013.5,2914.43,10.0,2.0,2.5,NR5G-SA,n79,-100,-100,-10,19,-999,5.2
2026-05-28 14:32:28.619,2026-05-28 14:38:36.504,22.6631644,114.5198367,200.0,10.0,-0.02,228.6,32.8,15.6,2011.4,2916.94,10.0,2.0,2.5,NR5G-SA,n79,-105,-105,-11,18,-999,10.2
2026-05-28 14:32:28.820,2026-05-28 14:38:36.904,22.6631644,114.5198367,200.0,10.0,-0.02,228.6,32.8,15.6,2011.4,2916.94,10.0,2.0,2.5,NR5G-SA,n79,-105,-105,-11,18,-999,11.5
2026-05-28 14:32:29.020,2026-05-28 14:38:37.104,22.6631496,114.5198185,200.0,10.0,-0.01,228.6,32.8,16.1,2009.4,2919.43,10.0,2.0,2.5,NR5G-SA,n79,-103,-103,-10,17,-999,5.8
2026-05-28 14:32:29.221,2026-05-28 14:38:37.304,22.6631346,114.5198004,200.0,10.0,0.02,228.6,32.8,16.1,2007.4,2921.93,10.0,2.0,2.5,NR5G-SA,n79,-103,-103,-10,17,-999,5.7
2026-05-28 14:32:29.421,2026-05-28 14:38:37.504,22.6631196,114.5197822,200.0,10.0,-0.01,228.7,29.7,16.1,2005.4,2924.44,10.0,2.0,2.5,NR5G-SA,n79,-103,-103,-10,17,-999,6.9
2026-05-28 14:32:29.621,2026-05-28 14:38:37.504,22.6631047,114.5197641,200.0,10.0,0.02,228.6,29.7,16.1,2003.4,2926.93,10.0,2.0,2.5,NR5G-SA,n79,-100,-100,-11,17,-999,10.8
2026-05-28 14:32:29.822,2026-05-28 14:38:37.904,22.6631047,114.5197641,200.0,10.0,0.02,228.6,29.7,16.1,2003.4,2926.93,10.0,2.0,2.5,NR5G-SA,n79,-100,-100,-11,17,-999,10.4
2026-05-28 14:32:30.022,2026-05-28 14:38:38.104,22.6630898,114.5197460,200.0,10.0,-0.04,228.6,29.7,15.6,2001.4,2929.42,10.0,2.0,2.5,NR5G-SA,n79,-100,-100,-11,17,-999,5.8
2026-05-28 14:32:30.223,2026-05-28 14:38:38.304,22.6630748,114.5197278,200.0,10.0,-0.05,228.6,29.7,15.6,1999.3,2931.93,10.0,2.0,2.5,NR5G-SA,n79,-107,-107,-11,17,-999,5.8
2026-05-28 14:32:30.423,2026-05-28 14:38:38.504,22.6630599,114.5197095,200.0,10.0,-0.01,228.6,39.6,15.6,1997.3,2934.43,10.0,2.0,2.5,NR5G-SA,n79,-107,-107,-11,17,-999,5.4
2026-05-28 14:32:30.623,2026-05-28 14:38:38.504,22.6630450,114.5196913,200.0,10.0,0.06,228.6,39.6,15.6,1995.3,2936.93,10.0,2.0,2.5,NR5G-SA,n79,-107,-107,-11,17,-999,11.3
2026-05-28 14:32:30.824,2026-05-28 14:38:38.904,22.6630450,114.5196913,200.0,10.0,0.06,228.6,39.6,15.6,1995.3,2936.93,10.0,2.0,2.5,NR5G-SA,n79,-110,-110,-11,16,-999,7.5
2026-05-28 14:32:31.024,2026-05-28 14:38:39.104,22.6630300,114.5196731,200.0,9.9,0.05,228.5,39.6,15.6,1993.3,2939.44,10.0,2.0,2.5,NR5G-SA,n79,-110,-110,-11,16,-999,5.5
2026-05-28 14:32:31.225,2026-05-28 14:38:39.304,22.6630150,114.5196549,200.0,9.9,0.02,228.4,39.6,16.0,1991.2,2941.95,10.0,2.0,2.5,NR5G-SA,n79,-101,-101,-11,16,-999,5.7
2026-05-28 14:32:31.425,2026-05-28 14:38:39.504,22.6630001,114.5196367,200.0,10.0,-0.01,228.3,39.6,16.0,1989.2,2944.44,10.0,2.0,2.5,NR5G-SA,n79,-101,-101,-11,16,-999,4.4
2026-05-28 14:32:31.626,2026-05-28 14:38:39.504,22.6629851,114.5196186,200.0,10.0,-0.03,228.4,21.5,16.0,1987.2,2946.94,10.0,2.0,2.5,NR5G-SA,n79,-101,-101,-11,16,-999,8.9
2026-05-28 14:32:31.826,2026-05-28 14:38:39.904,22.6629851,114.5196186,200.0,10.0,-0.03,228.4,21.5,16.0,1987.2,2946.94,10.0,2.0,2.5,NR5G-SA,n79,-107,-107,-11,17,-999,8.5
2026-05-28 14:32:32.027,2026-05-28 14:38:40.104,22.6629702,114.5196004,200.0,10.0,0.02,228.4,21.5,16.0,1985.2,2949.44,10.0,2.0,2.5,NR5G-SA,n79,-107,-107,-11,17,-999,5.0
2026-05-28 14:32:32.227,2026-05-28 14:38:40.304,22.6629554,114.5195822,200.0,10.0,-0.01,228.3,21.5,16.4,1983.2,2951.93,10.0,2.0,2.5,NR5G-SA,n79,-107,-107,-11,17,-999,5.2
2026-05-28 14:32:32.427,2026-05-28 14:38:40.504,22.6629405,114.5195640,200.0,10.0,0.02,228.2,0.0,16.4,1981.2,2954.43,10.0,2.0,2.5,NR5G-SA,n79,-105,-105,-11,17,-999,7.8
2026-05-28 14:32:32.628,2026-05-28 14:38:40.504,22.6629257,114.5195458,200.0,10.0,0.02,228.2,0.0,16.4,1979.2,2956.93,10.0,2.0,2.5,NR5G-SA,n79,-105,-105,-11,17,-999,8.0
2026-05-28 14:32:32.828,2026-05-28 14:38:40.904,22.6629257,114.5195458,200.0,10.0,0.02,228.2,0.0,16.4,1979.2,2956.93,10.0,2.0,2.5,NR5G-SA,n79,-105,-105,-11,17,-999,10.4
2026-05-28 14:32:33.029,2026-05-28 14:38:41.104,22.6629109,114.5195276,200.0,10.0,0.02,228.3,0.0,16.4,1977.2,2959.42,10.0,2.0,2.5,NR5G-SA,n79,-105,-105,-11,21,-999,4.8
2026-05-28 14:32:33.229,2026-05-28 14:38:41.304,22.6628962,114.5195094,200.0,10.0,0.02,228.3,0.0,16.7,1975.2,2961.90,10.0,2.0,2.5,NR5G-SA,n79,-105,-105,-11,21,-999,6.8
2026-05-28 14:32:33.429,2026-05-28 14:38:41.504,22.6628813,114.5194913,200.0,10.0,-0.05,228.3,10.7,16.7,1973.2,2964.39,10.0,2.0,2.5,NR5G-SA,n79,-103,-103,-10,20,-999,5.7
2026-05-28 14:32:33.630,2026-05-28 14:38:41.504,22.6628665,114.5194731,200.0,9.9,-0.02,228.2,10.7,16.7,1971.2,2966.89,10.0,2.0,2.5,NR5G-SA,n79,-103,-103,-10,20,-999,10.2
2026-05-28 14:32:33.830,2026-05-28 14:38:41.904,22.6628665,114.5194731,200.0,9.9,-0.02,228.2,10.7,16.7,1971.2,2966.89,10.0,2.0,2.5,NR5G-SA,n79,-103,-103,-10,20,-999,11.0
2026-05-28 14:32:34.031,2026-05-28 14:38:42.104,22.6628516,114.5194550,200.0,10.0,-0.01,228.2,10.7,16.7,1969.2,2969.38,10.0,2.0,2.5,NR5G-SA,n79,-103,-103,-10,20,-999,6.7
2026-05-28 14:32:34.231,2026-05-28 14:38:42.304,22.6628366,114.5194369,200.0,10.0,-0.07,228.2,10.7,18.4,1967.2,2971.88,10.0,2.0,2.5,NR5G-SA,n79,-103,-103,-10,20,-999,6.1
2026-05-28 14:32:34.432,2026-05-28 14:38:42.504,22.6628217,114.5194188,200.0,10.0,-0.06,228.2,0.0,18.4,1965.2,2974.37,10.0,2.0,2.5,NR5G-SA,n79,-101,-101,-11,19,-999,5.5
2026-05-28 14:32:34.632,2026-05-28 14:38:42.504,22.6628068,114.5194006,200.0,10.0,-0.03,228.2,0.0,18.4,1963.2,2976.87,10.0,2.0,2.5,NR5G-SA,n79,-110,-110,-11,18,-999,10.1
2026-05-28 14:32:34.833,2026-05-28 14:38:42.904,22.6628068,114.5194006,200.0,10.0,-0.03,228.2,0.0,18.4,1963.2,2976.87,10.0,2.0,2.5,NR5G-SA,n79,-110,-110,-11,18,-999,13.7
2026-05-28 14:32:35.033,2026-05-28 14:38:43.104,22.6627918,114.5193824,200.0,10.0,0.04,228.2,0.0,18.4,1961.2,2979.37,10.0,2.0,2.5,NR5G-SA,n79,-110,-110,-11,18,-999,7.1
2026-05-28 14:32:35.233,2026-05-28 14:38:43.304,22.6627768,114.5193642,200.0,10.0,0.06,228.2,0.0,19.4,1959.2,2981.88,10.0,2.0,2.5,NR5G-SA,n79,-102,-102,-11,18,-999,6.4
2026-05-28 14:32:35.434,2026-05-28 14:38:43.504,22.6627618,114.5193459,200.0,10.0,0.04,228.2,0.0,19.4,1957.2,2984.40,10.0,2.0,2.5,NR5G-SA,n79,-102,-102,-11,18,-999,4.9
2026-05-28 14:32:35.634,2026-05-28 14:38:43.504,22.6627470,114.5193276,200.0,10.0,0.04,228.2,0.0,19.4,1955.2,2986.89,10.0,2.0,2.5,NR5G-SA,n79,-101,-101,-10,17,-999,13.1
2026-05-28 14:32:35.835,2026-05-28 14:38:43.904,22.6627470,114.5193276,200.0,10.0,0.04,228.2,0.0,19.4,1955.2,2986.89,10.0,2.0,2.5,NR5G-SA,n79,-101,-101,-10,17,-999,11.2
2026-05-28 14:32:36.035,2026-05-28 14:38:44.104,22.6627320,114.5193092,200.0,10.0,-0.06,228.2,0.0,19.4,1953.2,2989.42,10.0,2.0,2.5,NR5G-SA,n79,-101,-101,-10,17,-999,5.6
2026-05-28 14:32:36.235,2026-05-28 14:38:44.304,22.6627172,114.5192911,200.0,10.0,0.03,228.3,0.0,19.0,1951.2,2991.90,10.0,2.0,2.5,NR5G-SA,n79,-105,-105,-11,17,-999,5.6
2026-05-28 14:32:36.436,2026-05-28 14:38:44.504,22.6627024,114.5192727,200.0,10.0,-0.00,228.3,0.0,19.0,1949.2,2994.41,10.0,2.0,2.5,NR5G-SA,n79,-105,-105,-11,17,-999,7.5
2026-05-28 14:32:36.636,2026-05-28 14:38:44.504,22.6626875,114.5192545,200.0,10.0,0.01,228.4,0.0,19.0,1947.2,2996.91,10.0,2.0,2.5,NR5G-SA,n79,-105,-105,-11,17,-999,8.0
2026-05-28 14:32:36.837,2026-05-28 14:38:44.904,22.6626875,114.5192545,200.0,10.0,0.01,228.4,0.0,19.0,1947.2,2996.91,10.0,2.0,2.5,NR5G-SA,n79,-105,-105,-11,23,-999,11.4
2026-05-28 14:32:37.037,2026-05-28 14:38:45.104,22.6626726,114.5192362,200.0,10.0,-0.01,228.3,0.0,19.0,1945.2,2999.41,10.0,2.0,2.5,NR5G-SA,n79,-105,-105,-11,23,-999,5.9
2026-05-28 14:32:37.237,2026-05-28 14:38:45.304,22.6626578,114.5192180,200.0,10.0,-0.02,228.5,0.0,20.4,1943.2,3001.91,10.0,2.0,2.5,NR5G-SA,n79,-105,-105,-11,23,-999,5.4
2026-05-28 14:32:37.438,2026-05-28 14:38:45.504,22.6626429,114.5191997,200.0,10.0,-0.01,228.5,0.0,20.4,1941.2,3004.41,10.0,2.0,2.5,NR5G-SA,n79,-106,-106,-11,21,-999,4.4
2026-05-28 14:32:37.638,2026-05-28 14:38:45.504,22.6626280,114.5191815,200.0,10.0,-0.03,228.5,100.0,20.4,1939.2,3006.91,10.0,2.0,2.5,NR5G-SA,n79,-106,-106,-11,21,-999,10.7
2026-05-28 14:32:37.839,2026-05-28 14:38:45.904,22.6626280,114.5191815,200.0,10.0,-0.03,228.5,100.0,20.4,1939.2,3006.91,10.0,2.0,2.5,NR5G-SA,n79,-105,-105,-11,19,-999,8.1
2026-05-28 14:32:38.039,2026-05-28 14:38:46.104,22.6626132,114.5191634,200.0,10.0,-0.03,228.5,100.0,20.4,1937.3,3009.40,10.0,2.0,2.5,NR5G-SA,n79,-105,-105,-11,19,-999,5.8
2026-05-28 14:32:38.240,2026-05-28 14:38:46.304,22.6625983,114.5191452,200.0,10.0,-0.01,228.5,100.0,21.5,1935.3,3011.90,10.0,2.0,2.5,NR5G-SA,n79,-105,-105,-11,19,-999,5.3
2026-05-28 14:32:38.440,2026-05-28 14:38:46.504,22.6625835,114.5191272,200.0,9.9,0.02,228.5,100.0,21.5,1933.3,3014.37,10.0,2.0,2.5,NR5G-SA,n79,-106,-106,-11,19,-999,5.7
2026-05-28 14:32:38.640,2026-05-28 14:38:46.504,22.6625686,114.5191091,200.0,10.0,-0.07,228.4,23.0,21.5,1931.3,3016.86,10.0,2.0,2.5,NR5G-SA,n79,-106,-106,-11,19,-999,9.0
2026-05-28 14:32:38.841,2026-05-28 14:38:46.904,22.6625686,114.5191091,200.0,10.0,-0.07,228.4,23.0,21.5,1931.3,3016.86,10.0,2.0,2.5,NR5G-SA,n79,-106,-106,-11,19,-999,9.9
2026-05-28 14:32:39.041,2026-05-28 14:38:47.104,22.6625536,114.5190909,200.0,10.0,-0.06,228.3,23.0,21.5,1929.4,3019.37,10.0,2.0,2.5,NR5G-SA,n79,-107,-107,-11,18,-999,6.8
2026-05-28 14:32:39.241,2026-05-28 14:38:47.304,22.6625386,114.5190726,200.0,10.0,-0.05,228.4,23.0,19.9,1927.4,3021.89,10.0,2.0,2.5,NR5G-SA,n79,-107,-107,-11,18,-999,5.3
2026-05-28 14:32:39.442,2026-05-28 14:38:47.504,22.6625237,114.5190544,200.0,10.0,-0.01,228.4,23.0,19.9,1925.4,3024.39,10.0,2.0,2.5,NR5G-SA,n79,-107,-107,-11,18,-999,4.9
2026-05-28 14:32:39.642,2026-05-28 14:38:47.504,22.6625087,114.5190362,200.0,10.0,0.07,228.5,38.5,19.9,1923.4,3026.89,10.0,2.0,2.5,NR5G-SA,n79,-106,-106,-11,11,-999,10.2
2026-05-28 14:32:39.843,2026-05-28 14:38:47.904,22.6625087,114.5190362,200.0,10.0,0.07,228.5,38.5,19.9,1923.4,3026.89,10.0,2.0,2.5,NR5G-SA,n79,-106,-106,-11,11,-999,12.4
2026-05-28 14:32:40.043,2026-05-28 14:38:48.104,22.6624938,114.5190180,200.0,10.0,0.10,228.5,38.5,19.9,1921.4,3029.39,10.0,2.0,2.5,NR5G-SA,n79,-102,-102,-11,16,-999,6.2
2026-05-28 14:32:40.243,2026-05-28 14:38:48.304,22.6624790,114.5189998,200.0,10.0,0.03,228.4,38.5,19.4,1919.5,3031.88,10.0,2.0,2.5,NR5G-SA,n79,-102,-102,-11,16,-999,7.5
2026-05-28 14:32:40.444,2026-05-28 14:38:48.504,22.6624641,114.5189816,200.0,10.0,0.04,228.4,38.5,19.4,1917.5,3034.38,10.0,2.0,2.5,NR5G-SA,n79,-102,-102,-11,16,-999,6.7
2026-05-28 14:32:40.644,2026-05-28 14:38:48.504,22.6624491,114.5189634,200.0,10.0,0.01,228.4,30.2,19.4,1915.5,3036.89,10.0,2.0,2.5,NR5G-SA,n79,-105,-105,-11,17,-999,11.0
2026-05-28 14:32:40.845,2026-05-28 14:38:48.904,22.6624491,114.5189634,200.0,10.0,0.01,228.4,30.2,19.4,1915.5,3036.89,10.0,2.0,2.5,NR5G-SA,n79,-105,-105,-11,17,-999,7.3
2026-05-28 14:32:41.045,2026-05-28 14:38:49.104,22.6624342,114.5189452,200.0,10.0,0.06,228.3,30.2,19.4,1913.6,3039.39,10.0,2.0,2.5,NR5G-SA,n79,-105,-105,-11,17,-999,6.7
2026-05-28 14:32:41.246,2026-05-28 14:38:49.304,22.6624193,114.5189271,200.0,10.0,0.03,228.1,30.2,19.4,1911.6,3041.88,10.0,2.0,2.5,NR5G-SA,n79,-103,-103,-11,19,-999,8.0
2026-05-28 14:32:41.446,2026-05-28 14:38:49.504,22.6624042,114.5189089,200.0,10.0,-0.01,228.1,30.2,20.4,1909.6,3044.39,10.0,2.0,2.5,NR5G-SA,n79,-103,-103,-11,19,-999,6.7
2026-05-28 14:32:41.646,2026-05-28 14:38:49.504,22.6623892,114.5188908,200.0,10.0,-0.05,228.1,32.6,20.4,1907.7,3046.89,10.0,2.0,2.5,NR5G-SA,n79,-103,-103,-11,19,-999,10.5
2026-05-28 14:32:41.847,2026-05-28 14:38:49.904,22.6623892,114.5188908,200.0,10.0,-0.05,228.1,32.6,20.4,1907.7,3046.89,10.0,2.0,2.5,NR5G-SA,n79,-106,-106,-11,21,-999,12.4
2026-05-28 14:32:42.047,2026-05-28 14:38:50.104,22.6623742,114.5188725,200.0,10.0,-0.03,228.1,32.6,20.4,1905.7,3049.41,10.0,2.0,2.5,NR5G-SA,n79,-106,-106,-11,21,-999,6.2
2026-05-28 14:32:42.247,2026-05-28 14:38:50.304,22.6623593,114.5188543,200.0,10.0,-0.00,228.1,32.6,20.4,1903.7,3051.91,10.0,2.0,2.5,NR5G-SA,n79,-103,-103,-11,21,-999,4.9
2026-05-28 14:32:42.448,2026-05-28 14:38:50.504,22.6623443,114.5188360,200.0,10.0,0.05,228.1,32.6,18.0,1901.8,3054.42,10.0,2.0,2.5,NR5G-SA,n79,-103,-103,-11,21,-999,5.6
2026-05-28 14:32:42.648,2026-05-28 14:38:50.504,22.6623294,114.5188178,200.0,10.0,0.03,228.1,36.3,18.0,1899.8,3056.92,10.0,2.0,2.5,NR5G-SA,n79,-103,-103,-11,21,-999,9.0
2026-05-28 14:32:42.848,2026-05-28 14:38:50.904,22.6623294,114.5188178,200.0,10.0,0.03,228.1,36.3,18.0,1899.8,3056.92,10.0,2.0,2.5,NR5G-SA,n79,-104,-104,-11,22,-999,10.1
2026-05-28 14:32:43.049,2026-05-28 14:38:51.104,22.6623145,114.5187996,200.0,10.0,0.00,228.1,36.3,18.0,1897.8,3059.42,10.0,2.0,2.5,NR5G-SA,n79,-104,-104,-11,22,-999,5.2
2026-05-28 14:32:43.249,2026-05-28 14:38:51.304,22.6622997,114.5187814,200.0,10.0,-0.07,228.2,36.3,18.0,1895.9,3061.91,10.0,2.0,2.5,NR5G-SA,n79,-104,-104,-11,22,-999,5.6
2026-05-28 14:32:43.450,2026-05-28 14:38:51.504,22.6622847,114.5187632,200.0,10.0,-0.05,228.1,36.3,17.2,1893.9,3064.42,10.0,2.0,2.5,NR5G-SA,n79,-104,-104,-11,21,-999,6.0
2026-05-28 14:32:43.650,2026-05-28 14:38:51.504,22.6622698,114.5187450,200.0,9.9,0.06,228.0,26.0,17.2,1892.0,3066.92,10.0,2.0,2.5,NR5G-SA,n79,-104,-104,-11,21,-999,9.2
2026-05-28 14:32:43.850,2026-05-28 14:38:51.904,22.6622698,114.5187450,200.0,9.9,0.06,228.0,26.0,17.2,1892.0,3066.92,10.0,2.0,2.5,NR5G-SA,n79,-104,-104,-11,21,-999,9.1
2026-05-28 14:32:44.051,2026-05-28 14:38:52.104,22.6622549,114.5187267,200.0,10.0,0.08,228.2,26.0,17.2,1890.0,3069.42,10.0,2.0,2.5,NR5G-SA,n79,-103,-103,-11,19,-999,5.6
2026-05-28 14:32:44.251,2026-05-28 14:38:52.304,22.6622400,114.5187085,200.0,10.0,0.05,228.3,26.0,17.2,1888.0,3071.92,10.0,2.0,2.5,NR5G-SA,n79,-103,-103,-11,19,-999,5.0
2026-05-28 14:32:44.452,2026-05-28 14:38:52.504,22.6622251,114.5186902,200.0,10.0,-0.12,228.1,26.0,17.3,1886.1,3074.43,10.0,2.0,2.5,NR5G-SA,n79,-101,-101,-11,18,-999,5.0
2026-05-28 14:32:44.652,2026-05-28 14:38:52.904,22.6622102,114.5186719,200.0,10.0,0.01,228.1,41.2,17.3,1884.1,3076.94,10.0,2.0,2.5,NR5G-SA,n79,-101,-101,-11,18,-999,8.3
2026-05-28 14:32:44.852,2026-05-28 14:38:52.904,22.6621952,114.5186536,200.0,10.0,0.01,228.1,41.2,17.3,1882.2,3079.45,10.0,2.0,2.5,NR5G-SA,n79,-101,-101,-11,18,-999,10.4
2026-05-28 14:32:45.053,2026-05-28 14:38:53.104,22.6621952,114.5186536,200.0,10.0,-0.01,228.1,41.2,17.3,1882.2,3079.45,10.0,2.0,2.5,NR5G-SA,n79,-103,-103,-11,18,-999,6.0
2026-05-28 14:32:45.253,2026-05-28 14:38:53.304,22.6621803,114.5186354,200.0,10.0,0.03,228.0,41.2,17.3,1880.2,3081.95,10.0,2.0,2.5,NR5G-SA,n79,-103,-103,-11,18,-999,5.9
2026-05-28 14:32:45.454,2026-05-28 14:38:53.504,22.6621655,114.5186173,200.0,10.0,0.07,228.0,41.2,17.3,1878.3,3084.44,10.0,2.0,2.5,NR5G-SA,n79,-103,-103,-11,18,-999,5.0
2026-05-28 14:32:45.654,2026-05-28 14:38:53.504,22.6621507,114.5185991,200.0,10.0,-0.06,228.1,18.5,17.3,1876.3,3086.93,10.0,2.0,2.5,NR5G-SA,n79,-103,-103,-11,18,-999,9.4
2026-05-28 14:32:45.854,2026-05-28 14:38:53.904,22.6621507,114.5185991,200.0,10.0,-0.06,228.1,18.5,17.3,1876.3,3086.93,10.0,2.0,2.5,NR5G-SA,n79,-103,-103,-11,18,-999,8.0
2026-05-28 14:32:46.055,2026-05-28 14:38:54.104,22.6621359,114.5185810,200.0,9.9,0.01,228.3,18.5,17.3,1874.4,3089.41,10.0,2.0,2.5,NR5G-SA,n79,-103,-103,-11,18,-999,6.3
2026-05-28 14:32:46.255,2026-05-28 14:38:54.304,22.6621211,114.5185628,200.0,10.0,0.01,228.5,18.5,17.3,1872.5,3091.90,10.0,2.0,2.5,NR5G-SA,n79,-103,-103,-11,18,-999,4.6
2026-05-28 14:32:46.456,2026-05-28 14:38:54.504,22.6621062,114.5185445,200.0,10.0,0.06,228.5,18.5,16.9,1870.5,3094.41,10.0,2.0,2.5,NR5G-SA,n79,-103,-103,-11,18,-999,5.9
2026-05-28 14:32:46.656,2026-05-28 14:38:54.504,22.6620914,114.5185263,200.0,9.9,0.02,228.3,0.0,16.9,1868.6,3096.90,10.0,2.0,2.5,NR5G-SA,n79,-103,-103,-11,18,-999,8.5
2026-05-28 14:32:46.857,2026-05-28 14:38:54.904,22.6620764,114.5185082,200.1,9.9,0.03,228.2,0.0,16.9,1866.6,3099.40,10.0,2.0,2.5,NR5G-SA,n79,-103,-103,-11,19,-999,10.1
2026-05-28 14:32:47.057,2026-05-28 14:38:55.104,22.6620764,114.5185082,200.1,9.9,0.03,228.2,0.0,16.9,1866.6,3099.40,10.0,2.0,2.5,NR5G-SA,n79,-103,-103,-11,19,-999,5.7
2026-05-28 14:32:47.258,2026-05-28 14:38:55.304,22.6620615,114.5184901,200.1,9.9,-0.05,228.0,0.0,16.9,1864.7,3101.89,10.0,2.0,2.5,NR5G-SA,n79,-100,-100,-11,19,-999,8.8
2026-05-28 14:32:47.458,2026-05-28 14:38:55.504,22.6620466,114.5184721,200.1,10.0,-0.05,228.0,0.0,17.6,1862.8,3104.38,10.0,2.0,2.5,NR5G-SA,n79,-100,-100,-11,19,-999,6.8
2026-05-28 14:32:47.658,2026-05-28 14:38:55.504,22.6620317,114.5184538,200.0,10.0,-0.04,228.0,7.4,17.6,1860.8,3106.88,10.0,2.0,2.5,NR5G-SA,n79,-100,-100,-11,19,-999,10.0
2026-05-28 14:32:47.859,2026-05-28 14:38:55.904,22.6620167,114.5184356,200.0,10.0,-0.02,228.0,7.4,17.6,1858.9,3109.39,10.0,2.0,2.5,NR5G-SA,n79,-101,-101,-11,17,-999,8.7
2026-05-28 14:32:48.059,2026-05-28 14:38:56.104,22.6620167,114.5184356,200.0,10.0,-0.02,228.0,7.4,17.6,1858.9,3109.39,10.0,2.0,2.5,NR5G-SA,n79,-101,-101,-11,17,-999,9.6
2026-05-28 14:32:48.260,2026-05-28 14:38:56.304,22.6620018,114.5184173,200.0,10.0,-0.02,228.1,7.4,17.6,1857.0,3111.90,10.0,2.0,2.5,NR5G-SA,n79,-101,-101,-11,17,-999,5.9
2026-05-28 14:32:48.460,2026-05-28 14:38:56.504,22.6619869,114.5183990,200.0,10.0,-0.04,228.2,7.4,17.8,1855.0,3114.41,10.0,2.0,2.5,NR5G-SA,n79,-101,-101,-11,19,-999,5.6
2026-05-28 14:32:48.661,2026-05-28 14:38:56.504,22.6619719,114.5183807,200.0,10.0,0.02,228.4,0.0,17.8,1853.1,3116.92,10.0,2.0,2.5,NR5G-SA,n79,-101,-101,-11,19,-999,9.7
2026-05-28 14:32:48.861,2026-05-28 14:38:56.904,22.6619571,114.5183625,200.1,10.0,0.02,228.6,0.0,17.8,1851.2,3119.41,10.0,2.0,2.5,NR5G-SA,n79,-101,-101,-11,19,-999,8.9
2026-05-28 14:32:49.061,2026-05-28 14:38:57.104,22.6619571,114.5183625,200.1,10.0,-0.02,228.6,0.0,17.8,1851.2,3119.41,10.0,2.0,2.5,NR5G-SA,n79,-101,-101,-11,21,-999,10.1
2026-05-28 14:32:49.262,2026-05-28 14:38:57.304,22.6619423,114.5183443,200.1,10.0,-0.08,228.6,0.0,17.8,1849.2,3121.90,10.0,2.0,2.5,NR5G-SA,n79,-101,-101,-11,21,-999,10.0
2026-05-28 14:32:49.462,2026-05-28 14:38:57.504,22.6619276,114.5183262,200.0,10.0,-0.07,228.6,0.0,17.3,1847.3,3124.38,10.0,2.0,2.5,NR5G-SA,n79,-101,-101,-11,18,-999,5.8
2026-05-28 14:32:49.662,2026-05-28 14:38:57.904,22.6619127,114.5183079,200.0,10.0,-0.06,228.6,4.4,17.3,1845.4,3126.89,10.0,2.0,2.5,NR5G-SA,n79,-101,-101,-11,18,-999,6.0
2026-05-28 14:32:49.863,2026-05-28 14:38:57.904,22.6618978,114.5182895,200.0,10.0,-0.05,228.6,4.4,17.3,1843.4,3129.40,10.0,2.0,2.5,NR5G-SA,n79,-101,-101,-11,18,-999,9.6
2026-05-28 14:32:50.063,2026-05-28 14:38:58.104,22.6618978,114.5182895,200.0,10.0,-0.05,228.6,4.4,17.3,1843.4,3129.40,10.0,2.0,2.5,NR5G-SA,n79,-99,-99,-10,19,-999,10.5
2026-05-28 14:32:50.263,2026-05-28 14:38:58.304,22.6618830,114.5182712,200.0,10.0,0.03,228.6,4.4,17.3,1841.5,3131.90,10.0,2.0,2.5,NR5G-SA,n79,-99,-99,-10,19,-999,7.9
2026-05-28 14:32:50.464,2026-05-28 14:38:58.504,22.6618682,114.5182529,200.1,9.9,-0.02,228.5,4.4,16.8,1839.6,3134.40,10.0,2.0,2.5,NR5G-SA,n79,-99,-99,-10,19,-999,6.1
2026-05-28 14:32:50.664,2026-05-28 14:38:58.904,22.6618535,114.5182348,200.1,9.9,-0.01,228.4,0.0,16.8,1837.7,3136.88,10.0,2.0,2.5,NR5G-SA,n79,-101,-101,-11,19,-999,8.9
2026-05-28 14:32:50.864,2026-05-28 14:38:58.904,22.6618386,114.5182166,200.1,10.0,-0.03,228.3,0.0,16.8,1835.8,3139.38,10.0,2.0,2.5,NR5G-SA,n79,-101,-101,-11,19,-999,9.2
2026-05-28 14:32:51.065,2026-05-28 14:38:59.104,22.6618386,114.5182166,200.1,10.0,-0.03,228.3,0.0,16.8,1835.8,3139.38,10.0,2.0,2.5,NR5G-SA,n79,-101,-101,-11,19,-999,10.0
2026-05-28 14:32:51.265,2026-05-28 14:38:59.304,22.6618236,114.5181984,200.0,10.0,-0.17,228.2,0.0,16.8,1833.8,3141.88,10.0,2.0,2.5,NR5G-SA,n79,-99,-99,-11,19,-999,8.3
2026-05-28 14:32:51.466,2026-05-28 14:38:59.504,22.6618084,114.5181802,200.0,10.0,-0.09,228.3,0.0,16.8,1831.9,3144.41,10.0,2.0,2.5,NR5G-SA,n79,-99,-99,-11,19,-999,6.4
2026-05-28 14:32:51.666,2026-05-28 14:38:59.904,22.6617932,114.5181620,200.0,10.0,-0.03,228.4,15.3,16.7,1830.0,3146.93,10.0,2.0,2.5,NR5G-SA,n79,-99,-99,-11,19,-999,4.9
2026-05-28 14:32:51.866,2026-05-28 14:38:59.904,22.6617780,114.5181438,200.0,10.0,-0.10,228.6,15.3,16.7,1828.1,3149.45,10.0,2.0,2.5,NR5G-SA,n79,-99,-99,-11,19,-999,7.2
2026-05-28 14:32:52.067,2026-05-28 14:39:00.104,22.6617780,114.5181438,200.0,10.0,-0.10,228.6,15.3,16.7,1828.1,3149.45,10.0,2.0,2.5,NR5G-SA,n79,-99,-99,-11,19,-999,9.8
2026-05-28 14:32:52.267,2026-05-28 14:39:00.304,22.6617629,114.5181257,200.0,10.0,-0.05,228.8,15.3,16.7,1826.2,3151.96,10.0,2.0,2.5,NR5G-SA,n79,-99,-99,-10,20,-999,7.1
2026-05-28 14:32:52.468,2026-05-28 14:39:00.504,22.6617480,114.5181075,200.0,9.9,-0.03,228.9,15.3,16.7,1824.3,3154.46,10.0,2.0,2.5,NR5G-SA,n79,-99,-99,-10,20,-999,6.2
2026-05-28 14:32:52.668,2026-05-28 14:39:00.904,22.6617332,114.5180894,200.0,10.0,-0.09,229.0,42.0,16.8,1822.4,3156.94,10.0,2.0,2.5,NR5G-SA,n79,-99,-99,-10,20,-999,5.7
2026-05-28 14:32:52.869,2026-05-28 14:39:00.904,22.6617185,114.5180713,200.0,9.9,-0.03,229.2,42.0,16.8,1820.5,3159.42,10.0,2.0,2.5,NR5G-SA,n79,-99,-99,-10,21,-999,9.4
2026-05-28 14:32:53.069,2026-05-28 14:39:01.104,22.6617185,114.5180713,200.0,9.9,-0.03,229.2,42.0,16.8,1820.5,3159.42,10.0,2.0,2.5,NR5G-SA,n79,-99,-99,-10,21,-999,11.4
2026-05-28 14:32:53.269,2026-05-28 14:39:01.304,22.6617038,114.5180533,200.0,9.9,-0.07,229.4,42.0,16.8,1818.6,3161.89,10.0,2.0,2.5,NR5G-SA,n79,-99,-99,-10,21,-999,7.9
2026-05-28 14:32:53.470,2026-05-28 14:39:01.504,22.6616890,114.5180351,200.0,9.9,-0.03,229.4,42.0,16.8,1816.7,3164.38,10.0,2.0,2.5,NR5G-SA,n79,-98,-98,-10,22,-999,5.2
2026-05-28 14:32:53.670,2026-05-28 14:39:01.904,22.6616742,114.5180171,200.0,10.0,-0.04,229.4,25.0,16.5,1814.8,3166.85,10.0,2.0,2.5,NR5G-SA,n79,-98,-98,-10,22,-999,7.8
2026-05-28 14:32:53.870,2026-05-28 14:39:01.904,22.6616593,114.5179990,200.0,10.0,0.02,229.4,25.0,16.5,1812.9,3169.35,10.0,2.0,2.5,NR5G-SA,n79,-99,-99,-11,19,-999,7.4
2026-05-28 14:32:54.071,2026-05-28 14:39:02.104,22.6616593,114.5179990,200.0,10.0,0.02,229.4,25.0,16.5,1812.9,3169.35,10.0,2.0,2.5,NR5G-SA,n79,-99,-99,-11,19,-999,9.9
2026-05-28 14:32:54.271,2026-05-28 14:39:02.304,22.6616444,114.5179809,200.0,10.0,-0.01,229.4,25.0,16.5,1811.0,3171.84,10.0,2.0,2.5,NR5G-SA,n79,-99,-99,-11,19,-999,8.1
2026-05-28 14:32:54.472,2026-05-28 14:39:02.504,22.6616294,114.5179626,200.0,10.1,0.02,229.2,25.0,16.5,1809.1,3174.35,10.0,2.0,2.5,NR5G-SA,n79,-99,-99,-10,18,-999,5.5
2026-05-28 14:32:54.672,2026-05-28 14:39:02.904,22.6616143,114.5179443,200.0,10.1,0.00,229.0,36.0,17.0,1807.2,3176.87,10.0,2.0,2.5,NR5G-SA,n79,-99,-99,-10,18,-999,4.9
2026-05-28 14:32:54.872,2026-05-28 14:39:02.904,22.6615992,114.5179261,200.0,10.0,0.01,228.6,36.0,17.0,1805.3,3179.39,10.0,2.0,2.5,NR5G-SA,n79,-99,-99,-10,18,-999,7.2
2026-05-28 14:32:55.073,2026-05-28 14:39:03.104,22.6615992,114.5179261,200.0,10.0,0.01,228.6,36.0,17.0,1805.3,3179.39,10.0,2.0,2.5,NR5G-SA,n79,-98,-98,-10,19,-999,10.4
2026-05-28 14:32:55.273,2026-05-28 14:39:03.304,22.6615841,114.5179079,200.0,10.0,0.02,228.5,36.0,17.0,1803.4,3181.90,10.0,2.0,2.5,NR5G-SA,n79,-98,-98,-10,19,-999,8.6
2026-05-28 14:32:55.474,2026-05-28 14:39:03.504,22.6615690,114.5178897,200.0,10.0,-0.04,228.2,36.0,17.0,1801.6,3184.42,10.0,2.0,2.5,NR5G-SA,n79,-98,-98,-10,19,-999,5.6
2026-05-28 14:32:55.674,2026-05-28 14:39:03.904,22.6615540,114.5178714,200.0,10.0,-0.00,228.3,33.1,18.5,1799.6,3186.93,10.0,2.0,2.5,NR5G-SA,n79,-98,-98,-10,18,-999,5.6
2026-05-28 14:32:55.874,2026-05-28 14:39:03.904,22.6615390,114.5178532,200.0,10.0,-0.01,228.3,33.1,18.5,1797.8,3189.44,10.0,2.0,2.5,NR5G-SA,n79,-98,-98,-10,18,-999,6.8
2026-05-28 14:32:56.075,2026-05-28 14:39:04.104,22.6615390,114.5178532,200.0,10.0,-0.01,228.3,33.1,18.5,1797.8,3189.44,10.0,2.0,2.5,NR5G-SA,n79,-99,-99,-10,18,-999,9.6
2026-05-28 14:32:56.275,2026-05-28 14:39:04.304,22.6615240,114.5178350,200.0,10.0,-0.01,228.3,33.1,18.5,1795.9,3191.94,10.0,2.0,2.5,NR5G-SA,n79,-99,-99,-10,18,-999,5.9
2026-05-28 14:32:56.476,2026-05-28 14:39:04.504,22.6615090,114.5178167,200.0,10.0,-0.06,228.2,33.1,18.5,1794.0,3194.46,10.0,2.0,2.5,NR5G-SA,n79,-99,-99,-10,18,-999,4.9
2026-05-28 14:32:56.676,2026-05-28 14:39:04.904,22.6614942,114.5177986,200.0,10.0,-0.03,228.0,31.2,19.9,1792.1,3196.94,10.0,2.0,2.5,NR5G-SA,n79,-100,-100,-11,17,-999,6.5
2026-05-28 14:32:56.877,2026-05-28 14:39:04.904,22.6614792,114.5177805,200.0,10.0,-0.02,227.8,31.2,19.9,1790.2,3199.44,10.0,2.0,2.5,NR5G-SA,n79,-100,-100,-11,17,-999,7.8
2026-05-28 14:32:57.077,2026-05-28 14:39:05.104,22.6614792,114.5177805,200.0,10.0,-0.02,227.8,31.2,19.9,1790.2,3199.44,10.0,2.0,2.5,NR5G-SA,n79,-100,-100,-11,17,-999,9.9
2026-05-28 14:32:57.278,2026-05-28 14:39:05.304,22.6614643,114.5177624,200.0,10.0,-0.07,227.8,31.2,19.9,1788.4,3201.93,10.0,2.0,2.5,NR5G-SA,n79,-100,-100,-11,13,-999,7.9
2026-05-28 14:32:57.478,2026-05-28 14:39:05.504,22.6614495,114.5177442,200.0,9.9,-0.01,227.8,31.2,19.9,1786.5,3204.42,10.0,2.0,2.5,NR5G-SA,n79,-100,-100,-11,13,-999,4.7
2026-05-28 14:32:57.678,2026-05-28 14:39:05.504,22.6614348,114.5177260,200.0,9.9,0.02,227.9,37.7,21.5,1784.6,3206.91,10.0,2.0,2.5,NR5G-SA,n79,-100,-100,-11,13,-999,8.1
2026-05-28 14:32:57.879,2026-05-28 14:39:05.904,22.6614200,114.5177077,200.0,10.0,-0.01,228.0,37.7,21.5,1782.7,3209.41,10.0,2.0,2.5,NR5G-SA,n79,-99,-99,-10,14,-999,7.3
2026-05-28 14:32:58.079,2026-05-28 14:39:06.104,22.6614200,114.5177077,200.0,10.0,-0.01,228.0,37.7,21.5,1782.7,3209.41,10.0,2.0,2.5,NR5G-SA,n79,-99,-99,-10,14,-999,8.9
2026-05-28 14:32:58.280,2026-05-28 14:39:06.304,22.6614052,114.5176895,200.0,10.0,-0.00,227.9,37.7,21.5,1780.8,3211.90,10.0,2.0,2.5,NR5G-SA,n79,-100,-100,-11,15,-999,8.4
2026-05-28 14:32:58.480,2026-05-28 14:39:06.504,22.6613903,114.5176713,200.0,10.0,-0.01,228.0,37.7,21.5,1779.0,3214.40,10.0,2.0,2.5,NR5G-SA,n79,-100,-100,-11,15,-999,4.6
2026-05-28 14:32:58.681,2026-05-28 14:39:06.904,22.6613753,114.5176532,200.0,10.0,-0.03,228.0,23.4,23.1,1777.1,3216.90,10.0,2.0,2.5,NR5G-SA,n79,-100,-100,-11,15,-999,6.8
2026-05-28 14:32:58.881,2026-05-28 14:39:06.904,22.6613605,114.5176351,200.0,10.0,-0.07,228.1,23.4,23.1,1775.2,3219.38,10.0,2.0,2.5,NR5G-SA,n79,-100,-100,-10,15,-999,7.8
2026-05-28 14:32:59.081,2026-05-28 14:39:07.104,22.6613605,114.5176351,200.0,10.0,-0.07,228.1,23.4,23.1,1775.2,3219.38,10.0,2.0,2.5,NR5G-SA,n79,-100,-100,-10,15,-999,10.1
2026-05-28 14:32:59.282,2026-05-28 14:39:07.304,22.6613456,114.5176169,200.0,10.0,-0.02,228.2,23.4,23.1,1773.4,3221.88,10.0,2.0,2.5,NR5G-SA,n79,-100,-100,-10,15,-999,7.8
2026-05-28 14:32:59.482,2026-05-28 14:39:07.504,22.6613308,114.5175986,200.0,10.0,0.02,228.4,23.4,23.1,1771.5,3224.38,10.0,2.0,2.5,NR5G-SA,n79,-99,-99,-10,17,-999,5.9
2026-05-28 14:32:59.683,2026-05-28 14:39:07.904,22.6613159,114.5175804,200.0,10.0,0.04,228.3,23.4,25.2,1769.6,3226.88,10.0,2.0,2.5,NR5G-SA,n79,-99,-99,-10,17,-999,6.0
2026-05-28 14:32:59.883,2026-05-28 14:39:07.904,22.6613010,114.5175622,200.0,10.0,-0.02,228.2,41.3,25.2,1767.8,3229.38,10.0,2.0,2.5,NR5G-SA,n79,-99,-99,-10,17,-999,9.1
2026-05-28 14:33:00.083,2026-05-28 14:39:08.104,22.6613010,114.5175622,200.0,10.0,-0.02,228.2,41.3,25.2,1767.8,3229.38,10.0,2.0,2.5,NR5G-SA,n79,-98,-98,-10,16,-999,9.4
2026-05-28 14:33:00.284,2026-05-28 14:39:08.304,22.6612860,114.5175439,200.0,10.0,-0.01,228.3,41.3,25.2,1765.9,3231.90,10.0,2.0,2.5,NR5G-SA,n79,-98,-98,-10,16,-999,8.4
2026-05-28 14:33:00.484,2026-05-28 14:39:08.504,22.6612708,114.5175256,200.0,10.0,0.02,228.3,41.3,25.2,1764.0,3234.42,10.0,2.0,2.5,NR5G-SA,n79,-101,-101,-11,14,-999,5.1
2026-05-28 14:33:00.685,2026-05-28 14:39:08.904,22.6612558,114.5175074,200.0,10.0,0.03,228.5,41.3,25.2,1762.2,3236.93,10.0,2.0,2.5,NR5G-SA,n79,-101,-101,-11,14,-999,6.4
2026-05-28 14:33:00.885,2026-05-28 14:39:08.904,22.6612408,114.5174890,200.0,10.0,0.04,228.5,15.3,25.8,1760.3,3239.45,10.0,2.0,2.5,NR5G-SA,n79,-101,-101,-11,14,-999,9.1
2026-05-28 14:33:01.085,2026-05-28 14:39:09.104,22.6612408,114.5174890,200.0,10.0,0.04,228.5,15.3,25.8,1760.3,3239.45,10.0,2.0,2.5,NR5G-SA,n79,-98,-98,-10,16,-999,6.9
2026-05-28 14:33:01.286,2026-05-28 14:39:09.304,22.6612259,114.5174708,200.0,10.0,0.03,228.5,15.3,25.8,1758.4,3241.95,10.0,2.0,2.5,NR5G-SA,n79,-98,-98,-10,16,-999,4.1
2026-05-28 14:33:01.486,2026-05-28 14:39:09.504,22.6612110,114.5174527,200.0,10.0,0.01,228.4,15.3,25.8,1756.6,3244.44,10.0,2.0,2.5,NR5G-SA,n79,-98,-98,-10,16,-999,5.1
2026-05-28 14:33:01.687,2026-05-28 14:39:09.504,22.6611962,114.5174344,200.0,10.0,-0.01,228.3,15.3,25.8,1754.7,3246.94,10.0,2.0,2.5,NR5G-SA,n79,-102,-102,-11,17,-999,6.4
2026-05-28 14:33:01.887,2026-05-28 14:39:09.904,22.6611814,114.5174163,200.0,10.0,-0.06,228.5,0.0,24.9,1752.9,3249.43,10.0,2.0,2.5,NR5G-SA,n79,-102,-102,-11,17,-999,4.9
2026-05-28 14:33:02.087,2026-05-28 14:39:10.104,22.6611814,114.5174163,200.0,10.0,-0.06,228.5,0.0,24.9,1752.9,3249.43,10.0,2.0,2.5,NR5G-SA,n79,-102,-102,-11,17,-999,13.9
2026-05-28 14:33:02.288,2026-05-28 14:39:10.304,22.6611665,114.5173980,200.0,10.0,-0.10,228.7,0.0,24.9,1751.0,3251.94,10.0,2.0,2.5,NR5G-SA,n79,-99,-99,-10,16,-999,7.9
2026-05-28 14:33:02.488,2026-05-28 14:39:10.504,22.6611517,114.5173799,200.0,10.0,-0.09,228.9,0.0,24.9,1749.2,3254.42,10.0,2.0,2.5,NR5G-SA,n79,-99,-99,-10,16,-999,5.0
2026-05-28 14:33:02.689,2026-05-28 14:39:10.904,22.6611369,114.5173617,200.0,9.9,0.05,228.9,0.0,24.9,1747.3,3256.91,10.0,2.0,2.5,NR5G-SA,n79,-99,-99,-10,16,-999,5.2
2026-05-28 14:33:02.889,2026-05-28 14:39:10.904,22.6611220,114.5173435,200.0,9.9,0.04,228.9,3.8,25.2,1745.5,3259.41,10.0,2.0,2.5,NR5G-SA,n79,-98,-98,-10,16,-999,9.2
2026-05-28 14:33:03.089,2026-05-28 14:39:11.104,22.6611220,114.5173435,200.0,9.9,0.04,228.9,3.8,25.2,1745.5,3259.41,10.0,2.0,2.5,NR5G-SA,n79,-98,-98,-10,16,-999,15.3
2026-05-28 14:33:03.290,2026-05-28 14:39:11.304,22.6611073,114.5173255,200.0,9.9,0.00,228.9,3.8,25.2,1743.7,3261.88,10.0,2.0,2.5,NR5G-SA,n79,-101,-101,-11,17,-999,9.6
2026-05-28 14:33:03.490,2026-05-28 14:39:11.504,22.6610925,114.5173074,200.0,10.0,0.03,228.9,3.8,25.2,1741.8,3264.36,10.0,2.0,2.5,NR5G-SA,n79,-101,-101,-11,17,-999,5.5
2026-05-28 14:33:03.691,2026-05-28 14:39:11.904,22.6610776,114.5172891,200.0,10.0,0.03,229.1,3.8,25.2,1740.0,3266.87,10.0,2.0,2.5,NR5G-SA,n79,-101,-101,-11,17,-999,7.1
2026-05-28 14:33:03.891,2026-05-28 14:39:11.904,22.6610627,114.5172709,200.0,9.9,0.04,229.1,0.0,23.7,1738.2,3269.37,10.0,2.0,2.5,NR5G-SA,n79,-99,-99,-11,14,-999,11.9
2026-05-28 14:33:04.092,2026-05-28 14:39:12.104,22.6610627,114.5172709,200.0,9.9,0.04,229.1,0.0,23.7,1738.2,3269.37,10.0,2.0,2.5,NR5G-SA,n79,-99,-99,-11,14,-999,8.8
2026-05-28 14:33:04.292,2026-05-28 14:39:12.304,22.6610478,114.5172528,200.0,10.0,-0.01,229.1,0.0,23.7,1736.3,3271.86,10.0,2.0,2.5,NR5G-SA,n79,-99,-99,-11,14,-999,6.1
2026-05-28 14:33:04.493,2026-05-28 14:39:12.504,22.6610329,114.5172347,200.0,10.0,-0.01,229.1,0.0,23.7,1734.5,3274.35,10.0,2.0,2.5,NR5G-SA,n79,-103,-103,-11,14,-999,4.7
2026-05-28 14:33:04.693,2026-05-28 14:39:12.904,22.6610179,114.5172165,200.0,10.0,0.01,229.0,0.0,23.7,1732.7,3276.86,10.0,2.0,2.5,NR5G-SA,n79,-103,-103,-11,14,-999,5.5
2026-05-28 14:33:04.893,2026-05-28 14:39:13.104,22.6610030,114.5171983,200.0,10.0,0.07,228.9,8.0,21.6,1730.8,3279.36,10.0,2.0,2.5,NR5G-SA,n79,-103,-103,-11,14,-999,6.8
2026-05-28 14:33:05.094,2026-05-28 14:39:13.104,22.6610030,114.5171983,200.0,10.0,0.07,228.9,8.0,21.6,1730.8,3279.36,10.0,2.0,2.5,NR5G-SA,n79,-101,-101,-11,14,-999,14.9
2026-05-28 14:33:05.294,2026-05-28 14:39:13.304,22.6609879,114.5171801,200.0,10.0,0.04,228.7,8.0,21.6,1729.0,3281.87,10.0,2.0,2.5,NR5G-SA,n79,-101,-101,-11,14,-999,8.6
2026-05-28 14:33:05.495,2026-05-28 14:39:13.504,22.6609729,114.5171619,200.0,10.1,0.02,228.5,8.0,21.6,1727.2,3284.38,10.0,2.0,2.5,NR5G-SA,n79,-101,-101,-11,14,-999,4.9
2026-05-28 14:33:05.695,2026-05-28 14:39:13.904,22.6609579,114.5171437,200.0,10.0,-0.02,228.2,8.0,21.6,1725.4,3286.89,10.0,2.0,2.5,NR5G-SA,n79,-101,-101,-11,14,-999,5.6
2026-05-28 14:33:05.896,2026-05-28 14:39:13.904,22.6609429,114.5171255,200.0,10.0,-0.01,228.1,0.0,19.3,1723.5,3289.39,10.0,2.0,2.5,NR5G-SA,n79,-101,-101,-11,14,-999,8.1
2026-05-28 14:33:06.096,2026-05-28 14:39:14.104,22.6609429,114.5171255,200.0,10.0,-0.01,228.1,0.0,19.3,1723.5,3289.39,10.0,2.0,2.5,NR5G-SA,n79,-102,-102,-11,15,-999,13.6
2026-05-28 14:33:06.297,2026-05-28 14:39:14.304,22.6609278,114.5171073,200.0,10.0,-0.02,228.1,0.0,19.3,1721.7,3291.91,10.0,2.0,2.5,NR5G-SA,n79,-102,-102,-11,15,-999,8.8
2026-05-28 14:33:06.497,2026-05-28 14:39:14.504,22.6609130,114.5170892,200.0,10.0,-0.05,228.1,0.0,19.3,1719.9,3294.39,10.0,2.0,2.5,NR5G-SA,n79,-102,-102,-11,15,-999,4.7
2026-05-28 14:33:06.698,2026-05-28 14:39:14.904,22.6608980,114.5170709,200.0,10.0,-0.04,228.1,0.0,19.3,1718.1,3296.91,10.0,2.0,2.5,NR5G-SA,n79,-102,-102,-11,15,-999,5.9
2026-05-28 14:33:06.898,2026-05-28 14:39:14.904,22.6608831,114.5170526,200.0,10.0,0.02,228.1,18.6,18.8,1716.2,3299.41,10.0,2.0,2.5,NR5G-SA,n79,-102,-102,-11,15,-999,7.1
2026-05-28 14:33:07.099,2026-05-28 14:39:15.104,22.6608831,114.5170526,200.0,10.0,0.02,228.1,18.6,18.8,1716.2,3299.41,10.0,2.0,2.5,NR5G-SA,n79,-102,-102,-11,15,-999,13.3
2026-05-28 14:33:07.299,2026-05-28 14:39:15.304,22.6608681,114.5170345,200.0,10.0,-0.00,228.1,18.6,18.8,1714.4,3301.91,10.0,2.0,2.5,NR5G-SA,n79,-98,-98,-11,13,-999,8.0
2026-05-28 14:33:07.499,2026-05-28 14:39:15.504,22.6608533,114.5170164,200.0,10.0,-0.00,228.2,18.6,18.8,1712.6,3304.40,10.0,2.0,2.5,NR5G-SA,n79,-98,-98,-11,13,-999,5.7
2026-05-28 14:33:07.700,2026-05-28 14:39:15.904,22.6608384,114.5169981,200.0,10.0,0.02,228.3,18.6,18.8,1710.8,3306.90,10.0,2.0,2.5,NR5G-SA,n79,-99,-99,-10,16,-999,6.5
2026-05-28 14:33:07.900,2026-05-28 14:39:15.904,22.6608236,114.5169798,200.0,10.0,-0.02,228.5,41.1,17.0,1709.0,3309.40,10.0,2.0,2.5,NR5G-SA,n79,-99,-99,-10,16,-999,7.3
2026-05-28 14:33:08.101,2026-05-28 14:39:16.104,22.6608236,114.5169798,200.0,10.0,-0.02,228.5,41.1,17.0,1709.0,3309.40,10.0,2.0,2.5,NR5G-SA,n79,-99,-99,-10,16,-999,13.4
2026-05-28 14:33:08.301,2026-05-28 14:39:16.304,22.6608087,114.5169615,200.0,10.0,-0.05,228.5,41.1,17.0,1707.2,3311.91,10.0,2.0,2.5,NR5G-SA,n79,-107,-107,-11,15,-999,9.9
2026-05-28 14:33:08.502,2026-05-28 14:39:16.504,22.6607938,114.5169433,200.0,10.0,0.01,228.5,41.1,17.0,1705.4,3314.41,10.0,2.0,2.5,NR5G-SA,n79,-107,-107,-11,15,-999,6.1
2026-05-28 14:33:08.702,2026-05-28 14:39:16.904,22.6607789,114.5169251,200.0,10.0,-0.08,228.4,41.1,17.0,1703.6,3316.91,10.0,2.0,2.5,NR5G-SA,n79,-107,-107,-11,15,-999,6.7
2026-05-28 14:33:08.902,2026-05-28 14:39:16.904,22.6607640,114.5169069,200.0,10.0,-0.03,228.3,27.2,17.9,1701.7,3319.41,10.0,2.0,2.5,NR5G-SA,n79,-103,-103,-11,17,-999,7.3
2026-05-28 14:33:09.103,2026-05-28 14:39:17.104,22.6607491,114.5168886,200.0,10.0,-0.03,228.4,27.2,17.9,1699.9,3321.92,10.0,2.0,2.5,NR5G-SA,n79,-103,-103,-11,17,-999,13.4
2026-05-28 14:33:09.303,2026-05-28 14:39:17.304,22.6607491,114.5168886,200.0,10.0,-0.04,228.4,27.2,17.9,1699.9,3321.92,10.0,2.0,2.5,NR5G-SA,n79,-103,-103,-11,17,-999,6.6
2026-05-28 14:33:09.503,2026-05-28 14:39:17.504,22.6607342,114.5168703,200.0,10.0,0.02,228.4,27.2,17.9,1698.1,3324.42,10.0,2.0,2.5,NR5G-SA,n79,-96,-96,-10,16,-999,8.0
2026-05-28 14:33:09.704,2026-05-28 14:39:17.904,22.6607192,114.5168520,200.0,10.0,-0.05,228.4,27.2,17.9,1696.3,3326.94,10.0,2.0,2.5,NR5G-SA,n79,-96,-96,-10,16,-999,5.9
2026-05-28 14:33:09.904,2026-05-28 14:39:18.104,22.6607043,114.5168337,200.0,10.0,0.01,228.3,35.5,17.9,1694.5,3329.44,10.0,2.0,2.5,NR5G-SA,n79,-102,-102,-11,16,-999,5.7
2026-05-28 14:33:10.104,2026-05-28 14:39:18.104,22.6606894,114.5168156,200.0,9.9,-0.01,228.3,35.5,18.3,1692.7,3331.94,10.0,2.0,2.5,NR5G-SA,n79,-102,-102,-11,16,-999,12.0
2026-05-28 14:33:10.305,2026-05-28 14:39:18.304,22.6606894,114.5168156,200.0,9.9,-0.01,228.3,35.5,18.3,1692.7,3331.94,10.0,2.0,2.5,NR5G-SA,n79,-102,-102,-11,16,-999,8.8
2026-05-28 14:33:10.505,2026-05-28 14:39:18.504,22.6606745,114.5167975,200.0,9.9,-0.03,228.4,35.5,18.3,1690.9,3334.43,10.0,2.0,2.5,NR5G-SA,n79,-44,-44,-11,12,-999,4.7
2026-05-28 14:33:10.706,2026-05-28 14:39:18.904,22.6606596,114.5167794,200.0,10.0,-0.04,228.3,35.5,18.3,1689.2,3336.92,10.0,2.0,2.5,NR5G-SA,n79,-44,-44,-11,12,-999,5.3
2026-05-28 14:33:10.906,2026-05-28 14:39:19.104,22.6606448,114.5167612,200.0,9.9,0.04,228.3,33.5,18.3,1687.4,3339.41,10.0,2.0,2.5,NR5G-SA,n79,-44,-44,-11,12,-999,5.9
2026-05-28 14:33:11.107,2026-05-28 14:39:19.104,22.6606299,114.5167431,200.0,9.9,0.04,228.3,33.5,19.6,1685.6,3341.90,10.0,2.0,2.5,NR5G-SA,n79,-103,-103,-11,16,-999,12.6
2026-05-28 14:33:11.307,2026-05-28 14:39:19.304,22.6606299,114.5167431,200.0,9.9,0.04,228.3,33.5,19.6,1685.6,3341.90,10.0,2.0,2.5,NR5G-SA,n79,-103,-103,-11,16,-999,8.8
2026-05-28 14:33:11.507,2026-05-28 14:39:19.504,22.6606149,114.5167249,200.0,9.9,0.05,228.4,33.5,19.6,1683.8,3344.41,10.0,2.0,2.5,NR5G-SA,n79,-103,-103,-11,16,-999,4.9
2026-05-28 14:33:11.708,2026-05-28 14:39:19.904,22.6606001,114.5167068,200.0,10.0,0.07,228.5,33.5,19.6,1682.0,3346.89,10.0,2.0,2.5,NR5G-SA,n79,-103,-103,-11,14,-999,8.2
2026-05-28 14:33:11.908,2026-05-28 14:39:20.104,22.6605853,114.5166886,200.0,9.9,0.01,228.5,29.6,19.6,1680.2,3349.39,10.0,2.0,2.5,NR5G-SA,n79,-103,-103,-11,14,-999,4.9
2026-05-28 14:33:12.109,2026-05-28 14:39:20.104,22.6605704,114.5166704,200.0,9.9,0.02,228.5,29.6,19.4,1678.5,3351.89,10.0,2.0,2.5,NR5G-SA,n79,-101,-101,-11,14,-999,10.4
2026-05-28 14:33:12.309,2026-05-28 14:39:20.304,22.6605704,114.5166704,200.0,9.9,0.02,228.5,29.6,19.4,1678.5,3351.89,10.0,2.0,2.5,NR5G-SA,n79,-101,-101,-11,14,-999,10.5
2026-05-28 14:33:12.509,2026-05-28 14:39:20.504,22.6605556,114.5166523,200.0,10.0,-0.01,228.4,29.6,19.4,1676.7,3354.37,10.0,2.0,2.5,NR5G-SA,n79,-101,-101,-11,14,-999,5.3
2026-05-28 14:33:12.710,2026-05-28 14:39:20.904,22.6605407,114.5166342,200.0,10.0,0.02,228.4,29.6,19.4,1674.9,3356.86,10.0,2.0,2.5,NR5G-SA,n79,-101,-101,-11,13,-999,6.3
2026-05-28 14:33:12.910,2026-05-28 14:39:20.904,22.6605258,114.5166160,200.1,10.0,0.04,228.2,39.4,19.4,1673.2,3359.36,10.0,2.0,2.5,NR5G-SA,n79,-101,-101,-11,13,-999,8.5
2026-05-28 14:33:13.111,2026-05-28 14:39:21.104,22.6605108,114.5165979,200.0,10.0,-0.10,228.2,39.4,19.8,1671.4,3361.86,10.0,2.0,2.5,NR5G-SA,n79,-101,-101,-11,13,-999,8.6
2026-05-28 14:33:13.311,2026-05-28 14:39:21.304,22.6605108,114.5165979,200.0,10.0,-0.10,228.2,39.4,19.8,1671.4,3361.86,10.0,2.0,2.5,NR5G-SA,n79,-102,-102,-11,12,-999,8.6
2026-05-28 14:33:13.511,2026-05-28 14:39:21.504,22.6604958,114.5165800,200.0,10.0,-0.19,227.8,39.4,19.8,1669.7,3364.34,10.0,2.0,2.5,NR5G-SA,n79,-102,-102,-11,12,-999,5.5
2026-05-28 14:33:13.712,2026-05-28 14:39:21.904,22.6604806,114.5165619,200.0,10.0,-0.13,227.6,39.4,19.8,1667.9,3366.86,10.0,2.0,2.5,NR5G-SA,n79,-102,-102,-11,12,-999,6.3
2026-05-28 14:33:13.912,2026-05-28 14:39:22.104,22.6604656,114.5165438,199.9,10.0,-0.00,227.5,21.5,19.8,1666.1,3369.36,10.0,2.0,2.5,NR5G-SA,n79,-102,-102,-11,12,-999,4.9
2026-05-28 14:33:14.112,2026-05-28 14:39:22.104,22.6604506,114.5165257,200.0,10.0,0.10,227.9,21.5,19.2,1664.4,3371.86,10.0,2.0,2.5,NR5G-SA,n79,-102,-102,-11,12,-999,10.6
2026-05-28 14:33:14.313,2026-05-28 14:39:22.304,22.6604506,114.5165257,200.0,10.0,0.10,227.9,21.5,19.2,1664.4,3371.86,10.0,2.0,2.5,NR5G-SA,n79,-100,-100,-11,14,-999,9.1
2026-05-28 14:33:14.513,2026-05-28 14:39:22.504,22.6604357,114.5165074,200.0,10.0,0.04,228.2,21.5,19.2,1662.6,3374.36,10.0,2.0,2.5,NR5G-SA,n79,-100,-100,-11,14,-999,5.2
2026-05-28 14:33:14.713,2026-05-28 14:39:22.904,22.6604208,114.5164891,200.0,10.0,0.04,228.5,21.5,19.2,1660.8,3376.87,10.0,2.0,2.5,NR5G-SA,n79,-100,-100,-11,14,-999,5.2
2026-05-28 14:33:14.914,2026-05-28 14:39:22.904,22.6604060,114.5164708,200.0,10.1,-0.03,228.7,43.8,19.2,1659.1,3379.37,10.0,2.0,2.5,NR5G-SA,n79,-102,-102,-11,14,-999,6.0
2026-05-28 14:33:15.114,2026-05-28 14:39:23.104,22.6603912,114.5164524,200.0,10.0,-0.00,228.8,43.8,19.6,1657.3,3381.88,10.0,2.0,2.5,NR5G-SA,n79,-102,-102,-11,14,-999,10.0
2026-05-28 14:33:15.315,2026-05-28 14:39:23.304,22.6603912,114.5164524,200.0,10.0,-0.00,228.8,43.8,19.6,1657.3,3381.88,10.0,2.0,2.5,NR5G-SA,n79,-102,-102,-11,14,-999,7.4
2026-05-28 14:33:15.515,2026-05-28 14:39:23.504,22.6603763,114.5164341,200.0,10.0,-0.02,228.8,43.8,19.6,1655.5,3384.38,10.0,2.0,2.5,NR5G-SA,n79,-101,-101,-11,14,-999,5.1
2026-05-28 14:33:15.715,2026-05-28 14:39:23.904,22.6603615,114.5164157,200.0,10.0,-0.02,228.7,43.8,19.6,1653.7,3386.89,10.0,2.0,2.5,NR5G-SA,n79,-101,-101,-11,14,-999,5.4
2026-05-28 14:33:15.916,2026-05-28 14:39:23.904,22.6603466,114.5163974,200.0,10.0,-0.03,228.7,13.1,19.6,1652.0,3389.40,10.0,2.0,2.5,NR5G-SA,n79,-101,-101,-11,14,-999,6.4
2026-05-28 14:33:16.116,2026-05-28 14:39:24.104,22.6603318,114.5163792,200.0,9.9,-0.04,228.8,13.1,18.6,1650.2,3391.89,10.0,2.0,2.5,NR5G-SA,n79,-102,-102,-11,14,-999,9.2
2026-05-28 14:33:16.317,2026-05-28 14:39:24.304,22.6603318,114.5163792,200.0,9.9,-0.04,228.8,13.1,18.6,1650.2,3391.89,10.0,2.0,2.5,NR5G-SA,n79,-102,-102,-11,14,-999,9.2
2026-05-28 14:33:16.517,2026-05-28 14:39:24.504,22.6603170,114.5163610,200.0,9.9,0.00,228.8,13.1,18.6,1648.5,3394.38,10.0,2.0,2.5,NR5G-SA,n79,-103,-103,-11,16,-999,4.4
2026-05-28 14:33:16.717,2026-05-28 14:39:24.904,22.6603021,114.5163427,200.0,9.9,-0.10,228.8,13.1,18.6,1646.7,3396.89,10.0,2.0,2.5,NR5G-SA,n79,-103,-103,-11,16,-999,5.9
2026-05-28 14:33:16.918,2026-05-28 14:39:24.904,22.6602873,114.5163244,200.0,10.0,0.01,229.3,0.0,18.6,1645.0,3399.39,10.0,2.0,2.5,NR5G-SA,n79,-103,-103,-11,16,-999,6.1
2026-05-28 14:33:17.118,2026-05-28 14:39:25.104,22.6602726,114.5163061,200.0,9.9,-0.04,229.3,0.0,19.3,1643.2,3401.88,10.0,2.0,2.5,NR5G-SA,n79,-102,-102,-11,14,-999,10.8
2026-05-28 14:33:17.319,2026-05-28 14:39:25.304,22.6602726,114.5163061,200.0,9.9,-0.04,229.3,0.0,19.3,1643.2,3401.88,10.0,2.0,2.5,NR5G-SA,n79,-102,-102,-11,14,-999,7.8
2026-05-28 14:33:17.519,2026-05-28 14:39:25.504,22.6602578,114.5162878,200.0,9.9,-0.01,229.3,0.0,19.3,1641.5,3404.38,10.0,2.0,2.5,NR5G-SA,n79,-102,-102,-11,14,-999,5.2
2026-05-28 14:33:17.719,2026-05-28 14:39:25.904,22.6602428,114.5162697,200.0,10.0,-0.04,229.1,0.0,19.3,1639.7,3406.88,10.0,2.0,2.5,NR5G-SA,n79,-101,-101,-11,16,-999,6.1
2026-05-28 14:33:17.920,2026-05-28 14:39:26.104,22.6602278,114.5162516,200.0,10.0,-0.01,228.9,0.8,19.3,1638.0,3409.38,10.0,2.0,2.5,NR5G-SA,n79,-101,-101,-11,16,-999,4.5
2026-05-28 14:33:18.120,2026-05-28 14:39:26.104,22.6602127,114.5162335,200.0,10.0,-0.01,228.8,0.8,19.8,1636.3,3411.89,10.0,2.0,2.5,NR5G-SA,n79,-101,-101,-11,16,-999,11.7
2026-05-28 14:33:18.321,2026-05-28 14:39:26.304,22.6602127,114.5162335,200.0,10.0,-0.01,228.8,0.8,19.8,1636.3,3411.89,10.0,2.0,2.5,NR5G-SA,n79,-102,-102,-11,17,-999,7.4
2026-05-28 14:33:18.521,2026-05-28 14:39:26.504,22.6601976,114.5162153,200.0,10.0,-0.05,228.8,0.8,19.8,1634.5,3414.40,10.0,2.0,2.5,NR5G-SA,n79,-102,-102,-11,17,-999,5.5
2026-05-28 14:33:18.721,2026-05-28 14:39:26.904,22.6601826,114.5161970,200.0,10.0,-0.04,228.9,0.8,19.8,1632.8,3416.91,10.0,2.0,2.5,NR5G-SA,n79,-99,-99,-11,16,-999,6.0
2026-05-28 14:33:18.922,2026-05-28 14:39:27.104,22.6601676,114.5161787,200.0,10.0,-0.08,228.9,0.0,19.8,1631.1,3419.43,10.0,2.0,2.5,NR5G-SA,n79,-99,-99,-11,16,-999,5.5
2026-05-28 14:33:19.122,2026-05-28 14:39:27.104,22.6601527,114.5161604,200.0,9.9,-0.14,228.9,0.0,19.8,1629.3,3421.94,10.0,2.0,2.5,NR5G-SA,n79,-99,-99,-11,16,-999,11.1
2026-05-28 14:33:19.323,2026-05-28 14:39:27.304,22.6601527,114.5161604,200.0,9.9,-0.14,228.9,0.0,21.4,1629.3,3421.94,10.0,2.0,2.5,NR5G-SA,n79,-101,-101,-11,16,-999,8.2
2026-05-28 14:33:19.523,2026-05-28 14:39:27.504,22.6601378,114.5161422,200.0,9.9,-0.08,228.8,0.0,21.4,1627.6,3424.43,10.0,2.0,2.5,NR5G-SA,n79,-101,-101,-11,16,-999,4.8
2026-05-28 14:33:19.723,2026-05-28 14:39:27.904,22.6601229,114.5161242,200.0,9.9,-0.05,228.7,0.0,21.4,1625.9,3426.92,10.0,2.0,2.5,NR5G-SA,n79,-101,-101,-11,16,-999,6.6
2026-05-28 14:33:19.924,2026-05-28 14:39:27.904,22.6601078,114.5161063,200.0,9.9,0.09,228.2,10.3,21.4,1624.2,3429.41,10.0,2.0,2.5,NR5G-SA,n79,-100,-100,-11,15,-999,6.1
2026-05-28 14:33:20.124,2026-05-28 14:39:28.104,22.6600927,114.5160886,200.0,10.0,0.02,227.4,10.3,21.4,1622.5,3431.89,10.0,2.0,2.5,NR5G-SA,n79,-100,-100,-11,15,-999,8.3
2026-05-28 14:33:20.325,2026-05-28 14:39:28.304,22.6600927,114.5160886,200.0,10.0,0.02,227.4,10.3,21.3,1622.5,3431.89,10.0,2.0,2.5,NR5G-SA,n79,-100,-100,-11,15,-999,6.5
2026-05-28 14:33:20.525,2026-05-28 14:39:28.504,22.6600774,114.5160707,200.0,10.0,-0.05,226.7,10.3,21.3,1620.9,3434.39,10.0,2.0,2.5,NR5G-SA,n79,-101,-101,-11,16,-999,4.8
2026-05-28 14:33:20.725,2026-05-28 14:39:28.904,22.6600622,114.5160528,200.0,10.0,0.04,226.4,10.3,21.3,1619.2,3436.89,10.0,2.0,2.5,NR5G-SA,n79,-101,-101,-11,16,-999,5.9
2026-05-28 14:33:20.926,2026-05-28 14:39:29.104,22.6600472,114.5160347,200.0,10.0,0.01,226.2,0.0,21.3,1617.5,3439.39,10.0,2.0,2.5,NR5G-SA,n79,-101,-101,-11,16,-999,4.2
2026-05-28 14:33:21.126,2026-05-28 14:39:29.104,22.6600323,114.5160165,200.0,10.0,0.07,226.0,0.0,21.3,1615.8,3441.89,10.0,2.0,2.5,NR5G-SA,n79,-100,-100,-11,20,-999,11.7
2026-05-28 14:33:21.326,2026-05-28 14:39:29.304,22.6600323,114.5160165,200.0,10.0,0.07,226.0,0.0,22.1,1615.8,3441.89,10.0,2.0,2.5,NR5G-SA,n79,-100,-100,-11,20,-999,8.6
2026-05-28 14:33:21.527,2026-05-28 14:39:29.504,22.6600176,114.5159983,200.0,10.0,-0.09,225.8,0.0,22.1,1614.1,3444.37,10.0,2.0,2.5,NR5G-SA,n79,-100,-100,-11,21,-999,6.9
2026-05-28 14:33:21.727,2026-05-28 14:39:29.904,22.6600027,114.5159800,200.0,10.0,-0.10,225.9,0.0,22.1,1612.3,3446.88,10.0,2.0,2.5,NR5G-SA,n79,-100,-100,-11,21,-999,5.4
2026-05-28 14:33:21.928,2026-05-28 14:39:29.904,22.6599879,114.5159617,200.0,10.0,-0.04,226.2,20.3,22.1,1610.6,3449.38,10.0,2.0,2.5,NR5G-SA,n79,-100,-100,-11,21,-999,7.4
2026-05-28 14:33:22.128,2026-05-28 14:39:30.104,22.6599731,114.5159434,200.0,10.0,0.02,226.4,20.3,22.1,1608.9,3451.88,10.0,2.0,2.5,NR5G-SA,n79,-101,-101,-11,20,-999,6.7
2026-05-28 14:33:22.328,2026-05-28 14:39:30.304,22.6599731,114.5159434,200.0,10.0,0.02,226.4,20.3,21.1,1608.9,3451.88,10.0,2.0,2.5,NR5G-SA,n79,-101,-101,-11,20,-999,7.8
2026-05-28 14:33:22.529,2026-05-28 14:39:30.504,22.6599582,114.5159251,200.0,9.9,-0.03,226.5,20.3,21.1,1607.2,3454.39,10.0,2.0,2.5,NR5G-SA,n79,-101,-101,-11,20,-999,5.3
2026-05-28 14:33:22.729,2026-05-28 14:39:30.904,22.6599434,114.5159070,200.0,10.0,0.02,226.6,20.3,21.1,1605.5,3456.87,10.0,2.0,2.5,NR5G-SA,n79,-100,-100,-11,19,-999,6.2
2026-05-28 14:33:22.930,2026-05-28 14:39:31.104,22.6599286,114.5158889,200.0,9.9,0.07,226.7,40.1,21.1,1603.8,3459.36,10.0,2.0,2.5,NR5G-SA,n79,-100,-100,-11,19,-999,5.9
2026-05-28 14:33:23.130,2026-05-28 14:39:31.104,22.6599138,114.5158707,200.0,10.0,-0.02,226.7,40.1,21.1,1602.1,3461.85,10.0,2.0,2.5,NR5G-SA,n79,-100,-100,-11,19,-999,11.5
2026-05-28 14:33:23.330,2026-05-28 14:39:31.304,22.6599138,114.5158707,200.0,10.0,-0.02,226.7,40.1,20.0,1602.1,3461.85,10.0,2.0,2.5,NR5G-SA,n79,-102,-102,-11,19,-999,8.5
2026-05-28 14:33:23.531,2026-05-28 14:39:31.504,22.6598990,114.5158524,199.9,10.0,0.04,227.0,40.1,20.0,1600.4,3464.35,10.0,2.0,2.5,NR5G-SA,n79,-102,-102,-11,19,-999,5.5
2026-05-28 14:33:23.731,2026-05-28 14:39:31.904,22.6598842,114.5158339,200.0,10.0,-0.01,227.6,40.1,20.0,1598.7,3466.86,10.0,2.0,2.5,NR5G-SA,n79,-102,-102,-11,18,-999,8.5
2026-05-28 14:33:23.932,2026-05-28 14:39:32.104,22.6598694,114.5158154,200.0,10.0,0.02,228.3,28.4,20.0,1597.0,3469.38,10.0,2.0,2.5,NR5G-SA,n79,-102,-102,-11,18,-999,4.8
2026-05-28 14:33:24.132,2026-05-28 14:39:32.104,22.6598546,114.5157970,200.0,10.0,0.14,228.9,28.4,20.0,1595.3,3471.89,10.0,2.0,2.5,NR5G-SA,n79,-102,-102,-11,18,-999,8.9
2026-05-28 14:33:24.332,2026-05-28 14:39:32.304,22.6598546,114.5157970,200.0,10.0,0.14,228.9,28.4,18.1,1595.3,3471.89,10.0,2.0,2.5,NR5G-SA,n79,-101,-101,-11,18,-999,9.2
2026-05-28 14:33:24.533,2026-05-28 14:39:32.504,22.6598398,114.5157786,200.0,10.0,0.06,229.0,28.4,18.1,1593.6,3474.39,10.0,2.0,2.5,NR5G-SA,n79,-101,-101,-11,18,-999,4.0
2026-05-28 14:33:24.733,2026-05-28 14:39:32.904,22.6598249,114.5157602,200.0,10.0,0.14,229.2,28.4,18.1,1591.9,3476.91,10.0,2.0,2.5,NR5G-SA,n79,-101,-101,-11,18,-999,6.4
2026-05-28 14:33:24.934,2026-05-28 14:39:33.104,22.6598099,114.5157419,200.1,10.0,0.02,229.2,35.1,18.1,1590.2,3479.42,10.0,2.0,2.5,NR5G-SA,n79,-101,-101,-11,18,-999,7.1
2026-05-28 14:33:25.134,2026-05-28 14:39:33.104,22.6597949,114.5157237,200.1,10.0,-0.01,229.2,35.1,18.1,1588.5,3481.93,10.0,2.0,2.5,NR5G-SA,n79,-101,-101,-11,18,-999,10.1
2026-05-28 14:33:25.335,2026-05-28 14:39:33.304,22.6597949,114.5157237,200.1,10.0,-0.01,229.2,35.1,16.7,1588.5,3481.93,10.0,2.0,2.5,NR5G-SA,n79,-101,-101,-11,18,-999,9.7
2026-05-28 14:33:25.535,2026-05-28 14:39:33.504,22.6597799,114.5157054,200.1,10.0,0.00,229.1,35.1,16.7,1586.8,3484.44,10.0,2.0,2.5,NR5G-SA,n79,-101,-101,-11,18,-999,6.3
2026-05-28 14:33:25.735,2026-05-28 14:39:33.904,22.6597650,114.5156869,200.1,10.0,-0.04,229.0,35.1,16.7,1585.1,3486.97,10.0,2.0,2.5,NR5G-SA,n79,-101,-101,-11,18,-999,5.9
2026-05-28 14:33:25.936,2026-05-28 14:39:34.104,22.6597502,114.5156686,200.1,10.0,-0.05,229.0,34.3,16.7,1583.4,3489.47,10.0,2.0,2.5,NR5G-SA,n79,-99,-99,-11,18,-999,4.4
2026-05-28 14:33:26.136,2026-05-28 14:39:34.104,22.6597353,114.5156503,200.0,9.9,-0.02,229.2,34.3,16.7,1581.8,3491.97,10.0,2.0,2.5,NR5G-SA,n79,-99,-99,-11,18,-999,9.0
2026-05-28 14:33:26.337,2026-05-28 14:39:34.304,22.6597353,114.5156503,200.0,9.9,-0.02,229.2,34.3,17.4,1581.8,3491.97,10.0,2.0,2.5,NR5G-SA,n79,-99,-99,-11,18,-999,9.5
2026-05-28 14:33:26.537,2026-05-28 14:39:34.504,22.6597204,114.5156321,200.0,9.9,-0.08,229.1,34.3,17.4,1580.1,3494.47,10.0,2.0,2.5,NR5G-SA,n79,-103,-103,-11,19,-999,4.6
2026-05-28 14:33:26.737,2026-05-28 14:39:34.904,22.6597055,114.5156139,200.0,9.9,-0.08,229.0,34.3,17.4,1578.4,3496.97,10.0,2.0,2.5,NR5G-SA,n79,-103,-103,-11,19,-999,5.0
2026-05-28 14:33:26.938,2026-05-28 14:39:35.104,22.6596906,114.5155959,200.0,9.9,0.02,229.1,27.7,17.4,1576.8,3499.46,10.0,2.0,2.5,NR5G-SA,n79,-103,-103,-11,19,-999,6.5
2026-05-28 14:33:27.138,2026-05-28 14:39:35.104,22.6596756,114.5155778,200.0,9.9,-0.00,229.1,27.7,17.4,1575.1,3501.95,10.0,2.0,2.5,NR5G-SA,n79,-103,-103,-11,18,-999,8.8
2026-05-28 14:33:27.339,2026-05-28 14:39:35.304,22.6596756,114.5155778,200.0,9.9,-0.00,229.1,27.7,17.4,1575.1,3501.95,10.0,2.0,2.5,NR5G-SA,n79,-103,-103,-11,18,-999,8.9
2026-05-28 14:33:27.539,2026-05-28 14:39:35.504,22.6596607,114.5155598,200.0,10.0,-0.02,229.2,27.7,17.4,1573.5,3504.44,10.0,2.0,2.5,NR5G-SA,n79,-103,-103,-11,18,-999,5.1
2026-05-28 14:33:27.740,2026-05-28 14:39:35.904,22.6596458,114.5155417,200.0,10.0,0.03,229.0,27.7,17.4,1571.9,3506.93,10.0,2.0,2.5,NR5G-SA,n79,-100,-100,-11,18,-999,7.4
2026-05-28 14:33:27.940,2026-05-28 14:39:36.104,22.6596308,114.5155236,200.0,10.0,0.06,229.1,40.4,17.4,1570.2,3509.43,10.0,2.0,2.5,NR5G-SA,n79,-100,-100,-11,18,-999,5.2
2026-05-28 14:33:28.140,2026-05-28 14:39:36.104,22.6596158,114.5155054,200.0,10.0,0.06,229.0,40.4,17.4,1568.6,3511.94,10.0,2.0,2.5,NR5G-SA,n79,-100,-100,-11,19,-999,8.2
2026-05-28 14:33:28.341,2026-05-28 14:39:36.304,22.6596158,114.5155054,200.0,10.0,0.06,229.0,40.4,17.0,1568.6,3511.94,10.0,2.0,2.5,NR5G-SA,n79,-100,-100,-11,19,-999,9.6
2026-05-28 14:33:28.541,2026-05-28 14:39:36.504,22.6596008,114.5154872,200.0,10.0,0.05,228.5,40.4,17.0,1566.9,3514.44,10.0,2.0,2.5,NR5G-SA,n79,-100,-100,-11,19,-999,6.8
2026-05-28 14:33:28.742,2026-05-28 14:39:36.904,22.6595857,114.5154690,200.0,10.0,-0.01,228.2,40.4,17.0,1565.3,3516.96,10.0,2.0,2.5,NR5G-SA,n79,-104,-104,-11,19,-999,4.1
2026-05-28 14:33:28.942,2026-05-28 14:39:37.104,22.6595706,114.5154507,200.0,10.1,-0.00,228.0,19.5,17.0,1563.6,3519.48,10.0,2.0,2.5,NR5G-SA,n79,-104,-104,-11,19,-999,4.2
2026-05-28 14:33:29.142,2026-05-28 14:39:37.104,22.6595555,114.5154324,200.0,10.0,-0.02,228.0,19.5,17.0,1562.0,3522.00,10.0,2.0,2.5,NR5G-SA,n79,-104,-104,-11,19,-999,8.1
2026-05-28 14:33:29.343,2026-05-28 14:39:37.304,22.6595555,114.5154324,200.0,10.0,-0.02,228.0,19.5,17.0,1562.0,3522.00,10.0,2.0,2.5,NR5G-SA,n79,-98,-98,-10,16,-999,8.6
2026-05-28 14:33:29.543,2026-05-28 14:39:37.504,22.6595405,114.5154141,200.0,10.0,0.03,228.0,19.5,18.1,1560.3,3524.51,10.0,2.0,2.5,NR5G-SA,n79,-98,-98,-10,16,-999,4.5
2026-05-28 14:33:29.744,2026-05-28 14:39:37.904,22.6595256,114.5153958,200.0,10.1,0.05,228.1,19.5,18.1,1558.7,3527.02,10.0,2.0,2.5,NR5G-SA,n79,-98,-98,-10,16,-999,5.6
2026-05-28 14:33:29.944,2026-05-28 14:39:38.104,22.6595107,114.5153775,200.0,10.0,-0.00,227.9,0.0,18.1,1557.0,3529.53,10.0,2.0,2.5,NR5G-SA,n79,-99,-99,-10,18,-999,4.7
2026-05-28 14:33:30.145,2026-05-28 14:39:38.104,22.6594959,114.5153592,200.0,10.0,-0.00,227.9,0.0,18.1,1555.4,3532.03,10.0,2.0,2.5,NR5G-SA,n79,-99,-99,-10,18,-999,7.3
2026-05-28 14:33:30.345,2026-05-28 14:39:38.304,22.6594959,114.5153592,200.0,10.0,-0.00,227.9,0.0,18.1,1555.4,3532.03,10.0,2.0,2.5,NR5G-SA,n79,-102,-102,-11,17,-999,12.1
2026-05-28 14:33:30.545,2026-05-28 14:39:38.504,22.6594810,114.5153409,200.0,10.0,0.00,228.2,0.0,19.5,1553.8,3534.54,10.0,2.0,2.5,NR5G-SA,n79,-102,-102,-11,17,-999,5.4
2026-05-28 14:33:30.746,2026-05-28 14:39:38.904,22.6594662,114.5153226,200.0,10.0,-0.05,228.3,0.0,19.5,1552.1,3537.04,10.0,2.0,2.5,NR5G-SA,n79,-102,-102,-11,17,-999,6.4
2026-05-28 14:33:30.946,2026-05-28 14:39:39.104,22.6594513,114.5153043,200.0,10.0,-0.05,228.3,9.2,19.5,1550.5,3539.54,10.0,2.0,2.5,NR5G-SA,n79,-101,-101,-11,17,-999,5.0
2026-05-28 14:33:31.147,2026-05-28 14:39:39.104,22.6594364,114.5152861,200.0,10.0,-0.04,228.5,9.2,19.5,1548.9,3542.04,10.0,2.0,2.5,NR5G-SA,n79,-101,-101,-11,17,-999,8.6
2026-05-28 14:33:31.347,2026-05-28 14:39:39.304,22.6594364,114.5152861,200.0,10.0,-0.04,228.5,9.2,19.5,1548.9,3542.04,10.0,2.0,2.5,NR5G-SA,n79,-101,-101,-11,17,-999,12.7
2026-05-28 14:33:31.548,2026-05-28 14:39:39.504,22.6594215,114.5152678,200.0,10.0,0.00,228.6,9.2,17.8,1547.2,3544.55,10.0,2.0,2.5,NR5G-SA,n79,-99,-99,-10,16,-999,6.0
2026-05-28 14:33:31.748,2026-05-28 14:39:39.904,22.6594066,114.5152494,200.0,10.0,-0.07,228.6,9.2,17.8,1545.6,3547.06,10.0,2.0,2.5,NR5G-SA,n79,-99,-99,-10,16,-999,6.4
2026-05-28 14:33:31.949,2026-05-28 14:39:40.104,22.6593916,114.5152312,200.0,10.0,-0.01,228.7,0.0,17.8,1544.0,3549.57,10.0,2.0,2.5,NR5G-SA,n79,-99,-99,-10,16,-999,4.2
2026-05-28 14:33:32.149,2026-05-28 14:39:40.104,22.6593768,114.5152133,200.0,10.0,-0.04,228.7,0.0,17.8,1542.4,3552.04,10.0,2.0,2.5,NR5G-SA,n79,-94,-94,-10,17,-999,9.1
2026-05-28 14:33:32.349,2026-05-28 14:39:40.304,22.6593768,114.5152133,200.0,10.0,-0.04,228.7,0.0,17.8,1542.4,3552.04,10.0,2.0,2.5,NR5G-SA,n79,-94,-94,-10,17,-999,11.7
2026-05-28 14:33:32.550,2026-05-28 14:39:40.504,22.6593620,114.5151953,200.0,9.9,-0.05,228.7,0.0,19.0,1540.8,3554.52,10.0,2.0,2.5,NR5G-SA,n79,-97,-97,-10,17,-999,5.9
2026-05-28 14:33:32.750,2026-05-28 14:39:40.904,22.6593472,114.5151772,200.0,9.9,-0.06,228.8,0.0,19.0,1539.2,3557.00,10.0,2.0,2.5,NR5G-SA,n79,-97,-97,-10,17,-999,6.2
2026-05-28 14:33:32.951,2026-05-28 14:39:41.104,22.6593323,114.5151592,200.0,10.0,-0.00,229.0,1.5,19.0,1537.6,3559.48,10.0,2.0,2.5,NR5G-SA,n79,-97,-97,-10,17,-999,5.6
2026-05-28 14:33:33.151,2026-05-28 14:39:41.104,22.6593174,114.5151410,200.0,10.0,0.02,229.0,1.5,19.0,1536.0,3561.98,10.0,2.0,2.5,NR5G-SA,n79,-95,-95,-10,17,-999,8.4
2026-05-28 14:33:33.351,2026-05-28 14:39:41.304,22.6593174,114.5151410,200.0,10.0,0.02,229.0,1.5,19.0,1536.0,3561.98,10.0,2.0,2.5,NR5G-SA,n79,-95,-95,-10,17,-999,12.0
2026-05-28 14:33:33.552,2026-05-28 14:39:41.504,22.6593024,114.5151229,200.0,10.0,0.03,229.0,1.5,21.0,1534.4,3564.48,10.0,2.0,2.5,NR5G-SA,n79,-95,-95,-10,17,-999,4.7
2026-05-28 14:33:33.752,2026-05-28 14:39:41.904,22.6592874,114.5151047,200.0,10.0,0.01,229.0,1.5,21.0,1532.8,3566.99,10.0,2.0,2.5,NR5G-SA,n79,-95,-95,-10,17,-999,5.4
2026-05-28 14:33:33.952,2026-05-28 14:39:42.104,22.6592724,114.5150865,200.0,10.0,0.01,228.9,0.0,21.0,1531.2,3569.50,10.0,2.0,2.5,NR5G-SA,n79,-95,-95,-10,17,-999,5.5
2026-05-28 14:33:34.153,2026-05-28 14:39:42.104,22.6592574,114.5150682,200.0,10.0,0.08,228.9,0.0,21.0,1529.6,3572.01,10.0,2.0,2.5,NR5G-SA,n79,-95,-95,-10,17,-999,6.4
2026-05-28 14:33:34.353,2026-05-28 14:39:42.304,22.6592574,114.5150682,200.0,10.0,0.08,228.9,0.0,21.0,1529.6,3572.01,10.0,2.0,2.5,NR5G-SA,n79,-97,-97,-10,18,-999,11.9
2026-05-28 14:33:34.554,2026-05-28 14:39:42.504,22.6592424,114.5150500,200.0,10.0,0.11,228.6,0.0,20.8,1528.0,3574.52,10.0,2.0,2.5,NR5G-SA,n79,-97,-97,-10,18,-999,4.6
2026-05-28 14:33:34.754,2026-05-28 14:39:42.904,22.6592273,114.5150317,200.0,10.0,-0.03,228.3,0.0,20.8,1526.4,3577.04,10.0,2.0,2.5,NR5G-SA,n79,-98,-98,-11,19,-999,5.1
2026-05-28 14:33:34.954,2026-05-28 14:39:43.104,22.6592123,114.5150133,200.0,9.9,0.04,228.2,13.6,20.8,1524.8,3579.56,10.0,2.0,2.5,NR5G-SA,n79,-98,-98,-11,19,-999,4.7
2026-05-28 14:33:35.155,2026-05-28 14:39:43.104,22.6591973,114.5149951,200.0,10.0,-0.02,228.0,13.6,20.8,1523.2,3582.07,10.0,2.0,2.5,NR5G-SA,n79,-98,-98,-11,19,-999,8.6
2026-05-28 14:33:35.355,2026-05-28 14:39:43.304,22.6591824,114.5149768,200.0,10.0,-0.02,228.0,13.6,20.8,1521.6,3584.57,10.0,2.0,2.5,NR5G-SA,n79,-91,-91,-10,20,-999,13.0
2026-05-28 14:33:35.556,2026-05-28 14:39:43.504,22.6591824,114.5149768,200.0,9.9,0.01,228.0,13.6,20.9,1521.6,3584.57,10.0,2.0,2.5,NR5G-SA,n79,-91,-91,-10,20,-999,6.4
2026-05-28 14:33:35.756,2026-05-28 14:39:43.904,22.6591675,114.5149585,200.0,9.9,0.02,228.0,13.6,20.9,1520.1,3587.08,10.0,2.0,2.5,NR5G-SA,n79,-91,-91,-10,20,-999,5.5
2026-05-28 14:33:35.956,2026-05-28 14:39:44.104,22.6591526,114.5149403,200.0,9.9,-0.06,228.0,43.1,20.9,1518.5,3589.58,10.0,2.0,2.5,NR5G-SA,n79,-92,-92,-10,24,-999,5.3
2026-05-28 14:33:36.157,2026-05-28 14:39:44.104,22.6591377,114.5149222,200.0,9.9,-0.04,228.2,43.1,20.9,1516.9,3592.07,10.0,2.0,2.5,NR5G-SA,n79,-92,-92,-10,24,-999,7.1
2026-05-28 14:33:36.357,2026-05-28 14:39:44.304,22.6591229,114.5149041,200.0,9.9,-0.04,228.4,43.1,20.9,1515.3,3594.56,10.0,2.0,2.5,NR5G-SA,n79,-92,-92,-10,24,-999,11.1
2026-05-28 14:33:36.558,2026-05-28 14:39:44.504,22.6591229,114.5149041,200.0,9.9,0.03,228.4,43.1,22.8,1515.3,3594.56,10.0,2.0,2.5,NR5G-SA,n79,-100,-100,-11,22,-999,6.7
2026-05-28 14:33:36.758,2026-05-28 14:39:44.904,22.6591080,114.5148860,200.0,10.0,-0.04,228.6,43.1,22.8,1513.8,3597.05,10.0,2.0,2.5,NR5G-SA,n79,-100,-100,-11,22,-999,6.5
2026-05-28 14:33:36.958,2026-05-28 14:39:45.104,22.6590932,114.5148679,200.0,10.0,0.01,228.8,23.6,22.8,1512.2,3599.53,10.0,2.0,2.5,NR5G-SA,n79,-100,-100,-11,22,-999,6.9
2026-05-28 14:33:37.159,2026-05-28 14:39:45.304,22.6590784,114.5148497,200.0,9.9,0.05,228.8,23.6,22.8,1510.7,3602.02,10.0,2.0,2.5,NR5G-SA,n79,-101,-101,-10,22,-999,5.3
2026-05-28 14:33:37.359,2026-05-28 14:39:45.304,22.6590635,114.5148316,200.0,9.9,0.01,228.9,23.6,22.8,1509.1,3604.52,10.0,2.0,2.5,NR5G-SA,n79,-101,-101,-10,22,-999,12.8
2026-05-28 14:33:37.559,2026-05-28 14:39:45.504,22.6590635,114.5148316,200.0,9.9,0.01,228.9,23.6,22.8,1509.1,3604.52,10.0,2.0,2.5,NR5G-SA,n79,-98,-98,-10,23,-999,5.3
2026-05-28 14:33:37.760,2026-05-28 14:39:45.904,22.6590485,114.5148133,200.0,9.9,0.02,228.9,23.6,23.9,1507.5,3607.03,10.0,2.0,2.5,NR5G-SA,n79,-98,-98,-10,23,-999,5.6
2026-05-28 14:33:37.960,2026-05-28 14:39:46.104,22.6590337,114.5147951,200.0,9.9,0.06,229.0,23.6,23.9,1506.0,3609.52,10.0,2.0,2.5,NR5G-SA,n79,-98,-98,-10,23,-999,6.3
2026-05-28 14:33:38.160,2026-05-28 14:39:46.104,22.6590189,114.5147768,200.0,10.0,-0.01,229.1,36.2,23.9,1504.4,3612.02,10.0,2.0,2.5,NR5G-SA,n79,-91,-91,-10,21,-999,8.3
2026-05-28 14:33:38.361,2026-05-28 14:39:46.304,22.6590189,114.5147768,200.0,10.0,-0.01,229.1,36.2,23.9,1504.4,3612.02,10.0,2.0,2.5,NR5G-SA,n79,-91,-91,-10,21,-999,12.7
2026-05-28 14:33:38.561,2026-05-28 14:39:46.504,22.6590041,114.5147587,200.0,10.0,-0.03,229.3,36.2,23.9,1502.9,3614.51,10.0,2.0,2.5,NR5G-SA,n79,-91,-91,-10,21,-999,5.1
2026-05-28 14:33:38.762,2026-05-28 14:39:46.904,22.6589893,114.5147406,200.0,10.0,-0.03,229.4,36.2,23.7,1501.3,3616.99,10.0,2.0,2.5,NR5G-SA,n79,-97,-97,-10,19,-999,9.5
2026-05-28 14:33:38.962,2026-05-28 14:39:47.104,22.6589743,114.5147225,200.0,10.0,0.02,229.4,36.2,23.7,1499.8,3619.49,10.0,2.0,2.5,NR5G-SA,n79,-97,-97,-10,19,-999,6.4
2026-05-28 14:33:39.162,2026-05-28 14:39:47.104,22.6589594,114.5147043,200.0,10.0,0.03,229.4,30.8,23.7,1498.2,3621.99,10.0,2.0,2.5,NR5G-SA,n79,-97,-97,-10,19,-999,8.7
2026-05-28 14:33:39.363,2026-05-28 14:39:47.304,22.6589443,114.5146861,200.0,10.0,0.03,229.3,30.8,23.7,1496.7,3624.50,10.0,2.0,2.5,NR5G-SA,n79,-99,-99,-11,20,-999,11.5
2026-05-28 14:33:39.563,2026-05-28 14:39:47.504,22.6589443,114.5146861,200.0,10.0,-0.00,229.3,30.8,23.7,1496.7,3624.50,10.0,2.0,2.5,NR5G-SA,n79,-99,-99,-11,20,-999,5.1
2026-05-28 14:33:39.764,2026-05-28 14:39:47.904,22.6589292,114.5146678,200.0,10.0,-0.01,229.1,30.8,24.7,1495.2,3627.03,10.0,2.0,2.5,NR5G-SA,n79,-100,-100,-10,21,-999,7.3
2026-05-28 14:33:39.964,2026-05-28 14:39:48.104,22.6589142,114.5146496,200.0,10.0,0.03,228.9,30.8,24.7,1493.6,3629.53,10.0,2.0,2.5,NR5G-SA,n79,-100,-100,-10,21,-999,5.3
2026-05-28 14:33:40.165,2026-05-28 14:39:48.104,22.6588992,114.5146314,200.0,10.0,-0.04,228.8,32.4,24.7,1492.1,3632.04,10.0,2.0,2.5,NR5G-SA,n79,-100,-100,-10,21,-999,6.3
2026-05-28 14:33:40.365,2026-05-28 14:39:48.304,22.6588843,114.5146132,200.0,10.0,-0.05,228.8,32.4,24.7,1490.6,3634.54,10.0,2.0,2.5,NR5G-SA,n79,-97,-97,-10,23,-999,9.7
2026-05-28 14:33:40.565,2026-05-28 14:39:48.504,22.6588843,114.5146132,200.0,10.0,-0.05,228.8,32.4,24.7,1490.6,3634.54,10.0,2.0,2.5,NR5G-SA,n79,-97,-97,-10,23,-999,5.6
2026-05-28 14:33:40.766,2026-05-28 14:39:48.904,22.6588693,114.5145949,200.0,10.0,0.01,228.8,32.4,24.0,1489.0,3637.05,10.0,2.0,2.5,NR5G-SA,n79,-97,-97,-10,23,-999,8.8
2026-05-28 14:33:40.966,2026-05-28 14:39:49.104,22.6588545,114.5145767,200.0,10.0,-0.05,229.0,32.4,24.0,1487.5,3639.54,10.0,2.0,2.5,NR5G-SA,n79,-96,-96,-10,22,-999,5.9
2026-05-28 14:33:41.167,2026-05-28 14:39:49.104,22.6588396,114.5145585,200.0,10.0,-0.02,229.0,36.9,24.0,1486.0,3642.04,10.0,2.0,2.5,NR5G-SA,n79,-96,-96,-10,22,-999,6.0
2026-05-28 14:33:41.367,2026-05-28 14:39:49.304,22.6588247,114.5145404,200.0,10.0,-0.06,229.0,36.9,24.0,1484.5,3644.54,10.0,2.0,2.5,NR5G-SA,n79,-96,-96,-10,22,-999,10.8
2026-05-28 14:33:41.567,2026-05-28 14:39:49.504,22.6588247,114.5145404,200.0,10.0,-0.06,229.0,36.9,24.0,1484.5,3644.54,10.0,2.0,2.5,NR5G-SA,n79,-97,-97,-10,24,-999,11.0
2026-05-28 14:33:41.768,2026-05-28 14:39:49.904,22.6588096,114.5145222,200.0,10.0,-0.01,229.0,36.9,24.4,1482.9,3647.05,10.0,2.0,2.5,NR5G-SA,n79,-97,-97,-10,24,-999,8.2
2026-05-28 14:33:41.968,2026-05-28 14:39:50.104,22.6587947,114.5145039,200.0,10.0,0.04,229.0,36.9,24.4,1481.4,3649.56,10.0,2.0,2.5,NR5G-SA,n79,-98,-98,-10,25,-999,4.0
2026-05-28 14:33:42.169,2026-05-28 14:39:50.104,22.6587799,114.5144856,200.0,10.0,0.00,229.0,25.6,24.4,1479.9,3652.06,10.0,2.0,2.5,NR5G-SA,n79,-98,-98,-10,25,-999,6.8
2026-05-28 14:33:42.369,2026-05-28 14:39:50.304,22.6587650,114.5144674,200.0,10.0,-0.00,229.0,25.6,24.4,1478.4,3654.56,10.0,2.0,2.5,NR5G-SA,n79,-98,-98,-10,25,-999,11.3
2026-05-28 14:33:42.570,2026-05-28 14:39:50.504,22.6587650,114.5144674,200.0,10.0,-0.00,229.0,25.6,24.4,1478.4,3654.56,10.0,2.0,2.5,NR5G-SA,n79,-93,-93,-10,26,-999,12.2
2026-05-28 14:33:42.770,2026-05-28 14:39:50.904,22.6587501,114.5144491,200.0,10.0,-0.02,228.9,25.6,23.9,1476.9,3657.06,10.0,2.0,2.5,NR5G-SA,n79,-93,-93,-10,26,-999,10.1
2026-05-28 14:33:42.971,2026-05-28 14:39:51.104,22.6587352,114.5144309,200.0,10.0,0.01,228.9,25.6,23.9,1475.4,3659.56,10.0,2.0,2.5,NR5G-SA,n79,-93,-93,-10,26,-999,5.3
2026-05-28 14:33:43.171,2026-05-28 14:39:51.304,22.6587204,114.5144127,200.0,10.0,0.03,229.0,41.9,23.9,1473.9,3662.05,10.0,2.0,2.5,NR5G-SA,n79,-94,-94,-10,24,-999,4.9
2026-05-28 14:33:43.371,2026-05-28 14:39:51.304,22.6587055,114.5143944,200.0,10.0,0.01,229.1,41.9,23.9,1472.3,3664.56,10.0,2.0,2.5,NR5G-SA,n79,-94,-94,-10,24,-999,8.7
2026-05-28 14:33:43.572,2026-05-28 14:39:51.504,22.6587055,114.5143944,200.0,10.0,0.01,229.1,41.9,23.9,1472.3,3664.56,10.0,2.0,2.5,NR5G-SA,n79,-94,-94,-10,24,-999,10.5
2026-05-28 14:33:43.772,2026-05-28 14:39:51.904,22.6586904,114.5143761,200.0,10.0,-0.03,229.5,41.9,22.6,1470.8,3667.08,10.0,2.0,2.5,NR5G-SA,n79,-92,-92,-10,26,-999,8.5
2026-05-28 14:33:43.972,2026-05-28 14:39:52.104,22.6586755,114.5143579,199.9,10.0,-0.05,229.5,41.9,22.6,1469.4,3669.58,10.0,2.0,2.5,NR5G-SA,n79,-92,-92,-10,26,-999,5.1
2026-05-28 14:33:44.173,2026-05-28 14:39:52.304,22.6586607,114.5143398,199.9,10.0,0.10,229.3,17.1,22.6,1467.9,3672.07,10.0,2.0,2.5,NR5G-SA,n79,-92,-92,-10,23,-999,6.0
2026-05-28 14:33:44.373,2026-05-28 14:39:52.304,22.6586458,114.5143217,200.0,9.9,0.08,228.9,17.1,22.6,1466.4,3674.56,10.0,2.0,2.5,NR5G-SA,n79,-92,-92,-10,23,-999,9.9
2026-05-28 14:33:44.574,2026-05-28 14:39:52.504,22.6586458,114.5143217,200.0,9.9,0.08,228.9,17.1,22.6,1466.4,3674.56,10.0,2.0,2.5,NR5G-SA,n79,-92,-92,-10,23,-999,11.0
2026-05-28 14:33:44.774,2026-05-28 14:39:52.904,22.6586309,114.5143038,200.0,9.9,0.01,228.6,17.1,20.6,1464.9,3677.03,10.0,2.0,2.5,NR5G-SA,n79,-100,-100,-10,23,-999,9.6
2026-05-28 14:33:44.975,2026-05-28 14:39:53.104,22.6586159,114.5142858,200.0,9.9,0.03,228.7,17.1,20.6,1463.5,3679.53,10.0,2.0,2.5,NR5G-SA,n79,-100,-100,-10,23,-999,6.2
2026-05-28 14:33:45.175,2026-05-28 14:39:53.304,22.6586010,114.5142676,200.0,10.0,-0.00,229.0,0.0,20.6,1462.0,3682.03,10.0,2.0,2.5,NR5G-SA,n79,-100,-100,-10,23,-999,6.6
2026-05-28 14:33:45.375,2026-05-28 14:39:53.304,22.6585863,114.5142493,200.0,10.0,-0.02,229.1,0.0,20.6,1460.5,3684.52,10.0,2.0,2.5,NR5G-SA,n79,-101,-101,-10,23,-999,9.8
2026-05-28 14:33:45.576,2026-05-28 14:39:53.504,22.6585863,114.5142493,200.0,10.0,-0.02,229.1,0.0,20.6,1460.5,3684.52,10.0,2.0,2.5,NR5G-SA,n79,-101,-101,-10,23,-999,11.1
2026-05-28 14:33:45.776,2026-05-28 14:39:53.904,22.6585714,114.5142309,200.0,10.0,-0.01,229.1,0.0,20.3,1459.0,3687.03,10.0,2.0,2.5,NR5G-SA,n79,-101,-101,-10,23,-999,10.0
2026-05-28 14:33:45.976,2026-05-28 14:39:54.104,22.6585564,114.5142126,200.0,10.0,-0.05,229.0,0.0,20.3,1457.5,3689.55,10.0,2.0,2.5,NR5G-SA,n79,-97,-97,-10,24,-999,4.9
2026-05-28 14:33:46.177,2026-05-28 14:39:54.304,22.6585413,114.5141945,199.9,10.0,0.04,228.8,7.4,20.3,1456.1,3692.05,10.0,2.0,2.5,NR5G-SA,n79,-97,-97,-10,24,-999,4.8
2026-05-28 14:33:46.377,2026-05-28 14:39:54.304,22.6585261,114.5141764,199.9,10.0,0.02,228.6,7.4,20.3,1454.6,3694.57,10.0,2.0,2.5,NR5G-SA,n79,-96,-96,-10,22,-999,6.2
2026-05-28 14:33:46.578,2026-05-28 14:39:54.504,22.6585261,114.5141764,199.9,10.0,0.02,228.6,7.4,20.3,1454.6,3694.57,10.0,2.0,2.5,NR5G-SA,n79,-96,-96,-10,22,-999,9.9
2026-05-28 14:33:46.778,2026-05-28 14:39:54.904,22.6585110,114.5141584,199.9,10.0,0.05,228.3,7.4,20.3,1453.2,3697.07,10.0,2.0,2.5,NR5G-SA,n79,-96,-96,-10,22,-999,9.6
2026-05-28 14:33:46.978,2026-05-28 14:39:55.104,22.6584960,114.5141404,199.9,9.9,0.12,228.0,7.4,19.2,1451.7,3699.56,10.0,2.0,2.5,NR5G-SA,n79,-102,-102,-11,22,-999,5.6
2026-05-28 14:33:47.179,2026-05-28 14:39:55.304,22.6584811,114.5141223,199.9,10.0,0.04,227.7,0.0,19.2,1450.3,3702.05,10.0,2.0,2.5,NR5G-SA,n79,-102,-102,-11,22,-999,6.6
2026-05-28 14:33:47.379,2026-05-28 14:39:55.304,22.6584661,114.5141042,199.9,10.0,0.13,227.5,0.0,19.2,1448.9,3704.55,10.0,2.0,2.5,NR5G-SA,n79,-102,-102,-11,22,-999,10.8
2026-05-28 14:33:47.579,2026-05-28 14:39:55.504,22.6584661,114.5141042,199.9,10.0,0.13,227.5,0.0,19.2,1448.9,3704.55,10.0,2.0,2.5,NR5G-SA,n79,-102,-102,-11,21,-999,9.4
2026-05-28 14:33:47.780,2026-05-28 14:39:55.904,22.6584512,114.5140860,200.0,9.9,0.09,227.3,0.0,19.2,1447.4,3707.05,10.0,2.0,2.5,NR5G-SA,n79,-102,-102,-11,21,-999,9.2
2026-05-28 14:33:47.980,2026-05-28 14:39:56.104,22.6584363,114.5140678,200.0,10.0,0.08,227.5,0.0,17.9,1446.0,3709.55,10.0,2.0,2.5,NR5G-SA,n79,-102,-102,-11,21,-999,5.4
2026-05-28 14:33:48.180,2026-05-28 14:39:56.304,22.6584215,114.5140493,200.0,10.0,0.15,227.9,4.5,17.9,1444.5,3712.06,10.0,2.0,2.5,NR5G-SA,n79,-100,-100,-11,19,-999,5.1
2026-05-28 14:33:48.381,2026-05-28 14:39:56.304,22.6584069,114.5140309,200.0,10.0,0.02,228.1,4.5,17.9,1443.0,3714.56,10.0,2.0,2.5,NR5G-SA,n79,-100,-100,-11,19,-999,9.7
2026-05-28 14:33:48.581,2026-05-28 14:39:56.504,22.6584069,114.5140309,200.0,10.0,0.02,228.1,4.5,17.9,1443.0,3714.56,10.0,2.0,2.5,NR5G-SA,n79,-101,-101,-11,18,-999,11.1
2026-05-28 14:33:48.782,2026-05-28 14:39:56.904,22.6583922,114.5140125,200.0,10.0,-0.03,228.3,4.5,17.9,1441.5,3717.06,10.0,2.0,2.5,NR5G-SA,n79,-101,-101,-11,18,-999,9.3
2026-05-28 14:33:48.982,2026-05-28 14:39:57.104,22.6583773,114.5139940,200.0,10.1,-0.06,228.2,4.5,18.0,1440.1,3719.58,10.0,2.0,2.5,NR5G-SA,n79,-101,-101,-11,18,-999,4.8
2026-05-28 14:33:49.182,2026-05-28 14:39:57.304,22.6583624,114.5139757,200.0,10.1,-0.06,228.2,0.0,18.0,1438.6,3722.08,10.0,2.0,2.5,NR5G-SA,n79,-102,-102,-11,19,-999,6.7
2026-05-28 14:33:49.383,2026-05-28 14:39:57.304,22.6583474,114.5139574,200.0,10.0,-0.03,228.3,0.0,18.0,1437.2,3724.60,10.0,2.0,2.5,NR5G-SA,n79,-102,-102,-11,19,-999,9.7
2026-05-28 14:33:49.583,2026-05-28 14:39:57.504,22.6583474,114.5139574,200.0,10.0,-0.03,228.3,0.0,18.0,1437.2,3724.60,10.0,2.0,2.5,NR5G-SA,n79,-102,-102,-11,19,-999,11.9
2026-05-28 14:33:49.784,2026-05-28 14:39:57.904,22.6583325,114.5139391,200.0,10.0,-0.00,228.4,0.0,18.0,1435.7,3727.11,10.0,2.0,2.5,NR5G-SA,n79,-102,-102,-11,19,-999,10.0
2026-05-28 14:33:49.984,2026-05-28 14:39:58.104,22.6583176,114.5139208,200.0,10.0,0.06,228.6,0.0,18.8,1434.3,3729.61,10.0,2.0,2.5,NR5G-SA,n79,-102,-102,-11,19,-999,6.8
2026-05-28 14:33:50.184,2026-05-28 14:39:58.304,22.6583027,114.5139024,200.0,10.0,-0.01,228.6,15.9,18.8,1432.9,3732.13,10.0,2.0,2.5,NR5G-SA,n79,-102,-102,-11,19,-999,5.3
2026-05-28 14:33:50.385,2026-05-28 14:39:58.304,22.6582877,114.5138842,200.0,10.0,0.03,228.4,15.9,18.8,1431.4,3734.63,10.0,2.0,2.5,NR5G-SA,n79,-99,-99,-10,20,-999,9.3
2026-05-28 14:33:50.585,2026-05-28 14:39:58.504,22.6582877,114.5138842,200.0,10.0,0.03,228.4,15.9,18.8,1431.4,3734.63,10.0,2.0,2.5,NR5G-SA,n79,-99,-99,-10,20,-999,15.5
2026-05-28 14:33:50.786,2026-05-28 14:39:58.904,22.6582726,114.5138658,200.0,10.1,0.01,228.0,15.9,18.8,1430.0,3737.16,10.0,2.0,2.5,NR5G-SA,n79,-103,-103,-11,19,-999,9.6
2026-05-28 14:33:50.986,2026-05-28 14:39:59.104,22.6582574,114.5138476,200.0,10.0,0.03,227.6,15.9,20.2,1428.6,3739.69,10.0,2.0,2.5,NR5G-SA,n79,-103,-103,-11,19,-999,5.2
2026-05-28 14:33:51.186,2026-05-28 14:39:59.304,22.6582422,114.5138295,200.0,10.0,0.00,227.7,42.7,20.2,1427.2,3742.20,10.0,2.0,2.5,NR5G-SA,n79,-103,-103,-11,19,-999,5.4
2026-05-28 14:33:51.387,2026-05-28 14:39:59.304,22.6582273,114.5138112,200.0,10.0,0.04,227.8,42.7,20.2,1425.8,3744.71,10.0,2.0,2.5,NR5G-SA,n79,-104,-104,-11,18,-999,9.1
2026-05-28 14:33:51.587,2026-05-28 14:39:59.504,22.6582273,114.5138112,200.0,10.0,0.04,227.8,42.7,20.2,1425.8,3744.71,10.0,2.0,2.5,NR5G-SA,n79,-104,-104,-11,18,-999,13.0
2026-05-28 14:33:51.788,2026-05-28 14:39:59.904,22.6582124,114.5137929,200.0,10.0,0.01,227.9,42.7,20.2,1424.4,3747.21,10.0,2.0,2.5,NR5G-SA,n79,-104,-104,-11,18,-999,8.6
2026-05-28 14:33:51.988,2026-05-28 14:40:00.104,22.6581977,114.5137746,200.0,10.0,-0.03,228.1,42.7,20.4,1423.0,3749.71,10.0,2.0,2.5,NR5G-SA,n79,-102,-102,-11,18,-999,6.0
2026-05-28 14:33:52.188,2026-05-28 14:40:00.304,22.6581830,114.5137564,200.0,9.9,-0.00,228.3,24.6,20.4,1421.6,3752.19,10.0,2.0,2.5,NR5G-SA,n79,-102,-102,-11,18,-999,9.6
2026-05-28 14:33:52.389,2026-05-28 14:40:00.304,22.6581683,114.5137383,200.0,10.0,-0.02,228.6,24.6,20.4,1420.2,3754.67,10.0,2.0,2.5,NR5G-SA,n79,-102,-102,-11,18,-999,10.4
2026-05-28 14:33:52.589,2026-05-28 14:40:00.504,22.6581683,114.5137383,200.0,10.0,-0.02,228.6,24.6,20.4,1420.2,3754.67,10.0,2.0,2.5,NR5G-SA,n79,-99,-99,-11,18,-999,11.0
2026-05-28 14:33:52.790,2026-05-28 14:40:00.904,22.6581535,114.5137202,200.0,9.9,-0.04,228.7,24.6,20.4,1418.8,3757.15,10.0,2.0,2.5,NR5G-SA,n79,-99,-99,-11,18,-999,8.8
2026-05-28 14:33:52.990,2026-05-28 14:40:01.104,22.6581385,114.5137020,199.9,10.0,-0.02,228.4,24.6,21.0,1417.4,3759.66,10.0,2.0,2.5,NR5G-SA,n79,-99,-99,-11,18,-999,4.6
2026-05-28 14:33:53.190,2026-05-28 14:40:01.304,22.6581233,114.5136838,199.9,10.0,0.01,228.1,37.4,21.0,1416.0,3762.18,10.0,2.0,2.5,NR5G-SA,n79,-95,-95,-10,16,-999,8.7
2026-05-28 14:33:53.391,2026-05-28 14:40:01.304,22.6581080,114.5136656,200.0,10.0,0.11,227.8,37.4,21.0,1414.6,3764.71,10.0,2.0,2.5,NR5G-SA,n79,-95,-95,-10,16,-999,9.8
2026-05-28 14:33:53.591,2026-05-28 14:40:01.504,22.6581080,114.5136656,200.0,10.0,0.11,227.8,37.4,21.0,1414.6,3764.71,10.0,2.0,2.5,NR5G-SA,n79,-99,-99,-11,16,-999,7.0
2026-05-28 14:33:53.791,2026-05-28 14:40:01.904,22.6580928,114.5136475,200.0,10.0,-0.02,227.5,37.4,21.0,1413.3,3767.22,10.0,2.0,2.5,NR5G-SA,n79,-99,-99,-11,16,-999,8.3
2026-05-28 14:33:53.992,2026-05-28 14:40:02.104,22.6580776,114.5136293,200.0,10.0,-0.09,227.2,37.4,22.3,1411.9,3769.75,10.0,2.0,2.5,NR5G-SA,n79,-99,-99,-11,16,-999,4.9
2026-05-28 14:33:54.192,2026-05-28 14:40:02.304,22.6580627,114.5136111,199.9,10.0,-0.04,227.1,31.7,22.3,1410.5,3772.24,10.0,2.0,2.5,NR5G-SA,n79,-105,-105,-11,15,-999,4.6
2026-05-28 14:33:54.393,2026-05-28 14:40:02.304,22.6580477,114.5135929,199.9,10.0,0.05,227.0,31.7,22.3,1409.2,3774.75,10.0,2.0,2.5,NR5G-SA,n79,-105,-105,-11,15,-999,8.2
2026-05-28 14:33:54.593,2026-05-28 14:40:02.504,22.6580477,114.5135929,199.9,10.0,0.05,227.0,31.7,22.3,1409.2,3774.75,10.0,2.0,2.5,NR5G-SA,n79,-105,-105,-11,15,-999,17.0
2026-05-28 14:33:54.793,2026-05-28 14:40:02.904,22.6580328,114.5135749,200.0,9.9,0.12,227.0,31.7,22.3,1407.8,3777.24,10.0,2.0,2.5,NR5G-SA,n79,-107,-107,-11,16,-999,8.9
2026-05-28 14:33:54.993,2026-05-28 14:40:03.103,22.6580179,114.5135568,200.0,9.9,0.07,227.1,31.7,22.6,1406.5,3779.73,10.0,2.0,2.5,NR5G-SA,n79,-107,-107,-11,16,-999,6.0
2026-05-28 14:33:55.194,2026-05-28 14:40:03.303,22.6580031,114.5135387,200.0,10.0,0.08,227.1,31.5,22.6,1405.1,3782.21,10.0,2.0,2.5,NR5G-SA,n79,-107,-107,-11,16,-999,4.8
2026-05-28 14:33:55.394,2026-05-28 14:40:03.303,22.6579883,114.5135206,200.0,10.0,-0.03,227.1,31.5,22.6,1403.8,3784.70,10.0,2.0,2.5,NR5G-SA,n79,-99,-99,-11,15,-999,7.0
2026-05-28 14:33:55.594,2026-05-28 14:40:03.503,22.6579883,114.5135206,200.0,10.0,-0.03,227.1,31.5,22.6,1403.8,3784.70,10.0,2.0,2.5,NR5G-SA,n79,-99,-99,-11,15,-999,16.5
2026-05-28 14:33:55.795,2026-05-28 14:40:03.903,22.6579733,114.5135024,200.0,10.0,-0.03,227.1,31.5,22.6,1402.4,3787.20,10.0,2.0,2.5,NR5G-SA,n79,-99,-99,-11,15,-999,9.3
2026-05-28 14:33:55.995,2026-05-28 14:40:04.103,22.6579585,114.5134842,200.0,10.0,0.03,227.3,31.5,22.6,1401.0,3789.69,10.0,2.0,2.5,NR5G-SA,n79,-99,-99,-11,15,-999,6.8
2026-05-28 14:33:56.196,2026-05-28 14:40:04.303,22.6579437,114.5134661,200.0,10.0,-0.00,227.2,37.7,21.1,1399.7,3792.18,10.0,2.0,2.5,NR5G-SA,n79,-99,-99,-11,15,-999,5.5
2026-05-28 14:33:56.396,2026-05-28 14:40:04.303,22.6579288,114.5134479,200.0,10.0,-0.01,227.2,37.7,21.1,1398.4,3794.68,10.0,2.0,2.5,NR5G-SA,n79,-103,-103,-11,13,-999,7.9
2026-05-28 14:33:56.596,2026-05-28 14:40:04.503,22.6579288,114.5134479,200.0,10.0,-0.01,227.2,37.7,21.1,1398.4,3794.68,10.0,2.0,2.5,NR5G-SA,n79,-103,-103,-11,13,-999,14.3
2026-05-28 14:33:56.797,2026-05-28 14:40:04.903,22.6579139,114.5134297,200.0,9.9,0.04,227.5,37.7,21.1,1397.0,3797.18,10.0,2.0,2.5,NR5G-SA,n79,-103,-103,-11,13,-999,9.7
2026-05-28 14:33:56.997,2026-05-28 14:40:05.103,22.6578991,114.5134115,200.0,9.9,0.12,227.8,37.7,21.1,1395.7,3799.67,10.0,2.0,2.5,NR5G-SA,n79,-102,-102,-11,13,-999,4.9
2026-05-28 14:33:57.198,2026-05-28 14:40:05.303,22.6578844,114.5133933,200.0,9.9,0.05,227.8,24.2,20.0,1394.3,3802.15,10.0,2.0,2.5,NR5G-SA,n79,-102,-102,-11,13,-999,9.5
2026-05-28 14:33:57.398,2026-05-28 14:40:05.303,22.6578696,114.5133750,200.0,10.0,-0.01,227.8,24.2,20.0,1393.0,3804.65,10.0,2.0,2.5,NR5G-SA,n79,-102,-102,-11,13,-999,9.3
2026-05-28 14:33:57.598,2026-05-28 14:40:05.503,22.6578696,114.5133750,200.0,10.0,-0.01,227.8,24.2,20.0,1393.0,3804.65,10.0,2.0,2.5,NR5G-SA,n79,-101,-101,-11,13,-999,15.6
2026-05-28 14:33:57.799,2026-05-28 14:40:05.903,22.6578548,114.5133567,200.0,10.0,-0.05,228.0,24.2,20.0,1391.6,3807.15,10.0,2.0,2.5,NR5G-SA,n79,-101,-101,-11,13,-999,8.5
2026-05-28 14:33:57.999,2026-05-28 14:40:06.103,22.6578400,114.5133384,200.0,10.0,-0.01,228.3,24.2,20.0,1390.3,3809.65,10.0,2.0,2.5,NR5G-SA,n79,-99,-99,-11,14,-999,6.6
2026-05-28 14:33:58.200,2026-05-28 14:40:06.303,22.6578252,114.5133202,200.0,10.0,-0.03,228.4,43.0,19.8,1389.0,3812.15,10.0,2.0,2.5,NR5G-SA,n79,-99,-99,-11,14,-999,6.5
2026-05-28 14:33:58.400,2026-05-28 14:40:06.303,22.6578103,114.5133020,200.0,10.0,0.03,228.5,43.0,19.8,1387.6,3814.64,10.0,2.0,2.5,NR5G-SA,n79,-99,-99,-11,14,-999,11.9
2026-05-28 14:33:58.600,2026-05-28 14:40:06.503,22.6578103,114.5133020,200.0,10.0,0.03,228.5,43.0,19.8,1387.6,3814.64,10.0,2.0,2.5,NR5G-SA,n79,-100,-100,-11,13,-999,15.7
2026-05-28 14:33:58.801,2026-05-28 14:40:06.903,22.6577954,114.5132839,200.0,10.0,-0.01,228.6,43.0,19.8,1386.3,3817.14,10.0,2.0,2.5,NR5G-SA,n79,-100,-100,-11,13,-999,9.9
2026-05-28 14:33:59.001,2026-05-28 14:40:07.103,22.6577805,114.5132656,200.0,10.0,-0.00,228.6,43.0,19.8,1385.0,3819.64,10.0,2.0,2.5,NR5G-SA,n79,-100,-100,-11,13,-999,6.3
2026-05-28 14:33:59.201,2026-05-28 14:40:07.303,22.6577654,114.5132472,200.0,10.0,0.04,228.6,14.9,18.7,1383.7,3822.17,10.0,2.0,2.5,NR5G-SA,n79,-103,-103,-11,12,-999,4.9
2026-05-28 14:33:59.402,2026-05-28 14:40:07.303,22.6577506,114.5132291,200.0,10.0,0.00,228.7,14.9,18.7,1382.4,3824.66,10.0,2.0,2.5,NR5G-SA,n79,-103,-103,-11,12,-999,7.6
2026-05-28 14:33:59.602,2026-05-28 14:40:07.503,22.6577506,114.5132291,200.0,10.0,0.00,228.7,14.9,18.7,1382.4,3824.66,10.0,2.0,2.5,NR5G-SA,n79,-103,-103,-11,12,-999,16.5
2026-05-28 14:33:59.803,2026-05-28 14:40:07.903,22.6577357,114.5132108,200.0,10.0,0.01,228.7,14.9,18.7,1381.1,3827.16,10.0,2.0,2.5,NR5G-SA,n79,-100,-100,-11,13,-999,8.2
2026-05-28 14:34:00.003,2026-05-28 14:40:08.103,22.6577208,114.5131925,200.0,10.0,-0.03,228.7,14.9,18.7,1379.8,3829.67,10.0,2.0,2.5,NR5G-SA,n79,-100,-100,-11,13,-999,5.5
2026-05-28 14:34:00.203,2026-05-28 14:40:08.303,22.6577059,114.5131742,200.0,10.0,-0.08,228.8,0.0,18.0,1378.4,3832.18,10.0,2.0,2.5,NR5G-SA,n79,-97,-97,-10,14,-999,5.4
2026-05-28 14:34:00.404,2026-05-28 14:40:08.303,22.6576910,114.5131559,200.0,10.0,0.05,228.9,0.0,18.0,1377.1,3834.69,10.0,2.0,2.5,NR5G-SA,n79,-97,-97,-10,14,-999,10.2
2026-05-28 14:34:00.604,2026-05-28 14:40:08.503,22.6576910,114.5131559,200.0,10.0,0.05,228.9,0.0,18.0,1377.1,3834.69,10.0,2.0,2.5,NR5G-SA,n79,-97,-97,-10,14,-999,16.5
2026-05-28 14:34:00.805,2026-05-28 14:40:08.903,22.6576762,114.5131377,200.0,10.0,-0.00,229.0,0.0,18.0,1375.8,3837.18,10.0,2.0,2.5,NR5G-SA,n79,-99,-99,-11,13,-999,7.0
2026-05-28 14:34:01.005,2026-05-28 14:40:09.103,22.6576614,114.5131195,200.0,9.9,0.06,229.2,0.0,18.0,1374.6,3839.67,10.0,2.0,2.5,NR5G-SA,n79,-99,-99,-11,13,-999,5.5
2026-05-28 14:34:01.205,2026-05-28 14:40:09.303,22.6576466,114.5131013,200.0,9.9,0.12,229.5,3.8,19.1,1373.3,3842.16,10.0,2.0,2.5,NR5G-SA,n79,-99,-99,-11,13,-999,4.6
2026-05-28 14:34:01.406,2026-05-28 14:40:09.503,22.6576318,114.5130829,200.0,9.9,0.06,229.4,3.8,19.1,1372.0,3844.67,10.0,2.0,2.5,NR5G-SA,n79,-101,-101,-11,13,-999,8.0
2026-05-28 14:34:01.606,2026-05-28 14:40:09.503,22.6576318,114.5130829,200.0,9.9,0.06,229.4,3.8,19.1,1372.0,3844.67,10.0,2.0,2.5,NR5G-SA,n79,-101,-101,-11,13,-999,16.5
2026-05-28 14:34:01.806,2026-05-28 14:40:09.903,22.6576171,114.5130645,200.1,10.0,0.06,229.4,3.8,19.1,1370.7,3847.17,10.0,2.0,2.5,NR5G-SA,n79,-101,-101,-11,13,-999,13.3
2026-05-28 14:34:02.007,2026-05-28 14:40:10.103,22.6576023,114.5130462,200.1,9.9,-0.04,229.3,3.8,19.1,1369.4,3849.67,10.0,2.0,2.5,NR5G-SA,n79,-106,-106,-11,11,-999,6.2
2026-05-28 14:34:02.207,2026-05-28 14:40:10.303,22.6575874,114.5130281,200.1,10.0,-0.06,229.1,0.0,21.1,1368.1,3852.16,10.0,2.0,2.5,NR5G-SA,n79,-106,-106,-11,11,-999,6.0
2026-05-28 14:34:02.408,2026-05-28 14:40:10.503,22.6575723,114.5130099,200.0,10.0,-0.15,228.8,0.0,21.1,1366.8,3854.67,10.0,2.0,2.5,NR5G-SA,n79,-104,-104,-11,8,-999,7.1
2026-05-28 14:34:02.608,2026-05-28 14:40:10.503,22.6575572,114.5129918,200.0,10.0,-0.05,228.7,0.0,21.1,1365.6,3857.18,10.0,2.0,2.5,NR5G-SA,n79,-104,-104,-11,8,-999,13.3
2026-05-28 14:34:02.808,2026-05-28 14:40:10.903,22.6575572,114.5129918,200.0,10.0,-0.05,228.7,0.0,21.1,1365.6,3857.18,10.0,2.0,2.5,NR5G-SA,n79,-104,-104,-11,8,-999,13.7
2026-05-28 14:34:03.009,2026-05-28 14:40:11.103,22.6575421,114.5129737,200.0,10.0,-0.07,228.6,0.0,21.1,1364.4,3859.69,10.0,2.0,2.5,NR5G-SA,n79,-100,-100,-11,12,-999,5.9
2026-05-28 14:34:03.209,2026-05-28 14:40:11.303,22.6575271,114.5129557,200.0,10.0,-0.04,228.5,8.0,20.8,1363.1,3862.18,10.0,2.0,2.5,NR5G-SA,n79,-100,-100,-11,12,-999,6.5
2026-05-28 14:34:03.409,2026-05-28 14:40:11.303,22.6575121,114.5129376,200.0,10.0,-0.05,228.5,8.0,20.8,1361.9,3864.68,10.0,2.0,2.5,NR5G-SA,n79,-100,-100,-11,12,-999,7.8
2026-05-28 14:34:03.610,2026-05-28 14:40:11.503,22.6574972,114.5129197,200.0,10.0,0.06,228.7,8.0,20.8,1360.7,3867.15,10.0,2.0,2.5,NR5G-SA,n79,-98,-98,-10,13,-999,13.5
2026-05-28 14:34:03.810,2026-05-28 14:40:11.903,22.6574972,114.5129197,200.0,10.0,0.06,228.7,8.0,20.8,1360.7,3867.15,10.0,2.0,2.5,NR5G-SA,n79,-98,-98,-10,13,-999,9.5
2026-05-28 14:34:04.011,2026-05-28 14:40:12.103,22.6574822,114.5129016,200.0,9.9,0.08,228.6,8.0,20.8,1359.4,3869.65,10.0,2.0,2.5,NR5G-SA,n79,-98,-98,-10,13,-999,5.0
2026-05-28 14:34:04.211,2026-05-28 14:40:12.303,22.6574672,114.5128834,200.0,10.0,0.03,228.6,0.0,20.3,1358.2,3872.16,10.0,2.0,2.5,NR5G-SA,n79,-102,-102,-11,11,-999,3.7
2026-05-28 14:34:04.411,2026-05-28 14:40:12.303,22.6574522,114.5128652,200.1,10.0,-0.05,228.5,0.0,20.3,1356.9,3874.67,10.0,2.0,2.5,NR5G-SA,n79,-102,-102,-11,11,-999,7.2
2026-05-28 14:34:04.612,2026-05-28 14:40:12.503,22.6574373,114.5128471,200.0,10.0,-0.05,228.4,0.0,20.3,1355.7,3877.16,10.0,2.0,2.5,NR5G-SA,n79,-103,-103,-11,11,-999,13.1
2026-05-28 14:34:04.812,2026-05-28 14:40:12.903,22.6574373,114.5128471,200.0,10.0,-0.06,228.4,0.0,20.3,1355.7,3877.16,10.0,2.0,2.5,NR5G-SA,n79,-103,-103,-11,11,-999,6.9
2026-05-28 14:34:05.013,2026-05-28 14:40:13.103,22.6574222,114.5128289,200.0,10.0,-0.04,228.2,0.0,20.3,1354.5,3879.67,10.0,2.0,2.5,NR5G-SA,n79,-103,-103,-11,11,-999,5.1
2026-05-28 14:34:05.213,2026-05-28 14:40:13.303,22.6574072,114.5128106,200.0,10.0,-0.05,228.3,18.8,20.3,1353.3,3882.19,10.0,2.0,2.5,NR5G-SA,n79,-105,-105,-11,11,-999,3.6
2026-05-28 14:34:05.414,2026-05-28 14:40:13.503,22.6573922,114.5127924,200.0,10.0,-0.11,228.3,18.8,21.0,1352.0,3884.69,10.0,2.0,2.5,NR5G-SA,n79,-105,-105,-11,11,-999,7.2
2026-05-28 14:34:05.614,2026-05-28 14:40:13.503,22.6573773,114.5127741,200.0,10.0,0.02,228.3,18.8,21.0,1350.8,3887.20,10.0,2.0,2.5,NR5G-SA,n79,-105,-105,-11,11,-999,13.3
2026-05-28 14:34:05.815,2026-05-28 14:40:13.903,22.6573773,114.5127741,200.0,10.0,0.02,228.3,18.8,21.0,1350.8,3887.20,10.0,2.0,2.5,NR5G-SA,n79,-101,-101,-11,10,-999,9.6
2026-05-28 14:34:06.015,2026-05-28 14:40:14.103,22.6573623,114.5127558,200.0,10.0,-0.01,228.3,18.8,21.0,1349.6,3889.72,10.0,2.0,2.5,NR5G-SA,n79,-101,-101,-11,10,-999,5.6
2026-05-28 14:34:06.215,2026-05-28 14:40:14.303,22.6573473,114.5127376,200.0,10.0,-0.04,228.2,41.3,21.0,1348.4,3892.22,10.0,2.0,2.5,NR5G-SA,n79,-101,-101,-11,10,-999,6.5
2026-05-28 14:34:06.416,2026-05-28 14:40:14.503,22.6573323,114.5127194,200.0,10.0,0.03,228.2,41.3,21.0,1347.2,3894.73,10.0,2.0,2.5,NR5G-SA,n79,-103,-103,-11,9,-999,6.4
2026-05-28 14:34:06.616,2026-05-28 14:40:14.503,22.6573174,114.5127012,200.0,10.0,0.04,228.2,41.3,21.0,1345.9,3897.23,10.0,2.0,2.5,NR5G-SA,n79,-103,-103,-11,9,-999,15.3
2026-05-28 14:34:06.816,2026-05-28 14:40:14.903,22.6573174,114.5127012,200.0,10.0,0.04,228.2,41.3,21.0,1345.9,3897.23,10.0,2.0,2.5,NR5G-SA,n79,-103,-103,-11,10,-999,8.4
2026-05-28 14:34:07.017,2026-05-28 14:40:15.103,22.6573025,114.5126830,200.0,10.0,0.00,228.3,41.3,21.0,1344.7,3899.73,10.0,2.0,2.5,NR5G-SA,n79,-103,-103,-11,10,-999,4.6
2026-05-28 14:34:07.217,2026-05-28 14:40:15.303,22.6572876,114.5126649,200.0,9.9,-0.01,228.3,26.0,21.0,1343.5,3902.22,10.0,2.0,2.5,NR5G-SA,n79,-103,-103,-11,10,-999,5.6
2026-05-28 14:34:07.418,2026-05-28 14:40:15.303,22.6572727,114.5126467,200.0,10.0,-0.05,228.3,26.0,21.1,1342.3,3904.72,10.0,2.0,2.5,NR5G-SA,n79,-104,-104,-11,10,-999,6.6
2026-05-28 14:34:07.618,2026-05-28 14:40:15.503,22.6572578,114.5126286,200.0,10.0,-0.03,228.2,26.0,21.1,1341.2,3907.21,10.0,2.0,2.5,NR5G-SA,n79,-104,-104,-11,10,-999,12.3
2026-05-28 14:34:07.818,2026-05-28 14:40:15.903,22.6572578,114.5126286,200.0,10.0,-0.03,228.2,26.0,21.1,1341.2,3907.21,10.0,2.0,2.5,NR5G-SA,n79,-104,-104,-11,10,-999,8.0
2026-05-28 14:34:08.019,2026-05-28 14:40:16.103,22.6572430,114.5126104,200.0,10.0,-0.07,228.2,26.0,21.1,1340.0,3909.70,10.0,2.0,2.5,NR5G-SA,n79,-101,-101,-11,10,-999,6.1
2026-05-28 14:34:08.219,2026-05-28 14:40:16.303,22.6572280,114.5125921,200.0,10.0,0.03,228.1,35.7,21.1,1338.8,3912.22,10.0,2.0,2.5,NR5G-SA,n79,-101,-101,-11,10,-999,7.3
2026-05-28 14:34:08.420,2026-05-28 14:40:16.503,22.6572132,114.5125739,200.0,10.0,-0.04,228.1,35.7,21.4,1337.6,3914.71,10.0,2.0,2.5,NR5G-SA,n79,-101,-101,-11,10,-999,5.0
2026-05-28 14:34:08.620,2026-05-28 14:40:16.503,22.6571982,114.5125556,200.0,10.0,0.01,228.2,35.7,21.4,1336.4,3917.22,10.0,2.0,2.5,NR5G-SA,n79,-102,-102,-11,10,-999,11.6
2026-05-28 14:34:08.820,2026-05-28 14:40:16.903,22.6571982,114.5125556,200.0,10.0,0.01,228.2,35.7,21.4,1336.4,3917.22,10.0,2.0,2.5,NR5G-SA,n79,-102,-102,-11,10,-999,10.6
2026-05-28 14:34:09.021,2026-05-28 14:40:17.103,22.6571834,114.5125373,200.0,10.0,-0.01,228.3,35.7,21.4,1335.2,3919.72,10.0,2.0,2.5,NR5G-SA,n79,-102,-102,-11,10,-999,5.4
2026-05-28 14:34:09.221,2026-05-28 14:40:17.303,22.6571686,114.5125191,200.0,9.9,-0.04,228.4,34.4,21.4,1334.0,3922.21,10.0,2.0,2.5,NR5G-SA,n79,-104,-104,-11,10,-999,6.4
2026-05-28 14:34:09.422,2026-05-28 14:40:17.503,22.6571539,114.5125008,200.0,10.0,-0.08,228.5,34.4,21.3,1332.8,3924.71,10.0,2.0,2.5,NR5G-SA,n79,-104,-104,-11,10,-999,8.6
2026-05-28 14:34:09.622,2026-05-28 14:40:17.503,22.6571389,114.5124826,200.0,10.0,-0.07,228.3,34.4,21.3,1331.7,3927.21,10.0,2.0,2.5,NR5G-SA,n79,-103,-103,-12,9,-999,10.4
2026-05-28 14:34:09.823,2026-05-28 14:40:17.903,22.6571389,114.5124826,200.0,10.0,-0.07,228.3,34.4,21.3,1331.7,3927.21,10.0,2.0,2.5,NR5G-SA,n79,-103,-103,-12,9,-999,16.0
2026-05-28 14:34:10.023,2026-05-28 14:40:18.103,22.6571240,114.5124645,200.0,10.0,-0.06,228.2,34.4,21.3,1330.5,3929.71,10.0,2.0,2.5,NR5G-SA,n79,-103,-103,-12,9,-999,6.1
2026-05-28 14:34:10.223,2026-05-28 14:40:18.303,22.6571090,114.5124464,200.0,10.0,-0.08,228.1,28.4,21.3,1329.4,3932.20,10.0,2.0,2.5,NR5G-SA,n79,-103,-103,-11,8,-999,3.6
2026-05-28 14:34:10.424,2026-05-28 14:40:18.503,22.6570940,114.5124282,200.0,10.0,-0.05,228.0,28.4,22.3,1328.2,3934.71,10.0,2.0,2.5,NR5G-SA,n79,-103,-103,-11,8,-999,6.1
2026-05-28 14:34:10.624,2026-05-28 14:40:18.503,22.6570789,114.5124100,200.0,10.0,0.01,228.0,28.4,22.3,1327.1,3937.23,10.0,2.0,2.5,NR5G-SA,n79,-103,-103,-11,8,-999,10.9
2026-05-28 14:34:10.824,2026-05-28 14:40:18.903,22.6570789,114.5124100,200.0,10.0,0.01,228.0,28.4,22.3,1327.1,3937.23,10.0,2.0,2.5,NR5G-SA,n79,-101,-101,-11,9,-999,7.8
2026-05-28 14:34:11.025,2026-05-28 14:40:19.103,22.6570639,114.5123918,200.0,10.0,-0.05,227.9,28.4,22.3,1326.0,3939.73,10.0,2.0,2.5,NR5G-SA,n79,-101,-101,-11,9,-999,5.0
2026-05-28 14:34:11.225,2026-05-28 14:40:19.303,22.6570490,114.5123736,200.0,10.0,-0.05,227.8,39.6,22.3,1324.8,3942.23,10.0,2.0,2.5,NR5G-SA,n79,-101,-101,-11,9,-999,4.8
2026-05-28 14:34:11.426,2026-05-28 14:40:19.503,22.6570341,114.5123555,200.0,9.9,-0.12,227.6,39.6,23.3,1323.7,3944.72,10.0,2.0,2.5,NR5G-SA,n79,-105,-105,-11,8,-999,5.7
2026-05-28 14:34:11.626,2026-05-28 14:40:19.503,22.6570192,114.5123374,200.0,9.9,-0.12,227.6,39.6,23.3,1322.6,3947.22,10.0,2.0,2.5,NR5G-SA,n79,-105,-105,-11,8,-999,11.7
2026-05-28 14:34:11.826,2026-05-28 14:40:19.903,22.6570192,114.5123374,200.0,9.9,-0.12,227.6,39.6,23.3,1322.6,3947.22,10.0,2.0,2.5,NR5G-SA,n79,-101,-101,-11,9,-999,9.7
2026-05-28 14:34:12.027,2026-05-28 14:40:20.103,22.6570044,114.5123194,200.0,9.9,-0.04,227.7,39.6,23.3,1321.4,3949.69,10.0,2.0,2.5,NR5G-SA,n79,-101,-101,-11,9,-999,5.3
2026-05-28 14:34:12.227,2026-05-28 14:40:20.303,22.6569897,114.5123016,200.0,9.8,-0.01,227.5,21.3,23.3,1320.3,3952.15,10.0,2.0,2.5,NR5G-SA,n79,-101,-101,-11,9,-999,6.2
2026-05-28 14:34:12.428,2026-05-28 14:40:20.503,22.6569749,114.5122837,200.0,9.8,-0.11,227.8,21.3,21.3,1319.2,3954.61,10.0,2.0,2.5,NR5G-SA,n79,-103,-103,-11,8,-999,5.0
2026-05-28 14:34:12.628,2026-05-28 14:40:20.503,22.6569603,114.5122657,200.0,9.9,0.00,228.1,21.3,21.3,1318.1,3957.08,10.0,2.0,2.5,NR5G-SA,n79,-103,-103,-11,8,-999,12.8
2026-05-28 14:34:12.829,2026-05-28 14:40:20.903,22.6569603,114.5122657,200.0,9.9,0.00,228.1,21.3,21.3,1318.1,3957.08,10.0,2.0,2.5,NR5G-SA,n79,-103,-103,-11,8,-999,9.6
2026-05-28 14:34:13.029,2026-05-28 14:40:21.103,22.6569456,114.5122476,200.0,10.0,0.02,228.3,21.3,21.3,1317.0,3959.55,10.0,2.0,2.5,NR5G-SA,n79,-103,-103,-11,8,-999,5.2
2026-05-28 14:34:13.230,2026-05-28 14:40:21.303,22.6569307,114.5122293,200.0,10.0,0.08,228.4,0.0,21.3,1315.9,3962.06,10.0,2.0,2.5,NR5G-SA,n79,-105,-105,-11,8,-999,5.7
2026-05-28 14:34:13.430,2026-05-28 14:40:21.503,22.6569158,114.5122109,200.0,10.1,0.12,228.6,0.0,20.5,1314.8,3964.58,10.0,2.0,2.5,NR5G-SA,n79,-105,-105,-11,8,-999,6.9
2026-05-28 14:34:13.630,2026-05-28 14:40:21.503,22.6569008,114.5121925,200.0,10.1,-0.02,228.6,0.0,20.5,1313.6,3967.10,10.0,2.0,2.5,NR5G-SA,n79,-104,-104,-11,7,-999,10.5
2026-05-28 14:34:13.831,2026-05-28 14:40:21.903,22.6569008,114.5121925,200.0,10.1,-0.02,228.6,0.0,20.5,1313.6,3967.10,10.0,2.0,2.5,NR5G-SA,n79,-104,-104,-11,7,-999,9.9
2026-05-28 14:34:14.031,2026-05-28 14:40:22.103,22.6568857,114.5121741,200.0,10.0,-0.16,228.1,0.0,20.5,1312.5,3969.63,10.0,2.0,2.5,NR5G-SA,n79,-102,-102,-11,7,-999,4.7
2026-05-28 14:34:14.232,2026-05-28 14:40:22.303,22.6568706,114.5121559,200.0,10.0,-0.24,227.9,11.5,20.5,1311.4,3972.14,10.0,2.0,2.5,NR5G-SA,n79,-102,-102,-11,7,-999,5.1
2026-05-28 14:34:14.432,2026-05-28 14:40:22.503,22.6568555,114.5121378,199.9,10.0,-0.12,227.8,11.5,20.5,1310.4,3974.65,10.0,2.0,2.5,NR5G-SA,n79,-102,-102,-11,7,-999,7.6
2026-05-28 14:34:14.633,2026-05-28 14:40:22.503,22.6568405,114.5121197,199.9,10.0,-0.08,227.8,11.5,21.0,1309.3,3977.15,10.0,2.0,2.5,NR5G-SA,n79,-106,-106,-11,7,-999,9.1
2026-05-28 14:34:14.833,2026-05-28 14:40:22.903,22.6568405,114.5121197,199.9,10.0,-0.08,227.8,11.5,21.0,1309.3,3977.15,10.0,2.0,2.5,NR5G-SA,n79,-106,-106,-11,7,-999,13.7
2026-05-28 14:34:15.033,2026-05-28 14:40:23.103,22.6568255,114.5121015,199.9,10.0,0.08,228.4,11.5,21.0,1308.2,3979.65,10.0,2.0,2.5,NR5G-SA,n79,-106,-106,-11,7,-999,4.4
2026-05-28 14:34:15.234,2026-05-28 14:40:23.303,22.6568107,114.5120833,200.0,10.0,0.16,229.0,0.0,21.0,1307.1,3982.15,10.0,2.0,2.5,NR5G-SA,n79,-106,-106,-11,7,-999,6.7
2026-05-28 14:34:15.434,2026-05-28 14:40:23.503,22.6567959,114.5120647,200.0,10.0,0.18,229.2,0.0,21.0,1306.0,3984.67,10.0,2.0,2.5,NR5G-SA,n79,-106,-106,-11,7,-999,5.9
2026-05-28 14:34:15.635,2026-05-28 14:40:23.503,22.6567811,114.5120463,200.1,10.0,0.17,229.1,0.0,21.3,1304.9,3987.18,10.0,2.0,2.5,NR5G-SA,n79,-106,-106,-11,7,-999,12.5
2026-05-28 14:34:15.836,2026-05-28 14:40:23.903,22.6567811,114.5120463,200.1,10.0,0.17,229.1,0.0,21.3,1304.9,3987.18,10.0,2.0,2.5,NR5G-SA,n79,-107,-107,-11,7,-999,9.1
2026-05-28 14:34:16.036,2026-05-28 14:40:24.103,22.6567663,114.5120278,200.1,10.0,0.07,228.9,0.0,21.3,1303.8,3989.69,10.0,2.0,2.5,NR5G-SA,n79,-107,-107,-11,7,-999,4.7
2026-05-28 14:34:16.236,2026-05-28 14:40:24.303,22.6567514,114.5120094,200.1,10.1,0.04,228.9,0.0,21.3,1302.7,3992.21,10.0,2.0,2.5,NR5G-SA,n79,-107,-107,-11,7,-999,5.9
2026-05-28 14:34:16.437,2026-05-28 14:40:24.503,22.6567365,114.5119910,200.1,10.0,-0.12,228.9,0.0,21.3,1301.6,3994.72,10.0,2.0,2.5,NR5G-SA,n79,-107,-107,-11,7,-999,8.0
2026-05-28 14:34:16.637,2026-05-28 14:40:24.503,22.6567215,114.5119726,200.0,10.1,-0.21,229.1,0.0,20.2,1300.5,3997.24,10.0,2.0,2.5,NR5G-SA,n79,-107,-107,-11,7,-999,10.7
2026-05-28 14:34:16.838,2026-05-28 14:40:24.903,22.6567215,114.5119726,200.0,10.1,-0.21,229.1,0.0,20.2,1300.5,3997.24,10.0,2.0,2.5,NR5G-SA,n79,-107,-107,-11,7,-999,8.5
2026-05-28 14:34:17.038,2026-05-28 14:40:25.103,22.6567065,114.5119542,200.0,10.1,-0.12,229.2,0.0,20.2,1299.5,3999.76,10.0,2.0,2.5,NR5G-SA,n79,-107,-107,-11,7,-999,6.3
2026-05-28 14:34:17.238,2026-05-28 14:40:25.303,22.6566915,114.5119359,199.9,10.0,-0.08,229.2,0.0,20.2,1298.4,4002.28,10.0,2.0,2.5,NR5G-SA,n79,-107,-107,-11,7,-999,4.7
2026-05-28 14:34:17.439,2026-05-28 14:40:25.503,22.6566763,114.5119176,199.9,10.1,-0.12,229.2,0.0,20.2,1297.4,4004.81,10.0,2.0,2.5,NR5G-SA,n79,-107,-107,-11,8,-999,5.8
2026-05-28 14:34:17.639,2026-05-28 14:40:25.503,22.6566612,114.5118994,199.9,10.0,0.03,229.3,0.0,21.3,1296.3,4007.32,10.0,2.0,2.5,NR5G-SA,n79,-107,-107,-11,8,-999,10.7
2026-05-28 14:34:17.839,2026-05-28 14:40:25.903,22.6566612,114.5118994,199.9,10.0,0.03,229.3,0.0,21.3,1296.3,4007.32,10.0,2.0,2.5,NR5G-SA,n79,-107,-107,-11,8,-999,10.2
2026-05-28 14:34:18.040,2026-05-28 14:40:26.103,22.6566463,114.5118813,199.9,9.9,0.00,229.3,0.0,21.3,1295.3,4009.81,10.0,2.0,2.5,NR5G-SA,n79,-106,-106,-11,8,-999,5.0
2026-05-28 14:34:18.240,2026-05-28 14:40:26.303,22.6566314,114.5118633,199.9,9.9,-0.02,229.3,0.0,21.3,1294.3,4012.30,10.0,2.0,2.5,NR5G-SA,n79,-106,-106,-11,8,-999,5.9
2026-05-28 14:34:18.441,2026-05-28 14:40:26.503,22.6566164,114.5118452,199.9,9.9,0.07,229.4,10.6,21.3,1293.3,4014.80,10.0,2.0,2.5,NR5G-SA,n79,-106,-106,-11,8,-999,5.7
2026-05-28 14:34:18.641,2026-05-28 14:40:26.503,22.6566015,114.5118270,199.9,9.9,0.10,229.3,10.6,24.0,1292.3,4017.30,10.0,2.0,2.5,NR5G-SA,n79,-106,-106,-11,8,-999,9.8
2026-05-28 14:34:18.841,2026-05-28 14:40:26.903,22.6566015,114.5118270,199.9,9.9,0.10,229.3,10.6,24.0,1292.3,4017.30,10.0,2.0,2.5,NR5G-SA,n79,-106,-106,-11,8,-999,11.0
2026-05-28 14:34:19.042,2026-05-28 14:40:27.103,22.6565865,114.5118089,200.0,10.0,0.11,229.3,10.6,24.0,1291.2,4019.80,10.0,2.0,2.5,NR5G-SA,n79,-107,-107,-11,9,-999,7.7
2026-05-28 14:34:19.242,2026-05-28 14:40:27.303,22.6565715,114.5117908,200.0,10.0,0.03,228.9,10.6,24.0,1290.2,4022.30,10.0,2.0,2.5,NR5G-SA,n79,-107,-107,-11,9,-999,6.8
2026-05-28 14:34:19.443,2026-05-28 14:40:27.503,22.6565566,114.5117726,200.0,10.0,0.10,228.9,0.0,24.0,1289.2,4024.79,10.0,2.0,2.5,NR5G-SA,n79,-107,-107,-11,9,-999,5.3
2026-05-28 14:34:19.643,2026-05-28 14:40:27.503,22.6565417,114.5117543,200.0,10.0,0.12,228.9,0.0,25.3,1288.2,4027.30,10.0,2.0,2.5,NR5G-SA,n79,-105,-105,-11,10,-999,11.2
2026-05-28 14:34:19.844,2026-05-28 14:40:27.903,22.6565417,114.5117543,200.0,10.0,0.12,228.9,0.0,25.3,1288.2,4027.30,10.0,2.0,2.5,NR5G-SA,n79,-105,-105,-11,10,-999,11.3
2026-05-28 14:34:20.044,2026-05-28 14:40:28.103,22.6565268,114.5117361,200.0,9.9,0.10,228.8,0.0,25.3,1287.2,4029.80,10.0,2.0,2.5,NR5G-SA,n79,-105,-105,-11,10,-999,6.8
2026-05-28 14:34:20.244,2026-05-28 14:40:28.303,22.6565121,114.5117179,200.0,9.9,0.07,229.1,0.0,25.3,1286.2,4032.29,10.0,2.0,2.5,NR5G-SA,n79,-103,-103,-11,12,-999,6.7
2026-05-28 14:34:20.445,2026-05-28 14:40:28.503,22.6564973,114.5116997,200.0,9.9,-0.02,229.1,20.6,25.3,1285.2,4034.78,10.0,2.0,2.5,NR5G-SA,n79,-103,-103,-11,12,-999,5.5
2026-05-28 14:34:20.645,2026-05-28 14:40:28.503,22.6564825,114.5116814,200.0,10.0,-0.09,229.2,20.6,23.9,1284.2,4037.28,10.0,2.0,2.5,NR5G-SA,n79,-108,-108,-11,11,-999,10.0
2026-05-28 14:34:20.846,2026-05-28 14:40:28.903,22.6564825,114.5116814,200.0,10.0,-0.09,229.2,20.6,23.9,1284.2,4037.28,10.0,2.0,2.5,NR5G-SA,n79,-108,-108,-11,11,-999,11.7
2026-05-28 14:34:21.046,2026-05-28 14:40:29.103,22.6564677,114.5116632,200.0,10.0,-0.07,229.3,20.6,23.9,1283.2,4039.77,10.0,2.0,2.5,NR5G-SA,n79,-108,-108,-11,11,-999,5.6
2026-05-28 14:34:21.247,2026-05-28 14:40:29.303,22.6564528,114.5116449,200.0,10.0,0.04,229.6,20.6,23.9,1282.2,4042.28,10.0,2.0,2.5,NR5G-SA,n79,-105,-105,-11,10,-999,5.7
2026-05-28 14:34:21.447,2026-05-28 14:40:29.503,22.6564380,114.5116267,200.0,10.0,-0.01,229.8,40.1,23.9,1281.2,4044.77,10.0,2.0,2.5,NR5G-SA,n79,-105,-105,-11,10,-999,5.4
2026-05-28 14:34:21.647,2026-05-28 14:40:29.503,22.6564231,114.5116086,200.0,9.9,0.08,229.8,40.1,23.9,1280.2,4047.26,10.0,2.0,2.5,NR5G-SA,n79,-105,-105,-11,10,-999,9.9
2026-05-28 14:34:21.848,2026-05-28 14:40:29.903,22.6564231,114.5116086,200.0,9.9,0.08,229.8,40.1,25.5,1280.2,4047.26,10.0,2.0,2.5,NR5G-SA,n79,-106,-106,-11,11,-999,11.6
2026-05-28 14:34:22.048,2026-05-28 14:40:30.103,22.6564082,114.5115906,200.0,10.0,0.08,229.7,40.1,25.5,1279.3,4049.74,10.0,2.0,2.5,NR5G-SA,n79,-106,-106,-11,11,-999,5.8
2026-05-28 14:34:22.249,2026-05-28 14:40:30.303,22.6563932,114.5115726,200.0,10.0,0.10,229.7,40.1,25.5,1278.3,4052.24,10.0,2.0,2.5,NR5G-SA,n79,-106,-106,-11,11,-999,6.2
2026-05-28 14:34:22.449,2026-05-28 14:40:30.503,22.6563781,114.5115545,200.0,10.0,0.01,229.5,28.4,25.5,1277.4,4054.74,10.0,2.0,2.5,NR5G-SA,n79,-104,-104,-11,11,-999,5.0
2026-05-28 14:34:22.649,2026-05-28 14:40:30.503,22.6563632,114.5115364,200.0,10.0,-0.00,229.6,28.4,25.5,1276.4,4057.23,10.0,2.0,2.5,NR5G-SA,n79,-104,-104,-11,11,-999,11.7
2026-05-28 14:34:22.850,2026-05-28 14:40:30.903,22.6563632,114.5115364,200.0,10.0,-0.00,229.6,28.4,24.7,1276.4,4057.23,10.0,2.0,2.5,NR5G-SA,n79,-104,-104,-11,11,-999,10.9
2026-05-28 14:34:23.050,2026-05-28 14:40:31.103,22.6563484,114.5115183,200.0,9.9,0.02,229.5,28.4,24.7,1275.5,4059.72,10.0,2.0,2.5,NR5G-SA,n79,-107,-107,-11,11,-999,7.4
2026-05-28 14:34:23.251,2026-05-28 14:40:31.303,22.6563335,114.5115001,200.0,10.0,0.03,229.6,28.4,24.7,1274.5,4062.22,10.0,2.0,2.5,NR5G-SA,n79,-107,-107,-11,11,-999,6.6
2026-05-28 14:34:23.451,2026-05-28 14:40:31.503,22.6563188,114.5114819,200.0,9.9,0.06,229.5,34.7,24.7,1273.6,4064.70,10.0,2.0,2.5,NR5G-SA,n79,-101,-101,-11,11,-999,5.1
2026-05-28 14:34:23.652,2026-05-28 14:40:31.503,22.6563041,114.5114637,200.0,10.0,-0.02,229.4,34.7,24.7,1272.6,4067.19,10.0,2.0,2.5,NR5G-SA,n79,-101,-101,-11,11,-999,10.4
2026-05-28 14:34:23.852,2026-05-28 14:40:31.903,22.6563041,114.5114637,200.0,10.0,-0.02,229.4,34.7,23.0,1272.6,4067.19,10.0,2.0,2.5,NR5G-SA,n79,-101,-101,-11,11,-999,10.6
2026-05-28 14:34:24.052,2026-05-28 14:40:32.103,22.6562891,114.5114454,200.0,10.0,0.03,229.2,34.7,23.0,1271.7,4069.70,10.0,2.0,2.5,NR5G-SA,n79,-103,-103,-11,11,-999,4.8
2026-05-28 14:34:24.253,2026-05-28 14:40:32.303,22.6562743,114.5114272,200.0,10.0,0.00,229.1,34.7,23.0,1270.7,4072.19,10.0,2.0,2.5,NR5G-SA,n79,-103,-103,-11,11,-999,7.8
2026-05-28 14:34:24.453,2026-05-28 14:40:32.503,22.6562594,114.5114088,200.0,10.0,0.09,229.1,34.5,23.0,1269.8,4074.71,10.0,2.0,2.5,NR5G-SA,n79,-103,-103,-11,11,-999,4.9
2026-05-28 14:34:24.654,2026-05-28 14:40:32.503,22.6562445,114.5113905,200.0,10.0,0.04,228.9,34.5,23.0,1268.8,4077.21,10.0,2.0,2.5,NR5G-SA,n79,-108,-108,-11,12,-999,9.6
2026-05-28 14:34:24.854,2026-05-28 14:40:32.903,22.6562445,114.5113905,200.0,10.0,0.04,228.9,34.5,22.1,1268.8,4077.21,10.0,2.0,2.5,NR5G-SA,n79,-108,-108,-11,12,-999,10.3
2026-05-28 14:34:25.054,2026-05-28 14:40:33.103,22.6562294,114.5113720,200.0,10.0,0.00,228.7,34.5,22.1,1267.9,4079.75,10.0,2.0,2.5,NR5G-SA,n79,-108,-108,-11,12,-999,5.3
2026-05-28 14:34:25.255,2026-05-28 14:40:33.303,22.6562143,114.5113536,200.0,10.1,0.06,228.7,34.5,22.1,1267.0,4082.28,10.0,2.0,2.5,NR5G-SA,n79,-104,-104,-11,12,-999,7.9
2026-05-28 14:34:25.455,2026-05-28 14:40:33.503,22.6561991,114.5113352,200.0,10.0,-0.03,228.7,28.3,22.1,1266.0,4084.82,10.0,2.0,2.5,NR5G-SA,n79,-104,-104,-11,12,-999,8.3
2026-05-28 14:34:25.655,2026-05-28 14:40:33.503,22.6561840,114.5113169,200.0,10.0,-0.01,228.5,28.3,22.1,1265.1,4087.34,10.0,2.0,2.5,NR5G-SA,n79,-103,-103,-11,12,-999,9.8
2026-05-28 14:34:25.856,2026-05-28 14:40:33.903,22.6561840,114.5113169,200.0,10.0,-0.01,228.5,28.3,32.2,1265.1,4087.34,10.0,2.0,2.5,NR5G-SA,n79,-103,-103,-11,12,-999,14.8
2026-05-28 14:34:26.056,2026-05-28 14:40:34.103,22.6561690,114.5112988,200.0,10.0,0.07,228.4,28.3,32.2,1264.2,4089.84,10.0,2.0,2.5,NR5G-SA,n79,-103,-103,-11,12,-999,8.7
2026-05-28 14:34:26.256,2026-05-28 14:40:34.303,22.6561540,114.5112807,200.0,9.9,0.02,228.2,28.3,32.2,1263.4,4092.34,10.0,2.0,2.5,NR5G-SA,n79,-101,-101,-11,9,-999,6.0
2026-05-28 14:34:26.457,2026-05-28 14:40:34.503,22.6561391,114.5112627,200.0,10.0,-0.05,228.2,40.6,32.2,1262.5,4094.82,10.0,2.0,2.5,NR5G-SA,n79,-101,-101,-11,9,-999,5.4
2026-05-28 14:34:26.657,2026-05-28 14:40:34.903,22.6561241,114.5112446,200.0,10.0,-0.00,228.1,40.6,32.2,1261.6,4097.32,10.0,2.0,2.5,NR5G-SA,n79,-101,-101,-11,9,-999,7.7
2026-05-28 14:34:26.858,2026-05-28 14:40:34.903,22.6561092,114.5112266,200.0,10.0,-0.00,227.8,40.6,30.5,1260.7,4099.81,10.0,2.0,2.5,NR5G-SA,n79,-104,-104,-11,11,-999,9.8
2026-05-28 14:34:27.058,2026-05-28 14:40:35.103,22.6561092,114.5112266,200.0,9.9,-0.09,227.8,40.6,30.5,1260.7,4099.81,10.0,2.0,2.5,NR5G-SA,n79,-104,-104,-11,11,-999,5.4
2026-05-28 14:34:27.258,2026-05-28 14:40:35.303,22.6560943,114.5112086,199.9,9.9,-0.04,227.8,40.6,30.5,1259.9,4102.29,10.0,2.0,2.5,NR5G-SA,n79,-104,-104,-11,11,-999,10.2
2026-05-28 14:34:27.459,2026-05-28 14:40:35.503,22.6560794,114.5111904,199.9,10.0,-0.03,227.8,19.6,30.5,1259.0,4104.79,10.0,2.0,2.5,NR5G-SA,n79,-103,-103,-11,12,-999,6.6
2026-05-28 14:34:27.659,2026-05-28 14:40:35.503,22.6560645,114.5111723,199.9,9.9,-0.01,227.9,19.6,30.5,1258.1,4107.28,10.0,2.0,2.5,NR5G-SA,n79,-103,-103,-11,12,-999,9.4
2026-05-28 14:34:27.860,2026-05-28 14:40:35.903,22.6560495,114.5111542,199.9,10.0,0.04,227.9,19.6,32.0,1257.2,4109.78,10.0,2.0,2.5,NR5G-SA,n79,-103,-103,-11,11,-999,10.0
2026-05-28 14:34:28.060,2026-05-28 14:40:36.103,22.6560495,114.5111542,199.9,10.0,0.04,227.9,19.6,32.0,1257.2,4109.78,10.0,2.0,2.5,NR5G-SA,n79,-103,-103,-11,11,-999,10.3
2026-05-28 14:34:28.261,2026-05-28 14:40:36.303,22.6560346,114.5111360,199.9,10.0,0.11,228.0,19.6,32.0,1256.4,4112.28,10.0,2.0,2.5,NR5G-SA,n79,-103,-103,-11,11,-999,10.4
2026-05-28 14:34:28.461,2026-05-28 14:40:36.503,22.6560196,114.5111177,199.9,10.0,0.07,227.9,0.0,32.0,1255.5,4114.79,10.0,2.0,2.5,NR5G-SA,n79,-103,-103,-11,11,-999,6.3
2026-05-28 14:34:28.661,2026-05-28 14:40:36.503,22.6560046,114.5110994,200.0,10.0,0.04,227.8,0.0,32.0,1254.7,4117.31,10.0,2.0,2.5,NR5G-SA,n79,-103,-103,-11,11,-999,10.8
2026-05-28 14:34:28.862,2026-05-28 14:40:36.903,22.6559896,114.5110813,200.0,10.0,0.02,227.7,0.0,32.0,1253.8,4119.81,10.0,2.0,2.5,NR5G-SA,n79,-103,-103,-11,11,-999,8.2
2026-05-28 14:34:29.062,2026-05-28 14:40:37.103,22.6559896,114.5110813,200.0,10.0,0.02,227.7,0.0,31.9,1253.8,4119.81,10.0,2.0,2.5,NR5G-SA,n79,-110,-110,-11,11,-999,10.1
2026-05-28 14:34:29.263,2026-05-28 14:40:37.303,22.6559747,114.5110630,200.0,10.0,0.04,227.7,0.0,31.9,1253.0,4122.31,10.0,2.0,2.5,NR5G-SA,n79,-110,-110,-11,11,-999,9.1
2026-05-28 14:34:29.463,2026-05-28 14:40:37.503,22.6559598,114.5110449,200.0,10.0,0.02,227.6,9.3,31.9,1252.1,4124.81,10.0,2.0,2.5,NR5G-SA,n79,-110,-110,-11,11,-999,6.3
2026-05-28 14:34:29.663,2026-05-28 14:40:37.903,22.6559449,114.5110267,200.0,10.0,0.02,227.5,9.3,31.9,1251.3,4127.31,10.0,2.0,2.5,NR5G-SA,n79,-99,-99,-10,11,-999,7.2
2026-05-28 14:34:29.864,2026-05-28 14:40:37.903,22.6559299,114.5110085,200.0,10.0,-0.00,227.6,9.3,31.9,1250.4,4129.81,10.0,2.0,2.5,NR5G-SA,n79,-99,-99,-10,11,-999,9.4
2026-05-28 14:34:30.064,2026-05-28 14:40:38.103,22.6559299,114.5110085,200.0,10.0,-0.00,227.6,9.3,32.2,1250.4,4129.81,10.0,2.0,2.5,NR5G-SA,n79,-101,-101,-10,10,-999,9.3
2026-05-28 14:34:30.264,2026-05-28 14:40:38.303,22.6559150,114.5109903,200.0,10.0,0.01,227.5,9.3,32.2,1249.6,4132.31,10.0,2.0,2.5,NR5G-SA,n79,-101,-101,-10,10,-999,11.1
2026-05-28 14:34:30.465,2026-05-28 14:40:38.503,22.6559001,114.5109720,200.0,10.0,0.01,227.5,0.0,32.2,1248.8,4134.82,10.0,2.0,2.5,NR5G-SA,n79,-101,-101,-10,10,-999,5.2
2026-05-28 14:34:30.665,2026-05-28 14:40:38.503,22.6558853,114.5109538,200.0,10.0,0.01,227.3,0.0,32.2,1247.9,4137.31,10.0,2.0,2.5,NR5G-SA,n79,-105,-105,-11,10,-999,9.1
2026-05-28 14:34:30.865,2026-05-28 14:40:38.903,22.6558703,114.5109354,200.0,10.0,-0.01,227.2,0.0,32.2,1247.1,4139.83,10.0,2.0,2.5,NR5G-SA,n79,-105,-105,-11,10,-999,9.7
2026-05-28 14:34:31.066,2026-05-28 14:40:39.103,22.6558703,114.5109354,200.0,10.0,-0.01,227.2,0.0,21.9,1247.1,4139.83,10.0,2.0,2.5,NR5G-SA,n79,-105,-105,-11,10,-999,11.4
2026-05-28 14:34:31.266,2026-05-28 14:40:39.303,22.6558554,114.5109173,200.0,10.0,-0.06,227.1,0.0,21.9,1246.3,4142.32,10.0,2.0,2.5,NR5G-SA,n79,-104,-104,-11,11,-999,9.8
2026-05-28 14:34:31.467,2026-05-28 14:40:39.503,22.6558404,114.5108992,200.0,10.0,-0.10,227.1,1.5,21.9,1245.5,4144.82,10.0,2.0,2.5,NR5G-SA,n79,-104,-104,-11,11,-999,5.4
2026-05-28 14:34:31.667,2026-05-28 14:40:39.503,22.6558255,114.5108811,200.0,10.0,-0.06,227.1,1.5,21.9,1244.7,4147.32,10.0,2.0,2.5,NR5G-SA,n79,-104,-104,-11,11,-999,9.7
2026-05-28 14:34:31.867,2026-05-28 14:40:39.903,22.6558106,114.5108629,200.0,10.0,-0.06,227.3,1.5,21.9,1243.9,4149.81,10.0,2.0,2.5,NR5G-SA,n79,-103,-103,-11,11,-999,9.9
2026-05-28 14:34:32.068,2026-05-28 14:40:40.103,22.6558106,114.5108629,200.0,10.0,-0.06,227.3,1.5,22.1,1243.9,4149.81,10.0,2.0,2.5,NR5G-SA,n79,-103,-103,-11,11,-999,9.0
2026-05-28 14:34:32.268,2026-05-28 14:40:40.303,22.6557957,114.5108448,200.0,10.0,0.01,227.4,1.5,22.1,1243.1,4152.31,10.0,2.0,2.5,NR5G-SA,n79,-99,-99,-10,11,-999,8.4
2026-05-28 14:34:32.469,2026-05-28 14:40:40.503,22.6557808,114.5108266,200.0,10.0,0.03,227.1,0.0,22.1,1242.3,4154.81,10.0,2.0,2.5,NR5G-SA,n79,-99,-99,-10,11,-999,5.5
2026-05-28 14:34:32.669,2026-05-28 14:40:40.503,22.6557658,114.5108085,200.0,10.0,-0.03,226.8,0.0,22.1,1241.6,4157.30,10.0,2.0,2.5,NR5G-SA,n79,-99,-99,-10,11,-999,9.3
2026-05-28 14:34:32.869,2026-05-28 14:40:40.903,22.6557509,114.5107903,200.0,9.9,-0.03,226.7,0.0,22.1,1240.8,4159.80,10.0,2.0,2.5,NR5G-SA,n79,-97,-97,-10,11,-999,6.4
2026-05-28 14:34:33.070,2026-05-28 14:40:41.103,22.6557509,114.5107903,200.0,9.9,-0.03,226.7,0.0,20.1,1240.8,4159.80,10.0,2.0,2.5,NR5G-SA,n79,-97,-97,-10,11,-999,9.5
2026-05-28 14:34:33.270,2026-05-28 14:40:41.303,22.6557360,114.5107721,199.9,10.0,0.03,226.7,0.0,20.1,1240.0,4162.30,10.0,2.0,2.5,NR5G-SA,n79,-97,-97,-10,11,-999,12.9
2026-05-28 14:34:33.471,2026-05-28 14:40:41.503,22.6557210,114.5107538,200.0,10.0,0.04,226.7,12.9,20.1,1239.2,4164.82,10.0,2.0,2.5,NR5G-SA,n79,-98,-98,-10,11,-999,8.3
2026-05-28 14:34:33.671,2026-05-28 14:40:41.903,22.6557061,114.5107356,200.0,10.0,0.06,226.8,12.9,20.1,1238.5,4167.32,10.0,2.0,2.5,NR5G-SA,n79,-98,-98,-10,11,-999,6.4
2026-05-28 14:34:33.872,2026-05-28 14:40:41.903,22.6556913,114.5107174,200.0,10.0,0.00,226.8,12.9,20.1,1237.7,4169.81,10.0,2.0,2.5,NR5G-SA,n79,-98,-98,-10,11,-999,8.2
2026-05-28 14:34:34.072,2026-05-28 14:40:42.103,22.6556913,114.5107174,200.0,10.0,0.00,226.8,12.9,19.2,1237.7,4169.81,10.0,2.0,2.5,NR5G-SA,n79,-106,-106,-11,11,-999,9.5
2026-05-28 14:34:34.272,2026-05-28 14:40:42.303,22.6556764,114.5106991,200.0,9.9,0.01,226.8,12.9,19.2,1236.9,4172.32,10.0,2.0,2.5,NR5G-SA,n79,-106,-106,-11,11,-999,10.6
2026-05-28 14:34:34.473,2026-05-28 14:40:42.503,22.6556615,114.5106810,200.0,9.9,-0.06,227.2,43.0,19.2,1236.2,4174.81,10.0,2.0,2.5,NR5G-SA,n79,-104,-104,-11,12,-999,6.5
2026-05-28 14:34:34.673,2026-05-28 14:40:42.903,22.6556466,114.5106627,200.0,10.0,-0.04,227.3,43.0,19.2,1235.4,4177.32,10.0,2.0,2.5,NR5G-SA,n79,-104,-104,-11,12,-999,8.8
2026-05-28 14:34:34.873,2026-05-28 14:40:42.903,22.6556317,114.5106444,200.0,10.0,0.06,227.5,43.0,19.2,1234.7,4179.82,10.0,2.0,2.5,NR5G-SA,n79,-104,-104,-11,12,-999,8.1
2026-05-28 14:34:35.074,2026-05-28 14:40:43.103,22.6556317,114.5106444,200.0,10.0,0.06,227.5,43.0,18.0,1234.7,4179.82,10.0,2.0,2.5,NR5G-SA,n79,-98,-98,-10,12,-999,9.0
2026-05-28 14:34:35.274,2026-05-28 14:40:43.303,22.6556169,114.5106262,200.0,10.0,0.03,227.5,43.0,18.0,1233.9,4182.31,10.0,2.0,2.5,NR5G-SA,n79,-98,-98,-10,12,-999,9.7
2026-05-28 14:34:35.474,2026-05-28 14:40:43.503,22.6556020,114.5106080,200.0,9.9,0.10,227.7,23.9,18.0,1233.2,4184.81,10.0,2.0,2.5,NR5G-SA,n79,-98,-98,-10,12,-999,4.9
2026-05-28 14:34:35.675,2026-05-28 14:40:43.903,22.6555873,114.5105899,200.0,10.0,0.01,227.8,23.9,18.0,1232.4,4187.29,10.0,2.0,2.5,NR5G-SA,n79,-104,-104,-11,11,-999,5.2
2026-05-28 14:34:35.875,2026-05-28 14:40:43.903,22.6555724,114.5105717,200.0,10.0,0.05,227.9,23.9,18.0,1231.7,4189.79,10.0,2.0,2.5,NR5G-SA,n79,-104,-104,-11,11,-999,9.6
2026-05-28 14:34:36.075,2026-05-28 14:40:44.103,22.6555724,114.5105717,200.0,10.0,0.05,227.9,23.9,22.2,1231.7,4189.79,10.0,2.0,2.5,NR5G-SA,n79,-104,-104,-11,11,-999,11.2
2026-05-28 14:34:36.276,2026-05-28 14:40:44.303,22.6555576,114.5105536,200.0,10.0,-0.02,227.7,23.9,22.2,1231.0,4192.27,10.0,2.0,2.5,NR5G-SA,n79,-100,-100,-10,11,-999,9.9
2026-05-28 14:34:36.476,2026-05-28 14:40:44.503,22.6555427,114.5105355,200.0,10.0,0.03,227.6,38.5,22.2,1230.3,4194.77,10.0,2.0,2.5,NR5G-SA,n79,-100,-100,-10,11,-999,5.4
2026-05-28 14:34:36.676,2026-05-28 14:40:44.903,22.6555277,114.5105174,200.0,10.0,0.03,227.4,38.5,22.2,1229.6,4197.27,10.0,2.0,2.5,NR5G-SA,n79,-104,-104,-11,11,-999,6.6
2026-05-28 14:34:36.877,2026-05-28 14:40:44.903,22.6555127,114.5104992,200.0,10.0,-0.01,227.2,38.5,22.2,1228.9,4199.77,10.0,2.0,2.5,NR5G-SA,n79,-104,-104,-11,11,-999,8.0
2026-05-28 14:34:37.077,2026-05-28 14:40:45.103,22.6555127,114.5104992,200.0,10.0,-0.01,227.2,38.5,22.2,1228.9,4199.77,10.0,2.0,2.5,NR5G-SA,n79,-104,-104,-11,11,-999,10.0
2026-05-28 14:34:37.277,2026-05-28 14:40:45.303,22.6554976,114.5104810,200.0,10.1,-0.02,227.2,38.5,23.0,1228.2,4202.29,10.0,2.0,2.5,NR5G-SA,n79,-98,-98,-10,13,-999,7.4
2026-05-28 14:34:37.478,2026-05-28 14:40:45.503,22.6554827,114.5104626,200.0,10.0,0.05,227.1,30.8,23.0,1227.5,4204.80,10.0,2.0,2.5,NR5G-SA,n79,-98,-98,-10,13,-999,5.3
2026-05-28 14:34:37.678,2026-05-28 14:40:45.903,22.6554677,114.5104443,200.0,10.1,0.05,227.1,30.8,23.0,1226.8,4207.32,10.0,2.0,2.5,NR5G-SA,n79,-98,-98,-10,13,-999,9.3
2026-05-28 14:34:37.878,2026-05-28 14:40:45.903,22.6554527,114.5104258,200.0,10.1,0.06,227.2,30.8,23.0,1226.1,4209.85,10.0,2.0,2.5,NR5G-SA,n79,-100,-100,-10,13,-999,7.8
2026-05-28 14:34:38.079,2026-05-28 14:40:46.103,22.6554527,114.5104258,200.0,10.1,0.06,227.2,30.8,23.0,1226.1,4209.85,10.0,2.0,2.5,NR5G-SA,n79,-100,-100,-10,13,-999,9.6
2026-05-28 14:34:38.279,2026-05-28 14:40:46.303,22.6554378,114.5104074,200.0,10.1,0.02,227.5,30.8,25.1,1225.4,4212.36,10.0,2.0,2.5,NR5G-SA,n79,-100,-100,-10,13,-999,7.9
2026-05-28 14:34:38.480,2026-05-28 14:40:46.503,22.6554228,114.5103890,200.0,10.1,-0.06,227.6,32.3,25.1,1224.7,4214.88,10.0,2.0,2.5,NR5G-SA,n79,-101,-101,-10,12,-999,5.1
2026-05-28 14:34:38.680,2026-05-28 14:40:46.903,22.6554079,114.5103707,200.0,10.0,-0.05,227.7,32.3,25.1,1224.0,4217.39,10.0,2.0,2.5,NR5G-SA,n79,-101,-101,-10,12,-999,7.7
2026-05-28 14:34:38.881,2026-05-28 14:40:46.903,22.6553928,114.5103524,200.0,10.0,0.03,227.9,32.3,25.1,1223.3,4219.91,10.0,2.0,2.5,NR5G-SA,n79,-100,-100,-10,13,-999,8.0
2026-05-28 14:34:39.081,2026-05-28 14:40:47.103,22.6553928,114.5103524,200.0,10.0,0.03,227.9,32.3,25.1,1223.3,4219.91,10.0,2.0,2.5,NR5G-SA,n79,-100,-100,-10,13,-999,8.5
2026-05-28 14:34:39.281,2026-05-28 14:40:47.303,22.6553779,114.5103340,200.0,10.0,0.02,228.2,32.3,26.9,1222.6,4222.43,10.0,2.0,2.5,NR5G-SA,n79,-100,-100,-10,13,-999,7.8
2026-05-28 14:34:39.481,2026-05-28 14:40:47.503,22.6553631,114.5103156,200.0,10.0,-0.02,228.7,37.6,26.9,1221.9,4224.93,10.0,2.0,2.5,NR5G-SA,n79,-100,-100,-10,13,-999,5.2
2026-05-28 14:34:39.682,2026-05-28 14:40:47.903,22.6553484,114.5102973,200.0,10.0,-0.09,228.9,37.6,26.9,1221.3,4227.43,10.0,2.0,2.5,NR5G-SA,n79,-100,-100,-10,13,-999,6.0
2026-05-28 14:34:39.882,2026-05-28 14:40:47.903,22.6553336,114.5102792,200.0,10.0,-0.08,229.2,37.6,26.9,1220.6,4229.91,10.0,2.0,2.5,NR5G-SA,n79,-101,-101,-10,14,-999,7.2
2026-05-28 14:34:40.083,2026-05-28 14:40:48.103,22.6553336,114.5102792,200.0,10.0,-0.08,229.2,37.6,26.9,1220.6,4229.91,10.0,2.0,2.5,NR5G-SA,n79,-99,-99,-10,13,-999,11.8
2026-05-28 14:34:40.283,2026-05-28 14:40:48.303,22.6553188,114.5102610,200.0,10.0,-0.06,229.4,37.6,26.8,1220.0,4232.40,10.0,2.0,2.5,NR5G-SA,n79,-99,-99,-10,13,-999,9.1
2026-05-28 14:34:40.483,2026-05-28 14:40:48.503,22.6553041,114.5102428,200.0,10.0,-0.02,229.5,24.9,26.8,1219.3,4234.89,10.0,2.0,2.5,NR5G-SA,n79,-99,-99,-10,13,-999,4.6
2026-05-28 14:34:40.684,2026-05-28 14:40:48.903,22.6552893,114.5102246,200.0,9.9,0.07,229.6,24.9,26.8,1218.7,4237.38,10.0,2.0,2.5,NR5G-SA,n79,-99,-99,-10,13,-999,6.2
2026-05-28 14:34:40.884,2026-05-28 14:40:48.903,22.6552744,114.5102063,200.0,10.0,0.03,229.7,24.9,26.8,1218.0,4239.89,10.0,2.0,2.5,NR5G-SA,n79,-99,-99,-10,13,-999,8.8
2026-05-28 14:34:41.084,2026-05-28 14:40:49.103,22.6552744,114.5102063,200.0,10.0,0.03,229.7,24.9,26.8,1218.0,4239.89,10.0,2.0,2.5,NR5G-SA,n79,-99,-99,-10,13,-999,9.7
2026-05-28 14:34:41.285,2026-05-28 14:40:49.303,22.6552594,114.5101881,200.0,10.0,0.05,229.7,24.9,22.9,1217.4,4242.39,10.0,2.0,2.5,NR5G-SA,n79,-98,-98,-10,13,-999,8.5
2026-05-28 14:34:41.485,2026-05-28 14:40:49.503,22.6552443,114.5101699,200.0,10.1,0.01,229.6,41.6,22.9,1216.8,4244.91,10.0,2.0,2.5,NR5G-SA,n79,-98,-98,-10,13,-999,6.0
2026-05-28 14:34:41.685,2026-05-28 14:40:49.903,22.6552293,114.5101517,200.0,10.1,-0.01,229.7,41.6,22.9,1216.2,4247.41,10.0,2.0,2.5,NR5G-SA,n79,-99,-99,-10,13,-999,5.8
2026-05-28 14:34:41.886,2026-05-28 14:40:49.903,22.6552142,114.5101336,200.0,10.0,-0.02,229.6,41.6,22.9,1215.6,4249.92,10.0,2.0,2.5,NR5G-SA,n79,-99,-99,-10,13,-999,7.6
2026-05-28 14:34:42.086,2026-05-28 14:40:50.103,22.6552142,114.5101336,200.0,10.0,-0.02,229.6,41.6,22.9,1215.6,4249.92,10.0,2.0,2.5,NR5G-SA,n79,-99,-99,-10,13,-999,11.0
2026-05-28 14:34:42.287,2026-05-28 14:40:50.303,22.6551992,114.5101153,200.0,10.0,-0.02,229.5,41.6,21.8,1215.0,4252.43,10.0,2.0,2.5,NR5G-SA,n79,-99,-99,-10,12,-999,9.0
2026-05-28 14:34:42.487,2026-05-28 14:40:50.503,22.6551841,114.5100970,200.0,10.0,0.04,229.4,16.7,21.8,1214.4,4254.96,10.0,2.0,2.5,NR5G-SA,n79,-99,-99,-10,12,-999,5.5
2026-05-28 14:34:42.687,2026-05-28 14:40:50.903,22.6551691,114.5100788,200.0,10.0,-0.01,229.2,16.7,21.8,1213.8,4257.46,10.0,2.0,2.5,NR5G-SA,n79,-99,-99,-10,12,-999,8.7
2026-05-28 14:34:42.887,2026-05-28 14:40:51.103,22.6551541,114.5100606,200.0,10.0,-0.02,228.9,16.7,21.8,1213.2,4259.97,10.0,2.0,2.5,NR5G-SA,n79,-99,-99,-10,14,-999,4.4
2026-05-28 14:34:43.088,2026-05-28 14:40:51.103,22.6551541,114.5100606,200.0,10.0,-0.02,228.9,16.7,21.8,1213.2,4259.97,10.0,2.0,2.5,NR5G-SA,n79,-99,-99,-10,14,-999,9.6
2026-05-28 14:34:43.288,2026-05-28 14:40:51.303,22.6551390,114.5100425,200.0,10.0,-0.08,228.7,16.7,21.1,1212.6,4262.48,10.0,2.0,2.5,NR5G-SA,n79,-99,-99,-10,14,-999,9.2
2026-05-28 14:34:43.488,2026-05-28 14:40:51.503,22.6551239,114.5100243,200.0,10.0,-0.08,228.4,0.0,21.1,1212.0,4264.99,10.0,2.0,2.5,NR5G-SA,n79,-98,-98,-10,14,-999,4.8
2026-05-28 14:34:43.689,2026-05-28 14:40:51.903,22.6551089,114.5100062,200.0,10.0,-0.01,228.4,0.0,21.1,1211.5,4267.49,10.0,2.0,2.5,NR5G-SA,n79,-98,-98,-10,14,-999,6.8
2026-05-28 14:34:43.889,2026-05-28 14:40:51.903,22.6550940,114.5099881,200.0,10.0,-0.06,228.4,0.0,21.1,1210.9,4269.98,10.0,2.0,2.5,NR5G-SA,n79,-99,-99,-10,12,-999,8.1
2026-05-28 14:34:44.089,2026-05-28 14:40:52.103,22.6550940,114.5099881,200.0,10.0,-0.06,228.4,0.0,21.1,1210.9,4269.98,10.0,2.0,2.5,NR5G-SA,n79,-99,-99,-10,12,-999,10.3
2026-05-28 14:34:44.290,2026-05-28 14:40:52.303,22.6550791,114.5099699,200.0,9.9,0.05,228.5,0.0,20.6,1210.3,4272.48,10.0,2.0,2.5,NR5G-SA,n79,-99,-99,-10,12,-999,8.6
2026-05-28 14:34:44.490,2026-05-28 14:40:52.503,22.6550643,114.5099518,200.0,9.9,0.02,228.4,6.0,20.6,1209.8,4274.97,10.0,2.0,2.5,NR5G-SA,n79,-100,-100,-10,12,-999,4.6
2026-05-28 14:34:44.691,2026-05-28 14:40:52.503,22.6550493,114.5099337,200.0,10.0,-0.01,228.3,6.0,20.6,1209.2,4277.46,10.0,2.0,2.5,NR5G-SA,n79,-100,-100,-10,12,-999,8.6
2026-05-28 14:34:44.891,2026-05-28 14:40:52.903,22.6550343,114.5099154,200.0,9.9,0.05,228.2,6.0,20.6,1208.7,4279.98,10.0,2.0,2.5,NR5G-SA,n79,-100,-100,-10,12,-999,6.6
2026-05-28 14:34:45.091,2026-05-28 14:40:53.103,22.6550343,114.5099154,200.0,9.9,0.05,228.2,6.0,20.6,1208.7,4279.98,10.0,2.0,2.5,NR5G-SA,n79,-102,-102,-10,13,-999,11.9
2026-05-28 14:34:45.292,2026-05-28 14:40:53.303,22.6550195,114.5098973,200.0,10.0,-0.03,228.3,6.0,20.6,1208.1,4282.46,10.0,2.0,2.5,NR5G-SA,n79,-102,-102,-10,13,-999,7.7
2026-05-28 14:34:45.492,2026-05-28 14:40:53.503,22.6550046,114.5098791,200.0,9.9,0.06,228.3,0.0,21.0,1207.6,4284.96,10.0,2.0,2.5,NR5G-SA,n79,-102,-102,-10,13,-999,6.6
2026-05-28 14:34:45.692,2026-05-28 14:40:53.503,22.6549896,114.5098608,200.0,10.0,-0.01,228.5,0.0,21.0,1207.0,4287.48,10.0,2.0,2.5,NR5G-SA,n79,-103,-103,-10,12,-999,6.2
2026-05-28 14:34:45.893,2026-05-28 14:40:54.103,22.6549749,114.5098426,200.0,10.0,-0.01,228.7,0.0,21.0,1206.5,4289.96,10.0,2.0,2.5,NR5G-SA,n79,-103,-103,-10,12,-999,4.5
2026-05-28 14:34:46.093,2026-05-28 14:40:54.103,22.6549749,114.5098426,200.0,10.0,-0.01,228.7,0.0,21.0,1206.5,4289.96,10.0,2.0,2.5,NR5G-SA,n79,-103,-103,-10,14,-999,14.3
2026-05-28 14:34:46.294,2026-05-28 14:40:54.303,22.6549600,114.5098243,200.0,10.0,-0.00,228.9,0.0,21.0,1206.0,4292.47,10.0,2.0,2.5,NR5G-SA,n79,-103,-103,-10,14,-999,8.3
2026-05-28 14:34:46.494,2026-05-28 14:40:54.503,22.6549452,114.5098059,200.0,10.0,0.02,228.9,5.6,22.0,1205.4,4294.98,10.0,2.0,2.5,NR5G-SA,n79,-103,-103,-10,14,-999,5.4
2026-05-28 14:34:46.694,2026-05-28 14:40:54.903,22.6549303,114.5097876,200.0,10.0,0.02,228.9,5.6,22.0,1204.9,4297.48,10.0,2.0,2.5,NR5G-SA,n79,-101,-101,-10,15,-999,10.2
2026-05-28 14:34:46.895,2026-05-28 14:40:54.903,22.6549154,114.5097694,200.0,10.0,0.06,228.9,5.6,22.0,1204.4,4299.98,10.0,2.0,2.5,NR5G-SA,n79,-101,-101,-10,15,-999,6.2
2026-05-28 14:34:47.095,2026-05-28 14:40:55.103,22.6549154,114.5097694,200.0,10.0,0.06,228.9,5.6,22.0,1204.4,4299.98,10.0,2.0,2.5,NR5G-SA,n79,-101,-101,-10,15,-999,14.9
2026-05-28 14:34:47.295,2026-05-28 14:40:55.303,22.6549005,114.5097512,200.0,10.0,0.01,229.0,5.6,22.0,1203.9,4302.48,10.0,2.0,2.5,NR5G-SA,n79,-98,-98,-10,13,-999,8.7
2026-05-28 14:34:47.496,2026-05-28 14:40:55.503,22.6548856,114.5097330,200.0,10.0,0.01,229.2,0.0,22.1,1203.3,4304.98,10.0,2.0,2.5,NR5G-SA,n79,-98,-98,-10,13,-999,6.1
2026-05-28 14:34:47.696,2026-05-28 14:40:55.903,22.6548707,114.5097147,200.0,10.0,0.05,229.2,0.0,22.1,1202.8,4307.49,10.0,2.0,2.5,NR5G-SA,n79,-98,-98,-10,13,-999,5.1
2026-05-28 14:34:47.896,2026-05-28 14:40:55.903,22.6548559,114.5096965,200.0,10.0,-0.05,229.2,0.0,22.1,1202.3,4309.98,10.0,2.0,2.5,NR5G-SA,n79,-99,-99,-10,14,-999,8.2
2026-05-28 14:34:48.097,2026-05-28 14:40:56.103,22.6548559,114.5096965,200.0,10.0,-0.05,229.2,0.0,22.1,1202.3,4309.98,10.0,2.0,2.5,NR5G-SA,n79,-99,-99,-10,14,-999,14.1
2026-05-28 14:34:48.297,2026-05-28 14:40:56.303,22.6548410,114.5096783,200.0,9.9,0.01,229.1,0.0,22.1,1201.8,4312.48,10.0,2.0,2.5,NR5G-SA,n79,-100,-100,-10,13,-999,8.0
2026-05-28 14:34:48.497,2026-05-28 14:40:56.503,22.6548260,114.5096601,200.0,10.0,0.01,229.0,15.8,22.0,1201.4,4314.99,10.0,2.0,2.5,NR5G-SA,n79,-100,-100,-10,13,-999,4.2
2026-05-28 14:34:48.698,2026-05-28 14:40:56.903,22.6548110,114.5096420,200.0,10.0,0.06,228.6,15.8,22.0,1200.9,4317.49,10.0,2.0,2.5,NR5G-SA,n79,-100,-100,-10,13,-999,7.0
2026-05-28 14:34:48.898,2026-05-28 14:40:56.903,22.6547959,114.5096239,200.0,10.0,0.02,228.0,15.8,22.0,1200.4,4319.99,10.0,2.0,2.5,NR5G-SA,n79,-101,-101,-10,13,-999,6.8
2026-05-28 14:34:49.099,2026-05-28 14:40:57.103,22.6547959,114.5096239,200.0,10.0,0.02,228.0,15.8,22.0,1200.4,4319.99,10.0,2.0,2.5,NR5G-SA,n79,-101,-101,-10,13,-999,14.7
2026-05-28 14:34:49.299,2026-05-28 14:40:57.303,22.6547808,114.5096058,200.0,10.0,-0.01,227.5,15.8,22.0,1200.0,4322.50,10.0,2.0,2.5,NR5G-SA,n79,-101,-101,-10,13,-999,9.9
2026-05-28 14:34:49.499,2026-05-28 14:40:57.503,22.6547656,114.5095876,200.0,10.0,0.01,227.0,43.5,23.6,1199.5,4325.02,10.0,2.0,2.5,NR5G-SA,n79,-103,-103,-10,12,-999,6.4
2026-05-28 14:34:49.700,2026-05-28 14:40:57.903,22.6547506,114.5095695,200.0,10.0,-0.01,226.6,43.5,23.6,1199.1,4327.52,10.0,2.0,2.5,NR5G-SA,n79,-103,-103,-10,12,-999,5.6
2026-05-28 14:34:49.900,2026-05-28 14:40:57.903,22.6547356,114.5095514,200.0,10.0,0.04,226.2,43.5,23.6,1198.7,4330.02,10.0,2.0,2.5,NR5G-SA,n79,-103,-103,-10,12,-999,7.2
2026-05-28 14:34:50.100,2026-05-28 14:40:58.103,22.6547204,114.5095332,200.0,10.0,0.04,226.0,43.5,23.6,1198.2,4332.54,10.0,2.0,2.5,NR5G-SA,n79,-103,-103,-11,14,-999,9.6
2026-05-28 14:34:50.301,2026-05-28 14:40:58.303,22.6547204,114.5095332,200.0,10.1,-0.02,226.0,43.5,23.6,1198.2,4332.54,10.0,2.0,2.5,NR5G-SA,n79,-103,-103,-11,14,-999,8.8
2026-05-28 14:34:50.501,2026-05-28 14:40:58.503,22.6547054,114.5095149,200.0,10.1,-0.05,226.0,24.6,24.9,1197.8,4335.05,10.0,2.0,2.5,NR5G-SA,n79,-101,-101,-10,14,-999,5.3
2026-05-28 14:34:50.701,2026-05-28 14:40:58.903,22.6546904,114.5094967,200.0,10.0,-0.06,226.1,24.6,24.9,1197.4,4337.56,10.0,2.0,2.5,NR5G-SA,n79,-101,-101,-10,14,-999,4.9
2026-05-28 14:34:50.901,2026-05-28 14:40:58.903,22.6546756,114.5094784,199.9,10.0,-0.05,226.2,24.6,24.9,1196.9,4340.06,10.0,2.0,2.5,NR5G-SA,n79,-101,-101,-10,14,-999,10.2
2026-05-28 14:34:51.102,2026-05-28 14:40:59.103,22.6546608,114.5094601,200.0,10.0,-0.05,226.4,24.6,24.9,1196.5,4342.56,10.0,2.0,2.5,NR5G-SA,n79,-111,-111,-11,12,-999,13.3
2026-05-28 14:34:51.302,2026-05-28 14:40:59.303,22.6546608,114.5094601,200.0,9.9,0.05,226.4,24.6,24.9,1196.5,4342.56,10.0,2.0,2.5,NR5G-SA,n79,-111,-111,-11,12,-999,8.9
2026-05-28 14:34:51.502,2026-05-28 14:40:59.503,22.6546461,114.5094419,200.0,9.9,0.05,226.5,37.5,23.1,1196.0,4345.05,10.0,2.0,2.5,NR5G-SA,n79,-111,-111,-11,12,-999,6.3
2026-05-28 14:34:51.703,2026-05-28 14:40:59.903,22.6546314,114.5094237,200.0,9.9,0.05,226.6,37.5,23.1,1195.6,4347.53,10.0,2.0,2.5,NR5G-SA,n79,-104,-104,-11,13,-999,6.5
2026-05-28 14:34:51.903,2026-05-28 14:40:59.903,22.6546165,114.5094055,200.0,10.0,-0.01,226.7,37.5,23.1,1195.2,4350.03,10.0,2.0,2.5,NR5G-SA,n79,-104,-104,-11,13,-999,7.2
2026-05-28 14:34:52.104,2026-05-28 14:41:00.103,22.6546015,114.5093872,200.0,10.0,0.05,226.7,37.5,23.1,1194.8,4352.54,10.0,2.0,2.5,NR5G-SA,n79,-104,-104,-11,13,-999,11.4
2026-05-28 14:34:52.304,2026-05-28 14:41:00.303,22.6546015,114.5093872,200.0,10.0,0.05,226.7,37.5,23.1,1194.8,4352.54,10.0,2.0,2.5,NR5G-SA,n79,-105,-105,-10,14,-999,9.3
2026-05-28 14:34:52.504,2026-05-28 14:41:00.503,22.6545866,114.5093690,200.0,10.0,-0.02,226.7,31.9,22.1,1194.4,4355.04,10.0,2.0,2.5,NR5G-SA,n79,-105,-105,-10,14,-999,6.3
2026-05-28 14:34:52.704,2026-05-28 14:41:00.903,22.6545716,114.5093508,200.0,10.0,-0.01,226.8,31.9,22.1,1194.0,4357.55,10.0,2.0,2.5,NR5G-SA,n79,-103,-103,-10,12,-999,5.4
2026-05-28 14:34:52.905,2026-05-28 14:41:00.903,22.6545566,114.5093326,200.0,10.0,0.03,226.9,31.9,22.1,1193.6,4360.06,10.0,2.0,2.5,NR5G-SA,n79,-103,-103,-10,12,-999,9.5
2026-05-28 14:34:53.105,2026-05-28 14:41:01.103,22.6545566,114.5093326,200.0,10.0,0.03,226.9,31.9,22.1,1193.6,4360.06,10.0,2.0,2.5,NR5G-SA,n79,-103,-103,-10,12,-999,12.5
2026-05-28 14:34:53.306,2026-05-28 14:41:01.303,22.6545418,114.5093144,200.0,10.0,-0.00,227.0,31.9,22.1,1193.2,4362.55,10.0,2.0,2.5,NR5G-SA,n79,-105,-105,-11,13,-999,7.1
2026-05-28 14:34:53.506,2026-05-28 14:41:01.503,22.6545270,114.5092962,200.0,10.0,0.02,227.0,50.4,21.0,1192.8,4365.04,10.0,2.0,2.5,NR5G-SA,n79,-105,-105,-11,13,-999,5.4
2026-05-28 14:34:53.706,2026-05-28 14:41:01.903,22.6545121,114.5092779,200.0,10.0,0.05,227.1,50.4,21.0,1192.4,4367.55,10.0,2.0,2.5,NR5G-SA,n79,-105,-105,-11,13,-999,4.6
2026-05-28 14:34:53.907,2026-05-28 14:41:01.903,22.6544971,114.5092596,200.0,10.0,0.04,227.2,50.4,21.0,1192.0,4370.06,10.0,2.0,2.5,NR5G-SA,n79,-105,-105,-10,12,-999,8.9
2026-05-28 14:34:54.107,2026-05-28 14:41:02.103,22.6544822,114.5092412,200.0,10.0,0.04,227.3,50.4,21.0,1191.6,4372.58,10.0,2.0,2.5,NR5G-SA,n79,-105,-105,-10,12,-999,14.1
2026-05-28 14:34:54.308,2026-05-28 14:41:02.303,22.6544822,114.5092412,200.0,10.0,0.04,227.3,50.4,21.0,1191.6,4372.58,10.0,2.0,2.5,NR5G-SA,n79,-105,-105,-10,12,-999,9.5
2026-05-28 14:34:54.508,2026-05-28 14:41:02.503,22.6544672,114.5092228,200.0,10.0,0.06,227.5,0.0,21.0,1191.3,4375.10,10.0,2.0,2.5,NR5G-SA,n79,-99,-99,-10,12,-999,6.2
2026-05-28 14:34:54.708,2026-05-28 14:41:02.903,22.6544524,114.5092045,200.0,10.0,-0.02,227.7,0.0,20.2,1190.9,4377.60,10.0,2.0,2.5,NR5G-SA,n79,-99,-99,-10,12,-999,8.7
2026-05-28 14:34:54.909,2026-05-28 14:41:02.903,22.6544375,114.5091861,200.0,10.0,0.03,227.9,0.0,20.2,1190.5,4380.11,10.0,2.0,2.5,NR5G-SA,n79,-105,-105,-10,13,-999,8.2
2026-05-28 14:34:55.109,2026-05-28 14:41:03.103,22.6544226,114.5091679,200.0,10.0,0.08,228.0,0.0,20.2,1190.2,4382.61,10.0,2.0,2.5,NR5G-SA,n79,-105,-105,-10,13,-999,8.4
2026-05-28 14:34:55.309,2026-05-28 14:41:03.303,22.6544226,114.5091679,200.0,10.0,0.08,228.0,0.0,20.2,1190.2,4382.61,10.0,2.0,2.5,NR5G-SA,n79,-105,-105,-10,13,-999,9.8
2026-05-28 14:34:55.509,2026-05-28 14:41:03.503,22.6544077,114.5091497,200.0,10.0,-0.03,228.0,24.5,20.2,1189.8,4385.11,10.0,2.0,2.5,NR5G-SA,n79,-107,-107,-11,12,-999,6.5
2026-05-28 14:34:55.710,2026-05-28 14:41:03.903,22.6543928,114.5091315,200.0,10.0,-0.00,228.1,24.5,19.4,1189.5,4387.61,10.0,2.0,2.5,NR5G-SA,n79,-107,-107,-11,12,-999,6.9
2026-05-28 14:34:55.910,2026-05-28 14:41:03.903,22.6543778,114.5091133,200.0,10.0,-0.04,228.2,24.5,19.4,1189.2,4390.12,10.0,2.0,2.5,NR5G-SA,n79,-107,-107,-11,12,-999,6.3
2026-05-28 14:34:56.111,2026-05-28 14:41:04.103,22.6543628,114.5090951,200.0,10.0,-0.07,228.1,24.5,19.4,1188.8,4392.63,10.0,2.0,2.5,NR5G-SA,n79,-104,-104,-11,12,-999,7.8
2026-05-28 14:34:56.311,2026-05-28 14:41:04.303,22.6543628,114.5090951,200.0,10.0,-0.07,228.1,24.5,19.4,1188.8,4392.63,10.0,2.0,2.5,NR5G-SA,n79,-104,-104,-11,12,-999,8.5
2026-05-28 14:34:56.511,2026-05-28 14:41:04.503,22.6543478,114.5090770,200.0,10.0,-0.05,228.2,42.3,19.4,1188.5,4395.13,10.0,2.0,2.5,NR5G-SA,n79,-104,-104,-11,12,-999,6.0
2026-05-28 14:34:56.712,2026-05-28 14:41:04.903,22.6543328,114.5090587,200.0,10.0,-0.03,228.3,42.3,20.1,1188.2,4397.64,10.0,2.0,2.5,NR5G-SA,n79,-103,-103,-10,12,-999,6.3
2026-05-28 14:34:56.912,2026-05-28 14:41:04.903,22.6543179,114.5090406,200.0,10.0,-0.02,228.4,42.3,20.1,1187.9,4400.13,10.0,2.0,2.5,NR5G-SA,n79,-103,-103,-10,12,-999,8.3
2026-05-28 14:34:57.112,2026-05-28 14:41:05.103,22.6543030,114.5090223,200.0,10.0,0.00,228.3,42.3,20.1,1187.6,4402.64,10.0,2.0,2.5,NR5G-SA,n79,-103,-103,-10,12,-999,10.8
2026-05-28 14:34:57.313,2026-05-28 14:41:05.303,22.6543030,114.5090223,200.0,10.0,0.00,228.3,42.3,20.1,1187.6,4402.64,10.0,2.0,2.5,NR5G-SA,n79,-105,-105,-11,11,-999,9.2
2026-05-28 14:34:57.513,2026-05-28 14:41:05.503,22.6542882,114.5090041,200.0,10.0,-0.06,228.0,13.5,20.1,1187.3,4405.13,10.0,2.0,2.5,NR5G-SA,n79,-105,-105,-11,11,-999,4.7
2026-05-28 14:34:57.714,2026-05-28 14:41:05.903,22.6542733,114.5089861,200.0,9.9,-0.01,227.9,13.5,22.1,1187.0,4407.61,10.0,2.0,2.5,NR5G-SA,n79,-100,-100,-11,13,-999,5.7
2026-05-28 14:34:57.914,2026-05-28 14:41:05.903,22.6542584,114.5089680,200.0,10.0,-0.01,227.8,13.5,22.1,1186.7,4410.11,10.0,2.0,2.5,NR5G-SA,n79,-100,-100,-11,13,-999,7.4
2026-05-28 14:34:58.114,2026-05-28 14:41:06.103,22.6542434,114.5089498,200.0,9.9,0.01,227.9,13.5,22.1,1186.4,4412.61,10.0,2.0,2.5,NR5G-SA,n79,-100,-100,-11,13,-999,10.5
2026-05-28 14:34:58.315,2026-05-28 14:41:06.303,22.6542434,114.5089498,200.0,9.9,0.01,227.9,13.5,22.1,1186.4,4412.61,10.0,2.0,2.5,NR5G-SA,n79,-102,-102,-10,12,-999,10.0
2026-05-28 14:34:58.515,2026-05-28 14:41:06.503,22.6542284,114.5089315,200.0,9.9,-0.03,227.9,13.5,22.1,1186.2,4415.13,10.0,2.0,2.5,NR5G-SA,n79,-102,-102,-10,12,-999,4.8
2026-05-28 14:34:58.715,2026-05-28 14:41:06.903,22.6542136,114.5089134,200.0,9.9,-0.01,227.9,100.0,23.7,1185.9,4417.61,10.0,2.0,2.5,NR5G-SA,n79,-102,-102,-10,12,-999,7.1
2026-05-28 14:34:58.916,2026-05-28 14:41:07.103,22.6541988,114.5088953,200.0,9.9,0.08,227.9,100.0,23.7,1185.6,4420.10,10.0,2.0,2.5,NR5G-SA,n79,-102,-102,-10,10,-999,6.8
2026-05-28 14:34:59.116,2026-05-28 14:41:07.103,22.6541840,114.5088772,200.0,9.9,0.05,227.8,100.0,23.7,1185.4,4422.58,10.0,2.0,2.5,NR5G-SA,n79,-102,-102,-10,10,-999,11.4
2026-05-28 14:34:59.316,2026-05-28 14:41:07.303,22.6541840,114.5088772,200.0,9.9,0.05,227.8,100.0,23.7,1185.4,4422.58,10.0,2.0,2.5,NR5G-SA,n79,-102,-102,-10,10,-999,7.4
2026-05-28 14:34:59.517,2026-05-28 14:41:07.503,22.6541692,114.5088592,200.0,9.9,0.03,227.8,0.0,23.7,1185.1,4425.06,10.0,2.0,2.5,NR5G-SA,n79,-106,-106,-11,11,-999,4.6
2026-05-28 14:34:59.717,2026-05-28 14:41:07.903,22.6541542,114.5088411,200.0,10.0,0.02,227.7,0.0,23.9,1184.9,4427.56,10.0,2.0,2.5,NR5G-SA,n79,-106,-106,-11,11,-999,5.3
2026-05-28 14:34:59.917,2026-05-28 14:41:07.903,22.6541393,114.5088229,200.0,10.0,0.01,227.7,0.0,23.9,1184.6,4430.06,10.0,2.0,2.5,NR5G-SA,n79,-100,-100,-10,11,-999,7.8
2026-05-28 14:35:00.118,2026-05-28 14:41:08.103,22.6541243,114.5088046,200.0,10.0,-0.02,227.7,0.0,23.9,1184.4,4432.57,10.0,2.0,2.5,NR5G-SA,n79,-100,-100,-10,11,-999,10.8
2026-05-28 14:35:00.318,2026-05-28 14:41:08.303,22.6541243,114.5088046,200.0,10.0,-0.02,227.7,0.0,23.9,1184.4,4432.57,10.0,2.0,2.5,NR5G-SA,n79,-100,-100,-10,11,-999,9.6
2026-05-28 14:35:00.518,2026-05-28 14:41:08.503,22.6541093,114.5087863,200.0,10.0,-0.06,227.6,8.7,23.9,1184.1,4435.08,10.0,2.0,2.5,NR5G-SA,n79,-103,-103,-10,9,-999,6.6
2026-05-28 14:35:00.719,2026-05-28 14:41:08.903,22.6540943,114.5087681,200.0,10.0,-0.07,227.6,8.7,24.6,1183.9,4437.59,10.0,2.0,2.5,NR5G-SA,n79,-103,-103,-10,9,-999,6.9
2026-05-28 14:35:00.919,2026-05-28 14:41:09.103,22.6540794,114.5087498,200.0,10.0,-0.01,227.6,8.7,24.6,1183.7,4440.10,10.0,2.0,2.5,NR5G-SA,n79,-103,-103,-10,9,-999,4.0
2026-05-28 14:35:01.119,2026-05-28 14:41:09.103,22.6540646,114.5087316,200.0,10.0,-0.04,227.6,8.7,24.6,1183.4,4442.59,10.0,2.0,2.5,NR5G-SA,n79,-103,-103,-11,9,-999,9.8
2026-05-28 14:35:01.320,2026-05-28 14:41:09.303,22.6540646,114.5087316,200.0,10.0,-0.04,227.6,8.7,24.6,1183.4,4442.59,10.0,2.0,2.5,NR5G-SA,n79,-103,-103,-11,9,-999,7.0
2026-05-28 14:35:01.520,2026-05-28 14:41:09.503,22.6540498,114.5087134,200.0,10.0,-0.01,227.6,8.7,24.6,1183.2,4445.08,10.0,2.0,2.5,NR5G-SA,n79,-103,-103,-11,9,-999,5.6
2026-05-28 14:35:01.720,2026-05-28 14:41:09.903,22.6540349,114.5086953,200.0,9.9,0.01,227.5,0.0,24.6,1183.0,4447.57,10.0,2.0,2.5,NR5G-SA,n79,-103,-103,-10,8,-999,7.3
2026-05-28 14:35:01.921,2026-05-28 14:41:10.103,22.6540199,114.5086772,200.0,10.0,0.03,227.4,0.0,25.0,1182.8,4450.07,10.0,2.0,2.5,NR5G-SA,n79,-103,-103,-10,8,-999,5.8
2026-05-28 14:35:02.121,2026-05-28 14:41:10.103,22.6540050,114.5086591,200.0,9.9,0.02,227.4,0.0,25.0,1182.6,4452.56,10.0,2.0,2.5,NR5G-SA,n79,-102,-102,-10,7,-999,13.0
2026-05-28 14:35:02.321,2026-05-28 14:41:10.303,22.6540050,114.5086591,200.0,9.9,0.02,227.4,0.0,25.0,1182.6,4452.56,10.0,2.0,2.5,NR5G-SA,n79,-102,-102,-10,7,-999,9.3
2026-05-28 14:35:02.522,2026-05-28 14:41:10.503,22.6539901,114.5086410,200.0,9.9,0.02,227.4,0.0,25.0,1182.4,4455.06,10.0,2.0,2.5,NR5G-SA,n79,-102,-102,-10,7,-999,4.8
2026-05-28 14:35:02.722,2026-05-28 14:41:10.903,22.6539752,114.5086228,200.0,10.0,0.02,227.5,19.2,25.0,1182.2,4457.56,10.0,2.0,2.5,NR5G-SA,n79,-106,-106,-11,8,-999,6.5
2026-05-28 14:35:02.922,2026-05-28 14:41:11.103,22.6539604,114.5086046,200.0,10.0,-0.02,227.5,19.2,24.1,1182.0,4460.05,10.0,2.0,2.5,NR5G-SA,n79,-106,-106,-11,8,-999,6.1
2026-05-28 14:35:03.123,2026-05-28 14:41:11.103,22.6539455,114.5085865,200.0,10.0,0.03,227.4,19.2,24.1,1181.9,4462.54,10.0,2.0,2.5,NR5G-SA,n79,-106,-106,-11,8,-999,12.7
2026-05-28 14:35:03.323,2026-05-28 14:41:11.303,22.6539455,114.5085865,200.0,10.0,0.03,227.4,19.2,24.1,1181.9,4462.54,10.0,2.0,2.5,NR5G-SA,n79,-102,-102,-10,8,-999,8.1
2026-05-28 14:35:03.523,2026-05-28 14:41:11.503,22.6539306,114.5085684,200.0,10.0,-0.06,227.3,19.2,24.1,1181.7,4465.03,10.0,2.0,2.5,NR5G-SA,n79,-102,-102,-10,8,-999,7.1
2026-05-28 14:35:03.724,2026-05-28 14:41:11.903,22.6539155,114.5085501,200.0,10.0,-0.01,227.5,40.7,24.1,1181.5,4467.55,10.0,2.0,2.5,NR5G-SA,n79,-102,-102,-10,8,-999,6.6
2026-05-28 14:35:03.924,2026-05-28 14:41:12.103,22.6539004,114.5085318,200.0,10.1,0.01,227.6,40.7,23.5,1181.4,4470.08,10.0,2.0,2.5,NR5G-SA,n79,-104,-104,-10,9,-999,4.5
2026-05-28 14:35:04.124,2026-05-28 14:41:12.103,22.6538854,114.5085135,200.0,10.0,0.10,227.9,40.7,23.5,1181.2,4472.59,10.0,2.0,2.5,NR5G-SA,n79,-104,-104,-10,9,-999,11.7
2026-05-28 14:35:04.324,2026-05-28 14:41:12.303,22.6538854,114.5085135,200.0,10.0,0.10,227.9,40.7,23.5,1181.2,4472.59,10.0,2.0,2.5,NR5G-SA,n79,-100,-100,-10,8,-999,9.0
2026-05-28 14:35:04.525,2026-05-28 14:41:12.503,22.6538705,114.5084952,200.1,10.0,0.01,228.3,40.7,23.5,1181.0,4475.10,10.0,2.0,2.5,NR5G-SA,n79,-100,-100,-10,8,-999,4.5
2026-05-28 14:35:04.725,2026-05-28 14:41:12.903,22.6538559,114.5084768,200.1,10.0,-0.06,228.9,27.4,23.5,1180.9,4477.59,10.0,2.0,2.5,NR5G-SA,n79,-100,-100,-10,8,-999,5.4
2026-05-28 14:35:04.925,2026-05-28 14:41:13.103,22.6538414,114.5084584,200.0,10.0,-0.10,229.3,27.4,21.2,1180.7,4480.08,10.0,2.0,2.5,NR5G-SA,n79,-107,-107,-11,8,-999,5.9
2026-05-28 14:35:05.126,2026-05-28 14:41:13.103,22.6538268,114.5084401,200.0,10.0,-0.15,229.3,27.4,21.2,1180.5,4482.56,10.0,2.0,2.5,NR5G-SA,n79,-107,-107,-11,8,-999,10.9
2026-05-28 14:35:05.326,2026-05-28 14:41:13.303,22.6538268,114.5084401,200.0,10.0,-0.15,229.3,27.4,21.2,1180.5,4482.56,10.0,2.0,2.5,NR5G-SA,n79,-107,-107,-11,8,-999,5.6
2026-05-28 14:35:05.526,2026-05-28 14:41:13.503,22.6538120,114.5084219,200.0,10.0,-0.09,229.3,27.4,21.2,1180.3,4485.05,10.0,2.0,2.5,NR5G-SA,n79,-107,-107,-11,7,-999,5.2
2026-05-28 14:35:05.727,2026-05-28 14:41:13.903,22.6537970,114.5084037,200.0,10.0,-0.00,229.3,35.4,21.2,1180.2,4487.56,10.0,2.0,2.5,NR5G-SA,n79,-107,-107,-11,7,-999,5.7
2026-05-28 14:35:05.927,2026-05-28 14:41:14.103,22.6537821,114.5083856,200.0,10.0,0.01,229.3,35.4,19.8,1180.1,4490.05,10.0,2.0,2.5,NR5G-SA,n79,-107,-107,-11,7,-999,6.0
2026-05-28 14:35:06.127,2026-05-28 14:41:14.103,22.6537672,114.5083676,200.0,10.0,0.01,229.3,35.4,19.8,1180.0,4492.53,10.0,2.0,2.5,NR5G-SA,n79,-107,-107,-11,7,-999,12.6
2026-05-28 14:35:06.328,2026-05-28 14:41:14.303,22.6537672,114.5083676,200.0,10.0,0.01,229.3,35.4,19.8,1180.0,4492.53,10.0,2.0,2.5,NR5G-SA,n79,-104,-104,-11,9,-999,9.0
2026-05-28 14:35:06.528,2026-05-28 14:41:14.503,22.6537524,114.5083495,200.0,9.9,0.07,229.3,35.4,19.8,1179.9,4495.02,10.0,2.0,2.5,NR5G-SA,n79,-99,-99,-10,10,-999,4.7
2026-05-28 14:35:06.728,2026-05-28 14:41:14.903,22.6537376,114.5083315,200.0,9.9,0.02,229.4,34.0,19.8,1179.8,4497.50,10.0,2.0,2.5,NR5G-SA,n79,-99,-99,-10,10,-999,5.2
2026-05-28 14:35:06.929,2026-05-28 14:41:15.103,22.6537226,114.5083133,200.0,10.0,-0.04,229.4,34.0,20.4,1179.7,4500.00,10.0,2.0,2.5,NR5G-SA,n79,-99,-99,-10,10,-999,6.7
2026-05-28 14:35:07.129,2026-05-28 14:41:15.103,22.6537077,114.5082951,200.0,10.0,-0.04,229.4,34.0,20.4,1179.6,4502.50,10.0,2.0,2.5,NR5G-SA,n79,-102,-102,-10,11,-999,11.6
2026-05-28 14:35:07.330,2026-05-28 14:41:15.303,22.6537077,114.5082951,200.0,10.0,-0.04,229.4,34.0,20.4,1179.6,4502.50,10.0,2.0,2.5,NR5G-SA,n79,-102,-102,-10,11,-999,8.1
2026-05-28 14:35:07.530,2026-05-28 14:41:15.503,22.6536926,114.5082770,200.0,10.0,-0.04,229.4,34.0,20.4,1179.5,4505.01,10.0,2.0,2.5,NR5G-SA,n79,-102,-102,-10,11,-999,5.5
2026-05-28 14:35:07.730,2026-05-28 14:41:15.903,22.6536776,114.5082587,200.0,10.0,-0.03,229.4,28.2,20.4,1179.4,4507.52,10.0,2.0,2.5,NR5G-SA,n79,-104,-104,-11,8,-999,5.7
2026-05-28 14:35:07.931,2026-05-28 14:41:16.103,22.6536627,114.5082404,200.0,10.0,-0.00,229.4,28.2,19.4,1179.4,4510.03,10.0,2.0,2.5,NR5G-SA,n79,-104,-104,-11,8,-999,4.1
2026-05-28 14:35:08.131,2026-05-28 14:41:16.103,22.6536476,114.5082220,200.0,10.0,0.06,229.5,28.2,19.4,1179.3,4512.56,10.0,2.0,2.5,NR5G-SA,n79,-104,-104,-11,8,-999,9.5
2026-05-28 14:35:08.332,2026-05-28 14:41:16.303,22.6536476,114.5082220,200.0,10.0,0.06,229.5,28.2,19.4,1179.3,4512.56,10.0,2.0,2.5,NR5G-SA,n79,-99,-99,-10,9,-999,9.6
2026-05-28 14:35:08.532,2026-05-28 14:41:16.503,22.6536326,114.5082036,200.0,10.0,-0.00,229.5,28.2,19.4,1179.2,4515.08,10.0,2.0,2.5,NR5G-SA,n79,-99,-99,-10,9,-999,5.5
2026-05-28 14:35:08.732,2026-05-28 14:41:16.903,22.6536177,114.5081853,200.0,10.0,0.03,229.6,40.0,19.4,1179.1,4517.59,10.0,2.0,2.5,NR5G-SA,n79,-106,-106,-11,9,-999,4.9
2026-05-28 14:35:08.933,2026-05-28 14:41:17.103,22.6536028,114.5081670,200.0,10.0,-0.02,229.6,40.0,19.5,1179.1,4520.10,10.0,2.0,2.5,NR5G-SA,n79,-106,-106,-11,9,-999,6.0
2026-05-28 14:35:09.133,2026-05-28 14:41:17.303,22.6535879,114.5081488,200.0,10.0,-0.03,229.6,40.0,19.5,1179.0,4522.60,10.0,2.0,2.5,NR5G-SA,n79,-106,-106,-11,9,-999,7.8
2026-05-28 14:35:09.334,2026-05-28 14:41:17.303,22.6535879,114.5081488,200.0,10.0,-0.03,229.6,40.0,19.5,1179.0,4522.60,10.0,2.0,2.5,NR5G-SA,n79,-105,-105,-11,8,-999,11.0
2026-05-28 14:35:09.534,2026-05-28 14:41:17.503,22.6535730,114.5081306,200.0,10.0,-0.13,229.4,40.0,19.5,1179.0,4525.09,10.0,2.0,2.5,NR5G-SA,n79,-105,-105,-11,8,-999,7.1
2026-05-28 14:35:09.734,2026-05-28 14:41:17.903,22.6535581,114.5081125,200.0,10.0,-0.00,229.5,20.8,19.5,1178.9,4527.59,10.0,2.0,2.5,NR5G-SA,n79,-105,-105,-11,8,-999,6.4
2026-05-28 14:35:09.935,2026-05-28 14:41:18.103,22.6535431,114.5080944,200.0,10.0,-0.00,229.3,20.8,19.3,1178.9,4530.09,10.0,2.0,2.5,NR5G-SA,n79,-109,-109,-11,8,-999,6.9
2026-05-28 14:35:10.135,2026-05-28 14:41:18.103,22.6535282,114.5080762,200.0,10.0,-0.03,229.0,20.8,19.3,1178.9,4532.59,10.0,2.0,2.5,NR5G-SA,n79,-109,-109,-11,8,-999,10.6
2026-05-28 14:35:10.335,2026-05-28 14:41:18.303,22.6535282,114.5080762,200.0,10.0,-0.03,229.0,20.8,19.3,1178.9,4532.59,10.0,2.0,2.5,NR5G-SA,n79,-109,-109,-11,8,-999,8.5
2026-05-28 14:35:10.536,2026-05-28 14:41:18.503,22.6535132,114.5080580,200.0,10.0,-0.05,228.8,20.8,19.3,1178.8,4535.09,10.0,2.0,2.5,NR5G-SA,n79,-104,-104,-11,8,-999,7.0
2026-05-28 14:35:10.736,2026-05-28 14:41:18.903,22.6534982,114.5080399,200.0,10.0,-0.10,228.7,0.0,19.3,1178.8,4537.59,10.0,2.0,2.5,NR5G-SA,n79,-104,-104,-11,8,-999,4.5
2026-05-28 14:35:10.936,2026-05-28 14:41:19.103,22.6534831,114.5080217,200.0,10.0,-0.05,228.4,0.0,20.2,1178.8,4540.11,10.0,2.0,2.5,NR5G-SA,n79,-104,-104,-11,8,-999,4.9
2026-05-28 14:35:11.137,2026-05-28 14:41:19.103,22.6534681,114.5080036,200.0,10.0,-0.02,227.9,0.0,20.2,1178.8,4542.60,10.0,2.0,2.5,NR5G-SA,n79,-98,-98,-10,8,-999,10.9
2026-05-28 14:35:11.337,2026-05-28 14:41:19.303,22.6534681,114.5080036,200.0,10.0,-0.02,227.9,0.0,20.2,1178.8,4542.60,10.0,2.0,2.5,NR5G-SA,n79,-98,-98,-10,8,-999,10.4
2026-05-28 14:35:11.537,2026-05-28 14:41:19.503,22.6534531,114.5079855,200.0,9.9,0.03,227.7,0.0,20.2,1178.8,4545.10,10.0,2.0,2.5,NR5G-SA,n79,-103,-103,-10,7,-999,8.1
2026-05-28 14:35:11.738,2026-05-28 14:41:19.903,22.6534383,114.5079675,200.0,10.0,0.01,227.6,11.3,20.2,1178.8,4547.58,10.0,2.0,2.5,NR5G-SA,n79,-103,-103,-10,7,-999,5.7
2026-05-28 14:35:11.938,2026-05-28 14:41:20.103,22.6534235,114.5079494,200.0,10.0,0.07,227.6,11.3,20.2,1178.8,4550.06,10.0,2.0,2.5,NR5G-SA,n79,-103,-103,-10,7,-999,4.2
2026-05-28 14:35:12.138,2026-05-28 14:41:20.103,22.6534087,114.5079312,200.0,9.9,0.04,227.8,11.3,18.1,1178.8,4552.56,10.0,2.0,2.5,NR5G-SA,n79,-102,-102,-10,8,-999,8.1
2026-05-28 14:35:12.339,2026-05-28 14:41:20.303,22.6534087,114.5079312,200.0,9.9,0.04,227.8,11.3,18.1,1178.8,4552.56,10.0,2.0,2.5,NR5G-SA,n79,-102,-102,-10,8,-999,8.2
2026-05-28 14:35:12.539,2026-05-28 14:41:20.503,22.6533938,114.5079130,200.0,10.0,-0.03,227.8,11.3,18.1,1178.9,4555.06,10.0,2.0,2.5,NR5G-SA,n79,-102,-102,-10,8,-999,6.7
2026-05-28 14:35:12.739,2026-05-28 14:41:20.903,22.6533788,114.5078947,200.0,10.0,0.04,227.8,0.0,18.1,1178.9,4557.57,10.0,2.0,2.5,NR5G-SA,n79,-105,-105,-11,7,-999,7.5
2026-05-28 14:35:12.940,2026-05-28 14:41:21.103,22.6533638,114.5078764,200.0,10.0,0.06,228.1,0.0,18.1,1178.9,4560.08,10.0,2.0,2.5,NR5G-SA,n79,-105,-105,-11,7,-999,5.7
2026-05-28 14:35:13.140,2026-05-28 14:41:21.103,22.6533489,114.5078579,200.0,10.0,0.05,228.5,0.0,18.1,1178.9,4562.61,10.0,2.0,2.5,NR5G-SA,n79,-105,-105,-11,7,-999,12.0
2026-05-28 14:35:13.341,2026-05-28 14:41:21.303,22.6533489,114.5078579,200.0,10.0,0.05,228.5,0.0,18.1,1178.9,4562.61,10.0,2.0,2.5,NR5G-SA,n79,-103,-103,-10,7,-999,9.9
2026-05-28 14:35:13.541,2026-05-28 14:41:21.503,22.6533340,114.5078395,200.0,10.0,0.07,228.9,0.0,18.1,1178.9,4565.12,10.0,2.0,2.5,NR5G-SA,n79,-103,-103,-10,7,-999,7.5
2026-05-28 14:35:13.741,2026-05-28 14:41:21.903,22.6533192,114.5078211,200.0,10.0,0.02,229.0,0.0,18.1,1179.0,4567.63,10.0,2.0,2.5,NR5G-SA,n79,-107,-107,-11,7,-999,7.7
2026-05-28 14:35:13.942,2026-05-28 14:41:22.103,22.6533042,114.5078029,200.0,10.0,-0.05,229.0,0.0,18.1,1179.0,4570.14,10.0,2.0,2.5,NR5G-SA,n79,-107,-107,-11,7,-999,6.6
2026-05-28 14:35:14.142,2026-05-28 14:41:22.103,22.6532892,114.5077848,200.0,10.0,-0.07,228.7,0.0,20.6,1179.1,4572.64,10.0,2.0,2.5,NR5G-SA,n79,-107,-107,-11,7,-999,10.1
2026-05-28 14:35:14.342,2026-05-28 14:41:22.303,22.6532892,114.5077848,200.0,10.0,-0.07,228.7,0.0,20.6,1179.1,4572.64,10.0,2.0,2.5,NR5G-SA,n79,-104,-104,-11,8,-999,12.8
2026-05-28 14:35:14.543,2026-05-28 14:41:22.503,22.6532740,114.5077667,200.0,9.9,-0.03,228.2,0.0,20.6,1179.2,4575.15,10.0,2.0,2.5,NR5G-SA,n79,-104,-104,-11,8,-999,8.2
2026-05-28 14:35:14.743,2026-05-28 14:41:22.903,22.6532589,114.5077487,200.0,10.0,0.00,227.7,0.0,20.6,1179.3,4577.65,10.0,2.0,2.5,NR5G-SA,n79,-104,-104,-11,8,-999,5.3
2026-05-28 14:35:14.943,2026-05-28 14:41:23.103,22.6532440,114.5077307,200.0,10.0,-0.05,227.5,0.0,20.6,1179.3,4580.13,10.0,2.0,2.5,NR5G-SA,n79,-100,-100,-10,7,-999,4.3
2026-05-28 14:35:15.144,2026-05-28 14:41:23.103,22.6532291,114.5077125,200.0,9.9,-0.02,227.5,0.0,21.0,1179.4,4582.63,10.0,2.0,2.5,NR5G-SA,n79,-100,-100,-10,7,-999,9.6
2026-05-28 14:35:15.344,2026-05-28 14:41:23.303,22.6532291,114.5077125,200.0,9.9,-0.02,227.5,0.0,21.0,1179.4,4582.63,10.0,2.0,2.5,NR5G-SA,n79,-100,-100,-10,7,-999,9.0
2026-05-28 14:35:15.544,2026-05-28 14:41:23.503,22.6532144,114.5076943,200.0,9.9,0.05,227.7,0.0,21.0,1179.5,4585.12,10.0,2.0,2.5,NR5G-SA,n79,-105,-105,-11,7,-999,9.5
2026-05-28 14:35:15.745,2026-05-28 14:41:23.903,22.6531995,114.5076761,200.0,9.9,0.02,227.7,12.3,21.0,1179.6,4587.62,10.0,2.0,2.5,NR5G-SA,n79,-105,-105,-11,7,-999,6.3
2026-05-28 14:35:15.945,2026-05-28 14:41:24.103,22.6531846,114.5076578,200.0,10.0,0.04,227.7,12.3,21.0,1179.6,4590.12,10.0,2.0,2.5,NR5G-SA,n79,-102,-102,-11,7,-999,4.9
2026-05-28 14:35:16.146,2026-05-28 14:41:24.103,22.6531697,114.5076396,200.0,10.0,0.06,227.6,12.3,20.0,1179.7,4592.62,10.0,2.0,2.5,NR5G-SA,n79,-102,-102,-11,7,-999,9.4
2026-05-28 14:35:16.346,2026-05-28 14:41:24.303,22.6531697,114.5076396,200.0,10.0,0.06,227.6,12.3,20.0,1179.7,4592.62,10.0,2.0,2.5,NR5G-SA,n79,-102,-102,-11,7,-999,12.9
2026-05-28 14:35:16.546,2026-05-28 14:41:24.503,22.6531547,114.5076214,200.0,10.0,-0.02,227.5,12.3,20.0,1179.8,4595.13,10.0,2.0,2.5,NR5G-SA,n79,-108,-108,-11,7,-999,10.0
2026-05-28 14:35:16.747,2026-05-28 14:41:24.903,22.6531398,114.5076031,200.0,10.0,-0.01,227.6,44.0,20.0,1179.9,4597.64,10.0,2.0,2.5,NR5G-SA,n79,-108,-108,-11,7,-999,7.4
2026-05-28 14:35:16.947,2026-05-28 14:41:25.103,22.6531248,114.5075848,200.0,10.0,-0.15,227.7,44.0,20.0,1180.0,4600.15,10.0,2.0,2.5,NR5G-SA,n79,-108,-108,-11,7,-999,5.9
2026-05-28 14:35:17.147,2026-05-28 14:41:25.103,22.6531099,114.5075664,200.0,10.0,-0.16,227.8,44.0,20.0,1180.1,4602.67,10.0,2.0,2.5,NR5G-SA,n79,-106,-106,-11,8,-999,10.3
2026-05-28 14:35:17.348,2026-05-28 14:41:25.303,22.6531099,114.5075664,200.0,10.0,-0.16,227.8,44.0,20.0,1180.1,4602.67,10.0,2.0,2.5,NR5G-SA,n79,-106,-106,-11,8,-999,12.7
2026-05-28 14:35:17.548,2026-05-28 14:41:25.503,22.6530950,114.5075482,200.0,10.0,-0.09,227.6,44.0,20.0,1180.3,4605.17,10.0,2.0,2.5,NR5G-SA,n79,-106,-106,-11,8,-999,5.7
2026-05-28 14:35:17.748,2026-05-28 14:41:25.903,22.6530801,114.5075300,199.9,9.9,-0.05,227.4,22.8,20.0,1180.4,4607.66,10.0,2.0,2.5,NR5G-SA,n79,-100,-100,-10,8,-999,6.6
2026-05-28 14:35:17.949,2026-05-28 14:41:26.103,22.6530651,114.5075119,199.9,9.9,-0.06,227.3,22.8,20.0,1180.5,4610.16,10.0,2.0,2.5,NR5G-SA,n79,-100,-100,-10,8,-999,4.6
2026-05-28 14:35:18.149,2026-05-28 14:41:26.103,22.6530501,114.5074939,200.0,9.9,0.04,227.0,22.8,22.0,1180.7,4612.66,10.0,2.0,2.5,NR5G-SA,n79,-104,-104,-11,8,-999,8.5
2026-05-28 14:35:18.349,2026-05-28 14:41:26.303,22.6530501,114.5074939,200.0,9.9,0.04,227.0,22.8,22.0,1180.7,4612.66,10.0,2.0,2.5,NR5G-SA,n79,-104,-104,-11,8,-999,11.9
2026-05-28 14:35:18.550,2026-05-28 14:41:26.503,22.6530351,114.5074759,200.0,9.9,0.04,226.7,22.8,22.0,1180.9,4615.15,10.0,2.0,2.5,NR5G-SA,n79,-104,-104,-11,8,-999,5.2
2026-05-28 14:35:18.750,2026-05-28 14:41:26.903,22.6530201,114.5074580,200.0,10.0,0.07,226.3,45.6,22.0,1181.0,4617.63,10.0,2.0,2.5,NR5G-SA,n79,-101,-101,-10,9,-999,7.2
2026-05-28 14:35:18.950,2026-05-28 14:41:27.103,22.6530051,114.5074401,200.0,10.0,0.04,226.0,45.6,22.0,1181.2,4620.11,10.0,2.0,2.5,NR5G-SA,n79,-101,-101,-10,9,-999,6.1
2026-05-28 14:35:19.151,2026-05-28 14:41:27.103,22.6529901,114.5074221,200.0,10.0,-0.04,225.9,45.6,19.6,1181.4,4622.61,10.0,2.0,2.5,NR5G-SA,n79,-101,-101,-10,9,-999,9.2
2026-05-28 14:35:19.351,2026-05-28 14:41:27.303,22.6529901,114.5074221,200.0,10.0,-0.04,225.9,45.6,19.6,1181.4,4622.61,10.0,2.0,2.5,NR5G-SA,n79,-101,-101,-11,10,-999,13.7
2026-05-28 14:35:19.552,2026-05-28 14:41:27.503,22.6529751,114.5074038,200.0,10.0,-0.03,225.9,45.6,19.6,1181.5,4625.12,10.0,2.0,2.5,NR5G-SA,n79,-101,-101,-11,10,-999,6.2
2026-05-28 14:35:19.752,2026-05-28 14:41:27.903,22.6529602,114.5073854,200.0,10.1,-0.05,226.1,29.4,19.6,1181.7,4627.64,10.0,2.0,2.5,NR5G-SA,n79,-101,-101,-11,10,-999,6.6
2026-05-28 14:35:19.952,2026-05-28 14:41:28.103,22.6529453,114.5073670,200.0,10.1,0.02,226.4,29.4,19.6,1181.9,4630.15,10.0,2.0,2.5,NR5G-SA,n79,-105,-105,-11,10,-999,3.9
2026-05-28 14:35:20.153,2026-05-28 14:41:28.103,22.6529304,114.5073485,200.0,10.0,0.03,226.7,29.4,19.6,1182.0,4632.67,10.0,2.0,2.5,NR5G-SA,n79,-105,-105,-11,10,-999,8.5
2026-05-28 14:35:20.353,2026-05-28 14:41:28.303,22.6529304,114.5073485,200.0,10.0,0.03,226.7,29.4,20.1,1182.0,4632.67,10.0,2.0,2.5,NR5G-SA,n79,-105,-105,-11,10,-999,14.8
2026-05-28 14:35:20.554,2026-05-28 14:41:28.503,22.6529156,114.5073301,200.0,10.0,-0.06,226.9,29.4,20.1,1182.2,4635.18,10.0,2.0,2.5,NR5G-SA,n79,-105,-105,-11,10,-999,6.4
2026-05-28 14:35:20.754,2026-05-28 14:41:28.903,22.6529009,114.5073117,200.0,10.0,-0.04,227.3,34.0,20.1,1182.3,4637.68,10.0,2.0,2.5,NR5G-SA,n79,-105,-105,-11,10,-999,5.9
2026-05-28 14:35:20.954,2026-05-28 14:41:29.103,22.6528862,114.5072933,200.0,10.0,-0.05,227.7,34.0,20.1,1182.5,4640.18,10.0,2.0,2.5,NR5G-SA,n79,-106,-106,-11,10,-999,4.9
2026-05-28 14:35:21.155,2026-05-28 14:41:29.103,22.6528713,114.5072750,200.0,10.0,0.02,227.9,34.0,20.1,1182.7,4642.69,10.0,2.0,2.5,NR5G-SA,n79,-106,-106,-11,10,-999,9.6
2026-05-28 14:35:21.355,2026-05-28 14:41:29.303,22.6528713,114.5072750,200.0,10.0,0.02,227.9,34.0,21.8,1182.7,4642.69,10.0,2.0,2.5,NR5G-SA,n79,-106,-106,-11,10,-999,13.9
2026-05-28 14:35:21.556,2026-05-28 14:41:29.503,22.6528564,114.5072568,200.0,10.0,-0.02,227.9,34.0,21.8,1182.9,4645.19,10.0,2.0,2.5,NR5G-SA,n79,-109,-109,-11,10,-999,6.4
2026-05-28 14:35:21.756,2026-05-28 14:41:29.903,22.6528413,114.5072385,200.0,10.0,0.01,228.0,34.8,21.8,1183.1,4647.71,10.0,2.0,2.5,NR5G-SA,n79,-109,-109,-11,10,-999,6.3
2026-05-28 14:35:21.956,2026-05-28 14:41:30.103,22.6528262,114.5072204,200.0,10.0,0.05,228.1,34.8,21.8,1183.4,4650.22,10.0,2.0,2.5,NR5G-SA,n79,-109,-109,-11,10,-999,6.0
2026-05-28 14:35:22.157,2026-05-28 14:41:30.303,22.6528112,114.5072021,200.0,10.0,0.03,228.1,34.8,21.8,1183.6,4652.73,10.0,2.0,2.5,NR5G-SA,n79,-102,-102,-11,10,-999,9.1
2026-05-28 14:35:22.357,2026-05-28 14:41:30.303,22.6528112,114.5072021,200.0,10.0,0.03,228.1,34.8,23.0,1183.6,4652.73,10.0,2.0,2.5,NR5G-SA,n79,-102,-102,-11,10,-999,14.6
2026-05-28 14:35:22.557,2026-05-28 14:41:30.503,22.6527961,114.5071837,200.0,10.0,0.06,227.9,34.8,23.0,1183.8,4655.26,10.0,2.0,2.5,NR5G-SA,n79,-107,-107,-11,10,-999,5.2
2026-05-28 14:35:22.758,2026-05-28 14:41:30.903,22.6527813,114.5071655,200.0,9.9,0.03,227.8,27.6,23.0,1184.0,4657.75,10.0,2.0,2.5,NR5G-SA,n79,-107,-107,-11,10,-999,5.1
2026-05-28 14:35:22.958,2026-05-28 14:41:31.103,22.6527664,114.5071473,200.0,9.9,-0.01,227.8,27.6,23.0,1184.3,4660.25,10.0,2.0,2.5,NR5G-SA,n79,-107,-107,-11,10,-999,4.8
2026-05-28 14:35:23.159,2026-05-28 14:41:31.303,22.6527515,114.5071291,200.0,10.0,0.00,227.9,27.6,23.0,1184.5,4662.75,10.0,2.0,2.5,NR5G-SA,n79,-106,-106,-11,11,-999,8.4
2026-05-28 14:35:23.359,2026-05-28 14:41:31.303,22.6527367,114.5071108,200.0,10.0,0.00,228.0,27.6,21.3,1184.7,4665.25,10.0,2.0,2.5,NR5G-SA,n79,-106,-106,-11,11,-999,11.8
2026-05-28 14:35:23.559,2026-05-28 14:41:31.503,22.6527367,114.5071108,200.0,9.9,-0.00,228.0,27.6,21.3,1184.7,4665.25,10.0,2.0,2.5,NR5G-SA,n79,-106,-106,-11,11,-999,5.9
2026-05-28 14:35:23.759,2026-05-28 14:41:31.903,22.6527217,114.5070925,200.0,10.0,-0.01,227.9,40.5,21.3,1185.0,4667.76,10.0,2.0,2.5,NR5G-SA,n79,-104,-104,-11,11,-999,8.0
2026-05-28 14:35:23.960,2026-05-28 14:41:32.103,22.6527068,114.5070743,200.0,10.0,0.02,227.9,40.5,21.3,1185.3,4670.26,10.0,2.0,2.5,NR5G-SA,n79,-104,-104,-11,11,-999,4.8
2026-05-28 14:35:24.160,2026-05-28 14:41:32.303,22.6526920,114.5070561,200.0,10.0,0.02,228.2,40.5,21.3,1185.5,4672.76,10.0,2.0,2.5,NR5G-SA,n79,-104,-104,-11,11,-999,7.6
2026-05-28 14:35:24.360,2026-05-28 14:41:32.303,22.6526771,114.5070380,200.0,10.0,0.02,228.5,40.5,20.7,1185.8,4675.25,10.0,2.0,2.5,NR5G-SA,n79,-104,-104,-11,10,-999,12.8
2026-05-28 14:35:24.561,2026-05-28 14:41:32.503,22.6526771,114.5070380,200.0,10.0,0.01,228.5,40.5,20.7,1185.8,4675.25,10.0,2.0,2.5,NR5G-SA,n79,-104,-104,-11,10,-999,6.1
2026-05-28 14:35:24.761,2026-05-28 14:41:32.903,22.6526621,114.5070197,200.0,10.0,-0.01,228.4,19.7,20.7,1186.1,4677.76,10.0,2.0,2.5,NR5G-SA,n79,-107,-107,-11,10,-999,6.6
2026-05-28 14:35:24.961,2026-05-28 14:41:33.103,22.6526471,114.5070014,200.0,10.0,-0.03,228.4,19.7,20.7,1186.3,4680.28,10.0,2.0,2.5,NR5G-SA,n79,-107,-107,-11,10,-999,5.6
2026-05-28 14:35:25.162,2026-05-28 14:41:33.103,22.6526321,114.5069831,200.0,10.0,-0.00,228.8,19.7,20.7,1186.6,4682.79,10.0,2.0,2.5,NR5G-SA,n79,-107,-107,-11,10,-999,7.2
2026-05-28 14:35:25.362,2026-05-28 14:41:33.303,22.6526172,114.5069649,200.0,10.0,-0.00,229.0,19.7,20.3,1186.9,4685.29,10.0,2.0,2.5,NR5G-SA,n79,-104,-104,-11,11,-999,11.8
2026-05-28 14:35:25.562,2026-05-28 14:41:33.503,22.6526172,114.5069649,200.0,10.0,-0.00,229.0,19.7,20.3,1186.9,4685.29,10.0,2.0,2.5,NR5G-SA,n79,-104,-104,-11,11,-999,4.6
2026-05-28 14:35:25.763,2026-05-28 14:41:33.903,22.6526023,114.5069466,200.0,10.0,-0.02,229.2,0.0,20.3,1187.2,4687.80,10.0,2.0,2.5,NR5G-SA,n79,-104,-104,-11,11,-999,7.2
2026-05-28 14:35:25.963,2026-05-28 14:41:34.103,22.6525874,114.5069283,200.0,10.0,-0.08,229.1,0.0,20.3,1187.5,4690.30,10.0,2.0,2.5,NR5G-SA,n79,-105,-105,-11,11,-999,5.9
2026-05-28 14:35:26.164,2026-05-28 14:41:34.103,22.6525724,114.5069100,200.0,10.0,-0.01,229.0,0.0,20.3,1187.8,4692.82,10.0,2.0,2.5,NR5G-SA,n79,-105,-105,-11,11,-999,8.3
2026-05-28 14:35:26.364,2026-05-28 14:41:34.303,22.6525576,114.5068918,200.0,10.0,-0.01,229.1,0.0,19.5,1188.1,4695.31,10.0,2.0,2.5,NR5G-SA,n79,-105,-105,-11,11,-999,11.9
2026-05-28 14:35:26.564,2026-05-28 14:41:34.503,22.6525576,114.5068918,200.0,10.0,-0.06,229.1,0.0,19.5,1188.1,4695.31,10.0,2.0,2.5,NR5G-SA,n79,-102,-102,-11,11,-999,5.3
2026-05-28 14:35:26.765,2026-05-28 14:41:34.903,22.6525426,114.5068736,200.0,10.0,-0.00,229.2,8.6,19.5,1188.4,4697.82,10.0,2.0,2.5,NR5G-SA,n79,-102,-102,-11,11,-999,7.1
2026-05-28 14:35:26.965,2026-05-28 14:41:35.103,22.6525276,114.5068553,200.0,10.0,-0.01,229.3,8.6,19.5,1188.7,4700.33,10.0,2.0,2.5,NR5G-SA,n79,-102,-102,-11,11,-999,5.1
2026-05-28 14:35:27.165,2026-05-28 14:41:35.303,22.6525125,114.5068370,200.0,10.0,0.02,229.3,8.6,19.5,1189.1,4702.85,10.0,2.0,2.5,NR5G-SA,n79,-104,-104,-11,10,-999,7.8
2026-05-28 14:35:27.366,2026-05-28 14:41:35.303,22.6524975,114.5068188,200.0,10.0,-0.05,229.2,8.6,19.3,1189.4,4705.36,10.0,2.0,2.5,NR5G-SA,n79,-104,-104,-11,10,-999,10.6
2026-05-28 14:35:27.566,2026-05-28 14:41:35.503,22.6524975,114.5068188,200.0,10.0,-0.05,229.2,8.6,19.3,1189.4,4705.36,10.0,2.0,2.5,NR5G-SA,n79,-106,-106,-11,11,-999,11.5
2026-05-28 14:35:27.767,2026-05-28 14:41:35.903,22.6524825,114.5068006,200.0,10.0,-0.08,229.0,0.0,19.3,1189.8,4707.87,10.0,2.0,2.5,NR5G-SA,n79,-106,-106,-11,11,-999,7.8
2026-05-28 14:35:27.967,2026-05-28 14:41:36.103,22.6524676,114.5067824,200.0,10.0,-0.11,228.9,0.0,19.3,1190.1,4710.37,10.0,2.0,2.5,NR5G-SA,n79,-106,-106,-11,11,-999,5.1
2026-05-28 14:35:28.167,2026-05-28 14:41:36.303,22.6524528,114.5067642,200.0,10.0,-0.07,229.0,0.0,19.3,1190.4,4712.86,10.0,2.0,2.5,NR5G-SA,n79,-108,-108,-11,11,-999,7.5
2026-05-28 14:35:28.368,2026-05-28 14:41:36.303,22.6524380,114.5067459,200.0,10.0,-0.01,229.2,0.0,20.9,1190.8,4715.36,10.0,2.0,2.5,NR5G-SA,n79,-108,-108,-11,11,-999,11.7
2026-05-28 14:35:28.568,2026-05-28 14:41:36.503,22.6524380,114.5067459,200.0,10.0,-0.01,229.2,0.0,20.9,1190.8,4715.36,10.0,2.0,2.5,NR5G-SA,n79,-108,-108,-11,11,-999,5.1
2026-05-28 14:35:28.769,2026-05-28 14:41:36.903,22.6524232,114.5067277,200.0,10.0,0.02,229.2,3.0,20.9,1191.1,4717.85,10.0,2.0,2.5,NR5G-SA,n79,-106,-106,-11,10,-999,8.5
2026-05-28 14:35:28.969,2026-05-28 14:41:37.103,22.6524083,114.5067095,200.0,10.0,0.00,229.1,3.0,20.9,1191.5,4720.35,10.0,2.0,2.5,NR5G-SA,n79,-106,-106,-11,10,-999,5.5
2026-05-28 14:35:29.169,2026-05-28 14:41:37.103,22.6523933,114.5066912,200.0,10.0,0.04,229.0,3.0,20.9,1191.8,4722.87,10.0,2.0,2.5,NR5G-SA,n79,-106,-106,-11,10,-999,8.4
2026-05-28 14:35:29.370,2026-05-28 14:41:37.303,22.6523783,114.5066731,200.0,9.9,0.05,229.0,3.0,20.9,1192.2,4725.36,10.0,2.0,2.5,NR5G-SA,n79,-104,-104,-11,10,-999,10.7
2026-05-28 14:35:29.570,2026-05-28 14:41:37.503,22.6523783,114.5066731,200.0,9.9,0.05,229.0,3.0,21.0,1192.2,4725.36,10.0,2.0,2.5,NR5G-SA,n79,-104,-104,-11,10,-999,11.3
2026-05-28 14:35:29.770,2026-05-28 14:41:37.903,22.6523633,114.5066550,200.0,10.0,0.03,229.0,100.0,21.0,1192.6,4727.86,10.0,2.0,2.5,NR5G-SA,n79,-103,-103,-11,12,-999,10.8
2026-05-28 14:35:29.971,2026-05-28 14:41:38.103,22.6523484,114.5066368,200.0,10.0,0.02,229.0,100.0,21.0,1193.0,4730.36,10.0,2.0,2.5,NR5G-SA,n79,-103,-103,-11,12,-999,6.1
2026-05-28 14:35:30.171,2026-05-28 14:41:38.303,22.6523335,114.5066186,200.0,10.0,0.05,229.1,100.0,21.0,1193.4,4732.86,10.0,2.0,2.5,NR5G-SA,n79,-103,-103,-11,12,-999,7.7
2026-05-28 14:35:30.372,2026-05-28 14:41:38.303,22.6523186,114.5066004,200.1,9.9,0.09,229.0,100.0,21.0,1193.8,4735.36,10.0,2.0,2.5,NR5G-SA,n79,-103,-103,-11,12,-999,9.8
2026-05-28 14:35:30.572,2026-05-28 14:41:38.503,22.6523186,114.5066004,200.1,9.9,0.09,229.0,100.0,22.5,1193.8,4735.36,10.0,2.0,2.5,NR5G-SA,n79,-103,-103,-11,12,-999,11.8
2026-05-28 14:35:30.772,2026-05-28 14:41:38.903,22.6523037,114.5065822,200.1,10.0,-0.02,229.0,15.0,22.5,1194.2,4737.86,10.0,2.0,2.5,NR5G-SA,n79,-103,-103,-11,12,-999,9.2
2026-05-28 14:35:30.973,2026-05-28 14:41:39.103,22.6522888,114.5065640,200.1,10.0,-0.02,228.9,15.0,22.5,1194.6,4740.36,10.0,2.0,2.5,NR5G-SA,n79,-102,-102,-11,12,-999,4.5
2026-05-28 14:35:31.173,2026-05-28 14:41:39.103,22.6522739,114.5065457,200.1,10.0,-0.05,228.9,15.0,22.5,1195.0,4742.87,10.0,2.0,2.5,NR5G-SA,n79,-102,-102,-11,12,-999,10.2
2026-05-28 14:35:31.373,2026-05-28 14:41:39.303,22.6522590,114.5065275,200.0,10.0,-0.08,228.9,15.0,22.5,1195.4,4745.37,10.0,2.0,2.5,NR5G-SA,n79,-102,-102,-11,12,-999,9.7
2026-05-28 14:35:31.573,2026-05-28 14:41:39.503,22.6522590,114.5065275,200.0,10.0,-0.08,228.9,15.0,23.7,1195.4,4745.37,10.0,2.0,2.5,NR5G-SA,n79,-99,-99,-10,12,-999,10.5
2026-05-28 14:35:31.774,2026-05-28 14:41:39.903,22.6522442,114.5065093,200.0,10.0,-0.06,228.8,41.6,23.7,1195.8,4747.86,10.0,2.0,2.5,NR5G-SA,n79,-99,-99,-10,12,-999,10.3
2026-05-28 14:35:31.974,2026-05-28 14:41:40.103,22.6522293,114.5064912,200.0,9.9,-0.01,228.7,41.6,23.7,1196.2,4750.35,10.0,2.0,2.5,NR5G-SA,n79,-102,-102,-10,11,-999,6.9
2026-05-28 14:35:32.174,2026-05-28 14:41:40.303,22.6522144,114.5064732,200.0,9.9,0.07,228.9,41.6,23.7,1196.7,4752.83,10.0,2.0,2.5,NR5G-SA,n79,-102,-102,-10,11,-999,4.5
2026-05-28 14:35:32.375,2026-05-28 14:41:40.303,22.6521997,114.5064551,200.0,9.9,0.08,229.0,41.6,23.7,1197.1,4755.31,10.0,2.0,2.5,NR5G-SA,n79,-102,-102,-10,11,-999,9.9
2026-05-28 14:35:32.575,2026-05-28 14:41:40.503,22.6521997,114.5064551,200.0,9.9,0.08,229.0,41.6,23.0,1197.1,4755.31,10.0,2.0,2.5,NR5G-SA,n79,-98,-98,-10,12,-999,9.8
2026-05-28 14:35:32.775,2026-05-28 14:41:40.903,22.6521848,114.5064370,200.1,9.9,0.05,229.1,24.5,23.0,1197.5,4757.80,10.0,2.0,2.5,NR5G-SA,n79,-98,-98,-10,12,-999,8.0
2026-05-28 14:35:32.976,2026-05-28 14:41:41.103,22.6521699,114.5064190,200.1,9.9,-0.05,229.1,24.5,23.0,1198.0,4760.29,10.0,2.0,2.5,NR5G-SA,n79,-98,-98,-10,12,-999,5.6
2026-05-28 14:35:33.176,2026-05-28 14:41:41.303,22.6521550,114.5064009,200.1,10.0,-0.11,229.2,24.5,23.0,1198.4,4762.78,10.0,2.0,2.5,NR5G-SA,n79,-102,-102,-10,11,-999,6.0
2026-05-28 14:35:33.376,2026-05-28 14:41:41.303,22.6521400,114.5063829,200.0,10.0,-0.09,228.9,24.5,23.0,1198.9,4765.27,10.0,2.0,2.5,NR5G-SA,n79,-102,-102,-10,11,-999,10.9
2026-05-28 14:35:33.577,2026-05-28 14:41:41.503,22.6521400,114.5063829,200.0,10.0,-0.09,228.9,24.5,23.1,1198.9,4765.27,10.0,2.0,2.5,NR5G-SA,n79,-102,-102,-10,11,-999,12.0
2026-05-28 14:35:33.777,2026-05-28 14:41:41.903,22.6521251,114.5063648,200.0,10.0,0.01,228.9,39.8,23.1,1199.4,4767.76,10.0,2.0,2.5,NR5G-SA,n79,-100,-100,-11,11,-999,5.7
2026-05-28 14:35:33.977,2026-05-28 14:41:42.103,22.6521101,114.5063465,200.0,10.0,-0.05,229.1,39.8,23.1,1199.8,4770.28,10.0,2.0,2.5,NR5G-SA,n79,-100,-100,-11,11,-999,5.6
2026-05-28 14:35:34.177,2026-05-28 14:41:42.303,22.6520951,114.5063281,200.0,10.0,0.08,229.5,39.8,23.1,1200.3,4772.80,10.0,2.0,2.5,NR5G-SA,n79,-97,-97,-10,11,-999,5.8
2026-05-28 14:35:34.378,2026-05-28 14:41:42.303,22.6520804,114.5063096,200.0,10.0,-0.04,229.5,39.8,23.1,1200.7,4775.31,10.0,2.0,2.5,NR5G-SA,n79,-97,-97,-10,11,-999,10.8
2026-05-28 14:35:34.578,2026-05-28 14:41:42.503,22.6520804,114.5063096,200.0,10.0,-0.04,229.5,39.8,23.8,1200.7,4775.31,10.0,2.0,2.5,NR5G-SA,n79,-97,-97,-10,11,-999,10.0
2026-05-28 14:35:34.779,2026-05-28 14:41:42.903,22.6520657,114.5062911,200.0,10.0,-0.14,229.3,30.5,23.8,1201.2,4777.82,10.0,2.0,2.5,NR5G-SA,n79,-101,-101,-10,12,-999,7.0
2026-05-28 14:35:34.979,2026-05-28 14:41:43.103,22.6520509,114.5062730,200.0,9.9,-0.13,229.2,30.5,23.8,1201.6,4780.30,10.0,2.0,2.5,NR5G-SA,n79,-101,-101,-10,12,-999,6.0
2026-05-28 14:35:35.179,2026-05-28 14:41:43.303,22.6520361,114.5062550,200.0,9.9,-0.02,229.0,30.5,23.8,1202.1,4782.78,10.0,2.0,2.5,NR5G-SA,n79,-101,-101,-10,12,-999,7.2
2026-05-28 14:35:35.380,2026-05-28 14:41:43.303,22.6520214,114.5062372,200.0,9.9,-0.00,228.9,30.5,23.8,1202.6,4785.23,10.0,2.0,2.5,NR5G-SA,n79,-99,-99,-10,11,-999,9.6
2026-05-28 14:35:35.580,2026-05-28 14:41:43.503,22.6520214,114.5062372,200.0,9.9,-0.00,228.9,30.5,22.6,1202.6,4785.23,10.0,2.0,2.5,NR5G-SA,n79,-99,-99,-10,11,-999,11.2
2026-05-28 14:35:35.781,2026-05-28 14:41:43.903,22.6520066,114.5062193,200.0,9.8,0.02,228.9,30.6,22.6,1203.1,4787.70,10.0,2.0,2.5,NR5G-SA,n79,-99,-99,-10,11,-999,10.9
2026-05-28 14:35:35.981,2026-05-28 14:41:44.103,22.6519917,114.5062014,200.0,9.9,-0.04,229.1,30.6,22.6,1203.7,4790.18,10.0,2.0,2.5,NR5G-SA,n79,-99,-99,-10,13,-999,7.1
2026-05-28 14:35:36.181,2026-05-28 14:41:44.303,22.6519769,114.5061833,200.0,9.9,0.06,229.4,30.6,22.6,1204.2,4792.66,10.0,2.0,2.5,NR5G-SA,n79,-99,-99,-10,13,-999,5.3
2026-05-28 14:35:36.382,2026-05-28 14:41:44.303,22.6519621,114.5061651,200.0,9.9,0.01,229.6,30.6,22.6,1204.7,4795.15,10.0,2.0,2.5,NR5G-SA,n79,-102,-102,-10,11,-999,8.6
2026-05-28 14:35:36.582,2026-05-28 14:41:44.503,22.6519621,114.5061651,200.0,9.9,0.01,229.6,30.6,22.3,1204.7,4795.15,10.0,2.0,2.5,NR5G-SA,n79,-102,-102,-10,11,-999,9.9
2026-05-28 14:35:36.782,2026-05-28 14:41:44.903,22.6519471,114.5061468,200.0,10.0,-0.00,229.7,38.1,22.3,1205.2,4797.67,10.0,2.0,2.5,NR5G-SA,n79,-102,-102,-10,11,-999,7.9
2026-05-28 14:35:36.983,2026-05-28 14:41:45.103,22.6519322,114.5061286,200.0,10.0,0.01,229.9,38.1,22.3,1205.7,4800.17,10.0,2.0,2.5,NR5G-SA,n79,-102,-102,-11,11,-999,5.4
2026-05-28 14:35:37.183,2026-05-28 14:41:45.303,22.6519172,114.5061102,200.0,10.0,-0.01,230.1,38.1,22.3,1206.2,4802.69,10.0,2.0,2.5,NR5G-SA,n79,-102,-102,-11,11,-999,7.2
2026-05-28 14:35:37.383,2026-05-28 14:41:45.303,22.6519022,114.5060918,200.0,10.0,-0.01,230.0,38.1,22.3,1206.8,4805.21,10.0,2.0,2.5,NR5G-SA,n79,-102,-102,-11,11,-999,10.0
2026-05-28 14:35:37.584,2026-05-28 14:41:45.503,22.6519022,114.5060918,200.0,10.0,-0.01,230.0,38.1,22.3,1206.8,4805.21,10.0,2.0,2.5,NR5G-SA,n79,-102,-102,-10,11,-999,11.4
2026-05-28 14:35:37.784,2026-05-28 14:41:45.903,22.6518872,114.5060735,200.0,10.0,0.01,229.8,25.3,25.4,1207.3,4807.72,10.0,2.0,2.5,NR5G-SA,n79,-102,-102,-10,11,-999,9.0
2026-05-28 14:35:37.984,2026-05-28 14:41:46.103,22.6518722,114.5060553,200.0,10.0,-0.05,229.5,25.3,25.4,1207.8,4810.23,10.0,2.0,2.5,NR5G-SA,n79,-102,-102,-10,11,-999,5.5
2026-05-28 14:35:38.185,2026-05-28 14:41:46.103,22.6518572,114.5060373,200.0,9.9,0.00,229.4,25.3,25.4,1208.4,4812.72,10.0,2.0,2.5,NR5G-SA,n79,-99,-99,-10,11,-999,9.2
2026-05-28 14:35:38.385,2026-05-28 14:41:46.303,22.6518423,114.5060192,200.0,9.9,-0.04,229.3,25.3,25.4,1209.0,4815.21,10.0,2.0,2.5,NR5G-SA,n79,-99,-99,-10,11,-999,10.4
2026-05-28 14:35:38.586,2026-05-28 14:41:46.503,22.6518423,114.5060192,200.0,9.9,-0.04,229.3,25.3,25.4,1209.0,4815.21,10.0,2.0,2.5,NR5G-SA,n79,-98,-98,-10,10,-999,11.0
2026-05-28 14:35:38.786,2026-05-28 14:41:46.903,22.6518274,114.5060011,200.0,10.0,-0.12,229.2,41.5,25.4,1209.5,4817.71,10.0,2.0,2.5,NR5G-SA,n79,-98,-98,-10,10,-999,11.0
2026-05-28 14:35:38.986,2026-05-28 14:41:47.103,22.6518125,114.5059829,199.9,10.0,-0.02,229.4,41.5,25.4,1210.1,4820.21,10.0,2.0,2.5,NR5G-SA,n79,-98,-98,-10,10,-999,4.6
2026-05-28 14:35:39.187,2026-05-28 14:41:47.303,22.6517975,114.5059647,199.9,10.0,0.02,229.5,41.5,25.4,1210.7,4822.71,10.0,2.0,2.5,NR5G-SA,n79,-103,-103,-10,10,-999,5.6
2026-05-28 14:35:39.387,2026-05-28 14:41:47.303,22.6517826,114.5059467,200.0,10.0,0.02,229.6,41.5,25.4,1211.2,4825.20,10.0,2.0,2.5,NR5G-SA,n79,-103,-103,-10,10,-999,7.1
2026-05-28 14:35:39.587,2026-05-28 14:41:47.503,22.6517826,114.5059467,200.0,10.0,0.02,229.6,41.5,25.4,1211.2,4825.20,10.0,2.0,2.5,NR5G-SA,n79,-103,-103,-10,10,-999,15.2
2026-05-28 14:35:39.788,2026-05-28 14:41:47.903,22.6517677,114.5059286,200.0,10.0,0.00,229.6,41.5,26.0,1211.8,4827.69,10.0,2.0,2.5,NR5G-SA,n79,-96,-96,-10,10,-999,12.1
2026-05-28 14:35:39.988,2026-05-28 14:41:48.103,22.6517528,114.5059105,200.0,10.0,0.07,229.6,15.8,26.0,1212.4,4830.18,10.0,2.0,2.5,NR5G-SA,n79,-96,-96,-10,10,-999,5.1
2026-05-28 14:35:40.188,2026-05-28 14:41:48.303,22.6517379,114.5058922,200.0,10.0,0.02,229.6,15.8,26.0,1213.0,4832.69,10.0,2.0,2.5,NR5G-SA,n79,-96,-96,-10,10,-999,5.1
2026-05-28 14:35:40.389,2026-05-28 14:41:48.303,22.6517229,114.5058737,200.0,10.0,0.02,229.6,15.8,26.0,1213.6,4835.22,10.0,2.0,2.5,NR5G-SA,n79,-97,-97,-10,11,-999,8.6
2026-05-28 14:35:40.589,2026-05-28 14:41:48.503,22.6517229,114.5058737,200.0,10.0,0.02,229.6,15.8,26.0,1213.6,4835.22,10.0,2.0,2.5,NR5G-SA,n79,-97,-97,-10,11,-999,15.5
2026-05-28 14:35:40.789,2026-05-28 14:41:48.903,22.6517080,114.5058552,200.0,10.0,0.08,229.7,15.8,27.3,1214.2,4837.74,10.0,2.0,2.5,NR5G-SA,n79,-97,-97,-10,11,-999,8.2
2026-05-28 14:35:40.990,2026-05-28 14:41:49.103,22.6516930,114.5058369,200.0,10.0,0.05,229.6,0.0,27.3,1214.8,4840.25,10.0,2.0,2.5,NR5G-SA,n79,-97,-97,-10,11,-999,5.6
2026-05-28 14:35:41.190,2026-05-28 14:41:49.303,22.6516781,114.5058187,200.0,10.0,0.06,229.5,0.0,27.3,1215.4,4842.75,10.0,2.0,2.5,NR5G-SA,n79,-97,-97,-10,11,-999,7.2
2026-05-28 14:35:41.390,2026-05-28 14:41:49.303,22.6516631,114.5058006,200.0,10.0,0.01,229.2,0.0,27.3,1216.0,4845.25,10.0,2.0,2.5,NR5G-SA,n79,-95,-95,-10,9,-999,10.6
2026-05-28 14:35:41.591,2026-05-28 14:41:49.503,22.6516631,114.5058006,200.0,10.0,0.01,229.2,0.0,27.3,1216.0,4845.25,10.0,2.0,2.5,NR5G-SA,n79,-95,-95,-10,9,-999,10.3
2026-05-28 14:35:41.791,2026-05-28 14:41:49.903,22.6516481,114.5057824,200.0,10.0,-0.01,228.9,0.0,25.7,1216.6,4847.76,10.0,2.0,2.5,NR5G-SA,n79,-95,-95,-10,9,-999,7.7
2026-05-28 14:35:41.992,2026-05-28 14:41:50.103,22.6516331,114.5057644,200.0,10.0,-0.01,228.8,5.2,25.7,1217.3,4850.25,10.0,2.0,2.5,NR5G-SA,n79,-95,-95,-10,9,-999,4.4
2026-05-28 14:35:42.192,2026-05-28 14:41:50.303,22.6516181,114.5057463,200.0,10.0,-0.04,228.6,5.2,25.7,1217.9,4852.75,10.0,2.0,2.5,NR5G-SA,n79,-95,-95,-10,9,-999,5.7
2026-05-28 14:35:42.393,2026-05-28 14:41:50.303,22.6516031,114.5057282,200.0,10.0,-0.03,228.6,5.2,25.7,1218.5,4855.25,10.0,2.0,2.5,NR5G-SA,n79,-95,-95,-10,9,-999,8.5
2026-05-28 14:35:42.593,2026-05-28 14:41:50.503,22.6516031,114.5057282,200.0,10.0,-0.03,228.6,5.2,25.7,1218.5,4855.25,10.0,2.0,2.5,NR5G-SA,n79,-95,-95,-10,9,-999,16.0
2026-05-28 14:35:42.793,2026-05-28 14:41:50.903,22.6515882,114.5057099,200.0,10.0,0.02,228.7,5.2,22.4,1219.2,4857.76,10.0,2.0,2.5,NR5G-SA,n79,-95,-95,-10,9,-999,7.2
2026-05-28 14:35:42.994,2026-05-28 14:41:51.103,22.6515733,114.5056916,200.0,10.1,0.01,228.8,0.0,22.4,1219.8,4860.26,10.0,2.0,2.5,NR5G-SA,n79,-95,-95,-10,9,-999,4.9
2026-05-28 14:35:43.194,2026-05-28 14:41:51.303,22.6515584,114.5056734,200.0,10.1,0.06,228.7,0.0,22.4,1220.4,4862.76,10.0,2.0,2.5,NR5G-SA,n79,-95,-95,-10,9,-999,6.1
2026-05-28 14:35:43.394,2026-05-28 14:41:51.503,22.6515435,114.5056550,200.0,10.0,-0.03,228.5,0.0,22.4,1221.1,4865.28,10.0,2.0,2.5,NR5G-SA,n79,-95,-95,-10,9,-999,5.3
2026-05-28 14:35:43.595,2026-05-28 14:41:51.503,22.6515435,114.5056550,200.0,10.0,-0.03,228.5,0.0,22.4,1221.1,4865.28,10.0,2.0,2.5,NR5G-SA,n79,-95,-95,-10,9,-999,17.2
2026-05-28 14:35:43.795,2026-05-28 14:41:51.903,22.6515286,114.5056366,200.0,10.1,-0.06,228.5,0.0,22.3,1221.7,4867.79,10.0,2.0,2.5,NR5G-SA,n79,-95,-95,-10,9,-999,7.7
2026-05-28 14:35:43.995,2026-05-28 14:41:52.103,22.6515137,114.5056182,200.0,10.0,-0.05,228.5,7.3,22.3,1222.4,4870.31,10.0,2.0,2.5,NR5G-SA,n79,-95,-95,-10,9,-999,4.1
2026-05-28 14:35:44.196,2026-05-28 14:41:52.303,22.6514987,114.5055998,200.0,10.1,-0.03,228.6,7.3,22.3,1223.0,4872.83,10.0,2.0,2.5,NR5G-SA,n79,-95,-95,-10,9,-999,5.7
2026-05-28 14:35:44.396,2026-05-28 14:41:52.303,22.6514837,114.5055816,200.0,10.0,0.04,228.7,7.3,22.3,1223.7,4875.34,10.0,2.0,2.5,NR5G-SA,n79,-95,-95,-10,9,-999,9.1
2026-05-28 14:35:44.596,2026-05-28 14:41:52.503,22.6514837,114.5055816,200.0,10.0,0.04,228.7,7.3,22.3,1223.7,4875.34,10.0,2.0,2.5,NR5G-SA,n79,-95,-95,-10,9,-999,14.6
2026-05-28 14:35:44.797,2026-05-28 14:41:52.903,22.6514688,114.5055633,200.0,10.0,0.07,228.8,7.3,20.2,1224.4,4877.84,10.0,2.0,2.5,NR5G-SA,n79,-95,-95,-10,9,-999,8.1
2026-05-28 14:35:44.997,2026-05-28 14:41:53.103,22.6514538,114.5055450,200.0,10.0,0.04,228.9,0.0,20.2,1225.1,4880.36,10.0,2.0,2.5,NR5G-SA,n79,-95,-95,-10,9,-999,5.7
2026-05-28 14:35:45.197,2026-05-28 14:41:53.303,22.6514390,114.5055267,200.0,10.0,0.03,229.0,0.0,20.2,1225.7,4882.86,10.0,2.0,2.5,NR5G-SA,n79,-95,-95,-10,9,-999,5.0
2026-05-28 14:35:45.398,2026-05-28 14:41:53.303,22.6514242,114.5055083,200.0,10.0,0.05,229.1,0.0,20.2,1226.4,4885.37,10.0,2.0,2.5,NR5G-SA,n79,-95,-95,-10,8,-999,8.3
2026-05-28 14:35:45.598,2026-05-28 14:41:53.503,22.6514242,114.5055083,200.0,10.0,0.05,229.1,0.0,20.2,1226.4,4885.37,10.0,2.0,2.5,NR5G-SA,n79,-95,-95,-10,8,-999,13.0
2026-05-28 14:35:45.798,2026-05-28 14:41:53.903,22.6514094,114.5054900,200.0,10.0,0.03,229.1,0.0,20.2,1227.1,4887.87,10.0,2.0,2.5,NR5G-SA,n79,-95,-95,-10,8,-999,6.5
2026-05-28 14:35:45.999,2026-05-28 14:41:54.103,22.6513945,114.5054716,200.0,10.0,0.01,229.1,17.4,18.2,1227.8,4890.38,10.0,2.0,2.5,NR5G-SA,n79,-95,-95,-10,8,-999,4.9
2026-05-28 14:35:46.199,2026-05-28 14:41:54.303,22.6513795,114.5054535,200.0,10.0,0.02,228.8,17.4,18.2,1228.5,4892.88,10.0,2.0,2.5,NR5G-SA,n79,-95,-95,-10,8,-999,4.7
2026-05-28 14:35:46.399,2026-05-28 14:41:54.303,22.6513645,114.5054354,200.0,9.9,0.06,228.6,17.4,18.2,1229.2,4895.38,10.0,2.0,2.5,NR5G-SA,n79,-95,-95,-10,9,-999,8.1
2026-05-28 14:35:46.600,2026-05-28 14:41:54.503,22.6513645,114.5054354,200.0,9.9,0.06,228.6,17.4,18.2,1229.2,4895.38,10.0,2.0,2.5,NR5G-SA,n79,-95,-95,-10,9,-999,14.7
2026-05-28 14:35:46.800,2026-05-28 14:41:54.903,22.6513497,114.5054175,200.0,9.8,0.04,228.6,17.4,18.2,1229.9,4897.85,10.0,2.0,2.5,NR5G-SA,n79,-95,-95,-10,9,-999,8.3
2026-05-28 14:35:47.001,2026-05-28 14:41:55.103,22.6513351,114.5053997,200.0,9.6,0.08,228.6,41.7,18.3,1230.6,4900.29,10.0,2.0,2.5,NR5G-SA,n79,-95,-95,-10,8,-999,4.7
2026-05-28 14:35:47.201,2026-05-28 14:41:55.303,22.6513209,114.5053824,200.0,9.4,0.12,228.6,41.7,18.3,1231.3,4902.67,10.0,2.0,2.5,NR5G-SA,n79,-95,-95,-10,8,-999,5.2
2026-05-28 14:35:47.401,2026-05-28 14:41:55.303,22.6513072,114.5053656,200.1,9.1,0.09,228.3,41.7,18.3,1232.0,4904.98,10.0,2.0,2.5,NR5G-SA,n79,-95,-95,-10,8,-999,8.4
2026-05-28 14:35:47.601,2026-05-28 14:41:55.503,22.6513072,114.5053656,200.1,9.1,0.09,228.3,41.7,18.3,1232.0,4904.98,10.0,2.0,2.5,NR5G-SA,n79,-95,-95,-10,8,-999,14.6
2026-05-28 14:35:47.802,2026-05-28 14:41:55.903,22.6512940,114.5053496,200.1,8.7,0.03,228.2,41.7,18.3,1232.6,4907.18,10.0,2.0,2.5,NR5G-SA,n79,-95,-95,-10,8,-999,6.9
2026-05-28 14:35:48.002,2026-05-28 14:41:56.103,22.6512814,114.5053343,200.1,8.3,-0.03,228.4,26.5,19.5,1233.2,4909.29,10.0,2.0,2.5,NR5G-SA,n79,-95,-95,-10,9,-999,5.1
2026-05-28 14:35:48.203,2026-05-28 14:41:56.303,22.6512695,114.5053197,200.1,7.8,0.01,228.7,26.5,19.5,1233.8,4911.29,10.0,2.0,2.5,NR5G-SA,n79,-95,-95,-10,9,-999,4.9
2026-05-28 14:35:48.403,2026-05-28 14:41:56.503,22.6512584,114.5053061,200.1,7.3,0.04,229.5,26.5,19.5,1234.4,4913.15,10.0,2.0,2.5,NR5G-SA,n79,-95,-95,-10,9,-999,4.2
2026-05-28 14:35:48.603,2026-05-28 14:41:56.503,22.6512584,114.5053061,200.1,7.3,0.04,229.5,26.5,19.5,1234.4,4913.15,10.0,2.0,2.5,NR5G-SA,n79,-95,-95,-10,8,-999,14.2
2026-05-28 14:35:48.804,2026-05-28 14:41:56.903,22.6512480,114.5052935,200.1,6.7,0.01,230.6,26.5,19.5,1234.9,4914.89,10.0,2.0,2.5,NR5G-SA,n79,-95,-95,-10,8,-999,7.2
2026-05-28 14:35:49.004,2026-05-28 14:41:57.103,22.6512386,114.5052822,200.1,6.1,-0.01,231.8,36.2,19.5,1235.4,4916.45,10.0,2.0,2.5,NR5G-SA,n79,-95,-95,-10,8,-999,5.5
2026-05-28 14:35:49.204,2026-05-28 14:41:57.303,22.6512302,114.5052722,200.1,5.4,-0.05,232.7,36.2,19.5,1235.8,4917.84,10.0,2.0,2.5,NR5G-SA,n79,-95,-95,-10,8,-999,6.1
2026-05-28 14:35:49.405,2026-05-28 14:41:57.303,22.6512227,114.5052632,200.0,4.8,-0.13,233.4,36.2,19.5,1236.2,4919.09,10.0,2.0,2.5,NR5G-SA,n79,-95,-95,-10,8,-999,7.7
2026-05-28 14:35:49.605,2026-05-28 14:41:57.503,22.6512227,114.5052632,200.0,4.8,-0.13,233.4,36.2,19.5,1236.2,4919.09,10.0,2.0,2.5,NR5G-SA,n79,-95,-95,-10,8,-999,17.4
2026-05-28 14:35:49.805,2026-05-28 14:41:57.903,22.6512164,114.5052553,200.0,4.1,-0.10,234.0,36.2,19.5,1236.5,4920.16,10.0,2.0,2.5,NR5G-SA,n79,-95,-95,-10,8,-999,7.3
2026-05-28 14:35:50.006,2026-05-28 14:41:58.103,22.6512111,114.5052484,200.0,3.6,0.01,234.3,32.1,21.1,1236.8,4921.08,10.0,2.0,2.5,NR5G-SA,n79,-95,-95,-10,8,-999,5.1
2026-05-28 14:35:50.206,2026-05-28 14:41:58.303,22.6512066,114.5052423,200.0,3.0,-0.14,234.2,32.1,21.1,1237.0,4921.88,10.0,2.0,2.5,NR5G-SA,n79,-95,-95,-10,8,-999,5.2
2026-05-28 14:35:50.406,2026-05-28 14:41:58.303,22.6512028,114.5052373,200.0,2.4,-0.14,233.5,32.1,21.1,1237.1,4922.55,10.0,2.0,2.5,NR5G-SA,n79,-95,-95,-10,8,-999,7.8
2026-05-28 14:35:50.607,2026-05-28 14:41:58.503,22.6511997,114.5052332,200.0,1.9,-0.05,232.4,32.1,21.1,1237.3,4923.09,10.0,2.0,2.5,NR5G-SA,n79,-95,-95,-10,8,-999,12.9
2026-05-28 14:35:50.807,2026-05-28 14:41:58.903,22.6511997,114.5052332,200.0,1.9,-0.05,232.4,32.1,21.1,1237.3,4923.09,10.0,2.0,2.5,NR5G-SA,n79,-95,-95,-10,7,-999,10.2
2026-05-28 14:35:51.007,2026-05-28 14:41:59.103,22.6511974,114.5052302,199.9,1.3,-0.10,230.9,31.1,21.9,1237.4,4923.50,10.0,2.0,2.5,NR5G-SA,n79,-95,-95,-10,7,-999,7.7
2026-05-28 14:35:51.208,2026-05-28 14:41:59.303,22.6511955,114.5052283,199.9,1.0,-0.18,229.3,31.1,21.9,1237.5,4923.78,10.0,2.0,2.5,NR5G-SA,n79,-95,-95,-10,7,-999,5.5
2026-05-28 14:35:51.408,2026-05-28 14:41:59.303,22.6511939,114.5052272,199.9,0.6,-0.07,228.5,31.1,21.9,1237.6,4923.99,10.0,2.0,2.5,NR5G-SA,n79,-95,-95,-10,8,-999,7.9
2026-05-28 14:35:51.608,2026-05-28 14:41:59.503,22.6511939,114.5052272,199.9,0.6,-0.07,228.5,31.1,21.9,1237.6,4923.99,10.0,2.0,2.5,NR5G-SA,n79,-95,-95,-10,8,-999,14.1
2026-05-28 14:35:51.809,2026-05-28 14:41:59.903,22.6511926,114.5052267,199.9,0.3,-0.07,227.5,31.1,21.9,1237.7,4924.15,10.0,2.0,2.5,NR5G-SA,n79,-95,-95,-10,8,-999,9.4
2026-05-28 14:35:52.009,2026-05-28 14:42:00.103,22.6511920,114.5052264,199.9,0.0,0.02,226.7,38.0,22.2,1237.8,4924.22,10.0,2.0,2.5,NR5G-SA,n79,-95,-95,-10,8,-999,4.8
2026-05-28 14:35:52.209,2026-05-28 14:42:00.303,22.6511919,114.5052261,199.9,0.1,0.07,226.0,38.0,22.2,1237.8,4924.25,10.0,2.0,2.5,NR5G-SA,n79,-95,-95,-10,8,-999,7.1
2026-05-28 14:35:52.410,2026-05-28 14:42:00.303,22.6511918,114.5052258,200.0,0.1,0.10,225.8,38.0,22.2,1237.8,4924.29,10.0,2.0,2.5,NR5G-SA,n79,-95,-95,-10,8,-999,10.0
2026-05-28 14:35:52.610,2026-05-28 14:42:00.503,22.6511915,114.5052253,200.0,0.1,0.10,225.8,38.0,22.2,1237.8,4924.35,10.0,2.0,2.5,NR5G-SA,n79,-95,-95,-10,8,-999,14.1
2026-05-28 14:35:52.810,2026-05-28 14:42:00.903,22.6511915,114.5052253,200.0,0.1,0.08,225.8,38.0,22.2,1237.8,4924.35,10.0,2.0,2.5,NR5G-SA,n79,-95,-95,-10,8,-999,13.8
2026-05-28 14:35:53.011,2026-05-28 14:42:01.103,22.6511910,114.5052248,200.0,0.0,0.07,225.9,23.1,21.5,1237.8,4924.42,10.0,2.0,2.5,NR5G-SA,n79,-95,-95,-10,8,-999,6.5
2026-05-28 14:35:53.211,2026-05-28 14:42:01.303,22.6511905,114.5052243,200.1,0.1,0.02,226.0,23.1,21.5,1237.8,4924.50,10.0,2.0,2.5,NR5G-SA,n79,-95,-95,-10,8,-999,5.0
2026-05-28 14:35:53.412,2026-05-28 14:42:01.503,22.6511901,114.5052240,200.1,0.1,-0.03,226.2,23.1,21.5,1237.9,4924.55,10.0,2.0,2.5,NR5G-SA,n79,-95,-95,-10,8,-999,7.4
2026-05-28 14:35:53.612,2026-05-28 14:42:01.503,22.6511900,114.5052240,200.0,0.2,-0.10,226.5,23.1,21.5,1237.9,4924.57,10.0,2.0,2.5,NR5G-SA,n79,-95,-95,-10,8,-999,14.1
2026-05-28 14:35:53.812,2026-05-28 14:42:01.903,22.6511900,114.5052240,200.0,0.2,-0.10,226.5,23.1,21.5,1237.9,4924.57,10.0,2.0,2.5,NR5G-SA,n79,-95,-95,-10,8,-999,13.1
2026-05-28 14:35:54.013,2026-05-28 14:42:02.103,22.6511901,114.5052241,200.0,0.3,-0.14,226.4,42.5,21.9,1237.9,4924.58,10.0,2.0,2.5,NR5G-SA,n79,-95,-95,-10,8,-999,7.3
2026-05-28 14:35:54.213,2026-05-28 14:42:02.303,22.6511905,114.5052242,200.0,0.2,-0.14,226.5,42.5,21.9,1237.8,4924.63,10.0,2.0,2.5,NR5G-SA,n79,-95,-95,-10,8,-999,5.9
2026-05-28 14:35:54.413,2026-05-28 14:42:02.303,22.6511908,114.5052240,200.0,0.2,-0.07,226.6,42.5,21.9,1237.8,4924.67,10.0,2.0,2.5,NR5G-SA,n79,-95,-95,-10,8,-999,9.2
2026-05-28 14:35:54.614,2026-05-28 14:42:02.503,22.6511910,114.5052236,200.0,0.1,-0.00,226.8,42.5,21.9,1237.8,4924.71,10.0,2.0,2.5,NR5G-SA,n79,-95,-95,-10,10,-999,9.8
2026-05-28 14:35:54.814,2026-05-28 14:42:02.903,22.6511910,114.5052236,200.0,0.1,-0.00,226.8,42.5,21.9,1237.8,4924.71,10.0,2.0,2.5,NR5G-SA,n79,-95,-95,-10,10,-999,14.4
2026-05-28 14:35:55.015,2026-05-28 14:42:03.103,22.6511912,114.5052232,200.0,0.2,0.05,227.0,16.1,21.9,1237.7,4924.76,10.0,2.0,2.5,NR5G-SA,n79,-95,-95,-10,10,-999,6.5
2026-05-28 14:35:55.215,2026-05-28 14:42:03.303,22.6511920,114.5052230,200.0,0.5,0.05,227.1,16.1,20.3,1237.6,4924.85,10.0,2.0,2.5,NR5G-SA,n79,-95,-95,-10,8,-999,5.0
2026-05-28 14:35:55.415,2026-05-28 14:42:03.503,22.6511936,114.5052229,200.0,0.8,-0.05,229.7,16.1,20.3,1237.5,4925.03,10.0,2.0,2.5,NR5G-SA,n79,-95,-95,-10,8,-999,5.5
2026-05-28 14:35:55.616,2026-05-28 14:42:03.503,22.6511959,114.5052226,200.0,1.1,-0.00,240.9,16.1,20.3,1237.2,4925.29,10.0,2.0,2.5,NR5G-SA,n79,-95,-95,-10,8,-999,13.8
2026-05-28 14:35:55.816,2026-05-28 14:42:03.903,22.6511959,114.5052226,200.0,1.1,-0.00,240.9,16.1,20.3,1237.2,4925.29,10.0,2.0,2.5,NR5G-SA,n79,-101,-101,-10,7,-999,9.2
2026-05-28 14:35:56.016,2026-05-28 14:42:04.103,22.6511989,114.5052218,200.0,1.5,-0.01,256.2,0.0,20.3,1236.9,4925.63,10.0,2.0,2.5,NR5G-SA,n79,-101,-101,-10,7,-999,5.3
2026-05-28 14:35:56.217,2026-05-28 14:42:04.303,22.6512026,114.5052202,200.0,1.9,0.03,272.4,0.0,19.8,1236.4,4926.07,10.0,2.0,2.5,NR5G-SA,n79,-101,-101,-10,7,-999,5.4
2026-05-28 14:35:56.417,2026-05-28 14:42:04.503,22.6512071,114.5052177,200.0,2.3,0.05,288.6,0.0,19.8,1235.9,4926.64,10.0,2.0,2.5,NR5G-SA,n79,-105,-105,-11,6,-999,6.9
2026-05-28 14:35:56.617,2026-05-28 14:42:04.503,22.6512125,114.5052147,200.0,2.8,-0.03,304.5,0.0,19.8,1235.2,4927.31,10.0,2.0,2.5,NR5G-SA,n79,-105,-105,-11,6,-999,13.5
2026-05-28 14:35:56.818,2026-05-28 14:42:04.903,22.6512125,114.5052147,200.0,2.8,-0.03,304.5,0.0,19.8,1235.2,4927.31,10.0,2.0,2.5,NR5G-SA,n79,-105,-105,-11,6,-999,10.2
2026-05-28 14:35:57.018,2026-05-28 14:42:05.103,22.6512190,114.5052114,200.0,3.2,-0.06,320.5,4.5,19.8,1234.4,4928.11,10.0,2.0,2.5,NR5G-SA,n79,-98,-98,-10,5,-999,6.1
2026-05-28 14:35:57.218,2026-05-28 14:42:05.303,22.6512266,114.5052081,200.0,3.7,-0.06,334.1,4.5,19.8,1233.5,4929.02,10.0,2.0,2.5,NR5G-SA,n79,-98,-98,-10,5,-999,5.6
2026-05-28 14:35:57.419,2026-05-28 14:42:05.503,22.6512351,114.5052046,200.0,4.1,-0.05,339.6,4.5,19.8,1232.5,4930.03,10.0,2.0,2.5,NR5G-SA,n79,-101,-101,-11,5,-999,6.1
2026-05-28 14:35:57.620,2026-05-28 14:42:05.503,22.6512447,114.5052009,200.0,4.6,-0.04,341.1,4.5,19.8,1231.4,4931.17,10.0,2.0,2.5,NR5G-SA,n79,-101,-101,-11,5,-999,11.7
2026-05-28 14:35:57.820,2026-05-28 14:42:05.903,22.6512447,114.5052009,200.0,4.6,-0.04,341.1,4.5,19.8,1231.4,4931.17,10.0,2.0,2.5,NR5G-SA,n79,-101,-101,-11,5,-999,12.3
2026-05-28 14:35:58.020,2026-05-28 14:42:06.103,22.6512552,114.5051966,200.0,5.1,0.01,341.3,0.0,19.8,1230.1,4932.42,10.0,2.0,2.5,NR5G-SA,n79,-97,-97,-10,8,-999,7.0
2026-05-28 14:35:58.221,2026-05-28 14:42:06.303,22.6512665,114.5051915,200.0,5.5,0.01,341.0,0.0,20.1,1228.7,4933.78,10.0,2.0,2.5,NR5G-SA,n79,-97,-97,-10,8,-999,5.0
2026-05-28 14:35:58.421,2026-05-28 14:42:06.303,22.6512786,114.5051855,200.0,6.1,-0.02,340.4,0.0,20.1,1227.3,4935.26,10.0,2.0,2.5,NR5G-SA,n79,-97,-97,-10,8,-999,8.4
2026-05-28 14:35:58.622,2026-05-28 14:42:06.503,22.6512917,114.5051787,200.0,6.7,0.09,339.7,0.0,20.1,1225.6,4936.88,10.0,2.0,2.5,NR5G-SA,n79,-102,-102,-10,7,-999,10.4
2026-05-28 14:35:58.822,2026-05-28 14:42:06.903,22.6512917,114.5051787,200.0,6.7,0.09,339.7,0.0,20.1,1225.6,4936.88,10.0,2.0,2.5,NR5G-SA,n79,-102,-102,-10,7,-999,10.6
2026-05-28 14:35:59.023,2026-05-28 14:42:07.103,22.6513059,114.5051713,200.0,7.2,0.06,339.1,7.2,20.1,1223.9,4938.63,10.0,2.0,2.5,NR5G-SA,n79,-102,-102,-10,7,-999,5.4
2026-05-28 14:35:59.223,2026-05-28 14:42:07.303,22.6513212,114.5051635,200.0,7.8,0.05,338.6,7.2,18.8,1222.0,4940.52,10.0,2.0,2.5,NR5G-SA,n79,-96,-96,-10,8,-999,4.8
2026-05-28 14:35:59.423,2026-05-28 14:42:07.503,22.6513375,114.5051552,200.0,8.2,0.08,338.1,7.2,18.8,1220.0,4942.52,10.0,2.0,2.5,NR5G-SA,n79,-96,-96,-10,8,-999,4.1
2026-05-28 14:35:59.624,2026-05-28 14:42:07.503,22.6513548,114.5051466,200.0,8.7,-0.04,337.8,7.2,18.8,1217.9,4944.64,10.0,2.0,2.5,NR5G-SA,n79,-98,-98,-10,8,-999,13.4
2026-05-28 14:35:59.824,2026-05-28 14:42:07.903,22.6513548,114.5051466,200.0,8.7,-0.04,337.8,7.2,18.8,1217.9,4944.64,10.0,2.0,2.5,NR5G-SA,n79,-98,-98,-10,8,-999,11.0
2026-05-28 14:36:00.025,2026-05-28 14:42:08.103,22.6513729,114.5051378,200.0,9.0,-0.01,337.6,0.0,18.8,1215.7,4946.85,10.0,2.0,2.5,NR5G-SA,n79,-98,-98,-10,8,-999,4.7
2026-05-28 14:36:00.225,2026-05-28 14:42:08.303,22.6513916,114.5051288,200.1,9.3,0.02,337.3,0.0,19.7,1213.4,4949.13,10.0,2.0,2.5,NR5G-SA,n79,-102,-102,-10,7,-999,4.5
2026-05-28 14:36:00.425,2026-05-28 14:42:08.503,22.6514107,114.5051194,200.1,9.6,-0.03,337.1,0.0,19.7,1211.1,4951.46,10.0,2.0,2.5,NR5G-SA,n79,-102,-102,-10,7,-999,6.4
2026-05-28 14:36:00.625,2026-05-28 14:42:08.503,22.6514302,114.5051099,200.1,9.7,-0.06,337.0,0.0,19.7,1208.7,4953.84,10.0,2.0,2.5,NR5G-SA,n79,-102,-102,-10,7,-999,11.8
2026-05-28 14:36:00.826,2026-05-28 14:42:08.903,22.6514302,114.5051099,200.1,9.7,-0.06,337.0,0.0,19.7,1208.7,4953.84,10.0,2.0,2.5,NR5G-SA,n79,-92,-92,-10,7,-999,9.5
2026-05-28 14:36:01.026,2026-05-28 14:42:09.103,22.6514499,114.5051003,200.1,9.8,-0.09,336.9,16.9,19.7,1206.3,4956.25,10.0,2.0,2.5,NR5G-SA,n79,-92,-92,-10,7,-999,5.1
2026-05-28 14:36:01.227,2026-05-28 14:42:09.303,22.6514699,114.5050908,200.0,9.8,-0.03,336.8,16.9,20.8,1203.9,4958.68,10.0,2.0,2.5,NR5G-SA,n79,-92,-92,-10,7,-999,7.7
2026-05-28 14:36:01.427,2026-05-28 14:42:09.503,22.6514899,114.5050812,200.0,9.9,-0.10,336.7,16.9,20.8,1201.4,4961.11,10.0,2.0,2.5,NR5G-SA,n79,-99,-99,-10,7,-999,8.8
2026-05-28 14:36:01.627,2026-05-28 14:42:09.503,22.6515100,114.5050717,200.0,9.9,-0.03,336.6,16.9,20.8,1199.0,4963.55,10.0,2.0,2.5,NR5G-SA,n79,-99,-99,-10,7,-999,11.1
2026-05-28 14:36:01.828,2026-05-28 14:42:09.903,22.6515100,114.5050717,200.0,9.9,-0.03,336.6,16.9,20.8,1199.0,4963.55,10.0,2.0,2.5,NR5G-SA,n79,-101,-101,-10,9,-999,14.9
2026-05-28 14:36:02.028,2026-05-28 14:42:10.103,22.6515302,114.5050622,200.0,10.0,-0.04,336.6,41.9,20.8,1196.5,4966.00,10.0,2.0,2.5,NR5G-SA,n79,-101,-101,-10,9,-999,6.1
2026-05-28 14:36:02.228,2026-05-28 14:42:10.303,22.6515503,114.5050526,200.0,10.0,0.01,336.6,41.9,22.9,1194.1,4968.45,10.0,2.0,2.5,NR5G-SA,n79,-101,-101,-10,9,-999,6.8
2026-05-28 14:36:02.429,2026-05-28 14:42:10.503,22.6515707,114.5050429,200.0,10.0,-0.02,336.7,41.9,22.9,1191.6,4970.93,10.0,2.0,2.5,NR5G-SA,n79,-102,-102,-10,9,-999,7.1
2026-05-28 14:36:02.629,2026-05-28 14:42:10.503,22.6515913,114.5050332,200.0,10.0,0.01,336.7,41.9,22.9,1189.1,4973.43,10.0,2.0,2.5,NR5G-SA,n79,-102,-102,-10,9,-999,9.9
2026-05-28 14:36:02.830,2026-05-28 14:42:10.903,22.6515913,114.5050332,200.0,10.0,0.01,336.7,41.9,22.9,1189.1,4973.43,10.0,2.0,2.5,NR5G-SA,n79,-102,-102,-10,9,-999,12.4
2026-05-28 14:36:03.030,2026-05-28 14:42:11.103,22.6516118,114.5050233,200.0,10.0,-0.01,336.8,26.5,22.9,1186.6,4975.93,10.0,2.0,2.5,NR5G-SA,n79,-98,-98,-10,9,-999,6.7
2026-05-28 14:36:03.231,2026-05-28 14:42:11.303,22.6516324,114.5050134,200.0,10.0,-0.03,337.0,26.5,22.9,1184.1,4978.44,10.0,2.0,2.5,NR5G-SA,n79,-98,-98,-10,9,-999,5.3
2026-05-28 14:36:03.431,2026-05-28 14:42:11.503,22.6516531,114.5050034,200.0,10.0,0.04,337.2,26.5,22.8,1181.6,4980.96,10.0,2.0,2.5,NR5G-SA,n79,-98,-98,-10,9,-999,6.1
2026-05-28 14:36:03.632,2026-05-28 14:42:11.503,22.6516738,114.5049935,200.0,10.0,0.00,337.3,26.5,22.8,1179.1,4983.48,10.0,2.0,2.5,NR5G-SA,n79,-102,-102,-10,8,-999,10.2
2026-05-28 14:36:03.832,2026-05-28 14:42:11.903,22.6516738,114.5049935,200.0,10.0,0.00,337.3,26.5,22.8,1179.1,4983.48,10.0,2.0,2.5,NR5G-SA,n79,-102,-102,-10,8,-999,12.3
2026-05-28 14:36:04.032,2026-05-28 14:42:12.103,22.6516944,114.5049836,200.0,10.0,0.05,337.2,34.4,22.8,1176.5,4985.99,10.0,2.0,2.5,NR5G-SA,n79,-95,-95,-10,9,-999,7.8
2026-05-28 14:36:04.232,2026-05-28 14:42:12.303,22.6517151,114.5049738,200.0,10.0,0.02,337.1,34.4,22.8,1174.0,4988.50,10.0,2.0,2.5,NR5G-SA,n79,-95,-95,-10,9,-999,6.7
2026-05-28 14:36:04.433,2026-05-28 14:42:12.303,22.6517357,114.5049640,200.0,10.0,-0.02,337.1,34.4,21.7,1171.5,4991.01,10.0,2.0,2.5,NR5G-SA,n79,-95,-95,-10,9,-999,9.2
2026-05-28 14:36:04.633,2026-05-28 14:42:12.503,22.6517564,114.5049542,200.0,10.0,0.00,337.1,34.4,21.7,1169.0,4993.52,10.0,2.0,2.5,NR5G-SA,n79,-99,-99,-10,9,-999,10.3
2026-05-28 14:36:04.833,2026-05-28 14:42:12.903,22.6517564,114.5049542,200.0,10.0,0.00,337.1,34.4,21.7,1169.0,4993.52,10.0,2.0,2.5,NR5G-SA,n79,-99,-99,-10,9,-999,10.3
2026-05-28 14:36:05.034,2026-05-28 14:42:13.103,22.6517771,114.5049443,200.0,10.0,-0.04,337.4,34.4,21.7,1166.5,4996.04,10.0,2.0,2.5,NR5G-SA,n79,-99,-99,-10,9,-999,6.6
2026-05-28 14:36:05.234,2026-05-28 14:42:13.303,22.6517977,114.5049345,200.0,10.0,-0.03,337.7,34.4,21.7,1164.0,4998.54,10.0,2.0,2.5,NR5G-SA,n79,-99,-99,-10,9,-999,5.7
2026-05-28 14:36:05.434,2026-05-28 14:42:13.503,22.6518183,114.5049247,200.0,9.9,-0.02,338.0,34.4,20.8,1161.5,5001.05,10.0,2.0,2.5,NR5G-SA,n79,-99,-99,-10,9,-999,5.9
2026-05-28 14:36:05.635,2026-05-28 14:42:13.503,22.6518389,114.5049149,200.0,9.9,-0.04,338.2,34.4,20.8,1159.0,5003.55,10.0,2.0,2.5,NR5G-SA,n79,-99,-99,-10,9,-999,9.8
2026-05-28 14:36:05.835,2026-05-28 14:42:13.903,22.6518389,114.5049149,200.0,9.9,-0.04,338.2,34.4,20.8,1159.0,5003.55,10.0,2.0,2.5,NR5G-SA,n79,-102,-102,-10,9,-999,10.9
2026-05-28 14:36:06.035,2026-05-28 14:42:14.103,22.6518594,114.5049051,200.0,9.9,0.09,338.4,30.0,20.8,1156.5,5006.05,10.0,2.0,2.5,NR5G-SA,n79,-102,-102,-10,9,-999,5.3
2026-05-28 14:36:06.236,2026-05-28 14:42:14.303,22.6518798,114.5048953,200.0,9.9,0.06,338.3,30.0,20.8,1154.0,5008.53,10.0,2.0,2.5,NR5G-SA,n79,-96,-96,-10,9,-999,5.2
2026-05-28 14:36:06.436,2026-05-28 14:42:14.503,22.6519002,114.5048854,200.0,9.9,0.06,338.4,30.0,19.3,1151.5,5011.02,10.0,2.0,2.5,NR5G-SA,n79,-96,-96,-10,9,-999,6.4
2026-05-28 14:36:06.637,2026-05-28 14:42:14.503,22.6519207,114.5048756,200.0,9.9,0.11,338.4,30.0,19.3,1149.0,5013.51,10.0,2.0,2.5,NR5G-SA,n79,-96,-96,-10,9,-999,12.0
2026-05-28 14:36:06.837,2026-05-28 14:42:14.903,22.6519207,114.5048756,200.0,9.9,0.11,338.4,30.0,19.3,1149.0,5013.51,10.0,2.0,2.5,NR5G-SA,n79,-101,-101,-10,9,-999,10.0
2026-05-28 14:36:07.037,2026-05-28 14:42:15.103,22.6519413,114.5048657,200.0,9.9,0.03,338.2,30.0,19.3,1146.5,5016.02,10.0,2.0,2.5,NR5G-SA,n79,-101,-101,-10,9,-999,7.5
2026-05-28 14:36:07.238,2026-05-28 14:42:15.303,22.6519618,114.5048559,200.0,10.0,-0.01,338.2,36.8,19.3,1144.0,5018.52,10.0,2.0,2.5,NR5G-SA,n79,-101,-101,-10,9,-999,6.1
2026-05-28 14:36:07.438,2026-05-28 14:42:15.503,22.6519824,114.5048461,200.0,9.9,0.01,338.2,36.8,17.5,1141.5,5021.02,10.0,2.0,2.5,NR5G-SA,n79,-98,-98,-10,9,-999,6.9
2026-05-28 14:36:07.638,2026-05-28 14:42:15.503,22.6520029,114.5048363,200.0,9.9,0.00,338.2,36.8,17.5,1139.0,5023.52,10.0,2.0,2.5,NR5G-SA,n79,-98,-98,-10,9,-999,13.0
2026-05-28 14:36:07.839,2026-05-28 14:42:15.903,22.6520029,114.5048363,200.0,9.9,0.00,338.2,36.8,17.5,1139.0,5023.52,10.0,2.0,2.5,NR5G-SA,n79,-98,-98,-10,9,-999,10.2
2026-05-28 14:36:08.039,2026-05-28 14:42:16.103,22.6520233,114.5048265,200.0,9.9,0.03,338.3,22.6,17.5,1136.5,5026.00,10.0,2.0,2.5,NR5G-SA,n79,-99,-99,-10,8,-999,6.2
2026-05-28 14:36:08.239,2026-05-28 14:42:16.303,22.6520436,114.5048167,200.0,9.9,0.01,338.4,22.6,17.5,1134.1,5028.47,10.0,2.0,2.5,NR5G-SA,n79,-99,-99,-10,8,-999,6.0
2026-05-28 14:36:08.440,2026-05-28 14:42:16.503,22.6520641,114.5048069,200.0,10.0,-0.07,338.4,22.6,18.1,1131.6,5030.97,10.0,2.0,2.5,NR5G-SA,n79,-98,-98,-10,8,-999,6.0
2026-05-28 14:36:08.640,2026-05-28 14:42:16.503,22.6520847,114.5047972,200.0,10.0,-0.02,338.5,22.6,18.1,1129.1,5033.47,10.0,2.0,2.5,NR5G-SA,n79,-98,-98,-10,8,-999,9.9
2026-05-28 14:36:08.841,2026-05-28 14:42:16.903,22.6520847,114.5047972,200.0,10.0,-0.02,338.5,22.6,18.1,1129.1,5033.47,10.0,2.0,2.5,NR5G-SA,n79,-98,-98,-10,8,-999,7.5
2026-05-28 14:36:09.041,2026-05-28 14:42:17.103,22.6521052,114.5047874,199.9,10.0,0.00,338.5,44.8,18.1,1126.6,5035.96,10.0,2.0,2.5,NR5G-SA,n79,-102,-102,-10,9,-999,6.7
2026-05-28 14:36:09.241,2026-05-28 14:42:17.303,22.6521258,114.5047776,199.9,10.0,0.01,338.6,44.8,18.1,1124.1,5038.47,10.0,2.0,2.5,NR5G-SA,n79,-102,-102,-10,9,-999,6.3
2026-05-28 14:36:09.442,2026-05-28 14:42:17.303,22.6521465,114.5047678,200.0,10.0,-0.00,338.7,44.8,19.3,1121.5,5040.98,10.0,2.0,2.5,NR5G-SA,n79,-102,-102,-10,9,-999,8.1
2026-05-28 14:36:09.642,2026-05-28 14:42:17.503,22.6521671,114.5047580,200.0,10.0,0.03,338.8,44.8,19.3,1119.0,5043.49,10.0,2.0,2.5,NR5G-SA,n79,-95,-95,-10,9,-999,6.2
2026-05-28 14:36:09.843,2026-05-28 14:42:17.903,22.6521671,114.5047580,200.0,10.0,0.03,338.8,44.8,19.3,1119.0,5043.49,10.0,2.0,2.5,NR5G-SA,n79,-95,-95,-10,9,-999,11.5
2026-05-28 14:36:10.043,2026-05-28 14:42:18.103,22.6521877,114.5047482,200.0,10.0,0.08,338.8,44.8,19.3,1116.5,5045.99,10.0,2.0,2.5,NR5G-SA,n79,-95,-95,-10,9,-999,5.8
2026-05-28 14:36:10.243,2026-05-28 14:42:18.303,22.6522083,114.5047384,200.0,10.0,0.05,338.9,11.8,19.3,1114.0,5048.49,10.0,2.0,2.5,NR5G-SA,n79,-97,-97,-10,9,-999,6.0
2026-05-28 14:36:10.444,2026-05-28 14:42:18.503,22.6522289,114.5047285,200.0,10.0,0.02,339.0,11.8,20.3,1111.5,5051.00,10.0,2.0,2.5,NR5G-SA,n79,-97,-97,-10,9,-999,7.8
2026-05-28 14:36:10.644,2026-05-28 14:42:18.903,22.6522495,114.5047188,200.0,10.0,-0.05,339.2,11.8,20.3,1109.0,5053.50,10.0,2.0,2.5,NR5G-SA,n79,-98,-98,-10,8,-999,4.3
2026-05-28 14:36:10.845,2026-05-28 14:42:18.903,22.6522495,114.5047188,200.0,10.0,-0.05,339.2,11.8,20.3,1109.0,5053.50,10.0,2.0,2.5,NR5G-SA,n79,-98,-98,-10,8,-999,15.0
2026-05-28 14:36:11.045,2026-05-28 14:42:19.103,22.6522701,114.5047090,200.0,10.0,0.04,339.2,11.8,20.3,1106.5,5056.01,10.0,2.0,2.5,NR5G-SA,n79,-98,-98,-10,8,-999,6.2
2026-05-28 14:36:11.245,2026-05-28 14:42:19.303,22.6522907,114.5046992,200.0,9.9,0.10,339.0,0.0,20.3,1104.0,5058.51,10.0,2.0,2.5,NR5G-SA,n79,-95,-95,-10,10,-999,6.5
2026-05-28 14:36:11.445,2026-05-28 14:42:19.503,22.6523113,114.5046893,200.0,10.0,0.04,338.9,0.0,22.1,1101.5,5061.02,10.0,2.0,2.5,NR5G-SA,n79,-95,-95,-10,10,-999,6.1
2026-05-28 14:36:11.646,2026-05-28 14:42:19.503,22.6523318,114.5046792,200.0,10.0,-0.05,338.7,0.0,22.1,1099.0,5063.53,10.0,2.0,2.5,NR5G-SA,n79,-95,-95,-10,10,-999,9.8
2026-05-28 14:36:11.846,2026-05-28 14:42:19.903,22.6523318,114.5046792,200.0,10.0,-0.05,338.7,0.0,22.1,1099.0,5063.53,10.0,2.0,2.5,NR5G-SA,n79,-101,-101,-10,9,-999,10.3
2026-05-28 14:36:12.047,2026-05-28 14:42:20.103,22.6523524,114.5046692,200.0,10.0,0.02,338.5,0.0,22.1,1096.5,5066.04,10.0,2.0,2.5,NR5G-SA,n79,-101,-101,-10,9,-999,5.7
2026-05-28 14:36:12.247,2026-05-28 14:42:20.303,22.6523729,114.5046593,200.0,10.0,-0.04,338.2,0.8,22.1,1094.0,5068.54,10.0,2.0,2.5,NR5G-SA,n79,-101,-101,-10,9,-999,7.7
2026-05-28 14:36:12.447,2026-05-28 14:42:20.503,22.6523934,114.5046494,200.0,10.0,-0.04,338.0,0.8,22.1,1091.5,5071.04,10.0,2.0,2.5,NR5G-SA,n79,-99,-99,-10,9,-999,8.6
2026-05-28 14:36:12.648,2026-05-28 14:42:20.503,22.6524139,114.5046395,199.9,10.0,-0.01,338.0,0.8,21.7,1089.0,5073.54,10.0,2.0,2.5,NR5G-SA,n79,-99,-99,-10,9,-999,8.6
2026-05-28 14:36:12.848,2026-05-28 14:42:20.903,22.6524139,114.5046395,199.9,10.0,-0.01,338.0,0.8,21.7,1089.0,5073.54,10.0,2.0,2.5,NR5G-SA,n79,-99,-99,-10,9,-999,9.6
2026-05-28 14:36:13.048,2026-05-28 14:42:21.103,22.6524346,114.5046296,199.9,9.9,0.09,338.0,0.8,21.7,1086.5,5076.05,10.0,2.0,2.5,NR5G-SA,n79,-97,-97,-10,9,-999,4.2
2026-05-28 14:36:13.249,2026-05-28 14:42:21.303,22.6524552,114.5046197,199.9,9.9,0.04,338.0,0.0,21.7,1084.0,5078.56,10.0,2.0,2.5,NR5G-SA,n79,-97,-97,-10,9,-999,5.4
2026-05-28 14:36:13.449,2026-05-28 14:42:21.503,22.6524758,114.5046097,200.0,10.0,0.04,338.0,0.0,21.7,1081.5,5081.08,10.0,2.0,2.5,NR5G-SA,n79,-98,-98,-10,9,-999,4.6
2026-05-28 14:36:13.650,2026-05-28 14:42:21.503,22.6524963,114.5045998,200.0,9.9,0.06,338.0,0.0,22.4,1079.0,5083.57,10.0,2.0,2.5,NR5G-SA,n79,-98,-98,-10,9,-999,9.4
2026-05-28 14:36:13.850,2026-05-28 14:42:21.903,22.6525167,114.5045899,200.0,9.9,0.05,338.0,0.0,22.4,1076.5,5086.06,10.0,2.0,2.5,NR5G-SA,n79,-98,-98,-10,9,-999,7.5
2026-05-28 14:36:14.050,2026-05-28 14:42:22.103,22.6525167,114.5045899,200.0,9.9,0.05,338.0,0.0,22.4,1076.5,5086.06,10.0,2.0,2.5,NR5G-SA,n79,-99,-99,-10,10,-999,7.8
2026-05-28 14:36:14.251,2026-05-28 14:42:22.303,22.6525371,114.5045801,200.0,9.9,0.03,337.9,10.6,22.4,1074.0,5088.55,10.0,2.0,2.5,NR5G-SA,n79,-99,-99,-10,10,-999,5.6
2026-05-28 14:36:14.451,2026-05-28 14:42:22.503,22.6525576,114.5045703,200.0,10.0,0.02,337.9,10.6,22.4,1071.5,5091.04,10.0,2.0,2.5,NR5G-SA,n79,-99,-99,-10,10,-999,7.9
2026-05-28 14:36:14.652,2026-05-28 14:42:22.503,22.6525780,114.5045604,200.0,9.9,0.03,337.8,10.6,23.1,1069.0,5093.53,10.0,2.0,2.5,NR5G-SA,n79,-95,-95,-10,8,-999,6.6
2026-05-28 14:36:14.852,2026-05-28 14:42:22.903,22.6525986,114.5045506,200.0,9.9,0.03,337.8,10.6,23.1,1066.5,5096.03,10.0,2.0,2.5,NR5G-SA,n79,-95,-95,-10,8,-999,7.9
2026-05-28 14:36:15.053,2026-05-28 14:42:23.103,22.6525986,114.5045506,200.0,10.0,-0.00,337.8,10.6,23.1,1066.5,5096.03,10.0,2.0,2.5,NR5G-SA,n79,-95,-95,-10,8,-999,4.9
2026-05-28 14:36:15.253,2026-05-28 14:42:23.303,22.6526192,114.5045408,200.0,9.9,0.03,337.6,0.0,23.1,1064.0,5098.54,10.0,2.0,2.5,NR5G-SA,n79,-96,-96,-10,8,-999,6.3
2026-05-28 14:36:15.453,2026-05-28 14:42:23.503,22.6526398,114.5045310,200.0,10.0,0.06,337.5,0.0,23.1,1061.5,5101.04,10.0,2.0,2.5,NR5G-SA,n79,-96,-96,-10,8,-999,5.5
2026-05-28 14:36:15.654,2026-05-28 14:42:23.503,22.6526601,114.5045212,200.0,9.9,0.05,337.4,0.0,23.2,1059.0,5103.52,10.0,2.0,2.5,NR5G-SA,n79,-93,-93,-10,8,-999,8.9
2026-05-28 14:36:15.854,2026-05-28 14:42:23.903,22.6526807,114.5045113,200.0,9.9,0.05,337.4,0.0,23.2,1056.5,5106.03,10.0,2.0,2.5,NR5G-SA,n79,-93,-93,-10,8,-999,9.1
2026-05-28 14:36:16.054,2026-05-28 14:42:24.103,22.6526807,114.5045113,200.0,10.0,-0.04,337.4,0.0,23.2,1056.5,5106.03,10.0,2.0,2.5,NR5G-SA,n79,-93,-93,-10,8,-999,5.8
2026-05-28 14:36:16.255,2026-05-28 14:42:24.303,22.6527012,114.5045014,200.0,9.9,-0.06,337.4,20.8,23.2,1054.0,5108.52,10.0,2.0,2.5,NR5G-SA,n79,-91,-91,-10,9,-999,5.8
2026-05-28 14:36:16.455,2026-05-28 14:42:24.503,22.6527217,114.5044916,200.0,10.0,0.00,337.4,20.8,23.2,1051.5,5111.02,10.0,2.0,2.5,NR5G-SA,n79,-91,-91,-10,9,-999,4.7
2026-05-28 14:36:16.655,2026-05-28 14:42:24.503,22.6527422,114.5044819,200.0,10.0,0.05,337.3,20.8,23.1,1049.0,5113.51,10.0,2.0,2.5,NR5G-SA,n79,-91,-91,-10,9,-999,10.1
2026-05-28 14:36:16.856,2026-05-28 14:42:24.903,22.6527629,114.5044722,200.0,10.0,0.05,337.4,20.8,23.1,1046.5,5116.02,10.0,2.0,2.5,NR5G-SA,n79,-101,-101,-10,8,-999,9.0
2026-05-28 14:36:17.056,2026-05-28 14:42:25.103,22.6527629,114.5044722,200.0,10.0,0.01,337.4,20.8,23.1,1046.5,5116.02,10.0,2.0,2.5,NR5G-SA,n79,-101,-101,-10,8,-999,7.0
2026-05-28 14:36:17.257,2026-05-28 14:42:25.303,22.6527835,114.5044624,200.0,9.9,0.03,337.5,40.0,23.1,1044.0,5118.52,10.0,2.0,2.5,NR5G-SA,n79,-101,-101,-10,8,-999,4.5
2026-05-28 14:36:17.458,2026-05-28 14:42:25.503,22.6528040,114.5044526,200.0,10.0,-0.05,337.5,40.0,23.1,1041.5,5121.02,10.0,2.0,2.5,NR5G-SA,n79,-101,-101,-10,8,-999,5.7
2026-05-28 14:36:17.658,2026-05-28 14:42:25.503,22.6528245,114.5044429,200.0,10.0,0.05,337.6,40.0,23.9,1039.0,5123.51,10.0,2.0,2.5,NR5G-SA,n79,-101,-101,-10,8,-999,9.1
2026-05-28 14:36:17.858,2026-05-28 14:42:25.903,22.6528450,114.5044331,200.0,10.0,0.05,337.8,40.0,23.9,1036.5,5126.00,10.0,2.0,2.5,NR5G-SA,n79,-91,-91,-10,11,-999,9.4
2026-05-28 14:36:18.059,2026-05-28 14:42:26.103,22.6528450,114.5044331,200.0,9.9,0.03,337.8,40.0,23.9,1036.5,5126.00,10.0,2.0,2.5,NR5G-SA,n79,-91,-91,-10,11,-999,5.1
2026-05-28 14:36:18.259,2026-05-28 14:42:26.303,22.6528656,114.5044232,200.0,10.0,-0.04,337.8,28.5,23.9,1034.0,5128.51,10.0,2.0,2.5,NR5G-SA,n79,-91,-91,-10,11,-999,5.3
2026-05-28 14:36:18.459,2026-05-28 14:42:26.503,22.6528862,114.5044133,200.0,10.0,-0.06,337.7,28.5,23.9,1031.5,5131.02,10.0,2.0,2.5,NR5G-SA,n79,-95,-95,-10,9,-999,6.0
2026-05-28 14:36:18.660,2026-05-28 14:42:26.503,22.6529067,114.5044034,200.0,10.0,-0.04,337.7,28.5,23.0,1029.0,5133.52,10.0,2.0,2.5,NR5G-SA,n79,-95,-95,-10,9,-999,9.7
2026-05-28 14:36:18.860,2026-05-28 14:42:26.903,22.6529067,114.5044034,200.0,10.0,-0.04,337.7,28.5,23.0,1029.0,5133.52,10.0,2.0,2.5,NR5G-SA,n79,-95,-95,-10,9,-999,9.1
2026-05-28 14:36:19.061,2026-05-28 14:42:27.103,22.6529272,114.5043935,199.9,10.0,-0.00,337.7,28.5,23.0,1026.5,5136.02,10.0,2.0,2.5,NR5G-SA,n79,-91,-91,-10,8,-999,5.7
2026-05-28 14:36:19.261,2026-05-28 14:42:27.303,22.6529478,114.5043837,199.9,10.0,0.01,337.8,34.4,23.0,1024.0,5138.52,10.0,2.0,2.5,NR5G-SA,n79,-91,-91,-10,8,-999,4.3
2026-05-28 14:36:19.461,2026-05-28 14:42:27.503,22.6529683,114.5043740,199.9,10.0,0.08,337.7,34.4,23.0,1021.5,5141.01,10.0,2.0,2.5,NR5G-SA,n79,-91,-91,-10,8,-999,8.1
2026-05-28 14:36:19.662,2026-05-28 14:42:27.503,22.6529889,114.5043642,200.0,9.9,0.03,337.9,34.4,22.1,1019.0,5143.51,10.0,2.0,2.5,NR5G-SA,n79,-95,-95,-10,9,-999,9.3
2026-05-28 14:36:19.862,2026-05-28 14:42:27.903,22.6529889,114.5043642,200.0,9.9,0.03,337.9,34.4,22.1,1019.0,5143.51,10.0,2.0,2.5,NR5G-SA,n79,-95,-95,-10,9,-999,8.2
2026-05-28 14:36:20.062,2026-05-28 14:42:28.103,22.6530095,114.5043545,200.0,10.0,0.08,337.9,34.4,22.1,1016.5,5146.02,10.0,2.0,2.5,NR5G-SA,n79,-98,-98,-10,9,-999,9.5
2026-05-28 14:36:20.263,2026-05-28 14:42:28.303,22.6530301,114.5043448,200.0,10.0,0.08,337.9,42.9,22.1,1014.0,5148.52,10.0,2.0,2.5,NR5G-SA,n79,-98,-98,-10,9,-999,10.0
2026-05-28 14:36:20.463,2026-05-28 14:42:28.503,22.6530505,114.5043349,200.0,9.9,0.18,337.9,42.9,22.1,1011.5,5151.00,10.0,2.0,2.5,NR5G-SA,n79,-98,-98,-10,9,-999,5.8
2026-05-28 14:36:20.664,2026-05-28 14:42:28.503,22.6530709,114.5043251,200.0,10.0,0.11,338.2,42.9,21.8,1009.0,5153.49,10.0,2.0,2.5,NR5G-SA,n79,-98,-98,-10,9,-999,8.2
2026-05-28 14:36:20.864,2026-05-28 14:42:28.903,22.6530912,114.5043152,200.1,9.9,0.04,338.3,42.9,21.8,1006.6,5155.97,10.0,2.0,2.5,NR5G-SA,n79,-96,-96,-10,9,-999,9.3
2026-05-28 14:36:21.064,2026-05-28 14:42:29.103,22.6530912,114.5043152,200.1,9.9,0.04,338.3,42.9,21.8,1006.6,5155.97,10.0,2.0,2.5,NR5G-SA,n79,-96,-96,-10,9,-999,9.4
2026-05-28 14:36:21.264,2026-05-28 14:42:29.303,22.6531116,114.5043053,200.1,10.0,-0.07,338.3,28.8,21.8,1004.1,5158.45,10.0,2.0,2.5,NR5G-SA,n79,-101,-101,-10,8,-999,8.6
2026-05-28 14:36:21.465,2026-05-28 14:42:29.503,22.6531322,114.5042952,200.0,10.0,-0.12,338.4,28.8,21.8,1001.6,5160.97,10.0,2.0,2.5,NR5G-SA,n79,-101,-101,-10,8,-999,6.6
2026-05-28 14:36:21.665,2026-05-28 14:42:29.903,22.6531529,114.5042854,200.0,10.1,-0.05,338.7,28.8,21.8,999.0,5163.49,10.0,2.0,2.5,NR5G-SA,n79,-101,-101,-10,8,-999,8.0
2026-05-28 14:36:21.866,2026-05-28 14:42:29.903,22.6531738,114.5042756,200.0,10.0,-0.07,338.8,28.8,20.3,996.5,5166.02,10.0,2.0,2.5,NR5G-SA,n79,-95,-95,-10,9,-999,9.4
2026-05-28 14:36:22.066,2026-05-28 14:42:30.103,22.6531738,114.5042756,200.0,10.0,-0.07,338.8,28.8,20.3,996.5,5166.02,10.0,2.0,2.5,NR5G-SA,n79,-95,-95,-10,9,-999,11.0
2026-05-28 14:36:22.266,2026-05-28 14:42:30.303,22.6531946,114.5042658,200.0,10.0,-0.01,338.9,39.8,20.3,994.0,5168.55,10.0,2.0,2.5,NR5G-SA,n79,-102,-102,-10,9,-999,8.3
2026-05-28 14:36:22.467,2026-05-28 14:42:30.503,22.6532153,114.5042561,200.0,10.0,0.00,338.8,39.8,20.3,991.5,5171.06,10.0,2.0,2.5,NR5G-SA,n79,-102,-102,-10,9,-999,6.2
2026-05-28 14:36:22.667,2026-05-28 14:42:30.903,22.6532358,114.5042463,200.0,10.0,-0.02,338.7,39.8,20.3,989.0,5173.55,10.0,2.0,2.5,NR5G-SA,n79,-102,-102,-10,9,-999,4.9
2026-05-28 14:36:22.867,2026-05-28 14:42:30.903,22.6532563,114.5042364,200.0,9.9,0.04,338.5,39.8,19.2,986.5,5176.05,10.0,2.0,2.5,NR5G-SA,n79,-96,-96,-10,9,-999,7.8
2026-05-28 14:36:23.068,2026-05-28 14:42:31.103,22.6532563,114.5042364,200.0,9.9,0.04,338.5,39.8,19.2,986.5,5176.05,10.0,2.0,2.5,NR5G-SA,n79,-96,-96,-10,9,-999,16.0
2026-05-28 14:36:23.268,2026-05-28 14:42:31.303,22.6532768,114.5042265,200.0,9.9,-0.09,338.3,20.6,19.2,984.0,5178.55,10.0,2.0,2.5,NR5G-SA,n79,-96,-96,-10,9,-999,9.5
2026-05-28 14:36:23.468,2026-05-28 14:42:31.503,22.6532974,114.5042164,200.0,10.0,-0.07,337.9,20.6,19.2,981.5,5181.06,10.0,2.0,2.5,NR5G-SA,n79,-101,-101,-10,9,-999,5.3
2026-05-28 14:36:23.669,2026-05-28 14:42:31.903,22.6533180,114.5042063,200.0,10.0,0.03,337.6,20.6,19.2,978.9,5183.58,10.0,2.0,2.5,NR5G-SA,n79,-101,-101,-10,9,-999,7.5
2026-05-28 14:36:23.869,2026-05-28 14:42:31.903,22.6533387,114.5041963,200.0,10.0,-0.02,337.2,20.6,18.9,976.4,5186.10,10.0,2.0,2.5,NR5G-SA,n79,-101,-101,-10,9,-999,9.5
2026-05-28 14:36:24.070,2026-05-28 14:42:32.103,22.6533387,114.5041963,200.0,10.0,-0.02,337.2,20.6,18.9,976.4,5186.10,10.0,2.0,2.5,NR5G-SA,n79,-97,-97,-10,8,-999,11.8
2026-05-28 14:36:24.270,2026-05-28 14:42:32.303,22.6533592,114.5041863,200.0,9.9,0.05,337.0,0.0,18.9,973.9,5188.61,10.0,2.0,2.5,NR5G-SA,n79,-97,-97,-10,8,-999,9.1
2026-05-28 14:36:24.470,2026-05-28 14:42:32.503,22.6533796,114.5041764,200.0,9.9,0.06,336.9,0.0,18.9,971.4,5191.10,10.0,2.0,2.5,NR5G-SA,n79,-96,-96,-10,8,-999,6.0
2026-05-28 14:36:24.671,2026-05-28 14:42:32.503,22.6534001,114.5041665,200.0,9.9,-0.03,336.8,0.0,18.9,968.9,5193.59,10.0,2.0,2.5,NR5G-SA,n79,-96,-96,-10,8,-999,7.4
2026-05-28 14:36:24.871,2026-05-28 14:42:32.903,22.6534206,114.5041567,200.0,9.9,-0.02,336.7,0.0,17.9,966.4,5196.09,10.0,2.0,2.5,NR5G-SA,n79,-96,-96,-10,8,-999,8.6
2026-05-28 14:36:25.072,2026-05-28 14:42:33.103,22.6534206,114.5041567,200.0,9.9,-0.02,336.7,0.0,17.9,966.4,5196.09,10.0,2.0,2.5,NR5G-SA,n79,-96,-96,-10,10,-999,10.1
2026-05-28 14:36:25.272,2026-05-28 14:42:33.303,22.6534411,114.5041469,200.0,9.9,0.06,336.6,10.5,17.9,963.9,5198.58,10.0,2.0,2.5,NR5G-SA,n79,-96,-96,-10,10,-999,7.5
2026-05-28 14:36:25.472,2026-05-28 14:42:33.503,22.6534617,114.5041373,200.0,9.9,-0.00,336.6,10.5,17.9,961.5,5201.08,10.0,2.0,2.5,NR5G-SA,n79,-96,-96,-10,10,-999,4.9
2026-05-28 14:36:25.673,2026-05-28 14:42:33.903,22.6534823,114.5041275,200.0,10.0,-0.01,336.5,10.5,17.9,958.9,5203.58,10.0,2.0,2.5,NR5G-SA,n79,-102,-102,-10,9,-999,9.9
2026-05-28 14:36:25.873,2026-05-28 14:42:33.903,22.6535028,114.5041178,200.0,10.0,0.11,336.4,10.5,17.2,956.5,5206.07,10.0,2.0,2.5,NR5G-SA,n79,-102,-102,-10,9,-999,6.0
2026-05-28 14:36:26.074,2026-05-28 14:42:34.103,22.6535028,114.5041178,200.0,10.0,0.11,336.4,10.5,17.2,956.5,5206.07,10.0,2.0,2.5,NR5G-SA,n79,-102,-102,-10,9,-999,14.4
2026-05-28 14:36:26.274,2026-05-28 14:42:34.303,22.6535234,114.5041079,200.0,9.9,-0.04,336.3,0.0,17.2,953.9,5208.58,10.0,2.0,2.5,NR5G-SA,n79,-95,-95,-10,9,-999,9.9
2026-05-28 14:36:26.474,2026-05-28 14:42:34.503,22.6535439,114.5040981,200.0,10.0,0.02,336.5,0.0,17.2,951.5,5211.08,10.0,2.0,2.5,NR5G-SA,n79,-95,-95,-10,9,-999,5.3
2026-05-28 14:36:26.675,2026-05-28 14:42:34.903,22.6535643,114.5040884,200.0,10.0,-0.02,336.4,0.0,17.2,949.0,5213.56,10.0,2.0,2.5,NR5G-SA,n79,-99,-99,-10,9,-999,9.4
2026-05-28 14:36:26.875,2026-05-28 14:42:34.903,22.6535848,114.5040785,200.0,10.0,0.01,336.4,0.0,16.9,946.5,5216.05,10.0,2.0,2.5,NR5G-SA,n79,-99,-99,-10,9,-999,11.2
2026-05-28 14:36:27.075,2026-05-28 14:42:35.103,22.6535848,114.5040785,200.0,10.0,0.01,336.4,0.0,16.9,946.5,5216.05,10.0,2.0,2.5,NR5G-SA,n79,-99,-99,-10,9,-999,11.5
2026-05-28 14:36:27.276,2026-05-28 14:42:35.303,22.6536053,114.5040687,200.0,9.9,0.05,336.4,0.8,16.9,944.0,5218.55,10.0,2.0,2.5,NR5G-SA,n79,-97,-97,-10,10,-999,7.4
2026-05-28 14:36:27.476,2026-05-28 14:42:35.503,22.6536259,114.5040589,200.0,10.0,0.03,336.6,0.8,16.9,941.5,5221.05,10.0,2.0,2.5,NR5G-SA,n79,-97,-97,-10,10,-999,6.1
2026-05-28 14:36:27.677,2026-05-28 14:42:35.903,22.6536466,114.5040491,200.0,10.0,0.01,336.7,0.8,16.9,939.0,5223.57,10.0,2.0,2.5,NR5G-SA,n79,-97,-97,-10,10,-999,5.3
2026-05-28 14:36:27.877,2026-05-28 14:42:35.903,22.6536673,114.5040393,200.0,10.0,-0.03,336.6,0.8,18.9,936.4,5226.08,10.0,2.0,2.5,NR5G-SA,n79,-94,-94,-10,11,-999,9.1
2026-05-28 14:36:28.078,2026-05-28 14:42:36.103,22.6536673,114.5040393,200.0,10.0,-0.03,336.6,0.8,18.9,936.4,5226.08,10.0,2.0,2.5,NR5G-SA,n79,-94,-94,-10,11,-999,10.0
2026-05-28 14:36:28.278,2026-05-28 14:42:36.303,22.6536880,114.5040295,200.0,10.0,-0.05,336.5,0.0,18.9,933.9,5228.60,10.0,2.0,2.5,NR5G-SA,n79,-94,-94,-10,11,-999,9.4
2026-05-28 14:36:28.478,2026-05-28 14:42:36.503,22.6537085,114.5040197,200.0,9.9,-0.01,336.4,0.0,18.9,931.4,5231.09,10.0,2.0,2.5,NR5G-SA,n79,-98,-98,-10,9,-999,6.2
2026-05-28 14:36:28.679,2026-05-28 14:42:36.903,22.6537290,114.5040097,200.0,10.0,0.02,336.4,0.0,18.9,928.9,5233.59,10.0,2.0,2.5,NR5G-SA,n79,-98,-98,-10,9,-999,4.6
2026-05-28 14:36:28.879,2026-05-28 14:42:36.903,22.6537495,114.5039997,200.0,10.0,0.01,336.4,0.0,18.6,926.4,5236.10,10.0,2.0,2.5,NR5G-SA,n79,-98,-98,-10,9,-999,10.4
2026-05-28 14:36:29.080,2026-05-28 14:42:37.103,22.6537495,114.5039997,200.0,10.0,0.01,336.4,0.0,18.6,926.4,5236.10,10.0,2.0,2.5,NR5G-SA,n79,-95,-95,-10,10,-999,10.2
2026-05-28 14:36:29.280,2026-05-28 14:42:37.303,22.6537700,114.5039898,200.0,9.9,0.02,336.3,13.0,18.6,923.9,5238.59,10.0,2.0,2.5,NR5G-SA,n79,-95,-95,-10,10,-999,7.8
2026-05-28 14:36:29.481,2026-05-28 14:42:37.503,22.6537905,114.5039799,200.0,10.0,0.05,336.3,13.0,18.6,921.4,5241.09,10.0,2.0,2.5,NR5G-SA,n79,-93,-93,-10,11,-999,6.1
2026-05-28 14:36:29.681,2026-05-28 14:42:37.903,22.6538109,114.5039701,200.0,10.0,0.03,336.2,13.0,18.6,919.0,5243.58,10.0,2.0,2.5,NR5G-SA,n79,-93,-93,-10,11,-999,5.7
2026-05-28 14:36:29.881,2026-05-28 14:42:37.903,22.6538314,114.5039602,200.0,10.0,0.02,336.1,13.0,18.9,916.5,5246.08,10.0,2.0,2.5,NR5G-SA,n79,-93,-93,-10,11,-999,7.6
2026-05-28 14:36:30.082,2026-05-28 14:42:38.103,22.6538314,114.5039602,200.0,10.0,0.02,336.1,13.0,18.9,916.5,5246.08,10.0,2.0,2.5,NR5G-SA,n79,-94,-94,-10,11,-999,7.9
2026-05-28 14:36:30.282,2026-05-28 14:42:38.303,22.6538520,114.5039504,200.0,10.0,-0.02,336.2,43.4,18.9,914.0,5248.58,10.0,2.0,2.5,NR5G-SA,n79,-94,-94,-10,11,-999,6.3
2026-05-28 14:36:30.482,2026-05-28 14:42:38.503,22.6538726,114.5039407,200.0,10.0,-0.00,336.3,43.4,18.9,911.5,5251.08,10.0,2.0,2.5,NR5G-SA,n79,-94,-94,-10,11,-999,5.3
2026-05-28 14:36:30.682,2026-05-28 14:42:38.903,22.6538932,114.5039310,200.0,10.0,0.01,336.3,43.4,18.9,909.0,5253.58,10.0,2.0,2.5,NR5G-SA,n79,-95,-95,-10,11,-999,6.2
2026-05-28 14:36:30.883,2026-05-28 14:42:38.903,22.6539138,114.5039212,200.0,10.0,-0.04,336.2,43.4,18.9,906.4,5256.09,10.0,2.0,2.5,NR5G-SA,n79,-95,-95,-10,11,-999,8.4
2026-05-28 14:36:31.083,2026-05-28 14:42:39.103,22.6539138,114.5039212,200.0,10.0,-0.04,336.2,43.4,20.0,906.4,5256.09,10.0,2.0,2.5,NR5G-SA,n79,-95,-95,-10,11,-999,8.4
2026-05-28 14:36:31.284,2026-05-28 14:42:39.303,22.6539344,114.5039113,200.0,10.0,0.03,336.0,22.2,20.0,903.9,5258.59,10.0,2.0,2.5,NR5G-SA,n79,-94,-94,-10,11,-999,9.1
2026-05-28 14:36:31.484,2026-05-28 14:42:39.503,22.6539549,114.5039014,200.0,10.0,0.04,335.7,22.2,20.0,901.4,5261.09,10.0,2.0,2.5,NR5G-SA,n79,-94,-94,-10,11,-999,7.0
2026-05-28 14:36:31.684,2026-05-28 14:42:39.903,22.6539755,114.5038915,200.0,10.0,0.03,335.6,22.2,20.0,898.9,5263.60,10.0,2.0,2.5,NR5G-SA,n79,-96,-96,-10,11,-999,5.5
2026-05-28 14:36:31.885,2026-05-28 14:42:39.903,22.6539960,114.5038815,200.0,10.0,0.04,335.7,22.2,20.0,896.4,5266.10,10.0,2.0,2.5,NR5G-SA,n79,-96,-96,-10,11,-999,7.2
2026-05-28 14:36:32.085,2026-05-28 14:42:40.103,22.6539960,114.5038815,200.0,10.0,0.04,335.7,22.2,20.2,896.4,5266.10,10.0,2.0,2.5,NR5G-SA,n79,-96,-96,-10,11,-999,7.5
2026-05-28 14:36:32.286,2026-05-28 14:42:40.303,22.6540165,114.5038716,200.0,10.0,0.05,335.8,38.4,20.2,893.9,5268.60,10.0,2.0,2.5,NR5G-SA,n79,-101,-101,-10,11,-999,10.7
2026-05-28 14:36:32.486,2026-05-28 14:42:40.503,22.6540370,114.5038619,200.0,9.9,0.08,335.8,38.4,20.2,891.4,5271.09,10.0,2.0,2.5,NR5G-SA,n79,-101,-101,-10,11,-999,5.4
2026-05-28 14:36:32.686,2026-05-28 14:42:40.903,22.6540575,114.5038522,200.0,10.0,-0.00,335.8,38.4,20.2,888.9,5273.58,10.0,2.0,2.5,NR5G-SA,n79,-101,-101,-10,11,-999,5.9
2026-05-28 14:36:32.887,2026-05-28 14:42:40.903,22.6540779,114.5038425,200.0,9.9,-0.05,335.8,38.4,20.2,886.5,5276.06,10.0,2.0,2.5,NR5G-SA,n79,-98,-98,-10,11,-999,8.9
2026-05-28 14:36:33.087,2026-05-28 14:42:41.103,22.6540779,114.5038425,200.0,9.9,-0.05,335.8,38.4,20.3,886.5,5276.06,10.0,2.0,2.5,NR5G-SA,n79,-98,-98,-10,11,-999,10.4
2026-05-28 14:36:33.287,2026-05-28 14:42:41.303,22.6540982,114.5038327,200.0,9.9,-0.00,335.9,30.9,20.3,884.0,5278.54,10.0,2.0,2.5,NR5G-SA,n79,-98,-98,-10,11,-999,7.9
2026-05-28 14:36:33.488,2026-05-28 14:42:41.503,22.6541187,114.5038229,200.0,9.9,-0.02,336.0,30.9,20.3,881.5,5281.03,10.0,2.0,2.5,NR5G-SA,n79,-95,-95,-10,10,-999,5.6
2026-05-28 14:36:33.688,2026-05-28 14:42:41.903,22.6541393,114.5038131,200.0,9.9,-0.02,336.1,30.9,20.3,879.0,5283.53,10.0,2.0,2.5,NR5G-SA,n79,-95,-95,-10,10,-999,8.1
2026-05-28 14:36:33.889,2026-05-28 14:42:41.903,22.6541597,114.5038033,200.0,10.0,0.00,336.2,30.9,20.3,876.5,5286.02,10.0,2.0,2.5,NR5G-SA,n79,-101,-101,-10,11,-999,7.8
2026-05-28 14:36:34.089,2026-05-28 14:42:42.103,22.6541597,114.5038033,200.0,10.0,0.00,336.2,30.9,20.2,876.5,5286.02,10.0,2.0,2.5,NR5G-SA,n79,-101,-101,-10,11,-999,8.5
2026-05-28 14:36:34.289,2026-05-28 14:42:42.303,22.6541801,114.5037934,200.0,10.0,0.05,336.4,33.0,20.2,874.0,5288.51,10.0,2.0,2.5,NR5G-SA,n79,-101,-101,-10,11,-999,6.0
2026-05-28 14:36:34.490,2026-05-28 14:42:42.503,22.6542006,114.5037835,200.0,10.0,-0.04,336.4,33.0,20.2,871.5,5291.01,10.0,2.0,2.5,NR5G-SA,n79,-102,-102,-10,12,-999,4.6
2026-05-28 14:36:34.690,2026-05-28 14:42:42.903,22.6542212,114.5037736,200.0,10.0,0.02,336.5,33.0,20.2,869.0,5293.51,10.0,2.0,2.5,NR5G-SA,n79,-102,-102,-10,12,-999,7.1
2026-05-28 14:36:34.891,2026-05-28 14:42:42.903,22.6542419,114.5037639,200.0,10.0,-0.02,336.5,33.0,20.2,866.5,5296.02,10.0,2.0,2.5,NR5G-SA,n79,-102,-102,-10,12,-999,6.5
2026-05-28 14:36:35.091,2026-05-28 14:42:43.103,22.6542419,114.5037639,200.0,10.0,-0.02,336.5,33.0,20.3,866.5,5296.02,10.0,2.0,2.5,NR5G-SA,n79,-100,-100,-10,11,-999,7.4
2026-05-28 14:36:35.291,2026-05-28 14:42:43.303,22.6542626,114.5037542,200.0,10.0,-0.01,336.5,36.5,20.3,864.0,5298.54,10.0,2.0,2.5,NR5G-SA,n79,-100,-100,-10,11,-999,6.6
2026-05-28 14:36:35.492,2026-05-28 14:42:43.503,22.6542832,114.5037444,200.0,10.0,0.01,336.4,36.5,20.3,861.5,5301.04,10.0,2.0,2.5,NR5G-SA,n79,-100,-100,-10,11,-999,7.2
2026-05-28 14:36:35.692,2026-05-28 14:42:43.903,22.6543038,114.5037347,200.0,10.0,0.09,336.3,36.5,20.3,859.0,5303.54,10.0,2.0,2.5,NR5G-SA,n79,-99,-99,-10,12,-999,6.0
2026-05-28 14:36:35.892,2026-05-28 14:42:43.903,22.6543244,114.5037248,200.0,10.0,0.09,336.0,36.5,20.3,856.5,5306.05,10.0,2.0,2.5,NR5G-SA,n79,-99,-99,-10,12,-999,8.5
2026-05-28 14:36:36.093,2026-05-28 14:42:44.103,22.6543244,114.5037248,200.0,10.0,0.09,336.0,36.5,20.1,856.5,5306.05,10.0,2.0,2.5,NR5G-SA,n79,-93,-93,-10,12,-999,10.0
2026-05-28 14:36:36.293,2026-05-28 14:42:44.303,22.6543450,114.5037149,200.0,9.9,0.02,335.7,25.4,20.1,854.0,5308.56,10.0,2.0,2.5,NR5G-SA,n79,-93,-93,-10,12,-999,8.7
2026-05-28 14:36:36.493,2026-05-28 14:42:44.503,22.6543654,114.5037050,200.0,10.0,-0.05,335.6,25.4,20.1,851.5,5311.05,10.0,2.0,2.5,NR5G-SA,n79,-93,-93,-10,12,-999,5.6
2026-05-28 14:36:36.694,2026-05-28 14:42:44.903,22.6543859,114.5036950,200.0,10.0,-0.02,335.7,25.4,20.1,849.0,5313.55,10.0,2.0,2.5,NR5G-SA,n79,-91,-91,-10,11,-999,6.7
2026-05-28 14:36:36.894,2026-05-28 14:42:44.903,22.6544065,114.5036851,200.0,10.0,-0.04,335.8,25.4,20.1,846.5,5316.06,10.0,2.0,2.5,NR5G-SA,n79,-91,-91,-10,11,-999,8.1
2026-05-28 14:36:37.094,2026-05-28 14:42:45.103,22.6544065,114.5036851,200.0,10.0,-0.04,335.8,25.4,20.0,846.5,5316.06,10.0,2.0,2.5,NR5G-SA,n79,-91,-91,-10,11,-999,10.9
2026-05-28 14:36:37.295,2026-05-28 14:42:45.303,22.6544270,114.5036752,200.0,10.0,-0.02,335.9,42.1,20.0,844.0,5318.55,10.0,2.0,2.5,NR5G-SA,n79,-93,-93,-10,12,-999,8.7
2026-05-28 14:36:37.495,2026-05-28 14:42:45.503,22.6544476,114.5036654,200.0,10.0,-0.00,335.9,42.1,20.0,841.5,5321.06,10.0,2.0,2.5,NR5G-SA,n79,-93,-93,-10,12,-999,6.0
2026-05-28 14:36:37.695,2026-05-28 14:42:45.903,22.6544682,114.5036557,200.0,9.9,0.01,336.1,42.1,20.0,839.0,5323.56,10.0,2.0,2.5,NR5G-SA,n79,-93,-93,-10,12,-999,6.2
2026-05-28 14:36:37.896,2026-05-28 14:42:45.903,22.6544887,114.5036459,200.0,10.0,0.03,336.1,42.1,20.0,836.5,5326.05,10.0,2.0,2.5,NR5G-SA,n79,-99,-99,-10,11,-999,8.2
2026-05-28 14:36:38.096,2026-05-28 14:42:46.103,22.6544887,114.5036459,200.0,10.0,0.03,336.1,42.1,18.9,836.5,5326.05,10.0,2.0,2.5,NR5G-SA,n79,-99,-99,-10,11,-999,11.7
2026-05-28 14:36:38.297,2026-05-28 14:42:46.304,22.6545092,114.5036359,200.0,9.9,-0.01,336.0,17.4,18.9,834.0,5328.56,10.0,2.0,2.5,NR5G-SA,n79,-92,-92,-10,11,-999,9.8
2026-05-28 14:36:38.497,2026-05-28 14:42:46.504,22.6545296,114.5036259,200.0,9.9,0.00,336.0,17.4,18.9,831.5,5331.05,10.0,2.0,2.5,NR5G-SA,n79,-92,-92,-10,11,-999,4.4
2026-05-28 14:36:38.697,2026-05-28 14:42:46.504,22.6545502,114.5036159,200.0,9.9,0.02,335.9,17.4,18.9,829.0,5333.56,10.0,2.0,2.5,NR5G-SA,n79,-92,-92,-10,11,-999,9.4
2026-05-28 14:36:38.898,2026-05-28 14:42:47.104,22.6545706,114.5036060,200.0,9.9,0.03,335.9,17.4,18.9,826.5,5336.05,10.0,2.0,2.5,NR5G-SA,n79,-93,-93,-10,12,-999,5.0
2026-05-28 14:36:39.098,2026-05-28 14:42:47.104,22.6545706,114.5036060,200.0,9.9,0.03,335.9,17.4,19.6,826.5,5336.05,10.0,2.0,2.5,NR5G-SA,n79,-93,-93,-10,12,-999,13.7
2026-05-28 14:36:39.298,2026-05-28 14:42:47.304,22.6545912,114.5035961,200.0,10.0,-0.02,335.9,0.0,19.6,824.0,5338.56,10.0,2.0,2.5,NR5G-SA,n79,-93,-93,-10,12,-999,6.2
2026-05-28 14:36:39.498,2026-05-28 14:42:47.504,22.6546117,114.5035862,200.0,10.0,-0.01,335.9,0.0,19.6,821.5,5341.06,10.0,2.0,2.5,NR5G-SA,n79,-98,-98,-10,12,-999,6.2
2026-05-28 14:36:39.699,2026-05-28 14:42:47.904,22.6546322,114.5035763,200.0,10.0,-0.09,336.0,0.0,19.6,819.0,5343.56,10.0,2.0,2.5,NR5G-SA,n79,-98,-98,-10,12,-999,7.2
2026-05-28 14:36:39.899,2026-05-28 14:42:47.904,22.6546529,114.5035666,200.0,10.0,-0.09,336.2,0.0,19.6,816.5,5346.07,10.0,2.0,2.5,NR5G-SA,n79,-98,-98,-10,12,-999,10.3
2026-05-28 14:36:40.099,2026-05-28 14:42:48.104,22.6546737,114.5035571,200.0,10.0,-0.09,336.3,0.0,19.6,814.0,5348.58,10.0,2.0,2.5,NR5G-SA,n79,-95,-95,-10,12,-999,12.6
2026-05-28 14:36:40.300,2026-05-28 14:42:48.304,22.6546737,114.5035571,200.0,10.0,-0.03,336.3,6.1,20.3,814.0,5348.58,10.0,2.0,2.5,NR5G-SA,n79,-95,-95,-10,12,-999,9.7
2026-05-28 14:36:40.500,2026-05-28 14:42:48.504,22.6546945,114.5035476,200.0,10.0,-0.05,336.3,6.1,20.3,811.4,5351.09,10.0,2.0,2.5,NR5G-SA,n79,-93,-93,-10,12,-999,7.5
2026-05-28 14:36:40.700,2026-05-28 14:42:48.904,22.6547152,114.5035380,200.0,10.0,-0.00,336.4,6.1,20.3,808.9,5353.60,10.0,2.0,2.5,NR5G-SA,n79,-93,-93,-10,12,-999,5.7
2026-05-28 14:36:40.901,2026-05-28 14:42:49.104,22.6547357,114.5035283,200.0,10.0,0.03,336.3,6.1,20.3,806.4,5356.09,10.0,2.0,2.5,NR5G-SA,n79,-93,-93,-10,12,-999,5.5
2026-05-28 14:36:41.101,2026-05-28 14:42:49.104,22.6547357,114.5035283,200.0,10.0,0.03,336.3,6.1,20.3,806.4,5356.09,10.0,2.0,2.5,NR5G-SA,n79,-93,-93,-10,12,-999,14.1
2026-05-28 14:36:41.302,2026-05-28 14:42:49.304,22.6547562,114.5035184,200.0,9.9,-0.01,336.2,0.0,21.1,803.9,5358.59,10.0,2.0,2.5,NR5G-SA,n79,-93,-93,-10,12,-999,8.8
2026-05-28 14:36:41.502,2026-05-28 14:42:49.504,22.6547766,114.5035084,200.0,9.9,0.00,336.1,0.0,21.1,801.5,5361.08,10.0,2.0,2.5,NR5G-SA,n79,-93,-93,-10,12,-999,4.9
2026-05-28 14:36:41.702,2026-05-28 14:42:49.904,22.6547971,114.5034984,200.0,10.0,-0.02,336.1,0.0,21.1,799.0,5363.58,10.0,2.0,2.5,NR5G-SA,n79,-99,-99,-10,13,-999,6.0
2026-05-28 14:36:41.903,2026-05-28 14:42:49.904,22.6548178,114.5034884,200.0,10.0,-0.03,336.0,0.0,21.1,796.4,5366.10,10.0,2.0,2.5,NR5G-SA,n79,-99,-99,-10,13,-999,6.0
2026-05-28 14:36:42.103,2026-05-28 14:42:50.104,22.6548178,114.5034884,200.0,10.0,-0.03,336.0,0.0,21.1,796.4,5366.10,10.0,2.0,2.5,NR5G-SA,n79,-99,-99,-10,13,-999,12.6
2026-05-28 14:36:42.303,2026-05-28 14:42:50.304,22.6548382,114.5034786,200.0,10.0,0.05,336.1,4.3,21.4,793.9,5368.59,10.0,2.0,2.5,NR5G-SA,n79,-92,-92,-10,13,-999,8.4
2026-05-28 14:36:42.504,2026-05-28 14:42:50.504,22.6548588,114.5034689,200.0,10.0,0.01,336.0,4.3,21.4,791.4,5371.09,10.0,2.0,2.5,NR5G-SA,n79,-92,-92,-10,13,-999,6.2
2026-05-28 14:36:42.704,2026-05-28 14:42:50.904,22.6548793,114.5034592,200.0,10.0,0.05,335.9,4.3,21.4,789.0,5373.58,10.0,2.0,2.5,NR5G-SA,n79,-94,-94,-10,12,-999,5.7
2026-05-28 14:36:42.905,2026-05-28 14:42:50.904,22.6548996,114.5034494,200.0,9.9,0.00,335.8,4.3,21.4,786.5,5376.05,10.0,2.0,2.5,NR5G-SA,n79,-94,-94,-10,12,-999,7.3
2026-05-28 14:36:43.105,2026-05-28 14:42:51.104,22.6548996,114.5034494,200.0,9.9,0.00,335.8,4.3,21.4,786.5,5376.05,10.0,2.0,2.5,NR5G-SA,n79,-94,-94,-10,12,-999,16.2
2026-05-28 14:36:43.305,2026-05-28 14:42:51.304,22.6549200,114.5034396,200.0,9.9,0.01,335.8,0.0,22.5,784.0,5378.54,10.0,2.0,2.5,NR5G-SA,n79,-97,-97,-10,12,-999,9.8
2026-05-28 14:36:43.505,2026-05-28 14:42:51.504,22.6549405,114.5034298,200.0,10.0,0.02,335.7,0.0,22.5,781.5,5381.03,10.0,2.0,2.5,NR5G-SA,n79,-97,-97,-10,12,-999,6.3
2026-05-28 14:36:43.706,2026-05-28 14:42:51.904,22.6549611,114.5034200,200.0,10.0,-0.02,335.5,0.0,22.5,779.0,5383.54,10.0,2.0,2.5,NR5G-SA,n79,-97,-97,-10,12,-999,5.6
2026-05-28 14:36:43.906,2026-05-28 14:42:51.904,22.6549816,114.5034101,200.0,10.0,-0.00,335.5,0.0,22.5,776.5,5386.03,10.0,2.0,2.5,NR5G-SA,n79,-91,-91,-10,12,-999,8.1
2026-05-28 14:36:44.107,2026-05-28 14:42:52.104,22.6549816,114.5034101,200.0,10.0,-0.00,335.5,0.0,22.5,776.5,5386.03,10.0,2.0,2.5,NR5G-SA,n79,-91,-91,-10,12,-999,10.9
2026-05-28 14:36:44.307,2026-05-28 14:42:52.304,22.6550021,114.5034002,200.0,10.0,-0.03,335.3,16.7,23.0,774.0,5388.53,10.0,2.0,2.5,NR5G-SA,n79,-91,-91,-10,12,-999,8.6
2026-05-28 14:36:44.507,2026-05-28 14:42:52.504,22.6550227,114.5033904,200.0,10.0,0.01,335.3,16.7,23.0,771.5,5391.04,10.0,2.0,2.5,NR5G-SA,n79,-93,-93,-10,12,-999,5.2
2026-05-28 14:36:44.708,2026-05-28 14:42:52.904,22.6550433,114.5033806,200.0,10.0,-0.06,335.4,16.7,23.0,769.0,5393.54,10.0,2.0,2.5,NR5G-SA,n79,-93,-93,-10,12,-999,5.2
2026-05-28 14:36:44.908,2026-05-28 14:42:52.904,22.6550638,114.5033707,200.0,10.0,-0.01,335.5,16.7,23.0,766.5,5396.04,10.0,2.0,2.5,NR5G-SA,n79,-93,-93,-10,12,-999,8.3
2026-05-28 14:36:45.109,2026-05-28 14:42:53.104,22.6550843,114.5033608,200.0,10.0,-0.01,335.6,16.7,23.0,764.0,5398.54,10.0,2.0,2.5,NR5G-SA,n79,-94,-94,-10,12,-999,13.7
2026-05-28 14:36:45.309,2026-05-28 14:42:53.304,22.6550843,114.5033608,200.0,10.0,0.02,335.6,43.5,22.3,764.0,5398.54,10.0,2.0,2.5,NR5G-SA,n79,-94,-94,-10,12,-999,8.7
2026-05-28 14:36:45.509,2026-05-28 14:42:53.504,22.6551048,114.5033509,200.0,10.0,0.01,335.9,43.5,22.3,761.5,5401.04,10.0,2.0,2.5,NR5G-SA,n79,-98,-98,-10,12,-999,5.3
2026-05-28 14:36:45.710,2026-05-28 14:42:53.904,22.6551255,114.5033410,200.0,9.9,0.06,336.0,43.5,22.3,759.0,5403.56,10.0,2.0,2.5,NR5G-SA,n79,-98,-98,-10,12,-999,6.0
2026-05-28 14:36:45.910,2026-05-28 14:42:53.904,22.6551458,114.5033313,200.0,10.0,0.05,335.9,43.5,22.3,756.5,5406.03,10.0,2.0,2.5,NR5G-SA,n79,-98,-98,-10,12,-999,7.4
2026-05-28 14:36:46.111,2026-05-28 14:42:54.104,22.6551458,114.5033313,200.0,10.0,0.05,335.9,43.5,22.3,756.5,5406.03,10.0,2.0,2.5,NR5G-SA,n79,-100,-100,-10,13,-999,14.2
2026-05-28 14:36:46.311,2026-05-28 14:42:54.304,22.6551662,114.5033215,200.0,10.0,0.06,335.9,24.4,21.5,754.0,5408.51,10.0,2.0,2.5,NR5G-SA,n79,-100,-100,-10,13,-999,8.6
2026-05-28 14:36:46.511,2026-05-28 14:42:54.504,22.6551868,114.5033115,200.0,10.0,-0.02,335.7,24.4,21.5,751.5,5411.02,10.0,2.0,2.5,NR5G-SA,n79,-100,-100,-10,13,-999,5.3
2026-05-28 14:36:46.712,2026-05-28 14:42:54.904,22.6552074,114.5033015,200.0,10.0,0.01,335.6,24.4,21.5,749.0,5413.53,10.0,2.0,2.5,NR5G-SA,n79,-93,-93,-10,13,-999,6.4
2026-05-28 14:36:46.912,2026-05-28 14:42:54.904,22.6552279,114.5032915,200.0,10.0,-0.01,335.7,24.4,21.5,746.5,5416.04,10.0,2.0,2.5,NR5G-SA,n79,-93,-93,-10,13,-999,8.9
2026-05-28 14:36:47.112,2026-05-28 14:42:55.104,22.6552485,114.5032816,200.0,10.0,-0.04,335.9,24.4,21.5,744.0,5418.55,10.0,2.0,2.5,NR5G-SA,n79,-93,-93,-10,13,-999,11.7
2026-05-28 14:36:47.313,2026-05-28 14:42:55.304,22.6552485,114.5032816,200.0,10.0,-0.04,335.9,36.9,21.0,744.0,5418.55,10.0,2.0,2.5,NR5G-SA,n79,-97,-97,-10,12,-999,6.1
2026-05-28 14:36:47.513,2026-05-28 14:42:55.504,22.6552692,114.5032718,200.0,10.0,-0.06,336.2,36.9,21.0,741.5,5421.06,10.0,2.0,2.5,NR5G-SA,n79,-97,-97,-10,12,-999,5.4
2026-05-28 14:36:47.713,2026-05-28 14:42:55.904,22.6552899,114.5032623,200.0,9.9,-0.05,336.6,36.9,21.0,739.0,5423.56,10.0,2.0,2.5,NR5G-SA,n79,-88,-88,-10,12,-999,5.8
2026-05-28 14:36:47.914,2026-05-28 14:42:56.104,22.6553106,114.5032529,200.0,9.9,-0.02,336.9,36.9,21.0,736.5,5426.06,10.0,2.0,2.5,NR5G-SA,n79,-88,-88,-10,12,-999,4.9
2026-05-28 14:36:48.114,2026-05-28 14:42:56.104,22.6553312,114.5032434,200.0,9.9,0.05,337.5,36.9,21.0,734.0,5428.55,10.0,2.0,2.5,NR5G-SA,n79,-88,-88,-10,12,-999,12.9
2026-05-28 14:36:48.315,2026-05-28 14:42:56.304,22.6553312,114.5032434,200.0,9.9,0.05,337.5,31.9,20.1,734.0,5428.55,10.0,2.0,2.5,NR5G-SA,n79,-96,-96,-10,12,-999,7.2
2026-05-28 14:36:48.515,2026-05-28 14:42:56.504,22.6553516,114.5032337,200.0,9.9,0.10,337.7,31.9,20.1,731.5,5431.03,10.0,2.0,2.5,NR5G-SA,n79,-96,-96,-10,12,-999,4.6
2026-05-28 14:36:48.715,2026-05-28 14:42:56.904,22.6553719,114.5032237,200.0,9.9,0.07,337.9,31.9,20.1,729.0,5433.52,10.0,2.0,2.5,NR5G-SA,n79,-96,-96,-10,12,-999,5.9
2026-05-28 14:36:48.916,2026-05-28 14:42:57.104,22.6553922,114.5032136,200.0,9.9,0.04,338.0,31.9,20.1,726.5,5436.00,10.0,2.0,2.5,NR5G-SA,n79,-95,-95,-10,12,-999,4.8
2026-05-28 14:36:49.116,2026-05-28 14:42:57.104,22.6554126,114.5032035,200.0,10.0,-0.01,338.1,31.9,20.1,724.0,5438.50,10.0,2.0,2.5,NR5G-SA,n79,-95,-95,-10,12,-999,12.5
2026-05-28 14:36:49.316,2026-05-28 14:42:57.304,22.6554126,114.5032035,200.0,10.0,-0.01,338.1,30.8,20.1,724.0,5438.50,10.0,2.0,2.5,NR5G-SA,n79,-95,-95,-10,12,-999,7.9
2026-05-28 14:36:49.517,2026-05-28 14:42:57.504,22.6554331,114.5031936,200.1,10.0,-0.01,338.3,30.8,18.4,721.5,5441.00,10.0,2.0,2.5,NR5G-SA,n79,-93,-93,-10,13,-999,5.0
2026-05-28 14:36:49.717,2026-05-28 14:42:57.904,22.6554536,114.5031837,200.1,10.0,0.03,338.5,30.8,18.4,719.0,5443.50,10.0,2.0,2.5,NR5G-SA,n79,-93,-93,-10,13,-999,5.0
2026-05-28 14:36:49.917,2026-05-28 14:42:58.104,22.6554742,114.5031739,200.1,10.0,-0.09,338.7,30.8,18.4,716.5,5446.00,10.0,2.0,2.5,NR5G-SA,n79,-92,-92,-10,12,-999,4.7
2026-05-28 14:36:50.118,2026-05-28 14:42:58.104,22.6554948,114.5031640,200.0,10.0,-0.08,338.6,30.8,18.4,714.0,5448.51,10.0,2.0,2.5,NR5G-SA,n79,-92,-92,-10,12,-999,11.8
2026-05-28 14:36:50.318,2026-05-28 14:42:58.304,22.6554948,114.5031640,200.0,10.0,-0.08,338.6,39.8,18.4,714.0,5448.51,10.0,2.0,2.5,NR5G-SA,n79,-92,-92,-10,12,-999,5.5
2026-05-28 14:36:50.518,2026-05-28 14:42:58.504,22.6555153,114.5031540,200.0,9.9,-0.01,338.8,39.8,18.8,711.5,5451.01,10.0,2.0,2.5,NR5G-SA,n79,-95,-95,-10,13,-999,5.0
2026-05-28 14:36:50.719,2026-05-28 14:42:58.904,22.6555358,114.5031439,200.0,10.0,-0.02,338.8,39.8,18.8,709.0,5453.52,10.0,2.0,2.5,NR5G-SA,n79,-95,-95,-10,13,-999,6.5
2026-05-28 14:36:50.919,2026-05-28 14:42:59.104,22.6555562,114.5031338,200.0,9.9,-0.06,338.9,39.8,18.8,706.5,5456.02,10.0,2.0,2.5,NR5G-SA,n79,-95,-95,-10,13,-999,5.0
2026-05-28 14:36:51.119,2026-05-28 14:42:59.104,22.6555766,114.5031238,200.0,9.9,0.08,339.2,39.8,18.8,704.0,5458.51,10.0,2.0,2.5,NR5G-SA,n79,-96,-96,-10,13,-999,9.9
2026-05-28 14:36:51.320,2026-05-28 14:42:59.304,22.6555766,114.5031238,200.0,9.9,0.08,339.2,39.8,18.8,704.0,5458.51,10.0,2.0,2.5,NR5G-SA,n79,-96,-96,-10,13,-999,8.6
2026-05-28 14:36:51.520,2026-05-28 14:42:59.504,22.6555971,114.5031140,200.0,9.9,-0.06,339.5,22.5,18.0,701.5,5461.00,10.0,2.0,2.5,NR5G-SA,n79,-96,-96,-10,13,-999,4.5
2026-05-28 14:36:51.720,2026-05-28 14:42:59.904,22.6556176,114.5031044,200.0,9.9,-0.01,339.8,22.5,18.0,699.0,5463.49,10.0,2.0,2.5,NR5G-SA,n79,-97,-97,-10,13,-999,5.7
2026-05-28 14:36:51.921,2026-05-28 14:43:00.104,22.6556382,114.5030949,200.0,10.0,-0.03,340.0,22.5,18.0,696.6,5465.98,10.0,2.0,2.5,NR5G-SA,n79,-97,-97,-10,13,-999,5.4
2026-05-28 14:36:52.121,2026-05-28 14:43:00.104,22.6556589,114.5030853,200.0,9.9,0.03,340.0,22.5,18.0,694.0,5468.49,10.0,2.0,2.5,NR5G-SA,n79,-97,-97,-10,14,-999,13.3
2026-05-28 14:36:52.321,2026-05-28 14:43:00.304,22.6556589,114.5030853,200.0,9.9,0.03,340.0,22.5,18.0,694.0,5468.49,10.0,2.0,2.5,NR5G-SA,n79,-97,-97,-10,14,-999,7.8
2026-05-28 14:36:52.522,2026-05-28 14:43:00.504,22.6556795,114.5030756,200.0,10.0,0.01,340.0,42.3,18.9,691.5,5470.99,10.0,2.0,2.5,NR5G-SA,n79,-97,-97,-10,14,-999,4.2
2026-05-28 14:36:52.722,2026-05-28 14:43:00.904,22.6557000,114.5030658,200.0,10.0,-0.09,340.0,42.3,18.9,689.1,5473.48,10.0,2.0,2.5,NR5G-SA,n79,-93,-93,-10,14,-999,6.4
2026-05-28 14:36:52.922,2026-05-28 14:43:01.104,22.6557205,114.5030559,200.0,10.0,-0.11,340.2,42.3,18.9,686.6,5475.98,10.0,2.0,2.5,NR5G-SA,n79,-93,-93,-10,14,-999,5.9
2026-05-28 14:36:53.123,2026-05-28 14:43:01.104,22.6557410,114.5030459,199.9,9.9,-0.02,340.1,42.3,18.9,684.1,5478.48,10.0,2.0,2.5,NR5G-SA,n79,-93,-93,-10,14,-999,8.3
2026-05-28 14:36:53.323,2026-05-28 14:43:01.304,22.6557410,114.5030459,199.9,9.9,-0.02,340.1,42.3,18.9,684.1,5478.48,10.0,2.0,2.5,NR5G-SA,n79,-95,-95,-10,14,-999,8.4
2026-05-28 14:36:53.523,2026-05-28 14:43:01.504,22.6557616,114.5030360,199.9,10.0,-0.02,340.0,15.9,19.0,681.5,5480.99,10.0,2.0,2.5,NR5G-SA,n79,-95,-95,-10,14,-999,4.8
2026-05-28 14:36:53.724,2026-05-28 14:43:01.904,22.6557822,114.5030261,199.9,10.0,-0.04,339.9,15.9,19.0,679.0,5483.50,10.0,2.0,2.5,NR5G-SA,n79,-95,-95,-10,14,-999,6.5
2026-05-28 14:36:53.924,2026-05-28 14:43:02.104,22.6558029,114.5030161,199.9,10.0,-0.04,339.4,15.9,19.0,676.5,5486.02,10.0,2.0,2.5,NR5G-SA,n79,-95,-95,-10,14,-999,4.3
2026-05-28 14:36:54.125,2026-05-28 14:43:02.104,22.6558235,114.5030063,199.9,10.0,-0.00,339.0,15.9,19.0,674.0,5488.53,10.0,2.0,2.5,NR5G-SA,n79,-95,-95,-10,14,-999,10.8
2026-05-28 14:36:54.325,2026-05-28 14:43:02.304,22.6558235,114.5030063,199.9,10.0,-0.00,339.0,15.9,19.0,674.0,5488.53,10.0,2.0,2.5,NR5G-SA,n79,-94,-94,-10,15,-999,9.3
2026-05-28 14:36:54.525,2026-05-28 14:43:02.504,22.6558441,114.5029965,199.9,10.0,0.07,338.7,0.0,20.3,671.5,5491.03,10.0,2.0,2.5,NR5G-SA,n79,-94,-94,-10,15,-999,4.5
2026-05-28 14:36:54.726,2026-05-28 14:43:02.904,22.6558647,114.5029867,199.9,9.9,0.17,338.4,0.0,20.3,669.0,5493.54,10.0,2.0,2.5,NR5G-SA,n79,-94,-94,-10,15,-999,6.6
2026-05-28 14:36:54.926,2026-05-28 14:43:03.104,22.6558853,114.5029769,200.0,9.9,0.14,338.2,0.0,20.3,666.5,5496.04,10.0,2.0,2.5,NR5G-SA,n79,-90,-90,-10,14,-999,5.1
2026-05-28 14:36:55.126,2026-05-28 14:43:03.104,22.6559059,114.5029670,200.0,10.0,0.06,337.9,0.0,20.3,664.0,5498.55,10.0,2.0,2.5,NR5G-SA,n79,-90,-90,-10,14,-999,10.7
2026-05-28 14:36:55.327,2026-05-28 14:43:03.304,22.6559059,114.5029670,200.0,10.0,0.06,337.9,0.0,20.3,664.0,5498.55,10.0,2.0,2.5,NR5G-SA,n79,-90,-90,-10,14,-999,9.3
2026-05-28 14:36:55.527,2026-05-28 14:43:03.504,22.6559264,114.5029570,200.0,10.0,0.00,337.7,4.5,20.4,661.5,5501.05,10.0,2.0,2.5,NR5G-SA,n79,-99,-99,-10,13,-999,4.6
2026-05-28 14:36:55.727,2026-05-28 14:43:03.904,22.6559468,114.5029469,200.0,10.0,0.03,337.5,4.5,20.4,659.0,5503.55,10.0,2.0,2.5,NR5G-SA,n79,-99,-99,-10,13,-999,5.8
2026-05-28 14:36:55.928,2026-05-28 14:43:04.104,22.6559674,114.5029368,200.0,10.0,-0.05,337.2,4.5,20.4,656.5,5506.07,10.0,2.0,2.5,NR5G-SA,n79,-99,-99,-10,13,-999,6.2
2026-05-28 14:36:56.128,2026-05-28 14:43:04.104,22.6559879,114.5029269,200.0,9.9,-0.04,336.9,4.5,20.4,654.0,5508.56,10.0,2.0,2.5,NR5G-SA,n79,-95,-95,-10,13,-999,10.6
2026-05-28 14:36:56.329,2026-05-28 14:43:04.304,22.6559879,114.5029269,200.0,9.9,-0.04,336.9,4.5,20.4,654.0,5508.56,10.0,2.0,2.5,NR5G-SA,n79,-95,-95,-10,13,-999,7.9
2026-05-28 14:36:56.529,2026-05-28 14:43:04.504,22.6560083,114.5029170,200.0,9.9,-0.05,336.8,0.0,22.5,651.5,5511.05,10.0,2.0,2.5,NR5G-SA,n79,-92,-92,-10,14,-999,5.3
2026-05-28 14:36:56.729,2026-05-28 14:43:04.904,22.6560287,114.5029073,200.0,10.0,-0.01,336.9,0.0,22.5,649.0,5513.53,10.0,2.0,2.5,NR5G-SA,n79,-92,-92,-10,14,-999,7.5
2026-05-28 14:36:56.930,2026-05-28 14:43:04.904,22.6560492,114.5028975,200.0,9.9,0.05,337.1,0.0,22.5,646.5,5516.03,10.0,2.0,2.5,NR5G-SA,n79,-92,-92,-10,14,-999,7.9
2026-05-28 14:36:57.130,2026-05-28 14:43:05.104,22.6560698,114.5028878,200.0,9.9,0.03,337.2,0.0,22.5,644.0,5518.53,10.0,2.0,2.5,NR5G-SA,n79,-98,-98,-10,13,-999,8.6
2026-05-28 14:36:57.330,2026-05-28 14:43:05.304,22.6560698,114.5028878,200.0,9.9,0.03,337.2,0.0,22.5,644.0,5518.53,10.0,2.0,2.5,NR5G-SA,n79,-98,-98,-10,13,-999,9.9
2026-05-28 14:36:57.531,2026-05-28 14:43:05.504,22.6560904,114.5028781,200.0,10.0,-0.04,337.5,7.2,22.5,641.5,5521.03,10.0,2.0,2.5,NR5G-SA,n79,-98,-98,-10,13,-999,6.2
2026-05-28 14:36:57.731,2026-05-28 14:43:05.904,22.6561111,114.5028685,200.0,10.0,0.00,337.7,7.2,24.5,639.0,5523.53,10.0,2.0,2.5,NR5G-SA,n79,-97,-97,-10,13,-999,4.4
2026-05-28 14:36:57.932,2026-05-28 14:43:05.904,22.6561318,114.5028589,200.0,10.0,-0.11,337.8,7.2,24.5,636.5,5526.04,10.0,2.0,2.5,NR5G-SA,n79,-97,-97,-10,13,-999,6.0
2026-05-28 14:36:58.132,2026-05-28 14:43:06.104,22.6561524,114.5028493,200.0,9.9,-0.07,337.9,7.2,24.5,634.0,5528.54,10.0,2.0,2.5,NR5G-SA,n79,-97,-97,-10,13,-999,9.0
2026-05-28 14:36:58.333,2026-05-28 14:43:06.304,22.6561524,114.5028493,200.0,9.9,-0.07,337.9,7.2,24.5,634.0,5528.54,10.0,2.0,2.5,NR5G-SA,n79,-91,-91,-10,13,-999,8.8
2026-05-28 14:36:58.533,2026-05-28 14:43:06.504,22.6561730,114.5028395,200.0,9.9,0.02,337.8,0.0,24.5,631.5,5531.04,10.0,2.0,2.5,NR5G-SA,n79,-91,-91,-10,13,-999,4.5
2026-05-28 14:36:58.734,2026-05-28 14:43:06.904,22.6561935,114.5028297,200.0,10.0,0.06,337.7,0.0,24.3,629.0,5533.53,10.0,2.0,2.5,NR5G-SA,n79,-96,-96,-10,13,-999,6.6
2026-05-28 14:36:58.934,2026-05-28 14:43:07.104,22.6562140,114.5028198,200.0,9.9,0.04,337.5,0.0,24.3,626.5,5536.03,10.0,2.0,2.5,NR5G-SA,n79,-96,-96,-10,13,-999,4.2
2026-05-28 14:36:59.134,2026-05-28 14:43:07.104,22.6562345,114.5028098,200.0,10.0,0.03,337.2,0.0,24.3,624.0,5538.54,10.0,2.0,2.5,NR5G-SA,n79,-96,-96,-10,13,-999,9.0
2026-05-28 14:36:59.335,2026-05-28 14:43:07.304,22.6562345,114.5028098,200.0,10.0,0.03,337.2,0.0,24.3,624.0,5538.54,10.0,2.0,2.5,NR5G-SA,n79,-93,-93,-10,13,-999,8.6
2026-05-28 14:36:59.535,2026-05-28 14:43:07.504,22.6562549,114.5027998,200.0,10.0,0.03,337.1,18.1,24.3,621.5,5541.03,10.0,2.0,2.5,NR5G-SA,n79,-93,-93,-10,13,-999,4.7
2026-05-28 14:36:59.735,2026-05-28 14:43:07.904,22.6562754,114.5027899,200.0,10.0,0.08,337.1,18.1,23.0,619.0,5543.53,10.0,2.0,2.5,NR5G-SA,n79,-93,-93,-10,13,-999,6.6
2026-05-28 14:36:59.936,2026-05-28 14:43:08.104,22.6562959,114.5027801,200.0,9.9,0.03,337.1,18.1,23.0,616.5,5546.02,10.0,2.0,2.5,NR5G-SA,n79,-91,-91,-10,13,-999,6.9
2026-05-28 14:37:00.136,2026-05-28 14:43:08.104,22.6563164,114.5027703,200.0,10.0,-0.00,337.0,18.1,23.0,614.0,5548.52,10.0,2.0,2.5,NR5G-SA,n79,-91,-91,-10,13,-999,12.5
2026-05-28 14:37:00.337,2026-05-28 14:43:08.304,22.6563164,114.5027703,200.0,10.0,-0.00,337.0,18.1,23.0,614.0,5548.52,10.0,2.0,2.5,NR5G-SA,n79,-91,-91,-10,13,-999,9.5
2026-05-28 14:37:00.537,2026-05-28 14:43:08.504,22.6563370,114.5027605,200.0,10.0,-0.07,337.0,41.0,23.0,611.5,5551.02,10.0,2.0,2.5,NR5G-SA,n79,-97,-97,-10,13,-999,5.5
2026-05-28 14:37:00.737,2026-05-28 14:43:08.904,22.6563577,114.5027506,200.0,10.0,-0.12,337.2,41.0,23.2,609.0,5553.54,10.0,2.0,2.5,NR5G-SA,n79,-97,-97,-10,13,-999,6.0
2026-05-28 14:37:00.938,2026-05-28 14:43:09.104,22.6563784,114.5027409,200.0,10.0,-0.09,337.3,41.0,23.2,606.5,5556.05,10.0,2.0,2.5,NR5G-SA,n79,-93,-93,-10,13,-999,5.7
2026-05-28 14:37:01.138,2026-05-28 14:43:09.104,22.6563991,114.5027312,200.0,10.0,0.09,337.5,41.0,23.2,604.0,5558.56,10.0,2.0,2.5,NR5G-SA,n79,-93,-93,-10,13,-999,10.5
2026-05-28 14:37:01.339,2026-05-28 14:43:09.304,22.6563991,114.5027312,200.0,10.0,0.09,337.5,41.0,23.2,604.0,5558.56,10.0,2.0,2.5,NR5G-SA,n79,-93,-93,-10,13,-999,8.5
2026-05-28 14:37:01.539,2026-05-28 14:43:09.504,22.6564197,114.5027216,200.0,10.0,0.01,337.8,25.7,23.2,601.5,5561.06,10.0,2.0,2.5,NR5G-SA,n79,-95,-95,-10,12,-999,5.1
2026-05-28 14:37:01.739,2026-05-28 14:43:09.904,22.6564404,114.5027121,200.0,9.9,0.05,338.0,25.7,21.0,599.0,5563.56,10.0,2.0,2.5,NR5G-SA,n79,-95,-95,-10,12,-999,7.2
2026-05-28 14:37:01.939,2026-05-28 14:43:10.104,22.6564610,114.5027026,200.0,9.9,0.04,338.2,25.7,21.0,596.5,5566.05,10.0,2.0,2.5,NR5G-SA,n79,-95,-95,-10,12,-999,5.0
2026-05-28 14:37:02.140,2026-05-28 14:43:10.104,22.6564816,114.5026930,200.0,9.9,-0.05,338.3,25.7,21.0,594.0,5568.55,10.0,2.0,2.5,NR5G-SA,n79,-97,-97,-10,12,-999,8.5
2026-05-28 14:37:02.340,2026-05-28 14:43:10.304,22.6564816,114.5026930,200.0,9.9,-0.05,338.3,25.7,21.0,594.0,5568.55,10.0,2.0,2.5,NR5G-SA,n79,-97,-97,-10,12,-999,9.2
2026-05-28 14:37:02.540,2026-05-28 14:43:10.504,22.6565022,114.5026832,200.0,9.9,-0.02,338.3,36.5,21.0,591.5,5571.05,10.0,2.0,2.5,NR5G-SA,n79,-97,-97,-10,12,-999,4.4
2026-05-28 14:37:02.741,2026-05-28 14:43:10.904,22.6565227,114.5026734,200.0,9.9,-0.04,338.4,36.5,17.6,589.0,5573.55,10.0,2.0,2.5,NR5G-SA,n79,-97,-97,-10,16,-999,6.6
2026-05-28 14:37:02.941,2026-05-28 14:43:11.104,22.6565430,114.5026634,200.0,9.9,0.06,338.5,36.5,17.6,586.5,5576.03,10.0,2.0,2.5,NR5G-SA,n79,-97,-97,-10,16,-999,5.1
2026-05-28 14:37:03.141,2026-05-28 14:43:11.104,22.6565635,114.5026534,200.0,10.0,-0.02,338.4,36.5,17.6,584.0,5578.53,10.0,2.0,2.5,NR5G-SA,n79,-97,-97,-10,16,-999,10.0
2026-05-28 14:37:03.342,2026-05-28 14:43:11.304,22.6565635,114.5026534,200.0,10.0,-0.02,338.4,36.5,17.6,584.0,5578.53,10.0,2.0,2.5,NR5G-SA,n79,-93,-93,-10,16,-999,14.3
2026-05-28 14:37:03.542,2026-05-28 14:43:11.504,22.6565840,114.5026435,200.0,10.0,-0.02,338.4,32.6,17.6,581.5,5581.03,10.0,2.0,2.5,NR5G-SA,n79,-93,-93,-10,16,-999,7.2
2026-05-28 14:37:03.742,2026-05-28 14:43:11.904,22.6566047,114.5026335,200.0,10.0,-0.08,338.4,32.6,16.9,579.0,5583.55,10.0,2.0,2.5,NR5G-SA,n79,-91,-91,-10,16,-999,6.3
2026-05-28 14:37:03.943,2026-05-28 14:43:12.104,22.6566252,114.5026234,200.0,10.0,-0.02,338.6,32.6,16.9,576.5,5586.06,10.0,2.0,2.5,NR5G-SA,n79,-91,-91,-10,16,-999,4.1
2026-05-28 14:37:04.143,2026-05-28 14:43:12.104,22.6566458,114.5026133,200.0,9.9,-0.05,338.6,32.6,16.9,574.0,5588.58,10.0,2.0,2.5,NR5G-SA,n79,-91,-91,-10,16,-999,8.9
2026-05-28 14:37:04.343,2026-05-28 14:43:12.304,22.6566458,114.5026133,200.0,9.9,-0.05,338.6,32.6,16.9,574.0,5588.58,10.0,2.0,2.5,NR5G-SA,n79,-93,-93,-10,16,-999,11.9
2026-05-28 14:37:04.544,2026-05-28 14:43:12.504,22.6566663,114.5026034,200.0,10.0,-0.10,338.5,31.0,16.9,571.5,5591.07,10.0,2.0,2.5,NR5G-SA,n79,-93,-93,-10,16,-999,5.0
2026-05-28 14:37:04.744,2026-05-28 14:43:12.904,22.6566868,114.5025936,200.0,10.0,0.01,338.6,31.0,17.1,569.0,5593.57,10.0,2.0,2.5,NR5G-SA,n79,-93,-93,-10,16,-999,6.0
2026-05-28 14:37:04.944,2026-05-28 14:43:13.104,22.6567073,114.5025837,200.0,9.9,0.03,338.7,31.0,17.1,566.5,5596.07,10.0,2.0,2.5,NR5G-SA,n79,-96,-96,-10,16,-999,4.7
2026-05-28 14:37:05.145,2026-05-28 14:43:13.104,22.6567277,114.5025738,200.0,9.9,0.02,338.5,31.0,17.1,564.0,5598.55,10.0,2.0,2.5,NR5G-SA,n79,-96,-96,-10,16,-999,8.6
2026-05-28 14:37:05.345,2026-05-28 14:43:13.304,22.6567277,114.5025738,200.0,9.9,0.02,338.5,31.0,17.1,564.0,5598.55,10.0,2.0,2.5,NR5G-SA,n79,-96,-96,-10,16,-999,12.0
2026-05-28 14:37:05.545,2026-05-28 14:43:13.504,22.6567480,114.5025637,200.0,9.9,0.04,338.5,38.4,17.1,561.5,5601.04,10.0,2.0,2.5,NR5G-SA,n79,-97,-97,-10,17,-999,4.7
2026-05-28 14:37:05.746,2026-05-28 14:43:13.904,22.6567684,114.5025536,200.0,10.0,0.01,338.8,38.4,15.9,559.0,5603.54,10.0,2.0,2.5,NR5G-SA,n79,-97,-97,-10,17,-999,6.2
2026-05-28 14:37:05.946,2026-05-28 14:43:14.104,22.6567887,114.5025434,200.0,10.0,0.06,340.0,38.4,15.9,556.5,5606.03,10.0,2.0,2.5,NR5G-SA,n79,-98,-98,-10,17,-999,5.6
2026-05-28 14:37:06.146,2026-05-28 14:43:14.104,22.6568091,114.5025334,200.1,10.0,0.03,342.2,38.4,15.9,554.0,5608.52,10.0,2.0,2.5,NR5G-SA,n79,-98,-98,-10,17,-999,10.7
2026-05-28 14:37:06.347,2026-05-28 14:43:14.304,22.6568091,114.5025334,200.1,10.0,0.03,342.2,38.4,15.9,554.0,5608.52,10.0,2.0,2.5,NR5G-SA,n79,-98,-98,-10,17,-999,13.1
2026-05-28 14:37:06.547,2026-05-28 14:43:14.504,22.6568294,114.5025234,200.1,9.9,-0.15,342.9,22.5,15.9,551.5,5611.00,10.0,2.0,2.5,NR5G-SA,n79,-95,-95,-10,17,-999,4.8
2026-05-28 14:37:06.748,2026-05-28 14:43:14.904,22.6568500,114.5025135,200.0,10.0,-0.16,342.9,22.5,16.1,549.0,5613.51,10.0,2.0,2.5,NR5G-SA,n79,-95,-95,-10,17,-999,7.4
2026-05-28 14:37:06.948,2026-05-28 14:43:15.104,22.6568706,114.5025036,200.0,9.9,-0.08,343.4,22.5,16.1,546.5,5616.02,10.0,2.0,2.5,NR5G-SA,n79,-95,-95,-10,17,-999,5.4
2026-05-28 14:37:07.148,2026-05-28 14:43:15.104,22.6568912,114.5024937,200.0,10.0,-0.02,345.2,22.5,16.1,544.0,5618.53,10.0,2.0,2.5,NR5G-SA,n79,-97,-97,-10,17,-999,9.6
2026-05-28 14:37:07.349,2026-05-28 14:43:15.304,22.6568912,114.5024937,200.0,10.0,-0.02,345.2,22.5,16.1,544.0,5618.53,10.0,2.0,2.5,NR5G-SA,n79,-97,-97,-10,17,-999,12.7
2026-05-28 14:37:07.549,2026-05-28 14:43:15.504,22.6569118,114.5024839,200.0,9.9,-0.13,345.6,43.6,16.1,541.5,5621.03,10.0,2.0,2.5,NR5G-SA,n79,-97,-97,-10,17,-999,4.7
2026-05-28 14:37:07.749,2026-05-28 14:43:15.904,22.6569324,114.5024742,199.9,9.9,-0.10,344.7,43.6,17.3,539.0,5623.53,10.0,2.0,2.5,NR5G-SA,n79,-97,-97,-10,18,-999,4.4
2026-05-28 14:37:07.950,2026-05-28 14:43:16.104,22.6569529,114.5024646,200.0,9.9,0.05,344.6,43.6,17.3,536.5,5626.02,10.0,2.0,2.5,NR5G-SA,n79,-97,-97,-10,18,-999,5.1
2026-05-28 14:37:08.150,2026-05-28 14:43:16.104,22.6569734,114.5024548,200.0,9.9,0.03,345.5,43.6,17.3,534.0,5628.51,10.0,2.0,2.5,NR5G-SA,n79,-93,-93,-10,26,-999,11.2
2026-05-28 14:37:08.350,2026-05-28 14:43:16.304,22.6569734,114.5024548,200.0,9.9,0.03,345.5,43.6,17.3,534.0,5628.51,10.0,2.0,2.5,NR5G-SA,n79,-93,-93,-10,26,-999,13.5
2026-05-28 14:37:08.551,2026-05-28 14:43:16.504,22.6569940,114.5024450,200.0,10.0,-0.02,346.2,12.5,17.3,531.5,5631.02,10.0,2.0,2.5,NR5G-SA,n79,-93,-93,-10,26,-999,6.0
2026-05-28 14:37:08.751,2026-05-28 14:43:16.904,22.6570145,114.5024355,200.0,9.9,-0.10,344.6,12.5,17.3,529.0,5633.50,10.0,2.0,2.5,NR5G-SA,n79,-44,-44,-10,24,-999,6.5
2026-05-28 14:37:08.952,2026-05-28 14:43:17.104,22.6570351,114.5024260,200.0,10.0,-0.11,341.7,12.5,17.4,526.5,5635.99,10.0,2.0,2.5,NR5G-SA,n79,-44,-44,-10,24,-999,5.9
2026-05-28 14:37:09.152,2026-05-28 14:43:17.104,22.6570557,114.5024162,200.0,10.0,0.10,339.0,12.5,17.4,524.0,5638.50,10.0,2.0,2.5,NR5G-SA,n79,-44,-44,-10,24,-999,7.6
2026-05-28 14:37:09.353,2026-05-28 14:43:17.304,22.6570557,114.5024162,200.0,10.0,0.10,339.0,12.5,17.4,524.0,5638.50,10.0,2.0,2.5,NR5G-SA,n79,-44,-44,-10,23,-999,14.7
2026-05-28 14:37:09.553,2026-05-28 14:43:17.504,22.6570763,114.5024059,200.0,10.0,0.01,337.6,0.0,17.4,521.5,5641.02,10.0,2.0,2.5,NR5G-SA,n79,-44,-44,-10,23,-999,6.2
2026-05-28 14:37:09.754,2026-05-28 14:43:17.904,22.6570966,114.5023954,200.0,10.0,-0.02,336.6,0.0,17.4,519.0,5643.53,10.0,2.0,2.5,NR5G-SA,n79,-44,-44,-10,23,-999,6.4
2026-05-28 14:37:09.954,2026-05-28 14:43:18.104,22.6571170,114.5023850,200.0,10.0,0.05,335.9,0.0,17.3,516.5,5646.04,10.0,2.0,2.5,NR5G-SA,n79,-91,-91,-10,18,-999,6.0
2026-05-28 14:37:10.154,2026-05-28 14:43:18.304,22.6571376,114.5023748,200.0,10.1,0.02,335.6,0.0,17.3,514.0,5648.56,10.0,2.0,2.5,NR5G-SA,n79,-91,-91,-10,18,-999,5.9
2026-05-28 14:37:10.354,2026-05-28 14:43:18.304,22.6571584,114.5023648,200.0,10.1,-0.03,335.2,0.0,17.3,511.5,5651.09,10.0,2.0,2.5,NR5G-SA,n79,-90,-90,-10,15,-999,12.9
2026-05-28 14:37:10.555,2026-05-28 14:43:18.504,22.6571584,114.5023648,200.0,10.1,-0.03,335.2,0.0,17.3,511.5,5651.09,10.0,2.0,2.5,NR5G-SA,n79,-90,-90,-10,15,-999,9.5
2026-05-28 14:37:10.755,2026-05-28 14:43:18.904,22.6571792,114.5023550,200.1,10.1,-0.05,334.9,100.0,17.3,508.9,5653.62,10.0,2.0,2.5,NR5G-SA,n79,-90,-90,-10,15,-999,5.5
2026-05-28 14:37:10.956,2026-05-28 14:43:19.104,22.6572002,114.5023453,200.1,10.1,-0.02,334.4,100.0,20.3,506.4,5656.16,10.0,2.0,2.5,NR5G-SA,n79,-90,-90,-10,15,-999,4.9
2026-05-28 14:37:11.156,2026-05-28 14:43:19.104,22.6572210,114.5023357,200.1,10.1,-0.01,333.9,100.0,20.3,503.9,5658.67,10.0,2.0,2.5,NR5G-SA,n79,-90,-90,-10,15,-999,8.4
2026-05-28 14:37:11.357,2026-05-28 14:43:19.304,22.6572210,114.5023357,200.1,10.1,-0.01,333.9,100.0,20.3,503.9,5658.67,10.0,2.0,2.5,NR5G-SA,n79,-90,-90,-10,15,-999,16.2
2026-05-28 14:37:11.557,2026-05-28 14:43:19.504,22.6572418,114.5023261,200.1,10.0,-0.08,333.2,100.0,20.3,501.4,5661.19,10.0,2.0,2.5,NR5G-SA,n79,-90,-90,-10,15,-999,6.6
2026-05-28 14:37:11.758,2026-05-28 14:43:19.904,22.6572624,114.5023163,200.1,10.0,-0.04,332.7,9.9,20.3,498.8,5663.70,10.0,2.0,2.5,NR5G-SA,n79,-90,-90,-10,15,-999,7.2
2026-05-28 14:37:11.958,2026-05-28 14:43:20.104,22.6572829,114.5023065,200.0,9.9,-0.11,332.4,9.9,22.2,496.4,5666.19,10.0,2.0,2.5,NR5G-SA,n79,-90,-90,-10,15,-999,5.6
2026-05-28 14:37:12.158,2026-05-28 14:43:20.104,22.6573034,114.5022967,200.0,9.9,-0.12,331.8,9.9,22.2,493.9,5668.68,10.0,2.0,2.5,NR5G-SA,n79,-90,-90,-10,25,-999,9.0
2026-05-28 14:37:12.359,2026-05-28 14:43:20.304,22.6573237,114.5022870,200.0,9.8,-0.10,331.6,9.9,22.2,491.4,5671.15,10.0,2.0,2.5,NR5G-SA,n79,-90,-90,-10,25,-999,10.8
2026-05-28 14:37:12.559,2026-05-28 14:43:20.504,22.6573237,114.5022870,200.0,9.8,-0.10,331.6,9.9,22.2,491.4,5671.15,10.0,2.0,2.5,NR5G-SA,n79,-90,-90,-10,24,-999,8.3
2026-05-28 14:37:12.760,2026-05-28 14:43:20.904,22.6573440,114.5022773,200.0,9.9,-0.04,331.3,0.0,22.2,488.9,5673.62,10.0,2.0,2.5,NR5G-SA,n79,-90,-90,-10,24,-999,5.3
2026-05-28 14:37:12.960,2026-05-28 14:43:21.104,22.6573643,114.5022675,200.0,9.9,0.03,331.1,0.0,23.4,486.4,5676.10,10.0,2.0,2.5,NR5G-SA,n79,-90,-90,-10,24,-999,5.9
2026-05-28 14:37:13.160,2026-05-28 14:43:21.104,22.6573847,114.5022578,200.0,9.9,0.05,330.6,0.0,23.4,484.0,5678.58,10.0,2.0,2.5,NR5G-SA,n79,-88,-88,-10,26,-999,8.7
2026-05-28 14:37:13.361,2026-05-28 14:43:21.304,22.6574054,114.5022481,200.1,10.0,0.03,330.1,0.0,23.4,481.5,5681.09,10.0,2.0,2.5,NR5G-SA,n79,-88,-88,-10,26,-999,9.7
2026-05-28 14:37:13.561,2026-05-28 14:43:21.504,22.6574054,114.5022481,200.1,10.0,0.03,330.1,0.0,23.4,481.5,5681.09,10.0,2.0,2.5,NR5G-SA,n79,-88,-88,-10,26,-999,7.0
2026-05-28 14:37:13.762,2026-05-28 14:43:21.904,22.6574262,114.5022385,200.1,10.1,-0.12,329.8,20.1,23.4,478.9,5683.60,10.0,2.0,2.5,NR5G-SA,n79,-89,-89,-10,27,-999,8.3
2026-05-28 14:37:13.962,2026-05-28 14:43:22.104,22.6574471,114.5022288,200.0,10.1,-0.14,330.2,20.1,24.9,476.4,5686.14,10.0,2.0,2.5,NR5G-SA,n79,-89,-89,-10,27,-999,4.6
2026-05-28 14:37:14.162,2026-05-28 14:43:22.104,22.6574679,114.5022191,200.0,10.0,-0.01,331.1,20.1,24.9,473.9,5688.66,10.0,2.0,2.5,NR5G-SA,n79,-89,-89,-10,27,-999,8.3
2026-05-28 14:37:14.363,2026-05-28 14:43:22.304,22.6574886,114.5022093,200.0,10.0,-0.07,332.0,20.1,24.9,471.4,5691.17,10.0,2.0,2.5,NR5G-SA,n79,-89,-89,-10,18,-999,16.3
2026-05-28 14:37:14.563,2026-05-28 14:43:22.504,22.6574886,114.5022093,200.0,10.0,-0.07,332.0,20.1,24.9,471.4,5691.17,10.0,2.0,2.5,NR5G-SA,n79,-89,-89,-10,18,-999,11.6
2026-05-28 14:37:14.763,2026-05-28 14:43:22.904,22.6575092,114.5021996,200.0,10.0,0.02,332.6,40.3,24.9,468.9,5693.67,10.0,2.0,2.5,NR5G-SA,n79,-89,-89,-10,18,-999,9.9
2026-05-28 14:37:14.964,2026-05-28 14:43:23.104,22.6575297,114.5021899,200.0,9.9,-0.00,333.1,40.3,25.3,466.4,5696.16,10.0,2.0,2.5,NR5G-SA,n79,-89,-89,-10,18,-999,6.1
2026-05-28 14:37:15.164,2026-05-28 14:43:23.304,22.6575503,114.5021802,200.0,9.9,-0.01,333.6,40.3,25.3,463.9,5698.66,10.0,2.0,2.5,NR5G-SA,n79,-89,-89,-10,18,-999,7.8
2026-05-28 14:37:15.365,2026-05-28 14:43:23.304,22.6575708,114.5021704,200.0,9.9,0.02,333.9,40.3,25.3,461.4,5701.16,10.0,2.0,2.5,NR5G-SA,n79,-89,-89,-10,18,-999,15.0
2026-05-28 14:37:15.565,2026-05-28 14:43:23.504,22.6575708,114.5021704,200.0,9.9,0.02,333.9,40.3,25.3,461.4,5701.16,10.0,2.0,2.5,NR5G-SA,n79,-89,-89,-10,18,-999,5.7
2026-05-28 14:37:15.765,2026-05-28 14:43:23.904,22.6575913,114.5021604,200.0,10.0,0.03,334.0,28.4,25.3,458.9,5703.66,10.0,2.0,2.5,NR5G-SA,n79,-89,-89,-10,18,-999,9.8
2026-05-28 14:37:15.966,2026-05-28 14:43:24.104,22.6576118,114.5021505,200.0,10.0,0.15,334.4,28.4,22.4,456.4,5706.16,10.0,2.0,2.5,NR5G-SA,n79,-90,-90,-10,27,-999,6.1
2026-05-28 14:37:16.166,2026-05-28 14:43:24.304,22.6576325,114.5021406,200.1,10.0,-0.04,334.3,28.4,22.4,453.9,5708.68,10.0,2.0,2.5,NR5G-SA,n79,-90,-90,-10,27,-999,7.8
2026-05-28 14:37:16.367,2026-05-28 14:43:24.304,22.6576531,114.5021307,200.1,10.0,-0.04,334.4,28.4,22.4,451.4,5711.18,10.0,2.0,2.5,NR5G-SA,n79,-90,-90,-10,27,-999,15.3
2026-05-28 14:37:16.567,2026-05-28 14:43:24.504,22.6576531,114.5021307,200.1,10.0,-0.02,334.4,28.4,22.4,451.4,5711.18,10.0,2.0,2.5,NR5G-SA,n79,-90,-90,-10,25,-999,11.1
2026-05-28 14:37:16.768,2026-05-28 14:43:24.904,22.6576736,114.5021209,200.0,9.9,-0.12,334.4,34.7,22.4,448.9,5713.68,10.0,2.0,2.5,NR5G-SA,n79,-90,-90,-10,25,-999,10.2
2026-05-28 14:37:16.968,2026-05-28 14:43:25.104,22.6576940,114.5021109,200.0,9.9,-0.12,334.6,34.7,22.4,446.4,5716.17,10.0,2.0,2.5,NR5G-SA,n79,-90,-90,-10,25,-999,7.6
2026-05-28 14:37:17.168,2026-05-28 14:43:25.104,22.6577142,114.5021011,200.0,9.8,-0.09,334.8,34.7,21.6,443.9,5718.63,10.0,2.0,2.5,NR5G-SA,n79,-90,-90,-10,25,-999,7.9
2026-05-28 14:37:17.369,2026-05-28 14:43:25.304,22.6577343,114.5020911,200.0,9.8,0.02,334.6,34.7,21.6,441.4,5721.10,10.0,2.0,2.5,NR5G-SA,n79,-90,-90,-10,25,-999,14.1
2026-05-28 14:37:17.569,2026-05-28 14:43:25.504,22.6577343,114.5020911,200.0,9.8,0.02,334.6,34.7,21.6,441.4,5721.10,10.0,2.0,2.5,NR5G-SA,n79,-88,-88,-10,26,-999,12.6
2026-05-28 14:37:17.769,2026-05-28 14:43:25.904,22.6577545,114.5020810,200.0,9.9,-0.04,334.5,34.9,21.6,439.0,5723.57,10.0,2.0,2.5,NR5G-SA,n79,-88,-88,-10,26,-999,7.2
2026-05-28 14:37:17.970,2026-05-28 14:43:26.104,22.6577748,114.5020710,200.0,9.9,0.01,334.7,34.9,21.6,436.5,5726.06,10.0,2.0,2.5,NR5G-SA,n79,-88,-88,-10,26,-999,5.3
2026-05-28 14:37:18.170,2026-05-28 14:43:26.304,22.6577955,114.5020612,200.0,10.0,0.04,335.0,34.9,20.5,434.0,5728.57,10.0,2.0,2.5,NR5G-SA,n79,-88,-88,-10,21,-999,5.1
2026-05-28 14:37:18.371,2026-05-28 14:43:26.304,22.6578164,114.5020515,200.0,10.0,-0.01,335.3,34.9,20.5,431.4,5731.10,10.0,2.0,2.5,NR5G-SA,n79,-88,-88,-10,21,-999,13.7
2026-05-28 14:37:18.571,2026-05-28 14:43:26.504,22.6578164,114.5020515,200.0,10.0,-0.01,335.3,34.9,20.5,431.4,5731.10,10.0,2.0,2.5,NR5G-SA,n79,-88,-88,-10,21,-999,10.4
2026-05-28 14:37:18.771,2026-05-28 14:43:26.904,22.6578372,114.5020419,200.0,10.0,0.00,335.6,27.8,20.5,428.9,5733.62,10.0,2.0,2.5,NR5G-SA,n79,-88,-88,-10,20,-999,7.6
2026-05-28 14:37:18.972,2026-05-28 14:43:27.104,22.6578580,114.5020323,200.0,10.0,0.05,335.8,27.8,20.5,426.4,5736.13,10.0,2.0,2.5,NR5G-SA,n79,-88,-88,-10,20,-999,6.9
2026-05-28 14:37:19.172,2026-05-28 14:43:27.304,22.6578786,114.5020225,200.0,10.0,-0.00,336.0,27.8,19.6,423.9,5738.64,10.0,2.0,2.5,NR5G-SA,n79,-88,-88,-10,19,-999,6.7
2026-05-28 14:37:19.372,2026-05-28 14:43:27.304,22.6578991,114.5020128,200.0,10.0,0.05,336.4,27.8,19.6,421.4,5741.13,10.0,2.0,2.5,NR5G-SA,n79,-88,-88,-10,19,-999,10.3
2026-05-28 14:37:19.573,2026-05-28 14:43:27.504,22.6578991,114.5020128,200.0,10.0,0.05,336.4,27.8,19.6,421.4,5741.13,10.0,2.0,2.5,NR5G-SA,n79,-88,-88,-10,19,-999,11.3
2026-05-28 14:37:19.773,2026-05-28 14:43:27.904,22.6579197,114.5020029,200.0,10.0,0.02,336.5,40.8,19.6,418.9,5743.64,10.0,2.0,2.5,NR5G-SA,n79,-88,-88,-10,19,-999,7.7
2026-05-28 14:37:19.974,2026-05-28 14:43:28.104,22.6579402,114.5019931,200.0,10.0,-0.02,336.8,40.8,19.6,416.4,5746.13,10.0,2.0,2.5,NR5G-SA,n79,-88,-88,-10,19,-999,6.9
2026-05-28 14:37:20.174,2026-05-28 14:43:28.304,22.6579609,114.5019832,200.0,10.0,-0.05,337.0,40.8,20.1,413.9,5748.65,10.0,2.0,2.5,NR5G-SA,n79,-88,-88,-10,19,-999,7.9
2026-05-28 14:37:20.374,2026-05-28 14:43:28.304,22.6579814,114.5019733,200.0,9.9,-0.05,337.1,40.8,20.1,411.4,5751.15,10.0,2.0,2.5,NR5G-SA,n79,-88,-88,-10,19,-999,10.7
2026-05-28 14:37:20.575,2026-05-28 14:43:28.504,22.6579814,114.5019733,200.0,9.9,-0.05,337.1,40.8,20.1,411.4,5751.15,10.0,2.0,2.5,NR5G-SA,n79,-88,-88,-10,19,-999,7.7
2026-05-28 14:37:20.775,2026-05-28 14:43:28.904,22.6580020,114.5019634,200.0,9.9,0.05,337.4,19.5,20.1,408.9,5753.66,10.0,2.0,2.5,NR5G-SA,n79,-88,-88,-10,18,-999,6.4
2026-05-28 14:37:20.976,2026-05-28 14:43:29.104,22.6580225,114.5019534,200.0,9.9,0.07,337.3,19.5,20.1,406.4,5756.16,10.0,2.0,2.5,NR5G-SA,n79,-88,-88,-10,18,-999,5.5
2026-05-28 14:37:21.176,2026-05-28 14:43:29.304,22.6580428,114.5019434,200.0,9.9,0.05,337.3,19.5,21.1,403.9,5758.64,10.0,2.0,2.5,NR5G-SA,n79,-88,-88,-10,18,-999,5.7
2026-05-28 14:37:21.376,2026-05-28 14:43:29.304,22.6580632,114.5019334,200.0,9.9,-0.05,337.5,19.5,21.1,401.4,5761.13,10.0,2.0,2.5,NR5G-SA,n79,-88,-88,-10,18,-999,9.9
2026-05-28 14:37:21.577,2026-05-28 14:43:29.504,22.6580632,114.5019334,200.0,9.9,-0.05,337.5,19.5,21.1,401.4,5761.13,10.0,2.0,2.5,NR5G-SA,n79,-88,-88,-10,18,-999,10.7
2026-05-28 14:37:21.777,2026-05-28 14:43:29.904,22.6580837,114.5019234,200.0,9.9,0.05,337.9,0.0,21.1,398.9,5763.64,10.0,2.0,2.5,NR5G-SA,n79,-88,-88,-10,18,-999,6.9
2026-05-28 14:37:21.977,2026-05-28 14:43:30.104,22.6581041,114.5019136,200.0,10.0,0.04,338.3,0.0,21.1,396.4,5766.12,10.0,2.0,2.5,NR5G-SA,n79,-88,-88,-10,18,-999,5.8
2026-05-28 14:37:22.178,2026-05-28 14:43:30.304,22.6581247,114.5019038,200.0,9.9,0.05,338.7,0.0,22.1,393.9,5768.63,10.0,2.0,2.5,NR5G-SA,n79,-88,-88,-10,18,-999,6.9
2026-05-28 14:37:22.378,2026-05-28 14:43:30.304,22.6581453,114.5018940,200.0,10.0,0.11,339.1,0.0,22.1,391.4,5771.13,10.0,2.0,2.5,NR5G-SA,n79,-88,-88,-10,18,-999,7.0
2026-05-28 14:37:22.578,2026-05-28 14:43:30.504,22.6581453,114.5018940,200.0,10.0,0.11,339.1,0.0,22.1,391.4,5771.13,10.0,2.0,2.5,NR5G-SA,n79,-88,-88,-10,18,-999,11.1
2026-05-28 14:37:22.779,2026-05-28 14:43:30.904,22.6581659,114.5018842,200.0,10.0,0.01,339.1,11.3,22.1,388.9,5773.63,10.0,2.0,2.5,NR5G-SA,n79,-88,-88,-10,18,-999,7.8
2026-05-28 14:37:22.979,2026-05-28 14:43:31.104,22.6581866,114.5018742,200.0,10.0,-0.02,339.4,11.3,22.1,386.4,5776.16,10.0,2.0,2.5,NR5G-SA,n79,-88,-88,-10,18,-999,4.2
2026-05-28 14:37:23.180,2026-05-28 14:43:31.304,22.6582072,114.5018644,200.0,10.0,0.01,340.1,11.3,22.9,383.9,5778.66,10.0,2.0,2.5,NR5G-SA,n79,-88,-88,-10,18,-999,6.5
2026-05-28 14:37:23.380,2026-05-28 14:43:31.304,22.6582277,114.5018545,200.0,9.9,-0.02,340.5,11.3,22.9,381.4,5781.16,10.0,2.0,2.5,NR5G-SA,n79,-88,-88,-10,18,-999,7.9
2026-05-28 14:37:23.580,2026-05-28 14:43:31.504,22.6582277,114.5018545,200.0,9.9,-0.02,340.5,11.3,22.9,381.4,5781.16,10.0,2.0,2.5,NR5G-SA,n79,-88,-88,-10,18,-999,10.0
2026-05-28 14:37:23.781,2026-05-28 14:43:31.904,22.6582483,114.5018446,200.0,10.0,-0.05,340.6,0.0,22.9,378.9,5783.67,10.0,2.0,2.5,NR5G-SA,n79,-88,-88,-10,17,-999,8.2
2026-05-28 14:37:23.981,2026-05-28 14:43:32.104,22.6582689,114.5018348,200.0,10.0,0.00,341.2,0.0,22.9,376.4,5786.17,10.0,2.0,2.5,NR5G-SA,n79,-88,-88,-10,17,-999,4.3
2026-05-28 14:37:24.182,2026-05-28 14:43:32.304,22.6582895,114.5018249,200.0,10.0,0.02,342.4,0.0,22.8,373.9,5788.68,10.0,2.0,2.5,NR5G-SA,n79,-89,-89,-10,27,-999,7.9
2026-05-28 14:37:24.382,2026-05-28 14:43:32.304,22.6583102,114.5018151,200.0,10.0,0.07,344.0,0.0,22.8,371.3,5791.20,10.0,2.0,2.5,NR5G-SA,n79,-89,-89,-10,27,-999,8.4
2026-05-28 14:37:24.583,2026-05-28 14:43:32.504,22.6583102,114.5018151,200.0,10.0,0.07,344.0,0.0,22.8,371.3,5791.20,10.0,2.0,2.5,NR5G-SA,n79,-89,-89,-10,27,-999,9.2
2026-05-28 14:37:24.783,2026-05-28 14:43:32.904,22.6583308,114.5018054,200.0,10.0,0.01,345.9,0.0,22.8,368.8,5793.70,10.0,2.0,2.5,NR5G-SA,n79,-88,-88,-10,27,-999,7.6
2026-05-28 14:37:24.983,2026-05-28 14:43:33.104,22.6583513,114.5017958,200.0,9.9,0.00,347.4,0.0,22.8,366.4,5796.18,10.0,2.0,2.5,NR5G-SA,n79,-88,-88,-10,27,-999,5.6
2026-05-28 14:37:25.184,2026-05-28 14:43:33.304,22.6583719,114.5017862,200.0,10.0,-0.01,348.5,0.0,21.9,363.9,5798.68,10.0,2.0,2.5,NR5G-SA,n79,-88,-88,-10,27,-999,5.6
2026-05-28 14:37:25.384,2026-05-28 14:43:33.304,22.6583926,114.5017766,199.9,9.9,-0.09,348.3,0.0,21.9,361.4,5801.19,10.0,2.0,2.5,NR5G-SA,n79,-88,-88,-10,28,-999,8.9
2026-05-28 14:37:25.585,2026-05-28 14:43:33.504,22.6583926,114.5017766,199.9,9.9,-0.09,348.3,0.0,21.9,361.4,5801.19,10.0,2.0,2.5,NR5G-SA,n79,-88,-88,-10,28,-999,11.2
2026-05-28 14:37:25.785,2026-05-28 14:43:33.904,22.6584133,114.5017669,199.9,10.0,0.02,347.9,0.0,21.9,358.9,5803.70,10.0,2.0,2.5,NR5G-SA,n79,-88,-88,-10,28,-999,8.9
2026-05-28 14:37:25.985,2026-05-28 14:43:34.104,22.6584339,114.5017571,199.9,10.0,0.02,347.9,0.0,21.9,356.3,5806.20,10.0,2.0,2.5,NR5G-SA,n79,-88,-88,-10,28,-999,4.6
2026-05-28 14:37:26.186,2026-05-28 14:43:34.304,22.6584546,114.5017471,200.0,10.0,0.04,347.6,0.0,21.9,353.8,5808.72,10.0,2.0,2.5,NR5G-SA,n79,-88,-88,-10,28,-999,7.5
2026-05-28 14:37:26.386,2026-05-28 14:43:34.304,22.6584753,114.5017371,200.0,10.0,0.05,347.1,0.0,21.2,351.3,5811.25,10.0,2.0,2.5,NR5G-SA,n79,-88,-88,-10,28,-999,9.9
2026-05-28 14:37:26.587,2026-05-28 14:43:34.504,22.6584753,114.5017371,200.0,10.0,0.05,347.1,0.0,21.2,351.3,5811.25,10.0,2.0,2.5,NR5G-SA,n79,-88,-88,-10,28,-999,11.7
2026-05-28 14:37:26.787,2026-05-28 14:43:34.904,22.6584958,114.5017271,200.0,10.0,0.05,346.9,12.5,21.2,348.8,5813.75,10.0,2.0,2.5,NR5G-SA,n79,-88,-88,-10,28,-999,8.8
2026-05-28 14:37:26.987,2026-05-28 14:43:35.104,22.6585162,114.5017171,200.0,10.0,0.04,346.6,12.5,21.2,346.3,5816.24,10.0,2.0,2.5,NR5G-SA,n79,-88,-88,-10,27,-999,5.9
2026-05-28 14:37:27.188,2026-05-28 14:43:35.304,22.6585365,114.5017071,200.0,9.9,-0.04,345.6,12.5,21.2,343.8,5818.72,10.0,2.0,2.5,NR5G-SA,n79,-88,-88,-10,27,-999,6.7
2026-05-28 14:37:27.388,2026-05-28 14:43:35.304,22.6585570,114.5016971,200.0,9.9,-0.05,344.6,12.5,20.2,341.3,5821.23,10.0,2.0,2.5,NR5G-SA,n79,-88,-88,-10,27,-999,10.0
2026-05-28 14:37:27.589,2026-05-28 14:43:35.504,22.6585570,114.5016971,200.0,9.9,-0.05,344.6,12.5,20.2,341.3,5821.23,10.0,2.0,2.5,NR5G-SA,n79,-88,-88,-10,28,-999,18.0
2026-05-28 14:37:27.789,2026-05-28 14:43:35.904,22.6585775,114.5016871,200.0,10.0,-0.04,343.7,0.0,20.2,338.8,5823.73,10.0,2.0,2.5,NR5G-SA,n79,-88,-88,-10,28,-999,9.2
2026-05-28 14:37:27.989,2026-05-28 14:43:36.104,22.6585980,114.5016770,200.0,10.0,0.02,342.3,0.0,20.2,336.3,5826.24,10.0,2.0,2.5,NR5G-SA,n79,-88,-88,-10,28,-999,4.3
2026-05-28 14:37:28.190,2026-05-28 14:43:36.304,22.6586183,114.5016668,200.0,9.9,0.02,341.5,0.0,20.2,333.8,5828.73,10.0,2.0,2.5,NR5G-SA,n79,-88,-88,-10,19,-999,5.4
2026-05-28 14:37:28.390,2026-05-28 14:43:36.304,22.6586386,114.5016564,200.0,10.0,0.10,341.4,0.0,18.3,331.3,5831.23,10.0,2.0,2.5,NR5G-SA,n79,-88,-88,-10,19,-999,8.8
2026-05-28 14:37:28.590,2026-05-28 14:43:36.504,22.6586386,114.5016564,200.0,10.0,0.10,341.4,0.0,18.3,331.3,5831.23,10.0,2.0,2.5,NR5G-SA,n79,-87,-87,-10,18,-999,14.1
2026-05-28 14:37:28.791,2026-05-28 14:43:36.904,22.6586587,114.5016460,200.0,10.0,0.05,341.2,50.2,18.3,328.8,5833.71,10.0,2.0,2.5,NR5G-SA,n79,-87,-87,-10,18,-999,9.7
2026-05-28 14:37:28.991,2026-05-28 14:43:37.104,22.6586789,114.5016359,200.0,9.9,-0.03,340.6,50.2,18.3,326.4,5836.18,10.0,2.0,2.5,NR5G-SA,n79,-87,-87,-10,18,-999,5.7
2026-05-28 14:37:29.191,2026-05-28 14:43:37.304,22.6586996,114.5016263,200.0,10.0,-0.04,340.5,50.2,18.3,323.9,5838.69,10.0,2.0,2.5,NR5G-SA,n79,-87,-87,-10,19,-999,5.9
2026-05-28 14:37:29.392,2026-05-28 14:43:37.304,22.6587204,114.5016169,200.0,10.0,-0.10,340.8,50.2,19.5,321.4,5841.20,10.0,2.0,2.5,NR5G-SA,n79,-87,-87,-10,19,-999,10.5
2026-05-28 14:37:29.593,2026-05-28 14:43:37.504,22.6587204,114.5016169,200.0,10.0,-0.10,340.8,50.2,19.5,321.4,5841.20,10.0,2.0,2.5,NR5G-SA,n79,-87,-87,-10,19,-999,15.1
2026-05-28 14:37:29.793,2026-05-28 14:43:37.904,22.6587414,114.5016078,200.0,10.0,-0.05,340.8,39.1,19.5,318.8,5843.72,10.0,2.0,2.5,NR5G-SA,n79,-87,-87,-10,18,-999,7.4
2026-05-28 14:37:29.994,2026-05-28 14:43:38.104,22.6587623,114.5015985,200.0,9.9,-0.02,340.7,39.1,19.5,316.3,5846.23,10.0,2.0,2.5,NR5G-SA,n79,-87,-87,-10,18,-999,5.9
2026-05-28 14:37:30.194,2026-05-28 14:43:38.304,22.6587829,114.5015889,200.0,10.0,0.05,340.5,39.1,19.5,313.8,5848.73,10.0,2.0,2.5,NR5G-SA,n79,-87,-87,-10,18,-999,5.5
2026-05-28 14:37:30.394,2026-05-28 14:43:38.304,22.6588035,114.5015791,200.0,9.9,0.05,340.2,39.1,20.5,311.3,5851.23,10.0,2.0,2.5,NR5G-SA,n79,-87,-87,-10,29,-999,8.6
2026-05-28 14:37:30.595,2026-05-28 14:43:38.504,22.6588035,114.5015791,200.0,9.9,0.05,340.2,39.1,20.5,311.3,5851.23,10.0,2.0,2.5,NR5G-SA,n79,-87,-87,-10,29,-999,14.9
2026-05-28 14:37:30.795,2026-05-28 14:43:38.904,22.6588239,114.5015693,200.0,10.0,0.08,340.2,29.3,20.5,308.8,5853.72,10.0,2.0,2.5,NR5G-SA,n79,-87,-87,-10,29,-999,8.5
2026-05-28 14:37:30.995,2026-05-28 14:43:39.104,22.6588443,114.5015596,200.0,10.0,0.02,340.3,29.3,20.5,306.4,5856.20,10.0,2.0,2.5,NR5G-SA,n79,-87,-87,-10,29,-999,4.8
2026-05-28 14:37:31.196,2026-05-28 14:43:39.304,22.6588649,114.5015499,200.0,10.0,-0.03,340.3,29.3,20.5,303.9,5858.70,10.0,2.0,2.5,NR5G-SA,n79,-87,-87,-10,29,-999,7.6
2026-05-28 14:37:31.396,2026-05-28 14:43:39.304,22.6588856,114.5015403,200.0,10.0,0.07,340.4,29.3,20.2,301.4,5861.20,10.0,2.0,2.5,NR5G-SA,n79,-87,-87,-10,30,-999,7.5
2026-05-28 14:37:31.597,2026-05-28 14:43:39.504,22.6588856,114.5015403,200.0,10.0,0.07,340.4,29.3,20.2,301.4,5861.20,10.0,2.0,2.5,NR5G-SA,n79,-87,-87,-10,30,-999,15.5
2026-05-28 14:37:31.797,2026-05-28 14:43:39.904,22.6589063,114.5015305,200.0,10.0,-0.02,339.6,33.9,20.2,298.8,5863.72,10.0,2.0,2.5,NR5G-SA,n79,-87,-87,-10,30,-999,8.7
2026-05-28 14:37:31.998,2026-05-28 14:43:40.104,22.6589270,114.5015203,200.0,10.0,0.05,339.0,33.9,20.2,296.3,5866.25,10.0,2.0,2.5,NR5G-SA,n79,-86,-86,-10,29,-999,7.3
2026-05-28 14:37:32.198,2026-05-28 14:43:40.304,22.6589473,114.5015100,200.0,9.9,0.12,339.7,33.9,20.2,293.8,5868.74,10.0,2.0,2.5,NR5G-SA,n79,-86,-86,-10,29,-999,4.0
2026-05-28 14:37:32.398,2026-05-28 14:43:40.304,22.6589675,114.5014997,200.1,9.9,0.04,340.1,33.9,20.0,291.3,5871.23,10.0,2.0,2.5,NR5G-SA,n79,-86,-86,-10,29,-999,6.0
2026-05-28 14:37:32.599,2026-05-28 14:43:40.504,22.6589675,114.5014997,200.1,9.9,0.04,340.1,33.9,20.0,291.3,5871.23,10.0,2.0,2.5,NR5G-SA,n79,-87,-87,-10,28,-999,11.3
2026-05-28 14:37:32.799,2026-05-28 14:43:40.904,22.6589878,114.5014898,200.1,9.9,-0.05,340.2,35.7,20.0,288.8,5873.71,10.0,2.0,2.5,NR5G-SA,n79,-87,-87,-10,28,-999,6.5
2026-05-28 14:37:33.000,2026-05-28 14:43:41.104,22.6590083,114.5014801,200.1,10.0,-0.08,340.4,35.7,20.0,286.4,5876.20,10.0,2.0,2.5,NR5G-SA,n79,-87,-87,-10,28,-999,4.3
2026-05-28 14:37:33.200,2026-05-28 14:43:41.304,22.6590290,114.5014704,200.0,10.0,-0.14,340.8,35.7,20.0,283.8,5878.71,10.0,2.0,2.5,NR5G-SA,n79,-87,-87,-10,28,-999,3.8
2026-05-28 14:37:33.400,2026-05-28 14:43:41.304,22.6590495,114.5014607,200.0,10.0,-0.08,341.1,35.7,21.2,281.4,5881.20,10.0,2.0,2.5,NR5G-SA,n79,-87,-87,-10,28,-999,7.1
2026-05-28 14:37:33.601,2026-05-28 14:43:41.504,22.6590495,114.5014607,200.0,10.0,-0.08,341.1,35.7,21.2,281.4,5881.20,10.0,2.0,2.5,NR5G-SA,n79,-87,-87,-10,29,-999,12.4
2026-05-28 14:37:33.801,2026-05-28 14:43:41.904,22.6590700,114.5014508,200.0,9.9,-0.05,341.4,25.3,21.2,278.9,5883.70,10.0,2.0,2.5,NR5G-SA,n79,-87,-87,-10,29,-999,10.6
2026-05-28 14:37:34.002,2026-05-28 14:43:42.104,22.6590905,114.5014408,200.0,10.0,0.05,342.6,25.3,21.2,276.4,5886.20,10.0,2.0,2.5,NR5G-SA,n79,-87,-87,-10,29,-999,6.9
2026-05-28 14:37:34.202,2026-05-28 14:43:42.304,22.6591111,114.5014307,200.0,10.1,0.01,343.4,25.3,21.2,273.8,5888.72,10.0,2.0,2.5,NR5G-SA,n79,-85,-85,-10,19,-999,5.7
2026-05-28 14:37:34.403,2026-05-28 14:43:42.304,22.6591316,114.5014207,200.0,10.0,-0.02,344.4,25.3,19.4,271.3,5891.22,10.0,2.0,2.5,NR5G-SA,n79,-85,-85,-10,19,-999,6.9
2026-05-28 14:37:34.603,2026-05-28 14:43:42.504,22.6591523,114.5014110,200.0,10.0,-0.02,345.5,25.3,19.4,268.8,5893.73,10.0,2.0,2.5,NR5G-SA,n79,-85,-85,-10,19,-999,14.0
2026-05-28 14:37:34.803,2026-05-28 14:43:42.904,22.6591523,114.5014110,200.0,10.0,0.07,345.5,42.9,19.4,268.8,5893.73,10.0,2.0,2.5,NR5G-SA,n79,-85,-85,-10,19,-999,9.9
2026-05-28 14:37:35.004,2026-05-28 14:43:43.104,22.6591730,114.5014014,200.0,9.9,-0.03,346.3,42.9,19.4,266.3,5896.23,10.0,2.0,2.5,NR5G-SA,n79,-85,-85,-10,19,-999,6.1
2026-05-28 14:37:35.204,2026-05-28 14:43:43.304,22.6591936,114.5013918,200.0,10.0,-0.04,347.8,42.9,19.4,263.8,5898.73,10.0,2.0,2.5,NR5G-SA,n79,-85,-85,-10,19,-999,5.7
2026-05-28 14:37:35.405,2026-05-28 14:43:43.304,22.6592143,114.5013822,200.0,10.0,-0.09,349.1,42.9,19.4,261.3,5901.24,10.0,2.0,2.5,NR5G-SA,n79,-85,-85,-10,19,-999,8.6
2026-05-28 14:37:35.605,2026-05-28 14:43:43.504,22.6592143,114.5013822,200.0,10.0,-0.09,349.1,42.9,18.9,261.3,5901.24,10.0,2.0,2.5,NR5G-SA,n79,-85,-85,-10,19,-999,14.3
2026-05-28 14:37:35.805,2026-05-28 14:43:43.904,22.6592350,114.5013726,200.0,9.9,0.03,350.2,18.1,18.9,258.8,5903.74,10.0,2.0,2.5,NR5G-SA,n79,-85,-85,-10,18,-999,9.5
2026-05-28 14:37:36.006,2026-05-28 14:43:44.104,22.6592557,114.5013630,200.0,10.0,-0.02,351.4,18.1,18.9,256.3,5906.25,10.0,2.0,2.5,NR5G-SA,n79,-85,-85,-10,18,-999,6.4
2026-05-28 14:37:36.206,2026-05-28 14:43:44.304,22.6592762,114.5013533,200.0,9.9,-0.11,352.5,18.1,18.9,253.8,5908.74,10.0,2.0,2.5,NR5G-SA,n79,-85,-85,-10,18,-999,6.8
2026-05-28 14:37:36.407,2026-05-28 14:43:44.304,22.6592967,114.5013437,200.0,9.9,-0.06,351.7,18.1,18.9,251.3,5911.23,10.0,2.0,2.5,NR5G-SA,n79,-85,-85,-10,18,-999,8.8
2026-05-28 14:37:36.607,2026-05-28 14:43:44.504,22.6593173,114.5013343,200.0,9.9,-0.06,350.9,18.1,19.1,248.8,5913.71,10.0,2.0,2.5,NR5G-SA,n79,-85,-85,-10,18,-999,12.8
2026-05-28 14:37:36.807,2026-05-28 14:43:44.904,22.6593173,114.5013343,200.0,9.9,-0.04,350.9,0.0,19.1,248.8,5913.71,10.0,2.0,2.5,NR5G-SA,n79,-85,-85,-10,18,-999,7.9
2026-05-28 14:37:37.008,2026-05-28 14:43:45.104,22.6593381,114.5013249,200.0,10.0,-0.04,350.7,0.0,19.1,246.3,5916.22,10.0,2.0,2.5,NR5G-SA,n79,-85,-85,-10,17,-999,5.4
2026-05-28 14:37:37.208,2026-05-28 14:43:45.304,22.6593587,114.5013152,200.0,9.9,0.01,350.6,0.0,19.1,243.8,5918.72,10.0,2.0,2.5,NR5G-SA,n79,-85,-85,-10,17,-999,6.3
2026-05-28 14:37:37.409,2026-05-28 14:43:45.304,22.6593793,114.5013053,200.0,10.0,0.03,350.5,0.0,19.1,241.3,5921.23,10.0,2.0,2.5,NR5G-SA,n79,-85,-85,-10,17,-999,8.6
2026-05-28 14:37:37.609,2026-05-28 14:43:45.504,22.6593999,114.5012951,200.0,10.0,0.03,350.6,0.0,19.5,238.8,5923.75,10.0,2.0,2.5,NR5G-SA,n79,-84,-84,-10,17,-999,13.0
2026-05-28 14:37:37.810,2026-05-28 14:43:45.904,22.6593999,114.5012951,200.0,10.0,0.02,350.6,6.7,19.5,238.8,5923.75,10.0,2.0,2.5,NR5G-SA,n79,-84,-84,-10,17,-999,8.4
2026-05-28 14:37:38.010,2026-05-28 14:43:46.104,22.6594205,114.5012848,200.0,10.0,0.03,350.7,6.7,19.5,236.3,5926.28,10.0,2.0,2.5,NR5G-SA,n79,-83,-83,-10,17,-999,5.3
2026-05-28 14:37:38.211,2026-05-28 14:43:46.304,22.6594411,114.5012745,200.0,10.0,0.09,351.0,6.7,19.5,233.8,5928.80,10.0,2.0,2.5,NR5G-SA,n79,-83,-83,-10,17,-999,7.5
2026-05-28 14:37:38.411,2026-05-28 14:43:46.304,22.6594616,114.5012644,200.0,9.9,-0.03,351.0,6.7,19.5,231.2,5931.31,10.0,2.0,2.5,NR5G-SA,n79,-83,-83,-10,17,-999,7.2
2026-05-28 14:37:38.612,2026-05-28 14:43:46.504,22.6594820,114.5012544,200.0,9.9,-0.06,350.7,6.7,18.3,228.8,5933.80,10.0,2.0,2.5,NR5G-SA,n79,-84,-84,-10,18,-999,12.6
2026-05-28 14:37:38.812,2026-05-28 14:43:46.904,22.6594820,114.5012544,200.0,9.9,-0.06,350.7,0.0,18.3,228.8,5933.80,10.0,2.0,2.5,NR5G-SA,n79,-84,-84,-10,18,-999,11.4
2026-05-28 14:37:39.013,2026-05-28 14:43:47.104,22.6595025,114.5012444,200.0,9.9,-0.07,350.6,0.0,18.3,226.3,5936.31,10.0,2.0,2.5,NR5G-SA,n79,-84,-84,-10,18,-999,6.1
2026-05-28 14:37:39.213,2026-05-28 14:43:47.304,22.6595230,114.5012345,200.0,10.0,-0.08,350.3,0.0,18.3,223.8,5938.81,10.0,2.0,2.5,NR5G-SA,n79,-82,-82,-10,18,-999,6.2
2026-05-28 14:37:39.413,2026-05-28 14:43:47.304,22.6595436,114.5012247,200.0,9.9,-0.06,350.1,0.0,18.3,221.2,5941.31,10.0,2.0,2.5,NR5G-SA,n79,-82,-82,-10,18,-999,7.4
2026-05-28 14:37:39.614,2026-05-28 14:43:47.504,22.6595641,114.5012148,200.0,9.9,0.06,351.5,0.0,18.2,218.8,5943.81,10.0,2.0,2.5,NR5G-SA,n79,-82,-82,-10,18,-999,12.3
2026-05-28 14:37:39.814,2026-05-28 14:43:47.904,22.6595641,114.5012148,200.0,9.9,0.06,351.5,5.3,18.2,218.8,5943.81,10.0,2.0,2.5,NR5G-SA,n79,-82,-82,-10,19,-999,9.7
2026-05-28 14:37:40.015,2026-05-28 14:43:48.104,22.6595844,114.5012048,200.0,9.9,0.01,353.2,5.3,18.2,216.3,5946.29,10.0,2.0,2.5,NR5G-SA,n79,-82,-82,-10,19,-999,5.7
2026-05-28 14:37:40.215,2026-05-28 14:43:48.304,22.6596047,114.5011949,200.0,9.9,0.04,355.1,5.3,18.2,213.8,5948.77,10.0,2.0,2.5,NR5G-SA,n79,-82,-82,-10,18,-999,5.7
2026-05-28 14:37:40.415,2026-05-28 14:43:48.504,22.6596250,114.5011851,200.1,9.8,0.03,357.6,5.3,18.2,211.3,5951.24,10.0,2.0,2.5,NR5G-SA,n79,-82,-82,-10,18,-999,5.9
2026-05-28 14:37:40.616,2026-05-28 14:43:48.504,22.6596453,114.5011756,200.1,9.9,-0.01,359.1,5.3,19.6,208.9,5953.70,10.0,2.0,2.5,NR5G-SA,n79,-82,-82,-10,18,-999,14.8
2026-05-28 14:37:40.816,2026-05-28 14:43:48.904,22.6596453,114.5011756,200.1,9.9,-0.01,359.1,0.0,19.6,208.9,5953.70,10.0,2.0,2.5,NR5G-SA,n79,-83,-83,-10,17,-999,8.8
2026-05-28 14:37:41.016,2026-05-28 14:43:49.104,22.6596658,114.5011662,200.0,9.9,-0.02,0.6,0.0,19.6,206.4,5956.18,10.0,2.0,2.5,NR5G-SA,n79,-83,-83,-10,17,-999,7.8
2026-05-28 14:37:41.217,2026-05-28 14:43:49.304,22.6596863,114.5011566,200.0,9.9,-0.08,2.2,0.0,19.6,203.9,5958.67,10.0,2.0,2.5,NR5G-SA,n79,-83,-83,-10,17,-999,7.1
2026-05-28 14:37:41.417,2026-05-28 14:43:49.304,22.6597069,114.5011470,200.0,10.0,-0.02,3.2,0.0,19.6,201.4,5961.16,10.0,2.0,2.5,NR5G-SA,n79,-84,-84,-10,18,-999,8.4
2026-05-28 14:37:41.618,2026-05-28 14:43:49.504,22.6597276,114.5011373,200.0,10.0,-0.06,3.4,0.0,22.3,198.9,5963.67,10.0,2.0,2.5,NR5G-SA,n79,-84,-84,-10,18,-999,10.5
2026-05-28 14:37:41.818,2026-05-28 14:43:49.904,22.6597276,114.5011373,200.0,10.0,-0.06,3.4,15.8,22.3,198.9,5963.67,10.0,2.0,2.5,NR5G-SA,n79,-84,-84,-10,18,-999,7.7
2026-05-28 14:37:42.019,2026-05-28 14:43:50.104,22.6597483,114.5011278,200.0,10.0,0.02,2.2,15.8,22.3,196.4,5966.18,10.0,2.0,2.5,NR5G-SA,n79,-83,-83,-10,22,-999,5.3
2026-05-28 14:37:42.219,2026-05-28 14:43:50.304,22.6597690,114.5011182,200.0,10.0,0.06,1.8,15.8,22.3,193.9,5968.68,10.0,2.0,2.5,NR5G-SA,n79,-83,-83,-10,22,-999,6.6
2026-05-28 14:37:42.419,2026-05-28 14:43:50.304,22.6597896,114.5011086,200.0,10.0,0.07,1.5,15.8,22.3,191.4,5971.18,10.0,2.0,2.5,NR5G-SA,n79,-82,-82,-10,21,-999,9.1
2026-05-28 14:37:42.620,2026-05-28 14:43:50.504,22.6598102,114.5010986,200.0,10.0,0.05,1.3,15.8,22.3,188.9,5973.69,10.0,2.0,2.5,NR5G-SA,n79,-82,-82,-10,21,-999,14.3
2026-05-28 14:37:42.820,2026-05-28 14:43:50.904,22.6598102,114.5010986,200.0,10.0,0.05,1.3,41.7,22.3,188.9,5973.69,10.0,2.0,2.5,NR5G-SA,n79,-82,-82,-10,21,-999,10.7
2026-05-28 14:37:43.020,2026-05-28 14:43:51.104,22.6598308,114.5010886,200.0,10.0,0.04,0.2,41.7,22.3,186.4,5976.21,10.0,2.0,2.5,NR5G-SA,n79,-81,-81,-10,22,-999,5.1
2026-05-28 14:37:43.221,2026-05-28 14:43:51.304,22.6598513,114.5010784,200.0,10.0,0.01,0.1,41.7,22.3,183.8,5978.72,10.0,2.0,2.5,NR5G-SA,n79,-81,-81,-10,22,-999,7.4
2026-05-28 14:37:43.421,2026-05-28 14:43:51.504,22.6598719,114.5010682,200.0,10.0,-0.05,359.6,41.7,22.3,181.3,5981.24,10.0,2.0,2.5,NR5G-SA,n79,-81,-81,-10,22,-999,5.5
2026-05-28 14:37:43.622,2026-05-28 14:43:51.504,22.6598926,114.5010580,200.0,10.0,-0.05,358.2,41.7,23.4,178.8,5983.77,10.0,2.0,2.5,NR5G-SA,n79,-82,-82,-10,20,-999,9.1
2026-05-28 14:37:43.822,2026-05-28 14:43:51.904,22.6598926,114.5010580,200.0,10.0,-0.05,358.2,23.7,23.4,178.8,5983.77,10.0,2.0,2.5,NR5G-SA,n79,-82,-82,-10,20,-999,13.5
2026-05-28 14:37:44.022,2026-05-28 14:43:52.104,22.6599134,114.5010478,200.0,10.1,-0.05,358.6,23.7,23.4,176.3,5986.31,10.0,2.0,2.5,NR5G-SA,n79,-82,-82,-10,20,-999,6.6
2026-05-28 14:37:44.223,2026-05-28 14:43:52.304,22.6599340,114.5010375,200.0,10.0,0.06,358.8,23.7,23.4,173.7,5988.84,10.0,2.0,2.5,NR5G-SA,n79,-81,-81,-10,21,-999,6.9
2026-05-28 14:37:44.423,2026-05-28 14:43:52.504,22.6599546,114.5010275,200.1,10.0,0.07,357.4,23.7,23.4,171.2,5991.35,10.0,2.0,2.5,NR5G-SA,n79,-81,-81,-10,21,-999,7.9
2026-05-28 14:37:44.623,2026-05-28 14:43:52.504,22.6599753,114.5010178,200.1,9.9,-0.06,357.6,23.7,23.4,168.7,5993.86,10.0,2.0,2.5,NR5G-SA,n79,-81,-81,-10,22,-999,13.3
2026-05-28 14:37:44.824,2026-05-28 14:43:52.904,22.6599753,114.5010178,200.1,9.9,-0.06,357.6,38.5,24.3,168.7,5993.86,10.0,2.0,2.5,NR5G-SA,n79,-81,-81,-10,22,-999,9.1
2026-05-28 14:37:45.024,2026-05-28 14:43:53.104,22.6599957,114.5010081,200.1,9.9,-0.09,358.5,38.5,24.3,166.2,5996.34,10.0,2.0,2.5,NR5G-SA,n79,-81,-81,-10,22,-999,6.2
2026-05-28 14:37:45.224,2026-05-28 14:43:53.304,22.6600160,114.5009981,200.0,10.0,-0.06,358.7,38.5,24.3,163.7,5998.82,10.0,2.0,2.5,NR5G-SA,n79,-82,-82,-10,21,-999,6.1
2026-05-28 14:37:45.425,2026-05-28 14:43:53.504,22.6600366,114.5009881,200.0,10.0,-0.12,356.4,38.5,24.3,161.2,6001.33,10.0,2.0,2.5,NR5G-SA,n79,-82,-82,-10,21,-999,6.2
2026-05-28 14:37:45.625,2026-05-28 14:43:53.504,22.6600573,114.5009781,200.0,10.0,-0.17,354.7,38.5,24.3,158.7,6003.86,10.0,2.0,2.5,NR5G-SA,n79,-82,-82,-10,21,-999,13.6
2026-05-28 14:37:45.826,2026-05-28 14:43:53.904,22.6600573,114.5009781,200.0,10.0,-0.17,354.7,38.5,23.9,158.7,6003.86,10.0,2.0,2.5,NR5G-SA,n79,-82,-82,-10,20,-999,10.4
2026-05-28 14:37:46.026,2026-05-28 14:43:54.104,22.6600780,114.5009683,199.9,10.0,-0.16,351.9,31.1,23.9,156.2,6006.37,10.0,2.0,2.5,NR5G-SA,n79,-82,-82,-10,20,-999,8.2
2026-05-28 14:37:46.226,2026-05-28 14:43:54.304,22.6600987,114.5009584,199.9,10.0,0.00,348.6,31.1,23.9,153.7,6008.89,10.0,2.0,2.5,NR5G-SA,n79,-82,-82,-10,20,-999,6.8
2026-05-28 14:37:46.427,2026-05-28 14:43:54.504,22.6601192,114.5009483,199.9,10.0,-0.03,344.4,31.1,23.9,151.2,6011.40,10.0,2.0,2.5,NR5G-SA,n79,-83,-83,-10,28,-999,8.8
2026-05-28 14:37:46.627,2026-05-28 14:43:54.504,22.6601396,114.5009380,199.9,10.0,0.08,341.2,31.1,23.9,148.7,6013.90,10.0,2.0,2.5,NR5G-SA,n79,-83,-83,-10,28,-999,12.0
2026-05-28 14:37:46.827,2026-05-28 14:43:54.904,22.6601396,114.5009380,199.9,10.0,0.08,341.2,31.1,37.2,148.7,6013.90,10.0,2.0,2.5,NR5G-SA,n79,-83,-83,-10,27,-999,13.9
2026-05-28 14:37:47.028,2026-05-28 14:43:55.104,22.6601598,114.5009276,199.9,9.9,0.10,339.4,32.3,37.2,146.2,6016.39,10.0,2.0,2.5,NR5G-SA,n79,-83,-83,-10,27,-999,8.4
2026-05-28 14:37:47.228,2026-05-28 14:43:55.304,22.6601800,114.5009174,200.0,10.0,0.05,338.6,32.3,37.2,143.7,6018.87,10.0,2.0,2.5,NR5G-SA,n79,-83,-83,-10,27,-999,3.4
2026-05-28 14:37:47.428,2026-05-28 14:43:55.504,22.6602004,114.5009074,200.0,9.9,0.09,338.2,32.3,37.2,141.2,6021.37,10.0,2.0,2.5,NR5G-SA,n79,-84,-84,-10,25,-999,5.0
2026-05-28 14:37:47.629,2026-05-28 14:43:55.504,22.6602209,114.5008976,200.0,10.0,0.06,338.0,32.3,37.2,138.7,6023.86,10.0,2.0,2.5,NR5G-SA,n79,-84,-84,-10,25,-999,10.8
2026-05-28 14:37:47.829,2026-05-28 14:43:55.904,22.6602209,114.5008976,200.0,10.0,0.06,338.0,32.3,36.1,138.7,6023.86,10.0,2.0,2.5,NR5G-SA,n79,-84,-84,-10,25,-999,8.4
2026-05-28 14:37:48.029,2026-05-28 14:43:56.104,22.6602414,114.5008881,200.0,9.9,-0.04,337.8,38.0,36.1,136.2,6026.34,10.0,2.0,2.5,NR5G-SA,n79,-84,-84,-10,24,-999,5.4
2026-05-28 14:37:48.230,2026-05-28 14:43:56.304,22.6602619,114.5008785,200.0,10.0,-0.05,337.7,38.0,36.1,133.7,6028.83,10.0,2.0,2.5,NR5G-SA,n79,-84,-84,-10,24,-999,5.1
2026-05-28 14:37:48.430,2026-05-28 14:43:56.504,22.6602825,114.5008689,200.0,10.0,-0.12,337.4,38.0,36.1,131.2,6031.32,10.0,2.0,2.5,NR5G-SA,n79,-84,-84,-10,24,-999,5.0
2026-05-28 14:37:48.630,2026-05-28 14:43:56.504,22.6603031,114.5008593,200.0,10.0,-0.02,337.1,38.0,36.1,128.7,6033.82,10.0,2.0,2.5,NR5G-SA,n79,-84,-84,-10,23,-999,10.4
2026-05-28 14:37:48.831,2026-05-28 14:43:56.904,22.6603031,114.5008593,200.0,10.0,-0.02,337.1,38.0,34.9,128.7,6033.82,10.0,2.0,2.5,NR5G-SA,n79,-84,-84,-10,23,-999,9.0
2026-05-28 14:37:49.031,2026-05-28 14:43:57.104,22.6603237,114.5008496,199.9,10.0,-0.01,336.8,23.5,34.9,126.2,6036.32,10.0,2.0,2.5,NR5G-SA,n79,-84,-84,-10,23,-999,6.9
2026-05-28 14:37:49.231,2026-05-28 14:43:57.304,22.6603443,114.5008399,199.9,10.0,0.01,336.6,23.5,34.9,123.7,6038.82,10.0,2.0,2.5,NR5G-SA,n79,-84,-84,-10,23,-999,5.3
2026-05-28 14:37:49.432,2026-05-28 14:43:57.504,22.6603649,114.5008302,200.0,10.0,0.06,336.5,23.5,34.9,121.2,6041.32,10.0,2.0,2.5,NR5G-SA,n79,-84,-84,-10,23,-999,4.8
2026-05-28 14:37:49.632,2026-05-28 14:43:57.504,22.6603854,114.5008206,200.0,10.0,0.06,336.3,23.5,34.9,118.8,6043.81,10.0,2.0,2.5,NR5G-SA,n79,-84,-84,-10,24,-999,10.8
2026-05-28 14:37:49.833,2026-05-28 14:43:57.904,22.6603854,114.5008206,200.0,10.0,0.06,336.3,23.5,34.9,118.8,6043.81,10.0,2.0,2.5,NR5G-SA,n79,-84,-84,-10,24,-999,8.2
2026-05-28 14:37:50.033,2026-05-28 14:43:58.104,22.6604060,114.5008108,200.0,10.0,0.04,336.1,43.4,35.0,116.3,6046.31,10.0,2.0,2.5,NR5G-SA,n79,-84,-84,-10,24,-999,4.8
2026-05-28 14:37:50.233,2026-05-28 14:43:58.304,22.6604267,114.5008010,200.0,10.0,-0.00,336.0,43.4,35.0,113.7,6048.83,10.0,2.0,2.5,NR5G-SA,n79,-84,-84,-10,25,-999,5.2
2026-05-28 14:37:50.434,2026-05-28 14:43:58.504,22.6604473,114.5007912,200.0,10.0,-0.04,336.0,43.4,35.0,111.2,6051.33,10.0,2.0,2.5,NR5G-SA,n79,-84,-84,-10,25,-999,5.4
2026-05-28 14:37:50.634,2026-05-28 14:43:58.504,22.6604680,114.5007815,200.0,10.0,-0.02,335.9,43.4,35.0,108.7,6053.84,10.0,2.0,2.5,NR5G-SA,n79,-84,-84,-10,25,-999,11.2
2026-05-28 14:37:50.834,2026-05-28 14:43:58.904,22.6604680,114.5007815,200.0,10.0,-0.02,335.9,43.4,35.0,108.7,6053.84,10.0,2.0,2.5,NR5G-SA,n79,-84,-84,-10,26,-999,11.1
2026-05-28 14:37:51.035,2026-05-28 14:43:59.104,22.6604886,114.5007717,200.0,10.0,-0.01,335.9,14.7,34.1,106.2,6056.35,10.0,2.0,2.5,NR5G-SA,n79,-84,-84,-10,26,-999,5.2
2026-05-28 14:37:51.235,2026-05-28 14:43:59.304,22.6605091,114.5007621,200.0,10.0,-0.03,335.9,14.7,34.1,103.7,6058.83,10.0,2.0,2.5,NR5G-SA,n79,-84,-84,-10,26,-999,4.7
2026-05-28 14:37:51.436,2026-05-28 14:43:59.304,22.6605297,114.5007524,200.0,10.0,-0.04,335.9,14.7,34.1,101.2,6061.33,10.0,2.0,2.5,NR5G-SA,n79,-84,-84,-10,26,-999,8.9
2026-05-28 14:37:51.636,2026-05-28 14:43:59.504,22.6605503,114.5007427,200.0,10.0,-0.01,335.8,14.7,34.1,98.7,6063.83,10.0,2.0,2.5,NR5G-SA,n79,-84,-84,-10,26,-999,8.3
2026-05-28 14:37:51.836,2026-05-28 14:43:59.904,22.6605503,114.5007427,200.0,10.0,-0.01,335.8,14.7,34.1,98.7,6063.83,10.0,2.0,2.5,NR5G-SA,n79,-86,-86,-10,27,-999,9.7
2026-05-28 14:37:52.036,2026-05-28 14:44:00.104,22.6605709,114.5007329,200.0,10.0,0.02,335.9,0.0,21.1,96.2,6066.34,10.0,2.0,2.5,NR5G-SA,n79,-86,-86,-10,27,-999,5.2
2026-05-28 14:37:52.237,2026-05-28 14:44:00.304,22.6605915,114.5007231,200.0,10.0,0.04,335.9,0.0,21.1,93.7,6068.84,10.0,2.0,2.5,NR5G-SA,n79,-86,-86,-10,27,-999,5.7
2026-05-28 14:37:52.437,2026-05-28 14:44:00.504,22.6606122,114.5007131,200.0,10.0,-0.03,335.9,0.0,21.1,91.2,6071.36,10.0,2.0,2.5,NR5G-SA,n79,-87,-87,-10,23,-999,4.6
2026-05-28 14:37:52.638,2026-05-28 14:44:00.504,22.6606327,114.5007033,200.0,9.9,0.03,335.9,0.0,21.1,88.7,6073.86,10.0,2.0,2.5,NR5G-SA,n79,-87,-87,-10,23,-999,8.0
2026-05-28 14:37:52.838,2026-05-28 14:44:00.904,22.6606327,114.5007033,200.0,9.9,0.03,335.9,0.0,21.1,88.7,6073.86,10.0,2.0,2.5,NR5G-SA,n79,-87,-87,-10,23,-999,10.2
2026-05-28 14:37:53.039,2026-05-28 14:44:01.104,22.6606531,114.5006934,200.0,9.9,0.00,336.2,3.0,23.8,86.2,6076.35,10.0,2.0,2.5,NR5G-SA,n79,-87,-87,-10,24,-999,5.1
2026-05-28 14:37:53.239,2026-05-28 14:44:01.304,22.6606736,114.5006835,200.0,10.0,0.01,336.1,3.0,23.8,83.7,6078.84,10.0,2.0,2.5,NR5G-SA,n79,-87,-87,-10,24,-999,4.7
2026-05-28 14:37:53.439,2026-05-28 14:44:01.504,22.6606942,114.5006736,200.0,10.0,0.05,336.2,3.0,23.8,81.2,6081.35,10.0,2.0,2.5,NR5G-SA,n79,-87,-87,-10,23,-999,4.4
2026-05-28 14:37:53.640,2026-05-28 14:44:01.504,22.6607147,114.5006638,200.0,10.0,0.01,336.4,3.0,23.8,78.7,6083.85,10.0,2.0,2.5,NR5G-SA,n79,-87,-87,-10,23,-999,6.4
2026-05-28 14:37:53.840,2026-05-28 14:44:01.904,22.6607147,114.5006638,200.0,10.0,0.01,336.4,3.0,23.8,78.7,6083.85,10.0,2.0,2.5,NR5G-SA,n79,-87,-87,-10,23,-999,10.3
2026-05-28 14:37:54.040,2026-05-28 14:44:02.104,22.6607352,114.5006539,200.0,10.0,-0.00,336.6,0.0,23.7,76.2,6086.35,10.0,2.0,2.5,NR5G-SA,n79,-87,-87,-10,22,-999,6.4
2026-05-28 14:37:54.241,2026-05-28 14:44:02.304,22.6607558,114.5006441,200.0,10.0,0.03,336.6,0.0,23.7,73.7,6088.85,10.0,2.0,2.5,NR5G-SA,n79,-87,-87,-10,22,-999,5.6
2026-05-28 14:37:54.441,2026-05-28 14:44:02.504,22.6607763,114.5006343,200.0,10.0,0.02,336.7,0.0,23.7,71.2,6091.34,10.0,2.0,2.5,NR5G-SA,n79,-87,-87,-10,22,-999,6.0
2026-05-28 14:37:54.642,2026-05-28 14:44:02.504,22.6607967,114.5006244,200.0,9.9,0.02,336.7,0.0,23.7,68.7,6093.83,10.0,2.0,2.5,NR5G-SA,n79,-87,-87,-10,21,-999,8.0
2026-05-28 14:37:54.842,2026-05-28 14:44:02.904,22.6607967,114.5006244,200.0,9.9,0.02,336.7,0.0,23.7,68.7,6093.83,10.0,2.0,2.5,NR5G-SA,n79,-87,-87,-10,21,-999,10.5
2026-05-28 14:37:55.042,2026-05-28 14:44:03.104,22.6608172,114.5006146,200.0,9.9,-0.06,337.2,7.4,22.6,66.2,6096.33,10.0,2.0,2.5,NR5G-SA,n79,-87,-87,-10,21,-999,4.5
2026-05-28 14:37:55.243,2026-05-28 14:44:03.304,22.6608377,114.5006047,200.0,9.9,0.01,337.2,7.4,22.6,63.7,6098.83,10.0,2.0,2.5,NR5G-SA,n79,-87,-87,-10,21,-999,5.5
2026-05-28 14:37:55.443,2026-05-28 14:44:03.504,22.6608580,114.5005947,200.0,10.0,0.02,337.1,7.4,22.6,61.3,6101.31,10.0,2.0,2.5,NR5G-SA,n79,-87,-87,-10,18,-999,5.4
2026-05-28 14:37:55.644,2026-05-28 14:44:03.504,22.6608784,114.5005849,200.0,9.9,-0.03,337.2,7.4,22.6,58.8,6103.79,10.0,2.0,2.5,NR5G-SA,n79,-87,-87,-10,18,-999,6.1
2026-05-28 14:37:55.844,2026-05-28 14:44:03.904,22.6608784,114.5005849,200.0,9.9,-0.03,337.2,7.4,22.6,58.8,6103.79,10.0,2.0,2.5,NR5G-SA,n79,-87,-87,-10,15,-999,8.8
2026-05-28 14:37:56.044,2026-05-28 14:44:04.104,22.6608989,114.5005750,200.0,10.0,0.05,337.3,0.0,22.1,56.3,6106.29,10.0,2.0,2.5,NR5G-SA,n79,-87,-87,-10,15,-999,5.5
2026-05-28 14:37:56.245,2026-05-28 14:44:04.304,22.6609195,114.5005652,200.0,10.1,-0.03,337.3,0.0,22.1,53.8,6108.79,10.0,2.0,2.5,NR5G-SA,n79,-87,-87,-10,16,-999,5.7
2026-05-28 14:37:56.445,2026-05-28 14:44:04.504,22.6609403,114.5005554,200.0,10.0,-0.07,337.2,0.0,22.1,51.2,6111.32,10.0,2.0,2.5,NR5G-SA,n79,-87,-87,-10,16,-999,7.0
2026-05-28 14:37:56.646,2026-05-28 14:44:04.504,22.6609612,114.5005455,200.0,10.1,-0.06,337.1,0.0,22.1,48.7,6113.86,10.0,2.0,2.5,NR5G-SA,n79,-87,-87,-10,16,-999,6.3
2026-05-28 14:37:56.846,2026-05-28 14:44:04.904,22.6609612,114.5005455,200.0,10.1,-0.06,337.1,0.0,22.1,48.7,6113.86,10.0,2.0,2.5,NR5G-SA,n79,-87,-87,-10,21,-999,7.2
2026-05-28 14:37:57.047,2026-05-28 14:44:05.104,22.6609819,114.5005357,200.0,10.1,-0.07,337.1,17.9,18.6,46.2,6116.37,10.0,2.0,2.5,NR5G-SA,n79,-87,-87,-10,21,-999,4.5
2026-05-28 14:37:57.247,2026-05-28 14:44:05.304,22.6610026,114.5005259,200.0,10.0,-0.03,337.0,17.9,18.6,43.7,6118.89,10.0,2.0,2.5,NR5G-SA,n79,-87,-87,-10,21,-999,5.6
2026-05-28 14:37:57.447,2026-05-28 14:44:05.504,22.6610233,114.5005163,200.0,10.0,-0.14,337.1,17.9,18.6,41.2,6121.39,10.0,2.0,2.5,NR5G-SA,n79,-44,-44,-10,25,-999,6.1
2026-05-28 14:37:57.648,2026-05-28 14:44:05.504,22.6610439,114.5005067,199.9,9.9,-0.18,337.3,17.9,18.6,38.7,6123.89,10.0,2.0,2.5,NR5G-SA,n79,-44,-44,-10,25,-999,6.9
2026-05-28 14:37:57.848,2026-05-28 14:44:05.904,22.6610439,114.5005067,199.9,9.9,-0.18,337.3,17.9,18.6,38.7,6123.89,10.0,2.0,2.5,NR5G-SA,n79,-44,-44,-10,25,-999,9.0
2026-05-28 14:37:58.049,2026-05-28 14:44:06.104,22.6610645,114.5004971,199.9,9.9,-0.09,337.5,41.1,15.9,36.2,6126.39,10.0,2.0,2.5,NR5G-SA,n79,-44,-44,-10,26,-999,5.3
2026-05-28 14:37:58.249,2026-05-28 14:44:06.304,22.6610851,114.5004875,199.9,9.9,-0.03,337.3,41.1,15.9,33.7,6128.88,10.0,2.0,2.5,NR5G-SA,n79,-44,-44,-10,26,-999,6.3
2026-05-28 14:37:58.449,2026-05-28 14:44:06.304,22.6611055,114.5004777,199.9,9.9,0.03,337.0,41.1,15.9,31.2,6131.37,10.0,2.0,2.5,NR5G-SA,n79,-44,-44,-10,26,-999,8.4
2026-05-28 14:37:58.650,2026-05-28 14:44:06.904,22.6611260,114.5004677,199.9,9.8,0.20,336.9,41.1,15.9,28.7,6133.87,10.0,2.0,2.5,NR5G-SA,n79,-44,-44,-10,26,-999,4.0
2026-05-28 14:37:58.850,2026-05-28 14:44:06.904,22.6611260,114.5004677,199.9,9.8,0.20,336.9,41.1,15.9,28.7,6133.87,10.0,2.0,2.5,NR5G-SA,n79,-44,-44,-10,26,-999,13.3
2026-05-28 14:37:59.050,2026-05-28 14:44:07.104,22.6611463,114.5004578,199.9,9.8,0.16,336.7,26.4,15.9,26.2,6136.35,10.0,2.0,2.5,NR5G-SA,n79,-44,-44,-10,25,-999,6.4
2026-05-28 14:37:59.251,2026-05-28 14:44:07.304,22.6611664,114.5004481,200.0,9.6,0.10,336.6,26.4,17.6,23.8,6138.80,10.0,2.0,2.5,NR5G-SA,n79,-44,-44,-10,25,-999,4.9
2026-05-28 14:37:59.451,2026-05-28 14:44:07.504,22.6611859,114.5004385,200.0,9.4,0.14,336.3,26.4,17.6,21.4,6141.18,10.0,2.0,2.5,NR5G-SA,n79,-44,-44,-10,25,-999,4.4
2026-05-28 14:37:59.651,2026-05-28 14:44:07.504,22.6612046,114.5004292,200.0,9.0,0.04,336.1,26.4,17.6,19.1,6143.47,10.0,2.0,2.5,NR5G-SA,n79,-44,-44,-10,23,-999,5.6
2026-05-28 14:37:59.852,2026-05-28 14:44:07.904,22.6612046,114.5004292,200.0,9.0,0.04,336.1,26.4,17.6,19.1,6143.47,10.0,2.0,2.5,NR5G-SA,n79,-44,-44,-10,23,-999,10.8
2026-05-28 14:38:00.052,2026-05-28 14:44:08.104,22.6612226,114.5004202,200.0,8.7,0.02,335.8,36.4,17.6,16.9,6145.68,10.0,2.0,2.5,NR5G-SA,n79,-44,-44,-10,23,-999,5.2
2026-05-28 14:38:00.253,2026-05-28 14:44:08.304,22.6612398,114.5004117,200.0,8.2,0.06,335.3,36.4,18.3,14.8,6147.78,10.0,2.0,2.5,NR5G-SA,n79,-44,-44,-10,21,-999,4.6
2026-05-28 14:38:00.453,2026-05-28 14:44:08.504,22.6612560,114.5004038,200.0,7.8,0.05,334.6,36.4,18.3,12.8,6149.76,10.0,2.0,2.5,NR5G-SA,n79,-44,-44,-10,21,-999,3.8
2026-05-28 14:38:00.654,2026-05-28 14:44:08.504,22.6612713,114.5003964,200.0,7.3,-0.02,333.6,36.4,18.3,10.9,6151.63,10.0,2.0,2.5,NR5G-SA,n79,-44,-44,-10,17,-999,7.9
2026-05-28 14:38:00.854,2026-05-28 14:44:08.904,22.6612713,114.5003964,200.0,7.3,-0.02,333.6,36.4,18.3,10.9,6151.63,10.0,2.0,2.5,NR5G-SA,n79,-44,-44,-10,17,-999,8.1
2026-05-28 14:38:01.054,2026-05-28 14:44:09.104,22.6612854,114.5003895,200.0,6.7,-0.08,332.5,32.6,18.3,9.2,6153.35,10.0,2.0,2.5,NR5G-SA,n79,-44,-44,-10,17,-999,3.9
2026-05-28 14:38:01.255,2026-05-28 14:44:09.304,22.6612982,114.5003833,200.0,6.0,-0.09,331.6,32.6,18.2,7.7,6154.91,10.0,2.0,2.5,NR5G-SA,n79,-44,-44,-10,15,-999,5.5
2026-05-28 14:38:01.455,2026-05-28 14:44:09.504,22.6613098,114.5003778,200.0,5.4,-0.09,330.6,32.6,18.2,6.2,6156.32,10.0,2.0,2.5,NR5G-SA,n79,-44,-44,-10,15,-999,4.2
2026-05-28 14:38:01.655,2026-05-28 14:44:09.504,22.6613201,114.5003729,200.0,4.8,-0.09,329.9,32.6,18.2,5.0,6157.57,10.0,2.0,2.5,NR5G-SA,n79,-44,-44,-10,15,-999,8.9
2026-05-28 14:38:01.856,2026-05-28 14:44:09.904,22.6613201,114.5003729,200.0,4.8,-0.09,329.9,32.6,18.2,5.0,6157.57,10.0,2.0,2.5,NR5G-SA,n79,-44,-44,-10,15,-999,10.4
2026-05-28 14:38:02.056,2026-05-28 14:44:10.104,22.6613293,114.5003688,200.0,4.2,-0.08,329.3,29.8,18.2,3.9,6158.68,10.0,2.0,2.5,NR5G-SA,n79,-44,-44,-10,15,-999,6.2
2026-05-28 14:38:02.256,2026-05-28 14:44:10.304,22.6613373,114.5003652,200.0,3.6,-0.06,329.1,29.8,19.3,2.9,6159.64,10.0,2.0,2.5,NR5G-SA,n79,-44,-44,-10,15,-999,6.5
2026-05-28 14:38:02.457,2026-05-28 14:44:10.504,22.6613442,114.5003622,199.9,3.0,-0.04,329.3,29.8,19.3,2.1,6160.47,10.0,2.0,2.5,NR5G-SA,n79,-44,-44,-10,16,-999,5.7
2026-05-28 14:38:02.657,2026-05-28 14:44:10.904,22.6613499,114.5003596,199.9,2.5,-0.06,329.9,29.8,19.3,1.4,6161.16,10.0,2.0,2.5,NR5G-SA,n79,-44,-44,-10,16,-999,5.6
2026-05-28 14:38:02.858,2026-05-28 14:44:10.904,22.6613499,114.5003596,199.9,2.5,-0.06,329.9,29.8,19.3,1.4,6161.16,10.0,2.0,2.5,NR5G-SA,n79,-44,-44,-10,18,-999,12.6
2026-05-28 14:38:03.058,2026-05-28 14:44:11.104,22.6613545,114.5003575,199.9,2.0,-0.02,330.7,39.1,19.3,0.9,6161.71,10.0,2.0,2.5,NR5G-SA,n79,-44,-44,-10,18,-999,6.2
2026-05-28 14:38:03.258,2026-05-28 14:44:11.304,22.6613582,114.5003557,199.9,1.5,0.03,331.4,39.1,19.3,0.4,6162.17,10.0,2.0,2.5,NR5G-SA,n79,-44,-44,-10,18,-999,7.3
2026-05-28 14:38:03.459,2026-05-28 14:44:11.504,22.6613611,114.5003543,199.9,1.1,0.04,332.1,39.1,19.3,0.1,6162.52,10.0,2.0,2.5,NR5G-SA,n79,-44,-44,-10,19,-999,6.0
2026-05-28 14:38:03.659,2026-05-28 14:44:11.504,22.6613633,114.5003531,199.9,0.7,0.07,332.6,39.1,19.3,0.2,6162.79,10.0,2.0,2.5,NR5G-SA,n79,-44,-44,-10,19,-999,8.4
2026-05-28 14:38:03.859,2026-05-28 14:44:11.904,22.6613633,114.5003531,199.9,0.7,0.07,332.6,39.1,19.3,0.2,6162.79,10.0,2.0,2.5,NR5G-SA,n79,-44,-44,-10,19,-999,12.1
2026-05-28 14:38:04.060,2026-05-28 14:44:12.104,22.6613648,114.5003523,200.0,0.5,0.07,332.8,21.8,19.3,0.4,6162.98,10.0,2.0,2.5,NR5G-SA,n79,-44,-44,-10,19,-999,5.7
2026-05-28 14:38:04.260,2026-05-28 14:44:12.304,22.6613659,114.5003518,200.0,0.2,0.06,332.3,21.8,19.7,0.5,6163.11,10.0,2.0,2.5,NR5G-SA,n79,-44,-44,-10,19,-999,6.3
2026-05-28 14:38:04.461,2026-05-28 14:44:12.504,22.6613665,114.5003514,200.0,0.1,0.03,331.7,21.8,19.7,0.6,6163.19,10.0,2.0,2.5,NR5G-SA,n79,-44,-44,-10,19,-999,5.7
2026-05-28 14:38:04.661,2026-05-28 14:44:12.504,22.6613668,114.5003511,200.0,0.1,-0.01,331.2,21.8,19.7,0.7,6163.24,10.0,2.0,2.5,NR5G-SA,n79,-44,-44,-10,19,-999,8.2
2026-05-28 14:38:04.861,2026-05-28 14:44:12.904,22.6613668,114.5003510,200.0,0.1,-0.01,330.0,21.8,19.7,0.7,6163.25,10.0,2.0,2.5,NR5G-SA,n79,-44,-44,-10,19,-999,9.9
2026-05-28 14:38:05.062,2026-05-28 14:44:13.104,22.6613668,114.5003510,200.0,0.2,0.02,330.0,44.4,19.7,0.7,6163.25,10.0,2.0,2.5,NR5G-SA,n79,-44,-44,-10,17,-999,6.1
2026-05-28 14:38:05.262,2026-05-28 14:44:13.304,22.6613669,114.5003508,200.0,0.3,0.04,321.8,44.4,20.6,0.7,6163.27,10.0,2.0,2.5,NR5G-SA,n79,-44,-44,-10,17,-999,4.1
2026-05-28 14:38:05.463,2026-05-28 14:44:13.504,22.6613668,114.5003508,200.0,0.4,0.07,307.0,44.4,20.6,0.7,6163.28,10.0,2.0,2.5,NR5G-SA,n79,-44,-44,-10,17,-999,5.0
2026-05-28 14:38:05.663,2026-05-28 14:44:13.904,22.6613664,114.5003508,200.0,0.5,0.05,291.5,44.4,20.6,0.6,6163.32,10.0,2.0,2.5,NR5G-SA,n79,-44,-44,-10,17,-999,7.8
2026-05-28 14:38:05.864,2026-05-28 14:44:13.904,22.6613656,114.5003510,200.0,0.6,0.03,275.8,44.4,20.6,0.5,6163.42,10.0,2.0,2.5,NR5G-SA,n79,-44,-44,-10,17,-999,8.8
2026-05-28 14:38:06.064,2026-05-28 14:44:14.104,22.6613656,114.5003510,200.0,0.6,0.03,275.8,11.5,20.6,0.5,6163.42,10.0,2.0,2.5,NR5G-SA,n79,-44,-44,-10,17,-999,9.4
2026-05-28 14:38:06.265,2026-05-28 14:44:14.304,22.6613646,114.5003514,200.0,0.6,-0.03,260.2,11.5,22.0,0.4,6163.54,10.0,2.0,2.5,NR5G-SA,n79,-44,-44,-10,16,-999,5.3
2026-05-28 14:38:06.465,2026-05-28 14:44:14.504,22.6613636,114.5003521,200.0,0.6,-0.05,244.5,11.5,22.0,0.3,6163.67,10.0,2.0,2.5,NR5G-SA,n79,-44,-44,-10,16,-999,4.9
2026-05-28 14:38:06.665,2026-05-28 14:44:14.504,22.6613627,114.5003529,200.0,0.5,-0.04,229.2,11.5,22.0,0.2,6163.80,10.0,2.0,2.5,NR5G-SA,n79,-44,-44,-10,16,-999,7.1
2026-05-28 14:38:06.865,2026-05-28 14:44:14.904,22.6613627,114.5003529,200.0,0.5,-0.04,229.2,11.5,22.0,0.2,6163.80,10.0,2.0,2.5,NR5G-SA,n79,-44,-44,-10,17,-999,9.0
2026-05-28 14:38:07.066,2026-05-28 14:44:15.104,22.6613621,114.5003539,200.0,0.4,-0.02,214.0,0.0,22.0,0.1,6163.92,10.0,2.0,2.5,NR5G-SA,n79,-44,-44,-10,17,-999,7.1
2026-05-28 14:38:07.266,2026-05-28 14:44:15.304,22.6613617,114.5003550,200.0,0.4,-0.01,199.0,0.0,22.0,0.2,6164.04,10.0,2.0,2.5,NR5G-SA,n79,-44,-44,-10,18,-999,3.7
2026-05-28 14:38:07.466,2026-05-28 14:44:15.504,22.6613616,114.5003562,200.0,0.3,0.07,183.9,0.0,22.0,0.3,6164.16,10.0,2.0,2.5,NR5G-SA,n79,-44,-44,-10,18,-999,5.5
2026-05-28 14:38:07.667,2026-05-28 14:44:15.904,22.6613616,114.5003572,200.0,0.2,0.00,169.5,0.0,22.0,0.4,6164.27,10.0,2.0,2.5,NR5G-SA,n79,-44,-44,-10,18,-999,6.7
2026-05-28 14:38:07.867,2026-05-28 14:44:15.904,22.6613617,114.5003579,200.0,0.0,-0.01,161.8,0.0,22.0,0.4,6164.34,10.0,2.0,2.5,NR5G-SA,n79,-44,-44,-10,18,-999,11.0
2026-05-28 14:38:08.068,2026-05-28 14:44:16.104,22.6613617,114.5003579,200.0,0.0,-0.01,161.8,0.0,22.0,0.4,6164.34,10.0,2.0,2.5,NR5G-SA,n79,-44,-44,-10,18,-999,10.6
2026-05-28 14:38:08.268,2026-05-28 14:44:16.304,22.6613618,114.5003582,200.0,0.1,0.01,159.9,0.0,22.0,0.5,6164.37,10.0,2.0,2.5,NR5G-SA,n79,-44,-44,-10,18,-999,8.0
2026-05-28 14:38:08.469,2026-05-28 14:44:16.504,22.6613619,114.5003581,200.0,0.2,0.01,159.8,0.0,22.8,0.5,6164.39,10.0,2.0,2.5,NR5G-SA,n79,-44,-44,-10,20,-999,5.4
2026-05-28 14:38:08.669,2026-05-28 14:44:16.504,22.6613618,114.5003575,200.0,0.3,-0.02,160.4,0.0,22.8,0.4,6164.45,10.0,2.0,2.5,NR5G-SA,n79,-44,-44,-10,20,-999,5.3
2026-05-28 14:38:08.869,2026-05-28 14:44:16.904,22.6613617,114.5003567,200.0,0.4,0.01,161.3,0.0,22.8,0.3,6164.53,10.0,2.0,2.5,NR5G-SA,n79,-44,-44,-10,20,-999,8.4
2026-05-28 14:38:09.070,2026-05-28 14:44:17.104,22.6613617,114.5003567,200.0,0.4,0.01,161.3,0.0,22.8,0.3,6164.53,10.0,2.0,2.5,NR5G-SA,n79,-44,-44,-10,20,-999,9.4
2026-05-28 14:38:09.270,2026-05-28 14:44:17.304,22.6613615,114.5003560,200.0,0.4,0.05,162.3,0.0,22.8,0.2,6164.61,10.0,2.0,2.5,NR5G-SA,n79,-44,-44,-10,20,-999,8.5
2026-05-28 14:38:09.470,2026-05-28 14:44:17.504,22.6613613,114.5003553,200.0,0.3,0.03,163.1,0.0,22.8,0.2,6164.68,10.0,2.0,2.5,NR5G-SA,n79,-44,-44,-10,20,-999,4.8
2026-05-28 14:38:09.671,2026-05-28 14:44:17.504,22.6613612,114.5003548,200.0,0.3,0.05,163.7,0.0,22.8,0.1,6164.74,10.0,2.0,2.5,NR5G-SA,n79,-44,-44,-10,20,-999,9.0
2026-05-28 14:38:09.871,2026-05-28 14:44:17.904,22.6613611,114.5003544,200.0,0.2,0.01,163.9,0.0,22.8,0.1,6164.78,10.0,2.0,2.5,NR5G-SA,n79,-44,-44,-10,20,-999,9.7
2026-05-28 14:38:10.072,2026-05-28 14:44:18.104,22.6613611,114.5003544,200.0,0.2,0.01,163.9,12.3,22.8,0.1,6164.78,10.0,2.0,2.5,NR5G-SA,n79,-44,-44,-10,20,-999,9.8
2026-05-28 14:38:10.272,2026-05-28 14:44:18.304,22.6613609,114.5003541,200.0,0.2,0.02,164.2,12.3,22.8,0.1,6164.82,10.0,2.0,2.5,NR5G-SA,n79,-44,-44,-10,20,-999,9.6
2026-05-28 14:38:10.472,2026-05-28 14:44:18.504,22.6613609,114.5003539,200.0,0.2,0.05,164.3,12.3,22.4,0.1,6164.84,10.0,2.0,2.5,NR5G-SA,n79,-44,-44,-10,20,-999,6.5
2026-05-28 14:38:10.673,2026-05-28 14:44:18.904,22.6613608,114.5003537,200.0,0.1,0.03,164.6,12.3,22.4,0.1,6164.86,10.0,2.0,2.5,NR5G-SA,n79,-44,-44,-10,20,-999,4.7
2026-05-28 14:38:10.873,2026-05-28 14:44:18.904,22.6613609,114.5003536,200.0,0.1,0.06,164.8,12.3,22.4,0.0,6164.88,10.0,2.0,2.5,NR5G-SA,n79,-44,-44,-10,20,-999,11.2
2026-05-28 14:38:11.074,2026-05-28 14:44:19.104,22.6613609,114.5003536,200.0,0.1,0.06,164.8,0.0,22.4,0.0,6164.88,10.0,2.0,2.5,NR5G-SA,n79,-44,-44,-10,20,-999,11.9
2026-05-28 14:38:11.275,2026-05-28 14:44:19.304,22.6613611,114.5003534,200.0,0.1,-0.01,164.9,0.0,22.4,0.0,6164.91,10.0,2.0,2.5,NR5G-SA,n79,-44,-44,-10,20,-999,8.9
2026-05-28 14:38:11.475,2026-05-28 14:44:19.504,22.6613612,114.5003533,200.0,0.1,-0.01,164.7,0.0,21.6,0.0,6164.92,10.0,2.0,2.5,NR5G-SA,n79,-44,-44,-10,20,-999,4.9
2026-05-28 14:38:11.675,2026-05-28 14:44:19.904,22.6613614,114.5003533,200.0,0.1,-0.00,164.6,0.0,21.6,0.0,6164.94,10.0,2.0,2.5,NR5G-SA,n79,-44,-44,-10,20,-999,6.4
2026-05-28 14:38:11.876,2026-05-28 14:44:19.904,22.6613615,114.5003533,200.0,0.1,-0.01,164.6,0.0,21.6,0.0,6164.96,10.0,2.0,2.5,NR5G-SA,n79,-44,-44,-10,20,-999,8.4
2026-05-28 14:38:12.076,2026-05-28 14:44:20.104,22.6613615,114.5003533,200.0,0.1,-0.01,164.6,20.5,21.6,0.0,6164.96,10.0,2.0,2.5,NR5G-SA,n79,-44,-44,-10,20,-999,9.8
2026-05-28 14:38:12.277,2026-05-28 14:44:20.304,22.6613616,114.5003533,200.0,0.1,-0.01,164.5,20.5,21.6,0.0,6164.97,10.0,2.0,2.5,NR5G-SA,n79,-44,-44,-10,20,-999,11.7
2026-05-28 14:38:12.477,2026-05-28 14:44:20.504,22.6613617,114.5003533,200.0,0.1,0.06,164.3,20.5,21.1,0.1,6164.98,10.0,2.0,2.5,NR5G-SA,n79,-44,-44,-10,20,-999,6.8
2026-05-28 14:38:12.677,2026-05-28 14:44:20.904,22.6613617,114.5003533,200.0,0.1,0.05,164.1,20.5,21.1,0.1,6164.98,10.0,2.0,2.5,NR5G-SA,n79,-44,-44,-10,20,-999,7.9
2026-05-28 14:38:12.878,2026-05-28 14:44:20.904,22.6613618,114.5003533,200.0,0.1,0.03,164.1,20.5,21.1,0.1,6164.99,10.0,2.0,2.5,NR5G-SA,n79,-44,-44,-10,20,-999,7.8
2026-05-28 14:38:13.079,2026-05-28 14:44:21.104,22.6613618,114.5003533,200.0,0.1,0.03,164.1,40.4,21.1,0.1,6164.99,10.0,2.0,2.5,NR5G-SA,n79,-44,-44,-10,20,-999,9.4
2026-05-28 14:38:13.279,2026-05-28 14:44:21.304,22.6613618,114.5003534,200.0,0.1,0.04,164.3,40.4,21.1,0.1,6165.00,10.0,2.0,2.5,NR5G-SA,n79,-44,-44,-10,20,-999,8.8
2026-05-28 14:38:13.479,2026-05-28 14:44:21.504,22.6613618,114.5003534,200.0,0.1,0.06,164.5,40.4,20.8,0.1,6165.00,10.0,2.0,2.5,NR5G-SA,n79,-44,-44,-10,20,-999,6.7
2026-05-28 14:38:13.680,2026-05-28 14:44:21.904,22.6613618,114.5003532,200.0,0.1,0.05,164.6,40.4,20.8,0.1,6165.02,10.0,2.0,2.5,NR5G-SA,n79,-44,-44,-10,20,-999,7.1
2026-05-28 14:38:13.880,2026-05-28 14:44:21.904,22.6613618,114.5003531,200.0,0.1,0.00,164.7,40.4,20.8,0.1,6165.03,10.0,2.0,2.5,NR5G-SA,n79,-44,-44,-10,20,-999,7.2
2026-05-28 14:38:14.081,2026-05-28 14:44:22.104,22.6613618,114.5003531,200.0,0.1,0.00,164.7,28.5,20.8,0.1,6165.03,10.0,2.0,2.5,NR5G-SA,n79,-44,-44,-10,21,-999,11.3
2026-05-28 14:38:14.281,2026-05-28 14:44:22.304,22.6613619,114.5003530,200.0,0.0,0.00,164.8,28.5,20.8,0.1,6165.05,10.0,2.0,2.5,NR5G-SA,n79,-44,-44,-10,21,-999,9.7
2026-05-28 14:38:14.481,2026-05-28 14:44:22.504,22.6613619,114.5003529,200.0,0.0,-0.00,164.9,28.5,20.4,0.1,6165.06,10.0,2.0,2.5,NR5G-SA,n79,-44,-44,-10,20,-999,5.1
2026-05-28 14:38:14.682,2026-05-28 14:44:22.904,22.6613619,114.5003528,200.0,0.1,-0.08,165.0,28.5,20.4,0.1,6165.07,10.0,2.0,2.5,NR5G-SA,n79,-44,-44,-10,20,-999,5.6
2026-05-28 14:38:14.882,2026-05-28 14:44:22.904,22.6613618,114.5003527,199.9,0.0,-0.32,164.7,28.5,20.4,0.1,6165.08,10.0,2.0,2.5,NR5G-SA,n79,-44,-44,-10,20,-999,8.7
2026-05-28 14:38:15.083,2026-05-28 14:44:23.104,22.6613618,114.5003527,199.9,0.0,-0.32,164.7,34.0,20.4,0.1,6165.08,10.0,2.0,2.5,NR5G-SA,n79,-44,-44,-10,20,-999,10.6
2026-05-28 14:38:15.283,2026-05-28 14:44:23.304,22.6613618,114.5003527,199.8,0.0,-0.61,164.5,34.0,20.4,0.1,6165.08,10.0,2.0,2.5,NR5G-SA,n79,-44,-44,-10,20,-999,10.2
2026-05-28 14:38:15.483,2026-05-28 14:44:23.504,22.6613617,114.5003526,199.6,0.0,-0.91,164.5,34.0,21.5,0.1,6165.10,10.0,2.0,2.5,NR5G-SA,n79,-44,-44,-10,20,-999,6.9
2026-05-28 14:38:15.684,2026-05-28 14:44:23.904,22.6613618,114.5003526,199.3,0.0,-1.15,164.6,34.0,21.5,0.1,6165.11,10.0,2.0,2.5,NR5G-SA,n79,-44,-44,-10,20,-999,7.5
2026-05-28 14:38:15.884,2026-05-28 14:44:23.904,22.6613618,114.5003525,198.9,0.0,-1.40,164.8,34.0,21.5,0.1,6165.12,10.0,2.0,2.5,NR5G-SA,n79,-44,-44,-10,20,-999,7.3
2026-05-28 14:38:16.085,2026-05-28 14:44:24.104,22.6613618,114.5003525,198.9,0.0,-1.40,164.8,37.8,21.5,0.1,6165.12,10.0,2.0,2.5,NR5G-SA,n79,-44,-44,-10,20,-999,11.9
2026-05-28 14:38:16.285,2026-05-28 14:44:24.304,22.6613620,114.5003525,198.6,0.1,-1.50,165.0,37.8,21.5,0.1,6165.14,10.0,2.0,2.5,NR5G-SA,n79,-44,-44,-10,21,-999,10.4
2026-05-28 14:38:16.485,2026-05-28 14:44:24.504,22.6613623,114.5003525,198.1,0.1,-1.56,165.3,37.8,21.0,0.2,6165.17,10.0,2.0,2.5,NR5G-SA,n79,-44,-44,-10,21,-999,7.1
2026-05-28 14:38:16.686,2026-05-28 14:44:24.904,22.6613625,114.5003525,197.8,0.1,-1.48,165.4,37.8,21.0,0.2,6165.20,10.0,2.0,2.5,NR5G-SA,n79,-44,-44,-10,20,-999,5.7
2026-05-28 14:38:16.886,2026-05-28 14:44:24.904,22.6613626,114.5003525,197.4,0.1,-1.47,165.7,37.8,21.0,0.2,6165.21,10.0,2.0,2.5,NR5G-SA,n79,-44,-44,-10,20,-999,9.0
2026-05-28 14:38:17.087,2026-05-28 14:44:25.104,22.6613626,114.5003525,197.4,0.1,-1.47,165.7,24.1,21.0,0.2,6165.21,10.0,2.0,2.5,NR5G-SA,n79,-44,-44,-10,20,-999,11.8
2026-05-28 14:38:17.287,2026-05-28 14:44:25.304,22.6613627,114.5003525,197.0,0.1,-1.44,165.8,24.1,21.0,0.2,6165.22,10.0,2.0,2.5,NR5G-SA,n79,-44,-44,-10,20,-999,9.4
2026-05-28 14:38:17.487,2026-05-28 14:44:25.504,22.6613626,114.5003526,196.7,0.1,-1.42,165.9,24.1,21.0,0.2,6165.23,10.0,2.0,2.5,NR5G-SA,n79,-44,-44,-10,20,-999,7.9
2026-05-28 14:38:17.688,2026-05-28 14:44:25.904,22.6613625,114.5003528,196.3,0.1,-1.45,166.1,24.1,21.3,0.2,6165.26,10.0,2.0,2.5,NR5G-SA,n79,-44,-44,-10,20,-999,8.5
2026-05-28 14:38:17.888,2026-05-28 14:44:25.904,22.6613623,114.5003530,195.9,0.1,-1.44,166.2,24.1,21.3,0.1,6165.29,10.0,2.0,2.5,NR5G-SA,n79,-44,-44,-10,20,-999,8.4
2026-05-28 14:38:18.089,2026-05-28 14:44:26.104,22.6613623,114.5003530,195.9,0.1,-1.44,166.2,0.0,21.3,0.1,6165.29,10.0,2.0,2.5,NR5G-SA,n79,-44,-44,-10,20,-999,9.9
2026-05-28 14:38:18.289,2026-05-28 14:44:26.304,22.6613622,114.5003532,195.6,0.1,-1.40,166.4,0.0,21.3,0.1,6165.31,10.0,2.0,2.5,NR5G-SA,n79,-44,-44,-10,20,-999,9.0
2026-05-28 14:38:18.489,2026-05-28 14:44:26.504,22.6613621,114.5003532,195.2,0.1,-1.44,166.6,0.0,21.3,0.1,6165.32,10.0,2.0,2.5,NR5G-SA,n79,-44,-44,-10,20,-999,6.5
2026-05-28 14:38:18.690,2026-05-28 14:44:26.904,22.6613621,114.5003532,194.8,0.0,-1.48,166.7,0.0,20.8,0.1,6165.32,10.0,2.0,2.5,NR5G-SA,n79,-44,-44,-10,20,-999,6.0
2026-05-28 14:38:18.890,2026-05-28 14:44:26.904,22.6613621,114.5003533,194.5,0.0,-1.45,166.8,0.0,20.8,0.1,6165.33,10.0,2.0,2.5,NR5G-SA,n79,-44,-44,-10,20,-999,7.6
2026-05-28 14:38:19.091,2026-05-28 14:44:27.104,22.6613621,114.5003533,194.5,0.0,-1.45,166.8,9.5,20.8,0.1,6165.33,10.0,2.0,2.5,NR5G-SA,n79,-44,-44,-10,20,-999,11.5
2026-05-28 14:38:19.291,2026-05-28 14:44:27.304,22.6613621,114.5003534,194.1,0.0,-1.47,166.7,9.5,20.8,0.1,6165.34,10.0,2.0,2.5,NR5G-SA,n79,-44,-44,-10,20,-999,8.0
2026-05-28 14:38:19.491,2026-05-28 14:44:27.504,22.6613621,114.5003534,193.7,0.0,-1.49,166.7,9.5,20.8,0.1,6165.34,10.0,2.0,2.5,NR5G-SA,n79,-44,-44,-10,21,-999,6.0
2026-05-28 14:38:19.692,2026-05-28 14:44:27.904,22.6613620,114.5003534,193.3,0.0,-1.52,166.6,9.5,20.3,0.1,6165.35,10.0,2.0,2.5,NR5G-SA,n79,-44,-44,-10,21,-999,6.4
2026-05-28 14:38:19.892,2026-05-28 14:44:27.904,22.6613621,114.5003534,193.0,0.0,-1.46,166.6,9.5,20.3,0.1,6165.36,10.0,2.0,2.5,NR5G-SA,n79,-44,-44,-10,21,-999,7.2
2026-05-28 14:38:20.093,2026-05-28 14:44:28.104,22.6613621,114.5003534,193.0,0.0,-1.46,166.6,0.0,20.3,0.1,6165.36,10.0,2.0,2.5,NR5G-SA,n79,-44,-44,-10,21,-999,15.3
2026-05-28 14:38:20.293,2026-05-28 14:44:28.304,22.6613621,114.5003534,192.6,0.1,-1.49,166.7,0.0,20.3,0.1,6165.36,10.0,2.0,2.5,NR5G-SA,n79,-44,-44,-10,21,-999,8.4
2026-05-28 14:38:20.493,2026-05-28 14:44:28.504,22.6613621,114.5003534,192.2,0.1,-1.44,166.8,0.0,20.3,0.1,6165.36,10.0,2.0,2.5,NR5G-SA,n79,-44,-44,-10,21,-999,6.0
2026-05-28 14:38:20.694,2026-05-28 14:44:28.904,22.6613621,114.5003534,191.8,0.0,-1.50,166.9,0.0,19.3,0.1,6165.36,10.0,2.0,2.5,NR5G-SA,n79,-44,-44,-10,21,-999,7.5
2026-05-28 14:38:20.894,2026-05-28 14:44:28.904,22.6613621,114.5003533,191.5,0.0,-1.48,167.1,0.0,19.3,0.1,6165.37,10.0,2.0,2.5,NR5G-SA,n79,-44,-44,-10,21,-999,6.7
2026-05-28 14:38:21.095,2026-05-28 14:44:29.104,22.6613621,114.5003533,191.5,0.0,-1.48,167.1,8.1,19.3,0.1,6165.37,10.0,2.0,2.5,NR5G-SA,n79,-44,-44,-10,22,-999,14.9
2026-05-28 14:38:21.295,2026-05-28 14:44:29.304,22.6613621,114.5003532,191.1,0.0,-1.48,166.8,8.1,19.3,0.1,6165.38,10.0,2.0,2.5,NR5G-SA,n79,-44,-44,-10,22,-999,7.2
2026-05-28 14:38:21.495,2026-05-28 14:44:29.504,22.6613622,114.5003532,190.7,0.0,-1.44,166.6,8.1,19.3,0.1,6165.40,10.0,2.0,2.5,NR5G-SA,n79,-44,-44,-10,22,-999,4.9
2026-05-28 14:38:21.696,2026-05-28 14:44:29.904,22.6613622,114.5003532,190.3,0.0,-1.48,166.3,8.1,19.4,0.1,6165.40,10.0,2.0,2.5,NR5G-SA,n79,-44,-44,-10,21,-999,5.5
2026-05-28 14:38:21.896,2026-05-28 14:44:29.904,22.6613622,114.5003532,190.0,0.1,-1.51,166.2,8.1,19.4,0.1,6165.40,10.0,2.0,2.5,NR5G-SA,n79,-44,-44,-10,21,-999,9.2
2026-05-28 14:38:22.097,2026-05-28 14:44:30.104,22.6613622,114.5003532,190.0,0.1,-1.51,166.2,0.0,19.4,0.1,6165.40,10.0,2.0,2.5,NR5G-SA,n79,-44,-44,-10,21,-999,15.6
2026-05-28 14:38:22.297,2026-05-28 14:44:30.304,22.6613622,114.5003532,189.6,0.0,-1.49,166.2,0.0,19.4,0.1,6165.40,10.0,2.0,2.5,NR5G-SA,n79,-44,-44,-10,21,-999,9.2
2026-05-28 14:38:22.497,2026-05-28 14:44:30.504,22.6613621,114.5003532,189.2,0.0,-1.44,166.1,0.0,19.4,0.1,6165.41,10.0,2.0,2.5,NR5G-SA,n79,-44,-44,-10,21,-999,5.9
2026-05-28 14:38:22.698,2026-05-28 14:44:30.904,22.6613621,114.5003532,188.8,0.0,-1.50,166.0,0.0,19.9,0.1,6165.41,10.0,2.0,2.5,NR5G-SA,n79,-44,-44,-10,21,-999,7.9
2026-05-28 14:38:22.898,2026-05-28 14:44:31.104,22.6613622,114.5003532,188.5,0.0,-1.47,165.8,0.0,19.9,0.1,6165.42,10.0,2.0,2.5,NR5G-SA,n79,-44,-44,-10,22,-999,4.8
2026-05-28 14:38:23.099,2026-05-28 14:44:31.104,22.6613622,114.5003532,188.5,0.0,-1.47,165.8,100.0,19.9,0.1,6165.42,10.0,2.0,2.5,NR5G-SA,n79,-44,-44,-10,22,-999,14.4
2026-05-28 14:38:23.299,2026-05-28 14:44:31.304,22.6613622,114.5003532,188.1,0.0,-1.47,165.8,100.0,19.9,0.1,6165.42,10.0,2.0,2.5,NR5G-SA,n79,-44,-44,-10,22,-999,9.9
2026-05-28 14:38:23.499,2026-05-28 14:44:31.504,22.6613622,114.5003533,187.7,0.1,-1.45,165.8,100.0,19.9,0.1,6165.43,10.0,2.0,2.5,NR5G-SA,n79,-44,-44,-10,22,-999,6.6
2026-05-28 14:38:23.700,2026-05-28 14:44:31.904,22.6613622,114.5003533,187.3,0.1,-1.46,165.8,100.0,20.3,0.1,6165.43,10.0,2.0,2.5,NR5G-SA,n79,-44,-44,-10,22,-999,7.1
2026-05-28 14:38:23.900,2026-05-28 14:44:31.904,22.6613621,114.5003534,187.0,0.1,-1.50,165.9,100.0,20.3,0.1,6165.44,10.0,2.0,2.5,NR5G-SA,n79,-44,-44,-10,23,-999,6.5
2026-05-28 14:38:24.100,2026-05-28 14:44:32.104,22.6613621,114.5003534,187.0,0.1,-1.50,165.9,100.0,20.3,0.1,6165.44,10.0,2.0,2.5,NR5G-SA,n79,-44,-44,-10,23,-999,14.2
2026-05-28 14:38:24.301,2026-05-28 14:44:32.304,22.6613620,114.5003535,186.6,0.1,-1.52,165.9,100.0,20.3,0.1,6165.46,10.0,2.0,2.5,NR5G-SA,n79,-44,-44,-10,23,-999,9.0
2026-05-28 14:38:24.501,2026-05-28 14:44:32.504,22.6613618,114.5003535,186.2,0.1,-1.51,165.9,100.0,20.3,0.1,6165.48,10.0,2.0,2.5,NR5G-SA,n79,-44,-44,-10,23,-999,5.7
2026-05-28 14:38:24.702,2026-05-28 14:44:32.904,22.6613616,114.5003535,185.8,0.1,-1.49,166.1,100.0,19.5,0.0,6165.50,10.0,2.0,2.5,NR5G-SA,n79,-44,-44,-10,23,-999,6.5
2026-05-28 14:38:24.902,2026-05-28 14:44:32.904,22.6613612,114.5003535,185.4,0.2,-1.52,166.3,100.0,19.5,0.0,6165.55,10.0,2.0,2.5,NR5G-SA,n79,-44,-44,-10,23,-999,7.0
2026-05-28 14:38:25.102,2026-05-28 14:44:33.104,22.6613612,114.5003535,185.4,0.2,-1.52,166.3,32.8,19.5,0.0,6165.55,10.0,2.0,2.5,NR5G-SA,n79,-44,-44,-10,23,-999,11.9
2026-05-28 14:38:25.303,2026-05-28 14:44:33.304,22.6613607,114.5003535,185.1,0.2,-1.48,166.6,32.8,19.5,0.1,6165.60,10.0,2.0,2.5,NR5G-SA,n79,-44,-44,-10,23,-999,9.9
2026-05-28 14:38:25.503,2026-05-28 14:44:33.504,22.6613603,114.5003536,184.7,0.1,-1.48,166.8,32.8,19.5,0.1,6165.65,10.0,2.0,2.5,NR5G-SA,n79,-44,-44,-10,24,-999,5.2
2026-05-28 14:38:25.704,2026-05-28 14:44:33.904,22.6613602,114.5003536,184.3,0.0,-1.44,166.8,32.8,18.2,0.1,6165.66,10.0,2.0,2.5,NR5G-SA,n79,-44,-44,-10,24,-999,5.4
2026-05-28 14:38:25.904,2026-05-28 14:44:33.904,22.6613603,114.5003536,184.0,0.1,-1.49,166.5,32.8,18.2,0.1,6165.67,10.0,2.0,2.5,NR5G-SA,n79,-44,-44,-10,24,-999,7.0
2026-05-28 14:38:26.105,2026-05-28 14:44:34.104,22.6613604,114.5003535,183.6,0.1,-1.49,166.6,29.7,18.2,0.1,6165.69,10.0,2.0,2.5,NR5G-SA,n79,-44,-44,-10,24,-999,13.2
2026-05-28 14:38:26.305,2026-05-28 14:44:34.304,22.6613604,114.5003535,183.6,0.1,-1.52,166.6,29.7,18.2,0.1,6165.69,10.0,2.0,2.5,NR5G-SA,n79,-44,-44,-10,24,-999,5.1
2026-05-28 14:38:26.506,2026-05-28 14:44:34.504,22.6613608,114.5003535,183.2,0.2,-1.51,167.3,29.7,18.2,0.1,6165.73,10.0,2.0,2.5,NR5G-SA,n79,-44,-44,-10,24,-999,5.8
2026-05-28 14:38:26.706,2026-05-28 14:44:34.904,22.6613612,114.5003534,182.8,0.2,-1.47,167.9,29.7,18.2,0.0,6165.78,10.0,2.0,2.5,NR5G-SA,n79,-44,-44,-10,24,-999,6.4
2026-05-28 14:38:26.906,2026-05-28 14:44:35.104,22.6613615,114.5003533,182.5,0.1,-1.42,168.1,29.7,20.9,0.0,6165.81,10.0,2.0,2.5,NR5G-SA,n79,-44,-44,-10,24,-999,5.3
2026-05-28 14:38:27.107,2026-05-28 14:44:35.104,22.6613618,114.5003533,182.1,0.1,-1.42,168.2,41.4,20.9,0.1,6165.84,10.0,2.0,2.5,NR5G-SA,n79,-44,-44,-10,24,-999,13.1
2026-05-28 14:38:27.307,2026-05-28 14:44:35.304,22.6613618,114.5003533,182.1,0.1,-1.41,168.2,41.4,20.9,0.1,6165.84,10.0,2.0,2.5,NR5G-SA,n79,-44,-44,-10,25,-999,7.5
2026-05-28 14:38:27.508,2026-05-28 14:44:35.504,22.6613619,114.5003533,181.8,0.0,-1.45,168.1,41.4,20.9,0.1,6165.86,10.0,2.0,2.5,NR5G-SA,n79,-44,-44,-10,25,-999,6.4
2026-05-28 14:38:27.708,2026-05-28 14:44:35.904,22.6613618,114.5003534,181.4,0.1,-1.50,168.0,41.4,20.9,0.1,6165.87,10.0,2.0,2.5,NR5G-SA,n79,-44,-44,-10,25,-999,6.0
2026-05-28 14:38:27.909,2026-05-28 14:44:35.904,22.6613616,114.5003536,181.0,0.1,-1.50,167.7,41.4,19.8,0.0,6165.90,10.0,2.0,2.5,NR5G-SA,n79,-44,-44,-10,26,-999,6.6
2026-05-28 14:38:28.109,2026-05-28 14:44:36.104,22.6613615,114.5003537,180.6,0.1,-1.52,167.1,18.0,19.8,0.0,6165.92,10.0,2.0,2.5,NR5G-SA,n79,-44,-44,-10,26,-999,12.6
2026-05-28 14:38:28.309,2026-05-28 14:44:36.304,22.6613615,114.5003537,180.6,0.1,-1.52,167.1,18.0,19.8,0.0,6165.92,10.0,2.0,2.5,NR5G-SA,n79,-44,-44,-10,25,-999,9.2
2026-05-28 14:38:28.510,2026-05-28 14:44:36.504,22.6613612,114.5003536,180.2,0.1,-1.53,166.4,18.0,19.8,0.0,6165.95,10.0,2.0,2.5,NR5G-SA,n79,-44,-44,-10,25,-999,5.7
2026-05-28 14:38:28.710,2026-05-28 14:44:36.904,22.6613609,114.5003536,179.8,0.1,-1.55,165.9,18.0,19.8,0.0,6165.98,10.0,2.0,2.5,NR5G-SA,n79,-44,-44,-10,25,-999,7.1
2026-05-28 14:38:28.911,2026-05-28 14:44:36.904,22.6613606,114.5003535,179.4,0.2,-1.55,165.9,18.0,20.4,0.1,6166.02,10.0,2.0,2.5,NR5G-SA,n79,-44,-44,-10,26,-999,6.6
2026-05-28 14:38:29.111,2026-05-28 14:44:37.104,22.6613604,114.5003535,179.0,0.1,-1.51,166.4,0.0,20.4,0.1,6166.04,10.0,2.0,2.5,NR5G-SA,n79,-44,-44,-10,26,-999,13.1
2026-05-28 14:38:29.312,2026-05-28 14:44:37.304,22.6613604,114.5003535,179.0,0.1,-1.51,166.4,0.0,20.4,0.1,6166.04,10.0,2.0,2.5,NR5G-SA,n79,-44,-44,-10,26,-999,9.1
2026-05-28 14:38:29.512,2026-05-28 14:44:37.504,22.6613602,114.5003535,178.7,0.1,-1.49,166.9,0.0,20.4,0.1,6166.06,10.0,2.0,2.5,NR5G-SA,n79,-44,-44,-10,26,-999,4.4
2026-05-28 14:38:29.712,2026-05-28 14:44:37.904,22.6613601,114.5003535,178.3,0.0,-1.41,167.4,0.0,20.4,0.1,6166.08,10.0,2.0,2.5,NR5G-SA,n79,-44,-44,-10,26,-999,6.9
2026-05-28 14:38:29.913,2026-05-28 14:44:37.904,22.6613601,114.5003534,178.0,0.1,-1.36,167.9,0.0,21.2,0.1,6166.09,10.0,2.0,2.5,NR5G-SA,n79,-44,-44,-10,26,-999,8.8
2026-05-28 14:38:30.113,2026-05-28 14:44:38.104,22.6613600,114.5003532,177.6,0.1,-1.43,167.9,0.8,21.2,0.2,6166.11,10.0,2.0,2.5,NR5G-SA,n79,-44,-44,-10,25,-999,11.6
2026-05-28 14:38:30.314,2026-05-28 14:44:38.304,22.6613600,114.5003532,177.6,0.1,-1.43,167.9,0.8,21.2,0.2,6166.11,10.0,2.0,2.5,NR5G-SA,n79,-44,-44,-10,25,-999,9.0
2026-05-28 14:38:30.514,2026-05-28 14:44:38.504,22.6613599,114.5003531,177.2,0.0,-1.49,167.8,0.8,21.2,0.2,6166.12,10.0,2.0,2.5,NR5G-SA,n79,-44,-44,-10,25,-999,5.4
2026-05-28 14:38:30.714,2026-05-28 14:44:38.904,22.6613599,114.5003529,176.9,0.0,-1.52,167.4,0.8,21.2,0.2,6166.14,10.0,2.0,2.5,NR5G-SA,n79,-44,-44,-10,25,-999,5.6
2026-05-28 14:38:30.915,2026-05-28 14:44:39.104,22.6613599,114.5003530,176.5,0.1,-1.55,166.9,0.8,22.2,0.2,6166.15,10.0,2.0,2.5,NR5G-SA,n79,-44,-44,-10,25,-999,4.8
2026-05-28 14:38:31.115,2026-05-28 14:44:39.104,22.6613599,114.5003531,176.1,0.1,-1.53,166.7,0.0,22.2,0.2,6166.17,10.0,2.0,2.5,NR5G-SA,n79,-44,-44,-10,25,-999,12.4
2026-05-28 14:38:31.316,2026-05-28 14:44:39.304,22.6613599,114.5003531,176.1,0.1,-1.53,166.7,0.0,22.2,0.2,6166.17,10.0,2.0,2.5,NR5G-SA,n79,-44,-44,-10,25,-999,11.3
2026-05-28 14:38:31.516,2026-05-28 14:44:39.504,22.6613598,114.5003532,175.7,0.1,-1.51,166.4,0.0,22.2,0.2,6166.18,10.0,2.0,2.5,NR5G-SA,n79,-44,-44,-10,25,-999,6.0
2026-05-28 14:38:31.716,2026-05-28 14:44:39.904,22.6613598,114.5003534,175.3,0.0,-1.47,166.3,0.0,22.2,0.2,6166.20,10.0,2.0,2.5,NR5G-SA,n79,-44,-44,-10,25,-999,7.3
2026-05-28 14:38:31.917,2026-05-28 14:44:39.904,22.6613599,114.5003535,175.0,0.1,-1.45,166.2,0.0,21.4,0.2,6166.22,10.0,2.0,2.5,NR5G-SA,n79,-44,-44,-10,25,-999,8.1
2026-05-28 14:38:32.117,2026-05-28 14:44:40.104,22.6613600,114.5003536,174.6,0.1,-1.49,166.2,15.3,21.4,0.1,6166.23,10.0,2.0,2.5,NR5G-SA,n79,-44,-44,-10,25,-999,5.8
2026-05-28 14:38:32.318,2026-05-28 14:44:40.304,22.6613600,114.5003536,174.6,0.1,-1.49,166.2,15.3,21.4,0.1,6166.23,10.0,2.0,2.5,NR5G-SA,n79,-44,-44,-10,26,-999,4.9
2026-05-28 14:38:32.518,2026-05-28 14:44:40.504,22.6613602,114.5003537,174.2,0.1,-1.50,166.2,15.3,21.4,0.1,6166.26,10.0,2.0,2.5,NR5G-SA,n79,-44,-44,-10,26,-999,6.3
2026-05-28 14:38:32.719,2026-05-28 14:44:40.904,22.6613605,114.5003538,173.8,0.1,-1.51,166.5,15.3,21.4,0.1,6166.29,10.0,2.0,2.5,NR5G-SA,n79,-44,-44,-10,25,-999,6.3
2026-05-28 14:38:32.919,2026-05-28 14:44:40.904,22.6613608,114.5003539,173.5,0.1,-1.46,167.0,15.3,23.0,0.1,6166.33,10.0,2.0,2.5,NR5G-SA,n79,-44,-44,-10,25,-999,8.1
2026-05-28 14:38:33.119,2026-05-28 14:44:41.104,22.6613611,114.5003540,173.1,0.1,-1.48,167.4,42.5,23.0,0.0,6166.36,10.0,2.0,2.5,NR5G-SA,n79,-44,-44,-10,25,-999,11.3
2026-05-28 14:38:33.320,2026-05-28 14:44:41.304,22.6613611,114.5003540,173.1,0.1,-1.48,167.4,42.5,23.0,0.0,6166.36,10.0,2.0,2.5,NR5G-SA,n79,-44,-44,-10,24,-999,9.0
2026-05-28 14:38:33.520,2026-05-28 14:44:41.504,22.6613613,114.5003539,172.7,0.1,-1.45,167.7,42.5,23.0,0.0,6166.38,10.0,2.0,2.5,NR5G-SA,n79,-44,-44,-10,24,-999,5.8
2026-05-28 14:38:33.721,2026-05-28 14:44:41.904,22.6613615,114.5003539,172.4,0.1,-1.49,168.0,42.5,23.0,0.0,6166.41,10.0,2.0,2.5,NR5G-SA,n79,-44,-44,-10,24,-999,6.9
2026-05-28 14:38:33.921,2026-05-28 14:44:42.104,22.6613616,114.5003537,172.0,0.1,-1.49,168.2,42.5,23.3,0.0,6166.43,10.0,2.0,2.5,NR5G-SA,n79,-44,-44,-10,25,-999,8.9
2026-05-28 14:38:34.122,2026-05-28 14:44:42.104,22.6613617,114.5003535,171.6,0.1,-1.48,168.4,42.5,23.3,0.0,6166.45,10.0,2.0,2.5,NR5G-SA,n79,-44,-44,-10,25,-999,12.7
2026-05-28 14:38:34.322,2026-05-28 14:44:42.304,22.6613617,114.5003535,171.6,0.1,-1.48,168.4,27.9,23.3,0.0,6166.45,10.0,2.0,2.5,NR5G-SA,n79,-44,-44,-10,25,-999,7.4
2026-05-28 14:38:34.522,2026-05-28 14:44:42.504,22.6613618,114.5003533,171.2,0.1,-1.49,168.4,27.9,23.3,0.1,6166.48,10.0,2.0,2.5,NR5G-SA,n79,-44,-44,-10,25,-999,4.8
2026-05-28 14:38:34.723,2026-05-28 14:44:42.904,22.6613621,114.5003532,170.9,0.2,-1.52,168.5,27.9,23.3,0.1,6166.51,10.0,2.0,2.5,NR5G-SA,n79,-44,-44,-10,25,-999,7.5
2026-05-28 14:38:34.923,2026-05-28 14:44:43.104,22.6613624,114.5003530,170.5,0.1,-1.50,168.6,27.9,23.3,0.1,6166.55,10.0,2.0,2.5,NR5G-SA,n79,-44,-44,-10,25,-999,5.3
2026-05-28 14:38:35.124,2026-05-28 14:44:43.104,22.6613627,114.5003530,170.1,0.1,-1.45,168.6,27.9,23.7,0.2,6166.58,10.0,2.0,2.5,NR5G-SA,n79,-44,-44,-10,25,-999,10.7
2026-05-28 14:38:35.324,2026-05-28 14:44:43.304,22.6613627,114.5003530,170.1,0.1,-1.45,168.6,34.4,23.7,0.2,6166.58,10.0,2.0,2.5,NR5G-SA,n79,-44,-44,-10,25,-999,8.7
2026-05-28 14:38:35.524,2026-05-28 14:44:43.504,22.6613628,114.5003531,169.7,0.1,-1.49,168.5,34.4,23.7,0.2,6166.60,10.0,2.0,2.5,NR5G-SA,n79,-44,-44,-10,24,-999,6.5
2026-05-28 14:38:35.725,2026-05-28 14:44:43.904,22.6613628,114.5003533,169.4,0.1,-1.46,168.8,34.4,23.7,0.2,6166.62,10.0,2.0,2.5,NR5G-SA,n79,-44,-44,-10,24,-999,7.5
2026-05-28 14:38:35.925,2026-05-28 14:44:44.104,22.6613627,114.5003534,169.0,0.1,-1.48,169.3,34.4,23.7,0.2,6166.64,10.0,2.0,2.5,NR5G-SA,n79,-44,-44,-10,24,-999,5.8
2026-05-28 14:38:36.126,2026-05-28 14:44:44.104,22.6613626,114.5003535,168.6,0.0,-1.45,169.5,34.4,22.4,0.1,6166.65,10.0,2.0,2.5,NR5G-SA,n79,-44,-44,-10,22,-999,10.8
2026-05-28 14:38:36.326,2026-05-28 14:44:44.304,22.6613626,114.5003535,168.6,0.0,-1.45,169.5,37.6,22.4,0.1,6166.65,10.0,2.0,2.5,NR5G-SA,n79,-44,-44,-10,22,-999,7.8
2026-05-28 14:38:36.527,2026-05-28 14:44:44.504,22.6613626,114.5003535,168.3,0.1,-1.51,169.6,37.6,22.4,0.1,6166.65,10.0,2.0,2.5,NR5G-SA,n79,-44,-44,-10,22,-999,5.4
2026-05-28 14:38:36.727,2026-05-28 14:44:44.904,22.6613626,114.5003536,167.9,0.0,-1.52,169.6,37.6,22.4,0.1,6166.66,10.0,2.0,2.5,NR5G-SA,n79,-44,-44,-10,22,-999,8.0
2026-05-28 14:38:36.927,2026-05-28 14:44:44.904,22.6613626,114.5003537,167.5,0.1,-1.53,169.4,37.6,22.4,0.1,6166.67,10.0,2.0,2.5,NR5G-SA,n79,-44,-44,-10,22,-999,6.6
2026-05-28 14:38:37.128,2026-05-28 14:44:45.104,22.6613624,114.5003540,167.1,0.2,-1.51,169.1,37.6,21.1,0.1,6166.71,10.0,2.0,2.5,NR5G-SA,n79,-44,-44,-10,21,-999,9.0
2026-05-28 14:38:37.328,2026-05-28 14:44:45.304,22.6613624,114.5003540,167.1,0.2,-1.51,169.1,23.6,21.1,0.1,6166.71,10.0,2.0,2.5,NR5G-SA,n79,-44,-44,-10,21,-999,7.9
2026-05-28 14:38:37.528,2026-05-28 14:44:45.504,22.6613623,114.5003542,166.8,0.2,-1.56,168.8,23.6,21.1,0.1,6166.73,10.0,2.0,2.5,NR5G-SA,n79,-44,-44,-10,21,-999,5.2
2026-05-28 14:38:37.729,2026-05-28 14:44:45.904,22.6613621,114.5003544,166.4,0.1,-1.54,168.7,23.6,21.1,0.1,6166.76,10.0,2.0,2.5,NR5G-SA,n79,-44,-44,-10,21,-999,5.9
2026-05-28 14:38:37.929,2026-05-28 14:44:46.104,22.6613620,114.5003544,166.0,0.1,-1.55,168.6,23.6,21.1,0.1,6166.77,10.0,2.0,2.5,NR5G-SA,n79,-44,-44,-10,21,-999,5.1
2026-05-28 14:38:38.129,2026-05-28 14:44:46.104,22.6613620,114.5003544,165.6,0.1,-1.58,168.4,23.6,19.7,0.1,6166.77,10.0,2.0,2.5,NR5G-SA,n79,-44,-44,-10,21,-999,13.4
2026-05-28 14:38:38.330,2026-05-28 14:44:46.304,22.6613620,114.5003544,165.6,0.1,-1.58,168.4,0.0,19.7,0.1,6166.77,10.0,2.0,2.5,NR5G-SA,n79,-44,-44,-10,20,-999,8.9
2026-05-28 14:38:38.530,2026-05-28 14:44:46.504,22.6613620,114.5003542,165.2,0.1,-1.51,168.2,0.0,19.7,0.1,6166.79,10.0,2.0,2.5,NR5G-SA,n79,-44,-44,-10,20,-999,6.4
2026-05-28 14:38:38.731,2026-05-28 14:44:46.904,22.6613620,114.5003542,164.8,0.1,-1.52,167.7,0.0,19.7,0.1,6166.79,10.0,2.0,2.5,NR5G-SA,n79,-44,-44,-10,20,-999,5.8
2026-05-28 14:38:38.931,2026-05-28 14:44:47.104,22.6613619,114.5003541,164.5,0.1,-1.50,167.3,0.0,19.7,0.1,6166.81,10.0,2.0,2.5,NR5G-SA,n79,-44,-44,-10,19,-999,4.5
2026-05-28 14:38:39.132,2026-05-28 14:44:47.104,22.6613617,114.5003541,164.1,0.1,-1.52,166.8,0.0,19.0,0.1,6166.83,10.0,2.0,2.5,NR5G-SA,n79,-44,-44,-10,19,-999,9.9
2026-05-28 14:38:39.332,2026-05-28 14:44:47.304,22.6613617,114.5003541,164.1,0.1,-1.52,166.8,9.5,19.0,0.1,6166.83,10.0,2.0,2.5,NR5G-SA,n79,-44,-44,-10,18,-999,8.8
2026-05-28 14:38:39.532,2026-05-28 14:44:47.504,22.6613615,114.5003540,163.7,0.1,-1.48,166.3,9.5,19.0,0.0,6166.86,10.0,2.0,2.5,NR5G-SA,n79,-44,-44,-10,18,-999,6.9
2026-05-28 14:38:39.733,2026-05-28 14:44:47.904,22.6613612,114.5003539,163.3,0.1,-1.45,165.9,9.5,19.0,0.0,6166.89,10.0,2.0,2.5,NR5G-SA,n79,-44,-44,-10,18,-999,6.8
2026-05-28 14:38:39.933,2026-05-28 14:44:48.104,22.6613608,114.5003539,162.9,0.1,-1.47,165.8,9.5,19.0,0.1,6166.94,10.0,2.0,2.5,NR5G-SA,n79,-44,-44,-10,19,-999,5.3
2026-05-28 14:38:40.133,2026-05-28 14:44:48.104,22.6613605,114.5003538,162.6,0.1,-1.49,165.8,9.5,18.2,0.1,6166.97,10.0,2.0,2.5,NR5G-SA,n79,-44,-44,-10,19,-999,9.4
2026-05-28 14:38:40.334,2026-05-28 14:44:48.304,22.6613605,114.5003538,162.6,0.1,-1.49,165.8,0.0,18.2,0.1,6166.97,10.0,2.0,2.5,NR5G-SA,n79,-44,-44,-10,19,-999,9.2
2026-05-28 14:38:40.534,2026-05-28 14:44:48.504,22.6613605,114.5003539,162.2,0.0,-1.43,165.8,0.0,18.2,0.1,6166.98,10.0,2.0,2.5,NR5G-SA,n79,-44,-44,-10,19,-999,6.4
2026-05-28 14:38:40.734,2026-05-28 14:44:48.904,22.6613606,114.5003539,161.9,0.1,-1.48,165.6,0.0,18.2,0.1,6166.99,10.0,2.0,2.5,NR5G-SA,n79,-44,-44,-10,19,-999,5.9
2026-05-28 14:38:40.935,2026-05-28 14:44:49.104,22.6613608,114.5003540,161.5,0.1,-1.50,165.4,0.0,18.2,0.1,6167.02,10.0,2.0,2.5,NR5G-SA,n79,-44,-44,-10,19,-999,7.6
2026-05-28 14:38:41.135,2026-05-28 14:44:49.104,22.6613609,114.5003540,161.1,0.1,-1.51,165.4,0.0,19.2,0.1,6167.03,10.0,2.0,2.5,NR5G-SA,n79,-44,-44,-10,20,-999,8.3
2026-05-28 14:38:41.335,2026-05-28 14:44:49.304,22.6613609,114.5003540,161.1,0.1,-1.51,165.4,7.8,19.2,0.1,6167.03,10.0,2.0,2.5,NR5G-SA,n79,-44,-44,-10,20,-999,8.2
2026-05-28 14:38:41.536,2026-05-28 14:44:49.504,22.6613609,114.5003541,160.7,0.1,-1.53,165.5,7.8,19.2,0.1,6167.04,10.0,2.0,2.5,NR5G-SA,n79,-44,-44,-10,19,-999,6.2
2026-05-28 14:38:41.736,2026-05-28 14:44:49.904,22.6613609,114.5003541,160.3,0.0,-1.46,165.7,7.8,19.2,0.1,6167.04,10.0,2.0,2.5,NR5G-SA,n79,-44,-44,-10,19,-999,5.5
2026-05-28 14:38:41.937,2026-05-28 14:44:50.104,22.6613608,114.5003541,160.0,0.0,-1.44,165.9,7.8,19.2,0.1,6167.05,10.0,2.0,2.5,NR5G-SA,n79,-44,-44,-10,19,-999,6.2
2026-05-28 14:38:42.137,2026-05-28 14:44:50.104,22.6613608,114.5003541,159.6,0.1,-1.41,166.0,7.8,18.6,0.1,6167.05,10.0,2.0,2.5,NR5G-SA,n79,-44,-44,-10,19,-999,9.9
2026-05-28 14:38:42.338,2026-05-28 14:44:50.304,22.6613608,114.5003541,159.6,0.1,-1.41,166.0,0.0,18.6,0.1,6167.05,10.0,2.0,2.5,NR5G-SA,n79,-44,-44,-10,19,-999,11.2
2026-05-28 14:38:42.538,2026-05-28 14:44:50.504,22.6613610,114.5003542,159.2,0.1,-1.45,165.9,0.0,18.6,0.1,6167.07,10.0,2.0,2.5,NR5G-SA,n79,-44,-44,-10,19,-999,6.4
2026-05-28 14:38:42.739,2026-05-28 14:44:50.904,22.6613612,114.5003542,158.9,0.2,-1.42,166.0,0.0,18.6,0.1,6167.10,10.0,2.0,2.5,NR5G-SA,n79,-44,-44,-10,20,-999,7.0
2026-05-28 14:38:42.939,2026-05-28 14:44:51.104,22.6613615,114.5003542,158.5,0.1,-1.49,165.7,0.0,18.6,0.1,6167.13,10.0,2.0,2.5,NR5G-SA,n79,-44,-44,-10,20,-999,4.9
2026-05-28 14:38:43.139,2026-05-28 14:44:51.104,22.6613618,114.5003543,158.1,0.1,-1.50,165.4,0.0,18.2,0.1,6167.16,10.0,2.0,2.5,NR5G-SA,n79,-44,-44,-10,20,-999,9.9
2026-05-28 14:38:43.340,2026-05-28 14:44:51.304,22.6613618,114.5003543,158.1,0.1,-1.50,165.4,23.4,18.2,0.1,6167.16,10.0,2.0,2.5,NR5G-SA,n79,-44,-44,-10,20,-999,9.4
2026-05-28 14:38:43.540,2026-05-28 14:44:51.504,22.6613621,114.5003542,157.8,0.1,-1.49,165.1,23.4,18.2,0.1,6167.20,10.0,2.0,2.5,NR5G-SA,n79,-44,-44,-10,20,-999,7.6
2026-05-28 14:38:43.740,2026-05-28 14:44:51.904,22.6613622,114.5003541,157.4,0.0,-1.50,164.9,23.4,18.2,0.1,6167.21,10.0,2.0,2.5,NR5G-SA,n79,-44,-44,-10,20,-999,8.5
2026-05-28 14:38:43.941,2026-05-28 14:44:52.104,22.6613622,114.5003541,157.0,0.0,-1.53,164.9,23.4,18.2,0.1,6167.21,10.0,2.0,2.5,NR5G-SA,n79,-44,-44,-10,20,-999,5.5
2026-05-28 14:38:44.141,2026-05-28 14:44:52.104,22.6613622,114.5003541,156.6,0.0,-1.50,165.1,23.4,18.8,0.1,6167.21,10.0,2.0,2.5,NR5G-SA,n79,-44,-44,-10,20,-999,8.9
2026-05-28 14:38:44.341,2026-05-28 14:44:52.304,22.6613622,114.5003541,156.6,0.0,-1.50,165.1,38.1,18.8,0.1,6167.21,10.0,2.0,2.5,NR5G-SA,n79,-44,-44,-10,21,-999,9.0
2026-05-28 14:38:44.542,2026-05-28 14:44:52.504,22.6613623,114.5003541,156.3,0.0,-1.51,165.2,38.1,18.8,0.1,6167.23,10.0,2.0,2.5,NR5G-SA,n79,-44,-44,-10,21,-999,5.9
2026-05-28 14:38:44.742,2026-05-28 14:44:52.904,22.6613622,114.5003542,155.9,0.0,-1.56,165.2,38.1,18.8,0.1,6167.24,10.0,2.0,2.5,NR5G-SA,n79,-44,-44,-10,21,-999,6.7
2026-05-28 14:38:44.943,2026-05-28 14:44:53.104,22.6613620,114.5003542,155.5,0.2,-1.56,165.5,38.1,18.8,0.1,6167.26,10.0,2.0,2.5,NR5G-SA,n79,-44,-44,-10,21,-999,4.7
2026-05-28 14:38:45.143,2026-05-28 14:44:53.104,22.6613616,114.5003544,155.1,0.2,-1.47,165.8,38.1,18.8,0.1,6167.31,10.0,2.0,2.5,NR5G-SA,n79,-44,-44,-10,21,-999,9.6
2026-05-28 14:38:45.344,2026-05-28 14:44:53.304,22.6613616,114.5003544,155.1,0.2,-1.47,165.8,34.1,18.4,0.1,6167.31,10.0,2.0,2.5,NR5G-SA,n79,-44,-44,-10,21,-999,12.9
2026-05-28 14:38:45.544,2026-05-28 14:44:53.504,22.6613613,114.5003546,154.7,0.1,-1.52,165.9,34.1,18.4,0.1,6167.35,10.0,2.0,2.5,NR5G-SA,n79,-44,-44,-10,22,-999,6.2
2026-05-28 14:38:45.744,2026-05-28 14:44:53.904,22.6613611,114.5003547,154.3,0.1,-1.47,166.1,34.1,18.4,0.1,6167.38,10.0,2.0,2.5,NR5G-SA,n79,-44,-44,-10,22,-999,8.2
2026-05-28 14:38:45.945,2026-05-28 14:44:54.104,22.6613610,114.5003548,154.0,0.0,-1.41,166.1,34.1,18.4,0.1,6167.39,10.0,2.0,2.5,NR5G-SA,n79,-44,-44,-10,22,-999,5.8
2026-05-28 14:38:46.145,2026-05-28 14:44:54.104,22.6613609,114.5003549,153.6,0.1,-1.51,165.8,34.1,18.4,0.1,6167.41,10.0,2.0,2.5,NR5G-SA,n79,-44,-44,-10,22,-999,10.6
2026-05-28 14:38:46.345,2026-05-28 14:44:54.304,22.6613609,114.5003549,153.6,0.1,-1.51,165.8,28.2,17.4,0.1,6167.41,10.0,2.0,2.5,NR5G-SA,n79,-44,-44,-10,22,-999,14.0
2026-05-28 14:38:46.546,2026-05-28 14:44:54.504,22.6613608,114.5003547,153.2,0.1,-1.59,165.3,28.2,17.4,0.1,6167.43,10.0,2.0,2.5,NR5G-SA,n79,-44,-44,-10,23,-999,5.4
2026-05-28 14:38:46.746,2026-05-28 14:44:54.904,22.6613605,114.5003544,152.8,0.1,-1.50,165.2,28.2,17.4,0.1,6167.48,10.0,2.0,2.5,NR5G-SA,n79,-44,-44,-10,23,-999,6.2
2026-05-28 14:38:46.947,2026-05-28 14:44:55.104,22.6613605,114.5003541,152.5,0.1,-1.48,165.3,28.2,17.4,0.1,6167.51,10.0,2.0,2.5,NR5G-SA,n79,-44,-44,-10,23,-999,4.3
2026-05-28 14:38:47.147,2026-05-28 14:44:55.304,22.6613605,114.5003539,152.1,0.1,-1.56,165.2,28.2,17.4,0.1,6167.53,10.0,2.0,2.5,NR5G-SA,n79,-44,-44,-10,23,-999,4.4
2026-05-28 14:38:47.348,2026-05-28 14:44:55.304,22.6613605,114.5003539,152.1,0.1,-1.56,165.2,40.7,17.5,0.1,6167.53,10.0,2.0,2.5,NR5G-SA,n79,-44,-44,-10,23,-999,12.4
2026-05-28 14:38:47.548,2026-05-28 14:44:55.504,22.6613607,114.5003538,151.7,0.1,-1.54,164.9,40.7,17.5,0.1,6167.55,10.0,2.0,2.5,NR5G-SA,n79,-44,-44,-10,23,-999,5.4
2026-05-28 14:38:47.749,2026-05-28 14:44:55.904,22.6613607,114.5003537,151.3,0.0,-1.52,164.8,40.7,17.5,0.1,6167.56,10.0,2.0,2.5,NR5G-SA,n79,-44,-44,-10,23,-999,6.7
2026-05-28 14:38:47.949,2026-05-28 14:44:56.104,22.6613606,114.5003536,151.0,0.1,-1.52,164.9,40.7,17.5,0.1,6167.58,10.0,2.0,2.5,NR5G-SA,n79,-44,-44,-10,23,-999,7.8
2026-05-28 14:38:48.149,2026-05-28 14:44:56.104,22.6613607,114.5003535,150.6,0.0,-1.46,165.1,40.7,17.5,0.1,6167.59,10.0,2.0,2.5,NR5G-SA,n79,-44,-44,-10,23,-999,10.8
2026-05-28 14:38:48.350,2026-05-28 14:44:56.304,22.6613607,114.5003535,150.2,0.0,-1.46,165.1,16.9,20.5,0.1,6167.59,10.0,2.0,2.5,NR5G-SA,n79,-44,-44,-10,24,-999,11.2
2026-05-28 14:38:48.550,2026-05-28 14:44:56.504,22.6613607,114.5003535,150.2,0.0,-1.52,165.1,16.9,20.5,0.1,6167.59,10.0,2.0,2.5,NR5G-SA,n79,-44,-44,-10,24,-999,5.3
2026-05-28 14:38:48.751,2026-05-28 14:44:56.904,22.6613607,114.5003535,149.9,0.0,-1.51,165.1,16.9,20.5,0.1,6167.59,10.0,2.0,2.5,NR5G-SA,n79,-44,-44,-10,24,-999,5.2
2026-05-28 14:38:48.951,2026-05-28 14:44:57.104,22.6613607,114.5003536,149.5,0.0,-1.46,165.2,16.9,20.5,0.1,6167.60,10.0,2.0,2.5,NR5G-SA,n79,-44,-44,-10,24,-999,6.4
2026-05-28 14:38:49.151,2026-05-28 14:44:57.104,22.6613606,114.5003536,149.1,0.1,-1.51,165.3,16.9,20.5,0.1,6167.61,10.0,2.0,2.5,NR5G-SA,n79,-44,-44,-10,24,-999,10.5
2026-05-28 14:38:49.352,2026-05-28 14:44:57.304,22.6613606,114.5003536,149.1,0.1,-1.51,165.3,0.0,19.3,0.1,6167.61,10.0,2.0,2.5,NR5G-SA,n79,-44,-44,-10,23,-999,13.3
2026-05-28 14:38:49.552,2026-05-28 14:44:57.504,22.6613605,114.5003536,148.8,0.1,-1.48,165.4,0.0,19.3,0.1,6167.62,10.0,2.0,2.5,NR5G-SA,n79,-44,-44,-10,23,-999,5.4
2026-05-28 14:38:49.753,2026-05-28 14:44:57.904,22.6613606,114.5003537,148.4,0.1,-1.55,165.2,0.0,19.3,0.1,6167.64,10.0,2.0,2.5,NR5G-SA,n79,-44,-44,-10,23,-999,6.3
2026-05-28 14:38:49.953,2026-05-28 14:44:58.104,22.6613610,114.5003538,148.0,0.2,-1.57,165.0,0.0,19.3,0.0,6167.68,10.0,2.0,2.5,NR5G-SA,n79,-44,-44,-10,23,-999,5.1
2026-05-28 14:38:50.153,2026-05-28 14:44:58.104,22.6613614,114.5003538,147.6,0.1,-1.55,165.0,0.0,19.3,0.0,6167.73,10.0,2.0,2.5,NR5G-SA,n79,-44,-44,-10,23,-999,8.8
2026-05-28 14:38:50.354,2026-05-28 14:44:58.304,22.6613616,114.5003537,147.2,0.1,-1.55,164.9,0.0,19.7,0.0,6167.75,10.0,2.0,2.5,NR5G-SA,n79,-44,-44,-10,23,-999,11.5
2026-05-28 14:38:50.554,2026-05-28 14:44:58.504,22.6613616,114.5003537,147.2,0.1,-1.57,164.9,0.0,19.7,0.0,6167.75,10.0,2.0,2.5,NR5G-SA,n79,-44,-44,-10,23,-999,5.3
2026-05-28 14:38:50.754,2026-05-28 14:44:58.904,22.6613617,114.5003534,146.8,0.1,-1.52,165.0,0.0,19.7,0.0,6167.79,10.0,2.0,2.5,NR5G-SA,n79,-44,-44,-10,23,-999,6.8
2026-05-28 14:38:50.955,2026-05-28 14:44:59.104,22.6613617,114.5003533,146.5,0.1,-1.44,165.3,0.0,19.7,0.1,6167.80,10.0,2.0,2.5,NR5G-SA,n79,-44,-44,-10,22,-999,5.0
2026-05-28 14:38:51.155,2026-05-28 14:44:59.304,22.6613616,114.5003533,146.1,0.0,-1.44,165.3,0.0,19.7,0.0,6167.81,10.0,2.0,2.5,NR5G-SA,n79,-44,-44,-10,22,-999,7.0
2026-05-28 14:38:51.355,2026-05-28 14:44:59.304,22.6613616,114.5003533,146.1,0.0,-1.44,165.3,0.0,20.0,0.0,6167.81,10.0,2.0,2.5,NR5G-SA,n79,-44,-44,-10,22,-999,12.4
2026-05-28 14:38:51.556,2026-05-28 14:44:59.504,22.6613615,114.5003533,145.7,0.1,-1.51,165.3,0.0,20.0,0.0,6167.82,10.0,2.0,2.5,NR5G-SA,n79,-44,-44,-10,22,-999,5.1
2026-05-28 14:38:51.756,2026-05-28 14:44:59.904,22.6613612,114.5003534,145.4,0.1,-1.52,165.3,0.0,20.0,0.0,6167.85,10.0,2.0,2.5,NR5G-SA,n79,-44,-44,-10,22,-999,7.1
2026-05-28 14:38:51.957,2026-05-28 14:45:00.104,22.6613610,114.5003534,145.0,0.0,-1.52,165.5,0.0,20.0,0.0,6167.88,10.0,2.0,2.5,NR5G-SA,n79,-44,-44,-10,22,-999,5.2
2026-05-28 14:38:52.157,2026-05-28 14:45:00.104,22.6613610,114.5003533,144.6,0.0,-1.54,165.7,0.0,20.0,0.0,6167.89,10.0,2.0,2.5,NR5G-SA,n79,-44,-44,-10,21,-999,8.5
2026-05-28 14:38:52.357,2026-05-28 14:45:00.304,22.6613610,114.5003533,144.6,0.0,-1.54,165.7,17.0,21.1,0.0,6167.89,10.0,2.0,2.5,NR5G-SA,n79,-44,-44,-10,21,-999,10.6
2026-05-28 14:38:52.557,2026-05-28 14:45:00.504,22.6613610,114.5003532,144.2,0.1,-1.50,166.0,17.0,21.1,0.1,6167.90,10.0,2.0,2.5,NR5G-SA,n79,-44,-44,-10,21,-999,5.8
2026-05-28 14:38:52.758,2026-05-28 14:45:00.904,22.6613611,114.5003530,143.9,0.1,-1.52,166.3,17.0,21.1,0.1,6167.92,10.0,2.0,2.5,NR5G-SA,n79,-44,-44,-10,19,-999,4.7
2026-05-28 14:38:52.958,2026-05-28 14:45:01.104,22.6613613,114.5003530,143.5,0.1,-1.48,166.6,17.0,21.1,0.1,6167.94,10.0,2.0,2.5,NR5G-SA,n79,-44,-44,-10,19,-999,5.8
2026-05-28 14:38:53.159,2026-05-28 14:45:01.104,22.6613614,114.5003531,143.1,0.1,-1.51,166.7,17.0,21.1,0.1,6167.96,10.0,2.0,2.5,NR5G-SA,n79,-44,-44,-10,19,-999,8.7
2026-05-28 14:38:53.359,2026-05-28 14:45:01.304,22.6613615,114.5003532,142.7,0.1,-1.51,166.9,42.2,18.9,0.0,6167.97,10.0,2.0,2.5,NR5G-SA,n79,-44,-44,-10,19,-999,12.3
2026-05-28 14:38:53.559,2026-05-28 14:45:01.504,22.6613615,114.5003532,142.7,0.1,-1.46,166.9,42.2,18.9,0.0,6167.97,10.0,2.0,2.5,NR5G-SA,n79,-44,-44,-10,19,-999,5.3
2026-05-28 14:38:53.760,2026-05-28 14:45:01.904,22.6613616,114.5003532,142.4,0.1,-1.51,167.1,42.2,18.9,0.1,6167.98,10.0,2.0,2.5,NR5G-SA,n79,-44,-44,-10,19,-999,8.8
2026-05-28 14:38:53.960,2026-05-28 14:45:02.104,22.6613616,114.5003533,142.0,0.0,-1.51,167.1,42.2,18.9,0.0,6167.99,10.0,2.0,2.5,NR5G-SA,n79,-44,-44,-10,19,-999,6.7
2026-05-28 14:38:54.160,2026-05-28 14:45:02.304,22.6613616,114.5003533,141.6,0.0,-1.50,167.0,42.2,18.9,0.0,6167.99,10.0,2.0,2.5,NR5G-SA,n79,-44,-44,-10,19,-999,6.5
2026-05-28 14:38:54.361,2026-05-28 14:45:02.304,22.6613616,114.5003533,141.6,0.0,-1.50,167.0,42.2,18.9,0.0,6167.99,10.0,2.0,2.5,NR5G-SA,n79,-44,-44,-10,19,-999,11.6
2026-05-28 14:38:54.562,2026-05-28 14:45:02.504,22.6613615,114.5003533,141.2,0.1,-1.48,167.1,28.6,21.0,0.0,6168.01,10.0,2.0,2.5,NR5G-SA,n79,-44,-44,-10,19,-999,6.1
2026-05-28 14:38:54.762,2026-05-28 14:45:02.904,22.6613613,114.5003534,140.9,0.1,-1.46,167.2,28.6,21.0,0.0,6168.03,10.0,2.0,2.5,NR5G-SA,n79,-44,-44,-10,19,-999,5.4
2026-05-28 14:38:54.962,2026-05-28 14:45:03.104,22.6613613,114.5003536,140.5,0.1,-1.46,167.1,28.6,21.0,0.0,6168.05,10.0,2.0,2.5,NR5G-SA,n79,-44,-44,-10,18,-999,4.2
2026-05-28 14:38:55.163,2026-05-28 14:45:03.104,22.6613614,114.5003538,140.2,0.1,-1.47,166.7,28.6,21.0,0.0,6168.07,10.0,2.0,2.5,NR5G-SA,n79,-44,-44,-10,18,-999,7.8
2026-05-28 14:38:55.363,2026-05-28 14:45:03.304,22.6613614,114.5003538,140.2,0.1,-1.47,166.7,28.6,21.0,0.0,6168.07,10.0,2.0,2.5,NR5G-SA,n79,-44,-44,-10,18,-999,11.7
2026-05-28 14:38:55.564,2026-05-28 14:45:03.504,22.6613615,114.5003541,139.8,0.1,-1.54,166.2,34.8,21.5,0.1,6168.11,10.0,2.0,2.5,NR5G-SA,n79,-44,-44,-10,18,-999,9.5
2026-05-28 14:38:55.764,2026-05-28 14:45:03.904,22.6613616,114.5003542,139.4,0.0,-1.52,165.8,34.8,21.5,0.1,6168.12,10.0,2.0,2.5,NR5G-SA,n79,-44,-44,-10,18,-999,7.2
2026-05-28 14:38:55.964,2026-05-28 14:45:04.104,22.6613617,114.5003542,139.0,0.0,-1.54,165.8,34.8,21.5,0.1,6168.13,10.0,2.0,2.5,NR5G-SA,n79,-44,-44,-10,18,-999,5.4
2026-05-28 14:38:56.165,2026-05-28 14:45:04.104,22.6613618,114.5003542,138.6,0.0,-1.49,165.8,34.8,21.5,0.1,6168.14,10.0,2.0,2.5,NR5G-SA,n79,-44,-44,-10,18,-999,8.2
2026-05-28 14:38:56.365,2026-05-28 14:45:04.304,22.6613618,114.5003541,138.3,0.0,-1.49,165.7,34.8,21.5,0.1,6168.15,10.0,2.0,2.5,NR5G-SA,n79,-44,-44,-10,18,-999,12.1
2026-05-28 14:38:56.566,2026-05-28 14:45:04.504,22.6613618,114.5003541,138.3,0.1,-1.50,165.7,37.9,23.1,0.1,6168.15,10.0,2.0,2.5,NR5G-SA,n79,-44,-44,-10,18,-999,5.6
2026-05-28 14:38:56.766,2026-05-28 14:45:04.904,22.6613619,114.5003540,137.9,0.0,-1.50,165.5,37.9,23.1,0.1,6168.17,10.0,2.0,2.5,NR5G-SA,n79,-44,-44,-10,18,-999,8.6
2026-05-28 14:38:56.966,2026-05-28 14:45:05.104,22.6613619,114.5003540,137.5,0.1,-1.49,165.3,37.9,23.1,0.1,6168.17,10.0,2.0,2.5,NR5G-SA,n79,-44,-44,-10,18,-999,5.9
2026-05-28 14:38:57.167,2026-05-28 14:45:05.304,22.6613620,114.5003538,137.1,0.0,-1.53,165.2,37.9,23.1,0.1,6168.19,10.0,2.0,2.5,NR5G-SA,n79,-44,-44,-10,18,-999,7.8
2026-05-28 14:38:57.367,2026-05-28 14:45:05.304,22.6613620,114.5003537,136.7,0.1,-1.51,165.1,37.9,23.1,0.1,6168.20,10.0,2.0,2.5,NR5G-SA,n79,-44,-44,-10,18,-999,10.3
2026-05-28 14:38:57.567,2026-05-28 14:45:05.504,22.6613620,114.5003537,136.7,0.1,-1.51,165.1,23.9,22.6,0.1,6168.20,10.0,2.0,2.5,NR5G-SA,n79,-44,-44,-10,18,-999,6.1
2026-05-28 14:38:57.768,2026-05-28 14:45:05.904,22.6613618,114.5003535,136.4,0.1,-1.51,165.1,23.9,22.6,0.1,6168.23,10.0,2.0,2.5,NR5G-SA,n79,-44,-44,-10,18,-999,7.9
2026-05-28 14:38:57.968,2026-05-28 14:45:06.104,22.6613616,114.5003534,136.0,0.1,-1.53,165.3,23.9,22.6,0.0,6168.26,10.0,2.0,2.5,NR5G-SA,n79,-44,-44,-10,18,-999,5.1
2026-05-28 14:38:58.169,2026-05-28 14:45:06.304,22.6613614,114.5003534,135.6,0.0,-1.49,165.7,23.9,22.6,0.0,6168.28,10.0,2.0,2.5,NR5G-SA,n79,-44,-44,-10,18,-999,6.7
2026-05-28 14:38:58.369,2026-05-28 14:45:06.304,22.6613612,114.5003534,135.2,0.0,-1.49,166.0,23.9,22.6,0.0,6168.30,10.0,2.0,2.5,NR5G-SA,n79,-44,-44,-10,18,-999,10.7
2026-05-28 14:38:58.569,2026-05-28 14:45:06.504,22.6613612,114.5003534,135.2,0.0,-1.49,166.0,0.0,22.0,0.0,6168.30,10.0,2.0,2.5,NR5G-SA,n79,-44,-44,-10,18,-999,11.7
2026-05-28 14:38:58.769,2026-05-28 14:45:06.904,22.6613611,114.5003534,134.9,0.1,-1.54,165.9,0.0,22.0,0.0,6168.31,10.0,2.0,2.5,NR5G-SA,n79,-44,-44,-10,23,-999,9.8
2026-05-28 14:38:58.970,2026-05-28 14:45:07.104,22.6613611,114.5003533,134.5,0.0,-1.51,165.8,0.0,22.0,0.0,6168.32,10.0,2.0,2.5,NR5G-SA,n79,-44,-44,-10,23,-999,6.4
2026-05-28 14:38:59.170,2026-05-28 14:45:07.104,22.6613610,114.5003533,134.1,0.1,-1.56,165.8,0.0,22.0,0.0,6168.34,10.0,2.0,2.5,NR5G-SA,n79,-44,-44,-10,23,-999,9.1
2026-05-28 14:38:59.370,2026-05-28 14:45:07.304,22.6613609,114.5003533,133.7,0.1,-1.52,166.0,0.0,22.0,0.1,6168.35,10.0,2.0,2.5,NR5G-SA,n79,-44,-44,-10,23,-999,11.0
2026-05-28 14:38:59.571,2026-05-28 14:45:07.504,22.6613609,114.5003533,133.7,0.1,-1.52,166.0,9.4,20.0,0.1,6168.35,10.0,2.0,2.5,NR5G-SA,n79,-44,-44,-10,23,-999,11.2
2026-05-28 14:38:59.771,2026-05-28 14:45:07.904,22.6613609,114.5003533,133.4,0.0,-1.51,166.1,9.4,20.0,0.1,6168.35,10.0,2.0,2.5,NR5G-SA,n79,-79,-79,-10,32,-999,9.2
2026-05-28 14:38:59.972,2026-05-28 14:45:08.104,22.6613610,114.5003533,133.0,0.0,-1.48,166.1,9.4,20.0,0.0,6168.36,10.0,2.0,2.5,NR5G-SA,n79,-79,-79,-10,32,-999,4.2
2026-05-28 14:39:00.172,2026-05-28 14:45:08.304,22.6613610,114.5003533,132.6,0.0,-1.48,166.0,9.4,20.0,0.0,6168.36,10.0,2.0,2.5,NR5G-SA,n79,-79,-79,-10,32,-999,5.7
2026-05-28 14:39:00.372,2026-05-28 14:45:08.304,22.6613610,114.5003534,132.3,0.1,-1.48,165.9,9.4,20.0,0.0,6168.37,10.0,2.0,2.5,NR5G-SA,n79,-77,-77,-10,31,-999,10.7
2026-05-28 14:39:00.573,2026-05-28 14:45:08.504,22.6613610,114.5003534,132.3,0.1,-1.48,165.9,0.0,19.0,0.0,6168.37,10.0,2.0,2.5,NR5G-SA,n79,-77,-77,-10,31,-999,6.5
2026-05-28 14:39:00.773,2026-05-28 14:45:08.904,22.6613611,114.5003536,131.9,0.1,-1.49,165.8,0.0,19.0,0.0,6168.39,10.0,2.0,2.5,NR5G-SA,n79,-77,-77,-10,31,-999,9.6
2026-05-28 14:39:00.974,2026-05-28 14:45:09.104,22.6613613,114.5003537,131.5,0.1,-1.52,165.8,0.0,19.0,0.0,6168.42,10.0,2.0,2.5,NR5G-SA,n79,-78,-78,-10,30,-999,5.8
2026-05-28 14:39:01.174,2026-05-28 14:45:09.104,22.6613615,114.5003538,131.1,0.1,-1.50,165.8,0.0,19.0,0.0,6168.44,10.0,2.0,2.5,NR5G-SA,n79,-78,-78,-10,30,-999,6.9
2026-05-28 14:39:01.375,2026-05-28 14:45:09.304,22.6613618,114.5003538,130.8,0.1,-1.51,165.8,0.0,19.0,0.1,6168.47,10.0,2.0,2.5,NR5G-SA,n79,-78,-78,-10,30,-999,10.3
2026-05-28 14:39:01.575,2026-05-28 14:45:09.504,22.6613618,114.5003538,130.8,0.1,-1.51,165.8,7.6,19.3,0.1,6168.47,10.0,2.0,2.5,NR5G-SA,n79,-77,-77,-10,30,-999,5.5
2026-05-28 14:39:01.775,2026-05-28 14:45:09.904,22.6613618,114.5003537,130.4,0.0,-1.56,165.7,7.6,19.3,0.1,6168.48,10.0,2.0,2.5,NR5G-SA,n79,-77,-77,-10,30,-999,6.2
2026-05-28 14:39:01.976,2026-05-28 14:45:10.104,22.6613618,114.5003536,130.0,0.1,-1.56,165.6,7.6,19.3,0.1,6168.49,10.0,2.0,2.5,NR5G-SA,n79,-77,-77,-10,30,-999,3.9
2026-05-28 14:39:02.176,2026-05-28 14:45:10.304,22.6613618,114.5003535,129.6,0.0,-1.51,165.7,7.6,19.3,0.1,6168.50,10.0,2.0,2.5,NR5G-SA,n79,-78,-78,-10,31,-999,5.2
2026-05-28 14:39:02.376,2026-05-28 14:45:10.304,22.6613617,114.5003534,129.2,0.0,-1.50,165.9,7.6,19.3,0.0,6168.52,10.0,2.0,2.5,NR5G-SA,n79,-78,-78,-10,31,-999,8.2
2026-05-28 14:39:02.577,2026-05-28 14:45:10.504,22.6613617,114.5003534,129.2,0.0,-1.50,165.9,0.0,19.8,0.0,6168.52,10.0,2.0,2.5,NR5G-SA,n79,-78,-78,-10,30,-999,11.8
2026-05-28 14:39:02.777,2026-05-28 14:45:10.904,22.6613617,114.5003534,128.9,0.0,-1.51,166.1,0.0,19.8,0.0,6168.52,10.0,2.0,2.5,NR5G-SA,n79,-78,-78,-10,30,-999,8.5
2026-05-28 14:39:02.977,2026-05-28 14:45:11.104,22.6613617,114.5003534,128.5,0.0,-1.51,166.3,0.0,19.8,0.0,6168.52,10.0,2.0,2.5,NR5G-SA,n79,-78,-78,-10,30,-999,7.2
2026-05-28 14:39:03.178,2026-05-28 14:45:11.304,22.6613617,114.5003535,128.1,0.0,-1.49,166.5,0.0,19.8,0.0,6168.53,10.0,2.0,2.5,NR5G-SA,n79,-78,-78,-10,30,-999,4.7
2026-05-28 14:39:03.378,2026-05-28 14:45:11.304,22.6613617,114.5003534,127.8,0.0,-1.55,166.7,0.0,19.8,0.0,6168.54,10.0,2.0,2.5,NR5G-SA,n79,-78,-78,-10,30,-999,11.5
2026-05-28 14:39:03.579,2026-05-28 14:45:11.504,22.6613617,114.5003534,127.8,0.0,-1.55,166.7,23.5,19.8,0.0,6168.54,10.0,2.0,2.5,NR5G-SA,n79,-78,-78,-10,30,-999,10.8
2026-05-28 14:39:03.779,2026-05-28 14:45:11.904,22.6613616,114.5003534,127.4,0.0,-1.57,167.0,23.5,19.4,0.0,6168.55,10.0,2.0,2.5,NR5G-SA,n79,-76,-76,-10,31,-999,8.3
2026-05-28 14:39:03.979,2026-05-28 14:45:12.104,22.6613615,114.5003533,127.0,0.0,-1.51,167.4,23.5,19.4,0.0,6168.57,10.0,2.0,2.5,NR5G-SA,n79,-76,-76,-10,31,-999,4.9
2026-05-28 14:39:04.180,2026-05-28 14:45:12.304,22.6613615,114.5003532,126.6,0.1,-1.50,167.8,23.5,19.4,0.0,6168.58,10.0,2.0,2.5,NR5G-SA,n79,-76,-76,-10,31,-999,7.1
2026-05-28 14:39:04.380,2026-05-28 14:45:12.304,22.6613615,114.5003532,126.2,0.0,-1.47,168.1,23.5,19.4,0.0,6168.58,10.0,2.0,2.5,NR5G-SA,n79,-78,-78,-10,30,-999,10.5
2026-05-28 14:39:04.581,2026-05-28 14:45:12.504,22.6613615,114.5003532,126.2,0.0,-1.47,168.1,38.3,19.4,0.0,6168.58,10.0,2.0,2.5,NR5G-SA,n79,-78,-78,-10,30,-999,12.4
2026-05-28 14:39:04.781,2026-05-28 14:45:12.904,22.6613615,114.5003532,125.9,0.1,-1.48,168.2,38.3,20.1,0.0,6168.58,10.0,2.0,2.5,NR5G-SA,n79,-78,-78,-10,30,-999,10.5
2026-05-28 14:39:04.981,2026-05-28 14:45:13.104,22.6613616,114.5003532,125.5,0.1,-1.44,168.4,38.3,20.1,0.1,6168.59,10.0,2.0,2.5,NR5G-SA,n79,-78,-78,-10,30,-999,6.1
2026-05-28 14:39:05.182,2026-05-28 14:45:13.104,22.6613616,114.5003531,125.2,0.0,-1.49,168.7,38.3,20.1,0.1,6168.60,10.0,2.0,2.5,NR5G-SA,n79,-78,-78,-10,30,-999,11.6
2026-05-28 14:39:05.382,2026-05-28 14:45:13.304,22.6613617,114.5003530,124.8,0.1,-1.50,169.5,38.3,20.1,0.1,6168.61,10.0,2.0,2.5,NR5G-SA,n79,-79,-79,-10,29,-999,9.5
2026-05-28 14:39:05.582,2026-05-28 14:45:13.504,22.6613617,114.5003530,124.8,0.1,-1.50,169.5,32.6,20.1,0.1,6168.61,10.0,2.0,2.5,NR5G-SA,n79,-79,-79,-10,29,-999,10.3
2026-05-28 14:39:05.783,2026-05-28 14:45:13.904,22.6613618,114.5003530,124.4,0.1,-1.43,170.1,32.6,20.6,0.1,6168.62,10.0,2.0,2.5,NR5G-SA,n79,-79,-79,-10,29,-999,9.5
2026-05-28 14:39:05.983,2026-05-28 14:45:14.104,22.6613619,114.5003531,124.0,0.0,-1.51,170.2,32.6,20.6,0.1,6168.64,10.0,2.0,2.5,NR5G-SA,n79,-75,-75,-10,27,-999,5.2
2026-05-28 14:39:06.184,2026-05-28 14:45:14.104,22.6613617,114.5003530,123.7,0.0,-1.50,170.4,32.6,20.6,0.1,6168.66,10.0,2.0,2.5,NR5G-SA,n79,-75,-75,-10,27,-999,9.0
2026-05-28 14:39:06.384,2026-05-28 14:45:14.304,22.6613617,114.5003530,123.3,0.1,-1.58,170.4,32.6,20.6,0.1,6168.66,10.0,2.0,2.5,NR5G-SA,n79,-75,-75,-10,27,-999,9.8
2026-05-28 14:39:06.584,2026-05-28 14:45:14.504,22.6613617,114.5003530,123.3,0.1,-1.58,170.4,30.9,20.6,0.1,6168.66,10.0,2.0,2.5,NR5G-SA,n79,-77,-77,-10,27,-999,10.0
2026-05-28 14:39:06.785,2026-05-28 14:45:14.904,22.6613615,114.5003529,122.9,0.0,-1.49,170.6,30.9,18.3,0.1,6168.69,10.0,2.0,2.5,NR5G-SA,n79,-77,-77,-10,27,-999,8.6
2026-05-28 14:39:06.985,2026-05-28 14:45:15.104,22.6613615,114.5003528,122.5,0.0,-1.54,170.4,30.9,18.3,0.1,6168.70,10.0,2.0,2.5,NR5G-SA,n79,-77,-77,-10,27,-999,5.7
2026-05-28 14:39:07.185,2026-05-28 14:45:15.304,22.6613615,114.5003528,122.2,0.0,-1.54,170.4,30.9,18.3,0.1,6168.70,10.0,2.0,2.5,NR5G-SA,n79,-77,-77,-10,27,-999,5.9
2026-05-28 14:39:07.386,2026-05-28 14:45:15.304,22.6613615,114.5003528,121.8,0.1,-1.56,170.2,30.9,18.3,0.1,6168.70,10.0,2.0,2.5,NR5G-SA,n79,-77,-77,-10,27,-999,9.0
2026-05-28 14:39:07.586,2026-05-28 14:45:15.504,22.6613615,114.5003528,121.8,0.1,-1.56,170.2,42.0,18.3,0.1,6168.70,10.0,2.0,2.5,NR5G-SA,n79,-79,-79,-10,27,-999,10.6
2026-05-28 14:39:07.787,2026-05-28 14:45:15.904,22.6613615,114.5003529,121.4,0.1,-1.54,170.0,42.0,17.8,0.1,6168.71,10.0,2.0,2.5,NR5G-SA,n79,-79,-79,-10,27,-999,8.3
2026-05-28 14:39:07.987,2026-05-28 14:45:16.104,22.6613613,114.5003529,121.0,0.1,-1.55,169.9,42.0,17.8,0.1,6168.73,10.0,2.0,2.5,NR5G-SA,n79,-79,-79,-10,27,-999,6.2
2026-05-28 14:39:08.187,2026-05-28 14:45:16.304,22.6613613,114.5003531,120.6,0.1,-1.54,170.0,42.0,17.8,0.1,6168.75,10.0,2.0,2.5,NR5G-SA,n79,-78,-78,-10,32,-999,6.3
2026-05-28 14:39:08.388,2026-05-28 14:45:16.304,22.6613613,114.5003532,120.2,0.1,-1.48,170.1,42.0,17.8,0.0,6168.76,10.0,2.0,2.5,NR5G-SA,n79,-78,-78,-10,32,-999,8.9
2026-05-28 14:39:08.588,2026-05-28 14:45:16.504,22.6613613,114.5003532,120.2,0.1,-1.48,170.1,16.0,17.8,0.0,6168.76,10.0,2.0,2.5,NR5G-SA,n79,-78,-78,-10,32,-999,15.0
2026-05-28 14:39:08.789,2026-05-28 14:45:16.904,22.6613613,114.5003534,119.9,0.0,-1.53,170.2,16.0,18.5,0.0,6168.78,10.0,2.0,2.5,NR5G-SA,n79,-76,-76,-10,31,-999,5.7
2026-05-28 14:39:08.989,2026-05-28 14:45:17.104,22.6613613,114.5003535,119.5,0.0,-1.45,170.5,16.0,18.5,0.0,6168.79,10.0,2.0,2.5,NR5G-SA,n79,-76,-76,-10,31,-999,5.2
2026-05-28 14:39:09.189,2026-05-28 14:45:17.304,22.6613614,114.5003535,119.1,0.1,-1.47,171.0,16.0,18.5,0.0,6168.80,10.0,2.0,2.5,NR5G-SA,n79,-76,-76,-10,30,-999,6.4
2026-05-28 14:39:09.390,2026-05-28 14:45:17.304,22.6613615,114.5003534,118.8,0.1,-1.42,171.6,16.0,18.5,0.0,6168.82,10.0,2.0,2.5,NR5G-SA,n79,-76,-76,-10,30,-999,10.1
2026-05-28 14:39:09.590,2026-05-28 14:45:17.504,22.6613615,114.5003534,118.8,0.1,-1.42,171.6,0.0,18.5,0.0,6168.82,10.0,2.0,2.5,NR5G-SA,n79,-76,-76,-10,30,-999,16.1
2026-05-28 14:39:09.791,2026-05-28 14:45:17.904,22.6613614,114.5003531,118.4,0.1,-1.52,172.1,0.0,19.3,0.1,6168.85,10.0,2.0,2.5,NR5G-SA,n79,-76,-76,-10,29,-999,7.9
2026-05-28 14:39:09.991,2026-05-28 14:45:18.104,22.6613613,114.5003528,118.0,0.1,-1.49,172.4,0.0,19.3,0.1,6168.88,10.0,2.0,2.5,NR5G-SA,n79,-76,-76,-10,29,-999,5.7
2026-05-28 14:39:10.191,2026-05-28 14:45:18.104,22.6613611,114.5003527,117.7,0.0,-1.52,172.7,0.0,19.3,0.1,6168.91,10.0,2.0,2.5,NR5G-SA,n79,-76,-76,-10,29,-999,9.6
2026-05-28 14:39:10.392,2026-05-28 14:45:18.304,22.6613610,114.5003528,117.3,0.1,-1.58,172.6,0.0,19.3,0.1,6168.92,10.0,2.0,2.5,NR5G-SA,n79,-76,-76,-10,29,-999,9.9
2026-05-28 14:39:10.592,2026-05-28 14:45:18.504,22.6613610,114.5003528,117.3,0.1,-1.58,172.6,0.0,19.3,0.1,6168.92,10.0,2.0,2.5,NR5G-SA,n79,-76,-76,-10,29,-999,17.1
2026-05-28 14:39:10.792,2026-05-28 14:45:18.904,22.6613610,114.5003528,116.9,0.1,-1.60,172.2,0.0,18.6,0.1,6168.92,10.0,2.0,2.5,NR5G-SA,n79,-76,-76,-10,29,-999,10.4
2026-05-28 14:39:10.993,2026-05-28 14:45:19.104,22.6613610,114.5003530,116.5,0.1,-1.56,171.8,0.0,18.6,0.1,6168.94,10.0,2.0,2.5,NR5G-SA,n79,-76,-76,-10,29,-999,5.6
2026-05-28 14:39:11.193,2026-05-28 14:45:19.304,22.6613610,114.5003531,116.1,0.0,-1.55,171.5,0.0,18.6,0.1,6168.96,10.0,2.0,2.5,NR5G-SA,n79,-76,-76,-10,29,-999,8.8
2026-05-28 14:39:11.394,2026-05-28 14:45:19.304,22.6613610,114.5003532,115.7,0.1,-1.57,171.2,0.0,18.6,0.1,6168.97,10.0,2.0,2.5,NR5G-SA,n79,-76,-76,-10,29,-999,8.5
2026-05-28 14:39:11.594,2026-05-28 14:45:19.504,22.6613610,114.5003532,115.7,0.1,-1.57,171.2,0.0,18.6,0.1,6168.97,10.0,2.0,2.5,NR5G-SA,n79,-76,-76,-10,29,-999,17.1
2026-05-28 14:39:11.794,2026-05-28 14:45:19.904,22.6613610,114.5003534,115.3,0.1,-1.56,170.9,0.0,18.5,0.0,6168.99,10.0,2.0,2.5,NR5G-SA,n79,-76,-76,-10,29,-999,7.1
2026-05-28 14:39:11.995,2026-05-28 14:45:20.104,22.6613611,114.5003534,115.0,0.1,-1.48,170.7,0.0,18.5,0.0,6169.00,10.0,2.0,2.5,NR5G-SA,n79,-76,-76,-10,27,-999,6.0
2026-05-28 14:39:12.195,2026-05-28 14:45:20.304,22.6613612,114.5003535,114.6,0.1,-1.47,170.6,0.0,18.5,0.0,6169.01,10.0,2.0,2.5,NR5G-SA,n79,-76,-76,-10,27,-999,9.1
2026-05-28 14:39:12.396,2026-05-28 14:45:20.304,22.6613612,114.5003535,114.2,0.0,-1.50,170.5,0.0,18.5,0.0,6169.01,10.0,2.0,2.5,NR5G-SA,n79,-76,-76,-10,27,-999,9.2
2026-05-28 14:39:12.596,2026-05-28 14:45:20.504,22.6613612,114.5003535,114.2,0.0,-1.50,170.5,16.1,18.5,0.0,6169.01,10.0,2.0,2.5,NR5G-SA,n79,-76,-76,-10,28,-999,16.1
2026-05-28 14:39:12.797,2026-05-28 14:45:20.904,22.6613612,114.5003535,113.9,0.0,-1.49,170.5,16.1,18.0,0.0,6169.01,10.0,2.0,2.5,NR5G-SA,n79,-76,-76,-10,28,-999,10.7
2026-05-28 14:39:12.997,2026-05-28 14:45:21.104,22.6613611,114.5003535,113.5,0.0,-1.48,170.2,16.1,18.0,0.0,6169.02,10.0,2.0,2.5,NR5G-SA,n79,-76,-76,-10,28,-999,5.7
2026-05-28 14:39:13.197,2026-05-28 14:45:21.304,22.6613611,114.5003535,113.1,0.1,-1.55,170.0,16.1,18.0,0.0,6169.02,10.0,2.0,2.5,NR5G-SA,n79,-76,-76,-10,27,-999,5.3
2026-05-28 14:39:13.398,2026-05-28 14:45:21.304,22.6613611,114.5003535,112.7,0.0,-1.49,170.2,16.1,18.0,0.0,6169.02,10.0,2.0,2.5,NR5G-SA,n79,-76,-76,-10,27,-999,7.7
2026-05-28 14:39:13.598,2026-05-28 14:45:21.504,22.6613611,114.5003535,112.7,0.0,-1.49,170.2,53.3,18.0,0.0,6169.02,10.0,2.0,2.5,NR5G-SA,n79,-76,-76,-10,26,-999,14.6
2026-05-28 14:39:13.799,2026-05-28 14:45:21.904,22.6613611,114.5003535,112.3,0.0,-1.46,170.3,53.3,17.3,0.0,6169.02,10.0,2.0,2.5,NR5G-SA,n79,-76,-76,-10,26,-999,10.7
2026-05-28 14:39:13.999,2026-05-28 14:45:22.104,22.6613611,114.5003535,112.0,0.0,-1.46,170.4,53.3,17.3,0.0,6169.02,10.0,2.0,2.5,NR5G-SA,n79,-76,-76,-10,26,-999,6.3
2026-05-28 14:39:14.200,2026-05-28 14:45:22.304,22.6613611,114.5003535,111.6,0.0,-1.46,170.3,53.3,17.3,0.0,6169.02,10.0,2.0,2.5,NR5G-SA,n79,-80,-80,-10,18,-999,6.1
2026-05-28 14:39:14.400,2026-05-28 14:45:22.304,22.6613611,114.5003535,111.2,0.1,-1.46,170.2,53.3,17.3,0.0,6169.02,10.0,2.0,2.5,NR5G-SA,n79,-80,-80,-10,18,-999,6.5
2026-05-28 14:39:14.600,2026-05-28 14:45:22.504,22.6613610,114.5003535,110.9,0.0,-1.55,169.8,33.7,17.3,0.0,6169.03,10.0,2.0,2.5,NR5G-SA,n79,-80,-80,-10,18,-999,10.9
2026-05-28 14:39:14.801,2026-05-28 14:45:22.904,22.6613610,114.5003535,110.9,0.0,-1.55,169.8,33.7,17.3,0.0,6169.03,10.0,2.0,2.5,NR5G-SA,n79,-80,-80,-10,17,-999,10.6
2026-05-28 14:39:15.001,2026-05-28 14:45:23.103,22.6613610,114.5003535,110.5,0.0,-1.53,169.6,33.7,16.8,0.0,6169.03,10.0,2.0,2.5,NR5G-SA,n79,-80,-80,-10,17,-999,6.2
2026-05-28 14:39:15.201,2026-05-28 14:45:23.303,22.6613611,114.5003535,110.1,0.0,-1.47,169.6,33.7,16.8,0.0,6169.05,10.0,2.0,2.5,NR5G-SA,n79,-80,-80,-10,17,-999,5.6
2026-05-28 14:39:15.402,2026-05-28 14:45:23.303,22.6613611,114.5003535,109.7,0.0,-1.53,169.7,33.7,16.8,0.0,6169.05,10.0,2.0,2.5,NR5G-SA,n79,-80,-80,-10,17,-999,7.3
2026-05-28 14:39:15.602,2026-05-28 14:45:23.503,22.6613611,114.5003535,109.7,0.0,-1.53,169.7,100.0,16.8,0.0,6169.05,10.0,2.0,2.5,NR5G-SA,n79,-80,-80,-10,17,-999,15.1
2026-05-28 14:39:15.802,2026-05-28 14:45:23.903,22.6613612,114.5003536,109.4,0.1,-1.52,169.8,100.0,16.8,0.0,6169.06,10.0,2.0,2.5,NR5G-SA,n79,-80,-80,-10,17,-999,7.8
2026-05-28 14:39:16.003,2026-05-28 14:45:24.103,22.6613614,114.5003536,109.0,0.1,-1.50,169.6,100.0,19.0,0.0,6169.08,10.0,2.0,2.5,NR5G-SA,n79,-80,-80,-10,17,-999,5.3
2026-05-28 14:39:16.203,2026-05-28 14:45:24.303,22.6613616,114.5003538,108.6,0.1,-1.50,169.4,100.0,19.0,0.0,6169.11,10.0,2.0,2.5,NR5G-SA,n79,-80,-80,-10,17,-999,6.9
2026-05-28 14:39:16.403,2026-05-28 14:45:24.303,22.6613618,114.5003538,108.2,0.0,-1.46,169.2,100.0,19.0,0.1,6169.14,10.0,2.0,2.5,NR5G-SA,n79,-80,-80,-10,17,-999,10.2
2026-05-28 14:39:16.604,2026-05-28 14:45:24.503,22.6613618,114.5003538,108.2,0.0,-1.46,169.2,23.1,19.0,0.1,6169.14,10.0,2.0,2.5,NR5G-SA,n79,-80,-80,-10,17,-999,14.4
2026-05-28 14:39:16.804,2026-05-28 14:45:24.903,22.6613618,114.5003539,107.8,0.0,-1.53,168.9,23.1,19.0,0.1,6169.15,10.0,2.0,2.5,NR5G-SA,n79,-80,-80,-10,17,-999,7.6
2026-05-28 14:39:17.004,2026-05-28 14:45:25.103,22.6613617,114.5003538,107.5,0.0,-1.46,169.0,23.1,21.0,0.0,6169.16,10.0,2.0,2.5,NR5G-SA,n79,-80,-80,-10,18,-999,6.3
2026-05-28 14:39:17.205,2026-05-28 14:45:25.303,22.6613617,114.5003537,107.1,0.0,-1.47,169.1,23.1,21.0,0.0,6169.17,10.0,2.0,2.5,NR5G-SA,n79,-80,-80,-10,18,-999,6.1
2026-05-28 14:39:17.405,2026-05-28 14:45:25.303,22.6613618,114.5003537,106.7,0.0,-1.48,169.1,23.1,21.0,0.1,6169.18,10.0,2.0,2.5,NR5G-SA,n79,-80,-80,-10,18,-999,9.4
2026-05-28 14:39:17.605,2026-05-28 14:45:25.503,22.6613618,114.5003537,106.7,0.0,-1.48,169.1,0.0,21.0,0.1,6169.18,10.0,2.0,2.5,NR5G-SA,n79,-80,-80,-10,18,-999,10.7
2026-05-28 14:39:17.806,2026-05-28 14:45:25.903,22.6613617,114.5003536,106.3,0.0,-1.51,169.2,0.0,21.0,0.0,6169.20,10.0,2.0,2.5,NR5G-SA,n79,-80,-80,-10,18,-999,7.6
2026-05-28 14:39:18.006,2026-05-28 14:45:26.103,22.6613617,114.5003535,106.0,0.1,-1.48,169.1,0.0,22.5,0.0,6169.21,10.0,2.0,2.5,NR5G-SA,n79,-80,-80,-10,18,-999,4.8
2026-05-28 14:39:18.206,2026-05-28 14:45:26.303,22.6613615,114.5003535,105.6,0.1,-1.47,169.0,0.0,22.5,0.0,6169.23,10.0,2.0,2.5,NR5G-SA,n79,-80,-80,-10,19,-999,5.3
2026-05-28 14:39:18.407,2026-05-28 14:45:26.303,22.6613614,114.5003535,105.2,0.0,-1.49,168.8,0.0,22.5,0.0,6169.24,10.0,2.0,2.5,NR5G-SA,n79,-80,-80,-10,19,-999,8.5
2026-05-28 14:39:18.607,2026-05-28 14:45:26.503,22.6613614,114.5003535,105.2,0.0,-1.49,168.8,7.9,22.5,0.0,6169.24,10.0,2.0,2.5,NR5G-SA,n79,-79,-79,-10,19,-999,12.9
2026-05-28 14:39:18.807,2026-05-28 14:45:26.903,22.6613612,114.5003535,104.8,0.1,-1.52,168.7,7.9,22.5,0.0,6169.26,10.0,2.0,2.5,NR5G-SA,n79,-79,-79,-10,19,-999,7.4
2026-05-28 14:39:19.008,2026-05-28 14:45:27.103,22.6613611,114.5003536,104.4,0.0,-1.50,168.6,7.9,23.7,0.0,6169.28,10.0,2.0,2.5,NR5G-SA,n79,-79,-79,-10,19,-999,5.5
2026-05-28 14:39:19.208,2026-05-28 14:45:27.303,22.6613611,114.5003536,104.1,0.1,-1.52,168.5,7.9,23.7,0.0,6169.28,10.0,2.0,2.5,NR5G-SA,n79,-79,-79,-10,20,-999,8.8
2026-05-28 14:39:19.409,2026-05-28 14:45:27.503,22.6613611,114.5003537,103.7,0.0,-1.49,168.5,7.9,23.7,0.0,6169.29,10.0,2.0,2.5,NR5G-SA,n79,-79,-79,-10,20,-999,5.0
2026-05-28 14:39:19.609,2026-05-28 14:45:27.503,22.6613611,114.5003537,103.7,0.0,-1.49,168.5,0.0,23.7,0.0,6169.29,10.0,2.0,2.5,NR5G-SA,n79,-79,-79,-10,20,-999,13.9
2026-05-28 14:39:19.809,2026-05-28 14:45:27.903,22.6613611,114.5003537,103.3,0.0,-1.49,168.4,0.0,23.7,0.0,6169.29,10.0,2.0,2.5,NR5G-SA,n79,-79,-79,-10,21,-999,9.0
2026-05-28 14:39:20.010,2026-05-28 14:45:28.103,22.6613611,114.5003538,103.0,0.0,-1.47,168.4,0.0,24.3,0.0,6169.30,10.0,2.0,2.5,NR5G-SA,n79,-79,-79,-10,21,-999,5.0
2026-05-28 14:39:20.210,2026-05-28 14:45:28.303,22.6613611,114.5003537,102.6,0.0,-1.44,168.3,0.0,24.3,0.0,6169.31,10.0,2.0,2.5,NR5G-SA,n79,-79,-79,-10,21,-999,6.4
2026-05-28 14:39:20.410,2026-05-28 14:45:28.303,22.6613612,114.5003537,102.2,0.0,-1.48,168.2,0.0,24.3,0.0,6169.32,10.0,2.0,2.5,NR5G-SA,n79,-78,-78,-10,20,-999,7.0
2026-05-28 14:39:20.611,2026-05-28 14:45:28.503,22.6613612,114.5003536,101.8,0.1,-1.47,168.0,8.8,24.3,0.0,6169.33,10.0,2.0,2.5,NR5G-SA,n79,-78,-78,-10,20,-999,10.8
2026-05-28 14:39:20.811,2026-05-28 14:45:28.903,22.6613612,114.5003536,101.8,0.1,-1.47,168.0,8.8,24.3,0.0,6169.33,10.0,2.0,2.5,NR5G-SA,n79,-78,-78,-10,22,-999,9.3
2026-05-28 14:39:21.012,2026-05-28 14:45:29.103,22.6613612,114.5003534,101.5,0.1,-1.48,167.9,8.8,22.9,0.0,6169.35,10.0,2.0,2.5,NR5G-SA,n79,-78,-78,-10,22,-999,6.5
2026-05-28 14:39:21.212,2026-05-28 14:45:29.303,22.6613612,114.5003533,101.1,0.0,-1.51,167.5,8.8,22.9,0.0,6169.36,10.0,2.0,2.5,NR5G-SA,n79,-78,-78,-10,22,-999,6.5
2026-05-28 14:39:21.413,2026-05-28 14:45:29.303,22.6613612,114.5003533,100.7,0.0,-1.52,167.2,8.8,22.9,0.0,6169.36,10.0,2.0,2.5,NR5G-SA,n79,-78,-78,-10,25,-999,8.6
2026-05-28 14:39:21.613,2026-05-28 14:45:29.503,22.6613612,114.5003532,100.3,0.0,-1.52,166.9,5.4,22.9,0.0,6169.37,10.0,2.0,2.5,NR5G-SA,n79,-78,-78,-10,25,-999,13.8
2026-05-28 14:39:21.814,2026-05-28 14:45:29.903,22.6613612,114.5003532,100.3,0.0,-1.52,166.9,5.4,22.9,0.0,6169.37,10.0,2.0,2.5,NR5G-SA,n79,-78,-78,-10,25,-999,9.6
2026-05-28 14:39:22.014,2026-05-28 14:45:30.103,22.6613612,114.5003533,99.9,0.1,-1.53,166.6,5.4,20.9,0.0,6169.38,10.0,2.0,2.5,NR5G-SA,n79,-77,-77,-10,25,-999,5.2
2026-05-28 14:39:22.215,2026-05-28 14:45:30.303,22.6613611,114.5003534,99.5,0.1,-1.50,166.3,5.4,20.9,0.0,6169.40,10.0,2.0,2.5,NR5G-SA,n79,-77,-77,-10,25,-999,7.9
2026-05-28 14:39:22.415,2026-05-28 14:45:30.303,22.6613610,114.5003536,99.2,0.1,-1.44,166.2,5.4,20.9,0.0,6169.42,10.0,2.0,2.5,NR5G-SA,n79,-77,-77,-10,25,-999,6.8
2026-05-28 14:39:22.616,2026-05-28 14:45:30.503,22.6613611,114.5003539,98.8,0.1,-1.51,166.1,23.6,20.9,0.0,6169.45,10.0,2.0,2.5,NR5G-SA,n79,-78,-78,-10,21,-999,13.0
2026-05-28 14:39:22.816,2026-05-28 14:45:30.903,22.6613611,114.5003539,98.8,0.1,-1.51,166.1,23.6,20.9,0.0,6169.45,10.0,2.0,2.5,NR5G-SA,n79,-78,-78,-10,21,-999,9.0
2026-05-28 14:39:23.017,2026-05-28 14:45:31.103,22.6613612,114.5003542,98.4,0.1,-1.48,165.8,23.6,20.9,0.1,6169.49,10.0,2.0,2.5,NR5G-SA,n79,-78,-78,-10,22,-999,5.8
2026-05-28 14:39:23.217,2026-05-28 14:45:31.303,22.6613612,114.5003543,98.0,0.0,-1.48,165.4,23.6,19.6,0.1,6169.50,10.0,2.0,2.5,NR5G-SA,n79,-78,-78,-10,22,-999,4.8
2026-05-28 14:39:23.418,2026-05-28 14:45:31.303,22.6613612,114.5003544,97.7,0.0,-1.48,165.0,23.6,19.6,0.1,6169.51,10.0,2.0,2.5,NR5G-SA,n79,-78,-78,-10,22,-999,7.1
2026-05-28 14:39:23.618,2026-05-28 14:45:31.503,22.6613612,114.5003543,97.3,0.0,-1.52,164.6,37.8,19.6,0.1,6169.52,10.0,2.0,2.5,NR5G-SA,n79,-78,-78,-10,22,-999,12.1
2026-05-28 14:39:23.818,2026-05-28 14:45:31.903,22.6613612,114.5003543,97.3,0.0,-1.52,164.6,37.8,19.6,0.1,6169.52,10.0,2.0,2.5,NR5G-SA,n79,-78,-78,-10,22,-999,9.3
2026-05-28 14:39:24.019,2026-05-28 14:45:32.103,22.6613612,114.5003543,96.9,0.1,-1.44,164.3,37.8,19.6,0.1,6169.52,10.0,2.0,2.5,NR5G-SA,n79,-78,-78,-10,22,-999,5.4
2026-05-28 14:39:24.219,2026-05-28 14:45:32.303,22.6613612,114.5003543,96.6,0.1,-1.46,163.9,37.8,18.4,0.1,6169.52,10.0,2.0,2.5,NR5G-SA,n79,-78,-78,-10,23,-999,5.9
2026-05-28 14:39:24.420,2026-05-28 14:45:32.503,22.6613613,114.5003543,96.2,0.1,-1.47,163.6,37.8,18.4,0.1,6169.53,10.0,2.0,2.5,NR5G-SA,n79,-78,-78,-10,23,-999,6.0
2026-05-28 14:39:24.620,2026-05-28 14:45:32.503,22.6613612,114.5003542,95.8,0.1,-1.47,163.4,33.3,18.4,0.1,6169.54,10.0,2.0,2.5,NR5G-SA,n79,-78,-78,-10,23,-999,13.0
2026-05-28 14:39:24.821,2026-05-28 14:45:32.903,22.6613612,114.5003542,95.8,0.1,-1.47,163.4,33.3,18.4,0.1,6169.54,10.0,2.0,2.5,NR5G-SA,n79,-78,-78,-10,23,-999,9.0
2026-05-28 14:39:25.021,2026-05-28 14:45:33.103,22.6613611,114.5003542,95.4,0.0,-1.51,163.3,33.3,18.4,0.1,6169.55,10.0,2.0,2.5,NR5G-SA,n79,-78,-78,-10,23,-999,5.7
2026-05-28 14:39:25.222,2026-05-28 14:45:33.303,22.6613611,114.5003542,95.1,0.1,-1.45,163.2,33.3,17.1,0.1,6169.55,10.0,2.0,2.5,NR5G-SA,n79,-78,-78,-10,22,-999,5.9
2026-05-28 14:39:25.422,2026-05-28 14:45:33.303,22.6613611,114.5003542,94.7,0.0,-1.46,163.1,33.3,17.1,0.1,6169.55,10.0,2.0,2.5,NR5G-SA,n79,-78,-78,-10,22,-999,7.8
2026-05-28 14:39:25.622,2026-05-28 14:45:33.503,22.6613610,114.5003542,94.3,0.0,-1.51,163.1,29.1,17.1,0.1,6169.57,10.0,2.0,2.5,NR5G-SA,n79,-78,-78,-10,22,-999,13.6
2026-05-28 14:39:25.823,2026-05-28 14:45:33.903,22.6613610,114.5003542,94.3,0.0,-1.51,163.1,29.1,17.1,0.1,6169.57,10.0,2.0,2.5,NR5G-SA,n79,-76,-76,-10,23,-999,7.9
2026-05-28 14:39:26.023,2026-05-28 14:45:34.103,22.6613610,114.5003542,94.0,0.0,-1.49,163.2,29.1,17.1,0.1,6169.57,10.0,2.0,2.5,NR5G-SA,n79,-76,-76,-10,23,-999,4.3
2026-05-28 14:39:26.223,2026-05-28 14:45:34.303,22.6613610,114.5003542,93.6,0.1,-1.49,163.2,29.1,17.6,0.1,6169.57,10.0,2.0,2.5,NR5G-SA,n79,-76,-76,-10,23,-999,5.3
2026-05-28 14:39:26.424,2026-05-28 14:45:34.503,22.6613609,114.5003543,93.2,0.0,-1.45,163.2,29.1,17.6,0.1,6169.58,10.0,2.0,2.5,NR5G-SA,n79,-75,-75,-10,25,-999,6.7
2026-05-28 14:39:26.624,2026-05-28 14:45:34.503,22.6613609,114.5003542,92.8,0.0,-1.47,163.3,42.1,17.6,0.1,6169.59,10.0,2.0,2.5,NR5G-SA,n79,-75,-75,-10,25,-999,14.1
2026-05-28 14:39:26.825,2026-05-28 14:45:34.903,22.6613609,114.5003542,92.8,0.0,-1.47,163.3,42.1,17.6,0.1,6169.59,10.0,2.0,2.5,NR5G-SA,n79,-75,-75,-10,25,-999,10.5
2026-05-28 14:39:27.025,2026-05-28 14:45:35.103,22.6613609,114.5003542,92.5,0.0,-1.46,163.6,42.1,17.6,0.1,6169.59,10.0,2.0,2.5,NR5G-SA,n79,-77,-77,-10,24,-999,4.6
2026-05-28 14:39:27.225,2026-05-28 14:45:35.303,22.6613610,114.5003542,92.1,0.0,-1.47,163.8,42.1,17.7,0.1,6169.60,10.0,2.0,2.5,NR5G-SA,n79,-77,-77,-10,24,-999,6.7
2026-05-28 14:39:27.426,2026-05-28 14:45:35.503,22.6613611,114.5003542,91.7,0.1,-1.43,164.0,42.1,17.7,0.1,6169.61,10.0,2.0,2.5,NR5G-SA,n79,-77,-77,-10,24,-999,7.3
2026-05-28 14:39:27.626,2026-05-28 14:45:35.503,22.6613612,114.5003542,91.4,0.1,-1.44,164.2,16.7,17.7,0.1,6169.62,10.0,2.0,2.5,NR5G-SA,n79,-77,-77,-10,24,-999,12.3
2026-05-28 14:39:27.827,2026-05-28 14:45:35.903,22.6613612,114.5003542,91.4,0.1,-1.44,164.2,16.7,17.7,0.1,6169.62,10.0,2.0,2.5,NR5G-SA,n79,-77,-77,-10,24,-999,8.9
2026-05-28 14:39:28.027,2026-05-28 14:45:36.103,22.6613613,114.5003542,91.0,0.0,-1.49,164.3,16.7,17.7,0.1,6169.64,10.0,2.0,2.5,NR5G-SA,n79,-79,-79,-10,31,-999,6.2
2026-05-28 14:39:28.227,2026-05-28 14:45:36.303,22.6613614,114.5003540,90.6,0.1,-1.50,164.3,16.7,18.5,0.0,6169.66,10.0,2.0,2.5,NR5G-SA,n79,-79,-79,-10,31,-999,5.7
2026-05-28 14:39:28.428,2026-05-28 14:45:36.503,22.6613615,114.5003538,90.2,0.1,-1.44,164.4,16.7,18.5,0.0,6169.68,10.0,2.0,2.5,NR5G-SA,n79,-79,-79,-10,31,-999,7.4
2026-05-28 14:39:28.628,2026-05-28 14:45:36.503,22.6613616,114.5003538,89.9,0.0,-1.52,164.6,0.0,18.5,0.0,6169.69,10.0,2.0,2.5,NR5G-SA,n79,-77,-77,-10,28,-999,13.3
2026-05-28 14:39:28.828,2026-05-28 14:45:36.903,22.6613616,114.5003538,89.9,0.0,-1.52,164.6,0.0,18.5,0.0,6169.69,10.0,2.0,2.5,NR5G-SA,n79,-77,-77,-10,28,-999,9.2
2026-05-28 14:39:29.029,2026-05-28 14:45:37.103,22.6613616,114.5003538,89.5,0.0,-1.47,164.9,0.0,18.5,0.0,6169.69,10.0,2.0,2.5,NR5G-SA,n79,-77,-77,-10,28,-999,6.8
2026-05-28 14:39:29.229,2026-05-28 14:45:37.303,22.6613616,114.5003539,89.1,0.0,-1.47,165.3,0.0,19.3,0.0,6169.70,10.0,2.0,2.5,NR5G-SA,n79,-78,-78,-10,29,-999,6.0
2026-05-28 14:39:29.430,2026-05-28 14:45:37.503,22.6613615,114.5003540,88.7,0.0,-1.50,165.9,0.0,19.3,0.0,6169.72,10.0,2.0,2.5,NR5G-SA,n79,-78,-78,-10,29,-999,7.0
2026-05-28 14:39:29.630,2026-05-28 14:45:37.503,22.6613616,114.5003540,88.4,0.1,-1.49,166.2,0.0,19.3,0.1,6169.73,10.0,2.0,2.5,NR5G-SA,n79,-77,-77,-10,29,-999,10.2
2026-05-28 14:39:29.831,2026-05-28 14:45:37.903,22.6613616,114.5003540,88.4,0.1,-1.49,166.2,0.0,19.3,0.1,6169.73,10.0,2.0,2.5,NR5G-SA,n79,-77,-77,-10,29,-999,6.6
2026-05-28 14:39:30.031,2026-05-28 14:45:38.103,22.6613616,114.5003539,88.0,0.1,-1.48,166.4,0.0,19.3,0.0,6169.74,10.0,2.0,2.5,NR5G-SA,n79,-77,-77,-10,29,-999,6.0
2026-05-28 14:39:30.231,2026-05-28 14:45:38.303,22.6613616,114.5003538,87.6,0.0,-1.47,166.5,0.0,20.0,0.0,6169.75,10.0,2.0,2.5,NR5G-SA,n79,-78,-78,-10,29,-999,6.1
2026-05-28 14:39:30.431,2026-05-28 14:45:38.503,22.6613615,114.5003538,87.2,0.0,-1.49,166.2,0.0,20.0,0.0,6169.76,10.0,2.0,2.5,NR5G-SA,n79,-78,-78,-10,29,-999,7.2
2026-05-28 14:39:30.632,2026-05-28 14:45:38.503,22.6613613,114.5003538,86.9,0.1,-1.56,165.6,0.0,20.0,0.0,6169.78,10.0,2.0,2.5,NR5G-SA,n79,-78,-78,-10,29,-999,12.9
2026-05-28 14:39:30.832,2026-05-28 14:45:38.903,22.6613613,114.5003538,86.9,0.1,-1.56,165.6,0.0,20.0,0.0,6169.78,10.0,2.0,2.5,NR5G-SA,n79,-78,-78,-10,30,-999,8.2
2026-05-28 14:39:31.033,2026-05-28 14:45:39.103,22.6613610,114.5003539,86.5,0.0,-1.53,165.1,0.0,20.0,0.0,6169.82,10.0,2.0,2.5,NR5G-SA,n79,-78,-78,-10,30,-999,5.8
2026-05-28 14:39:31.233,2026-05-28 14:45:39.303,22.6613608,114.5003539,86.1,0.1,-1.56,164.6,0.0,19.1,0.1,6169.84,10.0,2.0,2.5,NR5G-SA,n79,-78,-78,-10,30,-999,5.6
2026-05-28 14:39:31.433,2026-05-28 14:45:39.503,22.6613606,114.5003538,85.7,0.1,-1.62,164.2,0.0,19.1,0.1,6169.87,10.0,2.0,2.5,NR5G-SA,n79,-78,-78,-10,30,-999,6.9
2026-05-28 14:39:31.634,2026-05-28 14:45:39.503,22.6613605,114.5003538,85.3,0.1,-1.57,164.1,0.0,19.1,0.1,6169.88,10.0,2.0,2.5,NR5G-SA,n79,-78,-78,-10,30,-999,9.7
2026-05-28 14:39:31.834,2026-05-28 14:45:39.903,22.6613605,114.5003538,85.3,0.1,-1.57,164.1,16.1,19.1,0.1,6169.88,10.0,2.0,2.5,NR5G-SA,n79,-78,-78,-10,30,-999,8.0
2026-05-28 14:39:32.035,2026-05-28 14:45:40.103,22.6613603,114.5003538,84.9,0.1,-1.50,164.1,16.1,19.1,0.1,6169.90,10.0,2.0,2.5,NR5G-SA,n79,-77,-77,-10,25,-999,6.3
2026-05-28 14:39:32.235,2026-05-28 14:45:40.303,22.6613602,114.5003538,84.6,0.0,-1.44,164.2,16.1,20.0,0.1,6169.91,10.0,2.0,2.5,NR5G-SA,n79,-77,-77,-10,25,-999,6.5
2026-05-28 14:39:32.435,2026-05-28 14:45:40.503,22.6613602,114.5003538,84.2,0.1,-1.42,164.7,16.1,20.0,0.1,6169.91,10.0,2.0,2.5,NR5G-SA,n79,-77,-77,-10,23,-999,5.1
2026-05-28 14:39:32.636,2026-05-28 14:45:40.503,22.6613605,114.5003538,83.8,0.1,-1.43,165.1,16.1,20.0,0.1,6169.94,10.0,2.0,2.5,NR5G-SA,n79,-77,-77,-10,23,-999,10.0
2026-05-28 14:39:32.836,2026-05-28 14:45:40.903,22.6613605,114.5003538,83.8,0.1,-1.43,165.1,42.3,20.0,0.1,6169.94,10.0,2.0,2.5,NR5G-SA,n79,-77,-77,-10,23,-999,10.5
2026-05-28 14:39:33.037,2026-05-28 14:45:41.103,22.6613608,114.5003538,83.5,0.1,-1.44,165.4,42.3,20.0,0.1,6169.98,10.0,2.0,2.5,NR5G-SA,n79,-78,-78,-10,23,-999,6.1
2026-05-28 14:39:33.237,2026-05-28 14:45:41.303,22.6613612,114.5003536,83.1,0.2,-1.44,165.7,42.3,20.0,0.0,6170.03,10.0,2.0,2.5,NR5G-SA,n79,-78,-78,-10,23,-999,6.0
2026-05-28 14:39:33.438,2026-05-28 14:45:41.503,22.6613616,114.5003534,82.8,0.2,-1.47,166.3,42.3,19.9,0.0,6170.08,10.0,2.0,2.5,NR5G-SA,n79,-78,-78,-10,23,-999,6.7
2026-05-28 14:39:33.638,2026-05-28 14:45:41.503,22.6613620,114.5003530,82.4,0.2,-1.43,167.3,42.3,19.9,0.1,6170.14,10.0,2.0,2.5,NR5G-SA,n79,-79,-79,-10,22,-999,11.6
2026-05-28 14:39:33.839,2026-05-28 14:45:41.903,22.6613620,114.5003530,82.4,0.2,-1.43,167.3,29.1,19.9,0.1,6170.14,10.0,2.0,2.5,NR5G-SA,n79,-79,-79,-10,22,-999,9.3
2026-05-28 14:39:34.039,2026-05-28 14:45:42.103,22.6613624,114.5003527,82.1,0.2,-1.44,168.0,29.1,19.9,0.2,6170.19,10.0,2.0,2.5,NR5G-SA,n79,-83,-83,-10,20,-999,5.0
2026-05-28 14:39:34.240,2026-05-28 14:45:42.303,22.6613628,114.5003524,81.7,0.2,-1.53,168.4,29.1,19.9,0.2,6170.24,10.0,2.0,2.5,NR5G-SA,n79,-83,-83,-10,20,-999,4.9
2026-05-28 14:39:34.440,2026-05-28 14:45:42.503,22.6613629,114.5003523,81.3,0.0,-1.53,168.8,29.1,18.9,0.2,6170.26,10.0,2.0,2.5,NR5G-SA,n79,-83,-83,-10,20,-999,6.4
2026-05-28 14:39:34.640,2026-05-28 14:45:42.503,22.6613629,114.5003523,80.9,0.0,-1.53,169.2,29.1,18.9,0.2,6170.26,10.0,2.0,2.5,NR5G-SA,n79,-83,-83,-10,19,-999,10.8
2026-05-28 14:39:34.841,2026-05-28 14:45:42.903,22.6613629,114.5003523,80.9,0.0,-1.53,169.2,33.9,18.9,0.2,6170.26,10.0,2.0,2.5,NR5G-SA,n79,-83,-83,-10,19,-999,10.4
2026-05-28 14:39:35.041,2026-05-28 14:45:43.103,22.6613626,114.5003524,80.5,0.0,-1.50,169.3,33.9,18.9,0.2,6170.29,10.0,2.0,2.5,NR5G-SA,n79,-83,-83,-10,19,-999,5.3
2026-05-28 14:39:35.242,2026-05-28 14:45:43.303,22.6613624,114.5003525,80.1,0.1,-1.53,169.4,33.9,18.9,0.2,6170.32,10.0,2.0,2.5,NR5G-SA,n79,-83,-83,-10,19,-999,5.8
2026-05-28 14:39:35.442,2026-05-28 14:45:43.503,22.6613622,114.5003525,79.8,0.1,-1.53,169.4,33.9,19.1,0.2,6170.34,10.0,2.0,2.5,NR5G-SA,n79,-83,-83,-10,19,-999,6.7
2026-05-28 14:39:35.642,2026-05-28 14:45:43.503,22.6613621,114.5003527,79.4,0.1,-1.57,169.3,33.9,19.1,0.1,6170.36,10.0,2.0,2.5,NR5G-SA,n79,-83,-83,-10,19,-999,9.2
2026-05-28 14:39:35.843,2026-05-28 14:45:43.903,22.6613621,114.5003527,79.4,0.1,-1.57,169.3,38.0,19.1,0.1,6170.36,10.0,2.0,2.5,NR5G-SA,n79,-83,-83,-10,19,-999,8.3
2026-05-28 14:39:36.043,2026-05-28 14:45:44.103,22.6613620,114.5003529,79.0,0.1,-1.55,169.2,38.0,19.1,0.1,6170.39,10.0,2.0,2.5,NR5G-SA,n79,-83,-83,-10,20,-999,5.6
2026-05-28 14:39:36.243,2026-05-28 14:45:44.303,22.6613619,114.5003531,78.6,0.1,-1.52,169.2,38.0,19.1,0.1,6170.41,10.0,2.0,2.5,NR5G-SA,n79,-83,-83,-10,20,-999,6.0
2026-05-28 14:39:36.444,2026-05-28 14:45:44.503,22.6613618,114.5003531,78.2,0.1,-1.51,169.1,38.0,19.1,0.1,6170.42,10.0,2.0,2.5,NR5G-SA,n79,-83,-83,-10,20,-999,5.7
2026-05-28 14:39:36.644,2026-05-28 14:45:44.503,22.6613616,114.5003532,77.9,0.1,-1.53,168.9,38.0,19.1,0.1,6170.45,10.0,2.0,2.5,NR5G-SA,n79,-83,-83,-10,20,-999,8.1
2026-05-28 14:39:36.845,2026-05-28 14:45:44.903,22.6613616,114.5003532,77.9,0.1,-1.53,168.9,23.0,19.1,0.1,6170.45,10.0,2.0,2.5,NR5G-SA,n79,-83,-83,-10,20,-999,9.4
2026-05-28 14:39:37.045,2026-05-28 14:45:45.103,22.6613615,114.5003533,77.5,0.1,-1.50,168.8,23.0,19.1,0.0,6170.46,10.0,2.0,2.5,NR5G-SA,n79,-83,-83,-10,20,-999,4.9
2026-05-28 14:39:37.246,2026-05-28 14:45:45.303,22.6613615,114.5003535,77.1,0.1,-1.50,168.7,23.0,19.1,0.0,6170.48,10.0,2.0,2.5,NR5G-SA,n79,-83,-83,-10,20,-999,5.7
2026-05-28 14:39:37.446,2026-05-28 14:45:45.503,22.6613614,114.5003536,76.7,0.1,-1.46,168.7,23.0,18.0,0.0,6170.50,10.0,2.0,2.5,NR5G-SA,n79,-83,-83,-10,19,-999,4.9
2026-05-28 14:39:37.647,2026-05-28 14:45:45.503,22.6613615,114.5003538,76.4,0.1,-1.48,168.5,23.0,18.0,0.0,6170.52,10.0,2.0,2.5,NR5G-SA,n79,-83,-83,-10,19,-999,8.0
2026-05-28 14:39:37.847,2026-05-28 14:45:45.903,22.6613615,114.5003538,76.4,0.1,-1.48,168.5,0.0,18.0,0.0,6170.52,10.0,2.0,2.5,NR5G-SA,n79,-83,-83,-10,19,-999,9.0
2026-05-28 14:39:38.048,2026-05-28 14:45:46.103,22.6613615,114.5003538,76.0,0.0,-1.51,168.3,0.0,18.0,0.0,6170.52,10.0,2.0,2.5,NR5G-SA,n79,-83,-83,-10,30,-999,5.5
2026-05-28 14:39:38.248,2026-05-28 14:45:46.303,22.6613616,114.5003539,75.6,0.0,-1.53,168.2,0.0,18.0,0.0,6170.54,10.0,2.0,2.5,NR5G-SA,n79,-83,-83,-10,30,-999,5.3
2026-05-28 14:39:38.448,2026-05-28 14:45:46.503,22.6613616,114.5003538,75.2,0.0,-1.48,168.1,0.0,17.3,0.0,6170.55,10.0,2.0,2.5,NR5G-SA,n79,-83,-83,-10,30,-999,4.1
2026-05-28 14:39:38.649,2026-05-28 14:45:46.503,22.6613616,114.5003538,74.9,0.0,-1.51,168.1,0.0,17.3,0.0,6170.55,10.0,2.0,2.5,NR5G-SA,n79,-85,-85,-10,30,-999,8.0
2026-05-28 14:39:38.849,2026-05-28 14:45:46.903,22.6613616,114.5003538,74.9,0.0,-1.51,168.1,8.1,17.3,0.0,6170.55,10.0,2.0,2.5,NR5G-SA,n79,-85,-85,-10,30,-999,11.0
2026-05-28 14:39:39.049,2026-05-28 14:45:47.103,22.6613617,114.5003538,74.5,0.0,-1.47,168.0,8.1,17.3,0.0,6170.56,10.0,2.0,2.5,NR5G-SA,n79,-85,-85,-10,30,-999,5.5
2026-05-28 14:39:39.250,2026-05-28 14:45:47.303,22.6613617,114.5003538,74.1,0.0,-1.51,168.0,8.1,17.3,0.0,6170.56,10.0,2.0,2.5,NR5G-SA,n79,-85,-85,-10,30,-999,6.5
2026-05-28 14:39:39.450,2026-05-28 14:45:47.503,22.6613618,114.5003539,73.7,0.0,-1.54,167.8,8.1,17.9,0.1,6170.57,10.0,2.0,2.5,NR5G-SA,n79,-85,-85,-10,30,-999,4.7
2026-05-28 14:39:39.651,2026-05-28 14:45:47.503,22.6613617,114.5003539,73.4,0.0,-1.52,167.7,8.1,17.9,0.1,6170.58,10.0,2.0,2.5,NR5G-SA,n79,-85,-85,-10,29,-999,9.4
2026-05-28 14:39:39.851,2026-05-28 14:45:47.903,22.6613617,114.5003539,73.4,0.0,-1.52,167.7,0.0,17.9,0.1,6170.58,10.0,2.0,2.5,NR5G-SA,n79,-85,-85,-10,29,-999,11.4
2026-05-28 14:39:40.051,2026-05-28 14:45:48.103,22.6613616,114.5003538,73.0,0.0,-1.48,167.8,0.0,17.9,0.0,6170.60,10.0,2.0,2.5,NR5G-SA,n79,-85,-85,-10,29,-999,6.3
2026-05-28 14:39:40.252,2026-05-28 14:45:48.303,22.6613616,114.5003538,72.6,0.1,-1.50,167.9,0.0,17.9,0.0,6170.60,10.0,2.0,2.5,NR5G-SA,n79,-87,-87,-10,16,-999,6.1
2026-05-28 14:39:40.452,2026-05-28 14:45:48.503,22.6613615,114.5003537,72.2,0.0,-1.49,167.9,0.0,18.0,0.0,6170.61,10.0,2.0,2.5,NR5G-SA,n79,-87,-87,-10,16,-999,6.6
2026-05-28 14:39:40.653,2026-05-28 14:45:48.503,22.6613614,114.5003537,71.9,0.0,-1.53,167.8,0.0,18.0,0.0,6170.63,10.0,2.0,2.5,NR5G-SA,n79,-87,-87,-10,16,-999,8.5
2026-05-28 14:39:40.853,2026-05-28 14:45:48.903,22.6613614,114.5003537,71.9,0.0,-1.53,167.8,8.9,18.0,0.0,6170.63,10.0,2.0,2.5,NR5G-SA,n79,-87,-87,-10,17,-999,10.7
2026-05-28 14:39:41.053,2026-05-28 14:45:49.103,22.6613613,114.5003536,71.5,0.1,-1.49,167.8,8.9,18.0,0.0,6170.64,10.0,2.0,2.5,NR5G-SA,n79,-87,-87,-10,17,-999,6.4
2026-05-28 14:39:41.254,2026-05-28 14:45:49.303,22.6613614,114.5003535,71.1,0.0,-1.53,167.8,8.9,18.0,0.0,6170.66,10.0,2.0,2.5,NR5G-SA,n79,-44,-44,-10,17,-999,6.0
2026-05-28 14:39:41.454,2026-05-28 14:45:49.503,22.6613615,114.5003535,70.7,0.0,-1.54,167.8,8.9,19.6,0.0,6170.67,10.0,2.0,2.5,NR5G-SA,n79,-44,-44,-10,17,-999,6.0
2026-05-28 14:39:41.654,2026-05-28 14:45:49.503,22.6613615,114.5003535,70.4,0.1,-1.53,167.8,8.9,19.6,0.0,6170.67,10.0,2.0,2.5,NR5G-SA,n79,-44,-44,-10,17,-999,9.7
2026-05-28 14:39:41.855,2026-05-28 14:45:49.903,22.6613615,114.5003535,70.4,0.1,-1.53,167.8,0.0,19.6,0.0,6170.67,10.0,2.0,2.5,NR5G-SA,n79,-44,-44,-10,18,-999,9.7
2026-05-28 14:39:42.055,2026-05-28 14:45:50.103,22.6613615,114.5003535,70.0,0.1,-1.49,167.8,0.0,19.6,0.0,6170.67,10.0,2.0,2.5,NR5G-SA,n79,-44,-44,-10,18,-999,4.2
2026-05-28 14:39:42.255,2026-05-28 14:45:50.303,22.6613614,114.5003535,69.6,0.1,-1.47,167.8,0.0,19.6,0.0,6170.68,10.0,2.0,2.5,NR5G-SA,n79,-44,-44,-10,18,-999,6.5
2026-05-28 14:39:42.456,2026-05-28 14:45:50.503,22.6613612,114.5003535,69.2,0.0,-1.50,167.8,0.0,19.6,0.0,6170.70,10.0,2.0,2.5,NR5G-SA,n79,-44,-44,-10,20,-999,7.1
2026-05-28 14:39:42.656,2026-05-28 14:45:50.903,22.6613612,114.5003536,68.9,0.0,-1.49,167.9,0.0,21.2,0.0,6170.71,10.0,2.0,2.5,NR5G-SA,n79,-44,-44,-10,20,-999,6.6
2026-05-28 14:39:42.856,2026-05-28 14:45:50.903,22.6613612,114.5003536,68.9,0.0,-1.49,167.9,22.9,21.2,0.0,6170.71,10.0,2.0,2.5,NR5G-SA,n79,-44,-44,-10,20,-999,12.4
2026-05-28 14:39:43.057,2026-05-28 14:45:51.103,22.6613612,114.5003537,68.5,0.0,-1.45,167.9,22.9,21.2,0.0,6170.72,10.0,2.0,2.5,NR5G-SA,n79,-44,-44,-10,21,-999,5.8
2026-05-28 14:39:43.257,2026-05-28 14:45:51.303,22.6613613,114.5003537,68.1,0.0,-1.53,168.0,22.9,21.2,0.0,6170.73,10.0,2.0,2.5,NR5G-SA,n79,-44,-44,-10,21,-999,5.7
2026-05-28 14:39:43.457,2026-05-28 14:45:51.503,22.6613613,114.5003538,67.7,0.0,-1.52,168.0,22.9,21.2,0.0,6170.74,10.0,2.0,2.5,NR5G-SA,n79,-44,-44,-10,22,-999,5.4
2026-05-28 14:39:43.658,2026-05-28 14:45:51.503,22.6613613,114.5003538,67.3,0.0,-1.49,167.9,22.9,22.2,0.0,6170.74,10.0,2.0,2.5,NR5G-SA,n79,-44,-44,-10,22,-999,9.4
2026-05-28 14:39:43.858,2026-05-28 14:45:51.903,22.6613613,114.5003538,67.3,0.0,-1.49,167.9,39.1,22.2,0.0,6170.74,10.0,2.0,2.5,NR5G-SA,n79,-44,-44,-10,22,-999,10.0
2026-05-28 14:39:44.059,2026-05-28 14:45:52.103,22.6613613,114.5003538,67.0,0.1,-1.53,167.9,39.1,22.2,0.0,6170.74,10.0,2.0,2.5,NR5G-SA,n79,-44,-44,-10,24,-999,9.1
2026-05-28 14:39:44.259,2026-05-28 14:45:52.303,22.6613612,114.5003538,66.6,0.1,-1.53,167.9,39.1,22.2,0.0,6170.75,10.0,2.0,2.5,NR5G-SA,n79,-44,-44,-10,24,-999,7.6
2026-05-28 14:39:44.460,2026-05-28 14:45:52.503,22.6613611,114.5003537,66.2,0.1,-1.53,168.0,39.1,22.2,0.0,6170.77,10.0,2.0,2.5,NR5G-SA,n79,-44,-44,-10,24,-999,7.1
2026-05-28 14:39:44.660,2026-05-28 14:45:52.503,22.6613610,114.5003537,65.9,0.0,-1.48,168.0,39.1,22.7,0.0,6170.78,10.0,2.0,2.5,NR5G-SA,n79,-44,-44,-10,24,-999,7.4
2026-05-28 14:39:44.861,2026-05-28 14:45:52.903,22.6613610,114.5003537,65.5,0.0,-1.47,167.9,34.6,22.7,0.0,6170.78,10.0,2.0,2.5,NR5G-SA,n79,-44,-44,-10,24,-999,8.9
2026-05-28 14:39:45.061,2026-05-28 14:45:53.103,22.6613610,114.5003537,65.5,0.0,-1.47,167.9,34.6,22.7,0.0,6170.78,10.0,2.0,2.5,NR5G-SA,n79,-44,-44,-10,24,-999,8.7
2026-05-28 14:39:45.261,2026-05-28 14:45:53.303,22.6613610,114.5003537,65.1,0.0,-1.52,167.8,34.6,22.7,0.0,6170.78,10.0,2.0,2.5,NR5G-SA,n79,-44,-44,-10,24,-999,5.3
2026-05-28 14:39:45.462,2026-05-28 14:45:53.503,22.6613609,114.5003537,64.7,0.0,-1.54,167.7,34.6,22.7,0.0,6170.79,10.0,2.0,2.5,NR5G-SA,n79,-44,-44,-10,24,-999,5.3
2026-05-28 14:39:45.662,2026-05-28 14:45:53.503,22.6613609,114.5003536,64.4,0.0,-1.54,167.7,34.6,21.4,0.0,6170.80,10.0,2.0,2.5,NR5G-SA,n79,-44,-44,-10,25,-999,9.7
2026-05-28 14:39:45.862,2026-05-28 14:45:53.903,22.6613608,114.5003536,64.0,0.0,-1.47,167.7,28.2,21.4,0.1,6170.81,10.0,2.0,2.5,NR5G-SA,n79,-44,-44,-10,25,-999,9.1
2026-05-28 14:39:46.063,2026-05-28 14:45:54.103,22.6613608,114.5003536,64.0,0.0,-1.47,167.7,28.2,21.4,0.1,6170.81,10.0,2.0,2.5,NR5G-SA,n79,-44,-44,-10,25,-999,10.0
2026-05-28 14:39:46.263,2026-05-28 14:45:54.303,22.6613608,114.5003536,63.6,0.1,-1.46,167.5,28.2,21.4,0.1,6170.81,10.0,2.0,2.5,NR5G-SA,n79,-44,-44,-10,25,-999,7.4
2026-05-28 14:39:46.463,2026-05-28 14:45:54.503,22.6613608,114.5003536,63.2,0.0,-1.51,167.3,28.2,21.4,0.1,6170.81,10.0,2.0,2.5,NR5G-SA,n79,-44,-44,-10,25,-999,6.2
2026-05-28 14:39:46.664,2026-05-28 14:45:54.903,22.6613609,114.5003536,62.8,0.0,-1.53,167.0,28.2,20.0,0.0,6170.82,10.0,2.0,2.5,NR5G-SA,n79,-44,-44,-10,25,-999,8.8
2026-05-28 14:39:46.864,2026-05-28 14:45:54.903,22.6613609,114.5003536,62.5,0.0,-1.53,166.9,41.3,20.0,0.0,6170.82,10.0,2.0,2.5,NR5G-SA,n79,-44,-44,-10,25,-999,12.3
2026-05-28 14:39:47.065,2026-05-28 14:45:55.103,22.6613609,114.5003536,62.5,0.0,-1.50,166.9,41.3,20.0,0.0,6170.82,10.0,2.0,2.5,NR5G-SA,n79,-44,-44,-10,25,-999,10.5
2026-05-28 14:39:47.265,2026-05-28 14:45:55.303,22.6613610,114.5003536,62.1,0.0,-1.47,166.9,41.3,20.0,0.0,6170.83,10.0,2.0,2.5,NR5G-SA,n79,-44,-44,-10,25,-999,9.7
2026-05-28 14:39:47.466,2026-05-28 14:45:55.503,22.6613611,114.5003536,61.7,0.1,-1.49,166.8,41.3,20.0,0.0,6170.85,10.0,2.0,2.5,NR5G-SA,n79,-44,-44,-10,26,-999,5.6
2026-05-28 14:39:47.666,2026-05-28 14:45:55.503,22.6613612,114.5003536,61.3,0.0,-1.50,166.6,41.3,18.5,0.0,6170.86,10.0,2.0,2.5,NR5G-SA,n79,-44,-44,-10,26,-999,7.8
2026-05-28 14:39:47.867,2026-05-28 14:45:55.903,22.6613612,114.5003537,61.0,0.0,-1.50,166.4,16.1,18.5,0.0,6170.87,10.0,2.0,2.5,NR5G-SA,n79,-44,-44,-10,26,-999,8.4
2026-05-28 14:39:48.067,2026-05-28 14:45:56.103,22.6613612,114.5003537,61.0,0.0,-1.50,166.4,16.1,18.5,0.0,6170.87,10.0,2.0,2.5,NR5G-SA,n79,-44,-44,-10,26,-999,6.8
2026-05-28 14:39:48.267,2026-05-28 14:45:56.303,22.6613611,114.5003537,60.6,0.0,-1.50,166.3,16.1,18.5,0.0,6170.88,10.0,2.0,2.5,NR5G-SA,n79,-44,-44,-10,26,-999,7.9
2026-05-28 14:39:48.468,2026-05-28 14:45:56.503,22.6613612,114.5003537,60.2,0.0,-1.44,166.2,16.1,18.5,0.0,6170.89,10.0,2.0,2.5,NR5G-SA,n79,-44,-44,-10,24,-999,5.3
2026-05-28 14:39:48.668,2026-05-28 14:45:56.903,22.6613612,114.5003537,59.8,0.0,-1.52,166.1,16.1,17.1,0.0,6170.89,10.0,2.0,2.5,NR5G-SA,n79,-44,-44,-10,24,-999,9.3
2026-05-28 14:39:48.868,2026-05-28 14:45:56.903,22.6613612,114.5003537,59.5,0.1,-1.47,166.0,0.0,17.1,0.0,6170.89,10.0,2.0,2.5,NR5G-SA,n79,-44,-44,-10,24,-999,9.3
2026-05-28 14:39:49.069,2026-05-28 14:45:57.103,22.6613612,114.5003537,59.5,0.1,-1.47,166.0,0.0,17.1,0.0,6170.89,10.0,2.0,2.5,NR5G-SA,n79,-44,-44,-10,23,-999,11.1
2026-05-28 14:39:49.269,2026-05-28 14:45:57.303,22.6613614,114.5003535,59.1,0.1,-1.49,166.0,0.0,17.1,0.0,6170.92,10.0,2.0,2.5,NR5G-SA,n79,-44,-44,-10,23,-999,7.0
2026-05-28 14:39:49.470,2026-05-28 14:45:57.503,22.6613615,114.5003533,58.7,0.0,-1.53,165.8,0.0,17.1,0.0,6170.94,10.0,2.0,2.5,NR5G-SA,n79,-44,-44,-10,23,-999,5.1
2026-05-28 14:39:49.670,2026-05-28 14:45:57.903,22.6613616,114.5003532,58.3,0.0,-1.49,165.5,0.0,16.2,0.1,6170.96,10.0,2.0,2.5,NR5G-SA,n79,-44,-44,-10,24,-999,7.3
2026-05-28 14:39:49.870,2026-05-28 14:45:57.903,22.6613616,114.5003533,58.0,0.1,-1.49,165.3,0.8,16.2,0.0,6170.97,10.0,2.0,2.5,NR5G-SA,n79,-44,-44,-10,24,-999,9.7
2026-05-28 14:39:50.071,2026-05-28 14:45:58.103,22.6613616,114.5003533,58.0,0.1,-1.49,165.3,0.8,16.2,0.0,6170.97,10.0,2.0,2.5,NR5G-SA,n79,-44,-44,-10,24,-999,8.2
2026-05-28 14:39:50.271,2026-05-28 14:45:58.303,22.6613615,114.5003533,57.6,0.0,-1.48,165.1,0.8,16.2,0.0,6170.98,10.0,2.0,2.5,NR5G-SA,n79,-44,-44,-10,24,-999,8.9
2026-05-28 14:39:50.472,2026-05-28 14:45:58.503,22.6613615,114.5003533,57.2,0.0,-1.48,164.9,0.8,16.2,0.0,6170.98,10.0,2.0,2.5,NR5G-SA,n79,-44,-44,-10,24,-999,6.1
2026-05-28 14:39:50.672,2026-05-28 14:45:58.903,22.6613615,114.5003533,56.8,0.0,-1.47,164.7,0.8,17.2,0.0,6170.98,10.0,2.0,2.5,NR5G-SA,n79,-44,-44,-10,24,-999,7.1
2026-05-28 14:39:50.872,2026-05-28 14:45:58.903,22.6613616,114.5003532,56.5,0.0,-1.47,164.8,0.0,17.2,0.1,6170.99,10.0,2.0,2.5,NR5G-SA,n79,-44,-44,-10,24,-999,10.6
2026-05-28 14:39:51.073,2026-05-28 14:45:59.103,22.6613616,114.5003532,56.5,0.1,-1.47,164.8,0.0,17.2,0.1,6170.99,10.0,2.0,2.5,NR5G-SA,n79,-44,-44,-10,24,-999,9.8
2026-05-28 14:39:51.273,2026-05-28 14:45:59.303,22.6613617,114.5003532,56.1,0.1,-1.54,164.7,0.0,17.2,0.1,6171.01,10.0,2.0,2.5,NR5G-SA,n79,-44,-44,-10,24,-999,8.4
2026-05-28 14:39:51.473,2026-05-28 14:45:59.503,22.6613618,114.5003533,55.7,0.1,-1.52,164.5,0.0,17.2,0.1,6171.02,10.0,2.0,2.5,NR5G-SA,n79,-44,-44,-10,24,-999,5.7
2026-05-28 14:39:51.674,2026-05-28 14:45:59.903,22.6613617,114.5003533,55.3,0.1,-1.46,164.4,0.0,17.9,0.1,6171.03,10.0,2.0,2.5,NR5G-SA,n79,-44,-44,-10,24,-999,7.0
2026-05-28 14:39:51.874,2026-05-28 14:45:59.903,22.6613616,114.5003536,54.9,0.1,-1.51,164.3,18.1,17.9,0.0,6171.06,10.0,2.0,2.5,NR5G-SA,n79,-44,-44,-10,25,-999,8.6
2026-05-28 14:39:52.075,2026-05-28 14:46:00.103,22.6613616,114.5003536,54.9,0.1,-1.51,164.3,18.1,17.9,0.0,6171.06,10.0,2.0,2.5,NR5G-SA,n79,-44,-44,-10,25,-999,9.5
2026-05-28 14:39:52.275,2026-05-28 14:46:00.303,22.6613614,114.5003537,54.6,0.1,-1.48,164.3,18.1,17.9,0.0,6171.09,10.0,2.0,2.5,NR5G-SA,n79,-44,-44,-10,24,-999,9.3
2026-05-28 14:39:52.475,2026-05-28 14:46:00.503,22.6613612,114.5003539,54.2,0.1,-1.47,164.4,18.1,17.9,0.0,6171.12,10.0,2.0,2.5,NR5G-SA,n79,-44,-44,-10,24,-999,6.4
2026-05-28 14:39:52.676,2026-05-28 14:46:00.503,22.6613611,114.5003539,53.8,0.1,-1.49,164.4,18.1,17.9,0.0,6171.13,10.0,2.0,2.5,NR5G-SA,n79,-44,-44,-10,24,-999,8.7
2026-05-28 14:39:52.876,2026-05-28 14:46:00.903,22.6613611,114.5003539,53.5,0.0,-1.45,164.5,41.4,18.0,0.0,6171.13,10.0,2.0,2.5,NR5G-SA,n79,-44,-44,-10,25,-999,7.8
2026-05-28 14:39:53.077,2026-05-28 14:46:01.103,22.6613611,114.5003539,53.5,0.0,-1.45,164.5,41.4,18.0,0.0,6171.13,10.0,2.0,2.5,NR5G-SA,n79,-44,-44,-10,25,-999,10.5
2026-05-28 14:39:53.277,2026-05-28 14:46:01.303,22.6613612,114.5003539,53.1,0.0,-1.49,164.5,41.4,18.0,0.0,6171.14,10.0,2.0,2.5,NR5G-SA,n79,-44,-44,-10,25,-999,7.6
2026-05-28 14:39:53.477,2026-05-28 14:46:01.503,22.6613614,114.5003540,52.7,0.0,-1.47,164.4,41.4,18.0,0.0,6171.17,10.0,2.0,2.5,NR5G-SA,n79,-44,-44,-10,26,-999,6.2
2026-05-28 14:39:53.677,2026-05-28 14:46:01.503,22.6613614,114.5003540,52.3,0.0,-1.48,164.4,41.4,18.0,0.0,6171.17,10.0,2.0,2.5,NR5G-SA,n79,-44,-44,-10,26,-999,9.4
2026-05-28 14:39:53.878,2026-05-28 14:46:01.903,22.6613614,114.5003540,52.0,0.0,-1.49,164.4,29.7,19.5,0.0,6171.17,10.0,2.0,2.5,NR5G-SA,n79,-44,-44,-10,26,-999,7.5
2026-05-28 14:39:54.078,2026-05-28 14:46:02.103,22.6613614,114.5003540,52.0,0.0,-1.49,164.4,29.7,19.5,0.0,6171.17,10.0,2.0,2.5,NR5G-SA,n79,-44,-44,-10,26,-999,10.3
2026-05-28 14:39:54.278,2026-05-28 14:46:02.303,22.6613614,114.5003540,51.6,0.1,-1.48,164.5,29.7,19.5,0.0,6171.17,10.0,2.0,2.5,NR5G-SA,n79,-44,-44,-10,26,-999,6.9
2026-05-28 14:39:54.478,2026-05-28 14:46:02.503,22.6613614,114.5003540,51.2,0.0,-1.44,164.6,29.7,19.5,0.0,6171.17,10.0,2.0,2.5,NR5G-SA,n79,-44,-44,-10,26,-999,5.6
2026-05-28 14:39:54.679,2026-05-28 14:46:02.903,22.6613614,114.5003540,50.8,0.0,-1.51,164.7,29.7,19.5,0.0,6171.17,10.0,2.0,2.5,NR5G-SA,n79,-44,-44,-10,26,-999,6.7
2026-05-28 14:39:54.879,2026-05-28 14:46:02.903,22.6613614,114.5003540,50.5,0.1,-1.52,164.8,33.0,19.9,0.0,6171.17,10.0,2.0,2.5,NR5G-SA,n79,-44,-44,-10,26,-999,6.6
2026-05-28 14:39:55.080,2026-05-28 14:46:03.103,22.6613614,114.5003540,50.5,0.1,-1.52,164.8,33.0,19.9,0.0,6171.17,10.0,2.0,2.5,NR5G-SA,n79,-44,-44,-10,26,-999,10.6
2026-05-28 14:39:55.280,2026-05-28 14:46:03.303,22.6613614,114.5003539,50.1,0.1,-1.53,164.8,33.0,19.9,0.0,6171.18,10.0,2.0,2.5,NR5G-SA,n79,-44,-44,-10,26,-999,10.5
2026-05-28 14:39:55.480,2026-05-28 14:46:03.503,22.6613613,114.5003538,49.7,0.1,-1.48,165.0,33.0,19.9,0.0,6171.19,10.0,2.0,2.5,NR5G-SA,n79,-44,-44,-10,26,-999,7.5
2026-05-28 14:39:55.681,2026-05-28 14:46:03.903,22.6613613,114.5003537,49.4,0.0,-1.48,165.0,33.0,19.9,0.0,6171.20,10.0,2.0,2.5,NR5G-SA,n79,-44,-44,-10,26,-999,8.9
2026-05-28 14:39:55.881,2026-05-28 14:46:03.903,22.6613612,114.5003537,49.0,0.0,-1.44,165.0,38.4,18.8,0.0,6171.21,10.0,2.0,2.5,NR5G-SA,n79,-44,-44,-10,26,-999,7.0
2026-05-28 14:39:56.082,2026-05-28 14:46:04.103,22.6613612,114.5003537,49.0,0.0,-1.44,165.0,38.4,18.8,0.0,6171.21,10.0,2.0,2.5,NR5G-SA,n79,-44,-44,-10,26,-999,10.0
2026-05-28 14:39:56.282,2026-05-28 14:46:04.303,22.6613613,114.5003536,48.6,0.0,-1.51,165.0,38.4,18.8,0.0,6171.23,10.0,2.0,2.5,NR5G-SA,n79,-44,-44,-10,27,-999,12.8
2026-05-28 14:39:56.482,2026-05-28 14:46:04.503,22.6613612,114.5003535,48.2,0.0,-1.54,165.1,38.4,18.8,0.0,6171.24,10.0,2.0,2.5,NR5G-SA,n79,-44,-44,-10,27,-999,7.3
2026-05-28 14:39:56.683,2026-05-28 14:46:04.903,22.6613612,114.5003535,47.9,0.0,-1.51,165.2,38.4,18.8,0.0,6171.24,10.0,2.0,2.5,NR5G-SA,n79,-44,-44,-10,27,-999,6.9
2026-05-28 14:39:56.883,2026-05-28 14:46:04.903,22.6613612,114.5003535,47.5,0.1,-1.50,165.2,23.0,17.9,0.0,6171.24,10.0,2.0,2.5,NR5G-SA,n79,-44,-44,-10,27,-999,6.1
2026-05-28 14:39:57.084,2026-05-28 14:46:05.103,22.6613612,114.5003535,47.5,0.1,-1.50,165.2,23.0,17.9,0.0,6171.24,10.0,2.0,2.5,NR5G-SA,n79,-44,-44,-10,27,-999,13.9
2026-05-28 14:39:57.284,2026-05-28 14:46:05.303,22.6613612,114.5003535,47.1,0.0,-1.51,165.2,23.0,17.9,0.0,6171.24,10.0,2.0,2.5,NR5G-SA,n79,-44,-44,-10,28,-999,9.6
2026-05-28 14:39:57.484,2026-05-28 14:46:05.503,22.6613612,114.5003534,46.8,0.1,-1.54,165.2,23.0,17.9,0.0,6171.25,10.0,2.0,2.5,NR5G-SA,n79,-44,-44,-10,28,-999,6.7
2026-05-28 14:39:57.685,2026-05-28 14:46:05.903,22.6613611,114.5003534,46.4,0.0,-1.54,165.2,23.0,17.9,0.0,6171.26,10.0,2.0,2.5,NR5G-SA,n79,-44,-44,-10,28,-999,7.4
2026-05-28 14:39:57.885,2026-05-28 14:46:05.903,22.6613611,114.5003534,46.0,0.0,-1.50,165.3,0.0,19.0,0.0,6171.26,10.0,2.0,2.5,NR5G-SA,n79,-44,-44,-10,28,-999,7.2
2026-05-28 14:39:58.086,2026-05-28 14:46:06.103,22.6613611,114.5003534,46.0,0.0,-1.50,165.3,0.0,19.0,0.0,6171.26,10.0,2.0,2.5,NR5G-SA,n79,-44,-44,-10,28,-999,13.9
2026-05-28 14:39:58.286,2026-05-28 14:46:06.303,22.6613611,114.5003535,45.6,0.1,-1.55,165.4,0.0,19.0,0.0,6171.27,10.0,2.0,2.5,NR5G-SA,n79,-44,-44,-10,28,-999,9.2
2026-05-28 14:39:58.486,2026-05-28 14:46:06.503,22.6613611,114.5003535,45.2,0.1,-1.54,165.5,0.0,19.0,0.0,6171.27,10.0,2.0,2.5,NR5G-SA,n79,-44,-44,-10,26,-999,8.0
2026-05-28 14:39:58.687,2026-05-28 14:46:06.903,22.6613611,114.5003537,44.9,0.1,-1.50,165.5,0.0,19.0,0.0,6171.30,10.0,2.0,2.5,NR5G-SA,n79,-44,-44,-10,26,-999,6.0
2026-05-28 14:39:58.887,2026-05-28 14:46:06.903,22.6613611,114.5003538,44.5,0.1,-1.51,165.5,8.3,17.5,0.0,6171.31,10.0,2.0,2.5,NR5G-SA,n79,-44,-44,-10,26,-999,6.7
2026-05-28 14:39:59.088,2026-05-28 14:46:07.103,22.6613611,114.5003538,44.5,0.1,-1.51,165.5,8.3,17.5,0.0,6171.31,10.0,2.0,2.5,NR5G-SA,n79,-44,-44,-10,25,-999,10.5
2026-05-28 14:39:59.288,2026-05-28 14:46:07.303,22.6613612,114.5003539,44.1,0.1,-1.45,165.4,8.3,17.5,0.0,6171.32,10.0,2.0,2.5,NR5G-SA,n79,-44,-44,-10,25,-999,8.3
2026-05-28 14:39:59.488,2026-05-28 14:46:07.503,22.6613613,114.5003539,43.8,0.0,-1.51,165.4,8.3,17.5,0.0,6171.33,10.0,2.0,2.5,NR5G-SA,n79,-44,-44,-10,23,-999,5.9
2026-05-28 14:39:59.689,2026-05-28 14:46:07.903,22.6613612,114.5003538,43.4,0.0,-1.54,165.3,8.3,17.5,0.0,6171.35,10.0,2.0,2.5,NR5G-SA,n79,-44,-44,-10,23,-999,6.7
2026-05-28 14:39:59.889,2026-05-28 14:46:07.903,22.6613612,114.5003538,43.0,0.1,-1.57,165.4,0.0,17.0,0.0,6171.35,10.0,2.0,2.5,NR5G-SA,n79,-44,-44,-10,23,-999,7.5
2026-05-28 14:40:00.089,2026-05-28 14:46:08.103,22.6613612,114.5003538,43.0,0.1,-1.57,165.4,0.0,17.0,0.0,6171.35,10.0,2.0,2.5,NR5G-SA,n79,-44,-44,-10,22,-999,6.6
2026-05-28 14:40:00.290,2026-05-28 14:46:08.303,22.6613612,114.5003538,42.6,0.0,-1.58,165.5,0.0,17.0,0.0,6171.35,10.0,2.0,2.5,NR5G-SA,n79,-44,-44,-10,22,-999,5.5
2026-05-28 14:40:00.490,2026-05-28 14:46:08.503,22.6613611,114.5003537,42.2,0.0,-1.57,165.5,0.0,17.0,0.0,6171.36,10.0,2.0,2.5,NR5G-SA,n79,-44,-44,-10,22,-999,5.7
2026-05-28 14:40:00.691,2026-05-28 14:46:08.903,22.6613611,114.5003536,41.9,0.1,-1.53,165.6,0.0,17.0,0.0,6171.37,10.0,2.0,2.5,NR5G-SA,n79,-44,-44,-10,23,-999,6.0
2026-05-28 14:40:00.891,2026-05-28 14:46:08.903,22.6613611,114.5003534,41.5,0.1,-1.50,165.7,8.9,17.3,0.0,6171.39,10.0,2.0,2.5,NR5G-SA,n79,-44,-44,-10,23,-999,10.3
2026-05-28 14:40:01.092,2026-05-28 14:46:09.103,22.6613611,114.5003534,41.5,0.1,-1.50,165.7,8.9,17.3,0.0,6171.39,10.0,2.0,2.5,NR5G-SA,n79,-44,-44,-10,23,-999,13.6
2026-05-28 14:40:01.292,2026-05-28 14:46:09.303,22.6613611,114.5003532,41.1,0.0,-1.54,165.9,8.9,17.3,0.0,6171.41,10.0,2.0,2.5,NR5G-SA,n79,-44,-44,-10,22,-999,7.7
2026-05-28 14:40:01.492,2026-05-28 14:46:09.503,22.6613612,114.5003532,40.7,0.0,-1.51,166.1,8.9,17.3,0.0,6171.42,10.0,2.0,2.5,NR5G-SA,n79,-44,-44,-10,22,-999,5.6
2026-05-28 14:40:01.693,2026-05-28 14:46:09.903,22.6613613,114.5003533,40.4,0.0,-1.50,166.2,8.9,17.3,0.0,6171.44,10.0,2.0,2.5,NR5G-SA,n79,-44,-44,-10,22,-999,5.6
2026-05-28 14:40:01.893,2026-05-28 14:46:09.903,22.6613614,114.5003533,40.0,0.1,-1.45,166.2,0.0,17.4,0.0,6171.45,10.0,2.0,2.5,NR5G-SA,n79,-44,-44,-10,22,-999,9.6
2026-05-28 14:40:02.094,2026-05-28 14:46:10.103,22.6613614,114.5003533,40.0,0.1,-1.45,166.2,0.0,17.4,0.0,6171.45,10.0,2.0,2.5,NR5G-SA,n79,-44,-44,-10,22,-999,15.9
2026-05-28 14:40:02.294,2026-05-28 14:46:10.303,22.6613614,114.5003533,39.6,0.0,-1.50,166.1,0.0,17.4,0.0,6171.45,10.0,2.0,2.5,NR5G-SA,n79,-44,-44,-10,22,-999,8.8
2026-05-28 14:40:02.495,2026-05-28 14:46:10.503,22.6613615,114.5003533,39.2,0.0,-1.47,166.0,0.0,17.4,0.0,6171.46,10.0,2.0,2.5,NR5G-SA,n79,-44,-44,-10,21,-999,6.2
2026-05-28 14:40:02.695,2026-05-28 14:46:10.903,22.6613615,114.5003533,38.9,0.0,-1.50,166.0,0.0,17.4,0.0,6171.46,10.0,2.0,2.5,NR5G-SA,n79,-44,-44,-10,21,-999,4.9
2026-05-28 14:40:02.895,2026-05-28 14:46:10.903,22.6613614,114.5003533,38.5,0.0,-1.50,166.1,23.8,17.4,0.0,6171.47,10.0,2.0,2.5,NR5G-SA,n79,-44,-44,-10,21,-999,7.4
2026-05-28 14:40:03.096,2026-05-28 14:46:11.103,22.6613614,114.5003531,38.1,0.0,-1.52,166.4,23.8,17.2,0.1,6171.49,10.0,2.0,2.5,NR5G-SA,n79,-44,-44,-10,21,-999,12.2
2026-05-28 14:40:03.296,2026-05-28 14:46:11.303,22.6613614,114.5003531,38.1,0.0,-1.52,166.4,23.8,17.2,0.1,6171.49,10.0,2.0,2.5,NR5G-SA,n79,-44,-44,-10,21,-999,11.4
2026-05-28 14:40:03.496,2026-05-28 14:46:11.503,22.6613613,114.5003531,37.7,0.0,-1.52,166.5,23.8,17.2,0.1,6171.50,10.0,2.0,2.5,NR5G-SA,n79,-44,-44,-10,22,-999,7.3
2026-05-28 14:40:03.697,2026-05-28 14:46:11.903,22.6613613,114.5003530,37.4,0.0,-1.48,166.6,23.8,17.2,0.1,6171.52,10.0,2.0,2.5,NR5G-SA,n79,-44,-44,-10,22,-999,6.3
2026-05-28 14:40:03.897,2026-05-28 14:46:11.903,22.6613613,114.5003531,37.0,0.0,-1.52,166.7,38.1,17.2,0.1,6171.53,10.0,2.0,2.5,NR5G-SA,n79,-44,-44,-10,23,-999,7.4
2026-05-28 14:40:04.098,2026-05-28 14:46:12.103,22.6613613,114.5003531,37.0,0.0,-1.52,166.7,38.1,19.3,0.1,6171.53,10.0,2.0,2.5,NR5G-SA,n79,-44,-44,-10,23,-999,13.0
2026-05-28 14:40:04.298,2026-05-28 14:46:12.303,22.6613613,114.5003532,36.6,0.0,-1.54,166.5,38.1,19.3,0.0,6171.54,10.0,2.0,2.5,NR5G-SA,n79,-44,-44,-10,23,-999,8.6
2026-05-28 14:40:04.498,2026-05-28 14:46:12.503,22.6613613,114.5003532,36.2,0.1,-1.53,166.4,38.1,19.3,0.0,6171.54,10.0,2.0,2.5,NR5G-SA,n79,-44,-44,-10,23,-999,5.2
2026-05-28 14:40:04.699,2026-05-28 14:46:12.903,22.6613612,114.5003533,35.9,0.1,-1.51,166.4,38.1,19.3,0.0,6171.55,10.0,2.0,2.5,NR5G-SA,n79,-44,-44,-10,23,-999,5.4
2026-05-28 14:40:04.899,2026-05-28 14:46:12.903,22.6613612,114.5003534,35.5,0.1,-1.53,166.4,34.0,19.3,0.0,6171.56,10.0,2.0,2.5,NR5G-SA,n79,-44,-44,-10,23,-999,7.9
2026-05-28 14:40:05.100,2026-05-28 14:46:13.103,22.6613612,114.5003534,35.5,0.1,-1.53,166.4,34.0,20.7,0.0,6171.56,10.0,2.0,2.5,NR5G-SA,n79,-44,-44,-10,23,-999,16.2
2026-05-28 14:40:05.300,2026-05-28 14:46:13.303,22.6613612,114.5003535,35.1,0.1,-1.52,166.3,34.0,20.7,0.0,6171.57,10.0,2.0,2.5,NR5G-SA,n79,-44,-44,-10,23,-999,9.9
2026-05-28 14:40:05.500,2026-05-28 14:46:13.503,22.6613612,114.5003535,34.7,0.1,-1.55,166.2,34.0,20.7,0.0,6171.57,10.0,2.0,2.5,NR5G-SA,n79,-44,-44,-10,23,-999,4.7
2026-05-28 14:40:05.701,2026-05-28 14:46:13.903,22.6613611,114.5003535,34.4,0.1,-1.50,166.4,34.0,20.7,0.0,6171.58,10.0,2.0,2.5,NR5G-SA,n79,-44,-44,-10,23,-999,7.0
2026-05-28 14:40:05.901,2026-05-28 14:46:13.903,22.6613611,114.5003536,34.0,0.1,-1.46,166.4,28.7,20.7,0.0,6171.59,10.0,2.0,2.5,NR5G-SA,n79,-44,-44,-10,23,-999,7.9
2026-05-28 14:40:06.101,2026-05-28 14:46:14.103,22.6613611,114.5003536,34.0,0.1,-1.46,166.4,28.7,23.1,0.0,6171.59,10.0,2.0,2.5,NR5G-SA,n79,-44,-44,-10,24,-999,12.1
2026-05-28 14:40:06.302,2026-05-28 14:46:14.303,22.6613611,114.5003536,33.6,0.1,-1.51,166.3,28.7,23.1,0.0,6171.59,10.0,2.0,2.5,NR5G-SA,n79,-44,-44,-10,24,-999,10.2
2026-05-28 14:40:06.502,2026-05-28 14:46:14.503,22.6613611,114.5003536,33.2,0.0,-1.49,166.3,28.7,23.1,0.0,6171.59,10.0,2.0,2.5,NR5G-SA,n79,-44,-44,-10,24,-999,5.6
2026-05-28 14:40:06.702,2026-05-28 14:46:14.903,22.6613611,114.5003535,32.8,0.0,-1.50,166.2,28.7,23.1,0.0,6171.60,10.0,2.0,2.5,NR5G-SA,n79,-44,-44,-10,24,-999,6.0
2026-05-28 14:40:06.903,2026-05-28 14:46:14.903,22.6613611,114.5003535,32.5,0.0,-1.42,166.0,42.7,23.1,0.0,6171.60,10.0,2.0,2.5,NR5G-SA,n79,-44,-44,-10,24,-999,6.2
2026-05-28 14:40:07.103,2026-05-28 14:46:15.103,22.6613611,114.5003535,32.5,0.0,-1.42,166.0,42.7,23.9,0.0,6171.60,10.0,2.0,2.5,NR5G-SA,n79,-44,-44,-10,24,-999,13.0
2026-05-28 14:40:07.304,2026-05-28 14:46:15.303,22.6613611,114.5003535,32.1,0.0,-1.48,165.9,42.7,23.9,0.0,6171.60,10.0,2.0,2.5,NR5G-SA,n79,-44,-44,-10,24,-999,6.7
2026-05-28 14:40:07.504,2026-05-28 14:46:15.503,22.6613612,114.5003535,31.7,0.0,-1.52,165.4,42.7,23.9,0.0,6171.61,10.0,2.0,2.5,NR5G-SA,n79,-44,-44,-10,24,-999,6.0
2026-05-28 14:40:07.704,2026-05-28 14:46:15.903,22.6613613,114.5003535,31.3,0.0,-1.52,165.1,42.7,23.9,0.0,6171.63,10.0,2.0,2.5,NR5G-SA,n79,-44,-44,-10,24,-999,5.9
2026-05-28 14:40:07.905,2026-05-28 14:46:15.903,22.6613612,114.5003535,31.0,0.1,-1.54,165.1,15.9,23.9,0.0,6171.64,10.0,2.0,2.5,NR5G-SA,n79,-44,-44,-10,23,-999,6.7
2026-05-28 14:40:08.105,2026-05-28 14:46:16.103,22.6613612,114.5003535,31.0,0.1,-1.54,165.1,15.9,24.8,0.0,6171.64,10.0,2.0,2.5,NR5G-SA,n79,-44,-44,-10,23,-999,13.3
2026-05-28 14:40:08.306,2026-05-28 14:46:16.303,22.6613611,114.5003535,30.6,0.1,-1.54,165.1,15.9,24.8,0.0,6171.65,10.0,2.0,2.5,NR5G-SA,n79,-44,-44,-10,24,-999,7.5
2026-05-28 14:40:08.506,2026-05-28 14:46:16.503,22.6613609,114.5003535,30.2,0.1,-1.47,165.2,15.9,24.8,0.0,6171.67,10.0,2.0,2.5,NR5G-SA,n79,-44,-44,-10,24,-999,5.5
2026-05-28 14:40:08.706,2026-05-28 14:46:16.903,22.6613606,114.5003535,29.8,0.1,-1.50,165.4,15.9,24.8,0.1,6171.70,10.0,2.0,2.5,NR5G-SA,n79,-44,-44,-10,24,-999,7.1
2026-05-28 14:40:08.907,2026-05-28 14:46:16.903,22.6613604,114.5003536,29.4,0.1,-1.50,165.6,0.0,24.8,0.1,6171.73,10.0,2.0,2.5,NR5G-SA,n79,-44,-44,-10,24,-999,7.8
2026-05-28 14:40:09.107,2026-05-28 14:46:17.103,22.6613603,114.5003538,29.1,0.1,-1.50,165.7,0.0,22.9,0.1,6171.75,10.0,2.0,2.5,NR5G-SA,n79,-44,-44,-10,24,-999,10.9
2026-05-28 14:40:09.308,2026-05-28 14:46:17.303,22.6613603,114.5003538,29.1,0.1,-1.46,165.7,0.0,22.9,0.1,6171.75,10.0,2.0,2.5,NR5G-SA,n79,-44,-44,-10,24,-999,8.5
2026-05-28 14:40:09.508,2026-05-28 14:46:17.503,22.6613602,114.5003539,28.7,0.1,-1.47,165.9,0.0,22.9,0.1,6171.77,10.0,2.0,2.5,NR5G-SA,n79,-44,-44,-10,26,-999,7.0
2026-05-28 14:40:09.708,2026-05-28 14:46:17.903,22.6613602,114.5003541,28.4,0.0,-1.47,166.1,0.0,22.9,0.1,6171.79,10.0,2.0,2.5,NR5G-SA,n79,-44,-44,-10,26,-999,6.2
2026-05-28 14:40:09.909,2026-05-28 14:46:17.903,22.6613603,114.5003542,28.0,0.0,-1.47,166.3,0.8,22.9,0.1,6171.80,10.0,2.0,2.5,NR5G-SA,n79,-44,-44,-10,26,-999,8.1
2026-05-28 14:40:10.110,2026-05-28 14:46:18.103,22.6613604,114.5003541,27.6,0.1,-1.49,166.3,0.8,23.6,0.1,6171.82,10.0,2.0,2.5,NR5G-SA,n79,-44,-44,-10,26,-999,11.3
2026-05-28 14:40:10.310,2026-05-28 14:46:18.303,22.6613604,114.5003541,27.6,0.1,-1.49,166.3,0.8,23.6,0.1,6171.82,10.0,2.0,2.5,NR5G-SA,n79,-44,-44,-10,26,-999,8.6
2026-05-28 14:40:10.510,2026-05-28 14:46:18.503,22.6613606,114.5003540,27.3,0.1,-1.46,166.3,0.8,23.6,0.1,6171.84,10.0,2.0,2.5,NR5G-SA,n79,-44,-44,-10,26,-999,5.5
2026-05-28 14:40:10.711,2026-05-28 14:46:18.903,22.6613608,114.5003539,26.9,0.1,-1.48,166.4,0.8,23.6,0.1,6171.87,10.0,2.0,2.5,NR5G-SA,n79,-44,-44,-10,27,-999,6.4
2026-05-28 14:40:10.911,2026-05-28 14:46:19.103,22.6613610,114.5003538,26.5,0.1,-1.52,166.5,0.0,23.6,0.0,6171.89,10.0,2.0,2.5,NR5G-SA,n79,-44,-44,-10,26,-999,4.8
2026-05-28 14:40:11.112,2026-05-28 14:46:19.103,22.6613612,114.5003535,26.1,0.2,-1.54,166.6,0.0,23.6,0.0,6171.93,10.0,2.0,2.5,NR5G-SA,n79,-44,-44,-10,27,-999,11.7
2026-05-28 14:40:11.312,2026-05-28 14:46:19.303,22.6613612,114.5003535,26.1,0.2,-1.54,166.6,0.0,21.3,0.0,6171.93,10.0,2.0,2.5,NR5G-SA,n79,-44,-44,-10,27,-999,8.7
2026-05-28 14:40:11.513,2026-05-28 14:46:19.503,22.6613616,114.5003533,25.8,0.3,-1.46,166.5,0.0,21.3,0.0,6171.98,10.0,2.0,2.5,NR5G-SA,n79,-44,-44,-10,27,-999,4.5
2026-05-28 14:40:11.713,2026-05-28 14:46:19.903,22.6613620,114.5003530,25.4,0.2,-1.49,166.7,0.0,21.3,0.1,6172.03,10.0,2.0,2.5,NR5G-SA,n79,-44,-44,-10,26,-999,6.4
2026-05-28 14:40:11.913,2026-05-28 14:46:19.903,22.6613623,114.5003530,25.0,0.1,-1.53,167.0,18.3,21.3,0.1,6172.07,10.0,2.0,2.5,NR5G-SA,n79,-44,-44,-10,26,-999,8.2
2026-05-28 14:40:12.114,2026-05-28 14:46:20.103,22.6613625,114.5003530,24.6,0.1,-1.54,167.4,18.3,21.3,0.1,6172.09,10.0,2.0,2.5,NR5G-SA,n79,-44,-44,-10,26,-999,11.8
2026-05-28 14:40:12.314,2026-05-28 14:46:20.303,22.6613625,114.5003530,24.6,0.1,-1.54,167.4,18.3,20.4,0.1,6172.09,10.0,2.0,2.5,NR5G-SA,n79,-44,-44,-10,25,-999,8.0
2026-05-28 14:40:12.514,2026-05-28 14:46:20.503,22.6613626,114.5003530,24.3,0.1,-1.53,167.7,18.3,20.4,0.2,6172.10,10.0,2.0,2.5,NR5G-SA,n79,-44,-44,-10,25,-999,5.3
2026-05-28 14:40:12.715,2026-05-28 14:46:20.903,22.6613625,114.5003529,23.9,0.1,-1.49,168.1,18.3,20.4,0.2,6172.11,10.0,2.0,2.5,NR5G-SA,n79,-44,-44,-10,25,-999,8.0
2026-05-28 14:40:12.915,2026-05-28 14:46:21.103,22.6613625,114.5003529,23.5,0.0,-1.53,168.6,41.2,20.4,0.2,6172.11,10.0,2.0,2.5,NR5G-SA,n79,-44,-44,-10,25,-999,6.2
2026-05-28 14:40:13.115,2026-05-28 14:46:21.103,22.6613623,114.5003530,23.1,0.1,-1.55,168.6,41.2,20.4,0.1,6172.14,10.0,2.0,2.5,NR5G-SA,n79,-44,-44,-10,25,-999,12.1
2026-05-28 14:40:13.316,2026-05-28 14:46:21.303,22.6613623,114.5003530,23.1,0.1,-1.55,168.6,41.2,18.5,0.1,6172.14,10.0,2.0,2.5,NR5G-SA,n79,-44,-44,-10,26,-999,9.5
2026-05-28 14:40:13.516,2026-05-28 14:46:21.503,22.6613622,114.5003531,22.8,0.1,-1.53,168.4,41.2,18.5,0.1,6172.15,10.0,2.0,2.5,NR5G-SA,n79,-44,-44,-10,26,-999,5.2
2026-05-28 14:40:13.716,2026-05-28 14:46:21.903,22.6613619,114.5003533,22.4,0.2,-1.56,168.0,41.2,18.5,0.1,6172.19,10.0,2.0,2.5,NR5G-SA,n79,-44,-44,-10,26,-999,5.7
2026-05-28 14:40:13.917,2026-05-28 14:46:22.103,22.6613616,114.5003534,22.0,0.1,-1.52,167.8,29.4,18.5,0.0,6172.23,10.0,2.0,2.5,NR5G-SA,n79,-44,-44,-10,26,-999,5.8
2026-05-28 14:40:14.117,2026-05-28 14:46:22.103,22.6613613,114.5003534,21.6,0.1,-1.50,167.5,29.4,18.5,0.0,6172.26,10.0,2.0,2.5,NR5G-SA,n79,-44,-44,-10,26,-999,11.4
2026-05-28 14:40:14.317,2026-05-28 14:46:22.303,22.6613613,114.5003534,21.6,0.1,-1.50,167.5,29.4,19.4,0.0,6172.26,10.0,2.0,2.5,NR5G-SA,n79,-44,-44,-10,26,-999,8.9
2026-05-28 14:40:14.518,2026-05-28 14:46:22.503,22.6613611,114.5003535,21.2,0.0,-1.46,167.5,29.4,19.4,0.0,6172.29,10.0,2.0,2.5,NR5G-SA,n79,-44,-44,-10,25,-999,6.8
2026-05-28 14:40:14.718,2026-05-28 14:46:22.903,22.6613613,114.5003534,20.9,0.1,-1.48,168.1,29.4,19.4,0.0,6172.31,10.0,2.0,2.5,NR5G-SA,n79,-44,-44,-10,25,-999,6.0
2026-05-28 14:40:14.919,2026-05-28 14:46:23.103,22.6613616,114.5003534,20.5,0.1,-1.45,168.6,33.3,19.4,0.0,6172.34,10.0,2.0,2.5,NR5G-SA,n79,-44,-44,-10,25,-999,5.9
2026-05-28 14:40:15.119,2026-05-28 14:46:23.103,22.6613620,114.5003534,20.2,0.1,-1.43,168.9,33.3,19.4,0.1,6172.39,10.0,2.0,2.5,NR5G-SA,n79,-44,-44,-10,25,-999,11.0
2026-05-28 14:40:15.319,2026-05-28 14:46:23.303,22.6613620,114.5003534,20.2,0.1,-1.43,168.9,33.3,17.2,0.1,6172.39,10.0,2.0,2.5,NR5G-SA,n79,-44,-44,-10,25,-999,8.5
2026-05-28 14:40:15.520,2026-05-28 14:46:23.503,22.6613622,114.5003535,19.8,0.1,-1.44,169.1,33.3,17.2,0.1,6172.41,10.0,2.0,2.5,NR5G-SA,n79,-44,-44,-10,25,-999,5.4
2026-05-28 14:40:15.720,2026-05-28 14:46:23.903,22.6613622,114.5003535,19.4,0.0,-1.49,169.3,33.3,17.2,0.1,6172.41,10.0,2.0,2.5,NR5G-SA,n79,-44,-44,-10,25,-999,5.1
2026-05-28 14:40:15.920,2026-05-28 14:46:24.103,22.6613621,114.5003535,19.0,0.1,-1.50,169.3,38.4,17.2,0.1,6172.42,10.0,2.0,2.5,NR5G-SA,n79,-44,-44,-10,25,-999,4.9
2026-05-28 14:40:16.121,2026-05-28 14:46:24.103,22.6613619,114.5003536,18.7,0.1,-1.57,169.5,38.4,17.2,0.1,6172.45,10.0,2.0,2.5,NR5G-SA,n79,-44,-44,-10,27,-999,12.5
2026-05-28 14:40:16.321,2026-05-28 14:46:24.303,22.6613619,114.5003536,18.7,0.1,-1.57,169.5,38.4,18.1,0.1,6172.45,10.0,2.0,2.5,NR5G-SA,n79,-44,-44,-10,27,-999,9.6
2026-05-28 14:40:16.521,2026-05-28 14:46:24.503,22.6613617,114.5003536,18.3,0.1,-1.56,169.6,38.4,18.1,0.0,6172.47,10.0,2.0,2.5,NR5G-SA,n79,-44,-44,-10,27,-999,6.5
2026-05-28 14:40:16.722,2026-05-28 14:46:24.903,22.6613616,114.5003536,17.9,0.1,-1.55,169.7,38.4,18.1,0.0,6172.48,10.0,2.0,2.5,NR5G-SA,n79,-44,-44,-10,27,-999,6.5
2026-05-28 14:40:16.922,2026-05-28 14:46:25.103,22.6613614,114.5003536,17.5,0.1,-1.54,170.0,22.4,18.1,0.0,6172.50,10.0,2.0,2.5,NR5G-SA,n79,-44,-44,-10,25,-999,5.4
2026-05-28 14:40:17.122,2026-05-28 14:46:25.103,22.6613613,114.5003536,17.1,0.1,-1.54,170.1,22.4,18.1,0.0,6172.51,10.0,2.0,2.5,NR5G-SA,n79,-44,-44,-10,25,-999,10.6
2026-05-28 14:40:17.323,2026-05-28 14:46:25.303,22.6613613,114.5003536,17.1,0.1,-1.54,170.1,22.4,20.0,0.0,6172.51,10.0,2.0,2.5,NR5G-SA,n79,-44,-44,-10,25,-999,9.5
2026-05-28 14:40:17.523,2026-05-28 14:46:25.503,22.6613612,114.5003536,16.7,0.0,-1.53,169.9,22.4,20.0,0.0,6172.53,10.0,2.0,2.5,NR5G-SA,n79,-44,-44,-10,25,-999,6.4
2026-05-28 14:40:17.724,2026-05-28 14:46:25.903,22.6613611,114.5003536,16.4,0.0,-1.49,169.7,22.4,20.0,0.0,6172.54,10.0,2.0,2.5,NR5G-SA,n79,-44,-44,-10,25,-999,7.0
2026-05-28 14:40:17.924,2026-05-28 14:46:25.903,22.6613612,114.5003535,16.0,0.0,-1.48,169.5,0.0,20.0,0.0,6172.55,10.0,2.0,2.5,NR5G-SA,n79,-44,-44,-10,25,-999,8.2
2026-05-28 14:40:18.124,2026-05-28 14:46:26.103,22.6613611,114.5003535,15.6,0.0,-1.48,169.1,0.0,20.0,0.0,6172.56,10.0,2.0,2.5,NR5G-SA,n79,-44,-44,-10,25,-999,10.7
2026-05-28 14:40:18.325,2026-05-28 14:46:26.303,22.6613611,114.5003535,15.6,0.1,-1.54,169.1,0.0,20.1,0.0,6172.56,10.0,2.0,2.5,NR5G-SA,n79,-44,-44,-10,24,-999,7.9
2026-05-28 14:40:18.525,2026-05-28 14:46:26.503,22.6613611,114.5003534,15.2,0.0,-1.59,169.0,0.0,20.1,0.0,6172.57,10.0,2.0,2.5,NR5G-SA,n79,-44,-44,-10,24,-999,8.7
2026-05-28 14:40:18.726,2026-05-28 14:46:26.903,22.6613611,114.5003533,14.8,0.1,-1.48,168.9,0.0,20.1,0.0,6172.58,10.0,2.0,2.5,NR5G-SA,n79,-44,-44,-10,24,-999,5.9
2026-05-28 14:40:18.926,2026-05-28 14:46:26.903,22.6613611,114.5003531,14.5,0.1,-1.48,168.7,0.0,20.1,0.1,6172.60,10.0,2.0,2.5,NR5G-SA,n79,-44,-44,-10,22,-999,9.3
2026-05-28 14:40:19.126,2026-05-28 14:46:27.103,22.6613613,114.5003528,14.1,0.1,-1.52,168.5,6.1,20.1,0.1,6172.64,10.0,2.0,2.5,NR5G-SA,n79,-44,-44,-10,22,-999,7.1
2026-05-28 14:40:19.327,2026-05-28 14:46:27.303,22.6613613,114.5003528,14.1,0.1,-1.52,168.5,6.1,19.1,0.1,6172.64,10.0,2.0,2.5,NR5G-SA,n79,-44,-44,-10,22,-999,7.2
2026-05-28 14:40:19.527,2026-05-28 14:46:27.503,22.6613614,114.5003526,13.7,0.1,-1.50,168.4,6.1,19.1,0.1,6172.67,10.0,2.0,2.5,NR5G-SA,n79,-44,-44,-10,23,-999,6.9
2026-05-28 14:40:19.727,2026-05-28 14:46:27.903,22.6613614,114.5003525,13.3,0.0,-1.51,168.2,6.1,19.1,0.1,6172.68,10.0,2.0,2.5,NR5G-SA,n79,-44,-44,-10,23,-999,7.0
2026-05-28 14:40:19.928,2026-05-28 14:46:27.903,22.6613615,114.5003525,12.9,0.0,-1.54,168.2,6.1,19.1,0.1,6172.69,10.0,2.0,2.5,NR5G-SA,n79,-44,-44,-10,23,-999,6.6
2026-05-28 14:40:20.128,2026-05-28 14:46:28.103,22.6613614,114.5003526,12.6,0.1,-1.53,168.2,0.0,19.1,0.1,6172.70,10.0,2.0,2.5,NR5G-SA,n79,-44,-44,-10,23,-999,8.3
2026-05-28 14:40:20.329,2026-05-28 14:46:28.303,22.6613614,114.5003526,12.6,0.1,-1.53,168.2,0.0,19.2,0.1,6172.70,10.0,2.0,2.5,NR5G-SA,n79,-44,-44,-10,23,-999,7.9
2026-05-28 14:40:20.529,2026-05-28 14:46:28.503,22.6613614,114.5003528,12.2,0.0,-1.41,168.3,0.0,19.2,0.1,6172.72,10.0,2.0,2.5,NR5G-SA,n79,-44,-44,-10,23,-999,6.4
2026-05-28 14:40:20.729,2026-05-28 14:46:28.903,22.6613614,114.5003529,11.8,0.1,-1.46,168.4,0.0,19.2,0.1,6172.73,10.0,2.0,2.5,NR5G-SA,n79,-44,-44,-10,23,-999,6.6
2026-05-28 14:40:20.930,2026-05-28 14:46:29.103,22.6613614,114.5003530,11.5,0.0,-1.41,168.5,9.5,19.2,0.1,6172.74,10.0,2.0,2.5,NR5G-SA,n79,-44,-44,-10,23,-999,3.7
2026-05-28 14:40:21.130,2026-05-28 14:46:29.103,22.6613614,114.5003530,11.1,0.0,-1.35,168.5,9.5,19.2,0.1,6172.74,10.0,2.0,2.5,NR5G-SA,n79,-44,-44,-10,24,-999,10.9
2026-05-28 14:40:21.330,2026-05-28 14:46:29.303,22.6613614,114.5003530,11.1,0.0,-1.35,168.5,9.5,19.2,0.1,6172.74,10.0,2.0,2.5,NR5G-SA,n79,-44,-44,-10,24,-999,9.7
2026-05-28 14:40:21.531,2026-05-28 14:46:29.503,22.6613614,114.5003529,10.8,0.0,-1.12,168.6,9.5,18.1,0.1,6172.75,10.0,2.0,2.5,NR5G-SA,n79,-44,-44,-10,24,-999,5.8
2026-05-28 14:40:21.731,2026-05-28 14:46:29.903,22.6613614,114.5003529,10.6,0.0,-0.81,168.6,9.5,18.1,0.1,6172.75,10.0,2.0,2.5,NR5G-SA,n79,-44,-44,-10,25,-999,5.6
2026-05-28 14:40:21.932,2026-05-28 14:46:30.103,22.6613613,114.5003530,10.4,0.1,-0.63,168.4,46.9,18.1,0.1,6172.77,10.0,2.0,2.5,NR5G-SA,n79,-44,-44,-10,25,-999,5.8
2026-05-28 14:40:22.132,2026-05-28 14:46:30.103,22.6613612,114.5003532,10.3,0.1,-0.44,167.9,46.9,18.1,0.0,6172.79,10.0,2.0,2.5,NR5G-SA,n79,-44,-44,-10,25,-999,9.7
2026-05-28 14:40:22.333,2026-05-28 14:46:30.303,22.6613612,114.5003532,10.3,0.1,-0.44,167.9,46.9,18.1,0.0,6172.79,10.0,2.0,2.5,NR5G-SA,n79,-44,-44,-10,25,-999,8.1
2026-05-28 14:40:22.533,2026-05-28 14:46:30.503,22.6613610,114.5003535,10.2,0.1,-0.43,167.2,46.9,18.0,0.0,6172.83,10.0,2.0,2.5,NR5G-SA,n79,-44,-44,-10,25,-999,6.4
2026-05-28 14:40:22.734,2026-05-28 14:46:30.903,22.6613606,114.5003539,10.1,0.2,-0.50,166.6,46.9,18.0,0.1,6172.89,10.0,2.0,2.5,NR5G-SA,n79,-44,-44,-10,24,-999,7.1
2026-05-28 14:40:22.934,2026-05-28 14:46:31.103,22.6613602,114.5003541,9.9,0.2,-0.51,166.3,24.5,18.0,0.1,6172.94,10.0,2.0,2.5,NR5G-SA,n79,-44,-44,-10,24,-999,5.6
2026-05-28 14:40:23.134,2026-05-28 14:46:31.103,22.6613598,114.5003543,9.8,0.1,-0.54,166.1,24.5,18.0,0.2,6172.99,10.0,2.0,2.5,NR5G-SA,n79,-44,-44,-10,24,-999,9.3
2026-05-28 14:40:23.335,2026-05-28 14:46:31.303,22.6613598,114.5003543,9.8,0.1,-0.54,166.1,24.5,18.0,0.2,6172.99,10.0,2.0,2.5,NR5G-SA,n79,-44,-44,-10,22,-999,9.4
2026-05-28 14:40:23.535,2026-05-28 14:46:31.503,22.6613597,114.5003543,9.7,0.0,-0.49,166.0,24.5,18.3,0.2,6173.00,10.0,2.0,2.5,NR5G-SA,n79,-44,-44,-10,22,-999,7.3
2026-05-28 14:40:23.736,2026-05-28 14:46:31.903,22.6613598,114.5003542,9.5,0.1,-0.53,166.1,24.5,18.3,0.2,6173.02,10.0,2.0,2.5,NR5G-SA,n79,-44,-44,-10,22,-999,6.5
2026-05-28 14:40:23.936,2026-05-28 14:46:32.103,22.6613601,114.5003542,9.4,0.1,-0.51,166.0,36.1,18.3,0.1,6173.05,10.0,2.0,2.5,NR5G-SA,n79,-44,-44,-10,22,-999,5.7
2026-05-28 14:40:24.136,2026-05-28 14:46:32.103,22.6613606,114.5003541,9.3,0.2,-0.51,166.0,36.1,18.3,0.1,6173.11,10.0,2.0,2.5,NR5G-SA,n79,-44,-44,-10,22,-999,10.6
2026-05-28 14:40:24.337,2026-05-28 14:46:32.303,22.6613606,114.5003541,9.3,0.2,-0.51,166.0,36.1,18.3,0.1,6173.11,10.0,2.0,2.5,NR5G-SA,n79,-44,-44,-10,23,-999,8.8
2026-05-28 14:40:24.537,2026-05-28 14:46:32.503,22.6613609,114.5003541,9.2,0.2,-0.47,166.0,36.1,20.1,0.1,6173.14,10.0,2.0,2.5,NR5G-SA,n79,-44,-44,-10,23,-999,6.5
2026-05-28 14:40:24.738,2026-05-28 14:46:32.903,22.6613611,114.5003540,9.0,0.1,-0.47,165.8,36.1,20.1,0.0,6173.16,10.0,2.0,2.5,NR5G-SA,n79,-44,-44,-10,23,-999,6.6
2026-05-28 14:40:24.938,2026-05-28 14:46:33.103,22.6613612,114.5003539,8.9,0.0,-0.52,165.7,34.9,20.1,0.0,6173.18,10.0,2.0,2.5,NR5G-SA,n79,-44,-44,-10,22,-999,5.3
2026-05-28 14:40:25.139,2026-05-28 14:46:33.103,22.6613612,114.5003539,8.8,0.0,-0.54,165.7,34.9,20.1,0.0,6173.18,10.0,2.0,2.5,NR5G-SA,n79,-44,-44,-10,22,-999,9.5
2026-05-28 14:40:25.339,2026-05-28 14:46:33.303,22.6613612,114.5003539,8.8,0.0,-0.54,165.7,34.9,20.1,0.0,6173.18,10.0,2.0,2.5,NR5G-SA,n79,-44,-44,-10,22,-999,8.6
2026-05-28 14:40:25.540,2026-05-28 14:46:33.503,22.6613612,114.5003539,8.7,0.0,-0.54,165.6,34.9,22.1,0.0,6173.18,10.0,2.0,2.5,NR5G-SA,n79,-44,-44,-10,23,-999,4.9
2026-05-28 14:40:25.740,2026-05-28 14:46:33.903,22.6613612,114.5003538,8.5,0.1,-0.55,165.2,34.9,22.1,0.0,6173.19,10.0,2.0,2.5,NR5G-SA,n79,-44,-44,-10,23,-999,7.2
2026-05-28 14:40:25.940,2026-05-28 14:46:34.103,22.6613608,114.5003538,8.4,0.1,-0.50,164.9,34.9,22.1,0.1,6173.23,10.0,2.0,2.5,NR5G-SA,n79,-44,-44,-10,23,-999,6.1
2026-05-28 14:40:26.141,2026-05-28 14:46:34.103,22.6613604,114.5003538,8.2,0.2,-0.53,164.8,28.7,22.1,0.1,6173.28,10.0,2.0,2.5,NR5G-SA,n79,-44,-44,-10,22,-999,7.1
2026-05-28 14:40:26.341,2026-05-28 14:46:34.303,22.6613604,114.5003538,8.2,0.2,-0.53,164.8,28.7,22.1,0.1,6173.28,10.0,2.0,2.5,NR5G-SA,n79,-44,-44,-10,22,-999,8.1
2026-05-28 14:40:26.541,2026-05-28 14:46:34.503,22.6613601,114.5003538,8.1,0.1,-0.51,164.9,28.7,21.5,0.1,6173.31,10.0,2.0,2.5,NR5G-SA,n79,-44,-44,-10,23,-999,6.2
2026-05-28 14:40:26.742,2026-05-28 14:46:34.903,22.6613599,114.5003538,8.0,0.0,-0.45,164.7,28.7,21.5,0.2,6173.33,10.0,2.0,2.5,NR5G-SA,n79,-44,-44,-10,23,-999,5.7
2026-05-28 14:40:26.942,2026-05-28 14:46:34.903,22.6613600,114.5003538,7.9,0.0,-0.42,164.8,28.7,21.5,0.1,6173.34,10.0,2.0,2.5,NR5G-SA,n79,-44,-44,-10,23,-999,7.1
2026-05-28 14:40:27.142,2026-05-28 14:46:35.103,22.6613600,114.5003538,7.7,0.1,-0.44,165.1,42.9,21.5,0.1,6173.34,10.0,2.0,2.5,NR5G-SA,n79,-44,-44,-10,25,-999,6.8
2026-05-28 14:40:27.343,2026-05-28 14:46:35.303,22.6613600,114.5003538,7.7,0.1,-0.44,165.1,42.9,21.5,0.1,6173.34,10.0,2.0,2.5,NR5G-SA,n79,-44,-44,-10,25,-999,8.0
2026-05-28 14:40:27.543,2026-05-28 14:46:35.503,22.6613600,114.5003538,7.6,0.1,-0.42,165.6,42.9,22.7,0.1,6173.34,10.0,2.0,2.5,NR5G-SA,n79,-44,-44,-10,25,-999,5.7
2026-05-28 14:40:27.744,2026-05-28 14:46:35.903,22.6613602,114.5003535,7.5,0.2,-0.43,165.9,42.9,22.7,0.1,6173.38,10.0,2.0,2.5,NR5G-SA,n79,-44,-44,-10,25,-999,5.9
2026-05-28 14:40:27.944,2026-05-28 14:46:36.103,22.6613603,114.5003532,7.4,0.1,-0.43,166.4,15.2,22.7,0.1,6173.42,10.0,2.0,2.5,NR5G-SA,n79,-44,-44,-10,25,-999,5.4
2026-05-28 14:40:28.144,2026-05-28 14:46:36.103,22.6613605,114.5003531,7.3,0.1,-0.42,167.1,15.2,22.7,0.1,6173.44,10.0,2.0,2.5,NR5G-SA,n79,-44,-44,-10,25,-999,7.8
2026-05-28 14:40:28.345,2026-05-28 14:46:36.303,22.6613605,114.5003531,7.3,0.1,-0.42,167.1,15.2,22.7,0.1,6173.44,10.0,2.0,2.5,NR5G-SA,n79,-44,-44,-10,25,-999,13.4
2026-05-28 14:40:28.545,2026-05-28 14:46:36.503,22.6613607,114.5003530,7.2,0.1,-0.45,167.1,15.2,24.3,0.1,6173.46,10.0,2.0,2.5,NR5G-SA,n79,-44,-44,-10,25,-999,5.3
2026-05-28 14:40:28.745,2026-05-28 14:46:36.903,22.6613609,114.5003530,7.1,0.1,-0.53,166.9,15.2,24.3,0.1,6173.49,10.0,2.0,2.5,NR5G-SA,n79,-44,-44,-10,25,-999,6.6
2026-05-28 14:40:28.946,2026-05-28 14:46:37.103,22.6613609,114.5003530,6.9,0.0,-0.51,166.9,0.0,24.3,0.1,6173.49,10.0,2.0,2.5,NR5G-SA,n79,-44,-44,-10,25,-999,5.6
2026-05-28 14:40:29.146,2026-05-28 14:46:37.103,22.6613609,114.5003530,6.8,0.0,-0.51,166.8,0.0,24.3,0.1,6173.49,10.0,2.0,2.5,NR5G-SA,n79,-44,-44,-10,25,-999,9.1
2026-05-28 14:40:29.347,2026-05-28 14:46:37.303,22.6613609,114.5003530,6.8,0.0,-0.51,166.8,0.0,24.3,0.1,6173.49,10.0,2.0,2.5,NR5G-SA,n79,-44,-44,-10,25,-999,15.0
2026-05-28 14:40:29.547,2026-05-28 14:46:37.503,22.6613609,114.5003529,6.7,0.1,-0.52,166.8,0.0,24.3,0.1,6173.50,10.0,2.0,2.5,NR5G-SA,n79,-44,-44,-10,25,-999,5.7
2026-05-28 14:40:29.748,2026-05-28 14:46:37.903,22.6613610,114.5003529,6.5,0.1,-0.44,167.2,0.0,23.6,0.1,6173.51,10.0,2.0,2.5,NR5G-SA,n79,-44,-44,-10,25,-999,6.6
2026-05-28 14:40:29.948,2026-05-28 14:46:38.103,22.6613612,114.5003529,6.4,0.0,-0.44,167.4,0.0,23.6,0.1,6173.53,10.0,2.0,2.5,NR5G-SA,n79,-44,-44,-10,25,-999,6.7
2026-05-28 14:40:30.148,2026-05-28 14:46:38.103,22.6613613,114.5003529,6.3,0.1,-0.46,167.7,0.9,23.6,0.1,6173.54,10.0,2.0,2.5,NR5G-SA,n79,-44,-44,-10,25,-999,6.7
2026-05-28 14:40:30.349,2026-05-28 14:46:38.303,22.6613613,114.5003529,6.3,0.1,-0.46,167.7,0.9,23.6,0.1,6173.54,10.0,2.0,2.5,NR5G-SA,n79,-44,-44,-10,25,-999,13.7
2026-05-28 14:40:30.549,2026-05-28 14:46:38.503,22.6613615,114.5003529,6.2,0.1,-0.46,168.0,0.9,23.6,0.1,6173.56,10.0,2.0,2.5,NR5G-SA,n79,-44,-44,-10,26,-999,6.0
2026-05-28 14:40:30.750,2026-05-28 14:46:38.903,22.6613616,114.5003528,6.1,0.0,-0.50,168.0,0.9,24.0,0.1,6173.58,10.0,2.0,2.5,NR5G-SA,n79,-44,-44,-10,26,-999,7.3
2026-05-28 14:40:30.950,2026-05-28 14:46:39.103,22.6613616,114.5003528,5.9,0.0,-0.52,167.6,0.9,24.0,0.1,6173.58,10.0,2.0,2.5,NR5G-SA,n79,-44,-44,-10,26,-999,5.1
2026-05-28 14:40:31.151,2026-05-28 14:46:39.103,22.6613615,114.5003528,5.8,0.0,-0.51,167.3,0.0,24.0,0.1,6173.59,10.0,2.0,2.5,NR5G-SA,n79,-44,-44,-10,25,-999,8.5
2026-05-28 14:40:31.351,2026-05-28 14:46:39.303,22.6613615,114.5003528,5.8,0.0,-0.51,167.3,0.0,24.0,0.1,6173.59,10.0,2.0,2.5,NR5G-SA,n79,-44,-44,-10,25,-999,12.2
2026-05-28 14:40:31.551,2026-05-28 14:46:39.503,22.6613616,114.5003529,5.7,0.1,-0.52,166.7,0.0,24.0,0.1,6173.61,10.0,2.0,2.5,NR5G-SA,n79,-44,-44,-10,24,-999,4.1
2026-05-28 14:40:31.752,2026-05-28 14:46:39.903,22.6613616,114.5003530,5.5,0.1,-0.50,166.4,0.0,26.4,0.1,6173.62,10.0,2.0,2.5,NR5G-SA,n79,-44,-44,-10,24,-999,4.2
2026-05-28 14:40:31.952,2026-05-28 14:46:40.103,22.6613616,114.5003532,5.4,0.1,-0.49,166.3,0.0,26.4,0.1,6173.64,10.0,2.0,2.5,NR5G-SA,n79,-44,-44,-10,24,-999,4.9
2026-05-28 14:40:32.153,2026-05-28 14:46:40.103,22.6613616,114.5003533,5.3,0.0,-0.52,165.8,19.3,26.4,0.0,6173.65,10.0,2.0,2.5,NR5G-SA,n79,-44,-44,-10,24,-999,5.9
2026-05-28 14:40:32.353,2026-05-28 14:46:40.303,22.6613616,114.5003533,5.3,0.0,-0.52,165.8,19.3,26.4,0.0,6173.65,10.0,2.0,2.5,NR5G-SA,n79,-44,-44,-10,24,-999,12.1
2026-05-28 14:40:32.553,2026-05-28 14:46:40.503,22.6613616,114.5003534,5.2,0.1,-0.50,165.9,19.3,26.4,0.0,6173.66,10.0,2.0,2.5,NR5G-SA,n79,-44,-44,-10,24,-999,5.9
2026-05-28 14:40:32.754,2026-05-28 14:46:40.903,22.6613615,114.5003537,5.0,0.1,-0.56,166.2,19.3,24.3,0.0,6173.69,10.0,2.0,2.5,NR5G-SA,n79,-44,-44,-10,23,-999,5.3
2026-05-28 14:40:32.954,2026-05-28 14:46:41.103,22.6613613,114.5003539,4.9,0.1,-0.54,166.6,19.3,24.3,0.0,6173.72,10.0,2.0,2.5,NR5G-SA,n79,-44,-44,-10,23,-999,5.5
2026-05-28 14:40:33.155,2026-05-28 14:46:41.103,22.6613610,114.5003540,4.7,0.1,-0.49,166.8,40.8,24.3,0.1,6173.75,10.0,2.0,2.5,NR5G-SA,n79,-44,-44,-10,23,-999,6.7
2026-05-28 14:40:33.355,2026-05-28 14:46:41.303,22.6613610,114.5003540,4.7,0.1,-0.49,166.8,40.8,24.3,0.1,6173.75,10.0,2.0,2.5,NR5G-SA,n79,-44,-44,-10,19,-999,12.2
2026-05-28 14:40:33.555,2026-05-28 14:46:41.503,22.6613608,114.5003539,4.6,0.1,-0.45,166.7,40.8,24.3,0.1,6173.78,10.0,2.0,2.5,NR5G-SA,n79,-44,-44,-10,19,-999,6.4
2026-05-28 14:40:33.756,2026-05-28 14:46:41.903,22.6613607,114.5003538,4.5,0.1,-0.46,166.3,40.8,23.1,0.1,6173.79,10.0,2.0,2.5,NR5G-SA,n79,-44,-44,-10,18,-999,6.2
2026-05-28 14:40:33.956,2026-05-28 14:46:42.103,22.6613607,114.5003536,4.4,0.0,-0.46,166.2,40.8,23.1,0.1,6173.81,10.0,2.0,2.5,NR5G-SA,n79,-44,-44,-10,18,-999,4.7
2026-05-28 14:40:34.157,2026-05-28 14:46:42.103,22.6613607,114.5003535,4.3,0.0,-0.46,166.3,29.9,23.1,0.1,6173.82,10.0,2.0,2.5,NR5G-SA,n79,-44,-44,-10,18,-999,7.6
2026-05-28 14:40:34.357,2026-05-28 14:46:42.303,22.6613607,114.5003535,4.2,0.0,-0.46,166.5,29.9,23.1,0.1,6173.82,10.0,2.0,2.5,NR5G-SA,n79,-44,-44,-10,18,-999,11.6
2026-05-28 14:40:34.557,2026-05-28 14:46:42.503,22.6613607,114.5003535,4.2,0.1,-0.46,166.5,29.9,23.1,0.1,6173.82,10.0,2.0,2.5,NR5G-SA,n79,-44,-44,-10,18,-999,5.1
2026-05-28 14:40:34.758,2026-05-28 14:46:42.903,22.6613609,114.5003535,4.0,0.1,-0.48,166.8,29.9,22.5,0.0,6173.85,10.0,2.0,2.5,NR5G-SA,n79,-44,-44,-10,18,-999,5.3
2026-05-28 14:40:34.958,2026-05-28 14:46:43.103,22.6613611,114.5003535,3.9,0.1,-0.45,167.0,29.9,22.5,0.0,6173.87,10.0,2.0,2.5,NR5G-SA,n79,-44,-44,-10,18,-999,5.0
2026-05-28 14:40:35.158,2026-05-28 14:46:43.103,22.6613612,114.5003534,3.8,0.1,-0.49,167.2,33.3,22.5,0.0,6173.88,10.0,2.0,2.5,NR5G-SA,n79,-44,-44,-10,18,-999,7.3
2026-05-28 14:40:35.359,2026-05-28 14:46:43.303,22.6613612,114.5003534,3.8,0.1,-0.49,167.2,33.3,22.5,0.0,6173.88,10.0,2.0,2.5,NR5G-SA,n79,-44,-44,-10,18,-999,12.2
2026-05-28 14:40:35.559,2026-05-28 14:46:43.503,22.6613614,114.5003533,3.7,0.0,-0.52,167.0,33.3,22.5,0.0,6173.91,10.0,2.0,2.5,NR5G-SA,n79,-44,-44,-10,16,-999,5.1
2026-05-28 14:40:35.759,2026-05-28 14:46:43.903,22.6613615,114.5003532,3.5,0.1,-0.51,166.9,33.3,20.2,0.0,6173.92,10.0,2.0,2.5,NR5G-SA,n79,-44,-44,-10,16,-999,9.4
2026-05-28 14:40:35.960,2026-05-28 14:46:44.103,22.6613616,114.5003531,3.4,0.0,-0.46,166.9,33.3,20.2,0.1,6173.94,10.0,2.0,2.5,NR5G-SA,n79,-44,-44,-10,15,-999,7.2
2026-05-28 14:40:36.160,2026-05-28 14:46:44.303,22.6613615,114.5003531,3.3,0.0,-0.51,166.9,39.0,20.2,0.1,6173.95,10.0,2.0,2.5,NR5G-SA,n79,-44,-44,-10,15,-999,5.6
2026-05-28 14:40:36.360,2026-05-28 14:46:44.303,22.6613615,114.5003531,3.3,0.0,-0.51,166.9,39.0,20.2,0.1,6173.95,10.0,2.0,2.5,NR5G-SA,n79,-44,-44,-10,15,-999,12.1
2026-05-28 14:40:36.561,2026-05-28 14:46:44.503,22.6613614,114.5003531,3.2,0.1,-0.51,167.0,39.0,20.2,0.1,6173.96,10.0,2.0,2.5,NR5G-SA,n79,-44,-44,-10,14,-999,5.4
2026-05-28 14:40:36.761,2026-05-28 14:46:44.903,22.6613612,114.5003531,3.0,0.1,-0.52,166.9,39.0,18.4,0.1,6173.98,10.0,2.0,2.5,NR5G-SA,n79,-44,-44,-10,14,-999,5.4
2026-05-28 14:40:36.962,2026-05-28 14:46:45.103,22.6613610,114.5003532,2.9,0.1,-0.51,166.9,39.0,18.4,0.1,6174.01,10.0,2.0,2.5,NR5G-SA,n79,-44,-44,-10,14,-999,6.7
2026-05-28 14:40:37.162,2026-05-28 14:46:45.103,22.6613609,114.5003532,2.8,0.0,-0.45,166.7,22.2,18.4,0.1,6174.02,10.0,2.0,2.5,NR5G-SA,n79,-44,-44,-10,12,-999,7.2
2026-05-28 14:40:37.362,2026-05-28 14:46:45.303,22.6613609,114.5003532,2.8,0.0,-0.45,166.7,22.2,18.4,0.1,6174.02,10.0,2.0,2.5,NR5G-SA,n79,-44,-44,-10,12,-999,12.7
2026-05-28 14:40:37.563,2026-05-28 14:46:45.503,22.6613609,114.5003532,2.6,0.0,-0.46,166.2,22.2,18.4,0.1,6174.02,10.0,2.0,2.5,NR5G-SA,n79,-44,-44,-10,12,-999,5.2
2026-05-28 14:40:37.763,2026-05-28 14:46:45.903,22.6613609,114.5003533,2.5,0.0,-0.47,165.7,22.2,17.9,0.1,6174.03,10.0,2.0,2.5,NR5G-SA,n79,-96,-96,-10,14,-999,8.6
2026-05-28 14:40:37.964,2026-05-28 14:46:46.103,22.6613610,114.5003533,2.4,0.1,-0.47,165.4,22.2,17.9,0.0,6174.04,10.0,2.0,2.5,NR5G-SA,n79,-96,-96,-10,14,-999,4.8
2026-05-28 14:40:38.164,2026-05-28 14:46:46.103,22.6613609,114.5003534,2.3,0.1,-0.50,165.4,0.0,17.9,0.0,6174.06,10.0,2.0,2.5,NR5G-SA,n79,-98,-98,-10,13,-999,5.6
2026-05-28 14:40:38.365,2026-05-28 14:46:46.303,22.6613608,114.5003535,2.2,0.1,-0.48,165.7,0.0,17.9,0.1,6174.07,10.0,2.0,2.5,NR5G-SA,n79,-98,-98,-10,13,-999,9.3
2026-05-28 14:40:38.565,2026-05-28 14:46:46.503,22.6613608,114.5003535,2.2,0.1,-0.48,165.7,0.0,17.9,0.1,6174.07,10.0,2.0,2.5,NR5G-SA,n79,-98,-98,-10,13,-999,10.3
2026-05-28 14:40:38.766,2026-05-28 14:46:46.903,22.6613608,114.5003536,2.0,0.1,-0.46,165.9,0.0,17.9,0.1,6174.08,10.0,2.0,2.5,NR5G-SA,n79,-97,-97,-10,13,-999,9.0
2026-05-28 14:40:38.966,2026-05-28 14:46:47.103,22.6613608,114.5003537,1.9,0.0,-0.51,166.1,0.0,18.7,0.1,6174.09,10.0,2.0,2.5,NR5G-SA,n79,-97,-97,-10,13,-999,6.0
2026-05-28 14:40:39.166,2026-05-28 14:46:47.303,22.6613608,114.5003537,1.8,0.1,-0.50,166.5,6.9,18.7,0.1,6174.09,10.0,2.0,2.5,NR5G-SA,n79,-97,-97,-10,13,-999,7.0
2026-05-28 14:40:39.367,2026-05-28 14:46:47.303,22.6613610,114.5003536,1.7,0.1,-0.53,166.3,6.9,18.7,0.0,6174.12,10.0,2.0,2.5,NR5G-SA,n79,-96,-96,-10,12,-999,7.5
2026-05-28 14:40:39.567,2026-05-28 14:46:47.503,22.6613610,114.5003536,1.7,0.1,-0.53,166.3,6.9,18.7,0.0,6174.12,10.0,2.0,2.5,NR5G-SA,n79,-96,-96,-10,12,-999,9.2
2026-05-28 14:40:39.768,2026-05-28 14:46:47.903,22.6613611,114.5003536,1.5,0.1,-0.53,165.8,6.9,18.7,0.0,6174.13,10.0,2.0,2.5,NR5G-SA,n79,-96,-96,-10,12,-999,10.2
2026-05-28 14:40:39.968,2026-05-28 14:46:48.103,22.6613612,114.5003536,1.4,0.1,-0.54,165.4,6.9,18.2,0.0,6174.14,10.0,2.0,2.5,NR5G-SA,n79,-100,-100,-11,13,-999,5.5
2026-05-28 14:40:40.169,2026-05-28 14:46:48.103,22.6613611,114.5003538,1.3,0.1,-0.50,165.1,0.0,18.2,0.0,6174.16,10.0,2.0,2.5,NR5G-SA,n79,-100,-100,-11,13,-999,5.1
2026-05-28 14:40:40.369,2026-05-28 14:46:48.303,22.6613610,114.5003540,1.1,0.1,-0.51,164.8,0.0,18.2,0.1,6174.19,10.0,2.0,2.5,NR5G-SA,n79,-100,-100,-10,12,-999,11.7
2026-05-28 14:40:40.569,2026-05-28 14:46:48.503,22.6613610,114.5003540,1.1,0.1,-0.51,164.8,0.0,18.2,0.1,6174.19,10.0,2.0,2.5,NR5G-SA,n79,-100,-100,-10,12,-999,9.9
2026-05-28 14:40:40.770,2026-05-28 14:46:48.903,22.6613609,114.5003542,1.0,0.0,-0.46,164.7,0.0,18.2,0.1,6174.21,10.0,2.0,2.5,NR5G-SA,n79,-100,-100,-10,12,-999,10.1
2026-05-28 14:40:40.970,2026-05-28 14:46:49.103,22.6613608,114.5003543,0.9,0.1,-0.46,164.8,0.0,19.0,0.1,6174.22,10.0,2.0,2.5,NR5G-SA,n79,-98,-98,-10,14,-999,6.0
2026-05-28 14:40:41.170,2026-05-28 14:46:49.303,22.6613607,114.5003543,0.8,0.0,-0.50,164.8,10.3,19.0,0.1,6174.24,10.0,2.0,2.5,NR5G-SA,n79,-98,-98,-10,14,-999,6.4
2026-05-28 14:40:41.371,2026-05-28 14:46:49.303,22.6613608,114.5003543,0.7,0.0,-0.51,164.9,10.3,19.0,0.1,6174.25,10.0,2.0,2.5,NR5G-SA,n79,-98,-98,-10,14,-999,11.2
2026-05-28 14:40:41.571,2026-05-28 14:46:49.503,22.6613608,114.5003543,0.7,0.0,-0.51,164.9,10.3,19.0,0.1,6174.25,10.0,2.0,2.5,NR5G-SA,n79,-99,-99,-10,14,-999,9.3
2026-05-28 14:40:41.771,2026-05-28 14:46:49.903,22.6613608,114.5003543,0.5,0.0,-0.50,165.1,10.3,19.0,0.1,6174.25,10.0,2.0,2.5,NR5G-SA,n79,-99,-99,-10,14,-999,9.1
2026-05-28 14:40:41.972,2026-05-28 14:46:50.103,22.6613608,114.5003543,0.4,0.0,-0.44,165.1,10.3,19.0,0.1,6174.25,10.0,2.0,2.5,NR5G-SA,n79,-99,-99,-10,14,-999,5.0
2026-05-28 14:40:42.172,2026-05-28 14:46:50.303,22.6613608,114.5003543,0.3,0.0,-0.47,165.1,44.4,19.0,0.1,6174.25,10.0,2.0,2.5,NR5G-SA,n79,-101,-101,-11,13,-999,5.4
2026-05-28 14:40:42.372,2026-05-28 14:46:50.303,22.6613609,114.5003542,0.2,0.1,-0.50,165.2,44.4,19.0,0.1,6174.26,10.0,2.0,2.5,NR5G-SA,n79,-101,-101,-11,13,-999,10.7
2026-05-28 14:40:42.573,2026-05-28 14:46:50.503,22.6613609,114.5003542,0.2,0.1,-0.50,165.2,44.4,19.0,0.1,6174.26,10.0,2.0,2.5,NR5G-SA,n79,-100,-100,-10,14,-999,10.5
2026-05-28 14:40:42.773,2026-05-28 14:46:50.903,22.6613609,114.5003540,0.1,0.1,-0.47,165.2,44.4,19.0,0.1,6174.28,10.0,2.0,2.5,NR5G-SA,n79,-100,-100,-10,14,-999,10.6
2026-05-28 14:40:42.973,2026-05-28 14:46:51.103,22.6613609,114.5003538,-0.1,0.1,-0.50,165.3,44.4,18.5,0.0,6174.30,10.0,2.0,2.5,NR5G-SA,n79,-100,-100,-10,14,-999,6.3
2026-05-28 14:40:43.174,2026-05-28 14:46:51.103,22.6613609,114.5003536,-0.2,0.1,-0.50,165.2,24.8,18.5,0.0,6174.32,10.0,2.0,2.5,NR5G-SA,n79,-102,-102,-11,13,-999,10.7
2026-05-28 14:40:43.374,2026-05-28 14:46:51.303,22.6613609,114.5003534,-0.3,0.1,-0.47,165.3,24.8,18.5,0.0,6174.34,10.0,2.0,2.5,NR5G-SA,n79,-102,-102,-11,13,-999,10.7
2026-05-28 14:40:43.574,2026-05-28 14:46:51.503,22.6613609,114.5003534,-0.3,0.1,-0.47,165.3,24.8,18.5,0.0,6174.34,10.0,2.0,2.5,NR5G-SA,n79,-102,-102,-11,13,-999,11.2
2026-05-28 14:40:43.775,2026-05-28 14:46:51.903,22.6613609,114.5003532,-0.4,0.1,-0.47,165.4,24.8,18.5,0.1,6174.36,10.0,2.0,2.5,NR5G-SA,n79,-102,-102,-11,14,-999,9.1
2026-05-28 14:40:43.975,2026-05-28 14:46:52.103,22.6613609,114.5003529,-0.6,0.1,-0.46,165.7,24.8,17.6,0.1,6174.39,10.0,2.0,2.5,NR5G-SA,n79,-102,-102,-11,14,-999,5.3
2026-05-28 14:40:44.176,2026-05-28 14:46:52.303,22.6613609,114.5003528,-0.6,0.1,0.05,165.3,37.6,17.6,0.1,6174.41,10.0,2.0,2.5,NR5G-SA,n79,-102,-102,-11,14,-999,7.1
2026-05-28 14:40:44.376,2026-05-28 14:46:52.303,22.6613610,114.5003531,-0.6,0.1,-0.02,165.1,37.6,17.6,0.1,6174.44,10.0,2.0,2.5,NR5G-SA,n79,-103,-103,-11,13,-999,8.9
2026-05-28 14:40:44.576,2026-05-28 14:46:52.503,22.6613610,114.5003531,-0.6,0.1,-0.02,165.1,37.6,17.6,0.1,6174.44,10.0,2.0,2.5,NR5G-SA,n79,-103,-103,-11,13,-999,11.2
2026-05-28 14:40:44.777,2026-05-28 14:46:52.903,22.6613611,114.5003536,-0.6,0.1,0.04,164.7,37.6,17.6,0.0,6174.49,10.0,2.0,2.5,NR5G-SA,n79,-103,-103,-11,13,-999,7.3
2026-05-28 14:40:44.977,2026-05-28 14:46:53.103,22.6613611,114.5003537,-0.6,0.0,0.02,164.8,37.6,19.2,0.0,6174.50,10.0,2.0,2.5,NR5G-SA,n79,-103,-103,-11,14,-999,6.0
2026-05-28 14:40:45.177,2026-05-28 14:46:53.303,22.6613611,114.5003537,-0.6,0.0,0.02,164.8,35.4,19.2,0.0,6174.50,10.0,2.0,2.5,NR5G-SA,n79,-103,-103,-11,14,-999,5.2
2026-05-28 14:40:45.378,2026-05-28 14:46:53.303,22.6613611,114.5003536,-0.6,0.0,0.02,164.8,35.4,19.2,0.0,6174.51,10.0,2.0,2.5,NR5G-SA,n79,-103,-103,-11,14,-999,11.8
2026-05-28 14:40:45.578,2026-05-28 14:46:53.503,22.6613611,114.5003536,-0.6,0.0,0.02,164.8,35.4,19.2,0.0,6174.51,10.0,2.0,2.5,NR5G-SA,n79,-103,-103,-11,14,-999,12.1
2026-05-28 14:40:45.778,2026-05-28 14:46:53.903,22.6613611,114.5003535,-0.6,0.0,0.02,164.8,35.4,19.2,0.0,6174.52,10.0,2.0,2.5,NR5G-SA,n79,-103,-103,-11,14,-999,8.9
2026-05-28 14:40:45.979,2026-05-28 14:46:54.103,22.6613611,114.5003534,-0.6,0.0,0.02,164.8,35.4,18.4,0.0,6174.53,10.0,2.0,2.5,NR5G-SA,n79,-102,-102,-11,15,-999,5.9
2026-05-28 14:40:46.179,2026-05-28 14:46:54.303,22.6613611,114.5003534,-0.6,0.0,0.02,164.8,27.0,18.4,0.0,6174.53,10.0,2.0,2.5,NR5G-SA,n79,-102,-102,-11,15,-999,8.0
2026-05-28 14:40:46.379,2026-05-28 14:46:54.303,22.6613611,114.5003534,-0.6,0.0,0.02,164.8,27.0,18.4,0.0,6174.53,10.0,2.0,2.5,NR5G-SA,n79,-102,-102,-11,15,-999,8.9
2026-05-28 14:40:46.580,2026-05-28 14:46:54.503,22.6613611,114.5003534,-0.6,0.0,0.02,164.8,27.0,18.4,0.0,6174.53,10.0,2.0,2.5,NR5G-SA,n79,-101,-101,-11,16,-999,12.7
2026-05-28 14:40:46.780,2026-05-28 14:46:54.903,22.6613611,114.5003534,-0.6,0.0,0.02,164.8,27.0,18.4,0.0,6174.53,10.0,2.0,2.5,NR5G-SA,n79,-101,-101,-11,16,-999,9.0
